# CC0 source: https://opengameart.org/content/fps-arms-rigged-only
# Blender evaluated geometry, world transforms and pose baked. Z-up, centered XYZ; OBJ UV convention.
mtllib fps_arms.mtl
v 0.138034344 -0.272614121 0.041029602
v 0.142421886 -0.272248089 0.027417675
v 0.128396988 -0.265597105 0.020359088
v 0.123778664 -0.267333806 0.033906005
v 0.147707582 -0.27052319 0.012525268
v 0.136008903 -0.26333499 0.006406762
v 0.115759619 -0.263907313 0.013554633
v 0.111211233 -0.264384925 0.026746657
v 0.124183826 -0.259753108 0.000713266
v 0.088021293 -0.271656632 0.011053003
v 0.094407685 -0.267798424 -0.000768878
v 0.083878383 -0.278771281 -0.007347643
v 0.079618976 -0.279559255 0.004084237
v 0.100597344 -0.26556474 -0.011572108
v 0.091026828 -0.277357638 -0.020469278
v 0.08372879 -0.298902094 -0.033404738
v 0.077418998 -0.301885307 -0.022938266
v 0.079290494 -0.325791955 -0.031358249
v 0.076409519 -0.328425407 -0.025566459
v 0.074467286 -0.305121243 -0.016622387
v 0.151081234 -0.284115672 0.048234012
v 0.155673593 -0.284832001 0.033760738
v 0.160546362 -0.283366382 0.01678998
v 0.140468627 -0.38062036 0.031032421
v 0.133863553 -0.390250742 0.050048336
v 0.120511472 -0.399403334 0.039388657
v 0.128931731 -0.388363719 0.021264661
v 0.087672874 -0.387897968 -0.006947935
v 0.07916861 -0.360897779 -0.018274158
v 0.083625607 -0.355050504 -0.025920339
v 0.091426224 -0.383312941 -0.017398536
v 0.076267906 -0.346349955 -0.025048867
v 0.081361048 -0.342397332 -0.032067373
v 0.164367974 -0.302283704 0.039604325
v 0.160221905 -0.302673042 0.055093314
v 0.162484735 -0.326405942 0.059864242
v 0.168058544 -0.324848354 0.043279208
v 0.159594536 -0.351404667 0.062086936
v 0.164764464 -0.347264707 0.043476023
v 0.14788264 -0.373375952 0.05767291
v 0.152849823 -0.367043197 0.038822483
v 0.16345045 -0.360857666 0.017244704
v 0.153313577 -0.373476982 0.008996986
v 0.140963852 -0.381832302 -0.000102296
v 0.087386347 -0.351661265 -0.042939305
v 0.09667851 -0.37828511 -0.032994196
v 0.085239239 -0.339992464 -0.039516889
v 0.168296695 -0.301540434 0.020644657
v 0.17102775 -0.322612941 0.022248566
v 0.083312914 -0.322326005 -0.041167483
v 0.170069069 -0.342534304 0.021339372
v 0.109734192 -0.402133942 0.026299536
v 0.117059246 -0.391910911 0.010128528
v 0.126921237 -0.386407495 -0.0102439
v 0.096496247 -0.332413197 -0.057679072
v 0.09792351 -0.345421612 -0.060699791
v 0.17845875 -0.298846662 0.000678048
v 0.181867689 -0.319759846 0.000506081
v 0.157095492 -0.267045975 -0.005219184
v 0.146327719 -0.2588799 -0.009335443
v 0.092493445 -0.313980877 -0.057064131
v 0.140307799 -0.38133502 -0.034152642
v 0.155409202 -0.376437068 -0.024438567
v 0.182182252 -0.337606251 -0.001881622
v 0.135559052 -0.25369817 -0.01429306
v 0.178632557 -0.35384053 -0.00661996
v 0.168647677 -0.281208634 -0.002245247
v 0.17017512 -0.36764425 -0.014701732
v 0.111132033 -0.260914445 -0.02719605
v 0.100966528 -0.272776663 -0.036703013
v 0.105230071 -0.367964029 -0.054489404
v 0.093365461 -0.294604182 -0.049469635
v 0.109435126 -0.323540151 -0.075048566
v 0.109966375 -0.337279081 -0.078111276
v 0.193516344 -0.291907012 -0.019724675
v 0.196239233 -0.312282205 -0.022231966
v 0.160153896 -0.252099514 -0.026776165
v 0.148824215 -0.247594729 -0.032175496
v 0.105671927 -0.308413804 -0.072690681
v 0.195421457 -0.330554843 -0.025451303
v 0.107739955 -0.290365696 -0.065981627
v 0.191704363 -0.345803261 -0.029903278
v 0.182818234 -0.274035454 -0.021093905
v 0.1835365 -0.36073029 -0.037255533
v 0.125574693 -0.25505662 -0.045477107
v 0.114235677 -0.267917216 -0.054506049
v 0.15323545 -0.37204653 -0.059920281
v 0.16852127 -0.366666794 -0.047986522
v 0.11966259 -0.357310236 -0.077238515
v 0.171603769 -0.261241555 -0.023350045
v 0.12054491 -0.300853908 -0.091254547
v 0.124082878 -0.314969063 -0.092883557
v 0.209298462 -0.303939044 -0.042274445
v 0.207158029 -0.322566748 -0.047034726
v 0.123764142 -0.283242285 -0.084529608
v 0.202542126 -0.337576628 -0.052564934
v 0.198490888 -0.267117798 -0.039149329
v 0.207156867 -0.283907056 -0.03885977
v 0.191994518 -0.348196983 -0.061228558
v 0.14018923 -0.248478219 -0.066365331
v 0.130532607 -0.262810528 -0.075388446
v 0.165882677 -0.358725607 -0.079799414
v 0.179973811 -0.355665684 -0.070559725
v 0.125753313 -0.330126345 -0.096830919
v 0.136037931 -0.346340179 -0.095889062
v 0.187534571 -0.25575453 -0.041792244
v 0.175962597 -0.247109994 -0.046043813
v 0.164161414 -0.242300645 -0.052053347
v 0.142037749 -0.278729081 -0.105060592
v 0.138047859 -0.295026422 -0.110568151
v 0.218486398 -0.313566506 -0.065071866
v 0.21351108 -0.329985857 -0.072236136
v 0.21119988 -0.263487101 -0.05491738
v 0.218677074 -0.276878774 -0.054566354
v 0.203523904 -0.339659691 -0.081378773
v 0.156905949 -0.244429305 -0.089254335
v 0.147484288 -0.258150816 -0.096902966
v 0.179178864 -0.350133777 -0.098138154
v 0.192160994 -0.348340034 -0.090564996
v 0.142996222 -0.322751343 -0.111571684
v 0.15244475 -0.335582435 -0.109874681
v 0.201005727 -0.2544806 -0.058703795
v 0.19209376 -0.246696755 -0.064489141
v 0.138933346 -0.30846113 -0.109828249
v 0.220879883 -0.295136869 -0.059305161
v 0.180766881 -0.241085336 -0.072076991
v 0.131060258 0.065438643 0.018696479
v 0.132395595 0.0639617 0.01669021
v 0.128778324 0.06050618 0.015837528
v 0.127779111 0.062436715 0.017540269
v 0.126809344 0.049268052 0.027191404
v 0.127244815 0.048346862 0.024871975
v 0.130125269 0.046772346 0.028321367
v 0.129535973 0.048156604 0.03022328
v 0.124801077 0.056588069 0.01953502
v 0.125370562 0.055114076 0.017465092
v 0.125378311 0.050957397 0.021220356
v 0.124281175 0.051623091 0.023784738
v 0.130680576 0.046618029 0.007223181
v 0.131573617 0.044393197 0.004832245
v 0.132488996 0.039180622 0.007786781
v 0.131411582 0.041116938 0.010295585
v 0.136744112 0.054480717 0.004617073
v 0.137374416 0.052376255 0.002596408
v 0.13379775 0.049246058 0.002963975
v 0.132855982 0.051454887 0.005562186
v 0.13344498 0.038098529 0.013218172
v 0.135587424 0.034257784 0.010919221
v 0.138204068 0.032995954 0.015497856
v 0.136226684 0.036362454 0.015716366
v 0.122513428 0.077687696 0.031335812
v 0.126641914 0.072405621 0.026355747
v 0.12281137 0.068392262 0.025775746
v 0.119315282 0.073935702 0.030338556
v 0.116244964 0.063372001 0.040289264
v 0.120606907 0.058598801 0.036213472
v 0.123433091 0.057686791 0.039621834
v 0.118083872 0.06313087 0.043999389
v 0.116558015 0.069558665 0.031681828
v 0.120025329 0.064272776 0.027324826
v 0.119387798 0.060609296 0.031781033
v 0.115581498 0.065858051 0.035546474
v 0.137070715 0.070065185 0.027000457
v 0.134628266 0.070855245 0.024938755
v 0.130979404 0.075138554 0.029905062
v 0.133425891 0.074628487 0.032893255
v 0.126094043 0.053923354 0.015683658
v 0.127061829 0.04953976 0.018925816
v 0.141259059 0.064125404 0.019444183
v 0.13855736 0.064752862 0.016971119
v 0.137963623 0.066074535 0.018815689
v 0.140420809 0.06561254 0.021182448
v 0.148633063 0.054256633 0.008390002
v 0.145259872 0.05654417 0.006764822
v 0.143735632 0.058574572 0.00940457
v 0.147005185 0.056883678 0.011335902
v 0.137293547 0.042050555 0.022184446
v 0.133183688 0.041393474 0.020170622
v 0.135296553 0.038322791 0.017025903
v 0.138891965 0.038452014 0.018388681
v 0.121096693 0.0650893 0.046444993
v 0.126606882 0.05856131 0.041795354
v 0.140179396 0.035962626 0.016741566
v 0.142016292 0.031602308 0.016680129
v 0.134053603 0.049397454 0.032432467
v 0.135037288 0.047512904 0.030547384
v 0.134628266 0.070855245 0.024938755
v 0.132085413 0.070494965 0.023718458
v 0.12890853 0.074158773 0.027927641
v 0.130979404 0.075138554 0.029905062
v 0.145259872 0.05654417 0.006764822
v 0.141172782 0.056375071 0.00545793
v 0.140050218 0.058406517 0.008067444
v 0.143735632 0.058574572 0.00940457
v 0.138210788 0.060755208 0.011355139
v 0.141316593 0.061074212 0.012692936
v 0.133038223 0.06257309 0.01499863
v 0.129470333 0.059328064 0.014273219
v 0.12836358 0.047003344 0.021797899
v 0.131158769 0.044684634 0.025160413
v 0.110591978 0.068680301 0.043259338
v 0.107741922 0.070857957 0.044181209
v 0.10911788 0.071772501 0.039125208
v 0.110939637 0.070057973 0.038263325
v 0.112325564 0.072799638 0.034560088
v 0.110951081 0.074221715 0.03543549
v 0.113088503 0.078596875 0.034022003
v 0.114850506 0.077640936 0.033396535
v 0.106358379 0.091724738 0.044763997
v 0.113690898 0.088532731 0.042806201
v 0.115013734 0.087410048 0.040632013
v 0.109157547 0.089663401 0.041183714
v 0.11809358 0.082655951 0.035279851
v 0.115234554 0.0838622 0.036051422
v 0.115484178 0.086202934 0.03866978
v 0.118658394 0.084517285 0.037489206
v 0.112324521 0.084336892 0.036223583
v 0.109483421 0.084878728 0.036657266
v 0.106259152 0.088830695 0.039435536
v 0.110879034 0.087700501 0.039038613
v 0.100541681 0.090621457 0.041832786
v 0.1023013 0.091411158 0.042285688
v 0.104524076 0.088410601 0.039660409
v 0.101513132 0.077711418 0.050526574
v 0.096916005 0.079560235 0.048223548
v 0.100209847 0.076838091 0.046476703
v 0.10339354 0.074660704 0.048106343
v 0.098736227 0.09125562 0.043269783
v 0.100379169 0.091902897 0.044062287
v 0.1023013 0.091411158 0.042285688
v 0.100541681 0.090621457 0.041832786
v 0.104985133 0.073191687 0.043887764
v 0.103632629 0.07504414 0.043722205
v 0.10655874 0.074672893 0.039884999
v 0.107499301 0.073455796 0.039414171
v 0.095032677 0.084583625 0.047771506
v 0.095138252 0.084534153 0.049064022
v 0.096216664 0.088978574 0.04769779
v 0.095619768 0.087896094 0.046335466
v 0.109545216 0.075682953 0.036036901
v 0.108232588 0.077165768 0.037055448
v 0.109538212 0.080799118 0.035953168
v 0.111164749 0.079600915 0.034920197
v 0.105988353 0.076005861 0.040975243
v 0.107676402 0.078151688 0.037969641
v 0.10863632 0.081886545 0.037216239
v 0.135984406 0.057494357 0.037008885
v 0.138987646 0.062449798 0.035120085
v 0.134953916 0.067782119 0.040191606
v 0.131679103 0.063096181 0.04286943
v 0.142058626 0.050636455 0.0283047
v 0.143884361 0.055529937 0.026996285
v 0.142135113 0.057567105 0.028918747
v 0.139856786 0.052557811 0.030643802
v 0.147268355 0.039259121 0.015306331
v 0.150183439 0.044418052 0.014635377
v 0.149294466 0.047414526 0.017495729
v 0.146345228 0.042905048 0.018779043
v 0.099582806 0.084453449 0.052302223
v 0.101493403 0.090338215 0.050820261
v 0.103093758 0.07675992 0.043850377
v 0.09602803 0.08063592 0.047439724
v 0.099444374 0.07837157 0.045807794
v 0.109157547 0.089663401 0.041183714
v 0.10756582 0.085131094 0.038080934
v 0.106016204 0.083122477 0.053588539
v 0.112918124 0.079330876 0.05221973
v 0.114872158 0.083681479 0.050258785
v 0.107494056 0.088453636 0.051598936
v 0.115013734 0.087410048 0.040632013
v 0.118465886 0.085836932 0.039560467
v 0.11795415 0.086461112 0.042166002
v 0.118465886 0.085836932 0.039560467
v 0.107008681 0.075226113 0.051026113
v 0.107124984 0.072064564 0.048301749
v 0.112503275 0.066975608 0.042980388
v 0.112367138 0.068909958 0.037856203
v 0.113537058 0.071888015 0.034237485
v 0.116250798 0.076608405 0.033043627
v 0.119188443 0.075443819 0.050593667
v 0.121945843 0.073224798 0.049015384
v 0.123997197 0.077380851 0.046948772
v 0.121206492 0.079299197 0.04849115
v 0.129414856 0.048451915 0.009285428
v 0.130402774 0.043125853 0.012015633
v 0.128983989 0.046893969 0.015209965
v 0.127954409 0.051105276 0.011955477
v 0.141316593 0.061074212 0.012692936
v 0.144385085 0.060334489 0.015156299
v 0.135768741 0.045131847 0.027501896
v 0.135825649 0.063850448 0.015822746
v 0.13855736 0.064752862 0.016971119
v 0.136120483 0.056866184 0.007392459
v 0.132174596 0.053824231 0.007745385
v 0.131505057 0.056198224 0.010407999
v 0.135120526 0.059011713 0.010454565
v 0.131907314 0.040560409 0.013967134
v 0.130463749 0.044072852 0.017437294
v 0.147038117 0.051929697 0.021886233
v 0.143951923 0.046524152 0.02363842
v 0.121758632 0.060803965 0.023675494
v 0.12378376 0.05824624 0.021545604
v 0.123363949 0.05335544 0.025774769
v 0.122113325 0.055974588 0.028013065
v 0.115558833 0.069682106 0.049697407
v 0.111590236 0.072465524 0.05069986
v 0.110650286 0.070033446 0.048131377
v 0.113977179 0.067671761 0.047123246
v 0.124326833 0.053231463 0.031533793
v 0.125759691 0.050962165 0.029489309
v 0.128381908 0.049859032 0.032212451
v 0.126821265 0.052219108 0.034429912
v 0.122784123 0.083312318 0.040967852
v 0.124949828 0.081744686 0.039602857
v 0.124276578 0.081898317 0.037234168
v 0.122220337 0.083432063 0.038522176
v 0.125244245 0.080772534 0.036210448
v 0.123997301 0.080196962 0.034420565
v 0.123179764 0.081274733 0.035555582
v 0.124276578 0.081898317 0.037234168
v 0.139594004 0.067009881 0.023011476
v 0.137255728 0.067658529 0.021122366
v 0.13606526 0.069086269 0.02268973
v 0.138333768 0.068562254 0.024714381
v 0.138680205 0.054028466 0.032263618
v 0.141451642 0.059163228 0.03064454
v 0.140215814 0.060861692 0.033176236
v 0.137483537 0.055853561 0.034743529
v 0.124656759 0.06557174 0.022055894
v 0.126509711 0.06367065 0.019653231
v 0.128766984 0.069135502 0.022480968
v 0.130231425 0.066966191 0.020159438
v 0.131176889 0.053517386 0.036835626
v 0.133118734 0.05135034 0.034502223
v 0.137255728 0.067658529 0.021122366
v 0.134150997 0.066756949 0.019722227
v 0.133300632 0.068288073 0.021247298
v 0.13606526 0.069086269 0.02268973
v 0.120592892 0.081115022 0.034631852
v 0.121741995 0.082568988 0.036476973
v 0.123750418 0.071477041 0.047627501
v 0.125892773 0.0755869 0.045529656
v 0.126263961 0.080564544 0.038282827
v 0.125244245 0.080772534 0.036210448
v 0.122220337 0.083432063 0.038522176
v 0.137963623 0.066074535 0.018815689
v 0.135133877 0.065199688 0.017722324
v 0.122227892 0.079132363 0.03275767
v 0.118306175 0.075180516 0.031607252
v 0.115205608 0.064583078 0.04155279
v 0.116947092 0.064586446 0.045440868
v 0.115433156 0.070768103 0.033029273
v 0.114427969 0.067220673 0.036633831
v 0.11982397 0.066428229 0.047584966
v 0.124853984 0.078941956 0.032963946
v 0.126239941 0.079637006 0.034800392
v 0.127710521 0.073991999 0.044299796
v 0.12573041 0.069976464 0.046581939
v 0.126239941 0.079637006 0.034800392
v 0.127661005 0.079416022 0.036810521
v 0.121604696 0.080302879 0.033870034
v 0.117423281 0.075900063 0.032252841
v 0.11414998 0.065655217 0.042427402
v 0.115779132 0.06612061 0.046381146
v 0.114615023 0.071247205 0.033588272
v 0.113440916 0.067899421 0.037103251
v 0.118261442 0.067916587 0.048533779
v 0.139078513 0.067612991 0.031383425
v 0.13527666 0.071747884 0.036902957
v 0.143747851 0.061164334 0.023118407
v 0.142224118 0.06261386 0.024747472
v 0.150894135 0.049940497 0.01158157
v 0.149416432 0.053267941 0.014605194
v 0.110734746 0.089688525 0.047663361
v 0.103912339 0.092215613 0.047409397
v 0.098411217 0.091314271 0.045552593
v 0.097508326 0.090673313 0.044263702
v 0.116722673 0.085953489 0.047009617
v 0.146659896 0.057688609 0.018240623
v 0.12485899 0.080117568 0.04386688
v 0.122007579 0.081908569 0.045957096
v 0.141326889 0.064200059 0.026666194
v 0.140477121 0.065778956 0.028960899
v 0.126832455 0.078602299 0.042224795
v 0.128820404 0.077164635 0.040962558
v 0.14037177 0.04340826 0.023207597
v 0.138747111 0.047452077 0.027999502
v 0.144074365 0.036760107 0.016744263
v 0.142794818 0.039825663 0.018711668
v 0.122147262 0.06898351 0.048264891
v 0.120403469 0.070455834 0.049233776
v 0.095308006 0.082259223 0.04930244
v 0.100117579 0.080425188 0.051997811
v 0.137564197 0.049596563 0.030801252
v 0.136625096 0.051586822 0.032615952
v 0.12952739 0.060185954 0.042777494
v 0.123683847 0.067376897 0.047270544
v 0.106646717 0.078528538 0.052669674
v 0.112354174 0.076250538 0.052187018
v 0.133502692 0.055327877 0.036948565
v 0.13524507 0.053259119 0.03487473
v 0.095445856 0.082172439 0.048193268
v 0.11792706 0.072336331 0.050724179
v 0.095418498 0.084065661 0.046693377
v 0.095032677 0.084583625 0.047771506
v 0.095619768 0.087896094 0.046335466
v 0.095791996 0.0873041 0.045157485
v 0.106260285 0.076899096 0.041440349
v 0.108262584 0.07873331 0.038812593
v 0.097508326 0.090673313 0.044263702
v 0.097838297 0.089423224 0.043835502
v 0.103365079 0.077373222 0.044170529
v 0.100140944 0.089705631 0.042389348
v 0.103933424 0.087949648 0.040755611
v 0.096734658 0.081776842 0.047100022
v 0.099660099 0.079665229 0.045926385
v 0.095445856 0.082172439 0.048193268
v 0.095833108 0.082619265 0.047147136
v 0.107212245 0.085143194 0.038710028
v 0.098666131 0.089825526 0.042981297
v 0.098736227 0.09125562 0.043269783
v 0.108296961 0.081833795 0.038273197
v 0.096912235 0.086445555 0.044728234
v 0.097462833 0.085716292 0.043693691
v 0.100292578 0.083499804 0.042121224
v 0.102703795 0.081837103 0.040824037
v 0.107877471 0.027275726 0.030065589
v 0.110230736 0.027775571 0.028985362
v 0.109228142 0.025682077 0.026372913
v 0.107411787 0.025203869 0.027749732
v 0.108528137 0.010620251 0.027692441
v 0.109906197 0.010230169 0.027058605
v 0.111149833 0.007590726 0.031446796
v 0.109527275 0.007768378 0.031965833
v 0.107159704 0.020013794 0.024760514
v 0.108509988 0.019899175 0.023897484
v 0.108978078 0.014158532 0.024756484
v 0.107347563 0.014279142 0.025876407
v 0.121513918 0.016930863 0.008268692
v 0.12342 0.016666129 0.007799029
v 0.123530939 0.009566501 0.00760746
v 0.120620042 0.011381492 0.009589747
v 0.128508061 0.026917234 0.015961654
v 0.135474205 0.027129695 0.012103371
v 0.127813697 0.022785321 0.00948973
v 0.124613978 0.023040369 0.012220934
v 0.123443633 0.007941231 0.014725216
v 0.129586071 0.005761161 0.011800937
v 0.129637644 0.005547151 0.016598083
v 0.125726461 0.005583212 0.01774314
v 0.084103748 0.025173441 0.032253508
v 0.091046065 0.026307061 0.033443168
v 0.091448575 0.023973569 0.030636791
v 0.084502533 0.023649737 0.030618194
v 0.086685345 0.009974703 0.03209148
v 0.093349457 0.010025427 0.032108121
v 0.093079209 0.007923111 0.035356145
v 0.086133882 0.008077607 0.034849696
v 0.086633176 0.018389568 0.028299958
v 0.093244866 0.018955991 0.027905516
v 0.09359172 0.013897166 0.028928429
v 0.086974591 0.013132289 0.029582981
v 0.098392658 0.026654258 0.041099697
v 0.098302253 0.028058901 0.037475735
v 0.090162277 0.027612433 0.039222151
v 0.089643329 0.025598928 0.042457059
v 0.109560922 0.019721404 0.022197634
v 0.10968259 0.01388751 0.023221403
v 0.116797067 0.026755914 0.035821442
v 0.115154959 0.028943047 0.032550961
v 0.11278034 0.028895274 0.034463458
v 0.113731302 0.026575789 0.037585597
v 0.137929171 0.023208544 0.023527101
v 0.134697586 0.026503727 0.021265987
v 0.129489571 0.026709244 0.024342898
v 0.131611064 0.023871318 0.026728086
v 0.122264341 0.005840734 0.028458312
v 0.119803309 0.006669924 0.024348598
v 0.121315762 0.006024554 0.021122247
v 0.124667645 0.005392477 0.024915986
v 0.085061952 0.007529959 0.038993124
v 0.092279598 0.007580385 0.040345673
v 0.129571885 0.004933104 0.021587592
v 0.132317856 0.003825411 0.019959837
v 0.110569432 0.007084623 0.03596168
v 0.112468407 0.007059023 0.035122067
v 0.098302253 0.028058901 0.037475735
v 0.098081239 0.027779892 0.034698442
v 0.090921327 0.027542755 0.036090665
v 0.090162277 0.027612433 0.039222151
v 0.134697586 0.026503727 0.021265987
v 0.13185589 0.028217122 0.019121818
v 0.126274943 0.028167024 0.021581322
v 0.129489571 0.026709244 0.024342898
v 0.122695006 0.028588757 0.024846867
v 0.124917068 0.027984098 0.02806614
v 0.112024598 0.027521983 0.027299337
v 0.110901244 0.025453553 0.025162175
v 0.11068292 0.010027334 0.026076846
v 0.11229822 0.007406667 0.029732615
v 0.082455471 0.009307072 0.029071812
v 0.080298215 0.008847728 0.026291471
v 0.081434518 0.012121573 0.025662664
v 0.083824992 0.012758598 0.027325064
v 0.083481625 0.017324343 0.026536517
v 0.08121343 0.016675279 0.025256161
v 0.079038307 0.020782337 0.025448661
v 0.08103779 0.021505728 0.027273707
v 0.063146472 0.019312784 0.02046743
v 0.065388635 0.01998727 0.026583344
v 0.070085257 0.022195444 0.026061874
v 0.066663578 0.021014556 0.021035247
v 0.07890074 0.023155317 0.02829662
v 0.076727942 0.022486433 0.0258081
v 0.073761865 0.022882119 0.026028112
v 0.076065391 0.023704603 0.029154211
v 0.075168401 0.021945074 0.023923688
v 0.073575094 0.021124437 0.022440962
v 0.070227355 0.020707354 0.020056918
v 0.07142961 0.022037253 0.023190264
v 0.067619443 0.018760875 0.016626604
v 0.067057446 0.019469306 0.017447621
v 0.070106104 0.020070925 0.019516233
v 0.071964294 0.005554333 0.022477727
v 0.070466638 0.006154492 0.018381838
v 0.07477811 0.00794293 0.021387532
v 0.076257825 0.007045761 0.023708731
v 0.065594748 0.0173897 0.014891721
v 0.06444189 0.017549112 0.015353255
v 0.067057446 0.019469306 0.017447621
v 0.067619443 0.018760875 0.016626604
v 0.07886219 0.008940741 0.024479251
v 0.077359557 0.00933139 0.02318421
v 0.079210728 0.01203464 0.023857072
v 0.080601573 0.012118801 0.02467294
v 0.06717065 0.008589253 0.014876038
v 0.065600365 0.007474765 0.015566066
v 0.063820049 0.010993496 0.014327578
v 0.065577537 0.01152207 0.013829619
v 0.080593556 0.016483501 0.024440102
v 0.079142421 0.016134128 0.023966938
v 0.076684862 0.019615576 0.023433357
v 0.078226537 0.020230427 0.024389368
v 0.077731684 0.012485757 0.023662046
v 0.077627152 0.015767589 0.023735002
v 0.075335622 0.018843338 0.023286968
v 0.099335074 0.012737796 0.044117123
v 0.098825336 0.018192425 0.044865087
v 0.09049964 0.017620131 0.045310929
v 0.091192007 0.012887999 0.044724233
v 0.117809579 0.01263763 0.039156109
v 0.118840247 0.0181012 0.039763838
v 0.115376756 0.018443629 0.041409355
v 0.114688799 0.012777373 0.040635351
v 0.136704355 0.007751778 0.02512062
v 0.139915824 0.013466582 0.026290826
v 0.132699281 0.015314922 0.030032091
v 0.130786747 0.010346875 0.029097393
v 0.063366532 0.006424442 0.020443492
v 0.060632259 0.010763839 0.019630197
v 0.076691717 0.010189936 0.022701602
v 0.070438221 0.007523045 0.01723624
v 0.073899314 0.00842835 0.020152811
v 0.066663578 0.021014556 0.021035247
v 0.072806433 0.020157263 0.021997217
v 0.065816522 0.007629678 0.028105121
v 0.070651323 0.009384677 0.034230571
v 0.068223715 0.013489589 0.034353357
v 0.062511399 0.011781767 0.027686268
v 0.070085257 0.022195444 0.026061874
v 0.073640376 0.023480073 0.030285411
v 0.070755646 0.02186583 0.031903606
v 0.073640376 0.023480073 0.030285411
v 0.073217273 0.005764827 0.02707687
v 0.07791321 0.00684844 0.026666075
v 0.083678603 0.009578273 0.031151965
v 0.084533617 0.012987122 0.029063657
v 0.083768487 0.017734542 0.027757507
v 0.081516474 0.022149071 0.02889958
v 0.074491575 0.010677114 0.039482981
v 0.077155083 0.011416867 0.041469246
v 0.075638741 0.015753731 0.041968592
v 0.072710007 0.014986113 0.039763026
v 0.117772847 0.018220857 0.012368686
v 0.117485166 0.012202606 0.012973502
v 0.115703896 0.013448104 0.017161801
v 0.115672678 0.019418076 0.016613938
v 0.124917068 0.027984098 0.02806614
v 0.126542687 0.025989369 0.030693844
v 0.1140894 0.007001743 0.03362203
v 0.113732539 0.028895453 0.030005317
v 0.115154959 0.028943047 0.032550961
v 0.123055138 0.026876256 0.018693954
v 0.120178066 0.023237213 0.014966346
v 0.117953278 0.02457045 0.019410685
v 0.120387055 0.027375922 0.021825414
v 0.119001478 0.008457169 0.016466029
v 0.117275879 0.008910283 0.020095259
v 0.128091335 0.017174855 0.034313254
v 0.126431853 0.011132434 0.033248428
v 0.098871201 0.019037053 0.025839955
v 0.102545187 0.019544408 0.0261354
v 0.103390485 0.014593855 0.026858956
v 0.099340603 0.014131293 0.026588015
v 0.079305291 0.00723584 0.0362207
v 0.076781005 0.006732568 0.032516532
v 0.080657691 0.00730072 0.030733734
v 0.082305118 0.007752642 0.033276513
v 0.099983051 0.010225877 0.029852301
v 0.10442774 0.010715947 0.029480509
v 0.105793267 0.008207664 0.032587294
v 0.100319356 0.008051381 0.032975867
v 0.074024245 0.023223028 0.036165338
v 0.076237872 0.023871049 0.038222652
v 0.078028888 0.025352314 0.035480123
v 0.076432467 0.024824843 0.033462003
v 0.080113739 0.025872335 0.036967281
v 0.081276208 0.025842384 0.034776643
v 0.079284877 0.02528818 0.033482317
v 0.078028888 0.025352314 0.035480123
v 0.1104194 0.027084276 0.038904339
v 0.109823637 0.029027089 0.035525471
v 0.105018787 0.028903261 0.036250025
v 0.106300987 0.027213827 0.040103775
v 0.11168763 0.013205901 0.042460449
v 0.111664742 0.018684849 0.043377452
v 0.107816964 0.018846497 0.044387154
v 0.10754852 0.013075784 0.043836217
v 0.098507375 0.023995593 0.028746992
v 0.102906421 0.024111256 0.028682332
v 0.098336585 0.026292488 0.031646922
v 0.103272252 0.026706293 0.031281453
v 0.099862456 0.007702366 0.038624436
v 0.106518194 0.007257476 0.036808446
v 0.109823637 0.029027089 0.035525471
v 0.108764254 0.028931662 0.032794647
v 0.104360677 0.028398916 0.033668857
v 0.105018787 0.028903261 0.036250025
v 0.079729274 0.023773476 0.030219845
v 0.077960297 0.024669841 0.031892065
v 0.080210969 0.012038991 0.042599447
v 0.079171687 0.016497001 0.043213613
v 0.079434872 0.024506345 0.039583161
v 0.080113739 0.025872335 0.036967281
v 0.076432467 0.024824843 0.033462003
v 0.11278034 0.028895274 0.034463458
v 0.111525513 0.029054776 0.031849604
v 0.08210285 0.024917975 0.03249374
v 0.082912326 0.02356039 0.030866295
v 0.08533898 0.009952888 0.03259683
v 0.08457008 0.00814639 0.035020024
v 0.085624576 0.018187478 0.028764397
v 0.086057067 0.012986735 0.030092958
v 0.082888395 0.007671222 0.038751557
v 0.083376378 0.026355907 0.035141423
v 0.082542181 0.026299283 0.037402205
v 0.082845613 0.0168062 0.04332681
v 0.083462432 0.012339875 0.042846732
v 0.082542181 0.026299283 0.037402205
v 0.082393959 0.024946228 0.040084891
v 0.081094056 0.024257764 0.031435542
v 0.081878394 0.022849008 0.030066065
v 0.084579438 0.009757891 0.032160286
v 0.083364516 0.008096948 0.034507662
v 0.084751174 0.018068567 0.028648049
v 0.085142896 0.012873515 0.03006044
v 0.080950022 0.007396564 0.037906602
v 0.098592162 0.023311004 0.043643191
v 0.089804336 0.022173271 0.044507653
v 0.117809094 0.023847267 0.037944131
v 0.114427127 0.02373068 0.039586931
v 0.141182348 0.019094095 0.024701029
v 0.132403806 0.021168396 0.028468661
v 0.062884361 0.01678519 0.026998382
v 0.060698658 0.016303137 0.019620806
v 0.063724548 0.015473768 0.014669187
v 0.065155908 0.014893875 0.014097027
v 0.068420857 0.018568322 0.033559423
v 0.127605632 0.023119166 0.032763463
v 0.075346068 0.02066122 0.040640119
v 0.072380811 0.019852325 0.038461164
v 0.110806473 0.024294779 0.041458946
v 0.107258156 0.024036124 0.042823985
v 0.078753158 0.021250114 0.041933924
v 0.082505494 0.021893039 0.042227991
v 0.124237776 0.006792381 0.031564906
v 0.115973741 0.008622691 0.036568597
v 0.132963806 0.006000116 0.023426324
v 0.127366781 0.006584749 0.027383808
v 0.081596777 0.008941069 0.040803388
v 0.079062149 0.008565143 0.039758448
v 0.068089455 0.006108984 0.016979888
v 0.067101926 0.005012944 0.020595938
v 0.11353834 0.008925661 0.038374096
v 0.111045867 0.009121761 0.039726883
v 0.091389865 0.008714274 0.043188434
v 0.084231064 0.008944139 0.041123107
v 0.068448186 0.006062761 0.027339559
v 0.073830768 0.007185474 0.033460241
v 0.099622175 0.008510098 0.042025238
v 0.106853604 0.008857533 0.040793184
v 0.068504408 0.007812604 0.01583343
v 0.077007562 0.008034602 0.037928775
v 0.067349076 0.009388551 0.014986761
v 0.06717065 0.008589253 0.014876038
v 0.065577537 0.01152207 0.013829619
v 0.066690087 0.011844948 0.014059596
v 0.07728079 0.012602076 0.023828272
v 0.07683222 0.015621647 0.023644738
v 0.065155908 0.014893875 0.014097027
v 0.066085026 0.014149413 0.01442185
v 0.075943917 0.010505036 0.022388987
v 0.067253232 0.017404184 0.016345359
v 0.069945365 0.018661067 0.019153599
v 0.070071056 0.00823997 0.016960055
v 0.072957546 0.009292588 0.019649129
v 0.068504408 0.007812604 0.01583343
v 0.068298623 0.008619294 0.015742972
v 0.072697714 0.019569919 0.021753602
v 0.066373557 0.016407326 0.014953189
v 0.065594748 0.0173897 0.014891721
v 0.074926853 0.018412575 0.023300175
v 0.067675948 0.012215003 0.014784105
v 0.069016665 0.012925372 0.016015626
v 0.071881011 0.013933972 0.018839411
v 0.074359104 0.014720663 0.021205287
v 0.107406497 0.00062941 0.027179103
v 0.108368725 0.000459388 0.026101023
v 0.107131556 -0.002191618 0.023352437
v 0.105956867 -0.002566412 0.023897391
v 0.106148645 -0.015833095 0.024409682
v 0.107172564 -0.015498534 0.023657683
v 0.108219594 -0.01762028 0.025819831
v 0.106879666 -0.017963931 0.026802305
v 0.105257958 -0.008031383 0.022077493
v 0.106269717 -0.007551834 0.021368578
v 0.106473565 -0.012414709 0.022136882
v 0.105381683 -0.012670055 0.022930842
v 0.117662504 -0.006837562 0.009519458
v 0.120225981 -0.006610498 0.007310629
v 0.120063424 -0.012349412 0.006409407
v 0.117739007 -0.011454746 0.008717328
v 0.12238422 0.000571355 0.015855722
v 0.129120022 0.001297936 0.013344221
v 0.123362571 -0.000997767 0.010574535
v 0.119408771 -0.002144113 0.012601949
v 0.120145008 -0.0159439 0.010901123
v 0.124410659 -0.016555563 0.004618838
v 0.129557759 -0.019686773 0.013905771
v 0.123088166 -0.019015417 0.014787152
v 0.084217787 -0.003145024 0.028612379
v 0.09337835 -0.002374575 0.028119713
v 0.093558192 -0.004617915 0.025790457
v 0.084792882 -0.005095288 0.026613098
v 0.08587499 -0.016922221 0.026785951
v 0.094010785 -0.016141906 0.026110463
v 0.093827337 -0.01795803 0.028399948
v 0.085433483 -0.018676654 0.028525501
v 0.085799783 -0.010660753 0.024076037
v 0.094135329 -0.009452179 0.023219541
v 0.094051436 -0.013894543 0.024231963
v 0.086249903 -0.014750436 0.025441125
v 0.104037002 -0.001899973 0.036540512
v 0.103585631 7.5087e-05 0.033892971
v 0.092287466 -0.00127475 0.034670785
v 0.092126399 -0.003064886 0.037308458
v 0.107112005 -0.007222787 0.019978147
v 0.107394606 -0.011985913 0.020584945
v 0.114916533 -0.001026735 0.032564741
v 0.112998411 0.001131818 0.029679492
v 0.110868663 0.000969037 0.031627517
v 0.112245724 -0.001283005 0.034044508
v 0.128028825 -0.001560166 0.024683908
v 0.126522332 0.000639722 0.023209099
v 0.122558475 0.000780776 0.024112754
v 0.124625161 -0.001542822 0.026771478
v 0.118050888 -0.019017652 0.023107558
v 0.11564815 -0.01751633 0.019608289
v 0.118552238 -0.018102422 0.017018229
v 0.120544046 -0.019139633 0.020971399
v 0.084380105 -0.020196602 0.032149795
v 0.093144462 -0.019633546 0.032555774
v 0.125243977 -0.019166276 0.018680483
v 0.130063981 -0.020635948 0.018581372
v 0.10860543 -0.019538537 0.030707031
v 0.109928533 -0.019233719 0.029336791
v 0.103585631 7.5087e-05 0.033892971
v 0.103110105 0.000740156 0.030571274
v 0.092661574 -0.000911877 0.031051498
v 0.092287466 -0.00127475 0.034670785
v 0.126522332 0.000639722 0.023209099
v 0.124310687 0.001734689 0.0200295
v 0.120901018 0.001997307 0.020925574
v 0.122558475 0.000780776 0.024112754
v 0.117412895 0.002015755 0.022626787
v 0.119663671 0.001079217 0.025793865
v 0.109945536 0.000279352 0.024482232
v 0.108387068 -0.00222306 0.02226539
v 0.108769298 -0.014872208 0.022007566
v 0.109903738 -0.016987994 0.023919109
v 0.079155132 -0.017598823 0.02313228
v 0.07749632 -0.017504945 0.019639354
v 0.079435319 -0.01478304 0.019890312
v 0.080493122 -0.01517792 0.022511724
v 0.081100494 -0.010870799 0.022337392
v 0.080201954 -0.010805145 0.020401005
v 0.078289896 -0.006782189 0.021215063
v 0.07949698 -0.006533101 0.023651794
v 0.061347365 -0.007214829 0.015970759
v 0.064512521 -0.00658755 0.022419505
v 0.067454368 -0.004462734 0.021993831
v 0.064319879 -0.004871145 0.016546495
v 0.07712093 -0.003974363 0.025132805
v 0.075183183 -0.004415616 0.021606401
v 0.071499273 -0.003706113 0.021481756
v 0.074194238 -0.002825722 0.026665214
v 0.073007986 -0.005136743 0.018338159
v 0.071450785 -0.005573794 0.016377307
v 0.067460701 -0.005196676 0.013341099
v 0.068158984 -0.004495904 0.017325312
v 0.064095378 -0.007071391 0.009654574
v 0.063434675 -0.005979791 0.011318401
v 0.067185089 -0.005825475 0.012063079
v 0.068246156 -0.020419165 0.015127376
v 0.066779777 -0.01912041 0.010445982
v 0.070007011 -0.018675521 0.012976505
v 0.071921423 -0.019437 0.016100742
v 0.062322214 -0.008751974 0.008491948
v 0.061221674 -0.007936731 0.010570675
v 0.063434675 -0.005979791 0.011318401
v 0.064095378 -0.007071391 0.009654574
v 0.074720353 -0.017622575 0.016976506
v 0.073412389 -0.017334327 0.015440471
v 0.076382428 -0.014836058 0.017781027
v 0.077528507 -0.01509811 0.018465046
v 0.063512295 -0.01525946 0.007029869
v 0.062439799 -0.016356722 0.008767515
v 0.060837626 -0.013308182 0.009498887
v 0.06239751 -0.01283218 0.007496789
v 0.078606203 -0.010840073 0.019010596
v 0.077153236 -0.010985568 0.018118814
v 0.074970797 -0.007418767 0.018123008
v 0.076320916 -0.007125601 0.019250732
v 0.075303629 -0.014493838 0.017057613
v 0.075840741 -0.011023089 0.017759472
v 0.073749706 -0.007734314 0.017608933
v 0.106531501 -0.016356483 0.037508875
v 0.106369048 -0.011228964 0.039825778
v 0.093018889 -0.012044325 0.040388063
v 0.093395308 -0.017002866 0.038274437
v 0.116415262 -0.016370848 0.033506017
v 0.117611736 -0.011253253 0.035463482
v 0.114804432 -0.010902897 0.037039235
v 0.114150926 -0.016335204 0.034912352
v 0.129450724 -0.016443208 0.024304181
v 0.130935758 -0.010431871 0.026919752
v 0.127720192 -0.010776028 0.028725341
v 0.125682831 -0.01593782 0.026819997
v 0.061488029 -0.017845437 0.015013076
v 0.059862211 -0.013980821 0.015421301
v 0.073161289 -0.016864672 0.01435528
v 0.067232966 -0.017781273 0.009181932
v 0.069865301 -0.017904535 0.01113563
v 0.064319879 -0.004871145 0.016546495
v 0.07062003 -0.006259814 0.01550594
v 0.064356968 -0.018285081 0.02120648
v 0.06957452 -0.018309072 0.029258016
v 0.06788218 -0.014291868 0.030635219
v 0.062366456 -0.014334276 0.022452597
v 0.067454368 -0.004462734 0.021993831
v 0.071329385 -0.003342673 0.028143268
v 0.069267482 -0.00526084 0.029489949
v 0.071329385 -0.003342673 0.028143268
v 0.071110561 -0.0205874 0.019234709
v 0.074840993 -0.019521251 0.019151643
v 0.080779284 -0.017918304 0.025508694
v 0.081599399 -0.014922336 0.024143796
v 0.081979126 -0.010805026 0.023525387
v 0.080560163 -0.006157443 0.025352243
v 0.075592443 -0.018273607 0.033844382
v 0.078377724 -0.01765956 0.035744719
v 0.07781288 -0.013573781 0.037469152
v 0.073965028 -0.014154896 0.035545304
v 0.115577698 -0.006587163 0.011954978
v 0.115459472 -0.011672154 0.011499316
v 0.112988204 -0.011709616 0.015032507
v 0.113347337 -0.006841198 0.014847048
v 0.119663671 0.001079217 0.025793865
v 0.121874094 -0.001363739 0.028842717
v 0.111954451 -0.019028649 0.027532965
v 0.110995919 0.001549587 0.02671247
v 0.112998411 0.001131818 0.029679492
v 0.118928224 0.000885174 0.017381147
v 0.117333442 -0.001980647 0.014445335
v 0.114663512 -0.002165779 0.017346151
v 0.116104215 0.000510916 0.01962376
v 0.11706917 -0.015797481 0.013711385
v 0.114347175 -0.015689805 0.017529346
v 0.125013635 -0.010913387 0.031135038
v 0.122970253 -0.016062453 0.029194884
v 0.102700993 -0.00890623 0.022640925
v 0.104605749 -0.008468524 0.022448689
v 0.104708701 -0.01276134 0.023364715
v 0.102643296 -0.013052687 0.02350736
v 0.077735305 -0.020280853 0.030138545
v 0.074829653 -0.020470992 0.026146892
v 0.077349156 -0.019503251 0.024220806
v 0.079645485 -0.019349501 0.027228072
v 0.10282132 -0.015722498 0.025411896
v 0.104853556 -0.015691236 0.024888758
v 0.10546729 -0.017900869 0.027278334
v 0.103290826 -0.01798062 0.027782302
v 0.073370486 -0.004898414 0.033589128
v 0.076469988 -0.00463666 0.035742287
v 0.077043742 -0.002421096 0.033580404
v 0.074482799 -0.002867416 0.031728797
v 0.079626352 -0.00212802 0.034345105
v 0.080404639 -0.002131447 0.031159882
v 0.078326732 -0.002283111 0.030709129
v 0.077043742 -0.002421096 0.033580404
v 0.110153645 -0.001519218 0.034966521
v 0.109209493 0.000787362 0.03261476
v 0.106234044 0.000604287 0.033322386
v 0.106975958 -0.00161387 0.035969168
v 0.112085789 -0.016370282 0.035867602
v 0.11240229 -0.010696426 0.037961535
v 0.108823866 -0.011185363 0.039183956
v 0.109000713 -0.016432479 0.036786988
v 0.102849931 -0.00386776 0.024533466
v 0.10490863 -0.003330812 0.024129443
v 0.103077218 -0.000467971 0.027672961
v 0.105853081 0.000337467 0.027504425
v 0.10449937 -0.019599333 0.031585269
v 0.10652177 -0.019645527 0.031463772
v 0.109209493 0.000787362 0.03261476
v 0.107905239 0.001526579 0.029630523
v 0.105822355 0.00124155 0.030160002
v 0.106234044 0.000604287 0.033322386
v 0.078779727 -0.003749892 0.027115256
v 0.076561481 -0.002465382 0.029204372
v 0.080716401 -0.017282501 0.036925986
v 0.080218107 -0.013366088 0.038509898
v 0.079437286 -0.004153982 0.036663964
v 0.079626352 -0.00212802 0.034345105
v 0.074482799 -0.002867416 0.031728797
v 0.110868663 0.000969037 0.031627517
v 0.109228015 0.001556501 0.028608494
v 0.08166942 -0.003280506 0.028858811
v 0.08254464 -0.005246863 0.02693706
v 0.083347112 -0.017258838 0.027193025
v 0.082914084 -0.018893346 0.028993659
v 0.083618 -0.010394201 0.024783567
v 0.083440661 -0.014894411 0.025812343
v 0.081529468 -0.020066842 0.032333091
v 0.083568215 -0.001939192 0.031054549
v 0.083188891 -0.001660123 0.034312919
v 0.083890468 -0.013086423 0.03952885
v 0.084006429 -0.017359808 0.037691694
v 0.083188891 -0.001660123 0.034312919
v 0.083076715 -0.003315911 0.037127547
v 0.079827815 -0.003395125 0.028449968
v 0.081030443 -0.005636707 0.026209932
v 0.081575081 -0.0177259 0.026752524
v 0.080899924 -0.0192274 0.028556541
v 0.082188964 -0.010649577 0.024377018
v 0.082158059 -0.014904186 0.024996713
v 0.079477578 -0.020148054 0.031999927
v 0.105248094 -0.005574569 0.038856938
v 0.0925273 -0.007094577 0.039986044
v 0.116637468 -0.004960075 0.034801438
v 0.113713831 -0.004928872 0.036202483
v 0.129990503 -0.004436746 0.026894502
v 0.126630023 -0.004914537 0.028504521
v 0.062736347 -0.009786174 0.022954326
v 0.060036778 -0.009909824 0.015726522
v 0.060389966 -0.009848163 0.01000157
v 0.061864927 -0.010205969 0.007999614
v 0.067805022 -0.009415433 0.030757003
v 0.123996928 -0.005370215 0.030532748
v 0.077027246 -0.00845708 0.037348226
v 0.073311478 -0.008918062 0.035489991
v 0.11145179 -0.004955426 0.036935762
v 0.107950568 -0.00539957 0.038251929
v 0.079701781 -0.008145466 0.038355354
v 0.083489776 -0.008050188 0.03957992
v 0.120294183 -0.018483803 0.026496723
v 0.114236787 -0.01872386 0.030686479
v 0.126767367 -0.018267915 0.021705203
v 0.123296142 -0.018367097 0.024295405
v 0.081013173 -0.019299999 0.034616809
v 0.078786582 -0.019153431 0.034106404
v 0.064257503 -0.01819478 0.00889688
v 0.063672811 -0.019513533 0.014871791
v 0.11188218 -0.018996671 0.032371476
v 0.110645652 -0.018844023 0.033596568
v 0.093324184 -0.019121662 0.035255343
v 0.084312171 -0.019727364 0.034639362
v 0.066664904 -0.019957796 0.020246748
v 0.071379498 -0.019861266 0.027763039
v 0.106142715 -0.018962488 0.034748893
v 0.108486697 -0.01880078 0.034563594
v 0.064722508 -0.016731277 0.007314354
v 0.076491788 -0.019695446 0.032272678
v 0.064361542 -0.014516011 0.007859327
v 0.063512295 -0.01525946 0.007029869
v 0.06239751 -0.01283218 0.007496789
v 0.063639373 -0.012538388 0.007918648
v 0.074527815 -0.014413878 0.017003492
v 0.074492902 -0.011186555 0.01804252
v 0.061864927 -0.010205969 0.007999614
v 0.063196734 -0.010338023 0.008435681
v 0.072695181 -0.016136065 0.014225058
v 0.065196678 -0.007646605 0.01016131
v 0.067332238 -0.006807163 0.012270935
v 0.067337006 -0.016402319 0.008956864
v 0.069736317 -0.016804799 0.011069067
v 0.064722508 -0.016731277 0.007314354
v 0.065348178 -0.015351787 0.00787206
v 0.070769191 -0.006938174 0.015121035
v 0.063893393 -0.00921537 0.009094767
v 0.062322214 -0.008751974 0.008491948
v 0.073010519 -0.008057281 0.017562538
v 0.065321371 -0.012132511 0.008251905
v 0.066978484 -0.011878297 0.009053521
v 0.068848684 -0.011680976 0.010702088
v 0.071342498 -0.011500582 0.013877682
v 0.115530252 -0.024384096 0.020572525
v 0.115969688 -0.024055257 0.019243434
v 0.114771053 -0.02809082 0.017590955
v 0.114537835 -0.028014287 0.019001395
v 0.113914005 -0.0358942 0.021797709
v 0.114660375 -0.036428824 0.020210914
v 0.116350286 -0.037876025 0.024350505
v 0.114610232 -0.037323847 0.025616411
v 0.114090323 -0.031289354 0.01845403
v 0.114220932 -0.031473413 0.017120413
v 0.114250444 -0.03454487 0.018334821
v 0.113924347 -0.034304902 0.019708306
v 0.123221509 -0.031714126 0.00614424
v 0.125301987 -0.031987473 0.0037257
v 0.126242548 -0.035263434 0.004942447
v 0.123257108 -0.034927234 0.007701971
v 0.125270292 -0.024385467 0.008045986
v 0.127946585 -0.023189649 0.006035715
v 0.126149729 -0.028253183 0.004504874
v 0.123937756 -0.028458163 0.005866602
v 0.124090143 -0.037644491 0.01064451
v 0.127037197 -0.037676916 0.007413417
v 0.129403353 -0.040311083 0.012974933
v 0.125906318 -0.039405778 0.014866807
v 0.104860812 -0.022934839 0.022757821
v 0.108097628 -0.023518279 0.021951489
v 0.107507393 -0.026697919 0.020098928
v 0.104474142 -0.025702342 0.021289352
v 0.102964565 -0.033576384 0.024037078
v 0.106879875 -0.034264669 0.022959761
v 0.106426314 -0.035425559 0.026406914
v 0.102303073 -0.034806386 0.026946884
v 0.104296684 -0.028967038 0.020810131
v 0.10741131 -0.029763505 0.019407324
v 0.107109189 -0.032558754 0.020890478
v 0.103661984 -0.031921044 0.022104554
v 0.113127396 -0.02267094 0.031062558
v 0.112811357 -0.021204546 0.027543455
v 0.109129593 -0.020491496 0.027181964
v 0.108727336 -0.021896377 0.031008106
v 0.115038723 -0.031224206 0.015628792
v 0.115108244 -0.034604624 0.017040089
v 0.123445302 -0.025066033 0.026659161
v 0.121467561 -0.022113457 0.023379952
v 0.119946033 -0.022014037 0.025238376
v 0.121685073 -0.024521008 0.028503567
v 0.130828768 -0.024308756 0.018398337
v 0.127625182 -0.021803632 0.016800433
v 0.127178907 -0.021924153 0.017666534
v 0.129741758 -0.02492018 0.020637803
v 0.124073334 -0.038748518 0.021637421
v 0.121661685 -0.03842698 0.018591478
v 0.123671614 -0.038877323 0.017236382
v 0.12605378 -0.038909689 0.02060049
v 0.101800472 -0.034741834 0.029674582
v 0.106194094 -0.035393402 0.029439025
v 0.128097028 -0.039358243 0.018807322
v 0.131714374 -0.039863661 0.017155699
v 0.11569459 -0.037431821 0.029019885
v 0.118279807 -0.037909374 0.027640395
v 0.112811357 -0.021204546 0.027543455
v 0.112398744 -0.0218326 0.024592403
v 0.108863994 -0.0213231 0.024377495
v 0.109129593 -0.020491496 0.027181964
v 0.127625182 -0.021803632 0.016800433
v 0.126211211 -0.02237238 0.013107449
v 0.12521033 -0.02222307 0.014936835
v 0.127178907 -0.021924153 0.017666534
v 0.123334378 -0.022124305 0.016622975
v 0.125466436 -0.022291139 0.019508295
v 0.11717999 -0.024428263 0.017547734
v 0.115894914 -0.027905837 0.016167052
v 0.115668021 -0.036559746 0.018727235
v 0.117865317 -0.038231865 0.022678189
v 0.095958918 -0.032634065 0.021868758
v 0.093345955 -0.032150045 0.01908217
v 0.096142247 -0.03038235 0.018429667
v 0.097924992 -0.030987546 0.020477634
v 0.099592611 -0.02800791 0.01972647
v 0.098151609 -0.027728423 0.017877869
v 0.099361375 -0.023952886 0.017871864
v 0.100209668 -0.024544403 0.019787651
v 0.0886641 -0.018541947 0.015769914
v 0.090066031 -0.018748716 0.020374637
v 0.093884915 -0.018528536 0.01987968
v 0.091652557 -0.018469766 0.01654654
v 0.100155622 -0.021649733 0.020919234
v 0.098359272 -0.021271989 0.018976837
v 0.09627755 -0.01959841 0.019645266
v 0.098476574 -0.019776031 0.022510055
v 0.096171066 -0.021315351 0.017318875
v 0.0949682 -0.021435753 0.015990406
v 0.092889145 -0.019918308 0.014925532
v 0.094070315 -0.019467637 0.017182641
v 0.090790033 -0.019883886 0.012714915
v 0.090669841 -0.019289032 0.013583951
v 0.092692539 -0.020529166 0.013876393
v 0.086939067 -0.030198947 0.015990503
v 0.086846113 -0.029343471 0.013745978
v 0.08862403 -0.02977927 0.014768079
v 0.089136198 -0.030782267 0.016605809
v 0.088845462 -0.020522967 0.011710502
v 0.088477582 -0.019873306 0.012693889
v 0.091856405 -0.030625209 0.017264701
v 0.090993926 -0.029733405 0.015938953
v 0.093132347 -0.028818503 0.016469911
v 0.094137475 -0.029409125 0.017498069
v 0.086191937 -0.026833102 0.010963827
v 0.08515504 -0.026853338 0.011700682
v 0.085501194 -0.023834482 0.011065632
v 0.086512163 -0.024117336 0.010441691
v 0.096093059 -0.026991054 0.017271094
v 0.094950557 -0.026668534 0.016598709
v 0.095648766 -0.023750022 0.016449407
v 0.096895248 -0.023889318 0.017235428
v 0.092880338 -0.028752938 0.016181
v 0.09435761 -0.026390061 0.016140796
v 0.094961911 -0.023717895 0.016011052
v 0.112098306 -0.031910107 0.033569768
v 0.112701893 -0.029006138 0.034017805
v 0.107931107 -0.02831991 0.034103781
v 0.107180953 -0.031550631 0.033673912
v 0.123860784 -0.033475801 0.02889381
v 0.12452241 -0.030644551 0.028845601
v 0.122440599 -0.030324802 0.030768782
v 0.121794336 -0.033247635 0.030715946
v 0.131562501 -0.033899084 0.022236161
v 0.132104397 -0.030320242 0.021615461
v 0.13046889 -0.030495808 0.023055796
v 0.129947141 -0.033773169 0.023551613
v 0.08515504 -0.026853338 0.011700682
v 0.082978413 -0.026631907 0.014934018
v 0.083282396 -0.02288188 0.014815144
v 0.085501194 -0.023834482 0.011065632
v 0.090912938 -0.029268906 0.01516524
v 0.088477582 -0.019873306 0.012693889
v 0.090669841 -0.019289032 0.013583951
v 0.087440014 -0.028940693 0.012876227
v 0.089024276 -0.029414877 0.01388035
v 0.091652557 -0.018469766 0.01654654
v 0.094219327 -0.021761522 0.015363842
v 0.084299639 -0.02669619 0.020734459
v 0.089648008 -0.02807264 0.027681544
v 0.090161487 -0.02430658 0.028118663
v 0.084577009 -0.022930458 0.021280006
v 0.093884915 -0.018528536 0.01987968
v 0.09671852 -0.018849149 0.023945719
v 0.093656659 -0.019203082 0.026021294
v 0.09671852 -0.018849149 0.023945719
v 0.088712409 -0.031460658 0.019192174
v 0.090950936 -0.032127336 0.019128613
v 0.09924528 -0.032986328 0.023636919
v 0.100293323 -0.031410113 0.022239164
v 0.10195601 -0.028439298 0.021320682
v 0.1022228 -0.025193945 0.021676116
v 0.094175145 -0.029104128 0.031440072
v 0.09683159 -0.029662713 0.032835823
v 0.097595096 -0.026066378 0.033156637
v 0.094719291 -0.025274411 0.031791214
v 0.120833896 -0.031485572 0.00921879
v 0.120611109 -0.034744397 0.010530546
v 0.118482538 -0.034585848 0.013098724
v 0.118143469 -0.031235829 0.011564188
v 0.125466436 -0.022291139 0.019508295
v 0.127851173 -0.025360838 0.022681933
v 0.120066799 -0.038364783 0.026003033
v 0.119582176 -0.021821126 0.020384982
v 0.121467561 -0.022113457 0.023379952
v 0.12288782 -0.024857029 0.011104517
v 0.121627375 -0.028246447 0.009369783
v 0.118872732 -0.028139606 0.011868745
v 0.12026152 -0.02477397 0.013210155
v 0.121519588 -0.037232086 0.013268881
v 0.119713582 -0.03699936 0.015411094
v 0.128563315 -0.030899957 0.024477344
v 0.128066182 -0.033937827 0.024694018
v 0.11091134 -0.030273989 0.019426018
v 0.113109559 -0.030900165 0.019034341
v 0.112818085 -0.033729687 0.020300582
v 0.110188626 -0.033375338 0.021058135
v 0.095829532 -0.03354682 0.027836662
v 0.09239015 -0.032543406 0.024954706
v 0.094141364 -0.033198133 0.02343531
v 0.097058326 -0.033847913 0.025818113
v 0.110112451 -0.034953579 0.023268323
v 0.112773083 -0.035581335 0.022680908
v 0.112661712 -0.036704913 0.026103929
v 0.110179342 -0.036198512 0.026507717
v 0.097646266 -0.019897595 0.029094271
v 0.099955946 -0.020432606 0.030150086
v 0.101372555 -0.019741878 0.027508646
v 0.099636763 -0.01922895 0.02647138
v 0.102997348 -0.020082965 0.027705055
v 0.103185013 -0.020539388 0.025528863
v 0.102126196 -0.020408437 0.025451332
v 0.101372555 -0.019741878 0.027508646
v 0.119202286 -0.023786262 0.029827885
v 0.118103296 -0.021818772 0.026702553
v 0.115783766 -0.021557018 0.027255729
v 0.116417333 -0.023262039 0.03072229
v 0.118555181 -0.03260915 0.032567076
v 0.119163707 -0.029861346 0.03270841
v 0.115671545 -0.029301777 0.033593278
v 0.115141124 -0.032146707 0.03336139
v 0.111115843 -0.027414843 0.020164162
v 0.113644481 -0.027830914 0.01965037
v 0.111674026 -0.024166003 0.021997362
v 0.114164516 -0.024435297 0.021612123
v 0.110537209 -0.036032811 0.02988315
v 0.113171421 -0.03673853 0.029479127
v 0.118103296 -0.021818772 0.026702553
v 0.116913527 -0.021970704 0.023754075
v 0.115165472 -0.021947429 0.024329714
v 0.115783766 -0.021557018 0.027255729
v 0.101863593 -0.022385702 0.022491172
v 0.100947261 -0.020245895 0.024560168
v 0.099824876 -0.030337229 0.033441786
v 0.100387603 -0.026915178 0.033707958
v 0.102155849 -0.021142617 0.030798391
v 0.102997348 -0.020082965 0.027705055
v 0.099636763 -0.01922895 0.02647138
v 0.119946033 -0.022014037 0.025238376
v 0.118232086 -0.021692887 0.022253376
v 0.103439495 -0.022694454 0.023175482
v 0.103385717 -0.025426134 0.021767717
v 0.1012142 -0.033457413 0.024386268
v 0.100547954 -0.034524307 0.02724319
v 0.103319734 -0.028738216 0.021241575
v 0.102365091 -0.031694427 0.022422463
v 0.100038365 -0.034401998 0.029766325
v 0.104944631 -0.020591751 0.025316481
v 0.105025917 -0.020152226 0.027798656
v 0.102791756 -0.02731289 0.033795647
v 0.102219746 -0.030518666 0.03359323
v 0.105025917 -0.020152226 0.027798656
v 0.104364365 -0.021636948 0.031068951
v 0.102687627 -0.022599652 0.023199324
v 0.102893785 -0.025324479 0.022067502
v 0.100327402 -0.033167645 0.024153095
v 0.098822385 -0.034332708 0.026932482
v 0.102785558 -0.028745845 0.021703914
v 0.1015964 -0.031755969 0.022790819
v 0.097629339 -0.03401567 0.029204134
v 0.112916395 -0.025969461 0.033406071
v 0.108512044 -0.024963275 0.033339694
v 0.124320179 -0.027820751 0.028130058
v 0.122420549 -0.027621582 0.030127436
v 0.132317394 -0.027053371 0.020094588
v 0.130209774 -0.02756305 0.022077255
v 0.086636424 -0.019949928 0.021121029
v 0.08516565 -0.019616321 0.015360884
v 0.086640805 -0.02121751 0.011710316
v 0.087698668 -0.021685794 0.01089368
v 0.086640805 -0.02121751 0.011710316
v 0.0915149 -0.021186605 0.027453713
v 0.12835753 -0.028141752 0.023656372
v 0.098639533 -0.022651687 0.032215551
v 0.096078515 -0.021791741 0.03077827
v 0.119415998 -0.026892319 0.032004122
v 0.1161443 -0.026351139 0.03298879
v 0.101115584 -0.023664549 0.032886367
v 0.103535175 -0.024368539 0.032883793
v 0.127124712 -0.037180677 0.024498656
v 0.122306369 -0.036540285 0.028113607
v 0.130361244 -0.037457153 0.021408442
v 0.128640443 -0.037247464 0.022962883
v 0.099627644 -0.032973245 0.032012753
v 0.09708564 -0.032654241 0.031255249
v 0.085756153 -0.028412357 0.012871839
v 0.085290387 -0.028984919 0.01547385
v 0.12018808 -0.036296323 0.029806856
v 0.117174454 -0.035811678 0.031339984
v 0.106378958 -0.033936277 0.032054905
v 0.101843566 -0.033437029 0.032181554
v 0.086904854 -0.029517755 0.019569546
v 0.090804905 -0.031277761 0.026254039
v 0.111072652 -0.034489468 0.032235056
v 0.114048384 -0.035092399 0.031940609
v 0.086589262 -0.028136149 0.012043007
v 0.085756153 -0.028412357 0.012871839
v 0.09474352 -0.032266811 0.029738858
v 0.087136701 -0.026745692 0.01092954
v 0.08775267 -0.024527982 0.010376312
v 0.092267126 -0.028423294 0.015948631
v 0.093771458 -0.026309058 0.015923932
v 0.088511512 -0.022210553 0.010961585
v 0.090816811 -0.028903291 0.015120275
v 0.090392902 -0.020981416 0.012254626
v 0.09207873 -0.020897821 0.013799287
v 0.088028267 -0.028299943 0.012898497
v 0.089058846 -0.028773174 0.01371298
v 0.08747156 -0.027775273 0.011910155
v 0.093435854 -0.022011921 0.015182689
v 0.089416236 -0.021401599 0.011387065
v 0.094435379 -0.023605004 0.015879206
v 0.088924557 -0.024943992 0.011553623
v 0.089577124 -0.024977937 0.0122438
v 0.090899542 -0.02515851 0.013371952
v 0.092435405 -0.025493607 0.014889434
v 0.143830568 0.04110764 0.009018756
v 0.144316763 0.040774062 0.005564786
v 0.140187472 0.044438407 0.004062153
v 0.139633805 0.044884309 0.007199958
v 0.127645776 0.039096966 0.006053686
v 0.128087163 0.039122894 0.00278306
v 0.123768367 0.031088933 0.004668191
v 0.123908915 0.031898394 0.007562973
v 0.133033693 0.044978842 0.005801111
v 0.133868188 0.044674143 0.002645567
v 0.145147249 0.028994545 0.003037959
v 0.146715671 0.035504237 0.002714276
v 0.146142289 0.036031052 0.006821036
v 0.14462772 0.029600725 0.007776931
v 0.126414686 0.027716801 0.008118421
v 0.127445191 0.027018204 0.004910998
v 0.146715671 0.035504237 0.002714276
v 0.144843638 0.04018037 0.001631886
v 0.146142289 0.036031052 0.006821036
v 0.121859394 0.035456792 0.016146734
v 0.121466957 0.037268862 0.01871727
v 0.126259446 0.04111658 0.015800647
v 0.126404405 0.040384814 0.013886288
v 0.132147908 0.043944791 0.013221003
v 0.131974339 0.043834642 0.014871411
v 0.137623876 0.044073328 0.016900711
v 0.138107806 0.044185951 0.014920361
v 0.137948394 0.038929805 0.033696394
v 0.139745399 0.035379454 0.029335767
v 0.143715411 0.039790407 0.025926307
v 0.142199248 0.042134032 0.029424075
v 0.141920745 0.043004319 0.021726683
v 0.142761201 0.042301014 0.018718176
v 0.137426406 0.044147626 0.01892994
v 0.137105197 0.044447705 0.020608786
v 0.13992545 0.04457508 0.027172476
v 0.141137451 0.044056371 0.024677496
v 0.137212634 0.046889111 0.033725146
v 0.140089154 0.044465795 0.032585125
v 0.138410211 0.045521364 0.028012112
v 0.12174543 0.037092105 0.025383357
v 0.121920519 0.040055081 0.028187305
v 0.121705376 0.041202262 0.022673778
v 0.121418454 0.039170876 0.020926457
v 0.134272128 0.046141431 0.036023885
v 0.136094749 0.042387351 0.036171537
v 0.140089154 0.044465795 0.032585125
v 0.137212634 0.046889111 0.033725146
v 0.126217678 0.042669877 0.018873554
v 0.126169473 0.041880116 0.017460801
v 0.12442077 0.043381646 0.03390675
v 0.124655895 0.03982906 0.032396726
v 0.129214883 0.040429309 0.035605602
v 0.12870425 0.044414744 0.036242753
v 0.131922185 0.043930992 0.016425945
v 0.131883234 0.043962464 0.017835528
v 0.126060322 0.043428883 0.020470932
v 0.1319516 0.043727383 0.019150715
v 0.136790156 0.044661865 0.021629196
v 0.132193804 0.023866728 0.00149098
v 0.138865262 0.02412568 0.002401546
v 0.137880653 0.025256827 0.006610155
v 0.130240276 0.02556704 0.005413607
v 0.124732055 0.036327735 0.02931717
v 0.130703852 0.036925241 0.033233814
v 0.122856267 0.043462977 0.023914009
v 0.122766234 0.043602571 0.030286863
v 0.142199248 0.042134032 0.029424075
v 0.125750467 0.033139661 0.02533441
v 0.12706086 0.030253634 0.020767882
v 0.133945912 0.029932663 0.023297194
v 0.132496387 0.03276895 0.028491382
v 0.143715411 0.039790407 0.025926307
v 0.144105077 0.038344607 0.022008613
v 0.141335845 0.032687768 0.024094611
v 0.144105077 0.038344607 0.022008613
v 0.122361355 0.034521922 0.022339277
v 0.122316681 0.034162715 0.013955362
v 0.126430824 0.040054396 0.012051322
v 0.13211453 0.044296309 0.011554129
v 0.138436109 0.044345602 0.01292675
v 0.128440931 0.028056279 0.016080216
v 0.129086688 0.026913777 0.013551287
v 0.136032507 0.026564226 0.015469007
v 0.135557339 0.027452812 0.017240934
v 0.124233566 0.029926166 0.015245706
v 0.1233887 0.031949684 0.018703919
v 0.142753392 0.030631021 0.01910327
v 0.143171161 0.029983506 0.016697124
v 0.145190284 0.036762908 0.015756465
v 0.144761294 0.037358895 0.018346671
v 0.145426542 0.036493674 0.013637073
v 0.143471479 0.041272566 0.011824109
v 0.143357307 0.041424707 0.013804868
v 0.145190284 0.036762908 0.015756465
v 0.128958657 0.038331255 -0.001295134
v 0.124805741 0.030183986 -7.5288e-05
v 0.143138766 0.041812107 0.01596804
v 0.129786178 0.026222214 0.011521436
v 0.136925057 0.025910243 0.013166457
v 0.141029328 0.043529108 -0.000125952
v 0.134363651 0.043805912 -0.001176953
v 0.12799415 0.025914088 0.000355795
v 0.143596202 0.029523984 0.01484523
v 0.145426542 0.036493674 0.013637073
v 0.144761294 0.037358895 0.018346671
v 0.139144838 0.044746503 0.009488799
v 0.126929879 0.039396122 0.008491732
v 0.123242177 0.032378331 0.010000326
v 0.132636756 0.04499875 0.008259803
v 0.125425339 0.028192416 0.010587461
v 0.145798951 0.036104545 0.010710724
v 0.137414053 0.025425181 0.010917909
v 0.130348057 0.02588816 0.009258419
v 0.145798951 0.036104545 0.010710724
v 0.143887609 0.029126689 0.011957079
v 0.138518333 0.044242099 0.01118546
v 0.126689076 0.039542958 0.010227062
v 0.122745596 0.033107981 0.011826828
v 0.132356972 0.044302359 0.009893037
v 0.124778546 0.028855219 0.012611486
v 0.125425339 0.028192416 0.010587461
v 0.124778546 0.028855219 0.012611486
v 0.121920519 0.040055081 0.028187305
v 0.12174543 0.037092105 0.025383357
v 0.127445191 0.027018204 0.004910998
v 0.126414686 0.027716801 0.008118421
v 0.122361355 0.034521922 0.022339277
v 0.1233887 0.031949684 0.018703919
v 0.12799415 0.025914088 0.000355795
v 0.122766234 0.043602571 0.030286863
v 0.124233566 0.029926166 0.015245706
v 0.12495897 0.044763967 0.032185987
v 0.12442077 0.043381646 0.03390675
v 0.12870425 0.044414744 0.036242753
v 0.129254431 0.045945749 0.034124091
v 0.126130268 0.043054804 0.020750981
v 0.131860584 0.043583527 0.020147711
v 0.134272128 0.046141431 0.036023885
v 0.133165479 0.046771511 0.03469706
v 0.12416061 0.043239787 0.024424247
v 0.135753006 0.046723738 0.033189755
v 0.137322992 0.045706466 0.0283438
v 0.124049358 0.044587687 0.029730801
v 0.13678968 0.04435055 0.022031289
v 0.129511639 0.046578392 0.031634264
v 0.130383104 0.046000376 0.026998404
v 0.142361462 0.054235473 0.002561688
v 0.136843354 0.028939679 0.015893318
v 0.128993556 0.001499042 0.016350634
v 0.129230469 -0.022098735 0.011951499
v 0.137293547 0.042050555 0.022184446
v 0.135768741 0.045131847 0.027501896
v 0.140179396 0.035962626 0.016741566
v 0.138891965 0.038452014 0.018388681
v 0.11982397 0.066428229 0.047584966
v 0.118261442 0.067916587 0.048533779
v 0.096916005 0.079560235 0.048223548
v 0.101513132 0.077711418 0.050526574
v 0.135037288 0.047512904 0.030547384
v 0.134053603 0.049397454 0.032432467
v 0.126606882 0.05856131 0.041795354
v 0.121096693 0.0650893 0.046444993
v 0.107008681 0.075226113 0.051026113
v 0.111590236 0.072465524 0.05069986
v 0.131176889 0.053517386 0.036835626
v 0.133118734 0.05135034 0.034502223
v 0.09602803 0.08063592 0.047439724
v 0.115558833 0.069682106 0.049697407
v 0.122264341 0.005840734 0.028458312
v 0.1140894 0.007001743 0.03362203
v 0.129571885 0.004933104 0.021587592
v 0.124667645 0.005392477 0.024915986
v 0.082888395 0.007671222 0.038751557
v 0.080950022 0.007396564 0.037906602
v 0.070466638 0.006154492 0.018381838
v 0.071964294 0.005554333 0.022477727
v 0.112468407 0.007059023 0.035122067
v 0.110569432 0.007084623 0.03596168
v 0.092279598 0.007580385 0.040345673
v 0.085061952 0.007529959 0.038993124
v 0.073217273 0.005764827 0.02707687
v 0.076781005 0.006732568 0.032516532
v 0.099862456 0.007702366 0.038624436
v 0.106518194 0.007257476 0.036808446
v 0.070438221 0.007523045 0.01723624
v 0.079305291 0.00723584 0.0362207
v 0.118050888 -0.019017652 0.023107558
v 0.111954451 -0.019028649 0.027532965
v 0.125243977 -0.019166276 0.018680483
v 0.120544046 -0.019139633 0.020971399
v 0.081529468 -0.020066842 0.032333091
v 0.079477578 -0.020148054 0.031999927
v 0.066779777 -0.01912041 0.010445982
v 0.068246156 -0.020419165 0.015127376
v 0.109928533 -0.019233719 0.029336791
v 0.10860543 -0.019538537 0.030707031
v 0.093144462 -0.019633546 0.032555774
v 0.084380105 -0.020196602 0.032149795
v 0.071110561 -0.0205874 0.019234709
v 0.074829653 -0.020470992 0.026146892
v 0.10449937 -0.019599333 0.031585269
v 0.10652177 -0.019645527 0.031463772
v 0.067232966 -0.017781273 0.009181932
v 0.077735305 -0.020280853 0.030138545
v 0.122553915 -0.006883755 0.005624488
v 0.122840002 -0.013152197 0.003342606
v 0.140966296 0.004620388 0.021600943
v 0.147993684 0.003893778 0.017987855
v 0.151982144 0.010399222 0.0167301
v 0.147206157 0.012272641 0.022329643
v 0.126834959 -0.031765655 0.002517633
v 0.128782198 -0.026616469 0.000714496
v 0.137555316 -0.036302641 0.017520718
v 0.133446127 -0.037593052 0.019499045
v 0.136115819 -0.040422931 0.014381625
v 0.138076827 0.049948975 0.000229932
v 0.134913608 0.048122212 -0.000145815
v 0.153474212 0.043835133 0.001953058
v 0.150475204 0.050848112 0.005916029
v 0.152361661 0.046584815 0.00924287
v 0.153019369 0.04229483 0.006747872
v 0.12879315 -0.036442861 0.002280354
v 0.129852146 -0.038021848 0.005101085
v 0.134029537 -0.033706948 0.020576149
v 0.136634439 -0.033808544 0.018690899
v 0.137744784 -0.031376198 0.017666586
v 0.135331586 -0.03065227 0.019504767
v 0.136391401 -0.018524006 0.021204285
v 0.140986562 -0.01953204 0.018413357
v 0.143178508 -0.012231722 0.0191922
v 0.137154147 -0.010792717 0.023202661
v 0.143712148 0.052259192 0.000263646
v 0.153756812 0.018890142 0.013072997
v 0.14903836 0.021798298 0.017997243
v 0.125303462 0.016109094 0.006877214
v 0.12899375 0.022346303 0.00609868
v 0.152032465 0.03973785 0.010491401
v 0.153841659 0.037900895 0.007945061
v 0.139692992 -0.026187733 0.016590245
v 0.135399505 -0.024833038 0.017443992
v 0.149263158 0.051626518 0.001198344
v 0.147357717 0.053954229 0.004278854
v 0.14635393 -0.005247846 0.017588429
v 0.137154892 -0.002757832 0.021494105
v 0.125730366 0.009401903 0.004817583
v 0.132628292 0.042572245 0.002201319
v 0.147357717 0.053954229 0.004278854
v 0.149263158 0.051626518 0.001198344
v 0.133317396 -0.0413187 0.010280497
v 0.150176764 0.032297805 0.015240937
v 0.153574556 0.029297292 0.009542614
v 0.126148969 -0.000688329 0.007096201
v 0.132594317 0.036320433 0.00481084
v 0.150354937 -0.007502511 0.012286045
v 0.14737013 -0.014158204 0.014063671
v 0.15205583 0.001889348 0.009487726
v 0.152780816 9.1255e-05 0.000528216
v 0.155462489 0.008182377 -0.000489779
v 0.154179111 0.008884668 0.007413745
v 0.143216446 -0.029179469 0.015223771
v 0.140898436 -0.035422489 0.01518257
v 0.135618418 -0.041611031 0.005376294
v 0.136550754 -0.042266265 -0.001460932
v 0.14326258 -0.041578427 0.004629374
v 0.141970351 -0.040305004 0.009382106
v 0.155675694 0.017559975 0.006416157
v 0.145304352 -0.021169797 0.013752893
v 0.149264812 -0.02468355 0.008765578
v 0.150956184 -0.016411006 0.005782083
v 0.156033412 0.02736792 0.004558638
v 0.158550665 0.025339663 -0.002095073
v 0.158094764 0.03440851 -0.001999088
v 0.156386405 0.036529541 0.004023984
v 0.160057738 0.024562985 -0.008304045
v 0.157249376 0.015913993 -0.000824496
v 0.157495365 0.015427083 -0.008048669
v 0.146857381 -0.033719465 0.011358649
v 0.149438053 -0.03608571 0.005646586
v 0.15226689 -0.027262807 0.002486043
v 0.126077101 -0.01728107 0.003356434
v 0.157875389 0.033302397 -0.008884564
v 0.155050263 0.019170314 -0.01954405
v 0.160551488 0.032351404 -0.016700834
v 0.152633995 -0.000993699 -0.005965278
v 0.154894218 0.007051617 -0.006831735
v 0.140166879 0.043080494 -0.01486513
v 0.13790378 0.045786873 -0.005854696
v 0.146831602 0.049025968 -0.005433366
v 0.146338075 0.044755325 -0.0139497
v 0.129459292 0.001334056 0.006324507
v 0.15406163 -0.029623598 -0.006931849
v 0.152589172 -0.018492997 -0.010739036
v 0.152088836 -0.018945366 -0.00243587
v 0.155062571 0.012128055 -0.018798679
v 0.154097781 0.00638479 -0.016380735
v 0.152104169 -0.001013428 -0.014330879
v 0.127439305 -0.033886239 -0.0162687
v 0.127668887 -0.032692388 -0.010333389
v 0.127303094 -0.025198385 -0.009861752
v 0.126444176 -0.027070686 -0.016768046
v 0.124045134 0.013477251 -0.006498881
v 0.123956114 0.01015614 -0.018305346
v 0.124267727 0.002178714 -0.01624608
v 0.126400918 0.005563959 -0.004920788
v 0.131996349 -0.040053859 -0.013213463
v 0.131932184 -0.039178982 -0.006679103
v 0.124067143 -0.00575079 -0.015759796
v 0.125996262 -0.002613559 -0.005610034
v 0.123031855 -0.013029054 -0.016447231
v 0.123385549 -0.009738788 -0.007887125
v 0.133010268 -0.044084832 -0.032933474
v 0.12907967 -0.038636073 -0.033737347
v 0.130892873 -0.042312756 -0.047727108
v 0.134405613 -0.048273072 -0.046139613
v 0.124918297 -0.020319954 -0.016572133
v 0.124697611 -0.017909899 -0.008299112
v 0.126079604 -0.030588314 -0.035864063
v 0.126696154 -0.033112749 -0.051534146
v 0.12909767 0.020412192 -0.008177325
v 0.126831487 0.01796551 -0.019641995
v 0.127913386 0.009594247 -0.050300211
v 0.127308443 0.013606057 -0.034859419
v 0.130101725 0.020616844 -0.039602302
v 0.131522745 0.017289266 -0.055892721
v 0.12438789 0.001914605 -0.047940031
v 0.12485297 -0.001682237 -0.063071772
v 0.123436451 -0.008565143 -0.061070964
v 0.12330088 -0.005249277 -0.045862913
v 0.122733638 -0.018357292 -0.041786693
v 0.122379392 -0.015779629 -0.027701087
v 0.123500064 -0.008912161 -0.028704733
v 0.123073131 -0.011937901 -0.04370708
v 0.13314274 0.026979938 -0.0459999
v 0.136562228 0.024667934 -0.062428847
v 0.131153867 0.022696778 0.000314474
v 0.132699654 0.031518564 -0.000656746
v 0.131439656 0.028098509 -0.009930223
v 0.128604129 0.005958542 0.003552988
v 0.123196438 -0.015113786 -0.058818385
v 0.124338418 -0.024753526 -0.039105959
v 0.124323562 -0.022477403 -0.026165336
v 0.123865679 0.005939618 -0.032694027
v 0.127414197 0.006998882 0.000832513
v 0.129416347 1.088e-06 0.000681929
v 0.132944554 0.038007423 -0.007417485
v 0.132108063 0.037619188 -0.01288981
v 0.12839134 -0.030940637 -0.006582901
v 0.129429489 -0.024405256 -0.004505463
v 0.129745051 0.025871292 -0.021962136
v 0.127639621 -0.016338035 -0.002387851
v 0.146690339 0.031203255 0.017113164
v 0.142016292 0.031602308 0.016680129
v 0.134927779 0.004178718 0.021345835
v 0.144908473 0.025382981 0.019446068
v 0.140217304 0.027367547 0.01766222
v 0.132303596 -0.01892902 0.019994739
v 0.132317856 0.003825411 0.019959837
v 0.140217304 0.027367547 0.01766222
v 0.133378536 -0.000374749 0.021482065
v 0.130063981 -0.020635948 0.018581372
v 0.129948184 0.001809224 0.020458799
v 0.132940963 -0.023747817 0.017164499
v 0.130108476 -0.022075489 0.016491063
v 0.129948184 0.001809224 0.020458799
v 0.130108476 -0.022075489 0.016491063
v 0.152889237 -0.292487919 -0.127630696
v 0.157622933 -0.27575779 -0.121951327
v 0.230388254 -0.306980968 -0.081105292
v 0.224969476 -0.32412535 -0.090232134
v 0.223822713 -0.259281754 -0.068851322
v 0.229762137 -0.271499991 -0.068926439
v 0.216060817 -0.334266603 -0.099604532
v 0.170741618 -0.24604632 -0.111474976
v 0.163168192 -0.259602487 -0.116305366
v 0.19295606 -0.341152132 -0.11334981
v 0.205476612 -0.341870904 -0.107632175
v 0.167432457 -0.327767372 -0.123631641
v 0.158239454 -0.316229641 -0.126755849
v 0.214106649 -0.250193834 -0.072992131
v 0.204644233 -0.245357469 -0.07862249
v 0.153696686 -0.304506421 -0.127585992
v 0.233686566 -0.28913188 -0.073677897
v 0.194903105 -0.243679747 -0.0892203
v 0.23216939 -0.326514125 -0.119062319
v 0.22177276 -0.333527446 -0.127270386
v 0.173186719 -0.266219437 -0.131049678
v 0.169103116 -0.278671741 -0.137120649
v 0.183690846 -0.321771324 -0.142288193
v 0.173849195 -0.312917769 -0.14518021
v 0.223825604 -0.251373947 -0.081799299
v 0.234210879 -0.259254515 -0.079435229
v 0.211210698 -0.248308167 -0.086289987
v 0.168068737 -0.302607536 -0.145154521
v 0.24183315 -0.270144582 -0.080862403
v 0.247594684 -0.286427677 -0.087291181
v 0.199608028 -0.248164907 -0.098699987
v 0.166464478 -0.29182744 -0.142958269
v 0.246319711 -0.303420961 -0.097135827
v 0.23907277 -0.315937221 -0.108212247
v 0.180522859 -0.254854262 -0.124070987
v 0.209878027 -0.333677769 -0.132745609
v 0.196874052 -0.316187084 -0.157138392
v 0.185571551 -0.308181107 -0.158317789
v 0.230272263 -0.249323592 -0.087080464
v 0.240751833 -0.256324172 -0.086286977
v 0.216656417 -0.24618645 -0.092266679
v 0.179042667 -0.298491776 -0.155783519
v 0.249616116 -0.26617527 -0.089322463
v 0.257075042 -0.280802369 -0.09707813
v 0.204173297 -0.247430518 -0.104932055
v 0.175703585 -0.288516045 -0.152556553
v 0.255939573 -0.295576453 -0.109304532
v 0.175552756 -0.277295291 -0.14640598
v 0.249170661 -0.305977225 -0.121624306
v 0.243893266 -0.316093802 -0.133853063
v 0.187428415 -0.260194957 -0.13303934
v 0.17957893 -0.267095506 -0.140439019
v 0.222498596 -0.323026061 -0.1489961
v 0.233991951 -0.322325766 -0.143508598
v 0.195641994 -0.299693584 -0.170928136
v 0.186598718 -0.292773306 -0.167089626
v 0.252598584 -0.259957969 -0.093032956
v 0.262019962 -0.271607578 -0.103447303
v 0.217005938 -0.246721312 -0.091993541
v 0.203107655 -0.248873547 -0.104296878
v 0.181062073 -0.284956813 -0.161568746
v 0.262361974 -0.282398939 -0.118702099
v 0.178196013 -0.276001513 -0.15362002
v 0.256496757 -0.289976418 -0.132845923
v 0.242180109 -0.2525267 -0.087824628
v 0.25351733 -0.299935043 -0.147815332
v 0.187781602 -0.261422634 -0.135813668
v 0.180488437 -0.267487049 -0.144639179
v 0.233255893 -0.306527615 -0.166051015
v 0.243768722 -0.30433166 -0.159560516
v 0.208206713 -0.305265248 -0.172975823
v 0.230989248 -0.248636946 -0.087398648
v 0.214300752 -0.285408854 -0.182972446
v 0.200034648 -0.282294631 -0.178579822
v 0.227055848 -0.244626537 -0.083828911
v 0.239625126 -0.246095702 -0.086264208
v 0.212783247 -0.245804951 -0.087941021
v 0.189206183 -0.2794649 -0.17350094
v 0.250777185 -0.249202743 -0.091474608
v 0.261838734 -0.256696701 -0.105315968
v 0.198392212 -0.248782828 -0.100637391
v 0.182485193 -0.275696993 -0.167101488
v 0.26435101 -0.263356268 -0.12306042
v 0.178395718 -0.269569755 -0.157218143
v 0.261137217 -0.269100904 -0.139943942
v 0.258197397 -0.275734842 -0.157949403
v 0.18494767 -0.258191586 -0.134786382
v 0.178944468 -0.263018131 -0.145850137
v 0.238171428 -0.281988204 -0.177018508
v 0.248249978 -0.279252589 -0.17031692
v 0.198939979 -0.259651005 -0.181138262
v 0.187822133 -0.258906901 -0.174850568
v 0.245883971 -0.233541027 -0.090911984
v 0.257879138 -0.236612841 -0.105144903
v 0.207818002 -0.238186762 -0.085350454
v 0.193515331 -0.241423801 -0.097371742
v 0.180960834 -0.259214044 -0.167158231
v 0.260864139 -0.240682408 -0.124768749
v 0.177510232 -0.255050123 -0.157289669
v 0.261098444 -0.243924394 -0.143053994
v 0.235087067 -0.23397626 -0.084729075
v 0.255620301 -0.247668847 -0.159830496
v 0.18212679 -0.248283818 -0.132885918
v 0.177777022 -0.251261652 -0.144881383
v 0.236833304 -0.254740536 -0.178665504
v 0.245904297 -0.252170563 -0.173372462
v 0.213414878 -0.259669542 -0.183776155
v 0.222228229 -0.235090002 -0.081516638
v 0.182102904 -0.231526151 -0.171595559
v 0.174995795 -0.233124748 -0.162352249
v 0.248944387 -0.211487994 -0.102266714
v 0.25235796 -0.2113242 -0.122081682
v 0.171231911 -0.232706323 -0.152638331
v 0.253381729 -0.211756125 -0.141094074
v 0.225712523 -0.215447739 -0.081909373
v 0.235638008 -0.211760417 -0.088672131
v 0.245211586 -0.214711174 -0.157515034
v 0.175025925 -0.23188217 -0.126439288
v 0.171325579 -0.232036993 -0.139475688
v 0.229416057 -0.223329082 -0.175199732
v 0.236894593 -0.219439164 -0.169384345
v 0.207699656 -0.228668764 -0.181890324
v 0.193220228 -0.229889736 -0.178285584
v 0.21358119 -0.219759539 -0.07719183
v 0.199761048 -0.224982962 -0.080117181
v 0.18578662 -0.22791265 -0.091315731
v 0.170964673 -0.202790663 -0.155630186
v 0.167522684 -0.2038192 -0.146574691
v 0.244194135 -0.180156782 -0.12079446
v 0.243584499 -0.180697754 -0.138997182
v 0.217838481 -0.189806864 -0.081593588
v 0.22727932 -0.185800239 -0.088925913
v 0.236122116 -0.18387945 -0.152403161
v 0.169981465 -0.205267593 -0.12118946
v 0.166920647 -0.204871163 -0.133920953
v 0.221562967 -0.19145821 -0.171359256
v 0.228598431 -0.188347235 -0.164992586
v 0.200820819 -0.198269352 -0.177758619
v 0.187830344 -0.200120136 -0.172964677
v 0.207193658 -0.195303038 -0.0775332
v 0.194448784 -0.20083414 -0.078883857
v 0.177104726 -0.200561687 -0.165797845
v 0.237804845 -0.183257595 -0.101135626
v 0.180663005 -0.203768954 -0.088737965
v 0.208126634 -0.15943782 -0.082075641
v 0.216144443 -0.153463915 -0.088179275
v 0.228876352 -0.148284599 -0.13243936
v 0.224435031 -0.149865612 -0.144413754
v 0.164778545 -0.176872805 -0.115030065
v 0.163598493 -0.176671371 -0.127543792
v 0.209853411 -0.158541217 -0.162137166
v 0.216171026 -0.154630259 -0.155410156
v 0.163777366 -0.174589023 -0.138158575
v 0.191181034 -0.16562815 -0.166503295
v 0.179391488 -0.169132873 -0.1598057
v 0.198990881 -0.165206447 -0.079271063
v 0.187126994 -0.170397624 -0.078874201
v 0.170596227 -0.170482799 -0.15498437
v 0.224495471 -0.150425091 -0.100375161
v 0.174814269 -0.173630789 -0.08628504
v 0.166247472 -0.172725454 -0.146855846
v 0.231324822 -0.148262039 -0.11646162
v 0.198639393 -0.121247396 -0.149208888
v 0.205325752 -0.118392631 -0.141411051
v 0.211051345 -0.115862444 -0.131481722
v 0.159472317 -0.146072939 -0.119544998
v 0.159017086 -0.145051882 -0.128353998
v 0.181328267 -0.12935026 -0.152260289
v 0.172351748 -0.135186687 -0.148853317
v 0.189228773 -0.131389007 -0.077701926
v 0.197452545 -0.12671347 -0.080674365
v 0.178820252 -0.13775374 -0.078889385
v 0.166974604 -0.139970973 -0.143448606
v 0.204726189 -0.121773884 -0.086225942
v 0.209906757 -0.11742495 -0.095850796
v 0.170172602 -0.142485335 -0.084900931
v 0.162117958 -0.14304401 -0.136331424
v 0.214343429 -0.114310905 -0.108388111
v 0.21398139 -0.114787832 -0.120179638
v 0.161015481 -0.145661309 -0.107897326
v 0.174085736 -0.095736429 -0.14097859
v 0.166252702 -0.102731869 -0.13859497
v 0.180618763 -0.101410642 -0.07659927
v 0.189072758 -0.097857192 -0.080139279
v 0.171834826 -0.106326655 -0.077141002
v 0.161043763 -0.107125357 -0.133502558
v 0.194531202 -0.093850389 -0.085535541
v 0.199041605 -0.090001538 -0.092629701
v 0.163918942 -0.109961346 -0.081574246
v 0.155829638 -0.110326692 -0.125790522
v 0.202462316 -0.087931797 -0.101695135
v 0.152170852 -0.11230202 -0.116058931
v 0.202965558 -0.086702958 -0.111278698
v 0.201373458 -0.086484656 -0.120457217
v 0.152891532 -0.112161502 -0.099425718
v 0.151551306 -0.11285387 -0.108614787
v 0.190140456 -0.086983159 -0.135225818
v 0.196760148 -0.086882606 -0.128664419
v 0.161284208 -0.077372327 -0.131277248
v 0.155211389 -0.081687406 -0.12593548
v 0.18707332 -0.072396293 -0.084415153
v 0.191660702 -0.069368526 -0.091201782
v 0.166323662 -0.083174869 -0.075286865
v 0.158323497 -0.086621061 -0.078120872
v 0.150108829 -0.085078403 -0.118144855
v 0.194703549 -0.066990212 -0.098789424
v 0.146333516 -0.088002458 -0.109638825
v 0.195548326 -0.065662816 -0.106674775
v 0.181430191 -0.075703695 -0.079051167
v 0.193903595 -0.065059051 -0.114453927
v 0.147901729 -0.089490667 -0.092192292
v 0.145672143 -0.089590237 -0.100964054
v 0.183797359 -0.065146789 -0.128609732
v 0.189817548 -0.064826652 -0.122350618
v 0.16816631 -0.072269782 -0.133395448
v 0.174591571 -0.079062805 -0.0754354
v 0.153550744 -0.059865758 -0.120762572
v 0.149117604 -0.061872736 -0.114188448
v 0.178684801 -0.049494311 -0.095083714
v 0.181184173 -0.048397586 -0.100736722
v 0.146023706 -0.063228026 -0.106604919
v 0.182125956 -0.047777489 -0.106681153
v 0.170314878 -0.052510872 -0.08577092
v 0.174864918 -0.05095695 -0.089970633
v 0.181201965 -0.047672883 -0.112809643
v 0.14589408 -0.063498691 -0.092605248
v 0.144888073 -0.06387575 -0.099407658
v 0.174744546 -0.048656955 -0.12319462
v 0.178473204 -0.047982678 -0.1185617
v 0.163960457 -0.054027632 -0.126977876
v 0.158646643 -0.057282493 -0.12501286
v 0.165062904 -0.054382995 -0.082598999
v 0.159273535 -0.057046607 -0.081283703
v 0.153577656 -0.059982613 -0.082611769
v 0.149078161 -0.046216741 -0.109333679
v 0.145912364 -0.045764938 -0.102676138
v 0.16935958 -0.035432577 -0.100027099
v 0.17043446 -0.035654843 -0.1044202
v 0.160689488 -0.035483688 -0.088485137
v 0.16413106 -0.035383612 -0.091841266
v 0.170306727 -0.036241755 -0.108881786
v 0.144670963 -0.043315277 -0.091475382
v 0.144419596 -0.044768378 -0.096572757
v 0.167077914 -0.038380489 -0.116319522
v 0.169119969 -0.037200585 -0.113043979
v 0.160580635 -0.042815134 -0.119705155
v 0.156861126 -0.044769064 -0.118408933
v 0.157070383 -0.035978481 -0.085851833
v 0.153200507 -0.037261441 -0.08453688
v 0.152879506 -0.045878693 -0.114872828
v 0.167128548 -0.03541261 -0.095776811
v 0.149338052 -0.039156571 -0.084830716
v 0.148342326 -0.021848604 -0.092503622
v 0.149648875 -0.024157718 -0.094270259
v 0.153753549 -0.031068116 -0.099985883
v 0.155095235 -0.033234924 -0.102010742
v 0.148509532 -0.022341684 -0.094907314
v 0.153564572 -0.005841374 -0.096277356
v 0.15751718 -0.009696156 -0.097453877
v 0.150184229 -0.025274143 -0.097696438
v 0.157560274 -0.037383661 -0.10620378
v 0.149379998 -0.041562811 -0.092785314
v 0.145251438 -0.038751021 -0.091720358
v 0.156388417 -0.035374433 -0.104132071
v 0.160379574 -0.015900761 -0.098413125
v 0.152294904 -0.028941154 -0.100937679
v 0.15880473 -0.039788678 -0.109196976
v 0.158236489 -0.03899397 -0.10891135
v 0.147300363 -0.020020321 -0.09122324
v 0.138881475 -0.009010985 -0.092155293
v 0.146675706 -0.018980846 -0.090705931
v 0.141191602 -0.005650088 -0.092743248
v 0.156857148 -0.03671293 -0.107285187
v 0.151030272 -0.026551098 -0.09616138
v 0.144650608 -0.003793731 -0.093845725
v 0.146639258 -0.018968925 -0.091151193
v 0.154725686 -0.033109725 -0.104426906
v 0.152394369 -0.028829217 -0.098037675
v 0.12618275 -0.007572547 -0.003991909
v 0.126256675 0.013909325 -0.003901213
v 0.125813335 -0.007886544 -1.1154e-05
v 0.127427787 -0.003933117 0.002500586
v 0.12862289 0.014574811 -0.002314828
v 0.128673121 0.019657955 0.00223396
v 0.130437449 -0.031999901 -0.003355429
v 0.129485756 -0.03516455 -0.000168629
v 0.13461487 0.025562778 0.006403118
v 0.134845823 0.032376751 0.006018691
v 0.128289938 -0.027783111 -0.001872227
v 0.129074007 -0.023242965 0.002422929
v 0.124716923 -0.011830941 0.000580862
v 0.133559152 -0.038452163 -0.00155744
v 0.15210858 -0.00916931 -0.004872084
v 0.15122959 -0.009152174 -0.013027444
v 0.139023304 0.003073648 -0.087868556
v 0.145140454 0.007396653 -0.089128837
v 0.144650608 -0.003793731 -0.093845725
v 0.141191602 -0.005650088 -0.092743248
v 0.134113476 -0.002646968 -0.086408079
v 0.138881475 -0.009010985 -0.092155293
v 0.14746663 0.034675077 -0.001819633
v 0.145697474 0.039147571 -0.002733059
v 0.129631609 0.024371311 -0.004970096
v 0.125864059 0.028511748 -0.005263895
v 0.146508008 0.02816461 -0.002145573
v 0.139984056 0.02250202 -0.00300245
v 0.133115366 0.022168145 -0.003601164
v 0.129182369 0.037789568 -0.006621733
v 0.135107726 0.042750344 -0.005666204
v 0.129631609 0.024371311 -0.004970096
v 0.141628236 0.0428188 -0.004146762
v 0.14746663 0.034675077 -0.001819633
v 0.135907114 0.041240081 -0.010749936
v 0.142765969 0.041054472 -0.008912086
v 0.146595687 0.037636027 -0.007278249
v 0.147700191 0.027594641 -0.005681224
v 0.14857766 0.033424243 -0.006019443
v 0.130596489 0.022604898 -0.009322539
v 0.128435642 0.027686104 -0.010356277
v 0.14857766 0.033424243 -0.006019443
v 0.140588492 0.021365598 -0.006305113
v 0.135070175 0.021571741 -0.007983923
v 0.130596489 0.022604898 -0.009322539
v 0.129406288 0.035859302 -0.011105061
v 0.130918592 0.035179392 -0.016152978
v 0.137187317 0.040256634 -0.015960783
v 0.12847884 0.025474325 -0.013592452
v 0.144487947 0.039430484 -0.013379708
v 0.147962064 0.036371812 -0.011355639
v 0.148403764 0.026828483 -0.008124776
v 0.149722695 0.03251864 -0.009478703
v 0.132475257 0.022167221 -0.013309568
v 0.149722695 0.03251864 -0.009478703
v 0.142340273 0.021180257 -0.009368435
v 0.135399029 0.020190164 -0.010910578
v 0.132475257 0.022167221 -0.013309568
v 0.148263976 0.025104269 -0.010969087
v 0.142596006 0.019962057 -0.012256071
v 0.137827784 0.019977793 -0.014763013
v 0.135080218 0.022053376 -0.017180204
v 0.132079676 0.034308031 -0.021886945
v 0.137809917 0.039196983 -0.021398731
v 0.129805878 0.024349168 -0.018100426
v 0.144910693 0.038006678 -0.01789999
v 0.148257688 0.034834608 -0.014948219
v 0.149669811 0.030719146 -0.012370229
v 0.135080218 0.022053376 -0.017180204
v 0.149669811 0.030719146 -0.012370229
v 0.149574667 0.024483249 -0.013994642
v 0.150181085 0.028185591 -0.015815258
v 0.137291342 0.021335468 -0.021948785
v 0.133177876 0.025867924 -0.023173183
v 0.150181085 0.028185591 -0.015815258
v 0.149865419 0.033045575 -0.019175664
v 0.144337967 0.019250676 -0.016092345
v 0.143194795 0.021345243 -0.019424386
v 0.137291342 0.021335468 -0.021948785
v 0.131701976 0.032731012 -0.026899785
v 0.13852194 0.038694486 -0.027810946
v 0.146338493 0.037134185 -0.023187682
v 0.142248005 0.038838789 -0.033927485
v 0.14868471 0.036911801 -0.029311538
v 0.152094841 0.030061811 -0.024556346
v 0.149449617 0.01793094 -0.02077055
v 0.152364776 0.023567051 -0.020871967
v 0.140304685 0.023674503 -0.025725931
v 0.134835601 0.026696309 -0.029700704
v 0.152364776 0.023567051 -0.020871967
v 0.15145734 0.020869523 -0.023980975
v 0.144739076 0.020290717 -0.025103092
v 0.140304685 0.023674503 -0.025725931
v 0.136183351 0.034313127 -0.034941003
v 0.157215253 0.026820034 -0.030571476
v 0.154090926 0.036526442 -0.035098448
v 0.157679752 0.01893881 -0.027457967
v 0.153258294 0.012522161 -0.029587165
v 0.156087086 0.00581792 -0.031922191
v 0.165509239 0.004936546 -0.041653179
v 0.163506642 0.011325926 -0.037048548
v 0.171575472 0.008314878 -0.046973035
v 0.164544597 0.01324144 -0.035593554
v 0.164544597 0.01324144 -0.035593554
v 0.171575472 0.008314878 -0.046973035
v 0.174359724 0.012848794 -0.05339551
v 0.166096583 0.021068603 -0.039923191
v 0.15630351 0.001504779 -0.03259632
v 0.166815355 -0.000384718 -0.045620099
v 0.15503256 -0.002154052 -0.029837079
v 0.165019646 -0.006550223 -0.046894684
v 0.154172793 -0.010307044 -0.028268188
v 0.161743686 -0.013137877 -0.045516059
v 0.156095058 0.036974221 -0.061724737
v 0.160607815 0.031911552 -0.068799153
v 0.15104425 0.029567122 -0.075453892
v 0.146405846 0.033268318 -0.066835165
v 0.155313477 -0.019998223 -0.025815293
v 0.16217427 -0.022718608 -0.041383453
v 0.156501189 -0.031630278 -0.021559186
v 0.1608143 -0.03381148 -0.034689233
v 0.155770242 -0.045298919 -0.026200578
v 0.159526348 -0.04382576 -0.039092153
v 0.164993837 -0.036721751 -0.047245234
v 0.153745979 -0.044091389 -0.01633136
v 0.154519007 0.02696836 -0.022635408
v 0.156593576 0.015769213 -0.029501051
v 0.157679752 0.01893881 -0.027457967
v 0.152168557 -0.008521944 0.003302485
v 0.124992922 -0.027665868 -0.053704098
v 0.132567018 0.036163643 0.000759557
v 0.132783502 0.039901033 -0.002925083
v 0.135124296 0.044495299 -0.003143355
v 0.125771329 0.010752901 0.002558284
v 0.150128767 0.015462026 -0.02887632
v 0.127837569 -0.035720035 -0.023073211
v 0.126043156 -0.028992608 -0.024526402
v 0.12793012 0.0059845 -0.065651074
v 0.13351658 0.014156625 -0.070556968
v 0.123603374 -0.021709457 -0.056264728
v 0.140998885 0.023256823 -0.074612096
v 0.123768479 -0.001585916 -0.030419588
v 0.143921584 -0.044295564 -0.003352091
v 0.150622636 -0.039869323 -0.002902716
v 0.168024316 -0.027177513 -0.05526419
v 0.168940172 -0.017276376 -0.060622469
v 0.148834497 0.020605192 -0.02567324
v 0.143786103 0.028303012 -0.024119228
v 0.134021923 0.026560858 -0.032044619
v 0.143786103 0.028303012 -0.024119228
v 0.140066355 0.03472136 -0.045163631
v 0.147145003 0.039145932 -0.043809079
v 0.141115472 -0.047666267 -0.030110881
v 0.14996019 -0.051697209 -0.05143787
v 0.155390739 -0.050060585 -0.043014713
v 0.149236202 -0.048178568 -0.027511358
v 0.146015003 -0.047312334 -0.017347693
v 0.138713911 -0.045389786 -0.019713089
v 0.137077287 -0.043046609 -0.00886628
v 0.166215718 0.03216666 -0.050576404
v 0.173487142 0.022967368 -0.059962392
v 0.131864503 -0.00808014 -0.085152328
v 0.126990989 -0.004813895 -0.075555995
v 0.130448505 0.002329096 -0.078156427
v 0.130866364 -0.013681367 -0.084160656
v 0.125201508 -0.01161103 -0.073418543
v 0.130732462 -0.019213066 -0.083045542
v 0.124915242 -0.018220559 -0.071185037
v 0.131518275 -0.024766371 -0.08172895
v 0.125439316 -0.024805114 -0.068719432
v 0.13303563 -0.03005819 -0.080532327
v 0.126864702 -0.031248972 -0.066472486
v 0.147311568 -0.020209745 -0.092685178
v 0.146418169 -0.041390672 -0.087383375
v 0.148940578 -0.062163249 -0.086560607
v 0.157510757 -0.1123624 -0.089166179
v 0.152438313 -0.08866249 -0.08411935
v 0.104181699 -0.263806164 0.006291904
v 0.098575301 -0.264881909 0.018771641
v 0.113221489 -0.260168314 -0.005188033
v 0.124083035 -0.255014956 -0.020238176
v 0.137675136 -0.249227628 -0.038483068
v 0.152478456 -0.242777839 -0.058948129
v 0.168384105 -0.239778265 -0.079972535
v 0.182875961 -0.240971074 -0.100497678
v 0.135605648 -0.035230264 -0.079601258
v 0.129187346 -0.037345782 -0.064520881
v 0.139512137 -0.040249512 -0.079370275
v 0.133872777 -0.043956891 -0.062719271
v 0.135829762 0.009621307 -0.081100971
v 0.144816592 -0.044142559 -0.080135241
v 0.145251438 -0.038751021 -0.091720358
v 0.149379998 -0.041562811 -0.092785314
v 0.149052411 -0.003797665 -0.095029116
v 0.09870173 -0.398857474 0.008489303
v 0.104620248 -0.391871512 -0.002495766
v 0.111195713 -0.3879264 -0.021569684
v 0.122222096 -0.38148874 -0.044098496
v 0.136224881 -0.369691491 -0.071838245
v 0.15190877 -0.358374417 -0.090060696
v 0.165419996 -0.343362689 -0.103715286
v 0.179861963 -0.3378492 -0.119697586
v 0.196435273 -0.33091104 -0.138586953
v 0.209302843 -0.320474744 -0.153465107
v 0.221347779 -0.30705148 -0.169973955
v 0.227309912 -0.284958541 -0.182155892
v 0.225977123 -0.257834733 -0.182770714
v 0.219672874 -0.225722775 -0.180078104
v 0.21205245 -0.194515005 -0.175932869
v 0.202053338 -0.161787674 -0.166375741
v 0.189746976 -0.125415668 -0.153254077
v 0.18120411 -0.091327295 -0.14035292
v 0.176066428 -0.067824528 -0.132979944
v 0.169613153 -0.050809905 -0.126288638
v 0.164150551 -0.040317073 -0.118857697
v 0.158484414 -0.039053217 -0.108097866
v 0.15209195 -0.045390293 -0.082562685
v 0.154201135 -0.042852744 -0.094438076
v 0.155553967 0.043216527 -0.002987526
v 0.151933283 0.048151314 -0.004326247
v 0.151635408 0.041379303 -0.01148805
v 0.156593889 0.041117638 -0.007515974
v 0.151635408 0.041379303 -0.01148805
v 0.151933283 0.048151314 -0.004326247
v 0.133905858 0.028446928 -0.029107332
v 0.149520874 0.037123904 -0.019212432
v 0.142196819 0.035079464 -0.050100446
v 0.132741302 0.033580408 -0.025613278
v 0.135104805 0.02865918 -0.051161766
v 0.139779717 -0.048699781 -0.063028768
v 0.150421619 -0.049778238 -0.066683546
v 0.136819363 0.036254272 -0.029247329
v 0.164987147 -0.043167159 -0.064713046
v 0.14996019 -0.051697209 -0.05143787
v 0.150421619 -0.049778238 -0.066683546
v 0.160562754 -0.044290051 -0.073429629
v 0.168045267 -0.032686234 -0.072029829
v 0.165882275 -0.03572768 -0.078762487
v 0.170020506 -0.022275448 -0.075792983
v 0.169065967 -0.025844842 -0.082380429
v 0.174226776 -0.007964641 -0.075139061
v 0.171662584 -0.013303578 -0.083864644
v 0.174887344 0.00035435 -0.074435756
v 0.173539385 0.001130551 -0.081728071
v 0.170442805 0.012106895 -0.081748143
v 0.161728397 0.018862993 -0.084127858
v 0.154062703 0.021515608 -0.083628789
v 0.165812656 -0.040830091 -0.056470677
v 0.155390739 -0.050060585 -0.043014713
v 0.169202879 -0.030179948 -0.065605417
v 0.164993837 -0.036721751 -0.047245234
v 0.159526348 -0.04382576 -0.039092153
v 0.172649577 -0.007160068 -0.059674039
v 0.17460303 0.000729769 -0.057708859
v 0.168024316 -0.027177513 -0.05526419
v 0.170489505 -0.019569635 -0.070356056
v 0.168940172 -0.017276376 -0.060622469
v 0.174859211 -0.007168978 -0.068172902
v 0.172649577 -0.007160068 -0.059674039
v 0.176948681 0.002444774 -0.063766733
v 0.17460303 0.000729769 -0.057708859
v 0.087672874 -0.387897968 -0.006947935
v 0.091426224 -0.383312941 -0.017398536
v 0.09667851 -0.37828511 -0.032994196
v 0.105230071 -0.367964029 -0.054489404
v 0.11966259 -0.357310236 -0.077238515
v 0.136037931 -0.346340179 -0.095889062
v 0.15244475 -0.335582435 -0.109874681
v 0.167432457 -0.327767372 -0.123631641
v 0.183690846 -0.321771324 -0.142288193
v 0.196874052 -0.316187084 -0.157138392
v 0.208206713 -0.305265248 -0.172975823
v 0.214300752 -0.285408854 -0.182972446
v 0.213414878 -0.259669542 -0.183776155
v 0.207699656 -0.228668764 -0.181890324
v 0.200820819 -0.198269352 -0.177758619
v 0.191181034 -0.16562815 -0.166503295
v 0.181328267 -0.12935026 -0.152260289
v 0.174085736 -0.095736429 -0.14097859
v 0.16816631 -0.072269782 -0.133395448
v 0.163960457 -0.054027632 -0.126977876
v 0.160580635 -0.042815134 -0.119705155
v 0.15880473 -0.039788678 -0.109196976
v 0.143168539 0.01577194 -0.084020406
v 0.132003278 -0.041521892 -0.021318957
v 0.166533843 -0.176702425 -0.099040762
v 0.163686872 -0.144426748 -0.094729632
v 0.17151843 -0.204522356 -0.102328435
v 0.177622184 -0.231080219 -0.106615946
v 0.18556121 -0.245300904 -0.114371523
v 0.190715492 -0.253317893 -0.11828272
v 0.195826113 -0.255400538 -0.121697113
v 0.196617395 -0.252756 -0.120600596
v 0.192700118 -0.249586269 -0.112869605
v 0.149520874 0.037123904 -0.019212432
v 0.151456907 0.009008735 -0.089707896
v 0.158648506 0.008410692 -0.088679835
v 0.153564572 -0.005841374 -0.096277356
v 0.149052411 -0.003797665 -0.095029116
v 0.163712993 0.002819687 -0.089300707
v 0.15751718 -0.009696156 -0.097453877
v 0.165793791 -0.007176369 -0.091647953
v 0.160379574 -0.015900761 -0.098413125
v 0.165489659 -0.018685609 -0.092649028
v 0.164968386 -0.028343707 -0.091167644
v 0.162565336 -0.036298171 -0.089223042
v 0.158582807 -0.042382911 -0.086277962
v 0.15209195 -0.045390293 -0.082562685
v 0.154201135 -0.042852744 -0.094438076
v 0.158386394 -0.041520432 -0.09655945
v 0.137640044 -0.013320193 -0.091882348
v 0.137240842 -0.017831579 -0.091980383
v 0.139475077 -0.031131521 -0.091426536
v 0.141862184 -0.035061017 -0.091317117
v 0.158386394 -0.041520432 -0.09655945
v 0.16097407 -0.037656918 -0.098059341
v 0.162182704 -0.031470239 -0.098745242
v 0.137316495 -0.022356734 -0.091816485
v 0.161987439 -0.023827881 -0.098902434
v 0.138014629 -0.026870057 -0.091609702
v 0.154201135 -0.042852744 -0.094438076
v 0.158386394 -0.041520432 -0.09655945
v 0.137640044 -0.013320193 -0.091882348
v 0.162182704 -0.031470239 -0.098745242
v 0.161987439 -0.023827881 -0.098902434
v 0.141862184 -0.035061017 -0.091317117
v 0.137316495 -0.022356734 -0.091816485
v 0.138014629 -0.026870057 -0.091609702
v 0.139475077 -0.031131521 -0.091426536
v 0.16097407 -0.037656918 -0.098059341
v 0.137240842 -0.017831579 -0.091980383
v -0.195553571 -0.060677603 0.063294128
v -0.182325184 -0.071037009 0.06280227
v -0.172541767 -0.061951831 0.058171961
v -0.186309248 -0.051988468 0.057160769
v -0.16309759 -0.049816057 0.053964891
v -0.175623536 -0.041783735 0.05184868
v -0.170925766 -0.080051377 0.060768329
v -0.161975563 -0.071259513 0.055216596
v -0.152687728 -0.058533803 0.053119831
v -0.15435344 -0.097233132 0.044991851
v -0.150005579 -0.103662118 0.033912037
v -0.142016768 -0.095615223 0.029406976
v -0.145287961 -0.086799905 0.042882808
v -0.133432835 -0.084339932 0.024461411
v -0.137774616 -0.077073291 0.039894246
v -0.139229208 -0.098991975 0.001124851
v -0.131650209 -0.089220509 -0.001185298
v -0.144828975 -0.104251221 0.001363784
v -0.150291979 -0.102047428 -0.022970423
v -0.145386964 -0.097099617 -0.023460239
v -0.211630911 -0.052203938 0.058425359
v -0.20232597 -0.043173805 0.050850943
v -0.189971119 -0.03268078 0.044164598
v -0.244495988 -0.067728505 -0.032936901
v -0.236184716 -0.075768188 -0.045678422
v -0.253468245 -0.091156527 -0.046264321
v -0.262328744 -0.081474885 -0.031513162
v -0.199094683 -0.104544535 -0.063251331
v -0.189827681 -0.096985683 -0.064396977
v -0.166043788 -0.098196462 -0.045289546
v -0.173497081 -0.105607137 -0.046721071
v -0.153983116 -0.096802935 -0.037831932
v -0.1597583 -0.104381487 -0.038020909
v -0.218896151 -0.038998738 0.039902683
v -0.234630913 -0.039370701 0.022975169
v -0.246572167 -0.050348893 0.029787622
v -0.229761004 -0.048098281 0.047132537
v -0.245234132 -0.045151517 0.003779441
v -0.260382742 -0.05677478 0.00970488
v -0.247943401 -0.057205215 -0.016329199
v -0.26435101 -0.068884984 -0.012092754
v -0.231111497 -0.039133593 -0.021497831
v -0.227458864 -0.047207549 -0.037327245
v -0.219994247 -0.05645065 -0.050152883
v -0.176799327 -0.086236641 -0.067684785
v -0.152208507 -0.08854498 -0.050831184
v -0.148233175 -0.09038876 -0.039286427
v -0.204932719 -0.028784513 0.031329308
v -0.217851251 -0.029157996 0.014386691
v -0.137287527 -0.089632794 -0.025209516
v -0.227001131 -0.032053679 -0.003193542
v -0.224788398 -0.083317235 -0.055472821
v -0.240588546 -0.097010568 -0.056372538
v -0.209351152 -0.066592529 -0.060428351
v -0.138690621 -0.071989372 -0.053759977
v -0.133967549 -0.072873369 -0.04121834
v -0.191347092 -0.01223436 0.024208132
v -0.203019708 -0.011355966 0.006544903
v -0.152001858 -0.034348696 0.050531559
v -0.163130701 -0.026603788 0.046564471
v -0.123698756 -0.074736819 -0.025494814
v -0.192567348 -0.045427844 -0.067277953
v -0.202974707 -0.03404969 -0.056855336
v -0.210314065 -0.012272686 -0.009894297
v -0.141725659 -0.042147443 0.051518016
v -0.213595867 -0.015822589 -0.026484415
v -0.176677883 -0.018417805 0.036954992
v -0.211304635 -0.022552311 -0.043123119
v -0.12175411 -0.069046274 0.020851627
v -0.126747787 -0.061422184 0.036706213
v -0.157574594 -0.069811866 -0.069212139
v -0.120143354 -0.074299112 -0.004975066
v -0.125003234 -0.05392985 -0.054760158
v -0.120252877 -0.053908333 -0.041499183
v -0.176958233 0.009517223 0.020892769
v -0.186278403 0.010605067 0.002431996
v -0.129126936 -0.023017272 0.048635736
v -0.139602005 -0.014767215 0.048500672
v -0.113121018 -0.056511059 -0.027682856
v -0.192740947 0.008863449 -0.014892086
v -0.109957397 -0.054806784 -0.0086537
v -0.195689529 0.005171835 -0.030507073
v -0.163087904 0.002005935 0.034564398
v -0.19464463 -0.001661092 -0.047706068
v -0.109851494 -0.050079927 0.016948275
v -0.114368021 -0.041084871 0.033506684
v -0.17201668 -0.023586601 -0.071520925
v -0.183993191 -0.012732238 -0.059530973
v -0.13923192 -0.047430977 -0.070613697
v -0.150919199 -0.006262034 0.043401968
v -0.106917292 -0.033223465 -0.042135797
v -0.099802688 -0.035483673 -0.029538885
v -0.170767337 0.030526429 0.000334993
v -0.175736696 0.028029978 -0.018193513
v -0.09727262 -0.032758549 -0.010779053
v -0.177402318 0.023890167 -0.034233272
v -0.150774091 0.023535907 0.032487385
v -0.162538499 0.029636085 0.019017093
v -0.172310024 0.015764326 -0.048625693
v -0.09644559 -0.027215526 0.011923857
v -0.099626288 -0.01962398 0.029596761
v -0.153962314 -0.003542572 -0.069317833
v -0.164579183 0.006844312 -0.060791865
v -0.12463361 -0.024585024 -0.069478288
v -0.112085953 -0.032041922 -0.056968346
v -0.139116913 0.015478149 0.039926022
v -0.127359331 0.007081762 0.044165652
v -0.116084963 -0.001368031 0.044208184
v -0.08768566 -0.011941478 -0.033041969
v -0.085130885 -0.008233324 -0.015966304
v -0.16087243 0.045730501 -0.018841937
v -0.161841303 0.04164806 -0.036954664
v -0.140905827 0.041151896 0.028534465
v -0.150580078 0.046504766 0.017898493
v -0.156084776 0.034314811 -0.050738722
v -0.082995564 -0.003576264 0.006246902
v -0.085321426 0.004191473 0.022672586
v -0.139750302 0.016052231 -0.070307344
v -0.149312019 0.025823355 -0.063810676
v -0.113831878 -0.003311023 -0.066124156
v -0.102697566 -0.010113999 -0.05682151
v -0.129808962 0.033926412 0.033436064
v -0.118202016 0.028436467 0.036372427
v -0.095402196 -0.012883499 -0.044059716
v -0.156884938 0.04810068 5.5589e-05
v -0.105440289 0.021054164 0.036327891
v 0.144443214 0.363264382 0.11257787
v 0.142033428 0.361133277 0.115859084
v 0.140818387 0.35886395 0.11485973
v 0.143759102 0.360868752 0.111242585
v 0.126324877 0.365582824 0.116828784
v 0.124225229 0.36803627 0.114102177
v 0.123591691 0.365770876 0.113512807
v 0.126270801 0.363087714 0.116393335
v 0.135856375 0.360961914 0.118837029
v 0.129720584 0.363211989 0.119356923
v 0.129991427 0.36057651 0.118259862
v 0.135197297 0.358507693 0.118267544
v 0.130809009 0.345944941 0.11295753
v 0.124581598 0.346904755 0.112226591
v 0.123642527 0.343877912 0.111149028
v 0.129558265 0.342927933 0.112064466
v 0.139086857 0.346246123 0.106894068
v 0.135921463 0.346076071 0.110782012
v 0.134758025 0.342870474 0.109840401
v 0.137819752 0.343618214 0.106263593
v 0.120733105 0.348590374 0.110193163
v 0.118234374 0.350325644 0.107411534
v 0.115155824 0.348946273 0.105434045
v 0.117936023 0.345095694 0.108050734
v 0.151512086 0.379383445 0.1211247
v 0.148343831 0.377139628 0.124322943
v 0.144741043 0.370929301 0.120826773
v 0.148299634 0.372873306 0.116996244
v 0.134971991 0.382778883 0.127393201
v 0.133451447 0.386171699 0.125554234
v 0.129876986 0.38016969 0.12020503
v 0.131920904 0.377293706 0.123031192
v 0.143773213 0.376871169 0.127080068
v 0.138956681 0.37920171 0.128056675
v 0.135351747 0.373841345 0.124250419
v 0.140339836 0.370943606 0.123612888
v 0.1458814 0.372660816 0.106567532
v 0.148101658 0.379775524 0.110212281
v 0.149622381 0.377153218 0.112658747
v 0.147341192 0.371004403 0.109009892
v 0.134702906 0.356422722 0.117544182
v 0.129463524 0.357931495 0.116576344
v 0.142951578 0.363506794 0.102378994
v 0.143738776 0.365654767 0.103217274
v 0.144997582 0.363597929 0.105674461
v 0.144402593 0.361408114 0.105080709
v 0.137560353 0.349703789 0.095005088
v 0.138994351 0.353381217 0.096632868
v 0.141252935 0.352161288 0.099902496
v 0.140271083 0.348978996 0.098378286
v 0.121308111 0.358372033 0.106344514
v 0.119260155 0.353559196 0.104746155
v 0.119614534 0.352236927 0.108341604
v 0.121394895 0.356255531 0.110454373
v 0.134433299 0.389146864 0.12254148
v 0.129938066 0.382511675 0.117031291
v 0.117501996 0.351146996 0.103458695
v 0.113437258 0.34956789 0.101621822
v 0.124617323 0.370539606 0.109584481
v 0.123508915 0.368115425 0.108600862
v 0.147341192 0.371004403 0.109009892
v 0.149622381 0.377153218 0.112658747
v 0.149394125 0.374958098 0.11472965
v 0.147429451 0.369735062 0.111552723
v 0.140271083 0.348978996 0.098378286
v 0.141252935 0.352161288 0.099902496
v 0.141561881 0.350849509 0.103587873
v 0.140568718 0.347695231 0.102465346
v 0.142615885 0.354750216 0.105427317
v 0.142447934 0.356115162 0.102321491
v 0.143048033 0.35879904 0.11059995
v 0.14026016 0.356986821 0.114167742
v 0.126084358 0.359737992 0.115274534
v 0.122738145 0.362080157 0.112479217
v 0.138910234 0.387414634 0.133046299
v 0.141944543 0.383213222 0.132698685
v 0.1432506 0.384619236 0.134520397
v 0.140629277 0.389038324 0.135896444
v 0.145806164 0.380699515 0.131312713
v 0.150749102 0.381298363 0.12878786
v 0.151426777 0.382218063 0.130549818
v 0.14683336 0.382016063 0.132687151
v 0.159981206 0.396865785 0.137279853
v 0.159298703 0.392791152 0.134480774
v 0.157379583 0.391487896 0.128624544
v 0.157673016 0.393917143 0.129947335
v 0.154791787 0.38481319 0.125544786
v 0.155765191 0.387533188 0.124979928
v 0.156932965 0.389227808 0.128154144
v 0.155653045 0.385957241 0.128403664
v 0.156037763 0.386284173 0.131313801
v 0.158207729 0.390096009 0.132759199
v 0.159128413 0.390862286 0.137379125
v 0.156394228 0.386879742 0.134154797
v 0.15997003 0.393733799 0.143096596
v 0.158656195 0.390926421 0.139114246
v 0.160552159 0.394433737 0.141336977
v 0.144837841 0.397376239 0.14212513
v 0.142823443 0.394043744 0.140244678
v 0.145432606 0.393276274 0.143428475
v 0.147374094 0.395863235 0.146722227
v 0.160062924 0.3953017 0.144902095
v 0.15997003 0.393733799 0.143096596
v 0.160552159 0.394433737 0.141336977
v 0.160393044 0.396270335 0.143259048
v 0.14291881 0.389577687 0.138653144
v 0.144727364 0.385477424 0.136138916
v 0.145703539 0.3863433 0.137079477
v 0.144712627 0.390069008 0.140005648
v 0.152239457 0.397192299 0.148605585
v 0.155844912 0.397002518 0.148018509
v 0.156383887 0.398656845 0.147421703
v 0.151742116 0.398386359 0.148500115
v 0.147992983 0.383089602 0.134093046
v 0.15205425 0.383410215 0.132473469
v 0.152816713 0.384796321 0.134100109
v 0.149027094 0.384561479 0.135405779
v 0.149632066 0.385762274 0.135961965
v 0.146572381 0.387830198 0.137649924
v 0.153395072 0.386359513 0.135001957
v 0.13060841 0.377653718 0.107653722
v 0.133813128 0.385100543 0.11195913
v 0.139138967 0.384226203 0.108684257
v 0.135911554 0.37761277 0.104650453
v 0.127218664 0.367103577 0.101579532
v 0.128203094 0.36996609 0.103781328
v 0.133499473 0.370097399 0.101502948
v 0.132261217 0.367584944 0.099753812
v 0.121092103 0.350952208 0.096369654
v 0.123296998 0.355478883 0.097292811
v 0.127971068 0.355849683 0.094343573
v 0.12616089 0.352123559 0.093454607
v 0.156568572 0.402057469 0.142144918
v 0.150536522 0.401392817 0.144055516
v 0.146275744 0.390787721 0.140544564
v 0.147103101 0.393184483 0.144193888
v 0.148655683 0.395503998 0.147610247
v 0.159298703 0.392791152 0.134480774
v 0.156133935 0.388301849 0.136072502
v 0.148840368 0.402133942 0.137622118
v 0.154530749 0.402129591 0.136144266
v 0.150526181 0.399208546 0.12876606
v 0.145764679 0.399528086 0.130720198
v 0.157379583 0.391487896 0.128624544
v 0.156279132 0.389934719 0.125172377
v 0.156279132 0.389934719 0.125172377
v 0.155954912 0.392594337 0.125684127
v 0.142334446 0.396977246 0.136629581
v 0.140322238 0.393320918 0.136513337
v 0.137410015 0.386558354 0.131135091
v 0.141010791 0.382431209 0.131271079
v 0.145064443 0.380079091 0.130101204
v 0.149904624 0.380607307 0.127387524
v 0.142689407 0.39664793 0.124449834
v 0.147036061 0.396022856 0.122431859
v 0.14577654 0.393908083 0.119640976
v 0.141160622 0.394394577 0.121692374
v 0.131808028 0.348517478 0.114223197
v 0.133362949 0.351945579 0.115683608
v 0.128280669 0.353525996 0.114654168
v 0.125864014 0.349217594 0.11323534
v 0.140895113 0.358165622 0.099253044
v 0.142447934 0.356115162 0.102321491
v 0.122340284 0.364430487 0.107869342
v 0.143957555 0.360017061 0.107812509
v 0.144402593 0.361408114 0.105080709
v 0.140354007 0.34967953 0.107517727
v 0.141296238 0.353297889 0.108517513
v 0.138675719 0.352272511 0.112132981
v 0.137380064 0.348948836 0.111463457
v 0.12277887 0.35015136 0.111730821
v 0.124859653 0.354628921 0.113174394
v 0.124993108 0.361295581 0.099686295
v 0.130670294 0.361539841 0.096599922
v 0.138362542 0.366313219 0.121879488
v 0.132323056 0.368692935 0.121524818
v 0.130649596 0.365681469 0.120274216
v 0.136708722 0.363424718 0.119854406
v 0.137602657 0.393797576 0.12807937
v 0.136616841 0.390683711 0.129661143
v 0.138478309 0.392452538 0.132988036
v 0.139861196 0.395708144 0.132048085
v 0.128523961 0.371035278 0.119311199
v 0.126564592 0.373396099 0.116816811
v 0.125126585 0.370494485 0.115256317
v 0.127110615 0.368327439 0.117878489
v 0.153422207 0.390372813 0.120854147
v 0.154387787 0.388122559 0.121417865
v 0.15339984 0.386380255 0.119361691
v 0.152429327 0.388546526 0.118688449
v 0.152702034 0.385028124 0.118394002
v 0.15339984 0.386380255 0.119361691
v 0.153401226 0.384589672 0.120458469
v 0.152787238 0.383149922 0.119640879
v 0.144409984 0.367856383 0.104044206
v 0.145270616 0.369993985 0.105304435
v 0.146468103 0.368279397 0.107572898
v 0.14567703 0.366312325 0.106382377
v 0.129016101 0.371997237 0.104957968
v 0.129861206 0.374958217 0.106154591
v 0.135101348 0.375236988 0.103422359
v 0.134393066 0.372271717 0.102186546
v 0.143395752 0.366459072 0.11898151
v 0.142452568 0.363544047 0.117128424
v 0.146587163 0.368101001 0.114871077
v 0.14536427 0.365168393 0.113406807
v 0.126941904 0.376103699 0.112461239
v 0.125725165 0.37316072 0.110519364
v 0.14567703 0.366312325 0.106382377
v 0.146468103 0.368279397 0.107572898
v 0.146223485 0.366649151 0.110337503
v 0.145320743 0.364685595 0.109487206
v 0.153573841 0.383668303 0.123045355
v 0.154292539 0.38590467 0.121896222
v 0.140006959 0.392484009 0.119887784
v 0.144590512 0.391952097 0.117745452
v 0.151783973 0.386897624 0.117374234
v 0.152702034 0.385028124 0.118394002
v 0.154387787 0.388122559 0.121417865
v 0.144997582 0.363597929 0.105674461
v 0.14455913 0.362268031 0.108504251
v 0.152369827 0.381220102 0.121410325
v 0.14906767 0.37876302 0.125332117
v 0.135666028 0.384385586 0.128432617
v 0.134312421 0.38803041 0.126691163
v 0.144436494 0.378556073 0.128205061
v 0.139854178 0.380696118 0.129210234
v 0.135290325 0.390682399 0.123814255
v 0.152129874 0.383310437 0.117398269
v 0.152119294 0.381346881 0.118784241
v 0.138965502 0.390980542 0.117907815
v 0.143525019 0.390243053 0.115927704
v 0.151221454 0.385117114 0.115977101
v 0.152129874 0.383310437 0.117398269
v 0.153078586 0.382670939 0.122033507
v 0.149516806 0.379619122 0.126214936
v 0.136365637 0.385579348 0.12948823
v 0.135422125 0.389446914 0.127859116
v 0.144690365 0.37924701 0.129023314
v 0.14032644 0.381372929 0.130197391
v 0.136354104 0.392090976 0.125376761
v 0.144003004 0.382528007 0.108361393
v 0.142053932 0.375912547 0.104559712
v 0.139684528 0.367949307 0.101413973
v 0.138894588 0.365916789 0.099890187
v 0.134465158 0.355183423 0.094221741
v 0.132401839 0.351188719 0.092744023
v 0.159518197 0.399516165 0.139725924
v 0.157061324 0.398872375 0.132903576
v 0.159170464 0.396030009 0.146129951
v 0.159321353 0.397461474 0.14522706
v 0.153789073 0.396956325 0.126915604
v 0.137339249 0.360132754 0.09697824
v 0.15036568 0.394558549 0.121630676
v 0.14941667 0.391974807 0.11877919
v 0.1411805 0.37300235 0.103160962
v 0.140501529 0.370300949 0.102311283
v 0.148569614 0.389907181 0.116805702
v 0.147662669 0.388222575 0.114817813
v 0.122223459 0.35980463 0.103266343
v 0.124340996 0.365706444 0.104890928
v 0.118248545 0.351427734 0.099563889
v 0.120434783 0.354341209 0.100843295
v 0.137447774 0.392211258 0.121490911
v 0.138489515 0.393633008 0.123234704
v 0.149527013 0.397816062 0.148330271
v 0.146867648 0.399701953 0.143520787
v 0.125373021 0.369080424 0.106073864
v 0.126605019 0.371475518 0.107012995
v 0.131117955 0.38399893 0.114110813
v 0.13628906 0.390718758 0.119954355
v 0.144855872 0.399669826 0.136991501
v 0.14288944 0.398422599 0.131284148
v 0.128599063 0.376841187 0.110135466
v 0.127384037 0.374175847 0.108393103
v 0.149832666 0.396746218 0.148192406
v 0.139731735 0.395685971 0.125711158
v 0.152130306 0.396001339 0.148219734
v 0.155701116 0.395691931 0.147846326
v 0.155844912 0.397002518 0.148018509
v 0.152239457 0.397192299 0.148605585
v 0.149883017 0.386755228 0.135375693
v 0.147247165 0.388577759 0.137377933
v 0.159170464 0.396030009 0.146129951
v 0.158148423 0.395192504 0.14579998
v 0.146738753 0.391301692 0.140273243
v 0.158917561 0.39393574 0.143497333
v 0.157841995 0.39179194 0.139704898
v 0.148274079 0.393747032 0.143978268
v 0.149843484 0.395583689 0.146903664
v 0.149832666 0.396746218 0.148192406
v 0.150616392 0.395921767 0.147805214
v 0.155925795 0.38889569 0.136426032
v 0.158823445 0.394532382 0.144972086
v 0.160062924 0.3953017 0.144902095
v 0.152976885 0.387331545 0.135341316
v 0.154723927 0.393766224 0.146175385
v 0.155046299 0.394990146 0.146725997
v 0.153195322 0.39151907 0.143345699
v 0.152089819 0.389723182 0.140934527
v 0.104711995 0.360602438 0.135760888
v 0.103578351 0.357709169 0.136226609
v 0.104506992 0.356585801 0.134410143
v 0.105557293 0.359764516 0.133407593
v 0.089931466 0.352566779 0.13511014
v 0.085767642 0.355576336 0.134111077
v 0.085782185 0.355027974 0.132488489
v 0.089786939 0.351836562 0.13373214
v 0.09975756 0.353096783 0.136478618
v 0.093993984 0.35214144 0.136290789
v 0.094271742 0.3510499 0.134660199
v 0.09995129 0.352248013 0.135128364
v 0.102622963 0.336565733 0.122124344
v 0.096961521 0.335867405 0.123018131
v 0.095952295 0.333376467 0.120107226
v 0.102538846 0.336033225 0.120218329
v 0.109297298 0.34725982 0.115130052
v 0.106969379 0.342401445 0.119024232
v 0.107683398 0.339752972 0.115824416
v 0.110842682 0.343718112 0.108163983
v 0.091945432 0.339479744 0.120194539
v 0.088682629 0.341485083 0.117911726
v 0.089048408 0.340399563 0.114000514
v 0.090922855 0.335978508 0.114052162
v 0.101978391 0.361919403 0.159534603
v 0.101120979 0.359854996 0.159135878
v 0.101418048 0.359985411 0.152189821
v 0.102625594 0.363429725 0.152592331
v 0.087791473 0.356463969 0.156953007
v 0.085051194 0.358386934 0.157504529
v 0.084729657 0.358807623 0.150559142
v 0.087833196 0.356497347 0.150288969
v 0.097000383 0.35584718 0.15700528
v 0.091625914 0.355214894 0.156663865
v 0.09257105 0.354868472 0.150046691
v 0.097668864 0.355675042 0.15039359
v 0.100279316 0.370726168 0.145245746
v 0.098816663 0.371629953 0.153995007
v 0.101832375 0.369300902 0.153476089
v 0.102860197 0.367820263 0.145336151
v 0.10037788 0.35059303 0.13407737
v 0.094553404 0.349516749 0.133955672
v 0.102216333 0.365815043 0.126841217
v 0.101431981 0.367405593 0.129906997
v 0.104695067 0.365289032 0.1308579
v 0.105407223 0.363513291 0.128483295
v 0.103181861 0.353055656 0.105708845
v 0.102686055 0.356286705 0.112027079
v 0.106177978 0.355041683 0.114148527
v 0.107058935 0.352086425 0.108940609
v 0.085185029 0.351616681 0.121373899
v 0.086001001 0.348140538 0.11897064
v 0.087917067 0.344805777 0.122322515
v 0.087396078 0.348054647 0.123834953
v 0.083092108 0.362078846 0.158576399
v 0.08266744 0.363364041 0.151358813
v 0.086731933 0.344861031 0.11406637
v 0.086261876 0.342949033 0.111320406
v 0.083732545 0.35908252 0.133068949
v 0.084001526 0.358286738 0.1311699
v 0.102860197 0.367820263 0.145336151
v 0.101832375 0.369300902 0.153476089
v 0.102859825 0.366341949 0.152717084
v 0.103567868 0.365120053 0.14555712
v 0.107058935 0.352086425 0.108940609
v 0.106177978 0.355041683 0.114148527
v 0.108507656 0.352962315 0.117363319
v 0.109412752 0.350674927 0.111782417
v 0.107763417 0.356169879 0.120943315
v 0.106073469 0.358975828 0.118721202
v 0.105907999 0.358095944 0.131613642
v 0.10471528 0.355371296 0.132737026
v 0.089939438 0.350845695 0.132955417
v 0.086207896 0.353357315 0.131340086
v 0.088219345 0.353401005 0.16118294
v 0.092063457 0.352968395 0.159813464
v 0.092046581 0.351188242 0.162203938
v 0.088759072 0.350635111 0.163340181
v 0.096617348 0.353822649 0.160156876
v 0.100278787 0.355972469 0.162600607
v 0.10023763 0.354009748 0.164600194
v 0.096455894 0.352396131 0.162425011
v 0.100598551 0.348828793 0.180491984
v 0.101995252 0.349954784 0.176974922
v 0.101347946 0.355077565 0.173553199
v 0.099096619 0.354795694 0.178249836
v 0.101467736 0.357506812 0.164737701
v 0.101683162 0.35850209 0.167573065
v 0.102003224 0.355285406 0.169876575
v 0.10170915 0.354941249 0.166910499
v 0.101859458 0.352986336 0.168470114
v 0.102201678 0.352331221 0.172208846
v 0.102048717 0.348930657 0.173411041
v 0.101607732 0.351310372 0.170063317
v 0.101421572 0.345036805 0.176019043
v 0.101641022 0.348201871 0.173532337
v 0.101798944 0.346053481 0.176581055
v 0.087003447 0.34591198 0.171674222
v 0.087971576 0.347585917 0.167380631
v 0.089622281 0.345723808 0.168860406
v 0.088995107 0.342282891 0.173171818
v 0.10074199 0.342932522 0.178043753
v 0.101421572 0.345036805 0.176019043
v 0.101798944 0.346053481 0.176581055
v 0.100730263 0.343420625 0.179196566
v 0.089478575 0.348969281 0.164776295
v 0.092389323 0.350259781 0.163036883
v 0.092595123 0.349465847 0.164427757
v 0.090296589 0.347891927 0.166278929
v 0.092500053 0.339847028 0.176467866
v 0.095613696 0.339889765 0.178060859
v 0.094944604 0.340171874 0.179818362
v 0.091214873 0.340104759 0.178038031
v 0.096560888 0.351564467 0.1630449
v 0.100090005 0.35282439 0.16541186
v 0.099847443 0.351713955 0.166953564
v 0.096398614 0.350999177 0.164496034
v 0.096136026 0.350653946 0.166011184
v 0.093085937 0.349440396 0.165906727
v 0.09917482 0.351307392 0.168302864
v 0.08618468 0.368698001 0.144303322
v 0.086113632 0.36931926 0.152446419
v 0.090343609 0.37152034 0.153138727
v 0.091035455 0.371302426 0.144812971
v 0.087821856 0.364013791 0.125828654
v 0.087436616 0.365448773 0.128949508
v 0.092476696 0.368151367 0.128261521
v 0.092729986 0.366489708 0.12479797
v 0.08814051 0.349155605 0.106933884
v 0.089184895 0.353787899 0.112851575
v 0.093514614 0.35639745 0.110938892
v 0.093087889 0.352246344 0.103722438
v 0.092879139 0.345061183 0.183006257
v 0.088528655 0.344309211 0.180271953
v 0.091269575 0.34773922 0.166946709
v 0.090508066 0.34473592 0.169739097
v 0.090677343 0.341686785 0.17320019
v 0.101995252 0.349954784 0.176974922
v 0.100856192 0.350557148 0.170832008
v 0.086984761 0.351909697 0.177821875
v 0.091021955 0.35296613 0.181127071
v 0.090296119 0.359810054 0.175414801
v 0.086492002 0.358262599 0.172987193
v 0.101347946 0.355077565 0.173553199
v 0.101078123 0.359483719 0.16999802
v 0.101078123 0.359483719 0.16999802
v 0.099000633 0.360436976 0.172882766
v 0.085595869 0.350295365 0.170421183
v 0.086754732 0.35028863 0.165725231
v 0.087747708 0.355445027 0.159959853
v 0.091670886 0.354677439 0.159104824
v 0.096575759 0.35510999 0.159869969
v 0.100314267 0.357720673 0.162121922
v 0.085870445 0.363635898 0.169146866
v 0.089810938 0.365401804 0.170928448
v 0.089760721 0.367736638 0.167999655
v 0.085870638 0.365755439 0.166483313
v 0.102401279 0.340858161 0.125865564
v 0.102041893 0.345254362 0.127965599
v 0.09625604 0.343684673 0.127934411
v 0.096550204 0.339324951 0.126153097
v 0.103287205 0.360742211 0.117095575
v 0.106073469 0.358975828 0.118721202
v 0.084471211 0.356860936 0.129548892
v 0.106250852 0.361110985 0.12990576
v 0.105407223 0.363513291 0.128483295
v 0.10830567 0.34980613 0.120583162
v 0.107681118 0.352915049 0.123251207
v 0.105894543 0.349673152 0.125684977
v 0.106196053 0.345043004 0.123460203
v 0.091821514 0.34129101 0.124636702
v 0.090979792 0.344850302 0.126362428
v 0.088472694 0.357952178 0.117206343
v 0.093763769 0.361058474 0.115546949
v 0.098465614 0.353767753 0.14476715
v 0.09360712 0.352756858 0.144297794
v 0.093946107 0.353172123 0.140247881
v 0.098837934 0.354221523 0.141093165
v 0.083783805 0.359377801 0.164333165
v 0.085295424 0.356799126 0.161333382
v 0.085759193 0.354258358 0.162980705
v 0.084604681 0.355730891 0.166857481
v 0.088808194 0.354453206 0.14365536
v 0.08568038 0.356621742 0.143319041
v 0.085962519 0.356312096 0.137845099
v 0.089397177 0.354275882 0.139210656
v 0.09878549 0.364904523 0.169614226
v 0.101229891 0.362930059 0.167206049
v 0.101020038 0.365005314 0.165609449
v 0.098674908 0.367058754 0.167400599
v 0.100988477 0.366580546 0.163524687
v 0.101020038 0.365005314 0.165609449
v 0.101657093 0.363110662 0.16435352
v 0.101724848 0.364517212 0.162362248
v 0.101448283 0.36881882 0.133218959
v 0.101151258 0.369988084 0.137337357
v 0.104079232 0.366966069 0.138619572
v 0.104448065 0.366330326 0.133814722
v 0.087201446 0.367308736 0.131950766
v 0.086599484 0.368552685 0.136089802
v 0.091815218 0.371082604 0.135821402
v 0.092015967 0.370079815 0.131973609
v 0.102098115 0.358222246 0.145130977
v 0.102229007 0.358201981 0.140731961
v 0.103238717 0.361741364 0.145301819
v 0.103754029 0.361543238 0.140366077
v 0.083382353 0.361793458 0.14377594
v 0.083599076 0.359936535 0.137120113
v 0.104448065 0.366330326 0.133814722
v 0.104079232 0.366966069 0.138619572
v 0.104507297 0.3643713 0.139277697
v 0.105311528 0.363737881 0.134874016
v 0.101375908 0.359524727 0.163909167
v 0.101632491 0.361404598 0.165678114
v 0.086059317 0.367031753 0.163427442
v 0.090022832 0.369162917 0.164466709
v 0.098795548 0.368555367 0.164203495
v 0.100988477 0.366580546 0.163524687
v 0.101229891 0.362930059 0.167206049
v 0.104695067 0.365289032 0.1308579
v 0.105756655 0.362895072 0.132112846
v 0.101655096 0.362055302 0.161535591
v 0.100950748 0.360056281 0.16072613
v 0.087594643 0.356929839 0.158299446
v 0.085056096 0.358570457 0.159068346
v 0.096648909 0.356211662 0.15801388
v 0.091311485 0.35564208 0.1575813
v 0.083308727 0.361901641 0.160750061
v 0.10123685 0.367137134 0.161096185
v 0.10207881 0.365038276 0.160262018
v 0.086255059 0.367368579 0.160175949
v 0.090273127 0.369376957 0.160792738
v 0.09903273 0.36917913 0.161244452
v 0.10123685 0.367137134 0.161096185
v 0.101405606 0.360833049 0.16254431
v 0.100563273 0.359058022 0.161760002
v 0.087564215 0.356452703 0.159059018
v 0.085188523 0.358072937 0.16027388
v 0.096578054 0.356061161 0.158887297
v 0.091216698 0.355572045 0.158495575
v 0.083346218 0.361013949 0.162688464
v 0.094890818 0.372356474 0.153834105
v 0.09625867 0.371943295 0.145046234
v 0.098067313 0.368288338 0.129211098
v 0.098749816 0.366789401 0.125829175
v 0.09954565 0.356974661 0.111234382
v 0.098916464 0.352720082 0.102455862
v 0.098073505 0.346985161 0.182939768
v 0.095950969 0.354067266 0.180754095
v 0.09868028 0.341316938 0.178482592
v 0.09902408 0.34205544 0.179913968
v 0.095332652 0.360838234 0.175217599
v 0.099875197 0.361680329 0.116032608
v 0.094825536 0.365879834 0.171257645
v 0.094823211 0.368204236 0.168292344
v 0.097224087 0.37142849 0.136380255
v 0.097942814 0.370239556 0.132831916
v 0.09492372 0.369622111 0.164885253
v 0.095423639 0.370122194 0.161132902
v 0.084992871 0.354860008 0.119400457
v 0.084962115 0.360187948 0.127664566
v 0.087090336 0.346956551 0.110674389
v 0.086257197 0.350869238 0.116271548
v 0.083782852 0.364267707 0.162041664
v 0.0837951 0.363156974 0.164576292
v 0.08944162 0.340953171 0.175549001
v 0.087152697 0.34395963 0.17653662
v 0.084616125 0.361985743 0.130099922
v 0.084327787 0.363321841 0.132592499
v 0.082738146 0.366423666 0.152248532
v 0.083674178 0.364568412 0.159407288
v 0.085783415 0.350645602 0.1751903
v 0.084699854 0.356773317 0.169807673
v 0.082952678 0.365262508 0.144016176
v 0.083708137 0.364229023 0.136784792
v 0.091438226 0.340473235 0.175134033
v 0.083936349 0.361257315 0.166630894
v 0.093210541 0.34022969 0.176289409
v 0.095836096 0.340218008 0.176948398
v 0.095613696 0.339889765 0.178060859
v 0.092500053 0.339847028 0.176467866
v 0.096030734 0.350518405 0.166806221
v 0.093136959 0.349636674 0.166357666
v 0.09868028 0.341316938 0.178482592
v 0.09786924 0.341361523 0.177553475
v 0.091673873 0.347556174 0.167694539
v 0.100248314 0.344299853 0.176385254
v 0.100446247 0.347370207 0.173693091
v 0.091493733 0.344565511 0.170680851
v 0.091445573 0.341678202 0.173567444
v 0.091438226 0.340473235 0.175134033
v 0.092225768 0.34066999 0.175339848
v 0.100390799 0.350123882 0.170940787
v 0.099799849 0.342647254 0.177264839
v 0.10074199 0.342932522 0.178043753
v 0.098766498 0.351169407 0.168711632
v 0.096166067 0.342428088 0.174621791
v 0.095930032 0.341026068 0.175962538
v 0.096125923 0.345426381 0.17175746
v 0.096037604 0.347917914 0.169279337
v 0.080747537 0.348599494 0.136231765
v 0.078897737 0.34440887 0.13768144
v 0.079439141 0.34402895 0.136506751
v 0.080964349 0.347529829 0.135269552
v 0.066286109 0.340259731 0.137489751
v 0.063454367 0.34175843 0.13675876
v 0.064119227 0.340957701 0.135418653
v 0.066862084 0.339671731 0.136465698
v 0.074411325 0.340796471 0.138380393
v 0.069766454 0.339977562 0.138256699
v 0.070282675 0.339322567 0.137164697
v 0.075108029 0.340299428 0.137368545
v 0.079912029 0.329444289 0.125975713
v 0.075864911 0.327081531 0.125899181
v 0.075831816 0.324606508 0.123574786
v 0.080895633 0.327453494 0.123412281
v 0.084644295 0.337967634 0.121253975
v 0.083234958 0.333970845 0.124229439
v 0.08501666 0.332470834 0.120275646
v 0.08620169 0.335867465 0.114518218
v 0.070895985 0.327561706 0.12349315
v 0.066661485 0.33013162 0.120550066
v 0.066339858 0.329071373 0.114080481
v 0.072514847 0.321460813 0.119227514
v 0.076710247 0.34862566 0.159420699
v 0.075580202 0.346071422 0.158845574
v 0.076314576 0.345467091 0.150080204
v 0.077604227 0.348432839 0.150260121
v 0.064436369 0.3421067 0.157763392
v 0.062185131 0.343124568 0.158204943
v 0.062902428 0.343257725 0.149811089
v 0.065403245 0.341745734 0.149627686
v 0.071249805 0.341751754 0.157838583
v 0.066940866 0.341604114 0.157388508
v 0.068164952 0.340769589 0.149587065
v 0.072681405 0.341370821 0.149503142
v 0.075110659 0.356489956 0.13960138
v 0.073751062 0.356803119 0.151511997
v 0.07634905 0.354955733 0.151350975
v 0.077885374 0.354698002 0.140052795
v 0.075901635 0.339111209 0.136526167
v 0.071226098 0.338017851 0.136243582
v 0.077316269 0.353068709 0.128721669
v 0.076559767 0.354366124 0.131392479
v 0.07951358 0.352886736 0.132769644
v 0.080345847 0.351118088 0.130639747
v 0.079566322 0.345497012 0.115609415
v 0.078854062 0.347459495 0.119013026
v 0.081959508 0.345778704 0.121079735
v 0.082142524 0.344882607 0.117115885
v 0.063756071 0.337928206 0.125587463
v 0.064387165 0.335883826 0.123094186
v 0.066738628 0.332541078 0.12508598
v 0.066384159 0.335172802 0.127990067
v 0.059496142 0.345990777 0.159258336
v 0.059882097 0.346567631 0.15049392
v 0.065161638 0.333727688 0.118394285
v 0.063818954 0.333121866 0.113574222
v 0.060616232 0.344868362 0.135032892
v 0.061380036 0.343690574 0.133709773
v 0.077885374 0.354698002 0.140052795
v 0.07634905 0.354955733 0.151350975
v 0.07795193 0.35169059 0.150976896
v 0.079667695 0.351817012 0.140528306
v 0.082142524 0.344882607 0.117115885
v 0.081959508 0.345778704 0.121079735
v 0.084211521 0.34321624 0.122737274
v 0.084278233 0.342284977 0.1193275
v 0.083635218 0.344817042 0.126225337
v 0.081652381 0.347458243 0.123974472
v 0.081360511 0.345949948 0.133692697
v 0.079788946 0.342999279 0.135251194
v 0.068024851 0.338343948 0.134869009
v 0.065375023 0.339396954 0.133734569
v 0.065077193 0.338446468 0.164483219
v 0.067562513 0.338709682 0.163145274
v 0.068847202 0.336390644 0.164202929
v 0.06638401 0.335205764 0.166142046
v 0.071659736 0.340049148 0.162537813
v 0.075266145 0.342794478 0.164141417
v 0.075882994 0.340423942 0.165348381
v 0.072396927 0.338257402 0.163436383
v 0.07730744 0.3353585 0.182291001
v 0.079302959 0.336715639 0.179318398
v 0.077784903 0.341963112 0.176183939
v 0.075645097 0.341620624 0.179125845
v 0.077147223 0.345075309 0.166517407
v 0.077688955 0.346912265 0.169444084
v 0.07867258 0.341747344 0.172139019
v 0.077964239 0.341616571 0.168455184
v 0.078428872 0.338302135 0.170630425
v 0.079382829 0.337576568 0.175479323
v 0.080116354 0.333598197 0.176177561
v 0.078703426 0.336311996 0.172187477
v 0.07964585 0.329489291 0.179542989
v 0.079973005 0.332181156 0.176453203
v 0.080088265 0.331429362 0.180203676
v 0.065227352 0.329960555 0.17539221
v 0.06580814 0.331215471 0.171716928
v 0.06761191 0.32855323 0.173631281
v 0.068077967 0.326026589 0.176858574
v 0.078476593 0.327813208 0.181316048
v 0.07964585 0.329489291 0.179542989
v 0.080088265 0.331429362 0.180203676
v 0.078515224 0.33004576 0.182416677
v 0.067202933 0.332669288 0.168917894
v 0.069049291 0.334945112 0.1661098
v 0.069533609 0.334395558 0.167255878
v 0.068009071 0.331330329 0.170225859
v 0.072888255 0.324172348 0.180126011
v 0.075000063 0.325456887 0.181240797
v 0.07385537 0.327167183 0.18280077
v 0.071253702 0.325417966 0.181198567
v 0.0728494 0.336942106 0.165032119
v 0.076246582 0.338463396 0.16731745
v 0.076365314 0.337304205 0.168667555
v 0.073024206 0.336055607 0.166485041
v 0.073114417 0.335705847 0.167797625
v 0.070106678 0.333836943 0.168334633
v 0.076249056 0.33671239 0.169888645
v 0.06122487 0.352352977 0.137106895
v 0.060351975 0.352844775 0.150243148
v 0.064261377 0.35655576 0.150619566
v 0.065221637 0.356313467 0.137269408
v 0.06260813 0.348596632 0.127223015
v 0.062150799 0.349927068 0.12948738
v 0.066499501 0.353815794 0.12883392
v 0.066721044 0.352216899 0.126026496
v 0.065751202 0.339947999 0.114187486
v 0.065346979 0.342481971 0.117955402
v 0.069519497 0.34606874 0.115918025
v 0.070472084 0.344496787 0.112702422
v 0.071158431 0.332482487 0.18377614
v 0.067679144 0.330751508 0.182150334
v 0.068827845 0.330477327 0.170477062
v 0.068976805 0.327097148 0.173772961
v 0.069774032 0.325309247 0.176405281
v 0.079302959 0.336715639 0.179318398
v 0.078364633 0.33525598 0.173018306
v 0.065106042 0.336402267 0.179281324
v 0.068373762 0.338948637 0.181271881
v 0.065558277 0.346631646 0.175756216
v 0.062274151 0.343939245 0.174063742
v 0.077784903 0.341963112 0.176183939
v 0.076688789 0.348116934 0.172308922
v 0.076688789 0.348116934 0.172308922
v 0.074421249 0.348709643 0.174370766
v 0.063636474 0.333751053 0.17252776
v 0.06466458 0.334045261 0.168797344
v 0.063948564 0.340561986 0.162859112
v 0.067232452 0.340328276 0.162038952
v 0.071306787 0.341185451 0.161659211
v 0.075024821 0.344519198 0.163078159
v 0.060707025 0.348249674 0.168045849
v 0.063973315 0.351280928 0.169673294
v 0.063846618 0.353286624 0.165825516
v 0.060619287 0.350245059 0.165260643
v 0.079296805 0.33181417 0.12806049
v 0.078049593 0.334435761 0.130290851
v 0.073422514 0.332910866 0.130649999
v 0.074690469 0.329612821 0.12817879
v 0.078299217 0.349463046 0.12176419
v 0.081652381 0.347458243 0.123974472
v 0.062201627 0.342071652 0.131683826
v 0.081772782 0.348483264 0.132642329
v 0.080345847 0.351118088 0.130639747
v 0.084406264 0.339506626 0.124709949
v 0.083272867 0.341477692 0.127534062
v 0.081559159 0.338409245 0.128974676
v 0.082744963 0.335755348 0.12630482
v 0.070052601 0.330246359 0.126568988
v 0.068821169 0.333861858 0.129291117
v 0.06440147 0.344664156 0.120667942
v 0.068549953 0.348279059 0.118624553
v 0.073394798 0.341019213 0.140937388
v 0.069206648 0.340384364 0.140995026
v 0.069529466 0.340352237 0.138929754
v 0.073872112 0.340991795 0.139032707
v 0.060118996 0.344076395 0.165903002
v 0.062007315 0.341673851 0.163992882
v 0.062912636 0.33880195 0.166289151
v 0.061333589 0.340269387 0.168808699
v 0.066040121 0.341237605 0.140817076
v 0.063096784 0.342670977 0.140347585
v 0.063347362 0.342226565 0.138171107
v 0.066251881 0.340758264 0.138784796
v 0.073330581 0.352677643 0.17026782
v 0.075883038 0.351642966 0.169155568
v 0.075655207 0.353533924 0.166594654
v 0.072824508 0.354786754 0.167168379
v 0.075662985 0.354352951 0.164012045
v 0.075655207 0.353533924 0.166594654
v 0.076786406 0.350891173 0.165311664
v 0.076771237 0.351366699 0.163233757
v 0.07601665 0.35514766 0.133484706
v 0.075578108 0.356054366 0.136662394
v 0.078580409 0.354347765 0.137404397
v 0.078998893 0.35374862 0.134428799
v 0.061784588 0.350810051 0.131552562
v 0.061405547 0.35164994 0.134637594
v 0.065486461 0.355727196 0.134814501
v 0.066371188 0.354752123 0.131236032
v 0.077456214 0.344550848 0.14078851
v 0.078100376 0.344359577 0.138729766
v 0.079546861 0.348679304 0.140561253
v 0.080360435 0.348802567 0.137785301
v 0.060252793 0.345670164 0.139139041
v 0.060251839 0.345540106 0.137116626
v 0.078998893 0.35374862 0.134428799
v 0.078580409 0.354347765 0.137404397
v 0.080281101 0.351606548 0.137816101
v 0.080732949 0.351209819 0.135733128
v 0.076665811 0.347011447 0.164858639
v 0.077140696 0.349417388 0.167076826
v 0.060560443 0.351483643 0.162921965
v 0.063678011 0.354334533 0.16342026
v 0.072955266 0.355819046 0.16420117
v 0.075662985 0.354352951 0.164012045
v 0.075883038 0.351642966 0.169155568
v 0.07951358 0.352886736 0.132769644
v 0.081117652 0.350262463 0.134410292
v 0.076497339 0.348809302 0.161969006
v 0.075325035 0.346322238 0.161093771
v 0.063978843 0.342370689 0.160291284
v 0.061818726 0.34348762 0.160724252
v 0.071252756 0.342507839 0.160020411
v 0.06667646 0.34190172 0.160197794
v 0.059553705 0.346207798 0.162108958
v 0.076112688 0.354485989 0.160449564
v 0.076988064 0.351335049 0.16007024
v 0.0602208 0.352174282 0.159632027
v 0.063584507 0.355387032 0.159747988
v 0.07357882 0.356545925 0.16056177
v 0.076112688 0.354485989 0.160449564
v 0.07653258 0.348386049 0.163810551
v 0.075213514 0.345504701 0.162607908
v 0.063694887 0.341794789 0.16206333
v 0.061658271 0.34296149 0.162738413
v 0.071155287 0.342037737 0.161449432
v 0.066951878 0.341133893 0.161480278
v 0.059593894 0.345867157 0.164160788
v 0.069040284 0.357906282 0.151111126
v 0.070858702 0.357378542 0.138390258
v 0.07239002 0.355116248 0.129924402
v 0.072849691 0.353792369 0.127000719
v 0.075089537 0.347907066 0.117008261
v 0.076099135 0.346565008 0.113647707
v 0.074867092 0.334189028 0.183601528
v 0.072460867 0.341005802 0.180901974
v 0.077285737 0.326844454 0.181773335
v 0.076922543 0.328845501 0.183248371
v 0.070085652 0.348447382 0.175833315
v 0.073954903 0.349648833 0.11964117
v 0.068900287 0.353056371 0.170326799
v 0.068683848 0.354958832 0.166611165
v 0.071233779 0.356872618 0.135687888
v 0.072109357 0.355794132 0.132186517
v 0.068624437 0.356011391 0.163936675
v 0.068286404 0.357192218 0.16014868
v 0.063073806 0.341290653 0.123344049
v 0.061386846 0.345133305 0.129401445
v 0.064948015 0.336875647 0.116870932
v 0.063951381 0.339268446 0.120342121
v 0.059475549 0.348615587 0.162625164
v 0.059791021 0.348188281 0.164851815
v 0.069485977 0.324897736 0.179380804
v 0.066165231 0.330036968 0.179965466
v 0.060543232 0.346617162 0.131756127
v 0.060258843 0.347818553 0.1329927
v 0.059419848 0.349276125 0.150314242
v 0.059067138 0.348487437 0.159326315
v 0.063873418 0.334919125 0.176973403
v 0.061341129 0.34199661 0.172258765
v 0.059745722 0.348857045 0.137495756
v 0.059961922 0.348739922 0.135151684
v 0.071409672 0.323925406 0.178915828
v 0.059922911 0.346280754 0.167146653
v 0.073295519 0.325209111 0.179276705
v 0.075128198 0.325954765 0.179998934
v 0.075000063 0.325456887 0.181240797
v 0.072888255 0.324172348 0.180126011
v 0.072862469 0.335914046 0.169145435
v 0.070200525 0.333814174 0.169110507
v 0.077285737 0.326844454 0.181773335
v 0.077009842 0.327207029 0.180441529
v 0.06955608 0.330609411 0.170943081
v 0.078929983 0.329763412 0.178441614
v 0.078980528 0.332033336 0.176306099
v 0.070030615 0.327418417 0.173902005
v 0.071144834 0.325579494 0.176301301
v 0.071409672 0.323925406 0.178915828
v 0.072507873 0.324929386 0.178290129
v 0.077863239 0.334658623 0.172869176
v 0.077831961 0.328216553 0.179744959
v 0.078476593 0.327813208 0.181316048
v 0.075962521 0.336556226 0.170627832
v 0.075350776 0.327248663 0.176659822
v 0.075392261 0.326408714 0.178316891
v 0.074960448 0.328862518 0.174789667
v 0.074021421 0.331901461 0.172295809
v 0.059611581 0.333680063 0.128108084
v 0.05675777 0.330940992 0.129100472
v 0.057178237 0.329592556 0.128867209
v 0.060383491 0.332549304 0.127668619
v 0.048397385 0.330811888 0.129724324
v 0.045725085 0.33389172 0.129028037
v 0.045649372 0.332512766 0.127287924
v 0.048450075 0.329138368 0.128977925
v 0.053879581 0.329285353 0.129547939
v 0.050615914 0.329408497 0.129713878
v 0.050870262 0.32803759 0.129387856
v 0.054172449 0.327971309 0.129417285
v 0.057776816 0.317600936 0.120416746
v 0.054222085 0.317939609 0.120381124
v 0.054869965 0.315236181 0.11739555
v 0.058364555 0.315239042 0.118336253
v 0.06398122 0.321940392 0.118368015
v 0.060925029 0.318476886 0.119700484
v 0.061592359 0.317272276 0.117488436
v 0.065803364 0.320473701 0.115691669
v 0.050648905 0.319749087 0.11954809
v 0.047525011 0.323091358 0.117732003
v 0.047336705 0.321002513 0.11423479
v 0.051745914 0.316709727 0.116601139
v 0.06020721 0.336233765 0.138777554
v 0.058126099 0.333891779 0.139164209
v 0.057608448 0.332428843 0.136130914
v 0.059941851 0.335274428 0.135540783
v 0.049788214 0.333719343 0.140673831
v 0.047620036 0.336017162 0.141335249
v 0.047228269 0.335295111 0.137211993
v 0.049519084 0.332469553 0.136758476
v 0.055233799 0.332303613 0.139341697
v 0.052013762 0.332485825 0.139976367
v 0.051839761 0.331125587 0.136529207
v 0.054976873 0.330711097 0.136226997
v 0.057556711 0.344108582 0.130510867
v 0.058301575 0.344327748 0.13491106
v 0.060953267 0.34123224 0.134508759
v 0.060158856 0.341322243 0.13082701
v 0.054926373 0.326660365 0.12859951
v 0.051266037 0.326803297 0.128530085
v 0.056848697 0.339146137 0.120193012
v 0.056715809 0.34106493 0.12195316
v 0.060204588 0.338879615 0.123692282
v 0.060759865 0.337103456 0.122170597
v 0.060440861 0.331668884 0.112809375
v 0.059086449 0.333554178 0.113896377
v 0.062930904 0.331815094 0.116459325
v 0.06334608 0.331045538 0.116013005
v 0.045778401 0.32966581 0.119564876
v 0.045989163 0.328637689 0.117584519
v 0.047193311 0.325496405 0.119966611
v 0.047142588 0.32692346 0.121976569
v 0.046728782 0.338595837 0.141837835
v 0.046200402 0.33814767 0.137444258
v 0.046194486 0.326800734 0.115541227
v 0.046297245 0.325076669 0.111923844
v 0.044436298 0.337043613 0.127943754
v 0.044470154 0.335584253 0.125358492
v 0.060158856 0.341322243 0.13082701
v 0.060953267 0.34123224 0.134508759
v 0.061152481 0.338313967 0.134774357
v 0.06060002 0.33833757 0.131239653
v 0.06334608 0.331045538 0.116013005
v 0.062930904 0.331815094 0.116459325
v 0.063603379 0.329152733 0.118427858
v 0.064101666 0.327386171 0.117427066
v 0.063107423 0.330767363 0.120303735
v 0.061944328 0.333413035 0.118171841
v 0.060625635 0.330830008 0.126458317
v 0.057848431 0.328322738 0.127743304
v 0.048845075 0.327702254 0.127970219
v 0.045899414 0.330821425 0.125772864
v 0.051427864 0.33201614 0.147679389
v 0.053456329 0.331286877 0.145713285
v 0.054738127 0.329578906 0.147496045
v 0.052853905 0.329573482 0.150292352
v 0.056510858 0.33162269 0.144045696
v 0.059735276 0.332888514 0.143428624
v 0.060958125 0.331299633 0.144276962
v 0.057417803 0.329987854 0.145486698
v 0.06676247 0.331217796 0.154974133
v 0.066559099 0.331970841 0.151985735
v 0.065340929 0.335073918 0.149753332
v 0.064961933 0.33546105 0.153572291
v 0.062053137 0.33495906 0.14348264
v 0.063254051 0.337103754 0.145161733
v 0.064420156 0.334480971 0.147360757
v 0.063084967 0.33327052 0.14527899
v 0.06362284 0.331701607 0.147467196
v 0.065401964 0.332218796 0.149567947
v 0.065767266 0.329946309 0.150749162
v 0.063973553 0.330414802 0.148670107
v 0.066570833 0.327886492 0.152848214
v 0.06556084 0.328749985 0.150945753
v 0.06682504 0.328908652 0.152968407
v 0.055761121 0.327357084 0.15669924
v 0.054999761 0.327730209 0.154502153
v 0.056580998 0.326357931 0.155014277
v 0.057346083 0.325552016 0.156792134
v 0.066322401 0.326722354 0.154792845
v 0.066588089 0.327870637 0.155160755
v 0.054917075 0.32840237 0.151781887
v 0.055975281 0.329045385 0.149500802
v 0.056887515 0.328287929 0.150505885
v 0.056215413 0.327471167 0.152644396
v 0.060669445 0.32382068 0.157446355
v 0.063396662 0.32427898 0.157126099
v 0.063444063 0.324962467 0.158137083
v 0.060393356 0.324504226 0.158483267
v 0.0583205 0.329676479 0.147545204
v 0.061239742 0.330725282 0.146743014
v 0.061644576 0.330037206 0.147989511
v 0.058857419 0.329158813 0.148687705
v 0.059278138 0.328826874 0.149280697
v 0.057049774 0.328039974 0.150757939
v 0.061827637 0.329637736 0.148676351
v 0.048023306 0.343234211 0.131540015
v 0.048323952 0.343457371 0.136457399
v 0.051201604 0.344987422 0.135707244
v 0.050588451 0.344667405 0.130936444
v 0.048187666 0.33830592 0.119777396
v 0.047765665 0.340093225 0.121843867
v 0.050486453 0.341162592 0.121197656
v 0.050857864 0.339248747 0.119115785
v 0.050114088 0.331919044 0.112075813
v 0.04977306 0.333195776 0.113691047
v 0.053017505 0.333874673 0.113169439
v 0.053684495 0.332586139 0.111533932
v 0.060393356 0.324504226 0.158483267
v 0.063444063 0.324962467 0.158137083
v 0.063028462 0.328808635 0.160355806
v 0.059472643 0.327611536 0.16065985
v 0.0569207 0.326908201 0.152725369
v 0.066588089 0.327870637 0.155160755
v 0.06682504 0.328908652 0.152968407
v 0.057232268 0.325653046 0.154614031
v 0.058027007 0.32487753 0.156198323
v 0.066559099 0.331970841 0.151985735
v 0.063886963 0.329713911 0.14941898
v 0.057388388 0.333025008 0.159338623
v 0.060727052 0.334850281 0.159061283
v 0.057051204 0.340778887 0.153476864
v 0.053674348 0.339055091 0.153990239
v 0.065340929 0.335073918 0.149753332
v 0.063621648 0.338772625 0.146919787
v 0.063621648 0.338772625 0.146919787
v 0.062565736 0.340594172 0.149981648
v 0.053461529 0.329917103 0.154925883
v 0.052858956 0.32962504 0.152687311
v 0.05048082 0.333550066 0.144393072
v 0.052445732 0.332790285 0.143344983
v 0.05555027 0.332966238 0.141682297
v 0.058467604 0.334431738 0.141415507
v 0.051396213 0.342217475 0.149463177
v 0.054862671 0.343882859 0.148918971
v 0.053644024 0.344886243 0.146043167
v 0.050385691 0.343330711 0.146806717
v 0.056918122 0.320562035 0.122804314
v 0.056333758 0.322847158 0.125494719
v 0.052658878 0.323116273 0.125155643
v 0.053406455 0.320654243 0.123027094
v 0.057960205 0.335316092 0.115787178
v 0.061944328 0.333413035 0.118171841
v 0.044614725 0.333890945 0.123571351
v 0.062078841 0.334398597 0.124056056
v 0.060759865 0.337103456 0.122170597
v 0.062472183 0.324642211 0.120750338
v 0.061815191 0.326644391 0.123376757
v 0.059129171 0.324212939 0.124765545
v 0.059901081 0.32183376 0.122010902
v 0.05011972 0.32235232 0.122118622
v 0.049590282 0.324441224 0.123924643
v 0.049220167 0.334208876 0.115571931
v 0.052142747 0.335065871 0.115074977
v 0.054491974 0.330550402 0.132727012
v 0.051015981 0.330997735 0.133449748
v 0.050948314 0.330164164 0.13082023
v 0.054041795 0.329964966 0.130528688
v 0.04849007 0.337290376 0.14780879
v 0.048912264 0.33529368 0.146579981
v 0.0503527 0.333287269 0.149496898
v 0.050436042 0.334939569 0.151248187
v 0.048765786 0.332518429 0.133525804
v 0.046468712 0.335119694 0.133459002
v 0.046135075 0.334564596 0.130976588
v 0.048382409 0.331748873 0.130865201
v 0.060842536 0.343231559 0.145992041
v 0.062384449 0.341006935 0.144001544
v 0.061541818 0.341799974 0.142265752
v 0.059972785 0.344034493 0.143682346
v 0.061153628 0.341865182 0.140640929
v 0.061541818 0.341799974 0.142265752
v 0.061634995 0.339639485 0.141512066
v 0.061485223 0.339666426 0.140453294
v 0.056942247 0.342562258 0.124436051
v 0.057121448 0.343583345 0.127221018
v 0.059928872 0.340929568 0.127854586
v 0.059876658 0.340319932 0.125535011
v 0.04771813 0.342050701 0.125083074
v 0.047874339 0.342956513 0.128497183
v 0.050459646 0.344166428 0.127966791
v 0.050243936 0.343142062 0.124474578
v 0.056913786 0.332239836 0.132522494
v 0.056703173 0.331613153 0.129993826
v 0.059318759 0.335091442 0.131964311
v 0.059200846 0.33463648 0.129473835
v 0.045446239 0.338340789 0.133101135
v 0.044925861 0.337715954 0.130466849
v 0.059876658 0.340319932 0.125535011
v 0.059928872 0.340929568 0.127854586
v 0.060584091 0.338051289 0.128472865
v 0.060763143 0.337503761 0.12672478
v 0.060814939 0.336175412 0.141774714
v 0.062098287 0.338861018 0.142690957
v 0.049542077 0.343663245 0.143813476
v 0.052656151 0.345106721 0.143250704
v 0.059081204 0.344394207 0.141482502
v 0.061153628 0.341865182 0.140640929
v 0.062384449 0.341006935 0.144001544
v 0.060204588 0.338879615 0.123692282
v 0.061547063 0.336194366 0.125406176
v 0.060286783 0.336708933 0.140198857
v 0.058218084 0.334436566 0.14025265
v 0.049777828 0.334087998 0.142424166
v 0.047781117 0.336393088 0.143090397
v 0.055297785 0.332787722 0.140318587
v 0.052115284 0.332862943 0.14127326
v 0.047015317 0.338800281 0.143599942
v 0.061056025 0.341928542 0.138612419
v 0.061510213 0.339449108 0.13869372
v 0.0493192 0.343741804 0.141418606
v 0.052252851 0.345050037 0.140846595
v 0.058523543 0.344475269 0.139274031
v 0.061056025 0.341928542 0.138612419
v 0.060367323 0.336764365 0.14095068
v 0.058208682 0.334752947 0.140744507
v 0.050130777 0.333970636 0.143310934
v 0.048069127 0.336168796 0.144815922
v 0.055129223 0.333218366 0.14085269
v 0.051929079 0.333186537 0.142041877
v 0.047573544 0.338408262 0.146008968
v 0.054613851 0.345442593 0.135126308
v 0.053647734 0.345153809 0.130721956
v 0.053243525 0.341504753 0.121217683
v 0.053753786 0.339563429 0.119318113
v 0.056107409 0.333980948 0.113428459
v 0.057276897 0.332300812 0.111320786
v 0.065898307 0.330459625 0.158472687
v 0.063575722 0.335741311 0.157001823
v 0.065517679 0.325551063 0.155939549
v 0.065671563 0.326479763 0.156997442
v 0.065671563 0.326479763 0.156997442
v 0.060207106 0.3412444 0.152123451
v 0.055014022 0.335258931 0.11528068
v 0.058479868 0.344148874 0.147559792
v 0.057172514 0.345195651 0.144998789
v 0.053435735 0.344629467 0.127494007
v 0.053272136 0.3435179 0.124222331
v 0.055989154 0.345471025 0.142522767
v 0.055330299 0.34522295 0.140103206
v 0.046249323 0.332894236 0.116513543
v 0.045588143 0.336505502 0.121331744
v 0.047068574 0.329901785 0.113276869
v 0.046722628 0.331431717 0.114997774
v 0.0475704 0.341404051 0.144010693
v 0.048133694 0.34080556 0.146552712
v 0.058523677 0.325057834 0.157882124
v 0.057079099 0.327296346 0.158347845
v 0.045225836 0.338177532 0.123450145
v 0.045145057 0.339783281 0.126463756
v 0.046653204 0.341107696 0.137259349
v 0.047076873 0.341400474 0.141794786
v 0.055150636 0.330948919 0.156733423
v 0.051168807 0.336599082 0.152833372
v 0.046071894 0.341083497 0.132565647
v 0.045609601 0.340597123 0.129589856
v 0.059071757 0.324377447 0.15704903
v 0.058523677 0.325057834 0.157882124
v 0.049025856 0.33951965 0.148894742
v 0.060763292 0.323819071 0.156501621
v 0.063034654 0.324074477 0.155885607
v 0.059429772 0.328651935 0.149866819
v 0.057439782 0.327937275 0.151371151
v 0.065002218 0.325431675 0.15512681
v 0.057278998 0.326993555 0.152821511
v 0.065702885 0.327072352 0.153245419
v 0.065242268 0.328549117 0.151559591
v 0.057892062 0.325720221 0.15457949
v 0.058619671 0.325121969 0.155610055
v 0.059456281 0.324378818 0.156166762
v 0.063715436 0.329456836 0.150202423
v 0.065611854 0.326112598 0.154221982
v 0.06197942 0.329553455 0.149202883
v 0.061961342 0.32566753 0.154061168
v 0.062234003 0.325032562 0.15471369
v 0.06139848 0.326661795 0.15273872
v 0.060554959 0.327967077 0.151202917
v 0.155433685 0.325219333 0.076400876
v 0.158624202 0.321678519 0.079849437
v 0.158083558 0.318055153 0.077495918
v 0.154994428 0.321061313 0.073789746
v 0.151278704 0.315463781 0.088212878
v 0.14358522 0.31526196 0.090573981
v 0.142955706 0.314061642 0.090766385
v 0.151371405 0.313222289 0.087294802
v 0.157835037 0.317513824 0.084762916
v 0.157534808 0.314637363 0.08275862
v 0.143075958 0.319284141 0.070819527
v 0.144060448 0.323967278 0.072782621
v 0.150561884 0.323149502 0.071939349
v 0.149655893 0.318808317 0.069907457
v 0.139852837 0.316978276 0.08790794
v 0.139404744 0.315798879 0.086997941
v 0.149655893 0.318808317 0.069907457
v 0.150561884 0.323149502 0.071939349
v 0.15401566 0.316839755 0.071823582
v 0.143830851 0.317459166 0.096350148
v 0.150029972 0.319178879 0.093406446
v 0.150177598 0.320510447 0.094963983
v 0.144767061 0.319154918 0.098858699
v 0.154772013 0.322808087 0.090174444
v 0.155809522 0.328133762 0.087170176
v 0.155073851 0.329237938 0.088721998
v 0.15419215 0.323884487 0.09130197
v 0.145834088 0.341413856 0.097383931
v 0.150885552 0.341379106 0.092793711
v 0.14993456 0.339749694 0.088735826
v 0.144037575 0.339286149 0.092178591
v 0.154012322 0.333982587 0.085689217
v 0.153694481 0.335633099 0.088414438
v 0.15456146 0.330583096 0.090167768
v 0.153731912 0.337298751 0.091180667
v 0.153298497 0.33831203 0.093778379
v 0.154328525 0.331600487 0.091554314
v 0.153154552 0.341343939 0.100592956
v 0.153643548 0.337935507 0.095685057
v 0.151789159 0.342356563 0.097049288
v 0.142885044 0.324186563 0.102819309
v 0.145957008 0.320827723 0.100929029
v 0.147462726 0.322400689 0.1025168
v 0.144961566 0.326500058 0.105466515
v 0.151216149 0.340966403 0.103847079
v 0.153154552 0.341343939 0.100592956
v 0.151789159 0.342356563 0.097049288
v 0.148033172 0.342125952 0.101405576
v 0.15043442 0.321696401 0.096333176
v 0.150811031 0.322798252 0.097458415
v 0.147096649 0.332544208 0.108456284
v 0.148354083 0.337227523 0.107290894
v 0.144884378 0.336906612 0.105191097
v 0.144207969 0.33142221 0.106142476
v 0.153857827 0.324984848 0.09235359
v 0.15350382 0.325985432 0.093282565
v 0.152947068 0.326977015 0.093987234
v 0.15106608 0.323892236 0.098833427
v 0.154191524 0.332138598 0.092491299
v 0.136537388 0.314728916 0.082010984
v 0.138322562 0.317292869 0.084453255
v 0.138958529 0.320957243 0.077915959
v 0.137558818 0.317403316 0.076041989
v 0.14253667 0.336017847 0.101473674
v 0.141751841 0.329052031 0.102964647
v 0.149502203 0.324207425 0.103257999
v 0.147917524 0.328790069 0.107396848
v 0.150885552 0.341379106 0.092793711
v 0.140030399 0.326685607 0.098663479
v 0.140271202 0.333577931 0.095826298
v 0.139294595 0.330643177 0.090576701
v 0.138810366 0.324109793 0.093891099
v 0.14993456 0.339749694 0.088735826
v 0.14970082 0.33709079 0.085500672
v 0.14970082 0.33709079 0.085500672
v 0.143239349 0.336421192 0.086849555
v 0.141409278 0.322259724 0.099600367
v 0.143294349 0.316110432 0.094210297
v 0.15021345 0.317844689 0.092116699
v 0.155539334 0.321590602 0.089262158
v 0.156560063 0.326916099 0.085734233
v 0.138284847 0.32152915 0.089225158
v 0.13891685 0.327210307 0.084788948
v 0.138867214 0.326541483 0.083009772
v 0.138257623 0.320753872 0.087077767
v 0.139373511 0.318140864 0.092263088
v 0.140176311 0.320184052 0.09571968
v 0.142934769 0.333652496 0.082012706
v 0.149888128 0.334824264 0.082395986
v 0.150288031 0.332822502 0.079535484
v 0.143245906 0.332050502 0.07952857
v 0.150628686 0.330900013 0.07742396
v 0.150288031 0.332822502 0.079535484
v 0.154785603 0.33034867 0.081136093
v 0.15517056 0.328423858 0.079215363
v 0.141898274 0.310629427 0.0891224
v 0.150327653 0.309873402 0.085701585
v 0.154364944 0.332214475 0.083522558
v 0.138324276 0.320225418 0.085552454
v 0.139031529 0.325567782 0.080883607
v 0.156820804 0.313823283 0.075238399
v 0.156321794 0.310968757 0.081216171
v 0.138048008 0.312312007 0.085831456
v 0.143407837 0.330723286 0.077628478
v 0.150628686 0.330900013 0.07742396
v 0.149888128 0.334824264 0.082395986
v 0.158124179 0.324173331 0.082198411
v 0.150957838 0.316389024 0.089602523
v 0.143300653 0.315395474 0.091376498
v 0.157401025 0.31951642 0.086590603
v 0.139584318 0.317041516 0.088912636
v 0.150723904 0.327682257 0.07451497
v 0.138574198 0.319769681 0.084765777
v 0.139053464 0.324375927 0.079504833
v 0.143544316 0.328073204 0.075283483
v 0.150723904 0.327682257 0.07451497
v 0.157088786 0.325427592 0.083993345
v 0.150512666 0.317147195 0.09068013
v 0.14327313 0.315682769 0.092568882
v 0.156220376 0.320595384 0.087765455
v 0.139461443 0.317409873 0.090263896
v 0.139584318 0.317041516 0.088912636
v 0.139461443 0.317409873 0.090263896
v 0.144961566 0.326500058 0.105466515
v 0.142885044 0.324186563 0.102819309
v 0.139404744 0.315798879 0.086997941
v 0.139852837 0.316978276 0.08790794
v 0.141409278 0.322259724 0.099600367
v 0.140176311 0.320184052 0.09571968
v 0.138048008 0.312312007 0.085831456
v 0.147917524 0.328790069 0.107396848
v 0.139373511 0.318140864 0.092263088
v 0.148968711 0.331732094 0.107457593
v 0.150474399 0.336141706 0.106082305
v 0.148354083 0.337227523 0.107290894
v 0.147096649 0.332544208 0.108456284
v 0.152527064 0.327632725 0.094632678
v 0.150654629 0.324124515 0.098835811
v 0.151216149 0.340966403 0.103847079
v 0.151927322 0.339276612 0.103992611
v 0.149432972 0.325459361 0.102595098
v 0.15283215 0.339947402 0.101217613
v 0.153498769 0.337442756 0.096715882
v 0.149263874 0.329314291 0.106481031
v 0.153791547 0.332414687 0.092641219
v 0.151786685 0.334538758 0.104541548
v 0.152662247 0.331731856 0.10080801
v 0.13957423 0.344234467 0.10127674
v 0.111216478 0.347901523 0.106794842
v 0.085341059 0.338755012 0.114644676
v 0.064761564 0.326398283 0.114407785
v 0.121308111 0.358372033 0.106344514
v 0.122340284 0.364430487 0.107869342
v 0.117501996 0.351146996 0.103458695
v 0.119260155 0.353559196 0.104746155
v 0.135290325 0.390682399 0.123814255
v 0.136354104 0.392090976 0.125376761
v 0.147374094 0.395863235 0.146722227
v 0.144837841 0.397376239 0.14212513
v 0.123508915 0.368115425 0.108600862
v 0.124617323 0.370539606 0.109584481
v 0.129938066 0.382511675 0.117031291
v 0.134433299 0.389146864 0.12254148
v 0.142334446 0.396977246 0.136629581
v 0.139861196 0.395708144 0.132048085
v 0.126941904 0.376103699 0.112461239
v 0.125725165 0.37316072 0.110519364
v 0.148655683 0.395503998 0.147610247
v 0.137602657 0.393797576 0.12807937
v 0.085185029 0.351616681 0.121373899
v 0.084471211 0.356860936 0.129548892
v 0.086731933 0.344861031 0.11406637
v 0.086001001 0.348140538 0.11897064
v 0.083308727 0.361901641 0.160750061
v 0.083346218 0.361013949 0.162688464
v 0.088995107 0.342282891 0.173171818
v 0.087003447 0.34591198 0.171674222
v 0.084001526 0.358286738 0.1311699
v 0.083732545 0.35908252 0.133068949
v 0.08266744 0.363364041 0.151358813
v 0.083092108 0.362078846 0.158576399
v 0.085595869 0.350295365 0.170421183
v 0.084604681 0.355730891 0.166857481
v 0.083382353 0.361793458 0.14377594
v 0.083599076 0.359936535 0.137120113
v 0.090677343 0.341686785 0.17320019
v 0.083783805 0.359377801 0.164333165
v 0.063756071 0.337928206 0.125587463
v 0.062201627 0.342071652 0.131683826
v 0.065161638 0.333727688 0.118394285
v 0.064387165 0.335883826 0.123094186
v 0.059553705 0.346207798 0.162108958
v 0.059593894 0.345867157 0.164160788
v 0.068077967 0.326026589 0.176858574
v 0.065227352 0.329960555 0.17539221
v 0.061380036 0.343690574 0.133709773
v 0.060616232 0.344868362 0.135032892
v 0.059882097 0.346567631 0.15049392
v 0.059496142 0.345990777 0.159258336
v 0.063636474 0.333751053 0.17252776
v 0.061333589 0.340269387 0.168808699
v 0.060252793 0.345670164 0.139139041
v 0.060251839 0.345540106 0.137116626
v 0.069774032 0.325309247 0.176405281
v 0.060118996 0.344076395 0.165903002
v 0.076149583 0.32145229 0.120798215
v 0.081227899 0.325778067 0.121084362
v 0.086434208 0.344764531 0.102671966
v 0.093351252 0.34811753 0.096432075
v 0.093549468 0.342216253 0.091656163
v 0.087013982 0.341125011 0.095644578
v 0.05899407 0.314184278 0.116803177
v 0.064448759 0.314291209 0.114856057
v 0.049507119 0.326661319 0.106082872
v 0.046741091 0.322281748 0.107522398
v 0.047607444 0.328064948 0.110192113
v 0.134790033 0.339563966 0.108724505
v 0.136370778 0.340553582 0.105561309
v 0.13003996 0.340035021 0.090163857
v 0.126923412 0.343990982 0.090618804
v 0.130073056 0.347826064 0.091276512
v 0.135229334 0.346195996 0.093162827
v 0.05469358 0.312329859 0.11484509
v 0.052229568 0.31442228 0.113786086
v 0.050873406 0.330430359 0.109608658
v 0.054109983 0.330492288 0.108306557
v 0.054072984 0.32851699 0.105893329
v 0.051436029 0.328628212 0.107003696
v 0.064882927 0.336316913 0.107246831
v 0.071430899 0.340887368 0.106483988
v 0.071481787 0.336626917 0.100459628
v 0.064912058 0.333349615 0.102651551
v 0.138524085 0.341391265 0.099926002
v 0.102782808 0.341751754 0.089881375
v 0.103789829 0.347381294 0.094599918
v 0.102338485 0.334975064 0.118334725
v 0.108455352 0.336421788 0.114644535
v 0.122387864 0.34357965 0.089796409
v 0.123221003 0.34660691 0.091605768
v 0.059310801 0.329318672 0.103945263
v 0.060282491 0.33059153 0.108238749
v 0.138711438 0.345745504 0.096280389
v 0.137604982 0.34204644 0.094374947
v 0.078586318 0.337560773 0.097284369
v 0.079556964 0.342089951 0.106483229
v 0.096771605 0.330704451 0.117907912
v 0.128769845 0.339826941 0.111009844
v 0.137604982 0.34204644 0.094374947
v 0.138711438 0.345745504 0.096280389
v 0.047332697 0.318125755 0.110320717
v 0.114591248 0.348461926 0.093461379
v 0.113767602 0.342074692 0.090063624
v 0.086520322 0.32931906 0.117489204
v 0.122000434 0.34009099 0.111043744
v 0.078323536 0.331804931 0.093283325
v 0.071465991 0.331148475 0.096268088
v 0.088101603 0.332459748 0.091582447
v 0.095380865 0.33295691 0.089459047
v 0.097480558 0.325305104 0.088175729
v 0.089542836 0.323435843 0.090857372
v 0.05698397 0.32699427 0.100421861
v 0.051147632 0.324777156 0.102739766
v 0.048769966 0.313427836 0.108019784
v 0.048596226 0.317637533 0.101667836
v 0.049061224 0.312739223 0.100375518
v 0.050541759 0.306791633 0.107087426
v 0.10385903 0.335049212 0.087962627
v 0.065003522 0.328410655 0.098333791
v 0.072244525 0.322601289 0.092681989
v 0.063450933 0.322510749 0.094373375
v 0.113698654 0.336730778 0.087604865
v 0.122470938 0.339426577 0.087251715
v 0.122584946 0.333041966 0.085543543
v 0.114119656 0.329787552 0.085087538
v 0.115558274 0.323697865 0.083580598
v 0.106907487 0.320749283 0.086142778
v 0.104843073 0.32768929 0.086388826
v 0.063224956 0.315725893 0.09137135
v 0.053853728 0.315609068 0.094200142
v 0.054078035 0.321787864 0.096780732
v 0.072275475 0.32002452 0.117561057
v 0.124392487 0.325985253 0.084880739
v 0.126341075 0.319112778 0.081581831
v 0.116496533 0.312180102 0.083027035
v 0.098633885 0.318967283 0.088744029
v 0.090791866 0.316972077 0.091004282
v 0.135344043 0.324303687 0.103114948
v 0.137153834 0.3265692 0.095476538
v 0.137481898 0.334924102 0.096806534
v 0.134593502 0.333398998 0.105734356
v 0.088684969 0.329301536 0.114178807
v 0.064298838 0.306076139 0.08957649
v 0.072737053 0.314015597 0.091549307
v 0.076058269 0.306392223 0.091048963
v 0.108492583 0.311209679 0.086218983
v 0.10148184 0.310140073 0.089202411
v 0.093692422 0.309125304 0.091534093
v 0.063562036 0.295838743 0.116198882
v 0.070123509 0.297748953 0.117193893
v 0.06946823 0.30487451 0.116335019
v 0.062609747 0.301817566 0.11596933
v 0.104539469 0.321521342 0.119593009
v 0.096572846 0.320239067 0.117237337
v 0.097352281 0.308444321 0.119370565
v 0.105546921 0.309298098 0.119682081
v 0.055255771 0.302978724 0.111705974
v 0.056715935 0.296549708 0.111641839
v 0.089149922 0.316739619 0.117641933
v 0.089751452 0.306133151 0.119571075
v 0.083170623 0.302949309 0.120606333
v 0.083267093 0.312119484 0.120252617
v 0.059819475 0.276662678 0.110627942
v 0.060502537 0.262825102 0.109232575
v 0.066642255 0.263417155 0.112745196
v 0.065206215 0.277810723 0.11455851
v 0.076381519 0.300288171 0.118719824
v 0.075753286 0.308882207 0.118940599
v 0.07659246 0.263059705 0.116941936
v 0.073490217 0.278625816 0.117558531
v 0.113331631 0.310770452 0.11680685
v 0.111624174 0.322368205 0.114540584
v 0.116184399 0.279118121 0.115724854
v 0.125546619 0.278612018 0.11196743
v 0.12321794 0.295042217 0.11269246
v 0.114556238 0.294988275 0.116329819
v 0.108163849 0.278650343 0.119250402
v 0.100725532 0.278097034 0.1203373
v 0.102924839 0.262687922 0.120201737
v 0.110073209 0.263214588 0.118785337
v 0.087019086 0.277343273 0.120904639
v 0.093705103 0.277783573 0.120565087
v 0.091305807 0.292898715 0.120138124
v 0.084519789 0.29144299 0.121258788
v 0.135651037 0.277159691 0.104708366
v 0.132582784 0.293990731 0.106800988
v 0.119439013 0.323407531 0.112198599
v 0.119408257 0.333291531 0.110938504
v 0.110802107 0.331123412 0.112484321
v 0.093985878 0.328317821 0.115034156
v 0.0960017 0.262513816 0.120441824
v 0.08008945 0.277623653 0.119299755
v 0.077707171 0.290545046 0.119314581
v 0.106616095 0.294342518 0.119772486
v 0.095910005 0.326131403 0.116224058
v 0.089404657 0.323548555 0.114221819
v 0.12939398 0.323956013 0.111530021
v 0.127848402 0.329219937 0.110693604
v 0.062942818 0.305943578 0.11524678
v 0.068342417 0.310170859 0.11420875
v 0.121550098 0.311354697 0.113893226
v 0.075163573 0.314970344 0.115998611
v 0.112912156 0.349834502 0.096947819
v 0.113437258 0.34956789 0.101621822
v 0.086109288 0.344371319 0.108710393
v 0.10664352 0.349989891 0.098729804
v 0.109125979 0.349010646 0.103420742
v 0.06492541 0.335042089 0.11133457
v 0.086261876 0.342949033 0.111320406
v 0.109125979 0.349010646 0.103420742
v 0.081794582 0.342910111 0.110259637
v 0.063818954 0.333121866 0.113574222
v 0.084198169 0.342713177 0.113690048
v 0.061397053 0.330708236 0.110697322
v 0.063199259 0.330660671 0.113529786
v 0.084198169 0.342713177 0.113690048
v 0.063199259 0.330660671 0.113529786
v -0.078091308 0.007980958 -0.038416505
v -0.075710088 0.012374893 -0.020821512
v -0.149013698 0.063016295 -0.02047503
v -0.148649842 0.059101105 -0.04025206
v -0.132161707 0.058132216 0.026007634
v -0.140370458 0.062325165 0.01602748
v -0.143323749 0.052800313 -0.054464206
v -0.073876113 0.017473355 -0.003667496
v -0.073423147 0.024448559 0.011015862
v -0.13718769 0.044766262 -0.065957531
v -0.127972394 0.03508319 -0.069317132
v -0.104213387 0.016227022 -0.065282434
v -0.092699692 0.009999201 -0.057796463
v -0.120909855 0.051482454 0.030836158
v -0.11073181 0.045092538 0.031289965
v -0.084513143 0.007361248 -0.048588723
v -0.146944225 0.065604597 -0.001144938
v -0.098145738 0.039764777 0.026470855
v -0.132507175 0.070508376 -0.055516571
v -0.126380265 0.062194809 -0.066512391
v -0.067287922 0.027314857 -0.026933499
v -0.066265658 0.031560019 -0.012721121
v -0.093744487 0.034047917 -0.066189677
v -0.082714632 0.027623072 -0.060598329
v -0.114162385 0.064656094 0.029969305
v -0.124445453 0.071990594 0.024900012
v -0.104190886 0.054983512 0.029661149
v -0.074597806 0.02428405 -0.051968351
v -0.132548571 0.077464148 0.014986426
v -0.139276743 0.081876472 -0.002487369
v -0.090335816 0.048547909 0.0222148
v -0.069443434 0.024206802 -0.041574918
v -0.141148031 0.080722049 -0.022720769
v -0.137233466 0.075292066 -0.040009871
v -0.067796782 0.038328543 0.001171581
v -0.117791772 0.052893981 -0.070111334
v -0.086430997 0.049499884 -0.069008127
v -0.075662389 0.041784301 -0.062768161
v -0.107696071 0.075679675 0.03124762
v -0.117203459 0.083079502 0.025604755
v -0.096197233 0.065757111 0.03091896
v -0.068494454 0.037708566 -0.052865475
v -0.125131339 0.089499943 0.015129179
v -0.13216278 0.094869487 -0.00235977
v -0.082715914 0.058346257 0.021929078
v -0.063009143 0.036475673 -0.042403996
v -0.132441401 0.09375798 -0.022598132
v -0.060162976 0.037544593 -0.029099211
v -0.127457231 0.08873488 -0.03908091
v -0.123001665 0.085176125 -0.05533655
v -0.059637979 0.042308226 -0.01693625
v -0.063853443 0.049106017 -0.006670386
v -0.115896568 0.077500507 -0.066484779
v -0.107528552 0.068489596 -0.070241913
v -0.068642423 0.054767594 -0.064578503
v -0.060978189 0.049118564 -0.055338874
v -0.116617545 0.099420384 0.018194489
v -0.124065697 0.105160229 0.000250608
v -0.075077385 0.065398946 0.023889199
v -0.088246167 0.074594453 0.033419244
v -0.055586115 0.046470538 -0.04462859
v -0.123142466 0.104992859 -0.019738741
v -0.052255362 0.045954123 -0.031541236
v -0.117166579 0.100656584 -0.035689354
v -0.108609706 0.092351332 0.029120069
v -0.113982663 0.097892687 -0.05437614
v -0.052676365 0.049413964 -0.018678606
v -0.057489455 0.056050286 -0.00836423
v -0.104994386 0.090982363 -0.065597177
v -0.097021952 0.082748488 -0.070866778
v -0.078333274 0.063634321 -0.071952477
v -0.099934876 0.084366247 0.033803824
v -0.068100661 0.078235045 -0.070657253
v -0.058192939 0.068419591 -0.062358528
v -0.090805784 0.092236742 0.03777675
v -0.099279553 0.101424351 0.032395855
v -0.080219299 0.081497476 0.036185175
v -0.051089182 0.06086798 -0.054227605
v -0.106733382 0.109061942 0.023948923
v -0.11346212 0.115676567 0.005466633
v -0.067172214 0.07151033 0.025838047
v -0.046687484 0.056792021 -0.045227021
v -0.112214282 0.117286757 -0.014564939
v -0.043939605 0.055525988 -0.03239812
v -0.106837422 0.114943907 -0.032257624
v -0.101773724 0.112463787 -0.05146198
v -0.04466629 0.057742476 -0.018895455
v -0.050114408 0.063002065 -0.007550836
v -0.092233449 0.105419323 -0.062623143
v -0.084447682 0.097434983 -0.068157792
v -0.043842807 0.083610386 -0.056919619
v -0.0375368 0.07531175 -0.048625365
v -0.093309358 0.119625703 0.029060762
v -0.098909616 0.128215924 0.012244232
v -0.058028549 0.078480259 0.029877547
v -0.070604891 0.088694528 0.039733484
v -0.035473526 0.068937123 -0.040193222
v -0.096702725 0.130759403 -0.00833711
v -0.033838153 0.067883253 -0.028694272
v -0.092454106 0.131768867 -0.026833177
v -0.087940842 0.110688373 0.036759797
v -0.08491388 0.128161505 -0.043019563
v -0.036030471 0.068680227 -0.015635371
v -0.041546494 0.071784854 -0.004031941
v -0.075920805 0.120464101 -0.055638745
v -0.069093212 0.113183655 -0.0598813
v -0.053414762 0.094132908 -0.062131733
v -0.080455631 0.100341573 0.041792043
v -0.020369023 0.092686355 -0.040045381
v -0.018646106 0.085973024 -0.03053394
v -0.080433473 0.142361775 0.01995806
v -0.077009678 0.146824673 0.000653364
v -0.018446669 0.08285892 -0.02058582
v -0.072350308 0.149241105 -0.017653912
v -0.071124271 0.122485764 0.042051092
v -0.074531272 0.132301822 0.034988288
v -0.062922671 0.143659979 -0.03265737
v -0.022069871 0.081974775 -0.007944524
v -0.028695986 0.082969218 0.003835559
v -0.055765539 0.136115283 -0.043804497
v -0.050574735 0.129071355 -0.049126074
v -0.035122424 0.112079628 -0.053295821
v -0.025885522 0.10166017 -0.047795713
v -0.065786421 0.111031748 0.047373727
v -0.057402208 0.098663189 0.04548667
v -0.045105308 0.088883638 0.036408082
v -0.00012482 0.106091142 -0.01524286
v -0.000806555 0.102136135 -0.006365865
v -0.053238153 0.165596694 0.011709645
v -0.047640845 0.166815013 -0.005587459
v -0.050464541 0.137285441 0.050635651
v -0.053148553 0.147107124 0.043200739
v -0.039784104 0.161168873 -0.017913111
v -0.004739076 0.099544913 0.005441189
v -0.011104733 0.099747092 0.016889103
v -0.032865375 0.154401988 -0.029804334
v -0.027398393 0.148297697 -0.035510466
v -0.013621807 0.130749822 -0.039966904
v -0.006236181 0.120646387 -0.033759356
v -0.046743214 0.125923276 0.05476547
v -0.03982535 0.113816954 0.054107767
v -0.000472486 0.112786591 -0.025297612
v -0.056041867 0.157020479 0.030564219
v -0.028077111 0.104002692 0.046270519
v -0.025445461 0.154667288 0.060056288
v -0.026281506 0.16497767 0.054558188
v -0.019748777 0.181860089 0.011894561
v -0.013697535 0.179183692 0.000856929
v 0.012117028 0.118499964 0.019706827
v 0.0073599 0.117697448 0.031315118
v -0.006862924 0.171547145 -0.009481758
v -0.002294973 0.165316015 -0.015866652
v 0.016354941 0.121394455 0.010182954
v 0.009139627 0.148627877 -0.018816352
v 0.014089771 0.137791067 -0.011454701
v -0.022653669 0.144180208 0.062670045
v -0.016733274 0.13269493 0.063614041
v 0.018563174 0.130701274 -0.005784914
v -0.027238652 0.17390871 0.04243248
v -0.007008553 0.123303413 0.057765536
v 0.018149756 0.125344187 0.002034664
v -0.026378244 0.181641698 0.026635174
v 0.018065743 0.191138566 0.01544819
v 0.023842722 0.185609251 0.008397058
v 0.012195498 0.195578784 0.024591498
v 0.034050129 0.140099257 0.028300479
v 0.030480914 0.138620764 0.036295656
v 0.033263311 0.168845564 0.006190091
v 0.035714678 0.158339322 0.009329773
v 0.003775403 0.163962364 0.074980691
v 0.001098543 0.173053384 0.072062783
v 0.008386612 0.152660102 0.073861226
v 0.035435192 0.150679499 0.014048368
v 6.8098e-05 0.182038128 0.066930771
v 0.00150881 0.189706713 0.058126979
v 0.014041133 0.144255936 0.068320021
v 0.03523273 0.144475937 0.020768434
v 0.003675796 0.196279436 0.04635115
v 0.007203825 0.196991742 0.035106424
v 0.026059531 0.138614655 0.047189243
v 0.054752648 0.188973725 0.027230125
v 0.05597268 0.178404152 0.028894022
v 0.027257062 0.181558132 0.085613161
v 0.023928694 0.189991206 0.081813864
v 0.031272992 0.172320098 0.085228592
v 0.05588375 0.171185791 0.033394817
v 0.023696139 0.197101414 0.076878265
v 0.024601847 0.203683585 0.070448741
v 0.03653007 0.165045649 0.081359342
v 0.055701442 0.16459313 0.040703397
v 0.02590213 0.208429247 0.061848979
v 0.054437347 0.159697354 0.04999996
v 0.02909337 0.210754722 0.053016312
v 0.033176139 0.210942119 0.044642285
v 0.052364402 0.158058167 0.057008415
v 0.048994444 0.158413798 0.065682083
v 0.038912445 0.208652586 0.037525371
v 0.045854479 0.205151767 0.032383781
v 0.072165012 0.194032565 0.043553479
v 0.072703943 0.186305508 0.048456103
v 0.041388035 0.208844572 0.085017636
v 0.041670427 0.214807719 0.078643471
v 0.053192809 0.17915231 0.091911942
v 0.048241436 0.186511427 0.094200142
v 0.07230407 0.17962788 0.055768974
v 0.04299394 0.219390482 0.071591288
v 0.070949078 0.174063191 0.063665442
v 0.04547397 0.221817821 0.06433785
v 0.04217349 0.202161402 0.090143591
v 0.049400054 0.222114474 0.057403687
v 0.067943439 0.171462521 0.071565613
v 0.063680276 0.171965033 0.079534173
v 0.055005275 0.220607176 0.050664477
v 0.061274357 0.217279449 0.045649678
v 0.070499375 0.202516928 0.041785151
v 0.044361785 0.194882691 0.093798026
v 0.086924076 0.196812823 0.060546834
v 0.087798312 0.19067584 0.066854984
v 0.062047485 0.219654694 0.089325935
v 0.062136475 0.22342135 0.083760366
v 0.087508827 0.185913071 0.074347451
v 0.063452348 0.225704268 0.077781662
v 0.065052569 0.209347323 0.098203547
v 0.063108593 0.214717701 0.094247706
v 0.066215709 0.226234153 0.071488976
v 0.085964784 0.183250651 0.081606969
v 0.083169892 0.183120474 0.08869043
v 0.070251659 0.225051895 0.065479875
v 0.074642479 0.222633258 0.060537271
v 0.08261095 0.210689619 0.055445056
v 0.085042864 0.203554288 0.056751996
v 0.067772061 0.203365877 0.101030357
v 0.071132138 0.19657965 0.101782545
v 0.075083077 0.190059289 0.099762186
v 0.097499713 0.199826613 0.074037552
v 0.099091962 0.195448205 0.081241474
v 0.075577557 0.227910176 0.093346074
v 0.075719707 0.230022505 0.088258028
v 0.081641257 0.216517165 0.104688771
v 0.078858435 0.220731273 0.101708084
v 0.077113025 0.230657771 0.082647495
v 0.099175274 0.193389699 0.08837314
v 0.09778291 0.193751052 0.094889909
v 0.079467542 0.229807273 0.077016741
v 0.082415774 0.227642193 0.072173864
v 0.089172423 0.217533126 0.065399557
v 0.092201531 0.211408451 0.065572076
v 0.084706739 0.21188952 0.106680423
v 0.088176444 0.206483379 0.106886514
v 0.095129877 0.205383673 0.068501577
v 0.076724723 0.224592343 0.097850159
v 0.091923431 0.200842455 0.105051212
v 0.097216606 0.221837178 0.11007715
v 0.093227215 0.224030808 0.108813435
v 0.084010713 0.229830697 0.100271419
v 0.082766496 0.230638102 0.095331505
v 0.112637758 0.206624046 0.093828589
v 0.111802489 0.205720559 0.087633424
v 0.120408125 0.219413474 0.083644062
v 0.123031728 0.220669582 0.089890294
v 0.083207756 0.228726938 0.083927803
v 0.082600124 0.230200365 0.089648753
v 0.080012284 0.23232545 0.099698648
v 0.0786184 0.23102589 0.093228348
v 0.108768761 0.206532195 0.081812382
v 0.114581972 0.218906537 0.078899413
v 0.088487387 0.221470907 0.073851779
v 0.092781544 0.217042759 0.072381973
v 0.101328999 0.219173327 0.110150345
v 0.105426937 0.215787247 0.108661041
v 0.117494069 0.226280287 0.108628109
v 0.112539016 0.227771714 0.111899287
v 0.097949222 0.212994471 0.073210821
v 0.089473441 0.2261969 0.106837466
v 0.109111696 0.212205067 0.105114415
v 0.121309288 0.224270359 0.103548102
v 0.103683099 0.209207907 0.076605275
v 0.086336672 0.228292897 0.104018025
v 0.083938092 0.316525757 0.11745549
v 0.104037978 0.324106455 0.117381528
v 0.082254529 0.32014662 0.117824942
v 0.085083127 0.323880076 0.116210416
v 0.104108028 0.325825334 0.115015373
v 0.107284434 0.331861973 0.114965066
v 0.060823932 0.308598548 0.113200717
v 0.05674617 0.310480863 0.114152387
v 0.111363433 0.337829471 0.109023288
v 0.117883138 0.339846849 0.108792357
v 0.064257979 0.311459929 0.115348294
v 0.067014053 0.317069381 0.114564188
v 0.078351617 0.319325268 0.118921287
v 0.054149747 0.308032125 0.110079102
v 0.082748726 0.315143764 0.091529712
v 0.085610554 0.307506859 0.092408568
v 0.123012461 0.237415865 0.10945724
v 0.117494069 0.226280287 0.108628109
v 0.121309288 0.224270359 0.103548102
v 0.128028497 0.235908046 0.103356726
v 0.116841562 0.238134697 0.113275297
v 0.112539016 0.227771714 0.111899287
v 0.152206779 0.312055469 0.069826365
v 0.148029298 0.313844562 0.068005711
v 0.135636061 0.308354735 0.084275842
v 0.139569536 0.30650413 0.087781191
v 0.141457051 0.314073086 0.068412021
v 0.135153547 0.312473893 0.074162588
v 0.134122923 0.310432732 0.080675706
v 0.148940295 0.304838955 0.0848919
v 0.154502124 0.306484222 0.079696611
v 0.135636061 0.308354735 0.084275842
v 0.155326784 0.309372246 0.073712453
v 0.148029298 0.313844562 0.068005711
v 0.152585521 0.301907539 0.077660799
v 0.153221056 0.305207312 0.071402654
v 0.150350496 0.30802232 0.067816883
v 0.146484822 0.310162365 0.065885834
v 0.140659496 0.310973287 0.066411406
v 0.133518338 0.304606795 0.082340792
v 0.137894556 0.303144574 0.085316524
v 0.146484822 0.310162365 0.065885834
v 0.133762524 0.309537113 0.072746567
v 0.132819012 0.307221413 0.078644872
v 0.133518338 0.304606795 0.082340792
v 0.146612242 0.300767004 0.08352232
v 0.145284623 0.296957612 0.081775121
v 0.151223496 0.297251582 0.07516551
v 0.135584995 0.300000668 0.084071189
v 0.151337937 0.301442146 0.068602711
v 0.148828626 0.304516017 0.065475896
v 0.145357817 0.307165205 0.06392508
v 0.139728278 0.308847785 0.065119796
v 0.132321909 0.301956713 0.080821633
v 0.145357817 0.307165205 0.06392508
v 0.132931963 0.307515979 0.071432404
v 0.131230131 0.304589808 0.077567652
v 0.132321909 0.301956713 0.080821633
v 0.137237191 0.305190802 0.06175261
v 0.131279111 0.305145323 0.068318963
v 0.130263403 0.303024888 0.074693158
v 0.131157711 0.30006963 0.079663426
v 0.144165441 0.294457138 0.078304917
v 0.149843425 0.292657733 0.070699885
v 0.134112328 0.298600614 0.081384473
v 0.149289683 0.296591461 0.064255714
v 0.146568939 0.300011933 0.061295539
v 0.142800167 0.303071082 0.060124639
v 0.131157711 0.30006963 0.079663426
v 0.142800167 0.303071082 0.060124639
v 0.13946268 0.298499286 0.057038933
v 0.135690227 0.301921904 0.058943395
v 0.129918411 0.300059915 0.0769106
v 0.133926228 0.296131134 0.081951767
v 0.143976226 0.294778168 0.05736037
v 0.13946268 0.298499286 0.057038933
v 0.129809454 0.30256021 0.066623956
v 0.129693627 0.301042438 0.074470215
v 0.129918411 0.300059915 0.0769106
v 0.142641321 0.291310489 0.07715705
v 0.148887411 0.287755549 0.06867221
v 0.147703096 0.290845752 0.060665756
v 0.148717716 0.282693088 0.065226436
v 0.1462145 0.282756627 0.057908159
v 0.139391154 0.286425352 0.054306131
v 0.133244202 0.291199386 0.053952247
v 0.127887085 0.295712709 0.058709197
v 0.129895523 0.300463855 0.080008797
v 0.133664817 0.296071231 0.083539948
v 0.133244202 0.291199386 0.053952247
v 0.128550217 0.299536288 0.068655133
v 0.127767399 0.300987482 0.072753124
v 0.129895523 0.300463855 0.080008797
v 0.14365074 0.288715839 0.076774836
v 0.134394482 0.277170539 0.054686859
v 0.144258618 0.273813069 0.057986241
v 0.126984194 0.283136845 0.054241758
v 0.11711356 0.300200522 0.074854426
v 0.117971107 0.286037028 0.064459138
v 0.111325338 0.280429542 0.069622666
v 0.109146804 0.296984971 0.078717187
v 0.119896814 0.27393055 0.05805717
v 0.115261286 0.267314672 0.063650727
v 0.119896814 0.27393055 0.05805717
v 0.127147451 0.266796052 0.059256773
v 0.120172746 0.259164155 0.065093547
v 0.115261286 0.267314672 0.063650727
v 0.105945423 0.277920425 0.074186191
v 0.103574961 0.295119286 0.084439039
v 0.099900082 0.276197016 0.078417733
v 0.098034218 0.294195652 0.088605598
v 0.09321177 0.275669575 0.08189445
v 0.089846388 0.292821109 0.089465432
v 0.147906944 0.266116261 0.075165972
v 0.145173997 0.271463454 0.094108686
v 0.143447608 0.258359015 0.092386991
v 0.143164411 0.255713046 0.081218466
v 0.082791254 0.276199251 0.081463866
v 0.079908252 0.291738212 0.088324741
v 0.070059747 0.278602093 0.082823902
v 0.067522362 0.291667968 0.087136984
v 0.05633232 0.282548755 0.087867841
v 0.071713656 0.265819758 0.078644276
v 0.062211242 0.270981401 0.084111743
v 0.054020137 0.292219013 0.089892201
v 0.125981644 0.31027621 0.081155062
v 0.124069422 0.290983319 0.060452539
v 0.126984194 0.283136845 0.054241758
v 0.080503061 0.323030293 0.091469675
v 0.082454041 0.262926847 0.11864534
v 0.128055349 0.33409071 0.110854581
v 0.123267062 0.336239696 0.111071214
v 0.132436916 0.335489273 0.108513884
v 0.098826014 0.329058588 0.117866859
v 0.123106733 0.297411144 0.068141684
v 0.06421788 0.288822025 0.115800433
v 0.07102944 0.289807647 0.117595062
v 0.118158109 0.263472557 0.115708098
v 0.127229527 0.263465405 0.111369282
v 0.088929623 0.262605488 0.120034799
v 0.137167051 0.262204945 0.103768542
v 0.098769918 0.293848038 0.119869858
v 0.053291097 0.306276888 0.093015485
v 0.049299881 0.304311305 0.099716477
v 0.08345601 0.261635154 0.075613908
v 0.094604649 0.260068476 0.074698076
v 0.12484853 0.302449226 0.077063039
v 0.130668998 0.306763232 0.084288001
v 0.133490101 0.302016616 0.086686425
v 0.130668998 0.306763232 0.084288001
v 0.144595936 0.288232565 0.081063747
v 0.148700446 0.275343955 0.067617446
v 0.055478171 0.278058141 0.102522716
v 0.054091051 0.280315489 0.094401985
v 0.057736941 0.265129894 0.088247404
v 0.059142418 0.256665081 0.093678005
v 0.053983375 0.288596779 0.104924209
v 0.051356435 0.290142626 0.097623162
v 0.052394509 0.299579471 0.106560901
v 0.140060261 0.263032615 0.062188081
v 0.130556032 0.251315176 0.069314651
v 0.118974216 0.250647426 0.113583401
v 0.111494608 0.250422299 0.116647251
v 0.110638298 0.238673583 0.115562037
v 0.104378857 0.250053585 0.118436769
v 0.104426391 0.238799587 0.116595201
v 0.09740559 0.249840394 0.118722923
v 0.098399796 0.239079133 0.116438136
v 0.090374388 0.249853447 0.118198827
v 0.092349596 0.239560321 0.115212731
v 0.083551414 0.249710634 0.116773561
v 0.08669997 0.239954069 0.113104254
v 0.111655056 0.208888367 0.099809103
v 0.095204934 0.196337268 0.100710399
v 0.079291493 0.185452178 0.095210224
v 0.042294972 0.160017788 0.074580312
v 0.058290109 0.174553126 0.086653665
v -0.152207971 -0.079566076 0.050872751
v -0.16062057 -0.08919169 0.05562298
v -0.14444387 -0.066859379 0.048685022
v -0.133727491 -0.051007912 0.046389788
v -0.12111707 -0.031485483 0.043078318
v -0.106839731 -0.010005817 0.039291672
v -0.094256803 0.012302771 0.032362714
v -0.083707228 0.032647535 0.02199382
v 0.077156939 0.249412134 0.114450842
v 0.081428774 0.240034953 0.109715946
v 0.070332773 0.248793676 0.109765485
v 0.076824971 0.239223555 0.104743674
v 0.12658985 0.250528991 0.108943731
v 0.073871769 0.237505868 0.098263554
v 0.0786184 0.23102589 0.093228348
v 0.080012284 0.23232545 0.099698648
v 0.123324119 0.222355738 0.096871957
v -0.210501403 -0.090665594 -0.06295526
v -0.220658749 -0.100699559 -0.063763976
v -0.195739865 -0.07762672 -0.068845704
v -0.178531706 -0.058979318 -0.074015483
v -0.155524492 -0.035183102 -0.077041045
v -0.140847564 -0.013088688 -0.075446501
v -0.127141088 0.005849048 -0.068529353
v -0.116748303 0.02536945 -0.070841536
v -0.106659785 0.042867348 -0.071487814
v -0.097083896 0.058509246 -0.070584401
v -0.088563606 0.073281005 -0.072668537
v -0.076943293 0.088304892 -0.072208837
v -0.061721072 0.104058184 -0.062861845
v -0.043079481 0.121657498 -0.052774832
v -0.020553172 0.140484542 -0.039089568
v 0.003039263 0.158391863 -0.019465156
v 0.029419526 0.177268147 0.004913501
v 0.051687241 0.196767449 0.027834371
v 0.066922769 0.210851863 0.042069562
v 0.079040766 0.217560843 0.056864362
v 0.085822687 0.223504558 0.067875609
v 0.085231781 0.225698069 0.078065068
v 0.074350946 0.234595731 0.089652233
v 0.079473555 0.22868897 0.085895374
v 0.131184265 0.335189164 0.088084176
v 0.134071559 0.326513886 0.088327363
v 0.136275977 0.335656464 0.091704898
v 0.136275977 0.335656464 0.091704898
v 0.134071559 0.326513886 0.088327363
v 0.130797356 0.330212891 0.087044343
v 0.133274391 0.309673131 0.090592414
v 0.133974999 0.316914618 0.087347083
v 0.143483087 0.285800934 0.087433696
v 0.130555227 0.312034309 0.109711558
v 0.138819948 0.291287005 0.096353754
v 0.065995939 0.246848598 0.103858382
v 0.066260584 0.243047312 0.093216471
v 0.136227444 0.312777042 0.100748353
v 0.07176853 0.247200742 0.078650907
v 0.07375776 0.238640204 0.083075359
v 0.066260584 0.243047312 0.093216471
v 0.059142418 0.256665081 0.093678005
v 0.08414375 0.244001105 0.075592808
v 0.083642788 0.236630276 0.077755809
v 0.095213287 0.244107202 0.073617682
v 0.094166867 0.236688271 0.074572161
v 0.106343754 0.24359639 0.074130252
v 0.105600707 0.237473682 0.073962569
v 0.114624806 0.247277096 0.071351871
v 0.117065258 0.239193574 0.074815899
v 0.127902418 0.242805317 0.076274261
v 0.13558428 0.24551256 0.084012747
v 0.137603492 0.247728899 0.092712477
v 0.057736941 0.265129894 0.088247404
v 0.071082607 0.255740553 0.077825502
v 0.084250845 0.250896245 0.074435264
v 0.062211242 0.270981401 0.084111743
v 0.071713656 0.265819758 0.078644276
v 0.102563255 0.259399474 0.073398218
v 0.110061854 0.263293505 0.068975717
v 0.08345601 0.261635154 0.075613908
v 0.094604649 0.260068476 0.074698076
v 0.095851816 0.250146568 0.073148683
v 0.102563255 0.259399474 0.073398218
v 0.104787745 0.249886766 0.073009118
v 0.110061854 0.263293505 0.068975717
v 0.112427108 0.252788544 0.069451407
v -0.189827681 -0.096985683 -0.064396977
v -0.199094683 -0.104544535 -0.063251331
v -0.176799327 -0.086236641 -0.067684785
v -0.157574594 -0.069811866 -0.069212139
v -0.13923192 -0.047430977 -0.070613697
v -0.12463361 -0.024585024 -0.069478288
v -0.113831878 -0.003311023 -0.066124156
v -0.104213387 0.016227022 -0.065282434
v -0.093744487 0.034047917 -0.066189677
v -0.086430997 0.049499884 -0.069008127
v -0.078333274 0.063634321 -0.071952477
v -0.068100661 0.078235045 -0.070657253
v -0.053414762 0.094132908 -0.062131733
v -0.035122424 0.112079628 -0.053295821
v -0.013621807 0.130749822 -0.039966904
v 0.009139627 0.148627877 -0.018816352
v 0.033263311 0.168845564 0.006190091
v 0.054752648 0.188973725 0.027230125
v 0.070499375 0.202516928 0.041785151
v 0.08261095 0.210689619 0.055445056
v 0.089172423 0.217533126 0.065399557
v 0.088487387 0.221470907 0.073851779
v 0.133322209 0.249321356 0.101620898
v 0.058168575 0.288441509 0.11163488
v 0.001339547 0.117156982 0.046222501
v 0.020798683 0.139782071 0.059559017
v -0.01748696 0.099194735 0.034710936
v -0.036139548 0.083018064 0.02240812
v -0.048698291 0.073092118 0.013896056
v -0.057645246 0.066783801 0.008882239
v -0.065741986 0.06149663 0.00617744
v -0.071838185 0.05543898 0.007368244
v -0.077857375 0.046874478 0.012495272
v 0.133974999 0.316914618 0.087347083
v 0.130403996 0.234080091 0.096117027
v 0.123324119 0.222355738 0.096871957
v 0.123031728 0.220669582 0.089890294
v 0.129571021 0.232275859 0.088608988
v 0.120408125 0.219413474 0.083644062
v 0.124917276 0.230424777 0.081962585
v 0.114581972 0.218906537 0.078899413
v 0.11681401 0.228803232 0.077558115
v 0.106608398 0.228234246 0.075344995
v 0.09623953 0.228187278 0.075474173
v 0.08720322 0.228950337 0.077898622
v 0.07950861 0.231089428 0.082233056
v 0.08334361 0.225425318 0.079839855
v 0.079473555 0.22868897 0.085895374
v 0.074350946 0.234595731 0.089652233
v 0.106982537 0.228912726 0.113487795
v 0.101635464 0.229539886 0.113813236
v 0.086729445 0.23208411 0.109250359
v 0.082952805 0.23259218 0.10520187
v 0.08334361 0.225425318 0.079839855
v 0.089347184 0.222697273 0.076349214
v 0.097241506 0.220753744 0.07502757
v 0.096333615 0.230445102 0.113340288
v 0.106123835 0.219380096 0.075908646
v 0.091246612 0.23133792 0.1118825
v 0.079473555 0.22868897 0.085895374
v 0.08334361 0.225425318 0.079839855
v 0.106982537 0.228912726 0.113487795
v 0.097241506 0.220753744 0.07502757
v 0.106123835 0.219380096 0.075908646
v 0.082952805 0.23259218 0.10520187
v 0.096333615 0.230445102 0.113340288
v 0.091246612 0.23133792 0.1118825
v 0.086729445 0.23208411 0.109250359
v 0.089347184 0.222697273 0.076349214
v 0.101635464 0.229539886 0.113813236
vt 0.613085747 0.544982433
vt 0.614759207 0.56237632
vt 0.589773476 0.557445109
vt 0.588591993 0.539945841
vt 0.616327763 0.58288002
vt 0.59216845 0.580601811
vt 0.561432004 0.552462101
vt 0.560214758 0.532397509
vt 0.564477026 0.576251209
vt 0.494129419 0.513385236
vt 0.497965544 0.537261844
vt 0.458541125 0.547778189
vt 0.451401979 0.524095654
vt 0.510554194 0.57315433
vt 0.475802213 0.579066217
vt 0.446639627 0.593041241
vt 0.432824314 0.571820199
vt 0.418107539 0.599162519
vt 0.405103654 0.590117216
vt 0.422472388 0.55834651
vt 0.632852435 0.547173917
vt 0.634121597 0.563882589
vt 0.637991548 0.583120883
vt 0.729959428 0.536889613
vt 0.729849279 0.518388391
vt 0.743816674 0.515134573
vt 0.742274702 0.531931877
vt 0.389093697 0.648611546
vt 0.390004605 0.636066318
vt 0.404921561 0.637239814
vt 0.400619507 0.64716804
vt 0.395024985 0.61749357
vt 0.412016243 0.622338891
vt 0.656434834 0.561153829
vt 0.654234469 0.544902265
vt 0.675615788 0.539028704
vt 0.678307712 0.555174768
vt 0.695151746 0.531750023
vt 0.697896659 0.548142076
vt 0.713352621 0.524243236
vt 0.715184093 0.542374969
vt 0.717297494 0.563019156
vt 0.731054008 0.558781385
vt 0.741998732 0.554632246
vt 0.421878129 0.643121719
vt 0.415326446 0.650959492
vt 0.428851098 0.633649886
vt 0.659408629 0.579812467
vt 0.680789709 0.573938966
vt 0.435206145 0.611703455
vt 0.700695217 0.568381965
vt 0.75613302 0.513778687
vt 0.753343165 0.529557168
vt 0.751573682 0.551291645
vt 0.448076516 0.650108218
vt 0.439943403 0.657770693
vt 0.662436068 0.602318883
vt 0.682833612 0.596656382
vt 0.619549274 0.608689547
vt 0.595865011 0.608624876
vt 0.45692876 0.637403071
vt 0.752124608 0.576645076
vt 0.742743015 0.57968688
vt 0.702334762 0.590414345
vt 0.57351619 0.60878855
vt 0.718462825 0.586439669
vt 0.642706156 0.606294394
vt 0.732131362 0.582992613
vt 0.525691211 0.611330092
vt 0.498493403 0.614077628
vt 0.43470934 0.664554
vt 0.473634988 0.625328422
vt 0.465529174 0.67389375
vt 0.458063334 0.679869294
vt 0.665340841 0.626652598
vt 0.685545206 0.621288836
vt 0.601740479 0.637209892
vt 0.580200553 0.642345607
vt 0.475753367 0.667583704
vt 0.704168022 0.615749717
vt 0.493198395 0.658952534
vt 0.720190704 0.611283123
vt 0.644872963 0.630786419
vt 0.732822657 0.607801199
vt 0.539069772 0.643708289
vt 0.517846823 0.650319755
vt 0.752974033 0.602191567
vt 0.742994845 0.604847014
vt 0.452266693 0.685229599
vt 0.622191191 0.635395229
vt 0.490114123 0.692547143
vt 0.479028404 0.697241008
vt 0.687606871 0.645288885
vt 0.705772698 0.638818681
vt 0.507471383 0.684706748
vt 0.720372438 0.634914637
vt 0.647320867 0.654188991
vt 0.666910231 0.650758266
vt 0.733057141 0.6316787
vt 0.549883306 0.676122308
vt 0.528588533 0.677603304
vt 0.751873195 0.625840962
vt 0.742192566 0.628689706
vt 0.471246272 0.701740801
vt 0.464693546 0.705976725
vt 0.626976252 0.66009742
vt 0.606578946 0.665759861
vt 0.588026822 0.672827661
vt 0.517527223 0.708792746
vt 0.499484152 0.713435531
vt 0.705830455 0.660675764
vt 0.71979779 0.657422006
vt 0.650084555 0.675465584
vt 0.668690205 0.6722458
vt 0.731445909 0.654151082
vt 0.558287919 0.702106178
vt 0.538206279 0.70564276
vt 0.750595629 0.647469938
vt 0.74088043 0.651355147
vt 0.480299443 0.721153378
vt 0.473781615 0.724352777
vt 0.630671144 0.680916905
vt 0.609992623 0.68766886
vt 0.487801075 0.71774298
vt 0.687366188 0.66695261
vt 0.593284845 0.692539752
vt 0.512648046 0.079801962
vt 0.515617967 0.08244884
vt 0.512742221 0.087194487
vt 0.510180295 0.084191039
vt 0.496313423 0.098011799
vt 0.498862654 0.099878818
vt 0.494064897 0.103077635
vt 0.49225983 0.101025969
vt 0.505540013 0.090012975
vt 0.508012354 0.092970535
vt 0.503299415 0.096777901
vt 0.500167787 0.094613321
vt 0.521740377 0.108456627
vt 0.52532804 0.11254888
vt 0.519655526 0.120668188
vt 0.51555258 0.116312787
vt 0.531040788 0.097105742
vt 0.533804297 0.100212045
vt 0.530067503 0.105647877
vt 0.526385427 0.102072395
vt 0.509689808 0.120380372
vt 0.510877013 0.128895953
vt 0.499709517 0.129689112
vt 0.502978325 0.12373168
vt 0.496250987 0.060692634
vt 0.503363907 0.068280309
vt 0.499405414 0.073320515
vt 0.492810249 0.065714777
vt 0.479502648 0.077278882
vt 0.485082537 0.085213363
vt 0.481180936 0.088870123
vt 0.475272268 0.07992021
vt 0.488791823 0.069876835
vt 0.495182842 0.077660851
vt 0.489815503 0.08169876
vt 0.484280348 0.07378722
vt 0.660756886 0.459679991
vt 0.664231837 0.461172283
vt 0.660898864 0.469356745
vt 0.656523108 0.467969239
vt 0.510442257 0.095624007
vt 0.505856454 0.100343712
vt 0.66490525 0.448239863
vt 0.669624388 0.448955357
vt 0.668813765 0.451648533
vt 0.664318621 0.45104754
vt 0.668000996 0.428352714
vt 0.672252893 0.431089401
vt 0.671318114 0.43513155
vt 0.666723013 0.433067054
vt 0.495601326 0.115444236
vt 0.501086414 0.113443539
vt 0.503191173 0.119885787
vt 0.497753501 0.121628061
vt 0.470479369 0.082556747
vt 0.477261782 0.091952957
vt 0.497072548 0.124952383
vt 0.492984474 0.129361331
vt 0.486720383 0.104128607
vt 0.488455802 0.10642729
vt 0.513941586 0.068033643
vt 0.511177003 0.070293747
vt 0.505550683 0.065160207
vt 0.507829607 0.061804537
vt 0.53816396 0.087750018
vt 0.5346632 0.091893919
vt 0.531083465 0.089500621
vt 0.534402609 0.085546367
vt 0.526520431 0.086322628
vt 0.529182613 0.082880221
vt 0.518187165 0.084608488
vt 0.515129685 0.089543879
vt 0.50178051 0.103346489
vt 0.497005194 0.106556773
vt 0.472426713 0.068015143
vt 0.469374418 0.064478725
vt 0.475013822 0.062839463
vt 0.477311581 0.065143116
vt 0.481566876 0.062231813
vt 0.479692161 0.060427018
vt 0.483170599 0.056271553
vt 0.485341281 0.057662729
vt 0.642704844 0.504977942
vt 0.647157907 0.497365683
vt 0.650318563 0.496155232
vt 0.647672176 0.502995431
vt 0.489416659 0.052117214
vt 0.48626259 0.049941462
vt 0.486861259 0.045727447
vt 0.490548193 0.048740488
vt 0.482827574 0.049034376
vt 0.479439944 0.047869015
vt 0.475799561 0.042054959
vt 0.481410056 0.043790627
vt 0.469172984 0.038105372
vt 0.471318215 0.037223779
vt 0.473796099 0.042161345
vt 0.457485527 0.057558756
vt 0.457881808 0.050699286
vt 0.462236047 0.054618217
vt 0.46243906 0.059806414
vt 0.639600873 0.512714207
vt 0.640182734 0.510469019
vt 0.643114388 0.509706736
vt 0.642532647 0.511951923
vt 0.467879891 0.060325664
vt 0.467070252 0.057652321
vt 0.4725959 0.058779746
vt 0.473571986 0.060408279
vt 0.628927886 0.510935128
vt 0.629052043 0.509586096
vt 0.63354224 0.510749757
vt 0.632850885 0.51265645
vt 0.478088886 0.058478057
vt 0.476597548 0.056586288
vt 0.479105353 0.052782521
vt 0.481069535 0.054633345
vt 0.471283793 0.056979597
vt 0.475574136 0.055216257
vt 0.477544308 0.051137939
vt 0.640112281 0.453090042
vt 0.646957219 0.45517391
vt 0.645650327 0.463263214
vt 0.639019728 0.462418646
vt 0.643254817 0.440853834
vt 0.649751782 0.444172233
vt 0.649160266 0.447542459
vt 0.641871929 0.444667101
vt 0.646255553 0.418940574
vt 0.654101312 0.422383189
vt 0.653385937 0.427102268
vt 0.646207094 0.424565673
vt 0.63055402 0.504986346
vt 0.635611653 0.505592048
vt 0.466616601 0.055443272
vt 0.458077967 0.048822071
vt 0.462230474 0.052638061
vt 0.479619473 0.040051337
vt 0.476771504 0.046788596
vt 0.632404208 0.499151677
vt 0.634049714 0.49095282
vt 0.639211953 0.492459714
vt 0.637228191 0.500768185
vt 0.486795723 0.0428693
vt 0.490888298 0.045807064
vt 0.649003267 0.492093742
vt 0.652158976 0.49144575
vt 0.459403872 0.064753197
vt 0.464441538 0.06506636
vt 0.474336535 0.070967913
vt 0.479186296 0.066948064
vt 0.483172596 0.063899554
vt 0.487079144 0.059680294
vt 0.635919034 0.482868403
vt 0.63662976 0.478711665
vt 0.642130613 0.480108976
vt 0.641195834 0.484151393
vt 0.518595994 0.105155714
vt 0.513562918 0.112189174
vt 0.509994507 0.105847016
vt 0.515080392 0.100535408
vt 0.670592844 0.440975785
vt 0.665764093 0.439921707
vt 0.491127312 0.109769255
vt 0.520396531 0.081499852
vt 0.522628248 0.078402467
vt 0.527854025 0.093500666
vt 0.523400247 0.098570243
vt 0.520439982 0.094798423
vt 0.523967862 0.09010347
vt 0.50970602 0.115868866
vt 0.506115377 0.109515235
vt 0.651964486 0.435415655
vt 0.644447386 0.432988465
vt 0.499390513 0.082917199
vt 0.502574921 0.086803421
vt 0.497424304 0.091799706
vt 0.494528741 0.088343441
vt 0.465768546 0.075630851
vt 0.462322533 0.07076361
vt 0.466697693 0.069608517
vt 0.469857246 0.073764727
vt 0.490801513 0.092654087
vt 0.4933635 0.095657535
vt 0.490006745 0.098745242
vt 0.487467378 0.095753118
vt 0.650972605 0.48547262
vt 0.652350545 0.482221782
vt 0.655382335 0.482922703
vt 0.653780282 0.486059159
vt 0.498720527 0.053479597
vt 0.497058541 0.055738058
vt 0.495701551 0.053915039
vt 0.49729389 0.051903613
vt 0.663393497 0.453964621
vt 0.667211831 0.454784989
vt 0.666062653 0.457587928
vt 0.662473321 0.45631963
vt 0.641175926 0.447136253
vt 0.648912132 0.450240314
vt 0.647877514 0.452819198
vt 0.640813231 0.450058311
vt 0.503797114 0.078105956
vt 0.506963849 0.081418358
vt 0.507977128 0.073461525
vt 0.510511875 0.077015936
vt 0.482149392 0.099251606
vt 0.484688967 0.102243572
vt 0.518328547 0.073381528
vt 0.515442193 0.076709539
vt 0.51359725 0.074072249
vt 0.516254604 0.071192347
vt 0.492277026 0.054425754
vt 0.493963718 0.051897556
vt 0.637101948 0.476128191
vt 0.642602742 0.477525473
vt 0.653380394 0.480205476
vt 0.656297743 0.48113054
vt 0.495269626 0.049174875
vt 0.520417511 0.076425835
vt 0.517984152 0.079420134
vt 0.494876415 0.058295868
vt 0.490447491 0.063095629
vt 0.477767378 0.074980021
vt 0.473489732 0.077879779
vt 0.486272305 0.067177482
vt 0.482370675 0.070834383
vt 0.469460905 0.0806242
vt 0.498773932 0.057744145
vt 0.500415862 0.055193078
vt 0.643074989 0.47494176
vt 0.637574077 0.473544538
vt 0.65721792 0.478775769
vt 0.654300809 0.477850795
vt 0.4935444 0.056202807
vt 0.488572896 0.061290618
vt 0.476141453 0.07301981
vt 0.471794248 0.076166376
vt 0.484666437 0.065509886
vt 0.480700105 0.068851069
vt 0.467967123 0.07901381
vt 0.654245436 0.458049089
vt 0.651031852 0.465446919
vt 0.658055484 0.446718544
vt 0.657916903 0.449755013
vt 0.661728084 0.425148755
vt 0.660554886 0.43076396
vt 0.641513705 0.49956736
vt 0.639434576 0.505849898
vt 0.637589455 0.511122048
vt 0.63746047 0.51303345
vt 0.64348799 0.492383838
vt 0.660153627 0.438186079
vt 0.646844923 0.4813869
vt 0.644899607 0.485195518
vt 0.657106161 0.452448279
vt 0.65584749 0.454912692
vt 0.647994101 0.47858423
vt 0.64846611 0.476000607
vt 0.638612747 0.431138366
vt 0.637873292 0.438670009
vt 0.64052099 0.418554008
vt 0.640258253 0.422939539
vt 0.633398175 0.475083798
vt 0.633154809 0.477219343
vt 0.627259851 0.508670688
vt 0.62730813 0.503045678
vt 0.63738656 0.442941159
vt 0.637362421 0.445753455
vt 0.63509655 0.460697621
vt 0.633979976 0.47283867
vt 0.628834188 0.495633423
vt 0.63102752 0.489126801
vt 0.636184454 0.451931268
vt 0.636775732 0.448561132
vt 0.626463652 0.509676397
vt 0.632558465 0.481152058
vt 0.45908466 0.044251788
vt 0.457673311 0.043530859
vt 0.460270673 0.039772898
vt 0.461386055 0.040907521
vt 0.4711366 0.055774577
vt 0.474864542 0.054006439
vt 0.464296997 0.037309773
vt 0.464621007 0.038887709
vt 0.466646373 0.054610938
vt 0.468060911 0.039231975
vt 0.472195745 0.042474054
vt 0.459259808 0.047448434
vt 0.462717772 0.050909653
vt 0.457218677 0.046688445
vt 0.458572537 0.046250015
vt 0.475803465 0.046858929
vt 0.466266125 0.038598016
vt 0.466370225 0.036956206
vt 0.476332158 0.050801322
vt 0.462613434 0.042099349
vt 0.463728756 0.043234047
vt 0.466828376 0.046511881
vt 0.469507098 0.049010169
vt 0.45773983 0.159098357
vt 0.461948365 0.158988297
vt 0.462429971 0.163188905
vt 0.458114177 0.162679389
vt 0.458651841 0.18131505
vt 0.462875634 0.182060048
vt 0.461406291 0.188089117
vt 0.457767427 0.187360257
vt 0.458728343 0.169772461
vt 0.463427514 0.170195311
vt 0.463484108 0.176721156
vt 0.458222389 0.176293597
vt 0.497869194 0.171120673
vt 0.503307641 0.171921134
vt 0.504796863 0.184545949
vt 0.49614197 0.180972725
vt 0.4924227 0.150260359
vt 0.504688203 0.142118737
vt 0.50443393 0.158654973
vt 0.49535954 0.159387276
vt 0.491896093 0.190668285
vt 0.503449619 0.19995901
vt 0.494306356 0.203480825
vt 0.48836875 0.197906002
vt 0.427474767 0.15917635
vt 0.43673557 0.157691911
vt 0.43692112 0.162306175
vt 0.427450627 0.161988914
vt 0.427791566 0.179959059
vt 0.437003374 0.181557059
vt 0.436108708 0.186184391
vt 0.427058518 0.184104264
vt 0.428806573 0.169178411
vt 0.438458562 0.169306204
vt 0.438091904 0.175333351
vt 0.428551883 0.175262898
vt 0.590346873 0.444337815
vt 0.593921542 0.447293699
vt 0.586894631 0.453308731
vt 0.583319724 0.450352848
vt 0.468288302 0.170135826
vt 0.46793434 0.17729941
vt 0.604415178 0.430620134
vt 0.608433366 0.434367388
vt 0.606278479 0.436373889
vt 0.602370024 0.432965189
vt 0.621821344 0.40815556
vt 0.624018312 0.414362192
vt 0.618812501 0.417917818
vt 0.61592418 0.41361773
vt 0.474592894 0.19849655
vt 0.476938337 0.192632541
vt 0.48102051 0.194152817
vt 0.478988737 0.200176895
vt 0.425750852 0.189650878
vt 0.43463695 0.192494765
vt 0.485548139 0.204092056
vt 0.488575757 0.207898229
vt 0.457024604 0.192630544
vt 0.46008122 0.193061769
vt 0.445056468 0.150360256
vt 0.445117146 0.153780997
vt 0.436811715 0.15405862
vt 0.435969353 0.149956152
vt 0.48615244 0.138865948
vt 0.48874715 0.143298343
vt 0.482274741 0.147619352
vt 0.481016338 0.142174542
vt 0.477641046 0.150054723
vt 0.476355374 0.145160958
vt 0.465888411 0.158740669
vt 0.466755539 0.162573382
vt 0.466646701 0.183138654
vt 0.465092599 0.188559502
vt 0.415628016 0.178830937
vt 0.411406547 0.177804813
vt 0.413125396 0.174162909
vt 0.416726828 0.174025118
vt 0.417086333 0.168841556
vt 0.41398254 0.168668762
vt 0.413309157 0.163240045
vt 0.416549593 0.163200453
vt 0.556302965 0.478360355
vt 0.561065495 0.474013418
vt 0.566671312 0.476311624
vt 0.560221016 0.480644166
vt 0.415926456 0.159774944
vt 0.411986649 0.160022259
vt 0.409534335 0.15735738
vt 0.414357573 0.156431198
vt 0.408833265 0.160388991
vt 0.406108022 0.160691977
vt 0.401030391 0.159793362
vt 0.404984772 0.157858416
vt 0.395077378 0.161272407
vt 0.39563188 0.159578413
vt 0.400236726 0.160517871
vt 0.39983657 0.180934429
vt 0.395430326 0.177836522
vt 0.402301908 0.176826581
vt 0.405231953 0.178888008
vt 0.551535547 0.48326984
vt 0.551998138 0.481811225
vt 0.556254745 0.483985364
vt 0.554781616 0.48521024
vt 0.408872634 0.17679292
vt 0.406425774 0.176108137
vt 0.409712851 0.173267454
vt 0.411509991 0.173620179
vt 0.542369604 0.476328254
vt 0.543957114 0.474879354
vt 0.546406925 0.477825493
vt 0.545043468 0.479388893
vt 0.412767977 0.16861327
vt 0.410968512 0.168541685
vt 0.409299642 0.163734481
vt 0.411686361 0.163541302
vt 0.408077449 0.172432035
vt 0.409168988 0.168469846
vt 0.407428086 0.164190978
vt 0.577167451 0.433086574
vt 0.581857741 0.437177032
vt 0.576065242 0.443540245
vt 0.572271168 0.439907491
vt 0.588781238 0.416985154
vt 0.594930053 0.421538144
vt 0.592994452 0.424221724
vt 0.586626291 0.418991864
vt 0.604986608 0.390235066
vt 0.613718927 0.395260304
vt 0.606772602 0.404988825
vt 0.60084784 0.400550306
vt 0.547360957 0.471533328
vt 0.550149381 0.474369973
vt 0.40580824 0.17466259
vt 0.39488712 0.175581679
vt 0.400624096 0.17568709
vt 0.398702174 0.155779392
vt 0.404659718 0.161647126
vt 0.5513466 0.465942204
vt 0.556128561 0.459345341
vt 0.5595842 0.463087589
vt 0.55423981 0.469679534
vt 0.406073898 0.154177547
vt 0.413214296 0.153304935
vt 0.568082869 0.469123304
vt 0.572225094 0.471521527
vt 0.404598713 0.184496805
vt 0.408928454 0.180776015
vt 0.41897583 0.17941086
vt 0.419422388 0.174554572
vt 0.419336259 0.168860823
vt 0.418961257 0.162737265
vt 0.56033349 0.454431027
vt 0.562493086 0.451861918
vt 0.56628722 0.455494493
vt 0.564127445 0.458063751
vt 0.488538086 0.170309335
vt 0.487920731 0.179315895
vt 0.480730057 0.178185388
vt 0.480775148 0.170299053
vt 0.615508616 0.422727287
vt 0.612386584 0.419437796
vt 0.463065624 0.19402118
vt 0.465160519 0.154414117
vt 0.46442759 0.150650248
vt 0.483889133 0.153528526
vt 0.486566961 0.161393151
vt 0.479612827 0.161513567
vt 0.478877008 0.155488238
vt 0.484861493 0.187075183
vt 0.479159027 0.185574934
vt 0.603349507 0.410584688
vt 0.596866846 0.405578971
vt 0.445972621 0.169471905
vt 0.451552719 0.169497192
vt 0.451793343 0.17555204
vt 0.445877165 0.175355092
vt 0.417233467 0.188407853
vt 0.412113518 0.187205091
vt 0.41453892 0.182511762
vt 0.418628335 0.18318817
vt 0.445597649 0.181709334
vt 0.45192188 0.181549802
vt 0.452326566 0.1868411
vt 0.445240557 0.186611578
vt 0.572168529 0.464995563
vt 0.574213803 0.462650567
vt 0.577679038 0.465267986
vt 0.575967491 0.468065828
vt 0.423888922 0.152260214
vt 0.42437759 0.155617103
vt 0.421089888 0.155915156
vt 0.421230853 0.152597427
vt 0.600210369 0.435534298
vt 0.604009151 0.438604653
vt 0.600371599 0.442961156
vt 0.596920788 0.43865639
vt 0.585138738 0.421904325
vt 0.591058791 0.426905304
vt 0.588441372 0.430370569
vt 0.582516551 0.425932109
vt 0.445898533 0.162372008
vt 0.451653033 0.163051397
vt 0.445598602 0.157981664
vt 0.451669186 0.158539981
vt 0.443226337 0.193209693
vt 0.451718152 0.192180112
vt 0.458302647 0.151193947
vt 0.458022356 0.155005574
vt 0.4525567 0.154756233
vt 0.45278734 0.151484147
vt 0.41865167 0.159471884
vt 0.418523878 0.156016901
vt 0.564199865 0.449626386
vt 0.568217933 0.453373611
vt 0.576482952 0.460419893
vt 0.579271376 0.463256419
vt 0.418231934 0.153325483
vt 0.461545587 0.15087299
vt 0.461601347 0.154856324
vt 0.424122274 0.159158885
vt 0.424120545 0.161982849
vt 0.424439102 0.17994158
vt 0.424091667 0.183718801
vt 0.425476462 0.169172347
vt 0.425109684 0.175199613
vt 0.422873586 0.189311177
vt 0.427192599 0.155359909
vt 0.426566869 0.152215675
vt 0.570039153 0.450913936
vt 0.56568259 0.447276324
vt 0.581202149 0.461135417
vt 0.578413904 0.458298832
vt 0.421464235 0.159496024
vt 0.421014458 0.162091181
vt 0.421539366 0.179590419
vt 0.421099931 0.183603123
vt 0.422059059 0.168839291
vt 0.42173475 0.1751706
vt 0.420130759 0.18904008
vt 0.586547911 0.44126749
vt 0.579859316 0.44717297
vt 0.600954771 0.427440405
vt 0.598909557 0.429785341
vt 0.619858086 0.400938302
vt 0.612687767 0.410552442
vt 0.557705104 0.472297072
vt 0.553390622 0.476872772
vt 0.549981833 0.480781406
vt 0.548508763 0.482006311
vt 0.564055085 0.466501176
vt 0.609040678 0.416033864
vt 0.570529342 0.459356308
vt 0.568145573 0.461810976
vt 0.59663552 0.432578534
vt 0.59357965 0.434689909
vt 0.572460055 0.457235128
vt 0.574953377 0.455118984
vt 0.590932548 0.402265221
vt 0.583194852 0.412437111
vt 0.598918378 0.389395386
vt 0.594346046 0.397794247
vt 0.560515344 0.446332127
vt 0.558694124 0.448791593
vt 0.542179346 0.472276419
vt 0.544791877 0.469373584
vt 0.581259191 0.415120631
vt 0.579771638 0.418033123
vt 0.568133712 0.436946839
vt 0.56199801 0.443982154
vt 0.549001575 0.463896841
vt 0.553345084 0.455946207
vt 0.572920442 0.429787487
vt 0.57703501 0.422284842
vt 0.540810883 0.474402338
vt 0.556873024 0.451251179
vt 0.390956283 0.17216146
vt 0.390408963 0.17301172
vt 0.389093697 0.168950364
vt 0.390534669 0.168838948
vt 0.407564551 0.17188774
vt 0.408043981 0.168460399
vt 0.38975957 0.164770663
vt 0.390693247 0.166095123
vt 0.404889703 0.174193576
vt 0.394256383 0.162547991
vt 0.399390817 0.162063211
vt 0.39455834 0.174566269
vt 0.399712801 0.174374253
vt 0.392151535 0.174466848
vt 0.392113924 0.173600256
vt 0.404159635 0.162239105
vt 0.39197436 0.163642049
vt 0.39151594 0.161995664
vt 0.406885594 0.164478883
vt 0.39188379 0.16896297
vt 0.394362569 0.168534175
vt 0.399290591 0.168508902
vt 0.403633654 0.168467596
vt 0.481532544 0.236785844
vt 0.483926594 0.235748842
vt 0.48654601 0.239911586
vt 0.484234363 0.241838112
vt 0.489893109 0.256309897
vt 0.492919207 0.2550309
vt 0.493898422 0.258920759
vt 0.491051495 0.260291368
vt 0.486749649 0.247642562
vt 0.489825487 0.24582383
vt 0.491783172 0.251060933
vt 0.488485783 0.252483934
vt 0.512597799 0.232596919
vt 0.518226922 0.229539946
vt 0.523980975 0.238128692
vt 0.516972601 0.239351198
vt 0.500040293 0.219686136
vt 0.504470289 0.20951964
vt 0.511225283 0.219466984
vt 0.506293893 0.225140005
vt 0.519824803 0.247869894
vt 0.533816755 0.245694801
vt 0.526753247 0.263837725
vt 0.519693136 0.257971883
vt 0.454805851 0.251947552
vt 0.465270162 0.246558368
vt 0.467018425 0.249993384
vt 0.456782877 0.254934728
vt 0.463909864 0.268744081
vt 0.473242044 0.264188856
vt 0.474382937 0.267596245
vt 0.464649916 0.271664321
vt 0.460734487 0.261190146
vt 0.470163435 0.255837023
vt 0.472121179 0.261074156
vt 0.463035524 0.265755117
vt 0.561550617 0.391212642
vt 0.563428342 0.395278901
vt 0.551114857 0.401136249
vt 0.54900831 0.39751792
vt 0.492970824 0.243758142
vt 0.495060623 0.249345124
vt 0.571943045 0.386351407
vt 0.574487925 0.391323537
vt 0.571441829 0.392310023
vt 0.569454432 0.38790524
vt 0.588103414 0.377939492
vt 0.588632166 0.381881744
vt 0.585571527 0.384555846
vt 0.584266007 0.379369199
vt 0.508232772 0.261439919
vt 0.50733757 0.255615771
vt 0.512713611 0.25581938
vt 0.512327075 0.261553884
vt 0.465552211 0.276645035
vt 0.475800484 0.272840083
vt 0.5182935 0.263753921
vt 0.522234738 0.268591762
vt 0.493121266 0.265585661
vt 0.495383322 0.26419875
vt 0.47143653 0.233324021
vt 0.47358796 0.236965328
vt 0.462777913 0.243307963
vt 0.460086495 0.239673361
vt 0.488320976 0.213982642
vt 0.493368894 0.215713665
vt 0.492812663 0.220231518
vt 0.488513678 0.217753261
vt 0.490932196 0.224355757
vt 0.487225294 0.221049935
vt 0.486776024 0.234096825
vt 0.489352912 0.237955645
vt 0.496801555 0.253624052
vt 0.49771592 0.257198393
vt 0.450177789 0.274724215
vt 0.445486516 0.276000351
vt 0.44623962 0.272147804
vt 0.449803501 0.271143407
vt 0.448470652 0.266507864
vt 0.445603669 0.267585844
vt 0.442737818 0.26329729
vt 0.445992678 0.261570156
vt 0.507167697 0.417106599
vt 0.514775455 0.414212942
vt 0.518011987 0.417278379
vt 0.510560989 0.420252234
vt 0.443074912 0.258102298
vt 0.439048529 0.260565579
vt 0.434605509 0.259143561
vt 0.43974641 0.255272478
vt 0.43506214 0.263614029
vt 0.432571203 0.265448987
vt 0.426730216 0.266985297
vt 0.429061145 0.2628088
vt 0.421858102 0.27099368
vt 0.421566218 0.268302292
vt 0.426178157 0.268397957
vt 0.436516643 0.285542786
vt 0.430246919 0.284600079
vt 0.434678972 0.282061785
vt 0.439206034 0.281549245
vt 0.49843502 0.419990659
vt 0.501436293 0.418981344
vt 0.503615022 0.422071397
vt 0.500817597 0.422902524
vt 0.441036999 0.277964711
vt 0.438510954 0.278651834
vt 0.441812426 0.274123728
vt 0.443504691 0.273575723
vt 0.493193626 0.411946505
vt 0.495478064 0.410571039
vt 0.497746348 0.413706869
vt 0.494988918 0.415123343
vt 0.443232089 0.268634319
vt 0.441402972 0.269394994
vt 0.437855303 0.265888095
vt 0.439754039 0.264880478
vt 0.440167308 0.274413466
vt 0.440004289 0.269810468
vt 0.436474204 0.266877592
vt 0.552381098 0.371557832
vt 0.556599081 0.378231883
vt 0.543141305 0.386329353
vt 0.539705038 0.380337238
vt 0.561205089 0.365895629
vt 0.565537691 0.372345626
vt 0.563382745 0.374352306
vt 0.558945537 0.367001355
vt 0.578186154 0.353665501
vt 0.583619356 0.362937719
vt 0.580001116 0.365044266
vt 0.57443893 0.357683599
vt 0.501378357 0.407370269
vt 0.503283441 0.410885423
vt 0.437231392 0.278281003
vt 0.428892314 0.282495946
vt 0.432615459 0.281290293
vt 0.424272418 0.262340069
vt 0.431503892 0.266598523
vt 0.507039487 0.403199703
vt 0.514850616 0.397585064
vt 0.517604589 0.401816368
vt 0.509661376 0.407081157
vt 0.429965585 0.257056117
vt 0.436664462 0.252568334
vt 0.523356259 0.410686314
vt 0.525915742 0.413970917
vt 0.442626536 0.284143776
vt 0.443991721 0.279756606
vt 0.454306483 0.273443401
vt 0.452695161 0.269795626
vt 0.451068759 0.265292615
vt 0.44845885 0.260004908
vt 0.521763206 0.391793966
vt 0.524637401 0.389872372
vt 0.528105736 0.394751132
vt 0.52482599 0.396748066
vt 0.507857025 0.234412611
vt 0.511460543 0.241902649
vt 0.505296171 0.244403884
vt 0.503148854 0.237657472
vt 0.582854271 0.386557579
vt 0.580876589 0.381027877
vt 0.498835117 0.263137132
vt 0.484211624 0.231374815
vt 0.481226444 0.227872595
vt 0.497758985 0.223322853
vt 0.502583623 0.227482006
vt 0.49838832 0.231271282
vt 0.494686335 0.227402955
vt 0.513239682 0.249590933
vt 0.506721616 0.251346469
vt 0.576273143 0.366812408
vt 0.570591807 0.360238343
vt 0.480533361 0.250964373
vt 0.483721197 0.249202818
vt 0.485367715 0.253998429
vt 0.482224673 0.255782932
vt 0.457349926 0.280647367
vt 0.45135206 0.282103539
vt 0.450599313 0.278046787
vt 0.455362558 0.276242673
vt 0.483631939 0.259608895
vt 0.486662894 0.257767349
vt 0.488137305 0.261627734
vt 0.485355288 0.263313919
vt 0.529234171 0.407474041
vt 0.532399535 0.405701131
vt 0.533829153 0.409538478
vt 0.53089273 0.410863459
vt 0.446860015 0.247041613
vt 0.449101031 0.250728518
vt 0.446164429 0.252053469
vt 0.444149852 0.248199701
vt 0.567647576 0.388677269
vt 0.569634974 0.393082112
vt 0.566474497 0.394292474
vt 0.564596653 0.390226185
vt 0.557138801 0.367773414
vt 0.561685681 0.37546289
vt 0.558634639 0.377011687
vt 0.554535925 0.369551182
vt 0.478017926 0.245160013
vt 0.48140499 0.243782714
vt 0.475744218 0.240043968
vt 0.479046524 0.238058403
vt 0.488081932 0.268096387
vt 0.490453452 0.267048061
vt 0.476995975 0.230514079
vt 0.479304284 0.234235361
vt 0.476795703 0.235496387
vt 0.474328279 0.231976315
vt 0.446170598 0.256576389
vt 0.443543971 0.253257334
vt 0.527143478 0.388892472
vt 0.530141294 0.393530875
vt 0.535221696 0.404600143
vt 0.536989808 0.408328176
vt 0.441280454 0.249558955
vt 0.478693187 0.229403511
vt 0.481407076 0.233049482
vt 0.451416433 0.2536062
vt 0.453435898 0.256897271
vt 0.460226834 0.270535171
vt 0.461305231 0.273345917
vt 0.45689705 0.262619764
vt 0.458834618 0.267564446
vt 0.462478817 0.278182417
vt 0.452647209 0.249150112
vt 0.450383782 0.245451763
vt 0.533082664 0.391643494
vt 0.529860735 0.38689062
vt 0.54060328 0.406783909
vt 0.538835049 0.403056085
vt 0.44863677 0.255011141
vt 0.450653702 0.258583516
vt 0.457086205 0.27203843
vt 0.458388746 0.274963349
vt 0.453644484 0.264065742
vt 0.455360472 0.26861459
vt 0.460079968 0.279782027
vt 0.559572875 0.385682791
vt 0.546129644 0.392092973
vt 0.569407582 0.380254328
vt 0.567028642 0.382146537
vt 0.586464167 0.372300178
vt 0.583079636 0.373396188
vt 0.512509704 0.410795778
vt 0.505437136 0.414245397
vt 0.499922544 0.417078257
vt 0.497122765 0.418190628
vt 0.520467997 0.406386197
vt 0.579242229 0.374825805
vt 0.53075552 0.400624156
vt 0.527590096 0.402397037
vt 0.565331519 0.383257091
vt 0.562170982 0.384467512
vt 0.533129513 0.399294347
vt 0.536075771 0.396844417
vt 0.565791905 0.355809391
vt 0.557196736 0.361023456
vt 0.574058354 0.349579811
vt 0.569863021 0.353369057
vt 0.524357438 0.385774732
vt 0.522449136 0.387907177
vt 0.494285136 0.407984316
vt 0.500297427 0.404840678
vt 0.554369807 0.362686872
vt 0.553344727 0.36414066
vt 0.536473453 0.376709223
vt 0.527059734 0.382917613
vt 0.505331278 0.400349975
vt 0.513232052 0.394781023
vt 0.549154341 0.367367387
vt 0.551304281 0.365923315
vt 0.492292017 0.409508586
vt 0.519848526 0.389403701
vt 0.423804343 0.280179769
vt 0.422734588 0.281610608
vt 0.420777559 0.27891618
vt 0.422427535 0.278063983
vt 0.439246416 0.274225503
vt 0.438424021 0.270415783
vt 0.419703901 0.275542974
vt 0.421368986 0.275546074
vt 0.436335385 0.27782324
vt 0.423610389 0.27132377
vt 0.426618874 0.269470751
vt 0.428207546 0.281016231
vt 0.43197298 0.280114681
vt 0.424952507 0.282743424
vt 0.425419867 0.28072226
vt 0.431720644 0.267556757
vt 0.4220604 0.273639321
vt 0.419944823 0.273688734
vt 0.435770065 0.267647743
vt 0.424166948 0.277257591
vt 0.426200122 0.276318789
vt 0.428775847 0.275091946
vt 0.433068603 0.273047358
vt 0.527370691 0.291553527
vt 0.529351115 0.288892776
vt 0.53427738 0.291691512
vt 0.531756878 0.29435885
vt 0.539487422 0.303391814
vt 0.542142272 0.300793231
vt 0.544789672 0.306947559
vt 0.542005122 0.308915108
vt 0.53517741 0.296953321
vt 0.537787557 0.29433161
vt 0.540369391 0.297627836
vt 0.537896156 0.300036728
vt 0.553046644 0.275572836
vt 0.557816505 0.270382017
vt 0.56186974 0.275277168
vt 0.556400716 0.280675471
vt 0.540714562 0.267861575
vt 0.543014526 0.259431958
vt 0.55302155 0.265390694
vt 0.549170196 0.271050453
vt 0.559090436 0.287133932
vt 0.564360201 0.281351417
vt 0.568178952 0.29262349
vt 0.562126696 0.295181662
vt 0.515890539 0.305180997
vt 0.518848777 0.301324785
vt 0.522468567 0.304303497
vt 0.519044578 0.307356834
vt 0.526555955 0.315712899
vt 0.530771136 0.312216401
vt 0.533032179 0.316196144
vt 0.528799415 0.319118708
vt 0.522241116 0.309836864
vt 0.525712192 0.306525141
vt 0.528567791 0.309396029
vt 0.524825454 0.312851638
vt 0.548581064 0.337132007
vt 0.550162673 0.341611981
vt 0.546258032 0.343007356
vt 0.544068992 0.338499546
vt 0.539586246 0.291860789
vt 0.542591393 0.295655459
vt 0.560812831 0.332927883
vt 0.562780857 0.339582503
vt 0.559854031 0.339782536
vt 0.557652295 0.334138244
vt 0.575652063 0.33429265
vt 0.573692322 0.339788616
vt 0.572686493 0.338992536
vt 0.572744429 0.332242668
vt 0.557510257 0.306100309
vt 0.554611564 0.300382614
vt 0.558095396 0.298207372
vt 0.561078906 0.304533273
vt 0.530166566 0.322359413
vt 0.534755528 0.3199009
vt 0.564537942 0.302627861
vt 0.570535779 0.301171809
vt 0.544348419 0.313784271
vt 0.547469199 0.311988264
vt 0.514734983 0.293009013
vt 0.518204987 0.295063764
vt 0.515428424 0.298730254
vt 0.512498438 0.296668828
vt 0.526008785 0.271931916
vt 0.531845033 0.270958185
vt 0.529799759 0.273303211
vt 0.525234997 0.27294907
vt 0.528307378 0.276778162
vt 0.523814738 0.275895745
vt 0.531398714 0.286266506
vt 0.536056221 0.288927823
vt 0.544364393 0.298820943
vt 0.54764384 0.304733247
vt 0.518362164 0.323956996
vt 0.515727282 0.326848269
vt 0.514427125 0.323642045
vt 0.516833365 0.321198761
vt 0.514450669 0.318286836
vt 0.512382865 0.320620596
vt 0.509392977 0.317680955
vt 0.511433423 0.31589818
vt 0.515795171 0.347786516
vt 0.520603299 0.346004963
vt 0.523317158 0.349651039
vt 0.518225133 0.350439936
vt 0.508729815 0.313670009
vt 0.506254196 0.316360146
vt 0.503060877 0.316141546
vt 0.505297363 0.312481761
vt 0.504654586 0.319215417
vt 0.503803968 0.321323127
vt 0.500909865 0.322952151
vt 0.50111562 0.319950044
vt 0.499890357 0.326386154
vt 0.498954207 0.325343132
vt 0.501437783 0.324351847
vt 0.511888683 0.333644539
vt 0.509071529 0.334182948
vt 0.510282934 0.33197701
vt 0.512607336 0.331186831
vt 0.499350905 0.328935564
vt 0.497937053 0.32849586
vt 0.513059616 0.328310549
vt 0.511320174 0.329116851
vt 0.511162579 0.326494187
vt 0.512453973 0.325458914
vt 0.504549086 0.334132791
vt 0.504489839 0.335797518
vt 0.500947714 0.334270805
vt 0.501925528 0.333075374
vt 0.510589063 0.322528958
vt 0.509499133 0.323667169
vt 0.506750941 0.321415991
vt 0.507775843 0.319962174
vt 0.510799289 0.326873451
vt 0.508909404 0.324213475
vt 0.506270647 0.322300792
vt 0.543624759 0.324713588
vt 0.54546243 0.328194678
vt 0.540744007 0.330021799
vt 0.538659811 0.326414913
vt 0.555906177 0.319969922
vt 0.557918429 0.324104875
vt 0.554600894 0.325235248
vt 0.55274564 0.321180403
vt 0.570186317 0.315682083
vt 0.572945714 0.321893513
vt 0.56957078 0.321864694
vt 0.567254603 0.316444486
vt 0.507318258 0.339219451
vt 0.511618853 0.338873833
vt 0.512221992 0.342006773
vt 0.507667661 0.343070149
vt 0.510259867 0.329422891
vt 0.511780858 0.348843336
vt 0.514190733 0.351204127
vt 0.507908881 0.33330673
vt 0.509160399 0.331686109
vt 0.498288572 0.32161352
vt 0.503567934 0.322615057
vt 0.516287744 0.337586403
vt 0.522635996 0.334614307
vt 0.524115443 0.337912172
vt 0.517500579 0.340465546
vt 0.499725878 0.316697985
vt 0.502245784 0.311488003
vt 0.526715517 0.344324946
vt 0.528931737 0.348281592
vt 0.515303075 0.33171621
vt 0.515548825 0.329299331
vt 0.521228492 0.320336401
vt 0.519535422 0.318341762
vt 0.517085612 0.315395504
vt 0.51415801 0.313052714
vt 0.527540982 0.332034945
vt 0.529372633 0.330993086
vt 0.531367123 0.334554136
vt 0.529219508 0.335717142
vt 0.548704922 0.280699492
vt 0.551946878 0.285745174
vt 0.548647821 0.289992183
vt 0.545020223 0.28531453
vt 0.569430888 0.338176996
vt 0.568254113 0.331078887
vt 0.55018419 0.310267627
vt 0.526109159 0.283847183
vt 0.521800518 0.282493949
vt 0.538003504 0.274386168
vt 0.544440389 0.276826441
vt 0.540997267 0.282129824
vt 0.535779774 0.279182374
vt 0.554688811 0.2913827
vt 0.551668108 0.294642091
vt 0.565633416 0.321830899
vt 0.563760459 0.317202002
vt 0.529280066 0.30241558
vt 0.532228768 0.299684376
vt 0.534947455 0.302767903
vt 0.532058835 0.306377232
vt 0.524555206 0.32599023
vt 0.520660758 0.328803331
vt 0.519714296 0.326342553
vt 0.523068607 0.323536098
vt 0.53426218 0.309197485
vt 0.537302911 0.306230754
vt 0.539444685 0.31099692
vt 0.536881745 0.313360035
vt 0.532061338 0.342818022
vt 0.534652114 0.342446476
vt 0.536442757 0.346185863
vt 0.533782184 0.346804321
vt 0.508323848 0.303293407
vt 0.510920227 0.304902077
vt 0.509484649 0.306993484
vt 0.506776273 0.305327833
vt 0.555054188 0.335353583
vt 0.556812644 0.340206414
vt 0.55388099 0.340968817
vt 0.552236974 0.335891962
vt 0.549560249 0.322660655
vt 0.551261127 0.326354206
vt 0.54834944 0.327409327
vt 0.546693265 0.323738694
vt 0.525989294 0.300452143
vt 0.528942704 0.297158688
vt 0.522031128 0.297583133
vt 0.524576485 0.294645935
vt 0.539299607 0.317419797
vt 0.541972041 0.315395266
vt 0.518426955 0.287550271
vt 0.522349954 0.289271504
vt 0.52036953 0.291932344
vt 0.516762495 0.290089995
vt 0.511225641 0.311272472
vt 0.507869899 0.308993638
vt 0.531497717 0.329818755
vt 0.533265889 0.333546489
vt 0.536956489 0.341363609
vt 0.538789451 0.345407218
vt 0.504935145 0.307494551
vt 0.520001709 0.284964859
vt 0.524285495 0.286587924
vt 0.514435053 0.306979775
vt 0.5175668 0.309144199
vt 0.524719536 0.317317396
vt 0.526895702 0.320688784
vt 0.520902455 0.311130524
vt 0.523237824 0.314300656
vt 0.528514326 0.323492765
vt 0.512333214 0.302799135
vt 0.509649754 0.300863355
vt 0.535433471 0.332676381
vt 0.533620596 0.328925639
vt 0.541340411 0.344450295
vt 0.539328218 0.340315282
vt 0.512954831 0.309048384
vt 0.516044021 0.310908824
vt 0.522818387 0.318606168
vt 0.525039434 0.322000384
vt 0.519242823 0.31310758
vt 0.521670222 0.316042483
vt 0.526386738 0.324948341
vt 0.546825051 0.331997693
vt 0.54259938 0.334076732
vt 0.559278369 0.328189403
vt 0.55600822 0.329061329
vt 0.575028121 0.328324527
vt 0.571438849 0.32705605
vt 0.518850386 0.343132287
vt 0.51390779 0.344845116
vt 0.498542666 0.331347466
vt 0.500033259 0.330696583
vt 0.509460568 0.346528232
vt 0.525370657 0.341095597
vt 0.567167819 0.326569378
vt 0.533087909 0.338540405
vt 0.530783653 0.339623183
vt 0.552892327 0.330294698
vt 0.550139964 0.331148624
vt 0.534897208 0.337487012
vt 0.537293613 0.336168826
vt 0.560988963 0.312396854
vt 0.553271592 0.314951956
vt 0.567317367 0.30913195
vt 0.563972771 0.310813487
vt 0.529861569 0.326440722
vt 0.527895689 0.327413946
vt 0.508243144 0.336302221
vt 0.511329412 0.335901111
vt 0.55008626 0.316432267
vt 0.546967983 0.31794697
vt 0.536526084 0.323347658
vt 0.531849921 0.325479001
vt 0.515438199 0.334327519
vt 0.521428049 0.331172526
vt 0.541249275 0.320958018
vt 0.544277966 0.319397777
vt 0.506460547 0.334261864
vt 0.507282257 0.33552891
vt 0.526019394 0.328432918
vt 0.50469321 0.333076566
vt 0.502632022 0.332023889
vt 0.510097563 0.327362597
vt 0.508498907 0.324851245
vt 0.500959039 0.330321878
vt 0.509856582 0.329216868
vt 0.500736773 0.327383578
vt 0.501746655 0.325074524
vt 0.507420838 0.332492471
vt 0.50853312 0.331365705
vt 0.506223857 0.333010912
vt 0.503695071 0.323527485
vt 0.50056541 0.328990936
vt 0.505860269 0.322938412
vt 0.503836274 0.330661625
vt 0.504405975 0.32982263
vt 0.50534147 0.328323096
vt 0.506866693 0.326277345
vt 0.620674491 0.027636403
vt 0.622758627 0.031243289
vt 0.617438376 0.035022847
vt 0.615553319 0.031800486
vt 0.60169971 0.038848136
vt 0.603761315 0.04244348
vt 0.593565285 0.045427512
vt 0.592469215 0.042042986
vt 0.609762669 0.035339531
vt 0.611670136 0.038573589
vt 0.750009656 0.390016288
vt 0.758142352 0.386260688
vt 0.760577917 0.390894324
vt 0.752888441 0.395441204
vt 0.587337852 0.04478921
vt 0.588406682 0.048724703
vt 0.630514264 0.032097369
vt 0.625221252 0.035325881
vt 0.627942026 0.027676282
vt 0.589439511 0.030608822
vt 0.589134872 0.026780911
vt 0.597144067 0.02691713
vt 0.597774565 0.029498935
vt 0.605375051 0.027449057
vt 0.604538202 0.025326602
vt 0.609773695 0.020938801
vt 0.61101383 0.023267124
vt 0.768944919 0.425393283
vt 0.765618324 0.419739425
vt 0.771630049 0.414053172
vt 0.774399042 0.419139653
vt 0.612760961 0.013707769
vt 0.614939511 0.016797805
vt 0.608645618 0.018667754
vt 0.60755986 0.016700869
vt 0.608127534 0.008233931
vt 0.610311031 0.010761454
vt 0.601861238 0.001643463
vt 0.606719494 0.001865228
vt 0.60594964 0.007686488
vt 0.584053397 0.021078184
vt 0.585085034 0.016238078
vt 0.589660764 0.020552779
vt 0.589208603 0.023428848
vt 0.774159074 0.433988303
vt 0.771156251 0.429912418
vt 0.776262164 0.424893528
vt 0.777567744 0.430079907
vt 0.59623456 0.022780338
vt 0.596668243 0.024696618
vt 0.762512863 0.440751463
vt 0.759510219 0.43667534
vt 0.765268743 0.434249759
vt 0.768161952 0.437987238
vt 0.603811026 0.023542874
vt 0.603081405 0.022040213
vt 0.59555465 0.020738032
vt 0.602419019 0.020571817
vt 0.606690943 0.01569205
vt 0.733381748 0.400449187
vt 0.740518212 0.39477247
vt 0.743735373 0.400088012
vt 0.735697985 0.405869335
vt 0.755606532 0.432704091
vt 0.762718916 0.429840118
vt 0.591053963 0.018156903
vt 0.587485552 0.011814591
vt 0.611265063 0.004469296
vt 0.751597941 0.427832186
vt 0.747708857 0.422173381
vt 0.754830897 0.41818431
vt 0.75872016 0.423842907
vt 0.615444839 0.007734092
vt 0.618494749 0.011551803
vt 0.762181997 0.413746953
vt 0.76897043 0.409304976
vt 0.583833158 0.025767894
vt 0.589997888 0.033718802
vt 0.598384976 0.031788051
vt 0.606236756 0.029301457
vt 0.611985207 0.025457876
vt 0.744267642 0.416743606
vt 0.742270827 0.413463593
vt 0.749168694 0.409360021
vt 0.75038892 0.411395729
vt 0.584869027 0.036183652
vt 0.584101081 0.031271722
vt 0.758631229 0.407978624
vt 0.757301509 0.405604601
vt 0.765324533 0.401510715
vt 0.766873419 0.404561669
vt 0.624089658 0.020341493
vt 0.619080603 0.024562636
vt 0.617974937 0.022302907
vt 0.622894347 0.01803611
vt 0.605928004 0.046939842
vt 0.595677316 0.051026028
vt 0.616622925 0.019917309
vt 0.741050541 0.411428124
vt 0.747953534 0.406762004
vt 0.620261908 0.039007362
vt 0.613682091 0.042708803
vt 0.590205073 0.054163009
vt 0.756305456 0.403683484
vt 0.764109254 0.398912549
vt 0.62113899 0.015444713
vt 0.614226103 0.029145062
vt 0.600329757 0.035888854
vt 0.591258824 0.03888233
vt 0.60845536 0.032977022
vt 0.586348951 0.042024177
vt 0.625840247 0.023495482
vt 0.746623695 0.40438804
vt 0.739496768 0.408939749
vt 0.762450755 0.39552319
vt 0.754756391 0.400632441
vt 0.613025904 0.027402116
vt 0.599311471 0.033956081
vt 0.59060359 0.036570348
vt 0.607120872 0.031165404
vt 0.585718572 0.039442375
vt 0.736631215 0.415103048
vt 0.738185108 0.417591333
vt 0.75353229 0.438424319
vt 0.749852598 0.434567511
vt 0.732637167 0.408543289
vt 0.734968126 0.41227597
vt 0.746740401 0.430153161
vt 0.743408799 0.425061643
vt 0.728962362 0.404124051
vt 0.757436097 0.442395538
vt 0.740296423 0.420647085
vt 0.589177191 0.008723955
vt 0.586941659 0.007017223
vt 0.590604126 0.002390862
vt 0.592969179 0.004728782
vt 0.595626593 0.020209931
vt 0.601774037 0.019677632
vt 0.597328484 0.000175892
vt 0.597018003 0.002276977
vt 0.592166245 0.017030077
vt 0.600435317 0.00261015
vt 0.604555786 0.007539469
vt 0.589489102 0.011708057
vt 0.60626775 0.015193337
vt 0.594545305 0.007228565
vt 0.597724915 0.011677464
vt 0.538462102 0.094964184
vt 0.496525556 0.136254609
vt 0.49690178 0.210456043
vt 0.531211495 0.266114771
vt 0.63412255 0.429974854
vt 0.633497298 0.437282383
vt 0.635558426 0.419974148
vt 0.634967029 0.423344076
vt 0.629470408 0.473925173
vt 0.629336655 0.476399124
vt 0.62378484 0.507178307
vt 0.624405265 0.500433207
vt 0.633234739 0.441667825
vt 0.633210599 0.444480419
vt 0.631164014 0.460101277
vt 0.629937768 0.471903801
vt 0.625592887 0.493130475
vt 0.627114296 0.48628059
vt 0.632814288 0.4513399
vt 0.63318646 0.447292805
vt 0.624104083 0.509318769
vt 0.628516316 0.480217248
vt 0.587019265 0.39941898
vt 0.578947902 0.409137964
vt 0.5941993 0.388679862
vt 0.5900895 0.395620167
vt 0.557836592 0.443833977
vt 0.556129754 0.446069419
vt 0.540177464 0.469558984
vt 0.542137146 0.464063019
vt 0.576788247 0.411707044
vt 0.575191081 0.414281011
vt 0.565345466 0.434110194
vt 0.559319377 0.441484004
vt 0.54600358 0.459258437
vt 0.551009655 0.452775955
vt 0.569908142 0.426836491
vt 0.57278806 0.418985635
vt 0.538809121 0.471684963
vt 0.554308593 0.448529065
vt 0.562455535 0.35128051
vt 0.55408442 0.356608987
vt 0.571727693 0.34584716
vt 0.565849721 0.349059463
vt 0.522310853 0.383034408
vt 0.52038002 0.385155499
vt 0.494047761 0.404190809
vt 0.498927146 0.399338603
vt 0.55102855 0.358720392
vt 0.549097776 0.360841513
vt 0.534247637 0.373877436
vt 0.524921 0.380412936
vt 0.503938556 0.394836277
vt 0.511901617 0.389864266
vt 0.545126557 0.3647452
vt 0.547052503 0.363186598
vt 0.491810501 0.405307889
vt 0.517732382 0.386910409
vt 0.527907789 0.226292923
vt 0.535078168 0.235040024
vt 0.606984854 0.380239069
vt 0.617515743 0.372341484
vt 0.625771165 0.380512714
vt 0.618948877 0.388892233
vt 0.564375401 0.263845354
vt 0.558910131 0.25568679
vt 0.580597937 0.308570951
vt 0.572618186 0.307602465
vt 0.578320384 0.298650891
vt 0.537573695 0.104114629
vt 0.53503865 0.108469367
vt 0.668131232 0.413165271
vt 0.668606818 0.42329517
vt 0.661881149 0.420424879
vt 0.661600649 0.413784444
vt 0.569449723 0.270391762
vt 0.571335375 0.276157051
vt 0.574352682 0.315267801
vt 0.57886225 0.314181387
vt 0.582765877 0.318152636
vt 0.577455342 0.320807159
vt 0.588621676 0.343741924
vt 0.591463149 0.340391099
vt 0.599017501 0.35159409
vt 0.592891634 0.357504278
vt 0.542176187 0.097426318
vt 0.635485351 0.389146477
vt 0.632610023 0.396434933
vt 0.513868332 0.173643067
vt 0.515109181 0.160152942
vt 0.654965162 0.413502365
vt 0.656686306 0.409579575
vt 0.586502135 0.328535259
vt 0.582306743 0.332324564
vt 0.674804032 0.42222321
vt 0.673192263 0.426484585
vt 0.606700838 0.360885561
vt 0.597161293 0.371266842
vt 0.51655966 0.185186788
vt 0.530600667 0.11693684
vt 0.542467833 0.089665771
vt 0.546634793 0.091794133
vt 0.574664176 0.289438933
vt 0.644569397 0.405650318
vt 0.647654057 0.400164068
vt 0.522033036 0.213405415
vt 0.525095403 0.126553997
vt 0.613856792 0.352958828
vt 0.60639751 0.343781739
vt 0.624218702 0.364748478
vt 0.631593823 0.357498676
vt 0.640282929 0.367586374
vt 0.631678045 0.373925477
vt 0.591746449 0.32047987
vt 0.585088193 0.309734613
vt 0.582392752 0.282934815
vt 0.59201318 0.276266843
vt 0.593779922 0.293270707
vt 0.5867576 0.29872331
vt 0.641382396 0.383684248
vt 0.598380566 0.334037423
vt 0.603853881 0.325533926
vt 0.612642825 0.337085068
vt 0.651525259 0.394796789
vt 0.657660961 0.387761593
vt 0.665448964 0.397953898
vt 0.660786331 0.403764397
vt 0.664687872 0.381746441
vt 0.648304582 0.376768261
vt 0.655665398 0.371206075
vt 0.596213996 0.311180055
vt 0.601434231 0.305937111
vt 0.611229002 0.318284214
vt 0.544109881 0.241912827
vt 0.672571182 0.393964827
vt 0.676005185 0.373968154
vt 0.681519449 0.386953622
vt 0.639412165 0.351040393
vt 0.646976233 0.361118495
vt 0.561402678 0.11459095
vt 0.546640456 0.112135336
vt 0.551761746 0.100062326
vt 0.56294024 0.103229657
vt 0.522053361 0.205788851
vt 0.622775137 0.310057759
vt 0.633003473 0.324321359
vt 0.621715069 0.328724772
vt 0.666086614 0.362969846
vt 0.657502294 0.353783131
vt 0.648913264 0.345159024
vt 0.598680258 0.246622294
vt 0.58904171 0.250173628
vt 0.581211209 0.239676997
vt 0.593234062 0.236213624
vt 0.549457431 0.174589589
vt 0.571250618 0.175834045
vt 0.571737349 0.189924017
vt 0.549934566 0.189804524
vt 0.601720154 0.259474039
vt 0.591890335 0.264340103
vt 0.575404584 0.20309633
vt 0.556113422 0.203977168
vt 0.581356347 0.214893058
vt 0.56487751 0.21579805
vt 0.629612505 0.247450039
vt 0.625299335 0.238750055
vt 0.644696295 0.233403563
vt 0.647545934 0.242203519
vt 0.587357521 0.226150155
vt 0.572121322 0.229102239
vt 0.621577561 0.226679862
vt 0.642566979 0.219322011
vt 0.550555885 0.159331858
vt 0.571035147 0.161600128
vt 0.61983037 0.162794843
vt 0.596270442 0.162907779
vt 0.598509073 0.148514777
vt 0.622536957 0.148923501
vt 0.619316101 0.175526246
vt 0.640817463 0.174079135
vt 0.640845001 0.183980063
vt 0.619650185 0.186430976
vt 0.620964766 0.206310943
vt 0.600039482 0.211441711
vt 0.597298682 0.200437501
vt 0.620058656 0.196526289
vt 0.603888154 0.132618815
vt 0.628660321 0.132842496
vt 0.532201886 0.155889153
vt 0.534989417 0.137822017
vt 0.552547932 0.144813135
vt 0.521325707 0.19355318
vt 0.641215861 0.193208814
vt 0.621664405 0.216555014
vt 0.602827489 0.222187579
vt 0.595728993 0.176190212
vt 0.533958256 0.189836457
vt 0.539666653 0.203768536
vt 0.546604633 0.126806036
vt 0.556802034 0.128907412
vt 0.581112444 0.251208276
vt 0.570218801 0.243666843
vt 0.572892904 0.147012636
vt 0.557054698 0.233270749
vt 0.639253736 0.408867568
vt 0.634710431 0.413891286
vt 0.599877179 0.382540733
vt 0.631979942 0.404304832
vt 0.63079232 0.411607653
vt 0.581414163 0.344580263
vt 0.595925272 0.384194493
vt 0.490481466 0.132602572
vt 0.59497267 0.377210945
vt 0.577376723 0.343082935
vt 0.593356192 0.382034808
vt 0.579236567 0.336123466
vt 0.575942338 0.339807928
vt 0.490649551 0.210087404
vt 0.525465608 0.269677073
vt 0.505848527 0.73110944
vt 0.523769081 0.728293836
vt 0.706941962 0.680248439
vt 0.720470369 0.67734611
vt 0.654007316 0.694949687
vt 0.671857178 0.69060564
vt 0.730748117 0.674883902
vt 0.562826157 0.723259449
vt 0.543289244 0.726936221
vt 0.749036312 0.666586399
vt 0.739532292 0.671455562
vt 0.479988009 0.741288602
vt 0.486505717 0.738089323
vt 0.635928988 0.700629234
vt 0.616814435 0.706273675
vt 0.494200736 0.734380186
vt 0.690093875 0.685664117
vt 0.599122763 0.711355746
vt 0.731701434 0.693718672
vt 0.740204692 0.691379726
vt 0.546051025 0.741009057
vt 0.527269065 0.742208362
vt 0.483172327 0.757329166
vt 0.489777476 0.753339291
vt 0.640747011 0.717091084
vt 0.658140302 0.711815834
vt 0.622317731 0.722331405
vt 0.498051703 0.748733997
vt 0.676183403 0.707173049
vt 0.693840384 0.703127742
vt 0.604626179 0.727413356
vt 0.509840488 0.744918466
vt 0.710056543 0.69836235
vt 0.722354889 0.695723891
vt 0.565798879 0.738316238
vt 0.748725057 0.686721683
vt 0.486812443 0.770699143
vt 0.492854983 0.765286148
vt 0.644422591 0.729424298
vt 0.66093713 0.724852085
vt 0.626432002 0.73431319
vt 0.501023889 0.760188818
vt 0.678681672 0.720016003
vt 0.696039796 0.715777576
vt 0.608652353 0.740185857
vt 0.513093114 0.755283952
vt 0.71162349 0.711662412
vt 0.530662298 0.7520293
vt 0.723535419 0.70962137
vt 0.732635915 0.70766902
vt 0.568279028 0.749876678
vt 0.54895246 0.750935495
vt 0.749413788 0.700724781
vt 0.740893364 0.705382824
vt 0.496810973 0.776529908
vt 0.505225599 0.771379888
vt 0.680423856 0.731734872
vt 0.69762367 0.72675842
vt 0.630388379 0.745556831
vt 0.612555683 0.751183748
vt 0.517189622 0.765982985
vt 0.71262747 0.723539472
vt 0.53416127 0.762341917
vt 0.724592566 0.721744359
vt 0.663224041 0.736711323
vt 0.733640492 0.71954602
vt 0.571233451 0.760048926
vt 0.552100122 0.760808945
vt 0.749680161 0.712760091
vt 0.741932571 0.7162233
vt 0.492015868 0.782961667
vt 0.647640467 0.740826368
vt 0.500873089 0.797862411
vt 0.505459487 0.79165554
vt 0.65115732 0.752421737
vt 0.665844738 0.747727036
vt 0.63478303 0.756449223
vt 0.512819409 0.785188019
vt 0.682306588 0.742908955
vt 0.698680639 0.738881469
vt 0.616933167 0.760793328
vt 0.522955835 0.779668629
vt 0.713105261 0.736558616
vt 0.539084435 0.775693893
vt 0.724823833 0.734816492
vt 0.734170854 0.732811213
vt 0.57552284 0.770449281
vt 0.556126416 0.773581445
vt 0.750474095 0.727255166
vt 0.7430076 0.729628861
vt 0.518467903 0.806720495
vt 0.52455622 0.800320029
vt 0.684146702 0.759881079
vt 0.699576259 0.757445574
vt 0.640415311 0.768311143
vt 0.623000324 0.769886076
vt 0.533505142 0.795261204
vt 0.71390003 0.75465548
vt 0.546319783 0.791431367
vt 0.725597799 0.752814949
vt 0.669566035 0.76267463
vt 0.735415339 0.750605762
vt 0.581362188 0.780877411
vt 0.562599003 0.786961019
vt 0.751692593 0.744926691
vt 0.744294703 0.747620165
vt 0.512530684 0.812625408
vt 0.65569365 0.766371191
vt 0.542109311 0.818578005
vt 0.549969077 0.813238323
vt 0.702232778 0.780623257
vt 0.716155052 0.77835685
vt 0.560147703 0.807915688
vt 0.727402806 0.776818514
vt 0.674195111 0.781852901
vt 0.687774599 0.781589627
vt 0.737130642 0.77419126
vt 0.59126848 0.79707098
vt 0.574446797 0.802609503
vt 0.753233731 0.767700374
vt 0.745486259 0.771163702
vt 0.528560758 0.830978572
vt 0.535177946 0.824644744
vt 0.660371482 0.783377886
vt 0.646020174 0.782442987
vt 0.630799592 0.784653544
vt 0.570639431 0.838829219
vt 0.579934418 0.834185004
vt 0.718792558 0.808639884
vt 0.729614973 0.806317985
vt 0.678666592 0.809889972
vt 0.69141537 0.810551047
vt 0.739070594 0.803620517
vt 0.604493201 0.825134039
vt 0.591157019 0.830130637
vt 0.756283939 0.797508955
vt 0.74807936 0.80004108
vt 0.54764235 0.855160832
vt 0.554610848 0.849266171
vt 0.665787637 0.809822738
vt 0.65237993 0.809688985
vt 0.561203659 0.844018102
vt 0.704889417 0.809795797
vt 0.638767302 0.812197804
vt 0.685458779 0.845147789
vt 0.697054982 0.845232844
vt 0.730508387 0.839264989
vt 0.740439832 0.836388171
vt 0.62037164 0.855972528
vt 0.608641267 0.860058546
vt 0.757983804 0.830617428
vt 0.749967337 0.832826138
vt 0.598328471 0.863557577
vt 0.568414867 0.882427871
vt 0.57516396 0.876708925
vt 0.673206925 0.844405711
vt 0.661380529 0.844447196
vt 0.581542313 0.871661305
vt 0.708313286 0.843743622
vt 0.649217486 0.84651643
vt 0.589879751 0.867351234
vt 0.720021427 0.841952145
vt 0.756599128 0.866137207
vt 0.747236609 0.868068755
vt 0.739492476 0.8703475
vt 0.625958502 0.890408278
vt 0.616854489 0.893544912
vt 0.589544952 0.913760543
vt 0.595067561 0.907121241
vt 0.681431592 0.881543219
vt 0.691618502 0.881055713
vt 0.670604944 0.881447375
vt 0.601586342 0.901528955
vt 0.701433003 0.880030811
vt 0.712051451 0.877958596
vt 0.660224915 0.882233441
vt 0.609598637 0.896902561
vt 0.721885145 0.87582314
vt 0.731460094 0.872482419
vt 0.6354087 0.887686253
vt 0.605766952 0.940202951
vt 0.611127555 0.934010029
vt 0.687932014 0.908244371
vt 0.697301924 0.907546341
vt 0.678781629 0.908766687
vt 0.617363453 0.928298354
vt 0.706582367 0.906430244
vt 0.71472007 0.904787183
vt 0.669691443 0.91076833
vt 0.624548495 0.923412025
vt 0.722324193 0.903052986
vt 0.632489204 0.919650257
vt 0.729634404 0.901150048
vt 0.73678863 0.899718225
vt 0.649170816 0.914656281
vt 0.64037925 0.916851103
vt 0.753172398 0.898132861
vt 0.744248688 0.899712801
vt 0.623728931 0.955568731
vt 0.630300283 0.950222433
vt 0.709389925 0.929112315
vt 0.716512561 0.927532852
vt 0.685521781 0.931788802
vt 0.67801851 0.93399024
vt 0.637506485 0.94543463
vt 0.723127186 0.925985038
vt 0.645441771 0.941648126
vt 0.729522288 0.924613178
vt 0.701664686 0.930280864
vt 0.73571378 0.923490584
vt 0.66070056 0.937216759
vt 0.652855456 0.939028502
vt 0.750700533 0.922590971
vt 0.742957652 0.922476888
vt 0.617984653 0.961175025
vt 0.693582892 0.93098563
vt 0.640190721 0.96634227
vt 0.647989094 0.961916208
vt 0.718175232 0.944877505
vt 0.724554539 0.943431735
vt 0.656202137 0.958224535
vt 0.730243564 0.942365587
vt 0.704662919 0.947853684
vt 0.711854041 0.946593881
vt 0.7359851 0.941545427
vt 0.66945076 0.954018593
vt 0.662825465 0.955517232
vt 0.749903977 0.940463245
vt 0.742737353 0.940637171
vt 0.627722323 0.976581514
vt 0.633513689 0.971196711
vt 0.6976915 0.948937595
vt 0.690965891 0.949968815
vt 0.683660865 0.95189625
vt 0.655065417 0.973313987
vt 0.662635684 0.970223308
vt 0.727395415 0.957873583
vt 0.732848883 0.956909418
vt 0.708247483 0.962161601
vt 0.714391112 0.960817873
vt 0.738077581 0.956096292
vt 0.675304592 0.966913581
vt 0.669081748 0.967888355
vt 0.750153363 0.954817951
vt 0.744049847 0.955149651
vt 0.633965731 0.98769474
vt 0.640196621 0.981958449
vt 0.701804519 0.963312387
vt 0.695361972 0.964462936
vt 0.647161603 0.977247953
vt 0.720989764 0.959196329
vt 0.689302385 0.966200352
vt 0.71138072 0.973170221
vt 0.717310429 0.972026825
vt 0.735350192 0.968568206
vt 0.740290701 0.967611253
vt 0.678288341 0.976024628
vt 0.680781543 0.982848167
vt 0.675064206 0.98258245
vt 0.672509968 0.97667253
vt 0.750515878 0.964902997
vt 0.752492785 0.972917914
vt 0.74759829 0.975287795
vt 0.745654523 0.966228962
vt 0.669232845 0.982984483
vt 0.66664356 0.978111207
vt 0.63802433 0.994619846
vt 0.644154429 0.988416135
vt 0.705194652 0.974317312
vt 0.707816482 0.982940078
vt 0.698731005 0.975369573
vt 0.701075077 0.983897448
vt 0.651648879 0.983772457
vt 0.72370553 0.970654786
vt 0.694244087 0.98443687
vt 0.692005396 0.976400733
vt 0.659888148 0.980203748
vt 0.729886055 0.969483137
vt 0.554411829 0.216102064
vt 0.541420937 0.175004423
vt 0.543158531 0.221653372
vt 0.536675394 0.214104772
vt 0.530892789 0.174711585
vt 0.526275694 0.164726391
vt 0.574473441 0.256573915
vt 0.574921191 0.264712036
vt 0.517176449 0.147367343
vt 0.521092772 0.134113938
vt 0.568934321 0.251767576
vt 0.553296506 0.251689702
vt 0.544106305 0.229199499
vt 0.582684636 0.267265201
vt 0.631738544 0.340623975
vt 0.641568482 0.335757881
vt 0.675212681 0.151535586
vt 0.678564906 0.141101003
vt 0.690243661 0.143676281
vt 0.687463522 0.152990475
vt 0.673771977 0.162098572
vt 0.686256468 0.162543207
vt 0.633780897 0.036873218
vt 0.628468156 0.039808895
vt 0.591476202 0.060744319
vt 0.597443759 0.057577815
vt 0.746692777 0.383237422
vt 0.736071408 0.388546526
vt 0.729382873 0.394452035
vt 0.608712316 0.05288158
vt 0.616160035 0.04764637
vt 0.724849224 0.398350984
vt 0.62283653 0.043147083
vt 0.755149305 0.381059706
vt 0.619349957 0.053512916
vt 0.626753032 0.048254762
vt 0.632252395 0.044566672
vt 0.744819641 0.378608376
vt 0.752041876 0.376082748
vt 0.591923237 0.066339694
vt 0.598201931 0.063614845
vt 0.637072444 0.041379094
vt 0.733292818 0.384584934
vt 0.725708246 0.390032709
vt 0.721064806 0.393593162
vt 0.610120237 0.059250209
vt 0.611961067 0.064992741
vt 0.623236656 0.059452921
vt 0.598447442 0.069106907
vt 0.631077468 0.053006016
vt 0.635974407 0.048727605
vt 0.742932379 0.375667006
vt 0.749940157 0.371902019
vt 0.592088759 0.070661291
vt 0.640216947 0.044679951
vt 0.731066883 0.381753296
vt 0.72281003 0.386857688
vt 0.717828393 0.390527695
vt 0.740372837 0.372382492
vt 0.728726566 0.379145533
vt 0.720021844 0.384021252
vt 0.714701593 0.387800664
vt 0.6136204 0.070924662
vt 0.627389908 0.065811284
vt 0.598199964 0.074347794
vt 0.634924233 0.058360431
vt 0.639472425 0.052774131
vt 0.747385442 0.368054867
vt 0.5914253 0.074559681
vt 0.643316448 0.047958165
vt 0.738709509 0.369555414
vt 0.743710518 0.36363557
vt 0.590311289 0.078510396
vt 0.598530114 0.080448493
vt 0.647767484 0.051078942
vt 0.64438194 0.057541583
vt 0.725604594 0.375856012
vt 0.715998828 0.380836368
vt 0.710893095 0.385855377
vt 0.615364254 0.077465057
vt 0.630637348 0.072837107
vt 0.639776886 0.06451112
vt 0.637291849 0.078778245
vt 0.645739853 0.072359085
vt 0.652051747 0.063153818
vt 0.727393389 0.364058167
vt 0.737128258 0.35716626
vt 0.589698255 0.084411718
vt 0.597208798 0.090225264
vt 0.656223178 0.054267861
vt 0.717086613 0.372070283
vt 0.709263444 0.379091084
vt 0.704691052 0.387489855
vt 0.618723869 0.084548101
vt 0.661812186 0.068986706
vt 0.653599262 0.07948073
vt 0.666428745 0.05806803
vt 0.693191111 0.364102215
vt 0.683401287 0.351192594
vt 0.70412451 0.335506886
vt 0.711121142 0.34614253
vt 0.718626499 0.323705524
vt 0.724150181 0.335566044
vt 0.679459453 0.063028909
vt 0.690999627 0.068640694
vt 0.689439714 0.079990447
vt 0.675512552 0.074572086
vt 0.674936116 0.341219395
vt 0.696779609 0.326105833
vt 0.667581677 0.33294341
vt 0.689200997 0.317715466
vt 0.660117626 0.32432875
vt 0.681169569 0.309658557
vt 0.651857316 0.098929614
vt 0.665616214 0.108216584
vt 0.65707761 0.11995665
vt 0.639850795 0.116242476
vt 0.651886284 0.313345134
vt 0.671126723 0.30000928
vt 0.640637696 0.299972773
vt 0.657146454 0.290326267
vt 0.640020072 0.280166239
vt 0.657152653 0.276487976
vt 0.67162925 0.280774862
vt 0.628164172 0.285127521
vt 0.689542532 0.382859766
vt 0.719924629 0.356006145
vt 0.730679452 0.348222852
vt 0.622461557 0.346619844
vt 0.641847968 0.211327747
vt 0.532796741 0.128510222
vt 0.538835466 0.122272879
vt 0.540274441 0.114533462
vt 0.525984466 0.182938755
vt 0.708687842 0.367497951
vt 0.609396458 0.243338987
vt 0.605550706 0.232617795
vt 0.641142607 0.162381276
vt 0.643413961 0.149417475
vt 0.641362488 0.202323109
vt 0.648313046 0.134406179
vt 0.595891714 0.18870239
vt 0.603977203 0.284920067
vt 0.610177696 0.29656145
vt 0.68642503 0.28720209
vt 0.698169827 0.295178354
vt 0.699372351 0.377993733
vt 0.69722563 0.392151177
vt 0.591610849 0.09753523
vt 0.583442569 0.089690872
vt 0.620541394 0.095645636
vt 0.64383024 0.087767445
vt 0.633105457 0.259968162
vt 0.66374743 0.255280703
vt 0.658364415 0.2663728
vt 0.636498213 0.271023065
vt 0.622407079 0.274277508
vt 0.618217885 0.264228463
vt 0.602186203 0.270728797
vt 0.665552974 0.086716101
vt 0.683126748 0.094562188
vt 0.673351526 0.171770528
vt 0.658607662 0.172431707
vt 0.65903765 0.161634728
vt 0.673388839 0.180546418
vt 0.658639967 0.181770042
vt 0.673540413 0.189098299
vt 0.658901215 0.190660432
vt 0.673692167 0.197650105
vt 0.659276843 0.19932656
vt 0.674182415 0.206092253
vt 0.659652531 0.207992852
vt 0.685492218 0.976022959
vt 0.682471514 0.966739655
vt 0.676720977 0.953127801
vt 0.659736872 0.912337899
vt 0.669367433 0.935640454
vt 0.531630695 0.541874707
vt 0.527513862 0.519087374
vt 0.540159464 0.573234975
vt 0.551711738 0.609092474
vt 0.560575247 0.643211186
vt 0.570896864 0.675730705
vt 0.576383829 0.697709382
vt 0.581343234 0.717228472
vt 0.675463855 0.214091361
vt 0.66217351 0.215777397
vt 0.678423047 0.223229751
vt 0.665223181 0.227504283
vt 0.660826445 0.149836794
vt 0.682407439 0.230914399
vt 0.690831721 0.219398364
vt 0.694487393 0.226067618
vt 0.687363267 0.983545959
vt 0.765955448 0.517589033
vt 0.76297164 0.530064404
vt 0.761166513 0.549233675
vt 0.760574996 0.574060142
vt 0.761530399 0.60009861
vt 0.760376334 0.623502135
vt 0.760363698 0.643830597
vt 0.758892059 0.662156343
vt 0.757701635 0.679392874
vt 0.757213175 0.693905711
vt 0.757110894 0.70782119
vt 0.757571518 0.723159611
vt 0.758969307 0.741667509
vt 0.760753274 0.765572667
vt 0.764636397 0.795665681
vt 0.766452491 0.829315186
vt 0.765947938 0.865340769
vt 0.76239413 0.896746218
vt 0.759880662 0.921007454
vt 0.75899595 0.939670503
vt 0.758632243 0.953564763
vt 0.759180605 0.962117732
vt 0.692779243 0.241578847
vt 0.701932013 0.236932099
vt 0.673122644 0.408370435
vt 0.554943264 0.093778044
vt 0.564746559 0.092005692
vt 0.675978422 0.403332114
vt 0.683047652 0.405530334
vt 0.678470433 0.414491713
vt 0.582291424 0.103226796
vt 0.57423687 0.092615969
vt 0.61988157 0.104348138
vt 0.575862885 0.131298408
vt 0.612458229 0.117222667
vt 0.671004653 0.235541821
vt 0.683297396 0.245210335
vt 0.579547167 0.11623162
vt 0.756052434 0.078986757
vt 0.775789142 0.060254835
vt 0.776501894 0.082087286
vt 0.761890292 0.093550183
vt 0.743023276 0.089563116
vt 0.747536242 0.101190194
vt 0.729480147 0.094509758
vt 0.734450758 0.105240464
vt 0.716852188 0.097664207
vt 0.721823096 0.108394846
vt 0.704715908 0.095984988
vt 0.710444272 0.110209979
vt 0.694918573 0.110189296
vt 0.679558754 0.117033184
vt 0.671382785 0.12585099
vt 0.753326833 0.068837538
vt 0.76856339 0.050067294
vt 0.739835143 0.080872633
vt 0.749037564 0.057325322
vt 0.759373426 0.045938157
vt 0.705753326 0.303006381
vt 0.712873995 0.312292993
vt 0.736909628 0.067796864
vt 0.726391852 0.087282866
vt 0.724591315 0.074216709
vt 0.715246797 0.088087082
vt 0.714118361 0.075364374
vt 0.70345372 0.085736051
vt 0.702658951 0.073465951
vt 0.774741411 0.521364391
vt 0.771405816 0.533400714
vt 0.769845665 0.548915386
vt 0.769183934 0.572213292
vt 0.76989311 0.59830451
vt 0.768546224 0.622006714
vt 0.768726289 0.642036438
vt 0.767693996 0.660010755
vt 0.765554667 0.676421642
vt 0.764117301 0.690108955
vt 0.763962209 0.703778446
vt 0.764792323 0.720838606
vt 0.766472936 0.739465892
vt 0.769999564 0.763100147
vt 0.773390889 0.793298662
vt 0.774741411 0.82717669
vt 0.774003506 0.864513099
vt 0.771045268 0.895096064
vt 0.768761814 0.919230759
vt 0.768311203 0.937517583
vt 0.768484771 0.950318933
vt 0.76940912 0.958225369
vt 0.664755523 0.137719721
vt 0.613356948 0.253835946
vt 0.636387289 0.850272417
vt 0.649929166 0.883413136
vt 0.622479558 0.817827582
vt 0.610484779 0.789500773
vt 0.601601124 0.774477005
vt 0.595973134 0.765032828
vt 0.591999948 0.756108165
vt 0.588800192 0.745988667
vt 0.585862637 0.733497083
vt 0.690303445 0.399067342
vt 0.685172856 0.13148205
vt 0.693668187 0.124804452
vt 0.704526544 0.131197959
vt 0.696608126 0.136192977
vt 0.7049613 0.119838536
vt 0.712086976 0.128562719
vt 0.715653539 0.119367786
vt 0.719866753 0.126604363
vt 0.725578666 0.116527572
vt 0.737534165 0.113029964
vt 0.750505328 0.109203391
vt 0.764177501 0.102345355
vt 0.776529491 0.091988064
vt 0.777567744 0.102122605
vt 0.765125275 0.10989134
vt 0.714024067 0.981893897
vt 0.719728887 0.98090148
vt 0.737116992 0.978002071
vt 0.742057562 0.977045119
vt 0.640635848 0.999596477
vt 0.64716202 0.992839515
vt 0.654902399 0.988142967
vt 0.725677013 0.979844153
vt 0.662676096 0.984802842
vt 0.731639028 0.978853285
vt 0.760930538 0.969075084
vt 0.769586146 0.963847637
vt 0.685955286 0.17142871
vt 0.740846634 0.120371275
vt 0.72911483 0.123983413
vt 0.688310921 0.211613804
vt 0.686149061 0.188193843
vt 0.686639071 0.196636111
vt 0.687134087 0.2045158
vt 0.75280714 0.116311021
vt 0.685882986 0.179866105
vt 0.224157065 0.968239248
vt 0.199715689 0.973027408
vt 0.200899005 0.95552814
vt 0.225832239 0.95084554
vt 0.203296334 0.932371736
vt 0.227455854 0.93009609
vt 0.171284705 0.980818629
vt 0.172504053 0.960754275
vt 0.175604448 0.936719775
vt 0.105197512 0.999824107
vt 0.062471088 0.989109159
vt 0.0696657 0.96518141
vt 0.10908886 0.975701988
vt 0.08692991 0.93389529
vt 0.121681273 0.939810872
vt 0.043898501 0.941382587
vt 0.057768892 0.919916928
vt 0.033597976 0.954609334
vt 0.016232423 0.922836959
vt 0.029237337 0.913792789
vt 0.243976906 0.965803921
vt 0.245247707 0.94909513
vt 0.24911955 0.929857731
vt 0.341030002 0.976344228
vt 0.353397369 0.981057227
vt 0.354885072 0.998100758
vt 0.340970606 0.994599283
vt 0.000175892 0.86458683
vt 0.011754083 0.865785599
vt 0.01600243 0.875960052
vt 0.001085295 0.877132118
vt 0.023095807 0.89086169
vt 0.006156528 0.895459473
vt 0.267560631 0.951826394
vt 0.289380312 0.958053589
vt 0.286686569 0.974199712
vt 0.265358716 0.968077719
vt 0.309021235 0.964842439
vt 0.306274563 0.981234372
vt 0.326255113 0.970857441
vt 0.324474543 0.988742948
vt 0.32842347 0.949967325
vt 0.342126846 0.954452455
vt 0.353071362 0.958602786
vt 0.026461605 0.861995697
vt 0.032959554 0.870079935
vt 0.039984401 0.879306674
vt 0.270483643 0.933413923
vt 0.291916907 0.939043939
vt 0.046337057 0.901253879
vt 0.311769128 0.944848776
vt 0.364465594 0.983433068
vt 0.367253929 0.999211788
vt 0.362698495 0.961698234
vt 0.05107934 0.855186999
vt 0.05921153 0.862850368
vt 0.273513407 0.910907984
vt 0.293963015 0.916326523
vt 0.206995741 0.90434891
vt 0.230680078 0.904286802
vt 0.068009764 0.875802398
vt 0.363251954 0.936344981
vt 0.353818089 0.933548093
vt 0.313463509 0.922570705
vt 0.184646949 0.904182971
vt 0.329591274 0.926546991
vt 0.253783852 0.906930268
vt 0.343259394 0.929995418
vt 0.109624788 0.898886144
vt 0.136822313 0.901636302
vt 0.045793083 0.848649263
vt 0.084767453 0.887632906
vt 0.069201529 0.833090305
vt 0.076613992 0.839312553
vt 0.276473463 0.886328459
vt 0.296624392 0.891940415
vt 0.191282123 0.870872378
vt 0.212874308 0.875764608
vt 0.08689037 0.845377862
vt 0.315246791 0.897481143
vt 0.104334347 0.854010522
vt 0.331321627 0.901703656
vt 0.256006032 0.882192552
vt 0.343953311 0.905186892
vt 0.128981918 0.862646103
vt 0.150204182 0.869259715
vt 0.364051431 0.911044538
vt 0.354125202 0.908142269
vt 0.063405462 0.827729344
vt 0.233324662 0.877581477
vt 0.090168454 0.815720856
vt 0.101200685 0.820661843
vt 0.298741162 0.867694497
vt 0.316853911 0.874412358
vt 0.118610047 0.828257978
vt 0.331505656 0.878072143
vt 0.258403629 0.859036148
vt 0.278045356 0.86222297
vt 0.344190091 0.88130939
vt 0.139726594 0.835363626
vt 0.160968199 0.837092757
vt 0.363005787 0.887149155
vt 0.353325397 0.884299636
vt 0.075834453 0.80698359
vt 0.08238668 0.811220288
vt 0.238059565 0.853125691
vt 0.217715681 0.847215176
vt 0.199164212 0.840145528
vt 0.110572934 0.799774408
vt 0.128615633 0.804419041
vt 0.316913933 0.852555454
vt 0.330933601 0.855564594
vt 0.261222154 0.837514043
vt 0.279774785 0.840981483
vt 0.342528582 0.859082639
vt 0.149294212 0.807571173
vt 0.169428498 0.810863674
vt 0.361677617 0.86576581
vt 0.351962745 0.861879706
vt 0.08492434 0.788608491
vt 0.091389008 0.792054474
vt 0.241756588 0.832306385
vt 0.221078634 0.825552344
vt 0.098890372 0.795465767
vt 0.298450142 0.84627682
vt 0.204424411 0.820433915
vt 0.123867214 0.433384478
vt 0.121377006 0.429006755
vt 0.12393897 0.426003516
vt 0.126814798 0.430749118
vt 0.107418098 0.414950728
vt 0.103456512 0.41217199
vt 0.105283946 0.410108745
vt 0.110081762 0.413307965
vt 0.116736792 0.42318508
vt 0.111386947 0.418573231
vt 0.114518523 0.416408688
vt 0.11923147 0.420216024
vt 0.13295953 0.404729843
vt 0.126749322 0.396884888
vt 0.130874723 0.392518252
vt 0.136524752 0.40064913
vt 0.142237619 0.416092277
vt 0.137604594 0.411114156
vt 0.14126426 0.407550097
vt 0.14502342 0.412974328
vt 0.120794713 0.392582446
vt 0.114060596 0.389242172
vt 0.110928647 0.383497536
vt 0.12207365 0.38430196
vt 0.107447721 0.452505291
vt 0.104029372 0.447471708
vt 0.110624485 0.439865977
vt 0.114583001 0.444905996
vt 0.090721875 0.435907602
vt 0.086491451 0.433266342
vt 0.092400044 0.424316347
vt 0.096301734 0.427973092
vt 0.099988461 0.44332096
vt 0.09549953 0.439399332
vt 0.101012133 0.431499124
vt 0.106402077 0.435525835
vt 0.271931082 0.053529557
vt 0.267697036 0.045240078
vt 0.27195859 0.043628339
vt 0.275405854 0.052036878
vt 0.121639051 0.417574048
vt 0.117075749 0.41284281
vt 0.275964946 0.064745344
vt 0.275492698 0.062161662
vt 0.279987842 0.061560694
vt 0.280798465 0.064253978
vt 0.279175103 0.084856518
vt 0.27789712 0.080142297
vt 0.282601625 0.077739157
vt 0.283650935 0.082005501
vt 0.106798157 0.397753865
vt 0.108972639 0.391558498
vt 0.11429593 0.393076718
vt 0.112283163 0.399754405
vt 0.081698582 0.430629879
vt 0.088458478 0.421244949
vt 0.108269177 0.388245642
vt 0.104203604 0.383825302
vt 0.097917132 0.40906933
vt 0.099652521 0.406770587
vt 0.125023872 0.444940329
vt 0.11902643 0.451393515
vt 0.11676985 0.448026329
vt 0.122373767 0.442904085
vt 0.149383113 0.425436437
vt 0.145621806 0.42764014
vt 0.142302617 0.42368567
vt 0.145859987 0.421303958
vt 0.137739569 0.426863909
vt 0.140287384 0.430082291
vt 0.129406348 0.428578049
vt 0.126326397 0.42365405
vt 0.112977244 0.409851611
vt 0.108224355 0.406629473
vt 0.08364597 0.445171565
vt 0.088508412 0.44805482
vt 0.086232856 0.450346887
vt 0.080593579 0.448707938
vt 0.092763595 0.450965822
vt 0.096445985 0.455299795
vt 0.094389737 0.456915021
vt 0.090888925 0.452771008
vt 0.253878921 0.008231311
vt 0.258846253 0.010213863
vt 0.26149255 0.017054141
vt 0.258556068 0.015729388
vt 0.100635782 0.461069196
vt 0.10174492 0.464457303
vt 0.098080374 0.467459053
vt 0.097367384 0.463021308
vt 0.094046816 0.464152187
vt 0.092629246 0.469395846
vt 0.087018736 0.471131623
vt 0.09052223 0.465104878
vt 0.08036986 0.475092679
vt 0.084992766 0.471036375
vt 0.082515024 0.475974172
vt 0.068682276 0.455639273
vt 0.073521338 0.453167588
vt 0.073432721 0.458579689
vt 0.069101065 0.462487191
vt 0.25077489 0.000495122
vt 0.253706574 0.001257435
vt 0.254288495 0.00350269
vt 0.251356632 0.002740227
vt 0.079099074 0.452860862
vt 0.084791176 0.45277822
vt 0.083815031 0.454406768
vt 0.078267045 0.455545723
vt 0.240101993 0.002274204
vt 0.244024932 0.000552851
vt 0.244940296 0.002345126
vt 0.24022612 0.003623246
vt 0.089285582 0.454719633
vt 0.092288651 0.458553135
vt 0.090324387 0.46040386
vt 0.087816656 0.456600159
vt 0.086770877 0.457981586
vt 0.082480542 0.456218213
vt 0.088741072 0.462060034
vt 0.251286387 0.060119435
vt 0.250193685 0.050790548
vt 0.256824374 0.049946219
vt 0.258240908 0.057696946
vt 0.254314393 0.072131559
vt 0.253046036 0.068541914
vt 0.260220051 0.065443188
vt 0.260925889 0.069037177
vt 0.257429421 0.094268791
vt 0.257605374 0.088529393
vt 0.264559954 0.086106911
vt 0.265275419 0.090826079
vt 0.247009739 0.007502887
vt 0.241728157 0.008223066
vt 0.077813476 0.457754672
vt 0.073449597 0.460548431
vt 0.069297113 0.46436435
vt 0.090816207 0.473146558
vt 0.087876335 0.466174006
vt 0.243578285 0.014057669
vt 0.248402163 0.012440976
vt 0.250386 0.020749653
vt 0.245223686 0.022256436
vt 0.097992502 0.470328659
vt 0.102085069 0.467390835
vt 0.263333023 0.021763569
vt 0.260177344 0.021115663
vt 0.070623077 0.44843334
vt 0.075638384 0.448131591
vt 0.085555725 0.442218721
vt 0.090383008 0.446249813
vt 0.094369411 0.449298471
vt 0.098298252 0.453506291
vt 0.247093111 0.030340793
vt 0.25236994 0.029057877
vt 0.25330466 0.033100352
vt 0.247803807 0.034497529
vt 0.129792765 0.408042252
vt 0.126185119 0.412427187
vt 0.121191308 0.407350838
vt 0.124759637 0.401008666
vt 0.2769382 0.07328748
vt 0.281990886 0.072118968
vt 0.102324061 0.403428793
vt 0.131593257 0.431698233
vt 0.133847311 0.434783936
vt 0.139050752 0.419697344
vt 0.135164648 0.423094481
vt 0.131636694 0.418399602
vt 0.134619445 0.414616227
vt 0.120902903 0.397329062
vt 0.117312044 0.403682619
vt 0.255621344 0.080220737
vt 0.263138503 0.077793889
vt 0.1106098 0.430269271
vt 0.10572546 0.424854666
vt 0.108621016 0.421398312
vt 0.113793999 0.42638284
vt 0.076850824 0.437343061
vt 0.081076391 0.439421833
vt 0.07791692 0.443577945
vt 0.073541641 0.442422956
vt 0.102020644 0.420532286
vt 0.098686434 0.417433232
vt 0.101226032 0.414441526
vt 0.104560174 0.417540431
vt 0.262146741 0.027736722
vt 0.264954358 0.02714999
vt 0.266442001 0.030062793
vt 0.263524741 0.030987646
vt 0.109939702 0.459706783
vt 0.108513057 0.461282998
vt 0.106920741 0.45927152
vt 0.108255319 0.457460046
vt 0.274567634 0.05924451
vt 0.273533076 0.056665935
vt 0.27723676 0.055621427
vt 0.278385848 0.058424316
vt 0.252349824 0.066072948
vt 0.251987189 0.063150696
vt 0.259051532 0.060390085
vt 0.260086149 0.062968813
vt 0.11499393 0.435092062
vt 0.118183002 0.431768119
vt 0.119173907 0.439736396
vt 0.121730961 0.43617031
vt 0.093368612 0.413934827
vt 0.095885642 0.410954297
vt 0.1294332 0.439580917
vt 0.127473801 0.441994131
vt 0.124816552 0.439114273
vt 0.126638994 0.43648836
vt 0.103496097 0.458760798
vt 0.105160557 0.461300373
vt 0.24827601 0.037081204
vt 0.253776819 0.035683878
vt 0.264554501 0.033003636
vt 0.267471761 0.032078635
vt 0.106374413 0.463787645
vt 0.131636679 0.436760664
vt 0.129203334 0.433766276
vt 0.106095597 0.454890758
vt 0.1016443 0.450102448
vt 0.088964082 0.438217938
vt 0.084594436 0.435082793
vt 0.097469039 0.446020544
vt 0.093567356 0.44236359
vt 0.080657668 0.432573766
vt 0.111612707 0.458004951
vt 0.109970674 0.455453783
vt 0.248748168 0.039664734
vt 0.254134595 0.038043547
vt 0.265360296 0.035134487
vt 0.26861605 0.034319095
vt 0.104763508 0.456983507
vt 0.09979213 0.451895922
vt 0.087338321 0.440178305
vt 0.082991093 0.437031597
vt 0.095863216 0.447688073
vt 0.091919258 0.44433549
vt 0.079186276 0.434172899
vt 0.262205929 0.047762286
vt 0.265419453 0.055160049
vt 0.26909095 0.063454181
vt 0.269229412 0.066490687
vt 0.271728873 0.08244513
vt 0.272902191 0.088060528
vt 0.250608742 0.007359239
vt 0.252687693 0.013641873
vt 0.248634472 0.000175892
vt 0.248763412 0.002087373
vt 0.254547566 0.02060136
vt 0.271327794 0.07502339
vt 0.256073654 0.028013818
vt 0.258019 0.031822383
vt 0.267021567 0.058296565
vt 0.268280268 0.060761038
vt 0.259168148 0.034625128
vt 0.259640306 0.037208807
vt 0.249786854 0.082070872
vt 0.24904716 0.074539207
vt 0.251694888 0.094655193
vt 0.25143221 0.09026964
vt 0.244572297 0.038125563
vt 0.244328886 0.035989914
vt 0.238433838 0.004538652
vt 0.238482043 0.010163487
vt 0.248560637 0.070268221
vt 0.248536587 0.067455873
vt 0.246270716 0.052511748
vt 0.245154113 0.040370818
vt 0.240117818 0.017237524
vt 0.242201716 0.024082595
vt 0.247244015 0.061054032
vt 0.247949913 0.064648181
vt 0.23763755 0.00353268
vt 0.243732661 0.032057192
vt 0.070303909 0.468934774
vt 0.072605178 0.472278982
vt 0.071467482 0.47342515
vt 0.06887015 0.469667077
vt 0.086083613 0.459180027
vt 0.082218885 0.457199484
vt 0.075493842 0.475888103
vt 0.075840287 0.474298865
vt 0.077843085 0.458586872
vt 0.07925757 0.473965704
vt 0.08341492 0.470712364
vt 0.073937058 0.462277144
vt 0.070456557 0.465749472
vt 0.068415448 0.466509581
vt 0.069769286 0.466948032
vt 0.087022476 0.466327399
vt 0.077462904 0.474600047
vt 0.077567041 0.476241618
vt 0.087551259 0.462385237
vt 0.074925333 0.469963878
vt 0.073695719 0.470874488
vt 0.078025036 0.466685981
vt 0.080589302 0.463963866
vt 0.068958826 0.354088038
vt 0.069310747 0.350518614
vt 0.073649004 0.34999755
vt 0.073145114 0.35420984
vt 0.069848523 0.331883073
vt 0.068964079 0.325837612
vt 0.072603062 0.325108945
vt 0.074072435 0.331137985
vt 0.06992507 0.343425393
vt 0.069418937 0.336904228
vt 0.074680679 0.336476743
vt 0.074646495 0.342991173
vt 0.10908816 0.342065722
vt 0.107338689 0.332225204
vt 0.115993597 0.328651935
vt 0.114504278 0.341276735
vt 0.103641756 0.362926185
vt 0.106441811 0.353586644
vt 0.115630634 0.35454312
vt 0.115907311 0.371067762
vt 0.103115238 0.322518349
vt 0.09958788 0.315280706
vt 0.105525509 0.309705645
vt 0.114646263 0.313238919
vt 0.038693849 0.354010195
vt 0.038669784 0.35119772
vt 0.048140071 0.350880146
vt 0.047954664 0.355494678
vt 0.038873855 0.333014965
vt 0.038277525 0.32908228
vt 0.047327746 0.327001929
vt 0.048222385 0.331629515
vt 0.040003151 0.344019502
vt 0.039748549 0.337935269
vt 0.049311049 0.337853342
vt 0.04965524 0.34389174
vt 0.201520756 0.068871498
vt 0.194493756 0.062856361
vt 0.198068693 0.059900675
vt 0.205095634 0.065915808
vt 0.079507366 0.343050808
vt 0.079153284 0.335886985
vt 0.215474963 0.082365364
vt 0.213544056 0.080244116
vt 0.21745263 0.076835454
vt 0.219607353 0.078842141
vt 0.23299554 0.105053931
vt 0.227098316 0.099591635
vt 0.229986668 0.095291853
vt 0.235192493 0.098847166
vt 0.08581204 0.314690083
vt 0.090185449 0.313021064
vt 0.092239596 0.319033772
vt 0.08815746 0.320554078
vt 0.036969945 0.323535681
vt 0.045833632 0.320703119
vt 0.096767217 0.309094608
vt 0.099772312 0.305299699
vt 0.068243675 0.320556015
vt 0.071277931 0.320136338
vt 0.056253068 0.362837702
vt 0.047166109 0.363241971
vt 0.048030835 0.359127969
vt 0.056313869 0.359417021
vt 0.097371578 0.374320686
vt 0.092235409 0.371012032
vt 0.093471386 0.365578473
vt 0.099966198 0.369888186
vt 0.088860169 0.363131851
vt 0.087552138 0.368037134
vt 0.077085026 0.3544572
vt 0.07797464 0.350613266
vt 0.077843368 0.33005929
vt 0.076174796 0.324414521
vt 0.026847182 0.334355772
vt 0.027945818 0.339161426
vt 0.024322134 0.339035094
vt 0.022625672 0.335381836
vt 0.028305387 0.344344854
vt 0.027746322 0.34999755
vt 0.024528157 0.34994632
vt 0.025064806 0.344305128
vt 0.167476997 0.034849007
vt 0.171395108 0.032565214
vt 0.177845165 0.036897685
vt 0.172463492 0.039081462
vt 0.027123004 0.35342291
vt 0.025554221 0.356766939
vt 0.020753253 0.35582909
vt 0.02306883 0.352951765
vt 0.020052414 0.352797657
vt 0.016203813 0.355328053
vt 0.012227082 0.353404731
vt 0.017327037 0.352494597
vt 0.00629644 0.351914018
vt 0.011433281 0.352679938
vt 0.006851007 0.353608251
vt 0.01103323 0.332263589
vt 0.016428499 0.334309876
vt 0.013520944 0.336360067
vt 0.006649331 0.335350037
vt 0.162595183 0.029715536
vt 0.166179657 0.027884576
vt 0.167314366 0.029000156
vt 0.163172126 0.031398203
vt 0.020069208 0.336405069
vt 0.02272906 0.339566171
vt 0.020909568 0.339930654
vt 0.017644992 0.337078601
vt 0.153543621 0.03688119
vt 0.156217411 0.033820391
vt 0.157805026 0.035269447
vt 0.155355096 0.038215537
vt 0.023987086 0.344573379
vt 0.02279106 0.349421352
vt 0.020496249 0.349463493
vt 0.022187537 0.344645053
vt 0.020251244 0.344504118
vt 0.019274056 0.340765893
vt 0.018647142 0.348995358
vt 0.188565567 0.08000841
vt 0.18344529 0.073301882
vt 0.187463239 0.069554642
vt 0.193255797 0.075917937
vt 0.199955389 0.096224353
vt 0.197800487 0.094217524
vt 0.204168469 0.088987634
vt 0.2061041 0.091671169
vt 0.2161607 0.122974135
vt 0.212022007 0.112659216
vt 0.217946723 0.108220592
vt 0.224778667 0.117725059
vt 0.161208957 0.038615588
vt 0.158758938 0.041561682
vt 0.01700481 0.338535309
vt 0.011843151 0.33749944
vt 0.006083819 0.337616414
vt 0.009921326 0.357407182
vt 0.015856467 0.351550996
vt 0.162520736 0.047267184
vt 0.165413752 0.043529689
vt 0.170982197 0.050007097
vt 0.167302519 0.053863943
vt 0.017292928 0.359009027
vt 0.024318913 0.359657705
vt 0.183399171 0.041687932
vt 0.179256916 0.044086128
vt 0.015817778 0.328689694
vt 0.020125061 0.33242178
vt 0.030194821 0.333775491
vt 0.030619089 0.338643402
vt 0.030532945 0.344337225
vt 0.030157939 0.350460768
vt 0.171616986 0.058439776
vt 0.175301522 0.05514567
vt 0.177461192 0.057714645
vt 0.173667058 0.061347488
vt 0.099757105 0.34287706
vt 0.0919718 0.342898816
vt 0.091926739 0.335012645
vt 0.099117361 0.333881944
vt 0.223560691 0.093771435
vt 0.226682618 0.090481959
vt 0.07428468 0.319165289
vt 0.076357134 0.358783662
vt 0.07562428 0.362547874
vt 0.095085755 0.359669387
vt 0.090096012 0.357698262
vt 0.090831928 0.351672888
vt 0.097763516 0.351804703
vt 0.095966145 0.325887412
vt 0.090378128 0.327611595
vt 0.207926586 0.1074064
vt 0.214523584 0.102624543
vt 0.057191711 0.343714803
vt 0.057073932 0.33784315
vt 0.062897891 0.337410271
vt 0.062749445 0.343700826
vt 0.028430136 0.324790269
vt 0.029847406 0.329998374
vt 0.025735499 0.330686033
vt 0.023332581 0.325981438
vt 0.056794286 0.33148855
vt 0.056437194 0.326586425
vt 0.063545644 0.326345325
vt 0.063118599 0.331648082
vt 0.183342576 0.048213925
vt 0.187141418 0.04514353
vt 0.188853085 0.047941472
vt 0.185387731 0.050558738
vt 0.035107952 0.36092636
vt 0.032427561 0.36060071
vt 0.032308951 0.357271343
vt 0.035596691 0.357569575
vt 0.211384386 0.077674828
vt 0.207980484 0.074328989
vt 0.211545765 0.070248127
vt 0.215292901 0.074266165
vt 0.196312904 0.091305166
vt 0.193690732 0.087277383
vt 0.199615493 0.082838751
vt 0.202232763 0.0863038
vt 0.05711757 0.350814611
vt 0.062872179 0.350135237
vt 0.05679534 0.355216205
vt 0.062773816 0.35442239
vt 0.054423079 0.31998834
vt 0.062914908 0.321017981
vt 0.069521725 0.361992598
vt 0.064006425 0.361702323
vt 0.063753396 0.3584418
vt 0.06921906 0.358192265
vt 0.029848453 0.353726238
vt 0.029742895 0.357169539
vt 0.175259426 0.06335897
vt 0.17939198 0.059835758
vt 0.187657043 0.052789602
vt 0.190445364 0.049952969
vt 0.029428614 0.35987258
vt 0.072742283 0.362324893
vt 0.072820485 0.358330399
vt 0.035318919 0.354039311
vt 0.035317115 0.351215094
vt 0.035635751 0.333256394
vt 0.03528833 0.329479158
vt 0.036673129 0.344025761
vt 0.036306448 0.33799836
vt 0.034092683 0.323875308
vt 0.037763674 0.360982448
vt 0.038389165 0.357837945
vt 0.176856548 0.065932907
vt 0.181437269 0.062181018
vt 0.189811885 0.054796144
vt 0.192261741 0.051849902
vt 0.032660872 0.35370177
vt 0.032233536 0.351095468
vt 0.032735992 0.333607525
vt 0.032319073 0.329583526
vt 0.0332557 0.344358474
vt 0.032953858 0.338016033
vt 0.031327344 0.324157655
vt 0.191033438 0.066036515
vt 0.197721899 0.07194189
vt 0.209969193 0.083199956
vt 0.212014377 0.085544929
vt 0.224085912 0.102542527
vt 0.230917916 0.112046987
vt 0.16456461 0.036336597
vt 0.168879017 0.040912271
vt 0.159682751 0.031202978
vt 0.161155775 0.032428015
vt 0.175229132 0.046708345
vt 0.220100284 0.096951425
vt 0.179319575 0.05139843
vt 0.181703314 0.053853154
vt 0.204639286 0.078295462
vt 0.207809478 0.080630817
vt 0.183634222 0.055974405
vt 0.186127245 0.058090247
vt 0.202330738 0.110829771
vt 0.194368914 0.100772291
vt 0.210092589 0.123814121
vt 0.205520228 0.115415037
vt 0.171689406 0.06687741
vt 0.169868097 0.064417578
vt 0.153353348 0.040932965
vt 0.15596579 0.043835718
vt 0.192433327 0.098088764
vt 0.190945745 0.095176257
vt 0.179307744 0.07626237
vt 0.173172131 0.069227174
vt 0.16006121 0.049088545
vt 0.164518982 0.057263177
vt 0.184094548 0.083422028
vt 0.18809469 0.090700433
vt 0.151985034 0.038807064
vt 0.168047056 0.061958354
vt 0.002152898 0.341036648
vt 0.001731332 0.3443591
vt 0.000175892 0.344023705
vt 0.001605604 0.340186179
vt 0.019263113 0.344726324
vt 0.018783666 0.341299057
vt 0.000956124 0.348427236
vt 0.001912314 0.347091526
vt 0.016086327 0.339004487
vt 0.005453008 0.350649983
vt 0.01058745 0.351134568
vt 0.010931794 0.338812381
vt 0.005754993 0.338631839
vt 0.003370665 0.338719726
vt 0.003333029 0.339586198
vt 0.015378672 0.350947499
vt 0.003171016 0.34955582
vt 0.00273513 0.351191133
vt 0.018104644 0.348707765
vt 0.005581658 0.344652385
vt 0.003080374 0.344235122
vt 0.010509703 0.344677567
vt 0.014852745 0.344719112
vt 0.092751503 0.276400477
vt 0.095453396 0.271348387
vt 0.097742595 0.273286581
vt 0.095145576 0.277437598
vt 0.101089709 0.256887823
vt 0.102248184 0.25290671
vt 0.105117425 0.254265636
vt 0.104115948 0.258167177
vt 0.097968705 0.265543938
vt 0.099682413 0.260714114
vt 0.103002176 0.262125671
vt 0.101022169 0.267374128
vt 0.123794384 0.280600816
vt 0.128191665 0.273835361
vt 0.135177732 0.275069237
vt 0.129445925 0.283646464
vt 0.111259267 0.293500483
vt 0.117376141 0.287833959
vt 0.122421965 0.293730974
vt 0.115666859 0.303678364
vt 0.130929381 0.265092582
vt 0.130889729 0.255226016
vt 0.137972236 0.249348506
vt 0.145013362 0.267503113
vt 0.066024952 0.261239082
vt 0.067979544 0.25826326
vt 0.078214996 0.263204515
vt 0.076466873 0.266639709
vt 0.075106516 0.244453788
vt 0.075868897 0.241522089
vt 0.085579477 0.24560158
vt 0.084438622 0.249009043
vt 0.07195358 0.251996398
vt 0.074254461 0.247431353
vt 0.083317794 0.252123833
vt 0.081382476 0.257349521
vt 0.172610238 0.121772647
vt 0.160182387 0.115691535
vt 0.162288934 0.112073094
vt 0.174602389 0.117930338
vt 0.104053274 0.269215882
vt 0.106257223 0.263852865
vt 0.183341101 0.126743585
vt 0.180628538 0.125304118
vt 0.182615831 0.120899223
vt 0.185662001 0.121885858
vt 0.199277699 0.135269955
vt 0.195325702 0.13361609
vt 0.196969703 0.12853916
vt 0.199806318 0.131327495
vt 0.11942932 0.25175783
vt 0.12354593 0.251632631
vt 0.123910159 0.25737834
vt 0.118534237 0.257582217
vt 0.076771185 0.23654139
vt 0.087019533 0.240346536
vt 0.129490077 0.249443889
vt 0.13331686 0.244382083
vt 0.104340263 0.247600779
vt 0.106602237 0.248987615
vt 0.082633227 0.279873908
vt 0.071305595 0.273513287
vt 0.073996931 0.269878507
vt 0.084784634 0.27623263
vt 0.099517636 0.299215138
vt 0.099595748 0.295220345
vt 0.10400936 0.292966515
vt 0.104565561 0.297484457
vt 0.102151237 0.288830757
vt 0.098421998 0.292147994
vt 0.097972535 0.279101074
vt 0.100549534 0.275242299
vt 0.10799814 0.259573907
vt 0.108934909 0.255988181
vt 0.061396725 0.238462195
vt 0.060885638 0.241830498
vt 0.057436258 0.241050214
vt 0.056683168 0.237197533
vt 0.059689682 0.246678635
vt 0.057097383 0.251392424
vt 0.053956818 0.249889389
vt 0.056822766 0.2456007
vt 0.118386663 0.096079834
vt 0.121712714 0.092968792
vt 0.129185975 0.095931076
vt 0.126173601 0.098882101
vt 0.054293964 0.255084187
vt 0.050965447 0.257914037
vt 0.045802061 0.254054487
vt 0.050130632 0.252408296
vt 0.04625864 0.249583781
vt 0.040280163 0.250377893
vt 0.037926871 0.24621278
vt 0.04379027 0.247737542
vt 0.033077106 0.24219279
vt 0.037397049 0.244788453
vt 0.032785088 0.244884267
vt 0.047713317 0.227655306
vt 0.050310716 0.231413186
vt 0.045897875 0.231124699
vt 0.041443426 0.228597865
vt 0.109631531 0.093207352
vt 0.112014137 0.090295449
vt 0.11483375 0.091115043
vt 0.112632878 0.09421692
vt 0.052233517 0.235232994
vt 0.054723781 0.239610896
vt 0.053009029 0.23907426
vt 0.049707491 0.23454611
vt 0.104298115 0.10101597
vt 0.106185451 0.098074675
vt 0.108965099 0.099479496
vt 0.106674492 0.102626815
vt 0.054428685 0.244563699
vt 0.050950672 0.248317391
vt 0.049074281 0.247298494
vt 0.05262202 0.24379161
vt 0.05108637 0.243163228
vt 0.051386412 0.238773167
vt 0.047670886 0.246320426
vt 0.163779154 0.141537145
vt 0.150764689 0.1326482
vt 0.15453954 0.126765609
vt 0.167773142 0.13497743
vt 0.172379285 0.147313729
vt 0.170119777 0.146208316
vt 0.174556911 0.138857067
vt 0.176711857 0.14086391
vt 0.189360082 0.159543887
vt 0.185612991 0.155525684
vt 0.191175193 0.148165107
vt 0.194793493 0.150271654
vt 0.11447981 0.102312528
vt 0.112574838 0.105827793
vt 0.048336033 0.234681517
vt 0.043834429 0.231896311
vt 0.040088985 0.230702162
vt 0.035491344 0.250846326
vt 0.042722821 0.246587932
vt 0.118235961 0.109998323
vt 0.120857887 0.106116898
vt 0.128801063 0.111381568
vt 0.126069471 0.115601428
vt 0.041162282 0.256141871
vt 0.047883503 0.260618329
vt 0.137089878 0.09923853
vt 0.134530395 0.102523193
vt 0.053731155 0.22881873
vt 0.055210721 0.233429939
vt 0.065525487 0.239743009
vt 0.06389185 0.243402407
vt 0.062265415 0.247905642
vt 0.059655577 0.25319311
vt 0.132959723 0.12140394
vt 0.135999858 0.116461195
vt 0.139279798 0.118458286
vt 0.135719553 0.123101898
vt 0.119053632 0.278785318
vt 0.114345476 0.275540352
vt 0.116515234 0.268782705
vt 0.122679502 0.271283627
vt 0.192050651 0.13218157
vt 0.194028407 0.126651958
vt 0.110054083 0.250049353
vt 0.095408276 0.281823307
vt 0.092445545 0.285313845
vt 0.108955614 0.289875001
vt 0.105905302 0.28578344
vt 0.109584987 0.281926602
vt 0.113802522 0.285704315
vt 0.124458641 0.263595402
vt 0.117940672 0.261840016
vt 0.181765825 0.15297094
vt 0.187447369 0.14639698
vt 0.091752425 0.262222052
vt 0.093443625 0.257403642
vt 0.0965866 0.259187818
vt 0.094940148 0.263983607
vt 0.068568967 0.232539266
vt 0.066581547 0.236944005
vt 0.061818283 0.235139579
vt 0.062571079 0.231083006
vt 0.094828516 0.253588915
vt 0.096574306 0.24987258
vt 0.099356361 0.251558691
vt 0.097881965 0.255419135
vt 0.140293866 0.105511405
vt 0.142066807 0.102345958
vt 0.145227358 0.103556454
vt 0.143459246 0.107284352
vt 0.058078989 0.266144902
vt 0.055346496 0.264998168
vt 0.057383478 0.261133075
vt 0.06032005 0.262457788
vt 0.178707391 0.124308184
vt 0.175770864 0.122983143
vt 0.177648559 0.118916824
vt 0.18080914 0.120127305
vt 0.168536872 0.145321295
vt 0.165710047 0.143658116
vt 0.16980885 0.136197671
vt 0.172859818 0.137746602
vt 0.08921463 0.268038064
vt 0.092601545 0.269415319
vt 0.08694081 0.27315402
vt 0.090243079 0.27513957
vt 0.099278532 0.245101497
vt 0.10167262 0.246138826
vt 0.088192694 0.282683998
vt 0.085524969 0.281221569
vt 0.08799237 0.277701497
vt 0.090500839 0.278962523
vt 0.057389781 0.256610423
vt 0.054740649 0.259940714
vt 0.138317466 0.124316894
vt 0.141315371 0.119678237
vt 0.146395832 0.108609252
vt 0.14816393 0.104881346
vt 0.052499592 0.263627678
vt 0.089912243 0.283782899
vt 0.092626147 0.280136883
vt 0.062635481 0.259580374
vt 0.064654842 0.256289124
vt 0.071423374 0.242662564
vt 0.072501846 0.239852011
vt 0.068093576 0.250578046
vt 0.070053704 0.245622113
vt 0.073583461 0.234780043
vt 0.061580397 0.26774618
vt 0.063866213 0.264036417
vt 0.141034886 0.126318932
vt 0.14448081 0.121451467
vt 0.15000926 0.11015337
vt 0.15200147 0.106311209
vt 0.059833404 0.258186817
vt 0.061850373 0.254614413
vt 0.068305291 0.241148129
vt 0.069607854 0.23822321
vt 0.064840995 0.249132007
vt 0.066557176 0.244583338
vt 0.071298994 0.233404443
vt 0.157303691 0.121116489
vt 0.170746997 0.127526432
vt 0.178202778 0.13106285
vt 0.180581599 0.132954985
vt 0.194253907 0.139813393
vt 0.197747976 0.140570641
vt 0.116633676 0.098952584
vt 0.123728633 0.102390938
vt 0.108341716 0.094996035
vt 0.111119054 0.096119717
vt 0.131642029 0.106823124
vt 0.190416247 0.138383403
vt 0.138764217 0.110812224
vt 0.141929671 0.112585299
vt 0.173569113 0.128627315
vt 0.176729709 0.129837945
vt 0.144303665 0.113914847
vt 0.147135437 0.116140924
vt 0.176966012 0.157399967
vt 0.168594897 0.152071565
vt 0.185232475 0.163629532
vt 0.181037173 0.159840152
vt 0.135576457 0.127412036
vt 0.133645594 0.125290766
vt 0.105504185 0.105202235
vt 0.111493982 0.108357355
vt 0.165543988 0.150522649
vt 0.164404422 0.148844659
vt 0.147871584 0.136385694
vt 0.138256148 0.130280286
vt 0.116550229 0.112836614
vt 0.124450915 0.118405499
vt 0.160552457 0.145727471
vt 0.162702397 0.147171721
vt 0.103510916 0.103677921
vt 0.130930722 0.123570472
vt 0.035000954 0.233018324
vt 0.033646513 0.235122636
vt 0.031996533 0.234270349
vt 0.033953521 0.231575862
vt 0.049643017 0.242770806
vt 0.050465383 0.238960907
vt 0.03092294 0.237643644
vt 0.03256565 0.237652048
vt 0.047531962 0.235374689
vt 0.034829345 0.241862759
vt 0.03783796 0.243715927
vt 0.043191992 0.233071849
vt 0.039426532 0.232170373
vt 0.036171488 0.230443045
vt 0.036502037 0.232251808
vt 0.042802814 0.245417163
vt 0.033279378 0.239547163
vt 0.031141482 0.239509389
vt 0.046989165 0.245538756
vt 0.037396822 0.23687923
vt 0.035363592 0.235940307
vt 0.039994895 0.238094658
vt 0.044287633 0.240139127
vt 0.138452798 0.221420363
vt 0.142953441 0.218839064
vt 0.145474046 0.221506536
vt 0.140547588 0.224304944
vt 0.150683954 0.209805995
vt 0.153224066 0.204271436
vt 0.156008676 0.206239
vt 0.153338894 0.212404668
vt 0.146373913 0.216244727
vt 0.149114981 0.213149756
vt 0.151588321 0.215558738
vt 0.148984015 0.218866199
vt 0.164265692 0.237613633
vt 0.167619646 0.232511058
vt 0.173066452 0.237921044
vt 0.169013083 0.242815942
vt 0.15193361 0.245324925
vt 0.16038923 0.242136076
vt 0.16424042 0.247795552
vt 0.15423359 0.253754467
vt 0.170309409 0.226052538
vt 0.173323169 0.218016148
vt 0.179375455 0.220574349
vt 0.175556883 0.231846496
vt 0.127109498 0.208005488
vt 0.130149186 0.205605626
vt 0.133687451 0.208882794
vt 0.130045399 0.211873129
vt 0.137774825 0.197473437
vt 0.140018344 0.194067776
vt 0.144228771 0.19700186
vt 0.141967699 0.200981513
vt 0.133437559 0.203360975
vt 0.136044249 0.200334653
vt 0.13976419 0.203801662
vt 0.136908799 0.206672624
vt 0.159799963 0.176054597
vt 0.155265629 0.174698368
vt 0.15736255 0.169955045
vt 0.161404118 0.171563044
vt 0.150805235 0.221325576
vt 0.153787896 0.21754235
vt 0.171986997 0.18028152
vt 0.168826342 0.179071009
vt 0.171028033 0.173426688
vt 0.173955008 0.173626855
vt 0.186826199 0.178916723
vt 0.183918521 0.180966735
vt 0.183860719 0.174216896
vt 0.184976071 0.173082262
vt 0.168729156 0.207086042
vt 0.172275484 0.208664641
vt 0.169292048 0.214990586
vt 0.165830553 0.21280396
vt 0.141363204 0.19083859
vt 0.145974413 0.193285361
vt 0.175734445 0.210569963
vt 0.181732342 0.21202606
vt 0.155567437 0.199402317
vt 0.158688083 0.201198041
vt 0.125817046 0.219964832
vt 0.123717315 0.216517627
vt 0.126624882 0.214467436
vt 0.129423946 0.218122631
vt 0.137227714 0.24125427
vt 0.136339575 0.240013331
vt 0.141018718 0.239883035
vt 0.143064082 0.242228463
vt 0.139526352 0.236408234
vt 0.1350113 0.23730205
vt 0.142595291 0.226931363
vt 0.147252828 0.224270165
vt 0.155583367 0.214365467
vt 0.158840463 0.208464906
vt 0.129581153 0.189229399
vt 0.127915442 0.191775292
vt 0.125646129 0.189544424
vt 0.126946196 0.18633832
vt 0.125669584 0.194899678
vt 0.122652337 0.19728826
vt 0.120497502 0.195281416
vt 0.12357951 0.192577481
vt 0.12701413 0.165400058
vt 0.129444107 0.162746653
vt 0.134536043 0.163535506
vt 0.131822154 0.167181373
vt 0.119948857 0.19951658
vt 0.116493933 0.200716272
vt 0.114279799 0.19704473
vt 0.11747314 0.196826443
vt 0.115851119 0.193982601
vt 0.112312078 0.193247855
vt 0.112106346 0.190245733
vt 0.115022838 0.191863313
vt 0.111109234 0.186800286
vt 0.112634383 0.188846126
vt 0.110150717 0.187854856
vt 0.123107642 0.179541826
vt 0.123803906 0.182011083
vt 0.1215019 0.181209654
vt 0.120290354 0.179003403
vt 0.110569812 0.184250966
vt 0.109156065 0.184690759
vt 0.124278553 0.184876084
vt 0.123650596 0.187739104
vt 0.122359112 0.186703876
vt 0.12251664 0.184080929
vt 0.115768135 0.179053769
vt 0.113144577 0.18011117
vt 0.112144291 0.178927228
vt 0.115708895 0.1773891
vt 0.121785589 0.190669149
vt 0.118972428 0.193235755
vt 0.117969908 0.191770643
vt 0.120718129 0.189519376
vt 0.120128341 0.188972995
vt 0.121995799 0.186324373
vt 0.117467217 0.190897211
vt 0.154821351 0.188484326
vt 0.149764448 0.186547503
vt 0.151940688 0.183176309
vt 0.156544596 0.184779212
vt 0.167102799 0.193227932
vt 0.163964644 0.192006201
vt 0.165819973 0.187951297
vt 0.169114888 0.189092919
vt 0.181360483 0.197527125
vt 0.178652823 0.196650401
vt 0.180969059 0.191230386
vt 0.184119821 0.191315711
vt 0.118514791 0.173978627
vt 0.118886657 0.170116395
vt 0.123441048 0.171179935
vt 0.122837886 0.174312696
vt 0.121456385 0.183775023
vt 0.122863084 0.164130628
vt 0.125409797 0.161982551
vt 0.120379426 0.181500554
vt 0.11912784 0.179879799
vt 0.109507538 0.191573024
vt 0.114786826 0.190571532
vt 0.127484262 0.17561166
vt 0.128719538 0.172720909
vt 0.135311842 0.175285533
vt 0.133832738 0.17858386
vt 0.110922396 0.196500018
vt 0.113327876 0.201486066
vt 0.140150785 0.164904952
vt 0.13791202 0.168873027
vt 0.126499608 0.181481823
vt 0.126767695 0.18388705
vt 0.13242507 0.192861617
vt 0.13073197 0.194856182
vt 0.128304467 0.197790876
vt 0.125376955 0.200133741
vt 0.138759986 0.181151628
vt 0.140415996 0.177480876
vt 0.142471641 0.178408414
vt 0.140569136 0.182204857
vt 0.159923956 0.232486919
vt 0.156216756 0.227883339
vt 0.15986684 0.223194316
vt 0.163143545 0.22745271
vt 0.179428384 0.182130471
vt 0.180605069 0.175032586
vt 0.161403 0.202918798
vt 0.137305796 0.229350835
vt 0.132997021 0.230704069
vt 0.149222463 0.238800287
vt 0.146976337 0.234015599
vt 0.152216241 0.23105675
vt 0.155545011 0.23613593
vt 0.165907681 0.22180374
vt 0.16286467 0.218555808
vt 0.174934506 0.196007296
vt 0.177031636 0.191264138
vt 0.140499085 0.210771039
vt 0.143255338 0.206820786
vt 0.14616634 0.210418344
vt 0.143447727 0.213502124
vt 0.135751724 0.187207699
vt 0.13426517 0.189661831
vt 0.130910859 0.18685548
vt 0.131857306 0.184394583
vt 0.145481214 0.203989089
vt 0.148100674 0.19982636
vt 0.150641114 0.202200726
vt 0.148499459 0.206967115
vt 0.143165842 0.170144454
vt 0.145001248 0.166382343
vt 0.147661731 0.167000562
vt 0.145871103 0.170739993
vt 0.11954274 0.209893122
vt 0.117995247 0.207858831
vt 0.1207036 0.206192806
vt 0.122139245 0.208284527
vt 0.166228279 0.177855715
vt 0.163455889 0.177294627
vt 0.165055096 0.172240496
vt 0.167872474 0.172779083
vt 0.160779253 0.19052583
vt 0.157889843 0.189459279
vt 0.159545898 0.185788497
vt 0.162480071 0.1868321
vt 0.137185857 0.212745786
vt 0.140161708 0.216028064
vt 0.133227795 0.21561496
vt 0.135773093 0.218552068
vt 0.150404021 0.195542589
vt 0.153168619 0.197802708
vt 0.129623532 0.225647539
vt 0.127981484 0.22309655
vt 0.131566048 0.221265748
vt 0.133546501 0.22392635
vt 0.122422099 0.201925561
vt 0.119088925 0.204193011
vt 0.142694324 0.183379352
vt 0.144462466 0.179651305
vt 0.148175523 0.171822727
vt 0.150008425 0.167779371
vt 0.116131671 0.205703408
vt 0.131220683 0.228221476
vt 0.135482162 0.226610035
vt 0.125654042 0.206206784
vt 0.128785625 0.204042196
vt 0.13591601 0.195880443
vt 0.138092339 0.192509264
vt 0.132099003 0.202067554
vt 0.134434462 0.198897302
vt 0.139733315 0.189693764
vt 0.120846353 0.212334514
vt 0.123552315 0.210387498
vt 0.144817084 0.184272259
vt 0.146652475 0.18050988
vt 0.150547087 0.172871307
vt 0.152559295 0.16873616
vt 0.124173738 0.204138145
vt 0.12726289 0.202277631
vt 0.134014919 0.194591835
vt 0.136258408 0.191186309
vt 0.130461827 0.200079009
vt 0.132889286 0.197144166
vt 0.13758336 0.188249663
vt 0.153818339 0.179109842
vt 0.158043876 0.181188673
vt 0.16724959 0.184113771
vt 0.170676559 0.184905499
vt 0.182612985 0.186153308
vt 0.186202288 0.184884772
vt 0.125104278 0.168352902
vt 0.130069181 0.170054018
vt 0.111229785 0.18250142
vt 0.109647132 0.181614965
vt 0.120679542 0.166658238
vt 0.136567175 0.172102362
vt 0.178342074 0.186640158
vt 0.142002597 0.173563451
vt 0.144192681 0.17442216
vt 0.161336496 0.182049349
vt 0.164089054 0.18290326
vt 0.146116152 0.175699383
vt 0.148398146 0.17679368
vt 0.172185525 0.200801134
vt 0.16446808 0.198245808
vt 0.178491473 0.204077139
vt 0.175169244 0.202384397
vt 0.141058132 0.186757132
vt 0.139092222 0.185784131
vt 0.119439796 0.176895782
vt 0.122548342 0.177285329
vt 0.161168218 0.196541548
vt 0.158186898 0.19523944
vt 0.147744969 0.189838588
vt 0.143046573 0.187719166
vt 0.126634657 0.178870395
vt 0.132624552 0.182025492
vt 0.152353808 0.192004263
vt 0.155496761 0.193788722
vt 0.117657192 0.178936213
vt 0.118478879 0.177669197
vt 0.137238339 0.184753582
vt 0.115775332 0.179897353
vt 0.113850951 0.181162581
vt 0.119717941 0.18833527
vt 0.121293999 0.185835436
vt 0.112155691 0.182876125
vt 0.121075526 0.183969662
vt 0.111933403 0.185814589
vt 0.112943195 0.18812342
vt 0.119729638 0.181832224
vt 0.118639849 0.180694148
vt 0.117306031 0.179963037
vt 0.114891559 0.189670697
vt 0.111784428 0.184195638
vt 0.117079161 0.190248102
vt 0.115624934 0.183363765
vt 0.1150553 0.182524979
vt 0.116560362 0.18486318
vt 0.118085586 0.186909318
vt 0.231893718 0.485549957
vt 0.226772577 0.481386214
vt 0.228635177 0.478175014
vt 0.233977884 0.48194322
vt 0.212918848 0.474338382
vt 0.203665972 0.471154958
vt 0.204761967 0.467770308
vt 0.214958206 0.470754355
vt 0.22095947 0.477858216
vt 0.222866848 0.474624187
vt 0.361183733 0.12319304
vt 0.364286482 0.117653675
vt 0.371637493 0.122090802
vt 0.369316459 0.126948506
vt 0.198557034 0.468397498
vt 0.199603394 0.464473188
vt 0.24171102 0.48110041
vt 0.239161149 0.485510081
vt 0.236440405 0.477860451
vt 0.200636372 0.482589036
vt 0.208993733 0.483687401
vt 0.208363339 0.486269265
vt 0.200331688 0.486416936
vt 0.216571972 0.485748976
vt 0.222233042 0.489919513
vt 0.220992893 0.492247671
vt 0.215620682 0.487647116
vt 0.380118966 0.08781594
vt 0.385797054 0.093955234
vt 0.382803977 0.099156171
vt 0.377016395 0.093355462
vt 0.226044357 0.49616462
vt 0.223980099 0.499478698
vt 0.219864756 0.494518518
vt 0.221530259 0.502424836
vt 0.21932435 0.504963756
vt 0.218756676 0.496497065
vt 0.213057965 0.51155442
vt 0.217146412 0.505511343
vt 0.217938796 0.511321247
vt 0.195250288 0.49211961
vt 0.200405464 0.489769131
vt 0.20085758 0.492645323
vt 0.196281806 0.496959805
vt 0.38533318 0.079220735
vt 0.38874191 0.083129309
vt 0.387436271 0.088315859
vt 0.382330477 0.083296798
vt 0.207864925 0.488501191
vt 0.207453847 0.490406215
vt 0.373686999 0.072457828
vt 0.379221588 0.07499817
vt 0.37644282 0.078959391
vt 0.370684177 0.076533735
vt 0.214915752 0.489419609
vt 0.214278087 0.491157591
vt 0.213615641 0.492625833
vt 0.206773847 0.492448509
vt 0.217887774 0.497505754
vt 0.344555885 0.11275997
vt 0.346871972 0.107339814
vt 0.354909539 0.113121182
vt 0.351578087 0.11821267
vt 0.373893052 0.083369069
vt 0.366780549 0.080504857
vt 0.20227319 0.495029688
vt 0.198682413 0.501383305
vt 0.222461775 0.508728564
vt 0.362772167 0.085377127
vt 0.369894266 0.089366361
vt 0.366004854 0.095024794
vt 0.358882934 0.09103585
vt 0.226663947 0.505452275
vt 0.229691535 0.501645982
vt 0.380144536 0.103904299
vt 0.373356044 0.099462219
vt 0.19505243 0.487418562
vt 0.201194689 0.479479074
vt 0.209581792 0.481409729
vt 0.217433587 0.483896464
vt 0.223181844 0.487739801
vt 0.355441689 0.096465617
vt 0.361562967 0.101813488
vt 0.36034292 0.103849128
vt 0.353554279 0.099407032
vt 0.196065769 0.477014303
vt 0.195297778 0.481926143
vt 0.370029211 0.105116136
vt 0.378047615 0.108647607
vt 0.376498669 0.111698508
vt 0.368475586 0.107604608
vt 0.235308886 0.49284488
vt 0.234113529 0.495150089
vt 0.229194283 0.490883678
vt 0.23029986 0.488623857
vt 0.206896544 0.462160319
vt 0.217147171 0.466246665
vt 0.227819666 0.493280351
vt 0.352224767 0.101781242
vt 0.359127581 0.106447347
vt 0.231481075 0.474179029
vt 0.224879026 0.470489204
vt 0.201424316 0.459023476
vt 0.367479473 0.109525681
vt 0.375507474 0.114182323
vt 0.232335865 0.497753292
vt 0.225445285 0.484041423
vt 0.211526677 0.477309078
vt 0.202363461 0.474080056
vt 0.219674543 0.48020941
vt 0.197568208 0.471162319
vt 0.237059385 0.48969081
vt 0.350556403 0.104045406
vt 0.357797861 0.10882125
vt 0.365930557 0.112576902
vt 0.373624802 0.117685907
vt 0.224245161 0.485784352
vt 0.210508257 0.479241669
vt 0.201800227 0.47662732
vt 0.218317598 0.482032329
vt 0.196915373 0.473755419
vt 0.347805321 0.098106138
vt 0.349359155 0.095617823
vt 0.364706397 0.074784957
vt 0.361026764 0.078641661
vt 0.344035387 0.104551606
vt 0.346142054 0.100933321
vt 0.357914358 0.083056144
vt 0.354582876 0.088147484
vt 0.340136617 0.109085307
vt 0.368610084 0.070813701
vt 0.35147053 0.092561968
vt 0.200396344 0.504462421
vt 0.204165965 0.508469164
vt 0.201800898 0.510806978
vt 0.198160946 0.506169319
vt 0.212970808 0.49352023
vt 0.206823349 0.492987782
vt 0.208547726 0.513010621
vt 0.208122745 0.510685205
vt 0.203363031 0.496167928
vt 0.211654559 0.510576487
vt 0.21563822 0.505434275
vt 0.200708345 0.501478493
vt 0.217486963 0.497993082
vt 0.205764592 0.505957782
vt 0.208921701 0.501520395
vt 0.14968124 0.418222219
vt 0.107722178 0.376943141
vt 0.108120799 0.302730411
vt 0.142316058 0.24684763
vt 0.245520666 0.083120175
vt 0.244671375 0.075926796
vt 0.246732518 0.093235381
vt 0.246141091 0.089865245
vt 0.24064441 0.039284181
vt 0.240510628 0.036810108
vt 0.234958887 0.006031041
vt 0.235803291 0.012661545
vt 0.244632751 0.071426831
vt 0.244384691 0.068729043
vt 0.242338061 0.053107925
vt 0.24111183 0.041305266
vt 0.236766934 0.020078804
vt 0.238288313 0.026928827
vt 0.243988335 0.061869577
vt 0.24458456 0.065802
vt 0.235502064 0.003776189
vt 0.239690453 0.032992091
vt 0.198417336 0.11367584
vt 0.190122038 0.104071513
vt 0.205373347 0.124529354
vt 0.201263636 0.11758922
vt 0.169010594 0.069375314
vt 0.167303905 0.067139953
vt 0.151237011 0.043426227
vt 0.153196797 0.048922259
vt 0.188186362 0.101387978
vt 0.186365232 0.098928295
vt 0.176405132 0.078875139
vt 0.170493394 0.071725383
vt 0.157177657 0.053950917
vt 0.162183598 0.060433578
vt 0.181082129 0.086372912
vt 0.183962241 0.094223663
vt 0.150207192 0.041410085
vt 0.16548273 0.064680435
vt 0.173629701 0.161928862
vt 0.165482521 0.156485915
vt 0.182901725 0.167362064
vt 0.177247986 0.164035439
vt 0.133507267 0.130163491
vt 0.131576613 0.128042534
vt 0.105266601 0.108995818
vt 0.110123716 0.113859534
vt 0.162202716 0.154488966
vt 0.160271823 0.152367726
vt 0.145421714 0.139331937
vt 0.136117488 0.132785097
vt 0.115135059 0.118361741
vt 0.123098195 0.123333715
vt 0.156186312 0.148240238
vt 0.158226714 0.150022894
vt 0.102914959 0.107654564
vt 0.1289289 0.126287594
vt 0.146274835 0.27815792
vt 0.139104411 0.28690505
vt 0.21815896 0.132969975
vt 0.230347037 0.124202773
vt 0.236945271 0.132696629
vt 0.228689879 0.140867934
vt 0.175594509 0.249341011
vt 0.170106709 0.257511169
vt 0.191772044 0.204638347
vt 0.18938008 0.214334443
vt 0.183792412 0.205606967
vt 0.146235332 0.404728502
vt 0.148655951 0.408859313
vt 0.279190838 0.09981969
vt 0.272774637 0.09942475
vt 0.273055166 0.092784494
vt 0.279780984 0.089914128
vt 0.180646241 0.242806047
vt 0.182531968 0.237040997
vt 0.185526833 0.197941571
vt 0.188853607 0.192287788
vt 0.193939924 0.195056662
vt 0.190036297 0.199027762
vt 0.199681401 0.169243261
vt 0.204065621 0.15570502
vt 0.210191652 0.161615178
vt 0.202522919 0.17259419
vt 0.153372929 0.415771663
vt 0.246883512 0.12394847
vt 0.244008228 0.116660163
vt 0.125087559 0.339543462
vt 0.126328379 0.353033751
vt 0.267860413 0.10362976
vt 0.26613915 0.099706791
vt 0.197676212 0.184674248
vt 0.193481073 0.180885017
vt 0.284366488 0.086724676
vt 0.285978049 0.090985924
vt 0.217875034 0.152323946
vt 0.208559349 0.14182806
vt 0.127756327 0.328011215
vt 0.141797438 0.396261066
vt 0.157831565 0.421403855
vt 0.153550088 0.423308164
vt 0.185860619 0.223758861
vt 0.255743533 0.107559174
vt 0.259052157 0.112930916
vt 0.133137628 0.29955703
vt 0.136314556 0.386632413
vt 0.225030795 0.160250396
vt 0.217571631 0.169427544
vt 0.235392988 0.148460969
vt 0.242852136 0.139283642
vt 0.251457125 0.145622954
vt 0.242768139 0.155710846
vt 0.20280613 0.19250536
vt 0.196262404 0.20347479
vt 0.193567023 0.230274498
vt 0.198155895 0.214371651
vt 0.204954043 0.219938725
vt 0.203187257 0.236942351
vt 0.252556652 0.12952517
vt 0.209440351 0.178947777
vt 0.223816916 0.176124334
vt 0.215252072 0.18756111
vt 0.262699395 0.118412413
vt 0.271960437 0.109444886
vt 0.27662313 0.115255184
vt 0.268835127 0.125447765
vt 0.276086092 0.131348491
vt 0.267063469 0.141888916
vt 0.259478748 0.136441022
vt 0.222403109 0.19492501
vt 0.212832436 0.20715785
vt 0.207388073 0.202029184
vt 0.155306414 0.271284968
vt 0.283745289 0.119244434
vt 0.292917639 0.126141399
vt 0.287403524 0.139126793
vt 0.25815028 0.152090758
vt 0.25058642 0.162168771
vt 0.172484919 0.398382843
vt 0.174137086 0.409968376
vt 0.162958339 0.413135529
vt 0.157859549 0.401051134
vt 0.133272305 0.307397395
vt 0.233949304 0.203151494
vt 0.23288925 0.184484586
vt 0.244177625 0.18888782
vt 0.277260721 0.150239408
vt 0.26867646 0.159425989
vt 0.26008743 0.168050319
vt 0.209832057 0.266598463
vt 0.20445317 0.276972771
vt 0.192430243 0.273509383
vt 0.200238273 0.263024122
vt 0.160539761 0.3383843
vt 0.161039174 0.323157996
vt 0.182956353 0.323262453
vt 0.182447299 0.33736372
vt 0.203064531 0.248869002
vt 0.21289438 0.253735125
vt 0.167310044 0.30922085
vt 0.186623678 0.310090244
vt 0.192552924 0.298304796
vt 0.176074088 0.297399759
vt 0.240786746 0.26575923
vt 0.258720189 0.271005601
vt 0.25587061 0.279805779
vt 0.23647356 0.274459124
vt 0.198576584 0.287036091
vt 0.183340445 0.28408429
vt 0.253965378 0.293772846
vt 0.232751876 0.286529452
vt 0.182231799 0.351597875
vt 0.161752582 0.353865951
vt 0.230935082 0.350167722
vt 0.233733624 0.364274383
vt 0.209728107 0.364671439
vt 0.207467198 0.350290209
vt 0.230512753 0.337671578
vt 0.230869204 0.326755553
vt 0.252019167 0.329229146
vt 0.25199157 0.339129955
vt 0.232363164 0.306784123
vt 0.231277645 0.316660166
vt 0.208495289 0.312760234
vt 0.211236253 0.301756144
vt 0.239879429 0.380344033
vt 0.215107188 0.380567551
vt 0.163744763 0.368385017
vt 0.146186158 0.375375986
vt 0.143398479 0.357308686
vt 0.132407874 0.319420636
vt 0.252390057 0.32000041
vt 0.232838765 0.296654373
vt 0.214024186 0.29101035
vt 0.20692569 0.337007672
vt 0.145154998 0.323361784
vt 0.150863275 0.309429288
vt 0.168021306 0.384279013
vt 0.157823652 0.386380553
vt 0.192308903 0.261989474
vt 0.181415454 0.269531041
vt 0.184089631 0.366185457
vt 0.168273821 0.27991572
vt 0.250427872 0.104341842
vt 0.245884657 0.099317841
vt 0.211051285 0.130668342
vt 0.243154243 0.10890463
vt 0.242190465 0.101487219
vt 0.192812353 0.168514699
vt 0.207099438 0.129014909
vt 0.101700597 0.380584002
vt 0.206370816 0.135884121
vt 0.188550875 0.170126274
vt 0.204530284 0.131174564
vt 0.190410674 0.177085757
vt 0.18711637 0.173401356
vt 0.101731777 0.302886516
vt 0.13666229 0.24352096
vt 0.11699187 0.781855226
vt 0.134859607 0.784918606
vt 0.318080306 0.832737029
vt 0.331608176 0.835640788
vt 0.265147209 0.818030238
vt 0.282996356 0.822376311
vt 0.341832846 0.838350117
vt 0.154432178 0.786032319
vt 0.173968777 0.789710999
vt 0.350669652 0.841533124
vt 0.360173255 0.84640336
vt 0.091132611 0.771673143
vt 0.097597271 0.775119185
vt 0.247069404 0.812348843
vt 0.227955356 0.806702256
vt 0.105344549 0.778583229
vt 0.301179707 0.82756561
vt 0.210211501 0.801864326
vt 0.342841059 0.81926924
vt 0.35129115 0.821855128
vt 0.138360947 0.77100426
vt 0.157195672 0.771959901
vt 0.094318315 0.755633116
vt 0.100923322 0.759623706
vt 0.251889199 0.795887768
vt 0.269229144 0.801410615
vt 0.233460233 0.790645242
vt 0.109197214 0.764229894
vt 0.287324458 0.805809081
vt 0.304980904 0.809856355
vt 0.215769306 0.785561323
vt 0.120985322 0.768046498
vt 0.321143627 0.814869404
vt 0.333494544 0.817263126
vt 0.176943079 0.774654686
vt 0.359810948 0.826514065
vt 0.097907066 0.742509484
vt 0.104001991 0.747677088
vt 0.255565792 0.783554614
vt 0.272027224 0.788374543
vt 0.237522826 0.778910041
vt 0.112117514 0.7530213
vt 0.28982389 0.792966425
vt 0.307181686 0.79720664
vt 0.219796792 0.772789299
vt 0.124239251 0.75768137
vt 0.322712064 0.801569343
vt 0.141808137 0.76093787
vt 0.334623724 0.803611815
vt 0.343776852 0.805319071
vt 0.160097957 0.762033522
vt 0.179371685 0.763340294
vt 0.352034092 0.807605982
vt 0.36050114 0.812511086
vt 0.107959285 0.736433864
vt 0.116373509 0.741584659
vt 0.291567415 0.781247914
vt 0.308713973 0.786472023
vt 0.22364825 0.762037873
vt 0.24153322 0.767420828
vt 0.128336623 0.746982753
vt 0.323770404 0.789446473
vt 0.145308137 0.750625491
vt 0.335682184 0.791488886
vt 0.274315238 0.776515663
vt 0.344729751 0.793688059
vt 0.163246483 0.752160251
vt 0.182327092 0.753168464
vt 0.353074431 0.796765924
vt 0.360768765 0.800475717
vt 0.103164844 0.730001271
vt 0.258732051 0.772398949
vt 0.112007633 0.715175331
vt 0.11655616 0.721554935
vt 0.262303084 0.76055783
vt 0.276937306 0.765499949
vt 0.245928973 0.756528676
vt 0.123968311 0.727777481
vt 0.29339844 0.770319998
vt 0.309824914 0.774103224
vt 0.228026897 0.75242883
vt 0.134051561 0.733543932
vt 0.324249297 0.776427329
vt 0.150232464 0.737274051
vt 0.33591491 0.778416872
vt 0.345314443 0.780176878
vt 0.167274252 0.739388406
vt 0.186617762 0.742768586
vt 0.354098111 0.78360635
vt 0.361564249 0.78598094
vt 0.129598275 0.706344008
vt 0.135675177 0.712794244
vt 0.295266867 0.753224909
vt 0.310727686 0.755514383
vt 0.234126613 0.743189037
vt 0.251520365 0.744864225
vt 0.144634143 0.717804551
vt 0.325045973 0.758330584
vt 0.157458961 0.721586585
vt 0.336712003 0.760319889
vt 0.280702084 0.750356078
vt 0.346550405 0.762431622
vt 0.173727095 0.726107597
vt 0.192489684 0.732193291
vt 0.355439633 0.765369117
vt 0.36280039 0.768235445
vt 0.123661689 0.700438261
vt 0.266840696 0.746609092
vt 0.153251573 0.69443953
vt 0.16112107 0.699730992
vt 0.313370883 0.732410967
vt 0.32730338 0.734629512
vt 0.17125693 0.705251336
vt 0.338530093 0.736267209
vt 0.285312116 0.731276751
vt 0.298928648 0.731369019
vt 0.348262638 0.738871217
vt 0.185592294 0.710386693
vt 0.202387169 0.71604979
vt 0.356607407 0.741948307
vt 0.3643547 0.745412529
vt 0.139709413 0.682012856
vt 0.146330938 0.688322723
vt 0.271520287 0.729602814
vt 0.257147759 0.730634391
vt 0.24193269 0.728397787
vt 0.181757018 0.67431438
vt 0.191067338 0.678885818
vt 0.32994929 0.704322159
vt 0.340718865 0.706891239
vt 0.289802343 0.703166366
vt 0.302540839 0.702555656
vt 0.350205779 0.709442198
vt 0.20231083 0.682842672
vt 0.215609506 0.688013077
vt 0.359235376 0.712924004
vt 0.367439568 0.715456843
vt 0.158798739 0.657807946
vt 0.165719107 0.663924754
vt 0.276923537 0.70323211
vt 0.263500005 0.703438401
vt 0.172359034 0.668951809
vt 0.315998852 0.703386128
vt 0.249919295 0.70078063
vt 0.296613991 0.667835653
vt 0.308210164 0.667751551
vt 0.341626137 0.673895001
vt 0.351552278 0.676797509
vt 0.219750673 0.653138101
vt 0.231485978 0.657200694
vt 0.361073971 0.680385053
vt 0.369137764 0.682373106
vt 0.20949091 0.649392068
vt 0.179558292 0.630617023
vt 0.186285675 0.636434972
vt 0.284367651 0.668551683
vt 0.272525251 0.668582737
vt 0.192679241 0.641409397
vt 0.31943664 0.669389606
vt 0.260367662 0.666487813
vt 0.201005757 0.645769835
vt 0.331155449 0.671132922
vt 0.358362734 0.645068526
vt 0.367762089 0.646828711
vt 0.35065043 0.642641366
vt 0.228020087 0.619406581
vt 0.237102747 0.622642636
vt 0.20067066 0.599384844
vt 0.206202984 0.605975449
vt 0.292585343 0.631464243
vt 0.302740723 0.632100344
vt 0.281727135 0.631706417
vt 0.212736905 0.61149472
vt 0.312597275 0.632929504
vt 0.323173255 0.635199547
vt 0.271378607 0.630771756
vt 0.220711812 0.616294026
vt 0.333012074 0.637311578
vt 0.342586577 0.640653133
vt 0.246536598 0.625439405
vt 0.216932058 0.572772205
vt 0.222270936 0.579063773
vt 0.299077928 0.604812682
vt 0.308442622 0.60553652
vt 0.289906591 0.604388237
vt 0.228506222 0.584776282
vt 0.317701489 0.606752336
vt 0.325870991 0.608248413
vt 0.280805916 0.602434695
vt 0.235690758 0.589663148
vt 0.333443046 0.610131085
vt 0.24363099 0.593426049
vt 0.340769112 0.611960769
vt 0.34790206 0.613491774
vt 0.251536608 0.596152306
vt 0.260338604 0.598298609
vt 0.355404407 0.61330092
vt 0.364311904 0.614955664
vt 0.234858692 0.557580292
vt 0.241445437 0.562853396
vt 0.320538133 0.583947062
vt 0.327671081 0.585478246
vt 0.289177567 0.579016864
vt 0.296643853 0.581391335
vt 0.248629987 0.5677405
vt 0.334259152 0.58714962
vt 0.25657025 0.571502864
vt 0.340654105 0.588522375
vt 0.312807798 0.582802296
vt 0.346856058 0.589596152
vt 0.263983637 0.574123383
vt 0.271854758 0.575812995
vt 0.354094446 0.590635359
vt 0.361842811 0.590497315
vt 0.229114994 0.551973641
vt 0.304725856 0.582096875
vt 0.251342922 0.546710014
vt 0.259124994 0.551210523
vt 0.329346299 0.56808424
vt 0.335688293 0.569703102
vt 0.267363936 0.554780006
vt 0.341398358 0.57067126
vt 0.31581825 0.56518054
vt 0.323004007 0.566465795
vt 0.347108305 0.571639836
vt 0.273986787 0.557488263
vt 0.280575156 0.559159696
vt 0.353907973 0.572327375
vt 0.361058742 0.572575867
vt 0.238854274 0.536567807
vt 0.244650483 0.541928768
vt 0.308825612 0.56419462
vt 0.302132159 0.563014865
vt 0.294806004 0.561185241
vt 0.266191691 0.539862931
vt 0.273798764 0.542782247
vt 0.338557184 0.555138648
vt 0.344021171 0.556054235
vt 0.319372475 0.551020741
vt 0.32552138 0.552340508
vt 0.349239111 0.556916714
vt 0.280228645 0.545191586
vt 0.286430329 0.546265364
vt 0.355195373 0.557938039
vt 0.361309469 0.5582214
vt 0.245130479 0.525307655
vt 0.251366019 0.531020224
vt 0.312977254 0.549647987
vt 0.306529671 0.54852134
vt 0.258304358 0.535854101
vt 0.332162231 0.553765774
vt 0.300433278 0.546955466
vt 0.322538882 0.539864779
vt 0.328441828 0.541131794
vt 0.346502542 0.544494092
vt 0.351421595 0.545549929
vt 0.289420187 0.537129939
vt 0.283657849 0.53640765
vt 0.286207348 0.530522704
vt 0.291935205 0.530208409
vt 0.361646682 0.548259318
vt 0.356779963 0.546957195
vt 0.358733714 0.537856817
vt 0.363634944 0.540195405
vt 0.277807355 0.534894764
vt 0.280391812 0.530046046
vt 0.249174014 0.518456697
vt 0.255303532 0.524661064
vt 0.316337019 0.538790882
vt 0.309889168 0.537663937
vt 0.312229007 0.529161215
vt 0.318975449 0.530094802
vt 0.262786627 0.529354811
vt 0.33483693 0.542504549
vt 0.303142607 0.536730647
vt 0.305376768 0.528719425
vt 0.271025866 0.532924533
vt 0.341038555 0.543578267
vt 0.165630862 0.297084421
vt 0.152617574 0.338193446
vt 0.154355109 0.291544497
vt 0.147894412 0.299081504
vt 0.142111883 0.338474721
vt 0.137472332 0.348471612
vt 0.185692489 0.25661236
vt 0.186117798 0.248485744
vt 0.128395572 0.365819156
vt 0.132289544 0.379083961
vt 0.180153325 0.261418968
vt 0.164493129 0.261508048
vt 0.155302942 0.28399837
vt 0.193881348 0.245932668
vt 0.242912754 0.172585353
vt 0.252742589 0.177451313
vt 0.286387056 0.361673772
vt 0.298637748 0.360218734
vt 0.301303416 0.369308919
vt 0.289739192 0.37210837
vt 0.284946352 0.351110607
vt 0.297430784 0.350666016
vt 0.239687234 0.473377258
vt 0.244977847 0.476324767
vt 0.202672988 0.452453554
vt 0.20864059 0.45562005
vt 0.357866794 0.129971847
vt 0.347245514 0.124662638
vt 0.340442568 0.118533097
vt 0.219931394 0.460304767
vt 0.227379203 0.465539873
vt 0.336023271 0.114858277
vt 0.234033301 0.470050603
vt 0.366323411 0.132149622
vt 0.230546698 0.459684879
vt 0.237835392 0.464719176
vt 0.243471637 0.468619615
vt 0.363439888 0.13701199
vt 0.355993837 0.13460061
vt 0.203142509 0.446846724
vt 0.209421188 0.449571788
vt 0.248291731 0.471807212
vt 0.344466835 0.128624305
vt 0.336882174 0.123176396
vt 0.332462877 0.119501583
vt 0.221316963 0.453947634
vt 0.223157823 0.448205054
vt 0.234433487 0.453745067
vt 0.209644228 0.444090724
vt 0.242296696 0.460180461
vt 0.247171223 0.464470148
vt 0.361114174 0.141307428
vt 0.354106545 0.137542337
vt 0.203285515 0.442536414
vt 0.251436114 0.468506336
vt 0.342240989 0.131455839
vt 0.333869785 0.126127437
vt 0.3290025 0.122681588
vt 0.351547003 0.140826851
vt 0.339900702 0.134063661
vt 0.331419915 0.12907353
vt 0.325875729 0.125408471
vt 0.224817008 0.442272961
vt 0.238586769 0.447386652
vt 0.209419087 0.438838661
vt 0.246121079 0.454837352
vt 0.250691652 0.460412264
vt 0.358559489 0.145154521
vt 0.202644438 0.438626617
vt 0.254513323 0.465239704
vt 0.354884654 0.149573669
vt 0.349883705 0.143653885
vt 0.201530486 0.434675932
vt 0.20972693 0.432749331
vt 0.255601168 0.455645114
vt 0.258986771 0.462107539
vt 0.33677882 0.137353271
vt 0.327397078 0.132258475
vt 0.322067171 0.127353683
vt 0.226446614 0.435508668
vt 0.241719723 0.44013676
vt 0.250996053 0.448675126
vt 0.248488694 0.434419662
vt 0.256959081 0.440827519
vt 0.263248444 0.450043947
vt 0.348302245 0.156042978
vt 0.338567585 0.149151132
vt 0.200917318 0.428774774
vt 0.208405539 0.422972679
vt 0.267419964 0.458929867
vt 0.328484774 0.141024619
vt 0.320437521 0.134118229
vt 0.315865248 0.125719443
vt 0.229828492 0.428414285
vt 0.273008972 0.444211036
vt 0.264796108 0.433717191
vt 0.277647913 0.455118358
vt 0.304365069 0.14910689
vt 0.322295129 0.167066529
vt 0.315298468 0.177702323
vt 0.294575304 0.16201672
vt 0.335548192 0.177528679
vt 0.329800636 0.189503774
vt 0.290656209 0.450168878
vt 0.286731958 0.438614368
vt 0.300499529 0.432994634
vt 0.302173883 0.444568604
vt 0.307953745 0.187103495
vt 0.286110312 0.171989918
vt 0.300375193 0.195493862
vt 0.278755724 0.180265889
vt 0.292343885 0.203550801
vt 0.271515787 0.188766047
vt 0.263076574 0.41425696
vt 0.251047432 0.396955252
vt 0.268296599 0.393229723
vt 0.276835263 0.404969692
vt 0.282300919 0.213199958
vt 0.26306051 0.199864417
vt 0.26832062 0.222883001
vt 0.251811862 0.213236392
vt 0.251194209 0.233042896
vt 0.283027411 0.232319683
vt 0.268326879 0.236721292
vt 0.239338443 0.228081718
vt 0.300826281 0.130011275
vt 0.331098616 0.157203242
vt 0.341853619 0.164986357
vt 0.233635768 0.166589558
vt 0.253022224 0.301881403
vt 0.150054589 0.390913755
vt 0.143901274 0.384452373
vt 0.151493475 0.39865306
vt 0.137181133 0.330259323
vt 0.319861919 0.145711243
vt 0.220570713 0.269870251
vt 0.216881767 0.280511141
vt 0.25245142 0.350759417
vt 0.254610717 0.363780379
vt 0.252760857 0.310771555
vt 0.259509683 0.37879169
vt 0.207088351 0.324495435
vt 0.221351698 0.216647804
vt 0.215151399 0.228289396
vt 0.297599256 0.226007089
vt 0.309344023 0.21803084
vt 0.310546368 0.135215521
vt 0.308399856 0.121058151
vt 0.202807412 0.415662616
vt 0.19463937 0.423506945
vt 0.231737927 0.417552233
vt 0.255049407 0.425419033
vt 0.244279683 0.253241211
vt 0.247672483 0.242186144
vt 0.269424289 0.246612489
vt 0.274921626 0.25792858
vt 0.229392126 0.248980865
vt 0.233581185 0.238931805
vt 0.213360474 0.242480531
vt 0.276772112 0.426470131
vt 0.294301122 0.418646961
vt 0.270211965 0.35157451
vt 0.269781739 0.340777367
vt 0.284525931 0.341438621
vt 0.269814312 0.331439167
vt 0.284563184 0.332662851
vt 0.27007544 0.322548866
vt 0.284714758 0.324111164
vt 0.270336688 0.313658416
vt 0.284866482 0.315559089
vt 0.27105093 0.305102021
vt 0.285356581 0.307116985
vt 0.296623856 0.53713268
vt 0.293634087 0.546267807
vt 0.287866443 0.559952855
vt 0.270861983 0.600814819
vt 0.280516237 0.577414811
vt 0.142701715 0.971338451
vt 0.138635382 0.993879318
vt 0.151286602 0.939733088
vt 0.162789688 0.904122949
vt 0.171709836 0.869759142
vt 0.181981891 0.837486506
vt 0.187471047 0.815508366
vt 0.192485303 0.795744061
vt 0.273347884 0.297431976
vt 0.286638051 0.299117953
vt 0.276397467 0.28570503
vt 0.289597362 0.289979458
vt 0.272000641 0.363372236
vt 0.293581694 0.282294691
vt 0.30566144 0.287141621
vt 0.302006006 0.293810844
vt 0.298506647 0.529560506
vt 0.374094218 0.982927144
vt 0.377023965 0.995648563
vt 0.372238189 0.964003265
vt 0.371702164 0.93893075
vt 0.372607231 0.91313839
vt 0.371455699 0.889734745
vt 0.371498138 0.869160473
vt 0.369975626 0.851080179
vt 0.368786871 0.833843827
vt 0.368352771 0.819085002
vt 0.36819905 0.805415452
vt 0.368714154 0.789830923
vt 0.370108485 0.771348
vt 0.371873677 0.747541308
vt 0.375749707 0.717498004
vt 0.377606302 0.6836766
vt 0.377073765 0.647798359
vt 0.373517841 0.616416812
vt 0.371049166 0.591959119
vt 0.370124161 0.573492646
vt 0.36977753 0.559524536
vt 0.37034297 0.550897658
vt 0.303953499 0.271630436
vt 0.313106269 0.276277006
vt 0.284296811 0.104838908
vt 0.175828874 0.420968115
vt 0.166025639 0.41919592
vt 0.289530128 0.09849374
vt 0.294107229 0.107454963
vt 0.287152618 0.109877154
vt 0.193488196 0.409971207
vt 0.185456008 0.420570582
vt 0.231100634 0.408838272
vt 0.186945096 0.381675363
vt 0.223654792 0.395975024
vt 0.282178819 0.277667463
vt 0.294471711 0.267998815
vt 0.190766245 0.396954626
vt 0.367450655 0.434108078
vt 0.373064488 0.419659108
vt 0.387676209 0.431121856
vt 0.386963457 0.452954382
vt 0.354197592 0.423645914
vt 0.358710647 0.412019163
vt 0.340763956 0.418361008
vt 0.345625103 0.40796876
vt 0.328026533 0.415545076
vt 0.332882851 0.404590219
vt 0.315890223 0.417224318
vt 0.321618617 0.402999312
vt 0.306092829 0.403019994
vt 0.290957272 0.396061867
vt 0.282557011 0.387358278
vt 0.379737824 0.463141978
vt 0.364500999 0.444371581
vt 0.350895017 0.432112515
vt 0.370547652 0.46727097
vt 0.360211939 0.455884159
vt 0.316927344 0.210202888
vt 0.324048162 0.200916275
vt 0.348083913 0.445412338
vt 0.335989654 0.438878089
vt 0.337566167 0.425926417
vt 0.325292617 0.437844843
vt 0.326421052 0.425121963
vt 0.313833207 0.43974331
vt 0.314628035 0.427473247
vt 0.382476032 0.979837477
vt 0.385863125 0.991628051
vt 0.380970448 0.964076519
vt 0.380257964 0.941024601
vt 0.381022692 0.914687455
vt 0.37962535 0.89123112
vt 0.37980774 0.871201336
vt 0.378777474 0.85322696
vt 0.376639724 0.836815953
vt 0.375256479 0.822882414
vt 0.375050008 0.809458971
vt 0.37593469 0.792152703
vt 0.37757495 0.773722529
vt 0.381114811 0.75003922
vt 0.384498477 0.719890535
vt 0.385863125 0.685963631
vt 0.385155708 0.648503959
vt 0.382179469 0.618019044
vt 0.379903615 0.593859315
vt 0.379470766 0.575498879
vt 0.379650861 0.562673032
vt 0.380549759 0.55488956
vt 0.275929898 0.375489295
vt 0.22453104 0.259373307
vt 0.247543007 0.662705779
vt 0.261083245 0.629590988
vt 0.233616248 0.695223033
vt 0.221623868 0.723523855
vt 0.212728173 0.738595843
vt 0.207067177 0.748187065
vt 0.20314616 0.756865382
vt 0.199892059 0.767230511
vt 0.197006434 0.779475749
vt 0.301477581 0.11414215
vt 0.296347082 0.381727129
vt 0.30766803 0.376792312
vt 0.31570074 0.382011265
vt 0.304842412 0.388404697
vt 0.32326135 0.384646654
vt 0.316135526 0.393370539
vt 0.331265092 0.386490524
vt 0.327051938 0.393727094
vt 0.336752832 0.396681577
vt 0.348932564 0.400064766
vt 0.361679673 0.404005885
vt 0.375351727 0.410863847
vt 0.37629959 0.403317779
vt 0.38874191 0.4110865
vt 0.387703776 0.421221048
vt 0.325177252 0.53116852
vt 0.330887109 0.532136738
vt 0.348262876 0.535094619
vt 0.353182226 0.536150455
vt 0.251811385 0.513362408
vt 0.258327305 0.520164132
vt 0.266056597 0.524910867
vt 0.336843193 0.533158123
vt 0.273803592 0.528374612
vt 0.34279865 0.534179091
vt 0.372067034 0.544063568
vt 0.380727291 0.549267173
vt 0.297129571 0.341780663
vt 0.352020741 0.392837912
vt 0.340288997 0.389225632
vt 0.299485087 0.3015953
vt 0.297323287 0.325015455
vt 0.297699034 0.316349179
vt 0.298308402 0.308693469
vt 0.363981277 0.396898091
vt 0.297057211 0.333343148
vn 0.481119007 0.857307613 0.183161572
vn 0.475379318 0.84934324 0.229413673
vn 0.205344528 0.955574811 0.211448282
vn 0.223684415 0.962794065 0.151634157
vn 0.492156088 0.799674153 0.343953103
vn 0.236546144 0.906142235 0.350645334
vn -0.004955286 0.987257421 0.159054667
vn 0.046331752 0.995075345 0.087626606
vn -0.031109182 0.959614396 0.279593468
vn -0.550767541 0.829467773 -0.092943154
vn -0.533301234 0.83829397 -0.113371387
vn -0.76214093 0.594107032 -0.257250994
vn -0.747126579 0.635852456 -0.193632364
vn -0.534892261 0.835868955 -0.123342589
vn -0.736985564 0.604976892 -0.301421911
vn -0.857425869 0.321797639 -0.40158087
vn -0.884827554 0.284016907 -0.369343609
vn -0.892318189 0.006783792 -0.451355994
vn -0.874622464 0.008105842 -0.48473683
vn -0.90823704 0.247057974 -0.337739557
vn 0.743337452 0.632631481 0.217317387
vn 0.746223629 0.622695625 0.23537302
vn 0.726746261 0.596242964 0.341078043
vn 0.669894636 -0.742431939 -0.006000885
vn 0.702817857 -0.704000354 -0.10213013
vn 0.585260332 -0.783204496 -0.209907264
vn 0.523679137 -0.843069017 -0.122453846
vn -0.28160879 -0.782748401 -0.554978788
vn -0.686555803 -0.419847667 -0.593606889
vn -0.766137779 -0.388087988 -0.512270093
vn -0.537255943 -0.698954999 -0.472035974
vn -0.694301546 -0.310753852 -0.649135828
vn -0.858822823 -0.174410239 -0.481668323
vn 0.913989007 0.328278422 0.238448128
vn 0.907011509 0.319459349 0.274364382
vn 0.958219588 0.011290508 0.285810918
vn 0.971648037 0.031770464 0.234287649
vn 0.921702564 -0.347599149 0.172160402
vn 0.933788359 -0.300741047 0.193892106
vn 0.811178386 -0.584440827 0.020459024
vn 0.802160442 -0.588521719 0.100899778
vn 0.786857069 -0.559818685 0.2597287
vn 0.606818557 -0.780694485 0.149289712
vn 0.426570565 -0.904378593 0.011696171
vn -0.852029264 -0.256123334 -0.456559956
vn -0.593463659 -0.677521706 -0.434471279
vn -0.880523205 -0.114359178 -0.460000962
vn 0.889097989 0.313798636 0.333219379
vn 0.947487533 0.04002938 0.317277491
vn -0.876241505 0.000851129 -0.481871575
vn 0.918179631 -0.250014067 0.307309419
vn 0.46185407 -0.8329072 -0.304887563
vn 0.363355577 -0.903738737 -0.226338282
vn 0.253662705 -0.961548746 -0.105257966
vn -0.819373071 -0.046521898 -0.571369946
vn -0.792490125 -0.187863722 -0.580229819
vn 0.794782162 0.283849835 0.536423922
vn 0.868972838 0.01745086 0.494552016
vn 0.484511524 0.713588357 0.506004274
vn 0.271641135 0.842783391 0.464679748
vn -0.821325898 0.059844095 -0.567311704
vn 0.255809367 -0.95381546 -0.157472923
vn 0.420402944 -0.907014608 -0.024204958
vn 0.877356827 -0.205802545 0.433463186
vn -0.020384511 0.948300898 0.316717476
vn 0.80641669 -0.485955954 0.336955458
vn 0.652127683 0.54397285 0.528036952
vn 0.619094551 -0.770324886 0.152714357
vn -0.53742069 0.833618581 -0.127511069
vn -0.717455089 0.614549041 -0.328005761
vn -0.551677644 -0.618701398 -0.559339285
vn -0.808123648 0.362009913 -0.464634329
vn -0.781380713 -0.01553915 -0.623861253
vn -0.750627875 -0.145939335 -0.644406319
vn 0.74618113 0.233402595 0.623487711
vn 0.8501091 -0.042520072 0.524887204
vn 0.282266945 0.826767027 0.486602217
vn -0.010797652 0.95594579 0.293344587
vn -0.782152951 0.094450019 -0.615886271
vn 0.879818678 -0.232019812 0.414832473
vn -0.765807688 0.386447281 -0.514001131
vn 0.842964828 -0.472308308 0.25755617
vn 0.580561161 0.503229141 0.64008528
vn 0.66424644 -0.747059286 0.026062494
vn -0.537214458 0.830112338 -0.149379462
vn -0.70106101 0.605708063 -0.376339167
vn 0.293246865 -0.913718164 -0.281292409
vn 0.463595301 -0.872433305 -0.154724225
vn -0.50132066 -0.567858577 -0.652850807
vn 0.456682175 0.665171564 0.590752184
vn -0.771855414 0.129482195 -0.622473836
vn -0.743591785 -0.028416742 -0.668029785
vn 0.852687776 -0.107112847 0.51132232
vn 0.873963952 -0.290194869 0.389838278
vn -0.753986061 0.397534043 -0.522945344
vn 0.817751825 -0.539960563 0.199310243
vn 0.587026298 0.523278654 0.617721379
vn 0.757508039 0.190361425 0.624455094
vn 0.648659527 -0.760951996 -0.013889945
vn -0.531461 0.824447632 -0.19451277
vn -0.706800342 0.572210908 -0.415942281
vn 0.263635099 -0.895896494 -0.357583523
vn 0.461164445 -0.872882247 -0.159386218
vn -0.664223254 -0.172515154 -0.72735554
vn -0.38978824 -0.537765205 -0.747578561
vn 0.465583891 0.71155107 0.526238263
vn 0.320936054 0.857785761 0.401501656
vn 0.061082542 0.972587407 0.22437194
vn -0.721540153 0.403771132 -0.562448919
vn -0.755370378 0.158279553 -0.63589555
vn 0.836564481 -0.345327705 0.42533356
vn 0.759695709 -0.599780858 0.251247764
vn 0.571675479 0.541903853 0.616057992
vn 0.746378183 0.172874376 0.642677248
vn 0.599900603 -0.794595003 0.093477555
vn -0.46599409 0.834034264 -0.295358211
vn -0.681311131 0.54580301 -0.487764567
vn 0.116915122 -0.913729727 -0.389138639
vn 0.399660826 -0.910908639 -0.10255152
vn -0.596386731 -0.277890921 -0.753060043
vn -0.342612833 -0.578778505 -0.740021527
vn 0.421821028 0.763654888 0.488772154
vn 0.311120868 0.896212697 0.316238165
vn -0.720413983 -0.091452703 -0.687488258
vn 0.821689367 -0.152759716 0.549081981
vn 0.156622946 0.979331136 0.127983674
vn -0.228624865 0.667521834 -0.708622158
vn -0.241688162 0.693876445 -0.67832315
vn -0.608850658 0.458469689 -0.647384346
vn -0.577249706 0.446475714 -0.683697462
vn -0.693328977 -0.698918641 0.175521135
vn -0.719857872 -0.690700471 0.068829358
vn -0.421950519 -0.805859923 0.415388435
vn -0.368719488 -0.795747757 0.480449259
vn -0.897066295 0.029930551 -0.440881073
vn -0.896495581 0.009635828 -0.442947924
vn -0.880523324 -0.435840905 -0.186336711
vn -0.88182795 -0.460251361 -0.102704495
vn -0.917894363 -0.028985878 -0.395764887
vn -0.952112079 -0.002992402 -0.305734664
vn -0.945370793 -0.325775921 0.012003742
vn -0.912175119 -0.402384788 -0.077608034
vn -0.37532562 0.631347477 -0.678624451
vn -0.381445467 0.630479157 -0.676014364
vn -0.730447948 0.392774016 -0.558725595
vn -0.698985517 0.369096637 -0.612525046
vn -0.802915871 -0.553073108 0.22234261
vn -0.924188733 -0.26538977 0.274669945
vn -0.599752605 -0.065876901 0.797469079
vn -0.57518059 -0.560015142 0.596280396
vn -0.186230674 0.632615209 -0.751742065
vn -0.212264061 0.638809323 -0.739504337
vn -0.574386537 0.382012248 -0.723979771
vn -0.516698718 0.36270082 -0.775545359
vn -0.73183459 -0.67942667 0.052891325
vn -0.730636179 -0.670920432 0.1266357
vn -0.397794694 -0.761688888 0.511458099
vn -0.402496427 -0.773454249 0.489658266
vn -0.782922387 -0.035051584 -0.621131122
vn -0.850565374 -0.023879625 -0.525326908
vn -0.881276429 -0.430121183 -0.195825741
vn -0.851979136 -0.426212579 -0.304096222
vn 0.664685428 0.733434796 -0.142361626
vn 0.337466419 0.825455129 -0.452482313
vn 0.368794739 0.825030565 -0.428152978
vn 0.656864643 0.750838935 -0.069064029
vn -0.8899827 -0.016777478 -0.455685586
vn -0.870956838 -0.461576104 -0.168468714
vn 0.660356164 0.725903451 -0.192338303
vn 0.258414388 0.825512707 -0.501747787
vn 0.264942855 0.821656466 -0.504664183
vn 0.695118904 0.692165196 -0.19420889
vn 0.781739712 0.603913903 -0.155470446
vn 0.411971301 0.79487294 -0.445484936
vn 0.367397547 0.826014578 -0.427456319
vn 0.723944068 0.670319021 -0.163025752
vn 0.021476315 -0.788637102 0.614483774
vn -0.50022918 -0.775653481 0.384879738
vn -0.50481391 -0.68554306 0.524589062
vn -0.058747698 -0.6662848 0.743379653
vn -0.001654923 -0.606211901 0.795301497
vn -0.010217523 -0.655832648 0.754837155
vn -0.134497017 -0.333532661 0.933095157
vn -0.168609306 0.148133859 0.974488199
vn 0.149580672 -0.688079298 0.710051119
vn 0.152659431 -0.7263574 0.670149326
vn 0.337466419 0.825455129 -0.452482313
vn 0.047709767 0.770621955 -0.635504186
vn 0.087016635 0.769353151 -0.632869542
vn 0.368794739 0.825030565 -0.428152978
vn 0.411971301 0.79487294 -0.445484936
vn -0.011229365 0.776392519 -0.630149662
vn -0.01789942 0.800199986 -0.599466026
vn 0.367397547 0.826014578 -0.427456319
vn -0.046077833 0.796450675 -0.602945447
vn 0.314588219 0.833641708 -0.45395571
vn -0.303678751 0.685375631 -0.661845505
vn -0.604027152 0.470929414 -0.642943799
vn -0.775633991 -0.630888581 0.019275013
vn -0.458758384 -0.818471193 0.34589836
vn -0.626809061 -0.778953552 -0.018487949
vn -0.616899192 -0.785253227 -0.053035259
vn -0.6792081 -0.573579431 -0.45791164
vn -0.67292738 -0.591682434 -0.4439376
vn -0.52990967 -0.271983415 -0.803256452
vn -0.585353971 -0.24055241 -0.774270773
vn -0.28215 0.171801314 -0.943862081
vn -0.2130173 0.177408367 -0.960806966
vn 0.230876639 0.965928018 -0.116958044
vn 0.412619829 0.908721089 -0.063014694
vn 0.318667918 0.88212204 -0.346859306
vn 0.219749242 0.874159098 -0.433077604
vn 0.080240451 0.567672849 -0.819334507
vn 0.031344816 0.578343689 -0.815190911
vn 0.198919669 0.785903513 -0.585479796
vn 0.259801537 0.778330684 -0.571580827
vn -0.029085508 0.498528957 -0.866384983
vn -0.288183898 0.361024797 -0.886911035
vn -0.104788043 0.592966974 -0.798379421
vn 0.152170882 0.747048795 -0.64711839
vn -0.430998981 0.331512243 -0.839249372
vn -0.015921468 0.833641708 -0.552076161
vn -0.518253088 0.055969495 -0.853393972
vn -0.443501592 -0.639189422 0.628285944
vn -0.712471485 -0.68603766 0.147433579
vn -0.693588078 -0.697585762 -0.179749057
vn -0.56236136 -0.767043948 0.308858186
vn -0.52763468 0.637947321 -0.560914338
vn -0.128565177 0.963631034 -0.234278053
vn -0.015921468 0.833641708 -0.552076161
vn -0.430998981 0.331512243 -0.839249372
vn -0.677627265 -0.706864297 -0.202889368
vn -0.753000617 -0.472185552 -0.458291292
vn -0.791700959 -0.252201647 -0.556420624
vn -0.693187296 -0.491165042 -0.527492464
vn -0.996207237 0.009149352 -0.086530432
vn -0.866517842 0.111722544 0.486482114
vn -0.717296004 0.582455933 0.38240245
vn -0.941415012 0.306167841 -0.141417876
vn -0.604304612 -0.203914881 -0.770217359
vn -0.743486643 -0.057970721 -0.66623348
vn -0.544959962 0.120075002 -0.829819679
vn -0.351201952 0.131044731 -0.92708391
vn -0.801024199 0.238637984 -0.549010217
vn -0.906660736 0.204148203 -0.36917451
vn -0.860238016 0.027791837 -0.50913471
vn 0.611359477 -0.326715112 0.720761359
vn 0.838254154 0.038443603 0.543922842
vn 0.749971449 0.161162928 0.641536772
vn 0.55283159 -0.170586452 0.815645456
vn 0.649716318 -0.33234641 0.683677197
vn 0.832481325 0.078490071 0.548465252
vn 0.850939751 0.06787961 0.520858765
vn 0.64468646 -0.289176315 0.707641423
vn 0.620847821 -0.128046602 0.773402989
vn 0.861681402 -0.069284931 0.502697468
vn 0.879832208 -0.080582619 0.468403429
vn 0.635064125 -0.411452115 0.653758943
vn -0.3747814 0.132962316 0.917529225
vn -0.208765611 0.669461191 0.712908566
vn -0.609105051 0.084295608 -0.788597047
vn -0.789357126 -0.364150375 -0.494277149
vn -0.574763775 -0.223130599 -0.787311435
vn 0.219749242 0.874159098 -0.433077604
vn -0.703224838 -0.05677722 -0.708696783
vn 0.030504337 0.090246193 0.995452225
vn 0.258497864 0.082320713 0.96249789
vn 0.441938549 0.416080326 0.794712245
vn 0.22954087 0.555766046 0.799021304
vn 0.318667918 0.88212204 -0.346859306
vn 0.393469453 0.867376149 -0.304697245
vn 0.511083126 0.858458757 0.042925537
vn 0.393469453 0.867376149 -0.304697245
vn -0.273930758 -0.543269038 0.793612421
vn -0.485079139 -0.758216321 0.435667485
vn -0.630089521 -0.775207579 0.045170177
vn -0.676322162 -0.606761277 -0.417647183
vn -0.561273515 -0.262062073 -0.785044909
vn -0.274787426 0.21895054 -0.936243832
vn 0.401816517 0.054454006 0.914099693
vn 0.526697636 -0.018340226 0.849854887
vn 0.669294298 0.259061188 0.696371019
vn 0.551694572 0.331618845 0.765285611
vn -0.914799809 -0.030728579 -0.402737051
vn -0.921123207 -0.38133952 -0.078180961
vn -0.91216594 -0.399242729 -0.092512794
vn -0.905053735 -0.004820459 -0.425269872
vn 0.314588219 0.833641708 -0.45395571
vn 0.665076792 0.725725532 -0.176054776
vn 0.097741157 -0.799999893 0.591985583
vn -0.068986826 0.785356998 -0.615187168
vn 0.258414388 0.825512707 -0.501747787
vn -0.351691455 0.672232509 -0.651472688
vn -0.657157958 0.424750805 -0.622679889
vn -0.609391987 0.469060898 -0.639236569
vn -0.332040817 0.682384968 -0.651229382
vn -0.823771834 -0.5447613 0.156955734
vn -0.820597947 -0.564087451 0.091784798
vn 0.878007233 0.01691282 0.478348523
vn 0.624275565 -0.427706391 0.653717995
vn -0.858738601 -0.038397118 -0.510973155
vn -0.867830694 -0.038569067 -0.495360911
vn -0.896336079 -0.43415007 -0.089973919
vn -0.894678295 -0.430366904 -0.119728945
vn -0.084250234 -0.543474972 0.835186779
vn -0.176732376 -0.512375593 0.840379059
vn -0.419880927 -0.754034162 0.50510639
vn -0.394566327 -0.753405809 0.52602005
vn -0.73969692 -0.641588807 0.20300819
vn -0.71284014 -0.666012704 0.219741032
vn -0.373768181 -0.779580414 0.502545297
vn -0.408118069 -0.760532856 0.505004346
vn 0.602402449 0.790326953 0.111779407
vn 0.659110606 0.74799788 0.077926181
vn 0.487711221 0.816447616 -0.309113443
vn 0.469917566 0.841019988 -0.268072546
vn 0.455522925 0.816961229 -0.353656858
vn 0.234973386 0.783769846 -0.574884653
vn 0.278322369 0.775835156 -0.566230118
vn 0.487711221 0.816447616 -0.309113443
vn 0.70932883 0.680817246 -0.182593867
vn 0.3105627 0.809945464 -0.497533113
vn 0.308906823 0.813693225 -0.492422402
vn 0.663484752 0.727111816 -0.176341787
vn 0.691017091 -0.322497934 0.646908402
vn 0.90519309 0.000461275 0.42500031
vn 0.877878129 -0.004919436 0.478859007
vn 0.664850831 -0.345520854 0.662260294
vn -0.59359169 0.384000629 -0.707242787
vn -0.588101327 0.385014892 -0.711266816
vn -0.248496756 0.655298173 -0.713325739
vn -0.217309952 0.650363505 -0.727876186
vn 0.079680793 -0.676681638 0.731951416
vn 0.166354507 -0.668496549 0.724871397
vn 0.3105627 0.809945464 -0.497533113
vn -0.012730913 0.75513339 -0.655447602
vn 0.030700563 0.741109848 -0.670681477
vn 0.308906823 0.813693225 -0.492422402
vn 0.058011096 0.610979021 -0.789518416
vn 0.297941536 0.771563709 -0.562067926
vn 0.53692019 -0.008314608 0.843592107
vn 0.683515787 0.244958565 0.687605619
vn 0.660289109 0.750807643 0.017498743
vn 0.455522925 0.816961229 -0.353656858
vn 0.469917566 0.841019988 -0.268072546
vn 0.264942855 0.821656466 -0.504664183
vn -0.063783951 0.788156986 -0.612160265
vn -0.076833129 0.672861755 -0.735767424
vn -0.473701894 0.36313498 -0.802333832
vn -0.705093384 -0.706950188 0.055359628
vn -0.374155521 -0.750367582 0.544936895
vn -0.702349424 -0.10265965 -0.704390764
vn -0.775536954 -0.501170874 -0.383888215
vn 0.027792526 -0.559053361 0.828665733
vn 0.155768186 0.775323689 -0.612053514
vn 0.387689114 0.832411408 -0.395965099
vn 0.654811442 0.267562866 0.706846595
vn 0.512565553 -0.003810219 0.858639657
vn 0.387689114 0.832411408 -0.395965099
vn 0.616706848 0.786144674 -0.040612068
vn -0.008070434 0.668083608 -0.744042397
vn -0.395771205 0.318469256 -0.861360908
vn -0.658979356 -0.748702228 0.072049908
vn -0.378936678 -0.734381914 0.56310761
vn -0.620600522 -0.187298745 -0.761429012
vn -0.706723392 -0.565500677 -0.425148308
vn -0.002097226 -0.539728105 0.841836751
vn 0.865802109 0.455531329 0.207070038
vn 0.796801686 0.505818486 0.330537111
vn 0.852181435 0.475190848 0.219044372
vn 0.885918558 0.429372847 0.175463021
vn 0.945698857 0.282716721 0.160389975
vn 0.922879159 0.352937162 0.154043779
vn 0.426644534 0.825149536 0.370273858
vn 0.04279992 0.964485168 0.260646313
vn -0.441037714 0.891144097 0.10652715
vn -0.749321222 0.563637435 -0.347606897
vn 0.545542717 0.70791322 0.448600054
vn 0.875504613 0.457012475 0.156943604
vn 0.719526947 0.546136737 0.428970546
vn 0.629157841 0.600311458 0.493747562
vn 0.914884686 0.384912789 0.121770896
vn 0.893105507 0.420032948 0.161043391
vn 0.738747537 0.540583551 0.402519077
vn 0.719834626 0.566863716 0.400629014
vn 0.3404046 -0.662771165 0.666977584
vn 0.429787695 -0.612726331 0.663211107
vn 0.243654087 -0.170989931 0.954670131
vn 0.321423709 -0.562820792 0.761524498
vn 0.325628579 -0.266959518 0.907027364
vn 0.30877766 -0.278905839 0.909322798
vn -0.830436409 -0.295350254 0.472380787
vn -0.406486273 -0.353810877 0.842369735
vn 0.467354029 -0.515918314 0.717919528
vn 0.500320792 -0.483801425 0.718063593
vn 0.308546424 -0.463258356 0.830777168
vn 0.284965217 -0.316800624 0.904672444
vn -0.109880246 -0.300213546 0.947522163
vn 0.05434994 -0.223357469 0.97322017
vn 0.387772441 -0.515308499 0.76425761
vn 0.464149088 -0.502400756 0.729492426
vn -0.929365277 -0.304986626 -0.207998663
vn 0.208561525 -0.252522498 0.944846272
vn -0.796636343 -0.24096477 -0.554352403
vn -0.996207237 0.009149352 -0.086530432
vn -0.941415012 0.306167841 -0.141417876
vn -0.778914511 -0.005971148 -0.62710166
vn -0.776022375 0.155122921 -0.611331403
vn -0.915008366 0.118168123 -0.385740846
vn -0.749321222 0.563637435 -0.347606897
vn -0.682696998 0.081355095 -0.7261585
vn -0.563021898 -0.006107604 -0.826419473
vn -0.531072557 -0.081964307 -0.843352735
vn -0.562957764 -0.21425347 -0.79823184
vn -0.622462153 -0.219955683 -0.751106083
vn -0.527289808 -0.178142756 -0.830801189
vn -0.929365277 -0.304986626 -0.207998663
vn -0.779343426 -0.259814888 -0.570192993
vn -0.687889874 -0.234477952 -0.686897099
vn -0.6114012 0.045204461 -0.790028572
vn -0.52763468 0.637947321 -0.560914338
vn -0.831157327 -0.060606968 -0.552724481
vn -0.61745882 -0.173040375 -0.767334104
vn -0.627525151 -0.168597773 -0.760122955
vn -0.56670779 -0.232543066 -0.790421367
vn -0.551623225 -0.25425902 -0.794395506
vn -0.304074377 0.812838078 -0.496822894
vn -0.306333572 0.852988243 -0.422576487
vn -0.49756822 0.616874099 -0.609829664
vn -0.407520443 0.616075456 -0.674075723
vn -0.354086757 -0.689920843 -0.631373048
vn -0.568545163 -0.683829188 -0.457311869
vn -0.258939296 -0.941953719 -0.213714018
vn -0.191749439 -0.929272234 -0.315729827
vn -0.45450893 0.16155085 -0.875969768
vn -0.696849108 0.148689017 -0.701635897
vn -0.723187983 -0.332416683 -0.605391026
vn -0.408836216 -0.374792844 -0.832095742
vn -0.551531553 0.265516549 -0.790767908
vn -0.553179324 0.30107832 -0.776752532
vn -0.668316483 -0.540602803 -0.510981083
vn -0.612838566 -0.445350975 -0.65275681
vn -0.238850996 0.889103889 -0.390441507
vn -0.763304174 0.643789291 -0.053870428
vn -0.460714549 0.729880929 -0.504991055
vn -0.359897584 0.70951283 -0.605859101
vn -0.386452436 -0.869117081 -0.308690757
vn -0.866500258 -0.491586 -0.086721197
vn -0.780981183 -0.624498963 -0.008330236
vn -0.240568161 -0.951360703 -0.192457214
vn -0.105944298 0.821490884 -0.560293317
vn -0.094271354 0.846457899 -0.524043977
vn -0.120889939 0.616473317 -0.778040051
vn -0.143879682 0.543103158 -0.827247083
vn -0.115705937 -0.711058021 -0.693547904
vn -0.099088073 -0.74674046 -0.657693207
vn -0.028184975 -0.954469204 -0.296975136
vn -0.050790258 -0.926796257 -0.372114241
vn -0.189270496 0.073371887 -0.979179859
vn -0.207463473 0.127439767 -0.969906211
vn -0.177539691 -0.436536014 -0.881995499
vn -0.188144386 -0.425622195 -0.885125637
vn 0.011439915 0.780247867 0.625365913
vn -0.056175169 0.984708011 0.16490756
vn -0.114429884 0.964142144 0.23944883
vn -0.134774074 0.716567516 0.684373379
vn -0.722744405 0.188275561 -0.664975822
vn -0.763223767 -0.328143716 -0.556606889
vn 0.334484965 0.745181441 0.576909482
vn 0.169556782 0.958433807 0.229467198
vn 0.166938111 0.946053863 0.277693719
vn 0.333848178 0.72661072 0.600485086
vn 0.364412278 0.624770224 0.690554738
vn 0.240424141 0.825528264 0.510587335
vn 0.351306707 0.869353294 0.347575039
vn 0.503100097 0.669380486 0.54664439
vn -0.016700814 -0.989091337 0.146354184
vn -0.324730694 -0.93786478 -0.122309223
vn -0.345329255 -0.927855551 -0.140825346
vn -0.040504251 -0.993114948 0.109918408
vn -0.064616621 -0.983618855 0.168281481
vn -0.008630349 -0.9858284 0.167534769
vn -0.071208529 -0.984370232 0.161073193
vn -0.487361163 -0.374646515 0.788745344
vn 0.029026026 -0.985231578 0.168749154
vn 0.063303813 -0.979074478 0.193405792
vn -0.056175169 0.984708011 0.16490756
vn -0.112173744 0.952430785 -0.283359617
vn -0.099570096 0.969373703 -0.224500343
vn -0.114429884 0.964142144 0.23944883
vn 0.240424141 0.825528264 0.510587335
vn 0.006210787 0.996011078 0.089013331
vn 0.036069918 0.99731952 -0.063661866
vn 0.351306707 0.869353294 0.347575039
vn 0.026714627 0.994075775 -0.10535492
vn 0.313777536 0.917365253 0.244917616
vn -0.268555164 0.856539726 -0.440701574
vn -0.473651022 0.633647144 -0.611674786
vn -0.609473586 -0.681523919 -0.405052036
vn -0.352079183 -0.91303432 -0.205933496
vn 0.68670404 -0.617043078 -0.384311736
vn 0.650835931 -0.591996729 -0.475344718
vn 0.69913125 -0.253545493 -0.668528318
vn 0.794609725 -0.234307215 -0.560085297
vn 0.747933984 0.202767015 -0.632044554
vn 0.626403034 0.164817452 -0.761875629
vn 0.484770387 0.559198976 -0.672528267
vn 0.548950374 0.602262437 -0.579597712
vn -0.623260319 0.771690786 -0.126649365
vn -0.604094923 0.763290465 0.22903496
vn -0.305947036 0.951859832 -0.018955035
vn -0.27041772 0.941248953 -0.202298522
vn 0.258548915 0.857200265 -0.445376486
vn 0.256798953 0.840724409 -0.47669372
vn -0.036634207 0.968655109 -0.245693445
vn -0.040609121 0.961433709 -0.272022277
vn 0.285309166 0.753985763 -0.591696024
vn 0.352051288 0.488437086 -0.798429132
vn 0.292497307 0.703692257 -0.647504866
vn -0.002694563 0.947078049 -0.320992261
vn 0.445744008 0.482967049 -0.753694355
vn -0.057074536 0.849773228 -0.52404952
vn 0.554441094 0.376892209 -0.741988778
vn 0.254562736 -0.954279244 -0.15668118
vn 0.417434543 -0.772361159 -0.478755385
vn 0.622807503 -0.485912383 -0.613188386
vn 0.496545762 -0.768091202 -0.404324353
vn 0.147806793 0.482776612 -0.863180101
vn -0.412390232 0.650624096 -0.637669742
vn -0.057074536 0.849773228 -0.52404952
vn 0.445744008 0.482967049 -0.753694355
vn 0.627012432 -0.472997814 -0.618973851
vn 0.575185239 -0.234946728 -0.783557236
vn 0.408321738 -0.058119632 -0.910986006
vn 0.649760187 -0.164749309 -0.742070973
vn 0.249768451 -0.329841614 -0.910395622
vn -0.324905127 -0.668074965 -0.669412136
vn -0.57469207 -0.245973229 -0.780529499
vn 0.025983129 -0.100281097 -0.994619846
vn 0.601105809 0.144781038 -0.785945475
vn 0.297549218 0.051850159 -0.953297436
vn 0.335937709 0.181960911 -0.924140751
vn 0.488201588 0.440870255 -0.753188312
vn 0.185798511 0.118998721 -0.975355446
vn 0.090011925 -0.022069192 -0.995696187
vn 0.274877369 -0.066356473 -0.959186733
vn 0.079757892 -0.293611199 0.952591836
vn 0.056179553 0.059898239 0.996622384
vn -0.098050438 0.02779836 0.994793117
vn -0.07071384 -0.265010446 0.96164912
vn 0.424931616 -0.388012767 0.817850292
vn 0.471280426 0.060130026 0.87993139
vn 0.456788987 0.099574186 0.883984685
vn 0.416273981 -0.384325862 0.824020386
vn 0.269694239 -0.558936298 0.784127057
vn 0.462605774 -0.098311029 0.881096363
vn 0.557422638 -0.074005343 0.826923966
vn 0.450710118 -0.516494513 0.728075445
vn -0.643626928 -0.763530016 -0.052595422
vn -0.952284992 -0.275076449 -0.132235676
vn 0.467626482 0.125704944 -0.874942124
vn 0.589910924 -0.259869426 -0.764508367
vn 0.656383634 -0.11269784 -0.745962322
vn -0.27041772 0.941248953 -0.202298522
vn 0.545177519 0.045835473 -0.83706665
vn -0.585121632 -0.673187673 0.452162504
vn -0.549737155 -0.600239456 0.580948949
vn -0.745981634 -0.142644033 0.650510728
vn -0.861055672 -0.204231769 0.465695679
vn -0.305947036 0.951859832 -0.018955035
vn -0.32288155 0.945206583 -0.048291773
vn -0.573931456 0.783668876 0.237625375
vn -0.32288155 0.945206583 -0.048291773
vn 0.095591113 -0.992815554 0.071969502
vn 0.410730362 -0.889125466 -0.201882392
vn 0.676913202 -0.640518188 -0.362663716
vn 0.839825094 -0.2494459 -0.482152134
vn 0.810488522 0.272654891 -0.518428028
vn 0.528521955 0.660613418 -0.533155203
vn -0.52287662 -0.527106225 0.669894874
vn -0.358874321 -0.436829507 0.824857116
vn -0.472068995 -0.023715617 0.881242573
vn -0.678248227 -0.092017762 0.729048789
vn -0.7388708 0.293691158 -0.606477857
vn -0.77808392 -0.379177362 -0.500809371
vn -0.807411373 -0.306990057 -0.5038293
vn -0.738921881 0.288656592 -0.608828247
vn 0.313777536 0.917365253 0.244917616
vn 0.482279032 0.720076084 0.498896182
vn -0.017652176 -0.988395751 0.150871649
vn -0.068786286 0.984518945 -0.161216974
vn 0.169556782 0.958433807 0.229467198
vn -0.263748616 0.875052512 -0.405856878
vn -0.478797525 0.681737959 -0.55316025
vn -0.478808016 0.684295118 -0.549984634
vn -0.260554761 0.881960392 -0.392755866
vn -0.571422219 -0.754259348 -0.323372066
vn -0.603865683 -0.729685545 -0.320788473
vn 0.601058483 0.007674793 0.799168229
vn 0.514678538 -0.441784233 0.734801173
vn -0.143213794 0.140774295 -0.979628742
vn -0.120990157 0.188416466 -0.974607944
vn -0.104837455 -0.380426258 -0.918849885
vn -0.119074881 -0.397552192 -0.909820557
vn 0.021693466 -0.987028718 0.159071326
vn 0.048408564 -0.990316212 0.130116642
vn 0.402903318 -0.905431271 -0.133653104
vn 0.385094732 -0.913292408 -0.132661149
vn -0.090007089 -0.718413949 -0.689768136
vn -0.114020847 -0.712793171 -0.692044199
vn -0.103705578 -0.926112115 -0.362714171
vn -0.059928495 -0.927822709 -0.368176103
vn -0.571133137 0.766317368 0.294218689
vn -0.468277752 0.760847747 0.449251235
vn -0.30237934 0.951449037 0.057545669
vn -0.317447394 0.946903408 -0.051001109
vn -0.249233574 0.954391778 0.164374769
vn -0.147495851 0.958552063 -0.243768126
vn -0.085938744 0.956317306 -0.279413283
vn -0.30237934 0.951449037 0.057545669
vn 0.251944959 0.772863925 0.582413137
vn 0.083077103 0.968579471 0.234418347
vn -0.042611089 0.987113953 0.154241443
vn 0.083887428 0.799533367 0.594734669
vn 0.35883829 -0.352633655 0.864224851
vn 0.388740242 0.102330603 0.91564703
vn 0.17578207 0.096261553 0.979711354
vn 0.177984804 -0.339689404 0.923543453
vn -0.136884853 0.611188829 -0.779558122
vn -0.169913128 0.622989953 -0.763552904
vn -0.124869302 0.816879749 -0.563129842
vn -0.177089944 0.80528605 -0.565821171
vn 0.019802101 -0.99329567 0.113892473
vn 0.002951039 -0.994160593 0.107871071
vn 0.083077103 0.968579471 0.234418347
vn -0.13892059 0.963864625 -0.227301627
vn -0.149709016 0.943211257 -0.29654628
vn -0.042611089 0.987113953 0.154241443
vn 0.194771424 0.87033999 -0.452296823
vn -0.051317025 0.951596916 -0.303034276
vn -0.155598983 -0.350118965 0.923691392
vn -0.207098752 0.034534249 0.977710366
vn -0.294908673 0.757044852 0.583019733
vn -0.249233574 0.954391778 0.164374769
vn -0.317447394 0.946903408 -0.051001109
vn 0.166938111 0.946053863 0.277693719
vn -0.093218356 0.983545959 -0.154750243
vn -0.07598865 0.85283488 -0.516622126
vn -0.028495792 0.614564657 -0.788351655
vn 0.058123596 -0.750169575 -0.658685982
vn 0.065924704 -0.948948979 -0.308463544
vn -0.129414648 0.038854104 -0.990829051
vn -0.100527503 -0.456517905 -0.884016812
vn -0.021542246 -0.971636355 0.235496819
vn -0.148045853 0.960169554 -0.236974373
vn -0.207381129 0.959853113 0.188878581
vn -0.160532102 0.0279325 0.986635327
vn -0.140498355 -0.300901592 0.943248868
vn -0.207381129 0.959853113 0.188878581
vn -0.240454331 0.737454593 0.631143749
vn 0.094331875 0.839672029 -0.534838736
vn 0.293314457 0.645884037 -0.70484072
vn 0.484474182 -0.712260842 -0.507906854
vn 0.295418561 -0.933191717 -0.204648837
vn 0.457956553 0.183391765 -0.869852483
vn 0.508575439 -0.419375867 -0.751980722
vn 0.014566398 -0.975644112 0.218875408
vn 0.044247918 0.427649975 0.90286082
vn -0.128234044 0.358779699 0.924571931
vn 0.416727841 0.483444512 0.76981777
vn 0.414791018 0.485271126 0.769714475
vn 0.488311738 0.3111431 0.815316856
vn 0.579755127 0.40215984 0.708626509
vn -0.851191401 0.349758357 0.391333997
vn -0.932176292 0.326832175 -0.15565367
vn -0.595380247 0.265893519 -0.758170784
vn 0.004261281 0.185103372 -0.982709825
vn -0.755910397 0.39229694 0.524120748
vn 0.575461805 0.447277874 0.684679687
vn -0.51593107 0.410807669 0.751699507
vn -0.704901576 0.387676805 0.593986988
vn 0.345178246 0.511993587 0.786584079
vn 0.155748323 0.48110351 0.862717748
vn -0.270179123 0.414454252 0.869040251
vn -0.218365535 0.388980299 0.894992054
vn 0.313717455 -0.796879113 0.516299486
vn 0.271877706 -0.771815598 0.574789703
vn 0.086141281 -0.810382545 0.579534113
vn 0.2878263 -0.850975454 0.439313978
vn -0.107144132 -0.705257416 0.700808167
vn -0.209002391 -0.774205446 0.597431123
vn 0.091984995 -0.835388601 -0.541908324
vn -0.158439606 -0.984750926 -0.07185071
vn 0.300255805 -0.741467178 0.600060761
vn 0.241160795 -0.739542663 0.628425121
vn -0.059032608 -0.69344759 0.718084693
vn -0.127842888 -0.701079011 0.701530099
vn -0.236186936 -0.927762985 0.288914472
vn -0.249521405 -0.896661401 0.365701169
vn 0.083175294 -0.764612317 0.63910079
vn 0.137487158 -0.773239136 0.619030297
vn 0.434559822 -0.339476794 -0.834214151
vn -0.277872175 -0.848688304 0.450016946
vn 0.517268181 -0.114608705 -0.848114669
vn 0.249768451 -0.329841614 -0.910395622
vn 0.025983129 -0.100281097 -0.994619846
vn 0.430553436 0.013553089 -0.902463377
vn 0.338882595 0.126793444 -0.932245731
vn 0.326029986 0.055061501 -0.943754613
vn 0.004261281 0.185103372 -0.982709825
vn 0.37761271 0.183263466 -0.907647073
vn 0.563486993 0.202351958 -0.800959527
vn 0.654753089 0.20685266 -0.726987302
vn 0.66925329 0.175058171 -0.722118139
vn 0.626758277 0.033100296 -0.778510392
vn 0.6487239 0.108792424 -0.753207505
vn 0.434559822 -0.339476794 -0.834214151
vn 0.605840325 -0.020088719 -0.79533267
vn 0.607690513 0.154665679 -0.778967798
vn 0.543421924 0.216696411 -0.811008811
vn 0.147806793 0.482776612 -0.863180101
vn 0.451865733 0.097434103 -0.886749089
vn 0.58120805 0.068807036 -0.810840786
vn 0.649912894 0.140662342 -0.746878386
vn 0.652576387 0.165083781 -0.739521027
vn 0.654309452 0.17431733 -0.735861838
vn -0.310635895 0.858590364 -0.407833099
vn -0.36667031 0.828440547 -0.423366576
vn -0.550781071 0.589163303 -0.591207922
vn -0.492683232 0.562441647 -0.664020121
vn -0.322719067 -0.638975501 -0.69825691
vn -0.400022 -0.631044745 -0.664654076
vn -0.205849662 -0.850140452 -0.484651625
vn -0.169923857 -0.865370393 -0.471444666
vn -0.53735739 0.094193116 -0.838077962
vn -0.712492645 0.136647582 -0.688245356
vn -0.607037425 -0.339638054 -0.718436897
vn -0.454935879 -0.32664901 -0.828452706
vn -0.657019615 0.348003834 -0.668744087
vn -0.619763792 0.3923603 -0.679666281
vn -0.733208179 -0.22043322 -0.6432845
vn -0.726157069 -0.207758427 -0.655387223
vn -0.181482673 0.929138362 -0.322127074
vn -0.772883296 0.626171291 -0.102766633
vn -0.449912697 0.79674226 -0.403460473
vn -0.432269305 0.720335066 -0.542457998
vn -0.496867925 -0.757577479 -0.423318624
vn -0.717568219 -0.598778665 -0.355752736
vn -0.759830356 -0.647716999 0.055861752
vn -0.251123279 -0.945829809 -0.205774352
vn -0.104722463 0.793660164 -0.599280179
vn -0.138242319 0.799408138 -0.584667146
vn -0.131086007 0.563487232 -0.815658391
vn -0.14340578 0.549588144 -0.823035657
vn -0.029050222 -0.64256078 -0.76568383
vn -0.015075745 -0.67803967 -0.734870732
vn 0.011067668 -0.851734996 -0.523855925
vn 0.012160375 -0.840923429 -0.541017473
vn -0.164155304 0.038271721 -0.985691845
vn -0.105001546 0.099623591 -0.989469469
vn -0.051879436 -0.428366333 -0.902114689
vn -0.102110267 -0.420945585 -0.901320338
vn 0.02283041 0.680615783 0.732284725
vn -0.076182924 0.907623589 0.412814319
vn -0.075492904 0.939040303 0.335416526
vn -0.038445346 0.68715328 0.725494564
vn -0.721257806 0.192326963 -0.665430367
vn -0.701507747 -0.308778554 -0.642294943
vn 0.34088406 0.716130078 0.60906142
vn 0.175798088 0.935507834 0.306463927
vn 0.173538387 0.909885705 0.376818985
vn 0.287649482 0.68497318 0.669380009
vn 0.299628943 0.682673216 0.666468084
vn 0.179509237 0.865825117 0.467036724
vn 0.225899562 0.900446236 0.371706724
vn 0.363480508 0.709317982 0.603945315
vn -0.08777108 -0.994048774 -0.064522773
vn -0.374282897 -0.868814528 -0.324150681
vn -0.336339772 -0.904924691 -0.260742933
vn -0.065344363 -0.997861385 0.001689068
vn 0.00124177 -0.995875955 -0.090717196
vn 0.034924008 -0.995679915 -0.08603397
vn -0.083118245 -0.989701927 0.116539709
vn -0.332630008 -0.80097276 0.497795165
vn 0.019870939 -0.996742189 -0.07816752
vn -0.003754369 -0.984463036 -0.175552145
vn -0.076182924 0.907623589 0.412814319
vn -0.181914613 0.978373528 -0.098449558
vn -0.123593561 0.974537671 -0.187085465
vn -0.075492904 0.939040303 0.335416526
vn 0.179509237 0.865825117 0.467036724
vn 0.000467521 0.99980849 0.019563092
vn 0.010465072 0.999520123 -0.029155767
vn 0.225899562 0.900446236 0.371706724
vn -0.081212722 0.994415402 -0.067397915
vn 0.220731378 0.919675171 0.324769646
vn -0.374141067 0.815762401 -0.441078484
vn -0.55628103 0.589293897 -0.585904539
vn -0.507292867 -0.638971746 -0.578246534
vn -0.322036892 -0.83384788 -0.448318958
vn 0.661021829 -0.63538754 -0.399165243
vn 0.663068891 -0.559407413 -0.49739632
vn 0.771021783 -0.256272703 -0.582966268
vn 0.814605415 -0.342131227 -0.468363434
vn 0.851840496 0.151013613 -0.501560271
vn 0.793247402 0.175462499 -0.583070755
vn 0.635498464 0.582298577 -0.507020891
vn 0.651838601 0.599414468 -0.464552313
vn -0.775600791 0.62025696 0.117152587
vn -0.708951831 0.623023927 0.330497235
vn -0.38589406 0.916883171 0.102034703
vn -0.393339038 0.919314981 0.01201662
vn 0.365002275 0.858304083 -0.360676289
vn 0.374340922 0.843656778 -0.384853303
vn 0.021427302 0.981667519 -0.189393282
vn -0.000615259 0.989767253 -0.142690092
vn 0.388243198 0.782593429 -0.486636221
vn 0.462398291 0.635973394 -0.617839575
vn 0.251983076 0.862994671 -0.437886775
vn 0.022668879 0.985487103 -0.168229789
vn 0.122706868 0.58447957 -0.802076459
vn -0.317026049 0.885890484 -0.338662952
vn 0.442468941 0.55796659 -0.702064514
vn 0.063351735 -0.978552341 -0.196014956
vn 0.12158934 -0.896815002 -0.425369203
vn 0.471833915 -0.775761187 -0.419007599
vn 0.449047416 -0.786683977 -0.423656434
vn -0.174865916 0.488840669 -0.854667664
vn -0.71367377 0.624652088 -0.316985101
vn -0.317026049 0.885890484 -0.338662952
vn 0.122706868 0.58447957 -0.802076459
vn 0.620146155 -0.428473294 -0.657137334
vn 0.675014913 -0.441210717 -0.591344178
vn 0.581402004 -0.076562554 -0.810006142
vn 0.612394273 -0.182122201 -0.76928854
vn -0.191179857 -0.089652754 -0.977452099
vn -0.73202765 -0.497835487 -0.465075731
vn -0.9023664 -0.179862618 -0.391643107
vn -0.31040746 0.061849404 -0.948589444
vn 0.590502918 0.184240714 -0.785723686
vn 0.465155512 0.142340884 -0.873710155
vn 0.481336087 0.348817497 -0.804140508
vn 0.541389823 0.515571654 -0.664140821
vn 0.453315526 0.124156557 -0.882660866
vn 0.184472278 0.103032403 -0.977422237
vn 0.353314131 0.022293145 -0.935239136
vn 0.134449735 -0.574841619 0.80714339
vn 0.155165821 -0.11301773 0.981402338
vn 0.001840818 -0.156582296 0.987663209
vn 0.022568032 -0.608597279 0.793158233
vn 0.418815464 -0.646175027 0.638005853
vn 0.495826393 -0.137536153 0.857461393
vn 0.417903006 -0.090520002 0.903970838
vn 0.388302892 -0.598858178 0.700421095
vn 0.285243422 -0.668770134 0.686573207
vn 0.481120497 -0.134847999 0.86622113
vn 0.555233359 -0.184385091 0.810998261
vn 0.439191431 -0.677814424 0.589642704
vn -0.787456095 -0.616120756 0.017553972
vn -0.971910298 -0.218768314 0.086780526
vn 0.713624775 -0.165789649 -0.680627286
vn 0.450799286 -0.473597676 -0.7566275
vn 0.617872417 -0.425381631 -0.661274731
vn -0.393339038 0.919314981 0.01201662
vn 0.630994081 0.263254255 -0.729755938
vn -0.668353379 -0.662761569 0.337714195
vn -0.549359262 -0.662994921 0.508568704
vn -0.713586807 -0.264766693 0.648608148
vn -0.867673814 -0.23989287 0.435423434
vn -0.38589406 0.916883171 0.102034703
vn -0.384859771 0.908647478 0.161996037
vn -0.64757514 0.612108409 0.453838825
vn -0.384859771 0.908647478 0.161996037
vn 0.079745568 -0.993411243 -0.082308374
vn 0.456594378 -0.818141282 -0.349523216
vn 0.646060765 -0.629751146 -0.431299269
vn 0.822762668 -0.289729297 -0.488997459
vn 0.84450227 0.134715378 -0.518331707
vn 0.639797628 0.568280697 -0.517412901
vn -0.392780036 -0.645311892 0.655207157
vn -0.305424929 -0.597468853 0.741448939
vn -0.394395143 -0.226139575 0.890681386
vn -0.514633417 -0.266244084 0.815025508
vn -0.720765769 0.326796234 -0.611310899
vn -0.751208782 -0.258646578 -0.607278645
vn -0.718909323 -0.291941166 -0.630824625
vn -0.709089696 0.264045805 -0.653813183
vn 0.220731378 0.919675171 0.324769646
vn 0.39363578 0.711003363 0.582687855
vn -0.06539312 -0.984898388 -0.160308704
vn -0.130860418 0.984183609 -0.119407497
vn 0.175798088 0.935507834 0.306463927
vn -0.264233768 0.876594067 -0.402198195
vn -0.504350483 0.668137848 -0.547012269
vn -0.550981939 0.618305206 -0.560461938
vn -0.3708722 0.833486736 -0.409577459
vn -0.550923824 -0.693109393 -0.464846522
vn -0.553084016 -0.683100522 -0.476939976
vn 0.584988713 -0.149281725 0.797184527
vn 0.462523997 -0.662842155 0.588822424
vn -0.11072503 0.070327021 -0.991359711
vn -0.330729753 0.046764087 -0.942566216
vn -0.251248151 -0.357044905 -0.899662912
vn -0.057077583 -0.396933049 -0.916071117
vn 0.058639131 -0.997437477 0.040987477
vn 0.061995041 -0.998076439 0.000183709
vn 0.409685761 -0.880198121 -0.239601642
vn 0.393930823 -0.882220924 -0.257885098
vn -0.072592705 -0.665648162 -0.742726624
vn -0.225371465 -0.628118217 -0.744765222
vn -0.14409402 -0.85206902 -0.503205121
vn -0.062164899 -0.852262557 -0.519407451
vn -0.556716621 0.549354613 0.623118103
vn -0.420956224 0.521461725 0.74220854
vn -0.282069206 0.897257626 0.339655429
vn -0.35672754 0.893912554 0.271414518
vn -0.182410762 0.9263255 0.329616934
vn -0.057607412 0.971254528 -0.23096776
vn -0.02302104 0.985113621 -0.170355842
vn -0.282069206 0.897257626 0.339655429
vn 0.220215514 0.657666445 0.720402658
vn 0.110551231 0.886454165 0.449419081
vn -0.00896824 0.899914742 0.435973734
vn 0.13065736 0.667707622 0.732867777
vn 0.322810143 -0.561909139 0.761611223
vn 0.339374036 -0.062690727 0.938560128
vn 0.283133388 -0.103100933 0.953522801
vn 0.239988759 -0.559182107 0.793549478
vn -0.196859851 0.5290218 -0.825458705
vn -0.37410748 0.502823949 -0.779237926
vn -0.221091673 0.80276835 -0.553788245
vn -0.296568632 0.828033149 -0.47582373
vn -0.00698599 -0.995125115 -0.098372757
vn -0.003461647 -0.998363435 -0.057083506
vn 0.110551231 0.886454165 0.449419081
vn -0.093675762 0.995437622 -0.018134417
vn -0.166771531 0.984903634 -0.046391223
vn -0.00896824 0.899914742 0.435973734
vn 0.326121837 0.83743906 -0.438566208
vn 0.013854477 0.987185776 -0.158972606
vn -0.235266551 -0.579515338 0.780263841
vn -0.310881555 -0.208509266 0.927295268
vn -0.277782619 0.573012352 0.771034122
vn -0.182410762 0.9263255 0.329616934
vn -0.35672754 0.893912554 0.271414518
vn 0.173538387 0.909885705 0.376818985
vn -0.08765734 0.993282974 -0.075532265
vn -0.012491419 0.818536937 -0.574318111
vn 0.004276706 0.583146036 -0.812356114
vn 0.144620553 -0.650546968 -0.745569289
vn 0.093091369 -0.877281308 -0.470862597
vn 0.046815068 0.115616523 -0.992190063
vn 0.146021679 -0.400196999 -0.904720962
vn -0.009073611 -0.999734104 0.021198114
vn -0.090033181 0.962441087 -0.256127208
vn -0.10405641 0.95837158 0.265887588
vn -0.15577352 -0.198662862 0.967609286
vn -0.101764798 -0.609322488 0.786365151
vn -0.10405641 0.95837158 0.265887588
vn -0.139506504 0.66491431 0.733775735
vn 0.162828684 0.854860783 -0.49264583
vn 0.365880489 0.621351302 -0.692859292
vn 0.513114631 -0.667322814 -0.53980881
vn 0.295464039 -0.902516961 -0.313311487
vn 0.671140909 0.153158605 -0.725336015
vn 0.671579301 -0.331102103 -0.66283685
vn 0.016171675 -0.992684007 0.11965362
vn 0.104529403 0.364614218 0.925272942
vn -0.019547975 0.307508111 0.951344669
vn 0.446038216 0.382037371 0.809380949
vn 0.362552583 0.388941258 0.846924007
vn 0.436989546 0.388013244 0.811471403
vn 0.484856576 0.39391163 0.780863464
vn -0.869046569 0.229826361 0.438107312
vn -0.965912461 0.222781017 0.131839857
vn -0.909260333 0.223560482 -0.351093233
vn -0.34282729 0.247889742 -0.906101644
vn -0.747630537 0.192690596 0.635546148
vn 0.52116853 0.365189523 0.771375358
vn -0.420574009 0.150049046 0.894764066
vn -0.569554389 0.149234682 0.808292508
vn 0.289205045 0.393322796 0.872729957
vn 0.228158012 0.376107514 0.898046255
vn -0.319022268 0.183375672 0.929837704
vn -0.17144841 0.227462724 0.95857507
vn 0.222530603 -0.936614633 0.270616353
vn 0.225931525 -0.940016448 0.255585581
vn 0.086507678 -0.903131783 0.420558542
vn 0.217861027 -0.929790676 0.296691597
vn -0.128274754 -0.865913391 0.483466327
vn -0.178118065 -0.848079085 0.499034941
vn -0.293393046 -0.808217406 -0.510592937
vn -0.437320948 -0.898104727 -0.046457708
vn 0.236138061 -0.933166146 0.270997733
vn 0.219822481 -0.884948313 0.410541803
vn 0.032714516 -0.907832146 0.418055624
vn -0.037671857 -0.910500348 0.411788732
vn -0.337063372 -0.926805139 0.165591612
vn -0.290228814 -0.918730676 0.267770797
vn 0.066821806 -0.893348515 0.444368422
vn 0.143548995 -0.865684688 0.479566246
vn 0.074084461 -0.359526545 -0.930189312
vn -0.22301802 -0.89559263 0.384937465
vn 0.296904951 0.205018863 -0.932638586
vn -0.191179857 -0.089652754 -0.977452099
vn -0.31040746 0.061849404 -0.948589444
vn 0.261356771 0.239507094 -0.935055614
vn 0.457037717 0.356178582 -0.815017402
vn 0.309313655 0.139388815 -0.940689027
vn -0.34282729 0.247889742 -0.906101644
vn 0.278532594 0.272241682 -0.921034276
vn 0.673227668 0.251388222 -0.69539088
vn 0.526346147 0.26637587 -0.807467461
vn 0.638407767 0.264943033 -0.72266227
vn 0.582059801 -0.000565401 -0.813145757
vn 0.68129462 0.056973036 -0.72978884
vn 0.074084461 -0.359526545 -0.930189312
vn 0.43298009 0.11054083 -0.894599915
vn 0.690174699 0.18775183 -0.698862076
vn 0.349003762 0.281102031 -0.893967569
vn -0.174865916 0.488840669 -0.854667664
vn 0.548965096 0.055510335 -0.833999991
vn 0.298901647 0.224948496 -0.927392066
vn 0.520848393 0.239637688 -0.819323361
vn 0.665780127 0.239107355 -0.706798851
vn 0.736545444 0.231045842 -0.635703266
vn -0.631729007 0.643117726 -0.432802647
vn -0.679445744 0.640275419 -0.358330667
vn -0.877551198 0.3068856 -0.368408889
vn -0.792288184 0.331086546 -0.512504816
vn -0.601998746 -0.739208102 -0.301941961
vn -0.663618505 -0.70715785 -0.244004607
vn -0.319479644 -0.947014928 -0.033098172
vn -0.334897697 -0.939919591 -0.066292472
vn -0.871154428 0.009240112 -0.490922272
vn -0.928229988 0.0135328 -0.371760607
vn -0.877976656 -0.325802505 -0.350727588
vn -0.828789055 -0.369458407 -0.420249045
vn -0.746170402 -0.068748005 -0.662195981
vn -0.72944665 -0.099739291 -0.676727235
vn -0.637551665 -0.540269554 -0.549214661
vn -0.651845455 -0.504504621 -0.566191256
vn -0.558884025 0.703730941 -0.43864736
vn -0.940714061 0.175198689 -0.290452123
vn -0.731920779 0.306782454 -0.608421385
vn -0.693811834 0.329963416 -0.640116632
vn -0.458230257 -0.814311683 -0.356260359
vn -0.465708703 -0.806350708 -0.364573687
vn -0.229893729 -0.972068787 -0.047235578
vn -0.264079481 -0.961642206 -0.074204676
vn -0.114366189 0.619135082 -0.776911914
vn 0.013810403 0.614621282 -0.788701475
vn -0.098407306 0.346340388 -0.932933152
vn -0.266315043 0.335333347 -0.903674662
vn -0.240407839 -0.803968072 -0.543911159
vn -0.220713124 -0.827002347 -0.51706183
vn -0.185196429 -0.965136349 -0.184970886
vn -0.180559874 -0.962698281 -0.201519832
vn -0.377936721 -0.071589857 -0.923059464
vn -0.19074288 -0.104928449 -0.976015985
vn -0.241055399 -0.570342362 -0.785240054
vn -0.34149 -0.509969115 -0.789503694
vn 0.158257857 0.768948853 0.61941278
vn 0.148168415 0.983940661 0.099533863
vn 0.136089057 0.989873648 0.040372446
vn 0.096691698 0.785878122 0.610775173
vn -0.818193316 0.00319765 -0.574934363
vn -0.714159191 -0.460391819 -0.527272344
vn 0.595774412 0.629299402 0.499034196
vn 0.301082999 0.929655254 0.212344438
vn 0.295992017 0.93059504 0.215363994
vn 0.559973598 0.648371398 0.515794694
vn 0.348727047 0.690517843 0.633699119
vn 0.088932663 0.985124528 0.147039577
vn 0.19401677 0.949522138 0.246506199
vn 0.50293684 0.653897226 0.565219343
vn 0.038929429 -0.9837147 0.175470695
vn -0.223602369 -0.968387723 -0.110576846
vn -0.242818952 -0.968418717 -0.056606323
vn 0.051987741 -0.968676686 0.242822438
vn -0.153758988 -0.957046509 0.245805308
vn -0.145922542 -0.955748558 0.255443305
vn 0.02398554 -0.95824939 0.284925967
vn 0.11353904 -0.914497852 0.388333112
vn -0.105685465 -0.933781564 0.341881096
vn 0.014781477 -0.951191366 0.308247596
vn 0.148168415 0.983940661 0.099533863
vn 0.092104055 0.882868588 -0.460499734
vn 0.096766338 0.861118734 -0.499109983
vn 0.136089057 0.989873648 0.040372446
vn 0.088932663 0.985124528 0.147039577
vn -0.28587997 0.941640079 -0.17772606
vn -0.221081644 0.958134472 -0.181937486
vn 0.19401677 0.949522138 0.246506199
vn -0.176629245 0.964087665 -0.198335826
vn 0.226433471 0.937662899 0.263659358
vn -0.563409507 0.67085439 -0.482207596
vn -0.752543867 0.371650785 -0.543648303
vn -0.507635772 -0.785255373 -0.354513645
vn -0.23518537 -0.968325198 -0.083870173
vn 0.170125961 -0.898255944 -0.405207843
vn 0.170893207 -0.834352493 -0.524072051
vn 0.369948447 -0.574218452 -0.730350137
vn 0.418785095 -0.659551919 -0.624187768
vn 0.637868822 -0.321116954 -0.700005174
vn 0.511737764 -0.306239903 -0.802708924
vn 0.647714138 0.115371488 -0.753097475
vn 0.771058261 0.094104804 -0.629772484
vn -0.173350334 0.97389853 -0.14653109
vn -0.202089429 0.962533772 0.180799976
vn 0.176188916 0.980941892 -0.081917971
vn 0.183642983 0.962195039 -0.201136976
vn 0.670929849 0.562296569 -0.483400196
vn 0.59453243 0.56991905 -0.567206681
vn 0.452180117 0.821947694 -0.346316546
vn 0.441412061 0.849432766 -0.289170057
vn 0.567586601 0.463770479 -0.68026638
vn 0.6620785 0.322139025 -0.676667213
vn 0.572962463 0.654980063 -0.492661297
vn 0.498090178 0.765373647 -0.407565176
vn 0.403088123 0.532686591 -0.744153857
vn 0.213167205 0.8715505 -0.441542119
vn 0.615211964 0.161062211 -0.77173394
vn -0.426701099 -0.888096809 -0.170910165
vn -0.26182881 -0.880442679 -0.395305574
vn 0.077344507 -0.898624122 -0.431847781
vn -0.013602997 -0.89321512 -0.44942385
vn 0.06515187 0.631398559 -0.772716701
vn -0.146223038 0.856262207 -0.495412916
vn 0.241059139 -0.695174336 -0.677217245
vn 0.332137614 -0.763748944 -0.553508937
vn 0.466258615 -0.507719219 -0.724447429
vn 0.328893244 -0.467587382 -0.820482373
vn -0.284565538 -0.412053794 -0.865583122
vn -0.68277967 -0.362708926 -0.634235203
vn -0.670260012 0.196014613 -0.715772152
vn -0.280133784 0.077854477 -0.956798732
vn 0.348143786 -0.232472822 -0.908158779
vn 0.503746092 -0.278949589 -0.817573845
vn 0.579264104 -0.038381841 -0.814235806
vn 0.448739767 0.067020506 -0.891145825
vn 0.451975405 -0.453945458 -0.767887831
vn 0.42668134 -0.21247676 -0.879088581
vn 0.457241446 -0.109531075 -0.882571936
vn 0.014866005 -0.308161885 0.951217771
vn 0.074300244 0.024950285 0.996923745
vn -0.010539681 0.057332803 0.998299539
vn -0.046760324 -0.314197391 0.948205411
vn 0.630469263 -0.270172566 0.727678061
vn 0.709037304 0.039573647 0.70405972
vn 0.604973137 0.021024168 0.795968235
vn 0.519399047 -0.309247971 0.796611786
vn 0.587817073 -0.161996707 0.7926085
vn 0.588365197 0.181228623 0.788024545
vn 0.600771487 0.160610646 0.783120632
vn 0.604911685 -0.151359841 0.781774938
vn -0.68277967 -0.362708926 -0.634235203
vn -0.936860681 -0.316570222 -0.148577794
vn -0.935890973 0.297007799 -0.189458415
vn -0.670260012 0.196014613 -0.715772152
vn 0.477777153 -0.503955543 -0.719553888
vn -0.146223038 0.856262207 -0.495412916
vn 0.213167205 0.8715505 -0.441542119
vn 0.107700221 -0.747362077 -0.655630052
vn 0.352413177 -0.654127419 -0.669269979
vn 0.183642983 0.962195039 -0.201136976
vn 0.554786623 -0.01000762 -0.831932485
vn -0.879880428 -0.300846756 0.367833734
vn -0.733415186 -0.276235819 0.621124804
vn -0.665921211 0.219348267 0.713046491
vn -0.860203803 0.272604078 0.430971563
vn 0.176188916 0.980941892 -0.081917971
vn 0.15232347 0.9882586 -0.011939762
vn -0.199500218 0.919928253 0.337537766
vn 0.15232347 0.9882586 -0.011939762
vn -0.465961874 -0.884775043 -0.007260049
vn -0.113494575 -0.948584378 -0.295476973
vn 0.1148955 -0.858762681 -0.499325365
vn 0.288256407 -0.611360073 -0.736985207
vn 0.466727108 -0.207465172 -0.85972321
vn 0.611454606 0.158190414 -0.775305748
vn -0.57727021 -0.235155821 0.781959653
vn -0.380093604 -0.240457222 0.89314568
vn -0.284124106 0.154190063 0.946308076
vn -0.494764894 0.199930832 0.84571594
vn -0.742587149 -0.041611262 -0.668455541
vn -0.661568463 -0.497135431 -0.561412215
vn -0.658549428 -0.506165206 -0.556874752
vn -0.742619872 -0.025297951 -0.669235229
vn 0.226433471 0.937662899 0.263659358
vn 0.528637588 0.612596691 0.587594688
vn 0.05735619 -0.969504714 0.238266438
vn -0.16246067 0.96552974 -0.203369051
vn 0.301082999 0.929655254 0.212344438
vn -0.528022945 0.70928371 -0.46702081
vn -0.693598449 0.362741679 -0.62236619
vn -0.676408529 0.369675756 -0.637033224
vn -0.509334445 0.688025355 -0.516913533
vn -0.479955882 -0.814135969 -0.326840937
vn -0.442576021 -0.828601539 -0.342849731
vn 0.648789465 0.099097133 0.754487932
vn 0.625385463 -0.196169287 0.755255342
vn -0.120299861 -0.086519204 -0.988960266
vn -0.398658007 -0.051619958 -0.915645778
vn -0.455921948 -0.529329777 -0.715503454
vn -0.201070502 -0.632590771 -0.747930169
vn -0.364529103 -0.914957225 0.173123479
vn -0.434938014 -0.88881439 0.144353822
vn -0.140779361 -0.982902348 -0.118677035
vn -0.127374455 -0.978550017 -0.161912546
vn -0.219858423 -0.86095041 -0.45872286
vn -0.379494905 -0.826884806 -0.415024281
vn -0.288924456 -0.948768437 -0.12791042
vn -0.211946413 -0.967440069 -0.138342291
vn -0.104824908 0.878569365 0.465969592
vn 0.034686588 0.837159336 0.545858204
vn 0.20435451 0.974118769 0.096601933
vn 0.189232305 0.981388271 0.032683741
vn 0.124767475 0.987464964 0.09667553
vn 0.070720181 0.892837942 -0.444791049
vn 0.301856935 0.872442842 -0.384351224
vn 0.20435451 0.974118769 0.096601933
vn 0.401514232 0.703457594 0.586458683
vn 0.21167168 0.952536643 0.218790427
vn 0.141532466 0.978801727 0.148039922
vn 0.24661544 0.740209043 0.625516951
vn 0.305384964 -0.282852471 0.909249425
vn 0.389659673 0.023804642 0.920651257
vn 0.190434679 0.030342577 0.981230855
vn 0.11365886 -0.280723304 0.953035176
vn -0.012962581 0.370695561 -0.928663969
vn -0.32267642 0.37806043 -0.867727101
vn 0.036055814 0.622257829 -0.781981647
vn -0.22640729 0.660432696 -0.715938807
vn -0.169755012 -0.929246426 0.328153014
vn -0.182992339 -0.925975382 0.33027795
vn 0.21167168 0.952536643 0.218790427
vn -0.192373842 0.960699379 -0.200122297
vn -0.053122766 0.925661087 -0.374605894
vn 0.141532466 0.978801727 0.148039922
vn 0.624924123 0.510928154 -0.590273023
vn 0.450275391 0.825124204 -0.341206908
vn -0.175447375 -0.262699336 0.948792577
vn -0.089560524 0.104673043 0.99046576
vn 0.098815814 0.785098135 0.611437976
vn 0.124767475 0.987464964 0.09667553
vn 0.189232305 0.981388271 0.032683741
vn 0.295992017 0.93059504 0.215363994
vn -0.225306287 0.964696229 -0.136375889
vn -0.086392105 0.607653558 -0.789489448
vn -0.353281617 0.299159467 -0.886394799
vn -0.158141032 -0.822422385 -0.546454847
vn -0.149215713 -0.973656833 -0.172415301
vn -0.454034239 -0.029606367 -0.89049226
vn -0.360676736 -0.425272346 -0.830093861
vn -0.193946853 -0.940051913 0.280512124
vn 0.007027566 0.893772602 -0.448465347
vn 0.078010008 0.990887821 0.109798625
vn -0.024842581 0.097100765 0.99496454
vn -0.078162767 -0.264975905 0.961081922
vn 0.078010008 0.990887821 0.109798625
vn 0.076378249 0.764907777 0.639595568
vn 0.305947065 0.597494185 -0.741213262
vn 0.102974206 0.278458357 -0.954912245
vn -0.018579178 -0.831954718 -0.554532409
vn -0.131783396 -0.977717996 -0.163403526
vn -0.169444978 -0.117604613 -0.978497624
vn -0.052135862 -0.566774547 -0.822221696
vn -0.28955397 -0.922866464 0.253921419
vn 0.119959109 0.384064406 0.915480435
vn 0.036367252 0.420008093 0.906791389
vn 0.696972907 0.339283675 0.631755769
vn 0.624512911 0.334196031 0.705901325
vn 0.508471489 0.440330237 0.739977062
vn 0.58643049 0.3869932 0.711572528
vn -0.586249292 0.725828767 0.35983935
vn -0.622194409 0.768702805 -0.148223147
vn -0.466618061 0.621911883 -0.628882587
vn -0.119731069 0.447011381 -0.886479199
vn -0.466618061 0.621911883 -0.628882587
vn -0.48424226 0.631461918 0.605611563
vn 0.626356959 0.344002247 0.699528039
vn -0.152090326 0.518393278 0.841508687
vn -0.335039973 0.583526909 0.739759862
vn 0.432414979 0.355237335 0.828748286
vn 0.243360832 0.374954998 0.894530237
vn 0.005715128 0.44052884 0.897720277
vn 0.032456879 0.419452667 0.90719682
vn 0.442599058 -0.665216446 0.601326168
vn 0.419741601 -0.685047925 0.595421255
vn 0.397678614 -0.647789776 0.649784684
vn 0.436230659 -0.661013484 0.610544026
vn -0.220970377 -0.661779821 0.71639353
vn -0.385427535 -0.65953511 0.64533639
vn -0.499174029 -0.739700019 -0.451297194
vn -0.655613303 -0.750376701 -0.084297471
vn 0.32972607 -0.678202927 0.656750798
vn 0.137612611 -0.654601395 0.743343651
vn -0.096377924 -0.699175835 0.708423913
vn -0.123964764 -0.693719506 0.709496975
vn -0.687508762 -0.692671239 0.218032628
vn -0.632497609 -0.675006688 0.379885316
vn -0.078178912 -0.66201359 0.74540323
vn -0.020241719 -0.640687585 0.767534792
vn -0.108623378 -0.712351918 -0.693365514
vn -0.499174029 -0.739700019 -0.451297194
vn -0.531504333 -0.668452859 0.520263314
vn 0.269513547 -0.427157968 -0.863075078
vn 0.317469209 -0.12100818 -0.940515995
vn 0.439142376 -0.1321017 -0.888652444
vn 0.388179004 -0.188051537 -0.902193844
vn 0.360108674 0.133638978 -0.923288882
vn 0.552506387 -0.168669552 -0.816264272
vn 0.579481184 0.066294454 -0.812284768
vn 0.586691916 -0.197042137 -0.785472453
vn 0.499644428 -0.428424478 -0.752866447
vn 0.537458599 -0.297868907 -0.788931191
vn 0.427334398 -0.546686292 -0.720082939
vn 0.471382111 -0.28401643 -0.834945321
vn 0.494568259 0.155099854 -0.855187893
vn 0.360393554 -0.153764486 -0.920039654
vn 0.660638094 -0.267938018 -0.701260626
vn 0.644156635 -0.263074726 -0.718229771
vn 0.620788395 -0.239083558 -0.746632993
vn 0.578050554 -0.217390373 -0.786510646
vn 0.798963845 0.59691447 0.07314343
vn 0.812678218 0.581500649 0.037565321
vn 0.38161242 0.92032814 -0.085837975
vn 0.355187505 0.934767127 0.007228035
vn -0.806824684 0.55864656 -0.192218646
vn -0.795748651 0.568826437 -0.20789586
vn -0.988398075 -0.119079806 -0.094282471
vn -0.983283997 -0.063035905 -0.170818552
vn -0.376235306 0.918032765 -0.125151098
vn -0.32461974 0.923770726 -0.203149304
vn 0.809408844 -0.52960366 0.253726959
vn 0.985001624 0.100038119 0.140585184
vn 0.989355862 0.094999738 0.110227518
vn 0.823116481 -0.548300982 0.147801831
vn -0.650775552 -0.759197831 -0.010482492
vn -0.630219817 -0.773740113 0.064414851
vn 0.985001624 0.100038119 0.140585184
vn 0.812461972 0.582557082 0.023082642
vn 0.989355862 0.094999738 0.110227518
vn -0.979446113 0.082573898 -0.184029639
vn -0.965467751 0.151141062 -0.212198988
vn -0.600184441 0.729885638 -0.327178359
vn -0.672540665 0.703246951 -0.230505735
vn -0.301085681 0.95352757 0.011519841
vn -0.263791382 0.958120883 -0.111438617
vn 0.142314285 0.98935169 -0.030494753
vn 0.179067448 0.982971609 0.041251022
vn 0.477510363 -0.46185711 0.747443557
vn 0.54794842 -0.604715765 0.577989042
vn 0.959481061 0.052768517 0.276788026
vn 0.897233129 0.229375124 0.377305865
vn 0.661374152 0.749008358 -0.039632853
vn 0.709291935 0.704594791 0.021239094
vn 0.149238959 0.982232869 -0.113781609
vn 0.08776208 0.991748571 -0.093448535
vn 0.544764876 0.836969018 -0.052096728
vn 0.574708879 0.817146719 -0.044508182
vn 0.412200481 0.836326241 0.361454189
vn 0.783493817 0.412025928 0.465158135
vn 0.263692856 0.955471039 -0.132443443
vn -0.904193401 -0.340029776 0.258484185
vn -0.950741887 -0.086788088 0.297586441
vn -0.895282328 0.394801587 -0.206400797
vn -0.942525983 0.257882804 -0.212464735
vn 0.116032779 0.577509344 0.808096111
vn 0.35740456 -0.143475384 0.922863364
vn 0.783493817 0.412025928 0.465158135
vn 0.412200481 0.836326241 0.361454189
vn -0.44073239 0.822963715 -0.358449012
vn -0.536160886 0.760715961 -0.365845352
vn -0.693861067 0.243140742 0.677819669
vn -0.641581357 -0.403629869 0.652270138
vn -0.216389924 -0.401390642 0.889978051
vn -0.333149821 0.330099434 0.883201897
vn -0.196456656 0.96599704 -0.168090925
vn -0.155871406 0.975905478 -0.152684718
vn -0.2205365 0.970162094 -0.10074272
vn -0.152573094 0.985023141 0.08031749
vn 0.015749209 0.999685287 -0.019524984
vn -0.247451723 -0.93864876 0.240221247
vn 0.287077367 -0.906873047 0.30849281
vn 0.242589518 -0.953689098 0.177840889
vn -0.299516946 -0.943178952 0.143885955
vn -0.548213184 -0.635100484 0.544159591
vn -0.10788545 -0.682854235 0.72254467
vn -0.5803262 0.804910898 -0.123854563
vn -0.840520918 0.472921759 0.264328659
vn 0.897233129 0.229375124 0.377305865
vn -0.444832772 -0.779253423 0.441461056
vn -0.36370787 -0.857000113 0.365058064
vn 0.033316035 -0.893484235 0.447857112
vn -0.025957838 -0.823671699 0.56647259
vn 0.959481061 0.052768517 0.276788026
vn 0.977287948 0.032087978 0.20947209
vn 0.620637834 -0.647436082 0.442306727
vn 0.977287948 0.032087978 0.20947209
vn -0.831351876 -0.51456058 0.20995611
vn -0.98524946 0.033853542 -0.167742267
vn -0.72406292 0.656178176 -0.212515995
vn -0.33425054 0.941800892 -0.03588327
vn 0.24486731 0.969530821 0.007074172
vn -0.30714491 -0.89224261 0.331006259
vn -0.290089875 -0.918920517 0.267269522
vn 0.0995254 -0.929972649 0.353900522
vn 0.075355962 -0.913023412 0.400886148
vn -0.722340286 -0.672513783 0.161088943
vn -0.76477766 -0.617575049 0.183619961
vn 0.677501619 -0.631759584 0.376658201
vn 0.712037027 -0.622817814 0.324193239
vn 0.988496959 0.061549276 0.138149932
vn 0.983019292 0.052655842 0.175785169
vn 0.989365995 0.082917564 0.119497277
vn 0.762198091 0.638008773 0.109539568
vn 0.763315141 0.644794524 0.039875951
vn 0.988496959 0.061549276 0.138149932
vn -0.796288848 0.559977949 -0.228798896
vn -0.98218435 -0.128554985 -0.13706775
vn 0.743086934 0.669007957 0.015819089
vn -0.261992186 -0.95350039 0.148987249
vn 0.169377491 -0.952516377 0.253029466
vn 0.39607653 0.910236835 -0.120798208
vn -0.330789059 0.915139437 -0.23043111
vn -0.650130987 -0.75659132 0.069995418
vn 0.750297785 -0.609883726 0.255137473
vn 0.989365995 0.082917564 0.119497277
vn 0.983019292 0.052655842 0.175785169
vn 0.299108207 0.940810502 0.159404978
vn -0.798653126 0.568134308 -0.198435426
vn -0.969521999 -0.064061165 -0.236480996
vn -0.370092034 0.928105533 0.040643994
vn -0.680758536 -0.731964529 -0.028207317
vn 0.991143286 0.072746046 0.111098647
vn 0.215889856 -0.968589008 0.123397529
vn -0.244162425 -0.966683984 0.076855868
vn 0.991143286 0.072746046 0.111098647
vn 0.768673897 -0.623380542 0.143307716
vn 0.236305818 0.963766873 0.123745412
vn -0.770891905 0.602161348 -0.207671687
vn -0.982132733 -0.011081587 -0.187862933
vn -0.376974404 0.925376713 0.039602533
vn -0.710666597 -0.698424459 0.084595338
vn -0.680758536 -0.731964529 -0.028207317
vn -0.710666597 -0.698424459 0.084595338
vn -0.950741887 -0.086788088 0.297586441
vn -0.904193401 -0.340029776 0.258484185
vn -0.630219817 -0.773740113 0.064414851
vn -0.650775552 -0.759197831 -0.010482492
vn -0.831351876 -0.51456058 0.20995611
vn -0.76477766 -0.617575049 0.183619961
vn -0.650130987 -0.75659132 0.069995418
vn -0.840520918 0.472921759 0.264328659
vn -0.722340286 -0.672513783 0.161088943
vn -0.478742898 0.834265471 0.273507625
vn -0.693861067 0.243140742 0.677819669
vn -0.333149821 0.330099434 0.883201897
vn -0.288173437 0.89981401 0.327552795
vn 0.026788464 0.997773826 0.061071265
vn -0.12585029 0.989617407 0.069419578
vn 0.116032779 0.577509344 0.808096111
vn -0.129684448 0.949732482 0.284938961
vn -0.113901868 0.988228738 -0.102129452
vn 0.013089044 0.999851048 -0.0112485
vn -0.016737109 0.980254054 -0.19703275
vn -0.397223383 0.917593598 -0.015352482
vn -0.141946942 0.986082733 -0.086556047
vn -0.182745874 0.982469261 -0.036852796
vn -0.111093163 0.966112554 -0.232991174
vn -0.024983976 0.758297503 -0.651429772
vn -0.416004181 0.747138917 0.518386006
vn -0.595792711 0.79924494 0.078984641
vn -0.860861301 0.494412512 0.120308302
vn 0.021476315 -0.788637102 0.614483774
vn 0.097741157 -0.799999893 0.591985583
vn -0.134497017 -0.333532661 0.933095157
vn -0.058747698 -0.6662848 0.743379653
vn 0.027792526 -0.559053361 0.828665733
vn -0.002097226 -0.539728105 0.841836751
vn -0.712471485 -0.68603766 0.147433579
vn -0.443501592 -0.639189422 0.628285944
vn 0.152659431 -0.7263574 0.670149326
vn 0.149580672 -0.688079298 0.710051119
vn -0.010217523 -0.655832648 0.754837155
vn -0.001654923 -0.606211901 0.795301497
vn -0.273930758 -0.543269038 0.793612421
vn -0.176732376 -0.512375593 0.840379059
vn 0.079680793 -0.676681638 0.731951416
vn 0.166354507 -0.668496549 0.724871397
vn -0.789357126 -0.364150375 -0.494277149
vn -0.084250234 -0.543474972 0.835186779
vn -0.016700814 -0.989091337 0.146354184
vn -0.017652176 -0.988395751 0.150871649
vn -0.071208529 -0.984370232 0.161073193
vn -0.040504251 -0.993114948 0.109918408
vn -0.021542246 -0.971636355 0.235496819
vn 0.014566398 -0.975644112 0.218875408
vn 0.417434543 -0.772361159 -0.478755385
vn 0.254562736 -0.954279244 -0.15668118
vn 0.063303813 -0.979074478 0.193405792
vn 0.029026026 -0.985231578 0.168749154
vn -0.008630349 -0.9858284 0.167534769
vn -0.064616621 -0.983618855 0.168281481
vn 0.095591113 -0.992815554 0.071969502
vn 0.048408564 -0.990316212 0.130116642
vn 0.019802101 -0.99329567 0.113892473
vn 0.002951039 -0.994160593 0.107871071
vn 0.589910924 -0.259869426 -0.764508367
vn 0.021693466 -0.987028718 0.159071326
vn -0.08777108 -0.994048774 -0.064522773
vn -0.06539312 -0.984898388 -0.160308704
vn -0.083118245 -0.989701927 0.116539709
vn -0.065344363 -0.997861385 0.001689068
vn -0.009073611 -0.999734104 0.021198114
vn 0.016171675 -0.992684007 0.11965362
vn 0.12158934 -0.896815002 -0.425369203
vn 0.063351735 -0.978552341 -0.196014956
vn -0.003754369 -0.984463036 -0.175552145
vn 0.019870939 -0.996742189 -0.07816752
vn 0.034924008 -0.995679915 -0.08603397
vn 0.00124177 -0.995875955 -0.090717196
vn 0.079745568 -0.993411243 -0.082308374
vn 0.061995041 -0.998076439 0.000183709
vn -0.00698599 -0.995125115 -0.098372757
vn -0.003461647 -0.998363435 -0.057083506
vn 0.450799286 -0.473597676 -0.7566275
vn 0.058639131 -0.997437477 0.040987477
vn -0.686479151 0.387519091 -0.61528486
vn -0.791473031 -0.22150147 -0.569655657
vn 0.31331858 -0.31768465 0.894934595
vn 0.673916221 -0.24812606 0.695895374
vn 0.827437878 -0.157802179 0.538929462
vn 0.590484798 -0.09053918 0.801954091
vn -0.82592392 -0.098698899 -0.55507499
vn -0.945734203 0.18927601 -0.264123738
vn 0.551542699 -0.402326673 0.730707824
vn 0.419124454 -0.573723853 0.703687131
vn 0.274693817 -0.871341228 0.406580687
vn -0.385926843 0.692706943 -0.609276235
vn -0.699319541 0.505411267 -0.505481541
vn 0.896992028 0.414616883 0.153290913
vn 0.868220925 0.489759833 -0.079547226
vn 0.954850316 0.217908666 0.201932535
vn 0.93740052 0.251981795 0.240386084
vn -0.671392143 -0.595963657 -0.440522343
vn -0.507793486 -0.808451295 -0.297577232
vn 0.551155329 -0.116836511 0.826182187
vn 0.584736824 -0.090437263 0.806166172
vn 0.507262111 0.022877723 0.861488104
vn 0.525986433 0.150213644 0.83712256
vn 0.230815887 -0.453681916 0.860753655
vn 0.494564682 -0.282942027 0.821796596
vn 0.59762013 -0.135823414 0.790191233
vn 0.482661635 -0.087671064 0.871407807
vn -0.035213917 0.812059879 -0.582510769
vn 0.893335164 0.048198394 0.446798861
vn 0.660803378 0.198980317 0.723702848
vn -0.787021697 0.291398764 -0.543767929
vn -0.652039587 0.687835872 -0.318945467
vn 0.865533769 0.075830333 0.495076805
vn 0.896368325 0.155034393 0.415316969
vn 0.437350899 -0.120860219 0.891132474
vn 0.242172509 -0.032086994 0.969702542
vn 0.584057271 0.765331745 -0.27045241
vn 0.51464957 0.758411109 -0.399935633
vn 0.657371044 -0.090690531 0.74808991
vn 0.356335491 0.120277159 0.926584303
vn -0.869333684 -0.411770016 -0.273321211
vn -0.970449507 0.104861423 -0.217329159
vn 0.51464957 0.758411109 -0.399935633
vn 0.584057271 0.765331745 -0.27045241
vn -0.162927553 -0.986502111 -0.016381754
vn 0.665869057 0.134945616 0.73376292
vn 0.878466725 0.079979755 0.471062094
vn -0.605852544 0.718280196 -0.342076451
vn -0.963989913 -0.226519987 0.139327332
vn 0.896597385 -0.133049488 0.422387213
vn 0.802483141 -0.185051382 0.567253768
vn 0.933846772 -0.191176802 0.302293867
vn 0.981270254 -0.179313391 0.070395105
vn 0.963639081 -0.251378715 0.090601161
vn 0.945104718 -0.217142224 0.244185239
vn 0.591819048 -0.145727068 0.792788684
vn 0.563141346 -0.376809567 0.735449791
vn -0.246843845 -0.968898892 0.017408555
vn -0.455201387 -0.876322448 0.157640651
vn 0.295931429 -0.900932789 0.317403048
vn 0.405719101 -0.812552392 0.41851005
vn 0.959164262 -0.059411597 0.276539892
vn 0.72168535 -0.140394732 0.677834451
vn 0.868975461 -0.056274779 0.491645068
vn 0.951627851 -0.075644791 0.297795862
vn 0.936845899 0.023035882 0.3489829
vn 0.979407489 -0.015411481 0.201304242
vn 0.971446812 0.170560077 0.164925456
vn 0.919274807 0.191928253 0.343653113
vn 0.995864511 -0.090027928 -0.012201154
vn 0.971884668 -0.168118745 0.164852485
vn 0.973606288 -0.219637677 -0.062048551
vn 0.725866437 -0.33155635 0.602651119
vn 0.800245583 -0.446756899 0.400019139
vn 0.96015799 -0.051521756 0.274667412
vn -0.8346138 -0.412624508 -0.364912093
vn 0.971118271 0.232089043 -0.055352986
vn 0.961710751 -0.066496886 -0.265877038
vn 0.867135584 0.295201123 -0.401163548
vn 0.982831895 -0.180239037 -0.039437734
vn 0.960572362 -0.275384068 -0.038266893
vn -0.148787141 0.837794244 -0.52532202
vn -0.514312208 0.74237597 -0.429372609
vn 0.081967495 0.863077998 -0.498375088
vn 0.237234384 0.753394544 -0.613283455
vn -0.941994309 0.327722728 -0.072418891
vn 0.982408822 -0.02752444 0.184703246
vn 0.986576438 0.131605402 0.096679688
vn 0.992467344 0.055672426 0.109129146
vn 0.994049013 -0.04815881 -0.097710423
vn 0.97808212 -0.205230981 0.035152409
vn 0.984516561 -0.16584374 0.056771915
vn -0.932085037 -0.350906849 0.089899667
vn -0.938479841 -0.283948064 0.196543217
vn -0.950939894 -0.190893427 0.243460551
vn -0.975482702 -0.196973279 0.09815824
vn -0.964625418 0.201871961 0.169545114
vn -0.984602392 0.174790904 0.00250352
vn -0.995264709 -0.017245552 0.095659845
vn -0.957448602 -0.079525545 0.277431011
vn -0.709517539 -0.696917713 0.104358628
vn -0.772988319 -0.610121548 0.173898667
vn -0.990675151 0.122342542 0.05995911
vn -0.948978126 0.071502022 0.307128698
vn -0.997762501 -0.029108796 0.060189456
vn -0.963147581 0.031692173 0.267099857
vn -0.632375002 -0.768216431 0.099726446
vn -0.889515221 -0.455776274 0.032104637
vn -0.848630607 -0.527724087 -0.036515977
vn -0.551944196 -0.833758175 0.014315738
vn -0.962292492 -0.249304622 0.108813822
vn -0.92168957 -0.244563594 0.301126271
vn -0.951286316 -0.307833821 0.017109785
vn -0.9249596 -0.379253715 -0.024828035
vn -0.913317859 0.395589381 0.096744813
vn -0.927626431 0.371378928 -0.039835043
vn -0.922783017 0.363212496 -0.128640249
vn -0.932975769 0.338417262 -0.122596584
vn -0.937451661 0.321157962 -0.134320498
vn -0.903621197 0.3859936 -0.185681403
vn -0.96599561 0.246361837 -0.078474663
vn -0.95534575 0.253977448 -0.151029676
vn -0.990934551 0.087648951 -0.101815157
vn -0.997009397 0.075204812 -0.017794257
vn -0.995353222 -0.096154146 -0.005131717
vn -0.997095227 -0.066720486 0.036735382
vn -0.996366799 0.084360987 0.01168058
vn -0.999194086 0.038823515 -0.010194681
vn -0.853721082 0.48415786 -0.191706941
vn -0.795787334 0.523691833 -0.304087877
vn -0.900501907 0.423994273 0.096566491
vn -0.983596146 0.05886953 0.170507938
vn -0.970243931 0.230262712 0.074872032
vn -0.918236375 -0.393788397 0.042103317
vn -0.996880233 -0.027430927 -0.07400886
vn -0.96554184 -0.259468436 0.020125944
vn -0.966363907 -0.246337295 0.07388337
vn -0.977606714 0.2012088 -0.061645154
vn -0.966487408 -0.19002676 0.172603443
vn -0.984230816 0.133120552 0.116484247
vn -0.931103349 0.350588858 -0.100668013
vn -0.871099472 0.48046419 -0.101685263
vn -0.957659423 -0.190114781 0.216205224
vn -0.973006546 -0.151277512 0.174279451
vn -0.956244946 0.290303588 -0.036324468
vn -0.95858568 -0.277585745 0.063715912
vn 0.222205207 0.202180222 0.953807056
vn -0.168609306 0.148133859 0.974488199
vn -0.07933265 -0.412746817 0.907384396
vn 0.298178375 0.413073987 0.860499561
vn -0.001547471 0.604392469 0.796685159
vn -0.125560209 -0.743038058 0.657365263
vn -0.487361163 -0.374646515 0.788745344
vn -0.001547471 0.604392469 0.796685159
vn 0.100063793 0.432885945 0.895877779
vn -0.332630008 -0.80097276 0.497795165
vn -0.210556731 0.759073734 0.616013765
vn -0.019770503 0.08926829 0.995811403
vn -0.536839128 0.435563117 0.722556949
vn -0.210556731 0.759073734 0.616013765
vn -0.536839128 0.435563117 0.722556949
vn -0.749628425 0.184642494 -0.635581911
vn -0.685280979 0.422738999 -0.593027711
vn 0.755189419 -0.434643686 0.490687132
vn 0.707026422 -0.638690114 0.303625971
vn 0.561924458 0.565379083 0.603810787
vn 0.71013099 0.172557577 0.682596385
vn 0.585494518 -0.797168255 0.147373855
vn -0.30070591 0.81254679 -0.499343306
vn -0.603085458 0.533551395 -0.592967927
vn 0.045348685 -0.930004299 -0.364740193
vn 0.349743813 -0.931346238 -0.101358309
vn -0.407070369 -0.657912195 -0.633597076
vn -0.601817548 -0.424272329 -0.676615655
vn 0.378620774 0.843704522 0.380537719
vn 0.28821227 0.948759258 0.129574716
vn -0.732083499 -0.158224791 -0.662584841
vn 0.751229823 -0.189791709 0.632165253
vn 0.269452602 0.9595505 -0.081598036
vn 0.64693445 -0.757836103 0.084618784
vn 0.383970767 -0.904637575 -0.184925213
vn -0.563069522 0.586007118 -0.582707882
vn -0.707172036 0.432047546 -0.559680879
vn -0.383574009 -0.701357067 -0.60080719
vn -0.569904685 -0.501630127 -0.65082705
vn 0.312215358 0.846468389 0.431292146
vn 0.548595488 0.513813913 0.65957433
vn 0.157785401 0.984684408 0.074165344
vn -0.709758937 -0.174327791 -0.682533622
vn 0.685938299 0.144959897 0.713074505
vn 0.747736454 -0.221013814 0.626133502
vn 0.157106385 0.977278411 -0.142282993
vn -0.748302042 0.175920635 -0.639606178
vn 0.754720509 -0.513190687 0.408695847
vn 0.728402555 -0.642275214 0.238563105
vn -0.209239304 0.791255176 -0.5745731
vn 0.08639586 -0.908588588 -0.408659488
vn -0.260719776 -0.719386518 -0.643823266
vn -0.521603167 -0.505857527 -0.687050521
vn 0.138725564 0.698305249 0.702228665
vn 0.458377689 0.362171769 0.8116166
vn 0.399548471 0.916379154 0.024703998
vn -0.707793117 -0.198044062 -0.678091049
vn 0.681228399 0.118042074 0.722491443
vn 0.841699958 -0.189994246 0.505414128
vn 0.624898195 0.589673996 -0.511651158
vn -0.815419137 0.094672866 -0.57107687
vn 0.864799559 -0.467521876 0.183153182
vn -0.820323229 0.386167586 -0.421834588
vn 0.835576475 -0.544764638 0.071017504
vn 0.759710491 -0.647412121 -0.060807791
vn 0.030202316 0.80700779 -0.589767992
vn -0.599820018 0.69363451 -0.398857355
vn 0.203388393 -0.82533443 -0.526741147
vn 0.496704906 -0.795535147 -0.346998721
vn -0.448440224 -0.417991549 -0.790053427
vn -0.66988945 -0.251042128 -0.698731661
vn 0.684995353 0.077709362 0.724391222
vn 0.924601972 -0.069727316 0.374498904
vn 0.057690848 -0.712931156 0.698856831
vn 0.450548857 -0.889838099 -0.072069786
vn -0.858752728 -0.084739804 -0.505334437
vn 0.961790383 -0.27377671 0.002375152
vn -0.966549337 0.098335452 -0.236880809
vn 0.937522292 -0.340693384 -0.070568189
vn 0.336790442 0.040315952 0.940716207
vn 0.86541605 -0.445630938 -0.229059219
vn -0.932416677 0.232768238 0.276438266
vn -0.968382835 0.232732177 0.089836016
vn 0.385184675 -0.623376071 -0.680466771
vn 0.62617141 -0.561920762 -0.540513217
vn -0.142299682 -0.588499784 -0.795876086
vn 0.012005948 -0.106065013 0.994286716
vn -0.079077646 -0.253296167 -0.964151323
vn -0.376429617 -0.197477818 -0.905153751
vn -0.012764481 -0.496403992 0.867997766
vn 0.275508642 -0.14233467 0.950702786
vn -0.212771401 -0.746421754 0.630541801
vn -0.610776365 -0.167019412 -0.773987532
vn 0.633939922 0.073386043 0.769892633
vn 0.931438744 0.10353598 0.348858416
vn -0.332872897 -0.829864264 0.44779563
vn -0.846345365 -0.110201351 -0.521109641
vn 0.999648929 -0.005377522 -0.025943872
vn -0.988882184 -0.071064331 -0.13062124
vn 0.983773828 -0.088785864 -0.155904338
vn 0.912052274 -0.146379277 -0.383058399
vn -0.702663243 -0.505304694 0.500930727
vn -0.929066956 -0.178315505 0.324095994
vn 0.484759539 -0.240035817 -0.841065407
vn 0.68864435 -0.203338489 -0.696004629
vn -0.352164209 -0.038521759 -0.93514514
vn -0.617472172 -0.064631872 -0.783932984
vn 0.636150956 0.167149052 0.753241718
vn 0.903535664 0.231543019 0.36057049
vn -0.31113255 -0.481611252 0.819296777
vn -0.561735988 -0.594972253 0.574857175
vn -0.855603337 -0.093117766 -0.509187698
vn 0.980121136 0.196170747 0.029659009
vn -0.978304684 -0.155580387 -0.136801943
vn 0.966448605 0.15690057 -0.203370124
vn 0.380263448 0.032642405 0.924302042
vn 0.864251256 0.150985405 -0.479867905
vn -0.848531067 -0.415266842 0.327945799
vn -0.933791935 -0.268684596 0.236307427
vn 0.449828684 0.0830345 -0.889246583
vn 0.652924001 0.119324319 -0.747965276
vn -0.066004805 0.005091303 -0.99780637
vn 0.063364111 -0.218335241 0.973814547
vn -0.670329332 -0.005786084 -0.74204123
vn -0.879502296 -0.080848455 -0.468976796
vn 0.854545474 0.271004677 0.443067163
vn 0.955039859 0.280092895 0.097194672
vn -0.972741604 -0.171473309 -0.156111136
vn 0.930424333 0.285283387 -0.230052024
vn 0.415881366 0.086471051 0.905298531
vn 0.617395401 0.194200322 0.7623052
vn 0.79542321 0.289775312 -0.532289624
vn -0.910292745 -0.352299094 0.217376515
vn -0.948163509 -0.276476622 0.156673536
vn 0.442498356 0.210684761 -0.871669233
vn 0.63731885 0.264158428 -0.723909497
vn -0.073916256 0.09331613 -0.992888927
vn -0.393620521 0.044892278 -0.918176293
vn 0.080542028 -0.104868159 0.991219282
vn -0.34244293 -0.313209623 0.885794818
vn -0.649877012 -0.403220266 0.644261777
vn -0.89749068 -0.022728851 -0.440447241
vn -0.977757096 -0.084546298 -0.19194521
vn 0.934179008 0.332595497 0.129189208
vn 0.894187868 0.360130042 -0.265959561
vn 0.418154866 0.139103651 0.897661805
vn 0.633458912 0.213631317 0.74370122
vn 0.75989145 0.358089596 -0.542528093
vn -0.966931403 -0.204047173 0.15299812
vn -0.983014286 -0.162671849 0.084974676
vn 0.448558897 0.302808732 -0.840893447
vn 0.633231223 0.341265857 -0.694662452
vn -0.157306328 0.188123494 -0.969465971
vn -0.457163006 0.136237159 -0.878886461
vn 0.108243927 0.044915516 0.993109226
vn -0.329647511 -0.096456826 0.939163804
vn -0.700463533 0.073389806 -0.70990479
vn 0.822882593 0.284022331 0.492133677
vn -0.6904369 -0.201749325 0.694689989
vn 0.413831532 0.119496308 0.902476728
vn 0.657286286 0.210355878 0.723688602
vn 0.865194023 0.439062208 -0.242205963
vn 0.742362797 0.438675582 -0.506420016
vn -0.977890134 -0.16571252 0.127555355
vn -0.987403691 -0.148475304 0.05467191
vn 0.41493538 0.399067491 -0.81766367
vn 0.611181915 0.421733856 -0.669773996
vn -0.980242252 -0.081120282 -0.180401534
vn -0.285982698 0.254282206 -0.9238801
vn -0.523427963 0.188917592 -0.830862999
vn 0.125390217 0.040093709 0.991297066
vn -0.281913757 -0.070913285 0.956815541
vn -0.744159162 0.106759287 -0.659416139
vn 0.818023443 0.296096504 0.493117094
vn -0.675360441 -0.157467693 0.720480502
vn -0.910503805 0.001012361 -0.413499564
vn 0.909625351 0.390532404 0.141654998
vn 0.426138848 0.422982723 -0.799682021
vn 0.648506582 0.437646151 -0.622820318
vn 0.795672536 0.442425787 -0.413720518
vn -0.980293334 -0.190645665 0.051761091
vn -0.976040363 -0.109632 -0.187952191
vn -0.327684015 0.246765763 -0.911992252
vn -0.587793291 0.152249321 -0.794555962
vn 0.136303529 0.004728362 0.990655839
vn 0.435360581 0.106667183 0.89391464
vn -0.268546045 -0.097395033 0.958330452
vn -0.768809557 0.085989669 -0.633670032
vn 0.676568389 0.209050581 0.70608294
vn 0.825574756 0.285556853 0.486706972
vn -0.648580492 -0.168610737 0.74223572
vn -0.898890316 0.000580747 -0.438173354
vn 0.909343541 0.372299016 0.185708702
vn 0.891272783 0.42665714 -0.153611645
vn -0.963529766 -0.203887701 0.173320934
vn -0.291315287 0.239706159 -0.926108181
vn -0.586576402 0.128684744 -0.799605131
vn 0.175327569 0.004907194 0.984497964
vn 0.486493975 0.124869525 0.864714563
vn -0.21454367 -0.121733353 0.969098568
vn -0.777797461 0.033696238 -0.627611101
vn 0.690897048 0.210959435 0.691489339
vn 0.823220968 0.264810979 0.502177656
vn -0.569556832 -0.219354868 0.792141736
vn -0.880462646 -0.039216131 -0.472490877
vn 0.914697766 0.321445405 0.244950846
vn -0.963552952 -0.14897868 -0.222196147
vn 0.928036511 0.368217647 -0.056250013
vn 0.856530368 0.397889048 -0.328694552
vn -0.921146095 -0.281844318 0.268428206
vn -0.968422413 -0.244843289 0.047007609
vn 0.485079676 0.40144062 -0.776880383
vn 0.714359105 0.411522299 -0.565986276
vn -0.570296884 0.14444457 -0.808639169
vn -0.774247825 0.052685816 -0.630685747
vn 0.626932979 0.347366244 0.69734621
vn 0.747953415 0.397621989 0.531471908
vn -0.169804469 0.02444141 0.985174656
vn -0.516935885 -0.097211912 0.850486457
vn -0.883494139 -0.009372679 -0.468348414
vn 0.844524086 0.44314009 0.300675899
vn -0.966062605 -0.077642418 -0.246363178
vn 0.880818069 0.473169386 0.016440222
vn 0.464706749 0.276679099 0.841127992
vn 0.832598388 0.486024141 -0.265632212
vn -0.921201825 -0.181622371 0.34409368
vn -0.986775577 -0.151153073 0.058537748
vn 0.496696681 0.44402647 -0.745743215
vn 0.713414729 0.477133811 -0.513208389
vn -0.27037102 0.250778735 -0.929521143
vn 0.185817331 0.165876016 0.968481839
vn -0.766399086 0.152347162 -0.624037445
vn -0.879918396 0.090680882 -0.466391146
vn 0.665102661 0.551438272 0.503541768
vn 0.737227619 0.60780561 0.295072645
vn -0.960146368 0.03605571 -0.277162522
vn 0.764315546 0.64424938 0.027651364
vn 0.456749886 0.417866707 0.785345137
vn 0.575023353 0.48925066 0.655730069
vn 0.72220391 0.648991764 -0.239230424
vn -0.947699666 -0.065569162 0.312355787
vn -0.999685884 -0.025062805 0.000113148
vn 0.410260886 0.593873978 -0.692098081
vn 0.618813455 0.633835614 -0.464028329
vn -0.300084591 0.35180831 -0.886668026
vn -0.578206062 0.236591652 -0.780834258
vn 0.23707056 0.311819643 0.920090318
vn -0.100029334 0.169142336 0.980502427
vn -0.482949078 0.034415942 0.874971867
vn -0.781561315 0.316786528 -0.537408829
vn -0.891179383 0.20209305 -0.406149864
vn 0.561931491 0.824360967 0.068279333
vn 0.489049733 0.86126101 -0.138057157
vn 0.578338683 0.56637764 0.587146223
vn 0.614374816 0.672072828 0.413354158
vn 0.372451514 0.868222833 -0.327824682
vn -0.99424237 0.03925845 0.099704318
vn -0.975796759 0.106765695 -0.190845177
vn 0.016500818 0.811457872 -0.584177911
vn 0.225498185 0.852744401 -0.471144915
vn -0.401505113 0.630854726 -0.663939774
vn -0.522058368 0.553481221 -0.648932695
vn 0.403905123 0.429632574 0.80763638
vn -0.002557128 0.255156368 0.966896474
vn -0.649218023 0.445976645 -0.616133809
vn 0.600716174 0.7581985 0.253525347
vn -0.555551112 0.092581071 0.826312184
vn 0.557619274 0.724087656 -0.405903697
vn 0.365608901 0.738603771 -0.566387296
vn -0.220987797 0.59675467 -0.771393716
vn -0.391983449 0.500689089 -0.77178973
vn -0.823293388 0.135214657 -0.551275849
vn -0.129065022 0.275473714 -0.952605069
vn 0.046260159 0.297869593 -0.953485012
vn -0.686594963 0.238137826 -0.686933577
vn -0.692210793 0.195963204 -0.694580913
vn -0.551499963 -0.699454725 -0.454544634
vn -0.674565673 -0.498731196 -0.544268727
vn -0.551138878 0.383392125 -0.741118312
vn 0.299088717 0.2445447 -0.922357738
vn -0.487884998 0.345962137 -0.801422775
vn -0.3138192 0.749295592 -0.583158314
vn 0.410541117 0.593579173 -0.692184865
vn 0.666137397 0.727758348 -0.163183078
vn -0.324501306 0.124061488 -0.9377141
vn -0.290368021 0.199231118 -0.935945213
vn -0.380828589 0.114704721 -0.917503357
vn 0.20322299 0.552330375 -0.808474839
vn 0.159611389 0.726075709 -0.668833494
vn -0.380763829 0.145520508 -0.913149893
vn -0.851627171 -0.092956699 -0.515839398
vn -0.1782628 0.465180188 -0.867081225
vn -0.034829106 0.685113251 -0.727603436
vn -0.967000604 0.092328511 0.237455949
vn -0.948317528 0.234028921 0.214299664
vn -0.900523901 0.25026691 -0.355560362
vn -0.797536731 0.512110174 -0.318870515
vn -0.97158736 0.234677419 -0.030732764
vn -0.871758163 0.461731821 -0.163833365
vn -0.940547764 -0.280683845 -0.191276014
vn -0.804408729 -0.46853295 -0.365244478
vn -0.862681508 0.501791656 0.063132666
vn -0.960493386 -0.109431408 0.255885243
vn -0.992934644 0.008831655 -0.118333533
vn -0.962489188 -0.037557613 -0.268708169
vn -0.882427633 -0.110197961 -0.457359761
vn -0.776000142 -0.630730331 0.001741223
vn 0.999417245 -0.032516118 -0.010386817
vn 0.997793972 0.016739598 0.064242266
vn -0.569555998 0.359319121 -0.739253461
vn -0.347260535 0.416030377 -0.840433717
vn -0.380763829 0.145520508 -0.913149893
vn -0.380828589 0.114704721 -0.917503357
vn -0.714169919 0.259030789 -0.650280297
vn -0.324501306 0.124061488 -0.9377141
vn 0.974578559 0.132262513 0.180840537
vn 0.814060986 0.58076793 0.003661962
vn -0.654653668 -0.755800486 0.013935696
vn -0.964180291 -0.197861969 -0.176655307
vn 0.815190792 -0.481665611 0.321655571
vn 0.309650809 -0.899841905 0.307247311
vn -0.253778189 -0.947372377 0.195146799
vn -0.789269269 0.550513923 -0.27200827
vn -0.295635074 0.916819394 -0.26840663
vn -0.654653668 -0.755800486 0.013935696
vn 0.384043515 0.907266259 -0.171401739
vn 0.974578559 0.132262513 0.180840537
vn -0.270888656 0.913070679 -0.304829985
vn 0.406565189 0.897289753 -0.171976641
vn 0.799077928 0.600525081 0.029055355
vn 0.821259975 -0.440540522 0.362568706
vn 0.959782481 0.157931149 0.232110545
vn -0.637850225 -0.769895077 0.02021461
vn -0.962455928 -0.175939202 -0.206697822
vn 0.959782481 0.157931149 0.232110545
vn 0.266610503 -0.913945794 0.305977076
vn -0.203753933 -0.962746203 0.177775562
vn -0.637850225 -0.769895077 0.02021461
vn -0.835772693 0.452548742 -0.310940027
vn -0.832629502 0.483736038 -0.269680411
vn -0.216692567 0.941476524 -0.258198291
vn -0.923980534 -0.349226922 -0.155886337
vn 0.481674701 0.861899555 -0.158488736
vn 0.82877171 0.558254659 -0.038589921
vn 0.844540298 -0.442237139 0.301957041
vn 0.983032823 0.14058511 0.117823556
vn -0.536107779 -0.840747535 -0.075709738
vn 0.983032823 0.14058511 0.117823556
vn 0.357974678 -0.870878875 0.336784929
vn -0.242418796 -0.966932118 0.079217128
vn -0.536107779 -0.840747535 -0.075709738
vn 0.789565504 -0.514254749 0.334855765
vn 0.242012814 -0.947771966 0.207745224
vn -0.183612332 -0.978261888 -0.096386075
vn -0.386765778 -0.892229259 -0.233107597
vn -0.855795145 0.453617245 -0.248688698
vn -0.232031465 0.955807149 -0.180538476
vn -0.830335796 -0.483617067 -0.276869982
vn 0.487385452 0.866180301 -0.110395476
vn 0.861497581 0.50604701 -0.041693632
vn 0.993431211 0.066985093 0.092776738
vn -0.386765778 -0.892229259 -0.233107597
vn 0.993431211 0.066985093 0.092776738
vn 0.787048757 -0.467557967 0.402422488
vn 0.961223543 0.039983787 0.272856534
vn -0.318240911 -0.898560584 -0.302177906
vn -0.751604676 -0.528149605 -0.395156145
vn 0.961223543 0.039983787 0.272856534
vn 0.873728752 0.46603933 0.139303252
vn 0.09282694 -0.991954803 0.08607471
vn -0.156975999 -0.971986294 -0.174932167
vn -0.318240911 -0.898560584 -0.302177906
vn -0.913686037 0.225923762 -0.337840647
vn -0.295748383 0.946575761 -0.128558531
vn 0.505333841 0.861519814 0.049207218
vn -0.192042395 0.97953999 -0.060175937
vn 0.472714394 0.852985561 0.22126165
vn 0.834870815 0.42160508 0.353892535
vn 0.336279869 -0.777545214 0.531356096
vn 0.872909486 -0.059631415 0.48422429
vn -0.005227202 -0.664105833 -0.747620404
vn -0.479850441 -0.49989152 -0.721007645
vn 0.872909486 -0.059631415 0.48422429
vn -0.326774657 -0.907208622 0.264935642
vn -0.122930124 -0.719259501 -0.68377918
vn -0.005227202 -0.664105833 -0.747620404
vn -0.826128542 0.486842811 -0.283717692
vn 0.779280484 0.373963237 0.502865255
vn 0.542059302 0.786073327 0.297086626
vn 0.726832926 -0.133752644 0.673664689
vn 0.951567769 -0.061416358 0.301242203
vn 0.89024812 -0.093342327 0.445808858
vn 0.708047986 -0.285580963 0.645841777
vn 0.58688736 -0.364578217 0.722942591
vn 0.850433469 -0.147036493 0.505116999
vn 0.702259064 -0.222671628 0.676202297
vn 0.702259064 -0.222671628 0.676202297
vn 0.850433469 -0.147036493 0.505116999
vn 0.959053159 0.127119169 0.253096342
vn 0.834255695 0.279812813 0.475102246
vn 0.870313644 -0.166823432 0.463383257
vn 0.786847591 -0.27366814 0.553151548
vn 0.929038167 -0.153172255 0.336788476
vn 0.823337674 -0.253864825 0.507609785
vn 0.951507211 0.03559364 0.30556035
vn 0.899407864 -0.032786824 0.435879081
vn 0.147309437 0.956484497 -0.251867771
vn 0.4254224 0.793993473 -0.434269637
vn -0.158011496 0.783124566 -0.601455152
vn -0.426177025 0.818549097 -0.385162979
vn 0.950229585 0.173041508 0.259075999
vn 0.92512852 0.135913283 0.354492337
vn 0.968205571 0.004238592 0.250120044
vn 0.945445359 -0.049427193 0.322009534
vn 0.761304677 -0.591139376 0.266401023
vn 0.8214432 -0.50957334 0.256058902
vn 0.936025381 -0.231521279 0.265055746
vn 0.746942997 -0.602626979 0.28092137
vn 0.581820607 0.274791569 -0.765489697
vn 0.313635826 -0.586507082 0.746754289
vn 0.726832926 -0.133752644 0.673664689
vn 0.986884534 -0.089535534 0.134322047
vn -0.959739029 -0.279354244 -0.029362155
vn -0.99600327 -0.077720523 0.044011381
vn -0.955784142 0.223929971 -0.190609604
vn -0.774564743 0.489637882 -0.400380135
vn -0.98829633 -0.021232206 -0.151061237
vn -0.386431068 -0.486675829 -0.783465147
vn -0.907959282 -0.415443867 0.054921445
vn -0.967855632 -0.24623169 0.051239073
vn -0.901297748 0.381750166 -0.204766139
vn -0.833061337 0.455345869 -0.314116329
vn -0.986890614 -0.151575044 -0.055424448
vn -0.636233985 0.595278621 -0.490764439
vn -0.999288082 0.035149157 0.013708912
vn 0.118847132 -0.953361034 0.27744934
vn 0.770610511 -0.557407916 0.308959275
vn 0.967614293 -0.010406575 0.252218664
vn 0.941026449 -0.156122133 0.300158471
vn -0.037973348 0.07544928 -0.996426284
vn 0.302726865 0.239691675 -0.922444761
vn 0.055681318 -0.426609814 -0.902720153
vn 0.302726865 0.239691675 -0.922444761
vn 0.117157392 0.801631868 -0.586225688
vn -0.08081048 0.992879629 -0.087519951
vn -0.248662397 -0.959903896 0.129427493
vn 0.113429502 -0.993546069 0.000251954
vn 0.437769443 -0.886894643 0.147566363
vn 0.178821281 -0.969379067 0.168306708
vn 0.061051052 -0.978492558 0.197040915
vn -0.381348044 -0.916013539 0.12447077
vn -0.430265188 -0.89313668 0.131067619
vn 0.706581593 0.690900922 0.152965292
vn 0.879287362 0.471342057 -0.068486847
vn -0.797993064 0.126825422 -0.589170933
vn -0.911880434 0.19969289 -0.358604103
vn -0.837843895 0.340248317 -0.426906019
vn -0.837149441 -0.0050974 -0.546950459
vn -0.948350132 0.035756778 -0.315203905
vn -0.855971038 -0.142924398 -0.496876478
vn -0.953204453 -0.11374905 -0.280111492
vn -0.85088402 -0.26747039 -0.452168137
vn -0.938682854 -0.235016942 -0.252272993
vn -0.818472207 -0.390864313 -0.421103865
vn -0.905841589 -0.354031026 -0.232622132
vn -0.92116493 0.030563181 -0.387970448
vn -0.893177032 0.017046243 0.449382156
vn -0.787996471 -0.052416619 0.613444388
vn -0.812901497 -0.270303398 0.51587522
vn -0.77905643 -0.170069844 0.603446186
vn -0.27033186 0.961704195 0.04523012
vn -0.231465429 0.972823024 0.006255544
vn -0.280319422 0.95371145 0.108883493
vn -0.308425397 0.946896553 0.090888157
vn -0.309373111 0.94840306 0.069425553
vn -0.243118927 0.969512284 0.030644024
vn -0.107752286 0.992955148 -0.04929151
vn 0.107993484 0.962974966 -0.24701567
vn -0.753627717 -0.523134649 -0.39796406
vn -0.844423771 -0.488033742 -0.220842868
vn -0.654716849 -0.655489385 -0.376403302
vn -0.740832627 -0.630861938 -0.230608657
vn -0.719450355 0.433455467 -0.542685568
vn -0.427881539 -0.840347111 -0.332767397
vn -0.674565673 -0.498731196 -0.544268727
vn -0.551499963 -0.699454725 -0.454544634
vn -0.267984509 0.211135611 -0.940003216
vn 0.228386745 -0.878884077 -0.418810546
vn 0.065486096 -0.934761345 -0.349188775
vn -0.072128393 -0.956591785 -0.282364458
vn -0.091838352 -0.921838403 -0.376536429
vn -0.087442532 -0.855566204 -0.510255218
vn -0.026237099 -0.79313606 -0.608479142
vn -0.11123345 -0.781573832 -0.613815546
vn -0.206338048 -0.824618757 -0.526714921
vn -0.147681236 -0.835134923 -0.529849052
vn -0.013893506 -0.80435288 -0.593989491
vn 0.157234803 -0.657091796 -0.737229645
vn 0.256302804 -0.27114138 -0.927788377
vn 0.240645915 0.050848253 -0.969280183
vn 0.239688829 0.157367423 -0.958010852
vn 0.201429874 0.258571893 -0.944757462
vn 0.103432976 0.344692677 -0.93299979
vn 0.039076693 0.357149184 -0.933229566
vn 0.08074712 0.345232457 -0.935037136
vn 0.127253935 0.361138523 -0.923788667
vn 0.067038521 0.490975201 -0.868590355
vn -0.221886978 0.722796917 -0.654469907
vn -0.684409857 -0.152630061 -0.7129426
vn 0.032205142 -0.969593227 -0.242593676
vn -0.163274333 -0.937743604 -0.306559205
vn 0.877223313 0.479286671 -0.027633265
vn 0.621688545 0.733507752 -0.274717838
vn 0.540151596 0.653681934 -0.530034184
vn 0.854475617 0.476582617 -0.206737742
vn 0.540151596 0.653681934 -0.530034184
vn 0.621688545 0.733507752 -0.274717838
vn 0.650062561 0.445067406 -0.615900755
vn 0.324247092 0.563255787 -0.760004461
vn -0.265982151 0.943313777 -0.198525831
vn -0.844292939 0.513569415 -0.153022394
vn -0.544498861 0.806180716 -0.231503084
vn -0.437144369 -0.873024642 -0.216177657
vn 0.090634346 -0.97908783 -0.182132944
vn -0.089596316 0.899406493 -0.427832335
vn 0.743609548 -0.662411332 -0.090863183
vn 0.113429502 -0.993546069 0.000251954
vn 0.090634346 -0.97908783 -0.182132944
vn 0.58891803 -0.78512156 -0.191728204
vn 0.939872324 -0.325737536 -0.102640688
vn 0.865140319 -0.458761722 -0.202656984
vn 0.967727005 -0.244441509 -0.061260086
vn 0.933620155 -0.268991381 -0.236637026
vn 0.977169693 -0.177652404 -0.116529122
vn 0.92476368 -0.126653835 -0.358846784
vn 0.98336345 0.041751273 -0.176785618
vn 0.87739718 0.12397287 -0.463470548
vn 0.73783946 0.37816751 -0.559090555
vn 0.394629776 0.549502373 -0.736420095
vn -0.029182469 0.622661531 -0.781946898
vn 0.856604338 -0.509782374 0.079693012
vn 0.437769443 -0.886894643 0.147566363
vn 0.982870996 -0.178089008 0.047423597
vn 0.936025381 -0.231521279 0.265055746
vn 0.8214432 -0.50957334 0.256058902
vn 0.871167004 -0.331352443 0.362317175
vn 0.892348647 -0.243663937 0.379923582
vn 0.967614293 -0.010406575 0.252218664
vn 0.971222878 -0.229322597 0.064321637
vn 0.941026449 -0.156122133 0.300158471
vn 0.963585615 -0.258871913 0.06699428
vn 0.871167004 -0.331352443 0.362317175
vn 0.996134818 -0.045816015 0.074942313
vn 0.892348647 -0.243663937 0.379923582
vn -0.28160879 -0.782748401 -0.554978788
vn -0.537255943 -0.698954999 -0.472035974
vn -0.593463659 -0.677521706 -0.434471279
vn -0.551677644 -0.618701398 -0.559339285
vn -0.50132066 -0.567858577 -0.652850807
vn -0.38978824 -0.537765205 -0.747578561
vn -0.342612833 -0.578778505 -0.740021527
vn -0.407070369 -0.657912195 -0.633597076
vn -0.383574009 -0.701357067 -0.60080719
vn -0.260719776 -0.719386518 -0.643823266
vn -0.142299682 -0.588499784 -0.795876086
vn -0.079077646 -0.253296167 -0.964151323
vn -0.066004805 0.005091303 -0.99780637
vn -0.073916256 0.09331613 -0.992888927
vn -0.157306328 0.188123494 -0.969465971
vn -0.285982698 0.254282206 -0.9238801
vn -0.327684015 0.246765763 -0.911992252
vn -0.291315287 0.239706159 -0.926108181
vn -0.27037102 0.250778735 -0.929521143
vn -0.300084591 0.35180831 -0.886668026
vn -0.401505113 0.630854726 -0.663939774
vn -0.3138192 0.749295592 -0.583158314
vn -0.47269842 0.517386436 -0.713349521
vn -0.683885455 -0.722447813 0.101832561
vn -0.91959554 -0.17459181 0.351940006
vn -0.885244071 -0.198597535 0.420597076
vn -0.915792227 -0.22419773 0.333256602
vn -0.847028375 -0.412456483 0.335294783
vn -0.75538218 -0.558500469 0.342746466
vn -0.487689257 -0.778347433 0.395391583
vn 0.634086311 -0.730983198 -0.252186745
vn 0.599243462 0.572854877 -0.559235752
vn 0.084907264 0.930426359 -0.356507421
vn 0.324247092 0.563255787 -0.760004461
vn -0.057809204 0.427499294 -0.902165413
vn 0.230406284 0.381021947 -0.895396709
vn -0.129065022 0.275473714 -0.952605069
vn -0.267984509 0.211135611 -0.940003216
vn 0.451020926 0.322048575 -0.832385063
vn 0.046260159 0.297869593 -0.953485012
vn 0.664244354 0.171913981 -0.727478564
vn 0.299088717 0.2445447 -0.922357738
vn 0.846102655 -0.028372144 -0.532264471
vn 0.919065118 -0.217555046 -0.328617096
vn 0.869130611 -0.45941925 -0.183155447
vn 0.577035785 -0.801047862 -0.159223273
vn 0.032205142 -0.969593227 -0.242593676
vn -0.163274333 -0.937743604 -0.306559205
vn 0.525482059 -0.838687301 -0.143081278
vn -0.366182506 0.150039956 -0.918367207
vn -0.458744138 0.1208262 -0.880315244
vn -0.697023928 -0.23240605 -0.678339958
vn -0.702833235 -0.364182591 -0.611061811
vn 0.525482059 -0.838687301 -0.143081278
vn 0.932114244 -0.305594444 -0.194358081
vn 0.869306266 0.015521764 -0.494030088
vn -0.579470575 0.010243154 -0.81492877
vn 0.602202356 0.17407684 -0.779133916
vn -0.658333778 -0.103616901 -0.745560288
vn -0.163274333 -0.937743604 -0.306559205
vn 0.525482059 -0.838687301 -0.143081278
vn -0.366182506 0.150039956 -0.918367207
vn 0.869306266 0.015521764 -0.494030088
vn 0.602202356 0.17407684 -0.779133916
vn -0.702833235 -0.364182591 -0.611061811
vn -0.579470575 0.010243154 -0.81492877
vn -0.658333778 -0.103616901 -0.745560288
vn -0.697023928 -0.23240605 -0.678339958
vn 0.932114244 -0.305594444 -0.194358081
vn -0.458744138 0.1208262 -0.880315244
vn 0.121351518 0.474449039 0.871878386
vn 0.278889805 0.251360387 0.926843286
vn 0.231183395 0.214046106 0.94907248
vn 0.076130509 0.449291319 0.890135705
vn 0.09224727 0.198183462 0.975814462
vn -0.044917669 0.424481809 0.904321611
vn 0.400079399 0.116179124 0.909086823
vn 0.361515582 0.046339896 0.931213796
vn 0.272953719 -0.019578991 0.961827934
vn 0.680999458 -0.397723377 0.614862442
vn 0.731253266 -0.566575944 0.379816324
vn 0.767258644 -0.558639586 0.315017343
vn 0.697644711 -0.369190514 0.613995314
vn 0.800325811 -0.518423796 0.301190048
vn 0.70605123 -0.363541842 0.607724488
vn 0.742300391 -0.669756353 -0.020413803
vn 0.777480006 -0.628902793 -0.002489039
vn 0.706672847 -0.706551909 -0.037389245
vn 0.689618707 -0.652320087 -0.314491004
vn 0.668766975 -0.680289924 -0.299927384
vn -0.104485288 0.687785327 0.718355179
vn -0.130243838 0.679633856 0.72189641
vn -0.2218716 0.622981966 0.750110984
vn -0.604941666 0.543604076 -0.581842065
vn -0.514882088 0.433041811 -0.739845455
vn -0.44193846 0.528387606 -0.72491169
vn -0.527144849 0.609868884 -0.591758668
vn 0.137495518 -0.163953289 -0.976839006
vn 0.203343749 -0.421369791 -0.883797944
vn 0.472395271 -0.58645469 -0.657961667
vn 0.492782801 -0.488191277 -0.720301628
vn 0.588983417 -0.659234762 -0.467448413
vn 0.594676852 -0.464316368 -0.656330526
vn -0.337531894 0.807405472 0.483909816
vn -0.504296005 0.83237648 0.229858786
vn -0.548927426 0.801436722 0.237440333
vn -0.365530103 0.789580405 0.492900103
vn -0.628422678 0.773907185 -0.078438945
vn -0.631171882 0.764529645 -0.130830213
vn -0.656929374 0.649272323 -0.383261442
vn -0.597618222 0.683354199 -0.41937986
vn -0.759274483 0.58746022 -0.279986918
vn -0.72124666 0.429968834 -0.543074667
vn -0.613727331 0.29147765 -0.733743608
vn 0.204111889 -0.484161526 -0.850838363
vn 0.525314212 -0.670617282 -0.523753345
vn 0.609939456 -0.680045664 -0.406831324
vn -0.412737101 0.749995768 0.516869962
vn -0.558753908 0.781743705 0.276895195
vn 0.684234142 -0.655623138 -0.31934604
vn -0.686450601 0.726835191 0.022276191
vn -0.408155918 0.311907649 -0.857975781
vn -0.347547144 0.439987004 -0.828023255
vn -0.492749035 0.163393378 -0.854693532
vn 0.636846542 -0.565455675 -0.52410537
vn 0.711000323 -0.577586114 -0.401089638
vn -0.554299355 0.592967927 0.584073007
vn -0.682356179 0.646650016 0.340930909
vn -0.033331156 0.191949993 0.980838597
vn -0.205705613 0.361374229 0.909447014
vn 0.762522399 -0.568755567 -0.30834505
vn -0.448860317 0.184346974 -0.874380112
vn -0.586143553 0.298634976 -0.753161907
vn -0.749852479 0.65058893 0.120230071
vn 0.239589691 -0.020051967 0.970667183
vn -0.790728033 0.586637855 -0.17494379
vn -0.366348445 0.49112463 0.790307224
vn -0.724504709 0.441213191 -0.529550672
vn 0.819675386 -0.489905804 0.296857834
vn 0.709627986 -0.364848763 0.60275501
vn 0.317950457 -0.396249384 -0.861332715
vn 0.830523491 -0.556972563 0.003516737
vn 0.694224477 -0.499903828 -0.51783061
vn 0.754949033 -0.520838082 -0.398471564
vn -0.631751418 0.512712657 0.581391394
vn -0.730256021 0.611951351 0.303713083
vn 0.258188516 -0.001186013 0.966093838
vn -0.061450016 0.192665443 0.979338586
vn 0.804815233 -0.511819303 -0.300522149
vn -0.750078201 0.655494273 0.087806217
vn 0.867183983 -0.497981608 0.002509602
vn -0.735391796 0.647072434 -0.201236993
vn -0.450298011 0.382874846 0.80662173
vn -0.630501509 0.527307451 -0.569574177
vn 0.847603083 -0.459245145 0.265824914
vn 0.725863993 -0.357534975 0.587614
vn -0.344194084 0.265772253 -0.900497377
vn -0.482083082 0.386796921 -0.78611964
vn 0.400041848 -0.311833709 -0.861815691
vn -0.286158055 0.302129835 0.909302533
vn 0.770122349 -0.472053915 -0.429041564
vn 0.82423681 -0.496009678 -0.273144871
vn -0.753275335 0.611643493 0.241802737
vn -0.757901073 0.651897728 0.024806086
vn 0.875768602 -0.482658833 0.008357015
vn -0.715100765 0.635561943 -0.291018784
vn -0.424721956 0.398744076 0.81278193
vn -0.658311546 0.518101573 0.546073914
vn -0.60065639 0.524683177 -0.603257358
vn 0.863796234 -0.455003887 0.216396853
vn 0.756572723 -0.337539792 0.560057759
vn -0.264722049 0.265917867 -0.926935792
vn -0.477792412 0.38605082 -0.789100289
vn 0.451331675 -0.172197327 -0.875584245
vn 0.716150522 -0.394134879 -0.576008737
vn -0.21481882 0.337504953 0.916484177
vn 0.007991469 0.261076033 0.965285242
vn 0.296091139 0.091174446 0.950798213
vn 0.843732357 -0.472813845 -0.254091948
vn 0.898828506 -0.438282728 -0.0039369
vn -0.800927162 0.598719537 -0.007118603
vn -0.766306996 0.556994975 -0.320203394
vn -0.408623219 0.387070239 0.826561391
vn -0.677703261 0.499563515 0.539587438
vn -0.685486317 0.439020634 -0.580835104
vn 0.898161709 -0.40989095 0.159043729
vn 0.818243325 -0.24119249 0.521827638
vn -0.19801943 0.137493074 -0.970507085
vn -0.520590484 0.305071771 -0.797443926
vn 0.408173472 -0.135315016 -0.90282023
vn 0.65934819 -0.333980173 -0.673585415
vn -0.143629178 0.315177977 0.938100994
vn 0.098140642 0.28508088 0.953465939
vn 0.745396435 -0.450947464 -0.490948677
vn -0.795486808 0.564752519 0.219670922
vn 0.342373043 0.213790327 0.914917707
vn 0.87283051 -0.431164116 0.228614137
vn 0.656975567 -0.484936684 0.577251732
vn 0.655555785 -0.446721464 0.608840406
vn 0.886953533 -0.393574178 0.241687283
vn -0.71623081 -0.079393849 0.693332613
vn -0.913379848 0.172575444 0.368720829
vn -0.900154233 0.108082294 0.421948522
vn -0.671307981 -0.176494554 0.719857752
vn 0.181889519 -0.402736187 0.897061765
vn -0.395484179 -0.256850332 0.881827772
vn -0.343423784 -0.32668969 0.880530536
vn 0.163607731 -0.411737502 0.896495819
vn 0.110936694 -0.381000668 0.917895257
vn -0.35001114 -0.213148355 0.912173212
vn -0.309485972 -0.102431491 0.945370972
vn 0.103872955 -0.28755641 0.952114403
vn 0.828457177 -0.415676743 0.375328511
vn 0.559630275 -0.445235312 0.698984683
vn 0.563045382 -0.386548966 0.730451822
vn 0.826738179 -0.413530111 0.38144055
vn -0.595892012 0.015363162 0.802917659
vn -0.732885122 0.363378823 0.575182796
vn -0.340005547 0.724364042 0.599744141
vn -0.344549298 0.164793178 0.924190998
vn 0.855168939 -0.483745337 0.186216384
vn 0.61051923 -0.600241721 0.516697407
vn 0.610627949 -0.545175016 0.574384689
vn 0.856700718 -0.470115036 0.21226351
vn -0.65519315 -0.187515303 0.73181963
vn -0.895707428 0.188990742 0.402480811
vn -0.892281115 0.213526994 0.397794902
vn -0.672945023 -0.115426339 0.730631053
vn 0.183885366 -0.594329774 0.782916546
vn -0.293319046 -0.433715343 0.851971269
vn -0.334758341 -0.333599895 0.881276309
vn 0.160923228 -0.500636458 0.850568593
vn 0.737011611 0.122510277 -0.664684236
vn 0.727743208 0.197268441 -0.656867564
vn 0.922573507 -0.11336036 -0.368792057
vn 0.931455433 -0.136009172 -0.337479472
vn 0.143284455 -0.432899922 0.889981568
vn -0.373778045 -0.318939894 0.870957732
vn 0.747385859 0.073042594 -0.660362899
vn 0.716429472 0.059538584 -0.695114434
vn 0.946110249 -0.18623741 -0.264935762
vn 0.948703289 -0.182164326 -0.258414954
vn 0.620206952 0.065031223 -0.781737983
vn 0.685069501 0.081117287 -0.723947465
vn 0.923250854 -0.112369433 -0.367397547
vn 0.900358379 -0.140127644 -0.411969751
vn -0.95348227 0.300682545 -0.021484373
vn -0.88379848 0.464166105 0.058737628
vn -0.825501442 0.252408117 0.504814386
vn -0.861203551 0.090049163 0.500219703
vn -0.845618367 0.533785343 0.00165353
vn -0.878002644 0.478546709 0.010218852
vn -0.638163388 0.758064628 0.134482428
vn -0.201208979 0.964930475 0.168594867
vn -0.89259243 0.425327867 -0.149582565
vn -0.914547563 0.374568731 -0.152647093
vn 0.931455433 -0.136009172 -0.337479472
vn 0.922573507 -0.11336036 -0.368792057
vn 0.941830575 -0.324629456 -0.087011427
vn 0.943935692 -0.326663554 -0.047710296
vn 0.900358379 -0.140127644 -0.411969751
vn 0.923250854 -0.112369433 -0.367397547
vn 0.959078848 -0.282573372 0.017892672
vn 0.94747597 -0.319629937 0.01122316
vn 0.956781149 -0.287135541 0.046077989
vn 0.939645529 -0.134529307 -0.314592093
vn 0.873238087 -0.381089717 0.303687125
vn 0.665676951 -0.438210547 0.604024649
vn -0.597974002 -0.202069536 0.775625527
vn -0.887733281 0.038569089 0.458739609
vn -0.723551631 -0.289127409 0.626800179
vn -0.399588943 -0.622498155 0.672922552
vn -0.377735287 -0.629275799 0.679211318
vn -0.717387974 -0.323707253 0.616902053
vn 0.02539422 -0.84767431 0.529908955
vn 0.501510024 -0.838517308 0.213017523
vn 0.490351588 -0.824587882 0.282152742
vn 0.044744328 -0.809539914 0.585357189
vn 0.946025848 0.22744216 -0.230879277
vn 0.970331788 -0.100833766 -0.219746962
vn 0.947707474 -0.01725499 -0.3186737
vn 0.873593867 0.258023709 -0.41262278
vn 0.817884386 -0.569759905 -0.080241911
vn 0.928855717 -0.264073133 -0.259793162
vn 0.940800846 -0.274453253 -0.198920026
vn 0.826445639 -0.562143147 -0.031348635
vn 0.769503534 -0.637979507 0.029095417
vn 0.925898075 -0.345769525 -0.152171686
vn 0.834285855 -0.541285694 0.104770914
vn 0.647814214 -0.705191791 0.288168758
vn 0.60351336 -0.67082721 0.431001872
vn 0.350218654 -0.780220509 0.518269181
vn 0.973884344 -0.226485431 0.015929641
vn -0.818248749 0.365750283 0.443503827
vn -0.826600492 0.021796608 0.562366962
vn -0.591034412 -0.411847204 0.693584979
vn -0.694371879 -0.101201832 0.712464631
vn 0.793561101 -0.303072184 0.527643859
vn 0.60351336 -0.67082721 0.431001872
vn 0.973884344 -0.226485431 0.015929641
vn 0.98481226 0.116686694 0.128565341
vn -0.591626644 -0.436790526 0.6776371
vn -0.27622664 -0.665727079 0.693185627
vn -0.042217199 -0.60945195 0.791698158
vn -0.282606989 -0.594245136 0.752998054
vn 0.038763367 -0.077931099 0.996204913
vn 0.336269885 -0.025692062 0.941415131
vn 0.412409693 0.561606169 0.717298269
vn -0.065052941 0.494866461 0.866530597
vn 0.077660888 -0.79296124 0.604302347
vn 0.446303427 -0.82308501 0.351204127
vn 0.402085572 -0.73576504 0.544956028
vn 0.178134724 -0.644589007 0.74348712
vn 0.320149064 -0.274705142 0.906665146
vn 0.415214747 -0.431212097 0.801032364
vn 0.203702331 -0.467429847 0.860241115
vn -0.557675183 0.56145829 -0.611361563
vn -0.444473714 0.704858065 -0.552827537
vn -0.072825208 0.657453358 -0.749967754
vn -0.153757364 0.523148954 -0.838256478
vn -0.55002135 0.524730325 -0.64971894
vn -0.517914593 0.562262952 -0.644689739
vn -0.118130326 0.511815131 -0.850935102
vn -0.117828958 0.541376889 -0.832482755
vn -0.389874518 0.680106223 -0.620848894
vn -0.613718271 0.469099343 -0.635055661
vn -0.238945082 0.41084227 -0.879837453
vn -0.240331054 0.446915388 -0.861688793
vn 0.378617615 0.901702046 0.208763346
vn -0.195555389 0.90625608 0.374777347
vn 0.3541511 -0.709613562 0.60911876
vn 0.065595135 -0.815677464 0.574776113
vn -0.168811619 -0.590257704 0.789365888
vn 0.970331788 -0.100833766 -0.219746962
vn 0.194075957 -0.683965921 0.703224838
vn -0.262777299 0.964374304 -0.030501196
vn 0.242016479 0.942730367 -0.229537725
vn 0.112622693 0.889947534 -0.44193846
vn -0.258708775 0.930724978 -0.258497149
vn 0.947707474 -0.01725499 -0.3186737
vn 0.919181287 0.017103232 -0.393463224
vn 0.919181287 0.017103232 -0.393463224
vn 0.789518058 0.339779288 -0.511088431
vn -0.786041021 0.554166257 0.273932904
vn -0.862578928 0.143717214 0.485080391
vn -0.74225527 -0.228173569 0.63007462
vn -0.4228957 -0.603116632 0.676320732
vn 0.028350262 -0.827141583 0.561278105
vn 0.531878114 -0.800996304 0.274791837
vn -0.2679286 0.875648022 -0.401814461
vn 0.043739762 0.832906902 -0.551681936
vn -0.000212583 0.743004739 -0.669286191
vn -0.313729286 0.790039122 -0.526699305
vn 0.111740582 -0.388141632 0.914800584
vn 0.143882081 -0.40023002 0.905049145
vn -0.341864258 -0.226020083 0.91216433
vn -0.330083936 -0.206331372 0.921125412
vn 0.741539061 0.088248082 -0.665080547
vn 0.939645529 -0.134529307 -0.314592093
vn -0.956284344 0.275619417 -0.097745284
vn 0.950656235 -0.302476257 0.068998344
vn 0.948703289 -0.182164326 -0.258414954
vn 0.857303202 -0.375955403 0.351694077
vn 0.866733253 -0.372184098 0.332042813
vn 0.662628829 -0.435382605 0.609397233
vn 0.615324557 -0.435322493 0.65716821
vn -0.565284729 -0.042999361 0.823774457
vn -0.560664833 -0.110811107 0.820594788
vn -0.628936827 0.46338734 -0.624268115
vn -0.151064679 0.454184979 -0.878006577
vn 0.142315552 -0.49225536 0.858738065
vn -0.361548424 -0.262367547 0.894676507
vn -0.375475258 -0.235815525 0.896331012
vn 0.136698827 -0.47768876 0.867828846
vn -0.800742805 0.593054533 0.084245682
vn -0.889605165 0.23006551 0.394553691
vn -0.882896543 0.210248873 0.419868082
vn -0.773412406 0.608769596 0.176728293
vn -0.672099531 -0.033613928 0.739697576
vn -0.888941109 0.207890153 0.408124357
vn -0.905934155 0.198929623 0.373778552
vn -0.700825155 -0.026466204 0.712841988
vn 0.701653719 0.380525619 -0.602397144
vn 0.881703973 0.042225491 -0.469909668
vn 0.872991383 -0.004799952 -0.487712055
vn 0.673799694 0.334022105 -0.659107864
vn 0.889017582 -0.046353985 -0.45552066
vn 0.872991383 -0.004799952 -0.487712055
vn 0.924650788 -0.259918779 -0.278322101
vn 0.935101509 -0.2652632 -0.234990835
vn 0.701745272 0.066458061 -0.709321439
vn 0.742944956 0.088456638 -0.663481891
vn 0.934369624 -0.177545249 -0.30891946
vn 0.932647943 -0.183627978 -0.310561746
vn -0.5279544 0.493723541 -0.691014588
vn -0.554888904 0.500064909 -0.664855957
vn -0.171708032 0.447041571 -0.877878308
vn -0.147867128 0.3984586 -0.905188441
vn 0.60664618 -0.528796852 0.593594372
vn 0.609007537 -0.532214344 0.588096738
vn 0.863018036 -0.439830393 0.248493657
vn 0.863468528 -0.455189615 0.217312068
vn -0.889554799 0.449826151 -0.079678826
vn -0.879414618 0.44604376 -0.166357666
vn 0.932647943 -0.183627978 -0.310561746
vn 0.934369624 -0.177545249 -0.30891946
vn 0.928553283 -0.369926631 -0.030710965
vn 0.936379135 -0.350759268 0.012727539
vn 0.848073006 -0.52669543 -0.058000047
vn 0.919197857 -0.257520348 -0.297923833
vn -0.302153498 0.78766346 -0.536925972
vn -0.010381253 0.729853749 -0.683524549
vn 0.697521448 0.278386205 -0.660276473
vn 0.889017582 -0.046353985 -0.45552066
vn 0.881703973 0.042225491 -0.469909668
vn 0.946110249 -0.18623741 -0.264935762
vn 0.952221155 -0.298673093 0.06379091
vn 0.887304187 -0.454740435 0.076827437
vn 0.620260119 -0.625202477 0.473708063
vn -0.681843579 -0.194805771 0.705081642
vn -0.893353641 0.248846486 0.37415868
vn 0.149565995 -0.69595927 0.702332318
vn -0.335730404 -0.534651816 0.775520802
vn -0.8130669 0.58150667 -0.027790461
vn 0.918260098 -0.080624633 -0.387682885
vn 0.940156281 -0.303049535 -0.155779377
vn -0.303186625 0.803341687 -0.512562215
vn 0.004093545 0.755779982 -0.654812872
vn 0.750910997 0.236257225 -0.616697013
vn 0.918260098 -0.080624633 -0.387682885
vn 0.885720074 -0.464149296 0.008083388
vn 0.599019349 -0.696091294 0.395768672
vn -0.726787627 -0.193730414 0.658975244
vn -0.884714127 0.271459669 0.378933549
vn 0.090147331 -0.778928399 0.620599687
vn -0.381615639 -0.595745206 0.706722915
vn -0.799551666 0.600593686 0.002097787
vn 0.358690113 0.486256599 -0.796803534
vn 0.354653835 0.353005379 -0.86579895
vn 0.341161042 0.314277977 -0.885911167
vn 0.36888954 0.37108326 -0.852184117
vn 0.27701062 0.267509311 -0.922878087
vn 0.208982229 0.248959854 -0.94569838
vn 0.812912166 0.580811858 -0.042795684
vn 0.644081771 0.63492626 -0.426646531
vn 0.649506032 -0.129058629 0.749323606
vn 0.797963202 0.410785019 0.441033453
vn 0.506878078 0.667423308 -0.545546353
vn 0.373522013 0.306546181 -0.875506043
vn 0.390293598 0.67219609 -0.629144967
vn 0.362130374 0.59257865 -0.719522178
vn 0.337443322 0.297484607 -0.893104076
vn 0.318237126 0.248435646 -0.914879739
vn 0.366150826 0.565842986 -0.738752604
vn 0.391434014 0.573251247 -0.719834983
vn -0.853849411 0.393788785 -0.340399057
vn -0.805637598 0.407711148 -0.429790258
vn -0.493381023 0.834991992 -0.243646458
vn -0.793177307 0.517263949 -0.321415335
vn -0.566670418 0.756867945 -0.325631052
vn -0.578671396 0.754846036 -0.308782905
vn -0.441617101 0.339630902 0.830436826
vn -0.625513017 0.665958107 0.406488955
vn -0.733998239 0.492776781 -0.467351735
vn -0.7039451 0.504122436 -0.500321805
vn -0.724024713 0.616917372 -0.308546841
vn -0.612557232 0.737271249 -0.284964561
vn -0.611970127 0.783210456 0.109881058
vn -0.548912823 0.834110856 -0.054349452
vn -0.749595106 0.536414266 -0.387771875
vn -0.725369096 0.50833267 -0.464152664
vn -0.213245109 -0.301347226 0.92936343
vn -0.566342652 0.797344565 -0.208560973
vn -0.032376047 -0.603578329 0.796646118
vn 0.213208064 -0.589759707 0.778926134
vn 0.336269885 -0.025692062 0.941415131
vn 0.038763367 -0.077931099 0.996204913
vn 0.245343074 -0.320239395 0.915015638
vn 0.358704895 -0.518762171 0.776026189
vn 0.649506032 -0.129058629 0.749323606
vn 0.329607517 -0.652133524 0.682701051
vn 0.282654971 -0.776605129 0.563019276
vn 0.217461869 -0.818943024 0.531076849
vn 0.077745289 -0.822811067 0.562972248
vn 0.122943453 -0.840737939 0.527299345
vn 0.055946577 -0.780641794 0.622469544
vn -0.213245109 -0.301347226 0.92936343
vn -0.044513863 -0.625016332 0.779341459
vn 0.019910663 -0.725529015 0.687903523
vn 0.318017095 -0.724608064 0.611398637
vn 0.793561101 -0.303072184 0.527643859
vn 0.136055723 -0.539117754 0.831168354
vn 0.107241452 -0.771172047 0.627529323
vn 0.105577581 -0.779490888 0.617452323
vn 0.057880361 -0.821871698 0.566724598
vn 0.038916446 -0.833183885 0.551625013
vn 0.9351089 -0.18196626 0.304071873
vn 0.812557876 -0.416738808 0.407527208
vn 0.790895939 -0.356249213 0.497564167
vn 0.946829021 -0.0983788 0.306327343
vn -0.426252127 -0.83241415 0.354112744
vn -0.76069355 -0.620133638 0.191780075
vn -0.808177412 -0.528953493 0.258954853
vn -0.481270611 -0.667168438 0.568563938
vn 0.457054079 -0.764536619 0.454516679
vn -0.060901005 -0.910573125 0.408836991
vn -0.100281477 -0.683338702 0.723181725
vn 0.384170979 -0.605664313 0.6968382
vn 0.524747252 -0.64842695 0.551527679
vn -0.189594164 -0.767136753 0.612825632
vn -0.328328967 -0.667498827 0.668315351
vn 0.553196132 -0.622871399 0.553177357
vn 0.969462156 -0.05566382 0.238840356
vn 0.876325607 -0.320211291 0.359886408
vn 0.860218823 -0.218551204 0.460715681
vn 0.622121692 0.17416124 0.763303697
vn -0.706775784 -0.592563808 0.386440247
vn -0.824407279 -0.512331307 0.240560487
vn -0.582342029 -0.225720987 0.780978739
vn -0.430431515 -0.252803862 0.866498113
vn 0.965368211 -0.238414168 0.105938695
vn 0.797633827 -0.585736513 0.143850818
vn 0.849211454 -0.514028549 0.120890699
vn 0.976113915 -0.195740908 0.094271608
vn -0.424366802 -0.898071706 0.115672484
vn -0.73870492 -0.672115505 0.05075334
vn -0.790852368 -0.61135751 0.028186858
vn -0.470312268 -0.876919806 0.099086106
vn 0.410449862 -0.892026782 0.189259589
vn -0.090009719 -0.978008807 0.188141212
vn -0.101335861 -0.978883386 0.177534446
vn 0.457865089 -0.864477754 0.207455352
vn 0.5129987 0.858313203 -0.011439851
vn 0.432739019 0.891387761 0.13477698
vn 0.819987118 0.560826004 0.114434756
vn 0.86526823 0.4981516 0.056177627
vn 0.408483237 -0.557494581 0.722731829
vn -0.113289908 -0.636131704 0.763218105
vn 0.49703756 0.800666392 -0.334495097
vn 0.471410036 0.816279531 -0.333856791
vn 0.789693058 0.590350449 -0.166946903
vn 0.818125904 0.549471974 -0.169559911
vn 0.344528198 0.865160286 -0.364414662
vn 0.43655175 0.745865941 -0.503097057
vn 0.693436921 0.629072666 -0.351301581
vn 0.595483482 0.766549051 -0.240420371
vn -0.977991581 -0.207974926 0.01670051
vn -0.9690485 -0.24352555 0.040501937
vn -0.820396245 -0.455737591 0.345330626
vn -0.836241841 -0.441870153 0.324731231
vn -0.980517566 -0.185505539 0.064598195
vn -0.982325852 -0.186979845 0.008630211
vn -0.978702545 -0.192539275 0.07120432
vn -0.626314104 0.608433783 0.4873797
vn -0.982189834 -0.185636699 -0.029020455
vn -0.985023797 -0.160377264 -0.063303605
vn 0.86526823 0.4981516 0.056177627
vn 0.819987118 0.560826004 0.114434756
vn 0.986780763 0.127864286 0.099571876
vn 0.991441071 0.066789918 0.112177022
vn 0.595483482 0.766549051 -0.240420371
vn 0.693436921 0.629072666 -0.351301581
vn 0.956850886 0.288331479 -0.036074076
vn 0.902354002 0.43095094 -0.006208529
vn 0.968356788 0.248136237 -0.026710261
vn 0.774244428 0.549629331 -0.313772708
vn 0.956480443 -0.114125028 0.268553138
vn 0.807256401 -0.352135211 0.473643124
vn -0.497345835 -0.617406309 0.609472454
vn -0.783791482 -0.511581302 0.352073073
vn -0.444159359 -0.575462878 -0.686705828
vn -0.024138663 -0.606642783 -0.794608057
vn -0.004325341 -0.714978993 -0.699132621
vn -0.388914585 -0.652039289 -0.650838077
vn 0.410557836 -0.521564424 -0.74793905
vn 0.766644657 -0.33301419 -0.548960447
vn 0.75872761 -0.435121834 -0.484769434
vn 0.420298189 -0.656469226 -0.626416504
vn 0.767377675 0.150580913 0.623263121
vn 0.952677369 0.138849884 0.270419151
vn 0.898645878 0.314378858 0.305943727
vn 0.635396779 0.480978936 0.604094625
vn 0.958732307 -0.118264176 -0.258545756
vn 0.995922387 0.080553502 0.040616069
vn 0.993502319 0.107754245 0.036634561
vn 0.954222381 -0.153358027 -0.256789565
vn 0.913068116 -0.291389585 -0.285304636
vn 0.999556303 0.029663824 0.002701316
vn 0.885390401 -0.36128062 -0.292506754
vn 0.736326218 -0.577832282 -0.35204196
vn 0.715620399 -0.537784755 -0.445729733
vn 0.612116516 -0.563846231 -0.554428339
vn 0.979225099 -0.194569975 0.057102766
vn -0.839627266 -0.479818642 -0.254558772
vn -0.578721702 -0.646936357 -0.496542692
vn -0.241447717 -0.744192004 -0.622801125
vn -0.556786537 -0.718153656 -0.417425543
vn 0.75364399 -0.640451074 -0.14779447
vn 0.715620399 -0.537784755 -0.445729733
vn 0.979225099 -0.194569975 0.057102766
vn 0.83223474 -0.370564103 0.412392467
vn -0.227276906 -0.745119035 -0.62701112
vn 0.104546264 -0.752919495 -0.649755538
vn 0.263404012 -0.874004722 -0.408330947
vn 0.053222492 -0.816289663 -0.575185716
vn 0.008574087 -0.96826309 -0.249786183
vn 0.253087819 -0.96709305 -0.026028357
vn 0.04184645 -0.817306697 0.574681401
vn -0.392500311 -0.860460401 0.324886769
vn 0.40992105 -0.686032772 -0.601102173
vn 0.675977588 -0.552007198 -0.488203198
vn 0.492980868 -0.802572846 -0.335926622
vn 0.381224453 -0.875291705 -0.297543973
vn 0.326761603 -0.940807998 -0.090040058
vn 0.451843649 -0.872528017 -0.185828403
vn 0.272494853 -0.922055244 -0.274883032
vn -0.607551694 0.790266037 -0.079753175
vn -0.583907723 0.808733881 0.070721008
vn -0.321077973 0.941962719 0.098057099
vn -0.291631609 0.954879463 -0.056180496
vn -0.649002552 0.631057441 -0.424926102
vn -0.647702873 0.638125539 -0.416265249
vn -0.215143204 0.863170564 -0.456782311
vn -0.250686198 0.845607936 -0.471278757
vn -0.797418833 0.539806008 -0.269689977
vn -0.738087416 0.502083242 -0.45070976
vn -0.357891798 0.749126971 -0.557424664
vn -0.399574429 0.791412592 -0.462608248
vn -0.211642742 -0.21990636 0.952285945
vn -0.697187841 -0.315711647 0.64362669
vn 0.42306757 -0.776099503 -0.467636079
vn 0.154651582 -0.738399565 -0.656390905
vn 0.023247814 -0.807133853 -0.589910507
vn 0.952677369 0.138849884 0.270419151
vn 0.334994644 -0.768472731 -0.54518646
vn -0.788653553 0.188838124 0.58512032
vn -0.353893191 0.365162849 0.861055017
vn -0.360661507 0.559851289 0.745982468
vn -0.765226424 0.33498618 0.549738884
vn 0.898645878 0.314378858 0.305943727
vn 0.902650952 0.284552544 0.322879404
vn 0.902650952 0.284552544 0.322879404
vn 0.651497483 0.49613592 0.573933959
vn -0.955525875 -0.278985173 -0.095591038
vn -0.762800694 -0.499437958 -0.410727203
vn -0.473717541 -0.563359261 -0.67691803
vn -0.065534696 -0.538871646 -0.839834809
vn 0.436417729 -0.390710443 -0.810484409
vn 0.805129886 -0.269141048 -0.528515875
vn -0.727724016 0.443870693 0.522873342
vn -0.34062472 0.651118517 0.678247392
vn -0.329725623 0.817572236 0.472077101
vn -0.697192848 0.62058574 0.358880848
vn 0.486847609 -0.46587944 0.738874674
vn 0.482950807 -0.46983102 0.738929868
vn -0.11188978 -0.57927984 0.807412922
vn -0.180607364 -0.60164839 0.778074741
vn 0.500725687 0.718806744 -0.482276529
vn 0.774244428 0.549629331 -0.313772708
vn -0.978915811 -0.203499988 0.017651735
vn 0.978892982 0.192450538 0.06878493
vn 0.818125904 0.549471974 -0.169559911
vn 0.961672425 -0.075006343 0.263742834
vn 0.963572145 -0.060313936 0.260558844
vn 0.833189547 -0.276636809 0.478818715
vn 0.83190769 -0.280507743 0.478795499
vn -0.594016731 -0.566244781 0.57141155
vn -0.571884274 -0.555237472 0.60387069
vn -0.670414209 0.534459651 -0.514682174
vn -0.271664083 0.75161624 -0.601058841
vn 0.473763615 -0.868929386 0.143212125
vn -0.055093046 -0.991355062 0.119079851
vn -0.035897482 -0.993840814 0.104842402
vn 0.516654849 -0.847600877 0.120998733
vn -0.98049593 -0.1953374 -0.021701157
vn -0.809608936 -0.442998379 -0.385079116
vn -0.801882565 -0.441187829 -0.402911574
vn -0.973473191 -0.223622128 -0.048406739
vn -0.432574451 -0.897094131 0.090008512
vn -0.74103564 -0.668786228 0.05992623
vn -0.741335034 -0.663074255 0.10370601
vn -0.426518738 -0.897264183 0.114011899
vn 0.615490615 0.543112457 0.571139395
vn 0.905180573 0.282612294 0.317456275
vn 0.871570826 0.385913104 0.302382916
vn 0.556267083 0.686502397 0.468274981
vn 0.837042332 0.487067193 0.249250159
vn 0.871570826 0.385913104 0.302382916
vn 0.993706703 0.071830951 0.085949682
vn 0.983362079 0.106023401 0.147506297
vn 0.521058977 0.815490246 -0.25193879
vn 0.541755319 0.836339653 -0.083887897
vn 0.871245503 0.488994986 0.042605635
vn 0.825899959 0.557661772 -0.083082557
vn -0.632023513 0.686863363 -0.358838618
vn -0.640591562 0.746967852 -0.177993193
vn -0.251646727 0.951719761 -0.175793633
vn -0.223613635 0.893799961 -0.388739824
vn 0.844791889 -0.517291903 0.136878595
vn 0.85026449 -0.498175591 0.169916257
vn 0.962032259 -0.24269782 0.12486732
vn 0.952105284 -0.249266222 0.17709291
vn -0.970605791 -0.23985891 -0.019802369
vn -0.969315708 -0.245801523 -0.002947793
vn 0.825899959 0.557661772 -0.083082557
vn 0.871245503 0.488994986 0.042605635
vn 0.987402558 0.051222593 0.149707928
vn 0.982597232 0.123317309 0.138908148
vn 0.973458707 -0.120185964 -0.194765404
vn 0.997525334 0.048052255 0.051324911
vn -0.65042448 0.74345988 0.155613199
vn -0.308796525 0.928304493 0.207112417
vn 0.50602299 0.810534477 0.294914573
vn 0.837042332 0.487067193 0.249250159
vn 0.905180573 0.282612294 0.317456275
vn 0.789693058 0.590350449 -0.166946903
vn 0.975726306 0.198166758 0.093210191
vn 0.979500294 -0.186559945 0.075990535
vn 0.851037025 -0.524333417 0.02846998
vn -0.473180622 -0.879041195 -0.058195293
vn -0.781679094 -0.620181382 -0.065977089
vn 0.382154673 -0.914996743 0.129378662
vn -0.119357839 -0.987750709 0.100509599
vn -0.992740691 -0.118332788 0.021523975
vn 0.833611488 0.511940181 0.207386523
vn 0.98250705 0.112967208 0.148048162
vn -0.611118138 0.778971136 0.140494138
vn -0.318098694 0.934366226 0.160539389
vn 0.470874369 0.848795414 0.240465745
vn 0.833611488 0.511940181 0.207386523
vn 0.973519742 -0.20824264 -0.094310366
vn 0.851229191 -0.435182959 -0.293299645
vn -0.490259647 -0.724505246 -0.484497368
vn -0.803128064 -0.517404616 -0.295428276
vn 0.475385875 -0.751179338 -0.457971632
vn -0.130612269 -0.851027727 -0.508617997
vn -0.990696788 -0.135305405 -0.014569973
vn 0.013615836 0.991649151 0.128244281
vn 0.085737675 0.995334506 -0.04425231
vn 0.186184987 0.890662789 -0.41479522
vn 0.18444258 0.890119672 -0.416734815
vn 0.12960735 0.804418862 -0.579751968
vn 0.007091031 0.872638881 -0.488314599
vn 0.360606551 -0.031830307 0.932174802
vn 0.191231892 0.48877722 0.85119164
vn 0.516366482 -0.856357157 -0.004252587
vn 0.513735235 -0.617736518 0.595380306
vn 0.184760675 0.628063858 0.755909622
vn 0.180253878 0.797719896 -0.575457633
vn 0.156041011 0.69192028 0.704909563
vn 0.122677647 0.847797573 0.51593554
vn 0.149832383 0.976366758 -0.155750513
vn 0.205343604 0.915800989 -0.345170319
vn 0.085165553 0.959034443 0.270184606
vn 0.052239124 0.974464178 0.218381867
vn -0.926948965 0.205779985 -0.313719958
vn -0.923872411 0.269342542 -0.271872163
vn -0.961669743 0.260330677 -0.086134605
vn -0.950783312 0.114754297 -0.287823856
vn -0.905462742 0.410678148 0.107147947
vn -0.934013665 0.289718717 0.209001198
vn -0.593795002 -0.799340904 -0.09198647
vn -0.89778769 -0.410941333 0.15844433
vn -0.904243588 0.303629696 -0.300254256
vn -0.912339985 0.330873936 -0.241160229
vn -0.900425851 0.430985063 0.059035357
vn -0.901799977 0.412813365 0.127835944
vn -0.970261574 -0.052973252 0.236191258
vn -0.967909634 0.029834747 0.249521211
vn -0.939555347 0.332141787 -0.08317177
vn -0.940638363 0.310317189 -0.137487307
vn -0.026999796 -0.900223732 -0.434589684
vn -0.952374041 0.125594243 0.277866811
vn 0.188544273 -0.834779203 -0.517295599
vn 0.327615559 -0.841000974 -0.430564106
vn 0.253087819 -0.96709305 -0.026028357
vn 0.008574087 -0.96826309 -0.249786183
vn 0.380928427 -0.865209579 -0.32604596
vn 0.444126993 -0.829403996 -0.338881046
vn 0.516366482 -0.856357157 -0.004252587
vn 0.488453478 -0.78667134 -0.377573103
vn 0.469130039 -0.680014789 -0.563468695
vn 0.447527796 -0.609099984 -0.654764116
vn 0.416009277 -0.615659416 -0.66925323
vn 0.364812464 -0.667898118 -0.648709476
vn 0.302730739 -0.717996418 -0.626765728
vn -0.026999796 -0.900223732 -0.434589684
vn 0.258726299 -0.752348423 -0.605832219
vn 0.416737169 -0.676039755 -0.607700944
vn 0.486071378 -0.684425592 -0.543411672
vn 0.75364399 -0.640451074 -0.14779447
vn 0.400742352 -0.796998441 -0.451883882
vn 0.392430842 -0.650843084 -0.64992404
vn 0.347409695 -0.735877514 -0.581197798
vn 0.412758559 -0.635435879 -0.652573109
vn 0.420134991 -0.628789246 -0.654301703
vn 0.946933925 -0.082604684 0.310632467
vn 0.75880301 -0.426023185 0.49266845
vn 0.758433282 -0.348474354 0.550767303
vn 0.924095869 -0.107688099 0.366674453
vn -0.355170012 -0.877336621 0.322699159
vn -0.646468818 -0.743778765 0.169915378
vn -0.627598584 -0.750832438 0.205841526
vn -0.359459102 -0.84308511 0.399995834
vn 0.380722612 -0.752562642 0.537307918
vn -0.017031245 -0.890386701 0.454886258
vn -0.067596011 -0.791821122 0.607000887
vn 0.368218511 -0.597334981 0.71246475
vn 0.559470475 -0.50528127 0.65702635
vn 0.033973988 -0.686688662 0.726157308
vn 0.017870579 -0.679766178 0.73321116
vn 0.604852974 -0.500036895 0.619770944
vn 0.983141541 0.022331394 0.181477442
vn 0.864343286 -0.257015139 0.432266146
vn 0.887445569 -0.100087821 0.449914277
vn 0.622668207 0.12218491 0.772887647
vn -0.562247276 -0.661058903 0.496869385
vn -0.814577281 -0.522874892 0.251128882
vn -0.626489639 -0.17365405 0.75983882
vn -0.437018245 -0.542319655 0.717568457
vn 0.952884674 -0.284679592 0.104729764
vn 0.802230775 -0.579530299 0.143424422
vn 0.812684834 -0.567768037 0.131083488
vn 0.953173459 -0.268976152 0.138246864
vn -0.334987521 -0.941774905 0.029039606
vn -0.599272668 -0.80045253 -0.012167227
vn -0.615401387 -0.788136184 -0.011068077
vn -0.378991723 -0.925277293 0.015073235
vn 0.379801571 -0.910384953 0.164164841
vn -0.080005296 -0.99155122 0.102104954
vn -0.086666852 -0.994885921 0.051874258
vn 0.438625395 -0.892515779 0.104992487
vn 0.382321447 0.92374754 -0.022823006
vn 0.390814751 0.919665933 0.038451005
vn 0.76298821 0.641988337 0.075498506
vn 0.706539869 0.703561008 0.076179348
vn 0.412435293 -0.55650562 0.721247911
vn -0.065237857 -0.709673166 0.701504171
vn 0.458601415 0.820661724 -0.340879947
vn 0.408346802 0.866325796 -0.287632674
vn 0.721210539 0.670627415 -0.173534587
vn 0.769764423 0.613641918 -0.175801933
vn 0.407207906 0.86278975 -0.299625665
vn 0.453986913 0.81349504 -0.363485485
vn 0.714151502 0.662542939 -0.225886121
vn 0.648435116 0.739800274 -0.179520249
vn -0.909051836 -0.407334358 0.087769523
vn -0.935731351 -0.346608937 0.065338477
vn -0.757060349 -0.560122728 0.336336374
vn -0.701096117 -0.606943548 0.374277651
vn -0.901633918 -0.432498217 -0.00124897
vn -0.903078854 -0.428052604 -0.034922697
vn -0.968161762 -0.23612453 0.08311484
vn -0.924327075 0.187020227 0.332630128
vn -0.906817079 -0.421055466 -0.019879179
vn -0.861327589 -0.508036077 0.003768167
vn 0.706539869 0.703561008 0.076179348
vn 0.76298821 0.641988337 0.075498506
vn 0.978566349 0.164716408 0.123597749
vn 0.951234162 0.249123931 0.181908861
vn 0.648435116 0.739800274 -0.179520249
vn 0.714151502 0.662542939 -0.225886121
vn 0.946870863 0.321444124 -0.010453736
vn 0.930140436 0.367203772 -0.000469065
vn 0.955427349 0.283836752 0.081210993
vn 0.748543382 0.625270307 -0.220725968
vn 0.918397427 -0.128711969 0.374138117
vn 0.756699145 -0.343462378 0.556273401
vn -0.397029817 -0.764862478 0.507299364
vn -0.624999702 -0.711097896 0.322048187
vn -0.456161946 -0.595779419 -0.661031902
vn -0.157201275 -0.558290899 -0.814615846
vn -0.036757253 -0.635736108 -0.771030843
vn -0.350695342 -0.661332309 -0.663062871
vn 0.316532105 -0.417328149 -0.851847827
vn 0.723844707 -0.226182848 -0.651835978
vn 0.722618759 -0.27196154 -0.63549912
vn 0.367886335 -0.48518616 -0.793255329
vn 0.540389657 0.326228976 0.775598943
vn 0.857347131 0.33204186 0.393324554
vn 0.823649526 0.415559828 0.385890484
vn 0.468547255 0.527122438 0.708946645
vn 0.930211484 -0.038511164 -0.364998132
vn 0.977347493 0.211639956 0.000613881
vn 0.986051679 0.165054768 -0.021425236
vn 0.924921453 -0.066274896 -0.374336839
vn 0.903214753 -0.182961628 -0.388237178
vn 0.982246518 0.186220184 -0.022667374
vn 0.961538434 -0.109257713 -0.252005309
vn 0.811572075 -0.357108086 -0.462411791
vn 0.82762593 -0.547706068 -0.122692563
vn 0.767873585 -0.463238597 -0.44247058
vn 0.948382199 -0.008259818 0.317022234
vn -0.848653853 -0.525141954 -0.063345455
vn -0.589426875 -0.67152071 -0.449038893
vn -0.580788612 -0.663368583 -0.471833467
vn -0.692023456 -0.711561799 -0.121586524
vn 0.756346524 -0.630370796 0.174850449
vn 0.82762593 -0.547706068 -0.122692563
vn 0.948382199 -0.008259818 0.317022234
vn 0.695998669 -0.07910464 0.713672459
vn -0.172258928 -0.765345395 -0.620139778
vn 0.097749345 -0.784486771 -0.612393379
vn 0.21090208 -0.785814881 -0.581390917
vn -0.207135275 -0.70813024 -0.675016046
vn 0.257043689 -0.947301507 0.191176444
vn 0.388951063 -0.867388844 0.310408831
vn -0.031898279 -0.429786026 0.902367175
vn -0.304259717 -0.609560609 0.732025921
vn 0.446834564 -0.672044337 -0.590504289
vn 0.714919567 -0.442487061 -0.54138273
vn 0.60749501 -0.631875575 -0.481334656
vn 0.4382689 -0.769128501 -0.465147078
vn 0.437619537 -0.880035102 -0.184465051
vn 0.424344748 -0.783858418 -0.453318328
vn 0.347225636 -0.868676782 -0.353320181
vn -0.820354879 0.555826902 -0.134440795
vn -0.847108662 0.530940294 -0.022569111
vn -0.491375506 0.87094593 -0.001842369
vn -0.448366314 0.880279839 -0.155161768
vn -0.828186333 0.372432142 -0.41880995
vn -0.805617809 0.447439253 -0.388301611
vn -0.400266469 0.815566242 -0.417897761
vn -0.428096503 0.75557524 -0.495822102
vn -0.866307855 0.410060436 -0.285238683
vn -0.840961099 0.316059917 -0.43919304
vn -0.455780596 0.695683479 -0.555237412
vn -0.428629249 0.764725685 -0.481115013
vn -0.235294923 0.004988195 0.971911252
vn -0.583526611 -0.198536053 0.787451684
vn 0.082128502 -0.695696115 -0.713625848
vn -0.167903468 -0.768139064 -0.617875993
vn -0.179817289 -0.874324799 -0.450801522
vn 0.857347131 0.33204186 0.393324554
vn 0.501319885 -0.592043459 -0.631001532
vn -0.738953531 0.08522319 0.668344736
vn -0.376748085 0.324348897 0.867674291
vn -0.474455118 0.515453398 0.713582695
vn -0.798783243 0.245260596 0.54935658
vn 0.823649526 0.415559828 0.385890484
vn 0.795008481 0.468872786 0.384863526
vn 0.795008481 0.468872786 0.384863526
vn 0.415269434 0.638902366 0.647576332
vn -0.90225178 -0.42377165 -0.079745881
vn -0.644763172 -0.613036036 -0.456582218
vn -0.439664274 -0.623930693 -0.646069527
vn -0.100896031 -0.559349418 -0.822768629
vn 0.307108462 -0.438724071 -0.844515026
vn 0.713097036 -0.286582321 -0.639815032
vn -0.83337307 0.388849854 0.39279139
vn -0.533905387 0.670887828 0.514640331
vn -0.522712886 0.755779445 0.394422084
vn -0.818627775 0.486365825 0.305445313
vn 0.519559562 -0.458856195 0.720769644
vn 0.475582808 -0.520582676 0.709094286
vn -0.053463448 -0.693046153 0.718908012
vn -0.030485425 -0.659362018 0.751207292
vn 0.462998539 0.794157326 -0.393632412
vn 0.748543382 0.625270307 -0.220725968
vn -0.86705488 -0.493901014 0.065404251
vn 0.963988841 0.231518745 0.130860955
vn 0.769764423 0.613641918 -0.175801933
vn 0.961841106 -0.071035825 0.264226586
vn 0.924013913 -0.092993803 0.370877922
vn 0.774999201 -0.309488386 0.550992966
vn 0.817011952 -0.279500127 0.504352331
vn -0.487339973 -0.677488804 0.550916195
vn -0.473743349 -0.685327947 0.55307579
vn -0.826642215 0.320515484 -0.462528378
vn -0.4180637 0.69498378 -0.584995985
vn 0.411826372 -0.904509485 0.110732891
vn -0.052338917 -0.996996522 0.057083894
vn -0.020686332 -0.967700899 0.251250952
vn 0.372726023 -0.867010057 0.330709785
vn -0.949046493 -0.309633195 -0.058635298
vn -0.736781001 -0.549514174 -0.393939137
vn -0.741261363 -0.531682789 -0.409689009
vn -0.935408056 -0.348095 -0.061981447
vn -0.364644021 -0.928313434 0.072587721
vn -0.617448509 -0.784151435 0.062160321
vn -0.62292403 -0.768897116 0.144093052
vn -0.328777015 -0.917118371 0.225387454
vn 0.297390014 0.775642335 0.556720853
vn 0.743018866 0.56627506 0.356728941
vn 0.722343087 0.631390572 0.282075316
vn 0.229699016 0.877506852 0.420975208
vn 0.753080308 0.632136226 0.182411417
vn 0.722343087 0.631390572 0.282075316
vn 0.982640028 0.184089616 0.023013311
vn 0.990800619 0.12246073 0.057598043
vn 0.364953667 0.904607594 -0.220213279
vn 0.370020449 0.919789016 -0.130664095
vn 0.691237986 0.722571671 0.008964128
vn 0.673920631 0.730485737 -0.110551372
vn -0.792346954 0.517668784 -0.322808474
vn -0.800937772 0.548550785 -0.239980608
vn -0.429339617 0.857616067 -0.283129513
vn -0.386250347 0.857695043 -0.339367032
vn 0.783802509 -0.588984251 0.196853191
vn 0.743129194 -0.554810703 0.37409094
vn 0.945548534 -0.238875851 0.221079856
vn 0.942026734 -0.156984344 0.296549618
vn -0.898252606 -0.439423919 0.006988568
vn -0.91569227 -0.401865393 0.003456633
vn 0.673920631 0.730485737 -0.110551372
vn 0.691237986 0.722571671 0.008964128
vn 0.939190269 0.30018425 0.166766584
vn 0.939201772 0.330341458 0.093672603
vn 0.937832057 -0.118785575 -0.32613036
vn 0.980610967 0.195473239 -0.013869396
vn -0.815353811 0.529000044 0.235281035
vn -0.518969834 0.796248555 0.310899705
vn 0.26795277 0.92251426 0.277792782
vn 0.753080308 0.632136226 0.182411417
vn 0.743018866 0.56627506 0.356728941
vn 0.721210539 0.670627415 -0.173534587
vn 0.957207859 0.275806189 0.087658405
vn 0.967490613 -0.252599359 0.012472305
vn 0.829955161 -0.557813704 -0.004279153
vn -0.349490285 -0.925707817 -0.144642979
vn -0.657828271 -0.74739188 -0.093098529
vn 0.454567164 -0.889481425 -0.046814557
vn -0.059378415 -0.987492383 -0.146058336
vn -0.944298685 -0.328964502 0.009075389
vn 0.805360079 0.583582997 0.104047917
vn 0.991321266 0.095799126 0.090025656
vn -0.845417261 0.524321914 0.101765327
vn -0.523811638 0.837470591 0.15577051
vn 0.367077887 0.919669986 0.139502674
vn 0.805360079 0.583582997 0.104047917
vn 0.973027468 -0.163387761 -0.162855715
vn 0.824055851 -0.43248108 -0.365912735
vn -0.437014729 -0.738728583 -0.513125896
vn -0.736455858 -0.608546913 -0.29547146
vn 0.396618068 -0.626275659 -0.671172798
vn -0.079016238 -0.736689985 -0.671598375
vn -0.972041786 -0.234250948 -0.016163025
vn -0.043784015 0.998849809 0.019549033
vn 0.018827854 0.994344175 -0.104523614
vn 0.068959497 0.929413736 -0.362539291
vn 0.075602241 0.891816497 -0.446035594
vn 0.096683972 0.869229853 -0.484862596
vn 0.08047504 0.895864308 -0.436979383
vn 0.162772149 0.20128496 0.965913892
vn 0.062510051 0.490766406 0.869045973
vn 0.548487544 -0.762653172 0.342814296
vn 0.332024664 -0.251022995 0.909256399
vn -0.041183084 0.662840307 0.747627378
vn 0.073085666 0.850313306 -0.521177411
vn -0.142188072 0.809558213 0.569559515
vn -0.171598315 0.890869975 0.420600474
vn 0.039100703 0.972838581 -0.228158221
vn 0.064067028 0.955123425 -0.289196461
vn -0.152602896 0.935374975 0.319039315
vn -0.121319309 0.977695107 0.171446487
vn -0.972171128 -0.073213115 -0.222537965
vn -0.97011739 -0.088481031 -0.225927755
vn -0.993115187 0.078983448 -0.086509496
vn -0.974875152 -0.046396185 -0.217866659
vn -0.980185449 0.150931194 0.128282577
vn -0.968903363 0.171742097 0.178132087
vn -0.579253137 -0.760521293 0.293382317
vn -0.825447381 -0.356925219 0.437311143
vn -0.969076812 -0.071654528 -0.236126631
vn -0.972580552 0.075943977 -0.219817385
vn -0.996646583 0.07500238 -0.032714762
vn -0.996960819 0.068191327 0.037670501
vn -0.926334202 -0.168210983 0.337060928
vn -0.954417229 -0.069634624 0.290239215
vn -0.99225533 0.104715958 -0.06681361
vn -0.97861141 0.147357374 -0.143546402
vn -0.012357747 -0.99717629 -0.074072301
vn -0.97361517 0.048244536 0.223037958
vn 0.5175547 -0.80248934 -0.296897382
vn 0.550727069 -0.792712867 -0.261354327
vn 0.388951063 -0.867388844 0.310408831
vn 0.257043689 -0.947301507 0.191176444
vn 0.458880007 -0.832918406 -0.309315473
vn 0.618174076 -0.639511943 -0.457039744
vn 0.548487544 -0.762653172 0.342814296
vn 0.576527178 -0.768136978 -0.278535604
vn 0.478212327 -0.563972354 -0.673237026
vn 0.531414628 -0.66375035 -0.526340187
vn 0.500466168 -0.584781349 -0.638407707
vn 0.308030039 -0.664039433 -0.681299627
vn 0.28320691 -0.762235522 -0.582057416
vn -0.012357747 -0.99717629 -0.074072301
vn 0.415744305 -0.799805582 -0.432975501
vn 0.419804394 -0.589428365 -0.690172732
vn 0.575384796 -0.739681542 -0.349003762
vn 0.756346524 -0.630370796 0.174850449
vn 0.343033075 -0.762221694 -0.548950255
vn 0.510470808 -0.684199512 -0.520855725
vn 0.534413517 -0.79060334 -0.298912317
vn 0.470710337 -0.578935266 -0.665782034
vn 0.438350767 -0.515122652 -0.736544073
vn 0.753726721 -0.181208253 0.631711662
vn 0.489101321 -0.364782065 0.792284012
vn 0.416150481 -0.238189101 0.877544701
vn 0.725076199 -0.112404563 0.679433405
vn -0.587374747 -0.540906787 0.602005661
vn -0.857706308 -0.39010042 0.334905237
vn -0.875945568 -0.36147806 0.319457382
vn -0.577569902 -0.475427359 0.663612783
vn 0.179961607 -0.456862241 0.871143341
vn -0.199574888 -0.5227561 0.828791797
vn -0.182934582 -0.442360073 0.87798208
vn 0.142417714 -0.343666822 0.92822963
vn 0.166633949 -0.644566834 0.746168017
vn -0.275232524 -0.706640661 0.651848137
vn -0.314668417 -0.703216314 0.637550473
vn 0.142657876 -0.66900295 0.729440808
vn 0.812553585 -0.165517673 0.55889225
vn 0.53257978 -0.484746516 0.693815291
vn 0.499796391 -0.463129193 0.731925488
vn 0.265537709 -0.211066678 0.940712869
vn -0.638815343 -0.618006647 0.458238751
vn -0.875300705 -0.405101508 0.264086038
vn -0.894491673 -0.383453041 0.229888037
vn -0.628450096 -0.623026729 0.465712696
vn 0.851320267 -0.512031734 0.114355974
vn 0.629578948 -0.729869366 0.266310096
vn 0.650101483 -0.753449321 0.098398164
vn 0.851196587 -0.524665475 -0.013806763
vn -0.563648582 -0.790260315 0.240393162
vn -0.831875145 -0.524771988 0.180549547
vn -0.839929879 -0.510116696 0.185199574
vn -0.594611704 -0.773124874 0.220714241
vn 0.254994124 -0.890024364 0.377934575
vn -0.202429324 -0.917827606 0.341489285
vn -0.260498255 -0.934895158 0.241063878
vn 0.242242053 -0.951281846 0.190739632
vn 0.504484415 0.84879154 -0.158266813
vn 0.523364067 0.84660548 -0.096691221
vn 0.913572252 0.383230239 -0.136089414
vn 0.887364328 0.436609715 -0.14817743
vn 0.203617051 -0.537682593 0.818191648
vn -0.247467831 -0.654779613 0.714159191
vn 0.415620059 0.687248945 -0.595775843
vn 0.427635491 0.709624708 -0.559964895
vn 0.796962738 0.526542604 -0.295978755
vn 0.797126949 0.523390532 -0.301083058
vn 0.426007181 0.834808469 -0.348730117
vn 0.415564984 0.757867515 -0.502933919
vn 0.803823888 0.562338591 -0.19401671
vn 0.87189573 0.481543303 -0.088960141
vn -0.983114719 -0.178801432 -0.038930546
vn -0.992521822 -0.110444769 -0.05198456
vn -0.887794197 -0.390965849 0.242831394
vn -0.868932843 -0.441533148 0.223616093
vn -0.982663929 -0.103580929 0.153761372
vn -0.984809577 -0.094111122 0.145921811
vn -0.997440755 -0.067353062 -0.023992645
vn -0.992520452 0.044827394 -0.113550074
vn -0.994382679 -0.005447591 0.105704427
vn -0.998963833 -0.043040898 -0.014789184
vn 0.887364328 0.436609715 -0.14817743
vn 0.913572252 0.383230239 -0.136089414
vn 0.981151879 -0.167265087 -0.096764654
vn 0.988061845 -0.123491064 -0.092107736
vn 0.87189573 0.481543303 -0.088960141
vn 0.803823888 0.562338591 -0.19401671
vn 0.9613989 0.163836345 0.221065119
vn 0.944472313 0.162012666 0.285874009
vn 0.972694993 0.150550768 0.176632524
vn 0.78672713 0.57427448 -0.226427346
vn 0.796951413 -0.217814803 0.563404977
vn 0.537984073 -0.37980181 0.75254482
vn -0.612206042 -0.606237233 0.507622063
vn -0.878198147 -0.416485786 0.235175848
vn -0.700409412 -0.693170726 -0.170120761
vn -0.400288671 -0.815095425 -0.418794066
vn -0.283280492 -0.884809077 -0.369953007
vn -0.599040687 -0.782270372 -0.170890003
vn -0.056670316 -0.768051326 -0.637875855
vn 0.307929128 -0.557356238 -0.771060109
vn 0.370894939 -0.665507019 -0.647717059
vn -0.006893438 -0.859114826 -0.511736512
vn 0.96381706 0.202500567 0.173350081
vn 0.971900642 0.147254199 -0.183644325
vn 0.947868466 0.265520781 -0.176193237
vn 0.838945389 0.505301058 0.202092811
vn 0.695622325 -0.256814599 -0.670936584
vn 0.896946251 0.025413595 -0.441408724
vn 0.891132474 -0.037732419 -0.452171594
vn 0.732009828 -0.332693994 -0.594538748
vn 0.67198509 -0.475691736 -0.567585588
vn 0.85948199 -0.114877641 -0.498090118
vn 0.785721838 -0.233150452 -0.572959065
vn 0.538010776 -0.52173543 -0.662069976
vn 0.758842885 -0.511533141 -0.40310213
vn 0.420201749 -0.667036116 -0.615218163
vn 0.970842719 -0.109659731 -0.213164613
vn -0.772633553 -0.470050156 0.426720381
vn -0.680255175 -0.732848942 0.013612833
vn -0.691465437 -0.718258798 -0.077330023
vn -0.687159181 -0.677688301 0.261822283
vn 0.861349404 -0.503819108 -0.065142237
vn 0.975312471 -0.16547735 0.146228686
vn -0.415188044 -0.877221763 -0.241041094
vn -0.151917502 -0.932064831 -0.328901649
vn -0.223027259 -0.856087029 -0.46623373
vn -0.522627771 -0.785213888 -0.332113415
vn -0.084133357 -0.954950452 0.284589738
vn 0.406821072 -0.869501531 0.280113786
vn 0.433462918 -0.602391601 0.670249403
vn -0.118607529 -0.72091639 0.682797015
vn 0.099012636 -0.93219167 -0.34815979
vn 0.37374869 -0.811746716 -0.448753029
vn 0.24815686 -0.776463211 -0.579243541
vn 0.023867268 -0.863532722 -0.503727794
vn 0.107628815 -0.897978306 -0.426674336
vn -0.157481194 -0.878030002 -0.451954663
vn 0.205336362 -0.865310669 -0.457246602
vn -0.620702863 0.78390497 -0.014864012
vn -0.625303805 0.778979123 0.046762075
vn -0.294609904 0.955559433 0.010539399
vn -0.324480027 0.942969799 -0.074301071
vn -0.5070979 0.587665737 -0.630476594
vn -0.567771614 0.638637483 -0.519401193
vn -0.258028179 0.753281236 -0.604970098
vn -0.208573192 0.673618913 -0.7090379
vn -0.428381741 0.686260521 -0.587822735
vn -0.41462931 0.679818988 -0.604920328
vn -0.122737713 0.789937317 -0.600778282
vn -0.105140425 0.801734865 -0.588359356
vn -0.118607529 -0.72091639 0.682797015
vn 0.433462918 -0.602391601 0.670249403
vn 0.344449192 -0.073920354 0.935890198
vn -0.244824693 -0.249702141 0.936861634
vn -0.221218258 -0.850187123 -0.477749318
vn 0.975312471 -0.16547735 0.146228686
vn 0.970842719 -0.109659731 -0.213164613
vn -0.37946701 -0.85545224 -0.352428913
vn -0.471609443 -0.87520504 -0.107706368
vn 0.971900642 0.147254199 -0.183644325
vn 0.280942321 -0.783117771 -0.554795504
vn -0.410291106 0.239732668 0.879880369
vn 0.105083548 0.498999834 0.860207319
vn -0.043253813 0.74476409 0.665924668
vn -0.475607395 0.485691607 0.733417511
vn 0.947868466 0.265520781 -0.176193237
vn 0.930305302 0.333662242 -0.152320489
vn 0.930305302 0.333662242 -0.152320489
vn 0.74432528 0.637324035 0.199494466
vn -0.826626241 -0.315545768 0.465961277
vn -0.785855949 -0.607904375 0.113502018
vn -0.63054812 -0.767598033 -0.114901617
vn -0.315755606 -0.903992832 -0.288262576
vn 0.105574407 -0.878082693 -0.466717213
vn 0.418776363 -0.67138195 -0.611451209
vn -0.493222684 0.65075165 0.577281296
vn -0.107737951 0.862316132 0.49477616
vn -0.185690403 0.94062984 0.284138381
vn -0.53699106 0.753101945 0.380102873
vn 0.194245711 -0.640959024 0.742590129
vn 0.209808975 -0.636001468 0.74261862
vn -0.280038804 -0.698499143 0.658541799
vn -0.269990891 -0.69958961 0.66157341
vn 0.369064331 0.764420211 -0.528633356
vn 0.78672713 0.57427448 -0.226427346
vn -0.991707563 -0.115001686 -0.057365347
vn 0.975806415 0.146315098 0.162461147
vn 0.797126949 0.523390532 -0.301083058
vn 0.827667296 -0.190161943 0.528020144
vn 0.825145364 -0.244345531 0.509343088
vn 0.568712652 -0.468007118 0.676413536
vn 0.557103574 -0.456679791 0.693598688
vn -0.648910701 -0.590381444 0.479963273
vn -0.656887472 -0.610432565 0.442573011
vn -0.447372764 0.639334142 -0.62538749
vn -0.17038621 0.741642475 -0.648795068
vn 0.264009148 -0.956989944 0.120288543
vn -0.331867576 -0.92164886 0.20106554
vn -0.246385694 -0.855245113 0.455905676
vn 0.271124929 -0.876116693 0.398636371
vn -0.917858601 -0.157023415 0.364525974
vn -0.860544503 -0.493192166 0.127376139
vn -0.879707634 -0.454200804 0.140769899
vn -0.883317411 -0.174869105 0.434938192
vn -0.646780729 -0.730298758 0.219859928
vn -0.858356476 -0.46723029 0.211943373
vn -0.844498098 -0.450930864 0.288936466
vn -0.630095422 -0.677461267 0.379507661
vn 0.660753429 0.743246138 0.104833782
vn 0.908296764 0.373082548 -0.189225554
vn 0.879189372 0.430429488 -0.204344451
vn 0.594068229 0.803667545 -0.034662731
vn 0.891656995 0.435175538 -0.124780066
vn 0.879189372 0.430429488 -0.204344451
vn 0.951717079 -0.055763215 -0.301869363
vn 0.991922319 -0.105288461 -0.070742622
vn 0.454608202 0.795069575 -0.401492089
vn 0.475423098 0.844483674 -0.24661772
vn 0.86562103 0.480280787 -0.141529635
vn 0.816319823 0.537423015 -0.21165669
vn -0.582340121 0.75341022 -0.305373818
vn -0.595618188 0.795186937 -0.113652028
vn -0.313937753 0.930150568 -0.190428495
vn -0.298928797 0.871101797 -0.38964507
vn 0.671436727 -0.740948558 0.012961561
vn 0.657072663 -0.681274533 0.322677344
vn 0.856005371 -0.515708447 -0.03605134
vn 0.868734956 -0.440497935 0.226409212
vn -0.985345483 -0.016727949 0.16974853
vn -0.983019173 -0.013578597 0.182999864
vn 0.816319823 0.537423015 -0.21165669
vn 0.86562103 0.480280787 -0.141529635
vn 0.998193383 -0.02805906 0.053128969
vn 0.970146477 0.147676632 0.192373171
vn 0.684776425 -0.374892652 -0.624929368
vn 0.89231503 -0.03184424 -0.450288683
vn -0.577264845 0.79748553 0.175448313
vn -0.247512966 0.964736402 0.089560121
vn 0.522398651 0.846955895 -0.098819681
vn 0.891656995 0.435175538 -0.124780066
vn 0.908296764 0.373082548 -0.189225554
vn 0.796962738 0.526542604 -0.295978755
vn 0.9516536 0.208803803 0.225292072
vn 0.844944835 -0.527831316 0.086384937
vn 0.589660347 -0.726283133 0.353289634
vn -0.580049932 -0.799083233 0.158139214
vn -0.852291226 -0.501333356 0.149212971
vn 0.282991767 -0.844838917 0.454051703
vn -0.108885169 -0.926312089 0.360679835
vn -0.978844285 -0.065149404 0.193957314
vn 0.89029789 0.448644221 -0.078025945
vn 0.99408114 -0.108412229 -0.007033041
vn -0.583680511 0.808212757 0.078161836
vn -0.256181389 0.966309667 0.024834795
vn 0.493656486 0.86629498 -0.076396309
vn 0.89029789 0.448644221 -0.078025945
vn 0.818571389 -0.486138582 -0.305957943
vn 0.594159663 -0.797733426 -0.102935456
vn -0.586157918 -0.809983492 0.018590355
vn -0.859241962 -0.494302422 0.131788835
vn 0.2312264 -0.958023548 0.169485196
vn -0.244229391 -0.968313336 0.052165836
vn -0.953463674 -0.084069073 0.289550334
vn 0.0771906 0.996352971 -0.036364377
vn 0.04046933 0.991953075 -0.119963787
vn 0.066885531 0.778148174 -0.624509275
vn 0.097526178 0.710429966 -0.696977675
vn 0.114362516 0.801884234 -0.586432397
vn 0.154444531 0.847118199 -0.508466065
vn 0.772099435 0.129322752 0.622204244
vn 0.554646015 0.590487123 0.586253107
vn 0.728241742 -0.67478627 0.119697668
vn 0.802265942 -0.372358203 0.466603369
vn 0.802265942 -0.372358203 0.466603369
vn 0.380451947 0.787887633 0.484241098
vn 0.078292519 0.775592744 -0.626359522
vn 0.288718492 0.89687556 0.335046083
vn 0.192190081 0.9694978 0.152108833
vn 0.039260857 0.969140172 -0.243363902
vn 0.043739699 0.900622427 -0.432395786
vn 0.099600501 0.995011151 -0.005708843
vn 0.076534018 0.996538281 -0.032464772
vn -0.833233058 0.331403881 -0.442599386
vn -0.849747777 0.318960071 -0.41975379
vn -0.833800316 0.382910162 -0.397689342
vn -0.832509935 0.341510713 -0.436231196
vn -0.870166123 0.440430909 0.220978856
vn -0.843263805 0.374635637 0.385427356
vn -0.535726845 -0.681035936 0.499186128
vn -0.673791945 -0.340840489 0.655615866
vn -0.864737988 0.378822953 -0.329729289
vn -0.87283802 0.468208939 -0.137601793
vn -0.902424932 0.419928461 0.096381418
vn -0.897686958 0.422833532 0.123975329
vn -0.725207448 -0.037360925 0.687516093
vn -0.765127361 0.12048395 0.632505894
vn -0.880505502 0.467545122 0.078177288
vn -0.868240356 0.49573037 0.020249588
vn -0.425655514 -0.898338616 0.108651154
vn -0.535726845 -0.681035936 0.499186128
vn -0.807974756 0.254320949 0.531505167
vn -0.099169515 -0.957882583 -0.269492716
vn 0.214778692 -0.923628271 -0.317460209
vn 0.138593197 -0.911101758 -0.388182491
vn 0.186281323 -0.878905594 -0.43911767
vn 0.447424799 -0.818626046 -0.360086679
vn 0.126752436 -0.823824525 -0.552491665
vn 0.345527768 -0.738105655 -0.579491615
vn 0.089355603 -0.804862201 -0.586696148
vn -0.003835788 -0.843263447 -0.537486851
vn -0.138794571 -0.855029047 -0.499661297
vn -0.261096179 -0.865581751 -0.427313745
vn 0.025197469 -0.881568134 -0.47138384
vn 0.443741649 -0.747307062 -0.494596392
vn 0.176978543 -0.915854573 -0.360401124
vn 0.004057967 -0.764863789 -0.644179285
vn -0.006408426 -0.750672698 -0.66064328
vn 0.036469448 -0.783123195 -0.620796263
vn 0.070736371 -0.8129493 -0.57802242
vn 0.708043933 0.418890923 -0.568510473
vn 0.972975552 0.143254593 -0.181098729
vn 0.950686574 -0.024300734 -0.309199721
vn 0.674678862 0.258362234 -0.691416979
vn 0.444504023 -0.519509554 0.729743779
vn -0.11160548 -0.684496939 0.720422208
vn -0.231691554 -0.214871466 0.948762
vn 0.458293974 -0.425269753 0.780456483
vn 0.867072225 -0.285429627 0.408308417
vn 0.873229861 -0.35584408 0.332933366
vn -0.406557292 0.475127935 -0.780361891
vn -0.403168648 0.45148465 -0.796000421
vn 0.237986878 0.422260046 -0.874676347
vn 0.216028959 0.334746718 -0.917211056
vn -0.879384696 -0.35976541 0.31185171
vn -0.809638143 0.05679971 0.584174573
vn 0.216028959 0.334746718 -0.917211056
vn 0.237986878 0.422260046 -0.874676347
vn 0.648974836 0.133786604 -0.748954475
vn -0.080965757 -0.799601972 0.595047295
vn 0.580080926 -0.591310382 0.560230553
vn 0.646210194 -0.610774875 0.457565874
vn -0.006034641 -0.806985378 0.590540588
vn 0.829720855 -0.148134753 0.538163066
vn 0.951265216 0.203446284 0.231741428
vn 0.96857959 0.126442596 0.214163229
vn 0.874682128 -0.21186617 0.435940236
vn -0.532080293 0.846540809 -0.016100302
vn 0.305398583 0.900160134 -0.310553402
vn 0.17930153 0.860451281 -0.476942927
vn -0.606370389 0.764016807 -0.220438763
vn 0.807223499 0.537161171 -0.244638592
vn 0.855041444 0.462395012 -0.234723449
vn 0.985525846 0.07020732 0.154304162
vn 0.90204066 0.40309 -0.154405788
vn 0.916342854 0.378130883 -0.131654188
vn 0.976031721 0.043449424 0.213246927
vn 0.77753979 0.588292062 0.222136036
vn 0.98959285 0.133534461 0.053615116
vn 0.42964682 0.895748556 -0.11418476
vn -0.580215752 -0.448056191 0.680143654
vn 0.099268273 -0.78594774 0.61027211
vn 0.236409232 -0.742123663 0.627186716
vn -0.362382352 -0.438317209 0.822530866
vn 0.352471322 0.697273791 0.624157965
vn 0.77753979 0.588292062 0.222136036
vn 0.42964682 0.895748556 -0.11418476
vn -0.30487749 0.908519685 0.285730332
vn 0.699062526 -0.593515098 0.398812443
vn 0.775848866 -0.51963383 0.357825816
vn -0.098912261 0.031155869 0.994608343
vn 0.004624602 0.431840986 0.901937902
vn -0.660269618 0.478725016 0.578676462
vn -0.68921417 0.01480554 0.724406362
vn 0.911443472 -0.206615672 0.355782092
vn 0.925260365 -0.167125493 0.340532422
vn 0.872503042 0.005122874 0.488581806
vn 0.892334878 -0.173893064 0.416532964
vn 0.948554993 0.048383664 0.312893689
vn -0.898206234 0.35943979 0.253038913
vn -0.944253027 0.172141001 0.280631036
vn -0.899987698 0.325461239 -0.289995253
vn -0.833499908 0.48223719 -0.269676179
vn -0.857347965 0.416534543 0.302412778
vn -0.858283758 -0.011991614 0.513035297
vn 0.666829765 -0.44537285 0.597479045
vn 0.196157649 -0.358101487 0.912844777
vn 0.305398583 0.900160134 -0.310553402
vn -0.944571018 -0.023468735 0.327467412
vn -0.930835724 0.351717085 0.099196143
vn -0.952333033 0.302340299 -0.040648326
vn -0.980138004 -0.027594125 0.196387231
vn 0.17930153 0.860451281 -0.476942927
vn 0.181549117 0.822582841 -0.538885355
vn 0.181549117 0.822582841 -0.538885355
vn -0.594997048 0.712808549 -0.371325403
vn -0.715965152 -0.442588598 0.539915919
vn -0.139718607 -0.861303926 0.488502085
vn 0.505573928 -0.6750651 0.537291527
vn 0.820858598 -0.223167107 0.525725782
vn 0.957876027 0.22679095 0.176179767
vn -0.994483948 -0.065600723 0.081842922
vn -0.954637647 0.272287458 -0.120526277
vn -0.943496823 0.272428632 -0.188670292
vn -0.993724823 -0.11176046 0.004540985
vn -0.812305808 -0.504657209 0.292370349
vn -0.791709602 -0.421546698 0.442147404
vn -0.55903399 0.704488456 -0.437238127
vn 0.209873796 0.816601872 -0.53769356
vn 0.243333697 0.783993423 -0.571089268
vn -0.502806246 0.698974848 -0.508547068
vn 0.270424932 0.701422632 -0.659451902
vn 0.243333697 0.783993423 -0.571089268
vn 0.759498775 0.576189816 -0.301938683
vn 0.741786301 0.547086239 -0.387878627
vn -0.200166166 -0.237807751 0.950463593
vn 0.468123645 -0.425926805 0.774239421
vn 0.783817947 0.563910663 -0.260066062
vn -0.979136288 -0.186728761 -0.080152787
vn -0.927307844 0.257085353 -0.27204299
vn 0.917576551 -0.139650524 -0.37222442
vn 0.858816266 -0.402057707 0.317465276
vn -0.761530995 0.134347484 0.634051502
vn -0.459602147 0.650448978 -0.60471648
vn 0.270424932 0.701422632 -0.659451902
vn 0.209873796 0.816601872 -0.53769356
vn 0.950861514 0.306736499 0.042133242
vn 0.408940077 -0.682342649 0.605950892
vn -0.157806396 -0.945216298 0.285767883
vn 0.832388163 -0.164163038 0.529320776
vn -0.730851114 -0.681944728 0.02842669
vn 0.254518032 0.570187092 -0.781093597
vn -0.997069359 -0.07603734 -0.008427461
vn -0.913095295 0.214915156 -0.34650901
vn -0.452531785 0.517322242 -0.726355791
vn 0.254518032 0.570187092 -0.781093597
vn 0.940200686 0.296032369 0.168486103
vn 0.457379967 -0.71234107 0.532328665
vn -0.135676891 -0.931117833 0.338542998
vn 0.811269581 -0.167742267 0.560093105
vn -0.786144257 -0.59974122 0.149290621
vn -0.730851114 -0.681944728 0.02842669
vn -0.786144257 -0.59974122 0.149290621
vn -0.362382352 -0.438317209 0.822530866
vn -0.580215752 -0.448056191 0.680143654
vn -0.809638143 0.05679971 0.584174573
vn -0.879384696 -0.35976541 0.31185171
vn -0.715965152 -0.442588598 0.539915919
vn -0.791709602 -0.421546698 0.442147404
vn -0.761530995 0.134347484 0.634051502
vn 0.196157649 -0.358101487 0.912844777
vn -0.812305808 -0.504657209 0.292370349
vn 0.610178769 -0.085222535 0.787666798
vn 0.69781059 0.087838128 0.710876048
vn 0.004624602 0.431840986 0.901937902
vn -0.098912261 0.031155869 0.994608343
vn 0.885390341 0.015696473 0.464583278
vn 0.927638113 0.114445396 0.355513364
vn 0.352471322 0.697273791 0.624157965
vn 0.789684534 0.167823315 0.590113223
vn 0.932286859 -0.101005197 0.347331554
vn 0.945933282 0.052570343 0.32007274
vn 0.970645964 -0.104017109 0.216856927
vn 0.782712936 -0.235313207 0.576184094
vn 0.920167387 -0.108973078 0.376054406
vn 0.894895852 -0.100898445 0.434719294
vn 0.94692874 -0.195436195 0.25520739
vn 0.937944949 -0.345882714 0.024988405
vn 0.519298136 0.746505857 0.416003048
vn 0.721447766 0.352912039 0.595790446
vn 0.421345919 0.285260409 0.860868275
vn -0.95348227 0.300682545 -0.021484373
vn -0.956284344 0.275619417 -0.097745284
vn -0.638163388 0.758064628 0.134482428
vn -0.88379848 0.464166105 0.058737628
vn -0.8130669 0.58150667 -0.027790461
vn -0.799551666 0.600593686 0.002097787
vn -0.694371879 -0.101201832 0.712464631
vn -0.818248749 0.365750283 0.443503827
vn -0.914547563 0.374568731 -0.152647093
vn -0.89259243 0.425327867 -0.149582565
vn -0.878002644 0.478546709 0.010218852
vn -0.845618367 0.533785343 0.00165353
vn -0.786041021 0.554166257 0.273932904
vn -0.773412406 0.608769596 0.176728293
vn -0.889554799 0.449826151 -0.079678826
vn -0.879414618 0.44604376 -0.166357666
vn -0.168811619 -0.590257704 0.789365888
vn -0.800742805 0.593054533 0.084245682
vn -0.977991581 -0.207974926 0.01670051
vn -0.978915811 -0.203499988 0.017651735
vn -0.978702545 -0.192539275 0.07120432
vn -0.9690485 -0.24352555 0.040501937
vn -0.992740691 -0.118332788 0.021523975
vn -0.990696788 -0.135305405 -0.014569973
vn -0.556786537 -0.718153656 -0.417425543
vn -0.839627266 -0.479818642 -0.254558772
vn -0.985023797 -0.160377264 -0.063303605
vn -0.982189834 -0.185636699 -0.029020455
vn -0.982325852 -0.186979845 0.008630211
vn -0.980517566 -0.185505539 0.064598195
vn -0.955525875 -0.278985173 -0.095591038
vn -0.973473191 -0.223622128 -0.048406739
vn -0.970605791 -0.23985891 -0.019802369
vn -0.969315708 -0.245801523 -0.002947793
vn 0.023247814 -0.807133853 -0.589910507
vn -0.98049593 -0.1953374 -0.021701157
vn -0.909051836 -0.407334358 0.087769523
vn -0.86705488 -0.493901014 0.065404251
vn -0.968161762 -0.23612453 0.08311484
vn -0.935731351 -0.346608937 0.065338477
vn -0.944298685 -0.328964502 0.009075389
vn -0.972041786 -0.234250948 -0.016163025
vn -0.692023456 -0.711561799 -0.121586524
vn -0.848653853 -0.525141954 -0.063345455
vn -0.861327589 -0.508036077 0.003768167
vn -0.906817079 -0.421055466 -0.019879179
vn -0.903078854 -0.428052604 -0.034922697
vn -0.901633918 -0.432498217 -0.00124897
vn -0.90225178 -0.42377165 -0.079745881
vn -0.935408056 -0.348095 -0.061981447
vn -0.898252606 -0.439423919 0.006988568
vn -0.91569227 -0.401865393 0.003456633
vn -0.179817289 -0.874324799 -0.450801522
vn -0.949046493 -0.309633195 -0.058635298
vn -0.008826218 -0.611138284 0.79147464
vn 0.577856243 -0.441392899 0.686479807
vn -0.609989583 0.72783345 -0.313322783
vn -0.364673793 0.7199561 -0.590488136
vn -0.335933417 0.449995011 -0.827437818
vn -0.475349575 0.565576017 -0.673918784
vn 0.101185635 -0.554625928 0.825924695
vn 0.269543499 -0.181474358 0.945734322
vn -0.632010818 0.544390917 -0.55154407
vn -0.958445191 0.07697884 -0.274694562
vn -0.783208847 0.459256738 -0.4191266
vn 0.650035083 -0.297347665 0.699313104
vn 0.861770034 -0.329263866 0.385924459
vn 0.335061878 0.288328201 -0.896995246
vn 0.152256072 0.31321615 -0.937397301
vn 0.133739531 0.265284032 -0.954849839
vn 0.486729652 0.096355595 -0.868222296
vn -0.404775947 -0.620790482 0.671398222
vn -0.653797567 -0.560975671 0.507794321
vn -0.397784472 0.733485758 -0.551149905
vn -0.15132539 0.836922765 -0.525985658
vn -0.279160649 0.815320015 -0.507269859
vn -0.366062015 0.723934233 -0.58473736
vn -0.725516796 0.648344338 -0.230813816
vn -0.38623026 0.786043108 -0.482661903
vn -0.403010756 0.693127275 -0.59762615
vn -0.551913023 0.671413183 -0.494566828
vn 0.96427834 -0.262539774 0.035215806
vn -0.110736646 0.435530633 -0.893336713
vn -0.066057071 0.747647405 -0.660802484
vn 0.462829411 -0.407904118 0.787021697
vn 0.755893886 -0.058877714 0.652041376
vn 0.000365005 0.443314523 -0.89636606
vn -0.101685345 0.490413517 -0.865537286
vn -0.424208075 0.792948723 -0.437355578
vn -0.368425131 0.897560239 -0.242174819
vn 0.850298405 -0.110152915 -0.514644563
vn 0.811599135 0.013590624 -0.584056675
vn -0.346022457 0.669422328 -0.657375216
vn -0.210594609 0.910314977 -0.356337875
vn -0.290505737 -0.399817795 0.869340062
vn 0.174105912 -0.167068332 0.970451057
vn 0.811599135 0.013590624 -0.584056675
vn 0.850298405 -0.110152915 -0.514644563
vn -0.918781757 -0.3595801 0.162917987
vn -0.129578397 0.734733284 -0.665865183
vn -0.089424133 0.469356239 -0.878469169
vn 0.79249984 -0.069943093 0.605848134
vn -0.260893971 0.051542949 0.96399051
vn -0.272071332 0.349415004 -0.896597087
vn -0.371348888 0.467025846 -0.802487969
vn -0.284646273 0.216588646 -0.933844686
vn -0.288698703 0.153071001 -0.94510442
vn -0.267193109 -0.002809836 -0.963638902
vn -0.192610487 0.003396115 -0.981269479
vn -0.413200349 0.692110062 -0.591818511
vn -0.609758735 0.557730198 -0.563144147
vn -0.914076269 -0.321770012 0.246837437
vn -0.907515466 0.108669043 -0.405717582
vn -0.955058873 -0.016914992 -0.295933336
vn -0.876250386 -0.158054203 0.455196917
vn -0.152170524 0.238429099 -0.959164083
vn -0.36808908 0.586237371 -0.721689761
vn -0.174796686 0.252683371 -0.951628745
vn -0.224289089 0.441105366 -0.868976712
vn -0.100190975 0.335081369 -0.936846912
vn 0.059943534 0.389015824 -0.9192788
vn 0.092041612 0.245403856 -0.965041637
vn -0.103148855 0.19657284 -0.975048482
vn -0.148257971 0.110940374 -0.982706368
vn -0.283332169 -0.033268508 -0.958444595
vn -0.215072319 0.095833406 -0.971884727
vn -0.144125 0.239427432 -0.960157514
vn -0.558256805 0.218985826 -0.800246537
vn -0.521001458 0.449076772 -0.725870192
vn -0.259359449 -0.485955924 0.834613442
vn 0.12762551 0.224417374 -0.966099679
vn 0.248692036 0.198211133 -0.948084772
vn -0.263813227 0.272900194 -0.925163865
vn -0.274478376 -0.110048644 -0.955275357
vn -0.158999354 -0.097780004 -0.982424736
vn 0.928644121 -0.035426583 0.369276553
vn 0.993698299 -0.063487992 -0.092374198
vn 0.994346261 -0.104436494 -0.019200835
vn 0.843687654 -0.142266586 0.517640173
vn 0.33238247 0.046481013 0.941998661
vn -0.090243228 0.163490668 -0.982408702
vn 0.014095873 0.12170025 -0.992466867
vn 0.089600556 0.13652657 -0.986576021
vn -0.439662874 0.146496415 -0.886135161
vn -0.414065719 0.036528122 -0.909513772
vn -0.225152373 0.003879771 -0.974315822
vn -0.360215873 -0.038201563 0.932086468
vn -0.218841985 0.023256207 0.975483119
vn -0.263848513 0.161540329 0.950940907
vn -0.334678054 0.085106902 0.93848145
vn 0.130024776 0.229329184 0.96462518
vn -0.171332255 0.232243463 0.957448781
vn -0.049538925 0.083630368 0.995264709
vn 0.162935928 0.063338831 0.984601498
vn -0.632452965 -0.049927231 0.772988021
vn -0.689529896 -0.145386443 0.709514916
vn -0.040162522 0.312771231 0.94897902
vn 0.093724892 0.098881699 0.990675569
vn -0.048283156 0.046247397 0.997762501
vn -0.063500658 0.261369109 0.963147938
vn -0.754723966 -0.174599156 0.632381856
vn -0.786345363 -0.27751416 0.551948309
vn -0.481808096 -0.218363717 0.84863323
vn -0.438328415 -0.128949404 0.88951683
vn -0.271607965 0.014980492 0.96229136
vn -0.334267825 0.196853489 0.921690702
vn -0.346761227 -0.155601546 0.924956739
vn -0.294459701 -0.091382258 0.951284826
vn 0.370554924 0.088147178 0.924618363
vn 0.336965263 0.228703737 0.913317621
vn 0.389232218 0.019273618 0.920938015
vn 0.48825416 0.021070635 0.872447133
vn 0.444441795 -0.012181967 0.895724893
vn 0.378126442 0.003644999 0.925746858
vn 0.258256406 0.012422509 0.965996563
vn 0.076684244 0.009564745 0.997009575
vn 0.117663503 -0.064830966 0.990935028
vn 0.286867112 -0.050872531 0.956618726
vn -0.088322453 -0.038359854 0.995353043
vn 0.039941132 0.003992991 0.999194086
vn 0.074978754 0.040382568 0.996367097
vn -0.075347535 0.011147626 0.997095048
vn 0.712949455 0.05050844 0.699394047
vn 0.702290177 0.023404937 0.711505949
vn 0.201827124 0.142802984 0.968954682
vn -0.004324417 0.180334792 0.983595788
vn 0.363649815 0.238443524 0.900501847
vn -0.38373521 -0.097948723 0.918233812
vn 0.000116597 -0.078930154 0.996880174
vn -0.250190228 -0.071677305 0.965539873
vn -0.256637275 -0.01671337 0.966363251
vn 0.210074812 0.012438415 0.977606237
vn -0.23831287 0.095446646 0.966486931
vn 0.084103845 0.155615821 0.984230816
vn 0.507252634 0.044921424 0.860625863
vn 0.366206497 0.025630912 0.93018055
vn -0.253603548 0.136273012 0.957661152
vn -0.202584058 0.110532463 0.973006845
vn 0.345613837 0.039924242 0.93752718
vn -0.282371908 -0.037151903 0.958585382
vn -0.143346712 0.96440655 -0.222197428
vn -0.201208979 0.964930475 0.168594867
vn -0.703422844 0.706329525 0.079340875
vn 0.086853325 0.950549126 -0.298182487
vn 0.288404971 0.957507312 0.001541791
vn -0.925715268 0.356773227 0.125555411
vn -0.626314104 0.608433783 0.4873797
vn 0.288404971 0.957507312 0.001541791
vn 0.093076676 0.990619838 -0.100045502
vn -0.924327075 0.187020227 0.332630128
vn 0.49641782 0.842163861 0.21054545
vn -0.263798684 0.964375079 0.01977336
vn 0.15610981 0.829120278 0.53683275
vn 0.49641782 0.842163861 0.21054545
vn 0.15610981 0.829120278 0.53683275
vn 0.838858485 -0.489713132 -0.237692088
vn 0.895963967 -0.44406724 0.007271315
vn -0.862049401 0.504043341 -0.053020097
vn -0.801557541 0.499688685 -0.328354597
vn -0.44438085 0.332504809 0.831845105
vn -0.708244026 0.444331646 0.548598051
vn -0.717605889 0.418301672 -0.556835294
vn 0.916953266 -0.380523652 0.119993925
vn 0.878882527 -0.145369262 0.454349428
vn -0.49996686 0.265154153 -0.824455261
vn -0.178879991 0.073727369 -0.981104553
vn 0.325325727 -0.218290284 -0.920061111
vn 0.536209047 -0.362965912 -0.762060165
vn -0.125751048 0.199012354 0.971895397
vn 0.179372713 0.147761896 0.972621143
vn 0.694191456 -0.474253029 -0.541463137
vn -0.849418581 0.477315933 0.225072488
vn 0.416835397 0.155570254 0.895570278
vn -0.706641614 0.460704476 -0.537037313
vn -0.466802984 0.28049919 -0.838698506
vn 0.867461383 -0.497068077 0.020836327
vn 0.902077556 -0.393146932 0.178021103
vn 0.27558437 -0.239583656 -0.930941999
vn 0.47683236 -0.363247514 -0.800426304
vn -0.175715193 0.090455949 0.980276406
vn -0.491628021 0.289402544 0.821308732
vn 0.205613285 -0.079482339 0.975400269
vn 0.699340701 -0.446126044 -0.558474958
vn -0.718491912 0.412588745 0.559946477
vn -0.855835617 0.465601772 0.225300819
vn 0.49456948 -0.078726016 0.8655653
vn 0.837387621 -0.489533663 -0.243184686
vn -0.855583608 0.498570651 -0.139298245
vn -0.787977815 0.511078954 -0.343350172
vn 0.885637879 -0.127229676 0.446607351
vn -0.161141962 0.086148672 -0.983164132
vn 0.197586924 -0.236889154 -0.951232374
vn 0.462041914 -0.37463972 -0.803842247
vn -0.262811631 0.003007633 0.964842498
vn -0.536646068 0.25049898 0.805767536
vn 0.118701711 -0.27277866 0.95472604
vn 0.682041228 -0.462035 -0.566871643
vn -0.709813714 0.41939503 0.565926075
vn -0.813005447 0.543981493 0.207620576
vn 0.487107754 -0.442704022 0.75282079
vn 0.782860935 -0.554635942 -0.281971186
vn -0.770713449 0.6011554 -0.211217865
vn 0.806084931 -0.591213405 0.026338888
vn -0.729060173 0.588976264 -0.348680705
vn -0.678876758 0.523005188 -0.515356183
vn 0.808092415 -0.488492578 0.32918334
vn 0.772540033 -0.337650508 0.537748992
vn -0.439233154 0.328391999 -0.836201489
vn -0.174571216 0.104042009 -0.979132354
vn 0.474343687 -0.345266879 -0.809807897
vn 0.622270048 -0.484259903 -0.615038574
vn -0.69976896 0.416485339 0.580399394
vn -0.769126177 0.602823853 0.212245986
vn 0.384845942 -0.637547433 0.667403042
vn 0.046846904 -0.377954662 0.924638093
vn 0.709808946 -0.612635672 -0.347633243
vn -0.715860844 0.665860295 -0.210174605
vn 0.747615516 -0.664102256 -0.006262535
vn -0.696938396 0.641040683 -0.321471184
vn -0.542690098 0.205545783 0.814394534
vn -0.637519062 0.583644092 -0.502920568
vn 0.690120995 -0.608539522 0.391679436
vn 0.587298572 -0.584435523 0.559924603
vn -0.384316623 0.410660237 -0.826836705
vn -0.192151874 0.203221574 -0.960093081
vn 0.210821271 -0.185888976 -0.959687352
vn -0.298060805 -0.056536961 0.952871144
vn 0.348071903 -0.033131212 -0.936882198
vn 0.533223569 -0.235102162 -0.812649727
vn -0.302729934 -0.082510993 0.949498057
vn -0.51849997 0.211731672 0.828448832
vn 0.01264554 -0.434298754 0.900680184
vn 0.637142599 -0.40969637 -0.652838647
vn -0.657799184 0.4306615 0.61792475
vn -0.722294986 0.647876143 0.241963983
vn 0.299527496 -0.71358031 0.633313894
vn 0.727272213 -0.565348625 -0.389173508
vn -0.687688947 0.713347733 -0.134977967
vn 0.760400534 -0.648354292 -0.037786782
vn -0.666393876 0.685902894 -0.29232955
vn -0.544207692 0.663659036 -0.513220012
vn 0.672676504 -0.652552485 0.348828882
vn 0.533490598 -0.696075499 0.480485976
vn -0.269732684 0.532527924 -0.802283227
vn -0.079249382 0.38182506 -0.920830727
vn 0.552400291 -0.161907732 -0.817704022
vn 0.676127374 -0.36486873 -0.64009583
vn -0.593303382 0.465619534 0.656650245
vn -0.667732716 0.68872416 0.282474816
vn 0.244178593 -0.723108709 0.646135092
vn -0.015961472 -0.459549159 0.888008893
vn 0.755157411 -0.544539869 -0.364984423
vn -0.645777404 0.761683166 -0.053011756
vn 0.742895901 -0.668807209 -0.028332764
vn -0.577534616 0.767420888 -0.278422356
vn -0.484939426 0.249957368 0.83806628
vn -0.399114788 0.750056744 -0.527372956
vn 0.62100023 -0.723175585 0.302284271
vn 0.521869838 -0.767680109 0.371912807
vn -0.148902744 0.63151747 -0.760929465
vn 0.032890458 0.483368009 -0.874799192
vn 0.4037202 0.074400283 -0.9118523
vn -0.30645898 -0.070005044 0.94930619
vn 0.725161254 -0.345800579 -0.59545207
vn 0.773770571 -0.542860389 -0.326468617
vn -0.634230077 0.692427993 0.34394142
vn -0.612449467 0.790428102 0.011361628
vn 0.730312169 -0.681916237 -0.040428486
vn -0.488422155 0.821653545 -0.293818474
vn -0.495473683 0.275531381 0.823764741
vn -0.572856903 0.471459478 0.670493066
vn -0.287041008 0.780399442 -0.555503607
vn 0.593668282 -0.767710865 0.241201311
vn 0.527224898 -0.796994865 0.294674754
vn -0.117521875 0.685016572 -0.718985975
vn 0.046450242 0.534326792 -0.844000757
vn 0.403833956 0.121449225 -0.906734943
vn 0.594772875 -0.123651139 -0.794327199
vn -0.333330482 -0.048538789 0.941559792
vn -0.047340021 -0.447155774 0.893202484
vn 0.21816425 -0.703862786 0.676004112
vn 0.801611722 -0.531419814 -0.273882627
vn 0.752767503 -0.656959414 -0.041779485
vn -0.558023572 0.827864051 0.057015896
vn -0.393541127 0.867823303 -0.303328425
vn -0.506620288 0.269937605 0.818822086
vn -0.581495941 0.479465425 0.657248318
vn -0.209794626 0.812704384 -0.543597043
vn 0.628954828 -0.751193941 0.20030871
vn 0.572548091 -0.780554831 0.2508443
vn -0.077592306 0.737180471 -0.671225965
vn 0.084535979 0.607947707 -0.789463878
vn 0.518000782 0.153896376 -0.841422081
vn 0.689212024 -0.084160961 -0.719655335
vn -0.353570759 -0.007580226 0.935377061
vn -0.085612051 -0.38516587 0.918867707
vn 0.787623107 -0.303900868 -0.535998166
vn -0.609863162 0.680396736 0.40635848
vn 0.201439232 -0.665468454 0.718730807
vn -0.516059101 0.251572877 0.818776071
vn -0.595526576 0.494096786 0.633416533
vn -0.33313939 0.907875717 -0.254518837
vn -0.160862342 0.859851658 -0.484539479
vn 0.649532437 -0.739640415 0.176180959
vn 0.610567689 -0.755045772 0.238983437
vn -0.021929299 0.782646179 -0.622080386
vn 0.15859358 0.658515632 -0.735666513
vn 0.75317812 -0.657155097 -0.029493783
vn 0.640372455 0.119180337 -0.758761644
vn 0.755602181 -0.090410255 -0.648761392
vn -0.368852109 -0.000347821 0.929488003
vn -0.112509765 -0.337497324 0.934578598
vn 0.824983776 -0.311161608 -0.471784085
vn -0.599507749 0.686551929 0.411384314
vn 0.207746223 -0.624728918 0.75269872
vn 0.817122579 -0.524258316 -0.239716485
vn -0.509711385 0.855763137 0.088677995
vn -0.055215646 0.813113332 -0.579480827
vn 0.15845935 0.681987226 -0.713991582
vn -0.226998955 0.885891736 -0.404558241
vn 0.735824287 -0.675668895 -0.04510298
vn 0.620714843 -0.767376363 0.16076906
vn 0.664222062 0.085920423 -0.742581129
vn 0.772608817 -0.163065046 -0.613584042
vn -0.39732632 -0.020704804 0.917443812
vn -0.537267625 0.256129116 0.803580403
vn -0.138380751 -0.349704504 0.926583767
vn 0.824081421 -0.345486492 -0.448919803
vn -0.6056844 0.507131696 0.613158941
vn -0.609404027 0.683869064 0.401185572
vn 0.174445078 -0.618942916 0.765819013
vn 0.815416515 -0.514576077 -0.265155315
vn -0.533172727 0.83664304 0.125520125
vn -0.386626095 0.904840767 -0.178279221
vn 0.563971698 -0.780551791 0.269582957
vn 0.636705458 0.104843371 -0.763946354
vn 0.759625852 -0.179911554 -0.62498039
vn -0.425075918 0.004583089 0.905146122
vn -0.556963801 0.305462986 0.772323549
vn -0.196707144 -0.335807025 0.921162367
vn 0.799001575 -0.392115682 -0.455896825
vn -0.611124516 0.519206583 0.597454131
vn -0.624185026 0.664680958 0.410599917
vn 0.070167683 -0.614056349 0.786136985
vn 0.788746774 -0.529906869 -0.311572433
vn -0.584245205 0.794219971 0.166949913
vn 0.713911712 -0.6943838 -0.090339601
vn -0.477368981 0.87203753 -0.108025156
vn -0.324381381 0.880281866 -0.346237838
vn 0.581899107 -0.801199138 0.139546856
vn 0.458387196 -0.824633479 0.331452578
vn -0.13736777 0.827957749 -0.543705881
vn 0.094386697 0.69980377 -0.708071947
vn 0.740898192 -0.131032273 -0.658711255
vn 0.769104958 -0.382104367 -0.512322068
vn -0.537053704 0.542440891 0.64601177
vn -0.54486382 0.686797857 0.481073916
vn -0.022970237 -0.559671879 0.828395963
vn -0.235557109 -0.253680795 0.93816787
vn 0.745271266 -0.552882314 -0.372681975
vn -0.503288805 0.8244133 0.258926779
vn 0.683839679 -0.708927691 -0.172583088
vn -0.397731394 0.917501628 -0.000697128
vn -0.497837931 0.363077939 0.787611425
vn -0.24440217 0.9395504 -0.239818051
vn 0.545915484 -0.83056277 0.110189371
vn 0.374407321 -0.849309146 0.372146577
vn -0.071646221 0.895317018 -0.439629644
vn 0.155759633 0.770158648 -0.618542373
vn 0.638212562 0.169708207 -0.750922024
vn -0.400942683 0.085434996 0.912110627
vn 0.765351117 -0.289440542 -0.574858129
vn 0.740099072 -0.504486263 -0.444687456
vn -0.502154469 0.641116977 0.58035332
vn -0.46434924 0.804258645 0.370874405
vn 0.682993531 -0.684485614 -0.2549496
vn -0.344098181 0.933015108 0.105258271
vn -0.432411909 0.321222156 0.842517793
vn -0.482966155 0.486185282 0.728263438
vn -0.177506253 0.973604858 -0.143475309
vn 0.565922558 -0.823635221 0.036833689
vn 0.398464501 -0.847685218 0.350222588
vn -0.008568757 0.943650305 -0.330833286
vn 0.2181108 0.833005905 -0.508457363
vn 0.659690917 0.277131915 -0.698574185
vn 0.744166732 -0.0191685 -0.667718828
vn -0.338974535 0.077501655 0.937597871
vn -0.190892681 -0.221523404 0.956288338
vn 0.006096617 -0.523003399 0.852308869
vn 0.738209426 -0.368406951 -0.565086782
vn 0.703252017 -0.613447249 -0.359331489
vn -0.544269025 0.696775854 0.467198819
vn -0.371336251 0.909964263 0.184592217
vn -0.403281122 0.172491118 0.898671925
vn -0.50212121 0.316219747 0.804909527
vn -0.098257639 0.992591679 -0.071464293
vn 0.650658906 -0.758986413 -0.024137635
vn 0.541200817 -0.771394253 0.334742635
vn 0.163030177 0.960037172 -0.227485999
vn 0.409914404 0.85488385 -0.318031162
vn 0.705163062 0.487942189 -0.514448822
vn 0.749510884 0.248568133 -0.613553047
vn -0.254695088 -0.020871062 0.966796219
vn -0.056212869 -0.252492249 0.965964735
vn 0.762606561 -0.056111049 -0.644424438
vn -0.565725982 0.474014997 0.674732506
vn 0.171866462 -0.487273067 0.856169879
vn -0.213803649 -0.156635225 0.964237213
vn -0.393674582 -0.113321081 0.9122383
vn -0.8539083 0.02497842 0.51982373
vn -0.894193292 0.045438115 0.445369214
vn 0.731318474 -0.659558713 0.173653588
vn 0.73233366 -0.646146894 -0.214899227
vn 0.73733741 -0.47378239 -0.481522381
vn 0.84079951 -0.537240207 -0.06655214
vn 0.94906044 -0.004134219 0.315067053
vn 0.819575906 0.024326082 0.572453976
vn -0.501821578 -0.803695977 0.31976223
vn -0.402075589 -0.879327774 0.255181998
vn 0.640385032 -0.503119648 -0.580325544
vn 0.499037981 -0.325409681 -0.803162277
vn 0.633759141 0.704231441 -0.320011735
vn 0.533318162 0.520470083 -0.666845262
vn 0.001053272 -0.253232062 0.967405021
vn 0.234718993 -0.378794253 0.89522171
vn 0.496423155 -0.392403573 0.774327755
vn 0.279452205 -0.328223795 0.902316809
vn 0.528264046 0.159985572 -0.833871484
vn -0.558680356 -0.096590176 0.823739469
vn 0.462275565 -0.509189188 0.725966752
vn 0.679670215 -0.471822113 0.561633646
vn 0.560372591 -0.22536397 -0.796990335
vn -0.717143714 -0.077151857 0.692641675
vn 0.003676286 0.25475505 0.966998696
vn 0.144546509 0.282491058 0.948316991
vn 0.358594567 -0.245886907 0.900527418
vn 0.59119314 -0.120123886 0.797534287
vn 0.230656222 0.053088464 0.971585989
vn 0.489883035 0.007574778 0.871755302
vn -0.196300849 -0.277193695 0.940547526
vn -0.31162864 -0.505773425 0.804413319
vn 0.448214918 0.234265968 0.862683535
vn -0.191835582 0.201622292 0.960493386
vn 0.049562488 -0.107823841 0.992933869
vn 0.058569815 -0.264921218 0.962489724
vn 0.056315798 -0.467065126 0.882427752
vn -0.591691613 -0.218455508 0.776001513
vn -0.026843634 -0.021076826 -0.999417424
vn -0.006725683 0.066051446 -0.997793615
vn 0.605749547 -0.241496548 0.758120716
vn 0.496423155 -0.392403573 0.774327755
vn 0.679670215 -0.471822113 0.561633646
vn 0.774753988 -0.333700657 0.537029088
vn 0.413133651 -0.193851948 0.88979888
vn 0.279452205 -0.328223795 0.902316809
vn 0.641382754 0.085296661 -0.762464941
vn 0.234101906 0.343994915 -0.909320533
vn -0.765629232 0.109500073 0.633894086
vn -0.25799197 -0.236554042 0.936740279
vn -0.378279537 0.530548573 -0.75856632
vn -0.819132149 0.500803173 -0.27967611
vn -0.903059423 0.344610065 0.256373882
vn 0.452183694 -0.459056467 0.764720261
vn 0.848416984 -0.435486376 0.300898999
vn -0.765629232 0.109500073 0.633894086
vn 0.907695234 -0.214961812 -0.360389918
vn 0.234101906 0.343994915 -0.909320533
vn 0.849606216 -0.460485309 0.257142991
vn 0.910322011 -0.181744695 -0.371863782
vn 0.672494173 0.133093774 -0.728036821
vn 0.268713742 0.416176945 -0.868671238
vn -0.323269844 0.583471775 -0.74502176
vn -0.785519958 0.098577678 0.610934436
vn -0.285738558 -0.303702056 0.908910692
vn 0.268713742 0.416176945 -0.868671238
vn -0.806891739 0.524022341 -0.272628456
vn -0.916993201 0.344732851 0.200705588
vn -0.785519958 0.098577678 0.610934436
vn 0.375659138 -0.515307188 0.770284832
vn 0.279510558 -0.663192213 0.694298208
vn 0.830895245 -0.501087546 0.241918251
vn -0.373068124 -0.420520306 0.827032566
vn 0.924668431 -0.085049793 -0.371153504
vn 0.704008937 0.209925041 -0.678456247
vn 0.318028092 0.48216635 -0.816317201
vn -0.281635135 0.683650911 -0.673277795
vn -0.813600957 0.03280979 0.580497205
vn 0.318028092 0.48216635 -0.816317201
vn -0.758943498 0.612190187 -0.221873716
vn -0.913557231 0.330391735 0.237180352
vn -0.813600957 0.03280979 0.580497205
vn -0.269917101 0.712486446 -0.64769429
vn -0.73405236 0.634717047 -0.241456792
vn -0.905433357 0.401983798 0.136379629
vn -0.827851117 -0.03335401 0.559955418
vn 0.381333947 -0.600809276 0.702575803
vn 0.904195428 -0.381594986 0.191874728
vn -0.455428094 -0.382387072 0.803968549
vn 0.911648929 -0.007251994 -0.410905838
vn 0.65729028 0.252447754 -0.710098326
vn 0.282892078 0.505994558 -0.814826131
vn -0.827851117 -0.03335401 0.559955418
vn 0.282892078 0.505994558 -0.814826131
vn 0.119032554 0.407529533 -0.905400991
vn -0.317531168 0.611277759 -0.724923134
vn -0.329185247 0.88680166 0.324376345
vn 0.580848217 0.397232115 0.710508287
vn 0.510181546 0.195955396 -0.837446332
vn 0.119032554 0.407529533 -0.905400991
vn -0.728490829 0.622105896 -0.286854357
vn -0.591414988 0.791918278 0.151966602
vn -0.329185247 0.88680166 0.324376345
vn 0.669942081 -0.02640219 0.741943836
vn 0.952227056 -0.198930055 0.231712297
vn 0.854938626 0.022834061 -0.518226326
vn 0.995574653 -0.003147387 -0.093920879
vn 0.735778987 -0.080615692 -0.672406435
vn 0.285498649 0.015239447 -0.958257973
vn -0.146197289 0.243086383 -0.958924115
vn -0.541574299 0.541898191 -0.642684758
vn 0.714705944 0.62088722 -0.322016269
vn 0.693261325 0.661548853 -0.285905242
vn -0.146197289 0.243086383 -0.958924115
vn -0.577281475 0.757972419 -0.303684026
vn -0.272802711 0.915387154 -0.296048939
vn 0.714705944 0.62088722 -0.322016269
vn 0.936051309 0.262747198 0.234033853
vn 0.070120789 -0.249551281 -0.965819478
vn 0.595194042 -0.336782902 -0.729603529
vn -0.373344928 0.054902036 -0.926066577
vn -0.385044783 0.518653452 -0.763373554
vn -0.682263196 0.314689279 -0.659914851
vn -0.71208328 0.206218049 -0.671127141
vn -0.611126542 0.337239236 -0.716096401
vn -0.518286228 -0.093073271 -0.850127518
vn -0.566563666 -0.146172866 -0.810949504
vn -0.518286228 -0.093073271 -0.850127518
vn -0.105360143 -0.437343419 -0.893101335
vn -0.208040982 -0.424016625 -0.881435692
vn -0.566563666 -0.146172866 -0.810949504
vn -0.654487133 0.207791626 -0.72695893
vn -0.594056785 0.262974948 -0.760224104
vn -0.453881264 0.300401717 -0.83889848
vn -0.379614741 0.256860793 -0.888771713
vn -0.138000205 0.385351777 -0.912392437
vn -0.072886765 0.298702478 -0.951558888
vn 0.953215718 -0.291167289 -0.081249684
vn 0.924722493 0.019875782 0.380122662
vn 0.89427501 -0.315907806 0.316977024
vn 0.843890369 -0.518582225 -0.137555704
vn 0.003674848 0.379636586 -0.9251284
vn 0.071765259 0.303171277 -0.950229943
vn -0.158679277 0.28452453 -0.94544524
vn -0.083302431 0.235877559 -0.968205869
vn -0.646941185 0.043389853 -0.761304379
vn -0.309454858 0.167609408 -0.936026096
vn -0.566891432 0.062155206 -0.821444333
vn -0.662777185 0.052983131 -0.746939957
vn 0.32432732 0.29194805 -0.899765611
vn -0.62477684 0.435490578 -0.648075521
vn -0.373344928 0.054902036 -0.926066577
vn -0.13077347 0.09463688 -0.986885071
vn -0.25155741 -0.124993682 0.959737182
vn 0.276368976 -0.100485519 0.955783963
vn -0.088190235 0.014133937 0.99600333
vn 0.598569572 -0.204354197 0.774566948
vn 0.032824606 -0.148972183 0.988296449
vn -0.48064518 0.67686075 -0.557530046
vn -0.408496439 -0.093496025 0.907958806
vn -0.248637751 -0.037898496 0.967854798
vn 0.404239446 -0.051274955 0.913214862
vn 0.532094419 -0.080304228 0.842868268
vn -0.122706033 -0.104832843 0.986890733
vn 0.722828925 -0.154754624 0.673475683
vn 0.028155332 0.025110712 0.999288082
vn -0.63017875 0.095039815 -0.770611584
vn -0.990250587 -0.072655715 -0.118848465
vn -0.097760491 0.232734442 -0.967614353
vn -0.122613065 0.227845713 -0.965946376
vn 0.236029223 0.717359543 -0.655504048
vn 0.788747966 0.181268319 -0.587382793
vn 0.846939325 0.384771109 -0.366939992
vn 0.788747966 0.181268319 -0.587382793
vn 0.890575588 0.441549689 -0.109127931
vn 0.985295415 -0.114257865 -0.12703605
vn -0.944732845 -0.213651121 0.248662665
vn -0.967179298 -0.180520877 -0.178819403
vn -0.882641673 -0.171179488 -0.437768549
vn -0.931185484 -0.346450299 -0.113427527
vn -0.901873112 -0.202983096 0.381343335
vn -0.98574543 -0.156775981 -0.061050754
vn -0.882735908 -0.188820943 0.43026039
vn 0.464063019 -0.572832525 -0.675654054
vn 0.332645565 -0.611598253 -0.717840135
vn 0.434286088 -0.120871209 0.89262861
vn 0.295710981 -0.118115664 0.947947145
vn 0.242625818 -0.190864503 0.951159
vn 0.124403834 -0.142711744 0.981914997
vn 0.065696597 -0.220714197 0.973123491
vn -0.038827244 -0.181447029 0.982633889
vn -0.109525479 -0.258124799 0.959883213
vn -0.169313371 -0.233944878 0.957393765
vn -0.264179379 -0.315288365 0.911483705
vn -0.293494791 -0.30085668 0.907384217
vn -0.407251418 -0.408272117 0.816982388
vn 0.633869588 -0.606344819 0.480161816
vn 0.380165279 -0.674331188 0.633049667
vn 0.215617448 -0.749219298 0.626242399
vn 0.30864808 -0.77529484 0.551048398
vn 0.197906375 -0.768721461 0.60819447
vn 0.539267063 -0.161781713 0.826448917
vn 0.557564378 -0.117035069 0.821842313
vn 0.494247675 -0.1924631 0.84774828
vn 0.515763998 -0.21309571 0.829805851
vn 0.534443557 -0.205277324 0.819897175
vn 0.55276531 -0.12787734 0.823467076
vn 0.580747604 0.02827302 0.813592553
vn 0.623623133 0.132212371 0.770463526
vn -0.414024323 -0.379459947 0.827401936
vn -0.516548693 -0.524304807 0.676965177
vn -0.519339263 -0.468824118 0.714486241
vn -0.57025975 -0.628861904 0.528522909
vn 0.595606029 -0.177655071 0.783385038
vn -0.642261982 -0.694184422 0.324973106
vn -0.402075589 -0.879327774 0.255181998
vn -0.501821578 -0.803695977 0.31976223
vn 0.801426888 -0.528466344 0.280068547
vn -0.222905666 0.07338284 -0.972074151
vn -0.197745398 0.255537629 -0.946360052
vn -0.238412216 -0.08007659 -0.967857063
vn -0.139674276 -0.062718943 -0.988209248
vn -0.002104466 -0.005903385 -0.99998039
vn 0.085826769 0.091551542 -0.992094815
vn 0.125387728 0.015252598 -0.991990566
vn 0.089915045 -0.088089608 -0.992046177
vn 0.068628356 -0.069933556 -0.995188177
vn -0.006536357 -0.067104295 -0.997724533
vn -0.043589603 0.004219166 -0.999040604
vn 0.100101255 0.203260839 -0.973994255
vn 0.201171041 0.323534995 -0.924583912
vn 0.193413392 0.370633334 -0.908417404
vn 0.278189361 0.430402488 -0.858699262
vn 0.398826718 0.434064001 -0.807790697
vn 0.455037415 0.40334484 -0.79388535
vn 0.41700837 0.420483172 -0.805790246
vn 0.429163367 0.502127111 -0.750791013
vn 0.478683293 0.589289069 -0.650846124
vn 0.603792191 0.68474859 -0.408110708
vn 0.909032345 0.261868685 0.324168116
vn -0.757155478 -0.651670635 -0.045178421
vn -0.447046071 -0.889193535 0.097389482
vn 0.384616911 0.254325867 -0.88734895
vn 0.746692717 0.08633633 -0.659542322
vn 0.78537941 0.117942348 -0.607674837
vn 0.78537941 0.117942348 -0.607674837
vn 0.746692717 0.08633633 -0.659542322
vn 0.367736101 0.208724841 -0.90620321
vn 0.973760068 0.097781517 -0.205499724
vn 0.837400675 -0.006588824 -0.546549857
vn 0.961207032 0.262824535 0.08369153
vn 0.63711834 -0.014518809 0.770629287
vn 0.937732756 0.183267787 0.295076787
vn -0.719479978 -0.551929116 0.421571791
vn -0.82128197 -0.566582918 -0.066931039
vn 0.966247082 0.016685979 0.257076174
vn -0.589070618 -0.316291004 -0.743610024
vn -0.680419445 -0.4713341 -0.561135948
vn -0.82128197 -0.566582918 -0.066931039
vn -0.931185484 -0.346450299 -0.113427527
vn -0.269445986 -0.209849581 -0.939873397
vn -0.381197602 -0.261727571 -0.88667196
vn -0.088151827 -0.117518127 -0.989150524
vn -0.149658114 -0.137199357 -0.979172528
vn -0.061239745 -0.186491549 -0.980546117
vn 0.025482861 -0.148939282 -0.98851794
vn -0.049955286 -0.391268969 -0.918919563
vn 0.174485996 -0.346332997 -0.921741903
vn 0.492988318 -0.528536022 -0.691094935
vn 0.802204728 -0.537924469 -0.259046197
vn 0.8691172 -0.43925935 0.227346823
vn -0.882641673 -0.171179488 -0.437768549
vn -0.505548239 -0.103197888 -0.856604517
vn -0.183439791 -0.017693508 -0.982871711
vn -0.566891432 0.062155206 -0.821444333
vn -0.309454858 0.167609408 -0.936026096
vn -0.340546817 0.092637144 -0.935652852
vn -0.544978023 -0.047804184 -0.837086439
vn -0.097760491 0.232734442 -0.967614353
vn -0.122613065 0.227845713 -0.965946376
vn -0.072376646 -0.011415493 -0.997312069
vn -0.340546817 0.092637144 -0.935652852
vn -0.180808306 -0.131369457 -0.974705338
vn -0.544978023 -0.047804184 -0.837086439
vn -0.270731628 -0.294837534 -0.916392505
vn 0.203343749 -0.421369791 -0.883797944
vn 0.137495518 -0.163953289 -0.976839006
vn 0.204111889 -0.484161526 -0.850838363
vn 0.317950457 -0.396249384 -0.861332715
vn 0.400041848 -0.311833709 -0.861815691
vn 0.451331675 -0.172197327 -0.875584245
vn 0.408173472 -0.135315016 -0.90282023
vn 0.325325727 -0.218290284 -0.920061111
vn 0.27558437 -0.239583656 -0.930941999
vn 0.197586924 -0.236889154 -0.951232374
vn 0.210821271 -0.185888976 -0.959687352
vn 0.348071903 -0.033131212 -0.936882198
vn 0.4037202 0.074400283 -0.9118523
vn 0.403833956 0.121449225 -0.906734943
vn 0.518000782 0.153896376 -0.841422081
vn 0.640372455 0.119180337 -0.758761644
vn 0.664222062 0.085920423 -0.742581129
vn 0.636705458 0.104843371 -0.763946354
vn 0.638212562 0.169708207 -0.750922024
vn 0.659690917 0.277131915 -0.698574185
vn 0.705163062 0.487942189 -0.514448822
vn 0.633759141 0.704231441 -0.320011735
vn 0.761383057 -0.285685539 0.581961989
vn -0.712568879 -0.156659409 0.683888435
vn 0.493978977 -0.750214279 0.439503491
vn 0.43348065 -0.754798591 0.492314667
vn 0.468113393 -0.784010112 0.407673895
vn 0.448957205 -0.807189465 0.38325271
vn 0.442465127 -0.811395586 0.381918818
vn 0.454316348 -0.784667492 0.421774238
vn 0.54568094 -0.670971751 0.502025127
vn 0.706391394 -0.380261242 0.597003043
vn 0.718000293 -0.042817339 0.694724619
vn 0.837400675 -0.006588824 -0.546549857
vn 0.873731673 -0.436978996 0.213640735
vn 0.801426888 -0.528466344 0.280068547
vn 0.84079951 -0.537240207 -0.06655214
vn 0.853151262 -0.47938025 -0.205736533
vn 0.73733741 -0.47378239 -0.481522381
vn 0.656868875 -0.41781351 -0.627658486
vn 0.499037981 -0.325409681 -0.803162277
vn 0.355463326 -0.257973969 -0.898384809
vn 0.115557171 -0.121041633 -0.985898316
vn -0.114175119 -0.044508874 -0.992463112
vn -0.378017217 -0.061340831 -0.923764229
vn -0.70849216 -0.38216731 -0.593285024
vn 0.384603113 -0.723311424 -0.573498905
vn -0.447046071 -0.889193535 0.097389482
vn -0.757155478 -0.651670635 -0.045178421
vn 0.071904384 -0.303905338 0.949984968
vn -0.121560253 -0.323546499 0.93837136
vn -0.593229711 -0.511526465 0.621626318
vn -0.629542649 -0.638444126 0.442792505
vn 0.384603113 -0.723311424 -0.573498905
vn 0.026083337 0.487049431 -0.872984886
vn 0.089240648 0.160387084 -0.983011723
vn -0.293971747 -0.36786887 0.882186532
vn 0.273047298 -0.112067275 -0.955450714
vn -0.459892273 -0.423838615 0.780294836
vn -0.447046071 -0.889193535 0.097389482
vn 0.384603113 -0.723311424 -0.573498905
vn 0.071904384 -0.303905338 0.949984968
vn 0.089240648 0.160387084 -0.983011723
vn 0.273047298 -0.112067275 -0.955450714
vn -0.629542649 -0.638444126 0.442792505
vn -0.293971747 -0.36786887 0.882186532
vn -0.459892273 -0.423838615 0.780294836
vn -0.593229711 -0.511526465 0.621626318
vn 0.026083337 0.487049431 -0.872984886
vn -0.121560253 -0.323546499 0.93837136
usemtl fps_arms_surface
o caucasian_male_1:Body
f 1/1/1 2/2/2 3/3/3
f 1/1/1 3/3/3 4/4/4
f 2/2/2 5/5/5 6/6/6
f 2/2/2 6/6/6 3/3/3
f 4/4/4 3/3/3 7/7/7
f 4/4/4 7/7/7 8/8/8
f 3/3/3 6/6/6 9/9/9
f 3/3/3 9/9/9 7/7/7
f 10/10/10 11/11/11 12/12/12
f 10/10/10 12/12/12 13/13/13
f 11/11/11 14/14/14 15/15/15
f 11/11/11 15/15/15 12/12/12
f 12/12/12 15/15/15 16/16/16
f 12/12/12 16/16/16 17/17/17
f 17/17/17 18/18/18 19/19/19
f 17/17/17 19/19/19 20/20/20
f 21/21/21 22/22/22 2/2/2
f 21/21/21 2/2/2 1/1/1
f 22/22/22 23/23/23 5/5/5
f 22/22/22 5/5/5 2/2/2
f 24/24/24 25/25/25 26/26/26
f 24/24/24 26/26/26 27/27/27
f 28/28/28 29/29/29 30/30/30
f 28/28/28 30/30/30 31/31/31
f 29/29/29 32/32/32 33/33/33
f 29/29/29 33/33/33 30/30/30
f 34/34/34 35/35/35 36/36/36
f 34/34/34 36/36/36 37/37/37
f 32/32/32 19/19/19 18/18/18
f 32/32/32 18/18/18 33/33/33
f 37/37/37 36/36/36 38/38/38
f 37/37/37 38/38/38 39/39/39
f 12/12/12 17/17/17 20/20/20
f 12/12/12 20/20/20 13/13/13
f 39/39/39 38/38/38 40/40/40
f 39/39/39 40/40/40 41/41/41
f 41/41/41 40/40/40 25/25/25
f 41/41/41 25/25/25 24/24/24
f 42/42/42 41/41/41 24/24/24
f 42/42/42 24/24/24 43/43/43
f 43/43/43 24/24/24 27/27/27
f 43/43/43 27/27/27 44/44/44
f 31/31/31 30/30/30 45/45/45
f 31/31/31 45/45/45 46/46/46
f 30/30/30 33/33/33 47/47/47
f 30/30/30 47/47/47 45/45/45
f 48/48/48 34/34/34 37/37/37
f 48/48/48 37/37/37 49/49/49
f 33/33/33 18/18/18 50/50/50
f 33/33/33 50/50/50 47/47/47
f 49/49/49 37/37/37 39/39/39
f 49/49/49 39/39/39 51/51/51
f 18/18/18 17/17/17 16/16/16
f 18/18/18 16/16/16 50/50/50
f 51/51/51 39/39/39 41/41/41
f 51/51/51 41/41/41 42/42/42
f 22/22/22 21/21/21 35/35/35
f 22/22/22 35/35/35 34/34/34
f 34/34/34 48/48/48 23/23/23
f 34/34/34 23/23/23 22/22/22
f 26/26/26 52/52/52 53/53/53
f 26/26/26 53/53/53 27/27/27
f 27/27/27 53/53/53 54/54/54
f 27/27/27 54/54/54 44/44/44
f 45/45/45 47/47/47 55/55/55
f 45/45/45 55/55/55 56/56/56
f 57/57/57 48/48/48 49/49/49
f 57/57/57 49/49/49 58/58/58
f 5/5/5 59/59/59 60/60/60
f 5/5/5 60/60/60 6/6/6
f 47/47/47 50/50/50 61/61/61
f 47/47/47 61/61/61 55/55/55
f 62/62/62 63/63/63 44/44/44
f 62/62/62 44/44/44 54/54/54
f 58/58/58 49/49/49 51/51/51
f 58/58/58 51/51/51 64/64/64
f 6/6/6 60/60/60 65/65/65
f 6/6/6 65/65/65 9/9/9
f 64/64/64 51/51/51 42/42/42
f 64/64/64 42/42/42 66/66/66
f 59/59/59 5/5/5 23/23/23
f 59/59/59 23/23/23 67/67/67
f 66/66/66 42/42/42 43/43/43
f 66/66/66 43/43/43 68/68/68
f 68/68/68 43/43/43 44/44/44
f 68/68/68 44/44/44 63/63/63
f 67/67/67 23/23/23 48/48/48
f 67/67/67 48/48/48 57/57/57
f 14/14/14 69/69/69 70/70/70
f 14/14/14 70/70/70 15/15/15
f 46/46/46 45/45/45 56/56/56
f 46/46/46 56/56/56 71/71/71
f 15/15/15 70/70/70 72/72/72
f 15/15/15 72/72/72 16/16/16
f 50/50/50 16/16/16 72/72/72
f 50/50/50 72/72/72 61/61/61
f 56/56/56 55/55/55 73/73/73
f 56/56/56 73/73/73 74/74/74
f 75/75/75 57/57/57 58/58/58
f 75/75/75 58/58/58 76/76/76
f 60/60/60 77/77/77 78/78/78
f 60/60/60 78/78/78 65/65/65
f 55/55/55 61/61/61 79/79/79
f 55/55/55 79/79/79 73/73/73
f 76/76/76 58/58/58 64/64/64
f 76/76/76 64/64/64 80/80/80
f 61/61/61 72/72/72 81/81/81
f 61/61/61 81/81/81 79/79/79
f 80/80/80 64/64/64 66/66/66
f 80/80/80 66/66/66 82/82/82
f 83/83/83 67/67/67 57/57/57
f 83/83/83 57/57/57 75/75/75
f 82/82/82 66/66/66 68/68/68
f 82/82/82 68/68/68 84/84/84
f 69/69/69 85/85/85 86/86/86
f 69/69/69 86/86/86 70/70/70
f 87/87/87 88/88/88 63/63/63
f 87/87/87 63/63/63 62/62/62
f 84/84/84 68/68/68 63/63/63
f 84/84/84 63/63/63 88/88/88
f 70/70/70 86/86/86 81/81/81
f 70/70/70 81/81/81 72/72/72
f 71/71/71 56/56/56 74/74/74
f 71/71/71 74/74/74 89/89/89
f 90/90/90 59/59/59 67/67/67
f 90/90/90 67/67/67 83/83/83
f 59/59/59 90/90/90 77/77/77
f 59/59/59 77/77/77 60/60/60
f 73/73/73 79/79/79 91/91/91
f 73/73/73 91/91/91 92/92/92
f 93/93/93 76/76/76 80/80/80
f 93/93/93 80/80/80 94/94/94
f 79/79/79 81/81/81 95/95/95
f 79/79/79 95/95/95 91/91/91
f 94/94/94 80/80/80 82/82/82
f 94/94/94 82/82/82 96/96/96
f 97/97/97 83/83/83 75/75/75
f 97/97/97 75/75/75 98/98/98
f 96/96/96 82/82/82 84/84/84
f 96/96/96 84/84/84 99/99/99
f 85/85/85 100/100/100 101/101/101
f 85/85/85 101/101/101 86/86/86
f 102/102/102 103/103/103 88/88/88
f 102/102/102 88/88/88 87/87/87
f 99/99/99 84/84/84 88/88/88
f 99/99/99 88/88/88 103/103/103
f 86/86/86 101/101/101 95/95/95
f 86/86/86 95/95/95 81/81/81
f 89/89/89 74/74/74 104/104/104
f 89/89/89 104/104/104 105/105/105
f 106/106/106 90/90/90 83/83/83
f 106/106/106 83/83/83 97/97/97
f 90/90/90 106/106/106 107/107/107
f 90/90/90 107/107/107 77/77/77
f 74/74/74 73/73/73 92/92/92
f 74/74/74 92/92/92 104/104/104
f 98/98/98 75/75/75 76/76/76
f 98/98/98 76/76/76 93/93/93
f 77/77/77 107/107/107 108/108/108
f 77/77/77 108/108/108 78/78/78
f 91/91/91 95/95/95 109/109/109
f 91/91/91 109/109/109 110/110/110
f 111/111/111 94/94/94 96/96/96
f 111/111/111 96/96/96 112/112/112
f 113/113/113 97/97/97 98/98/98
f 113/113/113 98/98/98 114/114/114
f 112/112/112 96/96/96 99/99/99
f 112/112/112 99/99/99 115/115/115
f 100/100/100 116/116/116 117/117/117
f 100/100/100 117/117/117 101/101/101
f 118/118/118 119/119/119 103/103/103
f 118/118/118 103/103/103 102/102/102
f 115/115/115 99/99/99 103/103/103
f 115/115/115 103/103/103 119/119/119
f 101/101/101 117/117/117 109/109/109
f 101/101/101 109/109/109 95/95/95
f 105/105/105 104/104/104 120/120/120
f 105/105/105 120/120/120 121/121/121
f 122/122/122 106/106/106 97/97/97
f 122/122/122 97/97/97 113/113/113
f 106/106/106 122/122/122 123/123/123
f 106/106/106 123/123/123 107/107/107
f 104/104/104 92/92/92 124/124/124
f 104/104/104 124/124/124 120/120/120
f 114/114/114 98/98/98 93/93/93
f 114/114/114 93/93/93 125/125/125
f 107/107/107 123/123/123 126/126/126
f 107/107/107 126/126/126 108/108/108
f 92/92/92 91/91/91 110/110/110
f 92/92/92 110/110/110 124/124/124
f 125/125/125 93/93/93 94/94/94
f 125/125/125 94/94/94 111/111/111
f 127/127/127 128/128/128 129/129/129
f 127/127/127 129/129/129 130/130/130
f 131/131/131 132/132/132 133/133/133
f 131/131/131 133/133/133 134/134/134
f 135/135/135 136/136/136 137/137/137
f 135/135/135 137/137/137 138/138/138
f 139/139/139 140/140/140 141/141/141
f 139/139/139 141/141/141 142/142/142
f 143/143/143 144/144/144 145/145/145
f 143/143/143 145/145/145 146/146/146
f 147/147/147 148/148/148 149/149/149
f 147/147/147 149/149/149 150/150/150
f 151/151/151 152/152/152 153/153/153
f 151/151/151 153/153/153 154/154/154
f 155/155/155 156/156/156 157/157/157
f 155/155/155 157/157/157 158/158/158
f 159/159/159 160/160/160 161/161/161
f 159/159/159 161/161/161 162/162/162
f 163/163/163 164/164/164 165/165/165
f 163/163/163 165/165/165 166/166/166
f 167/167/167 168/168/168 137/137/137
f 167/167/167 137/137/137 136/136/136
f 169/169/169 170/170/170 171/171/171
f 169/169/169 171/171/171 172/172/172
f 173/173/173 174/174/174 175/175/175
f 173/173/173 175/175/175 176/176/176
f 177/177/177 178/178/178 179/179/179
f 177/177/177 179/179/179 180/180/180
f 181/181/181 158/158/158 157/157/157
f 181/181/181 157/157/157 182/182/182
f 183/183/183 150/150/150 149/149/149
f 183/183/183 149/149/149 184/184/184
f 185/185/185 134/134/134 133/133/133
f 185/185/185 133/133/133 186/186/186
f 187/187/187 188/188/188 189/189/189
f 187/187/187 189/189/189 190/190/190
f 191/191/191 192/192/192 193/193/193
f 191/191/191 193/193/193 194/194/194
f 195/195/195 196/196/196 194/194/194
f 195/195/195 194/194/194 193/193/193
f 197/197/197 198/198/198 129/129/129
f 197/197/197 129/129/129 128/128/128
f 199/199/199 200/200/200 133/133/133
f 199/199/199 133/133/133 132/132/132
f 201/201/201 202/202/202 203/203/203
f 201/201/201 203/203/203 204/204/204
f 205/205/205 206/206/206 207/207/207
f 205/205/205 207/207/207 208/208/208
f 209/209/209 210/210/210 211/211/211
f 209/209/209 211/211/211 212/212/212
f 213/213/213 214/214/214 215/215/215
f 213/213/213 215/215/215 216/216/216
f 204/204/204 203/203/203 206/206/206
f 204/204/204 206/206/206 205/205/205
f 217/217/217 218/218/218 219/219/219
f 217/217/217 219/219/219 220/220/220
f 221/221/221 222/222/222 219/219/219
f 221/221/221 219/219/219 223/223/223
f 224/224/224 225/225/225 226/226/226
f 224/224/224 226/226/226 227/227/227
f 228/228/228 229/229/229 230/230/230
f 228/228/228 230/230/230 231/231/231
f 232/232/232 233/233/233 234/234/234
f 232/232/232 234/234/234 235/235/235
f 236/236/236 237/237/237 238/238/238
f 236/236/236 238/238/238 239/239/239
f 240/240/240 241/241/241 242/242/242
f 240/240/240 242/242/242 243/243/243
f 235/235/235 234/234/234 241/241/241
f 235/235/235 241/241/241 240/240/240
f 234/234/234 244/244/244 245/245/245
f 234/234/234 245/245/245 241/241/241
f 241/241/241 245/245/245 246/246/246
f 241/241/241 246/246/246 242/242/242
f 130/130/130 129/129/129 136/136/136
f 130/130/130 136/136/136 135/135/135
f 146/146/146 145/145/145 140/140/140
f 146/146/146 140/140/140 139/139/139
f 154/154/154 153/153/153 160/160/160
f 154/154/154 160/160/160 159/159/159
f 247/247/247 248/248/248 249/249/249
f 247/247/247 249/249/249 250/250/250
f 198/198/198 167/167/167 136/136/136
f 198/198/198 136/136/136 129/129/129
f 251/251/251 252/252/252 253/253/253
f 251/251/251 253/253/253 254/254/254
f 255/255/255 256/256/256 257/257/257
f 255/255/255 257/257/257 258/258/258
f 237/237/237 259/259/259 260/260/260
f 237/237/237 260/260/260 238/238/238
f 233/233/233 261/261/261 244/244/244
f 233/233/233 244/244/244 234/234/234
f 229/229/229 209/209/209 212/212/212
f 229/229/229 212/212/212 230/230/230
f 225/225/225 262/262/262 263/263/263
f 225/225/225 263/263/263 226/226/226
f 222/222/222 264/264/264 220/220/220
f 222/222/222 220/220/220 219/219/219
f 218/218/218 265/265/265 223/223/223
f 218/218/218 223/223/223 219/219/219
f 266/266/266 267/267/267 268/268/268
f 266/266/266 268/268/268 269/269/269
f 270/270/270 271/271/271 216/216/216
f 270/270/270 216/216/216 215/215/215
f 202/202/202 232/232/232 235/235/235
f 202/202/202 235/235/235 203/203/203
f 210/210/210 272/272/272 273/273/273
f 210/210/210 273/273/273 211/211/211
f 203/203/203 235/235/235 240/240/240
f 203/203/203 240/240/240 206/206/206
f 274/274/274 224/224/224 227/227/227
f 274/274/274 227/227/227 275/275/275
f 206/206/206 240/240/240 243/243/243
f 206/206/206 243/243/243 207/207/207
f 214/214/214 217/217/217 220/220/220
f 214/214/214 220/220/220 215/215/215
f 276/276/276 201/201/201 204/204/204
f 276/276/276 204/204/204 277/277/277
f 278/278/278 205/205/205 208/208/208
f 278/278/278 208/208/208 279/279/279
f 280/280/280 281/281/281 282/282/282
f 280/280/280 282/282/282 283/283/283
f 284/284/284 285/285/285 286/286/286
f 284/284/284 286/286/286 287/287/287
f 176/176/176 175/175/175 288/288/288
f 176/176/176 288/288/288 289/289/289
f 290/290/290 200/200/200 178/178/178
f 290/290/290 178/178/178 177/177/177
f 291/291/291 292/292/292 196/196/196
f 291/291/291 196/196/196 195/195/195
f 293/293/293 294/294/294 295/295/295
f 293/293/293 295/295/295 296/296/296
f 297/297/297 179/179/179 178/178/178
f 297/297/297 178/178/178 298/298/298
f 294/294/294 284/284/284 287/287/287
f 294/294/294 287/287/287 295/295/295
f 258/258/258 257/257/257 299/299/299
f 258/258/258 299/299/299 300/300/300
f 301/301/301 302/302/302 303/303/303
f 301/301/301 303/303/303 304/304/304
f 305/305/305 306/306/306 307/307/307
f 305/305/305 307/307/307 308/308/308
f 309/309/309 310/310/310 311/311/311
f 309/309/309 311/311/311 312/312/312
f 313/313/313 314/314/314 315/315/315
f 313/313/313 315/315/315 316/316/316
f 317/317/317 318/318/318 319/319/319
f 317/317/317 319/319/319 320/320/320
f 321/321/321 322/322/322 323/323/323
f 321/321/321 323/323/323 324/324/324
f 325/325/325 326/326/326 327/327/327
f 325/325/325 327/327/327 328/328/328
f 156/156/156 309/309/309 312/312/312
f 156/156/156 312/312/312 157/157/157
f 329/329/329 330/330/330 302/302/302
f 329/329/329 302/302/302 301/301/301
f 331/331/331 332/332/332 330/330/330
f 331/331/331 330/330/330 329/329/329
f 295/295/295 287/287/287 167/167/167
f 295/295/295 167/167/167 198/198/198
f 333/333/333 312/312/312 311/311/311
f 333/333/333 311/311/311 334/334/334
f 328/328/328 327/327/327 248/248/248
f 328/328/328 248/248/248 247/247/247
f 335/335/335 336/336/336 337/337/337
f 335/335/335 337/337/337 338/338/338
f 339/339/339 213/213/213 216/216/216
f 339/339/339 216/216/216 340/340/340
f 296/296/296 295/295/295 198/198/198
f 296/296/296 198/198/198 197/197/197
f 277/277/277 204/204/204 205/205/205
f 277/277/277 205/205/205 278/278/278
f 302/302/302 135/135/135 138/138/138
f 302/302/302 138/138/138 303/303/303
f 341/341/341 342/342/342 282/282/282
f 341/341/341 282/282/282 281/281/281
f 152/152/152 331/331/331 329/329/329
f 152/152/152 329/329/329 153/153/153
f 160/160/160 301/301/301 304/304/304
f 160/160/160 304/304/304 161/161/161
f 182/182/182 157/157/157 312/312/312
f 182/182/182 312/312/312 333/333/333
f 343/343/343 344/344/344 315/315/315
f 343/343/343 315/315/315 314/314/314
f 345/345/345 320/320/320 319/319/319
f 345/345/345 319/319/319 340/340/340
f 310/310/310 131/131/131 134/134/134
f 310/310/310 134/134/134 311/311/311
f 338/338/338 337/337/337 188/188/188
f 338/338/338 188/188/188 187/187/187
f 324/324/324 323/323/323 164/164/164
f 324/324/324 164/164/164 163/163/163
f 153/153/153 329/329/329 301/301/301
f 153/153/153 301/301/301 160/160/160
f 186/186/186 133/133/133 200/200/200
f 186/186/186 200/200/200 290/290/290
f 289/289/289 288/288/288 170/170/170
f 289/289/289 170/170/170 169/169/169
f 287/287/287 286/286/286 168/168/168
f 287/287/287 168/168/168 167/167/167
f 254/254/254 253/253/253 326/326/326
f 254/254/254 326/326/326 325/325/325
f 346/346/346 347/347/347 336/336/336
f 346/346/346 336/336/336 335/335/335
f 298/298/298 178/178/178 200/200/200
f 298/298/298 200/200/200 199/199/199
f 347/347/347 346/346/346 292/292/292
f 347/347/347 292/292/292 291/291/291
f 300/300/300 299/299/299 252/252/252
f 300/300/300 252/252/252 251/251/251
f 172/172/172 171/171/171 322/322/322
f 172/172/172 322/322/322 321/321/321
f 332/332/332 127/127/127 130/130/130
f 332/332/332 130/130/130 330/330/330
f 330/330/330 130/130/130 135/135/135
f 330/330/330 135/135/135 302/302/302
f 334/334/334 311/311/311 134/134/134
f 334/334/334 134/134/134 185/185/185
f 348/348/348 151/151/151 154/154/154
f 348/348/348 154/154/154 349/349/349
f 350/350/350 155/155/155 158/158/158
f 350/350/350 158/158/158 351/351/351
f 352/352/352 159/159/159 162/162/162
f 352/352/352 162/162/162 353/353/353
f 354/354/354 351/351/351 158/158/158
f 354/354/354 158/158/158 181/181/181
f 349/349/349 154/154/154 159/159/159
f 349/349/349 159/159/159 352/352/352
f 190/190/190 189/189/189 355/355/355
f 190/190/190 355/355/355 356/356/356
f 250/250/250 249/249/249 357/357/357
f 250/250/250 357/357/357 358/358/358
f 166/166/166 165/165/165 359/359/359
f 166/166/166 359/359/359 360/360/360
f 356/356/356 355/355/355 318/318/318
f 356/356/356 318/318/318 317/317/317
f 358/358/358 357/357/357 342/342/342
f 358/358/358 342/342/342 341/341/341
f 360/360/360 359/359/359 344/344/344
f 360/360/360 344/344/344 343/343/343
f 361/361/361 348/348/348 349/349/349
f 361/361/361 349/349/349 362/362/362
f 363/363/363 350/350/350 351/351/351
f 363/363/363 351/351/351 364/364/364
f 365/365/365 352/352/352 353/353/353
f 365/365/365 353/353/353 366/366/366
f 367/367/367 364/364/364 351/351/351
f 367/367/367 351/351/351 354/354/354
f 362/362/362 349/349/349 352/352/352
f 362/362/362 352/352/352 365/365/365
f 306/306/306 274/274/274 275/275/275
f 306/306/306 275/275/275 307/307/307
f 259/259/259 266/266/266 269/269/269
f 259/259/259 269/269/269 260/260/260
f 264/264/264 270/270/270 215/215/215
f 264/264/264 215/215/215 220/220/220
f 248/248/248 368/368/368 369/369/369
f 248/248/248 369/369/369 249/249/249
f 252/252/252 370/370/370 371/371/371
f 252/252/252 371/371/371 253/253/253
f 256/256/256 372/372/372 373/373/373
f 256/256/256 373/373/373 257/257/257
f 260/260/260 269/269/269 374/374/374
f 260/260/260 374/374/374 375/375/375
f 239/239/239 238/238/238 376/376/376
f 239/239/239 376/376/376 377/377/377
f 238/238/238 260/260/260 375/375/375
f 238/238/238 375/375/375 376/376/376
f 269/269/269 268/268/268 378/378/378
f 269/269/269 378/378/378 374/374/374
f 257/257/257 373/373/373 379/379/379
f 257/257/257 379/379/379 299/299/299
f 283/283/283 282/282/282 380/380/380
f 283/283/283 380/380/380 381/381/381
f 326/326/326 382/382/382 383/383/383
f 326/326/326 383/383/383 327/327/327
f 342/342/342 384/384/384 380/380/380
f 342/342/342 380/380/380 282/282/282
f 327/327/327 383/383/383 368/368/368
f 327/327/327 368/368/368 248/248/248
f 299/299/299 379/379/379 370/370/370
f 299/299/299 370/370/370 252/252/252
f 253/253/253 371/371/371 382/382/382
f 253/253/253 382/382/382 326/326/326
f 249/249/249 369/369/369 385/385/385
f 249/249/249 385/385/385 357/357/357
f 357/357/357 385/385/385 384/384/384
f 357/357/357 384/384/384 342/342/342
f 386/386/386 300/300/300 251/251/251
f 386/386/386 251/251/251 387/387/387
f 388/388/388 255/255/255 258/258/258
f 388/388/388 258/258/258 389/389/389
f 389/389/389 258/258/258 300/300/300
f 389/389/389 300/300/300 386/386/386
f 390/390/390 341/341/341 281/281/281
f 390/390/390 281/281/281 391/391/391
f 392/392/392 393/393/393 259/259/259
f 392/392/392 259/259/259 237/237/237
f 394/394/394 254/254/254 325/325/325
f 394/394/394 325/325/325 395/395/395
f 396/396/396 250/250/250 358/358/358
f 396/396/396 358/358/358 397/397/397
f 398/398/398 399/399/399 267/267/267
f 398/398/398 267/267/267 266/266/266
f 400/400/400 247/247/247 250/250/250
f 400/400/400 250/250/250 396/396/396
f 387/387/387 251/251/251 254/254/254
f 387/387/387 254/254/254 394/394/394
f 401/401/401 328/328/328 247/247/247
f 401/401/401 247/247/247 400/400/400
f 393/393/393 398/398/398 266/266/266
f 393/393/393 266/266/266 259/259/259
f 402/402/402 392/392/392 237/237/237
f 402/402/402 237/237/237 236/236/236
f 397/397/397 358/358/358 341/341/341
f 397/397/397 341/341/341 390/390/390
f 403/403/403 391/391/391 281/281/281
f 403/403/403 281/281/281 280/280/280
f 395/395/395 325/325/325 328/328/328
f 395/395/395 328/328/328 401/401/401
f 404/404/404 405/405/405 406/406/406
f 404/404/404 406/406/406 407/407/407
f 244/244/244 408/408/408 409/409/409
f 244/244/244 409/409/409 245/245/245
f 410/410/410 411/411/411 407/407/407
f 410/410/410 407/407/407 406/406/406
f 261/261/261 412/412/412 408/408/408
f 261/261/261 408/408/408 244/244/244
f 413/413/413 221/221/221 223/223/223
f 413/413/413 223/223/223 414/414/414
f 262/262/262 415/415/415 416/416/416
f 262/262/262 416/416/416 263/263/263
f 417/417/417 418/418/418 415/415/415
f 417/417/417 415/415/415 262/262/262
f 265/265/265 419/419/419 414/414/414
f 265/265/265 414/414/414 223/223/223
f 420/420/420 421/421/421 221/221/221
f 420/420/420 221/221/221 413/413/413
f 245/245/245 409/409/409 422/422/422
f 245/245/245 422/422/422 246/246/246
f 418/418/418 423/423/423 424/424/424
f 418/418/418 424/424/424 415/415/415
f 420/420/420 413/413/413 424/424/424
f 420/420/420 424/424/424 423/423/423
f 413/413/413 414/414/414 425/425/425
f 413/413/413 425/425/425 424/424/424
f 424/424/424 425/425/425 416/416/416
f 424/424/424 416/416/416 415/415/415
f 426/426/426 409/409/409 408/408/408
f 426/426/426 408/408/408 412/412/412
f 426/426/426 425/425/425 414/414/414
f 426/426/426 414/414/414 419/419/419
f 363/363/363 276/276/276 277/277/277
f 363/363/363 277/277/277 366/366/366
f 365/365/365 278/278/278 279/279/279
f 365/365/365 279/279/279 362/362/362
f 267/267/267 280/280/280 283/283/283
f 267/267/267 283/283/283 268/268/268
f 367/367/367 305/305/305 308/308/308
f 367/367/367 308/308/308 364/364/364
f 272/272/272 313/313/313 316/316/316
f 272/272/272 316/316/316 273/273/273
f 361/361/361 339/339/339 340/340/340
f 361/361/361 340/340/340 319/319/319
f 366/366/366 277/277/277 278/278/278
f 366/366/366 278/278/278 365/365/365
f 271/271/271 345/345/345 340/340/340
f 271/271/271 340/340/340 216/216/216
f 268/268/268 283/283/283 381/381/381
f 268/268/268 381/381/381 378/378/378
f 399/399/399 403/403/403 280/280/280
f 399/399/399 280/280/280 267/267/267
f 427/427/427 428/428/428 429/429/429
f 427/427/427 429/429/429 430/430/430
f 431/431/431 432/432/432 433/433/433
f 431/431/431 433/433/433 434/434/434
f 435/435/435 436/436/436 437/437/437
f 435/435/435 437/437/437 438/438/438
f 439/439/439 440/440/440 441/441/441
f 439/439/439 441/441/441 442/442/442
f 443/443/443 444/444/444 445/445/445
f 443/443/443 445/445/445 446/446/446
f 447/447/447 448/448/448 449/449/449
f 447/447/447 449/449/449 450/450/450
f 451/451/451 452/452/452 453/453/453
f 451/451/451 453/453/453 454/454/454
f 455/455/455 456/456/456 457/457/457
f 455/455/455 457/457/457 458/458/458
f 459/459/459 460/460/460 461/461/461
f 459/459/459 461/461/461 462/462/462
f 463/463/463 464/464/464 465/465/465
f 463/463/463 465/465/465 466/466/466
f 467/467/467 468/468/468 437/437/437
f 467/467/467 437/437/437 436/436/436
f 469/469/469 470/470/470 471/471/471
f 469/469/469 471/471/471 472/472/472
f 473/473/473 474/474/474 475/475/475
f 473/473/473 475/475/475 476/476/476
f 477/477/477 478/478/478 479/479/479
f 477/477/477 479/479/479 480/480/480
f 481/481/481 458/458/458 457/457/457
f 481/481/481 457/457/457 482/482/482
f 483/483/483 450/450/450 449/449/449
f 483/483/483 449/449/449 484/484/484
f 485/485/485 434/434/434 433/433/433
f 485/485/485 433/433/433 486/486/486
f 487/487/487 488/488/488 489/489/489
f 487/487/487 489/489/489 490/490/490
f 491/491/491 492/492/492 493/493/493
f 491/491/491 493/493/493 494/494/494
f 495/495/495 496/496/496 494/494/494
f 495/495/495 494/494/494 493/493/493
f 497/497/497 498/498/498 429/429/429
f 497/497/497 429/429/429 428/428/428
f 499/499/499 500/500/500 433/433/433
f 499/499/499 433/433/433 432/432/432
f 501/501/501 502/502/502 503/503/503
f 501/501/501 503/503/503 504/504/504
f 505/505/505 506/506/506 507/507/507
f 505/505/505 507/507/507 508/508/508
f 509/509/509 510/510/510 511/511/511
f 509/509/509 511/511/511 512/512/512
f 513/513/513 514/514/514 515/515/515
f 513/513/513 515/515/515 516/516/516
f 504/504/504 503/503/503 506/506/506
f 504/504/504 506/506/506 505/505/505
f 517/517/517 518/518/518 519/519/519
f 517/517/517 519/519/519 520/520/520
f 521/521/521 522/522/522 519/519/519
f 521/521/521 519/519/519 523/523/523
f 524/524/524 525/525/525 526/526/526
f 524/524/524 526/526/526 527/527/527
f 528/528/528 529/529/529 530/530/530
f 528/528/528 530/530/530 531/531/531
f 532/532/532 533/533/533 534/534/534
f 532/532/532 534/534/534 535/535/535
f 536/536/536 537/537/537 538/538/538
f 536/536/536 538/538/538 539/539/539
f 540/540/540 541/541/541 542/542/542
f 540/540/540 542/542/542 543/543/543
f 535/535/535 534/534/534 541/541/541
f 535/535/535 541/541/541 540/540/540
f 534/534/534 544/544/544 545/545/545
f 534/534/534 545/545/545 541/541/541
f 541/541/541 545/545/545 546/546/546
f 541/541/541 546/546/546 542/542/542
f 430/430/430 429/429/429 436/436/436
f 430/430/430 436/436/436 435/435/435
f 446/446/446 445/445/445 440/440/440
f 446/446/446 440/440/440 439/439/439
f 454/454/454 453/453/453 460/460/460
f 454/454/454 460/460/460 459/459/459
f 547/547/547 548/548/548 549/549/549
f 547/547/547 549/549/549 550/550/550
f 498/498/498 467/467/467 436/436/436
f 498/498/498 436/436/436 429/429/429
f 551/551/551 552/552/552 553/553/553
f 551/551/551 553/553/553 554/554/554
f 555/555/555 556/556/556 557/557/557
f 555/555/555 557/557/557 558/558/558
f 537/537/537 559/559/559 560/560/560
f 537/537/537 560/560/560 538/538/538
f 533/533/533 561/561/561 544/544/544
f 533/533/533 544/544/544 534/534/534
f 529/529/529 509/509/509 512/512/512
f 529/529/529 512/512/512 530/530/530
f 525/525/525 562/562/562 563/563/563
f 525/525/525 563/563/563 526/526/526
f 522/522/522 564/564/564 520/520/520
f 522/522/522 520/520/520 519/519/519
f 518/518/518 565/565/565 523/523/523
f 518/518/518 523/523/523 519/519/519
f 566/566/566 567/567/567 568/568/568
f 566/566/566 568/568/568 569/569/569
f 570/570/570 571/571/571 516/516/516
f 570/570/570 516/516/516 515/515/515
f 502/502/502 532/532/532 535/535/535
f 502/502/502 535/535/535 503/503/503
f 510/510/510 572/572/572 573/573/573
f 510/510/510 573/573/573 511/511/511
f 503/503/503 535/535/535 540/540/540
f 503/503/503 540/540/540 506/506/506
f 574/574/574 524/524/524 527/527/527
f 574/574/574 527/527/527 575/575/575
f 506/506/506 540/540/540 543/543/543
f 506/506/506 543/543/543 507/507/507
f 514/514/514 517/517/517 520/520/520
f 514/514/514 520/520/520 515/515/515
f 576/576/576 501/501/501 504/504/504
f 576/576/576 504/504/504 577/577/577
f 578/578/578 505/505/505 508/508/508
f 578/578/578 508/508/508 579/579/579
f 580/580/580 581/581/581 582/582/582
f 580/580/580 582/582/582 583/583/583
f 584/584/584 585/585/585 586/586/586
f 584/584/584 586/586/586 587/587/587
f 476/476/476 475/475/475 588/588/588
f 476/476/476 588/588/588 589/589/589
f 590/590/590 500/500/500 478/478/478
f 590/590/590 478/478/478 477/477/477
f 591/591/591 592/592/592 496/496/496
f 591/591/591 496/496/496 495/495/495
f 593/593/593 594/594/594 595/595/595
f 593/593/593 595/595/595 596/596/596
f 597/597/597 479/479/479 478/478/478
f 597/597/597 478/478/478 598/598/598
f 594/594/594 584/584/584 587/587/587
f 594/594/594 587/587/587 595/595/595
f 558/558/558 557/557/557 599/599/599
f 558/558/558 599/599/599 600/600/600
f 601/601/601 602/602/602 603/603/603
f 601/601/601 603/603/603 604/604/604
f 605/605/605 606/606/606 607/607/607
f 605/605/605 607/607/607 608/608/608
f 609/609/609 610/610/610 611/611/611
f 609/609/609 611/611/611 612/612/612
f 613/613/613 614/614/614 615/615/615
f 613/613/613 615/615/615 616/616/616
f 617/617/617 618/618/618 619/619/619
f 617/617/617 619/619/619 620/620/620
f 621/621/621 622/622/622 623/623/623
f 621/621/621 623/623/623 624/624/624
f 625/625/625 626/626/626 627/627/627
f 625/625/625 627/627/627 628/628/628
f 456/456/456 609/609/609 612/612/612
f 456/456/456 612/612/612 457/457/457
f 629/629/629 630/630/630 602/602/602
f 629/629/629 602/602/602 601/601/601
f 631/631/631 632/632/632 630/630/630
f 631/631/631 630/630/630 629/629/629
f 595/595/595 587/587/587 467/467/467
f 595/595/595 467/467/467 498/498/498
f 633/633/633 612/612/612 611/611/611
f 633/633/633 611/611/611 634/634/634
f 628/628/628 627/627/627 548/548/548
f 628/628/628 548/548/548 547/547/547
f 635/635/635 636/636/636 637/637/637
f 635/635/635 637/637/637 638/638/638
f 639/639/639 513/513/513 516/516/516
f 639/639/639 516/516/516 640/640/640
f 596/596/596 595/595/595 498/498/498
f 596/596/596 498/498/498 497/497/497
f 577/577/577 504/504/504 505/505/505
f 577/577/577 505/505/505 578/578/578
f 602/602/602 435/435/435 438/438/438
f 602/602/602 438/438/438 603/603/603
f 641/641/641 642/642/642 582/582/582
f 641/641/641 582/582/582 581/581/581
f 452/452/452 631/631/631 629/629/629
f 452/452/452 629/629/629 453/453/453
f 460/460/460 601/601/601 604/604/604
f 460/460/460 604/604/604 461/461/461
f 482/482/482 457/457/457 612/612/612
f 482/482/482 612/612/612 633/633/633
f 643/643/643 644/644/644 615/615/615
f 643/643/643 615/615/615 614/614/614
f 645/645/645 620/620/620 619/619/619
f 645/645/645 619/619/619 640/640/640
f 610/610/610 431/431/431 434/434/434
f 610/610/610 434/434/434 611/611/611
f 638/638/638 637/637/637 488/488/488
f 638/638/638 488/488/488 487/487/487
f 624/624/624 623/623/623 464/464/464
f 624/624/624 464/464/464 463/463/463
f 453/453/453 629/629/629 601/601/601
f 453/453/453 601/601/601 460/460/460
f 486/486/486 433/433/433 500/500/500
f 486/486/486 500/500/500 590/590/590
f 589/589/589 588/588/588 470/470/470
f 589/589/589 470/470/470 469/469/469
f 587/587/587 586/586/586 468/468/468
f 587/587/587 468/468/468 467/467/467
f 554/554/554 553/553/553 626/626/626
f 554/554/554 626/626/626 625/625/625
f 646/646/646 647/647/647 636/636/636
f 646/646/646 636/636/636 635/635/635
f 598/598/598 478/478/478 500/500/500
f 598/598/598 500/500/500 499/499/499
f 647/647/647 646/646/646 592/592/592
f 647/647/647 592/592/592 591/591/591
f 600/600/600 599/599/599 552/552/552
f 600/600/600 552/552/552 551/551/551
f 472/472/472 471/471/471 622/622/622
f 472/472/472 622/622/622 621/621/621
f 632/632/632 427/427/427 430/430/430
f 632/632/632 430/430/430 630/630/630
f 630/630/630 430/430/430 435/435/435
f 630/630/630 435/435/435 602/602/602
f 634/634/634 611/611/611 434/434/434
f 634/634/634 434/434/434 485/485/485
f 648/648/648 451/451/451 454/454/454
f 648/648/648 454/454/454 649/649/649
f 650/650/650 455/455/455 458/458/458
f 650/650/650 458/458/458 651/651/651
f 652/652/652 459/459/459 462/462/462
f 652/652/652 462/462/462 653/653/653
f 654/654/654 651/651/651 458/458/458
f 654/654/654 458/458/458 481/481/481
f 649/649/649 454/454/454 459/459/459
f 649/649/649 459/459/459 652/652/652
f 490/490/490 489/489/489 655/655/655
f 490/490/490 655/655/655 656/656/656
f 550/550/550 549/549/549 657/657/657
f 550/550/550 657/657/657 658/658/658
f 466/466/466 465/465/465 659/659/659
f 466/466/466 659/659/659 660/660/660
f 656/656/656 655/655/655 618/618/618
f 656/656/656 618/618/618 617/617/617
f 658/658/658 657/657/657 642/642/642
f 658/658/658 642/642/642 641/641/641
f 660/660/660 659/659/659 644/644/644
f 660/660/660 644/644/644 643/643/643
f 661/661/661 648/648/648 649/649/649
f 661/661/661 649/649/649 662/662/662
f 663/663/663 650/650/650 651/651/651
f 663/663/663 651/651/651 664/664/664
f 665/665/665 652/652/652 653/653/653
f 665/665/665 653/653/653 666/666/666
f 667/667/667 664/664/664 651/651/651
f 667/667/667 651/651/651 654/654/654
f 662/662/662 649/649/649 652/652/652
f 662/662/662 652/652/652 665/665/665
f 606/606/606 574/574/574 575/575/575
f 606/606/606 575/575/575 607/607/607
f 559/559/559 566/566/566 569/569/569
f 559/559/559 569/569/569 560/560/560
f 564/564/564 570/570/570 515/515/515
f 564/564/564 515/515/515 520/520/520
f 548/548/548 668/668/668 669/669/669
f 548/548/548 669/669/669 549/549/549
f 552/552/552 670/670/670 671/671/671
f 552/552/552 671/671/671 553/553/553
f 556/556/556 672/672/672 673/673/673
f 556/556/556 673/673/673 557/557/557
f 560/560/560 569/569/569 674/674/674
f 560/560/560 674/674/674 675/675/675
f 539/539/539 538/538/538 676/676/676
f 539/539/539 676/676/676 677/677/677
f 538/538/538 560/560/560 675/675/675
f 538/538/538 675/675/675 676/676/676
f 569/569/569 568/568/568 678/678/678
f 569/569/569 678/678/678 674/674/674
f 557/557/557 673/673/673 679/679/679
f 557/557/557 679/679/679 599/599/599
f 583/583/583 582/582/582 680/680/680
f 583/583/583 680/680/680 681/681/681
f 626/626/626 682/682/682 683/683/683
f 626/626/626 683/683/683 627/627/627
f 642/642/642 684/684/684 680/680/680
f 642/642/642 680/680/680 582/582/582
f 627/627/627 683/683/683 668/668/668
f 627/627/627 668/668/668 548/548/548
f 599/599/599 679/679/679 670/670/670
f 599/599/599 670/670/670 552/552/552
f 553/553/553 671/671/671 682/682/682
f 553/553/553 682/682/682 626/626/626
f 549/549/549 669/669/669 685/685/685
f 549/549/549 685/685/685 657/657/657
f 657/657/657 685/685/685 684/684/684
f 657/657/657 684/684/684 642/642/642
f 686/686/686 600/600/600 551/551/551
f 686/686/686 551/551/551 687/687/687
f 688/688/688 555/555/555 558/558/558
f 688/688/688 558/558/558 689/689/689
f 689/689/689 558/558/558 600/600/600
f 689/689/689 600/600/600 686/686/686
f 690/690/690 641/641/641 581/581/581
f 690/690/690 581/581/581 691/691/691
f 692/692/692 693/693/693 559/559/559
f 692/692/692 559/559/559 537/537/537
f 694/694/694 554/554/554 625/625/625
f 694/694/694 625/625/625 695/695/695
f 696/696/696 550/550/550 658/658/658
f 696/696/696 658/658/658 697/697/697
f 698/698/698 699/699/699 567/567/567
f 698/698/698 567/567/567 566/566/566
f 700/700/700 547/547/547 550/550/550
f 700/700/700 550/550/550 696/696/696
f 687/687/687 551/551/551 554/554/554
f 687/687/687 554/554/554 694/694/694
f 701/701/701 628/628/628 547/547/547
f 701/701/701 547/547/547 700/700/700
f 693/693/693 698/698/698 566/566/566
f 693/693/693 566/566/566 559/559/559
f 702/702/702 692/692/692 537/537/537
f 702/702/702 537/537/537 536/536/536
f 697/697/697 658/658/658 641/641/641
f 697/697/697 641/641/641 690/690/690
f 703/703/703 691/691/691 581/581/581
f 703/703/703 581/581/581 580/580/580
f 695/695/695 625/625/625 628/628/628
f 695/695/695 628/628/628 701/701/701
f 704/704/704 705/705/705 706/706/706
f 704/704/704 706/706/706 707/707/707
f 544/544/544 708/708/708 709/709/709
f 544/544/544 709/709/709 545/545/545
f 710/710/710 711/711/711 707/707/707
f 710/710/710 707/707/707 706/706/706
f 561/561/561 712/712/712 708/708/708
f 561/561/561 708/708/708 544/544/544
f 713/713/713 521/521/521 523/523/523
f 713/713/713 523/523/523 714/714/714
f 562/562/562 715/715/715 716/716/716
f 562/562/562 716/716/716 563/563/563
f 717/717/717 718/718/718 715/715/715
f 717/717/717 715/715/715 562/562/562
f 565/565/565 719/719/719 714/714/714
f 565/565/565 714/714/714 523/523/523
f 720/720/720 721/721/721 521/521/521
f 720/720/720 521/521/521 713/713/713
f 545/545/545 709/709/709 722/722/722
f 545/545/545 722/722/722 546/546/546
f 718/718/718 723/723/723 724/724/724
f 718/718/718 724/724/724 715/715/715
f 720/720/720 713/713/713 724/724/724
f 720/720/720 724/724/724 723/723/723
f 713/713/713 714/714/714 725/725/725
f 713/713/713 725/725/725 724/724/724
f 724/724/724 725/725/725 716/716/716
f 724/724/724 716/716/716 715/715/715
f 726/726/726 709/709/709 708/708/708
f 726/726/726 708/708/708 712/712/712
f 726/726/726 725/725/725 714/714/714
f 726/726/726 714/714/714 719/719/719
f 663/663/663 576/576/576 577/577/577
f 663/663/663 577/577/577 666/666/666
f 665/665/665 578/578/578 579/579/579
f 665/665/665 579/579/579 662/662/662
f 567/567/567 580/580/580 583/583/583
f 567/567/567 583/583/583 568/568/568
f 667/667/667 605/605/605 608/608/608
f 667/667/667 608/608/608 664/664/664
f 572/572/572 613/613/613 616/616/616
f 572/572/572 616/616/616 573/573/573
f 661/661/661 639/639/639 640/640/640
f 661/661/661 640/640/640 619/619/619
f 666/666/666 577/577/577 578/578/578
f 666/666/666 578/578/578 665/665/665
f 571/571/571 645/645/645 640/640/640
f 571/571/571 640/640/640 516/516/516
f 568/568/568 583/583/583 681/681/681
f 568/568/568 681/681/681 678/678/678
f 699/699/699 703/703/703 580/580/580
f 699/699/699 580/580/580 567/567/567
f 727/727/727 728/728/728 729/729/729
f 727/727/727 729/729/729 730/730/730
f 731/731/731 732/732/732 733/733/733
f 731/731/731 733/733/733 734/734/734
f 735/735/735 736/736/736 737/737/737
f 735/735/735 737/737/737 738/738/738
f 739/739/739 740/740/740 741/741/741
f 739/739/739 741/741/741 742/742/742
f 743/743/743 744/744/744 745/745/745
f 743/743/743 745/745/745 746/746/746
f 747/747/747 748/748/748 749/749/749
f 747/747/747 749/749/749 750/750/750
f 751/751/751 752/752/752 753/753/753
f 751/751/751 753/753/753 754/754/754
f 755/755/755 756/756/756 757/757/757
f 755/755/755 757/757/757 758/758/758
f 759/759/759 760/760/760 761/761/761
f 759/759/759 761/761/761 762/762/762
f 763/763/763 764/764/764 765/765/765
f 763/763/763 765/765/765 766/766/766
f 767/767/767 768/768/768 737/737/737
f 767/767/767 737/737/737 736/736/736
f 769/769/769 770/770/770 771/771/771
f 769/769/769 771/771/771 772/772/772
f 773/773/773 774/774/774 775/775/775
f 773/773/773 775/775/775 776/776/776
f 777/777/777 778/778/778 779/779/779
f 777/777/777 779/779/779 780/780/780
f 781/781/781 758/758/758 757/757/757
f 781/781/781 757/757/757 782/782/782
f 783/783/783 750/750/750 749/749/749
f 783/783/783 749/749/749 784/784/784
f 785/785/785 734/734/734 733/733/733
f 785/785/785 733/733/733 786/786/786
f 787/787/787 788/788/788 789/789/789
f 787/787/787 789/789/789 790/790/790
f 791/791/791 792/792/792 793/793/793
f 791/791/791 793/793/793 794/794/794
f 795/795/795 796/796/796 794/794/794
f 795/795/795 794/794/794 793/793/793
f 797/797/797 798/798/798 729/729/729
f 797/797/797 729/729/729 728/728/728
f 799/799/799 800/800/800 733/733/733
f 799/799/799 733/733/733 732/732/732
f 801/801/801 802/802/802 803/803/803
f 801/801/801 803/803/803 804/804/804
f 805/805/805 806/806/806 807/807/807
f 805/805/805 807/807/807 808/808/808
f 809/809/809 810/810/810 811/811/811
f 809/809/809 811/811/811 812/812/812
f 813/813/813 814/814/814 815/815/815
f 813/813/813 815/815/815 816/816/816
f 804/804/804 803/803/803 806/806/806
f 804/804/804 806/806/806 805/805/805
f 817/817/817 818/818/818 819/819/819
f 817/817/817 819/819/819 820/820/820
f 821/821/821 822/822/822 819/819/819
f 821/821/821 819/819/819 823/823/823
f 824/824/824 825/825/825 826/826/826
f 824/824/824 826/826/826 827/827/827
f 828/828/828 829/829/829 830/830/830
f 828/828/828 830/830/830 831/831/831
f 832/832/832 833/833/833 834/834/834
f 832/832/832 834/834/834 835/835/835
f 836/836/836 837/837/837 838/838/838
f 836/836/836 838/838/838 839/839/839
f 840/840/840 841/841/841 842/842/842
f 840/840/840 842/842/842 843/843/843
f 835/835/835 834/834/834 841/841/841
f 835/835/835 841/841/841 840/840/840
f 834/834/834 844/844/844 845/845/845
f 834/834/834 845/845/845 841/841/841
f 841/841/841 845/845/845 846/846/846
f 841/841/841 846/846/846 842/842/842
f 730/730/730 729/729/729 736/736/736
f 730/730/730 736/736/736 735/735/735
f 746/746/746 745/745/745 740/740/740
f 746/746/746 740/740/740 739/739/739
f 754/754/754 753/753/753 760/760/760
f 754/754/754 760/760/760 759/759/759
f 847/847/847 848/848/848 849/849/849
f 847/847/847 849/849/849 850/850/850
f 798/798/798 767/767/767 736/736/736
f 798/798/798 736/736/736 729/729/729
f 851/851/851 852/852/852 853/853/853
f 851/851/851 853/853/853 854/854/854
f 855/855/855 856/856/856 857/857/857
f 855/855/855 857/857/857 858/858/858
f 837/837/837 859/859/859 860/860/860
f 837/837/837 860/860/860 838/838/838
f 833/833/833 861/861/861 844/844/844
f 833/833/833 844/844/844 834/834/834
f 829/829/829 809/809/809 812/812/812
f 829/829/829 812/812/812 830/830/830
f 825/825/825 862/862/862 863/863/863
f 825/825/825 863/863/863 826/826/826
f 822/822/822 864/864/864 820/820/820
f 822/822/822 820/820/820 819/819/819
f 818/818/818 865/865/865 823/823/823
f 818/818/818 823/823/823 819/819/819
f 866/866/866 867/867/867 868/868/868
f 866/866/866 868/868/868 869/869/869
f 870/870/870 871/871/871 816/816/816
f 870/870/870 816/816/816 815/815/815
f 802/802/802 832/832/832 835/835/835
f 802/802/802 835/835/835 803/803/803
f 810/810/810 872/872/872 873/873/873
f 810/810/810 873/873/873 811/811/811
f 803/803/803 835/835/835 840/840/840
f 803/803/803 840/840/840 806/806/806
f 874/874/874 824/824/824 827/827/827
f 874/874/874 827/827/827 875/875/875
f 806/806/806 840/840/840 843/843/843
f 806/806/806 843/843/843 807/807/807
f 814/814/814 817/817/817 820/820/820
f 814/814/814 820/820/820 815/815/815
f 876/876/876 801/801/801 804/804/804
f 876/876/876 804/804/804 877/877/877
f 878/878/878 805/805/805 808/808/808
f 878/878/878 808/808/808 879/879/879
f 880/880/880 881/881/881 882/882/882
f 880/880/880 882/882/882 883/883/883
f 884/884/884 885/885/885 886/886/886
f 884/884/884 886/886/886 887/887/887
f 776/776/776 775/775/775 888/888/888
f 776/776/776 888/888/888 889/889/889
f 890/890/890 800/800/800 778/778/778
f 890/890/890 778/778/778 777/777/777
f 891/891/891 892/892/892 796/796/796
f 891/891/891 796/796/796 795/795/795
f 893/893/893 894/894/894 895/895/895
f 893/893/893 895/895/895 896/896/896
f 897/897/897 779/779/779 778/778/778
f 897/897/897 778/778/778 898/898/898
f 894/894/894 884/884/884 887/887/887
f 894/894/894 887/887/887 895/895/895
f 858/858/858 857/857/857 899/899/899
f 858/858/858 899/899/899 900/900/900
f 901/901/901 902/902/902 903/903/903
f 901/901/901 903/903/903 904/904/904
f 905/905/905 906/906/906 907/907/907
f 905/905/905 907/907/907 908/908/908
f 909/909/909 910/910/910 911/911/911
f 909/909/909 911/911/911 912/912/912
f 913/913/913 914/914/914 915/915/915
f 913/913/913 915/915/915 916/916/916
f 917/917/917 918/918/918 919/919/919
f 917/917/917 919/919/919 920/920/920
f 921/921/921 922/922/922 923/923/923
f 921/921/921 923/923/923 924/924/924
f 925/925/925 926/926/926 927/927/927
f 925/925/925 927/927/927 928/928/928
f 756/756/756 909/909/909 912/912/912
f 756/756/756 912/912/912 757/757/757
f 929/929/929 930/930/930 902/902/902
f 929/929/929 902/902/902 901/901/901
f 931/931/931 932/932/932 930/930/930
f 931/931/931 930/930/930 929/929/929
f 895/895/895 887/887/887 767/767/767
f 895/895/895 767/767/767 798/798/798
f 933/933/933 912/912/912 911/911/911
f 933/933/933 911/911/911 934/934/934
f 928/928/928 927/927/927 848/848/848
f 928/928/928 848/848/848 847/847/847
f 935/935/935 936/936/936 937/937/937
f 935/935/935 937/937/937 938/938/938
f 939/939/939 813/813/813 816/816/816
f 939/939/939 816/816/816 940/940/940
f 896/896/896 895/895/895 798/798/798
f 896/896/896 798/798/798 797/797/797
f 877/877/877 804/804/804 805/805/805
f 877/877/877 805/805/805 878/878/878
f 902/902/902 735/735/735 738/738/738
f 902/902/902 738/738/738 903/903/903
f 941/941/941 942/942/942 882/882/882
f 941/941/941 882/882/882 881/881/881
f 752/752/752 931/931/931 929/929/929
f 752/752/752 929/929/929 753/753/753
f 760/760/760 901/901/901 904/904/904
f 760/760/760 904/904/904 761/761/761
f 782/782/782 757/757/757 912/912/912
f 782/782/782 912/912/912 933/933/933
f 943/943/943 944/944/944 915/915/915
f 943/943/943 915/915/915 914/914/914
f 945/945/945 920/920/920 919/919/919
f 945/945/945 919/919/919 940/940/940
f 910/910/910 731/731/731 734/734/734
f 910/910/910 734/734/734 911/911/911
f 938/938/938 937/937/937 788/788/788
f 938/938/938 788/788/788 787/787/787
f 924/924/924 923/923/923 764/764/764
f 924/924/924 764/764/764 763/763/763
f 753/753/753 929/929/929 901/901/901
f 753/753/753 901/901/901 760/760/760
f 786/786/786 733/733/733 800/800/800
f 786/786/786 800/800/800 890/890/890
f 889/889/889 888/888/888 770/770/770
f 889/889/889 770/770/770 769/769/769
f 887/887/887 886/886/886 768/768/768
f 887/887/887 768/768/768 767/767/767
f 854/854/854 853/853/853 926/926/926
f 854/854/854 926/926/926 925/925/925
f 946/946/946 947/947/947 936/936/936
f 946/946/946 936/936/936 935/935/935
f 898/898/898 778/778/778 800/800/800
f 898/898/898 800/800/800 799/799/799
f 947/947/947 946/946/946 892/892/892
f 947/947/947 892/892/892 891/891/891
f 900/900/900 899/899/899 852/852/852
f 900/900/900 852/852/852 851/851/851
f 772/772/772 771/771/771 922/922/922
f 772/772/772 922/922/922 921/921/921
f 932/932/932 727/727/727 730/730/730
f 932/932/932 730/730/730 930/930/930
f 930/930/930 730/730/730 735/735/735
f 930/930/930 735/735/735 902/902/902
f 934/934/934 911/911/911 734/734/734
f 934/934/934 734/734/734 785/785/785
f 948/948/948 751/751/751 754/754/754
f 948/948/948 754/754/754 949/949/949
f 950/950/950 755/755/755 758/758/758
f 950/950/950 758/758/758 951/951/951
f 952/952/952 759/759/759 762/762/762
f 952/952/952 762/762/762 953/953/953
f 954/954/954 951/951/951 758/758/758
f 954/954/954 758/758/758 781/781/781
f 949/949/949 754/754/754 759/759/759
f 949/949/949 759/759/759 952/952/952
f 790/790/790 789/789/789 955/955/955
f 790/790/790 955/955/955 956/956/956
f 850/850/850 849/849/849 957/957/957
f 850/850/850 957/957/957 958/958/958
f 766/766/766 765/765/765 959/959/959
f 766/766/766 959/959/959 960/960/960
f 956/956/956 955/955/955 918/918/918
f 956/956/956 918/918/918 917/917/917
f 958/958/958 957/957/957 942/942/942
f 958/958/958 942/942/942 941/941/941
f 960/960/960 959/959/959 944/944/944
f 960/960/960 944/944/944 943/943/943
f 961/961/961 948/948/948 949/949/949
f 961/961/961 949/949/949 962/962/962
f 963/963/963 950/950/950 951/951/951
f 963/963/963 951/951/951 964/964/964
f 965/965/965 952/952/952 953/953/953
f 965/965/965 953/953/953 966/966/966
f 967/967/967 964/964/964 951/951/951
f 967/967/967 951/951/951 954/954/954
f 962/962/962 949/949/949 952/952/952
f 962/962/962 952/952/952 965/965/965
f 906/906/906 874/874/874 875/875/875
f 906/906/906 875/875/875 907/907/907
f 859/859/859 866/866/866 869/869/869
f 859/859/859 869/869/869 860/860/860
f 864/864/864 870/870/870 815/815/815
f 864/864/864 815/815/815 820/820/820
f 848/848/848 968/968/968 969/969/969
f 848/848/848 969/969/969 849/849/849
f 852/852/852 970/970/970 971/971/971
f 852/852/852 971/971/971 853/853/853
f 856/856/856 972/972/972 973/973/973
f 856/856/856 973/973/973 857/857/857
f 860/860/860 869/869/869 974/974/974
f 860/860/860 974/974/974 975/975/975
f 839/839/839 838/838/838 976/976/976
f 839/839/839 976/976/976 977/977/977
f 838/838/838 860/860/860 975/975/975
f 838/838/838 975/975/975 976/976/976
f 869/869/869 868/868/868 978/978/978
f 869/869/869 978/978/978 974/974/974
f 857/857/857 973/973/973 979/979/979
f 857/857/857 979/979/979 899/899/899
f 883/883/883 882/882/882 980/980/980
f 883/883/883 980/980/980 981/981/981
f 926/926/926 982/982/982 983/983/983
f 926/926/926 983/983/983 927/927/927
f 942/942/942 984/984/984 980/980/980
f 942/942/942 980/980/980 882/882/882
f 927/927/927 983/983/983 968/968/968
f 927/927/927 968/968/968 848/848/848
f 899/899/899 979/979/979 970/970/970
f 899/899/899 970/970/970 852/852/852
f 853/853/853 971/971/971 982/982/982
f 853/853/853 982/982/982 926/926/926
f 849/849/849 969/969/969 985/985/985
f 849/849/849 985/985/985 957/957/957
f 957/957/957 985/985/985 984/984/984
f 957/957/957 984/984/984 942/942/942
f 986/986/986 900/900/900 851/851/851
f 986/986/986 851/851/851 987/987/987
f 988/988/988 855/855/855 858/858/858
f 988/988/988 858/858/858 989/989/989
f 989/989/989 858/858/858 900/900/900
f 989/989/989 900/900/900 986/986/986
f 990/990/990 941/941/941 881/881/881
f 990/990/990 881/881/881 991/991/991
f 992/992/992 993/993/993 859/859/859
f 992/992/992 859/859/859 837/837/837
f 994/994/994 854/854/854 925/925/925
f 994/994/994 925/925/925 995/995/995
f 996/996/996 850/850/850 958/958/958
f 996/996/996 958/958/958 997/997/997
f 998/998/998 999/999/999 867/867/867
f 998/998/998 867/867/867 866/866/866
f 1000/1000/1000 847/847/847 850/850/850
f 1000/1000/1000 850/850/850 996/996/996
f 987/987/987 851/851/851 854/854/854
f 987/987/987 854/854/854 994/994/994
f 1001/1001/1001 928/928/928 847/847/847
f 1001/1001/1001 847/847/847 1000/1000/1000
f 993/993/993 998/998/998 866/866/866
f 993/993/993 866/866/866 859/859/859
f 1002/1002/1002 992/992/992 837/837/837
f 1002/1002/1002 837/837/837 836/836/836
f 997/997/997 958/958/958 941/941/941
f 997/997/997 941/941/941 990/990/990
f 1003/1003/1003 991/991/991 881/881/881
f 1003/1003/1003 881/881/881 880/880/880
f 995/995/995 925/925/925 928/928/928
f 995/995/995 928/928/928 1001/1001/1001
f 1004/1004/1004 1005/1005/1005 1006/1006/1006
f 1004/1004/1004 1006/1006/1006 1007/1007/1007
f 844/844/844 1008/1008/1008 1009/1009/1009
f 844/844/844 1009/1009/1009 845/845/845
f 1010/1010/1010 1011/1011/1011 1007/1007/1007
f 1010/1010/1010 1007/1007/1007 1006/1006/1006
f 861/861/861 1012/1012/1012 1008/1008/1008
f 861/861/861 1008/1008/1008 844/844/844
f 1013/1013/1013 821/821/821 823/823/823
f 1013/1013/1013 823/823/823 1014/1014/1014
f 862/862/862 1015/1015/1015 1016/1016/1016
f 862/862/862 1016/1016/1016 863/863/863
f 1017/1017/1017 1018/1018/1018 1015/1015/1015
f 1017/1017/1017 1015/1015/1015 862/862/862
f 865/865/865 1019/1019/1019 1014/1014/1014
f 865/865/865 1014/1014/1014 823/823/823
f 1020/1020/1020 1021/1021/1021 821/821/821
f 1020/1020/1020 821/821/821 1013/1013/1013
f 845/845/845 1009/1009/1009 1022/1022/1022
f 845/845/845 1022/1022/1022 846/846/846
f 1018/1018/1018 1023/1023/1023 1024/1024/1024
f 1018/1018/1018 1024/1024/1024 1015/1015/1015
f 1020/1020/1020 1013/1013/1013 1024/1024/1024
f 1020/1020/1020 1024/1024/1024 1023/1023/1023
f 1013/1013/1013 1014/1014/1014 1025/1025/1025
f 1013/1013/1013 1025/1025/1025 1024/1024/1024
f 1024/1024/1024 1025/1025/1025 1016/1016/1016
f 1024/1024/1024 1016/1016/1016 1015/1015/1015
f 1026/1026/1026 1009/1009/1009 1008/1008/1008
f 1026/1026/1026 1008/1008/1008 1012/1012/1012
f 1026/1026/1026 1025/1025/1025 1014/1014/1014
f 1026/1026/1026 1014/1014/1014 1019/1019/1019
f 963/963/963 876/876/876 877/877/877
f 963/963/963 877/877/877 966/966/966
f 965/965/965 878/878/878 879/879/879
f 965/965/965 879/879/879 962/962/962
f 867/867/867 880/880/880 883/883/883
f 867/867/867 883/883/883 868/868/868
f 967/967/967 905/905/905 908/908/908
f 967/967/967 908/908/908 964/964/964
f 872/872/872 913/913/913 916/916/916
f 872/872/872 916/916/916 873/873/873
f 961/961/961 939/939/939 940/940/940
f 961/961/961 940/940/940 919/919/919
f 966/966/966 877/877/877 878/878/878
f 966/966/966 878/878/878 965/965/965
f 871/871/871 945/945/945 940/940/940
f 871/871/871 940/940/940 816/816/816
f 868/868/868 883/883/883 981/981/981
f 868/868/868 981/981/981 978/978/978
f 999/999/999 1003/1003/1003 880/880/880
f 999/999/999 880/880/880 867/867/867
f 1027/1027/1027 1028/1028/1028 1029/1029/1029
f 1027/1027/1027 1029/1029/1029 1030/1030/1030
f 1031/1031/1031 1032/1032/1032 1033/1033/1033
f 1031/1031/1031 1033/1033/1033 1034/1034/1034
f 1035/1035/1035 1036/1036/1036 1037/1037/1037
f 1035/1035/1035 1037/1037/1037 1038/1038/1038
f 1039/1039/1039 1040/1040/1040 1041/1041/1041
f 1039/1039/1039 1041/1041/1041 1042/1042/1042
f 1043/1043/1043 1044/1044/1044 1045/1045/1045
f 1043/1043/1043 1045/1045/1045 1046/1046/1046
f 1047/1047/1047 1048/1048/1048 1049/1049/1049
f 1047/1047/1047 1049/1049/1049 1050/1050/1050
f 1051/1051/1051 1052/1052/1052 1053/1053/1053
f 1051/1051/1051 1053/1053/1053 1054/1054/1054
f 1055/1055/1055 1056/1056/1056 1057/1057/1057
f 1055/1055/1055 1057/1057/1057 1058/1058/1058
f 1059/1059/1059 1060/1060/1060 1061/1061/1061
f 1059/1059/1059 1061/1061/1061 1062/1062/1062
f 1063/1063/1063 1064/1064/1064 1065/1065/1065
f 1063/1063/1063 1065/1065/1065 1066/1066/1066
f 1067/1067/1067 1068/1068/1068 1037/1037/1037
f 1067/1067/1067 1037/1037/1037 1036/1036/1036
f 1069/1069/1069 1070/1070/1070 1071/1071/1071
f 1069/1069/1069 1071/1071/1071 1072/1072/1072
f 1073/1073/1073 1074/1074/1074 1075/1075/1075
f 1073/1073/1073 1075/1075/1075 1076/1076/1076
f 1077/1077/1077 1078/1078/1078 1079/1079/1079
f 1077/1077/1077 1079/1079/1079 1080/1080/1080
f 1081/1081/1081 1058/1058/1058 1057/1057/1057
f 1081/1081/1081 1057/1057/1057 1082/1082/1082
f 1083/1083/1083 1050/1050/1050 1049/1049/1049
f 1083/1083/1083 1049/1049/1049 1084/1084/1084
f 1085/1085/1085 1034/1034/1034 1033/1033/1033
f 1085/1085/1085 1033/1033/1033 1086/1086/1086
f 1087/1087/1087 1088/1088/1088 1089/1089/1089
f 1087/1087/1087 1089/1089/1089 1090/1090/1090
f 1091/1091/1091 1092/1092/1092 1093/1093/1093
f 1091/1091/1091 1093/1093/1093 1094/1094/1094
f 1095/1095/1095 1096/1096/1096 1094/1094/1094
f 1095/1095/1095 1094/1094/1094 1093/1093/1093
f 1097/1097/1097 1098/1098/1098 1029/1029/1029
f 1097/1097/1097 1029/1029/1029 1028/1028/1028
f 1099/1099/1099 1100/1100/1100 1033/1033/1033
f 1099/1099/1099 1033/1033/1033 1032/1032/1032
f 1101/1101/1101 1102/1102/1102 1103/1103/1103
f 1101/1101/1101 1103/1103/1103 1104/1104/1104
f 1105/1105/1105 1106/1106/1106 1107/1107/1107
f 1105/1105/1105 1107/1107/1107 1108/1108/1108
f 1109/1109/1109 1110/1110/1110 1111/1111/1111
f 1109/1109/1109 1111/1111/1111 1112/1112/1112
f 1113/1113/1113 1114/1114/1114 1115/1115/1115
f 1113/1113/1113 1115/1115/1115 1116/1116/1116
f 1104/1104/1104 1103/1103/1103 1106/1106/1106
f 1104/1104/1104 1106/1106/1106 1105/1105/1105
f 1117/1117/1117 1118/1118/1118 1119/1119/1119
f 1117/1117/1117 1119/1119/1119 1120/1120/1120
f 1121/1121/1121 1122/1122/1122 1119/1119/1119
f 1121/1121/1121 1119/1119/1119 1123/1123/1123
f 1124/1124/1124 1125/1125/1125 1126/1126/1126
f 1124/1124/1124 1126/1126/1126 1127/1127/1127
f 1128/1128/1128 1129/1129/1129 1122/1122/1122
f 1128/1128/1128 1122/1122/1122 1121/1121/1121
f 1130/1130/1130 1131/1131/1131 1132/1132/1132
f 1130/1130/1130 1132/1132/1132 1133/1133/1133
f 1134/1134/1134 1135/1135/1135 1136/1136/1136
f 1134/1134/1134 1136/1136/1136 1137/1137/1137
f 1138/1138/1138 1139/1139/1139 1140/1140/1140
f 1138/1138/1138 1140/1140/1140 1141/1141/1141
f 1133/1133/1133 1132/1132/1132 1139/1139/1139
f 1133/1133/1133 1139/1139/1139 1138/1138/1138
f 1132/1132/1132 1142/1142/1142 1143/1143/1143
f 1132/1132/1132 1143/1143/1143 1139/1139/1139
f 1139/1139/1139 1143/1143/1143 1144/1144/1144
f 1139/1139/1139 1144/1144/1144 1140/1140/1140
f 1030/1030/1030 1029/1029/1029 1036/1036/1036
f 1030/1030/1030 1036/1036/1036 1035/1035/1035
f 1046/1046/1046 1045/1045/1045 1040/1040/1040
f 1046/1046/1046 1040/1040/1040 1039/1039/1039
f 1054/1054/1054 1053/1053/1053 1060/1060/1060
f 1054/1054/1054 1060/1060/1060 1059/1059/1059
f 1145/1145/1145 1146/1146/1146 1147/1147/1147
f 1145/1145/1145 1147/1147/1147 1148/1148/1148
f 1098/1098/1098 1067/1067/1067 1036/1036/1036
f 1098/1098/1098 1036/1036/1036 1029/1029/1029
f 1149/1149/1149 1150/1150/1150 1151/1151/1151
f 1149/1149/1149 1151/1151/1151 1152/1152/1152
f 1153/1153/1153 1154/1154/1154 1155/1155/1155
f 1153/1153/1153 1155/1155/1155 1156/1156/1156
f 1157/1157/1157 1158/1158/1158 1159/1159/1159
f 1157/1157/1157 1159/1159/1159 1160/1160/1160
f 1131/1131/1131 1161/1161/1161 1142/1142/1142
f 1131/1131/1131 1142/1142/1142 1132/1132/1132
f 1162/1162/1162 1109/1109/1109 1112/1112/1112
f 1162/1162/1162 1112/1112/1112 1163/1163/1163
f 1125/1125/1125 1164/1164/1164 1165/1165/1165
f 1125/1125/1125 1165/1165/1165 1126/1126/1126
f 1122/1122/1122 1166/1166/1166 1120/1120/1120
f 1122/1122/1122 1120/1120/1120 1119/1119/1119
f 1118/1118/1118 1167/1167/1167 1123/1123/1123
f 1118/1118/1118 1123/1123/1123 1119/1119/1119
f 1168/1168/1168 1169/1169/1169 1170/1170/1170
f 1168/1168/1168 1170/1170/1170 1171/1171/1171
f 1172/1172/1172 1173/1173/1173 1116/1116/1116
f 1172/1172/1172 1116/1116/1116 1115/1115/1115
f 1102/1102/1102 1130/1130/1130 1133/1133/1133
f 1102/1102/1102 1133/1133/1133 1103/1103/1103
f 1110/1110/1110 1174/1174/1174 1175/1175/1175
f 1110/1110/1110 1175/1175/1175 1111/1111/1111
f 1103/1103/1103 1133/1133/1133 1138/1138/1138
f 1103/1103/1103 1138/1138/1138 1106/1106/1106
f 1176/1176/1176 1124/1124/1124 1127/1127/1127
f 1176/1176/1176 1127/1127/1127 1177/1177/1177
f 1106/1106/1106 1138/1138/1138 1141/1141/1141
f 1106/1106/1106 1141/1141/1141 1107/1107/1107
f 1114/1114/1114 1117/1117/1117 1120/1120/1120
f 1114/1114/1114 1120/1120/1120 1115/1115/1115
f 1178/1178/1178 1101/1101/1101 1104/1104/1104
f 1178/1178/1178 1104/1104/1104 1179/1179/1179
f 1180/1180/1180 1105/1105/1105 1108/1108/1108
f 1180/1180/1180 1108/1108/1108 1181/1181/1181
f 1182/1182/1182 1183/1183/1183 1184/1184/1184
f 1182/1182/1182 1184/1184/1184 1185/1185/1185
f 1186/1186/1186 1187/1187/1187 1188/1188/1188
f 1186/1186/1186 1188/1188/1188 1189/1189/1189
f 1076/1076/1076 1075/1075/1075 1190/1190/1190
f 1076/1076/1076 1190/1190/1190 1191/1191/1191
f 1192/1192/1192 1100/1100/1100 1078/1078/1078
f 1192/1192/1192 1078/1078/1078 1077/1077/1077
f 1193/1193/1193 1194/1194/1194 1096/1096/1096
f 1193/1193/1193 1096/1096/1096 1095/1095/1095
f 1195/1195/1195 1196/1196/1196 1197/1197/1197
f 1195/1195/1195 1197/1197/1197 1198/1198/1198
f 1199/1199/1199 1079/1079/1079 1078/1078/1078
f 1199/1199/1199 1078/1078/1078 1200/1200/1200
f 1196/1196/1196 1186/1186/1186 1189/1189/1189
f 1196/1196/1196 1189/1189/1189 1197/1197/1197
f 1156/1156/1156 1155/1155/1155 1201/1201/1201
f 1156/1156/1156 1201/1201/1201 1202/1202/1202
f 1203/1203/1203 1204/1204/1204 1205/1205/1205
f 1203/1203/1203 1205/1205/1205 1206/1206/1206
f 1207/1207/1207 1208/1208/1208 1209/1209/1209
f 1207/1207/1207 1209/1209/1209 1210/1210/1210
f 1211/1211/1211 1212/1212/1212 1213/1213/1213
f 1211/1211/1211 1213/1213/1213 1214/1214/1214
f 1215/1215/1215 1216/1216/1216 1217/1217/1217
f 1215/1215/1215 1217/1217/1217 1218/1218/1218
f 1219/1219/1219 1220/1220/1220 1221/1221/1221
f 1219/1219/1219 1221/1221/1221 1222/1222/1222
f 1223/1223/1223 1224/1224/1224 1225/1225/1225
f 1223/1223/1223 1225/1225/1225 1226/1226/1226
f 1227/1227/1227 1228/1228/1228 1229/1229/1229
f 1227/1227/1227 1229/1229/1229 1230/1230/1230
f 1056/1056/1056 1211/1211/1211 1214/1214/1214
f 1056/1056/1056 1214/1214/1214 1057/1057/1057
f 1231/1231/1231 1232/1232/1232 1204/1204/1204
f 1231/1231/1231 1204/1204/1204 1203/1203/1203
f 1233/1233/1233 1234/1234/1234 1232/1232/1232
f 1233/1233/1233 1232/1232/1232 1231/1231/1231
f 1197/1197/1197 1189/1189/1189 1067/1067/1067
f 1197/1197/1197 1067/1067/1067 1098/1098/1098
f 1235/1235/1235 1214/1214/1214 1213/1213/1213
f 1235/1235/1235 1213/1213/1213 1236/1236/1236
f 1230/1230/1230 1229/1229/1229 1146/1146/1146
f 1230/1230/1230 1146/1146/1146 1145/1145/1145
f 1237/1237/1237 1238/1238/1238 1239/1239/1239
f 1237/1237/1237 1239/1239/1239 1240/1240/1240
f 1241/1241/1241 1113/1113/1113 1116/1116/1116
f 1241/1241/1241 1116/1116/1116 1242/1242/1242
f 1198/1198/1198 1197/1197/1197 1098/1098/1098
f 1198/1198/1198 1098/1098/1098 1097/1097/1097
f 1179/1179/1179 1104/1104/1104 1105/1105/1105
f 1179/1179/1179 1105/1105/1105 1180/1180/1180
f 1204/1204/1204 1035/1035/1035 1038/1038/1038
f 1204/1204/1204 1038/1038/1038 1205/1205/1205
f 1243/1243/1243 1244/1244/1244 1184/1184/1184
f 1243/1243/1243 1184/1184/1184 1183/1183/1183
f 1052/1052/1052 1233/1233/1233 1231/1231/1231
f 1052/1052/1052 1231/1231/1231 1053/1053/1053
f 1060/1060/1060 1203/1203/1203 1206/1206/1206
f 1060/1060/1060 1206/1206/1206 1061/1061/1061
f 1082/1082/1082 1057/1057/1057 1214/1214/1214
f 1082/1082/1082 1214/1214/1214 1235/1235/1235
f 1245/1245/1245 1246/1246/1246 1217/1217/1217
f 1245/1245/1245 1217/1217/1217 1216/1216/1216
f 1247/1247/1247 1222/1222/1222 1221/1221/1221
f 1247/1247/1247 1221/1221/1221 1242/1242/1242
f 1212/1212/1212 1031/1031/1031 1034/1034/1034
f 1212/1212/1212 1034/1034/1034 1213/1213/1213
f 1240/1240/1240 1239/1239/1239 1088/1088/1088
f 1240/1240/1240 1088/1088/1088 1087/1087/1087
f 1226/1226/1226 1225/1225/1225 1064/1064/1064
f 1226/1226/1226 1064/1064/1064 1063/1063/1063
f 1053/1053/1053 1231/1231/1231 1203/1203/1203
f 1053/1053/1053 1203/1203/1203 1060/1060/1060
f 1086/1086/1086 1033/1033/1033 1100/1100/1100
f 1086/1086/1086 1100/1100/1100 1192/1192/1192
f 1191/1191/1191 1190/1190/1190 1070/1070/1070
f 1191/1191/1191 1070/1070/1070 1069/1069/1069
f 1189/1189/1189 1188/1188/1188 1068/1068/1068
f 1189/1189/1189 1068/1068/1068 1067/1067/1067
f 1152/1152/1152 1151/1151/1151 1228/1228/1228
f 1152/1152/1152 1228/1228/1228 1227/1227/1227
f 1248/1248/1248 1249/1249/1249 1238/1238/1238
f 1248/1248/1248 1238/1238/1238 1237/1237/1237
f 1200/1200/1200 1078/1078/1078 1100/1100/1100
f 1200/1200/1200 1100/1100/1100 1099/1099/1099
f 1249/1249/1249 1248/1248/1248 1194/1194/1194
f 1249/1249/1249 1194/1194/1194 1193/1193/1193
f 1202/1202/1202 1201/1201/1201 1150/1150/1150
f 1202/1202/1202 1150/1150/1150 1149/1149/1149
f 1072/1072/1072 1071/1071/1071 1224/1224/1224
f 1072/1072/1072 1224/1224/1224 1223/1223/1223
f 1234/1234/1234 1027/1027/1027 1030/1030/1030
f 1234/1234/1234 1030/1030/1030 1232/1232/1232
f 1232/1232/1232 1030/1030/1030 1035/1035/1035
f 1232/1232/1232 1035/1035/1035 1204/1204/1204
f 1236/1236/1236 1213/1213/1213 1034/1034/1034
f 1236/1236/1236 1034/1034/1034 1085/1085/1085
f 1250/1250/1250 1051/1051/1051 1054/1054/1054
f 1250/1250/1250 1054/1054/1054 1251/1251/1251
f 1252/1252/1252 1055/1055/1055 1058/1058/1058
f 1252/1252/1252 1058/1058/1058 1253/1253/1253
f 1254/1254/1254 1059/1059/1059 1062/1062/1062
f 1254/1254/1254 1062/1062/1062 1255/1255/1255
f 1256/1256/1256 1253/1253/1253 1058/1058/1058
f 1256/1256/1256 1058/1058/1058 1081/1081/1081
f 1251/1251/1251 1054/1054/1054 1059/1059/1059
f 1251/1251/1251 1059/1059/1059 1254/1254/1254
f 1090/1090/1090 1089/1089/1089 1257/1257/1257
f 1090/1090/1090 1257/1257/1257 1258/1258/1258
f 1148/1148/1148 1147/1147/1147 1259/1259/1259
f 1148/1148/1148 1259/1259/1259 1260/1260/1260
f 1066/1066/1066 1065/1065/1065 1261/1261/1261
f 1066/1066/1066 1261/1261/1261 1262/1262/1262
f 1258/1258/1258 1257/1257/1257 1220/1220/1220
f 1258/1258/1258 1220/1220/1220 1219/1219/1219
f 1260/1260/1260 1259/1259/1259 1244/1244/1244
f 1260/1260/1260 1244/1244/1244 1243/1243/1243
f 1262/1262/1262 1261/1261/1261 1246/1246/1246
f 1262/1262/1262 1246/1246/1246 1245/1245/1245
f 1263/1263/1263 1250/1250/1250 1251/1251/1251
f 1263/1263/1263 1251/1251/1251 1264/1264/1264
f 1265/1265/1265 1252/1252/1252 1253/1253/1253
f 1265/1265/1265 1253/1253/1253 1266/1266/1266
f 1267/1267/1267 1254/1254/1254 1255/1255/1255
f 1267/1267/1267 1255/1255/1255 1268/1268/1268
f 1269/1269/1269 1266/1266/1266 1253/1253/1253
f 1269/1269/1269 1253/1253/1253 1256/1256/1256
f 1264/1264/1264 1251/1251/1251 1254/1254/1254
f 1264/1264/1264 1254/1254/1254 1267/1267/1267
f 1208/1208/1208 1176/1176/1176 1177/1177/1177
f 1208/1208/1208 1177/1177/1177 1209/1209/1209
f 1158/1158/1158 1168/1168/1168 1171/1171/1171
f 1158/1158/1158 1171/1171/1171 1159/1159/1159
f 1166/1166/1166 1172/1172/1172 1115/1115/1115
f 1166/1166/1166 1115/1115/1115 1120/1120/1120
f 1146/1146/1146 1270/1270/1270 1271/1271/1271
f 1146/1146/1146 1271/1271/1271 1147/1147/1147
f 1150/1150/1150 1272/1272/1272 1273/1273/1273
f 1150/1150/1150 1273/1273/1273 1151/1151/1151
f 1154/1154/1154 1274/1274/1274 1275/1275/1275
f 1154/1154/1154 1275/1275/1275 1155/1155/1155
f 1159/1159/1159 1171/1171/1171 1276/1276/1276
f 1159/1159/1159 1276/1276/1276 1277/1277/1277
f 1137/1137/1137 1136/1136/1136 1278/1278/1278
f 1137/1137/1137 1278/1278/1278 1279/1279/1279
f 1160/1160/1160 1159/1159/1159 1277/1277/1277
f 1160/1160/1160 1277/1277/1277 1280/1280/1280
f 1171/1171/1171 1170/1170/1170 1281/1281/1281
f 1171/1171/1171 1281/1281/1281 1276/1276/1276
f 1155/1155/1155 1275/1275/1275 1282/1282/1282
f 1155/1155/1155 1282/1282/1282 1201/1201/1201
f 1185/1185/1185 1184/1184/1184 1283/1283/1283
f 1185/1185/1185 1283/1283/1283 1284/1284/1284
f 1228/1228/1228 1285/1285/1285 1286/1286/1286
f 1228/1228/1228 1286/1286/1286 1229/1229/1229
f 1244/1244/1244 1287/1287/1287 1283/1283/1283
f 1244/1244/1244 1283/1283/1283 1184/1184/1184
f 1229/1229/1229 1286/1286/1286 1270/1270/1270
f 1229/1229/1229 1270/1270/1270 1146/1146/1146
f 1201/1201/1201 1282/1282/1282 1272/1272/1272
f 1201/1201/1201 1272/1272/1272 1150/1150/1150
f 1151/1151/1151 1273/1273/1273 1285/1285/1285
f 1151/1151/1151 1285/1285/1285 1228/1228/1228
f 1147/1147/1147 1271/1271/1271 1288/1288/1288
f 1147/1147/1147 1288/1288/1288 1259/1259/1259
f 1259/1259/1259 1288/1288/1288 1287/1287/1287
f 1259/1259/1259 1287/1287/1287 1244/1244/1244
f 1289/1289/1289 1202/1202/1202 1149/1149/1149
f 1289/1289/1289 1149/1149/1149 1290/1290/1290
f 1291/1291/1291 1153/1153/1153 1156/1156/1156
f 1291/1291/1291 1156/1156/1156 1292/1292/1292
f 1292/1292/1292 1156/1156/1156 1202/1202/1202
f 1292/1292/1292 1202/1202/1202 1289/1289/1289
f 1293/1293/1293 1243/1243/1243 1183/1183/1183
f 1293/1293/1293 1183/1183/1183 1294/1294/1294
f 1295/1295/1295 1296/1296/1296 1158/1158/1158
f 1295/1295/1295 1158/1158/1158 1157/1157/1157
f 1297/1297/1297 1152/1152/1152 1227/1227/1227
f 1297/1297/1297 1227/1227/1227 1298/1298/1298
f 1299/1299/1299 1148/1148/1148 1260/1260/1260
f 1299/1299/1299 1260/1260/1260 1300/1300/1300
f 1301/1301/1301 1302/1302/1302 1169/1169/1169
f 1301/1301/1301 1169/1169/1169 1168/1168/1168
f 1303/1303/1303 1145/1145/1145 1148/1148/1148
f 1303/1303/1303 1148/1148/1148 1299/1299/1299
f 1290/1290/1290 1149/1149/1149 1152/1152/1152
f 1290/1290/1290 1152/1152/1152 1297/1297/1297
f 1304/1304/1304 1230/1230/1230 1145/1145/1145
f 1304/1304/1304 1145/1145/1145 1303/1303/1303
f 1296/1296/1296 1301/1301/1301 1168/1168/1168
f 1296/1296/1296 1168/1168/1168 1158/1158/1158
f 1305/1305/1305 1306/1306/1306 1135/1135/1135
f 1305/1305/1305 1135/1135/1135 1134/1134/1134
f 1300/1300/1300 1260/1260/1260 1243/1243/1243
f 1300/1300/1300 1243/1243/1243 1293/1293/1293
f 1307/1307/1307 1294/1294/1294 1183/1183/1183
f 1307/1307/1307 1183/1183/1183 1182/1182/1182
f 1298/1298/1298 1227/1227/1227 1230/1230/1230
f 1298/1298/1298 1230/1230/1230 1304/1304/1304
f 1308/1308/1308 1134/1134/1134 1137/1137/1137
f 1308/1308/1308 1137/1137/1137 1309/1309/1309
f 1142/1142/1142 1310/1310/1310 1311/1311/1311
f 1142/1142/1142 1311/1311/1311 1143/1143/1143
f 1279/1279/1279 1312/1312/1312 1309/1309/1309
f 1279/1279/1279 1309/1309/1309 1137/1137/1137
f 1161/1161/1161 1313/1313/1313 1310/1310/1310
f 1161/1161/1161 1310/1310/1310 1142/1142/1142
f 1314/1314/1314 1121/1121/1121 1123/1123/1123
f 1314/1314/1314 1123/1123/1123 1315/1315/1315
f 1164/1164/1164 1316/1316/1316 1317/1317/1317
f 1164/1164/1164 1317/1317/1317 1165/1165/1165
f 1305/1305/1305 1318/1318/1318 1316/1316/1316
f 1305/1305/1305 1316/1316/1316 1164/1164/1164
f 1167/1167/1167 1319/1319/1319 1315/1315/1315
f 1167/1167/1167 1315/1315/1315 1123/1123/1123
f 1320/1320/1320 1128/1128/1128 1121/1121/1121
f 1320/1320/1320 1121/1121/1121 1314/1314/1314
f 1143/1143/1143 1311/1311/1311 1321/1321/1321
f 1143/1143/1143 1321/1321/1321 1144/1144/1144
f 1318/1318/1318 1322/1322/1322 1323/1323/1323
f 1318/1318/1318 1323/1323/1323 1316/1316/1316
f 1320/1320/1320 1314/1314/1314 1323/1323/1323
f 1320/1320/1320 1323/1323/1323 1322/1322/1322
f 1314/1314/1314 1315/1315/1315 1324/1324/1324
f 1314/1314/1314 1324/1324/1324 1323/1323/1323
f 1323/1323/1323 1324/1324/1324 1317/1317/1317
f 1323/1323/1323 1317/1317/1317 1316/1316/1316
f 1325/1325/1325 1311/1311/1311 1310/1310/1310
f 1325/1325/1325 1310/1310/1310 1313/1313/1313
f 1325/1325/1325 1324/1324/1324 1315/1315/1315
f 1325/1325/1325 1315/1315/1315 1319/1319/1319
f 1265/1265/1265 1178/1178/1178 1179/1179/1179
f 1265/1265/1265 1179/1179/1179 1268/1268/1268
f 1267/1267/1267 1180/1180/1180 1181/1181/1181
f 1267/1267/1267 1181/1181/1181 1264/1264/1264
f 1169/1169/1169 1182/1182/1182 1185/1185/1185
f 1169/1169/1169 1185/1185/1185 1170/1170/1170
f 1269/1269/1269 1207/1207/1207 1210/1210/1210
f 1269/1269/1269 1210/1210/1210 1266/1266/1266
f 1174/1174/1174 1215/1215/1215 1218/1218/1218
f 1174/1174/1174 1218/1218/1218 1175/1175/1175
f 1263/1263/1263 1241/1241/1241 1242/1242/1242
f 1263/1263/1263 1242/1242/1242 1221/1221/1221
f 1268/1268/1268 1179/1179/1179 1180/1180/1180
f 1268/1268/1268 1180/1180/1180 1267/1267/1267
f 1173/1173/1173 1247/1247/1247 1242/1242/1242
f 1173/1173/1173 1242/1242/1242 1116/1116/1116
f 1170/1170/1170 1185/1185/1185 1284/1284/1284
f 1170/1170/1170 1284/1284/1284 1281/1281/1281
f 1302/1302/1302 1307/1307/1307 1182/1182/1182
f 1302/1302/1302 1182/1182/1182 1169/1169/1169
f 1326/1326/1326 1327/1327/1327 1328/1328/1328
f 1326/1326/1326 1328/1328/1328 1329/1329/1329
f 1330/1330/1330 1331/1331/1331 1332/1332/1332
f 1330/1330/1330 1332/1332/1332 1333/1333/1333
f 1334/1334/1334 1335/1335/1335 1331/1331/1331
f 1334/1334/1334 1331/1331/1331 1330/1330/1330
f 1336/1336/1336 1337/1337/1337 1338/1338/1338
f 1336/1336/1336 1338/1338/1338 1339/1339/1339
f 1340/1340/1340 1333/1333/1333 1332/1332/1332
f 1340/1340/1340 1332/1332/1332 1341/1341/1341
f 1342/1342/1342 1343/1343/1343 1327/1327/1327
f 1342/1342/1342 1327/1327/1327 1344/1344/1344
f 1345/1345/1345 1346/1346/1346 1347/1347/1347
f 1345/1345/1345 1347/1347/1347 1348/1348/1348
f 1349/1349/1349 1350/1350/1350 1351/1351/1351
f 1349/1349/1349 1351/1351/1351 1352/1352/1352
f 1353/1353/1353 1354/1354/1354 1355/1355/1355
f 1353/1353/1353 1355/1355/1355 1356/1356/1356
f 1352/1352/1352 1351/1351/1351 1357/1357/1357
f 1352/1352/1352 1357/1357/1357 1358/1358/1358
f 1348/1348/1348 1347/1347/1347 1350/1350/1350
f 1348/1348/1348 1350/1350/1350 1349/1349/1349
f 1359/1359/1359 1360/1360/1360 1361/1361/1361
f 1359/1359/1359 1361/1361/1361 1362/1362/1362
f 1363/1363/1363 1364/1364/1364 1361/1361/1361
f 1363/1363/1363 1361/1361/1361 1365/1365/1365
f 1366/1366/1366 1367/1367/1367 1368/1368/1368
f 1366/1366/1366 1368/1368/1368 1369/1369/1369
f 1370/1370/1370 1371/1371/1371 1372/1372/1372
f 1370/1370/1370 1372/1372/1372 1373/1373/1373
f 1369/1369/1369 1368/1368/1368 1374/1374/1374
f 1369/1369/1369 1374/1374/1374 1375/1375/1375
f 1376/1376/1376 1377/1377/1377 1378/1378/1378
f 1376/1376/1376 1378/1378/1378 1379/1379/1379
f 1380/1380/1380 1381/1381/1381 1360/1360/1360
f 1380/1380/1380 1360/1360/1360 1359/1359/1359
f 1375/1375/1375 1374/1374/1374 1381/1381/1381
f 1375/1375/1375 1381/1381/1381 1380/1380/1380
f 1374/1374/1374 1382/1382/1382 1383/1383/1383
f 1374/1374/1374 1383/1383/1383 1381/1381/1381
f 1381/1381/1381 1383/1383/1383 1384/1384/1384
f 1381/1381/1381 1384/1384/1384 1360/1360/1360
f 1329/1329/1329 1328/1328/1328 1335/1335/1335
f 1329/1329/1329 1335/1335/1335 1334/1334/1334
f 1385/1385/1385 1386/1386/1386 1387/1387/1387
f 1385/1385/1385 1387/1387/1387 1388/1388/1388
f 1377/1377/1377 1389/1389/1389 1390/1390/1390
f 1377/1377/1377 1390/1390/1390 1378/1378/1378
f 1368/1368/1368 1391/1391/1391 1382/1382/1382
f 1368/1368/1368 1382/1382/1382 1374/1374/1374
f 1371/1371/1371 1353/1353/1353 1356/1356/1356
f 1371/1371/1371 1356/1356/1356 1372/1372/1372
f 1367/1367/1367 1392/1392/1392 1391/1391/1391
f 1367/1367/1367 1391/1391/1391 1368/1368/1368
f 1364/1364/1364 1393/1393/1393 1362/1362/1362
f 1364/1364/1364 1362/1362/1362 1361/1361/1361
f 1360/1360/1360 1384/1384/1384 1365/1365/1365
f 1360/1360/1360 1365/1365/1365 1361/1361/1361
f 1394/1394/1394 1395/1395/1395 1396/1396/1396
f 1394/1394/1394 1396/1396/1396 1397/1397/1397
f 1398/1398/1398 1399/1399/1399 1358/1358/1358
f 1398/1398/1398 1358/1358/1358 1357/1357/1357
f 1346/1346/1346 1369/1369/1369 1375/1375/1375
f 1346/1346/1346 1375/1375/1375 1347/1347/1347
f 1354/1354/1354 1400/1400/1400 1401/1401/1401
f 1354/1354/1354 1401/1401/1401 1355/1355/1355
f 1347/1347/1347 1375/1375/1375 1380/1380/1380
f 1347/1347/1347 1380/1380/1380 1350/1350/1350
f 1402/1402/1402 1366/1366/1366 1369/1369/1369
f 1402/1402/1402 1369/1369/1369 1346/1346/1346
f 1350/1350/1350 1380/1380/1380 1359/1359/1359
f 1350/1350/1350 1359/1359/1359 1351/1351/1351
f 1351/1351/1351 1359/1359/1359 1362/1362/1362
f 1351/1351/1351 1362/1362/1362 1357/1357/1357
f 1403/1403/1403 1345/1345/1345 1348/1348/1348
f 1403/1403/1403 1348/1348/1348 1404/1404/1404
f 1405/1405/1405 1349/1349/1349 1352/1352/1352
f 1405/1405/1405 1352/1352/1352 1406/1406/1406
f 1407/1407/1407 1408/1408/1408 1409/1409/1409
f 1407/1407/1407 1409/1409/1409 1410/1410/1410
f 1411/1411/1411 1412/1412/1412 1345/1345/1345
f 1411/1411/1411 1345/1345/1345 1403/1403/1403
f 1413/1413/1413 1414/1414/1414 1415/1415/1415
f 1413/1413/1413 1415/1415/1415 1416/1416/1416
f 1417/1417/1417 1418/1418/1418 1419/1419/1419
f 1417/1417/1417 1419/1419/1419 1420/1420/1420
f 1331/1331/1331 1421/1421/1421 1422/1422/1422
f 1331/1331/1331 1422/1422/1422 1332/1332/1332
f 1406/1406/1406 1352/1352/1352 1358/1358/1358
f 1406/1406/1406 1358/1358/1358 1423/1423/1423
f 1404/1404/1404 1348/1348/1348 1349/1349/1349
f 1404/1404/1404 1349/1349/1349 1405/1405/1405
f 1424/1424/1424 1425/1425/1425 1409/1409/1409
f 1424/1424/1424 1409/1409/1409 1408/1408/1408
f 1327/1327/1327 1343/1343/1343 1426/1426/1426
f 1327/1327/1327 1426/1426/1426 1328/1328/1328
f 1335/1335/1335 1427/1427/1427 1421/1421/1421
f 1335/1335/1335 1421/1421/1421 1331/1331/1331
f 1341/1341/1341 1332/1332/1332 1422/1422/1422
f 1341/1341/1341 1422/1422/1422 1428/1428/1428
f 1429/1429/1429 1430/1430/1430 1415/1415/1415
f 1429/1429/1429 1415/1415/1415 1414/1414/1414
f 1431/1431/1431 1420/1420/1420 1419/1419/1419
f 1431/1431/1431 1419/1419/1419 1423/1423/1423
f 1328/1328/1328 1426/1426/1426 1427/1427/1427
f 1328/1328/1328 1427/1427/1427 1335/1335/1335
f 1418/1418/1418 1326/1326/1326 1329/1329/1329
f 1418/1418/1418 1329/1329/1329 1432/1432/1432
f 1433/1433/1433 1330/1330/1330 1333/1333/1333
f 1433/1433/1433 1333/1333/1333 1434/1434/1434
f 1435/1435/1435 1334/1334/1334 1330/1330/1330
f 1435/1435/1435 1330/1330/1330 1433/1433/1433
f 1436/1436/1436 1434/1434/1434 1333/1333/1333
f 1436/1436/1436 1333/1333/1333 1340/1340/1340
f 1432/1432/1432 1329/1329/1329 1334/1334/1334
f 1432/1432/1432 1334/1334/1334 1435/1435/1435
f 1344/1344/1344 1327/1327/1327 1326/1326/1326
f 1344/1344/1344 1326/1326/1326 1437/1437/1437
f 1388/1388/1388 1387/1387/1387 1438/1438/1438
f 1388/1388/1388 1438/1438/1438 1439/1439/1439
f 1339/1339/1339 1338/1338/1338 1440/1440/1440
f 1339/1339/1339 1440/1440/1440 1441/1441/1441
f 1437/1437/1437 1326/1326/1326 1418/1418/1418
f 1437/1437/1437 1418/1418/1418 1417/1417/1417
f 1439/1439/1439 1438/1438/1438 1425/1425/1425
f 1439/1439/1439 1425/1425/1425 1424/1424/1424
f 1441/1441/1441 1440/1440/1440 1430/1430/1430
f 1441/1441/1441 1430/1430/1430 1429/1429/1429
f 1419/1419/1419 1418/1418/1418 1432/1432/1432
f 1419/1419/1419 1432/1432/1432 1442/1442/1442
f 1443/1443/1443 1433/1433/1433 1434/1434/1434
f 1443/1443/1443 1434/1434/1434 1444/1444/1444
f 1445/1445/1445 1435/1435/1435 1433/1433/1433
f 1445/1445/1445 1433/1433/1433 1443/1443/1443
f 1446/1446/1446 1444/1444/1444 1434/1434/1434
f 1446/1446/1446 1434/1434/1434 1436/1436/1436
f 1442/1442/1442 1432/1432/1432 1435/1435/1435
f 1442/1442/1442 1435/1435/1435 1445/1445/1445
f 1412/1412/1412 1402/1402/1402 1346/1346/1346
f 1412/1412/1412 1346/1346/1346 1345/1345/1345
f 1389/1389/1389 1394/1394/1394 1397/1397/1397
f 1389/1389/1389 1397/1397/1397 1390/1390/1390
f 1393/1393/1393 1398/1398/1398 1357/1357/1357
f 1393/1393/1393 1357/1357/1357 1362/1362/1362
f 1386/1386/1386 1336/1336/1336 1339/1339/1339
f 1386/1386/1386 1339/1339/1339 1387/1387/1387
f 1390/1390/1390 1397/1397/1397 1354/1354/1354
f 1390/1390/1390 1354/1354/1354 1353/1353/1353
f 1379/1379/1379 1378/1378/1378 1371/1371/1371
f 1379/1379/1379 1371/1371/1371 1370/1370/1370
f 1378/1378/1378 1390/1390/1390 1353/1353/1353
f 1378/1378/1378 1353/1353/1353 1371/1371/1371
f 1397/1397/1397 1396/1396/1396 1400/1400/1400
f 1397/1397/1397 1400/1400/1400 1354/1354/1354
f 1410/1410/1410 1409/1409/1409 1414/1414/1414
f 1410/1410/1410 1414/1414/1414 1413/1413/1413
f 1425/1425/1425 1429/1429/1429 1414/1414/1414
f 1425/1425/1425 1414/1414/1414 1409/1409/1409
f 1387/1387/1387 1339/1339/1339 1441/1441/1441
f 1387/1387/1387 1441/1441/1441 1438/1438/1438
f 1438/1438/1438 1441/1441/1441 1429/1429/1429
f 1438/1438/1438 1429/1429/1429 1425/1425/1425
f 1447/1447/1447 1424/1424/1424 1408/1408/1408
f 1447/1447/1447 1408/1408/1408 1448/1448/1448
f 1449/1449/1449 1450/1450/1450 1389/1389/1389
f 1449/1449/1449 1389/1389/1389 1377/1377/1377
f 1451/1451/1451 1388/1388/1388 1439/1439/1439
f 1451/1451/1451 1439/1439/1439 1452/1452/1452
f 1453/1453/1453 1454/1454/1454 1395/1395/1395
f 1453/1453/1453 1395/1395/1395 1394/1394/1394
f 1455/1455/1455 1385/1385/1385 1388/1388/1388
f 1455/1455/1455 1388/1388/1388 1451/1451/1451
f 1450/1450/1450 1453/1453/1453 1394/1394/1394
f 1450/1450/1450 1394/1394/1394 1389/1389/1389
f 1456/1456/1456 1449/1449/1449 1377/1377/1377
f 1456/1456/1456 1377/1377/1377 1376/1376/1376
f 1452/1452/1452 1439/1439/1439 1424/1424/1424
f 1452/1452/1452 1424/1424/1424 1447/1447/1447
f 1457/1457/1457 1448/1448/1448 1408/1408/1408
f 1457/1457/1457 1408/1408/1408 1407/1407/1407
f 1458/1458/1458 1459/1459/1459 1460/1460/1460
f 1458/1458/1458 1460/1460/1460 1461/1461/1461
f 1382/1382/1382 1462/1462/1462 1463/1463/1463
f 1382/1382/1382 1463/1463/1463 1383/1383/1383
f 1464/1464/1464 1465/1465/1465 1461/1461/1461
f 1464/1464/1464 1461/1461/1461 1460/1460/1460
f 1391/1391/1391 1466/1466/1466 1462/1462/1462
f 1391/1391/1391 1462/1462/1462 1382/1382/1382
f 1467/1467/1467 1363/1363/1363 1365/1365/1365
f 1467/1467/1467 1365/1365/1365 1468/1468/1468
f 1392/1392/1392 1469/1469/1469 1466/1466/1466
f 1392/1392/1392 1466/1466/1466 1391/1391/1391
f 1459/1459/1459 1458/1458/1458 1469/1469/1469
f 1459/1459/1459 1469/1469/1469 1392/1392/1392
f 1384/1384/1384 1470/1470/1470 1365/1365/1365
f 1470/1470/1470 1468/1468/1468 1365/1365/1365
f 1465/1465/1465 1464/1464/1464 1363/1363/1363
f 1465/1465/1465 1363/1363/1363 1467/1467/1467
f 1383/1383/1383 1463/1463/1463 1470/1470/1470
f 1383/1383/1383 1470/1470/1470 1384/1384/1384
f 1458/1458/1458 1461/1461/1461 1471/1471/1471
f 1458/1458/1458 1471/1471/1471 1469/1469/1469
f 1465/1465/1465 1467/1467/1467 1471/1471/1471
f 1465/1465/1465 1471/1471/1471 1461/1461/1461
f 1467/1467/1467 1468/1468/1468 1472/1472/1472
f 1467/1467/1467 1472/1472/1472 1471/1471/1471
f 1471/1471/1471 1472/1472/1472 1466/1466/1466
f 1471/1471/1471 1466/1466/1466 1469/1469/1469
f 1472/1472/1472 1463/1463/1463 1462/1462/1462
f 1472/1472/1472 1462/1462/1462 1466/1466/1466
f 1463/1463/1463 1472/1472/1472 1468/1468/1468
f 1463/1463/1463 1468/1468/1468 1470/1470/1470
f 1444/1444/1444 1403/1403/1403 1404/1404/1404
f 1444/1444/1444 1404/1404/1404 1443/1443/1443
f 1445/1445/1445 1405/1405/1405 1406/1406/1406
f 1445/1445/1445 1406/1406/1406 1442/1442/1442
f 1395/1395/1395 1407/1407/1407 1410/1410/1410
f 1395/1395/1395 1410/1410/1410 1396/1396/1396
f 1446/1446/1446 1411/1411/1411 1403/1403/1403
f 1446/1446/1446 1403/1403/1403 1444/1444/1444
f 1400/1400/1400 1413/1413/1413 1416/1416/1416
f 1400/1400/1400 1416/1416/1416 1401/1401/1401
f 1442/1442/1442 1406/1406/1406 1423/1423/1423
f 1442/1442/1442 1423/1423/1423 1419/1419/1419
f 1443/1443/1443 1404/1404/1404 1405/1405/1405
f 1443/1443/1443 1405/1405/1405 1445/1445/1445
f 1399/1399/1399 1431/1431/1431 1423/1423/1423
f 1399/1399/1399 1423/1423/1423 1358/1358/1358
f 1396/1396/1396 1410/1410/1410 1413/1413/1413
f 1396/1396/1396 1413/1413/1413 1400/1400/1400
f 1454/1454/1454 1457/1457/1457 1407/1407/1407
f 1454/1454/1454 1407/1407/1407 1395/1395/1395
f 336/336/336 347/347/347 128/128/128
f 336/336/336 128/128/128 127/127/127
f 138/138/138 137/137/137 132/132/132
f 138/138/138 132/132/132 131/131/131
f 192/192/192 1473/1473/1473 144/144/144
f 192/192/192 144/144/144 143/143/143
f 142/142/142 141/141/141 148/148/148
f 142/142/142 148/148/148 147/147/147
f 355/355/355 189/189/189 152/152/152
f 355/355/355 152/152/152 151/151/151
f 162/162/162 161/161/161 156/156/156
f 162/162/162 156/156/156 155/155/155
f 291/291/291 197/197/197 128/128/128
f 291/291/291 128/128/128 347/347/347
f 168/168/168 199/199/199 132/132/132
f 168/168/168 132/132/132 137/137/137
f 307/307/307 275/275/275 202/202/202
f 307/307/307 202/202/202 201/201/201
f 208/208/208 207/207/207 214/214/214
f 208/208/208 214/214/214 213/213/213
f 243/243/243 242/242/242 218/218/218
f 243/243/243 218/218/218 217/217/217
f 227/227/227 226/226/226 233/233/233
f 227/227/227 233/233/233 232/232/232
f 226/226/226 263/263/263 261/261/261
f 226/226/226 261/261/261 233/233/233
f 242/242/242 246/246/246 265/265/265
f 242/242/242 265/265/265 218/218/218
f 275/275/275 227/227/227 232/232/232
f 275/275/275 232/232/232 202/202/202
f 207/207/207 243/243/243 217/217/217
f 207/207/207 217/217/217 214/214/214
f 308/308/308 307/307/307 201/201/201
f 308/308/308 201/201/201 276/276/276
f 193/193/193 293/293/293 296/296/296
f 193/193/193 296/296/296 195/195/195
f 285/285/285 297/297/297 298/298/298
f 285/285/285 298/298/298 286/286/286
f 304/304/304 303/303/303 310/310/310
f 304/304/304 310/310/310 309/309/309
f 161/161/161 304/304/304 309/309/309
f 161/161/161 309/309/309 156/156/156
f 188/188/188 337/337/337 332/332/332
f 188/188/188 332/332/332 331/331/331
f 279/279/279 208/208/208 213/213/213
f 279/279/279 213/213/213 339/339/339
f 195/195/195 296/296/296 197/197/197
f 195/195/195 197/197/197 291/291/291
f 189/189/189 188/188/188 331/331/331
f 189/189/189 331/331/331 152/152/152
f 303/303/303 138/138/138 131/131/131
f 303/303/303 131/131/131 310/310/310
f 286/286/286 298/298/298 199/199/199
f 286/286/286 199/199/199 168/168/168
f 337/337/337 336/336/336 127/127/127
f 337/337/337 127/127/127 332/332/332
f 318/318/318 355/355/355 151/151/151
f 318/318/318 151/151/151 348/348/348
f 353/353/353 162/162/162 155/155/155
f 353/353/353 155/155/155 350/350/350
f 319/319/319 318/318/318 348/348/348
f 319/319/319 348/348/348 361/361/361
f 366/366/366 353/353/353 350/350/350
f 366/366/366 350/350/350 363/363/363
f 263/263/263 416/416/416 412/412/412
f 263/263/263 412/412/412 261/261/261
f 246/246/246 422/422/422 419/419/419
f 246/246/246 419/419/419 265/265/265
f 425/425/425 426/426/426 412/412/412
f 425/425/425 412/412/412 416/416/416
f 409/409/409 426/426/426 419/419/419
f 409/409/409 419/419/419 422/422/422
f 364/364/364 308/308/308 276/276/276
f 364/364/364 276/276/276 363/363/363
f 362/362/362 279/279/279 339/339/339
f 362/362/362 339/339/339 361/361/361
f 636/636/636 647/647/647 428/428/428
f 636/636/636 428/428/428 427/427/427
f 438/438/438 437/437/437 432/432/432
f 438/438/438 432/432/432 431/431/431
f 492/492/492 1474/1474/1474 444/444/444
f 492/492/492 444/444/444 443/443/443
f 442/442/442 441/441/441 448/448/448
f 442/442/442 448/448/448 447/447/447
f 655/655/655 489/489/489 452/452/452
f 655/655/655 452/452/452 451/451/451
f 462/462/462 461/461/461 456/456/456
f 462/462/462 456/456/456 455/455/455
f 591/591/591 497/497/497 428/428/428
f 591/591/591 428/428/428 647/647/647
f 468/468/468 499/499/499 432/432/432
f 468/468/468 432/432/432 437/437/437
f 607/607/607 575/575/575 502/502/502
f 607/607/607 502/502/502 501/501/501
f 508/508/508 507/507/507 514/514/514
f 508/508/508 514/514/514 513/513/513
f 543/543/543 542/542/542 518/518/518
f 543/543/543 518/518/518 517/517/517
f 527/527/527 526/526/526 533/533/533
f 527/527/527 533/533/533 532/532/532
f 526/526/526 563/563/563 561/561/561
f 526/526/526 561/561/561 533/533/533
f 542/542/542 546/546/546 565/565/565
f 542/542/542 565/565/565 518/518/518
f 575/575/575 527/527/527 532/532/532
f 575/575/575 532/532/532 502/502/502
f 507/507/507 543/543/543 517/517/517
f 507/507/507 517/517/517 514/514/514
f 608/608/608 607/607/607 501/501/501
f 608/608/608 501/501/501 576/576/576
f 493/493/493 593/593/593 596/596/596
f 493/493/493 596/596/596 495/495/495
f 585/585/585 597/597/597 598/598/598
f 585/585/585 598/598/598 586/586/586
f 604/604/604 603/603/603 610/610/610
f 604/604/604 610/610/610 609/609/609
f 461/461/461 604/604/604 609/609/609
f 461/461/461 609/609/609 456/456/456
f 488/488/488 637/637/637 632/632/632
f 488/488/488 632/632/632 631/631/631
f 579/579/579 508/508/508 513/513/513
f 579/579/579 513/513/513 639/639/639
f 495/495/495 596/596/596 497/497/497
f 495/495/495 497/497/497 591/591/591
f 489/489/489 488/488/488 631/631/631
f 489/489/489 631/631/631 452/452/452
f 603/603/603 438/438/438 431/431/431
f 603/603/603 431/431/431 610/610/610
f 586/586/586 598/598/598 499/499/499
f 586/586/586 499/499/499 468/468/468
f 637/637/637 636/636/636 427/427/427
f 637/637/637 427/427/427 632/632/632
f 618/618/618 655/655/655 451/451/451
f 618/618/618 451/451/451 648/648/648
f 653/653/653 462/462/462 455/455/455
f 653/653/653 455/455/455 650/650/650
f 619/619/619 618/618/618 648/648/648
f 619/619/619 648/648/648 661/661/661
f 666/666/666 653/653/653 650/650/650
f 666/666/666 650/650/650 663/663/663
f 563/563/563 716/716/716 712/712/712
f 563/563/563 712/712/712 561/561/561
f 546/546/546 722/722/722 719/719/719
f 546/546/546 719/719/719 565/565/565
f 725/725/725 726/726/726 712/712/712
f 725/725/725 712/712/712 716/716/716
f 709/709/709 726/726/726 719/719/719
f 709/709/709 719/719/719 722/722/722
f 664/664/664 608/608/608 576/576/576
f 664/664/664 576/576/576 663/663/663
f 662/662/662 579/579/579 639/639/639
f 662/662/662 639/639/639 661/661/661
f 936/936/936 947/947/947 728/728/728
f 936/936/936 728/728/728 727/727/727
f 738/738/738 737/737/737 732/732/732
f 738/738/738 732/732/732 731/731/731
f 792/792/792 1475/1475/1475 744/744/744
f 792/792/792 744/744/744 743/743/743
f 742/742/742 741/741/741 748/748/748
f 742/742/742 748/748/748 747/747/747
f 955/955/955 789/789/789 752/752/752
f 955/955/955 752/752/752 751/751/751
f 762/762/762 761/761/761 756/756/756
f 762/762/762 756/756/756 755/755/755
f 891/891/891 797/797/797 728/728/728
f 891/891/891 728/728/728 947/947/947
f 768/768/768 799/799/799 732/732/732
f 768/768/768 732/732/732 737/737/737
f 907/907/907 875/875/875 802/802/802
f 907/907/907 802/802/802 801/801/801
f 808/808/808 807/807/807 814/814/814
f 808/808/808 814/814/814 813/813/813
f 843/843/843 842/842/842 818/818/818
f 843/843/843 818/818/818 817/817/817
f 827/827/827 826/826/826 833/833/833
f 827/827/827 833/833/833 832/832/832
f 826/826/826 863/863/863 861/861/861
f 826/826/826 861/861/861 833/833/833
f 842/842/842 846/846/846 865/865/865
f 842/842/842 865/865/865 818/818/818
f 875/875/875 827/827/827 832/832/832
f 875/875/875 832/832/832 802/802/802
f 807/807/807 843/843/843 817/817/817
f 807/807/807 817/817/817 814/814/814
f 908/908/908 907/907/907 801/801/801
f 908/908/908 801/801/801 876/876/876
f 793/793/793 893/893/893 896/896/896
f 793/793/793 896/896/896 795/795/795
f 885/885/885 897/897/897 898/898/898
f 885/885/885 898/898/898 886/886/886
f 904/904/904 903/903/903 910/910/910
f 904/904/904 910/910/910 909/909/909
f 761/761/761 904/904/904 909/909/909
f 761/761/761 909/909/909 756/756/756
f 788/788/788 937/937/937 932/932/932
f 788/788/788 932/932/932 931/931/931
f 879/879/879 808/808/808 813/813/813
f 879/879/879 813/813/813 939/939/939
f 795/795/795 896/896/896 797/797/797
f 795/795/795 797/797/797 891/891/891
f 789/789/789 788/788/788 931/931/931
f 789/789/789 931/931/931 752/752/752
f 903/903/903 738/738/738 731/731/731
f 903/903/903 731/731/731 910/910/910
f 886/886/886 898/898/898 799/799/799
f 886/886/886 799/799/799 768/768/768
f 937/937/937 936/936/936 727/727/727
f 937/937/937 727/727/727 932/932/932
f 918/918/918 955/955/955 751/751/751
f 918/918/918 751/751/751 948/948/948
f 953/953/953 762/762/762 755/755/755
f 953/953/953 755/755/755 950/950/950
f 919/919/919 918/918/918 948/948/948
f 919/919/919 948/948/948 961/961/961
f 966/966/966 953/953/953 950/950/950
f 966/966/966 950/950/950 963/963/963
f 863/863/863 1016/1016/1016 1012/1012/1012
f 863/863/863 1012/1012/1012 861/861/861
f 846/846/846 1022/1022/1022 1019/1019/1019
f 846/846/846 1019/1019/1019 865/865/865
f 1025/1025/1025 1026/1026/1026 1012/1012/1012
f 1025/1025/1025 1012/1012/1012 1016/1016/1016
f 1009/1009/1009 1026/1026/1026 1019/1019/1019
f 1009/1009/1009 1019/1019/1019 1022/1022/1022
f 964/964/964 908/908/908 876/876/876
f 964/964/964 876/876/876 963/963/963
f 962/962/962 879/879/879 939/939/939
f 962/962/962 939/939/939 961/961/961
f 1238/1238/1238 1249/1249/1249 1028/1028/1028
f 1238/1238/1238 1028/1028/1028 1027/1027/1027
f 1038/1038/1038 1037/1037/1037 1032/1032/1032
f 1038/1038/1038 1032/1032/1032 1031/1031/1031
f 1092/1092/1092 1476/1476/1476 1044/1044/1044
f 1092/1092/1092 1044/1044/1044 1043/1043/1043
f 1042/1042/1042 1041/1041/1041 1048/1048/1048
f 1042/1042/1042 1048/1048/1048 1047/1047/1047
f 1257/1257/1257 1089/1089/1089 1052/1052/1052
f 1257/1257/1257 1052/1052/1052 1051/1051/1051
f 1062/1062/1062 1061/1061/1061 1056/1056/1056
f 1062/1062/1062 1056/1056/1056 1055/1055/1055
f 1193/1193/1193 1097/1097/1097 1028/1028/1028
f 1193/1193/1193 1028/1028/1028 1249/1249/1249
f 1068/1068/1068 1099/1099/1099 1032/1032/1032
f 1068/1068/1068 1032/1032/1032 1037/1037/1037
f 1209/1209/1209 1177/1177/1177 1102/1102/1102
f 1209/1209/1209 1102/1102/1102 1101/1101/1101
f 1108/1108/1108 1107/1107/1107 1114/1114/1114
f 1108/1108/1108 1114/1114/1114 1113/1113/1113
f 1141/1141/1141 1140/1140/1140 1118/1118/1118
f 1141/1141/1141 1118/1118/1118 1117/1117/1117
f 1127/1127/1127 1126/1126/1126 1131/1131/1131
f 1127/1127/1127 1131/1131/1131 1130/1130/1130
f 1126/1126/1126 1165/1165/1165 1161/1161/1161
f 1126/1126/1126 1161/1161/1161 1131/1131/1131
f 1140/1140/1140 1144/1144/1144 1167/1167/1167
f 1140/1140/1140 1167/1167/1167 1118/1118/1118
f 1177/1177/1177 1127/1127/1127 1130/1130/1130
f 1177/1177/1177 1130/1130/1130 1102/1102/1102
f 1107/1107/1107 1141/1141/1141 1117/1117/1117
f 1107/1107/1107 1117/1117/1117 1114/1114/1114
f 1210/1210/1210 1209/1209/1209 1101/1101/1101
f 1210/1210/1210 1101/1101/1101 1178/1178/1178
f 1093/1093/1093 1195/1195/1195 1198/1198/1198
f 1093/1093/1093 1198/1198/1198 1095/1095/1095
f 1187/1187/1187 1199/1199/1199 1200/1200/1200
f 1187/1187/1187 1200/1200/1200 1188/1188/1188
f 1206/1206/1206 1205/1205/1205 1212/1212/1212
f 1206/1206/1206 1212/1212/1212 1211/1211/1211
f 1061/1061/1061 1206/1206/1206 1211/1211/1211
f 1061/1061/1061 1211/1211/1211 1056/1056/1056
f 1088/1088/1088 1239/1239/1239 1234/1234/1234
f 1088/1088/1088 1234/1234/1234 1233/1233/1233
f 1181/1181/1181 1108/1108/1108 1113/1113/1113
f 1181/1181/1181 1113/1113/1113 1241/1241/1241
f 1095/1095/1095 1198/1198/1198 1097/1097/1097
f 1095/1095/1095 1097/1097/1097 1193/1193/1193
f 1089/1089/1089 1088/1088/1088 1233/1233/1233
f 1089/1089/1089 1233/1233/1233 1052/1052/1052
f 1205/1205/1205 1038/1038/1038 1031/1031/1031
f 1205/1205/1205 1031/1031/1031 1212/1212/1212
f 1188/1188/1188 1200/1200/1200 1099/1099/1099
f 1188/1188/1188 1099/1099/1099 1068/1068/1068
f 1239/1239/1239 1238/1238/1238 1027/1027/1027
f 1239/1239/1239 1027/1027/1027 1234/1234/1234
f 1220/1220/1220 1257/1257/1257 1051/1051/1051
f 1220/1220/1220 1051/1051/1051 1250/1250/1250
f 1255/1255/1255 1062/1062/1062 1055/1055/1055
f 1255/1255/1255 1055/1055/1055 1252/1252/1252
f 1221/1221/1221 1220/1220/1220 1250/1250/1250
f 1221/1221/1221 1250/1250/1250 1263/1263/1263
f 1268/1268/1268 1255/1255/1255 1252/1252/1252
f 1268/1268/1268 1252/1252/1252 1265/1265/1265
f 1165/1165/1165 1317/1317/1317 1313/1313/1313
f 1165/1165/1165 1313/1313/1313 1161/1161/1161
f 1144/1144/1144 1321/1321/1321 1319/1319/1319
f 1144/1144/1144 1319/1319/1319 1167/1167/1167
f 1324/1324/1324 1325/1325/1325 1313/1313/1313
f 1324/1324/1324 1313/1313/1313 1317/1317/1317
f 1311/1311/1311 1325/1325/1325 1319/1319/1319
f 1311/1311/1311 1319/1319/1319 1321/1321/1321
f 1266/1266/1266 1210/1210/1210 1178/1178/1178
f 1266/1266/1266 1178/1178/1178 1265/1265/1265
f 1264/1264/1264 1181/1181/1181 1241/1241/1241
f 1264/1264/1264 1241/1241/1241 1263/1263/1263
f 368/368/368 163/163/163 166/166/166
f 368/368/368 166/166/166 369/369/369
f 370/370/370 169/169/169 172/172/172
f 370/370/370 172/172/172 371/371/371
f 372/372/372 173/173/173 176/176/176
f 372/372/372 176/176/176 373/373/373
f 375/375/375 374/374/374 210/210/210
f 375/375/375 210/210/210 209/209/209
f 377/377/377 376/376/376 229/229/229
f 377/377/377 229/229/229 228/228/228
f 376/376/376 375/375/375 209/209/209
f 376/376/376 209/209/209 229/229/229
f 374/374/374 378/378/378 272/272/272
f 374/374/374 272/272/272 210/210/210
f 373/373/373 176/176/176 289/289/289
f 373/373/373 289/289/289 379/379/379
f 381/381/381 380/380/380 314/314/314
f 381/381/381 314/314/314 313/313/313
f 382/382/382 321/321/321 324/324/324
f 382/382/382 324/324/324 383/383/383
f 384/384/384 343/343/343 314/314/314
f 384/384/384 314/314/314 380/380/380
f 383/383/383 324/324/324 163/163/163
f 383/383/383 163/163/163 368/368/368
f 379/379/379 289/289/289 169/169/169
f 379/379/379 169/169/169 370/370/370
f 371/371/371 172/172/172 321/321/321
f 371/371/371 321/321/321 382/382/382
f 369/369/369 166/166/166 360/360/360
f 369/369/369 360/360/360 385/385/385
f 385/385/385 360/360/360 343/343/343
f 385/385/385 343/343/343 384/384/384
f 1477/1477/1477 386/386/386 387/387/387
f 1477/1477/1477 387/387/387 1478/1478/1478
f 1479/1479/1479 388/388/388 389/389/389
f 1479/1479/1479 389/389/389 1480/1480/1480
f 1480/1480/1480 389/389/389 386/386/386
f 1480/1480/1480 386/386/386 1477/1477/1477
f 1481/1481/1481 390/390/390 391/391/391
f 1481/1481/1481 391/391/391 1482/1482/1482
f 1483/1483/1483 1484/1484/1484 393/393/393
f 1483/1483/1483 393/393/393 392/392/392
f 1485/1485/1485 394/394/394 395/395/395
f 1485/1485/1485 395/395/395 1486/1486/1486
f 1487/1487/1487 396/396/396 397/397/397
f 1487/1487/1487 397/397/397 1488/1488/1488
f 1489/1489/1489 1490/1490/1490 399/399/399
f 1489/1489/1489 399/399/399 398/398/398
f 1491/1491/1491 400/400/400 396/396/396
f 1491/1491/1491 396/396/396 1487/1487/1487
f 1478/1478/1478 387/387/387 394/394/394
f 1478/1478/1478 394/394/394 1485/1485/1485
f 1492/1492/1492 401/401/401 400/400/400
f 1492/1492/1492 400/400/400 1491/1491/1491
f 1484/1484/1484 1489/1489/1489 398/398/398
f 1484/1484/1484 398/398/398 393/393/393
f 1493/1493/1493 1483/1483/1483 392/392/392
f 1493/1493/1493 392/392/392 402/402/402
f 1488/1488/1488 397/397/397 390/390/390
f 1488/1488/1488 390/390/390 1481/1481/1481
f 1494/1494/1494 1482/1482/1482 391/391/391
f 1494/1494/1494 391/391/391 403/403/403
f 1486/1486/1486 395/395/395 401/401/401
f 1486/1486/1486 401/401/401 1492/1492/1492
f 405/405/405 404/404/404 418/418/418
f 405/405/405 418/418/418 417/417/417
f 411/411/411 410/410/410 421/421/421
f 411/411/411 421/421/421 420/420/420
f 404/404/404 407/407/407 423/423/423
f 404/404/404 423/423/423 418/418/418
f 411/411/411 420/420/420 423/423/423
f 411/411/411 423/423/423 407/407/407
f 378/378/378 381/381/381 313/313/313
f 378/378/378 313/313/313 272/272/272
f 1490/1490/1490 1494/1494/1494 403/403/403
f 1490/1490/1490 403/403/403 399/399/399
f 668/668/668 463/463/463 466/466/466
f 668/668/668 466/466/466 669/669/669
f 670/670/670 469/469/469 472/472/472
f 670/670/670 472/472/472 671/671/671
f 672/672/672 473/473/473 476/476/476
f 672/672/672 476/476/476 673/673/673
f 675/675/675 674/674/674 510/510/510
f 675/675/675 510/510/510 509/509/509
f 677/677/677 676/676/676 529/529/529
f 677/677/677 529/529/529 528/528/528
f 676/676/676 675/675/675 509/509/509
f 676/676/676 509/509/509 529/529/529
f 674/674/674 678/678/678 572/572/572
f 674/674/674 572/572/572 510/510/510
f 673/673/673 476/476/476 589/589/589
f 673/673/673 589/589/589 679/679/679
f 681/681/681 680/680/680 614/614/614
f 681/681/681 614/614/614 613/613/613
f 682/682/682 621/621/621 624/624/624
f 682/682/682 624/624/624 683/683/683
f 684/684/684 643/643/643 614/614/614
f 684/684/684 614/614/614 680/680/680
f 683/683/683 624/624/624 463/463/463
f 683/683/683 463/463/463 668/668/668
f 679/679/679 589/589/589 469/469/469
f 679/679/679 469/469/469 670/670/670
f 671/671/671 472/472/472 621/621/621
f 671/671/671 621/621/621 682/682/682
f 669/669/669 466/466/466 660/660/660
f 669/669/669 660/660/660 685/685/685
f 685/685/685 660/660/660 643/643/643
f 685/685/685 643/643/643 684/684/684
f 1495/1495/1495 686/686/686 687/687/687
f 1495/1495/1495 687/687/687 1496/1496/1496
f 1497/1497/1497 688/688/688 689/689/689
f 1497/1497/1497 689/689/689 1498/1498/1498
f 1498/1498/1498 689/689/689 686/686/686
f 1498/1498/1498 686/686/686 1495/1495/1495
f 1499/1499/1499 690/690/690 691/691/691
f 1499/1499/1499 691/691/691 1500/1500/1500
f 1501/1501/1501 1502/1502/1502 693/693/693
f 1501/1501/1501 693/693/693 692/692/692
f 1503/1503/1503 694/694/694 695/695/695
f 1503/1503/1503 695/695/695 1504/1504/1504
f 1505/1505/1505 696/696/696 697/697/697
f 1505/1505/1505 697/697/697 1506/1506/1506
f 1507/1507/1507 1508/1508/1508 699/699/699
f 1507/1507/1507 699/699/699 698/698/698
f 1509/1509/1509 700/700/700 696/696/696
f 1509/1509/1509 696/696/696 1505/1505/1505
f 1496/1496/1496 687/687/687 694/694/694
f 1496/1496/1496 694/694/694 1503/1503/1503
f 1510/1510/1510 701/701/701 700/700/700
f 1510/1510/1510 700/700/700 1509/1509/1509
f 1502/1502/1502 1507/1507/1507 698/698/698
f 1502/1502/1502 698/698/698 693/693/693
f 1511/1511/1511 1501/1501/1501 692/692/692
f 1511/1511/1511 692/692/692 702/702/702
f 1506/1506/1506 697/697/697 690/690/690
f 1506/1506/1506 690/690/690 1499/1499/1499
f 1512/1512/1512 1500/1500/1500 691/691/691
f 1512/1512/1512 691/691/691 703/703/703
f 1504/1504/1504 695/695/695 701/701/701
f 1504/1504/1504 701/701/701 1510/1510/1510
f 705/705/705 704/704/704 718/718/718
f 705/705/705 718/718/718 717/717/717
f 711/711/711 710/710/710 721/721/721
f 711/711/711 721/721/721 720/720/720
f 704/704/704 707/707/707 723/723/723
f 704/704/704 723/723/723 718/718/718
f 711/711/711 720/720/720 723/723/723
f 711/711/711 723/723/723 707/707/707
f 678/678/678 681/681/681 613/613/613
f 678/678/678 613/613/613 572/572/572
f 1508/1508/1508 1512/1512/1512 703/703/703
f 1508/1508/1508 703/703/703 699/699/699
f 968/968/968 763/763/763 766/766/766
f 968/968/968 766/766/766 969/969/969
f 970/970/970 769/769/769 772/772/772
f 970/970/970 772/772/772 971/971/971
f 972/972/972 773/773/773 776/776/776
f 972/972/972 776/776/776 973/973/973
f 975/975/975 974/974/974 810/810/810
f 975/975/975 810/810/810 809/809/809
f 977/977/977 976/976/976 829/829/829
f 977/977/977 829/829/829 828/828/828
f 976/976/976 975/975/975 809/809/809
f 976/976/976 809/809/809 829/829/829
f 974/974/974 978/978/978 872/872/872
f 974/974/974 872/872/872 810/810/810
f 973/973/973 776/776/776 889/889/889
f 973/973/973 889/889/889 979/979/979
f 981/981/981 980/980/980 914/914/914
f 981/981/981 914/914/914 913/913/913
f 982/982/982 921/921/921 924/924/924
f 982/982/982 924/924/924 983/983/983
f 984/984/984 943/943/943 914/914/914
f 984/984/984 914/914/914 980/980/980
f 983/983/983 924/924/924 763/763/763
f 983/983/983 763/763/763 968/968/968
f 979/979/979 889/889/889 769/769/769
f 979/979/979 769/769/769 970/970/970
f 971/971/971 772/772/772 921/921/921
f 971/971/971 921/921/921 982/982/982
f 969/969/969 766/766/766 960/960/960
f 969/969/969 960/960/960 985/985/985
f 985/985/985 960/960/960 943/943/943
f 985/985/985 943/943/943 984/984/984
f 1513/1513/1513 986/986/986 987/987/987
f 1513/1513/1513 987/987/987 1514/1514/1514
f 1515/1515/1515 988/988/988 989/989/989
f 1515/1515/1515 989/989/989 1516/1516/1516
f 1516/1516/1516 989/989/989 986/986/986
f 1516/1516/1516 986/986/986 1513/1513/1513
f 1517/1517/1517 990/990/990 991/991/991
f 1517/1517/1517 991/991/991 1518/1518/1518
f 1519/1519/1519 1520/1520/1520 993/993/993
f 1519/1519/1519 993/993/993 992/992/992
f 1521/1521/1521 994/994/994 995/995/995
f 1521/1521/1521 995/995/995 1522/1522/1522
f 1523/1523/1523 996/996/996 997/997/997
f 1523/1523/1523 997/997/997 1524/1524/1524
f 1525/1525/1525 1526/1526/1526 999/999/999
f 1525/1525/1525 999/999/999 998/998/998
f 1527/1527/1527 1000/1000/1000 996/996/996
f 1527/1527/1527 996/996/996 1523/1523/1523
f 1514/1514/1514 987/987/987 994/994/994
f 1514/1514/1514 994/994/994 1521/1521/1521
f 1528/1528/1528 1001/1001/1001 1000/1000/1000
f 1528/1528/1528 1000/1000/1000 1527/1527/1527
f 1520/1520/1520 1525/1525/1525 998/998/998
f 1520/1520/1520 998/998/998 993/993/993
f 1529/1529/1529 1519/1519/1519 992/992/992
f 1529/1529/1529 992/992/992 1002/1002/1002
f 1524/1524/1524 997/997/997 990/990/990
f 1524/1524/1524 990/990/990 1517/1517/1517
f 1530/1530/1530 1518/1518/1518 991/991/991
f 1530/1530/1530 991/991/991 1003/1003/1003
f 1522/1522/1522 995/995/995 1001/1001/1001
f 1522/1522/1522 1001/1001/1001 1528/1528/1528
f 1005/1005/1005 1004/1004/1004 1018/1018/1018
f 1005/1005/1005 1018/1018/1018 1017/1017/1017
f 1011/1011/1011 1010/1010/1010 1021/1021/1021
f 1011/1011/1011 1021/1021/1021 1020/1020/1020
f 1004/1004/1004 1007/1007/1007 1023/1023/1023
f 1004/1004/1004 1023/1023/1023 1018/1018/1018
f 1011/1011/1011 1020/1020/1020 1023/1023/1023
f 1011/1011/1011 1023/1023/1023 1007/1007/1007
f 978/978/978 981/981/981 913/913/913
f 978/978/978 913/913/913 872/872/872
f 1526/1526/1526 1530/1530/1530 1003/1003/1003
f 1526/1526/1526 1003/1003/1003 999/999/999
f 1270/1270/1270 1063/1063/1063 1066/1066/1066
f 1270/1270/1270 1066/1066/1066 1271/1271/1271
f 1272/1272/1272 1069/1069/1069 1072/1072/1072
f 1272/1272/1272 1072/1072/1072 1273/1273/1273
f 1274/1274/1274 1073/1073/1073 1076/1076/1076
f 1274/1274/1274 1076/1076/1076 1275/1275/1275
f 1277/1277/1277 1276/1276/1276 1110/1110/1110
f 1277/1277/1277 1110/1110/1110 1109/1109/1109
f 1279/1279/1279 1278/1278/1278 1129/1129/1129
f 1279/1279/1279 1129/1129/1129 1128/1128/1128
f 1280/1280/1280 1277/1277/1277 1109/1109/1109
f 1280/1280/1280 1109/1109/1109 1162/1162/1162
f 1276/1276/1276 1281/1281/1281 1174/1174/1174
f 1276/1276/1276 1174/1174/1174 1110/1110/1110
f 1275/1275/1275 1076/1076/1076 1191/1191/1191
f 1275/1275/1275 1191/1191/1191 1282/1282/1282
f 1284/1284/1284 1283/1283/1283 1216/1216/1216
f 1284/1284/1284 1216/1216/1216 1215/1215/1215
f 1285/1285/1285 1223/1223/1223 1226/1226/1226
f 1285/1285/1285 1226/1226/1226 1286/1286/1286
f 1287/1287/1287 1245/1245/1245 1216/1216/1216
f 1287/1287/1287 1216/1216/1216 1283/1283/1283
f 1286/1286/1286 1226/1226/1226 1063/1063/1063
f 1286/1286/1286 1063/1063/1063 1270/1270/1270
f 1282/1282/1282 1191/1191/1191 1069/1069/1069
f 1282/1282/1282 1069/1069/1069 1272/1272/1272
f 1273/1273/1273 1072/1072/1072 1223/1223/1223
f 1273/1273/1273 1223/1223/1223 1285/1285/1285
f 1271/1271/1271 1066/1066/1066 1262/1262/1262
f 1271/1271/1271 1262/1262/1262 1288/1288/1288
f 1288/1288/1288 1262/1262/1262 1245/1245/1245
f 1288/1288/1288 1245/1245/1245 1287/1287/1287
f 1077/1077/1077 1289/1289/1289 1290/1290/1290
f 1077/1077/1077 1290/1290/1290 1192/1192/1192
f 1083/1083/1083 1291/1291/1291 1292/1292/1292
f 1083/1083/1083 1292/1292/1292 1080/1080/1080
f 1080/1080/1080 1292/1292/1292 1289/1289/1289
f 1080/1080/1080 1289/1289/1289 1077/1077/1077
f 1256/1256/1256 1293/1293/1293 1294/1294/1294
f 1256/1256/1256 1294/1294/1294 1269/1269/1269
f 1125/1125/1125 1124/1124/1124 1296/1296/1296
f 1125/1125/1125 1296/1296/1296 1295/1295/1295
f 1086/1086/1086 1297/1297/1297 1298/1298/1298
f 1086/1086/1086 1298/1298/1298 1085/1085/1085
f 1082/1082/1082 1299/1299/1299 1300/1300/1300
f 1082/1082/1082 1300/1300/1300 1081/1081/1081
f 1176/1176/1176 1208/1208/1208 1302/1302/1302
f 1176/1176/1176 1302/1302/1302 1301/1301/1301
f 1235/1235/1235 1303/1303/1303 1299/1299/1299
f 1235/1235/1235 1299/1299/1299 1082/1082/1082
f 1192/1192/1192 1290/1290/1290 1297/1297/1297
f 1192/1192/1192 1297/1297/1297 1086/1086/1086
f 1236/1236/1236 1304/1304/1304 1303/1303/1303
f 1236/1236/1236 1303/1303/1303 1235/1235/1235
f 1124/1124/1124 1176/1176/1176 1301/1301/1301
f 1124/1124/1124 1301/1301/1301 1296/1296/1296
f 1164/1164/1164 1125/1125/1125 1306/1306/1306
f 1164/1164/1164 1306/1306/1306 1305/1305/1305
f 1081/1081/1081 1300/1300/1300 1293/1293/1293
f 1081/1081/1081 1293/1293/1293 1256/1256/1256
f 1207/1207/1207 1269/1269/1269 1294/1294/1294
f 1207/1207/1207 1294/1294/1294 1307/1307/1307
f 1085/1085/1085 1298/1298/1298 1304/1304/1304
f 1085/1085/1085 1304/1304/1304 1236/1236/1236
f 1134/1134/1134 1308/1308/1308 1318/1318/1318
f 1134/1134/1134 1318/1318/1318 1305/1305/1305
f 1312/1312/1312 1279/1279/1279 1128/1128/1128
f 1312/1312/1312 1128/1128/1128 1320/1320/1320
f 1308/1308/1308 1309/1309/1309 1322/1322/1322
f 1308/1308/1308 1322/1322/1322 1318/1318/1318
f 1312/1312/1312 1320/1320/1320 1322/1322/1322
f 1312/1312/1312 1322/1322/1322 1309/1309/1309
f 1281/1281/1281 1284/1284/1284 1215/1215/1215
f 1281/1281/1281 1215/1215/1215 1174/1174/1174
f 1208/1208/1208 1207/1207/1207 1307/1307/1307
f 1208/1208/1208 1307/1307/1307 1302/1302/1302
f 740/740/740 1531/1531/1531 1532/1532/1532
f 740/740/740 1532/1532/1532 741/741/741
f 1533/1533/1533 1534/1534/1534 1535/1535/1535
f 1533/1533/1533 1535/1535/1535 1536/1536/1536
f 1537/1537/1537 1040/1040/1040 1045/1045/1045
f 1537/1537/1537 1045/1045/1045 1538/1538/1538
f 1539/1539/1539 1540/1540/1540 1084/1084/1084
f 1539/1539/1539 1084/1084/1084 1541/1541/1541
f 144/144/144 1542/1542/1542 1543/1543/1543
f 144/144/144 1543/1543/1543 145/145/145
f 1544/1544/1544 1545/1545/1545 1546/1546/1546
f 1544/1544/1544 1546/1546/1546 1547/1547/1547
f 1040/1040/1040 1537/1537/1537 1548/1548/1548
f 1040/1040/1040 1548/1548/1548 1041/1041/1041
f 1549/1549/1549 1048/1048/1048 1041/1041/1041
f 1549/1549/1549 1041/1041/1041 1548/1548/1548
f 1550/1550/1550 1551/1551/1551 1552/1552/1552
f 1550/1550/1550 1552/1552/1552 1553/1553/1553
f 1540/1540/1540 1539/1539/1539 1551/1551/1551
f 1540/1540/1540 1551/1551/1551 1550/1550/1550
f 1554/1554/1554 1555/1555/1555 1556/1556/1556
f 1554/1554/1554 1556/1556/1556 1557/1557/1557
f 1542/1542/1542 144/144/144 1473/1473/1473
f 1542/1542/1542 1473/1473/1473 1558/1558/1558
f 1559/1559/1559 1560/1560/1560 1536/1536/1536
f 1559/1559/1559 1536/1536/1536 1535/1535/1535
f 1561/1561/1561 440/440/440 445/445/445
f 1561/1561/1561 445/445/445 1562/1562/1562
f 1547/1547/1547 1546/1546/1546 1563/1563/1563
f 1547/1547/1547 1563/1563/1563 1564/1564/1564
f 1565/1565/1565 1566/1566/1566 1553/1553/1553
f 1565/1565/1565 1553/1553/1553 1552/1552/1552
f 1545/1545/1545 1544/1544/1544 1567/1567/1567
f 1545/1545/1545 1567/1567/1567 1568/1568/1568
f 1569/1569/1569 1570/1570/1570 1557/1557/1557
f 1569/1569/1569 1557/1557/1557 1556/1556/1556
f 440/440/440 1561/1561/1561 1571/1571/1571
f 440/440/440 1571/1571/1571 441/441/441
f 1572/1572/1572 140/140/140 145/145/145
f 1572/1572/1572 145/145/145 1543/1543/1543
f 1558/1558/1558 1473/1473/1473 1573/1573/1573
f 1558/1558/1558 1573/1573/1573 1574/1574/1574
f 1541/1541/1541 1084/1084/1084 1049/1049/1049
f 1541/1541/1541 1049/1049/1049 1575/1575/1575
f 1048/1048/1048 1549/1549/1549 1575/1575/1575
f 1048/1048/1048 1575/1575/1575 1049/1049/1049
f 1576/1576/1576 1577/1577/1577 1564/1564/1564
f 1576/1576/1576 1564/1564/1564 1563/1563/1563
f 1531/1531/1531 740/740/740 745/745/745
f 1531/1531/1531 745/745/745 1578/1578/1578
f 140/140/140 1572/1572/1572 1579/1579/1579
f 140/140/140 1579/1579/1579 141/141/141
f 1580/1580/1580 1569/1569/1569 1556/1556/1556
f 1580/1580/1580 1556/1556/1556 1581/1581/1581
f 1582/1582/1582 1583/1583/1583 1584/1584/1584
f 1582/1582/1582 1584/1584/1584 1585/1585/1585
f 1586/1586/1586 1565/1565/1565 1552/1552/1552
f 1586/1586/1586 1552/1552/1552 1587/1587/1587
f 1588/1588/1588 1589/1589/1589 1590/1590/1590
f 1588/1588/1588 1590/1590/1590 1591/1591/1591
f 1592/1592/1592 1559/1559/1559 1535/1535/1535
f 1592/1592/1592 1535/1535/1535 1585/1585/1585
f 1593/1593/1593 1594/1594/1594 1595/1595/1595
f 1593/1593/1593 1595/1595/1595 1581/1581/1581
f 1596/1596/1596 1597/1597/1597 1598/1598/1598
f 1596/1596/1596 1598/1598/1598 1599/1599/1599
f 1600/1600/1600 1597/1597/1597 1601/1601/1601
f 1600/1600/1600 1601/1601/1601 1602/1602/1602
f 1594/1594/1594 1603/1603/1603 1604/1604/1604
f 1594/1594/1594 1604/1604/1604 1605/1605/1605
f 748/748/748 741/741/741 1532/1532/1532
f 748/748/748 1532/1532/1532 1606/1606/1606
f 1600/1600/1600 1607/1607/1607 1598/1598/1598
f 1600/1600/1600 1598/1598/1598 1597/1597/1597
f 1600/1600/1600 1608/1608/1608 1609/1609/1609
f 1600/1600/1600 1609/1609/1609 1607/1607/1607
f 1583/1583/1583 1610/1610/1610 1611/1611/1611
f 1583/1583/1583 1611/1611/1611 1584/1584/1584
f 1612/1612/1612 1613/1613/1613 1614/1614/1614
f 1612/1612/1612 1614/1614/1614 1615/1615/1615
f 1602/1602/1602 1601/1601/1601 1584/1584/1584
f 1602/1602/1602 1584/1584/1584 1611/1611/1611
f 1616/1616/1616 1578/1578/1578 745/745/745
f 1616/1616/1616 745/745/745 744/744/744
f 1617/1617/1617 1618/1618/1618 1619/1619/1619
f 1617/1617/1617 1619/1619/1619 1605/1605/1605
f 1620/1620/1620 1602/1602/1602 1611/1611/1611
f 1620/1620/1620 1611/1611/1611 1621/1621/1621
f 1605/1605/1605 1619/1619/1619 1595/1595/1595
f 1605/1605/1605 1595/1595/1595 1594/1594/1594
f 1610/1610/1610 1622/1622/1622 1621/1621/1621
f 1610/1610/1610 1621/1621/1621 1611/1611/1611
f 1623/1623/1623 1624/1624/1624 1625/1625/1625
f 1623/1623/1623 1625/1625/1625 1626/1626/1626
f 1627/1627/1627 1628/1628/1628 1629/1629/1629
f 1627/1627/1627 1629/1629/1629 1630/1630/1630
f 1624/1624/1624 1623/1623/1623 1631/1631/1631
f 1624/1624/1624 1631/1631/1631 1632/1632/1632
f 1630/1630/1630 1629/1629/1629 1633/1633/1633
f 1630/1630/1630 1633/1633/1633 1634/1634/1634
f 1635/1635/1635 1636/1636/1636 1634/1634/1634
f 1635/1635/1635 1634/1634/1634 1633/1633/1633
f 1637/1637/1637 1638/1638/1638 1639/1639/1639
f 1637/1637/1637 1639/1639/1639 1640/1640/1640
f 1641/1641/1641 1642/1642/1642 1636/1636/1636
f 1641/1641/1641 1636/1636/1636 1635/1635/1635
f 1638/1638/1638 1643/1643/1643 1644/1644/1644
f 1638/1638/1638 1644/1644/1644 1639/1639/1639
f 1628/1628/1628 1627/1627/1627 1645/1645/1645
f 1628/1628/1628 1645/1645/1645 1646/1646/1646
f 1647/1647/1647 1648/1648/1648 1649/1649/1649
f 1647/1647/1647 1649/1649/1649 1650/1650/1650
f 1651/1651/1651 1652/1652/1652 1653/1653/1653
f 1651/1651/1651 1653/1653/1653 1654/1654/1654
f 1655/1655/1655 1656/1656/1656 1657/1657/1657
f 1655/1655/1655 1657/1657/1657 1658/1658/1658
f 1650/1650/1650 1649/1649/1649 1659/1659/1659
f 1650/1650/1650 1659/1659/1659 1660/1660/1660
f 1645/1645/1645 1661/1661/1661 1662/1662/1662
f 1645/1645/1645 1662/1662/1662 1663/1663/1663
f 448/448/448 441/441/441 1571/1571/1571
f 448/448/448 1571/1571/1571 1664/1664/1664
f 1654/1654/1654 1653/1653/1653 1665/1665/1665
f 1654/1654/1654 1665/1665/1665 1658/1658/1658
f 1666/1666/1666 1667/1667/1667 1656/1656/1656
f 1666/1666/1666 1656/1656/1656 1655/1655/1655
f 1651/1651/1651 1668/1668/1668 1648/1648/1648
f 1651/1651/1651 1648/1648/1648 1647/1647/1647
f 1669/1669/1669 1630/1630/1630 1634/1634/1634
f 1669/1669/1669 1634/1634/1634 1670/1670/1670
f 1663/1663/1663 1662/1662/1662 1671/1671/1671
f 1663/1663/1663 1671/1671/1671 1672/1672/1672
f 1673/1673/1673 1674/1674/1674 1625/1625/1625
f 1673/1673/1673 1625/1625/1625 1624/1624/1624
f 1646/1646/1646 1645/1645/1645 1663/1663/1663
f 1646/1646/1646 1663/1663/1663 1675/1675/1675
f 1625/1625/1625 1674/1674/1674 1676/1676/1676
f 1625/1625/1625 1676/1676/1676 1642/1642/1642
f 284/284/284 139/139/139 142/142/142
f 284/284/284 142/142/142 285/285/285
f 293/293/293 143/143/143 146/146/146
f 293/293/293 146/146/146 294/294/294
f 297/297/297 147/147/147 150/150/150
f 297/297/297 150/150/150 179/179/179
f 1545/1545/1545 1568/1568/1568 174/174/174
f 1545/1545/1545 174/174/174 173/173/173
f 180/180/180 179/179/179 150/150/150
f 180/180/180 150/150/150 183/183/183
f 1573/1573/1573 1473/1473/1473 192/192/192
f 1573/1573/1573 192/192/192 191/191/191
f 294/294/294 146/146/146 139/139/139
f 294/294/294 139/139/139 284/284/284
f 1576/1576/1576 1563/1563/1563 256/256/256
f 1576/1576/1576 256/256/256 255/255/255
f 1563/1563/1563 1546/1546/1546 372/372/372
f 1563/1563/1563 372/372/372 256/256/256
f 1677/1677/1677 1576/1576/1576 255/255/255
f 1677/1677/1677 255/255/255 388/388/388
f 193/193/193 192/192/192 143/143/143
f 193/193/193 143/143/143 293/293/293
f 285/285/285 142/142/142 147/147/147
f 285/285/285 147/147/147 297/297/297
f 1546/1546/1546 1545/1545/1545 173/173/173
f 1546/1546/1546 173/173/173 372/372/372
f 1678/1678/1678 1677/1677/1677 388/388/388
f 1678/1678/1678 388/388/388 1479/1479/1479
f 1679/1679/1679 1533/1533/1533 555/555/555
f 1679/1679/1679 555/555/555 688/688/688
f 593/593/593 443/443/443 446/446/446
f 593/593/593 446/446/446 594/594/594
f 597/597/597 447/447/447 450/450/450
f 597/597/597 450/450/450 479/479/479
f 480/480/480 479/479/479 450/450/450
f 480/480/480 450/450/450 483/483/483
f 780/780/780 779/779/779 750/750/750
f 780/780/780 750/750/750 783/783/783
f 1680/1680/1680 1681/1681/1681 474/474/474
f 1680/1680/1680 474/474/474 473/473/473
f 1682/1682/1682 1554/1554/1554 855/855/855
f 1682/1682/1682 855/855/855 988/988/988
f 1557/1557/1557 1570/1570/1570 972/972/972
f 1557/1557/1557 972/972/972 856/856/856
f 1533/1533/1533 1536/1536/1536 556/556/556
f 1533/1533/1533 556/556/556 555/555/555
f 894/894/894 746/746/746 739/739/739
f 894/894/894 739/739/739 884/884/884
f 1560/1560/1560 1680/1680/1680 473/473/473
f 1560/1560/1560 473/473/473 672/672/672
f 585/585/585 442/442/442 447/447/447
f 585/585/585 447/447/447 597/597/597
f 897/897/897 747/747/747 750/750/750
f 897/897/897 750/750/750 779/779/779
f 493/493/493 492/492/492 443/443/443
f 493/493/493 443/443/443 593/593/593
f 893/893/893 743/743/743 746/746/746
f 893/893/893 746/746/746 894/894/894
f 1683/1683/1683 1679/1679/1679 688/688/688
f 1683/1683/1683 688/688/688 1497/1497/1497
f 1536/1536/1536 1560/1560/1560 672/672/672
f 1536/1536/1536 672/672/672 556/556/556
f 1553/1553/1553 1566/1566/1566 1274/1274/1274
f 1553/1553/1553 1274/1274/1274 1154/1154/1154
f 594/594/594 446/446/446 439/439/439
f 594/594/594 439/439/439 584/584/584
f 1684/1684/1684 1474/1474/1474 492/492/492
f 1684/1684/1684 492/492/492 491/491/491
f 1570/1570/1570 1685/1685/1685 773/773/773
f 1570/1570/1570 773/773/773 972/972/972
f 584/584/584 439/439/439 442/442/442
f 584/584/584 442/442/442 585/585/585
f 1686/1686/1686 1682/1682/1682 988/988/988
f 1686/1686/1686 988/988/988 1515/1515/1515
f 1550/1550/1550 1553/1553/1553 1154/1154/1154
f 1550/1550/1550 1154/1154/1154 1153/1153/1153
f 1685/1685/1685 1687/1687/1687 774/774/774
f 1685/1685/1685 774/774/774 773/773/773
f 1186/1186/1186 1039/1039/1039 1042/1042/1042
f 1186/1186/1186 1042/1042/1042 1187/1187/1187
f 1688/1688/1688 1689/1689/1689 1074/1074/1074
f 1688/1688/1688 1074/1074/1074 1073/1073/1073
f 1195/1195/1195 1043/1043/1043 1046/1046/1046
f 1195/1195/1195 1046/1046/1046 1196/1196/1196
f 885/885/885 742/742/742 747/747/747
f 885/885/885 747/747/747 897/897/897
f 1690/1690/1690 1475/1475/1475 792/792/792
f 1690/1690/1690 792/792/792 791/791/791
f 884/884/884 739/739/739 742/742/742
f 884/884/884 742/742/742 885/885/885
f 793/793/793 792/792/792 743/743/743
f 793/793/793 743/743/743 893/893/893
f 1554/1554/1554 1557/1557/1557 856/856/856
f 1554/1554/1554 856/856/856 855/855/855
f 1187/1187/1187 1042/1042/1042 1047/1047/1047
f 1187/1187/1187 1047/1047/1047 1199/1199/1199
f 1196/1196/1196 1046/1046/1046 1039/1039/1039
f 1196/1196/1196 1039/1039/1039 1186/1186/1186
f 1566/1566/1566 1688/1688/1688 1073/1073/1073
f 1566/1566/1566 1073/1073/1073 1274/1274/1274
f 1540/1540/1540 1550/1550/1550 1153/1153/1153
f 1540/1540/1540 1153/1153/1153 1291/1291/1291
f 1093/1093/1093 1092/1092/1092 1043/1043/1043
f 1093/1093/1093 1043/1043/1043 1195/1195/1195
f 1084/1084/1084 1540/1540/1540 1291/1291/1291
f 1084/1084/1084 1291/1291/1291 1083/1083/1083
f 1691/1691/1691 1476/1476/1476 1092/1092/1092
f 1691/1691/1691 1092/1092/1092 1091/1091/1091
f 1199/1199/1199 1047/1047/1047 1050/1050/1050
f 1199/1199/1199 1050/1050/1050 1079/1079/1079
f 1080/1080/1080 1079/1079/1079 1050/1050/1050
f 1080/1080/1080 1050/1050/1050 1083/1083/1083
f 1692/1692/1692 110/110/110 109/109/109
f 1692/1692/1692 109/109/109 1693/1693/1693
f 1694/1694/1694 111/111/111 112/112/112
f 1694/1694/1694 112/112/112 1695/1695/1695
f 1696/1696/1696 113/113/113 114/114/114
f 1696/1696/1696 114/114/114 1697/1697/1697
f 1695/1695/1695 112/112/112 115/115/115
f 1695/1695/1695 115/115/115 1698/1698/1698
f 116/116/116 1699/1699/1699 1700/1700/1700
f 116/116/116 1700/1700/1700 117/117/117
f 118/118/118 1701/1701/1701 1702/1702/1702
f 118/118/118 1702/1702/1702 119/119/119
f 1698/1698/1698 115/115/115 119/119/119
f 1698/1698/1698 119/119/119 1702/1702/1702
f 117/117/117 1700/1700/1700 1693/1693/1693
f 117/117/117 1693/1693/1693 109/109/109
f 1703/1703/1703 121/121/121 120/120/120
f 1703/1703/1703 120/120/120 1704/1704/1704
f 1705/1705/1705 122/122/122 113/113/113
f 1705/1705/1705 113/113/113 1696/1696/1696
f 122/122/122 1705/1705/1705 1706/1706/1706
f 122/122/122 1706/1706/1706 123/123/123
f 1704/1704/1704 120/120/120 124/124/124
f 1704/1704/1704 124/124/124 1707/1707/1707
f 1697/1697/1697 114/114/114 125/125/125
f 1697/1697/1697 125/125/125 1708/1708/1708
f 123/123/123 1706/1706/1706 1709/1709/1709
f 123/123/123 1709/1709/1709 126/126/126
f 1707/1707/1707 124/124/124 110/110/110
f 1707/1707/1707 110/110/110 1692/1692/1692
f 1708/1708/1708 125/125/125 111/111/111
f 1708/1708/1708 111/111/111 1694/1694/1694
f 1710/1710/1710 1698/1698/1698 1702/1702/1702
f 1710/1710/1710 1702/1702/1702 1711/1711/1711
f 1700/1700/1700 1712/1712/1712 1713/1713/1713
f 1700/1700/1700 1713/1713/1713 1693/1693/1693
f 1714/1714/1714 1703/1703/1703 1704/1704/1704
f 1714/1714/1714 1704/1704/1704 1715/1715/1715
f 1716/1716/1716 1705/1705/1705 1696/1696/1696
f 1716/1716/1716 1696/1696/1696 1717/1717/1717
f 1705/1705/1705 1716/1716/1716 1718/1718/1718
f 1705/1705/1705 1718/1718/1718 1706/1706/1706
f 1715/1715/1715 1704/1704/1704 1707/1707/1707
f 1715/1715/1715 1707/1707/1707 1719/1719/1719
f 1720/1720/1720 1697/1697/1697 1708/1708/1708
f 1720/1720/1720 1708/1708/1708 1721/1721/1721
f 1706/1706/1706 1718/1718/1718 1722/1722/1722
f 1706/1706/1706 1722/1722/1722 1709/1709/1709
f 1719/1719/1719 1707/1707/1707 1692/1692/1692
f 1719/1719/1719 1692/1692/1692 1723/1723/1723
f 1721/1721/1721 1708/1708/1708 1694/1694/1694
f 1721/1721/1721 1694/1694/1694 1724/1724/1724
f 1723/1723/1723 1692/1692/1692 1693/1693/1693
f 1723/1723/1723 1693/1693/1693 1713/1713/1713
f 1724/1724/1724 1694/1694/1694 1695/1695/1695
f 1724/1724/1724 1695/1695/1695 1725/1725/1725
f 1717/1717/1717 1696/1696/1696 1697/1697/1697
f 1717/1717/1717 1697/1697/1697 1720/1720/1720
f 1725/1725/1725 1695/1695/1695 1698/1698/1698
f 1725/1725/1725 1698/1698/1698 1710/1710/1710
f 1699/1699/1699 1726/1726/1726 1712/1712/1712
f 1699/1699/1699 1712/1712/1712 1700/1700/1700
f 1701/1701/1701 1727/1727/1727 1711/1711/1711
f 1701/1701/1701 1711/1711/1711 1702/1702/1702
f 1728/1728/1728 1714/1714/1714 1715/1715/1715
f 1728/1728/1728 1715/1715/1715 1729/1729/1729
f 1730/1730/1730 1716/1716/1716 1717/1717/1717
f 1730/1730/1730 1717/1717/1717 1731/1731/1731
f 1716/1716/1716 1730/1730/1730 1732/1732/1732
f 1716/1716/1716 1732/1732/1732 1718/1718/1718
f 1729/1729/1729 1715/1715/1715 1719/1719/1719
f 1729/1729/1729 1719/1719/1719 1733/1733/1733
f 1734/1734/1734 1720/1720/1720 1721/1721/1721
f 1734/1734/1734 1721/1721/1721 1735/1735/1735
f 1718/1718/1718 1732/1732/1732 1736/1736/1736
f 1718/1718/1718 1736/1736/1736 1722/1722/1722
f 1733/1733/1733 1719/1719/1719 1723/1723/1723
f 1733/1733/1733 1723/1723/1723 1737/1737/1737
f 1735/1735/1735 1721/1721/1721 1724/1724/1724
f 1735/1735/1735 1724/1724/1724 1738/1738/1738
f 1737/1737/1737 1723/1723/1723 1713/1713/1713
f 1737/1737/1737 1713/1713/1713 1739/1739/1739
f 1738/1738/1738 1724/1724/1724 1725/1725/1725
f 1738/1738/1738 1725/1725/1725 1740/1740/1740
f 1731/1731/1731 1717/1717/1717 1720/1720/1720
f 1731/1731/1731 1720/1720/1720 1734/1734/1734
f 1740/1740/1740 1725/1725/1725 1710/1710/1710
f 1740/1740/1740 1710/1710/1710 1741/1741/1741
f 1726/1726/1726 1742/1742/1742 1743/1743/1743
f 1726/1726/1726 1743/1743/1743 1712/1712/1712
f 1727/1727/1727 1744/1744/1744 1745/1745/1745
f 1727/1727/1727 1745/1745/1745 1711/1711/1711
f 1741/1741/1741 1710/1710/1710 1711/1711/1711
f 1741/1741/1741 1711/1711/1711 1745/1745/1745
f 1712/1712/1712 1743/1743/1743 1739/1739/1739
f 1712/1712/1712 1739/1739/1739 1713/1713/1713
f 1746/1746/1746 1729/1729/1729 1733/1733/1733
f 1746/1746/1746 1733/1733/1733 1747/1747/1747
f 1748/1748/1748 1734/1734/1734 1735/1735/1735
f 1748/1748/1748 1735/1735/1735 1749/1749/1749
f 1732/1732/1732 1750/1750/1750 1751/1751/1751
f 1732/1732/1732 1751/1751/1751 1736/1736/1736
f 1747/1747/1747 1733/1733/1733 1737/1737/1737
f 1747/1747/1747 1737/1737/1737 1752/1752/1752
f 1749/1749/1749 1735/1735/1735 1738/1738/1738
f 1749/1749/1749 1738/1738/1738 1753/1753/1753
f 1752/1752/1752 1737/1737/1737 1739/1739/1739
f 1752/1752/1752 1739/1739/1739 1754/1754/1754
f 1753/1753/1753 1738/1738/1738 1740/1740/1740
f 1753/1753/1753 1740/1740/1740 1755/1755/1755
f 1756/1756/1756 1731/1731/1731 1734/1734/1734
f 1756/1756/1756 1734/1734/1734 1748/1748/1748
f 1755/1755/1755 1740/1740/1740 1741/1741/1741
f 1755/1755/1755 1741/1741/1741 1757/1757/1757
f 1742/1742/1742 1758/1758/1758 1759/1759/1759
f 1742/1742/1742 1759/1759/1759 1743/1743/1743
f 1744/1744/1744 1760/1760/1760 1761/1761/1761
f 1744/1744/1744 1761/1761/1761 1745/1745/1745
f 1757/1757/1757 1741/1741/1741 1745/1745/1745
f 1757/1757/1757 1745/1745/1745 1761/1761/1761
f 1743/1743/1743 1759/1759/1759 1754/1754/1754
f 1743/1743/1743 1754/1754/1754 1739/1739/1739
f 1762/1762/1762 1728/1728/1728 1729/1729/1729
f 1762/1762/1762 1729/1729/1729 1746/1746/1746
f 1763/1763/1763 1730/1730/1730 1731/1731/1731
f 1763/1763/1763 1731/1731/1731 1756/1756/1756
f 1730/1730/1730 1763/1763/1763 1732/1732/1732
f 1763/1763/1763 1750/1750/1750 1732/1732/1732
f 1764/1764/1764 1762/1762/1762 1746/1746/1746
f 1764/1764/1764 1746/1746/1746 1765/1765/1765
f 1766/1766/1766 1763/1763/1763 1756/1756/1756
f 1766/1766/1766 1756/1756/1756 1767/1767/1767
f 1763/1763/1763 1766/1766/1766 1768/1768/1768
f 1763/1763/1763 1768/1768/1768 1750/1750/1750
f 1765/1765/1765 1746/1746/1746 1747/1747/1747
f 1765/1765/1765 1747/1747/1747 1769/1769/1769
f 1770/1770/1770 1748/1748/1748 1749/1749/1749
f 1770/1770/1770 1749/1749/1749 1771/1771/1771
f 1750/1750/1750 1768/1768/1768 1772/1772/1772
f 1750/1750/1750 1772/1772/1772 1751/1751/1751
f 1769/1769/1769 1747/1747/1747 1752/1752/1752
f 1769/1769/1769 1752/1752/1752 1773/1773/1773
f 1771/1771/1771 1749/1749/1749 1753/1753/1753
f 1771/1771/1771 1753/1753/1753 1774/1774/1774
f 1773/1773/1773 1752/1752/1752 1754/1754/1754
f 1773/1773/1773 1754/1754/1754 1775/1775/1775
f 1774/1774/1774 1753/1753/1753 1755/1755/1755
f 1774/1774/1774 1755/1755/1755 1776/1776/1776
f 1767/1767/1767 1756/1756/1756 1748/1748/1748
f 1767/1767/1767 1748/1748/1748 1770/1770/1770
f 1776/1776/1776 1755/1755/1755 1757/1757/1757
f 1776/1776/1776 1757/1757/1757 1777/1777/1777
f 1758/1758/1758 1778/1778/1778 1779/1779/1779
f 1758/1758/1758 1779/1779/1779 1759/1759/1759
f 1760/1760/1760 1780/1780/1780 1781/1781/1781
f 1760/1760/1760 1781/1781/1781 1761/1761/1761
f 1777/1777/1777 1757/1757/1757 1761/1761/1761
f 1777/1777/1777 1761/1761/1761 1781/1781/1781
f 1759/1759/1759 1779/1779/1779 1775/1775/1775
f 1759/1759/1759 1775/1775/1775 1754/1754/1754
f 1782/1782/1782 1765/1765/1765 1769/1769/1769
f 1782/1782/1782 1769/1769/1769 1783/1783/1783
f 1784/1784/1784 1770/1770/1770 1771/1771/1771
f 1784/1784/1784 1771/1771/1771 1785/1785/1785
f 1768/1768/1768 1786/1786/1786 1787/1787/1787
f 1768/1768/1768 1787/1787/1787 1772/1772/1772
f 1783/1783/1783 1769/1769/1769 1773/1773/1773
f 1783/1783/1783 1773/1773/1773 1788/1788/1788
f 1785/1785/1785 1771/1771/1771 1774/1774/1774
f 1785/1785/1785 1774/1774/1774 1789/1789/1789
f 1788/1788/1788 1773/1773/1773 1775/1775/1775
f 1788/1788/1788 1775/1775/1775 1790/1790/1790
f 1789/1789/1789 1774/1774/1774 1776/1776/1776
f 1789/1789/1789 1776/1776/1776 1791/1791/1791
f 1792/1792/1792 1767/1767/1767 1770/1770/1770
f 1792/1792/1792 1770/1770/1770 1784/1784/1784
f 1791/1791/1791 1776/1776/1776 1777/1777/1777
f 1791/1791/1791 1777/1777/1777 1793/1793/1793
f 1778/1778/1778 1794/1794/1794 1795/1795/1795
f 1778/1778/1778 1795/1795/1795 1779/1779/1779
f 1780/1780/1780 1796/1796/1796 1797/1797/1797
f 1780/1780/1780 1797/1797/1797 1781/1781/1781
f 1793/1793/1793 1777/1777/1777 1781/1781/1781
f 1793/1793/1793 1781/1781/1781 1797/1797/1797
f 1779/1779/1779 1795/1795/1795 1790/1790/1790
f 1779/1779/1779 1790/1790/1790 1775/1775/1775
f 1798/1798/1798 1764/1764/1764 1765/1765/1765
f 1798/1798/1798 1765/1765/1765 1782/1782/1782
f 1799/1799/1799 1766/1766/1766 1767/1767/1767
f 1799/1799/1799 1767/1767/1767 1792/1792/1792
f 1766/1766/1766 1799/1799/1799 1786/1786/1786
f 1766/1766/1766 1786/1786/1786 1768/1768/1768
f 1800/1800/1800 1783/1783/1783 1788/1788/1788
f 1800/1800/1800 1788/1788/1788 1801/1801/1801
f 1802/1802/1802 1785/1785/1785 1789/1789/1789
f 1802/1802/1802 1789/1789/1789 1803/1803/1803
f 1801/1801/1801 1788/1788/1788 1790/1790/1790
f 1801/1801/1801 1790/1790/1790 1804/1804/1804
f 1803/1803/1803 1789/1789/1789 1791/1791/1791
f 1803/1803/1803 1791/1791/1791 1805/1805/1805
f 1806/1806/1806 1792/1792/1792 1784/1784/1784
f 1806/1806/1806 1784/1784/1784 1807/1807/1807
f 1805/1805/1805 1791/1791/1791 1793/1793/1793
f 1805/1805/1805 1793/1793/1793 1808/1808/1808
f 1794/1794/1794 1809/1809/1809 1810/1810/1810
f 1794/1794/1794 1810/1810/1810 1795/1795/1795
f 1796/1796/1796 1811/1811/1811 1812/1812/1812
f 1796/1796/1796 1812/1812/1812 1797/1797/1797
f 1808/1808/1808 1793/1793/1793 1797/1797/1797
f 1808/1808/1808 1797/1797/1797 1812/1812/1812
f 1795/1795/1795 1810/1810/1810 1804/1804/1804
f 1795/1795/1795 1804/1804/1804 1790/1790/1790
f 1813/1813/1813 1798/1798/1798 1782/1782/1782
f 1813/1813/1813 1782/1782/1782 1814/1814/1814
f 1815/1815/1815 1799/1799/1799 1792/1792/1792
f 1815/1815/1815 1792/1792/1792 1806/1806/1806
f 1799/1799/1799 1815/1815/1815 1816/1816/1816
f 1799/1799/1799 1816/1816/1816 1786/1786/1786
f 1814/1814/1814 1782/1782/1782 1783/1783/1783
f 1814/1814/1814 1783/1783/1783 1800/1800/1800
f 1807/1807/1807 1784/1784/1784 1785/1785/1785
f 1807/1807/1807 1785/1785/1785 1802/1802/1802
f 1786/1786/1786 1816/1816/1816 1817/1817/1817
f 1786/1786/1786 1817/1817/1817 1787/1787/1787
f 1818/1818/1818 1801/1801/1801 1804/1804/1804
f 1818/1818/1818 1804/1804/1804 1819/1819/1819
f 1820/1820/1820 1803/1803/1803 1805/1805/1805
f 1820/1820/1820 1805/1805/1805 1821/1821/1821
f 1822/1822/1822 1806/1806/1806 1807/1807/1807
f 1822/1822/1822 1807/1807/1807 1823/1823/1823
f 1821/1821/1821 1805/1805/1805 1808/1808/1808
f 1821/1821/1821 1808/1808/1808 1824/1824/1824
f 1809/1809/1809 1825/1825/1825 1826/1826/1826
f 1809/1809/1809 1826/1826/1826 1810/1810/1810
f 1811/1811/1811 1827/1827/1827 1828/1828/1828
f 1811/1811/1811 1828/1828/1828 1812/1812/1812
f 1824/1824/1824 1808/1808/1808 1812/1812/1812
f 1824/1824/1824 1812/1812/1812 1828/1828/1828
f 1810/1810/1810 1826/1826/1826 1819/1819/1819
f 1810/1810/1810 1819/1819/1819 1804/1804/1804
f 1829/1829/1829 1813/1813/1813 1814/1814/1814
f 1829/1829/1829 1814/1814/1814 1830/1830/1830
f 1831/1831/1831 1815/1815/1815 1806/1806/1806
f 1831/1831/1831 1806/1806/1806 1822/1822/1822
f 1815/1815/1815 1831/1831/1831 1832/1832/1832
f 1815/1815/1815 1832/1832/1832 1816/1816/1816
f 1830/1830/1830 1814/1814/1814 1800/1800/1800
f 1830/1830/1830 1800/1800/1800 1833/1833/1833
f 1823/1823/1823 1807/1807/1807 1802/1802/1802
f 1823/1823/1823 1802/1802/1802 1834/1834/1834
f 1816/1816/1816 1832/1832/1832 1835/1835/1835
f 1816/1816/1816 1835/1835/1835 1817/1817/1817
f 1833/1833/1833 1800/1800/1800 1801/1801/1801
f 1833/1833/1833 1801/1801/1801 1818/1818/1818
f 1834/1834/1834 1802/1802/1802 1803/1803/1803
f 1834/1834/1834 1803/1803/1803 1820/1820/1820
f 1836/1836/1836 1822/1822/1822 1823/1823/1823
f 1836/1836/1836 1823/1823/1823 1837/1837/1837
f 1838/1838/1838 1821/1821/1821 1824/1824/1824
f 1838/1838/1838 1824/1824/1824 1839/1839/1839
f 1825/1825/1825 1840/1840/1840 1841/1841/1841
f 1825/1825/1825 1841/1841/1841 1826/1826/1826
f 1827/1827/1827 1842/1842/1842 1843/1843/1843
f 1827/1827/1827 1843/1843/1843 1828/1828/1828
f 1839/1839/1839 1824/1824/1824 1828/1828/1828
f 1839/1839/1839 1828/1828/1828 1843/1843/1843
f 1826/1826/1826 1841/1841/1841 1844/1844/1844
f 1826/1826/1826 1844/1844/1844 1819/1819/1819
f 1845/1845/1845 1829/1829/1829 1830/1830/1830
f 1845/1845/1845 1830/1830/1830 1846/1846/1846
f 1847/1847/1847 1831/1831/1831 1822/1822/1822
f 1847/1847/1847 1822/1822/1822 1836/1836/1836
f 1831/1831/1831 1847/1847/1847 1848/1848/1848
f 1831/1831/1831 1848/1848/1848 1832/1832/1832
f 1846/1846/1846 1830/1830/1830 1833/1833/1833
f 1846/1846/1846 1833/1833/1833 1849/1849/1849
f 1837/1837/1837 1823/1823/1823 1834/1834/1834
f 1837/1837/1837 1834/1834/1834 1850/1850/1850
f 1832/1832/1832 1848/1848/1848 1851/1851/1851
f 1832/1832/1832 1851/1851/1851 1835/1835/1835
f 1849/1849/1849 1833/1833/1833 1818/1818/1818
f 1849/1849/1849 1818/1818/1818 1852/1852/1852
f 1850/1850/1850 1834/1834/1834 1820/1820/1820
f 1850/1850/1850 1820/1820/1820 1853/1853/1853
f 1852/1852/1852 1818/1818/1818 1819/1819/1819
f 1852/1852/1852 1819/1819/1819 1844/1844/1844
f 1853/1853/1853 1820/1820/1820 1821/1821/1821
f 1853/1853/1853 1821/1821/1821 1838/1838/1838
f 1842/1842/1842 1854/1854/1854 1855/1855/1855
f 1842/1842/1842 1855/1855/1855 1843/1843/1843
f 1856/1856/1856 1839/1839/1839 1843/1843/1843
f 1856/1856/1856 1843/1843/1843 1855/1855/1855
f 1841/1841/1841 1857/1857/1857 1858/1858/1858
f 1841/1841/1841 1858/1858/1858 1844/1844/1844
f 1859/1859/1859 1845/1845/1845 1846/1846/1846
f 1859/1859/1859 1846/1846/1846 1860/1860/1860
f 1861/1861/1861 1847/1847/1847 1836/1836/1836
f 1861/1861/1861 1836/1836/1836 1862/1862/1862
f 1847/1847/1847 1861/1861/1861 1863/1863/1863
f 1847/1847/1847 1863/1863/1863 1848/1848/1848
f 1860/1860/1860 1846/1846/1846 1849/1849/1849
f 1860/1860/1860 1849/1849/1849 1864/1864/1864
f 1865/1865/1865 1837/1837/1837 1850/1850/1850
f 1865/1865/1865 1850/1850/1850 1866/1866/1866
f 1848/1848/1848 1863/1863/1863 1867/1867/1867
f 1848/1848/1848 1867/1867/1867 1851/1851/1851
f 1864/1864/1864 1849/1849/1849 1852/1852/1852
f 1864/1864/1864 1852/1852/1852 1868/1868/1868
f 1866/1866/1866 1850/1850/1850 1853/1853/1853
f 1866/1866/1866 1853/1853/1853 1869/1869/1869
f 1868/1868/1868 1852/1852/1852 1844/1844/1844
f 1868/1868/1868 1844/1844/1844 1858/1858/1858
f 1869/1869/1869 1853/1853/1853 1838/1838/1838
f 1869/1869/1869 1838/1838/1838 1870/1870/1870
f 1862/1862/1862 1836/1836/1836 1837/1837/1837
f 1862/1862/1862 1837/1837/1837 1865/1865/1865
f 1870/1870/1870 1838/1838/1838 1839/1839/1839
f 1870/1870/1870 1839/1839/1839 1856/1856/1856
f 1840/1840/1840 1871/1871/1871 1857/1857/1857
f 1840/1840/1840 1857/1857/1857 1841/1841/1841
f 1872/1872/1872 1859/1859/1859 1860/1860/1860
f 1872/1872/1872 1860/1860/1860 1873/1873/1873
f 1874/1874/1874 1861/1861/1861 1862/1862/1862
f 1874/1874/1874 1862/1862/1862 1875/1875/1875
f 1861/1861/1861 1874/1874/1874 1876/1876/1876
f 1861/1861/1861 1876/1876/1876 1863/1863/1863
f 1873/1873/1873 1860/1860/1860 1864/1864/1864
f 1873/1873/1873 1864/1864/1864 1877/1877/1877
f 1878/1878/1878 1865/1865/1865 1866/1866/1866
f 1878/1878/1878 1866/1866/1866 1879/1879/1879
f 1863/1863/1863 1876/1876/1876 1880/1880/1880
f 1863/1863/1863 1880/1880/1880 1867/1867/1867
f 1877/1877/1877 1864/1864/1864 1868/1868/1868
f 1877/1877/1877 1868/1868/1868 1881/1881/1881
f 1879/1879/1879 1866/1866/1866 1869/1869/1869
f 1879/1879/1879 1869/1869/1869 1882/1882/1882
f 1881/1881/1881 1868/1868/1868 1858/1858/1858
f 1881/1881/1881 1858/1858/1858 1883/1883/1883
f 1882/1882/1882 1869/1869/1869 1870/1870/1870
f 1882/1882/1882 1870/1870/1870 1884/1884/1884
f 1875/1875/1875 1862/1862/1862 1865/1865/1865
f 1875/1875/1875 1865/1865/1865 1878/1878/1878
f 1884/1884/1884 1870/1870/1870 1856/1856/1856
f 1884/1884/1884 1856/1856/1856 1885/1885/1885
f 1871/1871/1871 1886/1886/1886 1887/1887/1887
f 1871/1871/1871 1887/1887/1887 1857/1857/1857
f 1854/1854/1854 1888/1888/1888 1889/1889/1889
f 1854/1854/1854 1889/1889/1889 1855/1855/1855
f 1885/1885/1885 1856/1856/1856 1855/1855/1855
f 1885/1885/1885 1855/1855/1855 1889/1889/1889
f 1857/1857/1857 1887/1887/1887 1883/1883/1883
f 1857/1857/1857 1883/1883/1883 1858/1858/1858
f 1890/1890/1890 1873/1873/1873 1877/1877/1877
f 1890/1890/1890 1877/1877/1877 1891/1891/1891
f 1892/1892/1892 1878/1878/1878 1879/1879/1879
f 1892/1892/1892 1879/1879/1879 1893/1893/1893
f 1876/1876/1876 1894/1894/1894 1895/1895/1895
f 1876/1876/1876 1895/1895/1895 1880/1880/1880
f 1891/1891/1891 1877/1877/1877 1881/1881/1881
f 1891/1891/1891 1881/1881/1881 1896/1896/1896
f 1893/1893/1893 1879/1879/1879 1882/1882/1882
f 1893/1893/1893 1882/1882/1882 1897/1897/1897
f 1896/1896/1896 1881/1881/1881 1883/1883/1883
f 1896/1896/1896 1883/1883/1883 1898/1898/1898
f 1897/1897/1897 1882/1882/1882 1884/1884/1884
f 1897/1897/1897 1884/1884/1884 1899/1899/1899
f 1900/1900/1900 1875/1875/1875 1878/1878/1878
f 1900/1900/1900 1878/1878/1878 1892/1892/1892
f 1899/1899/1899 1884/1884/1884 1885/1885/1885
f 1899/1899/1899 1885/1885/1885 1901/1901/1901
f 1886/1886/1886 1902/1902/1902 1903/1903/1903
f 1886/1886/1886 1903/1903/1903 1887/1887/1887
f 1888/1888/1888 1904/1904/1904 1905/1905/1905
f 1888/1888/1888 1905/1905/1905 1889/1889/1889
f 1901/1901/1901 1885/1885/1885 1889/1889/1889
f 1901/1901/1901 1889/1889/1889 1905/1905/1905
f 1887/1887/1887 1903/1903/1903 1898/1898/1898
f 1887/1887/1887 1898/1898/1898 1883/1883/1883
f 1906/1906/1906 1872/1872/1872 1873/1873/1873
f 1906/1906/1906 1873/1873/1873 1890/1890/1890
f 1907/1907/1907 1874/1874/1874 1875/1875/1875
f 1907/1907/1907 1875/1875/1875 1900/1900/1900
f 1874/1874/1874 1907/1907/1907 1894/1894/1894
f 1874/1874/1874 1894/1894/1894 1876/1876/1876
f 1908/1908/1908 1891/1891/1891 1896/1896/1896
f 1908/1908/1908 1896/1896/1896 1909/1909/1909
f 1910/1910/1910 1893/1893/1893 1897/1897/1897
f 1910/1910/1910 1897/1897/1897 1911/1911/1911
f 1909/1909/1909 1896/1896/1896 1898/1898/1898
f 1909/1909/1909 1898/1898/1898 1912/1912/1912
f 1911/1911/1911 1897/1897/1897 1899/1899/1899
f 1911/1911/1911 1899/1899/1899 1913/1913/1913
f 1914/1914/1914 1900/1900/1900 1892/1892/1892
f 1914/1914/1914 1892/1892/1892 1915/1915/1915
f 1913/1913/1913 1899/1899/1899 1901/1901/1901
f 1913/1913/1913 1901/1901/1901 1916/1916/1916
f 1902/1902/1902 1917/1917/1917 1918/1918/1918
f 1902/1902/1902 1918/1918/1918 1903/1903/1903
f 1904/1904/1904 1919/1919/1919 1920/1920/1920
f 1904/1904/1904 1920/1920/1920 1905/1905/1905
f 1916/1916/1916 1901/1901/1901 1905/1905/1905
f 1916/1916/1916 1905/1905/1905 1920/1920/1920
f 1903/1903/1903 1918/1918/1918 1912/1912/1912
f 1903/1903/1903 1912/1912/1912 1898/1898/1898
f 1921/1921/1921 1906/1906/1906 1890/1890/1890
f 1921/1921/1921 1890/1890/1890 1922/1922/1922
f 1923/1923/1923 1907/1907/1907 1900/1900/1900
f 1923/1923/1923 1900/1900/1900 1914/1914/1914
f 1907/1907/1907 1923/1923/1923 1924/1924/1924
f 1907/1907/1907 1924/1924/1924 1894/1894/1894
f 1922/1922/1922 1890/1890/1890 1891/1891/1891
f 1922/1922/1922 1891/1891/1891 1908/1908/1908
f 1915/1915/1915 1892/1892/1892 1893/1893/1893
f 1915/1915/1915 1893/1893/1893 1910/1910/1910
f 1894/1894/1894 1924/1924/1924 1925/1925/1925
f 1894/1894/1894 1925/1925/1925 1895/1895/1895
f 1926/1926/1926 1909/1909/1909 1912/1912/1912
f 1926/1926/1926 1912/1912/1912 1927/1927/1927
f 1928/1928/1928 1911/1911/1911 1913/1913/1913
f 1928/1928/1928 1913/1913/1913 1929/1929/1929
f 1930/1930/1930 1914/1914/1914 1915/1915/1915
f 1930/1930/1930 1915/1915/1915 1931/1931/1931
f 1929/1929/1929 1913/1913/1913 1916/1916/1916
f 1929/1929/1929 1916/1916/1916 1932/1932/1932
f 1917/1917/1917 1933/1933/1933 1934/1934/1934
f 1917/1917/1917 1934/1934/1934 1918/1918/1918
f 1919/1919/1919 1935/1935/1935 1936/1936/1936
f 1919/1919/1919 1936/1936/1936 1920/1920/1920
f 1932/1932/1932 1916/1916/1916 1920/1920/1920
f 1932/1932/1932 1920/1920/1920 1936/1936/1936
f 1918/1918/1918 1934/1934/1934 1927/1927/1927
f 1918/1918/1918 1927/1927/1927 1912/1912/1912
f 1937/1937/1937 1921/1921/1921 1922/1922/1922
f 1937/1937/1937 1922/1922/1922 1938/1938/1938
f 1939/1939/1939 1923/1923/1923 1914/1914/1914
f 1939/1939/1939 1914/1914/1914 1930/1930/1930
f 1923/1923/1923 1939/1939/1939 1940/1940/1940
f 1923/1923/1923 1940/1940/1940 1924/1924/1924
f 1938/1938/1938 1922/1922/1922 1908/1908/1908
f 1938/1938/1938 1908/1908/1908 1941/1941/1941
f 1931/1931/1931 1915/1915/1915 1910/1910/1910
f 1931/1931/1931 1910/1910/1910 1942/1942/1942
f 1924/1924/1924 1940/1940/1940 1943/1943/1943
f 1924/1924/1924 1943/1943/1943 1925/1925/1925
f 1941/1941/1941 1908/1908/1908 1909/1909/1909
f 1941/1941/1941 1909/1909/1909 1926/1926/1926
f 1942/1942/1942 1910/1910/1910 1911/1911/1911
f 1942/1942/1942 1911/1911/1911 1928/1928/1928
f 1944/1944/1944 1930/1930/1930 1931/1931/1931
f 1944/1944/1944 1931/1931/1931 1945/1945/1945
f 1946/1946/1946 1929/1929/1929 1932/1932/1932
f 1946/1946/1946 1932/1932/1932 1947/1947/1947
f 1948/1948/1948 1949/1949/1949 1950/1950/1950
f 1948/1948/1948 1950/1950/1950 1951/1951/1951
f 1952/1952/1952 1953/1953/1953 1954/1954/1954
f 1952/1952/1952 1954/1954/1954 1955/1955/1955
f 1947/1947/1947 1932/1932/1932 1936/1936/1936
f 1947/1947/1947 1936/1936/1936 1955/1955/1955
f 1951/1951/1951 1950/1950/1950 1956/1956/1956
f 1951/1951/1951 1956/1956/1956 1957/1957/1957
f 1958/1958/1958 1937/1937/1937 1938/1938/1938
f 1958/1958/1958 1938/1938/1938 1959/1959/1959
f 1960/1960/1960 1939/1939/1939 1930/1930/1930
f 1960/1960/1960 1930/1930/1930 1944/1944/1944
f 1960/1960/1960 1961/1961/1961 1962/1962/1962
f 1961/1961/1961 1963/1963/1963 1962/1962/1962
f 1959/1959/1959 1938/1938/1938 1941/1941/1941
f 1959/1959/1959 1941/1941/1941 1964/1964/1964
f 1945/1945/1945 1931/1931/1931 1942/1942/1942
f 1945/1945/1945 1942/1942/1942 1965/1965/1965
f 1962/1962/1962 1963/1963/1963 1966/1966/1966
f 1962/1962/1962 1966/1966/1966 1967/1967/1967
f 1964/1964/1964 1941/1941/1941 1926/1926/1926
f 1964/1964/1964 1926/1926/1926 1968/1968/1968
f 1965/1965/1965 1942/1942/1942 1928/1928/1928
f 1965/1965/1965 1928/1928/1928 1969/1969/1969
f 1968/1968/1968 1926/1926/1926 1927/1927/1927
f 1968/1968/1968 1927/1927/1927 1957/1957/1957
f 1969/1969/1969 1928/1928/1928 1929/1929/1929
f 1969/1969/1969 1929/1929/1929 1946/1946/1946
f 1642/1642/1642 1676/1676/1676 1970/1970/1970
f 1642/1642/1642 1970/1970/1970 1636/1636/1636
f 1627/1627/1627 1971/1971/1971 1661/1661/1661
f 1627/1627/1627 1661/1661/1661 1645/1645/1645
f 1613/1613/1613 1612/1612/1612 1672/1672/1672
f 1613/1613/1613 1672/1672/1672 1671/1671/1671
f 1971/1971/1971 1627/1627/1627 1630/1630/1630
f 1971/1971/1971 1630/1630/1630 1669/1669/1669
f 1972/1972/1972 1973/1973/1973 1670/1670/1670
f 1972/1972/1972 1670/1670/1670 1970/1970/1970
f 1974/1974/1974 1975/1975/1975 1661/1661/1661
f 1974/1974/1974 1661/1661/1661 1971/1971/1971
f 1636/1636/1636 1970/1970/1970 1670/1670/1670
f 1636/1636/1636 1670/1670/1670 1634/1634/1634
f 1976/1976/1976 1977/1977/1977 1548/1548/1548
f 1976/1976/1976 1548/1548/1548 1537/1537/1537
f 1978/1978/1978 1562/1562/1562 445/445/445
f 1978/1978/1978 445/445/445 444/444/444
f 148/148/148 141/141/141 1579/1579/1579
f 148/148/148 1579/1579/1579 1979/1979/1979
f 444/444/444 1474/1474/1474 149/149/149
f 444/444/444 149/149/149 148/148/148
f 148/148/148 1979/1979/1979 1978/1978/1978
f 148/148/148 1978/1978/1978 444/444/444
f 1537/1537/1537 1538/1538/1538 1980/1980/1980
f 1537/1537/1537 1980/1980/1980 1976/1976/1976
f 1674/1674/1674 1980/1980/1980 1538/1538/1538
f 1674/1674/1674 1538/1538/1538 1981/1981/1981
f 744/744/744 1475/1475/1475 449/449/449
f 744/744/744 449/449/449 448/448/448
f 1970/1970/1970 1676/1676/1676 1982/1982/1982
f 1970/1970/1970 1982/1982/1982 1972/1972/1972
f 448/448/448 1664/1664/1664 1616/1616/1616
f 448/448/448 1616/1616/1616 744/744/744
f 1676/1676/1676 1674/1674/1674 1981/1981/1981
f 1676/1676/1676 1981/1981/1981 1606/1606/1606
f 1673/1673/1673 1983/1983/1983 1976/1976/1976
f 1983/1983/1983 1977/1977/1977 1976/1976/1976
f 1624/1624/1624 1632/1632/1632 1983/1983/1983
f 1624/1624/1624 1983/1983/1983 1673/1673/1673
f 1981/1981/1981 1538/1538/1538 1045/1045/1045
f 1981/1981/1981 1045/1045/1045 1044/1044/1044
f 748/748/748 1606/1606/1606 1981/1981/1981
f 748/748/748 1981/1981/1981 1044/1044/1044
f 1044/1044/1044 1476/1476/1476 749/749/749
f 1044/1044/1044 749/749/749 748/748/748
f 1976/1976/1976 1980/1980/1980 1674/1674/1674
f 1976/1976/1976 1674/1674/1674 1673/1673/1673
f 1984/1984/1984 1619/1619/1619 1618/1618/1618
f 1984/1984/1984 1618/1618/1618 1985/1985/1985
f 1986/1986/1986 1987/1987/1987 1988/1988/1988
f 1986/1986/1986 1988/1988/1988 1989/1989/1989
f 1990/1990/1990 1986/1986/1986 1989/1989/1989
f 1990/1990/1990 1989/1989/1989 1991/1991/1991
f 1342/1342/1342 1992/1992/1992 1993/1993/1993
f 1342/1342/1342 1993/1993/1993 1343/1343/1343
f 1994/1994/1994 1428/1428/1428 1422/1422/1422
f 1994/1994/1994 1422/1422/1422 1995/1995/1995
f 1996/1996/1996 1336/1336/1336 1386/1386/1386
f 1996/1996/1996 1386/1386/1386 1997/1997/1997
f 1385/1385/1385 1998/1998/1998 1997/1997/1997
f 1385/1385/1385 1997/1997/1997 1386/1386/1386
f 1999/1999/1999 1421/1421/1421 1427/1427/1427
f 1999/1999/1999 1427/1427/1427 2000/2000/2000
f 1995/1995/1995 1422/1422/1422 1421/1421/1421
f 1995/1995/1995 1421/1421/1421 1999/1999/1999
f 1998/1998/1998 1385/1385/1385 1455/1455/1455
f 1998/1998/1998 1455/1455/1455 2001/2001/2001
f 2000/2000/2000 1427/1427/1427 1426/1426/1426
f 2000/2000/2000 1426/1426/1426 2002/2002/2002
f 1336/1336/1336 1996/1996/1996 2003/2003/2003
f 1336/1336/1336 2003/2003/2003 1337/1337/1337
f 2002/2002/2002 1426/1426/1426 1343/1343/1343
f 2002/2002/2002 1343/1343/1343 1993/1993/1993
f 2004/2004/2004 2000/2000/2000 2002/2002/2002
f 2004/2004/2004 2002/2002/2002 2005/2005/2005
f 2005/2005/2005 2002/2002/2002 1993/1993/1993
f 2005/2005/2005 1993/1993/1993 2006/2006/2006
f 1996/1996/1996 2007/2007/2007 2008/2008/2008
f 1996/1996/1996 2008/2008/2008 2003/2003/2003
f 2009/2009/2009 1994/1994/1994 1995/1995/1995
f 2009/2009/2009 1995/1995/1995 2010/2010/2010
f 1992/1992/1992 2011/2011/2011 2006/2006/2006
f 1992/1992/1992 2006/2006/2006 1993/1993/1993
f 2007/2007/2007 1996/1996/1996 1997/1997/1997
f 2007/2007/2007 1997/1997/1997 2012/2012/2012
f 1998/1998/1998 2013/2013/2013 2012/2012/2012
f 1998/1998/1998 2012/2012/2012 1997/1997/1997
f 2013/2013/2013 1998/1998/1998 2001/2001/2001
f 2013/2013/2013 2001/2001/2001 2014/2014/2014
f 2015/2015/2015 1999/1999/1999 2000/2000/2000
f 2015/2015/2015 2000/2000/2000 2004/2004/2004
f 2010/2010/2010 1995/1995/1995 1999/1999/1999
f 2010/2010/2010 1999/1999/1999 2015/2015/2015
f 2016/2016/2016 2015/2015/2015 2004/2004/2004
f 2016/2016/2016 2004/2004/2004 2017/2017/2017
f 2018/2018/2018 2010/2010/2010 2015/2015/2015
f 2018/2018/2018 2015/2015/2015 2016/2016/2016
f 2017/2017/2017 2004/2004/2004 2005/2005/2005
f 2017/2017/2017 2005/2005/2005 2019/2019/2019
f 2019/2019/2019 2005/2005/2005 2006/2006/2006
f 2019/2019/2019 2006/2006/2006 2020/2020/2020
f 2007/2007/2007 2021/2021/2021 2022/2022/2022
f 2007/2007/2007 2022/2022/2022 2008/2008/2008
f 2023/2023/2023 2009/2009/2009 2010/2010/2010
f 2023/2023/2023 2010/2010/2010 2018/2018/2018
f 2011/2011/2011 2024/2024/2024 2020/2020/2020
f 2011/2011/2011 2020/2020/2020 2006/2006/2006
f 2021/2021/2021 2007/2007/2007 2012/2012/2012
f 2021/2021/2021 2012/2012/2012 2025/2025/2025
f 2013/2013/2013 2026/2026/2026 2025/2025/2025
f 2013/2013/2013 2025/2025/2025 2012/2012/2012
f 2026/2026/2026 2013/2013/2013 2014/2014/2014
f 2026/2026/2026 2014/2014/2014 2027/2027/2027
f 2028/2028/2028 2021/2021/2021 2025/2025/2025
f 2028/2028/2028 2025/2025/2025 2029/2029/2029
f 2026/2026/2026 2030/2030/2030 2029/2029/2029
f 2026/2026/2026 2029/2029/2029 2025/2025/2025
f 2030/2030/2030 2026/2026/2026 2027/2027/2027
f 2030/2030/2030 2027/2027/2027 2031/2031/2031
f 2032/2032/2032 2016/2016/2016 2017/2017/2017
f 2032/2032/2032 2017/2017/2017 2033/2033/2033
f 2034/2034/2034 2018/2018/2018 2016/2016/2016
f 2034/2034/2034 2016/2016/2016 2032/2032/2032
f 2033/2033/2033 2017/2017/2017 2019/2019/2019
f 2033/2033/2033 2019/2019/2019 2035/2035/2035
f 2035/2035/2035 2019/2019/2019 2020/2020/2020
f 2035/2035/2035 2020/2020/2020 2036/2036/2036
f 2021/2021/2021 2028/2028/2028 2037/2037/2037
f 2021/2021/2021 2037/2037/2037 2022/2022/2022
f 2038/2038/2038 2023/2023/2023 2018/2018/2018
f 2038/2038/2038 2018/2018/2018 2034/2034/2034
f 2024/2024/2024 2039/2039/2039 2036/2036/2036
f 2024/2024/2024 2036/2036/2036 2020/2020/2020
f 2028/2028/2028 2040/2040/2040 2041/2041/2041
f 2028/2028/2028 2041/2041/2041 2037/2037/2037
f 2042/2042/2042 2038/2038/2038 2034/2034/2034
f 2042/2042/2042 2034/2034/2034 2043/2043/2043
f 2039/2039/2039 2044/2044/2044 2045/2045/2045
f 2039/2039/2039 2045/2045/2045 2036/2036/2036
f 2040/2040/2040 2028/2028/2028 2029/2029/2029
f 2040/2040/2040 2029/2029/2029 2046/2046/2046
f 2030/2030/2030 2047/2047/2047 2046/2046/2046
f 2030/2030/2030 2046/2046/2046 2029/2029/2029
f 2047/2047/2047 2030/2030/2030 2031/2031/2031
f 2047/2047/2047 2031/2031/2031 2048/2048/2048
f 2049/2049/2049 2032/2032/2032 2033/2033/2033
f 2049/2049/2049 2033/2033/2033 2050/2050/2050
f 2043/2043/2043 2034/2034/2034 2032/2032/2032
f 2043/2043/2043 2032/2032/2032 2049/2049/2049
f 2050/2050/2050 2033/2033/2033 2035/2035/2035
f 2050/2050/2050 2035/2035/2035 2051/2051/2051
f 2051/2051/2051 2035/2035/2035 2036/2036/2036
f 2051/2051/2051 2036/2036/2036 2045/2045/2045
f 2052/2052/2052 2050/2050/2050 2051/2051/2051
f 2052/2052/2052 2051/2051/2051 2053/2053/2053
f 2053/2053/2053 2051/2051/2051 2045/2045/2045
f 2053/2053/2053 2045/2045/2045 2054/2054/2054
f 2040/2040/2040 2055/2055/2055 2056/2056/2056
f 2040/2040/2040 2056/2056/2056 2041/2041/2041
f 2057/2057/2057 2042/2042/2042 2043/2043/2043
f 2057/2057/2057 2043/2043/2043 2058/2058/2058
f 2044/2044/2044 2059/2059/2059 2054/2054/2054
f 2044/2044/2044 2054/2054/2054 2045/2045/2045
f 2055/2055/2055 2040/2040/2040 2060/2060/2060
f 2040/2040/2040 2046/2046/2046 2060/2060/2060
f 2047/2047/2047 2061/2061/2061 2060/2060/2060
f 2047/2047/2047 2060/2060/2060 2046/2046/2046
f 2061/2061/2061 2047/2047/2047 2048/2048/2048
f 2061/2061/2061 2048/2048/2048 2062/2062/2062
f 2063/2063/2063 2049/2049/2049 2050/2050/2050
f 2063/2063/2063 2050/2050/2050 2052/2052/2052
f 2058/2058/2058 2043/2043/2043 2049/2049/2049
f 2058/2058/2058 2049/2049/2049 2063/2063/2063
f 2064/2064/2064 2065/2065/2065 2053/2053/2053
f 2064/2064/2064 2053/2053/2053 2054/2054/2054
f 2066/2066/2066 2064/2064/2064 2054/2054/2054
f 2066/2066/2066 2054/2054/2054 2059/2059/2059
f 2067/2067/2067 2068/2068/2068 2069/2069/2069
f 2067/2067/2067 2069/2069/2069 2070/2070/2070
f 2070/2070/2070 2069/2069/2069 2071/2071/2071
f 2070/2070/2070 2071/2071/2071 2072/2072/2072
f 2073/2073/2073 2074/2074/2074 2075/2075/2075
f 2073/2073/2073 2075/2075/2075 2076/2076/2076
f 2068/2068/2068 2077/2077/2077 2078/2078/2078
f 2068/2068/2068 2078/2078/2078 2069/2069/2069
f 2077/2077/2077 2079/2079/2079 2080/2080/2080
f 2077/2077/2077 2080/2080/2080 2078/2078/2078
f 2079/2079/2079 2081/2081/2081 2082/2082/2082
f 2079/2079/2079 2082/2082/2082 2080/2080/2080
f 2083/2083/2083 2084/2084/2084 2085/2085/2085
f 2083/2083/2083 2085/2085/2085 2086/2086/2086
f 2081/2081/2081 2087/2087/2087 2088/2088/2088
f 2081/2081/2081 2088/2088/2088 2082/2082/2082
f 2087/2087/2087 2089/2089/2089 2090/2090/2090
f 2087/2087/2087 2090/2090/2090 2088/2088/2088
f 2091/2091/2091 2092/2092/2092 2093/2093/2093
f 2091/2091/2091 2093/2093/2093 2090/2090/2090
f 2094/2094/2094 2091/2091/2091 2090/2090/2090
f 2094/2094/2094 2090/2090/2090 2089/2089/2089
f 184/184/184 149/149/149 1474/1474/1474
f 184/184/184 1474/1474/1474 1684/1684/1684
f 484/484/484 449/449/449 1475/1475/1475
f 484/484/484 1475/1475/1475 1690/1690/1690
f 1677/1677/1677 1678/1678/1678 1681/1681/1681
f 1677/1677/1677 1681/1681/1681 1680/1680/1680
f 1680/1680/1680 1560/1560/1560 1576/1576/1576
f 1680/1680/1680 1576/1576/1576 1677/1677/1677
f 1560/1560/1560 1559/1559/1559 1577/1577/1577
f 1560/1560/1560 1577/1577/1577 1576/1576/1576
f 1596/1596/1596 1577/1577/1577 1559/1559/1559
f 1596/1596/1596 1559/1559/1559 1592/1592/1592
f 1609/1609/1609 1608/1608/1608 2067/2067/2067
f 1609/1609/1609 2067/2067/2067 2095/2095/2095
f 1602/1602/1602 1620/1620/1620 1608/1608/1608
f 1602/1602/1602 1608/1608/1608 1600/1600/1600
f 2096/2096/2096 2097/2097/2097 2056/2056/2056
f 2096/2096/2096 2056/2056/2056 2055/2055/2055
f 1679/1679/1679 1683/1683/1683 1687/1687/1687
f 1679/1679/1679 1687/1687/1687 1685/1685/1685
f 1685/1685/1685 1570/1570/1570 1533/1533/1533
f 1685/1685/1685 1533/1533/1533 1679/1679/1679
f 784/784/784 749/749/749 1476/1476/1476
f 784/784/784 1476/1476/1476 1691/1691/1691
f 1682/1682/1682 1686/1686/1686 1689/1689/1689
f 1682/1682/1682 1689/1689/1689 1688/1688/1688
f 1688/1688/1688 1566/1566/1566 1554/1554/1554
f 1688/1688/1688 1554/1554/1554 1682/1682/1682
f 1566/1566/1566 1565/1565/1565 1555/1555/1555
f 1566/1566/1566 1555/1555/1555 1554/1554/1554
f 1593/1593/1593 1555/1555/1555 1565/1565/1565
f 1593/1593/1593 1565/1565/1565 1586/1586/1586
f 1984/1984/1984 1610/1610/1610 1583/1583/1583
f 1984/1984/1984 1583/1583/1583 2098/2098/2098
f 1985/1985/1985 1622/1622/1622 1610/1610/1610
f 1985/1985/1985 1610/1610/1610 1984/1984/1984
f 1619/1619/1619 1984/1984/1984 2098/2098/2098
f 1619/1619/1619 2098/2098/2098 1595/1595/1595
f 1580/1580/1580 2098/2098/2098 1583/1583/1583
f 1580/1580/1580 1583/1583/1583 1582/1582/1582
f 1534/1534/1534 1533/1533/1533 1570/1570/1570
f 1534/1534/1534 1570/1570/1570 1569/1569/1569
f 1603/1603/1603 1591/1591/1591 1590/1590/1590
f 1603/1603/1603 1590/1590/1590 1604/1604/1604
f 1666/1666/1666 2099/2099/2099 1644/1644/1644
f 1666/1666/1666 1644/1644/1644 1643/1643/1643
f 1642/1642/1642 1641/1641/1641 1626/1626/1626
f 1642/1642/1642 1626/1626/1626 1625/1625/1625
f 1671/1671/1671 1662/1662/1662 2100/2100/2100
f 1671/1671/1671 2100/2100/2100 2101/2101/2101
f 1671/1671/1671 2101/2101/2101 2102/2102/2102
f 1671/1671/1671 2102/2102/2102 1613/1613/1613
f 1971/1971/1971 1669/1669/1669 2103/2103/2103
f 1971/1971/1971 2103/2103/2103 1974/1974/1974
f 1632/1632/1632 1589/1589/1589 1588/1588/1588
f 1632/1632/1632 1588/1588/1588 1983/1983/1983
f 2104/2104/2104 2096/2096/2096 2060/2060/2060
f 2096/2096/2096 2055/2055/2055 2060/2060/2060
f 2105/2105/2105 2106/2106/2106 1643/1643/1643
f 2105/2105/2105 1643/1643/1643 1638/1638/1638
f 2107/2107/2107 1647/1647/1647 1650/1650/1650
f 2107/2107/2107 1650/1650/1650 2108/2108/2108
f 1667/1667/1667 1666/1666/1666 1643/1643/1643
f 1667/1667/1667 1643/1643/1643 2106/2106/2106
f 2099/2099/2099 1666/1666/1666 1655/1655/1655
f 2099/2099/2099 1655/1655/1655 2109/2109/2109
f 2108/2108/2108 1650/1650/1650 1660/1660/1660
f 2108/2108/2108 1660/1660/1660 2110/2110/2110
f 1668/1668/1668 1651/1651/1651 1654/1654/1654
f 1668/1668/1668 1654/1654/1654 2111/2111/2111
f 2109/2109/2109 1655/1655/1655 1658/1658/1658
f 2109/2109/2109 1658/1658/1658 1665/1665/1665
f 1652/1652/1652 1651/1651/1651 1647/1647/1647
f 1652/1652/1652 1647/1647/1647 2107/2107/2107
f 2111/2111/2111 1654/1654/1654 1658/1658/1658
f 2111/2111/2111 1658/1658/1658 1657/1657/1657
f 1590/1590/1590 2112/2112/2112 2113/2113/2113
f 1590/1590/1590 2113/2113/2113 1604/1604/1604
f 2088/2088/2088 2090/2090/2090 2093/2093/2093
f 2088/2088/2088 2093/2093/2093 2114/2114/2114
f 1605/1605/1605 1604/1604/1604 2113/2113/2113
f 1605/1605/1605 2113/2113/2113 1617/1617/1617
f 2082/2082/2082 2088/2088/2088 2114/2114/2114
f 2082/2082/2082 2114/2114/2114 2115/2115/2115
f 2116/2116/2116 2104/2104/2104 2060/2060/2060
f 2116/2116/2116 2060/2060/2060 2061/2061/2061
f 2061/2061/2061 2062/2062/2062 2117/2117/2117
f 2061/2061/2061 2117/2117/2117 2116/2116/2116
f 2118/2118/2118 2119/2119/2119 2058/2058/2058
f 2119/2119/2119 2057/2057/2057 2058/2058/2058
f 2120/2120/2120 2118/2118/2118 2058/2058/2058
f 2120/2120/2120 2058/2058/2058 2063/2063/2063
f 2063/2063/2063 2052/2052/2052 2121/2121/2121
f 2063/2063/2063 2121/2121/2121 2120/2120/2120
f 1660/1660/1660 2086/2086/2086 2085/2085/2085
f 1660/1660/1660 2085/2085/2085 2110/2110/2110
f 2122/2122/2122 2123/2123/2123 2124/2124/2124
f 2122/2122/2122 2124/2124/2124 2125/2125/2125
f 2125/2125/2125 2126/2126/2126 2127/2127/2127
f 2125/2125/2125 2127/2127/2127 2122/2122/2122
f 1631/1631/1631 2128/2128/2128 1589/1589/1589
f 1631/1631/1631 1589/1589/1589 1632/1632/1632
f 2129/2129/2129 2130/2130/2130 2084/2084/2084
f 2129/2129/2129 2084/2084/2084 2083/2083/2083
f 1990/1990/1990 2131/2131/2131 2132/2132/2132
f 1990/1990/1990 2132/2132/2132 2133/2133/2133
f 2131/2131/2131 2134/2134/2134 2135/2135/2135
f 2131/2131/2131 2135/2135/2135 2132/2132/2132
f 2134/2134/2134 2136/2136/2136 2137/2137/2137
f 2134/2134/2134 2137/2137/2137 2135/2135/2135
f 2136/2136/2136 2138/2138/2138 2139/2139/2139
f 2136/2136/2136 2139/2139/2139 2137/2137/2137
f 2138/2138/2138 2140/2140/2140 2141/2141/2141
f 2138/2138/2138 2141/2141/2141 2139/2139/2139
f 2142/2142/2142 1948/1948/1948 1933/1933/1933
f 2142/2142/2142 1933/1933/1933 2143/2143/2143
f 2144/2144/2144 2143/2143/2143 1933/1933/1933
f 2144/2144/2144 1933/1933/1933 1917/1917/1917
f 2145/2145/2145 2146/2146/2146 1902/1902/1902
f 2145/2145/2145 1902/1902/1902 1886/1886/1886
f 2147/2147/2147 2148/2148/2148 8/8/8
f 2147/2147/2147 8/8/8 7/7/7
f 2147/2147/2147 2149/2149/2149 14/14/14
f 2147/2147/2147 14/14/14 11/11/11
f 2149/2149/2149 2150/2150/2150 69/69/69
f 2149/2149/2149 69/69/69 14/14/14
f 2150/2150/2150 2151/2151/2151 85/85/85
f 2150/2150/2150 85/85/85 69/69/69
f 2152/2152/2152 2151/2151/2151 78/78/78
f 2152/2152/2152 78/78/78 108/108/108
f 2152/2152/2152 2153/2153/2153 116/116/116
f 2152/2152/2152 116/116/116 100/100/100
f 2153/2153/2153 2154/2154/2154 1699/1699/1699
f 2153/2153/2153 1699/1699/1699 116/116/116
f 2140/2140/2140 2155/2155/2155 2156/2156/2156
f 2140/2140/2140 2156/2156/2156 2141/2141/2141
f 2155/2155/2155 2157/2157/2157 2158/2158/2158
f 2155/2155/2155 2158/2158/2158 2156/2156/2156
f 11/11/11 10/10/10 2148/2148/2148
f 11/11/11 2148/2148/2148 2147/2147/2147
f 7/7/7 9/9/9 2149/2149/2149
f 7/7/7 2149/2149/2149 2147/2147/2147
f 9/9/9 65/65/65 2150/2150/2150
f 9/9/9 2150/2150/2150 2149/2149/2149
f 65/65/65 78/78/78 2151/2151/2151
f 65/65/65 2151/2151/2151 2150/2150/2150
f 100/100/100 85/85/85 2151/2151/2151
f 100/100/100 2151/2151/2151 2152/2152/2152
f 108/108/108 126/126/126 2153/2153/2153
f 108/108/108 2153/2153/2153 2152/2152/2152
f 126/126/126 1709/1709/1709 2154/2154/2154
f 126/126/126 2154/2154/2154 2153/2153/2153
f 2107/2107/2107 2108/2108/2108 2159/2159/2159
f 2107/2107/2107 2159/2159/2159 2133/2133/2133
f 1652/1652/1652 2107/2107/2107 2133/2133/2133
f 1652/1652/1652 2133/2133/2133 2132/2132/2132
f 2132/2132/2132 2135/2135/2135 1653/1653/1653
f 2132/2132/2132 1653/1653/1653 1652/1652/1652
f 2135/2135/2135 2137/2137/2137 1665/1665/1665
f 2135/2135/2135 1665/1665/1665 1653/1653/1653
f 2109/2109/2109 1665/1665/1665 2137/2137/2137
f 2109/2109/2109 2137/2137/2137 2139/2139/2139
f 1917/1917/1917 1902/1902/1902 2146/2146/2146
f 1917/1917/1917 2146/2146/2146 2144/2144/2144
f 2099/2099/2099 2109/2109/2109 2139/2139/2139
f 2099/2099/2099 2139/2139/2139 2141/2141/2141
f 2141/2141/2141 2156/2156/2156 1644/1644/1644
f 2141/2141/2141 1644/1644/1644 2099/2099/2099
f 2160/2160/2160 2157/2157/2157 2161/2161/2161
f 2160/2160/2160 2161/2161/2161 2162/2162/2162
f 1967/1967/1967 1966/1966/1966 2163/2163/2163
f 1967/1967/1967 2163/2163/2163 2142/2142/2142
f 1925/1925/1925 1943/1943/1943 2143/2143/2143
f 1925/1925/1925 2143/2143/2143 2144/2144/2144
f 52/52/52 2164/2164/2164 2165/2165/2165
f 52/52/52 2165/2165/2165 53/53/53
f 53/53/53 2165/2165/2165 2166/2166/2166
f 53/53/53 2166/2166/2166 54/54/54
f 54/54/54 2166/2166/2166 2167/2167/2167
f 54/54/54 2167/2167/2167 62/62/62
f 62/62/62 2167/2167/2167 2168/2168/2168
f 62/62/62 2168/2168/2168 87/87/87
f 87/87/87 2168/2168/2168 2169/2169/2169
f 87/87/87 2169/2169/2169 102/102/102
f 102/102/102 2169/2169/2169 2170/2170/2170
f 102/102/102 2170/2170/2170 118/118/118
f 1701/1701/1701 118/118/118 2170/2170/2170
f 1701/1701/1701 2170/2170/2170 2171/2171/2171
f 1727/1727/1727 1701/1701/1701 2171/2171/2171
f 1727/1727/1727 2171/2171/2171 2172/2172/2172
f 1744/1744/1744 1727/1727/1727 2172/2172/2172
f 1744/1744/1744 2172/2172/2172 2173/2173/2173
f 1760/1760/1760 1744/1744/1744 2173/2173/2173
f 1760/1760/1760 2173/2173/2173 2174/2174/2174
f 1780/1780/1780 1760/1760/1760 2174/2174/2174
f 1780/1780/1780 2174/2174/2174 2175/2175/2175
f 1796/1796/1796 1780/1780/1780 2175/2175/2175
f 1796/1796/1796 2175/2175/2175 2176/2176/2176
f 1811/1811/1811 1796/1796/1796 2176/2176/2176
f 1811/1811/1811 2176/2176/2176 2177/2177/2177
f 1827/1827/1827 1811/1811/1811 2177/2177/2177
f 1827/1827/1827 2177/2177/2177 2178/2178/2178
f 1842/1842/1842 1827/1827/1827 2178/2178/2178
f 1842/1842/1842 2178/2178/2178 2179/2179/2179
f 1854/1854/1854 1842/1842/1842 2179/2179/2179
f 1854/1854/1854 2179/2179/2179 2180/2180/2180
f 1888/1888/1888 1854/1854/1854 2180/2180/2180
f 1888/1888/1888 2180/2180/2180 2181/2181/2181
f 1904/1904/1904 1888/1888/1888 2181/2181/2181
f 1904/1904/1904 2181/2181/2181 2182/2182/2182
f 1919/1919/1919 1904/1904/1904 2182/2182/2182
f 1919/1919/1919 2182/2182/2182 2183/2183/2183
f 1935/1935/1935 1919/1919/1919 2183/2183/2183
f 1935/1935/1935 2183/2183/2183 2184/2184/2184
f 1952/1952/1952 1935/1935/1935 2184/2184/2184
f 1952/1952/1952 2184/2184/2184 2185/2185/2185
f 2186/2186/2186 2160/2160/2160 2162/2162/2162
f 2186/2186/2186 2162/2162/2162 2187/2187/2187
f 1639/1639/1639 1644/1644/1644 2156/2156/2156
f 1639/1639/1639 2156/2156/2156 2158/2158/2158
f 1982/1982/1982 1676/1676/1676 1606/1606/1606
f 1982/1982/1982 1606/1606/1606 1532/1532/1532
f 2098/2098/2098 1580/1580/1580 1581/1581/1581
f 2098/2098/2098 1581/1581/1581 1595/1595/1595
f 2188/2188/2188 1544/1544/1544 1599/1599/1599
f 2188/2188/2188 1599/1599/1599 1598/1598/1598
f 1972/1972/1972 1982/1982/1982 1532/1532/1532
f 1972/1972/1972 1532/1532/1532 1531/1531/1531
f 1531/1531/1531 1578/1578/1578 1973/1973/1973
f 1531/1531/1531 1973/1973/1973 1972/1972/1972
f 1534/1534/1534 1582/1582/1582 1585/1585/1585
f 1534/1534/1534 1585/1585/1585 1535/1535/1535
f 1670/1670/1670 1973/1973/1973 1578/1578/1578
f 1670/1670/1670 1578/1578/1578 1616/1616/1616
f 1603/1603/1603 1586/1586/1586 1587/1587/1587
f 1603/1603/1603 1587/1587/1587 1591/1591/1591
f 1544/1544/1544 1547/1547/1547 1564/1564/1564
f 1544/1544/1544 1564/1564/1564 1599/1599/1599
f 1616/1616/1616 1664/1664/1664 1669/1669/1669
f 1616/1616/1616 1669/1669/1669 1670/1670/1670
f 2103/2103/2103 1669/1669/1669 1664/1664/1664
f 2103/2103/2103 1664/1664/1664 1571/1571/1571
f 1974/1974/1974 2103/2103/2103 1571/1571/1571
f 1974/1974/1974 1571/1571/1571 1561/1561/1561
f 1561/1561/1561 1562/1562/1562 1975/1975/1975
f 1561/1561/1561 1975/1975/1975 1974/1974/1974
f 1601/1601/1601 1592/1592/1592 1585/1585/1585
f 1601/1601/1601 1585/1585/1585 1584/1584/1584
f 1555/1555/1555 1593/1593/1593 1581/1581/1581
f 1555/1555/1555 1581/1581/1581 1556/1556/1556
f 1539/1539/1539 1541/1541/1541 1591/1591/1591
f 1539/1539/1539 1591/1591/1591 1587/1587/1587
f 1661/1661/1661 1975/1975/1975 1562/1562/1562
f 1661/1661/1661 1562/1562/1562 1978/1978/1978
f 1577/1577/1577 1596/1596/1596 1599/1599/1599
f 1577/1577/1577 1599/1599/1599 1564/1564/1564
f 1978/1978/1978 1979/1979/1979 1662/1662/1662
f 1978/1978/1978 1662/1662/1662 1661/1661/1661
f 2100/2100/2100 1662/1662/1662 1979/1979/1979
f 2100/2100/2100 1979/1979/1979 1579/1579/1579
f 2101/2101/2101 2100/2100/2100 1579/1579/1579
f 2101/2101/2101 1579/1579/1579 1572/1572/1572
f 1539/1539/1539 1587/1587/1587 1552/1552/1552
f 1539/1539/1539 1552/1552/1552 1551/1551/1551
f 1572/1572/1572 1543/1543/1543 2102/2102/2102
f 1572/1572/1572 2102/2102/2102 2101/2101/2101
f 1613/1613/1613 2102/2102/2102 1543/1543/1543
f 1613/1613/1613 1543/1543/1543 1542/1542/1542
f 1542/1542/1542 1558/1558/1558 1614/1614/1614
f 1542/1542/1542 1614/1614/1614 1613/1613/1613
f 1615/1615/1615 1614/1614/1614 2189/2189/2189
f 1615/1615/1615 2189/2189/2189 2190/2190/2190
f 2188/2188/2188 2191/2191/2191 2192/2192/2192
f 2188/2188/2188 2192/2192/2192 2193/2193/2193
f 1541/1541/1541 1575/1575/1575 1588/1588/1588
f 1541/1541/1541 1588/1588/1588 1591/1591/1591
f 1983/1983/1983 1588/1588/1588 1575/1575/1575
f 1983/1983/1983 1575/1575/1575 1549/1549/1549
f 1549/1549/1549 1548/1548/1548 1977/1977/1977
f 1549/1549/1549 1977/1977/1977 1983/1983/1983
f 1558/1558/1558 1574/1574/1574 2189/2189/2189
f 1558/1558/1558 2189/2189/2189 1614/1614/1614
f 1597/1597/1597 1596/1596/1596 1592/1592/1592
f 1597/1597/1597 1592/1592/1592 1601/1601/1601
f 1594/1594/1594 1593/1593/1593 1586/1586/1586
f 1594/1594/1594 1586/1586/1586 1603/1603/1603
f 1569/1569/1569 1580/1580/1580 1582/1582/1582
f 1569/1569/1569 1582/1582/1582 1534/1534/1534
f 2052/2052/2052 2053/2053/2053 2065/2065/2065
f 2052/2052/2052 2065/2065/2065 2121/2121/2121
f 2194/2194/2194 2195/2195/2195 2119/2119/2119
f 2194/2194/2194 2119/2119/2119 2118/2118/2118
f 2196/2196/2196 2194/2194/2194 2120/2120/2120
f 2194/2194/2194 2118/2118/2118 2120/2120/2120
f 1672/1672/1672 2197/2197/2197 1675/1675/1675
f 1672/1672/1672 1675/1675/1675 1663/1663/1663
f 2086/2086/2086 1660/1660/1660 2198/2198/2198
f 1660/1660/1660 1659/1659/1659 2198/2198/2198
f 1640/1640/1640 1639/1639/1639 2158/2158/2158
f 1640/1640/1640 2158/2158/2158 2199/2199/2199
f 2083/2083/2083 2196/2196/2196 2120/2120/2120
f 2083/2083/2083 2120/2120/2120 2121/2121/2121
f 1640/1640/1640 2199/2199/2199 2200/2200/2200
f 1640/1640/1640 2200/2200/2200 2123/2123/2123
f 2201/2201/2201 2197/2197/2197 1672/1672/1672
f 2201/2201/2201 1672/1672/1672 1612/1612/1612
f 2197/2197/2197 2201/2201/2201 2198/2198/2198
f 2197/2197/2197 2198/2198/2198 1659/1659/1659
f 2198/2198/2198 2201/2201/2201 2196/2196/2196
f 2201/2201/2201 2194/2194/2194 2196/2196/2196
f 1612/1612/1612 1615/1615/1615 2201/2201/2201
f 1615/1615/1615 2194/2194/2194 2201/2201/2201
f 1675/1675/1675 2197/2197/2197 1659/1659/1659
f 1675/1675/1675 1659/1659/1659 1649/1649/1649
f 1646/1646/1646 1675/1675/1675 1649/1649/1649
f 1646/1646/1646 1649/1649/1649 1648/1648/1648
f 2091/2091/2091 2094/2094/2094 2126/2126/2126
f 2091/2091/2091 2126/2126/2126 2125/2125/2125
f 2125/2125/2125 2124/2124/2124 2092/2092/2092
f 2125/2125/2125 2092/2092/2092 2091/2091/2091
f 2202/2202/2202 2203/2203/2203 2204/2204/2204
f 2202/2202/2202 2204/2204/2204 2205/2205/2205
f 2206/2206/2206 2202/2202/2202 2205/2205/2205
f 2206/2206/2206 2205/2205/2205 2207/2207/2207
f 2208/2208/2208 2206/2206/2206 2207/2207/2207
f 2208/2208/2208 2207/2207/2207 2209/2209/2209
f 2210/2210/2210 2208/2208/2208 2209/2209/2209
f 2210/2210/2210 2209/2209/2209 2211/2211/2211
f 2212/2212/2212 2210/2210/2210 2211/2211/2211
f 2212/2212/2212 2211/2211/2211 2213/2213/2213
f 2130/2130/2130 2212/2212/2212 2213/2213/2213
f 2130/2130/2130 2213/2213/2213 2214/2214/2214
f 2084/2084/2084 2130/2130/2130 2214/2214/2214
f 2084/2084/2084 2214/2214/2214 2215/2215/2215
f 2085/2085/2085 2084/2084/2084 2215/2215/2215
f 2085/2085/2085 2215/2215/2215 2216/2216/2216
f 2202/2202/2202 2217/2217/2217 2218/2218/2218
f 2202/2202/2202 2218/2218/2218 2203/2203/2203
f 2075/2075/2075 2130/2130/2130 2129/2129/2129
f 2075/2075/2075 2129/2129/2129 2076/2076/2076
f 2206/2206/2206 2219/2219/2219 2217/2217/2217
f 2206/2206/2206 2217/2217/2217 2202/2202/2202
f 2218/2218/2218 2217/2217/2217 2220/2220/2220
f 2218/2218/2218 2220/2220/2220 2221/2221/2221
f 2080/2080/2080 2082/2082/2082 2115/2115/2115
f 2080/2080/2080 2115/2115/2115 2222/2222/2222
f 2222/2222/2222 2223/2223/2223 2078/2078/2078
f 2222/2222/2222 2078/2078/2078 2080/2080/2080
f 2224/2224/2224 2220/2220/2220 2217/2217/2217
f 2224/2224/2224 2217/2217/2217 2219/2219/2219
f 2219/2219/2219 2225/2225/2225 2226/2226/2226
f 2219/2219/2219 2226/2226/2226 2224/2224/2224
f 2225/2225/2225 2227/2227/2227 2228/2228/2228
f 2225/2225/2225 2228/2228/2228 2226/2226/2226
f 2227/2227/2227 2229/2229/2229 2230/2230/2230
f 2227/2227/2227 2230/2230/2230 2228/2228/2228
f 2208/2208/2208 2225/2225/2225 2219/2219/2219
f 2208/2208/2208 2219/2219/2219 2206/2206/2206
f 2227/2227/2227 2225/2225/2225 2208/2208/2208
f 2227/2227/2227 2208/2208/2208 2210/2210/2210
f 2210/2210/2210 2212/2212/2212 2229/2229/2229
f 2210/2210/2210 2229/2229/2229 2227/2227/2227
f 2078/2078/2078 2223/2223/2223 2071/2071/2071
f 2078/2078/2078 2071/2071/2071 2069/2069/2069
f 2230/2230/2230 2229/2229/2229 2075/2075/2075
f 2230/2230/2230 2075/2075/2075 2074/2074/2074
f 2075/2075/2075 2229/2229/2229 2212/2212/2212
f 2075/2075/2075 2212/2212/2212 2130/2130/2130
f 1589/1589/1589 2128/2128/2128 2112/2112/2112
f 1589/1589/1589 2112/2112/2112 1590/1590/1590
f 1628/1628/1628 1646/1646/1646 1648/1648/1648
f 1628/1628/1628 1648/1648/1648 1668/1668/1668
f 1668/1668/1668 2111/2111/2111 1629/1629/1629
f 1668/1668/1668 1629/1629/1629 1628/1628/1628
f 2111/2111/2111 1657/1657/1657 1633/1633/1633
f 2111/2111/2111 1633/1633/1633 1629/1629/1629
f 1635/1635/1635 1633/1633/1633 1657/1657/1657
f 1635/1635/1635 1657/1657/1657 1656/1656/1656
f 1641/1641/1641 1635/1635/1635 1656/1656/1656
f 1641/1641/1641 1656/1656/1656 1667/1667/1667
f 1626/1626/1626 1641/1641/1641 1667/1667/1667
f 1626/1626/1626 1667/1667/1667 2106/2106/2106
f 1623/1623/1623 1626/1626/1626 2106/2106/2106
f 1623/1623/1623 2106/2106/2106 2105/2105/2105
f 2112/2112/2112 2128/2128/2128 2127/2127/2127
f 2112/2112/2112 2127/2127/2127 2126/2126/2126
f 2126/2126/2126 2094/2094/2094 2113/2113/2113
f 2126/2126/2126 2113/2113/2113 2112/2112/2112
f 1617/1617/1617 2113/2113/2113 2094/2094/2094
f 1617/1617/1617 2094/2094/2094 2089/2089/2089
f 2089/2089/2089 2087/2087/2087 1618/1618/1618
f 2089/2089/2089 1618/1618/1618 1617/1617/1617
f 1985/1985/1985 1618/1618/1618 2087/2087/2087
f 1985/1985/1985 2087/2087/2087 2081/2081/2081
f 2081/2081/2081 2079/2079/2079 1622/1622/1622
f 2081/2081/2081 1622/1622/1622 1985/1985/1985
f 2079/2079/2079 2077/2077/2077 1621/1621/1621
f 2079/2079/2079 1621/1621/1621 1622/1622/1622
f 1620/1620/1620 1621/1621/1621 2077/2077/2077
f 1620/1620/1620 2077/2077/2077 2068/2068/2068
f 2068/2068/2068 2067/2067/2067 1608/1608/1608
f 2068/2068/2068 1608/1608/1608 1620/1620/1620
f 2188/2188/2188 2193/2193/2193 1567/1567/1567
f 2188/2188/2188 1567/1567/1567 1544/1544/1544
f 1607/1607/1607 1609/1609/1609 2192/2192/2192
f 1607/1607/1607 2192/2192/2192 2191/2191/2191
f 2188/2188/2188 1598/1598/1598 1607/1607/1607
f 2188/2188/2188 1607/1607/1607 2191/2191/2191
f 1615/1615/1615 2190/2190/2190 2195/2195/2195
f 1615/1615/1615 2195/2195/2195 2194/2194/2194
f 2164/2164/2164 2231/2231/2231 2232/2232/2232
f 2164/2164/2164 2232/2232/2232 2165/2165/2165
f 2165/2165/2165 2232/2232/2232 2233/2233/2233
f 2165/2165/2165 2233/2233/2233 2166/2166/2166
f 2166/2166/2166 2233/2233/2233 2234/2234/2234
f 2166/2166/2166 2234/2234/2234 2167/2167/2167
f 2167/2167/2167 2234/2234/2234 2235/2235/2235
f 2167/2167/2167 2235/2235/2235 2168/2168/2168
f 2168/2168/2168 2235/2235/2235 2236/2236/2236
f 2168/2168/2168 2236/2236/2236 2169/2169/2169
f 2169/2169/2169 2236/2236/2236 2237/2237/2237
f 2169/2169/2169 2237/2237/2237 2170/2170/2170
f 2122/2122/2122 1637/1637/1637 1640/1640/1640
f 2122/2122/2122 1640/1640/1640 2123/2123/2123
f 2171/2171/2171 2170/2170/2170 2237/2237/2237
f 2171/2171/2171 2237/2237/2237 2238/2238/2238
f 2172/2172/2172 2171/2171/2171 2238/2238/2238
f 2172/2172/2172 2238/2238/2238 2239/2239/2239
f 2173/2173/2173 2172/2172/2172 2239/2239/2239
f 2173/2173/2173 2239/2239/2239 2240/2240/2240
f 2174/2174/2174 2173/2173/2173 2240/2240/2240
f 2174/2174/2174 2240/2240/2240 2241/2241/2241
f 2175/2175/2175 2174/2174/2174 2241/2241/2241
f 2175/2175/2175 2241/2241/2241 2242/2242/2242
f 2176/2176/2176 2175/2175/2175 2242/2242/2242
f 2176/2176/2176 2242/2242/2242 2243/2243/2243
f 2177/2177/2177 2176/2176/2176 2243/2243/2243
f 2177/2177/2177 2243/2243/2243 2244/2244/2244
f 2178/2178/2178 2177/2177/2177 2244/2244/2244
f 2178/2178/2178 2244/2244/2244 2245/2245/2245
f 2179/2179/2179 2178/2178/2178 2245/2245/2245
f 2179/2179/2179 2245/2245/2245 2246/2246/2246
f 2180/2180/2180 2179/2179/2179 2246/2246/2246
f 2180/2180/2180 2246/2246/2246 2247/2247/2247
f 2181/2181/2181 2180/2180/2180 2247/2247/2247
f 2181/2181/2181 2247/2247/2247 2248/2248/2248
f 2182/2182/2182 2181/2181/2181 2248/2248/2248
f 2182/2182/2182 2248/2248/2248 2249/2249/2249
f 2183/2183/2183 2182/2182/2182 2249/2249/2249
f 2183/2183/2183 2249/2249/2249 2250/2250/2250
f 2184/2184/2184 2183/2183/2183 2250/2250/2250
f 2184/2184/2184 2250/2250/2250 2251/2251/2251
f 2185/2185/2185 2184/2184/2184 2251/2251/2251
f 2185/2185/2185 2251/2251/2251 2252/2252/2252
f 2110/2110/2110 2085/2085/2085 2216/2216/2216
f 2110/2110/2110 2216/2216/2216 2253/2253/2253
f 2108/2108/2108 2110/2110/2110 2253/2253/2253
f 2108/2108/2108 2253/2253/2253 2159/2159/2159
f 2128/2128/2128 1631/1631/1631 2254/2254/2254
f 2128/2128/2128 2254/2254/2254 2127/2127/2127
f 2122/2122/2122 2127/2127/2127 2254/2254/2254
f 2122/2122/2122 2254/2254/2254 1637/1637/1637
f 2105/2105/2105 2254/2254/2254 1631/1631/1631
f 2105/2105/2105 1631/1631/1631 1623/1623/1623
f 1637/1637/1637 2254/2254/2254 2105/2105/2105
f 1637/1637/1637 2105/2105/2105 1638/1638/1638
f 2255/2255/2255 2256/2256/2256 1871/1871/1871
f 2255/2255/2255 1871/1871/1871 1840/1840/1840
f 2255/2255/2255 2257/2257/2257 1835/1835/1835
f 2255/2255/2255 1835/1835/1835 1851/1851/1851
f 2258/2258/2258 2257/2257/2257 1825/1825/1825
f 2258/2258/2258 1825/1825/1825 1809/1809/1809
f 2258/2258/2258 2259/2259/2259 1787/1787/1787
f 2258/2258/2258 1787/1787/1787 1817/1817/1817
f 2260/2260/2260 2259/2259/2259 1794/1794/1794
f 2260/2260/2260 1794/1794/1794 1778/1778/1778
f 2261/2261/2261 2260/2260/2260 1778/1778/1778
f 2261/2261/2261 1778/1778/1778 1758/1758/1758
f 2262/2262/2262 2261/2261/2261 1742/1742/1742
f 2261/2261/2261 1758/1758/1758 1742/1742/1742
f 2263/2263/2263 2262/2262/2262 1742/1742/1742
f 2263/2263/2263 1742/1742/1742 1726/1726/1726
f 1851/1851/1851 1867/1867/1867 2256/2256/2256
f 1851/1851/1851 2256/2256/2256 2255/2255/2255
f 1840/1840/1840 1825/1825/1825 2257/2257/2257
f 1840/1840/1840 2257/2257/2257 2255/2255/2255
f 1817/1817/1817 1835/1835/1835 2257/2257/2257
f 1817/1817/1817 2257/2257/2257 2258/2258/2258
f 1809/1809/1809 1794/1794/1794 2259/2259/2259
f 1809/1809/1809 2259/2259/2259 2258/2258/2258
f 1772/1772/1772 1787/1787/1787 2259/2259/2259
f 1772/1772/1772 2259/2259/2259 2260/2260/2260
f 1751/1751/1751 1772/1772/1772 2260/2260/2260
f 1751/1751/1751 2260/2260/2260 2261/2261/2261
f 1736/1736/1736 1751/1751/1751 2261/2261/2261
f 1736/1736/1736 2261/2261/2261 2262/2262/2262
f 1722/1722/1722 1736/1736/1736 2262/2262/2262
f 1722/1722/1722 2262/2262/2262 2263/2263/2263
f 2256/2256/2256 2145/2145/2145 1886/1886/1886
f 2256/2256/2256 1886/1886/1886 1871/1871/1871
f 2144/2144/2144 2146/2146/2146 1895/1895/1895
f 2144/2144/2144 1895/1895/1895 1925/1925/1925
f 2154/2154/2154 2263/2263/2263 1726/1726/1726
f 2154/2154/2154 1726/1726/1726 1699/1699/1699
f 1867/1867/1867 1880/1880/1880 2145/2145/2145
f 1867/1867/1867 2145/2145/2145 2256/2256/2256
f 1709/1709/1709 1722/1722/1722 2263/2263/2263
f 1709/1709/1709 2263/2263/2263 2154/2154/2154
f 1880/1880/1880 1895/1895/1895 2146/2146/2146
f 1880/1880/1880 2146/2146/2146 2145/2145/2145
f 2196/2196/2196 2083/2083/2083 2086/2086/2086
f 2196/2196/2196 2086/2086/2086 2198/2198/2198
f 2116/2116/2116 2117/2117/2117 2264/2264/2264
f 2116/2116/2116 2264/2264/2264 2095/2095/2095
f 2095/2095/2095 2067/2067/2067 2104/2104/2104
f 2095/2095/2095 2104/2104/2104 2116/2116/2116
f 2067/2067/2067 2070/2070/2070 2096/2096/2096
f 2067/2067/2067 2096/2096/2096 2104/2104/2104
f 2070/2070/2070 2072/2072/2072 2097/2097/2097
f 2070/2070/2070 2097/2097/2097 2096/2096/2096
f 2073/2073/2073 2076/2076/2076 2064/2064/2064
f 2073/2073/2073 2064/2064/2064 2066/2066/2066
f 2076/2076/2076 2129/2129/2129 2065/2065/2065
f 2076/2076/2076 2065/2065/2065 2064/2064/2064
f 2129/2129/2129 2083/2083/2083 2121/2121/2121
f 2129/2129/2129 2121/2121/2121 2065/2065/2065
f 2265/2265/2265 2266/2266/2266 2267/2267/2267
f 2265/2265/2265 2267/2267/2267 2268/2268/2268
f 2266/2266/2266 2269/2269/2269 2270/2270/2270
f 2266/2266/2266 2270/2270/2270 2267/2267/2267
f 2269/2269/2269 2271/2271/2271 2272/2272/2272
f 2269/2269/2269 2272/2272/2272 2270/2270/2270
f 2273/2273/2273 2271/2271/2271 2213/2213/2213
f 2273/2273/2273 2213/2213/2213 2211/2211/2211
f 2274/2274/2274 2273/2273/2273 2211/2211/2211
f 2274/2274/2274 2211/2211/2211 2209/2209/2209
f 2275/2275/2275 2274/2274/2274 2209/2209/2209
f 2275/2275/2275 2209/2209/2209 2207/2207/2207
f 2276/2276/2276 2275/2275/2275 2207/2207/2207
f 2276/2276/2276 2207/2207/2207 2205/2205/2205
f 2276/2276/2276 2277/2277/2277 2278/2278/2278
f 2276/2276/2276 2278/2278/2278 2279/2279/2279
f 1987/1987/1987 2265/2265/2265 2268/2268/2268
f 1987/1987/1987 2268/2268/2268 1988/1988/1988
f 2280/2280/2280 1944/1944/1944 1945/1945/1945
f 2280/2280/2280 1945/1945/1945 2281/2281/2281
f 2282/2282/2282 1946/1946/1946 1947/1947/1947
f 2282/2282/2282 1947/1947/1947 2283/2283/2283
f 1933/1933/1933 1948/1948/1948 1951/1951/1951
f 1933/1933/1933 1951/1951/1951 1934/1934/1934
f 1935/1935/1935 1952/1952/1952 1955/1955/1955
f 1935/1935/1935 1955/1955/1955 1936/1936/1936
f 2283/2283/2283 1947/1947/1947 1955/1955/1955
f 2283/2283/2283 1955/1955/1955 1954/1954/1954
f 1934/1934/1934 1951/1951/1951 1957/1957/1957
f 1934/1934/1934 1957/1957/1957 1927/1927/1927
f 2284/2284/2284 1958/1958/1958 1959/1959/1959
f 2284/2284/2284 1959/1959/1959 2285/2285/2285
f 1961/1961/1961 1960/1960/1960 1944/1944/1944
f 1961/1961/1961 1944/1944/1944 2280/2280/2280
f 1939/1939/1939 1960/1960/1960 1962/1962/1962
f 1939/1939/1939 1962/1962/1962 1940/1940/1940
f 2285/2285/2285 1959/1959/1959 1964/1964/1964
f 2285/2285/2285 1964/1964/1964 2286/2286/2286
f 2281/2281/2281 1945/1945/1945 1965/1965/1965
f 2281/2281/2281 1965/1965/1965 2287/2287/2287
f 1940/1940/1940 1962/1962/1962 1967/1967/1967
f 1940/1940/1940 1967/1967/1967 1943/1943/1943
f 2286/2286/2286 1964/1964/1964 1968/1968/1968
f 2286/2286/2286 1968/1968/1968 2288/2288/2288
f 2287/2287/2287 1965/1965/1965 1969/1969/1969
f 2287/2287/2287 1969/1969/1969 2289/2289/2289
f 2288/2288/2288 1968/1968/1968 1957/1957/1957
f 2288/2288/2288 1957/1957/1957 1956/1956/1956
f 2289/2289/2289 1969/1969/1969 1946/1946/1946
f 2289/2289/2289 1946/1946/1946 2282/2282/2282
f 2163/2163/2163 1949/1949/1949 1948/1948/1948
f 2163/2163/2163 1948/1948/1948 2142/2142/2142
f 1943/1943/1943 1967/1967/1967 2142/2142/2142
f 1943/1943/1943 2142/2142/2142 2143/2143/2143
f 1953/1953/1953 1952/1952/1952 2185/2185/2185
f 1953/1953/1953 2185/2185/2185 2290/2290/2290
f 2290/2290/2290 2185/2185/2185 2291/2291/2291
f 2185/2185/2185 2252/2252/2252 2291/2291/2291
f 2200/2200/2200 2199/2199/2199 2160/2160/2160
f 2200/2200/2200 2160/2160/2160 2186/2186/2186
f 1991/1991/1991 2292/2292/2292 2131/2131/2131
f 1991/1991/1991 2131/2131/2131 1990/1990/1990
f 2293/2293/2293 2294/2294/2294 2273/2273/2273
f 2293/2293/2293 2273/2273/2273 2274/2274/2274
f 2133/2133/2133 2159/2159/2159 1986/1986/1986
f 2133/2133/2133 1986/1986/1986 1990/1990/1990
f 2214/2214/2214 2213/2213/2213 2271/2271/2271
f 2214/2214/2214 2271/2271/2271 2269/2269/2269
f 2159/2159/2159 2253/2253/2253 1987/1987/1987
f 2159/2159/2159 1987/1987/1987 1986/1986/1986
f 2295/2295/2295 2161/2161/2161 2157/2157/2157
f 2295/2295/2295 2157/2157/2157 2155/2155/2155
f 2253/2253/2253 2216/2216/2216 2265/2265/2265
f 2253/2253/2253 2265/2265/2265 1987/1987/1987
f 2296/2296/2296 2297/2297/2297 2138/2138/2138
f 2296/2296/2296 2138/2138/2138 2136/2136/2136
f 2298/2298/2298 2295/2295/2295 2155/2155/2155
f 2298/2298/2298 2155/2155/2155 2140/2140/2140
f 2215/2215/2215 2214/2214/2214 2269/2269/2269
f 2215/2215/2215 2269/2269/2269 2266/2266/2266
f 2279/2279/2279 2299/2299/2299 2275/2275/2275
f 2279/2279/2279 2275/2275/2275 2276/2276/2276
f 2300/2300/2300 2296/2296/2296 2136/2136/2136
f 2300/2300/2300 2136/2136/2136 2134/2134/2134
f 2297/2297/2297 2298/2298/2298 2140/2140/2140
f 2297/2297/2297 2140/2140/2140 2138/2138/2138
f 2205/2205/2205 2204/2204/2204 2277/2277/2277
f 2205/2205/2205 2277/2277/2277 2276/2276/2276
f 2294/2294/2294 2272/2272/2272 2271/2271/2271
f 2294/2294/2294 2271/2271/2271 2273/2273/2273
f 2292/2292/2292 2300/2300/2300 2134/2134/2134
f 2292/2292/2292 2134/2134/2134 2131/2131/2131
f 2199/2199/2199 2158/2158/2158 2157/2157/2157
f 2199/2199/2199 2157/2157/2157 2160/2160/2160
f 2299/2299/2299 2293/2293/2293 2274/2274/2274
f 2299/2299/2299 2274/2274/2274 2275/2275/2275
f 2216/2216/2216 2215/2215/2215 2266/2266/2266
f 2216/2216/2216 2266/2266/2266 2265/2265/2265
f 2192/2192/2192 1609/1609/1609 2095/2095/2095
f 2192/2192/2192 2095/2095/2095 2264/2264/2264
f 2301/2301/2301 2302/2302/2302 2303/2303/2303
f 2301/2301/2301 2303/2303/2303 2304/2304/2304
f 2304/2304/2304 2303/2303/2303 2305/2305/2305
f 2304/2304/2304 2305/2305/2305 2306/2306/2306
f 2302/2302/2302 2307/2307/2307 2308/2308/2308
f 2302/2302/2302 2308/2308/2308 2303/2303/2303
f 2303/2303/2303 2308/2308/2308 2309/2309/2309
f 2303/2303/2303 2309/2309/2309 2305/2305/2305
f 2310/2310/2310 2311/2311/2311 2312/2312/2312
f 2310/2310/2310 2312/2312/2312 2313/2313/2313
f 2313/2313/2313 2312/2312/2312 2314/2314/2314
f 2313/2313/2313 2314/2314/2314 2315/2315/2315
f 2312/2312/2312 2316/2316/2316 2317/2317/2317
f 2312/2312/2312 2317/2317/2317 2314/2314/2314
f 2316/2316/2316 2318/2318/2318 2319/2319/2319
f 2316/2316/2316 2319/2319/2319 2320/2320/2320
f 2321/2321/2321 2301/2301/2301 2304/2304/2304
f 2321/2321/2321 2304/2304/2304 2322/2322/2322
f 2322/2322/2322 2304/2304/2304 2306/2306/2306
f 2322/2322/2322 2306/2306/2306 2323/2323/2323
f 2324/2324/2324 2325/2325/2325 2326/2326/2326
f 2324/2324/2324 2326/2326/2326 2327/2327/2327
f 2328/2328/2328 2329/2329/2329 2330/2330/2330
f 2328/2328/2328 2330/2330/2330 2331/2331/2331
f 2331/2331/2331 2330/2330/2330 2332/2332/2332
f 2331/2331/2331 2332/2332/2332 2333/2333/2333
f 2334/2334/2334 2335/2335/2335 2336/2336/2336
f 2334/2334/2334 2336/2336/2336 2337/2337/2337
f 2333/2333/2333 2332/2332/2332 2320/2320/2320
f 2333/2333/2333 2320/2320/2320 2319/2319/2319
f 2335/2335/2335 2338/2338/2338 2339/2339/2339
f 2335/2335/2335 2339/2339/2339 2336/2336/2336
f 2312/2312/2312 2311/2311/2311 2318/2318/2318
f 2312/2312/2312 2318/2318/2318 2316/2316/2316
f 2338/2338/2338 2340/2340/2340 2341/2341/2341
f 2338/2338/2338 2341/2341/2341 2339/2339/2339
f 2340/2340/2340 2324/2324/2324 2327/2327/2327
f 2340/2340/2340 2327/2327/2327 2341/2341/2341
f 2342/2342/2342 2343/2343/2343 2324/2324/2324
f 2342/2342/2342 2324/2324/2324 2340/2340/2340
f 2343/2343/2343 2344/2344/2344 2325/2325/2325
f 2343/2343/2343 2325/2325/2325 2324/2324/2324
f 2329/2329/2329 2345/2345/2345 2346/2346/2346
f 2329/2329/2329 2346/2346/2346 2330/2330/2330
f 2330/2330/2330 2346/2346/2346 2347/2347/2347
f 2330/2330/2330 2347/2347/2347 2332/2332/2332
f 2348/2348/2348 2349/2349/2349 2335/2335/2335
f 2348/2348/2348 2335/2335/2335 2334/2334/2334
f 2332/2332/2332 2347/2347/2347 2350/2350/2350
f 2332/2332/2332 2350/2350/2350 2320/2320/2320
f 2349/2349/2349 2351/2351/2351 2338/2338/2338
f 2349/2349/2349 2338/2338/2338 2335/2335/2335
f 2320/2320/2320 2350/2350/2350 2317/2317/2317
f 2320/2320/2320 2317/2317/2317 2316/2316/2316
f 2351/2351/2351 2342/2342/2342 2340/2340/2340
f 2351/2351/2351 2340/2340/2340 2338/2338/2338
f 2322/2322/2322 2334/2334/2334 2337/2337/2337
f 2322/2322/2322 2337/2337/2337 2321/2321/2321
f 2334/2334/2334 2322/2322/2322 2323/2323/2323
f 2334/2334/2334 2323/2323/2323 2348/2348/2348
f 2326/2326/2326 2325/2325/2325 2352/2352/2352
f 2326/2326/2326 2352/2352/2352 2353/2353/2353
f 2325/2325/2325 2344/2344/2344 2354/2354/2354
f 2325/2325/2325 2354/2354/2354 2352/2352/2352
f 2346/2346/2346 2355/2355/2355 2356/2356/2356
f 2346/2346/2346 2356/2356/2356 2347/2347/2347
f 2357/2357/2357 2358/2358/2358 2349/2349/2349
f 2357/2357/2357 2349/2349/2349 2348/2348/2348
f 2306/2306/2306 2305/2305/2305 2359/2359/2359
f 2306/2306/2306 2359/2359/2359 2360/2360/2360
f 2347/2347/2347 2356/2356/2356 2361/2361/2361
f 2347/2347/2347 2361/2361/2361 2350/2350/2350
f 2362/2362/2362 2354/2354/2354 2344/2344/2344
f 2362/2362/2362 2344/2344/2344 2363/2363/2363
f 2358/2358/2358 2364/2364/2364 2351/2351/2351
f 2358/2358/2358 2351/2351/2351 2349/2349/2349
f 2305/2305/2305 2309/2309/2309 2365/2365/2365
f 2305/2305/2305 2365/2365/2365 2359/2359/2359
f 2364/2364/2364 2366/2366/2366 2342/2342/2342
f 2364/2364/2364 2342/2342/2342 2351/2351/2351
f 2360/2360/2360 2367/2367/2367 2323/2323/2323
f 2360/2360/2360 2323/2323/2323 2306/2306/2306
f 2366/2366/2366 2368/2368/2368 2343/2343/2343
f 2366/2366/2366 2343/2343/2343 2342/2342/2342
f 2368/2368/2368 2363/2363/2363 2344/2344/2344
f 2368/2368/2368 2344/2344/2344 2343/2343/2343
f 2367/2367/2367 2357/2357/2357 2348/2348/2348
f 2367/2367/2367 2348/2348/2348 2323/2323/2323
f 2315/2315/2315 2314/2314/2314 2369/2369/2369
f 2315/2315/2315 2369/2369/2369 2370/2370/2370
f 2345/2345/2345 2371/2371/2371 2355/2355/2355
f 2345/2345/2345 2355/2355/2355 2346/2346/2346
f 2314/2314/2314 2317/2317/2317 2372/2372/2372
f 2314/2314/2314 2372/2372/2372 2369/2369/2369
f 2350/2350/2350 2361/2361/2361 2372/2372/2372
f 2350/2350/2350 2372/2372/2372 2317/2317/2317
f 2355/2355/2355 2373/2373/2373 2374/2374/2374
f 2355/2355/2355 2374/2374/2374 2356/2356/2356
f 2375/2375/2375 2376/2376/2376 2358/2358/2358
f 2375/2375/2375 2358/2358/2358 2357/2357/2357
f 2359/2359/2359 2365/2365/2365 2377/2377/2377
f 2359/2359/2359 2377/2377/2377 2378/2378/2378
f 2356/2356/2356 2374/2374/2374 2379/2379/2379
f 2356/2356/2356 2379/2379/2379 2361/2361/2361
f 2376/2376/2376 2380/2380/2380 2364/2364/2364
f 2376/2376/2376 2364/2364/2364 2358/2358/2358
f 2361/2361/2361 2379/2379/2379 2381/2381/2381
f 2361/2361/2361 2381/2381/2381 2372/2372/2372
f 2380/2380/2380 2382/2382/2382 2366/2366/2366
f 2380/2380/2380 2366/2366/2366 2364/2364/2364
f 2383/2383/2383 2375/2375/2375 2357/2357/2357
f 2383/2383/2383 2357/2357/2357 2367/2367/2367
f 2382/2382/2382 2384/2384/2384 2368/2368/2368
f 2382/2382/2382 2368/2368/2368 2366/2366/2366
f 2370/2370/2370 2369/2369/2369 2385/2385/2385
f 2370/2370/2370 2385/2385/2385 2386/2386/2386
f 2387/2387/2387 2362/2362/2362 2363/2363/2363
f 2387/2387/2387 2363/2363/2363 2388/2388/2388
f 2384/2384/2384 2388/2388/2388 2363/2363/2363
f 2384/2384/2384 2363/2363/2363 2368/2368/2368
f 2369/2369/2369 2372/2372/2372 2381/2381/2381
f 2369/2369/2369 2381/2381/2381 2385/2385/2385
f 2371/2371/2371 2389/2389/2389 2373/2373/2373
f 2371/2371/2371 2373/2373/2373 2355/2355/2355
f 2390/2390/2390 2383/2383/2383 2367/2367/2367
f 2390/2390/2390 2367/2367/2367 2360/2360/2360
f 2360/2360/2360 2359/2359/2359 2378/2378/2378
f 2360/2360/2360 2378/2378/2378 2390/2390/2390
f 2374/2374/2374 2391/2391/2391 2392/2392/2392
f 2374/2374/2374 2392/2392/2392 2379/2379/2379
f 2393/2393/2393 2394/2394/2394 2380/2380/2380
f 2393/2393/2393 2380/2380/2380 2376/2376/2376
f 2379/2379/2379 2392/2392/2392 2395/2395/2395
f 2379/2379/2379 2395/2395/2395 2381/2381/2381
f 2394/2394/2394 2396/2396/2396 2382/2382/2382
f 2394/2394/2394 2382/2382/2382 2380/2380/2380
f 2397/2397/2397 2398/2398/2398 2375/2375/2375
f 2397/2397/2397 2375/2375/2375 2383/2383/2383
f 2396/2396/2396 2399/2399/2399 2384/2384/2384
f 2396/2396/2396 2384/2384/2384 2382/2382/2382
f 2386/2386/2386 2385/2385/2385 2400/2400/2400
f 2386/2386/2386 2400/2400/2400 2401/2401/2401
f 2402/2402/2402 2387/2387/2387 2388/2388/2388
f 2402/2402/2402 2388/2388/2388 2403/2403/2403
f 2399/2399/2399 2403/2403/2403 2388/2388/2388
f 2399/2399/2399 2388/2388/2388 2384/2384/2384
f 2385/2385/2385 2381/2381/2381 2395/2395/2395
f 2385/2385/2385 2395/2395/2395 2400/2400/2400
f 2389/2389/2389 2404/2404/2404 2405/2405/2405
f 2389/2389/2389 2405/2405/2405 2373/2373/2373
f 2406/2406/2406 2397/2397/2397 2383/2383/2383
f 2406/2406/2406 2383/2383/2383 2390/2390/2390
f 2390/2390/2390 2378/2378/2378 2407/2407/2407
f 2390/2390/2390 2407/2407/2407 2406/2406/2406
f 2373/2373/2373 2405/2405/2405 2391/2391/2391
f 2373/2373/2373 2391/2391/2391 2374/2374/2374
f 2398/2398/2398 2393/2393/2393 2376/2376/2376
f 2398/2398/2398 2376/2376/2376 2375/2375/2375
f 2378/2378/2378 2377/2377/2377 2408/2408/2408
f 2378/2378/2378 2408/2408/2408 2407/2407/2407
f 2392/2392/2392 2409/2409/2409 2410/2410/2410
f 2392/2392/2392 2410/2410/2410 2395/2395/2395
f 2411/2411/2411 2412/2412/2412 2396/2396/2396
f 2411/2411/2411 2396/2396/2396 2394/2394/2394
f 2413/2413/2413 2414/2414/2414 2398/2398/2398
f 2413/2413/2413 2398/2398/2398 2397/2397/2397
f 2412/2412/2412 2415/2415/2415 2399/2399/2399
f 2412/2412/2412 2399/2399/2399 2396/2396/2396
f 2401/2401/2401 2400/2400/2400 2416/2416/2416
f 2401/2401/2401 2416/2416/2416 2417/2417/2417
f 2418/2418/2418 2402/2402/2402 2403/2403/2403
f 2418/2418/2418 2403/2403/2403 2419/2419/2419
f 2415/2415/2415 2419/2419/2419 2403/2403/2403
f 2415/2415/2415 2403/2403/2403 2399/2399/2399
f 2400/2400/2400 2395/2395/2395 2410/2410/2410
f 2400/2400/2400 2410/2410/2410 2416/2416/2416
f 2404/2404/2404 2420/2420/2420 2421/2421/2421
f 2404/2404/2404 2421/2421/2421 2405/2405/2405
f 2422/2422/2422 2413/2413/2413 2397/2397/2397
f 2422/2422/2422 2397/2397/2397 2406/2406/2406
f 2406/2406/2406 2407/2407/2407 2423/2423/2423
f 2406/2406/2406 2423/2423/2423 2422/2422/2422
f 2405/2405/2405 2421/2421/2421 2424/2424/2424
f 2405/2405/2405 2424/2424/2424 2391/2391/2391
f 2414/2414/2414 2425/2425/2425 2393/2393/2393
f 2414/2414/2414 2393/2393/2393 2398/2398/2398
f 2407/2407/2407 2408/2408/2408 2426/2426/2426
f 2407/2407/2407 2426/2426/2426 2423/2423/2423
f 2391/2391/2391 2424/2424/2424 2409/2409/2409
f 2391/2391/2391 2409/2409/2409 2392/2392/2392
f 2425/2425/2425 2411/2411/2411 2394/2394/2394
f 2425/2425/2425 2394/2394/2394 2393/2393/2393
f 2427/2427/2427 2428/2428/2428 2429/2429/2429
f 2427/2427/2427 2429/2429/2429 2430/2430/2430
f 2431/2431/2431 2432/2432/2432 2433/2433/2433
f 2431/2431/2431 2433/2433/2433 2434/2434/2434
f 2435/2435/2435 2436/2436/2436 2437/2437/2437
f 2435/2435/2435 2437/2437/2437 2438/2438/2438
f 2439/2439/2439 2440/2440/2440 2441/2441/2441
f 2439/2439/2439 2441/2441/2441 2442/2442/2442
f 2443/2443/2443 2444/2444/2444 2445/2445/2445
f 2443/2443/2443 2445/2445/2445 2446/2446/2446
f 2447/2447/2447 2448/2448/2448 2449/2449/2449
f 2447/2447/2447 2449/2449/2449 2450/2450/2450
f 2451/2451/2451 2452/2452/2452 2453/2453/2453
f 2451/2451/2451 2453/2453/2453 2454/2454/2454
f 2455/2455/2455 2456/2456/2456 2457/2457/2457
f 2455/2455/2455 2457/2457/2457 2458/2458/2458
f 2459/2459/2459 2460/2460/2460 2461/2461/2461
f 2459/2459/2459 2461/2461/2461 2462/2462/2462
f 2463/2463/2463 2464/2464/2464 2465/2465/2465
f 2463/2463/2463 2465/2465/2465 2466/2466/2466
f 2467/2467/2467 2438/2438/2438 2437/2437/2437
f 2467/2467/2467 2437/2437/2437 2468/2468/2468
f 2469/2469/2469 2470/2470/2470 2471/2471/2471
f 2469/2469/2469 2471/2471/2471 2472/2472/2472
f 2473/2473/2473 2474/2474/2474 2475/2475/2475
f 2473/2473/2473 2475/2475/2475 2476/2476/2476
f 2477/2477/2477 2478/2478/2478 2479/2479/2479
f 2477/2477/2477 2479/2479/2479 2480/2480/2480
f 2481/2481/2481 2482/2482/2482 2457/2457/2457
f 2481/2481/2481 2457/2457/2457 2456/2456/2456
f 2483/2483/2483 2484/2484/2484 2449/2449/2449
f 2483/2483/2483 2449/2449/2449 2448/2448/2448
f 2485/2485/2485 2486/2486/2486 2433/2433/2433
f 2485/2485/2485 2433/2433/2433 2432/2432/2432
f 2487/2487/2487 2488/2488/2488 2489/2489/2489
f 2487/2487/2487 2489/2489/2489 2490/2490/2490
f 2491/2491/2491 2492/2492/2492 2493/2493/2493
f 2491/2491/2491 2493/2493/2493 2494/2494/2494
f 2495/2495/2495 2493/2493/2493 2492/2492/2492
f 2495/2495/2495 2492/2492/2492 2496/2496/2496
f 2497/2497/2497 2430/2430/2430 2429/2429/2429
f 2497/2497/2497 2429/2429/2429 2498/2498/2498
f 2499/2499/2499 2434/2434/2434 2433/2433/2433
f 2499/2499/2499 2433/2433/2433 2500/2500/2500
f 2501/2501/2501 2502/2502/2502 2503/2503/2503
f 2501/2501/2501 2503/2503/2503 2504/2504/2504
f 2505/2505/2505 2506/2506/2506 2507/2507/2507
f 2505/2505/2505 2507/2507/2507 2508/2508/2508
f 2509/2509/2509 2510/2510/2510 2511/2511/2511
f 2509/2509/2509 2511/2511/2511 2512/2512/2512
f 2513/2513/2513 2514/2514/2514 2515/2515/2515
f 2513/2513/2513 2515/2515/2515 2516/2516/2516
f 2502/2502/2502 2505/2505/2505 2508/2508/2508
f 2502/2502/2502 2508/2508/2508 2503/2503/2503
f 2517/2517/2517 2518/2518/2518 2519/2519/2519
f 2517/2517/2517 2519/2519/2519 2520/2520/2520
f 2521/2521/2521 2522/2522/2522 2519/2519/2519
f 2521/2521/2521 2519/2519/2519 2523/2523/2523
f 2524/2524/2524 2525/2525/2525 2526/2526/2526
f 2524/2524/2524 2526/2526/2526 2527/2527/2527
f 2528/2528/2528 2529/2529/2529 2530/2530/2530
f 2528/2528/2528 2530/2530/2530 2531/2531/2531
f 2532/2532/2532 2533/2533/2533 2534/2534/2534
f 2532/2532/2532 2534/2534/2534 2535/2535/2535
f 2536/2536/2536 2537/2537/2537 2538/2538/2538
f 2536/2536/2536 2538/2538/2538 2539/2539/2539
f 2540/2540/2540 2541/2541/2541 2542/2542/2542
f 2540/2540/2540 2542/2542/2542 2543/2543/2543
f 2533/2533/2533 2540/2540/2540 2543/2543/2543
f 2533/2533/2533 2543/2543/2543 2534/2534/2534
f 2534/2534/2534 2543/2543/2543 2544/2544/2544
f 2534/2534/2534 2544/2544/2544 2545/2545/2545
f 2543/2543/2543 2542/2542/2542 2546/2546/2546
f 2543/2543/2543 2546/2546/2546 2544/2544/2544
f 2428/2428/2428 2435/2435/2435 2438/2438/2438
f 2428/2428/2428 2438/2438/2438 2429/2429/2429
f 2444/2444/2444 2439/2439/2439 2442/2442/2442
f 2444/2444/2444 2442/2442/2442 2445/2445/2445
f 2452/2452/2452 2459/2459/2459 2462/2462/2462
f 2452/2452/2452 2462/2462/2462 2453/2453/2453
f 2547/2547/2547 2548/2548/2548 2549/2549/2549
f 2547/2547/2547 2549/2549/2549 2550/2550/2550
f 2498/2498/2498 2429/2429/2429 2438/2438/2438
f 2498/2498/2498 2438/2438/2438 2467/2467/2467
f 2551/2551/2551 2552/2552/2552 2553/2553/2553
f 2551/2551/2551 2553/2553/2553 2554/2554/2554
f 2555/2555/2555 2556/2556/2556 2557/2557/2557
f 2555/2555/2555 2557/2557/2557 2558/2558/2558
f 2539/2539/2539 2538/2538/2538 2559/2559/2559
f 2539/2539/2539 2559/2559/2559 2560/2560/2560
f 2535/2535/2535 2534/2534/2534 2545/2545/2545
f 2535/2535/2535 2545/2545/2545 2561/2561/2561
f 2531/2531/2531 2530/2530/2530 2510/2510/2510
f 2531/2531/2531 2510/2510/2510 2509/2509/2509
f 2527/2527/2527 2526/2526/2526 2562/2562/2562
f 2527/2527/2527 2562/2562/2562 2563/2563/2563
f 2523/2523/2523 2519/2519/2519 2518/2518/2518
f 2523/2523/2523 2518/2518/2518 2564/2564/2564
f 2520/2520/2520 2519/2519/2519 2522/2522/2522
f 2520/2520/2520 2522/2522/2522 2565/2565/2565
f 2566/2566/2566 2567/2567/2567 2568/2568/2568
f 2566/2566/2566 2568/2568/2568 2569/2569/2569
f 2570/2570/2570 2515/2515/2515 2514/2514/2514
f 2570/2570/2570 2514/2514/2514 2571/2571/2571
f 2504/2504/2504 2503/2503/2503 2533/2533/2533
f 2504/2504/2504 2533/2533/2533 2532/2532/2532
f 2512/2512/2512 2511/2511/2511 2572/2572/2572
f 2512/2512/2512 2572/2572/2572 2573/2573/2573
f 2503/2503/2503 2508/2508/2508 2540/2540/2540
f 2503/2503/2503 2540/2540/2540 2533/2533/2533
f 2574/2574/2574 2575/2575/2575 2525/2525/2525
f 2574/2574/2574 2525/2525/2525 2524/2524/2524
f 2508/2508/2508 2507/2507/2507 2541/2541/2541
f 2508/2508/2508 2541/2541/2541 2540/2540/2540
f 2516/2516/2516 2515/2515/2515 2518/2518/2518
f 2516/2516/2516 2518/2518/2518 2517/2517/2517
f 2576/2576/2576 2577/2577/2577 2502/2502/2502
f 2576/2576/2576 2502/2502/2502 2501/2501/2501
f 2578/2578/2578 2579/2579/2579 2506/2506/2506
f 2578/2578/2578 2506/2506/2506 2505/2505/2505
f 2580/2580/2580 2581/2581/2581 2582/2582/2582
f 2580/2580/2580 2582/2582/2582 2583/2583/2583
f 2584/2584/2584 2585/2585/2585 2586/2586/2586
f 2584/2584/2584 2586/2586/2586 2587/2587/2587
f 2474/2474/2474 2588/2588/2588 2589/2589/2589
f 2474/2474/2474 2589/2589/2589 2475/2475/2475
f 2590/2590/2590 2477/2477/2477 2480/2480/2480
f 2590/2590/2590 2480/2480/2480 2500/2500/2500
f 2591/2591/2591 2495/2495/2495 2496/2496/2496
f 2591/2591/2591 2496/2496/2496 2592/2592/2592
f 2593/2593/2593 2594/2594/2594 2595/2595/2595
f 2593/2593/2593 2595/2595/2595 2596/2596/2596
f 2597/2597/2597 2598/2598/2598 2480/2480/2480
f 2597/2597/2597 2480/2480/2480 2479/2479/2479
f 2596/2596/2596 2595/2595/2595 2585/2585/2585
f 2596/2596/2596 2585/2585/2585 2584/2584/2584
f 2556/2556/2556 2599/2599/2599 2600/2600/2600
f 2556/2556/2556 2600/2600/2600 2557/2557/2557
f 2601/2601/2601 2602/2602/2602 2603/2603/2603
f 2601/2601/2601 2603/2603/2603 2604/2604/2604
f 2605/2605/2605 2606/2606/2606 2607/2607/2607
f 2605/2605/2605 2607/2607/2607 2608/2608/2608
f 2609/2609/2609 2610/2610/2610 2611/2611/2611
f 2609/2609/2609 2611/2611/2611 2612/2612/2612
f 2613/2613/2613 2614/2614/2614 2615/2615/2615
f 2613/2613/2613 2615/2615/2615 2616/2616/2616
f 2617/2617/2617 2618/2618/2618 2619/2619/2619
f 2617/2617/2617 2619/2619/2619 2620/2620/2620
f 2621/2621/2621 2622/2622/2622 2623/2623/2623
f 2621/2621/2621 2623/2623/2623 2624/2624/2624
f 2625/2625/2625 2626/2626/2626 2627/2627/2627
f 2625/2625/2625 2627/2627/2627 2628/2628/2628
f 2458/2458/2458 2457/2457/2457 2610/2610/2610
f 2458/2458/2458 2610/2610/2610 2609/2609/2609
f 2629/2629/2629 2601/2601/2601 2604/2604/2604
f 2629/2629/2629 2604/2604/2604 2630/2630/2630
f 2631/2631/2631 2629/2629/2629 2630/2630/2630
f 2631/2631/2631 2630/2630/2630 2632/2632/2632
f 2595/2595/2595 2498/2498/2498 2467/2467/2467
f 2595/2595/2595 2467/2467/2467 2585/2585/2585
f 2633/2633/2633 2634/2634/2634 2611/2611/2611
f 2633/2633/2633 2611/2611/2611 2610/2610/2610
f 2626/2626/2626 2547/2547/2547 2550/2550/2550
f 2626/2626/2626 2550/2550/2550 2627/2627/2627
f 2635/2635/2635 2636/2636/2636 2637/2637/2637
f 2635/2635/2635 2637/2637/2637 2638/2638/2638
f 2639/2639/2639 2640/2640/2640 2514/2514/2514
f 2639/2639/2639 2514/2514/2514 2513/2513/2513
f 2594/2594/2594 2497/2497/2497 2498/2498/2498
f 2594/2594/2594 2498/2498/2498 2595/2595/2595
f 2577/2577/2577 2578/2578/2578 2505/2505/2505
f 2577/2577/2577 2505/2505/2505 2502/2502/2502
f 2604/2604/2604 2603/2603/2603 2436/2436/2436
f 2604/2604/2604 2436/2436/2436 2435/2435/2435
f 2641/2641/2641 2583/2583/2583 2582/2582/2582
f 2641/2641/2641 2582/2582/2582 2642/2642/2642
f 2454/2454/2454 2453/2453/2453 2629/2629/2629
f 2454/2454/2454 2629/2629/2629 2631/2631/2631
f 2462/2462/2462 2461/2461/2461 2602/2602/2602
f 2462/2462/2462 2602/2602/2602 2601/2601/2601
f 2482/2482/2482 2633/2633/2633 2610/2610/2610
f 2482/2482/2482 2610/2610/2610 2457/2457/2457
f 2643/2643/2643 2616/2616/2616 2615/2615/2615
f 2643/2643/2643 2615/2615/2615 2644/2644/2644
f 2645/2645/2645 2640/2640/2640 2619/2619/2619
f 2645/2645/2645 2619/2619/2619 2618/2618/2618
f 2612/2612/2612 2611/2611/2611 2432/2432/2432
f 2612/2612/2612 2432/2432/2432 2431/2431/2431
f 2636/2636/2636 2487/2487/2487 2490/2490/2490
f 2636/2636/2636 2490/2490/2490 2637/2637/2637
f 2622/2622/2622 2463/2463/2463 2466/2466/2466
f 2622/2622/2622 2466/2466/2466 2623/2623/2623
f 2453/2453/2453 2462/2462/2462 2601/2601/2601
f 2453/2453/2453 2601/2601/2601 2629/2629/2629
f 2486/2486/2486 2590/2590/2590 2500/2500/2500
f 2486/2486/2486 2500/2500/2500 2433/2433/2433
f 2588/2588/2588 2469/2469/2469 2472/2472/2472
f 2588/2588/2588 2472/2472/2472 2589/2589/2589
f 2585/2585/2585 2467/2467/2467 2468/2468/2468
f 2585/2585/2585 2468/2468/2468 2586/2586/2586
f 2552/2552/2552 2625/2625/2625 2628/2628/2628
f 2552/2552/2552 2628/2628/2628 2553/2553/2553
f 2646/2646/2646 2635/2635/2635 2638/2638/2638
f 2646/2646/2646 2638/2638/2638 2647/2647/2647
f 2598/2598/2598 2499/2499/2499 2500/2500/2500
f 2598/2598/2598 2500/2500/2500 2480/2480/2480
f 2647/2647/2647 2591/2591/2591 2592/2592/2592
f 2647/2647/2647 2592/2592/2592 2646/2646/2646
f 2599/2599/2599 2551/2551/2551 2554/2554/2554
f 2599/2599/2599 2554/2554/2554 2600/2600/2600
f 2470/2470/2470 2621/2621/2621 2624/2624/2624
f 2470/2470/2470 2624/2624/2624 2471/2471/2471
f 2632/2632/2632 2630/2630/2630 2428/2428/2428
f 2632/2632/2632 2428/2428/2428 2427/2427/2427
f 2630/2630/2630 2604/2604/2604 2435/2435/2435
f 2630/2630/2630 2435/2435/2435 2428/2428/2428
f 2634/2634/2634 2485/2485/2485 2432/2432/2432
f 2634/2634/2634 2432/2432/2432 2611/2611/2611
f 2648/2648/2648 2649/2649/2649 2452/2452/2452
f 2648/2648/2648 2452/2452/2452 2451/2451/2451
f 2650/2650/2650 2651/2651/2651 2456/2456/2456
f 2650/2650/2650 2456/2456/2456 2455/2455/2455
f 2652/2652/2652 2653/2653/2653 2460/2460/2460
f 2652/2652/2652 2460/2460/2460 2459/2459/2459
f 2654/2654/2654 2481/2481/2481 2456/2456/2456
f 2654/2654/2654 2456/2456/2456 2651/2651/2651
f 2649/2649/2649 2652/2652/2652 2459/2459/2459
f 2649/2649/2649 2459/2459/2459 2452/2452/2452
f 2488/2488/2488 2655/2655/2655 2656/2656/2656
f 2488/2488/2488 2656/2656/2656 2489/2489/2489
f 2548/2548/2548 2657/2657/2657 2658/2658/2658
f 2548/2548/2548 2658/2658/2658 2549/2549/2549
f 2464/2464/2464 2659/2659/2659 2660/2660/2660
f 2464/2464/2464 2660/2660/2660 2465/2465/2465
f 2655/2655/2655 2617/2617/2617 2620/2620/2620
f 2655/2655/2655 2620/2620/2620 2656/2656/2656
f 2657/2657/2657 2641/2641/2641 2642/2642/2642
f 2657/2657/2657 2642/2642/2642 2658/2658/2658
f 2659/2659/2659 2643/2643/2643 2644/2644/2644
f 2659/2659/2659 2644/2644/2644 2660/2660/2660
f 2661/2661/2661 2662/2662/2662 2649/2649/2649
f 2661/2661/2661 2649/2649/2649 2648/2648/2648
f 2663/2663/2663 2664/2664/2664 2651/2651/2651
f 2663/2663/2663 2651/2651/2651 2650/2650/2650
f 2665/2665/2665 2666/2666/2666 2653/2653/2653
f 2665/2665/2665 2653/2653/2653 2652/2652/2652
f 2667/2667/2667 2654/2654/2654 2651/2651/2651
f 2667/2667/2667 2651/2651/2651 2664/2664/2664
f 2662/2662/2662 2665/2665/2665 2652/2652/2652
f 2662/2662/2662 2652/2652/2652 2649/2649/2649
f 2608/2608/2608 2607/2607/2607 2575/2575/2575
f 2608/2608/2608 2575/2575/2575 2574/2574/2574
f 2560/2560/2560 2559/2559/2559 2567/2567/2567
f 2560/2560/2560 2567/2567/2567 2566/2566/2566
f 2564/2564/2564 2518/2518/2518 2515/2515/2515
f 2564/2564/2564 2515/2515/2515 2570/2570/2570
f 2550/2550/2550 2549/2549/2549 2668/2668/2668
f 2550/2550/2550 2668/2668/2668 2669/2669/2669
f 2554/2554/2554 2553/2553/2553 2670/2670/2670
f 2554/2554/2554 2670/2670/2670 2671/2671/2671
f 2558/2558/2558 2557/2557/2557 2672/2672/2672
f 2558/2558/2558 2672/2672/2672 2673/2673/2673
f 2559/2559/2559 2674/2674/2674 2675/2675/2675
f 2559/2559/2559 2675/2675/2675 2567/2567/2567
f 2537/2537/2537 2676/2676/2676 2677/2677/2677
f 2537/2537/2537 2677/2677/2677 2538/2538/2538
f 2538/2538/2538 2677/2677/2677 2674/2674/2674
f 2538/2538/2538 2674/2674/2674 2559/2559/2559
f 2567/2567/2567 2675/2675/2675 2678/2678/2678
f 2567/2567/2567 2678/2678/2678 2568/2568/2568
f 2557/2557/2557 2600/2600/2600 2679/2679/2679
f 2557/2557/2557 2679/2679/2679 2672/2672/2672
f 2581/2581/2581 2680/2680/2680 2681/2681/2681
f 2581/2581/2581 2681/2681/2681 2582/2582/2582
f 2628/2628/2628 2627/2627/2627 2682/2682/2682
f 2628/2628/2628 2682/2682/2682 2683/2683/2683
f 2642/2642/2642 2582/2582/2582 2681/2681/2681
f 2642/2642/2642 2681/2681/2681 2684/2684/2684
f 2627/2627/2627 2550/2550/2550 2669/2669/2669
f 2627/2627/2627 2669/2669/2669 2682/2682/2682
f 2600/2600/2600 2554/2554/2554 2671/2671/2671
f 2600/2600/2600 2671/2671/2671 2679/2679/2679
f 2553/2553/2553 2628/2628/2628 2683/2683/2683
f 2553/2553/2553 2683/2683/2683 2670/2670/2670
f 2549/2549/2549 2658/2658/2658 2685/2685/2685
f 2549/2549/2549 2685/2685/2685 2668/2668/2668
f 2658/2658/2658 2642/2642/2642 2684/2684/2684
f 2658/2658/2658 2684/2684/2684 2685/2685/2685
f 2686/2686/2686 2687/2687/2687 2551/2551/2551
f 2686/2686/2686 2551/2551/2551 2599/2599/2599
f 2688/2688/2688 2689/2689/2689 2556/2556/2556
f 2688/2688/2688 2556/2556/2556 2555/2555/2555
f 2689/2689/2689 2686/2686/2686 2599/2599/2599
f 2689/2689/2689 2599/2599/2599 2556/2556/2556
f 2690/2690/2690 2691/2691/2691 2583/2583/2583
f 2690/2690/2690 2583/2583/2583 2641/2641/2641
f 2692/2692/2692 2539/2539/2539 2560/2560/2560
f 2692/2692/2692 2560/2560/2560 2693/2693/2693
f 2694/2694/2694 2695/2695/2695 2625/2625/2625
f 2694/2694/2694 2625/2625/2625 2552/2552/2552
f 2696/2696/2696 2697/2697/2697 2657/2657/2657
f 2696/2696/2696 2657/2657/2657 2548/2548/2548
f 2698/2698/2698 2566/2566/2566 2569/2569/2569
f 2698/2698/2698 2569/2569/2569 2699/2699/2699
f 2700/2700/2700 2696/2696/2696 2548/2548/2548
f 2700/2700/2700 2548/2548/2548 2547/2547/2547
f 2687/2687/2687 2694/2694/2694 2552/2552/2552
f 2687/2687/2687 2552/2552/2552 2551/2551/2551
f 2701/2701/2701 2700/2700/2700 2547/2547/2547
f 2701/2701/2701 2547/2547/2547 2626/2626/2626
f 2693/2693/2693 2560/2560/2560 2566/2566/2566
f 2693/2693/2693 2566/2566/2566 2698/2698/2698
f 2702/2702/2702 2536/2536/2536 2539/2539/2539
f 2702/2702/2702 2539/2539/2539 2692/2692/2692
f 2697/2697/2697 2690/2690/2690 2641/2641/2641
f 2697/2697/2697 2641/2641/2641 2657/2657/2657
f 2703/2703/2703 2580/2580/2580 2583/2583/2583
f 2703/2703/2703 2583/2583/2583 2691/2691/2691
f 2695/2695/2695 2701/2701/2701 2626/2626/2626
f 2695/2695/2695 2626/2626/2626 2625/2625/2625
f 2704/2704/2704 2705/2705/2705 2706/2706/2706
f 2704/2704/2704 2706/2706/2706 2707/2707/2707
f 2545/2545/2545 2544/2544/2544 2708/2708/2708
f 2545/2545/2545 2708/2708/2708 2709/2709/2709
f 2710/2710/2710 2706/2706/2706 2705/2705/2705
f 2710/2710/2710 2705/2705/2705 2711/2711/2711
f 2561/2561/2561 2545/2545/2545 2709/2709/2709
f 2561/2561/2561 2709/2709/2709 2712/2712/2712
f 2713/2713/2713 2714/2714/2714 2522/2522/2522
f 2713/2713/2713 2522/2522/2522 2521/2521/2521
f 2563/2563/2563 2562/2562/2562 2715/2715/2715
f 2563/2563/2563 2715/2715/2715 2716/2716/2716
f 2717/2717/2717 2563/2563/2563 2716/2716/2716
f 2717/2717/2717 2716/2716/2716 2718/2718/2718
f 2565/2565/2565 2522/2522/2522 2714/2714/2714
f 2565/2565/2565 2714/2714/2714 2719/2719/2719
f 2720/2720/2720 2713/2713/2713 2521/2521/2521
f 2720/2720/2720 2521/2521/2521 2721/2721/2721
f 2544/2544/2544 2546/2546/2546 2722/2722/2722
f 2544/2544/2544 2722/2722/2722 2708/2708/2708
f 2718/2718/2718 2716/2716/2716 2723/2723/2723
f 2718/2718/2718 2723/2723/2723 2724/2724/2724
f 2720/2720/2720 2724/2724/2724 2723/2723/2723
f 2720/2720/2720 2723/2723/2723 2713/2713/2713
f 2713/2713/2713 2723/2723/2723 2725/2725/2725
f 2713/2713/2713 2725/2725/2725 2714/2714/2714
f 2723/2723/2723 2716/2716/2716 2715/2715/2715
f 2723/2723/2723 2715/2715/2715 2725/2725/2725
f 2726/2726/2726 2712/2712/2712 2709/2709/2709
f 2726/2726/2726 2709/2709/2709 2708/2708/2708
f 2726/2726/2726 2719/2719/2719 2714/2714/2714
f 2726/2726/2726 2714/2714/2714 2725/2725/2725
f 2663/2663/2663 2666/2666/2666 2577/2577/2577
f 2663/2663/2663 2577/2577/2577 2576/2576/2576
f 2665/2665/2665 2662/2662/2662 2579/2579/2579
f 2665/2665/2665 2579/2579/2579 2578/2578/2578
f 2569/2569/2569 2568/2568/2568 2581/2581/2581
f 2569/2569/2569 2581/2581/2581 2580/2580/2580
f 2667/2667/2667 2664/2664/2664 2606/2606/2606
f 2667/2667/2667 2606/2606/2606 2605/2605/2605
f 2573/2573/2573 2572/2572/2572 2614/2614/2614
f 2573/2573/2573 2614/2614/2614 2613/2613/2613
f 2661/2661/2661 2619/2619/2619 2640/2640/2640
f 2661/2661/2661 2640/2640/2640 2639/2639/2639
f 2666/2666/2666 2665/2665/2665 2578/2578/2578
f 2666/2666/2666 2578/2578/2578 2577/2577/2577
f 2571/2571/2571 2514/2514/2514 2640/2640/2640
f 2571/2571/2571 2640/2640/2640 2645/2645/2645
f 2568/2568/2568 2678/2678/2678 2680/2680/2680
f 2568/2568/2568 2680/2680/2680 2581/2581/2581
f 2699/2699/2699 2569/2569/2569 2580/2580/2580
f 2699/2699/2699 2580/2580/2580 2703/2703/2703
f 2727/2727/2727 2728/2728/2728 2729/2729/2729
f 2727/2727/2727 2729/2729/2729 2730/2730/2730
f 2731/2731/2731 2732/2732/2732 2733/2733/2733
f 2731/2731/2731 2733/2733/2733 2734/2734/2734
f 2735/2735/2735 2736/2736/2736 2737/2737/2737
f 2735/2735/2735 2737/2737/2737 2738/2738/2738
f 2739/2739/2739 2740/2740/2740 2741/2741/2741
f 2739/2739/2739 2741/2741/2741 2742/2742/2742
f 2743/2743/2743 2744/2744/2744 2745/2745/2745
f 2743/2743/2743 2745/2745/2745 2746/2746/2746
f 2747/2747/2747 2748/2748/2748 2749/2749/2749
f 2747/2747/2747 2749/2749/2749 2750/2750/2750
f 2751/2751/2751 2752/2752/2752 2753/2753/2753
f 2751/2751/2751 2753/2753/2753 2754/2754/2754
f 2755/2755/2755 2756/2756/2756 2757/2757/2757
f 2755/2755/2755 2757/2757/2757 2758/2758/2758
f 2759/2759/2759 2760/2760/2760 2761/2761/2761
f 2759/2759/2759 2761/2761/2761 2762/2762/2762
f 2763/2763/2763 2764/2764/2764 2765/2765/2765
f 2763/2763/2763 2765/2765/2765 2766/2766/2766
f 2767/2767/2767 2738/2738/2738 2737/2737/2737
f 2767/2767/2767 2737/2737/2737 2768/2768/2768
f 2769/2769/2769 2770/2770/2770 2771/2771/2771
f 2769/2769/2769 2771/2771/2771 2772/2772/2772
f 2773/2773/2773 2774/2774/2774 2775/2775/2775
f 2773/2773/2773 2775/2775/2775 2776/2776/2776
f 2777/2777/2777 2778/2778/2778 2779/2779/2779
f 2777/2777/2777 2779/2779/2779 2780/2780/2780
f 2781/2781/2781 2782/2782/2782 2757/2757/2757
f 2781/2781/2781 2757/2757/2757 2756/2756/2756
f 2783/2783/2783 2784/2784/2784 2749/2749/2749
f 2783/2783/2783 2749/2749/2749 2748/2748/2748
f 2785/2785/2785 2786/2786/2786 2733/2733/2733
f 2785/2785/2785 2733/2733/2733 2732/2732/2732
f 2787/2787/2787 2788/2788/2788 2789/2789/2789
f 2787/2787/2787 2789/2789/2789 2790/2790/2790
f 2791/2791/2791 2792/2792/2792 2793/2793/2793
f 2791/2791/2791 2793/2793/2793 2794/2794/2794
f 2795/2795/2795 2793/2793/2793 2792/2792/2792
f 2795/2795/2795 2792/2792/2792 2796/2796/2796
f 2797/2797/2797 2730/2730/2730 2729/2729/2729
f 2797/2797/2797 2729/2729/2729 2798/2798/2798
f 2799/2799/2799 2734/2734/2734 2733/2733/2733
f 2799/2799/2799 2733/2733/2733 2800/2800/2800
f 2801/2801/2801 2802/2802/2802 2803/2803/2803
f 2801/2801/2801 2803/2803/2803 2804/2804/2804
f 2805/2805/2805 2806/2806/2806 2807/2807/2807
f 2805/2805/2805 2807/2807/2807 2808/2808/2808
f 2809/2809/2809 2810/2810/2810 2811/2811/2811
f 2809/2809/2809 2811/2811/2811 2812/2812/2812
f 2813/2813/2813 2814/2814/2814 2815/2815/2815
f 2813/2813/2813 2815/2815/2815 2816/2816/2816
f 2802/2802/2802 2805/2805/2805 2808/2808/2808
f 2802/2802/2802 2808/2808/2808 2803/2803/2803
f 2817/2817/2817 2818/2818/2818 2819/2819/2819
f 2817/2817/2817 2819/2819/2819 2820/2820/2820
f 2821/2821/2821 2822/2822/2822 2819/2819/2819
f 2821/2821/2821 2819/2819/2819 2823/2823/2823
f 2824/2824/2824 2825/2825/2825 2826/2826/2826
f 2824/2824/2824 2826/2826/2826 2827/2827/2827
f 2828/2828/2828 2829/2829/2829 2830/2830/2830
f 2828/2828/2828 2830/2830/2830 2831/2831/2831
f 2832/2832/2832 2833/2833/2833 2834/2834/2834
f 2832/2832/2832 2834/2834/2834 2835/2835/2835
f 2836/2836/2836 2837/2837/2837 2838/2838/2838
f 2836/2836/2836 2838/2838/2838 2839/2839/2839
f 2840/2840/2840 2841/2841/2841 2842/2842/2842
f 2840/2840/2840 2842/2842/2842 2843/2843/2843
f 2833/2833/2833 2840/2840/2840 2843/2843/2843
f 2833/2833/2833 2843/2843/2843 2834/2834/2834
f 2834/2834/2834 2843/2843/2843 2844/2844/2844
f 2834/2834/2834 2844/2844/2844 2845/2845/2845
f 2843/2843/2843 2842/2842/2842 2846/2846/2846
f 2843/2843/2843 2846/2846/2846 2844/2844/2844
f 2728/2728/2728 2735/2735/2735 2738/2738/2738
f 2728/2728/2728 2738/2738/2738 2729/2729/2729
f 2744/2744/2744 2739/2739/2739 2742/2742/2742
f 2744/2744/2744 2742/2742/2742 2745/2745/2745
f 2752/2752/2752 2759/2759/2759 2762/2762/2762
f 2752/2752/2752 2762/2762/2762 2753/2753/2753
f 2847/2847/2847 2848/2848/2848 2849/2849/2849
f 2847/2847/2847 2849/2849/2849 2850/2850/2850
f 2798/2798/2798 2729/2729/2729 2738/2738/2738
f 2798/2798/2798 2738/2738/2738 2767/2767/2767
f 2851/2851/2851 2852/2852/2852 2853/2853/2853
f 2851/2851/2851 2853/2853/2853 2854/2854/2854
f 2855/2855/2855 2856/2856/2856 2857/2857/2857
f 2855/2855/2855 2857/2857/2857 2858/2858/2858
f 2839/2839/2839 2838/2838/2838 2859/2859/2859
f 2839/2839/2839 2859/2859/2859 2860/2860/2860
f 2835/2835/2835 2834/2834/2834 2845/2845/2845
f 2835/2835/2835 2845/2845/2845 2861/2861/2861
f 2831/2831/2831 2830/2830/2830 2810/2810/2810
f 2831/2831/2831 2810/2810/2810 2809/2809/2809
f 2827/2827/2827 2826/2826/2826 2862/2862/2862
f 2827/2827/2827 2862/2862/2862 2863/2863/2863
f 2823/2823/2823 2819/2819/2819 2818/2818/2818
f 2823/2823/2823 2818/2818/2818 2864/2864/2864
f 2820/2820/2820 2819/2819/2819 2822/2822/2822
f 2820/2820/2820 2822/2822/2822 2865/2865/2865
f 2866/2866/2866 2867/2867/2867 2868/2868/2868
f 2866/2866/2866 2868/2868/2868 2869/2869/2869
f 2870/2870/2870 2815/2815/2815 2814/2814/2814
f 2870/2870/2870 2814/2814/2814 2871/2871/2871
f 2804/2804/2804 2803/2803/2803 2833/2833/2833
f 2804/2804/2804 2833/2833/2833 2832/2832/2832
f 2812/2812/2812 2811/2811/2811 2872/2872/2872
f 2812/2812/2812 2872/2872/2872 2873/2873/2873
f 2803/2803/2803 2808/2808/2808 2840/2840/2840
f 2803/2803/2803 2840/2840/2840 2833/2833/2833
f 2874/2874/2874 2875/2875/2875 2825/2825/2825
f 2874/2874/2874 2825/2825/2825 2824/2824/2824
f 2808/2808/2808 2807/2807/2807 2841/2841/2841
f 2808/2808/2808 2841/2841/2841 2840/2840/2840
f 2816/2816/2816 2815/2815/2815 2818/2818/2818
f 2816/2816/2816 2818/2818/2818 2817/2817/2817
f 2876/2876/2876 2877/2877/2877 2802/2802/2802
f 2876/2876/2876 2802/2802/2802 2801/2801/2801
f 2878/2878/2878 2879/2879/2879 2806/2806/2806
f 2878/2878/2878 2806/2806/2806 2805/2805/2805
f 2880/2880/2880 2881/2881/2881 2882/2882/2882
f 2880/2880/2880 2882/2882/2882 2883/2883/2883
f 2884/2884/2884 2885/2885/2885 2886/2886/2886
f 2884/2884/2884 2886/2886/2886 2887/2887/2887
f 2774/2774/2774 2888/2888/2888 2889/2889/2889
f 2774/2774/2774 2889/2889/2889 2775/2775/2775
f 2890/2890/2890 2777/2777/2777 2780/2780/2780
f 2890/2890/2890 2780/2780/2780 2800/2800/2800
f 2891/2891/2891 2795/2795/2795 2796/2796/2796
f 2891/2891/2891 2796/2796/2796 2892/2892/2892
f 2893/2893/2893 2894/2894/2894 2895/2895/2895
f 2893/2893/2893 2895/2895/2895 2896/2896/2896
f 2897/2897/2897 2898/2898/2898 2780/2780/2780
f 2897/2897/2897 2780/2780/2780 2779/2779/2779
f 2896/2896/2896 2895/2895/2895 2885/2885/2885
f 2896/2896/2896 2885/2885/2885 2884/2884/2884
f 2856/2856/2856 2899/2899/2899 2900/2900/2900
f 2856/2856/2856 2900/2900/2900 2857/2857/2857
f 2901/2901/2901 2902/2902/2902 2903/2903/2903
f 2901/2901/2901 2903/2903/2903 2904/2904/2904
f 2905/2905/2905 2906/2906/2906 2907/2907/2907
f 2905/2905/2905 2907/2907/2907 2908/2908/2908
f 2909/2909/2909 2910/2910/2910 2911/2911/2911
f 2909/2909/2909 2911/2911/2911 2912/2912/2912
f 2913/2913/2913 2914/2914/2914 2915/2915/2915
f 2913/2913/2913 2915/2915/2915 2916/2916/2916
f 2917/2917/2917 2918/2918/2918 2919/2919/2919
f 2917/2917/2917 2919/2919/2919 2920/2920/2920
f 2921/2921/2921 2922/2922/2922 2923/2923/2923
f 2921/2921/2921 2923/2923/2923 2924/2924/2924
f 2925/2925/2925 2926/2926/2926 2927/2927/2927
f 2925/2925/2925 2927/2927/2927 2928/2928/2928
f 2758/2758/2758 2757/2757/2757 2910/2910/2910
f 2758/2758/2758 2910/2910/2910 2909/2909/2909
f 2929/2929/2929 2901/2901/2901 2904/2904/2904
f 2929/2929/2929 2904/2904/2904 2930/2930/2930
f 2931/2931/2931 2929/2929/2929 2930/2930/2930
f 2931/2931/2931 2930/2930/2930 2932/2932/2932
f 2895/2895/2895 2798/2798/2798 2767/2767/2767
f 2895/2895/2895 2767/2767/2767 2885/2885/2885
f 2933/2933/2933 2934/2934/2934 2911/2911/2911
f 2933/2933/2933 2911/2911/2911 2910/2910/2910
f 2926/2926/2926 2847/2847/2847 2850/2850/2850
f 2926/2926/2926 2850/2850/2850 2927/2927/2927
f 2935/2935/2935 2936/2936/2936 2937/2937/2937
f 2935/2935/2935 2937/2937/2937 2938/2938/2938
f 2939/2939/2939 2940/2940/2940 2814/2814/2814
f 2939/2939/2939 2814/2814/2814 2813/2813/2813
f 2894/2894/2894 2797/2797/2797 2798/2798/2798
f 2894/2894/2894 2798/2798/2798 2895/2895/2895
f 2877/2877/2877 2878/2878/2878 2805/2805/2805
f 2877/2877/2877 2805/2805/2805 2802/2802/2802
f 2904/2904/2904 2903/2903/2903 2736/2736/2736
f 2904/2904/2904 2736/2736/2736 2735/2735/2735
f 2941/2941/2941 2883/2883/2883 2882/2882/2882
f 2941/2941/2941 2882/2882/2882 2942/2942/2942
f 2754/2754/2754 2753/2753/2753 2929/2929/2929
f 2754/2754/2754 2929/2929/2929 2931/2931/2931
f 2762/2762/2762 2761/2761/2761 2902/2902/2902
f 2762/2762/2762 2902/2902/2902 2901/2901/2901
f 2782/2782/2782 2933/2933/2933 2910/2910/2910
f 2782/2782/2782 2910/2910/2910 2757/2757/2757
f 2943/2943/2943 2916/2916/2916 2915/2915/2915
f 2943/2943/2943 2915/2915/2915 2944/2944/2944
f 2945/2945/2945 2940/2940/2940 2919/2919/2919
f 2945/2945/2945 2919/2919/2919 2918/2918/2918
f 2912/2912/2912 2911/2911/2911 2732/2732/2732
f 2912/2912/2912 2732/2732/2732 2731/2731/2731
f 2936/2936/2936 2787/2787/2787 2790/2790/2790
f 2936/2936/2936 2790/2790/2790 2937/2937/2937
f 2922/2922/2922 2763/2763/2763 2766/2766/2766
f 2922/2922/2922 2766/2766/2766 2923/2923/2923
f 2753/2753/2753 2762/2762/2762 2901/2901/2901
f 2753/2753/2753 2901/2901/2901 2929/2929/2929
f 2786/2786/2786 2890/2890/2890 2800/2800/2800
f 2786/2786/2786 2800/2800/2800 2733/2733/2733
f 2888/2888/2888 2769/2769/2769 2772/2772/2772
f 2888/2888/2888 2772/2772/2772 2889/2889/2889
f 2885/2885/2885 2767/2767/2767 2768/2768/2768
f 2885/2885/2885 2768/2768/2768 2886/2886/2886
f 2852/2852/2852 2925/2925/2925 2928/2928/2928
f 2852/2852/2852 2928/2928/2928 2853/2853/2853
f 2946/2946/2946 2935/2935/2935 2938/2938/2938
f 2946/2946/2946 2938/2938/2938 2947/2947/2947
f 2898/2898/2898 2799/2799/2799 2800/2800/2800
f 2898/2898/2898 2800/2800/2800 2780/2780/2780
f 2947/2947/2947 2891/2891/2891 2892/2892/2892
f 2947/2947/2947 2892/2892/2892 2946/2946/2946
f 2899/2899/2899 2851/2851/2851 2854/2854/2854
f 2899/2899/2899 2854/2854/2854 2900/2900/2900
f 2770/2770/2770 2921/2921/2921 2924/2924/2924
f 2770/2770/2770 2924/2924/2924 2771/2771/2771
f 2932/2932/2932 2930/2930/2930 2728/2728/2728
f 2932/2932/2932 2728/2728/2728 2727/2727/2727
f 2930/2930/2930 2904/2904/2904 2735/2735/2735
f 2930/2930/2930 2735/2735/2735 2728/2728/2728
f 2934/2934/2934 2785/2785/2785 2732/2732/2732
f 2934/2934/2934 2732/2732/2732 2911/2911/2911
f 2948/2948/2948 2949/2949/2949 2752/2752/2752
f 2948/2948/2948 2752/2752/2752 2751/2751/2751
f 2950/2950/2950 2951/2951/2951 2756/2756/2756
f 2950/2950/2950 2756/2756/2756 2755/2755/2755
f 2952/2952/2952 2953/2953/2953 2760/2760/2760
f 2952/2952/2952 2760/2760/2760 2759/2759/2759
f 2954/2954/2954 2781/2781/2781 2756/2756/2756
f 2954/2954/2954 2756/2756/2756 2951/2951/2951
f 2949/2949/2949 2952/2952/2952 2759/2759/2759
f 2949/2949/2949 2759/2759/2759 2752/2752/2752
f 2788/2788/2788 2955/2955/2955 2956/2956/2956
f 2788/2788/2788 2956/2956/2956 2789/2789/2789
f 2848/2848/2848 2957/2957/2957 2958/2958/2958
f 2848/2848/2848 2958/2958/2958 2849/2849/2849
f 2764/2764/2764 2959/2959/2959 2960/2960/2960
f 2764/2764/2764 2960/2960/2960 2765/2765/2765
f 2955/2955/2955 2917/2917/2917 2920/2920/2920
f 2955/2955/2955 2920/2920/2920 2956/2956/2956
f 2957/2957/2957 2941/2941/2941 2942/2942/2942
f 2957/2957/2957 2942/2942/2942 2958/2958/2958
f 2959/2959/2959 2943/2943/2943 2944/2944/2944
f 2959/2959/2959 2944/2944/2944 2960/2960/2960
f 2961/2961/2961 2962/2962/2962 2949/2949/2949
f 2961/2961/2961 2949/2949/2949 2948/2948/2948
f 2963/2963/2963 2964/2964/2964 2951/2951/2951
f 2963/2963/2963 2951/2951/2951 2950/2950/2950
f 2965/2965/2965 2966/2966/2966 2953/2953/2953
f 2965/2965/2965 2953/2953/2953 2952/2952/2952
f 2967/2967/2967 2954/2954/2954 2951/2951/2951
f 2967/2967/2967 2951/2951/2951 2964/2964/2964
f 2962/2962/2962 2965/2965/2965 2952/2952/2952
f 2962/2962/2962 2952/2952/2952 2949/2949/2949
f 2908/2908/2908 2907/2907/2907 2875/2875/2875
f 2908/2908/2908 2875/2875/2875 2874/2874/2874
f 2860/2860/2860 2859/2859/2859 2867/2867/2867
f 2860/2860/2860 2867/2867/2867 2866/2866/2866
f 2864/2864/2864 2818/2818/2818 2815/2815/2815
f 2864/2864/2864 2815/2815/2815 2870/2870/2870
f 2850/2850/2850 2849/2849/2849 2968/2968/2968
f 2850/2850/2850 2968/2968/2968 2969/2969/2969
f 2854/2854/2854 2853/2853/2853 2970/2970/2970
f 2854/2854/2854 2970/2970/2970 2971/2971/2971
f 2858/2858/2858 2857/2857/2857 2972/2972/2972
f 2858/2858/2858 2972/2972/2972 2973/2973/2973
f 2859/2859/2859 2974/2974/2974 2975/2975/2975
f 2859/2859/2859 2975/2975/2975 2867/2867/2867
f 2837/2837/2837 2976/2976/2976 2977/2977/2977
f 2837/2837/2837 2977/2977/2977 2838/2838/2838
f 2838/2838/2838 2977/2977/2977 2974/2974/2974
f 2838/2838/2838 2974/2974/2974 2859/2859/2859
f 2867/2867/2867 2975/2975/2975 2978/2978/2978
f 2867/2867/2867 2978/2978/2978 2868/2868/2868
f 2857/2857/2857 2900/2900/2900 2979/2979/2979
f 2857/2857/2857 2979/2979/2979 2972/2972/2972
f 2881/2881/2881 2980/2980/2980 2981/2981/2981
f 2881/2881/2881 2981/2981/2981 2882/2882/2882
f 2928/2928/2928 2927/2927/2927 2982/2982/2982
f 2928/2928/2928 2982/2982/2982 2983/2983/2983
f 2942/2942/2942 2882/2882/2882 2981/2981/2981
f 2942/2942/2942 2981/2981/2981 2984/2984/2984
f 2927/2927/2927 2850/2850/2850 2969/2969/2969
f 2927/2927/2927 2969/2969/2969 2982/2982/2982
f 2900/2900/2900 2854/2854/2854 2971/2971/2971
f 2900/2900/2900 2971/2971/2971 2979/2979/2979
f 2853/2853/2853 2928/2928/2928 2983/2983/2983
f 2853/2853/2853 2983/2983/2983 2970/2970/2970
f 2849/2849/2849 2958/2958/2958 2985/2985/2985
f 2849/2849/2849 2985/2985/2985 2968/2968/2968
f 2958/2958/2958 2942/2942/2942 2984/2984/2984
f 2958/2958/2958 2984/2984/2984 2985/2985/2985
f 2986/2986/2986 2987/2987/2987 2851/2851/2851
f 2986/2986/2986 2851/2851/2851 2899/2899/2899
f 2988/2988/2988 2989/2989/2989 2856/2856/2856
f 2988/2988/2988 2856/2856/2856 2855/2855/2855
f 2989/2989/2989 2986/2986/2986 2899/2899/2899
f 2989/2989/2989 2899/2899/2899 2856/2856/2856
f 2990/2990/2990 2991/2991/2991 2883/2883/2883
f 2990/2990/2990 2883/2883/2883 2941/2941/2941
f 2992/2992/2992 2839/2839/2839 2860/2860/2860
f 2992/2992/2992 2860/2860/2860 2993/2993/2993
f 2994/2994/2994 2995/2995/2995 2925/2925/2925
f 2994/2994/2994 2925/2925/2925 2852/2852/2852
f 2996/2996/2996 2997/2997/2997 2957/2957/2957
f 2996/2996/2996 2957/2957/2957 2848/2848/2848
f 2998/2998/2998 2866/2866/2866 2869/2869/2869
f 2998/2998/2998 2869/2869/2869 2999/2999/2999
f 3000/3000/3000 2996/2996/2996 2848/2848/2848
f 3000/3000/3000 2848/2848/2848 2847/2847/2847
f 2987/2987/2987 2994/2994/2994 2852/2852/2852
f 2987/2987/2987 2852/2852/2852 2851/2851/2851
f 3001/3001/3001 3000/3000/3000 2847/2847/2847
f 3001/3001/3001 2847/2847/2847 2926/2926/2926
f 2993/2993/2993 2860/2860/2860 2866/2866/2866
f 2993/2993/2993 2866/2866/2866 2998/2998/2998
f 3002/3002/3002 2836/2836/2836 2839/2839/2839
f 3002/3002/3002 2839/2839/2839 2992/2992/2992
f 2997/2997/2997 2990/2990/2990 2941/2941/2941
f 2997/2997/2997 2941/2941/2941 2957/2957/2957
f 3003/3003/3003 2880/2880/2880 2883/2883/2883
f 3003/3003/3003 2883/2883/2883 2991/2991/2991
f 2995/2995/2995 3001/3001/3001 2926/2926/2926
f 2995/2995/2995 2926/2926/2926 2925/2925/2925
f 3004/3004/3004 3005/3005/3005 3006/3006/3006
f 3004/3004/3004 3006/3006/3006 3007/3007/3007
f 2845/2845/2845 2844/2844/2844 3008/3008/3008
f 2845/2845/2845 3008/3008/3008 3009/3009/3009
f 3010/3010/3010 3006/3006/3006 3005/3005/3005
f 3010/3010/3010 3005/3005/3005 3011/3011/3011
f 2861/2861/2861 2845/2845/2845 3009/3009/3009
f 2861/2861/2861 3009/3009/3009 3012/3012/3012
f 3013/3013/3013 3014/3014/3014 2822/2822/2822
f 3013/3013/3013 2822/2822/2822 2821/2821/2821
f 2863/2863/2863 2862/2862/2862 3015/3015/3015
f 2863/2863/2863 3015/3015/3015 3016/3016/3016
f 3017/3017/3017 2863/2863/2863 3016/3016/3016
f 3017/3017/3017 3016/3016/3016 3018/3018/3018
f 2865/2865/2865 2822/2822/2822 3014/3014/3014
f 2865/2865/2865 3014/3014/3014 3019/3019/3019
f 3020/3020/3020 3013/3013/3013 2821/2821/2821
f 3020/3020/3020 2821/2821/2821 3021/3021/3021
f 2844/2844/2844 2846/2846/2846 3022/3022/3022
f 2844/2844/2844 3022/3022/3022 3008/3008/3008
f 3018/3018/3018 3016/3016/3016 3023/3023/3023
f 3018/3018/3018 3023/3023/3023 3024/3024/3024
f 3020/3020/3020 3024/3024/3024 3023/3023/3023
f 3020/3020/3020 3023/3023/3023 3013/3013/3013
f 3013/3013/3013 3023/3023/3023 3025/3025/3025
f 3013/3013/3013 3025/3025/3025 3014/3014/3014
f 3023/3023/3023 3016/3016/3016 3015/3015/3015
f 3023/3023/3023 3015/3015/3015 3025/3025/3025
f 3026/3026/3026 3012/3012/3012 3009/3009/3009
f 3026/3026/3026 3009/3009/3009 3008/3008/3008
f 3026/3026/3026 3019/3019/3019 3014/3014/3014
f 3026/3026/3026 3014/3014/3014 3025/3025/3025
f 2963/2963/2963 2966/2966/2966 2877/2877/2877
f 2963/2963/2963 2877/2877/2877 2876/2876/2876
f 2965/2965/2965 2962/2962/2962 2879/2879/2879
f 2965/2965/2965 2879/2879/2879 2878/2878/2878
f 2869/2869/2869 2868/2868/2868 2881/2881/2881
f 2869/2869/2869 2881/2881/2881 2880/2880/2880
f 2967/2967/2967 2964/2964/2964 2906/2906/2906
f 2967/2967/2967 2906/2906/2906 2905/2905/2905
f 2873/2873/2873 2872/2872/2872 2914/2914/2914
f 2873/2873/2873 2914/2914/2914 2913/2913/2913
f 2961/2961/2961 2919/2919/2919 2940/2940/2940
f 2961/2961/2961 2940/2940/2940 2939/2939/2939
f 2966/2966/2966 2965/2965/2965 2878/2878/2878
f 2966/2966/2966 2878/2878/2878 2877/2877/2877
f 2871/2871/2871 2814/2814/2814 2940/2940/2940
f 2871/2871/2871 2940/2940/2940 2945/2945/2945
f 2868/2868/2868 2978/2978/2978 2980/2980/2980
f 2868/2868/2868 2980/2980/2980 2881/2881/2881
f 2999/2999/2999 2869/2869/2869 2880/2880/2880
f 2999/2999/2999 2880/2880/2880 3003/3003/3003
f 3027/3027/3027 3028/3028/3028 3029/3029/3029
f 3027/3027/3027 3029/3029/3029 3030/3030/3030
f 3031/3031/3031 3032/3032/3032 3033/3033/3033
f 3031/3031/3031 3033/3033/3033 3034/3034/3034
f 3035/3035/3035 3036/3036/3036 3037/3037/3037
f 3035/3035/3035 3037/3037/3037 3038/3038/3038
f 3039/3039/3039 3040/3040/3040 3041/3041/3041
f 3039/3039/3039 3041/3041/3041 3042/3042/3042
f 3043/3043/3043 3044/3044/3044 3045/3045/3045
f 3043/3043/3043 3045/3045/3045 3046/3046/3046
f 3047/3047/3047 3048/3048/3048 3049/3049/3049
f 3047/3047/3047 3049/3049/3049 3050/3050/3050
f 3051/3051/3051 3052/3052/3052 3053/3053/3053
f 3051/3051/3051 3053/3053/3053 3054/3054/3054
f 3055/3055/3055 3056/3056/3056 3057/3057/3057
f 3055/3055/3055 3057/3057/3057 3058/3058/3058
f 3059/3059/3059 3060/3060/3060 3061/3061/3061
f 3059/3059/3059 3061/3061/3061 3062/3062/3062
f 3063/3063/3063 3064/3064/3064 3065/3065/3065
f 3063/3063/3063 3065/3065/3065 3066/3066/3066
f 3067/3067/3067 3038/3038/3038 3037/3037/3037
f 3067/3067/3067 3037/3037/3037 3068/3068/3068
f 3069/3069/3069 3070/3070/3070 3071/3071/3071
f 3069/3069/3069 3071/3071/3071 3072/3072/3072
f 3073/3073/3073 3074/3074/3074 3075/3075/3075
f 3073/3073/3073 3075/3075/3075 3076/3076/3076
f 3077/3077/3077 3078/3078/3078 3079/3079/3079
f 3077/3077/3077 3079/3079/3079 3080/3080/3080
f 3081/3081/3081 3082/3082/3082 3057/3057/3057
f 3081/3081/3081 3057/3057/3057 3056/3056/3056
f 3083/3083/3083 3084/3084/3084 3049/3049/3049
f 3083/3083/3083 3049/3049/3049 3048/3048/3048
f 3085/3085/3085 3086/3086/3086 3033/3033/3033
f 3085/3085/3085 3033/3033/3033 3032/3032/3032
f 3087/3087/3087 3088/3088/3088 3089/3089/3089
f 3087/3087/3087 3089/3089/3089 3090/3090/3090
f 3091/3091/3091 3092/3092/3092 3093/3093/3093
f 3091/3091/3091 3093/3093/3093 3094/3094/3094
f 3095/3095/3095 3093/3093/3093 3092/3092/3092
f 3095/3095/3095 3092/3092/3092 3096/3096/3096
f 3097/3097/3097 3030/3030/3030 3029/3029/3029
f 3097/3097/3097 3029/3029/3029 3098/3098/3098
f 3099/3099/3099 3034/3034/3034 3033/3033/3033
f 3099/3099/3099 3033/3033/3033 3100/3100/3100
f 3101/3101/3101 3102/3102/3102 3103/3103/3103
f 3101/3101/3101 3103/3103/3103 3104/3104/3104
f 3105/3105/3105 3106/3106/3106 3107/3107/3107
f 3105/3105/3105 3107/3107/3107 3108/3108/3108
f 3109/3109/3109 3110/3110/3110 3111/3111/3111
f 3109/3109/3109 3111/3111/3111 3112/3112/3112
f 3113/3113/3113 3114/3114/3114 3115/3115/3115
f 3113/3113/3113 3115/3115/3115 3116/3116/3116
f 3102/3102/3102 3105/3105/3105 3108/3108/3108
f 3102/3102/3102 3108/3108/3108 3103/3103/3103
f 3117/3117/3117 3118/3118/3118 3119/3119/3119
f 3117/3117/3117 3119/3119/3119 3120/3120/3120
f 3121/3121/3121 3122/3122/3122 3119/3119/3119
f 3121/3121/3121 3119/3119/3119 3123/3123/3123
f 3124/3124/3124 3125/3125/3125 3126/3126/3126
f 3124/3124/3124 3126/3126/3126 3127/3127/3127
f 3128/3128/3128 3129/3129/3129 3130/3130/3130
f 3128/3128/3128 3130/3130/3130 3131/3131/3131
f 3132/3132/3132 3133/3133/3133 3134/3134/3134
f 3132/3132/3132 3134/3134/3134 3135/3135/3135
f 3136/3136/3136 3137/3137/3137 3138/3138/3138
f 3136/3136/3136 3138/3138/3138 3139/3139/3139
f 3140/3140/3140 3141/3141/3141 3142/3142/3142
f 3140/3140/3140 3142/3142/3142 3143/3143/3143
f 3133/3133/3133 3140/3140/3140 3143/3143/3143
f 3133/3133/3133 3143/3143/3143 3134/3134/3134
f 3134/3134/3134 3143/3143/3143 3144/3144/3144
f 3134/3134/3134 3144/3144/3144 3145/3145/3145
f 3143/3143/3143 3142/3142/3142 3146/3146/3146
f 3143/3143/3143 3146/3146/3146 3144/3144/3144
f 3028/3028/3028 3035/3035/3035 3038/3038/3038
f 3028/3028/3028 3038/3038/3038 3029/3029/3029
f 3044/3044/3044 3039/3039/3039 3042/3042/3042
f 3044/3044/3044 3042/3042/3042 3045/3045/3045
f 3052/3052/3052 3059/3059/3059 3062/3062/3062
f 3052/3052/3052 3062/3062/3062 3053/3053/3053
f 3147/3147/3147 3148/3148/3148 3149/3149/3149
f 3147/3147/3147 3149/3149/3149 3150/3150/3150
f 3098/3098/3098 3029/3029/3029 3038/3038/3038
f 3098/3098/3098 3038/3038/3038 3067/3067/3067
f 3151/3151/3151 3152/3152/3152 3153/3153/3153
f 3151/3151/3151 3153/3153/3153 3154/3154/3154
f 3155/3155/3155 3156/3156/3156 3157/3157/3157
f 3155/3155/3155 3157/3157/3157 3158/3158/3158
f 3139/3139/3139 3138/3138/3138 3159/3159/3159
f 3139/3139/3139 3159/3159/3159 3160/3160/3160
f 3135/3135/3135 3134/3134/3134 3145/3145/3145
f 3135/3135/3135 3145/3145/3145 3161/3161/3161
f 3131/3131/3131 3130/3130/3130 3110/3110/3110
f 3131/3131/3131 3110/3110/3110 3109/3109/3109
f 3127/3127/3127 3126/3126/3126 3162/3162/3162
f 3127/3127/3127 3162/3162/3162 3163/3163/3163
f 3123/3123/3123 3119/3119/3119 3118/3118/3118
f 3123/3123/3123 3118/3118/3118 3164/3164/3164
f 3120/3120/3120 3119/3119/3119 3122/3122/3122
f 3120/3120/3120 3122/3122/3122 3165/3165/3165
f 3166/3166/3166 3167/3167/3167 3168/3168/3168
f 3166/3166/3166 3168/3168/3168 3169/3169/3169
f 3170/3170/3170 3115/3115/3115 3114/3114/3114
f 3170/3170/3170 3114/3114/3114 3171/3171/3171
f 3104/3104/3104 3103/3103/3103 3133/3133/3133
f 3104/3104/3104 3133/3133/3133 3132/3132/3132
f 3112/3112/3112 3111/3111/3111 3172/3172/3172
f 3112/3112/3112 3172/3172/3172 3173/3173/3173
f 3103/3103/3103 3108/3108/3108 3140/3140/3140
f 3103/3103/3103 3140/3140/3140 3133/3133/3133
f 3174/3174/3174 3175/3175/3175 3125/3125/3125
f 3174/3174/3174 3125/3125/3125 3124/3124/3124
f 3108/3108/3108 3107/3107/3107 3141/3141/3141
f 3108/3108/3108 3141/3141/3141 3140/3140/3140
f 3116/3116/3116 3115/3115/3115 3118/3118/3118
f 3116/3116/3116 3118/3118/3118 3117/3117/3117
f 3176/3176/3176 3177/3177/3177 3102/3102/3102
f 3176/3176/3176 3102/3102/3102 3101/3101/3101
f 3178/3178/3178 3179/3179/3179 3106/3106/3106
f 3178/3178/3178 3106/3106/3106 3105/3105/3105
f 3180/3180/3180 3181/3181/3181 3182/3182/3182
f 3180/3180/3180 3182/3182/3182 3183/3183/3183
f 3184/3184/3184 3185/3185/3185 3186/3186/3186
f 3184/3184/3184 3186/3186/3186 3187/3187/3187
f 3074/3074/3074 3188/3188/3188 3189/3189/3189
f 3074/3074/3074 3189/3189/3189 3075/3075/3075
f 3190/3190/3190 3077/3077/3077 3080/3080/3080
f 3190/3190/3190 3080/3080/3080 3100/3100/3100
f 3191/3191/3191 3095/3095/3095 3096/3096/3096
f 3191/3191/3191 3096/3096/3096 3192/3192/3192
f 3193/3193/3193 3194/3194/3194 3195/3195/3195
f 3193/3193/3193 3195/3195/3195 3196/3196/3196
f 3197/3197/3197 3198/3198/3198 3080/3080/3080
f 3197/3197/3197 3080/3080/3080 3079/3079/3079
f 3196/3196/3196 3195/3195/3195 3185/3185/3185
f 3196/3196/3196 3185/3185/3185 3184/3184/3184
f 3156/3156/3156 3199/3199/3199 3200/3200/3200
f 3156/3156/3156 3200/3200/3200 3157/3157/3157
f 3201/3201/3201 3202/3202/3202 3203/3203/3203
f 3201/3201/3201 3203/3203/3203 3204/3204/3204
f 3205/3205/3205 3206/3206/3206 3207/3207/3207
f 3205/3205/3205 3207/3207/3207 3208/3208/3208
f 3209/3209/3209 3210/3210/3210 3211/3211/3211
f 3209/3209/3209 3211/3211/3211 3212/3212/3212
f 3213/3213/3213 3214/3214/3214 3215/3215/3215
f 3213/3213/3213 3215/3215/3215 3216/3216/3216
f 3217/3217/3217 3218/3218/3218 3219/3219/3219
f 3217/3217/3217 3219/3219/3219 3220/3220/3220
f 3221/3221/3221 3222/3222/3222 3223/3223/3223
f 3221/3221/3221 3223/3223/3223 3224/3224/3224
f 3225/3225/3225 3226/3226/3226 3227/3227/3227
f 3225/3225/3225 3227/3227/3227 3228/3228/3228
f 3058/3058/3058 3057/3057/3057 3210/3210/3210
f 3058/3058/3058 3210/3210/3210 3209/3209/3209
f 3229/3229/3229 3201/3201/3201 3204/3204/3204
f 3229/3229/3229 3204/3204/3204 3230/3230/3230
f 3231/3231/3231 3229/3229/3229 3230/3230/3230
f 3231/3231/3231 3230/3230/3230 3232/3232/3232
f 3195/3195/3195 3098/3098/3098 3067/3067/3067
f 3195/3195/3195 3067/3067/3067 3185/3185/3185
f 3233/3233/3233 3234/3234/3234 3211/3211/3211
f 3233/3233/3233 3211/3211/3211 3210/3210/3210
f 3226/3226/3226 3147/3147/3147 3150/3150/3150
f 3226/3226/3226 3150/3150/3150 3227/3227/3227
f 3235/3235/3235 3236/3236/3236 3237/3237/3237
f 3235/3235/3235 3237/3237/3237 3238/3238/3238
f 3239/3239/3239 3240/3240/3240 3114/3114/3114
f 3239/3239/3239 3114/3114/3114 3113/3113/3113
f 3194/3194/3194 3097/3097/3097 3098/3098/3098
f 3194/3194/3194 3098/3098/3098 3195/3195/3195
f 3177/3177/3177 3178/3178/3178 3105/3105/3105
f 3177/3177/3177 3105/3105/3105 3102/3102/3102
f 3204/3204/3204 3203/3203/3203 3036/3036/3036
f 3204/3204/3204 3036/3036/3036 3035/3035/3035
f 3241/3241/3241 3183/3183/3183 3182/3182/3182
f 3241/3241/3241 3182/3182/3182 3242/3242/3242
f 3054/3054/3054 3053/3053/3053 3229/3229/3229
f 3054/3054/3054 3229/3229/3229 3231/3231/3231
f 3062/3062/3062 3061/3061/3061 3202/3202/3202
f 3062/3062/3062 3202/3202/3202 3201/3201/3201
f 3082/3082/3082 3233/3233/3233 3210/3210/3210
f 3082/3082/3082 3210/3210/3210 3057/3057/3057
f 3243/3243/3243 3216/3216/3216 3215/3215/3215
f 3243/3243/3243 3215/3215/3215 3244/3244/3244
f 3245/3245/3245 3240/3240/3240 3219/3219/3219
f 3245/3245/3245 3219/3219/3219 3218/3218/3218
f 3212/3212/3212 3211/3211/3211 3032/3032/3032
f 3212/3212/3212 3032/3032/3032 3031/3031/3031
f 3236/3236/3236 3087/3087/3087 3090/3090/3090
f 3236/3236/3236 3090/3090/3090 3237/3237/3237
f 3222/3222/3222 3063/3063/3063 3066/3066/3066
f 3222/3222/3222 3066/3066/3066 3223/3223/3223
f 3053/3053/3053 3062/3062/3062 3201/3201/3201
f 3053/3053/3053 3201/3201/3201 3229/3229/3229
f 3086/3086/3086 3190/3190/3190 3100/3100/3100
f 3086/3086/3086 3100/3100/3100 3033/3033/3033
f 3188/3188/3188 3069/3069/3069 3072/3072/3072
f 3188/3188/3188 3072/3072/3072 3189/3189/3189
f 3185/3185/3185 3067/3067/3067 3068/3068/3068
f 3185/3185/3185 3068/3068/3068 3186/3186/3186
f 3152/3152/3152 3225/3225/3225 3228/3228/3228
f 3152/3152/3152 3228/3228/3228 3153/3153/3153
f 3246/3246/3246 3235/3235/3235 3238/3238/3238
f 3246/3246/3246 3238/3238/3238 3247/3247/3247
f 3198/3198/3198 3099/3099/3099 3100/3100/3100
f 3198/3198/3198 3100/3100/3100 3080/3080/3080
f 3247/3247/3247 3191/3191/3191 3192/3192/3192
f 3247/3247/3247 3192/3192/3192 3246/3246/3246
f 3199/3199/3199 3151/3151/3151 3154/3154/3154
f 3199/3199/3199 3154/3154/3154 3200/3200/3200
f 3070/3070/3070 3221/3221/3221 3224/3224/3224
f 3070/3070/3070 3224/3224/3224 3071/3071/3071
f 3232/3232/3232 3230/3230/3230 3028/3028/3028
f 3232/3232/3232 3028/3028/3028 3027/3027/3027
f 3230/3230/3230 3204/3204/3204 3035/3035/3035
f 3230/3230/3230 3035/3035/3035 3028/3028/3028
f 3234/3234/3234 3085/3085/3085 3032/3032/3032
f 3234/3234/3234 3032/3032/3032 3211/3211/3211
f 3248/3248/3248 3249/3249/3249 3052/3052/3052
f 3248/3248/3248 3052/3052/3052 3051/3051/3051
f 3250/3250/3250 3251/3251/3251 3056/3056/3056
f 3250/3250/3250 3056/3056/3056 3055/3055/3055
f 3252/3252/3252 3253/3253/3253 3060/3060/3060
f 3252/3252/3252 3060/3060/3060 3059/3059/3059
f 3254/3254/3254 3081/3081/3081 3056/3056/3056
f 3254/3254/3254 3056/3056/3056 3251/3251/3251
f 3249/3249/3249 3252/3252/3252 3059/3059/3059
f 3249/3249/3249 3059/3059/3059 3052/3052/3052
f 3088/3088/3088 3255/3255/3255 3256/3256/3256
f 3088/3088/3088 3256/3256/3256 3089/3089/3089
f 3148/3148/3148 3257/3257/3257 3258/3258/3258
f 3148/3148/3148 3258/3258/3258 3149/3149/3149
f 3064/3064/3064 3259/3259/3259 3260/3260/3260
f 3064/3064/3064 3260/3260/3260 3065/3065/3065
f 3255/3255/3255 3217/3217/3217 3220/3220/3220
f 3255/3255/3255 3220/3220/3220 3256/3256/3256
f 3257/3257/3257 3241/3241/3241 3242/3242/3242
f 3257/3257/3257 3242/3242/3242 3258/3258/3258
f 3259/3259/3259 3243/3243/3243 3244/3244/3244
f 3259/3259/3259 3244/3244/3244 3260/3260/3260
f 3261/3261/3261 3262/3262/3262 3249/3249/3249
f 3261/3261/3261 3249/3249/3249 3248/3248/3248
f 3263/3263/3263 3264/3264/3264 3251/3251/3251
f 3263/3263/3263 3251/3251/3251 3250/3250/3250
f 3265/3265/3265 3266/3266/3266 3253/3253/3253
f 3265/3265/3265 3253/3253/3253 3252/3252/3252
f 3267/3267/3267 3254/3254/3254 3251/3251/3251
f 3267/3267/3267 3251/3251/3251 3264/3264/3264
f 3262/3262/3262 3265/3265/3265 3252/3252/3252
f 3262/3262/3262 3252/3252/3252 3249/3249/3249
f 3208/3208/3208 3207/3207/3207 3175/3175/3175
f 3208/3208/3208 3175/3175/3175 3174/3174/3174
f 3160/3160/3160 3159/3159/3159 3167/3167/3167
f 3160/3160/3160 3167/3167/3167 3166/3166/3166
f 3164/3164/3164 3118/3118/3118 3115/3115/3115
f 3164/3164/3164 3115/3115/3115 3170/3170/3170
f 3150/3150/3150 3149/3149/3149 3268/3268/3268
f 3150/3150/3150 3268/3268/3268 3269/3269/3269
f 3154/3154/3154 3153/3153/3153 3270/3270/3270
f 3154/3154/3154 3270/3270/3270 3271/3271/3271
f 3158/3158/3158 3157/3157/3157 3272/3272/3272
f 3158/3158/3158 3272/3272/3272 3273/3273/3273
f 3159/3159/3159 3274/3274/3274 3275/3275/3275
f 3159/3159/3159 3275/3275/3275 3167/3167/3167
f 3137/3137/3137 3276/3276/3276 3277/3277/3277
f 3137/3137/3137 3277/3277/3277 3138/3138/3138
f 3138/3138/3138 3277/3277/3277 3274/3274/3274
f 3138/3138/3138 3274/3274/3274 3159/3159/3159
f 3167/3167/3167 3275/3275/3275 3278/3278/3278
f 3167/3167/3167 3278/3278/3278 3168/3168/3168
f 3157/3157/3157 3200/3200/3200 3279/3279/3279
f 3157/3157/3157 3279/3279/3279 3272/3272/3272
f 3181/3181/3181 3280/3280/3280 3281/3281/3281
f 3181/3181/3181 3281/3281/3281 3182/3182/3182
f 3228/3228/3228 3227/3227/3227 3282/3282/3282
f 3228/3228/3228 3282/3282/3282 3283/3283/3283
f 3242/3242/3242 3182/3182/3182 3281/3281/3281
f 3242/3242/3242 3281/3281/3281 3284/3284/3284
f 3227/3227/3227 3150/3150/3150 3269/3269/3269
f 3227/3227/3227 3269/3269/3269 3282/3282/3282
f 3200/3200/3200 3154/3154/3154 3271/3271/3271
f 3200/3200/3200 3271/3271/3271 3279/3279/3279
f 3153/3153/3153 3228/3228/3228 3283/3283/3283
f 3153/3153/3153 3283/3283/3283 3270/3270/3270
f 3149/3149/3149 3258/3258/3258 3285/3285/3285
f 3149/3149/3149 3285/3285/3285 3268/3268/3268
f 3258/3258/3258 3242/3242/3242 3284/3284/3284
f 3258/3258/3258 3284/3284/3284 3285/3285/3285
f 3286/3286/3286 3287/3287/3287 3151/3151/3151
f 3286/3286/3286 3151/3151/3151 3199/3199/3199
f 3288/3288/3288 3289/3289/3289 3156/3156/3156
f 3288/3288/3288 3156/3156/3156 3155/3155/3155
f 3289/3289/3289 3286/3286/3286 3199/3199/3199
f 3289/3289/3289 3199/3199/3199 3156/3156/3156
f 3290/3290/3290 3291/3291/3291 3183/3183/3183
f 3290/3290/3290 3183/3183/3183 3241/3241/3241
f 3292/3292/3292 3139/3139/3139 3160/3160/3160
f 3292/3292/3292 3160/3160/3160 3293/3293/3293
f 3294/3294/3294 3295/3295/3295 3225/3225/3225
f 3294/3294/3294 3225/3225/3225 3152/3152/3152
f 3296/3296/3296 3297/3297/3297 3257/3257/3257
f 3296/3296/3296 3257/3257/3257 3148/3148/3148
f 3298/3298/3298 3166/3166/3166 3169/3169/3169
f 3298/3298/3298 3169/3169/3169 3299/3299/3299
f 3300/3300/3300 3296/3296/3296 3148/3148/3148
f 3300/3300/3300 3148/3148/3148 3147/3147/3147
f 3287/3287/3287 3294/3294/3294 3152/3152/3152
f 3287/3287/3287 3152/3152/3152 3151/3151/3151
f 3301/3301/3301 3300/3300/3300 3147/3147/3147
f 3301/3301/3301 3147/3147/3147 3226/3226/3226
f 3293/3293/3293 3160/3160/3160 3166/3166/3166
f 3293/3293/3293 3166/3166/3166 3298/3298/3298
f 3302/3302/3302 3136/3136/3136 3139/3139/3139
f 3302/3302/3302 3139/3139/3139 3292/3292/3292
f 3297/3297/3297 3290/3290/3290 3241/3241/3241
f 3297/3297/3297 3241/3241/3241 3257/3257/3257
f 3303/3303/3303 3180/3180/3180 3183/3183/3183
f 3303/3303/3303 3183/3183/3183 3291/3291/3291
f 3295/3295/3295 3301/3301/3301 3226/3226/3226
f 3295/3295/3295 3226/3226/3226 3225/3225/3225
f 3304/3304/3304 3305/3305/3305 3306/3306/3306
f 3304/3304/3304 3306/3306/3306 3307/3307/3307
f 3145/3145/3145 3144/3144/3144 3308/3308/3308
f 3145/3145/3145 3308/3308/3308 3309/3309/3309
f 3310/3310/3310 3306/3306/3306 3305/3305/3305
f 3310/3310/3310 3305/3305/3305 3311/3311/3311
f 3161/3161/3161 3145/3145/3145 3309/3309/3309
f 3161/3161/3161 3309/3309/3309 3312/3312/3312
f 3313/3313/3313 3314/3314/3314 3122/3122/3122
f 3313/3313/3313 3122/3122/3122 3121/3121/3121
f 3163/3163/3163 3162/3162/3162 3315/3315/3315
f 3163/3163/3163 3315/3315/3315 3316/3316/3316
f 3317/3317/3317 3163/3163/3163 3316/3316/3316
f 3317/3317/3317 3316/3316/3316 3318/3318/3318
f 3165/3165/3165 3122/3122/3122 3314/3314/3314
f 3165/3165/3165 3314/3314/3314 3319/3319/3319
f 3320/3320/3320 3313/3313/3313 3121/3121/3121
f 3320/3320/3320 3121/3121/3121 3321/3321/3321
f 3144/3144/3144 3146/3146/3146 3322/3322/3322
f 3144/3144/3144 3322/3322/3322 3308/3308/3308
f 3318/3318/3318 3316/3316/3316 3323/3323/3323
f 3318/3318/3318 3323/3323/3323 3324/3324/3324
f 3320/3320/3320 3324/3324/3324 3323/3323/3323
f 3320/3320/3320 3323/3323/3323 3313/3313/3313
f 3313/3313/3313 3323/3323/3323 3325/3325/3325
f 3313/3313/3313 3325/3325/3325 3314/3314/3314
f 3323/3323/3323 3316/3316/3316 3315/3315/3315
f 3323/3323/3323 3315/3315/3315 3325/3325/3325
f 3326/3326/3326 3312/3312/3312 3309/3309/3309
f 3326/3326/3326 3309/3309/3309 3308/3308/3308
f 3326/3326/3326 3319/3319/3319 3314/3314/3314
f 3326/3326/3326 3314/3314/3314 3325/3325/3325
f 3263/3263/3263 3266/3266/3266 3177/3177/3177
f 3263/3263/3263 3177/3177/3177 3176/3176/3176
f 3265/3265/3265 3262/3262/3262 3179/3179/3179
f 3265/3265/3265 3179/3179/3179 3178/3178/3178
f 3169/3169/3169 3168/3168/3168 3181/3181/3181
f 3169/3169/3169 3181/3181/3181 3180/3180/3180
f 3267/3267/3267 3264/3264/3264 3206/3206/3206
f 3267/3267/3267 3206/3206/3206 3205/3205/3205
f 3173/3173/3173 3172/3172/3172 3214/3214/3214
f 3173/3173/3173 3214/3214/3214 3213/3213/3213
f 3261/3261/3261 3219/3219/3219 3240/3240/3240
f 3261/3261/3261 3240/3240/3240 3239/3239/3239
f 3266/3266/3266 3265/3265/3265 3178/3178/3178
f 3266/3266/3266 3178/3178/3178 3177/3177/3177
f 3171/3171/3171 3114/3114/3114 3240/3240/3240
f 3171/3171/3171 3240/3240/3240 3245/3245/3245
f 3168/3168/3168 3278/3278/3278 3280/3280/3280
f 3168/3168/3168 3280/3280/3280 3181/3181/3181
f 3299/3299/3299 3169/3169/3169 3180/3180/3180
f 3299/3299/3299 3180/3180/3180 3303/3303/3303
f 3327/3327/3327 3328/3328/3328 3329/3329/3329
f 3327/3327/3327 3329/3329/3329 3330/3330/3330
f 3331/3331/3331 3332/3332/3332 3333/3333/3333
f 3331/3331/3331 3333/3333/3333 3334/3334/3334
f 3335/3335/3335 3336/3336/3336 3337/3337/3337
f 3335/3335/3335 3337/3337/3337 3338/3338/3338
f 3339/3339/3339 3340/3340/3340 3341/3341/3341
f 3339/3339/3339 3341/3341/3341 3342/3342/3342
f 3343/3343/3343 3344/3344/3344 3345/3345/3345
f 3343/3343/3343 3345/3345/3345 3346/3346/3346
f 3347/3347/3347 3348/3348/3348 3349/3349/3349
f 3347/3347/3347 3349/3349/3349 3350/3350/3350
f 3351/3351/3351 3352/3352/3352 3353/3353/3353
f 3351/3351/3351 3353/3353/3353 3354/3354/3354
f 3355/3355/3355 3356/3356/3356 3357/3357/3357
f 3355/3355/3355 3357/3357/3357 3358/3358/3358
f 3359/3359/3359 3360/3360/3360 3361/3361/3361
f 3359/3359/3359 3361/3361/3361 3362/3362/3362
f 3363/3363/3363 3364/3364/3364 3365/3365/3365
f 3363/3363/3363 3365/3365/3365 3366/3366/3366
f 3367/3367/3367 3338/3338/3338 3337/3337/3337
f 3367/3367/3367 3337/3337/3337 3368/3368/3368
f 3369/3369/3369 3370/3370/3370 3371/3371/3371
f 3369/3369/3369 3371/3371/3371 3372/3372/3372
f 3373/3373/3373 3374/3374/3374 3375/3375/3375
f 3373/3373/3373 3375/3375/3375 3376/3376/3376
f 3377/3377/3377 3378/3378/3378 3379/3379/3379
f 3377/3377/3377 3379/3379/3379 3380/3380/3380
f 3381/3381/3381 3382/3382/3382 3357/3357/3357
f 3381/3381/3381 3357/3357/3357 3356/3356/3356
f 3383/3383/3383 3384/3384/3384 3349/3349/3349
f 3383/3383/3383 3349/3349/3349 3348/3348/3348
f 3385/3385/3385 3386/3386/3386 3333/3333/3333
f 3385/3385/3385 3333/3333/3333 3332/3332/3332
f 3387/3387/3387 3388/3388/3388 3389/3389/3389
f 3387/3387/3387 3389/3389/3389 3390/3390/3390
f 3391/3391/3391 3392/3392/3392 3393/3393/3393
f 3391/3391/3391 3393/3393/3393 3394/3394/3394
f 3395/3395/3395 3393/3393/3393 3392/3392/3392
f 3395/3395/3395 3392/3392/3392 3396/3396/3396
f 3397/3397/3397 3330/3330/3330 3329/3329/3329
f 3397/3397/3397 3329/3329/3329 3398/3398/3398
f 3399/3399/3399 3334/3334/3334 3333/3333/3333
f 3399/3399/3399 3333/3333/3333 3400/3400/3400
f 3401/3401/3401 3402/3402/3402 3403/3403/3403
f 3401/3401/3401 3403/3403/3403 3404/3404/3404
f 3405/3405/3405 3406/3406/3406 3407/3407/3407
f 3405/3405/3405 3407/3407/3407 3408/3408/3408
f 3409/3409/3409 3410/3410/3410 3411/3411/3411
f 3409/3409/3409 3411/3411/3411 3412/3412/3412
f 3413/3413/3413 3414/3414/3414 3415/3415/3415
f 3413/3413/3413 3415/3415/3415 3416/3416/3416
f 3402/3402/3402 3405/3405/3405 3408/3408/3408
f 3402/3402/3402 3408/3408/3408 3403/3403/3403
f 3417/3417/3417 3418/3418/3418 3419/3419/3419
f 3417/3417/3417 3419/3419/3419 3420/3420/3420
f 3421/3421/3421 3422/3422/3422 3419/3419/3419
f 3421/3421/3421 3419/3419/3419 3423/3423/3423
f 3424/3424/3424 3425/3425/3425 3426/3426/3426
f 3424/3424/3424 3426/3426/3426 3427/3427/3427
f 3428/3428/3428 3421/3421/3421 3423/3423/3423
f 3428/3428/3428 3423/3423/3423 3429/3429/3429
f 3430/3430/3430 3431/3431/3431 3432/3432/3432
f 3430/3430/3430 3432/3432/3432 3433/3433/3433
f 3434/3434/3434 3435/3435/3435 3436/3436/3436
f 3434/3434/3434 3436/3436/3436 3437/3437/3437
f 3438/3438/3438 3439/3439/3439 3440/3440/3440
f 3438/3438/3438 3440/3440/3440 3441/3441/3441
f 3431/3431/3431 3438/3438/3438 3441/3441/3441
f 3431/3431/3431 3441/3441/3441 3432/3432/3432
f 3432/3432/3432 3441/3441/3441 3442/3442/3442
f 3432/3432/3432 3442/3442/3442 3443/3443/3443
f 3441/3441/3441 3440/3440/3440 3444/3444/3444
f 3441/3441/3441 3444/3444/3444 3442/3442/3442
f 3328/3328/3328 3335/3335/3335 3338/3338/3338
f 3328/3328/3328 3338/3338/3338 3329/3329/3329
f 3344/3344/3344 3339/3339/3339 3342/3342/3342
f 3344/3344/3344 3342/3342/3342 3345/3345/3345
f 3352/3352/3352 3359/3359/3359 3362/3362/3362
f 3352/3352/3352 3362/3362/3362 3353/3353/3353
f 3445/3445/3445 3446/3446/3446 3447/3447/3447
f 3445/3445/3445 3447/3447/3447 3448/3448/3448
f 3398/3398/3398 3329/3329/3329 3338/3338/3338
f 3398/3398/3398 3338/3338/3338 3367/3367/3367
f 3449/3449/3449 3450/3450/3450 3451/3451/3451
f 3449/3449/3449 3451/3451/3451 3452/3452/3452
f 3453/3453/3453 3454/3454/3454 3455/3455/3455
f 3453/3453/3453 3455/3455/3455 3456/3456/3456
f 3457/3457/3457 3458/3458/3458 3459/3459/3459
f 3457/3457/3457 3459/3459/3459 3460/3460/3460
f 3433/3433/3433 3432/3432/3432 3443/3443/3443
f 3433/3433/3433 3443/3443/3443 3461/3461/3461
f 3462/3462/3462 3463/3463/3463 3410/3410/3410
f 3462/3462/3462 3410/3410/3410 3409/3409/3409
f 3427/3427/3427 3426/3426/3426 3464/3464/3464
f 3427/3427/3427 3464/3464/3464 3465/3465/3465
f 3423/3423/3423 3419/3419/3419 3418/3418/3418
f 3423/3423/3423 3418/3418/3418 3466/3466/3466
f 3420/3420/3420 3419/3419/3419 3422/3422/3422
f 3420/3420/3420 3422/3422/3422 3467/3467/3467
f 3468/3468/3468 3469/3469/3469 3470/3470/3470
f 3468/3468/3468 3470/3470/3470 3471/3471/3471
f 3472/3472/3472 3415/3415/3415 3414/3414/3414
f 3472/3472/3472 3414/3414/3414 3473/3473/3473
f 3404/3404/3404 3403/3403/3403 3431/3431/3431
f 3404/3404/3404 3431/3431/3431 3430/3430/3430
f 3412/3412/3412 3411/3411/3411 3474/3474/3474
f 3412/3412/3412 3474/3474/3474 3475/3475/3475
f 3403/3403/3403 3408/3408/3408 3438/3438/3438
f 3403/3403/3403 3438/3438/3438 3431/3431/3431
f 3476/3476/3476 3477/3477/3477 3425/3425/3425
f 3476/3476/3476 3425/3425/3425 3424/3424/3424
f 3408/3408/3408 3407/3407/3407 3439/3439/3439
f 3408/3408/3408 3439/3439/3439 3438/3438/3438
f 3416/3416/3416 3415/3415/3415 3418/3418/3418
f 3416/3416/3416 3418/3418/3418 3417/3417/3417
f 3478/3478/3478 3479/3479/3479 3402/3402/3402
f 3478/3478/3478 3402/3402/3402 3401/3401/3401
f 3480/3480/3480 3481/3481/3481 3406/3406/3406
f 3480/3480/3480 3406/3406/3406 3405/3405/3405
f 3482/3482/3482 3483/3483/3483 3484/3484/3484
f 3482/3482/3482 3484/3484/3484 3485/3485/3485
f 3486/3486/3486 3487/3487/3487 3488/3488/3488
f 3486/3486/3486 3488/3488/3488 3489/3489/3489
f 3374/3374/3374 3490/3490/3490 3491/3491/3491
f 3374/3374/3374 3491/3491/3491 3375/3375/3375
f 3492/3492/3492 3377/3377/3377 3380/3380/3380
f 3492/3492/3492 3380/3380/3380 3400/3400/3400
f 3493/3493/3493 3395/3395/3395 3396/3396/3396
f 3493/3493/3493 3396/3396/3396 3494/3494/3494
f 3495/3495/3495 3496/3496/3496 3497/3497/3497
f 3495/3495/3495 3497/3497/3497 3498/3498/3498
f 3499/3499/3499 3500/3500/3500 3380/3380/3380
f 3499/3499/3499 3380/3380/3380 3379/3379/3379
f 3498/3498/3498 3497/3497/3497 3487/3487/3487
f 3498/3498/3498 3487/3487/3487 3486/3486/3486
f 3454/3454/3454 3501/3501/3501 3502/3502/3502
f 3454/3454/3454 3502/3502/3502 3455/3455/3455
f 3503/3503/3503 3504/3504/3504 3505/3505/3505
f 3503/3503/3503 3505/3505/3505 3506/3506/3506
f 3507/3507/3507 3508/3508/3508 3509/3509/3509
f 3507/3507/3507 3509/3509/3509 3510/3510/3510
f 3511/3511/3511 3512/3512/3512 3513/3513/3513
f 3511/3511/3511 3513/3513/3513 3514/3514/3514
f 3515/3515/3515 3516/3516/3516 3517/3517/3517
f 3515/3515/3515 3517/3517/3517 3518/3518/3518
f 3519/3519/3519 3520/3520/3520 3521/3521/3521
f 3519/3519/3519 3521/3521/3521 3522/3522/3522
f 3523/3523/3523 3524/3524/3524 3525/3525/3525
f 3523/3523/3523 3525/3525/3525 3526/3526/3526
f 3527/3527/3527 3528/3528/3528 3529/3529/3529
f 3527/3527/3527 3529/3529/3529 3530/3530/3530
f 3358/3358/3358 3357/3357/3357 3512/3512/3512
f 3358/3358/3358 3512/3512/3512 3511/3511/3511
f 3531/3531/3531 3503/3503/3503 3506/3506/3506
f 3531/3531/3531 3506/3506/3506 3532/3532/3532
f 3533/3533/3533 3531/3531/3531 3532/3532/3532
f 3533/3533/3533 3532/3532/3532 3534/3534/3534
f 3497/3497/3497 3398/3398/3398 3367/3367/3367
f 3497/3497/3497 3367/3367/3367 3487/3487/3487
f 3535/3535/3535 3536/3536/3536 3513/3513/3513
f 3535/3535/3535 3513/3513/3513 3512/3512/3512
f 3528/3528/3528 3445/3445/3445 3448/3448/3448
f 3528/3528/3528 3448/3448/3448 3529/3529/3529
f 3537/3537/3537 3538/3538/3538 3539/3539/3539
f 3537/3537/3537 3539/3539/3539 3540/3540/3540
f 3541/3541/3541 3542/3542/3542 3414/3414/3414
f 3541/3541/3541 3414/3414/3414 3413/3413/3413
f 3496/3496/3496 3397/3397/3397 3398/3398/3398
f 3496/3496/3496 3398/3398/3398 3497/3497/3497
f 3479/3479/3479 3480/3480/3480 3405/3405/3405
f 3479/3479/3479 3405/3405/3405 3402/3402/3402
f 3506/3506/3506 3505/3505/3505 3336/3336/3336
f 3506/3506/3506 3336/3336/3336 3335/3335/3335
f 3543/3543/3543 3485/3485/3485 3484/3484/3484
f 3543/3543/3543 3484/3484/3484 3544/3544/3544
f 3354/3354/3354 3353/3353/3353 3531/3531/3531
f 3354/3354/3354 3531/3531/3531 3533/3533/3533
f 3362/3362/3362 3361/3361/3361 3504/3504/3504
f 3362/3362/3362 3504/3504/3504 3503/3503/3503
f 3382/3382/3382 3535/3535/3535 3512/3512/3512
f 3382/3382/3382 3512/3512/3512 3357/3357/3357
f 3545/3545/3545 3518/3518/3518 3517/3517/3517
f 3545/3545/3545 3517/3517/3517 3546/3546/3546
f 3547/3547/3547 3542/3542/3542 3521/3521/3521
f 3547/3547/3547 3521/3521/3521 3520/3520/3520
f 3514/3514/3514 3513/3513/3513 3332/3332/3332
f 3514/3514/3514 3332/3332/3332 3331/3331/3331
f 3538/3538/3538 3387/3387/3387 3390/3390/3390
f 3538/3538/3538 3390/3390/3390 3539/3539/3539
f 3524/3524/3524 3363/3363/3363 3366/3366/3366
f 3524/3524/3524 3366/3366/3366 3525/3525/3525
f 3353/3353/3353 3362/3362/3362 3503/3503/3503
f 3353/3353/3353 3503/3503/3503 3531/3531/3531
f 3386/3386/3386 3492/3492/3492 3400/3400/3400
f 3386/3386/3386 3400/3400/3400 3333/3333/3333
f 3490/3490/3490 3369/3369/3369 3372/3372/3372
f 3490/3490/3490 3372/3372/3372 3491/3491/3491
f 3487/3487/3487 3367/3367/3367 3368/3368/3368
f 3487/3487/3487 3368/3368/3368 3488/3488/3488
f 3450/3450/3450 3527/3527/3527 3530/3530/3530
f 3450/3450/3450 3530/3530/3530 3451/3451/3451
f 3548/3548/3548 3537/3537/3537 3540/3540/3540
f 3548/3548/3548 3540/3540/3540 3549/3549/3549
f 3500/3500/3500 3399/3399/3399 3400/3400/3400
f 3500/3500/3500 3400/3400/3400 3380/3380/3380
f 3549/3549/3549 3493/3493/3493 3494/3494/3494
f 3549/3549/3549 3494/3494/3494 3548/3548/3548
f 3501/3501/3501 3449/3449/3449 3452/3452/3452
f 3501/3501/3501 3452/3452/3452 3502/3502/3502
f 3370/3370/3370 3523/3523/3523 3526/3526/3526
f 3370/3370/3370 3526/3526/3526 3371/3371/3371
f 3534/3534/3534 3532/3532/3532 3328/3328/3328
f 3534/3534/3534 3328/3328/3328 3327/3327/3327
f 3532/3532/3532 3506/3506/3506 3335/3335/3335
f 3532/3532/3532 3335/3335/3335 3328/3328/3328
f 3536/3536/3536 3385/3385/3385 3332/3332/3332
f 3536/3536/3536 3332/3332/3332 3513/3513/3513
f 3550/3550/3550 3551/3551/3551 3352/3352/3352
f 3550/3550/3550 3352/3352/3352 3351/3351/3351
f 3552/3552/3552 3553/3553/3553 3356/3356/3356
f 3552/3552/3552 3356/3356/3356 3355/3355/3355
f 3554/3554/3554 3555/3555/3555 3360/3360/3360
f 3554/3554/3554 3360/3360/3360 3359/3359/3359
f 3556/3556/3556 3381/3381/3381 3356/3356/3356
f 3556/3556/3556 3356/3356/3356 3553/3553/3553
f 3551/3551/3551 3554/3554/3554 3359/3359/3359
f 3551/3551/3551 3359/3359/3359 3352/3352/3352
f 3388/3388/3388 3557/3557/3557 3558/3558/3558
f 3388/3388/3388 3558/3558/3558 3389/3389/3389
f 3446/3446/3446 3559/3559/3559 3560/3560/3560
f 3446/3446/3446 3560/3560/3560 3447/3447/3447
f 3364/3364/3364 3561/3561/3561 3562/3562/3562
f 3364/3364/3364 3562/3562/3562 3365/3365/3365
f 3557/3557/3557 3519/3519/3519 3522/3522/3522
f 3557/3557/3557 3522/3522/3522 3558/3558/3558
f 3559/3559/3559 3543/3543/3543 3544/3544/3544
f 3559/3559/3559 3544/3544/3544 3560/3560/3560
f 3561/3561/3561 3545/3545/3545 3546/3546/3546
f 3561/3561/3561 3546/3546/3546 3562/3562/3562
f 3563/3563/3563 3564/3564/3564 3551/3551/3551
f 3563/3563/3563 3551/3551/3551 3550/3550/3550
f 3565/3565/3565 3566/3566/3566 3553/3553/3553
f 3565/3565/3565 3553/3553/3553 3552/3552/3552
f 3567/3567/3567 3568/3568/3568 3555/3555/3555
f 3567/3567/3567 3555/3555/3555 3554/3554/3554
f 3569/3569/3569 3556/3556/3556 3553/3553/3553
f 3569/3569/3569 3553/3553/3553 3566/3566/3566
f 3564/3564/3564 3567/3567/3567 3554/3554/3554
f 3564/3564/3564 3554/3554/3554 3551/3551/3551
f 3510/3510/3510 3509/3509/3509 3477/3477/3477
f 3510/3510/3510 3477/3477/3477 3476/3476/3476
f 3460/3460/3460 3459/3459/3459 3469/3469/3469
f 3460/3460/3460 3469/3469/3469 3468/3468/3468
f 3466/3466/3466 3418/3418/3418 3415/3415/3415
f 3466/3466/3466 3415/3415/3415 3472/3472/3472
f 3448/3448/3448 3447/3447/3447 3570/3570/3570
f 3448/3448/3448 3570/3570/3570 3571/3571/3571
f 3452/3452/3452 3451/3451/3451 3572/3572/3572
f 3452/3452/3452 3572/3572/3572 3573/3573/3573
f 3456/3456/3456 3455/3455/3455 3574/3574/3574
f 3456/3456/3456 3574/3574/3574 3575/3575/3575
f 3459/3459/3459 3576/3576/3576 3577/3577/3577
f 3459/3459/3459 3577/3577/3577 3469/3469/3469
f 3435/3435/3435 3578/3578/3578 3579/3579/3579
f 3435/3435/3435 3579/3579/3579 3436/3436/3436
f 3458/3458/3458 3580/3580/3580 3576/3576/3576
f 3458/3458/3458 3576/3576/3576 3459/3459/3459
f 3469/3469/3469 3577/3577/3577 3581/3581/3581
f 3469/3469/3469 3581/3581/3581 3470/3470/3470
f 3455/3455/3455 3502/3502/3502 3582/3582/3582
f 3455/3455/3455 3582/3582/3582 3574/3574/3574
f 3483/3483/3483 3583/3583/3583 3584/3584/3584
f 3483/3483/3483 3584/3584/3584 3484/3484/3484
f 3530/3530/3530 3529/3529/3529 3585/3585/3585
f 3530/3530/3530 3585/3585/3585 3586/3586/3586
f 3544/3544/3544 3484/3484/3484 3584/3584/3584
f 3544/3544/3544 3584/3584/3584 3587/3587/3587
f 3529/3529/3529 3448/3448/3448 3571/3571/3571
f 3529/3529/3529 3571/3571/3571 3585/3585/3585
f 3502/3502/3502 3452/3452/3452 3573/3573/3573
f 3502/3502/3502 3573/3573/3573 3582/3582/3582
f 3451/3451/3451 3530/3530/3530 3586/3586/3586
f 3451/3451/3451 3586/3586/3586 3572/3572/3572
f 3447/3447/3447 3560/3560/3560 3588/3588/3588
f 3447/3447/3447 3588/3588/3588 3570/3570/3570
f 3560/3560/3560 3544/3544/3544 3587/3587/3587
f 3560/3560/3560 3587/3587/3587 3588/3588/3588
f 3589/3589/3589 3590/3590/3590 3449/3449/3449
f 3589/3589/3589 3449/3449/3449 3501/3501/3501
f 3591/3591/3591 3592/3592/3592 3454/3454/3454
f 3591/3591/3591 3454/3454/3454 3453/3453/3453
f 3592/3592/3592 3589/3589/3589 3501/3501/3501
f 3592/3592/3592 3501/3501/3501 3454/3454/3454
f 3593/3593/3593 3594/3594/3594 3485/3485/3485
f 3593/3593/3593 3485/3485/3485 3543/3543/3543
f 3595/3595/3595 3457/3457/3457 3460/3460/3460
f 3595/3595/3595 3460/3460/3460 3596/3596/3596
f 3597/3597/3597 3598/3598/3598 3527/3527/3527
f 3597/3597/3597 3527/3527/3527 3450/3450/3450
f 3599/3599/3599 3600/3600/3600 3559/3559/3559
f 3599/3599/3599 3559/3559/3559 3446/3446/3446
f 3601/3601/3601 3468/3468/3468 3471/3471/3471
f 3601/3601/3601 3471/3471/3471 3602/3602/3602
f 3603/3603/3603 3599/3599/3599 3446/3446/3446
f 3603/3603/3603 3446/3446/3446 3445/3445/3445
f 3590/3590/3590 3597/3597/3597 3450/3450/3450
f 3590/3590/3590 3450/3450/3450 3449/3449/3449
f 3604/3604/3604 3603/3603/3603 3445/3445/3445
f 3604/3604/3604 3445/3445/3445 3528/3528/3528
f 3596/3596/3596 3460/3460/3460 3468/3468/3468
f 3596/3596/3596 3468/3468/3468 3601/3601/3601
f 3605/3605/3605 3434/3434/3434 3437/3437/3437
f 3605/3605/3605 3437/3437/3437 3606/3606/3606
f 3600/3600/3600 3593/3593/3593 3543/3543/3543
f 3600/3600/3600 3543/3543/3543 3559/3559/3559
f 3607/3607/3607 3482/3482/3482 3485/3485/3485
f 3607/3607/3607 3485/3485/3485 3594/3594/3594
f 3598/3598/3598 3604/3604/3604 3528/3528/3528
f 3598/3598/3598 3528/3528/3528 3527/3527/3527
f 3608/3608/3608 3609/3609/3609 3435/3435/3435
f 3608/3608/3608 3435/3435/3435 3434/3434/3434
f 3443/3443/3443 3442/3442/3442 3610/3610/3610
f 3443/3443/3443 3610/3610/3610 3611/3611/3611
f 3578/3578/3578 3435/3435/3435 3609/3609/3609
f 3578/3578/3578 3609/3609/3609 3612/3612/3612
f 3461/3461/3461 3443/3443/3443 3611/3611/3611
f 3461/3461/3461 3611/3611/3611 3613/3613/3613
f 3614/3614/3614 3615/3615/3615 3422/3422/3422
f 3614/3614/3614 3422/3422/3422 3421/3421/3421
f 3465/3465/3465 3464/3464/3464 3616/3616/3616
f 3465/3465/3465 3616/3616/3616 3617/3617/3617
f 3605/3605/3605 3465/3465/3465 3617/3617/3617
f 3605/3605/3605 3617/3617/3617 3618/3618/3618
f 3467/3467/3467 3422/3422/3422 3615/3615/3615
f 3467/3467/3467 3615/3615/3615 3619/3619/3619
f 3620/3620/3620 3614/3614/3614 3421/3421/3421
f 3620/3620/3620 3421/3421/3421 3428/3428/3428
f 3442/3442/3442 3444/3444/3444 3621/3621/3621
f 3442/3442/3442 3621/3621/3621 3610/3610/3610
f 3618/3618/3618 3617/3617/3617 3622/3622/3622
f 3618/3618/3618 3622/3622/3622 3623/3623/3623
f 3620/3620/3620 3623/3623/3623 3622/3622/3622
f 3620/3620/3620 3622/3622/3622 3614/3614/3614
f 3614/3614/3614 3622/3622/3622 3624/3624/3624
f 3614/3614/3614 3624/3624/3624 3615/3615/3615
f 3622/3622/3622 3617/3617/3617 3616/3616/3616
f 3622/3622/3622 3616/3616/3616 3624/3624/3624
f 3625/3625/3625 3613/3613/3613 3611/3611/3611
f 3625/3625/3625 3611/3611/3611 3610/3610/3610
f 3625/3625/3625 3619/3619/3619 3615/3615/3615
f 3625/3625/3625 3615/3615/3615 3624/3624/3624
f 3565/3565/3565 3568/3568/3568 3479/3479/3479
f 3565/3565/3565 3479/3479/3479 3478/3478/3478
f 3567/3567/3567 3564/3564/3564 3481/3481/3481
f 3567/3567/3567 3481/3481/3481 3480/3480/3480
f 3471/3471/3471 3470/3470/3470 3483/3483/3483
f 3471/3471/3471 3483/3483/3483 3482/3482/3482
f 3569/3569/3569 3566/3566/3566 3508/3508/3508
f 3569/3569/3569 3508/3508/3508 3507/3507/3507
f 3475/3475/3475 3474/3474/3474 3516/3516/3516
f 3475/3475/3475 3516/3516/3516 3515/3515/3515
f 3563/3563/3563 3521/3521/3521 3542/3542/3542
f 3563/3563/3563 3542/3542/3542 3541/3541/3541
f 3568/3568/3568 3567/3567/3567 3480/3480/3480
f 3568/3568/3568 3480/3480/3480 3479/3479/3479
f 3473/3473/3473 3414/3414/3414 3542/3542/3542
f 3473/3473/3473 3542/3542/3542 3547/3547/3547
f 3470/3470/3470 3581/3581/3581 3583/3583/3583
f 3470/3470/3470 3583/3583/3583 3483/3483/3483
f 3602/3602/3602 3471/3471/3471 3482/3482/3482
f 3602/3602/3602 3482/3482/3482 3607/3607/3607
f 3626/3626/3626 3627/3627/3627 3628/3628/3628
f 3626/3626/3626 3628/3628/3628 3629/3629/3629
f 3630/3630/3630 3631/3631/3631 3632/3632/3632
f 3630/3630/3630 3632/3632/3632 3633/3633/3633
f 3634/3634/3634 3630/3630/3630 3633/3633/3633
f 3634/3634/3634 3633/3633/3633 3635/3635/3635
f 3636/3636/3636 3637/3637/3637 3638/3638/3638
f 3636/3636/3636 3638/3638/3638 3639/3639/3639
f 3640/3640/3640 3641/3641/3641 3632/3632/3632
f 3640/3640/3640 3632/3632/3632 3631/3631/3631
f 3642/3642/3642 3643/3643/3643 3629/3629/3629
f 3642/3642/3642 3629/3629/3629 3644/3644/3644
f 3645/3645/3645 3646/3646/3646 3647/3647/3647
f 3645/3645/3645 3647/3647/3647 3648/3648/3648
f 3649/3649/3649 3650/3650/3650 3651/3651/3651
f 3649/3649/3649 3651/3651/3651 3652/3652/3652
f 3653/3653/3653 3654/3654/3654 3655/3655/3655
f 3653/3653/3653 3655/3655/3655 3656/3656/3656
f 3650/3650/3650 3657/3657/3657 3658/3658/3658
f 3650/3650/3650 3658/3658/3658 3651/3651/3651
f 3646/3646/3646 3649/3649/3649 3652/3652/3652
f 3646/3646/3646 3652/3652/3652 3647/3647/3647
f 3659/3659/3659 3660/3660/3660 3661/3661/3661
f 3659/3659/3659 3661/3661/3661 3662/3662/3662
f 3663/3663/3663 3664/3664/3664 3661/3661/3661
f 3663/3663/3663 3661/3661/3661 3665/3665/3665
f 3666/3666/3666 3667/3667/3667 3668/3668/3668
f 3666/3666/3666 3668/3668/3668 3669/3669/3669
f 3670/3670/3670 3671/3671/3671 3672/3672/3672
f 3670/3670/3670 3672/3672/3672 3673/3673/3673
f 3667/3667/3667 3674/3674/3674 3675/3675/3675
f 3667/3667/3667 3675/3675/3675 3668/3668/3668
f 3676/3676/3676 3677/3677/3677 3678/3678/3678
f 3676/3676/3676 3678/3678/3678 3679/3679/3679
f 3680/3680/3680 3659/3659/3659 3662/3662/3662
f 3680/3680/3680 3662/3662/3662 3681/3681/3681
f 3674/3674/3674 3680/3680/3680 3681/3681/3681
f 3674/3674/3674 3681/3681/3681 3675/3675/3675
f 3675/3675/3675 3681/3681/3681 3682/3682/3682
f 3675/3675/3675 3682/3682/3682 3683/3683/3683
f 3681/3681/3681 3662/3662/3662 3684/3684/3684
f 3681/3681/3681 3684/3684/3684 3682/3682/3682
f 3627/3627/3627 3634/3634/3634 3635/3635/3635
f 3627/3627/3627 3635/3635/3635 3628/3628/3628
f 3685/3685/3685 3686/3686/3686 3687/3687/3687
f 3685/3685/3685 3687/3687/3687 3688/3688/3688
f 3679/3679/3679 3678/3678/3678 3689/3689/3689
f 3679/3679/3679 3689/3689/3689 3690/3690/3690
f 3668/3668/3668 3675/3675/3675 3683/3683/3683
f 3668/3668/3668 3683/3683/3683 3691/3691/3691
f 3673/3673/3673 3672/3672/3672 3654/3654/3654
f 3673/3673/3673 3654/3654/3654 3653/3653/3653
f 3669/3669/3669 3668/3668/3668 3691/3691/3691
f 3669/3669/3669 3691/3691/3691 3692/3692/3692
f 3665/3665/3665 3661/3661/3661 3660/3660/3660
f 3665/3665/3665 3660/3660/3660 3693/3693/3693
f 3662/3662/3662 3661/3661/3661 3664/3664/3664
f 3662/3662/3662 3664/3664/3664 3684/3684/3684
f 3694/3694/3694 3695/3695/3695 3696/3696/3696
f 3694/3694/3694 3696/3696/3696 3697/3697/3697
f 3698/3698/3698 3658/3658/3658 3657/3657/3657
f 3698/3698/3698 3657/3657/3657 3699/3699/3699
f 3648/3648/3648 3647/3647/3647 3674/3674/3674
f 3648/3648/3648 3674/3674/3674 3667/3667/3667
f 3656/3656/3656 3655/3655/3655 3700/3700/3700
f 3656/3656/3656 3700/3700/3700 3701/3701/3701
f 3647/3647/3647 3652/3652/3652 3680/3680/3680
f 3647/3647/3647 3680/3680/3680 3674/3674/3674
f 3702/3702/3702 3648/3648/3648 3667/3667/3667
f 3702/3702/3702 3667/3667/3667 3666/3666/3666
f 3652/3652/3652 3651/3651/3651 3659/3659/3659
f 3652/3652/3652 3659/3659/3659 3680/3680/3680
f 3651/3651/3651 3658/3658/3658 3660/3660/3660
f 3651/3651/3651 3660/3660/3660 3659/3659/3659
f 3703/3703/3703 3704/3704/3704 3646/3646/3646
f 3703/3703/3703 3646/3646/3646 3645/3645/3645
f 3705/3705/3705 3706/3706/3706 3650/3650/3650
f 3705/3705/3705 3650/3650/3650 3649/3649/3649
f 3707/3707/3707 3708/3708/3708 3709/3709/3709
f 3707/3707/3707 3709/3709/3709 3710/3710/3710
f 3711/3711/3711 3703/3703/3703 3645/3645/3645
f 3711/3711/3711 3645/3645/3645 3712/3712/3712
f 3713/3713/3713 3714/3714/3714 3715/3715/3715
f 3713/3713/3713 3715/3715/3715 3716/3716/3716
f 3717/3717/3717 3718/3718/3718 3719/3719/3719
f 3717/3717/3717 3719/3719/3719 3720/3720/3720
f 3633/3633/3633 3632/3632/3632 3721/3721/3721
f 3633/3633/3633 3721/3721/3721 3722/3722/3722
f 3706/3706/3706 3723/3723/3723 3657/3657/3657
f 3706/3706/3706 3657/3657/3657 3650/3650/3650
f 3704/3704/3704 3705/3705/3705 3649/3649/3649
f 3704/3704/3704 3649/3649/3649 3646/3646/3646
f 3724/3724/3724 3710/3710/3710 3709/3709/3709
f 3724/3724/3724 3709/3709/3709 3725/3725/3725
f 3629/3629/3629 3628/3628/3628 3726/3726/3726
f 3629/3629/3629 3726/3726/3726 3644/3644/3644
f 3635/3635/3635 3633/3633/3633 3722/3722/3722
f 3635/3635/3635 3722/3722/3722 3727/3727/3727
f 3641/3641/3641 3728/3728/3728 3721/3721/3721
f 3641/3641/3641 3721/3721/3721 3632/3632/3632
f 3729/3729/3729 3716/3716/3716 3715/3715/3715
f 3729/3729/3729 3715/3715/3715 3730/3730/3730
f 3731/3731/3731 3723/3723/3723 3719/3719/3719
f 3731/3731/3731 3719/3719/3719 3718/3718/3718
f 3628/3628/3628 3635/3635/3635 3727/3727/3727
f 3628/3628/3628 3727/3727/3727 3726/3726/3726
f 3720/3720/3720 3732/3732/3732 3627/3627/3627
f 3720/3720/3720 3627/3627/3627 3626/3626/3626
f 3733/3733/3733 3734/3734/3734 3631/3631/3631
f 3733/3733/3733 3631/3631/3631 3630/3630/3630
f 3735/3735/3735 3733/3733/3733 3630/3630/3630
f 3735/3735/3735 3630/3630/3630 3634/3634/3634
f 3736/3736/3736 3640/3640/3640 3631/3631/3631
f 3736/3736/3736 3631/3631/3631 3734/3734/3734
f 3732/3732/3732 3735/3735/3735 3634/3634/3634
f 3732/3732/3732 3634/3634/3634 3627/3627/3627
f 3643/3643/3643 3737/3737/3737 3626/3626/3626
f 3643/3643/3643 3626/3626/3626 3629/3629/3629
f 3686/3686/3686 3738/3738/3738 3739/3739/3739
f 3686/3686/3686 3739/3739/3739 3687/3687/3687
f 3637/3637/3637 3740/3740/3740 3741/3741/3741
f 3637/3637/3637 3741/3741/3741 3638/3638/3638
f 3737/3737/3737 3717/3717/3717 3720/3720/3720
f 3737/3737/3737 3720/3720/3720 3626/3626/3626
f 3738/3738/3738 3724/3724/3724 3725/3725/3725
f 3738/3738/3738 3725/3725/3725 3739/3739/3739
f 3740/3740/3740 3729/3729/3729 3730/3730/3730
f 3740/3740/3740 3730/3730/3730 3741/3741/3741
f 3719/3719/3719 3742/3742/3742 3732/3732/3732
f 3719/3719/3719 3732/3732/3732 3720/3720/3720
f 3743/3743/3743 3744/3744/3744 3734/3734/3734
f 3743/3743/3743 3734/3734/3734 3733/3733/3733
f 3745/3745/3745 3743/3743/3743 3733/3733/3733
f 3745/3745/3745 3733/3733/3733 3735/3735/3735
f 3746/3746/3746 3736/3736/3736 3734/3734/3734
f 3746/3746/3746 3734/3734/3734 3744/3744/3744
f 3742/3742/3742 3745/3745/3745 3735/3735/3735
f 3742/3742/3742 3735/3735/3735 3732/3732/3732
f 3712/3712/3712 3645/3645/3645 3648/3648/3648
f 3712/3712/3712 3648/3648/3648 3702/3702/3702
f 3690/3690/3690 3689/3689/3689 3695/3695/3695
f 3690/3690/3690 3695/3695/3695 3694/3694/3694
f 3693/3693/3693 3660/3660/3660 3658/3658/3658
f 3693/3693/3693 3658/3658/3658 3698/3698/3698
f 3688/3688/3688 3687/3687/3687 3637/3637/3637
f 3688/3688/3688 3637/3637/3637 3636/3636/3636
f 3689/3689/3689 3653/3653/3653 3656/3656/3656
f 3689/3689/3689 3656/3656/3656 3695/3695/3695
f 3677/3677/3677 3670/3670/3670 3673/3673/3673
f 3677/3677/3677 3673/3673/3673 3678/3678/3678
f 3678/3678/3678 3673/3673/3673 3653/3653/3653
f 3678/3678/3678 3653/3653/3653 3689/3689/3689
f 3695/3695/3695 3656/3656/3656 3701/3701/3701
f 3695/3695/3695 3701/3701/3701 3696/3696/3696
f 3708/3708/3708 3713/3713/3713 3716/3716/3716
f 3708/3708/3708 3716/3716/3716 3709/3709/3709
f 3725/3725/3725 3709/3709/3709 3716/3716/3716
f 3725/3725/3725 3716/3716/3716 3729/3729/3729
f 3687/3687/3687 3739/3739/3739 3740/3740/3740
f 3687/3687/3687 3740/3740/3740 3637/3637/3637
f 3739/3739/3739 3725/3725/3725 3729/3729/3729
f 3739/3739/3739 3729/3729/3729 3740/3740/3740
f 3747/3747/3747 3748/3748/3748 3710/3710/3710
f 3747/3747/3747 3710/3710/3710 3724/3724/3724
f 3749/3749/3749 3679/3679/3679 3690/3690/3690
f 3749/3749/3749 3690/3690/3690 3750/3750/3750
f 3751/3751/3751 3752/3752/3752 3738/3738/3738
f 3751/3751/3751 3738/3738/3738 3686/3686/3686
f 3753/3753/3753 3694/3694/3694 3697/3697/3697
f 3753/3753/3753 3697/3697/3697 3754/3754/3754
f 3755/3755/3755 3751/3751/3751 3686/3686/3686
f 3755/3755/3755 3686/3686/3686 3685/3685/3685
f 3750/3750/3750 3690/3690/3690 3694/3694/3694
f 3750/3750/3750 3694/3694/3694 3753/3753/3753
f 3756/3756/3756 3676/3676/3676 3679/3679/3679
f 3756/3756/3756 3679/3679/3679 3749/3749/3749
f 3752/3752/3752 3747/3747/3747 3724/3724/3724
f 3752/3752/3752 3724/3724/3724 3738/3738/3738
f 3757/3757/3757 3707/3707/3707 3710/3710/3710
f 3757/3757/3757 3710/3710/3710 3748/3748/3748
f 3758/3758/3758 3759/3759/3759 3760/3760/3760
f 3758/3758/3758 3760/3760/3760 3761/3761/3761
f 3683/3683/3683 3682/3682/3682 3762/3762/3762
f 3683/3683/3683 3762/3762/3762 3763/3763/3763
f 3764/3764/3764 3760/3760/3760 3759/3759/3759
f 3764/3764/3764 3759/3759/3759 3765/3765/3765
f 3691/3691/3691 3683/3683/3683 3763/3763/3763
f 3691/3691/3691 3763/3763/3763 3766/3766/3766
f 3767/3767/3767 3768/3768/3768 3664/3664/3664
f 3767/3767/3767 3664/3664/3664 3663/3663/3663
f 3692/3692/3692 3691/3691/3691 3766/3766/3766
f 3692/3692/3692 3766/3766/3766 3769/3769/3769
f 3761/3761/3761 3692/3692/3692 3769/3769/3769
f 3761/3761/3761 3769/3769/3769 3758/3758/3758
f 3684/3684/3684 3664/3664/3664 3770/3770/3770
f 3664/3664/3664 3768/3768/3768 3770/3770/3770
f 3765/3765/3765 3767/3767/3767 3663/3663/3663
f 3765/3765/3765 3663/3663/3663 3764/3764/3764
f 3682/3682/3682 3684/3684/3684 3770/3770/3770
f 3682/3682/3682 3770/3770/3770 3762/3762/3762
f 3758/3758/3758 3769/3769/3769 3771/3771/3771
f 3758/3758/3758 3771/3771/3771 3759/3759/3759
f 3765/3765/3765 3759/3759/3759 3771/3771/3771
f 3765/3765/3765 3771/3771/3771 3767/3767/3767
f 3767/3767/3767 3771/3771/3771 3772/3772/3772
f 3767/3767/3767 3772/3772/3772 3768/3768/3768
f 3771/3771/3771 3769/3769/3769 3766/3766/3766
f 3771/3771/3771 3766/3766/3766 3772/3772/3772
f 3772/3772/3772 3766/3766/3766 3763/3763/3763
f 3772/3772/3772 3763/3763/3763 3762/3762/3762
f 3762/3762/3762 3770/3770/3770 3768/3768/3768
f 3762/3762/3762 3768/3768/3768 3772/3772/3772
f 3744/3744/3744 3743/3743/3743 3704/3704/3704
f 3744/3744/3744 3704/3704/3704 3703/3703/3703
f 3745/3745/3745 3742/3742/3742 3706/3706/3706
f 3745/3745/3745 3706/3706/3706 3705/3705/3705
f 3697/3697/3697 3696/3696/3696 3708/3708/3708
f 3697/3697/3697 3708/3708/3708 3707/3707/3707
f 3746/3746/3746 3744/3744/3744 3703/3703/3703
f 3746/3746/3746 3703/3703/3703 3711/3711/3711
f 3701/3701/3701 3700/3700/3700 3714/3714/3714
f 3701/3701/3701 3714/3714/3714 3713/3713/3713
f 3742/3742/3742 3719/3719/3719 3723/3723/3723
f 3742/3742/3742 3723/3723/3723 3706/3706/3706
f 3743/3743/3743 3745/3745/3745 3705/3705/3705
f 3743/3743/3743 3705/3705/3705 3704/3704/3704
f 3699/3699/3699 3657/3657/3657 3723/3723/3723
f 3699/3699/3699 3723/3723/3723 3731/3731/3731
f 3696/3696/3696 3701/3701/3701 3713/3713/3713
f 3696/3696/3696 3713/3713/3713 3708/3708/3708
f 3754/3754/3754 3697/3697/3697 3707/3707/3707
f 3754/3754/3754 3707/3707/3707 3757/3757/3757
f 2638/2638/2638 2427/2427/2427 2430/2430/2430
f 2638/2638/2638 2430/2430/2430 2647/2647/2647
f 2436/2436/2436 2431/2431/2431 2434/2434/2434
f 2436/2436/2436 2434/2434/2434 2437/2437/2437
f 2494/2494/2494 2443/2443/2443 2446/2446/2446
f 2494/2494/2494 2446/2446/2446 3773/3773/3773
f 2440/2440/2440 2447/2447/2447 2450/2450/2450
f 2440/2440/2440 2450/2450/2450 2441/2441/2441
f 2656/2656/2656 2451/2451/2451 2454/2454/2454
f 2656/2656/2656 2454/2454/2454 2489/2489/2489
f 2460/2460/2460 2455/2455/2455 2458/2458/2458
f 2460/2460/2460 2458/2458/2458 2461/2461/2461
f 2591/2591/2591 2647/2647/2647 2430/2430/2430
f 2591/2591/2591 2430/2430/2430 2497/2497/2497
f 2468/2468/2468 2437/2437/2437 2434/2434/2434
f 2468/2468/2468 2434/2434/2434 2499/2499/2499
f 2607/2607/2607 2501/2501/2501 2504/2504/2504
f 2607/2607/2607 2504/2504/2504 2575/2575/2575
f 2506/2506/2506 2513/2513/2513 2516/2516/2516
f 2506/2506/2506 2516/2516/2516 2507/2507/2507
f 2541/2541/2541 2517/2517/2517 2520/2520/2520
f 2541/2541/2541 2520/2520/2520 2542/2542/2542
f 2525/2525/2525 2532/2532/2532 2535/2535/2535
f 2525/2525/2525 2535/2535/2535 2526/2526/2526
f 2526/2526/2526 2535/2535/2535 2561/2561/2561
f 2526/2526/2526 2561/2561/2561 2562/2562/2562
f 2542/2542/2542 2520/2520/2520 2565/2565/2565
f 2542/2542/2542 2565/2565/2565 2546/2546/2546
f 2575/2575/2575 2504/2504/2504 2532/2532/2532
f 2575/2575/2575 2532/2532/2532 2525/2525/2525
f 2507/2507/2507 2516/2516/2516 2517/2517/2517
f 2507/2507/2507 2517/2517/2517 2541/2541/2541
f 2606/2606/2606 2576/2576/2576 2501/2501/2501
f 2606/2606/2606 2501/2501/2501 2607/2607/2607
f 2493/2493/2493 2495/2495/2495 2594/2594/2594
f 2493/2493/2493 2594/2594/2594 2593/2593/2593
f 2587/2587/2587 2586/2586/2586 2598/2598/2598
f 2587/2587/2587 2598/2598/2598 2597/2597/2597
f 2602/2602/2602 2609/2609/2609 2612/2612/2612
f 2602/2602/2602 2612/2612/2612 2603/2603/2603
f 2461/2461/2461 2458/2458/2458 2609/2609/2609
f 2461/2461/2461 2609/2609/2609 2602/2602/2602
f 2490/2490/2490 2631/2631/2631 2632/2632/2632
f 2490/2490/2490 2632/2632/2632 2637/2637/2637
f 2579/2579/2579 2639/2639/2639 2513/2513/2513
f 2579/2579/2579 2513/2513/2513 2506/2506/2506
f 2495/2495/2495 2591/2591/2591 2497/2497/2497
f 2495/2495/2495 2497/2497/2497 2594/2594/2594
f 2489/2489/2489 2454/2454/2454 2631/2631/2631
f 2489/2489/2489 2631/2631/2631 2490/2490/2490
f 2603/2603/2603 2612/2612/2612 2431/2431/2431
f 2603/2603/2603 2431/2431/2431 2436/2436/2436
f 2586/2586/2586 2468/2468/2468 2499/2499/2499
f 2586/2586/2586 2499/2499/2499 2598/2598/2598
f 2637/2637/2637 2632/2632/2632 2427/2427/2427
f 2637/2637/2637 2427/2427/2427 2638/2638/2638
f 2620/2620/2620 2648/2648/2648 2451/2451/2451
f 2620/2620/2620 2451/2451/2451 2656/2656/2656
f 2653/2653/2653 2650/2650/2650 2455/2455/2455
f 2653/2653/2653 2455/2455/2455 2460/2460/2460
f 2619/2619/2619 2661/2661/2661 2648/2648/2648
f 2619/2619/2619 2648/2648/2648 2620/2620/2620
f 2666/2666/2666 2663/2663/2663 2650/2650/2650
f 2666/2666/2666 2650/2650/2650 2653/2653/2653
f 2562/2562/2562 2561/2561/2561 2712/2712/2712
f 2562/2562/2562 2712/2712/2712 2715/2715/2715
f 2546/2546/2546 2565/2565/2565 2719/2719/2719
f 2546/2546/2546 2719/2719/2719 2722/2722/2722
f 2725/2725/2725 2715/2715/2715 2712/2712/2712
f 2725/2725/2725 2712/2712/2712 2726/2726/2726
f 2708/2708/2708 2722/2722/2722 2719/2719/2719
f 2708/2708/2708 2719/2719/2719 2726/2726/2726
f 2664/2664/2664 2663/2663/2663 2576/2576/2576
f 2664/2664/2664 2576/2576/2576 2606/2606/2606
f 2662/2662/2662 2661/2661/2661 2639/2639/2639
f 2662/2662/2662 2639/2639/2639 2579/2579/2579
f 2938/2938/2938 2727/2727/2727 2730/2730/2730
f 2938/2938/2938 2730/2730/2730 2947/2947/2947
f 2736/2736/2736 2731/2731/2731 2734/2734/2734
f 2736/2736/2736 2734/2734/2734 2737/2737/2737
f 2794/2794/2794 2743/2743/2743 2746/2746/2746
f 2794/2794/2794 2746/2746/2746 3774/3774/3774
f 2740/2740/2740 2747/2747/2747 2750/2750/2750
f 2740/2740/2740 2750/2750/2750 2741/2741/2741
f 2956/2956/2956 2751/2751/2751 2754/2754/2754
f 2956/2956/2956 2754/2754/2754 2789/2789/2789
f 2760/2760/2760 2755/2755/2755 2758/2758/2758
f 2760/2760/2760 2758/2758/2758 2761/2761/2761
f 2891/2891/2891 2947/2947/2947 2730/2730/2730
f 2891/2891/2891 2730/2730/2730 2797/2797/2797
f 2768/2768/2768 2737/2737/2737 2734/2734/2734
f 2768/2768/2768 2734/2734/2734 2799/2799/2799
f 2907/2907/2907 2801/2801/2801 2804/2804/2804
f 2907/2907/2907 2804/2804/2804 2875/2875/2875
f 2806/2806/2806 2813/2813/2813 2816/2816/2816
f 2806/2806/2806 2816/2816/2816 2807/2807/2807
f 2841/2841/2841 2817/2817/2817 2820/2820/2820
f 2841/2841/2841 2820/2820/2820 2842/2842/2842
f 2825/2825/2825 2832/2832/2832 2835/2835/2835
f 2825/2825/2825 2835/2835/2835 2826/2826/2826
f 2826/2826/2826 2835/2835/2835 2861/2861/2861
f 2826/2826/2826 2861/2861/2861 2862/2862/2862
f 2842/2842/2842 2820/2820/2820 2865/2865/2865
f 2842/2842/2842 2865/2865/2865 2846/2846/2846
f 2875/2875/2875 2804/2804/2804 2832/2832/2832
f 2875/2875/2875 2832/2832/2832 2825/2825/2825
f 2807/2807/2807 2816/2816/2816 2817/2817/2817
f 2807/2807/2807 2817/2817/2817 2841/2841/2841
f 2906/2906/2906 2876/2876/2876 2801/2801/2801
f 2906/2906/2906 2801/2801/2801 2907/2907/2907
f 2793/2793/2793 2795/2795/2795 2894/2894/2894
f 2793/2793/2793 2894/2894/2894 2893/2893/2893
f 2887/2887/2887 2886/2886/2886 2898/2898/2898
f 2887/2887/2887 2898/2898/2898 2897/2897/2897
f 2902/2902/2902 2909/2909/2909 2912/2912/2912
f 2902/2902/2902 2912/2912/2912 2903/2903/2903
f 2761/2761/2761 2758/2758/2758 2909/2909/2909
f 2761/2761/2761 2909/2909/2909 2902/2902/2902
f 2790/2790/2790 2931/2931/2931 2932/2932/2932
f 2790/2790/2790 2932/2932/2932 2937/2937/2937
f 2879/2879/2879 2939/2939/2939 2813/2813/2813
f 2879/2879/2879 2813/2813/2813 2806/2806/2806
f 2795/2795/2795 2891/2891/2891 2797/2797/2797
f 2795/2795/2795 2797/2797/2797 2894/2894/2894
f 2789/2789/2789 2754/2754/2754 2931/2931/2931
f 2789/2789/2789 2931/2931/2931 2790/2790/2790
f 2903/2903/2903 2912/2912/2912 2731/2731/2731
f 2903/2903/2903 2731/2731/2731 2736/2736/2736
f 2886/2886/2886 2768/2768/2768 2799/2799/2799
f 2886/2886/2886 2799/2799/2799 2898/2898/2898
f 2937/2937/2937 2932/2932/2932 2727/2727/2727
f 2937/2937/2937 2727/2727/2727 2938/2938/2938
f 2920/2920/2920 2948/2948/2948 2751/2751/2751
f 2920/2920/2920 2751/2751/2751 2956/2956/2956
f 2953/2953/2953 2950/2950/2950 2755/2755/2755
f 2953/2953/2953 2755/2755/2755 2760/2760/2760
f 2919/2919/2919 2961/2961/2961 2948/2948/2948
f 2919/2919/2919 2948/2948/2948 2920/2920/2920
f 2966/2966/2966 2963/2963/2963 2950/2950/2950
f 2966/2966/2966 2950/2950/2950 2953/2953/2953
f 2862/2862/2862 2861/2861/2861 3012/3012/3012
f 2862/2862/2862 3012/3012/3012 3015/3015/3015
f 2846/2846/2846 2865/2865/2865 3019/3019/3019
f 2846/2846/2846 3019/3019/3019 3022/3022/3022
f 3025/3025/3025 3015/3015/3015 3012/3012/3012
f 3025/3025/3025 3012/3012/3012 3026/3026/3026
f 3008/3008/3008 3022/3022/3022 3019/3019/3019
f 3008/3008/3008 3019/3019/3019 3026/3026/3026
f 2964/2964/2964 2963/2963/2963 2876/2876/2876
f 2964/2964/2964 2876/2876/2876 2906/2906/2906
f 2962/2962/2962 2961/2961/2961 2939/2939/2939
f 2962/2962/2962 2939/2939/2939 2879/2879/2879
f 3238/3238/3238 3027/3027/3027 3030/3030/3030
f 3238/3238/3238 3030/3030/3030 3247/3247/3247
f 3036/3036/3036 3031/3031/3031 3034/3034/3034
f 3036/3036/3036 3034/3034/3034 3037/3037/3037
f 3094/3094/3094 3043/3043/3043 3046/3046/3046
f 3094/3094/3094 3046/3046/3046 3775/3775/3775
f 3040/3040/3040 3047/3047/3047 3050/3050/3050
f 3040/3040/3040 3050/3050/3050 3041/3041/3041
f 3256/3256/3256 3051/3051/3051 3054/3054/3054
f 3256/3256/3256 3054/3054/3054 3089/3089/3089
f 3060/3060/3060 3055/3055/3055 3058/3058/3058
f 3060/3060/3060 3058/3058/3058 3061/3061/3061
f 3191/3191/3191 3247/3247/3247 3030/3030/3030
f 3191/3191/3191 3030/3030/3030 3097/3097/3097
f 3068/3068/3068 3037/3037/3037 3034/3034/3034
f 3068/3068/3068 3034/3034/3034 3099/3099/3099
f 3207/3207/3207 3101/3101/3101 3104/3104/3104
f 3207/3207/3207 3104/3104/3104 3175/3175/3175
f 3106/3106/3106 3113/3113/3113 3116/3116/3116
f 3106/3106/3106 3116/3116/3116 3107/3107/3107
f 3141/3141/3141 3117/3117/3117 3120/3120/3120
f 3141/3141/3141 3120/3120/3120 3142/3142/3142
f 3125/3125/3125 3132/3132/3132 3135/3135/3135
f 3125/3125/3125 3135/3135/3135 3126/3126/3126
f 3126/3126/3126 3135/3135/3135 3161/3161/3161
f 3126/3126/3126 3161/3161/3161 3162/3162/3162
f 3142/3142/3142 3120/3120/3120 3165/3165/3165
f 3142/3142/3142 3165/3165/3165 3146/3146/3146
f 3175/3175/3175 3104/3104/3104 3132/3132/3132
f 3175/3175/3175 3132/3132/3132 3125/3125/3125
f 3107/3107/3107 3116/3116/3116 3117/3117/3117
f 3107/3107/3107 3117/3117/3117 3141/3141/3141
f 3206/3206/3206 3176/3176/3176 3101/3101/3101
f 3206/3206/3206 3101/3101/3101 3207/3207/3207
f 3093/3093/3093 3095/3095/3095 3194/3194/3194
f 3093/3093/3093 3194/3194/3194 3193/3193/3193
f 3187/3187/3187 3186/3186/3186 3198/3198/3198
f 3187/3187/3187 3198/3198/3198 3197/3197/3197
f 3202/3202/3202 3209/3209/3209 3212/3212/3212
f 3202/3202/3202 3212/3212/3212 3203/3203/3203
f 3061/3061/3061 3058/3058/3058 3209/3209/3209
f 3061/3061/3061 3209/3209/3209 3202/3202/3202
f 3090/3090/3090 3231/3231/3231 3232/3232/3232
f 3090/3090/3090 3232/3232/3232 3237/3237/3237
f 3179/3179/3179 3239/3239/3239 3113/3113/3113
f 3179/3179/3179 3113/3113/3113 3106/3106/3106
f 3095/3095/3095 3191/3191/3191 3097/3097/3097
f 3095/3095/3095 3097/3097/3097 3194/3194/3194
f 3089/3089/3089 3054/3054/3054 3231/3231/3231
f 3089/3089/3089 3231/3231/3231 3090/3090/3090
f 3203/3203/3203 3212/3212/3212 3031/3031/3031
f 3203/3203/3203 3031/3031/3031 3036/3036/3036
f 3186/3186/3186 3068/3068/3068 3099/3099/3099
f 3186/3186/3186 3099/3099/3099 3198/3198/3198
f 3237/3237/3237 3232/3232/3232 3027/3027/3027
f 3237/3237/3237 3027/3027/3027 3238/3238/3238
f 3220/3220/3220 3248/3248/3248 3051/3051/3051
f 3220/3220/3220 3051/3051/3051 3256/3256/3256
f 3253/3253/3253 3250/3250/3250 3055/3055/3055
f 3253/3253/3253 3055/3055/3055 3060/3060/3060
f 3219/3219/3219 3261/3261/3261 3248/3248/3248
f 3219/3219/3219 3248/3248/3248 3220/3220/3220
f 3266/3266/3266 3263/3263/3263 3250/3250/3250
f 3266/3266/3266 3250/3250/3250 3253/3253/3253
f 3162/3162/3162 3161/3161/3161 3312/3312/3312
f 3162/3162/3162 3312/3312/3312 3315/3315/3315
f 3146/3146/3146 3165/3165/3165 3319/3319/3319
f 3146/3146/3146 3319/3319/3319 3322/3322/3322
f 3325/3325/3325 3315/3315/3315 3312/3312/3312
f 3325/3325/3325 3312/3312/3312 3326/3326/3326
f 3308/3308/3308 3322/3322/3322 3319/3319/3319
f 3308/3308/3308 3319/3319/3319 3326/3326/3326
f 3264/3264/3264 3263/3263/3263 3176/3176/3176
f 3264/3264/3264 3176/3176/3176 3206/3206/3206
f 3262/3262/3262 3261/3261/3261 3239/3239/3239
f 3262/3262/3262 3239/3239/3239 3179/3179/3179
f 3540/3540/3540 3327/3327/3327 3330/3330/3330
f 3540/3540/3540 3330/3330/3330 3549/3549/3549
f 3336/3336/3336 3331/3331/3331 3334/3334/3334
f 3336/3336/3336 3334/3334/3334 3337/3337/3337
f 3394/3394/3394 3343/3343/3343 3346/3346/3346
f 3394/3394/3394 3346/3346/3346 3776/3776/3776
f 3340/3340/3340 3347/3347/3347 3350/3350/3350
f 3340/3340/3340 3350/3350/3350 3341/3341/3341
f 3558/3558/3558 3351/3351/3351 3354/3354/3354
f 3558/3558/3558 3354/3354/3354 3389/3389/3389
f 3360/3360/3360 3355/3355/3355 3358/3358/3358
f 3360/3360/3360 3358/3358/3358 3361/3361/3361
f 3493/3493/3493 3549/3549/3549 3330/3330/3330
f 3493/3493/3493 3330/3330/3330 3397/3397/3397
f 3368/3368/3368 3337/3337/3337 3334/3334/3334
f 3368/3368/3368 3334/3334/3334 3399/3399/3399
f 3509/3509/3509 3401/3401/3401 3404/3404/3404
f 3509/3509/3509 3404/3404/3404 3477/3477/3477
f 3406/3406/3406 3413/3413/3413 3416/3416/3416
f 3406/3406/3406 3416/3416/3416 3407/3407/3407
f 3439/3439/3439 3417/3417/3417 3420/3420/3420
f 3439/3439/3439 3420/3420/3420 3440/3440/3440
f 3425/3425/3425 3430/3430/3430 3433/3433/3433
f 3425/3425/3425 3433/3433/3433 3426/3426/3426
f 3426/3426/3426 3433/3433/3433 3461/3461/3461
f 3426/3426/3426 3461/3461/3461 3464/3464/3464
f 3440/3440/3440 3420/3420/3420 3467/3467/3467
f 3440/3440/3440 3467/3467/3467 3444/3444/3444
f 3477/3477/3477 3404/3404/3404 3430/3430/3430
f 3477/3477/3477 3430/3430/3430 3425/3425/3425
f 3407/3407/3407 3416/3416/3416 3417/3417/3417
f 3407/3407/3407 3417/3417/3417 3439/3439/3439
f 3508/3508/3508 3478/3478/3478 3401/3401/3401
f 3508/3508/3508 3401/3401/3401 3509/3509/3509
f 3393/3393/3393 3395/3395/3395 3496/3496/3496
f 3393/3393/3393 3496/3496/3496 3495/3495/3495
f 3489/3489/3489 3488/3488/3488 3500/3500/3500
f 3489/3489/3489 3500/3500/3500 3499/3499/3499
f 3504/3504/3504 3511/3511/3511 3514/3514/3514
f 3504/3504/3504 3514/3514/3514 3505/3505/3505
f 3361/3361/3361 3358/3358/3358 3511/3511/3511
f 3361/3361/3361 3511/3511/3511 3504/3504/3504
f 3390/3390/3390 3533/3533/3533 3534/3534/3534
f 3390/3390/3390 3534/3534/3534 3539/3539/3539
f 3481/3481/3481 3541/3541/3541 3413/3413/3413
f 3481/3481/3481 3413/3413/3413 3406/3406/3406
f 3395/3395/3395 3493/3493/3493 3397/3397/3397
f 3395/3395/3395 3397/3397/3397 3496/3496/3496
f 3389/3389/3389 3354/3354/3354 3533/3533/3533
f 3389/3389/3389 3533/3533/3533 3390/3390/3390
f 3505/3505/3505 3514/3514/3514 3331/3331/3331
f 3505/3505/3505 3331/3331/3331 3336/3336/3336
f 3488/3488/3488 3368/3368/3368 3399/3399/3399
f 3488/3488/3488 3399/3399/3399 3500/3500/3500
f 3539/3539/3539 3534/3534/3534 3327/3327/3327
f 3539/3539/3539 3327/3327/3327 3540/3540/3540
f 3522/3522/3522 3550/3550/3550 3351/3351/3351
f 3522/3522/3522 3351/3351/3351 3558/3558/3558
f 3555/3555/3555 3552/3552/3552 3355/3355/3355
f 3555/3555/3555 3355/3355/3355 3360/3360/3360
f 3521/3521/3521 3563/3563/3563 3550/3550/3550
f 3521/3521/3521 3550/3550/3550 3522/3522/3522
f 3568/3568/3568 3565/3565/3565 3552/3552/3552
f 3568/3568/3568 3552/3552/3552 3555/3555/3555
f 3464/3464/3464 3461/3461/3461 3613/3613/3613
f 3464/3464/3464 3613/3613/3613 3616/3616/3616
f 3444/3444/3444 3467/3467/3467 3619/3619/3619
f 3444/3444/3444 3619/3619/3619 3621/3621/3621
f 3624/3624/3624 3616/3616/3616 3613/3613/3613
f 3624/3624/3624 3613/3613/3613 3625/3625/3625
f 3610/3610/3610 3621/3621/3621 3619/3619/3619
f 3610/3610/3610 3619/3619/3619 3625/3625/3625
f 3566/3566/3566 3565/3565/3565 3478/3478/3478
f 3566/3566/3566 3478/3478/3478 3508/3508/3508
f 3564/3564/3564 3563/3563/3563 3541/3541/3541
f 3564/3564/3564 3541/3541/3541 3481/3481/3481
f 2669/2669/2669 2668/2668/2668 2464/2464/2464
f 2669/2669/2669 2464/2464/2464 2463/2463/2463
f 2671/2671/2671 2670/2670/2670 2470/2470/2470
f 2671/2671/2671 2470/2470/2470 2469/2469/2469
f 2673/2673/2673 2672/2672/2672 2474/2474/2474
f 2673/2673/2673 2474/2474/2474 2473/2473/2473
f 2674/2674/2674 2509/2509/2509 2512/2512/2512
f 2674/2674/2674 2512/2512/2512 2675/2675/2675
f 2676/2676/2676 2528/2528/2528 2531/2531/2531
f 2676/2676/2676 2531/2531/2531 2677/2677/2677
f 2677/2677/2677 2531/2531/2531 2509/2509/2509
f 2677/2677/2677 2509/2509/2509 2674/2674/2674
f 2675/2675/2675 2512/2512/2512 2573/2573/2573
f 2675/2675/2675 2573/2573/2573 2678/2678/2678
f 2672/2672/2672 2679/2679/2679 2588/2588/2588
f 2672/2672/2672 2588/2588/2588 2474/2474/2474
f 2680/2680/2680 2613/2613/2613 2616/2616/2616
f 2680/2680/2680 2616/2616/2616 2681/2681/2681
f 2683/2683/2683 2682/2682/2682 2622/2622/2622
f 2683/2683/2683 2622/2622/2622 2621/2621/2621
f 2684/2684/2684 2681/2681/2681 2616/2616/2616
f 2684/2684/2684 2616/2616/2616 2643/2643/2643
f 2682/2682/2682 2669/2669/2669 2463/2463/2463
f 2682/2682/2682 2463/2463/2463 2622/2622/2622
f 2679/2679/2679 2671/2671/2671 2469/2469/2469
f 2679/2679/2679 2469/2469/2469 2588/2588/2588
f 2670/2670/2670 2683/2683/2683 2621/2621/2621
f 2670/2670/2670 2621/2621/2621 2470/2470/2470
f 2668/2668/2668 2685/2685/2685 2659/2659/2659
f 2668/2668/2668 2659/2659/2659 2464/2464/2464
f 2685/2685/2685 2684/2684/2684 2643/2643/2643
f 2685/2685/2685 2643/2643/2643 2659/2659/2659
f 3777/3777/3777 3778/3778/3778 2687/2687/2687
f 3777/3777/3777 2687/2687/2687 2686/2686/2686
f 3779/3779/3779 3780/3780/3780 2689/2689/2689
f 3779/3779/3779 2689/2689/2689 2688/2688/2688
f 3780/3780/3780 3777/3777/3777 2686/2686/2686
f 3780/3780/3780 2686/2686/2686 2689/2689/2689
f 3781/3781/3781 3782/3782/3782 2691/2691/2691
f 3781/3781/3781 2691/2691/2691 2690/2690/2690
f 3783/3783/3783 2692/2692/2692 2693/2693/2693
f 3783/3783/3783 2693/2693/2693 3784/3784/3784
f 3785/3785/3785 3786/3786/3786 2695/2695/2695
f 3785/3785/3785 2695/2695/2695 2694/2694/2694
f 3787/3787/3787 3788/3788/3788 2697/2697/2697
f 3787/3787/3787 2697/2697/2697 2696/2696/2696
f 3789/3789/3789 2698/2698/2698 2699/2699/2699
f 3789/3789/3789 2699/2699/2699 3790/3790/3790
f 3791/3791/3791 3787/3787/3787 2696/2696/2696
f 3791/3791/3791 2696/2696/2696 2700/2700/2700
f 3778/3778/3778 3785/3785/3785 2694/2694/2694
f 3778/3778/3778 2694/2694/2694 2687/2687/2687
f 3792/3792/3792 3791/3791/3791 2700/2700/2700
f 3792/3792/3792 2700/2700/2700 2701/2701/2701
f 3784/3784/3784 2693/2693/2693 2698/2698/2698
f 3784/3784/3784 2698/2698/2698 3789/3789/3789
f 3793/3793/3793 2702/2702/2702 2692/2692/2692
f 3793/3793/3793 2692/2692/2692 3783/3783/3783
f 3788/3788/3788 3781/3781/3781 2690/2690/2690
f 3788/3788/3788 2690/2690/2690 2697/2697/2697
f 3794/3794/3794 2703/2703/2703 2691/2691/2691
f 3794/3794/3794 2691/2691/2691 3782/3782/3782
f 3786/3786/3786 3792/3792/3792 2701/2701/2701
f 3786/3786/3786 2701/2701/2701 2695/2695/2695
f 2707/2707/2707 2717/2717/2717 2718/2718/2718
f 2707/2707/2707 2718/2718/2718 2704/2704/2704
f 2711/2711/2711 2720/2720/2720 2721/2721/2721
f 2711/2711/2711 2721/2721/2721 2710/2710/2710
f 2704/2704/2704 2718/2718/2718 2724/2724/2724
f 2704/2704/2704 2724/2724/2724 2705/2705/2705
f 2711/2711/2711 2705/2705/2705 2724/2724/2724
f 2711/2711/2711 2724/2724/2724 2720/2720/2720
f 2678/2678/2678 2573/2573/2573 2613/2613/2613
f 2678/2678/2678 2613/2613/2613 2680/2680/2680
f 3790/3790/3790 2699/2699/2699 2703/2703/2703
f 3790/3790/3790 2703/2703/2703 3794/3794/3794
f 2969/2969/2969 2968/2968/2968 2764/2764/2764
f 2969/2969/2969 2764/2764/2764 2763/2763/2763
f 2971/2971/2971 2970/2970/2970 2770/2770/2770
f 2971/2971/2971 2770/2770/2770 2769/2769/2769
f 2973/2973/2973 2972/2972/2972 2774/2774/2774
f 2973/2973/2973 2774/2774/2774 2773/2773/2773
f 2974/2974/2974 2809/2809/2809 2812/2812/2812
f 2974/2974/2974 2812/2812/2812 2975/2975/2975
f 2976/2976/2976 2828/2828/2828 2831/2831/2831
f 2976/2976/2976 2831/2831/2831 2977/2977/2977
f 2977/2977/2977 2831/2831/2831 2809/2809/2809
f 2977/2977/2977 2809/2809/2809 2974/2974/2974
f 2975/2975/2975 2812/2812/2812 2873/2873/2873
f 2975/2975/2975 2873/2873/2873 2978/2978/2978
f 2972/2972/2972 2979/2979/2979 2888/2888/2888
f 2972/2972/2972 2888/2888/2888 2774/2774/2774
f 2980/2980/2980 2913/2913/2913 2916/2916/2916
f 2980/2980/2980 2916/2916/2916 2981/2981/2981
f 2983/2983/2983 2982/2982/2982 2922/2922/2922
f 2983/2983/2983 2922/2922/2922 2921/2921/2921
f 2984/2984/2984 2981/2981/2981 2916/2916/2916
f 2984/2984/2984 2916/2916/2916 2943/2943/2943
f 2982/2982/2982 2969/2969/2969 2763/2763/2763
f 2982/2982/2982 2763/2763/2763 2922/2922/2922
f 2979/2979/2979 2971/2971/2971 2769/2769/2769
f 2979/2979/2979 2769/2769/2769 2888/2888/2888
f 2970/2970/2970 2983/2983/2983 2921/2921/2921
f 2970/2970/2970 2921/2921/2921 2770/2770/2770
f 2968/2968/2968 2985/2985/2985 2959/2959/2959
f 2968/2968/2968 2959/2959/2959 2764/2764/2764
f 2985/2985/2985 2984/2984/2984 2943/2943/2943
f 2985/2985/2985 2943/2943/2943 2959/2959/2959
f 3795/3795/3795 3796/3796/3796 2987/2987/2987
f 3795/3795/3795 2987/2987/2987 2986/2986/2986
f 3797/3797/3797 3798/3798/3798 2989/2989/2989
f 3797/3797/3797 2989/2989/2989 2988/2988/2988
f 3798/3798/3798 3795/3795/3795 2986/2986/2986
f 3798/3798/3798 2986/2986/2986 2989/2989/2989
f 3799/3799/3799 3800/3800/3800 2991/2991/2991
f 3799/3799/3799 2991/2991/2991 2990/2990/2990
f 3801/3801/3801 2992/2992/2992 2993/2993/2993
f 3801/3801/3801 2993/2993/2993 3802/3802/3802
f 3803/3803/3803 3804/3804/3804 2995/2995/2995
f 3803/3803/3803 2995/2995/2995 2994/2994/2994
f 3805/3805/3805 3806/3806/3806 2997/2997/2997
f 3805/3805/3805 2997/2997/2997 2996/2996/2996
f 3807/3807/3807 2998/2998/2998 2999/2999/2999
f 3807/3807/3807 2999/2999/2999 3808/3808/3808
f 3809/3809/3809 3805/3805/3805 2996/2996/2996
f 3809/3809/3809 2996/2996/2996 3000/3000/3000
f 3796/3796/3796 3803/3803/3803 2994/2994/2994
f 3796/3796/3796 2994/2994/2994 2987/2987/2987
f 3810/3810/3810 3809/3809/3809 3000/3000/3000
f 3810/3810/3810 3000/3000/3000 3001/3001/3001
f 3802/3802/3802 2993/2993/2993 2998/2998/2998
f 3802/3802/3802 2998/2998/2998 3807/3807/3807
f 3811/3811/3811 3002/3002/3002 2992/2992/2992
f 3811/3811/3811 2992/2992/2992 3801/3801/3801
f 3806/3806/3806 3799/3799/3799 2990/2990/2990
f 3806/3806/3806 2990/2990/2990 2997/2997/2997
f 3812/3812/3812 3003/3003/3003 2991/2991/2991
f 3812/3812/3812 2991/2991/2991 3800/3800/3800
f 3804/3804/3804 3810/3810/3810 3001/3001/3001
f 3804/3804/3804 3001/3001/3001 2995/2995/2995
f 3007/3007/3007 3017/3017/3017 3018/3018/3018
f 3007/3007/3007 3018/3018/3018 3004/3004/3004
f 3011/3011/3011 3020/3020/3020 3021/3021/3021
f 3011/3011/3011 3021/3021/3021 3010/3010/3010
f 3004/3004/3004 3018/3018/3018 3024/3024/3024
f 3004/3004/3004 3024/3024/3024 3005/3005/3005
f 3011/3011/3011 3005/3005/3005 3024/3024/3024
f 3011/3011/3011 3024/3024/3024 3020/3020/3020
f 2978/2978/2978 2873/2873/2873 2913/2913/2913
f 2978/2978/2978 2913/2913/2913 2980/2980/2980
f 3808/3808/3808 2999/2999/2999 3003/3003/3003
f 3808/3808/3808 3003/3003/3003 3812/3812/3812
f 3269/3269/3269 3268/3268/3268 3064/3064/3064
f 3269/3269/3269 3064/3064/3064 3063/3063/3063
f 3271/3271/3271 3270/3270/3270 3070/3070/3070
f 3271/3271/3271 3070/3070/3070 3069/3069/3069
f 3273/3273/3273 3272/3272/3272 3074/3074/3074
f 3273/3273/3273 3074/3074/3074 3073/3073/3073
f 3274/3274/3274 3109/3109/3109 3112/3112/3112
f 3274/3274/3274 3112/3112/3112 3275/3275/3275
f 3276/3276/3276 3128/3128/3128 3131/3131/3131
f 3276/3276/3276 3131/3131/3131 3277/3277/3277
f 3277/3277/3277 3131/3131/3131 3109/3109/3109
f 3277/3277/3277 3109/3109/3109 3274/3274/3274
f 3275/3275/3275 3112/3112/3112 3173/3173/3173
f 3275/3275/3275 3173/3173/3173 3278/3278/3278
f 3272/3272/3272 3279/3279/3279 3188/3188/3188
f 3272/3272/3272 3188/3188/3188 3074/3074/3074
f 3280/3280/3280 3213/3213/3213 3216/3216/3216
f 3280/3280/3280 3216/3216/3216 3281/3281/3281
f 3283/3283/3283 3282/3282/3282 3222/3222/3222
f 3283/3283/3283 3222/3222/3222 3221/3221/3221
f 3284/3284/3284 3281/3281/3281 3216/3216/3216
f 3284/3284/3284 3216/3216/3216 3243/3243/3243
f 3282/3282/3282 3269/3269/3269 3063/3063/3063
f 3282/3282/3282 3063/3063/3063 3222/3222/3222
f 3279/3279/3279 3271/3271/3271 3069/3069/3069
f 3279/3279/3279 3069/3069/3069 3188/3188/3188
f 3270/3270/3270 3283/3283/3283 3221/3221/3221
f 3270/3270/3270 3221/3221/3221 3070/3070/3070
f 3268/3268/3268 3285/3285/3285 3259/3259/3259
f 3268/3268/3268 3259/3259/3259 3064/3064/3064
f 3285/3285/3285 3284/3284/3284 3243/3243/3243
f 3285/3285/3285 3243/3243/3243 3259/3259/3259
f 3813/3813/3813 3814/3814/3814 3287/3287/3287
f 3813/3813/3813 3287/3287/3287 3286/3286/3286
f 3815/3815/3815 3816/3816/3816 3289/3289/3289
f 3815/3815/3815 3289/3289/3289 3288/3288/3288
f 3816/3816/3816 3813/3813/3813 3286/3286/3286
f 3816/3816/3816 3286/3286/3286 3289/3289/3289
f 3817/3817/3817 3818/3818/3818 3291/3291/3291
f 3817/3817/3817 3291/3291/3291 3290/3290/3290
f 3819/3819/3819 3292/3292/3292 3293/3293/3293
f 3819/3819/3819 3293/3293/3293 3820/3820/3820
f 3821/3821/3821 3822/3822/3822 3295/3295/3295
f 3821/3821/3821 3295/3295/3295 3294/3294/3294
f 3823/3823/3823 3824/3824/3824 3297/3297/3297
f 3823/3823/3823 3297/3297/3297 3296/3296/3296
f 3825/3825/3825 3298/3298/3298 3299/3299/3299
f 3825/3825/3825 3299/3299/3299 3826/3826/3826
f 3827/3827/3827 3823/3823/3823 3296/3296/3296
f 3827/3827/3827 3296/3296/3296 3300/3300/3300
f 3814/3814/3814 3821/3821/3821 3294/3294/3294
f 3814/3814/3814 3294/3294/3294 3287/3287/3287
f 3828/3828/3828 3827/3827/3827 3300/3300/3300
f 3828/3828/3828 3300/3300/3300 3301/3301/3301
f 3820/3820/3820 3293/3293/3293 3298/3298/3298
f 3820/3820/3820 3298/3298/3298 3825/3825/3825
f 3829/3829/3829 3302/3302/3302 3292/3292/3292
f 3829/3829/3829 3292/3292/3292 3819/3819/3819
f 3824/3824/3824 3817/3817/3817 3290/3290/3290
f 3824/3824/3824 3290/3290/3290 3297/3297/3297
f 3830/3830/3830 3303/3303/3303 3291/3291/3291
f 3830/3830/3830 3291/3291/3291 3818/3818/3818
f 3822/3822/3822 3828/3828/3828 3301/3301/3301
f 3822/3822/3822 3301/3301/3301 3295/3295/3295
f 3307/3307/3307 3317/3317/3317 3318/3318/3318
f 3307/3307/3307 3318/3318/3318 3304/3304/3304
f 3311/3311/3311 3320/3320/3320 3321/3321/3321
f 3311/3311/3311 3321/3321/3321 3310/3310/3310
f 3304/3304/3304 3318/3318/3318 3324/3324/3324
f 3304/3304/3304 3324/3324/3324 3305/3305/3305
f 3311/3311/3311 3305/3305/3305 3324/3324/3324
f 3311/3311/3311 3324/3324/3324 3320/3320/3320
f 3278/3278/3278 3173/3173/3173 3213/3213/3213
f 3278/3278/3278 3213/3213/3213 3280/3280/3280
f 3826/3826/3826 3299/3299/3299 3303/3303/3303
f 3826/3826/3826 3303/3303/3303 3830/3830/3830
f 3571/3571/3571 3570/3570/3570 3364/3364/3364
f 3571/3571/3571 3364/3364/3364 3363/3363/3363
f 3573/3573/3573 3572/3572/3572 3370/3370/3370
f 3573/3573/3573 3370/3370/3370 3369/3369/3369
f 3575/3575/3575 3574/3574/3574 3374/3374/3374
f 3575/3575/3575 3374/3374/3374 3373/3373/3373
f 3576/3576/3576 3409/3409/3409 3412/3412/3412
f 3576/3576/3576 3412/3412/3412 3577/3577/3577
f 3578/3578/3578 3428/3428/3428 3429/3429/3429
f 3578/3578/3578 3429/3429/3429 3579/3579/3579
f 3580/3580/3580 3462/3462/3462 3409/3409/3409
f 3580/3580/3580 3409/3409/3409 3576/3576/3576
f 3577/3577/3577 3412/3412/3412 3475/3475/3475
f 3577/3577/3577 3475/3475/3475 3581/3581/3581
f 3574/3574/3574 3582/3582/3582 3490/3490/3490
f 3574/3574/3574 3490/3490/3490 3374/3374/3374
f 3583/3583/3583 3515/3515/3515 3518/3518/3518
f 3583/3583/3583 3518/3518/3518 3584/3584/3584
f 3586/3586/3586 3585/3585/3585 3524/3524/3524
f 3586/3586/3586 3524/3524/3524 3523/3523/3523
f 3587/3587/3587 3584/3584/3584 3518/3518/3518
f 3587/3587/3587 3518/3518/3518 3545/3545/3545
f 3585/3585/3585 3571/3571/3571 3363/3363/3363
f 3585/3585/3585 3363/3363/3363 3524/3524/3524
f 3582/3582/3582 3573/3573/3573 3369/3369/3369
f 3582/3582/3582 3369/3369/3369 3490/3490/3490
f 3572/3572/3572 3586/3586/3586 3523/3523/3523
f 3572/3572/3572 3523/3523/3523 3370/3370/3370
f 3570/3570/3570 3588/3588/3588 3561/3561/3561
f 3570/3570/3570 3561/3561/3561 3364/3364/3364
f 3588/3588/3588 3587/3587/3587 3545/3545/3545
f 3588/3588/3588 3545/3545/3545 3561/3561/3561
f 3377/3377/3377 3492/3492/3492 3590/3590/3590
f 3377/3377/3377 3590/3590/3590 3589/3589/3589
f 3383/3383/3383 3378/3378/3378 3592/3592/3592
f 3383/3383/3383 3592/3592/3592 3591/3591/3591
f 3378/3378/3378 3377/3377/3377 3589/3589/3589
f 3378/3378/3378 3589/3589/3589 3592/3592/3592
f 3556/3556/3556 3569/3569/3569 3594/3594/3594
f 3556/3556/3556 3594/3594/3594 3593/3593/3593
f 3427/3427/3427 3595/3595/3595 3596/3596/3596
f 3427/3427/3427 3596/3596/3596 3424/3424/3424
f 3386/3386/3386 3385/3385/3385 3598/3598/3598
f 3386/3386/3386 3598/3598/3598 3597/3597/3597
f 3382/3382/3382 3381/3381/3381 3600/3600/3600
f 3382/3382/3382 3600/3600/3600 3599/3599/3599
f 3476/3476/3476 3601/3601/3601 3602/3602/3602
f 3476/3476/3476 3602/3602/3602 3510/3510/3510
f 3535/3535/3535 3382/3382/3382 3599/3599/3599
f 3535/3535/3535 3599/3599/3599 3603/3603/3603
f 3492/3492/3492 3386/3386/3386 3597/3597/3597
f 3492/3492/3492 3597/3597/3597 3590/3590/3590
f 3536/3536/3536 3535/3535/3535 3603/3603/3603
f 3536/3536/3536 3603/3603/3603 3604/3604/3604
f 3424/3424/3424 3596/3596/3596 3601/3601/3601
f 3424/3424/3424 3601/3601/3601 3476/3476/3476
f 3465/3465/3465 3605/3605/3605 3606/3606/3606
f 3465/3465/3465 3606/3606/3606 3427/3427/3427
f 3381/3381/3381 3556/3556/3556 3593/3593/3593
f 3381/3381/3381 3593/3593/3593 3600/3600/3600
f 3507/3507/3507 3607/3607/3607 3594/3594/3594
f 3507/3507/3507 3594/3594/3594 3569/3569/3569
f 3385/3385/3385 3536/3536/3536 3604/3604/3604
f 3385/3385/3385 3604/3604/3604 3598/3598/3598
f 3434/3434/3434 3605/3605/3605 3618/3618/3618
f 3434/3434/3434 3618/3618/3618 3608/3608/3608
f 3612/3612/3612 3620/3620/3620 3428/3428/3428
f 3612/3612/3612 3428/3428/3428 3578/3578/3578
f 3608/3608/3608 3618/3618/3618 3623/3623/3623
f 3608/3608/3608 3623/3623/3623 3609/3609/3609
f 3612/3612/3612 3609/3609/3609 3623/3623/3623
f 3612/3612/3612 3623/3623/3623 3620/3620/3620
f 3581/3581/3581 3475/3475/3475 3515/3515/3515
f 3581/3581/3581 3515/3515/3515 3583/3583/3583
f 3510/3510/3510 3602/3602/3602 3607/3607/3607
f 3510/3510/3510 3607/3607/3607 3507/3507/3507
f 3042/3042/3042 3041/3041/3041 3831/3831/3831
f 3042/3042/3042 3831/3831/3831 3832/3832/3832
f 3833/3833/3833 3834/3834/3834 3835/3835/3835
f 3833/3833/3833 3835/3835/3835 3836/3836/3836
f 3837/3837/3837 3838/3838/3838 3345/3345/3345
f 3837/3837/3837 3345/3345/3345 3342/3342/3342
f 3839/3839/3839 3840/3840/3840 3384/3384/3384
f 3839/3839/3839 3384/3384/3384 3841/3841/3841
f 2446/2446/2446 2445/2445/2445 3842/3842/3842
f 2446/2446/2446 3842/3842/3842 3843/3843/3843
f 3844/3844/3844 3845/3845/3845 3846/3846/3846
f 3844/3844/3844 3846/3846/3846 3847/3847/3847
f 3342/3342/3342 3341/3341/3341 3848/3848/3848
f 3342/3342/3342 3848/3848/3848 3837/3837/3837
f 3849/3849/3849 3848/3848/3848 3341/3341/3341
f 3849/3849/3849 3341/3341/3341 3350/3350/3350
f 3850/3850/3850 3851/3851/3851 3852/3852/3852
f 3850/3850/3850 3852/3852/3852 3853/3853/3853
f 3841/3841/3841 3850/3850/3850 3853/3853/3853
f 3841/3841/3841 3853/3853/3853 3839/3839/3839
f 3854/3854/3854 3855/3855/3855 3856/3856/3856
f 3854/3854/3854 3856/3856/3856 3857/3857/3857
f 3843/3843/3843 3858/3858/3858 3773/3773/3773
f 3843/3843/3843 3773/3773/3773 2446/2446/2446
f 3859/3859/3859 3835/3835/3835 3834/3834/3834
f 3859/3859/3859 3834/3834/3834 3860/3860/3860
f 3861/3861/3861 3862/3862/3862 2745/2745/2745
f 3861/3861/3861 2745/2745/2745 2742/2742/2742
f 3845/3845/3845 3863/3863/3863 3864/3864/3864
f 3845/3845/3845 3864/3864/3864 3846/3846/3846
f 3865/3865/3865 3852/3852/3852 3851/3851/3851
f 3865/3865/3865 3851/3851/3851 3866/3866/3866
f 3847/3847/3847 3867/3867/3867 3868/3868/3868
f 3847/3847/3847 3868/3868/3868 3844/3844/3844
f 3869/3869/3869 3856/3856/3856 3855/3855/3855
f 3869/3869/3869 3855/3855/3855 3870/3870/3870
f 2742/2742/2742 2741/2741/2741 3871/3871/3871
f 2742/2742/2742 3871/3871/3871 3861/3861/3861
f 3872/3872/3872 3842/3842/3842 2445/2445/2445
f 3872/3872/3872 2445/2445/2445 2442/2442/2442
f 3858/3858/3858 3873/3873/3873 3874/3874/3874
f 3858/3858/3858 3874/3874/3874 3773/3773/3773
f 3840/3840/3840 3875/3875/3875 3349/3349/3349
f 3840/3840/3840 3349/3349/3349 3384/3384/3384
f 3350/3350/3350 3349/3349/3349 3875/3875/3875
f 3350/3350/3350 3875/3875/3875 3849/3849/3849
f 3876/3876/3876 3864/3864/3864 3863/3863/3863
f 3876/3876/3876 3863/3863/3863 3877/3877/3877
f 3832/3832/3832 3878/3878/3878 3045/3045/3045
f 3832/3832/3832 3045/3045/3045 3042/3042/3042
f 2442/2442/2442 2441/2441/2441 3879/3879/3879
f 2442/2442/2442 3879/3879/3879 3872/3872/3872
f 3880/3880/3880 3881/3881/3881 3856/3856/3856
f 3880/3880/3880 3856/3856/3856 3869/3869/3869
f 3882/3882/3882 3883/3883/3883 3884/3884/3884
f 3882/3882/3882 3884/3884/3884 3885/3885/3885
f 3886/3886/3886 3887/3887/3887 3852/3852/3852
f 3886/3886/3886 3852/3852/3852 3865/3865/3865
f 3888/3888/3888 3889/3889/3889 3890/3890/3890
f 3888/3888/3888 3890/3890/3890 3891/3891/3891
f 3892/3892/3892 3883/3883/3883 3835/3835/3835
f 3892/3892/3892 3835/3835/3835 3859/3859/3859
f 3893/3893/3893 3881/3881/3881 3894/3894/3894
f 3893/3893/3893 3894/3894/3894 3895/3895/3895
f 3896/3896/3896 3897/3897/3897 3898/3898/3898
f 3896/3896/3896 3898/3898/3898 3899/3899/3899
f 3900/3900/3900 3901/3901/3901 3902/3902/3902
f 3900/3900/3900 3902/3902/3902 3899/3899/3899
f 3895/3895/3895 3903/3903/3903 3904/3904/3904
f 3895/3895/3895 3904/3904/3904 3905/3905/3905
f 3050/3050/3050 3906/3906/3906 3831/3831/3831
f 3050/3050/3050 3831/3831/3831 3041/3041/3041
f 3900/3900/3900 3899/3899/3899 3898/3898/3898
f 3900/3900/3900 3898/3898/3898 3907/3907/3907
f 3900/3900/3900 3907/3907/3907 3908/3908/3908
f 3900/3900/3900 3908/3908/3908 3909/3909/3909
f 3885/3885/3885 3884/3884/3884 3910/3910/3910
f 3885/3885/3885 3910/3910/3910 3911/3911/3911
f 3912/3912/3912 3913/3913/3913 3914/3914/3914
f 3912/3912/3912 3914/3914/3914 3915/3915/3915
f 3901/3901/3901 3910/3910/3910 3884/3884/3884
f 3901/3901/3901 3884/3884/3884 3902/3902/3902
f 3916/3916/3916 3046/3046/3046 3045/3045/3045
f 3916/3916/3916 3045/3045/3045 3878/3878/3878
f 3917/3917/3917 3903/3903/3903 3918/3918/3918
f 3917/3917/3917 3918/3918/3918 3919/3919/3919
f 3920/3920/3920 3921/3921/3921 3910/3910/3910
f 3920/3920/3920 3910/3910/3910 3901/3901/3901
f 3903/3903/3903 3895/3895/3895 3894/3894/3894
f 3903/3903/3903 3894/3894/3894 3918/3918/3918
f 3911/3911/3911 3910/3910/3910 3921/3921/3921
f 3911/3911/3911 3921/3921/3921 3922/3922/3922
f 3923/3923/3923 3924/3924/3924 3925/3925/3925
f 3923/3923/3923 3925/3925/3925 3926/3926/3926
f 3927/3927/3927 3928/3928/3928 3929/3929/3929
f 3927/3927/3927 3929/3929/3929 3930/3930/3930
f 3926/3926/3926 3931/3931/3931 3932/3932/3932
f 3926/3926/3926 3932/3932/3932 3923/3923/3923
f 3928/3928/3928 3933/3933/3933 3934/3934/3934
f 3928/3928/3928 3934/3934/3934 3929/3929/3929
f 3935/3935/3935 3934/3934/3934 3933/3933/3933
f 3935/3935/3935 3933/3933/3933 3936/3936/3936
f 3937/3937/3937 3938/3938/3938 3939/3939/3939
f 3937/3937/3937 3939/3939/3939 3940/3940/3940
f 3941/3941/3941 3935/3935/3935 3936/3936/3936
f 3941/3941/3941 3936/3936/3936 3942/3942/3942
f 3940/3940/3940 3939/3939/3939 3943/3943/3943
f 3940/3940/3940 3943/3943/3943 3944/3944/3944
f 3930/3930/3930 3945/3945/3945 3946/3946/3946
f 3930/3930/3930 3946/3946/3946 3927/3927/3927
f 3947/3947/3947 3948/3948/3948 3949/3949/3949
f 3947/3947/3947 3949/3949/3949 3950/3950/3950
f 3951/3951/3951 3952/3952/3952 3953/3953/3953
f 3951/3951/3951 3953/3953/3953 3954/3954/3954
f 3955/3955/3955 3956/3956/3956 3957/3957/3957
f 3955/3955/3955 3957/3957/3957 3958/3958/3958
f 3948/3948/3948 3959/3959/3959 3960/3960/3960
f 3948/3948/3948 3960/3960/3960 3949/3949/3949
f 3946/3946/3946 3961/3961/3961 3962/3962/3962
f 3946/3946/3946 3962/3962/3962 3963/3963/3963
f 2750/2750/2750 3964/3964/3964 3871/3871/3871
f 2750/2750/2750 3871/3871/3871 2741/2741/2741
f 3952/3952/3952 3956/3956/3956 3965/3965/3965
f 3952/3952/3952 3965/3965/3965 3953/3953/3953
f 3966/3966/3966 3955/3955/3955 3958/3958/3958
f 3966/3966/3966 3958/3958/3958 3967/3967/3967
f 3951/3951/3951 3947/3947/3947 3950/3950/3950
f 3951/3951/3951 3950/3950/3950 3968/3968/3968
f 3969/3969/3969 3970/3970/3970 3933/3933/3933
f 3969/3969/3969 3933/3933/3933 3928/3928/3928
f 3961/3961/3961 3971/3971/3971 3972/3972/3972
f 3961/3961/3961 3972/3972/3972 3962/3962/3962
f 3973/3973/3973 3926/3926/3926 3925/3925/3925
f 3973/3973/3973 3925/3925/3925 3974/3974/3974
f 3945/3945/3945 3975/3975/3975 3961/3961/3961
f 3945/3945/3945 3961/3961/3961 3946/3946/3946
f 3925/3925/3925 3942/3942/3942 3976/3976/3976
f 3925/3925/3925 3976/3976/3976 3974/3974/3974
f 2584/2584/2584 2587/2587/2587 2440/2440/2440
f 2584/2584/2584 2440/2440/2440 2439/2439/2439
f 2593/2593/2593 2596/2596/2596 2444/2444/2444
f 2593/2593/2593 2444/2444/2444 2443/2443/2443
f 2597/2597/2597 2479/2479/2479 2448/2448/2448
f 2597/2597/2597 2448/2448/2448 2447/2447/2447
f 3847/3847/3847 2473/2473/2473 2476/2476/2476
f 3847/3847/3847 2476/2476/2476 3867/3867/3867
f 2478/2478/2478 2483/2483/2483 2448/2448/2448
f 2478/2478/2478 2448/2448/2448 2479/2479/2479
f 3874/3874/3874 2491/2491/2491 2494/2494/2494
f 3874/3874/3874 2494/2494/2494 3773/3773/3773
f 2596/2596/2596 2584/2584/2584 2439/2439/2439
f 2596/2596/2596 2439/2439/2439 2444/2444/2444
f 3876/3876/3876 2555/2555/2555 2558/2558/2558
f 3876/3876/3876 2558/2558/2558 3864/3864/3864
f 3864/3864/3864 2558/2558/2558 2673/2673/2673
f 3864/3864/3864 2673/2673/2673 3846/3846/3846
f 3977/3977/3977 2688/2688/2688 2555/2555/2555
f 3977/3977/3977 2555/2555/2555 3876/3876/3876
f 2493/2493/2493 2593/2593/2593 2443/2443/2443
f 2493/2493/2493 2443/2443/2443 2494/2494/2494
f 2587/2587/2587 2597/2597/2597 2447/2447/2447
f 2587/2587/2587 2447/2447/2447 2440/2440/2440
f 3846/3846/3846 2673/2673/2673 2473/2473/2473
f 3846/3846/3846 2473/2473/2473 3847/3847/3847
f 3978/3978/3978 3779/3779/3779 2688/2688/2688
f 3978/3978/3978 2688/2688/2688 3977/3977/3977
f 3979/3979/3979 2988/2988/2988 2855/2855/2855
f 3979/3979/3979 2855/2855/2855 3833/3833/3833
f 2893/2893/2893 2896/2896/2896 2744/2744/2744
f 2893/2893/2893 2744/2744/2744 2743/2743/2743
f 2897/2897/2897 2779/2779/2779 2748/2748/2748
f 2897/2897/2897 2748/2748/2748 2747/2747/2747
f 2778/2778/2778 2783/2783/2783 2748/2748/2748
f 2778/2778/2778 2748/2748/2748 2779/2779/2779
f 3078/3078/3078 3083/3083/3083 3048/3048/3048
f 3078/3078/3078 3048/3048/3048 3079/3079/3079
f 3980/3980/3980 2773/2773/2773 2776/2776/2776
f 3980/3980/3980 2776/2776/2776 3981/3981/3981
f 3982/3982/3982 3288/3288/3288 3155/3155/3155
f 3982/3982/3982 3155/3155/3155 3854/3854/3854
f 3855/3855/3855 3158/3158/3158 3273/3273/3273
f 3855/3855/3855 3273/3273/3273 3870/3870/3870
f 3833/3833/3833 2855/2855/2855 2858/2858/2858
f 3833/3833/3833 2858/2858/2858 3834/3834/3834
f 3196/3196/3196 3184/3184/3184 3039/3039/3039
f 3196/3196/3196 3039/3039/3039 3044/3044/3044
f 3860/3860/3860 2973/2973/2973 2773/2773/2773
f 3860/3860/3860 2773/2773/2773 3980/3980/3980
f 2887/2887/2887 2897/2897/2897 2747/2747/2747
f 2887/2887/2887 2747/2747/2747 2740/2740/2740
f 3197/3197/3197 3079/3079/3079 3048/3048/3048
f 3197/3197/3197 3048/3048/3048 3047/3047/3047
f 2793/2793/2793 2893/2893/2893 2743/2743/2743
f 2793/2793/2793 2743/2743/2743 2794/2794/2794
f 3193/3193/3193 3196/3196/3196 3044/3044/3044
f 3193/3193/3193 3044/3044/3044 3043/3043/3043
f 3983/3983/3983 3797/3797/3797 2988/2988/2988
f 3983/3983/3983 2988/2988/2988 3979/3979/3979
f 3834/3834/3834 2858/2858/2858 2973/2973/2973
f 3834/3834/3834 2973/2973/2973 3860/3860/3860
f 3851/3851/3851 3456/3456/3456 3575/3575/3575
f 3851/3851/3851 3575/3575/3575 3866/3866/3866
f 2896/2896/2896 2884/2884/2884 2739/2739/2739
f 2896/2896/2896 2739/2739/2739 2744/2744/2744
f 3984/3984/3984 2791/2791/2791 2794/2794/2794
f 3984/3984/3984 2794/2794/2794 3774/3774/3774
f 3870/3870/3870 3273/3273/3273 3073/3073/3073
f 3870/3870/3870 3073/3073/3073 3985/3985/3985
f 2884/2884/2884 2887/2887/2887 2740/2740/2740
f 2884/2884/2884 2740/2740/2740 2739/2739/2739
f 3986/3986/3986 3815/3815/3815 3288/3288/3288
f 3986/3986/3986 3288/3288/3288 3982/3982/3982
f 3850/3850/3850 3453/3453/3453 3456/3456/3456
f 3850/3850/3850 3456/3456/3456 3851/3851/3851
f 3985/3985/3985 3073/3073/3073 3076/3076/3076
f 3985/3985/3985 3076/3076/3076 3987/3987/3987
f 3486/3486/3486 3489/3489/3489 3340/3340/3340
f 3486/3486/3486 3340/3340/3340 3339/3339/3339
f 3988/3988/3988 3373/3373/3373 3376/3376/3376
f 3988/3988/3988 3376/3376/3376 3989/3989/3989
f 3495/3495/3495 3498/3498/3498 3344/3344/3344
f 3495/3495/3495 3344/3344/3344 3343/3343/3343
f 3187/3187/3187 3197/3197/3197 3047/3047/3047
f 3187/3187/3187 3047/3047/3047 3040/3040/3040
f 3990/3990/3990 3091/3091/3091 3094/3094/3094
f 3990/3990/3990 3094/3094/3094 3775/3775/3775
f 3184/3184/3184 3187/3187/3187 3040/3040/3040
f 3184/3184/3184 3040/3040/3040 3039/3039/3039
f 3093/3093/3093 3193/3193/3193 3043/3043/3043
f 3093/3093/3093 3043/3043/3043 3094/3094/3094
f 3854/3854/3854 3155/3155/3155 3158/3158/3158
f 3854/3854/3854 3158/3158/3158 3855/3855/3855
f 3489/3489/3489 3499/3499/3499 3347/3347/3347
f 3489/3489/3489 3347/3347/3347 3340/3340/3340
f 3498/3498/3498 3486/3486/3486 3339/3339/3339
f 3498/3498/3498 3339/3339/3339 3344/3344/3344
f 3866/3866/3866 3575/3575/3575 3373/3373/3373
f 3866/3866/3866 3373/3373/3373 3988/3988/3988
f 3841/3841/3841 3591/3591/3591 3453/3453/3453
f 3841/3841/3841 3453/3453/3453 3850/3850/3850
f 3393/3393/3393 3495/3495/3495 3343/3343/3343
f 3393/3393/3393 3343/3343/3343 3394/3394/3394
f 3384/3384/3384 3383/3383/3383 3591/3591/3591
f 3384/3384/3384 3591/3591/3591 3841/3841/3841
f 3991/3991/3991 3391/3391/3391 3394/3394/3394
f 3991/3991/3991 3394/3394/3394 3776/3776/3776
f 3499/3499/3499 3379/3379/3379 3348/3348/3348
f 3499/3499/3499 3348/3348/3348 3347/3347/3347
f 3378/3378/3378 3383/3383/3383 3348/3348/3348
f 3378/3378/3378 3348/3348/3348 3379/3379/3379
f 3992/3992/3992 3993/3993/3993 2410/2410/2410
f 3992/3992/3992 2410/2410/2410 2409/2409/2409
f 3994/3994/3994 3995/3995/3995 2412/2412/2412
f 3994/3994/3994 2412/2412/2412 2411/2411/2411
f 3996/3996/3996 3997/3997/3997 2414/2414/2414
f 3996/3996/3996 2414/2414/2414 2413/2413/2413
f 3995/3995/3995 3998/3998/3998 2415/2415/2415
f 3995/3995/3995 2415/2415/2415 2412/2412/2412
f 2417/2417/2417 2416/2416/2416 3999/3999/3999
f 2417/2417/2417 3999/3999/3999 4000/4000/4000
f 2418/2418/2418 2419/2419/2419 4001/4001/4001
f 2418/2418/2418 4001/4001/4001 4002/4002/4002
f 3998/3998/3998 4001/4001/4001 2419/2419/2419
f 3998/3998/3998 2419/2419/2419 2415/2415/2415
f 2416/2416/2416 2410/2410/2410 3993/3993/3993
f 2416/2416/2416 3993/3993/3993 3999/3999/3999
f 4003/4003/4003 4004/4004/4004 2421/2421/2421
f 4003/4003/4003 2421/2421/2421 2420/2420/2420
f 4005/4005/4005 3996/3996/3996 2413/2413/2413
f 4005/4005/4005 2413/2413/2413 2422/2422/2422
f 2422/2422/2422 2423/2423/2423 4006/4006/4006
f 2422/2422/2422 4006/4006/4006 4005/4005/4005
f 4004/4004/4004 4007/4007/4007 2424/2424/2424
f 4004/4004/4004 2424/2424/2424 2421/2421/2421
f 3997/3997/3997 4008/4008/4008 2425/2425/2425
f 3997/3997/3997 2425/2425/2425 2414/2414/2414
f 2423/2423/2423 2426/2426/2426 4009/4009/4009
f 2423/2423/2423 4009/4009/4009 4006/4006/4006
f 4007/4007/4007 3992/3992/3992 2409/2409/2409
f 4007/4007/4007 2409/2409/2409 2424/2424/2424
f 4008/4008/4008 3994/3994/3994 2411/2411/2411
f 4008/4008/4008 2411/2411/2411 2425/2425/2425
f 4010/4010/4010 4011/4011/4011 4001/4001/4001
f 4010/4010/4010 4001/4001/4001 3998/3998/3998
f 3999/3999/3999 3993/3993/3993 4012/4012/4012
f 3999/3999/3999 4012/4012/4012 4013/4013/4013
f 4014/4014/4014 4015/4015/4015 4004/4004/4004
f 4014/4014/4014 4004/4004/4004 4003/4003/4003
f 4016/4016/4016 4017/4017/4017 3996/3996/3996
f 4016/4016/4016 3996/3996/3996 4005/4005/4005
f 4005/4005/4005 4006/4006/4006 4018/4018/4018
f 4005/4005/4005 4018/4018/4018 4016/4016/4016
f 4015/4015/4015 4019/4019/4019 4007/4007/4007
f 4015/4015/4015 4007/4007/4007 4004/4004/4004
f 4020/4020/4020 4021/4021/4021 4008/4008/4008
f 4020/4020/4020 4008/4008/4008 3997/3997/3997
f 4006/4006/4006 4009/4009/4009 4022/4022/4022
f 4006/4006/4006 4022/4022/4022 4018/4018/4018
f 4019/4019/4019 4023/4023/4023 3992/3992/3992
f 4019/4019/4019 3992/3992/3992 4007/4007/4007
f 4021/4021/4021 4024/4024/4024 3994/3994/3994
f 4021/4021/4021 3994/3994/3994 4008/4008/4008
f 4023/4023/4023 4012/4012/4012 3993/3993/3993
f 4023/4023/4023 3993/3993/3993 3992/3992/3992
f 4024/4024/4024 4025/4025/4025 3995/3995/3995
f 4024/4024/4024 3995/3995/3995 3994/3994/3994
f 4017/4017/4017 4020/4020/4020 3997/3997/3997
f 4017/4017/4017 3997/3997/3997 3996/3996/3996
f 4025/4025/4025 4010/4010/4010 3998/3998/3998
f 4025/4025/4025 3998/3998/3998 3995/3995/3995
f 4000/4000/4000 3999/3999/3999 4013/4013/4013
f 4000/4000/4000 4013/4013/4013 4026/4026/4026
f 4002/4002/4002 4001/4001/4001 4011/4011/4011
f 4002/4002/4002 4011/4011/4011 4027/4027/4027
f 4028/4028/4028 4029/4029/4029 4015/4015/4015
f 4028/4028/4028 4015/4015/4015 4014/4014/4014
f 4030/4030/4030 4031/4031/4031 4017/4017/4017
f 4030/4030/4030 4017/4017/4017 4016/4016/4016
f 4016/4016/4016 4018/4018/4018 4032/4032/4032
f 4016/4016/4016 4032/4032/4032 4030/4030/4030
f 4029/4029/4029 4033/4033/4033 4019/4019/4019
f 4029/4029/4029 4019/4019/4019 4015/4015/4015
f 4034/4034/4034 4035/4035/4035 4021/4021/4021
f 4034/4034/4034 4021/4021/4021 4020/4020/4020
f 4018/4018/4018 4022/4022/4022 4036/4036/4036
f 4018/4018/4018 4036/4036/4036 4032/4032/4032
f 4033/4033/4033 4037/4037/4037 4023/4023/4023
f 4033/4033/4033 4023/4023/4023 4019/4019/4019
f 4035/4035/4035 4038/4038/4038 4024/4024/4024
f 4035/4035/4035 4024/4024/4024 4021/4021/4021
f 4037/4037/4037 4039/4039/4039 4012/4012/4012
f 4037/4037/4037 4012/4012/4012 4023/4023/4023
f 4038/4038/4038 4040/4040/4040 4025/4025/4025
f 4038/4038/4038 4025/4025/4025 4024/4024/4024
f 4031/4031/4031 4034/4034/4034 4020/4020/4020
f 4031/4031/4031 4020/4020/4020 4017/4017/4017
f 4040/4040/4040 4041/4041/4041 4010/4010/4010
f 4040/4040/4040 4010/4010/4010 4025/4025/4025
f 4026/4026/4026 4013/4013/4013 4042/4042/4042
f 4026/4026/4026 4042/4042/4042 4043/4043/4043
f 4027/4027/4027 4011/4011/4011 4044/4044/4044
f 4027/4027/4027 4044/4044/4044 4045/4045/4045
f 4041/4041/4041 4044/4044/4044 4011/4011/4011
f 4041/4041/4041 4011/4011/4011 4010/4010/4010
f 4013/4013/4013 4012/4012/4012 4039/4039/4039
f 4013/4013/4013 4039/4039/4039 4042/4042/4042
f 4046/4046/4046 4047/4047/4047 4033/4033/4033
f 4046/4046/4046 4033/4033/4033 4029/4029/4029
f 4048/4048/4048 4049/4049/4049 4035/4035/4035
f 4048/4048/4048 4035/4035/4035 4034/4034/4034
f 4032/4032/4032 4036/4036/4036 4050/4050/4050
f 4032/4032/4032 4050/4050/4050 4051/4051/4051
f 4047/4047/4047 4052/4052/4052 4037/4037/4037
f 4047/4047/4047 4037/4037/4037 4033/4033/4033
f 4049/4049/4049 4053/4053/4053 4038/4038/4038
f 4049/4049/4049 4038/4038/4038 4035/4035/4035
f 4052/4052/4052 4054/4054/4054 4039/4039/4039
f 4052/4052/4052 4039/4039/4039 4037/4037/4037
f 4053/4053/4053 4055/4055/4055 4040/4040/4040
f 4053/4053/4053 4040/4040/4040 4038/4038/4038
f 4056/4056/4056 4048/4048/4048 4034/4034/4034
f 4056/4056/4056 4034/4034/4034 4031/4031/4031
f 4055/4055/4055 4057/4057/4057 4041/4041/4041
f 4055/4055/4055 4041/4041/4041 4040/4040/4040
f 4043/4043/4043 4042/4042/4042 4058/4058/4058
f 4043/4043/4043 4058/4058/4058 4059/4059/4059
f 4045/4045/4045 4044/4044/4044 4060/4060/4060
f 4045/4045/4045 4060/4060/4060 4061/4061/4061
f 4057/4057/4057 4060/4060/4060 4044/4044/4044
f 4057/4057/4057 4044/4044/4044 4041/4041/4041
f 4042/4042/4042 4039/4039/4039 4054/4054/4054
f 4042/4042/4042 4054/4054/4054 4058/4058/4058
f 4062/4062/4062 4046/4046/4046 4029/4029/4029
f 4062/4062/4062 4029/4029/4029 4028/4028/4028
f 4063/4063/4063 4056/4056/4056 4031/4031/4031
f 4063/4063/4063 4031/4031/4031 4030/4030/4030
f 4030/4030/4030 4032/4032/4032 4051/4051/4051
f 4030/4030/4030 4051/4051/4051 4063/4063/4063
f 4064/4064/4064 4065/4065/4065 4046/4046/4046
f 4064/4064/4064 4046/4046/4046 4062/4062/4062
f 4066/4066/4066 4067/4067/4067 4056/4056/4056
f 4066/4066/4066 4056/4056/4056 4063/4063/4063
f 4063/4063/4063 4051/4051/4051 4068/4068/4068
f 4063/4063/4063 4068/4068/4068 4066/4066/4066
f 4065/4065/4065 4069/4069/4069 4047/4047/4047
f 4065/4065/4065 4047/4047/4047 4046/4046/4046
f 4070/4070/4070 4071/4071/4071 4049/4049/4049
f 4070/4070/4070 4049/4049/4049 4048/4048/4048
f 4051/4051/4051 4050/4050/4050 4072/4072/4072
f 4051/4051/4051 4072/4072/4072 4068/4068/4068
f 4069/4069/4069 4073/4073/4073 4052/4052/4052
f 4069/4069/4069 4052/4052/4052 4047/4047/4047
f 4071/4071/4071 4074/4074/4074 4053/4053/4053
f 4071/4071/4071 4053/4053/4053 4049/4049/4049
f 4073/4073/4073 4075/4075/4075 4054/4054/4054
f 4073/4073/4073 4054/4054/4054 4052/4052/4052
f 4074/4074/4074 4076/4076/4076 4055/4055/4055
f 4074/4074/4074 4055/4055/4055 4053/4053/4053
f 4067/4067/4067 4070/4070/4070 4048/4048/4048
f 4067/4067/4067 4048/4048/4048 4056/4056/4056
f 4076/4076/4076 4077/4077/4077 4057/4057/4057
f 4076/4076/4076 4057/4057/4057 4055/4055/4055
f 4059/4059/4059 4058/4058/4058 4078/4078/4078
f 4059/4059/4059 4078/4078/4078 4079/4079/4079
f 4061/4061/4061 4060/4060/4060 4080/4080/4080
f 4061/4061/4061 4080/4080/4080 4081/4081/4081
f 4077/4077/4077 4080/4080/4080 4060/4060/4060
f 4077/4077/4077 4060/4060/4060 4057/4057/4057
f 4058/4058/4058 4054/4054/4054 4075/4075/4075
f 4058/4058/4058 4075/4075/4075 4078/4078/4078
f 4082/4082/4082 4083/4083/4083 4069/4069/4069
f 4082/4082/4082 4069/4069/4069 4065/4065/4065
f 4084/4084/4084 4085/4085/4085 4071/4071/4071
f 4084/4084/4084 4071/4071/4071 4070/4070/4070
f 4068/4068/4068 4072/4072/4072 4086/4086/4086
f 4068/4068/4068 4086/4086/4086 4087/4087/4087
f 4083/4083/4083 4088/4088/4088 4073/4073/4073
f 4083/4083/4083 4073/4073/4073 4069/4069/4069
f 4085/4085/4085 4089/4089/4089 4074/4074/4074
f 4085/4085/4085 4074/4074/4074 4071/4071/4071
f 4088/4088/4088 4090/4090/4090 4075/4075/4075
f 4088/4088/4088 4075/4075/4075 4073/4073/4073
f 4089/4089/4089 4091/4091/4091 4076/4076/4076
f 4089/4089/4089 4076/4076/4076 4074/4074/4074
f 4092/4092/4092 4084/4084/4084 4070/4070/4070
f 4092/4092/4092 4070/4070/4070 4067/4067/4067
f 4091/4091/4091 4093/4093/4093 4077/4077/4077
f 4091/4091/4091 4077/4077/4077 4076/4076/4076
f 4079/4079/4079 4078/4078/4078 4094/4094/4094
f 4079/4079/4079 4094/4094/4094 4095/4095/4095
f 4081/4081/4081 4080/4080/4080 4096/4096/4096
f 4081/4081/4081 4096/4096/4096 4097/4097/4097
f 4093/4093/4093 4096/4096/4096 4080/4080/4080
f 4093/4093/4093 4080/4080/4080 4077/4077/4077
f 4078/4078/4078 4075/4075/4075 4090/4090/4090
f 4078/4078/4078 4090/4090/4090 4094/4094/4094
f 4098/4098/4098 4082/4082/4082 4065/4065/4065
f 4098/4098/4098 4065/4065/4065 4064/4064/4064
f 4099/4099/4099 4092/4092/4092 4067/4067/4067
f 4099/4099/4099 4067/4067/4067 4066/4066/4066
f 4066/4066/4066 4068/4068/4068 4087/4087/4087
f 4066/4066/4066 4087/4087/4087 4099/4099/4099
f 4100/4100/4100 4101/4101/4101 4088/4088/4088
f 4100/4100/4100 4088/4088/4088 4083/4083/4083
f 4102/4102/4102 4103/4103/4103 4089/4089/4089
f 4102/4102/4102 4089/4089/4089 4085/4085/4085
f 4101/4101/4101 4104/4104/4104 4090/4090/4090
f 4101/4101/4101 4090/4090/4090 4088/4088/4088
f 4103/4103/4103 4105/4105/4105 4091/4091/4091
f 4103/4103/4103 4091/4091/4091 4089/4089/4089
f 4106/4106/4106 4107/4107/4107 4084/4084/4084
f 4106/4106/4106 4084/4084/4084 4092/4092/4092
f 4105/4105/4105 4108/4108/4108 4093/4093/4093
f 4105/4105/4105 4093/4093/4093 4091/4091/4091
f 4095/4095/4095 4094/4094/4094 4109/4109/4109
f 4095/4095/4095 4109/4109/4109 4110/4110/4110
f 4097/4097/4097 4096/4096/4096 4111/4111/4111
f 4097/4097/4097 4111/4111/4111 4112/4112/4112
f 4108/4108/4108 4111/4111/4111 4096/4096/4096
f 4108/4108/4108 4096/4096/4096 4093/4093/4093
f 4094/4094/4094 4090/4090/4090 4104/4104/4104
f 4094/4094/4094 4104/4104/4104 4109/4109/4109
f 4113/4113/4113 4114/4114/4114 4082/4082/4082
f 4113/4113/4113 4082/4082/4082 4098/4098/4098
f 4115/4115/4115 4106/4106/4106 4092/4092/4092
f 4115/4115/4115 4092/4092/4092 4099/4099/4099
f 4099/4099/4099 4087/4087/4087 4116/4116/4116
f 4099/4099/4099 4116/4116/4116 4115/4115/4115
f 4114/4114/4114 4100/4100/4100 4083/4083/4083
f 4114/4114/4114 4083/4083/4083 4082/4082/4082
f 4107/4107/4107 4102/4102/4102 4085/4085/4085
f 4107/4107/4107 4085/4085/4085 4084/4084/4084
f 4087/4087/4087 4086/4086/4086 4117/4117/4117
f 4087/4087/4087 4117/4117/4117 4116/4116/4116
f 4118/4118/4118 4119/4119/4119 4104/4104/4104
f 4118/4118/4118 4104/4104/4104 4101/4101/4101
f 4120/4120/4120 4121/4121/4121 4105/4105/4105
f 4120/4120/4120 4105/4105/4105 4103/4103/4103
f 4122/4122/4122 4123/4123/4123 4107/4107/4107
f 4122/4122/4122 4107/4107/4107 4106/4106/4106
f 4121/4121/4121 4124/4124/4124 4108/4108/4108
f 4121/4121/4121 4108/4108/4108 4105/4105/4105
f 4110/4110/4110 4109/4109/4109 4125/4125/4125
f 4110/4110/4110 4125/4125/4125 4126/4126/4126
f 4112/4112/4112 4111/4111/4111 4127/4127/4127
f 4112/4112/4112 4127/4127/4127 4128/4128/4128
f 4124/4124/4124 4127/4127/4127 4111/4111/4111
f 4124/4124/4124 4111/4111/4111 4108/4108/4108
f 4109/4109/4109 4104/4104/4104 4119/4119/4119
f 4109/4109/4109 4119/4119/4119 4125/4125/4125
f 4129/4129/4129 4130/4130/4130 4114/4114/4114
f 4129/4129/4129 4114/4114/4114 4113/4113/4113
f 4131/4131/4131 4122/4122/4122 4106/4106/4106
f 4131/4131/4131 4106/4106/4106 4115/4115/4115
f 4115/4115/4115 4116/4116/4116 4132/4132/4132
f 4115/4115/4115 4132/4132/4132 4131/4131/4131
f 4130/4130/4130 4133/4133/4133 4100/4100/4100
f 4130/4130/4130 4100/4100/4100 4114/4114/4114
f 4123/4123/4123 4134/4134/4134 4102/4102/4102
f 4123/4123/4123 4102/4102/4102 4107/4107/4107
f 4116/4116/4116 4117/4117/4117 4135/4135/4135
f 4116/4116/4116 4135/4135/4135 4132/4132/4132
f 4133/4133/4133 4118/4118/4118 4101/4101/4101
f 4133/4133/4133 4101/4101/4101 4100/4100/4100
f 4134/4134/4134 4120/4120/4120 4103/4103/4103
f 4134/4134/4134 4103/4103/4103 4102/4102/4102
f 4136/4136/4136 4137/4137/4137 4123/4123/4123
f 4136/4136/4136 4123/4123/4123 4122/4122/4122
f 4138/4138/4138 4139/4139/4139 4124/4124/4124
f 4138/4138/4138 4124/4124/4124 4121/4121/4121
f 4126/4126/4126 4125/4125/4125 4140/4140/4140
f 4126/4126/4126 4140/4140/4140 4141/4141/4141
f 4128/4128/4128 4127/4127/4127 4142/4142/4142
f 4128/4128/4128 4142/4142/4142 4143/4143/4143
f 4139/4139/4139 4142/4142/4142 4127/4127/4127
f 4139/4139/4139 4127/4127/4127 4124/4124/4124
f 4125/4125/4125 4119/4119/4119 4144/4144/4144
f 4125/4125/4125 4144/4144/4144 4140/4140/4140
f 4145/4145/4145 4146/4146/4146 4130/4130/4130
f 4145/4145/4145 4130/4130/4130 4129/4129/4129
f 4147/4147/4147 4136/4136/4136 4122/4122/4122
f 4147/4147/4147 4122/4122/4122 4131/4131/4131
f 4131/4131/4131 4132/4132/4132 4148/4148/4148
f 4131/4131/4131 4148/4148/4148 4147/4147/4147
f 4146/4146/4146 4149/4149/4149 4133/4133/4133
f 4146/4146/4146 4133/4133/4133 4130/4130/4130
f 4137/4137/4137 4150/4150/4150 4134/4134/4134
f 4137/4137/4137 4134/4134/4134 4123/4123/4123
f 4132/4132/4132 4135/4135/4135 4151/4151/4151
f 4132/4132/4132 4151/4151/4151 4148/4148/4148
f 4149/4149/4149 4152/4152/4152 4118/4118/4118
f 4149/4149/4149 4118/4118/4118 4133/4133/4133
f 4150/4150/4150 4153/4153/4153 4120/4120/4120
f 4150/4150/4150 4120/4120/4120 4134/4134/4134
f 4152/4152/4152 4144/4144/4144 4119/4119/4119
f 4152/4152/4152 4119/4119/4119 4118/4118/4118
f 4153/4153/4153 4138/4138/4138 4121/4121/4121
f 4153/4153/4153 4121/4121/4121 4120/4120/4120
f 4143/4143/4143 4142/4142/4142 4154/4154/4154
f 4143/4143/4143 4154/4154/4154 4155/4155/4155
f 4156/4156/4156 4154/4154/4154 4142/4142/4142
f 4156/4156/4156 4142/4142/4142 4139/4139/4139
f 4140/4140/4140 4144/4144/4144 4157/4157/4157
f 4140/4140/4140 4157/4157/4157 4158/4158/4158
f 4159/4159/4159 4160/4160/4160 4146/4146/4146
f 4159/4159/4159 4146/4146/4146 4145/4145/4145
f 4161/4161/4161 4162/4162/4162 4136/4136/4136
f 4161/4161/4161 4136/4136/4136 4147/4147/4147
f 4147/4147/4147 4148/4148/4148 4163/4163/4163
f 4147/4147/4147 4163/4163/4163 4161/4161/4161
f 4160/4160/4160 4164/4164/4164 4149/4149/4149
f 4160/4160/4160 4149/4149/4149 4146/4146/4146
f 4165/4165/4165 4166/4166/4166 4150/4150/4150
f 4165/4165/4165 4150/4150/4150 4137/4137/4137
f 4148/4148/4148 4151/4151/4151 4167/4167/4167
f 4148/4148/4148 4167/4167/4167 4163/4163/4163
f 4164/4164/4164 4168/4168/4168 4152/4152/4152
f 4164/4164/4164 4152/4152/4152 4149/4149/4149
f 4166/4166/4166 4169/4169/4169 4153/4153/4153
f 4166/4166/4166 4153/4153/4153 4150/4150/4150
f 4168/4168/4168 4157/4157/4157 4144/4144/4144
f 4168/4168/4168 4144/4144/4144 4152/4152/4152
f 4169/4169/4169 4170/4170/4170 4138/4138/4138
f 4169/4169/4169 4138/4138/4138 4153/4153/4153
f 4162/4162/4162 4165/4165/4165 4137/4137/4137
f 4162/4162/4162 4137/4137/4137 4136/4136/4136
f 4170/4170/4170 4156/4156/4156 4139/4139/4139
f 4170/4170/4170 4139/4139/4139 4138/4138/4138
f 4141/4141/4141 4140/4140/4140 4158/4158/4158
f 4141/4141/4141 4158/4158/4158 4171/4171/4171
f 4172/4172/4172 4173/4173/4173 4160/4160/4160
f 4172/4172/4172 4160/4160/4160 4159/4159/4159
f 4174/4174/4174 4175/4175/4175 4162/4162/4162
f 4174/4174/4174 4162/4162/4162 4161/4161/4161
f 4161/4161/4161 4163/4163/4163 4176/4176/4176
f 4161/4161/4161 4176/4176/4176 4174/4174/4174
f 4173/4173/4173 4177/4177/4177 4164/4164/4164
f 4173/4173/4173 4164/4164/4164 4160/4160/4160
f 4178/4178/4178 4179/4179/4179 4166/4166/4166
f 4178/4178/4178 4166/4166/4166 4165/4165/4165
f 4163/4163/4163 4167/4167/4167 4180/4180/4180
f 4163/4163/4163 4180/4180/4180 4176/4176/4176
f 4177/4177/4177 4181/4181/4181 4168/4168/4168
f 4177/4177/4177 4168/4168/4168 4164/4164/4164
f 4179/4179/4179 4182/4182/4182 4169/4169/4169
f 4179/4179/4179 4169/4169/4169 4166/4166/4166
f 4181/4181/4181 4183/4183/4183 4157/4157/4157
f 4181/4181/4181 4157/4157/4157 4168/4168/4168
f 4182/4182/4182 4184/4184/4184 4170/4170/4170
f 4182/4182/4182 4170/4170/4170 4169/4169/4169
f 4175/4175/4175 4178/4178/4178 4165/4165/4165
f 4175/4175/4175 4165/4165/4165 4162/4162/4162
f 4184/4184/4184 4185/4185/4185 4156/4156/4156
f 4184/4184/4184 4156/4156/4156 4170/4170/4170
f 4171/4171/4171 4158/4158/4158 4186/4186/4186
f 4171/4171/4171 4186/4186/4186 4187/4187/4187
f 4155/4155/4155 4154/4154/4154 4188/4188/4188
f 4155/4155/4155 4188/4188/4188 4189/4189/4189
f 4185/4185/4185 4188/4188/4188 4154/4154/4154
f 4185/4185/4185 4154/4154/4154 4156/4156/4156
f 4158/4158/4158 4157/4157/4157 4183/4183/4183
f 4158/4158/4158 4183/4183/4183 4186/4186/4186
f 4190/4190/4190 4191/4191/4191 4177/4177/4177
f 4190/4190/4190 4177/4177/4177 4173/4173/4173
f 4192/4192/4192 4193/4193/4193 4179/4179/4179
f 4192/4192/4192 4179/4179/4179 4178/4178/4178
f 4176/4176/4176 4180/4180/4180 4194/4194/4194
f 4176/4176/4176 4194/4194/4194 4195/4195/4195
f 4191/4191/4191 4196/4196/4196 4181/4181/4181
f 4191/4191/4191 4181/4181/4181 4177/4177/4177
f 4193/4193/4193 4197/4197/4197 4182/4182/4182
f 4193/4193/4193 4182/4182/4182 4179/4179/4179
f 4196/4196/4196 4198/4198/4198 4183/4183/4183
f 4196/4196/4196 4183/4183/4183 4181/4181/4181
f 4197/4197/4197 4199/4199/4199 4184/4184/4184
f 4197/4197/4197 4184/4184/4184 4182/4182/4182
f 4200/4200/4200 4192/4192/4192 4178/4178/4178
f 4200/4200/4200 4178/4178/4178 4175/4175/4175
f 4199/4199/4199 4201/4201/4201 4185/4185/4185
f 4199/4199/4199 4185/4185/4185 4184/4184/4184
f 4187/4187/4187 4186/4186/4186 4202/4202/4202
f 4187/4187/4187 4202/4202/4202 4203/4203/4203
f 4189/4189/4189 4188/4188/4188 4204/4204/4204
f 4189/4189/4189 4204/4204/4204 4205/4205/4205
f 4201/4201/4201 4204/4204/4204 4188/4188/4188
f 4201/4201/4201 4188/4188/4188 4185/4185/4185
f 4186/4186/4186 4183/4183/4183 4198/4198/4198
f 4186/4186/4186 4198/4198/4198 4202/4202/4202
f 4206/4206/4206 4190/4190/4190 4173/4173/4173
f 4206/4206/4206 4173/4173/4173 4172/4172/4172
f 4207/4207/4207 4200/4200/4200 4175/4175/4175
f 4207/4207/4207 4175/4175/4175 4174/4174/4174
f 4174/4174/4174 4176/4176/4176 4195/4195/4195
f 4174/4174/4174 4195/4195/4195 4207/4207/4207
f 4208/4208/4208 4209/4209/4209 4196/4196/4196
f 4208/4208/4208 4196/4196/4196 4191/4191/4191
f 4210/4210/4210 4211/4211/4211 4197/4197/4197
f 4210/4210/4210 4197/4197/4197 4193/4193/4193
f 4209/4209/4209 4212/4212/4212 4198/4198/4198
f 4209/4209/4209 4198/4198/4198 4196/4196/4196
f 4211/4211/4211 4213/4213/4213 4199/4199/4199
f 4211/4211/4211 4199/4199/4199 4197/4197/4197
f 4214/4214/4214 4215/4215/4215 4192/4192/4192
f 4214/4214/4214 4192/4192/4192 4200/4200/4200
f 4213/4213/4213 4216/4216/4216 4201/4201/4201
f 4213/4213/4213 4201/4201/4201 4199/4199/4199
f 4203/4203/4203 4202/4202/4202 4217/4217/4217
f 4203/4203/4203 4217/4217/4217 4218/4218/4218
f 4205/4205/4205 4204/4204/4204 4219/4219/4219
f 4205/4205/4205 4219/4219/4219 4220/4220/4220
f 4216/4216/4216 4219/4219/4219 4204/4204/4204
f 4216/4216/4216 4204/4204/4204 4201/4201/4201
f 4202/4202/4202 4198/4198/4198 4212/4212/4212
f 4202/4202/4202 4212/4212/4212 4217/4217/4217
f 4221/4221/4221 4222/4222/4222 4190/4190/4190
f 4221/4221/4221 4190/4190/4190 4206/4206/4206
f 4223/4223/4223 4214/4214/4214 4200/4200/4200
f 4223/4223/4223 4200/4200/4200 4207/4207/4207
f 4207/4207/4207 4195/4195/4195 4224/4224/4224
f 4207/4207/4207 4224/4224/4224 4223/4223/4223
f 4222/4222/4222 4208/4208/4208 4191/4191/4191
f 4222/4222/4222 4191/4191/4191 4190/4190/4190
f 4215/4215/4215 4210/4210/4210 4193/4193/4193
f 4215/4215/4215 4193/4193/4193 4192/4192/4192
f 4195/4195/4195 4194/4194/4194 4225/4225/4225
f 4195/4195/4195 4225/4225/4225 4224/4224/4224
f 4226/4226/4226 4227/4227/4227 4212/4212/4212
f 4226/4226/4226 4212/4212/4212 4209/4209/4209
f 4228/4228/4228 4229/4229/4229 4213/4213/4213
f 4228/4228/4228 4213/4213/4213 4211/4211/4211
f 4230/4230/4230 4231/4231/4231 4215/4215/4215
f 4230/4230/4230 4215/4215/4215 4214/4214/4214
f 4229/4229/4229 4232/4232/4232 4216/4216/4216
f 4229/4229/4229 4216/4216/4216 4213/4213/4213
f 4218/4218/4218 4217/4217/4217 4233/4233/4233
f 4218/4218/4218 4233/4233/4233 4234/4234/4234
f 4220/4220/4220 4219/4219/4219 4235/4235/4235
f 4220/4220/4220 4235/4235/4235 4236/4236/4236
f 4232/4232/4232 4235/4235/4235 4219/4219/4219
f 4232/4232/4232 4219/4219/4219 4216/4216/4216
f 4217/4217/4217 4212/4212/4212 4227/4227/4227
f 4217/4217/4217 4227/4227/4227 4233/4233/4233
f 4237/4237/4237 4238/4238/4238 4222/4222/4222
f 4237/4237/4237 4222/4222/4222 4221/4221/4221
f 4239/4239/4239 4230/4230/4230 4214/4214/4214
f 4239/4239/4239 4214/4214/4214 4223/4223/4223
f 4223/4223/4223 4224/4224/4224 4240/4240/4240
f 4223/4223/4223 4240/4240/4240 4239/4239/4239
f 4238/4238/4238 4241/4241/4241 4208/4208/4208
f 4238/4238/4238 4208/4208/4208 4222/4222/4222
f 4231/4231/4231 4242/4242/4242 4210/4210/4210
f 4231/4231/4231 4210/4210/4210 4215/4215/4215
f 4224/4224/4224 4225/4225/4225 4243/4243/4243
f 4224/4224/4224 4243/4243/4243 4240/4240/4240
f 4241/4241/4241 4226/4226/4226 4209/4209/4209
f 4241/4241/4241 4209/4209/4209 4208/4208/4208
f 4242/4242/4242 4228/4228/4228 4211/4211/4211
f 4242/4242/4242 4211/4211/4211 4210/4210/4210
f 4244/4244/4244 4245/4245/4245 4231/4231/4231
f 4244/4244/4244 4231/4231/4231 4230/4230/4230
f 4246/4246/4246 4247/4247/4247 4232/4232/4232
f 4246/4246/4246 4232/4232/4232 4229/4229/4229
f 4248/4248/4248 4249/4249/4249 4250/4250/4250
f 4248/4248/4248 4250/4250/4250 4251/4251/4251
f 4252/4252/4252 4253/4253/4253 4254/4254/4254
f 4252/4252/4252 4254/4254/4254 4255/4255/4255
f 4247/4247/4247 4253/4253/4253 4235/4235/4235
f 4247/4247/4247 4235/4235/4235 4232/4232/4232
f 4249/4249/4249 4256/4256/4256 4257/4257/4257
f 4249/4249/4249 4257/4257/4257 4250/4250/4250
f 4258/4258/4258 4259/4259/4259 4238/4238/4238
f 4258/4258/4258 4238/4238/4238 4237/4237/4237
f 4260/4260/4260 4244/4244/4244 4230/4230/4230
f 4260/4260/4260 4230/4230/4230 4239/4239/4239
f 4260/4260/4260 4261/4261/4261 4262/4262/4262
f 4260/4260/4260 4262/4262/4262 4263/4263/4263
f 4259/4259/4259 4264/4264/4264 4241/4241/4241
f 4259/4259/4259 4241/4241/4241 4238/4238/4238
f 4245/4245/4245 4265/4265/4265 4242/4242/4242
f 4245/4245/4245 4242/4242/4242 4231/4231/4231
f 4261/4261/4261 4266/4266/4266 4267/4267/4267
f 4261/4261/4261 4267/4267/4267 4262/4262/4262
f 4264/4264/4264 4268/4268/4268 4226/4226/4226
f 4264/4264/4264 4226/4226/4226 4241/4241/4241
f 4265/4265/4265 4269/4269/4269 4228/4228/4228
f 4265/4265/4265 4228/4228/4228 4242/4242/4242
f 4268/4268/4268 4256/4256/4256 4227/4227/4227
f 4268/4268/4268 4227/4227/4227 4226/4226/4226
f 4269/4269/4269 4246/4246/4246 4229/4229/4229
f 4269/4269/4269 4229/4229/4229 4228/4228/4228
f 3942/3942/3942 3936/3936/3936 4270/4270/4270
f 3942/3942/3942 4270/4270/4270 3976/3976/3976
f 3927/3927/3927 3946/3946/3946 3963/3963/3963
f 3927/3927/3927 3963/3963/3963 4271/4271/4271
f 3915/3915/3915 3972/3972/3972 3971/3971/3971
f 3915/3915/3915 3971/3971/3971 3912/3912/3912
f 4271/4271/4271 3969/3969/3969 3928/3928/3928
f 4271/4271/4271 3928/3928/3928 3927/3927/3927
f 4272/4272/4272 4270/4270/4270 3970/3970/3970
f 4272/4272/4272 3970/3970/3970 4273/4273/4273
f 4274/4274/4274 4271/4271/4271 3963/3963/3963
f 4274/4274/4274 3963/3963/3963 4275/4275/4275
f 3936/3936/3936 3933/3933/3933 3970/3970/3970
f 3936/3936/3936 3970/3970/3970 4270/4270/4270
f 4276/4276/4276 3837/3837/3837 3848/3848/3848
f 4276/4276/4276 3848/3848/3848 4277/4277/4277
f 4278/4278/4278 2746/2746/2746 2745/2745/2745
f 4278/4278/4278 2745/2745/2745 3862/3862/3862
f 2450/2450/2450 4279/4279/4279 3879/3879/3879
f 2450/2450/2450 3879/3879/3879 2441/2441/2441
f 2746/2746/2746 2450/2450/2450 2449/2449/2449
f 2746/2746/2746 2449/2449/2449 3774/3774/3774
f 2450/2450/2450 2746/2746/2746 4278/4278/4278
f 2450/2450/2450 4278/4278/4278 4279/4279/4279
f 3837/3837/3837 4276/4276/4276 4280/4280/4280
f 3837/3837/3837 4280/4280/4280 3838/3838/3838
f 3974/3974/3974 4281/4281/4281 3838/3838/3838
f 3974/3974/3974 3838/3838/3838 4280/4280/4280
f 3046/3046/3046 2750/2750/2750 2749/2749/2749
f 3046/3046/3046 2749/2749/2749 3775/3775/3775
f 4270/4270/4270 4272/4272/4272 4282/4282/4282
f 4270/4270/4270 4282/4282/4282 3976/3976/3976
f 2750/2750/2750 3046/3046/3046 3916/3916/3916
f 2750/2750/2750 3916/3916/3916 3964/3964/3964
f 3976/3976/3976 3906/3906/3906 4281/4281/4281
f 3976/3976/3976 4281/4281/4281 3974/3974/3974
f 3973/3973/3973 4276/4276/4276 4283/4283/4283
f 4276/4276/4276 4277/4277/4277 4283/4283/4283
f 3926/3926/3926 3973/3973/3973 4283/4283/4283
f 3926/3926/3926 4283/4283/4283 3931/3931/3931
f 4281/4281/4281 3346/3346/3346 3345/3345/3345
f 4281/4281/4281 3345/3345/3345 3838/3838/3838
f 3050/3050/3050 3346/3346/3346 4281/4281/4281
f 3050/3050/3050 4281/4281/4281 3906/3906/3906
f 3346/3346/3346 3050/3050/3050 3049/3049/3049
f 3346/3346/3346 3049/3049/3049 3776/3776/3776
f 4276/4276/4276 3973/3973/3973 3974/3974/3974
f 4276/4276/4276 3974/3974/3974 4280/4280/4280
f 4284/4284/4284 4285/4285/4285 3919/3919/3919
f 4284/4284/4284 3919/3919/3919 3918/3918/3918
f 4286/4286/4286 4287/4287/4287 4288/4288/4288
f 4286/4286/4286 4288/4288/4288 4289/4289/4289
f 4290/4290/4290 4291/4291/4291 4287/4287/4287
f 4290/4290/4290 4287/4287/4287 4286/4286/4286
f 3642/3642/3642 3644/3644/3644 4292/4292/4292
f 3642/3642/3642 4292/4292/4292 4293/4293/4293
f 4294/4294/4294 4295/4295/4295 3721/3721/3721
f 4294/4294/4294 3721/3721/3721 3728/3728/3728
f 4296/4296/4296 4297/4297/4297 3688/3688/3688
f 4296/4296/4296 3688/3688/3688 3636/3636/3636
f 3685/3685/3685 3688/3688/3688 4297/4297/4297
f 3685/3685/3685 4297/4297/4297 4298/4298/4298
f 4299/4299/4299 4300/4300/4300 3727/3727/3727
f 4299/4299/4299 3727/3727/3727 3722/3722/3722
f 4295/4295/4295 4299/4299/4299 3722/3722/3722
f 4295/4295/4295 3722/3722/3722 3721/3721/3721
f 4298/4298/4298 4301/4301/4301 3755/3755/3755
f 4298/4298/4298 3755/3755/3755 3685/3685/3685
f 4300/4300/4300 4302/4302/4302 3726/3726/3726
f 4300/4300/4300 3726/3726/3726 3727/3727/3727
f 3636/3636/3636 3639/3639/3639 4303/4303/4303
f 3636/3636/3636 4303/4303/4303 4296/4296/4296
f 4302/4302/4302 4292/4292/4292 3644/3644/3644
f 4302/4302/4302 3644/3644/3644 3726/3726/3726
f 4304/4304/4304 4305/4305/4305 4302/4302/4302
f 4304/4304/4304 4302/4302/4302 4300/4300/4300
f 4305/4305/4305 4306/4306/4306 4292/4292/4292
f 4305/4305/4305 4292/4292/4292 4302/4302/4302
f 4296/4296/4296 4303/4303/4303 4307/4307/4307
f 4296/4296/4296 4307/4307/4307 4308/4308/4308
f 4309/4309/4309 4310/4310/4310 4295/4295/4295
f 4309/4309/4309 4295/4295/4295 4294/4294/4294
f 4293/4293/4293 4292/4292/4292 4306/4306/4306
f 4293/4293/4293 4306/4306/4306 4311/4311/4311
f 4308/4308/4308 4312/4312/4312 4297/4297/4297
f 4308/4308/4308 4297/4297/4297 4296/4296/4296
f 4298/4298/4298 4297/4297/4297 4312/4312/4312
f 4298/4298/4298 4312/4312/4312 4313/4313/4313
f 4313/4313/4313 4314/4314/4314 4301/4301/4301
f 4313/4313/4313 4301/4301/4301 4298/4298/4298
f 4315/4315/4315 4304/4304/4304 4300/4300/4300
f 4315/4315/4315 4300/4300/4300 4299/4299/4299
f 4310/4310/4310 4315/4315/4315 4299/4299/4299
f 4310/4310/4310 4299/4299/4299 4295/4295/4295
f 4316/4316/4316 4317/4317/4317 4304/4304/4304
f 4316/4316/4316 4304/4304/4304 4315/4315/4315
f 4318/4318/4318 4316/4316/4316 4315/4315/4315
f 4318/4318/4318 4315/4315/4315 4310/4310/4310
f 4317/4317/4317 4319/4319/4319 4305/4305/4305
f 4317/4317/4317 4305/4305/4305 4304/4304/4304
f 4319/4319/4319 4320/4320/4320 4306/4306/4306
f 4319/4319/4319 4306/4306/4306 4305/4305/4305
f 4308/4308/4308 4307/4307/4307 4321/4321/4321
f 4308/4308/4308 4321/4321/4321 4322/4322/4322
f 4323/4323/4323 4318/4318/4318 4310/4310/4310
f 4323/4323/4323 4310/4310/4310 4309/4309/4309
f 4311/4311/4311 4306/4306/4306 4320/4320/4320
f 4311/4311/4311 4320/4320/4320 4324/4324/4324
f 4322/4322/4322 4325/4325/4325 4312/4312/4312
f 4322/4322/4322 4312/4312/4312 4308/4308/4308
f 4313/4313/4313 4312/4312/4312 4325/4325/4325
f 4313/4313/4313 4325/4325/4325 4326/4326/4326
f 4326/4326/4326 4327/4327/4327 4314/4314/4314
f 4326/4326/4326 4314/4314/4314 4313/4313/4313
f 4328/4328/4328 4329/4329/4329 4325/4325/4325
f 4328/4328/4328 4325/4325/4325 4322/4322/4322
f 4326/4326/4326 4325/4325/4325 4329/4329/4329
f 4326/4326/4326 4329/4329/4329 4330/4330/4330
f 4330/4330/4330 4331/4331/4331 4327/4327/4327
f 4330/4330/4330 4327/4327/4327 4326/4326/4326
f 4332/4332/4332 4333/4333/4333 4317/4317/4317
f 4332/4332/4332 4317/4317/4317 4316/4316/4316
f 4334/4334/4334 4332/4332/4332 4316/4316/4316
f 4334/4334/4334 4316/4316/4316 4318/4318/4318
f 4333/4333/4333 4335/4335/4335 4319/4319/4319
f 4333/4333/4333 4319/4319/4319 4317/4317/4317
f 4335/4335/4335 4336/4336/4336 4320/4320/4320
f 4335/4335/4335 4320/4320/4320 4319/4319/4319
f 4322/4322/4322 4321/4321/4321 4337/4337/4337
f 4322/4322/4322 4337/4337/4337 4328/4328/4328
f 4338/4338/4338 4334/4334/4334 4318/4318/4318
f 4338/4338/4338 4318/4318/4318 4323/4323/4323
f 4324/4324/4324 4320/4320/4320 4336/4336/4336
f 4324/4324/4324 4336/4336/4336 4339/4339/4339
f 4328/4328/4328 4337/4337/4337 4340/4340/4340
f 4328/4328/4328 4340/4340/4340 4341/4341/4341
f 4342/4342/4342 4343/4343/4343 4334/4334/4334
f 4342/4342/4342 4334/4334/4334 4338/4338/4338
f 4339/4339/4339 4336/4336/4336 4344/4344/4344
f 4339/4339/4339 4344/4344/4344 4345/4345/4345
f 4341/4341/4341 4346/4346/4346 4329/4329/4329
f 4341/4341/4341 4329/4329/4329 4328/4328/4328
f 4330/4330/4330 4329/4329/4329 4346/4346/4346
f 4330/4330/4330 4346/4346/4346 4347/4347/4347
f 4347/4347/4347 4348/4348/4348 4331/4331/4331
f 4347/4347/4347 4331/4331/4331 4330/4330/4330
f 4349/4349/4349 4350/4350/4350 4333/4333/4333
f 4349/4349/4349 4333/4333/4333 4332/4332/4332
f 4343/4343/4343 4349/4349/4349 4332/4332/4332
f 4343/4343/4343 4332/4332/4332 4334/4334/4334
f 4350/4350/4350 4351/4351/4351 4335/4335/4335
f 4350/4350/4350 4335/4335/4335 4333/4333/4333
f 4351/4351/4351 4344/4344/4344 4336/4336/4336
f 4351/4351/4351 4336/4336/4336 4335/4335/4335
f 4352/4352/4352 4353/4353/4353 4351/4351/4351
f 4352/4352/4352 4351/4351/4351 4350/4350/4350
f 4353/4353/4353 4354/4354/4354 4344/4344/4344
f 4353/4353/4353 4344/4344/4344 4351/4351/4351
f 4341/4341/4341 4340/4340/4340 4355/4355/4355
f 4341/4341/4341 4355/4355/4355 4356/4356/4356
f 4357/4357/4357 4358/4358/4358 4343/4343/4343
f 4357/4357/4357 4343/4343/4343 4342/4342/4342
f 4345/4345/4345 4344/4344/4344 4354/4354/4354
f 4345/4345/4345 4354/4354/4354 4359/4359/4359
f 4356/4356/4356 4360/4360/4360 4346/4346/4346
f 4356/4356/4356 4346/4346/4346 4341/4341/4341
f 4347/4347/4347 4346/4346/4346 4360/4360/4360
f 4347/4347/4347 4360/4360/4360 4361/4361/4361
f 4361/4361/4361 4362/4362/4362 4348/4348/4348
f 4361/4361/4361 4348/4348/4348 4347/4347/4347
f 4363/4363/4363 4352/4352/4352 4350/4350/4350
f 4363/4363/4363 4350/4350/4350 4349/4349/4349
f 4358/4358/4358 4363/4363/4363 4349/4349/4349
f 4358/4358/4358 4349/4349/4349 4343/4343/4343
f 4364/4364/4364 4354/4354/4354 4353/4353/4353
f 4364/4364/4364 4353/4353/4353 4365/4365/4365
f 4366/4366/4366 4359/4359/4359 4354/4354/4354
f 4366/4366/4366 4354/4354/4354 4364/4364/4364
f 4367/4367/4367 4368/4368/4368 4369/4369/4369
f 4367/4367/4367 4369/4369/4369 4370/4370/4370
f 4368/4368/4368 4371/4371/4371 4372/4372/4372
f 4368/4368/4368 4372/4372/4372 4369/4369/4369
f 4373/4373/4373 4374/4374/4374 4375/4375/4375
f 4373/4373/4373 4375/4375/4375 4376/4376/4376
f 4370/4370/4370 4369/4369/4369 4377/4377/4377
f 4370/4370/4370 4377/4377/4377 4378/4378/4378
f 4378/4378/4378 4377/4377/4377 4379/4379/4379
f 4378/4378/4378 4379/4379/4379 4380/4380/4380
f 4380/4380/4380 4379/4379/4379 4381/4381/4381
f 4380/4380/4380 4381/4381/4381 4382/4382/4382
f 4383/4383/4383 4384/4384/4384 4385/4385/4385
f 4383/4383/4383 4385/4385/4385 4386/4386/4386
f 4382/4382/4382 4381/4381/4381 4387/4387/4387
f 4382/4382/4382 4387/4387/4387 4388/4388/4388
f 4388/4388/4388 4387/4387/4387 4389/4389/4389
f 4388/4388/4388 4389/4389/4389 4390/4390/4390
f 4391/4391/4391 4389/4389/4389 4392/4392/4392
f 4391/4391/4391 4392/4392/4392 4393/4393/4393
f 4394/4394/4394 4390/4390/4390 4389/4389/4389
f 4394/4394/4394 4389/4389/4389 4391/4391/4391
f 2484/2484/2484 3984/3984/3984 3774/3774/3774
f 2484/2484/2484 3774/3774/3774 2449/2449/2449
f 2784/2784/2784 3990/3990/3990 3775/3775/3775
f 2784/2784/2784 3775/3775/3775 2749/2749/2749
f 3977/3977/3977 3980/3980/3980 3981/3981/3981
f 3977/3977/3977 3981/3981/3981 3978/3978/3978
f 3980/3980/3980 3977/3977/3977 3876/3876/3876
f 3980/3980/3980 3876/3876/3876 3860/3860/3860
f 3860/3860/3860 3876/3876/3876 3877/3877/3877
f 3860/3860/3860 3877/3877/3877 3859/3859/3859
f 3896/3896/3896 3892/3892/3892 3859/3859/3859
f 3896/3896/3896 3859/3859/3859 3877/3877/3877
f 3908/3908/3908 4395/4395/4395 4367/4367/4367
f 3908/3908/3908 4367/4367/4367 3909/3909/3909
f 3901/3901/3901 3900/3900/3900 3909/3909/3909
f 3901/3901/3901 3909/3909/3909 3920/3920/3920
f 4396/4396/4396 4356/4356/4356 4355/4355/4355
f 4396/4396/4396 4355/4355/4355 4397/4397/4397
f 3979/3979/3979 3985/3985/3985 3987/3987/3987
f 3979/3979/3979 3987/3987/3987 3983/3983/3983
f 3985/3985/3985 3979/3979/3979 3833/3833/3833
f 3985/3985/3985 3833/3833/3833 3870/3870/3870
f 3084/3084/3084 3991/3991/3991 3776/3776/3776
f 3084/3084/3084 3776/3776/3776 3049/3049/3049
f 3982/3982/3982 3988/3988/3988 3989/3989/3989
f 3982/3982/3982 3989/3989/3989 3986/3986/3986
f 3988/3988/3988 3982/3982/3982 3854/3854/3854
f 3988/3988/3988 3854/3854/3854 3866/3866/3866
f 3866/3866/3866 3854/3854/3854 3857/3857/3857
f 3866/3866/3866 3857/3857/3857 3865/3865/3865
f 3893/3893/3893 3886/3886/3886 3865/3865/3865
f 3893/3893/3893 3865/3865/3865 3857/3857/3857
f 4284/4284/4284 4398/4398/4398 3885/3885/3885
f 4284/4284/4284 3885/3885/3885 3911/3911/3911
f 4285/4285/4285 4284/4284/4284 3911/3911/3911
f 4285/4285/4285 3911/3911/3911 3922/3922/3922
f 3918/3918/3918 3894/3894/3894 4398/4398/4398
f 3918/3918/3918 4398/4398/4398 4284/4284/4284
f 3880/3880/3880 3882/3882/3882 3885/3885/3885
f 3880/3880/3880 3885/3885/3885 4398/4398/4398
f 3836/3836/3836 3869/3869/3869 3870/3870/3870
f 3836/3836/3836 3870/3870/3870 3833/3833/3833
f 3905/3905/3905 3904/3904/3904 3890/3890/3890
f 3905/3905/3905 3890/3890/3890 3889/3889/3889
f 3966/3966/3966 3944/3944/3944 3943/3943/3943
f 3966/3966/3966 3943/3943/3943 4399/4399/4399
f 3942/3942/3942 3925/3925/3925 3924/3924/3924
f 3942/3942/3942 3924/3924/3924 3941/3941/3941
f 3972/3972/3972 4400/4400/4400 4401/4401/4401
f 3972/3972/3972 4401/4401/4401 3962/3962/3962
f 3972/3972/3972 3915/3915/3915 4402/4402/4402
f 3972/3972/3972 4402/4402/4402 4400/4400/4400
f 4271/4271/4271 4274/4274/4274 4403/4403/4403
f 4271/4271/4271 4403/4403/4403 3969/3969/3969
f 3931/3931/3931 4283/4283/4283 3888/3888/3888
f 3931/3931/3931 3888/3888/3888 3891/3891/3891
f 4404/4404/4404 4360/4360/4360 4356/4356/4356
f 4404/4404/4404 4356/4356/4356 4396/4396/4396
f 4405/4405/4405 3940/3940/3940 3944/3944/3944
f 4405/4405/4405 3944/3944/3944 4406/4406/4406
f 4407/4407/4407 4408/4408/4408 3948/3948/3948
f 4407/4407/4407 3948/3948/3948 3947/3947/3947
f 3967/3967/3967 4406/4406/4406 3944/3944/3944
f 3967/3967/3967 3944/3944/3944 3966/3966/3966
f 4399/4399/4399 4409/4409/4409 3955/3955/3955
f 4399/4399/4399 3955/3955/3955 3966/3966/3966
f 4408/4408/4408 4410/4410/4410 3959/3959/3959
f 4408/4408/4408 3959/3959/3959 3948/3948/3948
f 3968/3968/3968 4411/4411/4411 3952/3952/3952
f 3968/3968/3968 3952/3952/3952 3951/3951/3951
f 4409/4409/4409 3965/3965/3965 3956/3956/3956
f 4409/4409/4409 3956/3956/3956 3955/3955/3955
f 3954/3954/3954 4407/4407/4407 3947/3947/3947
f 3954/3954/3954 3947/3947/3947 3951/3951/3951
f 4411/4411/4411 3957/3957/3957 3956/3956/3956
f 4411/4411/4411 3956/3956/3956 3952/3952/3952
f 3890/3890/3890 3904/3904/3904 4412/4412/4412
f 3890/3890/3890 4412/4412/4412 4413/4413/4413
f 4387/4387/4387 4414/4414/4414 4392/4392/4392
f 4387/4387/4387 4392/4392/4392 4389/4389/4389
f 3903/3903/3903 3917/3917/3917 4412/4412/4412
f 3903/3903/3903 4412/4412/4412 3904/3904/3904
f 4381/4381/4381 4415/4415/4415 4414/4414/4414
f 4381/4381/4381 4414/4414/4414 4387/4387/4387
f 4416/4416/4416 4361/4361/4361 4360/4360/4360
f 4416/4416/4416 4360/4360/4360 4404/4404/4404
f 4361/4361/4361 4416/4416/4416 4417/4417/4417
f 4361/4361/4361 4417/4417/4417 4362/4362/4362
f 4418/4418/4418 4358/4358/4358 4357/4357/4357
f 4418/4418/4418 4357/4357/4357 4419/4419/4419
f 4420/4420/4420 4363/4363/4363 4358/4358/4358
f 4420/4420/4420 4358/4358/4358 4418/4418/4418
f 4363/4363/4363 4420/4420/4420 4421/4421/4421
f 4363/4363/4363 4421/4421/4421 4352/4352/4352
f 3959/3959/3959 4410/4410/4410 4385/4385/4385
f 3959/3959/3959 4385/4385/4385 4384/4384/4384
f 4422/4422/4422 4423/4423/4423 4424/4424/4424
f 4422/4422/4422 4424/4424/4424 4425/4425/4425
f 4423/4423/4423 4422/4422/4422 4426/4426/4426
f 4423/4423/4423 4426/4426/4426 4427/4427/4427
f 3932/3932/3932 3931/3931/3931 3891/3891/3891
f 3932/3932/3932 3891/3891/3891 4428/4428/4428
f 4429/4429/4429 4383/4383/4383 4386/4386/4386
f 4429/4429/4429 4386/4386/4386 4430/4430/4430
f 4290/4290/4290 4431/4431/4431 4432/4432/4432
f 4290/4290/4290 4432/4432/4432 4433/4433/4433
f 4433/4433/4433 4432/4432/4432 4434/4434/4434
f 4433/4433/4433 4434/4434/4434 4435/4435/4435
f 4435/4435/4435 4434/4434/4434 4436/4436/4436
f 4435/4435/4435 4436/4436/4436 4437/4437/4437
f 4437/4437/4437 4436/4436/4436 4438/4438/4438
f 4437/4437/4437 4438/4438/4438 4439/4439/4439
f 4439/4439/4439 4438/4438/4438 4440/4440/4440
f 4439/4439/4439 4440/4440/4440 4441/4441/4441
f 4442/4442/4442 4443/4443/4443 4234/4234/4234
f 4442/4442/4442 4234/4234/4234 4248/4248/4248
f 4444/4444/4444 4218/4218/4218 4234/4234/4234
f 4444/4444/4444 4234/4234/4234 4443/4443/4443
f 4445/4445/4445 4187/4187/4187 4203/4203/4203
f 4445/4445/4445 4203/4203/4203 4446/4446/4446
f 4447/4447/4447 2308/2308/2308 2307/2307/2307
f 4447/4447/4447 2307/2307/2307 4448/4448/4448
f 4447/4447/4447 2313/2313/2313 2315/2315/2315
f 4447/4447/4447 2315/2315/2315 4449/4449/4449
f 4449/4449/4449 2315/2315/2315 2370/2370/2370
f 4449/4449/4449 2370/2370/2370 4450/4450/4450
f 4450/4450/4450 2370/2370/2370 2386/2386/2386
f 4450/4450/4450 2386/2386/2386 4451/4451/4451
f 4452/4452/4452 2408/2408/2408 2377/2377/2377
f 4452/4452/4452 2377/2377/2377 4451/4451/4451
f 4452/4452/4452 2401/2401/2401 2417/2417/2417
f 4452/4452/4452 2417/2417/2417 4453/4453/4453
f 4453/4453/4453 2417/2417/2417 4000/4000/4000
f 4453/4453/4453 4000/4000/4000 4454/4454/4454
f 4441/4441/4441 4440/4440/4440 4455/4455/4455
f 4441/4441/4441 4455/4455/4455 4456/4456/4456
f 4456/4456/4456 4455/4455/4455 4457/4457/4457
f 4456/4456/4456 4457/4457/4457 4458/4458/4458
f 2313/2313/2313 4447/4447/4447 4448/4448/4448
f 2313/2313/2313 4448/4448/4448 2310/2310/2310
f 2308/2308/2308 4447/4447/4447 4449/4449/4449
f 2308/2308/2308 4449/4449/4449 2309/2309/2309
f 2309/2309/2309 4449/4449/4449 4450/4450/4450
f 2309/2309/2309 4450/4450/4450 2365/2365/2365
f 2365/2365/2365 4450/4450/4450 4451/4451/4451
f 2365/2365/2365 4451/4451/4451 2377/2377/2377
f 2401/2401/2401 4452/4452/4452 4451/4451/4451
f 2401/2401/2401 4451/4451/4451 2386/2386/2386
f 2408/2408/2408 4452/4452/4452 4453/4453/4453
f 2408/2408/2408 4453/4453/4453 2426/2426/2426
f 2426/2426/2426 4453/4453/4453 4454/4454/4454
f 2426/2426/2426 4454/4454/4454 4009/4009/4009
f 4407/4407/4407 4431/4431/4431 4459/4459/4459
f 4407/4407/4407 4459/4459/4459 4408/4408/4408
f 3954/3954/3954 4432/4432/4432 4431/4431/4431
f 3954/3954/3954 4431/4431/4431 4407/4407/4407
f 4432/4432/4432 3954/3954/3954 3953/3953/3953
f 4432/4432/4432 3953/3953/3953 4434/4434/4434
f 4434/4434/4434 3953/3953/3953 3965/3965/3965
f 4434/4434/4434 3965/3965/3965 4436/4436/4436
f 4409/4409/4409 4438/4438/4438 4436/4436/4436
f 4409/4409/4409 4436/4436/4436 3965/3965/3965
f 4218/4218/4218 4444/4444/4444 4446/4446/4446
f 4218/4218/4218 4446/4446/4446 4203/4203/4203
f 4399/4399/4399 4440/4440/4440 4438/4438/4438
f 4399/4399/4399 4438/4438/4438 4409/4409/4409
f 4440/4440/4440 4399/4399/4399 3943/3943/3943
f 4440/4440/4440 3943/3943/3943 4455/4455/4455
f 4460/4460/4460 4461/4461/4461 4462/4462/4462
f 4460/4460/4460 4462/4462/4462 4458/4458/4458
f 4266/4266/4266 4442/4442/4442 4463/4463/4463
f 4266/4266/4266 4463/4463/4463 4267/4267/4267
f 4225/4225/4225 4444/4444/4444 4443/4443/4443
f 4225/4225/4225 4443/4443/4443 4243/4243/4243
f 2353/2353/2353 2352/2352/2352 4464/4464/4464
f 2353/2353/2353 4464/4464/4464 4465/4465/4465
f 2352/2352/2352 2354/2354/2354 4466/4466/4466
f 2352/2352/2352 4466/4466/4466 4464/4464/4464
f 2354/2354/2354 2362/2362/2362 4467/4467/4467
f 2354/2354/2354 4467/4467/4467 4466/4466/4466
f 2362/2362/2362 2387/2387/2387 4468/4468/4468
f 2362/2362/2362 4468/4468/4468 4467/4467/4467
f 2387/2387/2387 2402/2402/2402 4469/4469/4469
f 2387/2387/2387 4469/4469/4469 4468/4468/4468
f 2402/2402/2402 2418/2418/2418 4470/4470/4470
f 2402/2402/2402 4470/4470/4470 4469/4469/4469
f 4002/4002/4002 4471/4471/4471 4470/4470/4470
f 4002/4002/4002 4470/4470/4470 2418/2418/2418
f 4027/4027/4027 4472/4472/4472 4471/4471/4471
f 4027/4027/4027 4471/4471/4471 4002/4002/4002
f 4045/4045/4045 4473/4473/4473 4472/4472/4472
f 4045/4045/4045 4472/4472/4472 4027/4027/4027
f 4061/4061/4061 4474/4474/4474 4473/4473/4473
f 4061/4061/4061 4473/4473/4473 4045/4045/4045
f 4081/4081/4081 4475/4475/4475 4474/4474/4474
f 4081/4081/4081 4474/4474/4474 4061/4061/4061
f 4097/4097/4097 4476/4476/4476 4475/4475/4475
f 4097/4097/4097 4475/4475/4475 4081/4081/4081
f 4112/4112/4112 4477/4477/4477 4476/4476/4476
f 4112/4112/4112 4476/4476/4476 4097/4097/4097
f 4128/4128/4128 4478/4478/4478 4477/4477/4477
f 4128/4128/4128 4477/4477/4477 4112/4112/4112
f 4143/4143/4143 4479/4479/4479 4478/4478/4478
f 4143/4143/4143 4478/4478/4478 4128/4128/4128
f 4155/4155/4155 4480/4480/4480 4479/4479/4479
f 4155/4155/4155 4479/4479/4479 4143/4143/4143
f 4189/4189/4189 4481/4481/4481 4480/4480/4480
f 4189/4189/4189 4480/4480/4480 4155/4155/4155
f 4205/4205/4205 4482/4482/4482 4481/4481/4481
f 4205/4205/4205 4481/4481/4481 4189/4189/4189
f 4220/4220/4220 4483/4483/4483 4482/4482/4482
f 4220/4220/4220 4482/4482/4482 4205/4205/4205
f 4236/4236/4236 4484/4484/4484 4483/4483/4483
f 4236/4236/4236 4483/4483/4483 4220/4220/4220
f 4252/4252/4252 4485/4485/4485 4484/4484/4484
f 4252/4252/4252 4484/4484/4484 4236/4236/4236
f 4486/4486/4486 4487/4487/4487 4461/4461/4461
f 4486/4486/4486 4461/4461/4461 4460/4460/4460
f 3939/3939/3939 4457/4457/4457 4455/4455/4455
f 3939/3939/3939 4455/4455/4455 3943/3943/3943
f 4282/4282/4282 3831/3831/3831 3906/3906/3906
f 4282/4282/4282 3906/3906/3906 3976/3976/3976
f 4398/4398/4398 3894/3894/3894 3881/3881/3881
f 4398/4398/4398 3881/3881/3881 3880/3880/3880
f 4488/4488/4488 3898/3898/3898 3897/3897/3897
f 4488/4488/4488 3897/3897/3897 3844/3844/3844
f 4272/4272/4272 3832/3832/3832 3831/3831/3831
f 4272/4272/4272 3831/3831/3831 4282/4282/4282
f 3832/3832/3832 4272/4272/4272 4273/4273/4273
f 3832/3832/3832 4273/4273/4273 3878/3878/3878
f 3836/3836/3836 3835/3835/3835 3883/3883/3883
f 3836/3836/3836 3883/3883/3883 3882/3882/3882
f 3970/3970/3970 3916/3916/3916 3878/3878/3878
f 3970/3970/3970 3878/3878/3878 4273/4273/4273
f 3905/3905/3905 3889/3889/3889 3887/3887/3887
f 3905/3905/3905 3887/3887/3887 3886/3886/3886
f 3844/3844/3844 3897/3897/3897 3863/3863/3863
f 3844/3844/3844 3863/3863/3863 3845/3845/3845
f 3916/3916/3916 3970/3970/3970 3969/3969/3969
f 3916/3916/3916 3969/3969/3969 3964/3964/3964
f 4403/4403/4403 3871/3871/3871 3964/3964/3964
f 4403/4403/4403 3964/3964/3964 3969/3969/3969
f 4274/4274/4274 3861/3861/3861 3871/3871/3871
f 4274/4274/4274 3871/3871/3871 4403/4403/4403
f 3861/3861/3861 4274/4274/4274 4275/4275/4275
f 3861/3861/3861 4275/4275/4275 3862/3862/3862
f 3902/3902/3902 3884/3884/3884 3883/3883/3883
f 3902/3902/3902 3883/3883/3883 3892/3892/3892
f 3857/3857/3857 3856/3856/3856 3881/3881/3881
f 3857/3857/3857 3881/3881/3881 3893/3893/3893
f 3839/3839/3839 3887/3887/3887 3889/3889/3889
f 3839/3839/3839 3889/3889/3889 3840/3840/3840
f 3963/3963/3963 4278/4278/4278 3862/3862/3862
f 3963/3963/3963 3862/3862/3862 4275/4275/4275
f 3877/3877/3877 3863/3863/3863 3897/3897/3897
f 3877/3877/3877 3897/3897/3897 3896/3896/3896
f 4278/4278/4278 3963/3963/3963 3962/3962/3962
f 4278/4278/4278 3962/3962/3962 4279/4279/4279
f 4401/4401/4401 3879/3879/3879 4279/4279/4279
f 4401/4401/4401 4279/4279/4279 3962/3962/3962
f 4400/4400/4400 3872/3872/3872 3879/3879/3879
f 4400/4400/4400 3879/3879/3879 4401/4401/4401
f 3839/3839/3839 3853/3853/3853 3852/3852/3852
f 3839/3839/3839 3852/3852/3852 3887/3887/3887
f 3872/3872/3872 4400/4400/4400 4402/4402/4402
f 3872/3872/3872 4402/4402/4402 3842/3842/3842
f 3915/3915/3915 3843/3843/3843 3842/3842/3842
f 3915/3915/3915 3842/3842/3842 4402/4402/4402
f 3843/3843/3843 3915/3915/3915 3914/3914/3914
f 3843/3843/3843 3914/3914/3914 3858/3858/3858
f 3913/3913/3913 4489/4489/4489 4490/4490/4490
f 3913/3913/3913 4490/4490/4490 3914/3914/3914
f 4488/4488/4488 4491/4491/4491 4492/4492/4492
f 4488/4488/4488 4492/4492/4492 4493/4493/4493
f 3840/3840/3840 3889/3889/3889 3888/3888/3888
f 3840/3840/3840 3888/3888/3888 3875/3875/3875
f 4283/4283/4283 3849/3849/3849 3875/3875/3875
f 4283/4283/4283 3875/3875/3875 3888/3888/3888
f 3849/3849/3849 4283/4283/4283 4277/4277/4277
f 3849/3849/3849 4277/4277/4277 3848/3848/3848
f 3858/3858/3858 3914/3914/3914 4490/4490/4490
f 3858/3858/3858 4490/4490/4490 3873/3873/3873
f 3899/3899/3899 3902/3902/3902 3892/3892/3892
f 3899/3899/3899 3892/3892/3892 3896/3896/3896
f 3895/3895/3895 3905/3905/3905 3886/3886/3886
f 3895/3895/3895 3886/3886/3886 3893/3893/3893
f 3869/3869/3869 3836/3836/3836 3882/3882/3882
f 3869/3869/3869 3882/3882/3882 3880/3880/3880
f 4352/4352/4352 4421/4421/4421 4365/4365/4365
f 4352/4352/4352 4365/4365/4365 4353/4353/4353
f 4494/4494/4494 4418/4418/4418 4419/4419/4419
f 4494/4494/4494 4419/4419/4419 4495/4495/4495
f 4496/4496/4496 4420/4420/4420 4418/4418/4418
f 4496/4496/4496 4418/4418/4418 4494/4494/4494
f 3971/3971/3971 3961/3961/3961 3975/3975/3975
f 3971/3971/3971 3975/3975/3975 4497/4497/4497
f 4384/4384/4384 4498/4498/4498 3960/3960/3960
f 4384/4384/4384 3960/3960/3960 3959/3959/3959
f 3938/3938/3938 4499/4499/4499 4457/4457/4457
f 3938/3938/3938 4457/4457/4457 3939/3939/3939
f 4383/4383/4383 4421/4421/4421 4420/4420/4420
f 4383/4383/4383 4420/4420/4420 4496/4496/4496
f 3938/3938/3938 4425/4425/4425 4500/4500/4500
f 3938/3938/3938 4500/4500/4500 4499/4499/4499
f 4501/4501/4501 3912/3912/3912 3971/3971/3971
f 4501/4501/4501 3971/3971/3971 4497/4497/4497
f 4497/4497/4497 3960/3960/3960 4498/4498/4498
f 4497/4497/4497 4498/4498/4498 4501/4501/4501
f 4498/4498/4498 4496/4496/4496 4494/4494/4494
f 4498/4498/4498 4494/4494/4494 4501/4501/4501
f 3912/3912/3912 4501/4501/4501 4494/4494/4494
f 3912/3912/3912 4494/4494/4494 3913/3913/3913
f 3975/3975/3975 3949/3949/3949 3960/3960/3960
f 3975/3975/3975 3960/3960/3960 4497/4497/4497
f 3945/3945/3945 3950/3950/3950 3949/3949/3949
f 3945/3945/3945 3949/3949/3949 3975/3975/3975
f 4391/4391/4391 4423/4423/4423 4427/4427/4427
f 4391/4391/4391 4427/4427/4427 4394/4394/4394
f 4423/4423/4423 4391/4391/4391 4393/4393/4393
f 4423/4423/4423 4393/4393/4393 4424/4424/4424
f 4502/4502/4502 4503/4503/4503 4504/4504/4504
f 4502/4502/4502 4504/4504/4504 4505/4505/4505
f 4506/4506/4506 4507/4507/4507 4503/4503/4503
f 4506/4506/4506 4503/4503/4503 4502/4502/4502
f 4508/4508/4508 4509/4509/4509 4507/4507/4507
f 4508/4508/4508 4507/4507/4507 4506/4506/4506
f 4510/4510/4510 4511/4511/4511 4509/4509/4509
f 4510/4510/4510 4509/4509/4509 4508/4508/4508
f 4512/4512/4512 4513/4513/4513 4511/4511/4511
f 4512/4512/4512 4511/4511/4511 4510/4510/4510
f 4430/4430/4430 4514/4514/4514 4513/4513/4513
f 4430/4430/4430 4513/4513/4513 4512/4512/4512
f 4386/4386/4386 4515/4515/4515 4514/4514/4514
f 4386/4386/4386 4514/4514/4514 4430/4430/4430
f 4385/4385/4385 4516/4516/4516 4515/4515/4515
f 4385/4385/4385 4515/4515/4515 4386/4386/4386
f 4502/4502/4502 4505/4505/4505 4517/4517/4517
f 4502/4502/4502 4517/4517/4517 4518/4518/4518
f 4375/4375/4375 4374/4374/4374 4429/4429/4429
f 4375/4375/4375 4429/4429/4429 4430/4430/4430
f 4506/4506/4506 4502/4502/4502 4518/4518/4518
f 4506/4506/4506 4518/4518/4518 4519/4519/4519
f 4517/4517/4517 4520/4520/4520 4521/4521/4521
f 4517/4517/4517 4521/4521/4521 4518/4518/4518
f 4379/4379/4379 4522/4522/4522 4415/4415/4415
f 4379/4379/4379 4415/4415/4415 4381/4381/4381
f 4522/4522/4522 4379/4379/4379 4377/4377/4377
f 4522/4522/4522 4377/4377/4377 4523/4523/4523
f 4524/4524/4524 4519/4519/4519 4518/4518/4518
f 4524/4524/4524 4518/4518/4518 4521/4521/4521
f 4519/4519/4519 4524/4524/4524 4525/4525/4525
f 4519/4519/4519 4525/4525/4525 4526/4526/4526
f 4526/4526/4526 4525/4525/4525 4527/4527/4527
f 4526/4526/4526 4527/4527/4527 4528/4528/4528
f 4528/4528/4528 4527/4527/4527 4529/4529/4529
f 4528/4528/4528 4529/4529/4529 4530/4530/4530
f 4508/4508/4508 4506/4506/4506 4519/4519/4519
f 4508/4508/4508 4519/4519/4519 4526/4526/4526
f 4528/4528/4528 4510/4510/4510 4508/4508/4508
f 4528/4528/4528 4508/4508/4508 4526/4526/4526
f 4510/4510/4510 4528/4528/4528 4530/4530/4530
f 4510/4510/4510 4530/4530/4530 4512/4512/4512
f 4377/4377/4377 4369/4369/4369 4372/4372/4372
f 4377/4377/4377 4372/4372/4372 4523/4523/4523
f 4529/4529/4529 4376/4376/4376 4375/4375/4375
f 4529/4529/4529 4375/4375/4375 4530/4530/4530
f 4375/4375/4375 4430/4430/4430 4512/4512/4512
f 4375/4375/4375 4512/4512/4512 4530/4530/4530
f 3891/3891/3891 3890/3890/3890 4413/4413/4413
f 3891/3891/3891 4413/4413/4413 4428/4428/4428
f 3930/3930/3930 3968/3968/3968 3950/3950/3950
f 3930/3930/3930 3950/3950/3950 3945/3945/3945
f 3968/3968/3968 3930/3930/3930 3929/3929/3929
f 3968/3968/3968 3929/3929/3929 4411/4411/4411
f 4411/4411/4411 3929/3929/3929 3934/3934/3934
f 4411/4411/4411 3934/3934/3934 3957/3957/3957
f 3935/3935/3935 3958/3958/3958 3957/3957/3957
f 3935/3935/3935 3957/3957/3957 3934/3934/3934
f 3941/3941/3941 3967/3967/3967 3958/3958/3958
f 3941/3941/3941 3958/3958/3958 3935/3935/3935
f 3924/3924/3924 4406/4406/4406 3967/3967/3967
f 3924/3924/3924 3967/3967/3967 3941/3941/3941
f 3923/3923/3923 4405/4405/4405 4406/4406/4406
f 3923/3923/3923 4406/4406/4406 3924/3924/3924
f 4413/4413/4413 4427/4427/4427 4426/4426/4426
f 4413/4413/4413 4426/4426/4426 4428/4428/4428
f 4427/4427/4427 4413/4413/4413 4412/4412/4412
f 4427/4427/4427 4412/4412/4412 4394/4394/4394
f 3917/3917/3917 4390/4390/4390 4394/4394/4394
f 3917/3917/3917 4394/4394/4394 4412/4412/4412
f 4390/4390/4390 3917/3917/3917 3919/3919/3919
f 4390/4390/4390 3919/3919/3919 4388/4388/4388
f 4285/4285/4285 4382/4382/4382 4388/4388/4388
f 4285/4285/4285 4388/4388/4388 3919/3919/3919
f 4382/4382/4382 4285/4285/4285 3922/3922/3922
f 4382/4382/4382 3922/3922/3922 4380/4380/4380
f 4380/4380/4380 3922/3922/3922 3921/3921/3921
f 4380/4380/4380 3921/3921/3921 4378/4378/4378
f 3920/3920/3920 4370/4370/4370 4378/4378/4378
f 3920/3920/3920 4378/4378/4378 3921/3921/3921
f 4370/4370/4370 3920/3920/3920 3909/3909/3909
f 4370/4370/4370 3909/3909/3909 4367/4367/4367
f 4488/4488/4488 3844/3844/3844 3868/3868/3868
f 4488/4488/4488 3868/3868/3868 4491/4491/4491
f 3907/3907/3907 4493/4493/4493 4492/4492/4492
f 3907/3907/3907 4492/4492/4492 3908/3908/3908
f 4488/4488/4488 4493/4493/4493 3907/3907/3907
f 4488/4488/4488 3907/3907/3907 3898/3898/3898
f 3913/3913/3913 4494/4494/4494 4495/4495/4495
f 3913/3913/3913 4495/4495/4495 4489/4489/4489
f 4465/4465/4465 4464/4464/4464 4531/4531/4531
f 4465/4465/4465 4531/4531/4531 4532/4532/4532
f 4464/4464/4464 4466/4466/4466 4533/4533/4533
f 4464/4464/4464 4533/4533/4533 4531/4531/4531
f 4466/4466/4466 4467/4467/4467 4534/4534/4534
f 4466/4466/4466 4534/4534/4534 4533/4533/4533
f 4467/4467/4467 4468/4468/4468 4535/4535/4535
f 4467/4467/4467 4535/4535/4535 4534/4534/4534
f 4468/4468/4468 4469/4469/4469 4536/4536/4536
f 4468/4468/4468 4536/4536/4536 4535/4535/4535
f 4469/4469/4469 4470/4470/4470 4537/4537/4537
f 4469/4469/4469 4537/4537/4537 4536/4536/4536
f 4422/4422/4422 4425/4425/4425 3938/3938/3938
f 4422/4422/4422 3938/3938/3938 3937/3937/3937
f 4471/4471/4471 4538/4538/4538 4537/4537/4537
f 4471/4471/4471 4537/4537/4537 4470/4470/4470
f 4472/4472/4472 4539/4539/4539 4538/4538/4538
f 4472/4472/4472 4538/4538/4538 4471/4471/4471
f 4473/4473/4473 4540/4540/4540 4539/4539/4539
f 4473/4473/4473 4539/4539/4539 4472/4472/4472
f 4474/4474/4474 4541/4541/4541 4540/4540/4540
f 4474/4474/4474 4540/4540/4540 4473/4473/4473
f 4475/4475/4475 4542/4542/4542 4541/4541/4541
f 4475/4475/4475 4541/4541/4541 4474/4474/4474
f 4476/4476/4476 4543/4543/4543 4542/4542/4542
f 4476/4476/4476 4542/4542/4542 4475/4475/4475
f 4477/4477/4477 4544/4544/4544 4543/4543/4543
f 4477/4477/4477 4543/4543/4543 4476/4476/4476
f 4478/4478/4478 4545/4545/4545 4544/4544/4544
f 4478/4478/4478 4544/4544/4544 4477/4477/4477
f 4479/4479/4479 4546/4546/4546 4545/4545/4545
f 4479/4479/4479 4545/4545/4545 4478/4478/4478
f 4480/4480/4480 4547/4547/4547 4546/4546/4546
f 4480/4480/4480 4546/4546/4546 4479/4479/4479
f 4481/4481/4481 4548/4548/4548 4547/4547/4547
f 4481/4481/4481 4547/4547/4547 4480/4480/4480
f 4482/4482/4482 4549/4549/4549 4548/4548/4548
f 4482/4482/4482 4548/4548/4548 4481/4481/4481
f 4483/4483/4483 4550/4550/4550 4549/4549/4549
f 4483/4483/4483 4549/4549/4549 4482/4482/4482
f 4484/4484/4484 4551/4551/4551 4550/4550/4550
f 4484/4484/4484 4550/4550/4550 4483/4483/4483
f 4485/4485/4485 4552/4552/4552 4551/4551/4551
f 4485/4485/4485 4551/4551/4551 4484/4484/4484
f 4410/4410/4410 4553/4553/4553 4516/4516/4516
f 4410/4410/4410 4516/4516/4516 4385/4385/4385
f 4408/4408/4408 4459/4459/4459 4553/4553/4553
f 4408/4408/4408 4553/4553/4553 4410/4410/4410
f 4428/4428/4428 4426/4426/4426 4554/4554/4554
f 4428/4428/4428 4554/4554/4554 3932/3932/3932
f 4422/4422/4422 3937/3937/3937 4554/4554/4554
f 4422/4422/4422 4554/4554/4554 4426/4426/4426
f 4405/4405/4405 3923/3923/3923 3932/3932/3932
f 4405/4405/4405 3932/3932/3932 4554/4554/4554
f 3937/3937/3937 3940/3940/3940 4405/4405/4405
f 3937/3937/3937 4405/4405/4405 4554/4554/4554
f 4555/4555/4555 4141/4141/4141 4171/4171/4171
f 4555/4555/4555 4171/4171/4171 4556/4556/4556
f 4555/4555/4555 4151/4151/4151 4135/4135/4135
f 4555/4555/4555 4135/4135/4135 4557/4557/4557
f 4558/4558/4558 4110/4110/4110 4126/4126/4126
f 4558/4558/4558 4126/4126/4126 4557/4557/4557
f 4558/4558/4558 4117/4117/4117 4086/4086/4086
f 4558/4558/4558 4086/4086/4086 4559/4559/4559
f 4560/4560/4560 4079/4079/4079 4095/4095/4095
f 4560/4560/4560 4095/4095/4095 4559/4559/4559
f 4561/4561/4561 4059/4059/4059 4079/4079/4079
f 4561/4561/4561 4079/4079/4079 4560/4560/4560
f 4562/4562/4562 4043/4043/4043 4059/4059/4059
f 4562/4562/4562 4059/4059/4059 4561/4561/4561
f 4563/4563/4563 4026/4026/4026 4043/4043/4043
f 4563/4563/4563 4043/4043/4043 4562/4562/4562
f 4151/4151/4151 4555/4555/4555 4556/4556/4556
f 4151/4151/4151 4556/4556/4556 4167/4167/4167
f 4141/4141/4141 4555/4555/4555 4557/4557/4557
f 4141/4141/4141 4557/4557/4557 4126/4126/4126
f 4117/4117/4117 4558/4558/4558 4557/4557/4557
f 4117/4117/4117 4557/4557/4557 4135/4135/4135
f 4110/4110/4110 4558/4558/4558 4559/4559/4559
f 4110/4110/4110 4559/4559/4559 4095/4095/4095
f 4072/4072/4072 4560/4560/4560 4559/4559/4559
f 4072/4072/4072 4559/4559/4559 4086/4086/4086
f 4050/4050/4050 4561/4561/4561 4560/4560/4560
f 4050/4050/4050 4560/4560/4560 4072/4072/4072
f 4036/4036/4036 4562/4562/4562 4561/4561/4561
f 4036/4036/4036 4561/4561/4561 4050/4050/4050
f 4022/4022/4022 4563/4563/4563 4562/4562/4562
f 4022/4022/4022 4562/4562/4562 4036/4036/4036
f 4556/4556/4556 4171/4171/4171 4187/4187/4187
f 4556/4556/4556 4187/4187/4187 4445/4445/4445
f 4444/4444/4444 4225/4225/4225 4194/4194/4194
f 4444/4444/4444 4194/4194/4194 4446/4446/4446
f 4454/4454/4454 4000/4000/4000 4026/4026/4026
f 4454/4454/4454 4026/4026/4026 4563/4563/4563
f 4167/4167/4167 4556/4556/4556 4445/4445/4445
f 4167/4167/4167 4445/4445/4445 4180/4180/4180
f 4009/4009/4009 4454/4454/4454 4563/4563/4563
f 4009/4009/4009 4563/4563/4563 4022/4022/4022
f 4180/4180/4180 4445/4445/4445 4446/4446/4446
f 4180/4180/4180 4446/4446/4446 4194/4194/4194
f 4496/4496/4496 4498/4498/4498 4384/4384/4384
f 4496/4496/4496 4384/4384/4384 4383/4383/4383
f 4416/4416/4416 4395/4395/4395 4564/4564/4564
f 4416/4416/4416 4564/4564/4564 4417/4417/4417
f 4395/4395/4395 4416/4416/4416 4367/4367/4367
f 4416/4416/4416 4404/4404/4404 4367/4367/4367
f 4367/4367/4367 4404/4404/4404 4396/4396/4396
f 4367/4367/4367 4396/4396/4396 4368/4368/4368
f 4368/4368/4368 4396/4396/4396 4397/4397/4397
f 4368/4368/4368 4397/4397/4397 4371/4371/4371
f 4373/4373/4373 4366/4366/4366 4364/4364/4364
f 4373/4373/4373 4364/4364/4364 4374/4374/4374
f 4374/4374/4374 4364/4364/4364 4365/4365/4365
f 4374/4374/4374 4365/4365/4365 4429/4429/4429
f 4429/4429/4429 4365/4365/4365 4421/4421/4421
f 4429/4429/4429 4421/4421/4421 4383/4383/4383
f 4565/4565/4565 4566/4566/4566 4567/4567/4567
f 4565/4565/4565 4567/4567/4567 4568/4568/4568
f 4568/4568/4568 4567/4567/4567 4569/4569/4569
f 4568/4568/4568 4569/4569/4569 4570/4570/4570
f 4570/4570/4570 4569/4569/4569 4571/4571/4571
f 4570/4570/4570 4571/4571/4571 4572/4572/4572
f 4573/4573/4573 4511/4511/4511 4513/4513/4513
f 4573/4573/4573 4513/4513/4513 4572/4572/4572
f 4574/4574/4574 4509/4509/4509 4511/4511/4511
f 4574/4574/4574 4511/4511/4511 4573/4573/4573
f 4575/4575/4575 4507/4507/4507 4509/4509/4509
f 4575/4575/4575 4509/4509/4509 4574/4574/4574
f 4576/4576/4576 4503/4503/4503 4507/4507/4507
f 4576/4576/4576 4507/4507/4507 4575/4575/4575
f 4576/4576/4576 4577/4577/4577 4578/4578/4578
f 4576/4576/4576 4578/4578/4578 4579/4579/4579
f 4289/4289/4289 4288/4288/4288 4566/4566/4566
f 4289/4289/4289 4566/4566/4566 4565/4565/4565
f 4580/4580/4580 4581/4581/4581 4245/4245/4245
f 4580/4580/4580 4245/4245/4245 4244/4244/4244
f 4582/4582/4582 4583/4583/4583 4247/4247/4247
f 4582/4582/4582 4247/4247/4247 4246/4246/4246
f 4234/4234/4234 4233/4233/4233 4249/4249/4249
f 4234/4234/4234 4249/4249/4249 4248/4248/4248
f 4236/4236/4236 4235/4235/4235 4253/4253/4253
f 4236/4236/4236 4253/4253/4253 4252/4252/4252
f 4583/4583/4583 4254/4254/4254 4253/4253/4253
f 4583/4583/4583 4253/4253/4253 4247/4247/4247
f 4233/4233/4233 4227/4227/4227 4256/4256/4256
f 4233/4233/4233 4256/4256/4256 4249/4249/4249
f 4584/4584/4584 4585/4585/4585 4258/4258/4258
f 4585/4585/4585 4259/4259/4259 4258/4258/4258
f 4263/4263/4263 4580/4580/4580 4244/4244/4244
f 4263/4263/4263 4244/4244/4244 4260/4260/4260
f 4239/4239/4239 4240/4240/4240 4261/4261/4261
f 4239/4239/4239 4261/4261/4261 4260/4260/4260
f 4585/4585/4585 4586/4586/4586 4264/4264/4264
f 4585/4585/4585 4264/4264/4264 4259/4259/4259
f 4581/4581/4581 4587/4587/4587 4265/4265/4265
f 4581/4581/4581 4265/4265/4265 4245/4245/4245
f 4240/4240/4240 4243/4243/4243 4266/4266/4266
f 4240/4240/4240 4266/4266/4266 4261/4261/4261
f 4586/4586/4586 4588/4588/4588 4268/4268/4268
f 4586/4586/4586 4268/4268/4268 4264/4264/4264
f 4587/4587/4587 4589/4589/4589 4269/4269/4269
f 4587/4587/4587 4269/4269/4269 4265/4265/4265
f 4588/4588/4588 4257/4257/4257 4256/4256/4256
f 4588/4588/4588 4256/4256/4256 4268/4268/4268
f 4589/4589/4589 4582/4582/4582 4246/4246/4246
f 4589/4589/4589 4246/4246/4246 4269/4269/4269
f 4463/4463/4463 4442/4442/4442 4248/4248/4248
f 4463/4463/4463 4248/4248/4248 4251/4251/4251
f 4243/4243/4243 4443/4443/4443 4442/4442/4442
f 4243/4243/4243 4442/4442/4442 4266/4266/4266
f 4255/4255/4255 4590/4590/4590 4485/4485/4485
f 4255/4255/4255 4485/4485/4485 4252/4252/4252
f 4590/4590/4590 4591/4591/4591 4485/4485/4485
f 4591/4591/4591 4552/4552/4552 4485/4485/4485
f 4500/4500/4500 4486/4486/4486 4460/4460/4460
f 4500/4500/4500 4460/4460/4460 4499/4499/4499
f 4291/4291/4291 4290/4290/4290 4433/4433/4433
f 4291/4291/4291 4433/4433/4433 4592/4592/4592
f 4593/4593/4593 4574/4574/4574 4573/4573/4573
f 4593/4593/4593 4573/4573/4573 4594/4594/4594
f 4431/4431/4431 4290/4290/4290 4286/4286/4286
f 4431/4431/4431 4286/4286/4286 4459/4459/4459
f 4514/4514/4514 4570/4570/4570 4572/4572/4572
f 4514/4514/4514 4572/4572/4572 4513/4513/4513
f 4459/4459/4459 4286/4286/4286 4289/4289/4289
f 4459/4459/4459 4289/4289/4289 4553/4553/4553
f 4595/4595/4595 4456/4456/4456 4458/4458/4458
f 4595/4595/4595 4458/4458/4458 4462/4462/4462
f 4553/4553/4553 4289/4289/4289 4565/4565/4565
f 4553/4553/4553 4565/4565/4565 4516/4516/4516
f 4596/4596/4596 4437/4437/4437 4439/4439/4439
f 4596/4596/4596 4439/4439/4439 4597/4597/4597
f 4598/4598/4598 4441/4441/4441 4456/4456/4456
f 4598/4598/4598 4456/4456/4456 4595/4595/4595
f 4515/4515/4515 4568/4568/4568 4570/4570/4570
f 4515/4515/4515 4570/4570/4570 4514/4514/4514
f 4577/4577/4577 4576/4576/4576 4575/4575/4575
f 4577/4577/4577 4575/4575/4575 4599/4599/4599
f 4600/4600/4600 4435/4435/4435 4437/4437/4437
f 4600/4600/4600 4437/4437/4437 4596/4596/4596
f 4597/4597/4597 4439/4439/4439 4441/4441/4441
f 4597/4597/4597 4441/4441/4441 4598/4598/4598
f 4503/4503/4503 4576/4576/4576 4579/4579/4579
f 4503/4503/4503 4579/4579/4579 4504/4504/4504
f 4594/4594/4594 4573/4573/4573 4572/4572/4572
f 4594/4594/4594 4572/4572/4572 4571/4571/4571
f 4592/4592/4592 4433/4433/4433 4435/4435/4435
f 4592/4592/4592 4435/4435/4435 4600/4600/4600
f 4499/4499/4499 4460/4460/4460 4458/4458/4458
f 4499/4499/4499 4458/4458/4458 4457/4457/4457
f 4599/4599/4599 4575/4575/4575 4574/4574/4574
f 4599/4599/4599 4574/4574/4574 4593/4593/4593
f 4516/4516/4516 4565/4565/4565 4568/4568/4568
f 4516/4516/4516 4568/4568/4568 4515/4515/4515
f 4492/4492/4492 4564/4564/4564 4395/4395/4395
f 4492/4492/4492 4395/4395/4395 3908/3908/3908
