# CC0 model adapted from https://polyhaven.com/a/modular_factory_facade
# Coordinates baked to Z-up; see SOURCES.json for source nodes and transforms.
mtllib factory_wall.mtl
o wall_window_centered_large_01
v 1.3333316 0.14782611 0.16666606
v 2 0.14782611 0.16666606
v -0.16666645 0.14782611 0
v -0.3333337 0.14782611 0
v 2 0.14782611 0.83333291
v 2 0.14782611 3.0000005
v -0.16666645 -0.026086907 2.9666664
v -0.3333337 -0.026086907 2.9666664
v -0.50000095 0.14782611 0
v -0.50000095 -0.026086907 2.9666664
v 0 -0.19999992 2.9666664
v 0 0.14782611 0.16666606
v -0.16666645 -0.026086946 0.88666628
v 0 -0.2 0.88666628
v 2 0.14782611 0.66666618
v 1.3333316 0.14782611 0.66666618
v 0 0.14782611 0.66666618
v 0 0.14782611 0.49999948
v 2 0.14782611 0.49999948
v 1.3333316 0.14782611 0.49999948
v 0 0.14782611 0.33333277
v 2 0.14782611 0.33333277
v 1.3333316 0.14782611 0.33333277
v 2 0.14782611 4
v 1.3333316 0.14782611 4
v 0 0.14782611 4
v 2 0.14782611 3.8333333
v 1.3333316 0.14782611 3.8333333
v 0 0.14782611 3.8333333
v 2 0.14782611 3.6666666
v 1.3333316 0.14782611 3.6666666
v 0 0.14782611 3.6666666
v 2 0.14782611 3.4999999
v 1.3333316 0.14782611 3.4999999
v 0 0.14782611 3.4999999
v 2 0.14782611 3.3333329
v 1.3333316 0.14782611 3.3333329
v 0 0.14782611 3.3333329
v 2 0.14782611 3.1666665
v 1.3333316 0.14782611 3.1666665
v 0 0.14782611 3.1666665
v 1.5000006 0.14782611 0.16666606
v -0.66666804 0.14782611 0
v 1.5000006 0.14782611 0.83333291
v 1.5000006 0.14782611 3.0000005
v 1.5000006 0.14782611 0.66666614
v 1.5000006 0.14782611 0.49999944
v 1.5000006 0.14782611 0.33333275
v 1.5000006 0.14782611 4
v 1.5000006 0.14782611 3.8333333
v 1.5000006 0.14782611 3.6666666
v 1.5000006 0.14782611 3.4999999
v 1.5000006 0.14782611 3.3333329
v 1.5000006 0.14782611 3.1666665
v -0.83333704 0.14782611 0
v -1.0000016 0.14782611 0
v 1.6666671 0.14782611 3.0000005
v 1.8333335 0.14782611 3.0000005
v 1.6666671 0.14782611 0.66666614
v 1.8333335 0.14782611 0.66666614
v 1.6666671 0.14782611 0.49999944
v 1.8333335 0.14782611 0.49999944
v 1.6666671 0.14782611 0.33333275
v 1.8333335 0.14782611 0.33333275
v 1.8333335 0.14782611 0.16666606
v 1.6666671 0.14782611 0.16666606
v 1.8333335 0.14782611 0.83333291
v 1.6666671 0.14782611 0.83333291
v 1.8333335 0.14782611 4
v 1.6666671 0.14782611 4
v 1.8333335 0.14782611 3.8333333
v 1.6666671 0.14782611 3.8333333
v 1.8333335 0.14782611 3.6666666
v 1.6666671 0.14782611 3.6666666
v 1.8333335 0.14782611 3.4999999
v 1.6666671 0.14782611 3.4999999
v 1.8333335 0.14782611 3.3333329
v 1.6666671 0.14782611 3.3333329
v 1.8333335 0.14782611 3.1666665
v 1.6666671 0.14782611 3.1666665
v 2 0.14782611 2.8333331
v 1.3333316 -0.19999992 2.8333331
v -0.3333337 -0.026086946 0.88666628
v 1.5000006 0.14782611 2.8333331
v 1.6666671 0.14782611 2.8333331
v 1.8333335 0.14782611 2.8333331
v 2 0.14782611 0.9999996
v 1.3333316 -0.2 0.99999968
v -0.50000095 -0.026086946 0.88666628
v 1.5000006 0.14782611 0.9999996
v 1.6666671 0.14782611 0.9999996
v 1.8333335 0.14782611 0.9999996
v 1.1666676 0.14782611 0.16666606
v -1.3333316 -0.026086946 1.1666664
v 1.1666676 -0.2 0.88666628
v 1.1666676 0.14782611 0.66666618
v 1.1666676 0.14782611 0.49999948
v 1.1666676 0.14782611 0.33333277
v 1.0000015 0.14782611 0.16666606
v -1.3333316 -0.026086946 1.3333331
v 1.0000015 -0.2 0.88666628
v 1.0000015 0.14782611 0.66666618
v 1.0000015 0.14782611 0.49999948
v 1.0000015 0.14782611 0.33333277
v 0.83333704 0.14782611 0.16666606
v -1.3333316 -0.026086946 1.4999996
v 0.83333704 -0.2 0.88666628
v 0.83333704 0.14782611 0.66666618
v 0.83333704 0.14782611 0.49999948
v 0.83333704 0.14782611 0.33333277
v 0.66666804 0.14782611 0.16666606
v -1.3333316 -0.026086946 1.6666663
v 0.66666804 -0.2 0.88666628
v 0.66666804 0.14782611 0.66666618
v 0.66666804 0.14782611 0.49999948
v 0.66666804 0.14782611 0.33333277
v -1.1666677 0.14782611 0
v -1.3333316 -0.026086946 1.833333
v 0.66666804 -0.19999992 2.9666664
v 0.66666804 0.14782611 4
v 0.66666804 0.14782611 3.8333333
v 0.66666804 0.14782611 3.6666666
v 0.66666804 0.14782611 3.4999999
v 0.66666804 0.14782611 3.3333329
v 0.66666804 0.14782611 3.1666665
v -1.6666671 0.14782611 0
v -1.3333316 -0.026086933 1.9999997
v 1.0000024 -0.19999992 2.9666664
v 1.0000024 0.14782611 4
v 1.0000024 0.14782611 3.8333333
v 1.0000024 0.14782611 3.6666666
v 1.0000024 0.14782611 3.4999999
v 1.0000024 0.14782611 3.3333329
v 1.0000024 0.14782611 3.1666665
v 0.83333521 0.14782611 4
v 0.83333521 0.14782611 3.8333333
v 0.83333521 0.14782611 3.6666666
v 0.83333521 0.14782611 3.4999999
v 0.83333521 0.14782611 3.3333329
v 0.83333521 0.14782611 3.1666665
v -1.8333335 0.14782611 0
v -1.3333316 -0.026086933 2.1666664
v 0.83333521 -0.19999992 2.9666664
v -1.5000006 0.14782611 0
v -1.3333316 -0.026086933 2.3333331
v 1.166667 -0.19999992 2.9666664
v 1.166667 0.14782611 4
v 1.166667 0.14782611 3.8333333
v 1.166667 0.14782611 3.6666666
v 1.166667 0.14782611 3.4999999
v 1.166667 0.14782611 3.3333329
v 1.166667 0.14782611 3.1666665
v 1.3333316 -0.2 1.1666664
v 1.3333316 -0.2 1.3333331
v 1.3333316 -0.2 1.4999998
v 1.3333316 -0.2 1.6666665
v 1.3333316 -0.2 1.8333331
v 1.3333316 -0.19999997 1.9999998
v 1.3333316 -0.19999997 2.1666665
v 1.3333316 -0.19999997 2.3333332
v 1.3333316 -0.19999995 2.4999999
v 1.3333316 -0.19999992 2.6666665
v -1.3333316 -0.02608692 2.4999998
v -1.3333316 -0.026086907 2.6666665
v -1.1666671 -0.026086907 2.9666664
v -0.83333513 -0.026086907 2.9666664
v -1.0000025 -0.026086907 2.9666664
v -0.66666804 -0.026086907 2.9666664
v -0.66666804 -0.026086946 0.88666628
v -0.83333704 -0.026086946 0.88666628
v -1.0000016 -0.026086946 0.88666628
v -1.1666677 -0.026086946 0.88666628
v 1.5000006 0.14782611 1.1666663
v 1.5000006 0.14782611 1.333333
v 1.5000006 0.14782611 1.4999996
v 1.5000006 0.14782611 1.6666663
v 1.5000006 0.14782611 1.833333
v 1.5000006 0.14782611 1.9999997
v 1.5000006 0.14782611 2.1666664
v 1.5000006 0.14782611 2.3333331
v 1.5000006 0.14782611 2.4999998
v 1.5000006 0.14782611 2.6666665
v 1.6666671 0.14782611 1.1666663
v 1.6666671 0.14782611 1.333333
v 1.6666671 0.14782611 1.4999996
v 1.6666671 0.14782611 1.6666663
v 1.6666671 0.14782611 1.833333
v 1.6666671 0.14782611 1.9999997
v 1.6666671 0.14782611 2.1666664
v 1.6666671 0.14782611 2.3333331
v 1.6666671 0.14782611 2.4999998
v 1.6666671 0.14782611 2.6666665
v 1.8333335 0.14782611 1.1666663
v 1.8333335 0.14782611 1.333333
v 1.8333335 0.14782611 1.4999996
v 1.8333335 0.14782611 1.6666663
v 1.8333335 0.14782611 1.833333
v 1.8333335 0.14782611 1.9999997
v 1.8333335 0.14782611 2.1666664
v 1.8333335 0.14782611 2.3333331
v 1.8333335 0.14782611 2.4999998
v 1.8333335 0.14782611 2.6666665
v 2 0.14782611 2.6666665
v 2 0.14782611 2.4999998
v 2 0.14782611 2.3333331
v 2 0.14782611 2.1666664
v 2 0.14782611 1.9999997
v 2 0.14782611 1.833333
v 2 0.14782611 1.6666663
v 2 0.14782611 1.4999996
v 2 0.14782611 1.3333329
v 2 0.14782611 1.1666662
v 0.50000095 0.14782611 0.16666606
v 0.3333337 0.14782611 0.16666606
v 0.16666645 0.14782611 0.16666606
v -1.3333316 -0.026086946 0.99999968
v -1.3333316 -0.026086907 2.8333331
v 0.50000095 -0.2 0.88666628
v 0.3333337 -0.2 0.88666628
v 0.16666645 -0.2 0.88666628
v 0.16666645 0.14782611 0.66666618
v 0.3333337 0.14782611 0.66666618
v 0.50000095 0.14782611 0.66666618
v 0.16666645 0.14782611 0.49999948
v 0.3333337 0.14782611 0.49999948
v 0.50000095 0.14782611 0.49999948
v 0.16666645 0.14782611 0.33333277
v 0.3333337 0.14782611 0.33333277
v 0.50000095 0.14782611 0.33333277
v 0.50000095 0.14782611 4
v 0.3333337 0.14782611 4
v 0.16666645 0.14782611 4
v 0.50000095 0.14782611 3.8333333
v 0.3333337 0.14782611 3.8333333
v 0.16666645 0.14782611 3.8333333
v 0.50000095 0.14782611 3.6666666
v 0.3333337 0.14782611 3.6666666
v 0.16666645 0.14782611 3.6666666
v 0.50000095 0.14782611 3.4999999
v 0.3333337 0.14782611 3.4999999
v 0.16666645 0.14782611 3.4999999
v 0.50000095 0.14782611 3.3333329
v 0.3333337 0.14782611 3.3333329
v 0.16666645 0.14782611 3.3333329
v 0.50000095 0.14782611 3.1666665
v 0.3333337 0.14782611 3.1666665
v 0.16666645 0.14782611 3.1666665
v -2 0.14782611 0
v -1.3333316 0.14782611 0
v 0.16666645 0.14782611 0
v 0.16666645 -0.026086907 2.9666664
v 0.3333337 -0.026086907 2.9666664
v 0.16666645 -0.19999992 2.9666664
v 0.3333337 -0.19999992 2.9666664
v 0.50000095 -0.19999992 2.9666664
v -1.3333316 0.14782611 0.16666606
v -2 0.14782611 0.16666606
v 0.3333337 0.14782611 0
v 0.50000095 0.14782611 0
v -2 0.14782611 0.83333291
v -2 0.14782611 3.0000005
v 0.50000095 -0.026086907 2.9666664
v 0.16666645 -0.026086946 0.88666628
v -2 0.14782611 0.66666618
v -1.3333316 0.14782611 0.66666618
v -2 0.14782611 0.49999948
v -1.3333316 0.14782611 0.49999948
v -2 0.14782611 0.33333277
v -1.3333316 0.14782611 0.33333277
v -2 0.14782611 4
v -1.3333316 0.14782611 4
v -2 0.14782611 3.8333333
v -1.3333316 0.14782611 3.8333333
v -2 0.14782611 3.6666666
v -1.3333316 0.14782611 3.6666666
v -2 0.14782611 3.4999999
v -1.3333316 0.14782611 3.4999999
v -2 0.14782611 3.3333329
v -1.3333316 0.14782611 3.3333329
v -2 0.14782611 3.1666665
v -1.3333316 0.14782611 3.1666665
v -1.5000006 0.14782611 0.16666606
v 0.66666804 0.14782611 0
v -1.5000006 0.14782611 0.83333291
v -1.5000006 0.14782611 3.0000005
v -1.5000006 0.14782611 0.66666614
v -1.5000006 0.14782611 0.49999944
v -1.5000006 0.14782611 0.33333275
v -1.5000006 0.14782611 4
v -1.5000006 0.14782611 3.8333333
v -1.5000006 0.14782611 3.6666666
v -1.5000006 0.14782611 3.4999999
v -1.5000006 0.14782611 3.3333329
v -1.5000006 0.14782611 3.1666665
v 0.83333704 0.14782611 0
v 1.0000015 0.14782611 0
v -1.6666671 0.14782611 3.0000005
v -1.8333335 0.14782611 3.0000005
v -1.6666671 0.14782611 0.66666614
v -1.8333335 0.14782611 0.66666614
v -1.6666671 0.14782611 0.49999944
v -1.8333335 0.14782611 0.49999944
v -1.6666671 0.14782611 0.33333275
v -1.8333335 0.14782611 0.33333275
v -1.8333335 0.14782611 0.16666606
v -1.6666671 0.14782611 0.16666606
v -1.8333335 0.14782611 0.83333291
v -1.6666671 0.14782611 0.83333291
v -1.8333335 0.14782611 4
v -1.6666671 0.14782611 4
v -1.8333335 0.14782611 3.8333333
v -1.6666671 0.14782611 3.8333333
v -1.8333335 0.14782611 3.6666666
v -1.6666671 0.14782611 3.6666666
v -1.8333335 0.14782611 3.4999999
v -1.6666671 0.14782611 3.4999999
v -1.8333335 0.14782611 3.3333329
v -1.6666671 0.14782611 3.3333329
v -1.8333335 0.14782611 3.1666665
v -1.6666671 0.14782611 3.1666665
v -2 0.14782611 2.8333331
v -1.3333316 -0.19999992 2.8333331
v 0.3333337 -0.026086946 0.88666628
v -1.5000006 0.14782611 2.8333331
v -1.6666671 0.14782611 2.8333331
v -1.8333335 0.14782611 2.8333331
v -2 0.14782611 0.9999996
v -1.3333316 -0.2 0.99999968
v 0.50000095 -0.026086946 0.88666628
v -1.5000006 0.14782611 0.9999996
v -1.6666671 0.14782611 0.9999996
v -1.8333335 0.14782611 0.9999996
v -1.1666677 0.14782611 0.16666606
v 1.3333316 -0.026086946 1.1666664
v -1.1666677 -0.2 0.88666628
v -1.1666677 0.14782611 0.66666618
v -1.1666677 0.14782611 0.49999948
v -1.1666677 0.14782611 0.33333277
v -1.0000016 0.14782611 0.16666606
v 1.3333316 -0.026086946 1.3333331
v -1.0000016 -0.2 0.88666628
v -1.0000016 0.14782611 0.66666618
v -1.0000016 0.14782611 0.49999948
v -1.0000016 0.14782611 0.33333277
v -0.83333704 0.14782611 0.16666606
v 1.3333316 -0.026086946 1.4999996
v -0.83333704 -0.2 0.88666628
v -0.83333704 0.14782611 0.66666618
v -0.83333704 0.14782611 0.49999948
v -0.83333704 0.14782611 0.33333277
v -0.66666804 0.14782611 0.16666606
v 1.3333316 -0.026086946 1.6666663
v -0.66666804 -0.2 0.88666628
v -0.66666804 0.14782611 0.66666618
v -0.66666804 0.14782611 0.49999948
v -0.66666804 0.14782611 0.33333277
v 1.1666676 0.14782611 0
v 1.3333316 -0.026086946 1.833333
v -0.66666804 -0.19999992 2.9666664
v -0.66666804 0.14782611 4
v -0.66666804 0.14782611 3.8333333
v -0.66666804 0.14782611 3.6666666
v -0.66666804 0.14782611 3.4999999
v -0.66666804 0.14782611 3.3333329
v -0.66666804 0.14782611 3.1666665
v 1.6666671 0.14782611 0
v 1.3333316 -0.026086933 1.9999997
v -1.0000025 -0.19999992 2.9666664
v -1.0000025 0.14782611 4
v -1.0000025 0.14782611 3.8333333
v -1.0000025 0.14782611 3.6666666
v -1.0000025 0.14782611 3.4999999
v -1.0000025 0.14782611 3.3333329
v -1.0000025 0.14782611 3.1666665
v -0.83333513 0.14782611 4
v -0.83333513 0.14782611 3.8333333
v -0.83333513 0.14782611 3.6666666
v -0.83333513 0.14782611 3.4999999
v -0.83333513 0.14782611 3.3333329
v -0.83333513 0.14782611 3.1666665
v 1.8333335 0.14782611 0
v 1.3333316 -0.026086933 2.1666664
v -0.83333513 -0.19999992 2.9666664
v 1.5000006 0.14782611 0
v 1.3333316 -0.026086933 2.3333331
v -1.1666671 -0.19999992 2.9666664
v -1.1666671 0.14782611 4
v -1.1666671 0.14782611 3.8333333
v -1.1666671 0.14782611 3.6666666
v -1.1666671 0.14782611 3.4999999
v -1.1666671 0.14782611 3.3333329
v -1.1666671 0.14782611 3.1666665
v -1.3333316 -0.2 1.1666664
v -1.3333316 -0.2 1.3333331
v -1.3333316 -0.2 1.4999998
v -1.3333316 -0.2 1.6666665
v -1.3333316 -0.2 1.8333331
v -1.3333316 -0.19999997 1.9999998
v -1.3333316 -0.19999997 2.1666665
v -1.3333316 -0.19999997 2.3333332
v -1.3333316 -0.19999995 2.4999999
v -1.3333316 -0.19999992 2.6666665
v 1.3333316 -0.02608692 2.4999998
v 1.3333316 -0.026086907 2.6666665
v 1.166667 -0.026086907 2.9666664
v 0.83333521 -0.026086907 2.9666664
v 1.0000024 -0.026086907 2.9666664
v 0.66666804 -0.026086907 2.9666664
v 0.66666804 -0.026086946 0.88666628
v 0.83333704 -0.026086946 0.88666628
v 1.0000015 -0.026086946 0.88666628
v 1.1666676 -0.026086946 0.88666628
v -1.5000006 0.14782611 1.1666663
v -1.5000006 0.14782611 1.333333
v -1.5000006 0.14782611 1.4999996
v -1.5000006 0.14782611 1.6666663
v -1.5000006 0.14782611 1.833333
v -1.5000006 0.14782611 1.9999997
v -1.5000006 0.14782611 2.1666664
v -1.5000006 0.14782611 2.3333331
v -1.5000006 0.14782611 2.4999998
v -1.5000006 0.14782611 2.6666665
v -1.6666671 0.14782611 1.1666663
v -1.6666671 0.14782611 1.333333
v -1.6666671 0.14782611 1.4999996
v -1.6666671 0.14782611 1.6666663
v -1.6666671 0.14782611 1.833333
v -1.6666671 0.14782611 1.9999997
v -1.6666671 0.14782611 2.1666664
v -1.6666671 0.14782611 2.3333331
v -1.6666671 0.14782611 2.4999998
v -1.6666671 0.14782611 2.6666665
v -1.8333335 0.14782611 1.1666663
v -1.8333335 0.14782611 1.333333
v -1.8333335 0.14782611 1.4999996
v -1.8333335 0.14782611 1.6666663
v -1.8333335 0.14782611 1.833333
v -1.8333335 0.14782611 1.9999997
v -1.8333335 0.14782611 2.1666664
v -1.8333335 0.14782611 2.3333331
v -1.8333335 0.14782611 2.4999998
v -1.8333335 0.14782611 2.6666665
v -2 0.14782611 2.6666665
v -2 0.14782611 2.4999998
v -2 0.14782611 2.3333331
v -2 0.14782611 2.1666664
v -2 0.14782611 1.9999997
v -2 0.14782611 1.833333
v -2 0.14782611 1.6666663
v -2 0.14782611 1.4999996
v -2 0.14782611 1.3333329
v -2 0.14782611 1.1666662
v -0.50000095 0.14782611 0.16666606
v -0.3333337 0.14782611 0.16666606
v -0.16666645 0.14782611 0.16666606
v 1.3333316 -0.026086946 0.99999968
v 1.3333316 -0.026086907 2.8333331
v 0 -0.026086946 0.88666628
v -0.50000095 -0.2 0.88666628
v -0.3333337 -0.2 0.88666628
v -0.16666645 -0.2 0.88666628
v -0.16666645 0.14782611 0.66666618
v -0.3333337 0.14782611 0.66666618
v -0.50000095 0.14782611 0.66666618
v -0.16666645 0.14782611 0.49999948
v -0.3333337 0.14782611 0.49999948
v -0.50000095 0.14782611 0.49999948
v -0.16666645 0.14782611 0.33333277
v -0.3333337 0.14782611 0.33333277
v -0.50000095 0.14782611 0.33333277
v -0.50000095 0.14782611 4
v -0.3333337 0.14782611 4
v -0.16666645 0.14782611 4
v -0.50000095 0.14782611 3.8333333
v -0.3333337 0.14782611 3.8333333
v -0.16666645 0.14782611 3.8333333
v -0.50000095 0.14782611 3.6666666
v -0.3333337 0.14782611 3.6666666
v -0.16666645 0.14782611 3.6666666
v -0.50000095 0.14782611 3.4999999
v -0.3333337 0.14782611 3.4999999
v -0.16666645 0.14782611 3.4999999
v -0.50000095 0.14782611 3.3333329
v -0.3333337 0.14782611 3.3333329
v -0.16666645 0.14782611 3.3333329
v -0.50000095 0.14782611 3.1666665
v -0.3333337 0.14782611 3.1666665
v -0.16666645 0.14782611 3.1666665
v 0 0.14782611 0
v 2 0.14782611 0
v 1.3333316 0.14782611 0
v 0 -0.026086907 2.9666664
v -0.16666645 -0.19999992 2.9666664
v -0.3333337 -0.19999992 2.9666664
v -0.50000095 -0.19999992 2.9666664
v 1.3199983 0.1304348 0.8866662
v 1.3199983 0.1304348 0.8866662
v 1.3466649 0.14782611 0.87333288
v 1.3466649 0.14782611 0.87333288
v 1.3466649 0.14782611 0.87333288
v 1.3333316 0.1304348 0.89999952
v 1.3333316 0.1304348 0.89999952
v 1.3333316 0.14273231 0.88276098
v 1.3333316 0.14047587 0.88666612
v 1.3372369 0.14273231 0.8866662
v 1.3294264 0.1304348 0.89057142
v 1.3294264 0.1304348 0.89057142
v 1.3333316 0.1304348 2.9533331
v 1.3333316 0.1304348 2.9533331
v 1.3466649 0.14782611 2.9799997
v 1.3466649 0.14782611 2.9799997
v 1.3466649 0.14782611 2.9799997
v 1.3466649 0.14782611 2.9799997
v 1.3466649 0.14782611 2.9799997
v 1.3199983 0.1304348 2.9666664
v 1.3199983 0.1304348 2.9666664
v 1.3372369 0.14273231 2.9666664
v 1.3333317 0.14047588 2.9666664
v 1.3333321 0.14273233 2.970572
v 1.3294264 0.1304348 2.9627608
v 1.3294264 0.1304348 2.9627608
v 1.3333316 -0.19999992 2.9533331
v 1.3333316 -0.19999992 2.9533331
v 1.3199983 -0.19999992 2.9666664
v 1.3199983 -0.19999992 2.9666664
v 1.3294264 -0.19999992 2.9627608
v 1.3294264 -0.19999992 2.9627608
v 1.3199983 -0.2 0.88666628
v 1.3199983 -0.2 0.88666628
v 1.3333316 -0.2 0.8999996
v 1.3333316 -0.2 0.8999996
v 1.3294264 -0.2 0.8905715
v 1.3294264 -0.2 0.8905715
v 0 0.14782611 2.9799997
v 0 0.14782611 2.9799997
v 0 0.14782611 2.9799997
v 0 0.14782611 2.9799997
v 0 0.1304348 2.9666664
v 0 0.1304348 2.9666664
v 0 0.14273231 2.970572
v 0 0.1304348 0.8866662
v 0 0.1304348 0.8866662
v 0 0.1304348 0.8866662
v 0 0.1304348 0.8866662
v 0 0.14782611 0.87333288
v 0 0.14782611 0.87333288
v 0 0.14273231 0.88276098
v 1.3333316 0.1304348 2.8333331
v 1.3333316 0.1304348 2.8333331
v 1.3333316 0.1304348 2.8333331
v 1.3333316 0.1304348 2.8333331
v 1.3466649 0.14782611 2.8333331
v 1.3466649 0.14782611 2.8333331
v 1.3466649 0.14782611 2.8333331
v 1.3466649 0.14782611 2.8333331
v 1.3372369 0.14273231 2.8333331
v 1.3466649 0.14782611 0.9999996
v 1.3466649 0.14782611 0.9999996
v 1.3466649 0.14782611 0.9999996
v 1.3466649 0.14782611 0.9999996
v 1.3333316 0.1304348 0.9999996
v 1.3333316 0.1304348 0.9999996
v 1.3333316 0.1304348 0.9999996
v 1.3333316 0.1304348 0.9999996
v 1.3372369 0.14273231 0.9999996
v 1.1666676 0.1304348 0.8866662
v 1.1666676 0.1304348 0.8866662
v 1.1666676 0.1304348 0.8866662
v 1.1666676 0.1304348 0.8866662
v 1.1666676 0.14782611 0.87333288
v 1.1666676 0.14782611 0.87333288
v 1.1666676 0.14273231 0.88276098
v 1.0000015 0.1304348 0.8866662
v 1.0000015 0.1304348 0.8866662
v 1.0000015 0.14782611 0.87333288
v 1.0000015 0.14782611 0.87333288
v 1.0000015 0.14273231 0.88276098
v 0.83333704 0.1304348 0.8866662
v 0.83333704 0.1304348 0.8866662
v 0.83333704 0.1304348 0.8866662
v 0.83333704 0.1304348 0.8866662
v 0.83333704 0.14782611 0.87333288
v 0.83333704 0.14782611 0.87333288
v 0.83333704 0.14273231 0.88276098
v 0.66666804 0.1304348 0.8866662
v 0.66666804 0.1304348 0.8866662
v 0.66666804 0.1304348 0.8866662
v 0.66666804 0.1304348 0.8866662
v 0.66666804 0.14782611 0.87333288
v 0.66666804 0.14782611 0.87333288
v 0.66666804 0.14273231 0.88276098
v 0.66666804 0.1304348 2.9666664
v 0.66666804 0.1304348 2.9666664
v 0.66666804 0.1304348 2.9666664
v 0.66666804 0.1304348 2.9666664
v 0.66666804 0.14782611 2.9799997
v 0.66666804 0.14782611 2.9799997
v 0.66666804 0.14273231 2.970572
v 1.0000024 0.1304348 2.9666664
v 1.0000024 0.1304348 2.9666664
v 1.0000024 0.14782611 2.9799997
v 1.0000024 0.14782611 2.9799997
v 1.0000024 0.14273231 2.970572
v 0.83333521 0.14782611 2.9799997
v 0.83333521 0.14782611 2.9799997
v 0.83333521 0.1304348 2.9666664
v 0.83333521 0.1304348 2.9666664
v 0.83333521 0.14273231 2.970572
v 1.166667 0.14782611 2.9799997
v 1.166667 0.14782611 2.9799997
v 1.166667 0.1304348 2.9666664
v 1.166667 0.1304348 2.9666664
v 1.166667 0.1304348 2.9666664
v 1.166667 0.1304348 2.9666664
v 1.166667 0.14273231 2.970572
v 1.3466649 0.14782611 1.1666663
v 1.3466649 0.14782611 1.1666663
v 1.3466649 0.14782611 1.1666663
v 1.3466649 0.14782611 1.1666663
v 1.3333316 0.1304348 1.1666663
v 1.3333316 0.1304348 1.1666663
v 1.3333316 0.1304348 1.1666663
v 1.3333316 0.1304348 1.1666663
v 1.3372369 0.14273231 1.1666663
v 1.3466649 0.14782611 1.333333
v 1.3466649 0.14782611 1.333333
v 1.3466649 0.14782611 1.333333
v 1.3466649 0.14782611 1.333333
v 1.3333316 0.1304348 1.333333
v 1.3333316 0.1304348 1.333333
v 1.3333316 0.1304348 1.333333
v 1.3333316 0.1304348 1.333333
v 1.3372369 0.14273231 1.333333
v 1.3466649 0.14782611 1.4999996
v 1.3466649 0.14782611 1.4999996
v 1.3466649 0.14782611 1.4999996
v 1.3466649 0.14782611 1.4999996
v 1.3333316 0.1304348 1.4999996
v 1.3333316 0.1304348 1.4999996
v 1.3333316 0.1304348 1.4999996
v 1.3333316 0.1304348 1.4999996
v 1.3372369 0.14273231 1.4999996
v 1.3466649 0.14782611 1.6666663
v 1.3466649 0.14782611 1.6666663
v 1.3466649 0.14782611 1.6666663
v 1.3466649 0.14782611 1.6666663
v 1.3333316 0.1304348 1.6666663
v 1.3333316 0.1304348 1.6666663
v 1.3333316 0.1304348 1.6666663
v 1.3333316 0.1304348 1.6666663
v 1.3372369 0.14273231 1.6666663
v 1.3466649 0.14782611 1.833333
v 1.3466649 0.14782611 1.833333
v 1.3466649 0.14782611 1.833333
v 1.3466649 0.14782611 1.833333
v 1.3333316 0.1304348 1.833333
v 1.3333316 0.1304348 1.833333
v 1.3333316 0.1304348 1.833333
v 1.3333316 0.1304348 1.833333
v 1.3372369 0.14273231 1.833333
v 1.3466649 0.14782611 1.9999997
v 1.3466649 0.14782611 1.9999997
v 1.3466649 0.14782611 1.9999997
v 1.3466649 0.14782611 1.9999997
v 1.3333316 0.1304348 1.9999997
v 1.3333316 0.1304348 1.9999997
v 1.3333316 0.1304348 1.9999997
v 1.3333316 0.1304348 1.9999997
v 1.3372369 0.14273231 1.9999997
v 1.3466649 0.14782611 2.1666664
v 1.3466649 0.14782611 2.1666664
v 1.3466649 0.14782611 2.1666664
v 1.3466649 0.14782611 2.1666664
v 1.3333316 0.1304348 2.1666664
v 1.3333316 0.1304348 2.1666664
v 1.3333316 0.1304348 2.1666664
v 1.3333316 0.1304348 2.1666664
v 1.3372369 0.14273231 2.1666664
v 1.3466649 0.14782611 2.3333331
v 1.3466649 0.14782611 2.3333331
v 1.3466649 0.14782611 2.3333331
v 1.3466649 0.14782611 2.3333331
v 1.3333316 0.1304348 2.3333331
v 1.3333316 0.1304348 2.3333331
v 1.3333316 0.1304348 2.3333331
v 1.3333316 0.1304348 2.3333331
v 1.3372369 0.14273231 2.3333331
v 1.3466649 0.14782611 2.4999998
v 1.3466649 0.14782611 2.4999998
v 1.3466649 0.14782611 2.4999998
v 1.3466649 0.14782611 2.4999998
v 1.3333316 0.13043481 2.4999998
v 1.3333316 0.13043481 2.4999998
v 1.3333316 0.13043481 2.4999998
v 1.3333316 0.13043481 2.4999998
v 1.3372369 0.14273231 2.4999998
v 1.3333316 0.1304348 2.6666665
v 1.3333316 0.1304348 2.6666665
v 1.3466649 0.14782611 2.6666665
v 1.3466649 0.14782611 2.6666665
v 1.3466649 0.14782611 2.6666665
v 1.3466649 0.14782611 2.6666665
v 1.3372369 0.14273231 2.6666665
v 0.50000095 0.1304348 0.8866662
v 0.50000095 0.1304348 0.8866662
v 0.50000095 0.14782611 0.87333288
v 0.50000095 0.14782611 0.87333288
v 0.50000095 0.14273231 0.88276098
v 0.3333337 0.1304348 0.8866662
v 0.3333337 0.1304348 0.8866662
v 0.3333337 0.14782611 0.87333288
v 0.3333337 0.14782611 0.87333288
v 0.3333337 0.14273231 0.88276098
v 0.16666645 0.14782611 0.87333288
v 0.16666645 0.14782611 0.87333288
v 0.16666645 0.1304348 0.8866662
v 0.16666645 0.1304348 0.8866662
v 0.16666645 0.14273231 0.88276098
v -1.3333316 -0.026086946 0.8999996
v -1.3333316 -0.026086946 0.8999996
v -1.3199983 -0.026086946 0.88666628
v -1.3199983 -0.026086946 0.88666628
v -1.329426 -0.026086946 0.8905715
v -1.329426 -0.026086946 0.8905715
v 0.16666645 0.1304348 2.9666664
v 0.16666645 0.1304348 2.9666664
v 0.16666645 0.14782611 2.9799997
v 0.16666645 0.14782611 2.9799997
v 0.16666645 0.14273231 2.970572
v 0.3333337 0.1304348 2.9666664
v 0.3333337 0.1304348 2.9666664
v 0.3333337 0.14782611 2.9799997
v 0.3333337 0.14782611 2.9799997
v 0.3333337 0.14273231 2.970572
v 0.50000095 0.14782611 2.9799997
v 0.50000095 0.14782611 2.9799997
v 0.50000095 0.1304348 2.9666664
v 0.50000095 0.1304348 2.9666664
v 0.50000095 0.1304348 2.9666664
v 0.50000095 0.1304348 2.9666664
v 0.50000095 0.14273231 2.970572
v -1.3333316 -0.026086907 2.9533331
v -1.3333316 -0.026086907 2.9533331
v -1.3333316 -0.026086907 2.9533331
v -1.3333316 -0.026086907 2.9533331
v -1.3199983 -0.026086907 2.9666664
v -1.3199983 -0.026086907 2.9666664
v -1.3199983 -0.026086907 2.9666664
v -1.3199983 -0.026086907 2.9666664
v -1.329426 -0.026086907 2.9627608
v -1.329426 -0.026086907 2.9627608
v -1.3199983 0.1304348 0.8866662
v -1.3199983 0.1304348 0.8866662
v -1.3333316 0.13043481 0.89999952
v -1.3333316 0.13043481 0.89999952
v -1.3466649 0.14782611 0.87333288
v -1.3466649 0.14782611 0.87333288
v -1.3466649 0.14782611 0.87333288
v -1.3466649 0.14782611 0.87333288
v -1.329426 0.1304348 0.89057142
v -1.329426 0.1304348 0.89057142
v -1.3333316 0.14047587 0.88666612
v -1.3372372 0.14273233 0.88666564
v -1.3333316 0.14273231 0.88276098
v -1.3199983 0.1304348 2.9666664
v -1.3199983 0.1304348 2.9666664
v -1.3466649 0.14782611 2.9799997
v -1.3466649 0.14782611 2.9799997
v -1.3466649 0.14782611 2.9799997
v -1.3466649 0.14782611 2.9799997
v -1.3466649 0.14782611 2.9799997
v -1.3333316 0.1304348 2.9533331
v -1.3333316 0.1304348 2.9533331
v -1.3333323 0.14273233 2.970572
v -1.333332 0.14047587 2.9666664
v -1.3372372 0.14273233 2.9666667
v -1.329426 0.1304348 2.9627608
v -1.329426 0.1304348 2.9627608
v -1.3199983 -0.19999992 2.9666664
v -1.3199983 -0.19999992 2.9666664
v -1.3333316 -0.19999992 2.9533331
v -1.3333316 -0.19999992 2.9533331
v -1.329426 -0.19999992 2.9627608
v -1.329426 -0.19999992 2.9627608
v -1.3333316 -0.2 0.8999996
v -1.3333316 -0.2 0.8999996
v -1.3199983 -0.2 0.88666628
v -1.3199983 -0.2 0.88666628
v -1.329426 -0.2 0.8905715
v -1.329426 -0.2 0.8905715
v -1.3466649 0.14782611 2.8333331
v -1.3466649 0.14782611 2.8333331
v -1.3333316 0.1304348 2.8333331
v -1.3333316 0.1304348 2.8333331
v -1.3372372 0.14273231 2.8333331
v -1.3333316 0.1304348 0.9999996
v -1.3333316 0.1304348 0.9999996
v -1.3466649 0.14782611 0.9999996
v -1.3466649 0.14782611 0.9999996
v -1.3466649 0.14782611 0.9999996
v -1.3466649 0.14782611 0.9999996
v -1.3372372 0.14273231 0.9999996
v -1.1666677 0.14782611 0.87333288
v -1.1666677 0.14782611 0.87333288
v -1.1666677 0.1304348 0.8866662
v -1.1666677 0.1304348 0.8866662
v -1.1666677 0.1304348 0.8866662
v -1.1666677 0.1304348 0.8866662
v -1.1666677 0.14273231 0.88276098
v -1.0000016 0.14782611 0.87333288
v -1.0000016 0.14782611 0.87333288
v -1.0000016 0.1304348 0.8866662
v -1.0000016 0.1304348 0.8866662
v -1.0000016 0.14273231 0.88276098
v -0.83333704 0.14782611 0.87333288
v -0.83333704 0.14782611 0.87333288
v -0.83333704 0.1304348 0.8866662
v -0.83333704 0.1304348 0.8866662
v -0.83333704 0.14273231 0.88276098
v -0.66666804 0.14782611 0.87333288
v -0.66666804 0.14782611 0.87333288
v -0.66666804 0.1304348 0.8866662
v -0.66666804 0.1304348 0.8866662
v -0.66666804 0.14273231 0.88276098
v -0.66666804 0.14782611 2.9799997
v -0.66666804 0.14782611 2.9799997
v -0.66666804 0.1304348 2.9666664
v -0.66666804 0.1304348 2.9666664
v -0.66666804 0.14273231 2.970572
v -1.0000025 0.14782611 2.9799997
v -1.0000025 0.14782611 2.9799997
v -1.0000025 0.1304348 2.9666664
v -1.0000025 0.1304348 2.9666664
v -1.0000025 0.14273231 2.970572
v -0.83333513 0.1304348 2.9666664
v -0.83333513 0.1304348 2.9666664
v -0.83333513 0.14782611 2.9799997
v -0.83333513 0.14782611 2.9799997
v -0.83333513 0.14782611 2.9799997
v -0.83333513 0.14782611 2.9799997
v -0.83333513 0.14273231 2.970572
v -1.1666671 0.1304348 2.9666664
v -1.1666671 0.1304348 2.9666664
v -1.1666671 0.14782611 2.9799997
v -1.1666671 0.14782611 2.9799997
v -1.1666671 0.14273231 2.970572
v -1.3333316 0.1304348 1.1666663
v -1.3333316 0.1304348 1.1666663
v -1.3333316 0.1304348 1.1666663
v -1.3333316 0.1304348 1.1666663
v -1.3466649 0.14782611 1.1666663
v -1.3466649 0.14782611 1.1666663
v -1.3466649 0.14782611 1.1666663
v -1.3466649 0.14782611 1.1666663
v -1.3372372 0.14273231 1.1666663
v -1.3333316 0.1304348 1.333333
v -1.3333316 0.1304348 1.333333
v -1.3333316 0.1304348 1.333333
v -1.3333316 0.1304348 1.333333
v -1.3466649 0.14782611 1.333333
v -1.3466649 0.14782611 1.333333
v -1.3466649 0.14782611 1.333333
v -1.3466649 0.14782611 1.333333
v -1.3372372 0.14273231 1.333333
v -1.3333316 0.1304348 1.4999996
v -1.3333316 0.1304348 1.4999996
v -1.3333316 0.1304348 1.4999996
v -1.3333316 0.1304348 1.4999996
v -1.3466649 0.14782611 1.4999996
v -1.3466649 0.14782611 1.4999996
v -1.3466649 0.14782611 1.4999996
v -1.3466649 0.14782611 1.4999996
v -1.3372372 0.14273231 1.4999996
v -1.3333316 0.1304348 1.6666663
v -1.3333316 0.1304348 1.6666663
v -1.3333316 0.1304348 1.6666663
v -1.3333316 0.1304348 1.6666663
v -1.3466649 0.14782611 1.6666663
v -1.3466649 0.14782611 1.6666663
v -1.3466649 0.14782611 1.6666663
v -1.3466649 0.14782611 1.6666663
v -1.3372372 0.14273231 1.6666663
v -1.3333316 0.1304348 1.833333
v -1.3333316 0.1304348 1.833333
v -1.3333316 0.1304348 1.833333
v -1.3333316 0.1304348 1.833333
v -1.3466649 0.14782611 1.833333
v -1.3466649 0.14782611 1.833333
v -1.3466649 0.14782611 1.833333
v -1.3466649 0.14782611 1.833333
v -1.3372372 0.14273231 1.833333
v -1.3333316 0.1304348 1.9999997
v -1.3333316 0.1304348 1.9999997
v -1.3333316 0.1304348 1.9999997
v -1.3333316 0.1304348 1.9999997
v -1.3466649 0.14782611 1.9999997
v -1.3466649 0.14782611 1.9999997
v -1.3466649 0.14782611 1.9999997
v -1.3466649 0.14782611 1.9999997
v -1.3372372 0.14273231 1.9999997
v -1.3333316 0.1304348 2.1666664
v -1.3333316 0.1304348 2.1666664
v -1.3333316 0.1304348 2.1666664
v -1.3333316 0.1304348 2.1666664
v -1.3466649 0.14782611 2.1666664
v -1.3466649 0.14782611 2.1666664
v -1.3466649 0.14782611 2.1666664
v -1.3466649 0.14782611 2.1666664
v -1.3372372 0.14273231 2.1666664
v -1.3333316 0.1304348 2.3333331
v -1.3333316 0.1304348 2.3333331
v -1.3333316 0.1304348 2.3333331
v -1.3333316 0.1304348 2.3333331
v -1.3466649 0.14782611 2.3333331
v -1.3466649 0.14782611 2.3333331
v -1.3466649 0.14782611 2.3333331
v -1.3466649 0.14782611 2.3333331
v -1.3372372 0.14273231 2.3333331
v -1.3333316 0.13043481 2.4999998
v -1.3333316 0.13043481 2.4999998
v -1.3333316 0.13043481 2.4999998
v -1.3333316 0.13043481 2.4999998
v -1.3466649 0.14782611 2.4999998
v -1.3466649 0.14782611 2.4999998
v -1.3466649 0.14782611 2.4999998
v -1.3466649 0.14782611 2.4999998
v -1.3372372 0.14273231 2.4999998
v -1.3466649 0.14782611 2.6666665
v -1.3466649 0.14782611 2.6666665
v -1.3333316 0.1304348 2.6666665
v -1.3333316 0.1304348 2.6666665
v -1.3333316 0.1304348 2.6666665
v -1.3333316 0.1304348 2.6666665
v -1.3372372 0.14273231 2.6666665
v -0.50000095 0.14782611 0.87333288
v -0.50000095 0.14782611 0.87333288
v -0.50000095 0.1304348 0.8866662
v -0.50000095 0.1304348 0.8866662
v -0.50000095 0.14273231 0.88276098
v -0.3333337 0.14782611 0.87333288
v -0.3333337 0.14782611 0.87333288
v -0.3333337 0.1304348 0.8866662
v -0.3333337 0.1304348 0.8866662
v -0.3333337 0.14273231 0.88276098
v -0.16666645 0.1304348 0.8866662
v -0.16666645 0.1304348 0.8866662
v -0.16666645 0.1304348 0.8866662
v -0.16666645 0.1304348 0.8866662
v -0.16666645 0.14782611 0.87333288
v -0.16666645 0.14782611 0.87333288
v -0.16666645 0.14273231 0.88276098
v -0.16666645 0.14782611 2.9799997
v -0.16666645 0.14782611 2.9799997
v -0.16666645 0.1304348 2.9666664
v -0.16666645 0.1304348 2.9666664
v -0.16666645 0.14273231 2.970572
v -0.3333337 0.14782611 2.9799997
v -0.3333337 0.14782611 2.9799997
v -0.3333337 0.1304348 2.9666664
v -0.3333337 0.1304348 2.9666664
v -0.3333337 0.14273231 2.970572
v -0.50000095 0.1304348 2.9666664
v -0.50000095 0.1304348 2.9666664
v -0.50000095 0.14782611 2.9799997
v -0.50000095 0.14782611 2.9799997
v -0.50000095 0.14273231 2.970572
v 1.3333316 -0.026086946 0.8999996
v 1.3333316 -0.026086946 0.8999996
v 1.3333316 -0.026086946 0.8999996
v 1.3333316 -0.026086946 0.8999996
v 1.3199983 -0.026086946 0.88666628
v 1.3199983 -0.026086946 0.88666628
v 1.3294264 -0.026086946 0.8905715
v 1.3294264 -0.026086946 0.8905715
v 1.3333316 -0.026086907 2.9533331
v 1.3333316 -0.026086907 2.9533331
v 1.3333316 -0.026086907 2.9533331
v 1.3333316 -0.026086907 2.9533331
v 1.3199983 -0.026086907 2.9666664
v 1.3199983 -0.026086907 2.9666664
v 1.3294264 -0.026086907 2.9627608
v 1.3294264 -0.026086907 2.9627608
vt 0.83333218 0.041667223
vt 0.99999928 0.041667223
vt 0.45833266 7.7486038e-07
vt 0.41666585 7.7486038e-07
vt 0.99999923 0.20833367
vt 0.99999923 0.74999976
vt 0.45833266 0.7083329
vt 0.41666585 0.7083329
vt 0.37499905 7.7486038e-07
vt 0.37499905 0.70833296
vt 0.49999928 0.67499959
vt 0.49999925 0.041667223
vt 0.45833269 0.25500023
vt 0.49999928 0.28833354
vt 0.99999923 0.16666704
vt 0.83333218 0.1666671
vt 0.49999928 0.16666704
vt 0.49999925 0.12500042
vt 0.99999917 0.12500042
vt 0.83333218 0.12500048
vt 0.49999925 0.08333379
vt 0.99999928 0.08333385
vt 0.83333218 0.08333385
vt 0.99999917 0.99999923
vt 0.83333218 0.99999928
vt 0.49999925 0.99999923
vt 0.99999917 0.9583326
vt 0.83333218 0.95833266
vt 0.49999925 0.95833266
vt 0.99999917 0.91666603
vt 0.83333218 0.91666603
vt 0.49999928 0.91666603
vt 0.99999917 0.8749994
vt 0.83333218 0.8749994
vt 0.49999928 0.8749994
vt 0.99999923 0.83333266
vt 0.83333212 0.83333272
vt 0.49999925 0.83333272
vt 0.99999923 0.79166615
vt 0.83333212 0.79166621
vt 0.49999925 0.79166615
vt 0.8749994 0.041667163
vt 0.33333224 7.7486038e-07
vt 0.8749994 0.20833373
vt 0.87499934 0.74999976
vt 0.8749994 0.16666698
vt 0.8749994 0.12500048
vt 0.8749994 0.08333379
vt 0.8749994 0.99999923
vt 0.8749994 0.9583326
vt 0.8749994 0.91666603
vt 0.8749994 0.8749994
vt 0.87499934 0.83333266
vt 0.87499934 0.79166615
vt 0.29166508 7.7486038e-07
vt 0.24999899 7.7486038e-07
vt 0.91666597 0.74999976
vt 0.9583326 0.74999976
vt 0.91666603 0.16666698
vt 0.95833266 0.1666671
vt 0.91666603 0.12500048
vt 0.95833266 0.12500048
vt 0.91666603 0.08333385
vt 0.95833266 0.08333385
vt 0.95833266 0.041667223
vt 0.91666603 0.041667223
vt 0.95833266 0.20833373
vt 0.91666603 0.20833373
vt 0.95833266 0.99999923
vt 0.91666603 0.99999923
vt 0.95833266 0.9583326
vt 0.91666603 0.9583326
vt 0.95833266 0.91666603
vt 0.91666603 0.91666603
vt 0.95833266 0.8749994
vt 0.91666603 0.8749994
vt 0.9583326 0.83333266
vt 0.91666597 0.83333266
vt 0.9583326 0.79166615
vt 0.91666597 0.79166615
vt 0.99999917 0.70833296
vt 0.76666558 0.70833296
vt 0.41666588 0.25500023
vt 0.87499928 0.70833296
vt 0.91666591 0.70833296
vt 0.95833254 0.70833296
vt 0.99999923 0.2500003
vt 0.76666558 0.2500003
vt 0.37499905 0.25500023
vt 0.8749994 0.2500003
vt 0.91666603 0.2500003
vt 0.95833266 0.2500003
vt 0.79166615 0.041667223
vt 0.19999969 0.29166687
vt 0.79166615 0.28833359
vt 0.79166621 0.16666704
vt 0.79166615 0.12500048
vt 0.79166615 0.08333385
vt 0.74999964 0.041667223
vt 0.19999972 0.33333349
vt 0.74999964 0.28833354
vt 0.74999964 0.16666704
vt 0.74999964 0.12500048
vt 0.74999964 0.08333385
vt 0.70833355 0.041667223
vt 0.19999972 0.37500006
vt 0.70833355 0.28833354
vt 0.70833355 0.16666704
vt 0.70833355 0.12500042
vt 0.70833355 0.08333385
vt 0.66666627 0.041667223
vt 0.19999972 0.41666669
vt 0.66666627 0.28833354
vt 0.66666627 0.16666704
vt 0.66666627 0.12500042
vt 0.66666627 0.08333385
vt 0.20833242 7.7486038e-07
vt 0.19999969 0.45833325
vt 0.66666627 0.67499965
vt 0.66666627 0.99999923
vt 0.66666627 0.95833266
vt 0.66666627 0.91666603
vt 0.66666627 0.8749994
vt 0.66666627 0.83333272
vt 0.66666627 0.79166621
vt 0.083332598 8.3446503e-07
vt 0.19999969 0.49999988
vt 0.74999982 0.67499965
vt 0.74999976 0.99999923
vt 0.74999976 0.95833266
vt 0.74999976 0.91666603
vt 0.74999976 0.8749994
vt 0.74999982 0.83333272
vt 0.74999982 0.79166621
vt 0.70833302 0.99999923
vt 0.70833302 0.95833266
vt 0.70833302 0.91666603
vt 0.70833302 0.8749994
vt 0.70833302 0.83333272
vt 0.70833302 0.79166621
vt 0.041665971 8.3446503e-07
vt 0.19999969 0.54166651
vt 0.70833308 0.67499965
vt 0.12499923 8.3446503e-07
vt 0.19999969 0.58333313
vt 0.79166597 0.67499965
vt 0.79166591 0.99999923
vt 0.79166591 0.95833266
vt 0.79166591 0.91666603
vt 0.79166591 0.8749994
vt 0.79166597 0.83333272
vt 0.79166597 0.79166621
vt 0.76666558 0.29166692
vt 0.76666558 0.33333355
vt 0.76666558 0.37500018
vt 0.76666558 0.41666675
vt 0.76666558 0.45833343
vt 0.76666558 0.5
vt 0.76666558 0.54166663
vt 0.76666558 0.58333319
vt 0.76666558 0.62499982
vt 0.76666558 0.66666639
vt 0.19999969 0.6249997
vt 0.19999969 0.66666633
vt 0.20833248 0.7083329
vt 0.29166549 0.7083329
vt 0.24999863 0.7083329
vt 0.33333224 0.7083329
vt 0.3333323 0.25500023
vt 0.29166508 0.25500023
vt 0.24999899 0.25500023
vt 0.20833242 0.25500023
vt 0.8749994 0.29166692
vt 0.8749994 0.33333355
vt 0.8749994 0.37500012
vt 0.8749994 0.41666675
vt 0.8749994 0.45833331
vt 0.8749994 0.49999988
vt 0.8749994 0.54166651
vt 0.8749994 0.58333313
vt 0.8749994 0.62499976
vt 0.8749994 0.66666639
vt 0.91666603 0.29166692
vt 0.91666603 0.33333355
vt 0.91666603 0.37500012
vt 0.91666603 0.41666675
vt 0.91666603 0.45833325
vt 0.91666597 0.49999988
vt 0.91666597 0.54166657
vt 0.91666597 0.58333313
vt 0.91666597 0.62499976
vt 0.91666597 0.66666639
vt 0.9583326 0.29166692
vt 0.9583326 0.33333355
vt 0.9583326 0.37500006
vt 0.9583326 0.41666669
vt 0.9583326 0.45833331
vt 0.9583326 0.49999988
vt 0.9583326 0.54166657
vt 0.95833266 0.58333313
vt 0.9583326 0.62499976
vt 0.9583326 0.66666639
vt 0.99999923 0.66666639
vt 0.99999923 0.62499976
vt 0.99999928 0.58333313
vt 0.99999923 0.54166657
vt 0.99999923 0.49999994
vt 0.99999923 0.45833331
vt 0.99999923 0.41666669
vt 0.99999923 0.37500006
vt 0.99999923 0.33333349
vt 0.99999923 0.29166692
vt 0.62499952 0.041667223
vt 0.58333272 0.041667223
vt 0.54166591 0.041667223
vt 0.19999975 0.2500003
vt 0.19999963 0.7083329
vt 0.62499952 0.28833354
vt 0.58333272 0.28833354
vt 0.54166591 0.28833354
vt 0.54166591 0.16666704
vt 0.58333272 0.16666704
vt 0.62499952 0.16666704
vt 0.54166591 0.12500042
vt 0.58333272 0.12500042
vt 0.62499952 0.12500042
vt 0.54166591 0.08333379
vt 0.58333272 0.08333379
vt 0.62499952 0.08333385
vt 0.62499946 0.99999923
vt 0.58333266 0.99999923
vt 0.54166585 0.99999923
vt 0.62499946 0.95833266
vt 0.58333266 0.95833266
vt 0.54166585 0.95833266
vt 0.62499946 0.91666603
vt 0.58333266 0.91666603
vt 0.54166585 0.91666603
vt 0.62499946 0.8749994
vt 0.58333266 0.8749994
vt 0.54166585 0.8749994
vt 0.62499946 0.83333272
vt 0.58333266 0.83333272
vt 0.54166585 0.83333272
vt 0.62499946 0.79166621
vt 0.58333266 0.79166621
vt 0.54166585 0.79166621
vt -6.5565109e-07 8.3446503e-07
vt 0.16666645 7.7486038e-07
vt 0.54166591 7.7486038e-07
vt 0.54166585 0.7083329
vt 0.58333272 0.7083329
vt 0.54166591 0.67499959
vt 0.58333272 0.67499959
vt 0.62499952 0.67499965
vt 0.16666645 0.041667223
vt -6.5565109e-07 0.041667223
vt 0.58333272 7.7486038e-07
vt 0.62499952 7.7486038e-07
vt -5.9604645e-07 0.20833361
vt -7.1525574e-07 0.74999964
vt 0.62499952 0.70833302
vt 0.54166591 0.25500023
vt -5.9604645e-07 0.16666698
vt 0.16666645 0.16666704
vt -6.5565109e-07 0.12500048
vt 0.16666645 0.12500042
vt -6.5565109e-07 0.08333385
vt 0.16666645 0.08333379
vt -6.8545341e-07 0.99999917
vt 0.16666639 0.99999917
vt -6.8545341e-07 0.95833254
vt 0.16666639 0.95833254
vt -6.8545341e-07 0.91666591
vt 0.16666639 0.91666591
vt -6.8545341e-07 0.87499928
vt 0.16666639 0.87499928
vt -7.1525574e-07 0.83333266
vt 0.16666636 0.83333266
vt -7.1525574e-07 0.79166615
vt 0.16666636 0.79166615
vt 0.12499917 0.041667223
vt 0.66666627 7.7486038e-07
vt 0.12499923 0.20833361
vt 0.12499911 0.74999964
vt 0.12499923 0.16666698
vt 0.12499923 0.12500048
vt 0.12499923 0.08333385
vt 0.12499914 0.99999917
vt 0.12499914 0.95833254
vt 0.12499914 0.91666591
vt 0.12499914 0.87499934
vt 0.12499911 0.83333266
vt 0.12499911 0.79166615
vt 0.70833355 7.7486038e-07
vt 0.74999964 7.7486038e-07
vt 0.083332509 0.74999964
vt 0.041665912 0.74999964
vt 0.083332658 0.16666698
vt 0.041666031 0.16666698
vt 0.083332598 0.12500048
vt 0.041665971 0.12500048
vt 0.083332598 0.08333385
vt 0.041665971 0.08333385
vt 0.041665971 0.041667223
vt 0.083332598 0.041667223
vt 0.041666031 0.20833361
vt 0.083332598 0.20833361
vt 0.041665912 0.99999917
vt 0.083332539 0.99999917
vt 0.041665912 0.95833254
vt 0.083332539 0.95833254
vt 0.041665941 0.91666591
vt 0.083332539 0.91666591
vt 0.041665941 0.87499928
vt 0.083332539 0.8749994
vt 0.041665912 0.83333266
vt 0.083332509 0.83333266
vt 0.041665912 0.79166615
vt 0.083332509 0.79166615
vt -7.1525574e-07 0.7083329
vt 0.23333296 0.7083329
vt 0.58333272 0.25500023
vt 0.12499911 0.7083329
vt 0.083332509 0.7083329
vt 0.041665912 0.7083329
vt -5.9604645e-07 0.25000024
vt 0.23333305 0.2500003
vt 0.62499952 0.25500023
vt 0.12499923 0.25000024
vt 0.083332598 0.25000024
vt 0.041666031 0.25000024
vt 0.20833242 0.041667223
vt 0.79999888 0.29166692
vt 0.20833242 0.28833354
vt 0.20833248 0.16666704
vt 0.20833242 0.12500042
vt 0.20833242 0.08333379
vt 0.24999893 0.041667223
vt 0.79999888 0.33333355
vt 0.24999899 0.28833354
vt 0.24999899 0.16666704
vt 0.24999899 0.12500042
vt 0.24999899 0.08333379
vt 0.29166508 0.041667223
vt 0.79999888 0.37500012
vt 0.29166508 0.28833354
vt 0.29166508 0.16666704
vt 0.29166508 0.12500042
vt 0.29166508 0.08333379
vt 0.33333236 0.041667223
vt 0.79999888 0.41666675
vt 0.3333323 0.28833354
vt 0.33333236 0.16666704
vt 0.33333236 0.12500042
vt 0.33333236 0.08333379
vt 0.79166615 7.7486038e-07
vt 0.79999888 0.45833331
vt 0.33333224 0.67499954
vt 0.33333224 0.99999917
vt 0.33333224 0.95833254
vt 0.33333224 0.91666591
vt 0.33333224 0.87499928
vt 0.33333224 0.83333266
vt 0.33333224 0.79166609
vt 0.91666603 7.1525574e-07
vt 0.79999888 0.5
vt 0.24999863 0.67499954
vt 0.24999866 0.99999917
vt 0.24999866 0.95833254
vt 0.24999866 0.91666591
vt 0.24999866 0.87499928
vt 0.24999863 0.83333266
vt 0.24999863 0.79166609
vt 0.29166549 0.99999917
vt 0.29166549 0.95833254
vt 0.29166549 0.91666591
vt 0.29166549 0.87499928
vt 0.29166549 0.83333266
vt 0.29166549 0.79166609
vt 0.95833266 8.3446503e-07
vt 0.79999888 0.54166657
vt 0.29166549 0.67499954
vt 0.8749994 7.7486038e-07
vt 0.79999888 0.58333319
vt 0.20833248 0.67499954
vt 0.20833251 0.99999917
vt 0.20833251 0.95833254
vt 0.20833251 0.91666591
vt 0.20833251 0.87499928
vt 0.20833248 0.83333266
vt 0.20833248 0.79166609
vt 0.23333299 0.29166687
vt 0.23333299 0.33333349
vt 0.23333305 0.37500012
vt 0.23333305 0.41666669
vt 0.23333305 0.45833331
vt 0.23333305 0.49999988
vt 0.23333305 0.54166657
vt 0.23333305 0.58333313
vt 0.23333305 0.62499976
vt 0.23333296 0.66666633
vt 0.79999882 0.62499976
vt 0.79999882 0.66666639
vt 0.79166597 0.70833296
vt 0.70833308 0.70833296
vt 0.74999982 0.70833296
vt 0.66666627 0.70833302
vt 0.66666627 0.25500029
vt 0.70833355 0.25500029
vt 0.74999964 0.25500029
vt 0.79166615 0.25500029
vt 0.12499923 0.29166681
vt 0.12499923 0.33333343
vt 0.12499923 0.37500006
vt 0.12499923 0.41666663
vt 0.12499923 0.45833325
vt 0.12499923 0.49999994
vt 0.12499923 0.54166651
vt 0.12499923 0.58333308
vt 0.1249992 0.6249997
vt 0.1249992 0.66666633
vt 0.083332598 0.29166681
vt 0.083332598 0.33333343
vt 0.083332598 0.37500006
vt 0.083332598 0.41666663
vt 0.083332598 0.45833325
vt 0.083332598 0.49999988
vt 0.083332598 0.54166651
vt 0.083332598 0.58333308
vt 0.083332598 0.6249997
vt 0.083332598 0.66666633
vt 0.041665971 0.29166681
vt 0.041665971 0.33333343
vt 0.041665971 0.37500012
vt 0.041666031 0.41666663
vt 0.041666031 0.45833325
vt 0.041666001 0.49999988
vt 0.041666001 0.54166651
vt 0.041666001 0.58333308
vt 0.041666001 0.6249997
vt 0.041665971 0.66666633
vt -6.2584877e-07 0.66666627
vt -6.2584877e-07 0.62499964
vt -6.2584877e-07 0.58333308
vt -6.2584877e-07 0.54166645
vt -6.5565109e-07 0.49999988
vt -6.5565109e-07 0.45833325
vt -5.9604645e-07 0.41666663
vt -5.9604645e-07 0.375
vt -5.9604645e-07 0.33333343
vt -5.9604645e-07 0.29166681
vt 0.37499905 0.041667223
vt 0.41666585 0.041667223
vt 0.45833266 0.041667223
vt 0.79999888 0.2500003
vt 0.79999876 0.70833296
vt 0.49999928 0.25500023
vt 0.37499905 0.28833354
vt 0.41666588 0.28833354
vt 0.45833269 0.28833354
vt 0.45833266 0.16666704
vt 0.41666585 0.16666704
vt 0.37499905 0.16666704
vt 0.45833266 0.12500042
vt 0.41666585 0.12500042
vt 0.37499905 0.12500042
vt 0.45833266 0.08333379
vt 0.41666585 0.08333379
vt 0.37499905 0.08333379
vt 0.37499899 0.99999923
vt 0.41666582 0.99999923
vt 0.45833269 0.99999923
vt 0.37499899 0.9583326
vt 0.41666582 0.95833266
vt 0.45833266 0.95833266
vt 0.37499899 0.91666603
vt 0.41666585 0.91666603
vt 0.45833269 0.91666603
vt 0.37499905 0.8749994
vt 0.41666585 0.8749994
vt 0.45833266 0.8749994
vt 0.37499905 0.83333272
vt 0.41666585 0.83333272
vt 0.45833266 0.83333272
vt 0.37499905 0.79166615
vt 0.41666585 0.79166615
vt 0.45833266 0.79166615
vt 0.49999925 7.7486038e-07
vt 0.99999928 8.3446503e-07
vt 0.83333218 7.7486038e-07
vt 0.49999928 0.7083329
vt 0.45833266 0.67499959
vt 0.41666585 0.67499959
vt 0.37499905 0.67499959
vt 0.82999879 0.22500032
vt 0.82999879 0.22500032
vt 0.83666545 0.21833366
vt 0.83666551 0.21833366
vt 0.83666545 0.21833366
vt 0.82999879 0.22500032
vt 0.82999879 0.22500032
vt 0.83333218 0.22166699
vt 0.83286256 0.22166699
vt 0.83333218 0.22166699
vt 0.82999885 0.22166699
vt 0.83333218 0.22500032
vt 0.82999885 0.73833293
vt 0.82999885 0.73833293
vt 0.83666545 0.74499947
vt 0.83666557 0.74499959
vt 0.83666563 0.74499959
vt 0.83666545 0.74499947
vt 0.83666563 0.74499959
vt 0.82999879 0.73833287
vt 0.82999879 0.73833287
vt 0.83333218 0.7416662
vt 0.83333224 0.74119663
vt 0.83333218 0.7416662
vt 0.82999885 0.7416662
vt 0.83333212 0.73833287
vt 0.76666552 0.73833281
vt 0.76666552 0.73833281
vt 0.82999879 0.67499971
vt 0.82999879 0.67499971
vt 0.76666558 0.7416662
vt 0.83333212 0.67499971
vt 0.82999885 0.28833359
vt 0.82999885 0.28833359
vt 0.76666558 0.22500038
vt 0.76666558 0.22500038
vt 0.76666558 0.22166705
vt 0.83333218 0.28833359
vt 0.49999928 0.74499953
vt 0.49999931 0.74499953
vt 0.49999928 0.74499953
vt 0.49999931 0.74499953
vt 0.49999928 0.73833287
vt 0.49999928 0.73833287
vt 0.49999928 0.7416662
vt 0.49999925 0.22500026
vt 0.49999928 0.22500026
vt 0.49999925 0.22500026
vt 0.49999928 0.22500026
vt 0.49999928 0.2183336
vt 0.49999928 0.2183336
vt 0.49999928 0.22166693
vt 0.82999873 0.70833302
vt 0.82999873 0.70833296
vt 0.82999873 0.70833302
vt 0.82999873 0.70833296
vt 0.83666533 0.70833296
vt 0.83666539 0.70833296
vt 0.83666533 0.70833296
vt 0.83666539 0.70833296
vt 0.83333206 0.70833296
vt 0.83666545 0.2500003
vt 0.83666551 0.2500003
vt 0.83666545 0.2500003
vt 0.83666551 0.2500003
vt 0.82999879 0.2500003
vt 0.82999885 0.2500003
vt 0.82999879 0.2500003
vt 0.82999885 0.2500003
vt 0.83333218 0.2500003
vt 0.79166609 0.22500032
vt 0.79166615 0.22500032
vt 0.79166609 0.22500032
vt 0.79166615 0.22500032
vt 0.79166615 0.21833366
vt 0.79166615 0.21833366
vt 0.79166615 0.22166699
vt 0.74999964 0.22500032
vt 0.74999964 0.22500032
vt 0.74999964 0.21833366
vt 0.74999964 0.21833366
vt 0.74999964 0.22166699
vt 0.70833349 0.22500032
vt 0.70833355 0.22500032
vt 0.70833349 0.22500032
vt 0.70833355 0.22500032
vt 0.70833355 0.21833366
vt 0.70833355 0.21833366
vt 0.70833355 0.22166699
vt 0.66666627 0.22500032
vt 0.66666633 0.22500032
vt 0.66666627 0.22500032
vt 0.66666633 0.22500032
vt 0.66666633 0.21833366
vt 0.66666633 0.21833366
vt 0.66666633 0.22166699
vt 0.66666627 0.73833293
vt 0.66666627 0.73833287
vt 0.66666627 0.73833293
vt 0.66666627 0.73833287
vt 0.66666627 0.74499953
vt 0.66666627 0.74499953
vt 0.66666627 0.7416662
vt 0.74999982 0.73833287
vt 0.74999982 0.73833287
vt 0.74999982 0.74499953
vt 0.74999982 0.74499953
vt 0.74999982 0.7416662
vt 0.70833308 0.74499953
vt 0.70833308 0.74499953
vt 0.70833308 0.73833287
vt 0.70833308 0.73833287
vt 0.70833308 0.7416662
vt 0.79166603 0.74499953
vt 0.79166603 0.74499953
vt 0.79166597 0.73833287
vt 0.79166603 0.73833287
vt 0.79166597 0.73833287
vt 0.79166603 0.73833287
vt 0.79166603 0.7416662
vt 0.83666545 0.29166692
vt 0.83666551 0.29166692
vt 0.83666545 0.29166692
vt 0.83666551 0.29166692
vt 0.82999879 0.29166692
vt 0.82999885 0.29166692
vt 0.82999879 0.29166692
vt 0.82999885 0.29166692
vt 0.83333218 0.29166692
vt 0.83666545 0.33333349
vt 0.83666551 0.33333349
vt 0.83666545 0.33333349
vt 0.83666551 0.33333349
vt 0.82999879 0.33333349
vt 0.82999885 0.33333349
vt 0.82999879 0.33333349
vt 0.82999885 0.33333349
vt 0.83333218 0.33333349
vt 0.83666545 0.37500012
vt 0.83666551 0.37500012
vt 0.83666545 0.37500012
vt 0.83666551 0.37500012
vt 0.82999879 0.37500012
vt 0.82999885 0.37500012
vt 0.82999879 0.37500012
vt 0.82999885 0.37500012
vt 0.83333218 0.37500012
vt 0.83666545 0.41666675
vt 0.83666551 0.41666675
vt 0.83666545 0.41666675
vt 0.83666551 0.41666675
vt 0.82999879 0.41666675
vt 0.82999885 0.41666675
vt 0.82999879 0.41666675
vt 0.82999885 0.41666675
vt 0.83333218 0.41666675
vt 0.83666539 0.45833325
vt 0.83666545 0.45833331
vt 0.83666539 0.45833325
vt 0.83666545 0.45833331
vt 0.82999873 0.45833325
vt 0.82999879 0.45833331
vt 0.82999873 0.45833325
vt 0.82999879 0.45833331
vt 0.83333212 0.45833331
vt 0.83666545 0.49999988
vt 0.83666551 0.49999994
vt 0.83666545 0.49999988
vt 0.83666551 0.49999994
vt 0.82999879 0.49999994
vt 0.82999885 0.49999994
vt 0.82999879 0.49999994
vt 0.82999885 0.49999994
vt 0.83333218 0.49999994
vt 0.83666539 0.54166651
vt 0.83666545 0.54166651
vt 0.83666539 0.54166651
vt 0.83666545 0.54166651
vt 0.82999873 0.54166651
vt 0.82999879 0.54166651
vt 0.82999873 0.54166651
vt 0.82999879 0.54166651
vt 0.83333212 0.54166651
vt 0.83666539 0.58333313
vt 0.83666545 0.58333313
vt 0.83666539 0.58333313
vt 0.83666545 0.58333313
vt 0.82999873 0.58333313
vt 0.82999879 0.58333313
vt 0.82999873 0.58333313
vt 0.82999879 0.58333313
vt 0.83333212 0.58333313
vt 0.83666539 0.62499976
vt 0.83666545 0.62499976
vt 0.83666539 0.62499976
vt 0.83666545 0.62499976
vt 0.82999873 0.62499976
vt 0.82999879 0.62499976
vt 0.82999873 0.62499976
vt 0.82999879 0.62499976
vt 0.83333212 0.62499976
vt 0.82999879 0.66666639
vt 0.82999879 0.66666639
vt 0.83666539 0.66666639
vt 0.83666545 0.66666639
vt 0.83666539 0.66666639
vt 0.83666545 0.66666639
vt 0.83333212 0.66666639
vt 0.62499952 0.22500032
vt 0.62499952 0.22500032
vt 0.62499952 0.21833366
vt 0.62499952 0.21833366
vt 0.62499952 0.22166699
vt 0.58333272 0.22500032
vt 0.58333272 0.22500032
vt 0.58333272 0.21833366
vt 0.58333272 0.21833366
vt 0.58333272 0.22166699
vt 0.54166591 0.21833366
vt 0.54166591 0.21833366
vt 0.54166591 0.22500032
vt 0.54166591 0.22500032
vt 0.54166591 0.22166699
vt 0.19999975 0.22500032
vt 0.19999975 0.22500032
vt 0.16999978 0.25500023
vt 0.16999978 0.25500023
vt 0.16666645 0.25500023
vt 0.19999975 0.22166699
vt 0.54166585 0.73833287
vt 0.54166585 0.73833287
vt 0.54166585 0.74499953
vt 0.54166585 0.74499953
vt 0.54166585 0.7416662
vt 0.58333266 0.73833287
vt 0.58333266 0.73833287
vt 0.58333266 0.74499953
vt 0.58333266 0.74499953
vt 0.58333266 0.7416662
vt 0.62499952 0.74499953
vt 0.62499952 0.74499953
vt 0.62499952 0.73833293
vt 0.62499952 0.73833287
vt 0.62499952 0.73833293
vt 0.62499952 0.73833287
vt 0.62499952 0.7416662
vt 0.19999963 0.73833281
vt 0.19999963 0.73833275
vt 0.19999963 0.73833281
vt 0.19999963 0.73833275
vt 0.1699997 0.7083329
vt 0.16999972 0.7083329
vt 0.1699997 0.7083329
vt 0.16999972 0.7083329
vt 0.16666639 0.7083329
vt 0.19999963 0.74166614
vt 0.16999978 0.22500026
vt 0.16999978 0.22500026
vt 0.16999978 0.22500026
vt 0.16999978 0.22500026
vt 0.16333312 0.2183336
vt 0.16333313 0.2183336
vt 0.16333312 0.2183336
vt 0.16333313 0.2183336
vt 0.16666645 0.22500026
vt 0.16999978 0.22166693
vt 0.16666645 0.22213656
vt 0.16666645 0.22166693
vt 0.16666645 0.22166693
vt 0.16999967 0.73833287
vt 0.16999967 0.73833287
vt 0.16333303 0.74499959
vt 0.16333303 0.74499947
vt 0.16333304 0.74499959
vt 0.16333303 0.74499959
vt 0.16333303 0.74499947
vt 0.16999969 0.73833281
vt 0.16999969 0.73833281
vt 0.16666636 0.7416662
vt 0.16713595 0.7416662
vt 0.16666636 0.7416662
vt 0.16666636 0.73833287
vt 0.16999969 0.7416662
vt 0.1699997 0.67499959
vt 0.1699997 0.67499959
vt 0.23333287 0.73833281
vt 0.23333287 0.73833281
vt 0.16666639 0.67499954
vt 0.23333287 0.74166614
vt 0.23333299 0.22500032
vt 0.23333299 0.22500032
vt 0.16999978 0.28833354
vt 0.16999978 0.28833354
vt 0.16666645 0.28833354
vt 0.23333299 0.22166699
vt 0.16333306 0.7083329
vt 0.16333306 0.7083329
vt 0.16999972 0.7083329
vt 0.16999972 0.7083329
vt 0.16666639 0.7083329
vt 0.16999978 0.25000024
vt 0.16999978 0.25000024
vt 0.16333312 0.25000024
vt 0.16333313 0.25000024
vt 0.16333312 0.25000024
vt 0.16333313 0.25000024
vt 0.16666645 0.25000024
vt 0.20833242 0.2183336
vt 0.20833242 0.2183336
vt 0.2083324 0.22500026
vt 0.20833242 0.22500026
vt 0.2083324 0.22500026
vt 0.20833242 0.22500026
vt 0.20833242 0.22166693
vt 0.24999899 0.2183336
vt 0.24999899 0.2183336
vt 0.24999899 0.22500026
vt 0.24999899 0.22500026
vt 0.24999899 0.22166693
vt 0.29166508 0.2183336
vt 0.29166508 0.2183336
vt 0.29166508 0.22500026
vt 0.29166508 0.22500026
vt 0.29166508 0.22166693
vt 0.3333323 0.2183336
vt 0.3333323 0.2183336
vt 0.3333323 0.22500026
vt 0.3333323 0.22500026
vt 0.3333323 0.22166693
vt 0.33333224 0.74499947
vt 0.33333224 0.74499947
vt 0.33333224 0.73833281
vt 0.33333224 0.73833281
vt 0.33333224 0.74166614
vt 0.24999863 0.74499947
vt 0.24999863 0.74499947
vt 0.24999863 0.73833281
vt 0.24999863 0.73833281
vt 0.24999863 0.74166614
vt 0.29166549 0.73833281
vt 0.29166549 0.73833281
vt 0.29166549 0.74499947
vt 0.29166552 0.74499947
vt 0.29166549 0.74499947
vt 0.29166552 0.74499947
vt 0.29166549 0.74166614
vt 0.20833248 0.73833281
vt 0.20833248 0.73833281
vt 0.20833248 0.74499947
vt 0.20833248 0.74499947
vt 0.20833248 0.74166614
vt 0.16999976 0.29166681
vt 0.16999978 0.29166681
vt 0.16999976 0.29166681
vt 0.16999978 0.29166681
vt 0.16333312 0.29166681
vt 0.16333313 0.29166675
vt 0.16333312 0.29166681
vt 0.16333313 0.29166675
vt 0.16666645 0.29166681
vt 0.16999976 0.33333343
vt 0.16999978 0.33333343
vt 0.16999976 0.33333343
vt 0.16999978 0.33333343
vt 0.16333312 0.33333343
vt 0.16333313 0.33333343
vt 0.16333312 0.33333343
vt 0.16333313 0.33333343
vt 0.16666645 0.33333343
vt 0.16999976 0.375
vt 0.16999978 0.37500006
vt 0.16999976 0.375
vt 0.16999978 0.37500006
vt 0.16333312 0.37500006
vt 0.16333313 0.37500006
vt 0.16333312 0.37500006
vt 0.16333313 0.37500006
vt 0.16666645 0.37500006
vt 0.16999976 0.41666663
vt 0.16999978 0.41666663
vt 0.16999976 0.41666663
vt 0.16999978 0.41666663
vt 0.16333312 0.41666663
vt 0.16333313 0.41666663
vt 0.16333312 0.41666663
vt 0.16333313 0.41666663
vt 0.16666645 0.41666663
vt 0.16999976 0.45833325
vt 0.16999978 0.45833325
vt 0.16999976 0.45833325
vt 0.16999978 0.45833325
vt 0.16333312 0.45833325
vt 0.16333313 0.45833325
vt 0.16333312 0.45833325
vt 0.16333313 0.45833325
vt 0.16666645 0.45833325
vt 0.16999976 0.49999988
vt 0.16999978 0.49999988
vt 0.16999976 0.49999988
vt 0.16999978 0.49999988
vt 0.16333312 0.49999988
vt 0.16333313 0.49999988
vt 0.16333312 0.49999988
vt 0.16333313 0.49999988
vt 0.16666645 0.49999988
vt 0.16999976 0.54166651
vt 0.16999978 0.54166651
vt 0.16999976 0.54166651
vt 0.16999978 0.54166651
vt 0.16333312 0.54166651
vt 0.16333313 0.54166651
vt 0.16333312 0.54166651
vt 0.16333313 0.54166651
vt 0.16666645 0.54166651
vt 0.16999976 0.58333308
vt 0.16999978 0.58333308
vt 0.16999976 0.58333308
vt 0.16999978 0.58333308
vt 0.16333312 0.58333308
vt 0.16333313 0.58333308
vt 0.16333312 0.58333308
vt 0.16333313 0.58333308
vt 0.16666645 0.58333308
vt 0.16999976 0.62499964
vt 0.16999978 0.6249997
vt 0.16999976 0.62499964
vt 0.16999978 0.6249997
vt 0.16333312 0.62499976
vt 0.16333312 0.6249997
vt 0.16333312 0.62499976
vt 0.16333312 0.6249997
vt 0.16666645 0.6249997
vt 0.16333312 0.66666633
vt 0.16333312 0.66666633
vt 0.16999976 0.66666633
vt 0.16999978 0.66666633
vt 0.16999976 0.66666633
vt 0.16999978 0.66666633
vt 0.16666645 0.66666633
vt 0.37499905 0.2183336
vt 0.37499905 0.2183336
vt 0.37499905 0.22500026
vt 0.37499905 0.22500026
vt 0.37499905 0.22166693
vt 0.41666585 0.2183336
vt 0.41666585 0.2183336
vt 0.41666585 0.22500026
vt 0.41666585 0.22500026
vt 0.41666585 0.22166693
vt 0.45833266 0.22500026
vt 0.45833269 0.22500026
vt 0.45833266 0.22500026
vt 0.45833269 0.22500026
vt 0.45833269 0.2183336
vt 0.45833269 0.2183336
vt 0.45833269 0.22166693
vt 0.45833266 0.74499953
vt 0.45833266 0.74499953
vt 0.45833266 0.73833287
vt 0.45833266 0.73833287
vt 0.45833266 0.7416662
vt 0.41666585 0.74499953
vt 0.41666585 0.74499953
vt 0.41666585 0.73833287
vt 0.41666585 0.73833287
vt 0.41666585 0.7416662
vt 0.37499905 0.73833287
vt 0.37499905 0.73833287
vt 0.37499905 0.74499953
vt 0.37499905 0.74499953
vt 0.37499905 0.7416662
vt 0.79999888 0.22500032
vt 0.79999894 0.22500032
vt 0.79999888 0.22500032
vt 0.79999894 0.22500032
vt 0.82999885 0.25500029
vt 0.82999885 0.25500029
vt 0.79999888 0.22166699
vt 0.83333218 0.25500029
vt 0.79999882 0.73833281
vt 0.79999888 0.73833287
vt 0.79999882 0.73833281
vt 0.79999888 0.73833287
vt 0.82999873 0.70833296
vt 0.82999873 0.70833296
vt 0.79999888 0.7416662
vt 0.83333206 0.70833296
vn 0 1 0
vn 0 1 0
vn 0 1 0
vn 0 1 0
vn 0 1 0
vn 0 1 0
vn 0 0 -1
vn 0 0 -1
vn 0 1 0
vn 0 0 -1
vn 0 0 -1
vn 0 1 0
vn 0 0 1
vn 0 0 1
vn 0 1 0
vn 0 1 0
vn 0 1 0
vn 0 1 0
vn 0 1 0
vn 0 1 0
vn 0 1 0
vn 0 1 0
vn 0 1 0
vn 0 1 0
vn 0 1 0
vn 0 1 0
vn 0 1 0
vn 0 1 0
vn 0 1 0
vn 0 1 0
vn 0 1 0
vn 0 1 0
vn 0 1 0
vn 0 1 0
vn 0 1 0
vn 0 1 0
vn 0 1 0
vn 0 1 0
vn 0 1 0
vn 0 1 0
vn 0 1 0
vn 0 1 0
vn 0 1 0
vn 0 1 0
vn 0 1 0
vn 0 1 0
vn 0 1 0
vn 0 1 0
vn 0 1 0
vn 0 1 0
vn 0 1 0
vn 0 1 0
vn 0 1 0
vn 0 1 0
vn 0 1 0
vn 0 1 0
vn 0 1 0
vn 0 1 0
vn 0 1 0
vn 0 1 0
vn 0 1 0
vn 0 1 0
vn 0 1 0
vn 0 1 0
vn 0 1 0
vn 0 1 0
vn 0 1 0
vn 0 1 0
vn 0 1 0
vn 0 1 0
vn 0 1 0
vn 0 1 0
vn 0 1 0
vn 0 1 0
vn 0 1 0
vn 0 1 0
vn 0 1 0
vn 0 1 0
vn 0 1 0
vn 0 1 0
vn 0 1 0
vn -1 0 0
vn 0 0 1
vn 0 1 0
vn 0 1 0
vn 0 1 0
vn 0 1 0
vn -1 0 0
vn 0 0 1
vn 0 1 0
vn 0 1 0
vn 0 1 0
vn 0 1 0
vn 1 0 0
vn 0 0 1
vn 0 1 0
vn 0 1 0
vn 0 1 0
vn 0 1 0
vn 1 0 0
vn 0 0 1
vn 0 1 0
vn 0 1 0
vn 0 1 0
vn 0 1 0
vn 1 0 0
vn 0 0 1
vn 0 1 0
vn 0 1 0
vn 0 1 0
vn 0 1 0
vn 1 0 0
vn 0 0 1
vn 0 1 0
vn 0 1 0
vn 0 1 0
vn 0 1 0
vn 1 0 0
vn 0 0 -1
vn 0 1 0
vn 0 1 0
vn 0 1 0
vn 0 1 0
vn 0 1 0
vn 0 1 0
vn 0 1 0
vn 1 0 0
vn 0 0 -1
vn 0 1 0
vn 0 1 0
vn 0 1 0
vn 0 1 0
vn 0 1 0
vn 0 1 0
vn 0 1 0
vn 0 1 0
vn 0 1 0
vn 0 1 0
vn 0 1 0
vn 0 1 0
vn 0 1 0
vn 1 0 0
vn 0 0 -1
vn 0 1 0
vn 1 0 0
vn 0 0 -1
vn 0 1 0
vn 0 1 0
vn 0 1 0
vn 0 1 0
vn 0 1 0
vn 0 1 0
vn -1 0 0
vn -1 0 0
vn -1 0 0
vn -1 0 0
vn -1 0 0
vn -1 0 0
vn -1 0 0
vn -1 0 0
vn -1 0 0
vn -1 0 0
vn 1 0 0
vn 1 0 0
vn 0 0 -1
vn 0 0 -1
vn 0 0 -1
vn 0 0 -1
vn 0 0 1
vn 0 0 1
vn 0 0 1
vn 0 0 1
vn 0 1 0
vn 0 1 0
vn 0 1 0
vn 0 1 0
vn 0 1 0
vn 0 1 0
vn 0 1 0
vn 0 1 0
vn 0 1 0
vn 0 1 0
vn 0 1 0
vn 0 1 0
vn 0 1 0
vn 0 1 0
vn 0 1 0
vn 0 1 0
vn 0 1 0
vn 0 1 0
vn 0 1 0
vn 0 1 0
vn 0 1 0
vn 0 1 0
vn 0 1 0
vn 0 1 0
vn 0 1 0
vn 0 1 0
vn 0 1 0
vn 0 1 0
vn 0 1 0
vn 0 1 0
vn 0 1 0
vn 0 1 0
vn 0 1 0
vn 0 1 0
vn 0 1 0
vn 0 1 0
vn 0 1 0
vn 0 1 0
vn 0 1 0
vn 0 1 0
vn 0 1 0
vn 0 1 0
vn 0 1 0
vn 1 0 0
vn 1 0 0
vn 0 0 1
vn 0 0 1
vn 0 0 1
vn 0 1 0
vn 0 1 0
vn 0 1 0
vn 0 1 0
vn 0 1 0
vn 0 1 0
vn 0 1 0
vn 0 1 0
vn 0 1 0
vn 0 1 0
vn 0 1 0
vn 0 1 0
vn 0 1 0
vn 0 1 0
vn 0 1 0
vn 0 1 0
vn 0 1 0
vn 0 1 0
vn 0 1 0
vn 0 1 0
vn 0 1 0
vn 0 1 0
vn 0 1 0
vn 0 1 0
vn 0 1 0
vn 0 1 0
vn 0 1 0
vn 0 1 0
vn 0 1 0
vn 0 1 0
vn 0 0 -1
vn 0 0 -1
vn 0 0 -1
vn 0 0 -1
vn 0 0 -1
vn 0 1 0
vn 0 1 0
vn 0 1 0
vn 0 1 0
vn 0 1 0
vn 0 1 0
vn 0 0 -1
vn 0 0 1
vn 0 1 0
vn 0 1 0
vn 0 1 0
vn 0 1 0
vn 0 1 0
vn 0 1 0
vn 0 1 0
vn 0 1 0
vn 0 1 0
vn 0 1 0
vn 0 1 0
vn 0 1 0
vn 0 1 0
vn 0 1 0
vn 0 1 0
vn 0 1 0
vn 0 1 0
vn 0 1 0
vn 0 1 0
vn 0 1 0
vn 0 1 0
vn 0 1 0
vn 0 1 0
vn 0 1 0
vn 0 1 0
vn 0 1 0
vn 0 1 0
vn 0 1 0
vn 0 1 0
vn 0 1 0
vn 0 1 0
vn 0 1 0
vn 0 1 0
vn 0 1 0
vn 0 1 0
vn 0 1 0
vn 0 1 0
vn 0 1 0
vn 0 1 0
vn 0 1 0
vn 0 1 0
vn 0 1 0
vn 0 1 0
vn 0 1 0
vn 0 1 0
vn 0 1 0
vn 0 1 0
vn 0 1 0
vn 0 1 0
vn 0 1 0
vn 0 1 0
vn 0 1 0
vn 0 1 0
vn 0 1 0
vn 0 1 0
vn 0 1 0
vn 0 1 0
vn 0 1 0
vn 1 0 0
vn 0 0 1
vn 0 1 0
vn 0 1 0
vn 0 1 0
vn 0 1 0
vn 1 0 0
vn 0 0 1
vn 0 1 0
vn 0 1 0
vn 0 1 0
vn 0 1 0
vn -1 0 0
vn 0 0 1
vn 0 1 0
vn 0 1 0
vn 0 1 0
vn 0 1 0
vn -1 0 0
vn 0 0 1
vn 0 1 0
vn 0 1 0
vn 0 1 0
vn 0 1 0
vn -1 0 0
vn 0 0 1
vn 0 1 0
vn 0 1 0
vn 0 1 0
vn 0 1 0
vn -1 0 0
vn 0 0 1
vn 0 1 0
vn 0 1 0
vn 0 1 0
vn 0 1 0
vn -1 0 0
vn 0 0 -1
vn 0 1 0
vn 0 1 0
vn 0 1 0
vn 0 1 0
vn 0 1 0
vn 0 1 0
vn 0 1 0
vn -1 0 0
vn 0 0 -1
vn 0 1 0
vn 0 1 0
vn 0 1 0
vn 0 1 0
vn 0 1 0
vn 0 1 0
vn 0 1 0
vn 0 1 0
vn 0 1 0
vn 0 1 0
vn 0 1 0
vn 0 1 0
vn 0 1 0
vn -1 0 0
vn 0 0 -1
vn 0 1 0
vn -1 0 0
vn 0 0 -1
vn 0 1 0
vn 0 1 0
vn 0 1 0
vn 0 1 0
vn 0 1 0
vn 0 1 0
vn 1 0 0
vn 1 0 0
vn 1 0 0
vn 1 0 0
vn 1 0 0
vn 1 0 0
vn 1 0 0
vn 1 0 0
vn 1 0 0
vn 1 0 0
vn -1 0 0
vn -1 0 0
vn 0 0 -1
vn 0 0 -1
vn 0 0 -1
vn 0 0 -1
vn 0 0 1
vn 0 0 1
vn 0 0 1
vn 0 0 1
vn 0 1 0
vn 0 1 0
vn 0 1 0
vn 0 1 0
vn 0 1 0
vn 0 1 0
vn 0 1 0
vn 0 1 0
vn 0 1 0
vn 0 1 0
vn 0 1 0
vn 0 1 0
vn 0 1 0
vn 0 1 0
vn 0 1 0
vn 0 1 0
vn 0 1 0
vn 0 1 0
vn 0 1 0
vn 0 1 0
vn 0 1 0
vn 0 1 0
vn 0 1 0
vn 0 1 0
vn 0 1 0
vn 0 1 0
vn 0 1 0
vn 0 1 0
vn 0 1 0
vn 0 1 0
vn 0 1 0
vn 0 1 0
vn 0 1 0
vn 0 1 0
vn 0 1 0
vn 0 1 0
vn 0 1 0
vn 0 1 0
vn 0 1 0
vn 0 1 0
vn 0 1 0
vn 0 1 0
vn 0 1 0
vn -1 0 0
vn -1 0 0
vn 0 0 1
vn 0 0 1
vn 0 0 1
vn 0 0 1
vn 0 1 0
vn 0 1 0
vn 0 1 0
vn 0 1 0
vn 0 1 0
vn 0 1 0
vn 0 1 0
vn 0 1 0
vn 0 1 0
vn 0 1 0
vn 0 1 0
vn 0 1 0
vn 0 1 0
vn 0 1 0
vn 0 1 0
vn 0 1 0
vn 0 1 0
vn 0 1 0
vn 0 1 0
vn 0 1 0
vn 0 1 0
vn 0 1 0
vn 0 1 0
vn 0 1 0
vn 0 1 0
vn 0 1 0
vn 0 1 0
vn 0 1 0
vn 0 1 0
vn 0 1 0
vn 0 0 -1
vn 0 0 -1
vn 0 0 -1
vn 0 0 -1
vn 0 0 1
vn -0.17924495 0.18653866 0.96595785
vn 0 1 0
vn 0 1 0
vn -0.20703174 0.93221242 0.29684653
vn -0.9626368 0.15830746 0.2197024
vn -1 0 0
vn -0.014237291 0.62814616 0.77796511
vn -0.51194445 0.68980178 0.51194372
vn -0.77076015 0.63679145 0.020626106
vn -0.70670633 0.033671221 0.70670532
vn -0.70670633 0.033671221 0.70670532
vn -0.96432341 0.17036661 -0.20262177
vn -1 0 0
vn 0 1 0
vn 0 1 0
vn 0 1 0
vn -0.22594067 0.9334469 -0.27861746
vn -0.22594067 0.9334469 -0.27861746
vn 0 0 -1
vn -0.17924495 0.18653866 -0.96595785
vn -0.77411784 0.63279527 -0.017655294
vn -0.51194445 0.68980178 -0.51194372
vn -0.014237291 0.62814616 -0.77796511
vn -0.70670633 0.033671221 -0.70670532
vn -0.70670633 0.033671221 -0.70670532
vn -0.92387687 0 -0.38268986
vn -1 0 0
vn 0 0 -1
vn -0.38269079 0 -0.92387648
vn -0.70710729 0 -0.70710628
vn -0.70710729 0 -0.70710628
vn 0 0 1
vn -0.38269079 0 0.92387648
vn -0.92387687 0 0.38268986
vn -1 0 0
vn -0.70710729 0 0.70710628
vn -0.70710729 0 0.70710628
vn 0 1 0
vn 0 1 0
vn 0 0.87979874 -0.47534637
vn 0 0.87979874 -0.47534637
vn 0 0.3026745 -0.95309399
vn 0 0 -1
vn 0 0.60843159 -0.79360633
vn 0 0.3026745 0.95309399
vn 0 0.3026745 0.95309399
vn 0 0 1
vn 0 0 1
vn 0 1 0
vn 0 0.87979874 0.47534637
vn 0 0.60843159 0.79360633
vn -0.95309411 0.30267411 0
vn -0.95309411 0.30267411 0
vn -1 0 0
vn -1 0 0
vn 0 1 0
vn 0 1 0
vn -0.4753469 0.87979846 0
vn -0.4753469 0.87979846 0
vn -0.78816144 0.61546856 0
vn 0 1 0
vn 0 1 0
vn -0.4753469 0.87979846 0
vn -0.4753469 0.87979846 0
vn -0.95309411 0.30267411 0
vn -0.95309411 0.30267411 0
vn -1 0 0
vn -1 0 0
vn -0.78773891 0.61600925 0
vn 0 0.3026745 0.95309399
vn 0 0.3026745 0.95309399
vn 0 0 1
vn 0 0 1
vn 0 1 0
vn 0 0.87979874 0.47534637
vn 0 0.61482016 0.78866734
vn 0 0.3026745 0.95309399
vn 0 0 1
vn 0 1 0
vn 0 0.87979874 0.47534637
vn 0 0.60843159 0.79360633
vn 0 0.3026745 0.95309399
vn 0 0.3026745 0.95309399
vn 0 0 1
vn 0 0 1
vn 0 1 0
vn 0 0.87979874 0.47534637
vn 0 0.60843159 0.79360633
vn 0 0.3026745 0.95309399
vn 0 0.3026745 0.95309399
vn 0 0 1
vn 0 0 1
vn 0 1 0
vn 0 0.87979874 0.47534637
vn 0 0.60843159 0.79360633
vn 0 0.3026745 -0.95309399
vn 0 0.3026745 -0.95309399
vn 0 0 -1
vn 0 0 -1
vn 0 1 0
vn 0 0.87979874 -0.47534637
vn 0 0.60843159 -0.79360633
vn 0 0.3026745 -0.95309399
vn 0 0 -1
vn 0 1 0
vn 0 0.87979874 -0.47534637
vn 0 0.60843159 -0.79360633
vn 0 1 0
vn 0 0.87979874 -0.47534637
vn 0 0.3026745 -0.95309399
vn 0 0 -1
vn 0 0.60843159 -0.79360633
vn 0 1 0
vn 0 0.87979874 -0.47534637
vn 0 0.3026745 -0.95309399
vn 0 0.3026745 -0.95309399
vn 0 0 -1
vn 0 0 -1
vn 0 0.61476651 -0.78870916
vn 0 1 0
vn 0 1 0
vn -0.4753469 0.87979846 0
vn -0.4753469 0.87979846 0
vn -0.95309411 0.30267411 0
vn -0.95309411 0.30267411 0
vn -1 0 0
vn -1 0 0
vn -0.79360675 0.60843104 0
vn 0 1 0
vn 0 1 0
vn -0.4753469 0.87979846 0
vn -0.4753469 0.87979846 0
vn -0.95309411 0.30267411 0
vn -0.95309411 0.30267411 0
vn -1 0 0
vn -1 0 0
vn -0.79360675 0.60843104 0
vn 0 1 0
vn 0 1 0
vn -0.4753469 0.87979846 0
vn -0.4753469 0.87979846 0
vn -0.95309411 0.30267411 0
vn -0.95309411 0.30267411 0
vn -1 0 0
vn -1 0 0
vn -0.79360675 0.60843104 0
vn 0 1 0
vn 0 1 0
vn -0.4753469 0.87979846 0
vn -0.4753469 0.87979846 0
vn -0.95309411 0.30267411 0
vn -0.95309411 0.30267411 0
vn -1 0 0
vn -1 0 0
vn -0.79360675 0.60843104 0
vn 0 1 0
vn 0 1 0
vn -0.4753469 0.87979846 0
vn -0.4753469 0.87979846 0
vn -0.95309411 0.30267411 0
vn -0.95309411 0.30267411 0
vn -1 0 0
vn -1 0 0
vn -0.79360675 0.60843104 0
vn 0 1 0
vn 0 1 0
vn -0.4753469 0.87979846 0
vn -0.4753469 0.87979846 0
vn -0.95309411 0.30267411 0
vn -0.95309411 0.30267411 0
vn -1 0 0
vn -1 0 0
vn -0.79360675 0.60843104 0
vn 0 1 0
vn 0 1 0
vn -0.4753469 0.87979846 0
vn -0.4753469 0.87979846 0
vn -0.95309411 0.30267411 0
vn -0.95309411 0.30267411 0
vn -1 0 0
vn -1 0 0
vn -0.79360675 0.60843104 0
vn 0 1 0
vn 0 1 0
vn -0.4753469 0.87979846 0
vn -0.4753469 0.87979846 0
vn -0.95309411 0.30267411 0
vn -0.95309411 0.30267411 0
vn -1 0 0
vn -1 0 0
vn -0.79360675 0.60843104 0
vn 0 1 0
vn 0 1 0
vn -0.4753469 0.87979846 0
vn -0.4753469 0.87979846 0
vn -0.95309411 0.30267411 0
vn -0.95309411 0.30267411 0
vn -1 0 0
vn -1 0 0
vn -0.79360675 0.60843104 0
vn -0.95309411 0.30267411 0
vn -1 0 0
vn 0 1 0
vn 0 1 0
vn -0.4753469 0.87979846 0
vn -0.4753469 0.87979846 0
vn -0.79360675 0.60843104 0
vn 0 0.3026745 0.95309399
vn 0 0 1
vn 0 1 0
vn 0 0.87979874 0.47534637
vn 0 0.60843159 0.79360633
vn 0 0.3026745 0.95309399
vn 0 0 1
vn 0 1 0
vn 0 0.87979874 0.47534637
vn 0 0.60843159 0.79360633
vn 0 1 0
vn 0 0.87979874 0.47534637
vn 0 0.3026745 0.95309399
vn 0 0 1
vn 0 0.60843159 0.79360633
vn 0.92387687 0 0.38268986
vn 1 0 0
vn 0 0 1
vn 0.38269079 0 0.92387648
vn 0.70710729 0 0.70710628
vn 0.70710729 0 0.70710628
vn 0 0.3026745 -0.95309399
vn 0 0 -1
vn 0 1 0
vn 0 0.87979874 -0.47534637
vn 0 0.60843159 -0.79360633
vn 0 0.3026745 -0.95309399
vn 0 0 -1
vn 0 1 0
vn 0 0.87979874 -0.47534637
vn 0 0.60843159 -0.79360633
vn 0 1 0
vn 0 0.87979874 -0.47534637
vn 0 0.3026745 -0.95309399
vn 0 0.3026745 -0.95309399
vn 0 0 -1
vn 0 0 -1
vn 0 0.60843159 -0.79360633
vn 0.92387687 0 -0.38268986
vn 0.92387687 0 -0.38268986
vn 1 0 0
vn 1 0 0
vn 0 0 -1
vn 0 0 -1
vn 0.38269079 0 -0.92387648
vn 0.38269079 0 -0.92387648
vn 0.70710729 0 -0.70710628
vn 0.70710729 0 -0.70710628
vn 0 0 1
vn 0.17924495 0.18653866 0.96595785
vn 0.96262501 0.15838285 0.21969972
vn 1 0 0
vn 0 1 0
vn 0 1 0
vn 0.20705051 0.93219968 0.29687345
vn 0.20705051 0.93219968 0.29687345
vn 0.70665636 0.033668841 0.7067554
vn 0.70665636 0.033668841 0.7067554
vn 0.51194445 0.68980178 0.51194372
vn 0.77076015 0.63679145 0.020626106
vn 0.014236038 0.62809094 0.77800971
vn 0 0 -1
vn 0.17924495 0.18653866 -0.96595785
vn 0 1 0
vn 0 1 0
vn 0 1 0
vn 0.22594067 0.9334469 -0.27861746
vn 0.22594067 0.9334469 -0.27861746
vn 0.96432341 0.17036661 -0.20262177
vn 1 0 0
vn 0.014237291 0.62814616 -0.77796511
vn 0.51194445 0.68980178 -0.51194372
vn 0.77411784 0.63279527 -0.017655294
vn 0.70670633 0.033671221 -0.70670532
vn 0.70670633 0.033671221 -0.70670532
vn 0 0 -1
vn 0.38269079 0 -0.92387648
vn 0.92387687 0 -0.38268986
vn 1 0 0
vn 0.70710729 0 -0.70710628
vn 0.70710729 0 -0.70710628
vn 0.92387687 0 0.38268986
vn 1 0 0
vn 0 0 1
vn 0.38269079 0 0.92387648
vn 0.70710729 0 0.70710628
vn 0.70710729 0 0.70710628
vn 0 1 0
vn 0.4753469 0.87979846 0
vn 0.95309411 0.30267411 0
vn 1 0 0
vn 0.78816144 0.61546856 0
vn 0.95309411 0.30267411 0
vn 1 0 0
vn 0 1 0
vn 0 1 0
vn 0.4753469 0.87979846 0
vn 0.4753469 0.87979846 0
vn 0.78773891 0.61600925 0
vn 0 1 0
vn 0 0.87979874 0.47534637
vn 0 0.3026745 0.95309399
vn 0 0.3026745 0.95309399
vn 0 0 1
vn 0 0 1
vn 0 0.61476651 0.78870916
vn 0 1 0
vn 0 0.87979874 0.47534637
vn 0 0.3026745 0.95309399
vn 0 0 1
vn 0 0.60843159 0.79360633
vn 0 1 0
vn 0 0.87979874 0.47534637
vn 0 0.3026745 0.95309399
vn 0 0 1
vn 0 0.60843159 0.79360633
vn 0 1 0
vn 0 0.87979874 0.47534637
vn 0 0.3026745 0.95309399
vn 0 0 1
vn 0 0.60843159 0.79360633
vn 0 1 0
vn 0 0.87979874 -0.47534637
vn 0 0.3026745 -0.95309399
vn 0 0 -1
vn 0 0.60843159 -0.79360633
vn 0 1 0
vn 0 0.87979874 -0.47534637
vn 0 0.3026745 -0.95309399
vn 0 0 -1
vn 0 0.60843159 -0.79360633
vn 0 0.3026745 -0.95309399
vn 0 0 -1
vn 0 1 0
vn 0 1 0
vn 0 0.87979874 -0.47534637
vn 0 0.87979874 -0.47534637
vn 0 0.60843159 -0.79360633
vn 0 0.3026745 -0.95309399
vn 0 0 -1
vn 0 1 0
vn 0 0.87979874 -0.47534637
vn 0 0.61476651 -0.78870916
vn 0.95309411 0.30267411 0
vn 0.95309411 0.30267411 0
vn 1 0 0
vn 1 0 0
vn 0 1 0
vn 0 1 0
vn 0.4753469 0.87979846 0
vn 0.4753469 0.87979846 0
vn 0.79360675 0.60843104 0
vn 0.95309411 0.30267411 0
vn 0.95309411 0.30267411 0
vn 1 0 0
vn 1 0 0
vn 0 1 0
vn 0 1 0
vn 0.4753469 0.87979846 0
vn 0.4753469 0.87979846 0
vn 0.79360675 0.60843104 0
vn 0.95309411 0.30267411 0
vn 0.95309411 0.30267411 0
vn 1 0 0
vn 1 0 0
vn 0 1 0
vn 0 1 0
vn 0.4753469 0.87979846 0
vn 0.4753469 0.87979846 0
vn 0.79360675 0.60843104 0
vn 0.95309411 0.30267411 0
vn 0.95309411 0.30267411 0
vn 1 0 0
vn 1 0 0
vn 0 1 0
vn 0 1 0
vn 0.4753469 0.87979846 0
vn 0.4753469 0.87979846 0
vn 0.79360675 0.60843104 0
vn 0.95309411 0.30267411 0
vn 0.95309411 0.30267411 0
vn 1 0 0
vn 1 0 0
vn 0 1 0
vn 0 1 0
vn 0.4753469 0.87979846 0
vn 0.4753469 0.87979846 0
vn 0.79360675 0.60843104 0
vn 0.95309411 0.30267411 0
vn 0.95309411 0.30267411 0
vn 1 0 0
vn 1 0 0
vn 0 1 0
vn 0 1 0
vn 0.4753469 0.87979846 0
vn 0.4753469 0.87979846 0
vn 0.79360675 0.60843104 0
vn 0.95309411 0.30267411 0
vn 0.95309411 0.30267411 0
vn 1 0 0
vn 1 0 0
vn 0 1 0
vn 0 1 0
vn 0.4753469 0.87979846 0
vn 0.4753469 0.87979846 0
vn 0.79360675 0.60843104 0
vn 0.95309411 0.30267411 0
vn 0.95309411 0.30267411 0
vn 1 0 0
vn 1 0 0
vn 0 1 0
vn 0 1 0
vn 0.4753469 0.87979846 0
vn 0.4753469 0.87979846 0
vn 0.79360675 0.60843104 0
vn 0.95309411 0.30267411 0
vn 0.95309411 0.30267411 0
vn 1 0 0
vn 1 0 0
vn 0 1 0
vn 0 1 0
vn 0.4753469 0.87979846 0
vn 0.4753469 0.87979846 0
vn 0.79360675 0.60843104 0
vn 0 1 0
vn 0.4753469 0.87979846 0
vn 0.95309411 0.30267411 0
vn 0.95309411 0.30267411 0
vn 1 0 0
vn 1 0 0
vn 0.79360675 0.60843104 0
vn 0 1 0
vn 0 0.87979874 0.47534637
vn 0 0.3026745 0.95309399
vn 0 0 1
vn 0 0.60843159 0.79360633
vn 0 1 0
vn 0 0.87979874 0.47534637
vn 0 0.3026745 0.95309399
vn 0 0 1
vn 0 0.60843159 0.79360633
vn 0 0.3026745 0.95309399
vn 0 0.3026745 0.95309399
vn 0 0 1
vn 0 0 1
vn 0 1 0
vn 0 0.87979874 0.47534637
vn 0 0.60843159 0.79360633
vn 0 1 0
vn 0 0.87979874 -0.47534637
vn 0 0.3026745 -0.95309399
vn 0 0 -1
vn 0 0.60843159 -0.79360633
vn 0 1 0
vn 0 0.87979874 -0.47534637
vn 0 0.3026745 -0.95309399
vn 0 0 -1
vn 0 0.60843159 -0.79360633
vn 0 0.3026745 -0.95309399
vn 0 0 -1
vn 0 1 0
vn 0 0.87979874 -0.47534637
vn 0 0.60843159 -0.79360633
vn -0.92387687 0 0.38268986
vn -0.92387687 0 0.38268986
vn -1 0 0
vn -1 0 0
vn 0 0 1
vn -0.38269079 0 0.92387648
vn -0.70710729 0 0.70710628
vn -0.70710729 0 0.70710628
vn -0.92387687 0 -0.38268986
vn -0.92387687 0 -0.38268986
vn -1 0 0
vn -1 0 0
vn 0 0 -1
vn -0.38269079 0 -0.92387648
vn -0.70710729 0 -0.70710628
vn -0.70710729 0 -0.70710628
usemtl surface_4
f 535/535/535 488/488/488 41/41/41
f 535/535/535 952/952/952 488/488/488
f 105/105/105 283/283/283 111/111/111
f 105/105/105 295/295/295 283/283/283
f 92/92/92 5/5/5 67/67/67
f 92/92/92 87/87/87 5/5/5
f 48/48/48 1/1/1 23/23/23
f 48/48/48 42/42/42 1/1/1
f 65/65/65 366/366/366 66/66/66
f 65/65/65 381/381/381 366/366/366
f 609/609/609 40/40/40 510/510/510
f 609/609/609 152/152/152 40/40/40
f 252/252/252 253/253/253 251/251/251
f 252/252/252 254/254/254 253/253/253
f 717/717/717 458/458/458 263/263/263
f 717/717/717 544/544/544 458/458/458
f 617/617/617 90/90/90 557/557/557
f 617/617/617 173/173/173 90/90/90
f 739/739/739 252/252/252 731/731/731
f 739/739/739 262/262/262 252/252/252
f 227/227/227 12/12/12 21/21/21
f 227/227/227 215/215/215 12/12/12
f 949/949/949 17/17/17 462/462/462
f 949/949/949 545/545/545 17/17/17
f 558/558/558 44/44/44 498/498/498
f 558/558/558 90/90/90 44/44/44
f 221/221/221 18/18/18 17/17/17
f 221/221/221 224/224/224 18/18/18
f 46/46/46 20/20/20 16/16/16
f 46/46/46 47/47/47 20/20/20
f 224/224/224 21/21/21 18/18/18
f 224/224/224 227/227/227 21/21/21
f 47/47/47 23/23/23 20/20/20
f 47/47/47 48/48/48 23/23/23
f 148/148/148 25/25/25 28/28/28
f 148/148/148 147/147/147 25/25/25
f 71/71/71 24/24/24 27/27/27
f 71/71/71 69/69/69 24/24/24
f 73/73/73 27/27/27 30/30/30
f 73/73/73 71/71/71 27/27/27
f 149/149/149 28/28/28 31/31/31
f 149/149/149 148/148/148 28/28/28
f 150/150/150 31/31/31 34/34/34
f 150/150/150 149/149/149 31/31/31
f 75/75/75 30/30/30 33/33/33
f 75/75/75 73/73/73 30/30/30
f 77/77/77 33/33/33 36/36/36
f 77/77/77 75/75/75 33/33/33
f 151/151/151 34/34/34 37/37/37
f 151/151/151 150/150/150 34/34/34
f 152/152/152 37/37/37 40/40/40
f 152/152/152 151/151/151 37/37/37
f 79/79/79 36/36/36 39/39/39
f 79/79/79 77/77/77 36/36/36
f 58/58/58 39/39/39 6/6/6
f 58/58/58 79/79/79 39/39/39
f 511/511/511 54/54/54 45/45/45
f 511/511/511 40/40/40 54/54/54
f 82/82/82 978/978/978 457/457/457
f 82/82/82 523/523/523 978/978/978
f 40/40/40 53/53/53 54/54/54
f 40/40/40 37/37/37 53/53/53
f 37/37/37 52/52/52 53/53/53
f 37/37/37 34/34/34 52/52/52
f 34/34/34 51/51/51 52/52/52
f 34/34/34 31/31/31 51/51/51
f 31/31/31 50/50/50 51/51/51
f 31/31/31 28/28/28 50/50/50
f 28/28/28 49/49/49 50/50/50
f 28/28/28 25/25/25 49/49/49
f 61/61/61 48/48/48 47/47/47
f 61/61/61 63/63/63 48/48/48
f 59/59/59 47/47/47 46/46/46
f 59/59/59 61/61/61 47/47/47
f 68/68/68 46/46/46 44/44/44
f 68/68/68 59/59/59 46/46/46
f 63/63/63 42/42/42 48/48/48
f 63/63/63 66/66/66 42/42/42
f 496/496/496 412/412/412 971/971/971
f 496/496/496 569/569/569 412/412/412
f 214/214/214 250/250/250 215/215/215
f 214/214/214 258/258/258 250/250/250
f 22/22/22 65/65/65 64/64/64
f 22/22/22 2/2/2 65/65/65
f 64/64/64 66/66/66 63/63/63
f 64/64/64 65/65/65 66/66/66
f 5/5/5 60/60/60 67/67/67
f 5/5/5 15/15/15 60/60/60
f 67/67/67 59/59/59 68/68/68
f 67/67/67 60/60/60 59/59/59
f 15/15/15 62/62/62 60/60/60
f 15/15/15 19/19/19 62/62/62
f 60/60/60 61/61/61 59/59/59
f 60/60/60 62/62/62 61/61/61
f 19/19/19 64/64/64 62/62/62
f 19/19/19 22/22/22 64/64/64
f 62/62/62 63/63/63 61/61/61
f 62/62/62 64/64/64 63/63/63
f 45/45/45 80/80/80 57/57/57
f 45/45/45 54/54/54 80/80/80
f 57/57/57 79/79/79 58/58/58
f 57/57/57 80/80/80 79/79/79
f 54/54/54 78/78/78 80/80/80
f 54/54/54 53/53/53 78/78/78
f 80/80/80 77/77/77 79/79/79
f 80/80/80 78/78/78 77/77/77
f 53/53/53 76/76/76 78/78/78
f 53/53/53 52/52/52 76/76/76
f 78/78/78 75/75/75 77/77/77
f 78/78/78 76/76/76 75/75/75
f 52/52/52 74/74/74 76/76/76
f 52/52/52 51/51/51 74/74/74
f 76/76/76 73/73/73 75/75/75
f 76/76/76 74/74/74 73/73/73
f 51/51/51 72/72/72 74/74/74
f 51/51/51 50/50/50 72/72/72
f 74/74/74 71/71/71 73/73/73
f 74/74/74 72/72/72 71/71/71
f 50/50/50 70/70/70 72/72/72
f 50/50/50 49/49/49 70/70/70
f 72/72/72 69/69/69 71/71/71
f 72/72/72 70/70/70 69/69/69
f 90/90/90 68/68/68 44/44/44
f 90/90/90 91/91/91 68/68/68
f 91/91/91 67/67/67 68/68/68
f 91/91/91 92/92/92 67/67/67
f 256/256/256 144/144/144 282/282/282
f 256/256/256 249/249/249 144/144/144
f 345/345/345 56/56/56 339/339/339
f 345/345/345 55/55/55 56/56/56
f 57/57/57 86/86/86 85/85/85
f 57/57/57 58/58/58 86/86/86
f 45/45/45 85/85/85 84/84/84
f 45/45/45 57/57/57 85/85/85
f 515/515/515 405/405/405 613/613/613
f 515/515/515 979/979/979 405/405/405
f 88/88/88 970/970/970 531/531/531
f 88/88/88 456/456/456 970/970/970
f 58/58/58 81/81/81 86/86/86
f 58/58/58 6/6/6 81/81/81
f 183/183/183 92/92/92 91/91/91
f 183/183/183 193/193/193 92/92/92
f 173/173/173 91/91/91 90/90/90
f 173/173/173 183/183/183 91/91/91
f 456/456/456 622/622/622 564/564/564
f 456/456/456 334/334/334 622/622/622
f 635/635/635 174/174/174 625/625/625
f 635/635/635 175/175/175 174/174/174
f 193/193/193 87/87/87 92/92/92
f 193/193/193 212/212/212 87/87/87
f 948/948/948 458/458/458 543/543/543
f 948/948/948 13/13/13 458/458/458
f 20/20/20 98/98/98 97/97/97
f 20/20/20 23/23/23 98/98/98
f 16/16/16 97/97/97 96/96/96
f 16/16/16 20/20/20 97/97/97
f 44/44/44 16/16/16 499/499/499
f 44/44/44 46/46/46 16/16/16
f 23/23/23 93/93/93 98/98/98
f 23/23/23 1/1/1 93/93/93
f 412/412/412 101/101/101 95/95/95
f 412/412/412 411/411/411 101/101/101
f 154/154/154 334/334/334 153/153/153
f 154/154/154 340/340/340 334/334/334
f 97/97/97 104/104/104 103/103/103
f 97/97/97 98/98/98 104/104/104
f 96/96/96 103/103/103 102/102/102
f 96/96/96 97/97/97 103/103/103
f 568/568/568 411/411/411 412/412/412
f 568/568/568 574/574/574 411/411/411
f 98/98/98 99/99/99 104/104/104
f 98/98/98 93/93/93 99/99/99
f 411/411/411 107/107/107 101/101/101
f 411/411/411 410/410/410 107/107/107
f 575/575/575 108/108/108 582/582/582
f 575/575/575 102/102/102 108/108/108
f 103/103/103 110/110/110 109/109/109
f 103/103/103 104/104/104 110/110/110
f 102/102/102 109/109/109 108/108/108
f 102/102/102 103/103/103 109/109/109
f 574/574/574 410/410/410 411/411/411
f 574/574/574 581/581/581 410/410/410
f 104/104/104 105/105/105 110/110/110
f 104/104/104 99/99/99 105/105/105
f 410/410/410 113/113/113 107/107/107
f 410/410/410 409/409/409 113/113/113
f 582/582/582 114/114/114 589/589/589
f 582/582/582 108/108/108 114/114/114
f 109/109/109 116/116/116 115/115/115
f 109/109/109 110/110/110 116/116/116
f 108/108/108 115/115/115 114/114/114
f 108/108/108 109/109/109 115/115/115
f 580/580/580 409/409/409 410/410/410
f 580/580/580 588/588/588 409/409/409
f 110/110/110 111/111/111 116/116/116
f 110/110/110 105/105/105 111/111/111
f 408/408/408 255/255/255 262/262/262
f 408/408/408 119/119/119 255/255/255
f 589/589/589 223/223/223 706/706/706
f 589/589/589 114/114/114 223/223/223
f 596/596/596 140/140/140 604/604/604
f 596/596/596 125/125/125 140/140/140
f 245/245/245 124/124/124 125/125/125
f 245/245/245 242/242/242 124/124/124
f 242/242/242 123/123/123 124/124/124
f 242/242/242 239/239/239 123/123/123
f 239/239/239 122/122/122 123/123/123
f 239/239/239 236/236/236 122/122/122
f 236/236/236 121/121/121 122/122/122
f 236/236/236 233/233/233 121/121/121
f 233/233/233 120/120/120 121/121/121
f 233/233/233 230/230/230 120/120/120
f 407/407/407 146/146/146 128/128/128
f 407/407/407 405/405/405 146/146/146
f 88/88/88 334/334/334 456/456/456
f 88/88/88 153/153/153 334/334/334
f 2/2/2 381/381/381 65/65/65
f 2/2/2 490/490/490 381/381/381
f 570/570/570 102/102/102 575/575/575
f 570/570/570 96/96/96 102/102/102
f 607/607/607 407/407/407 406/406/406
f 607/607/607 600/600/600 407/407/407
f 601/601/601 152/152/152 609/609/609
f 601/601/601 134/134/134 152/152/152
f 140/140/140 133/133/133 134/134/134
f 140/140/140 139/139/139 133/133/133
f 139/139/139 132/132/132 133/133/133
f 139/139/139 138/138/138 132/132/132
f 138/138/138 131/131/131 132/132/132
f 138/138/138 137/137/137 131/131/131
f 137/137/137 130/130/130 131/131/131
f 137/137/137 136/136/136 130/130/130
f 136/136/136 129/129/129 130/130/130
f 136/136/136 135/135/135 129/129/129
f 1/1/1 357/357/357 93/93/93
f 1/1/1 491/491/491 357/357/357
f 213/213/213 258/258/258 214/214/214
f 213/213/213 259/259/259 258/258/258
f 121/121/121 135/135/135 136/136/136
f 121/121/121 120/120/120 135/135/135
f 122/122/122 136/136/136 137/137/137
f 122/122/122 121/121/121 136/136/136
f 123/123/123 137/137/137 138/138/138
f 123/123/123 122/122/122 137/137/137
f 124/124/124 138/138/138 139/139/139
f 124/124/124 123/123/123 138/138/138
f 125/125/125 139/139/139 140/140/140
f 125/125/125 124/124/124 139/139/139
f 607/607/607 408/408/408 595/595/595
f 607/607/607 406/406/406 408/408/408
f 406/406/406 119/119/119 408/408/408
f 406/406/406 143/143/143 119/119/119
f 626/626/626 173/173/173 616/616/616
f 626/626/626 174/174/174 173/173/173
f 263/263/263 14/14/14 220/220/220
f 263/263/263 458/458/458 14/14/14
f 456/456/456 502/502/502 969/969/969
f 456/456/456 563/563/563 502/502/502
f 600/600/600 405/405/405 407/407/407
f 600/600/600 614/614/614 405/405/405
f 134/134/134 151/151/151 152/152/152
f 134/134/134 133/133/133 151/151/151
f 133/133/133 150/150/150 151/151/151
f 133/133/133 132/132/132 150/150/150
f 132/132/132 149/149/149 150/150/150
f 132/132/132 131/131/131 149/149/149
f 131/131/131 148/148/148 149/149/149
f 131/131/131 130/130/130 148/148/148
f 130/130/130 147/147/147 148/148/148
f 130/130/130 129/129/129 147/147/147
f 282/282/282 126/126/126 306/306/306
f 282/282/282 144/144/144 126/126/126
f 457/457/457 509/509/509 550/550/550
f 457/457/457 977/977/977 509/509/509
f 409/409/409 218/218/218 113/113/113
f 409/409/409 329/329/329 218/218/218
f 705/705/705 323/323/323 329/329/329
f 705/705/705 710/710/710 323/323/323
f 700/700/700 181/181/181 688/688/688
f 700/700/700 182/182/182 181/181/181
f 689/689/689 180/180/180 679/679/679
f 689/689/689 181/181/181 180/180/180
f 680/680/680 179/179/179 670/670/670
f 680/680/680 180/180/180 179/179/179
f 671/671/671 178/178/178 661/661/661
f 671/671/671 179/179/179 178/178/178
f 662/662/662 177/177/177 652/652/652
f 662/662/662 178/178/178 177/177/177
f 653/653/653 176/176/176 643/643/643
f 653/653/653 177/177/177 176/176/176
f 644/644/644 175/175/175 634/634/634
f 644/644/644 176/176/176 175/175/175
f 86/86/86 203/203/203 202/202/202
f 86/86/86 81/81/81 203/203/203
f 202/202/202 204/204/204 201/201/201
f 202/202/202 203/203/203 204/204/204
f 201/201/201 205/205/205 200/200/200
f 201/201/201 204/204/204 205/205/205
f 200/200/200 206/206/206 199/199/199
f 200/200/200 205/205/205 206/206/206
f 199/199/199 207/207/207 198/198/198
f 199/199/199 206/206/206 207/207/207
f 198/198/198 208/208/208 197/197/197
f 198/198/198 207/207/207 208/208/208
f 197/197/197 209/209/209 196/196/196
f 197/197/197 208/208/208 209/209/209
f 196/196/196 210/210/210 195/195/195
f 196/196/196 209/209/209 210/210/210
f 195/195/195 211/211/211 194/194/194
f 195/195/195 210/210/210 211/211/211
f 194/194/194 212/212/212 193/193/193
f 194/194/194 211/211/211 212/212/212
f 82/82/82 404/404/404 162/162/162
f 82/82/82 457/457/457 404/404/404
f 156/156/156 346/346/346 155/155/155
f 156/156/156 352/352/352 346/346/346
f 157/157/157 352/352/352 156/156/156
f 157/157/157 358/358/358 352/352/352
f 158/158/158 358/358/358 157/157/157
f 158/158/158 367/367/367 358/358/358
f 159/159/159 367/367/367 158/158/158
f 159/159/159 382/382/382 367/367/367
f 160/160/160 382/382/382 159/159/159
f 160/160/160 385/385/385 382/382/382
f 161/161/161 385/385/385 160/160/160
f 161/161/161 403/403/403 385/385/385
f 162/162/162 403/403/403 161/161/161
f 162/162/162 404/404/404 403/403/403
f 594/594/594 262/262/262 740/740/740
f 594/594/594 408/408/408 262/262/262
f 971/971/971 95/95/95 528/528/528
f 971/971/971 412/412/412 95/95/95
f 457/457/457 698/698/698 404/404/404
f 457/457/457 551/551/551 698/698/698
f 404/404/404 695/695/695 403/403/403
f 404/404/404 698/698/698 695/695/695
f 403/403/403 686/686/686 385/385/385
f 403/403/403 694/694/694 686/686/686
f 385/385/385 677/677/677 382/382/382
f 385/385/385 685/685/685 677/677/677
f 382/382/382 668/668/668 367/367/367
f 382/382/382 676/676/676 668/668/668
f 367/367/367 659/659/659 358/358/358
f 367/367/367 667/667/667 659/659/659
f 358/358/358 650/650/650 352/352/352
f 358/358/358 658/658/658 650/650/650
f 352/352/352 641/641/641 346/346/346
f 352/352/352 649/649/649 641/641/641
f 346/346/346 632/632/632 340/340/340
f 346/346/346 640/640/640 632/632/632
f 340/340/340 623/623/623 334/334/334
f 340/340/340 631/631/631 623/623/623
f 84/84/84 192/192/192 182/182/182
f 84/84/84 85/85/85 192/192/192
f 182/182/182 191/191/191 181/181/181
f 182/182/182 192/192/192 191/191/191
f 181/181/181 190/190/190 180/180/180
f 181/181/181 191/191/191 190/190/190
f 180/180/180 189/189/189 179/179/179
f 180/180/180 190/190/190 189/189/189
f 179/179/179 188/188/188 178/178/178
f 179/179/179 189/189/189 188/188/188
f 178/178/178 187/187/187 177/177/177
f 178/178/178 188/188/188 187/187/187
f 177/177/177 186/186/186 176/176/176
f 177/177/177 187/187/187 186/186/186
f 176/176/176 185/185/185 175/175/175
f 176/176/176 186/186/186 185/185/185
f 175/175/175 184/184/184 174/174/174
f 175/175/175 185/185/185 184/184/184
f 174/174/174 183/183/183 173/173/173
f 174/174/174 184/184/184 183/183/183
f 85/85/85 202/202/202 192/192/192
f 85/85/85 86/86/86 202/202/202
f 192/192/192 201/201/201 191/191/191
f 192/192/192 202/202/202 201/201/201
f 191/191/191 200/200/200 190/190/190
f 191/191/191 201/201/201 200/200/200
f 190/190/190 199/199/199 189/189/189
f 190/190/190 200/200/200 199/199/199
f 189/189/189 198/198/198 188/188/188
f 189/189/189 199/199/199 198/198/198
f 188/188/188 197/197/197 187/187/187
f 188/188/188 198/198/198 197/197/197
f 187/187/187 196/196/196 186/186/186
f 187/187/187 197/197/197 196/196/196
f 186/186/186 195/195/195 185/185/185
f 186/186/186 196/196/196 195/195/195
f 185/185/185 194/194/194 184/184/184
f 185/185/185 195/195/195 194/194/194
f 184/184/184 193/193/193 183/183/183
f 184/184/184 194/194/194 193/193/193
f 115/115/115 229/229/229 226/226/226
f 115/115/115 116/116/116 229/229/229
f 226/226/226 228/228/228 225/225/225
f 226/226/226 229/229/229 228/228/228
f 225/225/225 227/227/227 224/224/224
f 225/225/225 228/228/228 227/227/227
f 114/114/114 226/226/226 223/223/223
f 114/114/114 115/115/115 226/226/226
f 223/223/223 225/225/225 222/222/222
f 223/223/223 226/226/226 225/225/225
f 222/222/222 224/224/224 221/221/221
f 222/222/222 225/225/225 224/224/224
f 587/587/587 329/329/329 409/409/409
f 587/587/587 705/705/705 329/329/329
f 710/710/710 263/263/263 323/323/323
f 710/710/710 717/717/717 263/263/263
f 328/328/328 720/720/720 216/216/216
f 328/328/328 786/786/786 720/720/720
f 116/116/116 213/213/213 229/229/229
f 116/116/116 111/111/111 213/213/213
f 229/229/229 214/214/214 228/228/228
f 229/229/229 213/213/213 214/214/214
f 228/228/228 215/215/215 227/227/227
f 228/228/228 214/214/214 215/215/215
f 329/329/329 219/219/219 218/218/218
f 329/329/329 323/323/323 219/219/219
f 323/323/323 220/220/220 219/219/219
f 323/323/323 263/263/263 220/220/220
f 492/492/492 253/253/253 11/11/11
f 492/492/492 251/251/251 253/253/253
f 155/155/155 340/340/340 154/154/154
f 155/155/155 346/346/346 340/340/340
f 706/706/706 222/222/222 711/711/711
f 706/706/706 223/223/223 222/222/222
f 711/711/711 221/221/221 714/714/714
f 711/711/711 222/222/222 221/221/221
f 111/111/111 259/259/259 213/213/213
f 111/111/111 283/283/283 259/259/259
f 351/351/351 55/55/55 345/345/345
f 351/351/351 43/43/43 55/55/55
f 306/306/306 141/141/141 305/305/305
f 306/306/306 126/126/126 141/141/141
f 29/29/29 232/232/232 235/235/235
f 29/29/29 26/26/26 232/232/232
f 235/235/235 231/231/231 234/234/234
f 235/235/235 232/232/232 231/231/231
f 234/234/234 230/230/230 233/233/233
f 234/234/234 231/231/231 230/230/230
f 32/32/32 235/235/235 238/238/238
f 32/32/32 29/29/29 235/235/235
f 238/238/238 234/234/234 237/237/237
f 238/238/238 235/235/235 234/234/234
f 237/237/237 233/233/233 236/236/236
f 237/237/237 234/234/234 233/233/233
f 35/35/35 238/238/238 241/241/241
f 35/35/35 32/32/32 238/238/238
f 241/241/241 237/237/237 240/240/240
f 241/241/241 238/238/238 237/237/237
f 240/240/240 236/236/236 239/239/239
f 240/240/240 237/237/237 236/236/236
f 38/38/38 241/241/241 244/244/244
f 38/38/38 35/35/35 241/241/241
f 244/244/244 240/240/240 243/243/243
f 244/244/244 241/241/241 240/240/240
f 243/243/243 239/239/239 242/242/242
f 243/243/243 240/240/240 239/239/239
f 41/41/41 244/244/244 247/247/247
f 41/41/41 38/38/38 244/244/244
f 247/247/247 243/243/243 246/246/246
f 247/247/247 244/244/244 243/243/243
f 246/246/246 242/242/242 245/245/245
f 246/246/246 243/243/243 242/242/242
f 7/7/7 539/539/539 492/492/492
f 7/7/7 955/955/955 539/539/539
f 731/731/731 251/251/251 726/726/726
f 731/731/731 252/252/252 251/251/251
f 773/773/773 217/217/217 794/794/794
f 773/773/773 744/744/744 217/217/217
f 406/406/406 128/128/128 143/143/143
f 406/406/406 407/407/407 128/128/128
f 757/757/757 336/336/336 265/265/265
f 757/757/757 803/803/803 336/336/336
f 262/262/262 254/254/254 252/252/252
f 262/262/262 255/255/255 254/254/254
f 735/735/735 125/125/125 596/596/596
f 735/735/735 245/245/245 125/125/125
f 747/747/747 386/386/386 779/779/779
f 747/747/747 165/165/165 386/386/386
f 604/604/604 134/134/134 601/601/601
f 604/604/604 140/140/140 134/134/134
f 216/216/216 755/755/755 797/797/797
f 216/216/216 720/720/720 755/755/755
f 93/93/93 296/296/296 99/99/99
f 93/93/93 357/357/357 296/296/296
f 332/332/332 260/260/260 327/327/327
f 332/332/332 307/307/307 260/260/260
f 288/288/288 256/256/256 282/282/282
f 288/288/288 269/269/269 256/256/256
f 455/455/455 4/4/4 454/454/454
f 455/455/455 3/3/3 4/4/4
f 745/745/745 322/322/322 217/217/217
f 745/745/745 782/782/782 322/322/322
f 8/8/8 493/493/493 494/494/494
f 8/8/8 7/7/7 493/493/493
f 493/493/493 492/492/492 11/11/11
f 493/493/493 7/7/7 492/492/492
f 852/852/852 330/330/330 413/413/413
f 852/852/852 798/798/798 330/330/330
f 952/952/952 487/487/487 488/488/488
f 952/952/952 957/957/957 487/487/487
f 468/468/468 12/12/12 455/455/455
f 468/468/468 21/21/21 12/12/12
f 553/553/553 182/182/182 699/699/699
f 553/553/553 84/84/84 182/182/182
f 799/799/799 284/284/284 330/330/330
f 799/799/799 756/756/756 284/284/284
f 462/462/462 18/18/18 465/465/465
f 462/462/462 17/17/17 18/18/18
f 286/286/286 267/267/267 287/287/287
f 286/286/286 265/265/265 267/267/267
f 465/465/465 21/21/21 468/468/468
f 465/465/465 18/18/18 21/21/21
f 287/287/287 269/269/269 288/288/288
f 287/287/287 267/267/267 269/269/269
f 388/388/388 271/271/271 387/387/387
f 388/388/388 273/273/273 271/271/271
f 311/311/311 270/270/270 309/309/309
f 311/311/311 272/272/272 270/270/270
f 313/313/313 272/272/272 311/311/311
f 313/313/313 274/274/274 272/272/272
f 389/389/389 273/273/273 388/388/388
f 389/389/389 275/275/275 273/273/273
f 390/390/390 275/275/275 389/389/389
f 390/390/390 277/277/277 275/275/275
f 315/315/315 274/274/274 313/313/313
f 315/315/315 276/276/276 274/274/274
f 317/317/317 276/276/276 315/315/315
f 317/317/317 278/278/278 276/276/276
f 391/391/391 277/277/277 390/390/390
f 391/391/391 279/279/279 277/277/277
f 392/392/392 279/279/279 391/391/391
f 392/392/392 281/281/281 279/279/279
f 319/319/319 278/278/278 317/317/317
f 319/319/319 280/280/280 278/278/278
f 298/298/298 280/280/280 319/319/319
f 298/298/298 261/261/261 280/280/280
f 769/769/769 294/294/294 281/281/281
f 769/769/769 285/285/285 294/294/294
f 791/791/791 422/422/422 324/324/324
f 791/791/791 928/928/928 422/422/422
f 281/281/281 293/293/293 279/279/279
f 281/281/281 294/294/294 293/293/293
f 279/279/279 292/292/292 277/277/277
f 279/279/279 293/293/293 292/292/292
f 277/277/277 291/291/291 275/275/275
f 277/277/277 292/292/292 291/291/291
f 275/275/275 290/290/290 273/273/273
f 275/275/275 291/291/291 290/290/290
f 273/273/273 289/289/289 271/271/271
f 273/273/273 290/290/290 289/289/289
f 301/301/301 288/288/288 303/303/303
f 301/301/301 287/287/287 288/288/288
f 299/299/299 287/287/287 301/301/301
f 299/299/299 286/286/286 287/287/287
f 308/308/308 286/286/286 299/299/299
f 308/308/308 284/284/284 286/286/286
f 303/303/303 282/282/282 306/306/306
f 303/303/303 288/288/288 282/282/282
f 767/767/767 324/324/324 285/285/285
f 767/767/767 791/791/791 324/324/324
f 305/305/305 248/248/248 257/257/257
f 305/305/305 141/141/141 248/248/248
f 268/268/268 305/305/305 257/257/257
f 268/268/268 304/304/304 305/305/305
f 304/304/304 306/306/306 305/305/305
f 304/304/304 303/303/303 306/306/306
f 260/260/260 300/300/300 264/264/264
f 260/260/260 307/307/307 300/300/300
f 307/307/307 299/299/299 300/300/300
f 307/307/307 308/308/308 299/299/299
f 264/264/264 302/302/302 266/266/266
f 264/264/264 300/300/300 302/302/302
f 300/300/300 301/301/301 302/302/302
f 300/300/300 299/299/299 301/301/301
f 266/266/266 304/304/304 268/268/268
f 266/266/266 302/302/302 304/304/304
f 302/302/302 303/303/303 304/304/304
f 302/302/302 301/301/301 303/303/303
f 285/285/285 320/320/320 294/294/294
f 285/285/285 297/297/297 320/320/320
f 297/297/297 319/319/319 320/320/320
f 297/297/297 298/298/298 319/319/319
f 294/294/294 318/318/318 293/293/293
f 294/294/294 320/320/320 318/318/318
f 320/320/320 317/317/317 318/318/318
f 320/320/320 319/319/319 317/317/317
f 293/293/293 316/316/316 292/292/292
f 293/293/293 318/318/318 316/316/316
f 318/318/318 315/315/315 316/316/316
f 318/318/318 317/317/317 315/315/315
f 292/292/292 314/314/314 291/291/291
f 292/292/292 316/316/316 314/314/314
f 316/316/316 313/313/313 314/314/314
f 316/316/316 315/315/315 313/313/313
f 291/291/291 312/312/312 290/290/290
f 291/291/291 314/314/314 312/312/312
f 314/314/314 311/311/311 312/312/312
f 314/314/314 313/313/313 311/311/311
f 290/290/290 310/310/310 289/289/289
f 290/290/290 312/312/312 310/310/310
f 312/312/312 309/309/309 310/310/310
f 312/312/312 311/311/311 309/309/309
f 330/330/330 308/308/308 331/331/331
f 330/330/330 284/284/284 308/308/308
f 331/331/331 307/307/307 332/332/332
f 331/331/331 308/308/308 307/307/307
f 333/333/333 249/249/249 256/256/256
f 333/333/333 117/117/117 249/249/249
f 454/454/454 9/9/9 453/453/453
f 454/454/454 4/4/4 9/9/9
f 297/297/297 326/326/326 298/298/298
f 297/297/297 325/325/325 326/326/326
f 285/285/285 325/325/325 297/297/297
f 285/285/285 324/324/324 325/325/325
f 844/844/844 281/281/281 392/392/392
f 844/844/844 768/768/768 281/281/281
f 765/765/765 165/165/165 746/746/746
f 765/765/765 843/843/843 165/165/165
f 298/298/298 321/321/321 261/261/261
f 298/298/298 326/326/326 321/321/321
f 732/732/732 245/245/245 735/735/735
f 732/732/732 246/246/246 245/245/245
f 423/423/423 332/332/332 433/433/433
f 423/423/423 331/331/331 332/332/332
f 413/413/413 331/331/331 423/423/423
f 413/413/413 330/330/330 331/331/331
f 850/850/850 216/216/216 797/797/797
f 850/850/850 94/94/94 216/216/216
f 870/870/870 414/414/414 415/415/415
f 870/870/870 860/860/860 414/414/414
f 433/433/433 327/327/327 452/452/452
f 433/433/433 332/332/332 327/327/327
f 714/714/714 17/17/17 545/545/545
f 714/714/714 221/221/221 17/17/17
f 267/267/267 338/338/338 269/269/269
f 267/267/267 337/337/337 338/338/338
f 265/265/265 337/337/337 267/267/267
f 265/265/265 336/336/336 337/337/337
f 284/284/284 265/265/265 286/286/286
f 284/284/284 756/756/756 265/265/265
f 269/269/269 333/333/333 256/256/256
f 269/269/269 338/338/338 333/333/333
f 171/171/171 335/335/335 341/341/341
f 171/171/171 172/172/172 335/335/335
f 394/394/394 94/94/94 100/100/100
f 394/394/394 393/393/393 94/94/94
f 337/337/337 344/344/344 338/338/338
f 337/337/337 343/343/343 344/344/344
f 336/336/336 343/343/343 337/337/337
f 336/336/336 342/342/342 343/343/343
f 813/813/813 172/172/172 171/171/171
f 813/813/813 808/808/808 172/172/172
f 338/338/338 339/339/339 333/333/333
f 338/338/338 344/344/344 339/339/339
f 170/170/170 341/341/341 347/347/347
f 170/170/170 171/171/171 341/341/341
f 810/810/810 348/348/348 342/342/342
f 810/810/810 815/815/815 348/348/348
f 343/343/343 350/350/350 344/344/344
f 343/343/343 349/349/349 350/350/350
f 342/342/342 349/349/349 343/343/343
f 342/342/342 348/348/348 349/349/349
f 818/818/818 171/171/171 170/170/170
f 818/818/818 813/813/813 171/171/171
f 344/344/344 345/345/345 339/339/339
f 344/344/344 350/350/350 345/345/345
f 169/169/169 347/347/347 353/353/353
f 169/169/169 170/170/170 347/347/347
f 815/815/815 354/354/354 348/348/348
f 815/815/815 820/820/820 354/354/354
f 349/349/349 356/356/356 350/350/350
f 349/349/349 355/355/355 356/356/356
f 348/348/348 355/355/355 349/349/349
f 348/348/348 354/354/354 355/355/355
f 823/823/823 170/170/170 169/169/169
f 823/823/823 818/818/818 170/170/170
f 350/350/350 351/351/351 345/345/345
f 350/350/350 356/356/356 351/351/351
f 168/168/168 495/495/495 359/359/359
f 168/168/168 10/10/10 495/495/495
f 820/820/820 464/464/464 354/354/354
f 820/820/820 935/935/935 464/464/464
f 825/825/825 380/380/380 365/365/365
f 825/825/825 837/837/837 380/380/380
f 486/486/486 364/364/364 483/483/483
f 486/486/486 365/365/365 364/364/364
f 483/483/483 363/363/363 480/480/480
f 483/483/483 364/364/364 363/363/363
f 480/480/480 362/362/362 477/477/477
f 480/480/480 363/363/363 362/362/362
f 477/477/477 361/361/361 474/474/474
f 477/477/477 362/362/362 361/361/361
f 474/474/474 360/360/360 471/471/471
f 474/474/474 361/361/361 360/360/360
f 861/861/861 413/413/413 414/414/414
f 861/861/861 851/851/851 413/413/413
f 803/803/803 342/342/342 336/336/336
f 803/803/803 810/810/810 342/342/342
f 12/12/12 3/3/3 455/455/455
f 12/12/12 489/489/489 3/3/3
f 94/94/94 328/328/328 216/216/216
f 94/94/94 393/393/393 328/328/328
f 833/833/833 166/166/166 167/167/167
f 833/833/833 836/836/836 166/166/166
f 830/830/830 392/392/392 374/374/374
f 830/830/830 844/844/844 392/392/392
f 380/380/380 373/373/373 379/379/379
f 380/380/380 374/374/374 373/373/373
f 379/379/379 372/372/372 378/378/378
f 379/379/379 373/373/373 372/372/372
f 378/378/378 371/371/371 377/377/377
f 378/378/378 372/372/372 371/371/371
f 377/377/377 370/370/370 376/376/376
f 377/377/377 371/371/371 370/370/370
f 376/376/376 369/369/369 375/375/375
f 376/376/376 370/370/370 369/369/369
f 99/99/99 295/295/295 105/105/105
f 99/99/99 296/296/296 295/295/295
f 42/42/42 491/491/491 1/1/1
f 42/42/42 384/384/384 491/491/491
f 361/361/361 375/375/375 360/360/360
f 361/361/361 376/376/376 375/375/375
f 362/362/362 376/376/376 361/361/361
f 362/362/362 377/377/377 376/376/376
f 363/363/363 377/377/377 362/362/362
f 363/363/363 378/378/378 377/377/377
f 364/364/364 378/378/378 363/363/363
f 364/364/364 379/379/379 378/378/378
f 365/365/365 379/379/379 364/364/364
f 365/365/365 380/380/380 379/379/379
f 836/836/836 168/168/168 166/166/166
f 836/836/836 828/828/828 168/168/168
f 166/166/166 359/359/359 383/383/383
f 166/166/166 168/168/168 359/359/359
f 386/386/386 167/167/167 368/368/368
f 386/386/386 165/165/165 167/167/167
f 13/13/13 14/14/14 458/458/458
f 13/13/13 461/461/461 14/14/14
f 172/172/172 787/787/787 335/335/335
f 172/172/172 721/721/721 787/787/787
f 165/165/165 833/833/833 167/167/167
f 165/165/165 843/843/843 833/833/833
f 374/374/374 391/391/391 373/373/373
f 374/374/374 392/392/392 391/391/391
f 373/373/373 390/390/390 372/372/372
f 373/373/373 391/391/391 390/390/390
f 372/372/372 389/389/389 371/371/371
f 372/372/372 390/390/390 389/389/389
f 371/371/371 388/388/388 370/370/370
f 371/371/371 389/389/389 388/388/388
f 370/370/370 387/387/387 369/369/369
f 370/370/370 388/388/388 387/387/387
f 453/453/453 43/43/43 351/351/351
f 453/453/453 9/9/9 43/43/43
f 727/727/727 246/246/246 732/732/732
f 727/727/727 247/247/247 246/246/246
f 89/89/89 353/353/353 459/459/459
f 89/89/89 169/169/169 353/353/353
f 943/943/943 89/89/89 83/83/83
f 943/943/943 938/938/938 89/89/89
f 928/928/928 421/421/421 422/422/422
f 928/928/928 923/923/923 421/421/421
f 924/924/924 420/420/420 421/421/421
f 924/924/924 914/914/914 420/420/420
f 915/915/915 419/419/419 420/420/420
f 915/915/915 905/905/905 419/419/419
f 906/906/906 418/418/418 419/419/419
f 906/906/906 896/896/896 418/418/418
f 897/897/897 417/417/417 418/418/418
f 897/897/897 887/887/887 417/417/417
f 888/888/888 416/416/416 417/417/417
f 888/888/888 878/878/878 416/416/416
f 879/879/879 415/415/415 416/416/416
f 879/879/879 869/869/869 415/415/415
f 326/326/326 443/443/443 321/321/321
f 326/326/326 442/442/442 443/443/443
f 442/442/442 444/444/444 443/443/443
f 442/442/442 441/441/441 444/444/444
f 441/441/441 445/445/445 444/444/444
f 441/441/441 440/440/440 445/445/445
f 440/440/440 446/446/446 445/445/445
f 440/440/440 439/439/439 446/446/446
f 439/439/439 447/447/447 446/446/446
f 439/439/439 438/438/438 447/447/447
f 438/438/438 448/448/448 447/447/447
f 438/438/438 437/437/437 448/448/448
f 437/437/437 449/449/449 448/448/448
f 437/437/437 436/436/436 449/449/449
f 436/436/436 450/450/450 449/449/449
f 436/436/436 435/435/435 450/450/450
f 435/435/435 451/451/451 450/450/450
f 435/435/435 434/434/434 451/451/451
f 434/434/434 452/452/452 451/451/451
f 434/434/434 433/433/433 452/452/452
f 322/322/322 164/164/164 217/217/217
f 322/322/322 402/402/402 164/164/164
f 396/396/396 106/106/106 112/112/112
f 396/396/396 395/395/395 106/106/106
f 397/397/397 112/112/112 118/118/118
f 397/397/397 396/396/396 112/112/112
f 398/398/398 118/118/118 127/127/127
f 398/398/398 397/397/397 118/118/118
f 399/399/399 127/127/127 142/142/142
f 399/399/399 398/398/398 127/127/127
f 400/400/400 142/142/142 145/145/145
f 400/400/400 399/399/399 142/142/142
f 401/401/401 145/145/145 163/163/163
f 401/401/401 400/400/400 145/145/145
f 402/402/402 163/163/163 164/164/164
f 402/402/402 401/401/401 163/163/163
f 828/828/828 10/10/10 168/168/168
f 828/828/828 963/963/963 10/10/10
f 807/807/807 721/721/721 172/172/172
f 807/807/807 752/752/752 721/721/721
f 217/217/217 933/933/933 794/794/794
f 217/217/217 164/164/164 933/933/933
f 164/164/164 921/921/921 932/932/932
f 164/164/164 163/163/163 921/921/921
f 163/163/163 912/912/912 922/922/922
f 163/163/163 145/145/145 912/912/912
f 145/145/145 903/903/903 913/913/913
f 145/145/145 142/142/142 903/903/903
f 142/142/142 894/894/894 904/904/904
f 142/142/142 127/127/127 894/894/894
f 127/127/127 885/885/885 895/895/895
f 127/127/127 118/118/118 885/885/885
f 118/118/118 876/876/876 886/886/886
f 118/118/118 112/112/112 876/876/876
f 112/112/112 867/867/867 877/877/877
f 112/112/112 106/106/106 867/867/867
f 106/106/106 858/858/858 868/868/868
f 106/106/106 100/100/100 858/858/858
f 100/100/100 849/849/849 859/859/859
f 100/100/100 94/94/94 849/849/849
f 324/324/324 432/432/432 325/325/325
f 324/324/324 422/422/422 432/432/432
f 422/422/422 431/431/431 432/432/432
f 422/422/422 421/421/421 431/431/431
f 421/421/421 430/430/430 431/431/431
f 421/421/421 420/420/420 430/430/430
f 420/420/420 429/429/429 430/430/430
f 420/420/420 419/419/419 429/429/429
f 419/419/419 428/428/428 429/429/429
f 419/419/419 418/418/418 428/428/428
f 418/418/418 427/427/427 428/428/428
f 418/418/418 417/417/417 427/427/427
f 417/417/417 426/426/426 427/427/427
f 417/417/417 416/416/416 426/426/426
f 416/416/416 425/425/425 426/426/426
f 416/416/416 415/415/415 425/425/425
f 415/415/415 424/424/424 425/425/425
f 415/415/415 414/414/414 424/424/424
f 414/414/414 423/423/423 424/424/424
f 414/414/414 413/413/413 423/423/423
f 325/325/325 442/442/442 326/326/326
f 325/325/325 432/432/432 442/442/442
f 432/432/432 441/441/441 442/442/442
f 432/432/432 431/431/431 441/441/441
f 431/431/431 440/440/440 441/441/441
f 431/431/431 430/430/430 440/440/440
f 430/430/430 439/439/439 440/440/440
f 430/430/430 429/429/429 439/439/439
f 429/429/429 438/438/438 439/439/439
f 429/429/429 428/428/428 438/438/438
f 428/428/428 437/437/437 438/438/438
f 428/428/428 427/427/427 437/437/437
f 427/427/427 436/436/436 437/437/437
f 427/427/427 426/426/426 436/436/436
f 426/426/426 435/435/435 436/436/436
f 426/426/426 425/425/425 435/435/435
f 425/425/425 434/434/434 435/435/435
f 425/425/425 424/424/424 434/434/434
f 424/424/424 433/433/433 434/434/434
f 424/424/424 423/423/423 433/433/433
f 355/355/355 470/470/470 356/356/356
f 355/355/355 467/467/467 470/470/470
f 467/467/467 469/469/469 470/470/470
f 467/467/467 466/466/466 469/469/469
f 466/466/466 468/468/468 469/469/469
f 466/466/466 465/465/465 468/468/468
f 354/354/354 467/467/467 355/355/355
f 354/354/354 464/464/464 467/467/467
f 464/464/464 466/466/466 467/467/467
f 464/464/464 463/463/463 466/466/466
f 463/463/463 465/465/465 466/466/466
f 463/463/463 462/462/462 465/465/465
f 938/938/938 169/169/169 89/89/89
f 938/938/938 823/823/823 169/169/169
f 947/947/947 83/83/83 13/13/13
f 947/947/947 943/943/943 83/83/83
f 960/960/960 7/7/7 8/8/8
f 960/960/960 955/955/955 7/7/7
f 356/356/356 453/453/453 351/351/351
f 356/356/356 470/470/470 453/453/453
f 470/470/470 454/454/454 453/453/453
f 470/470/470 469/469/469 454/454/454
f 469/469/469 455/455/455 454/454/454
f 469/469/469 468/468/468 455/455/455
f 83/83/83 459/459/459 460/460/460
f 83/83/83 89/89/89 459/459/459
f 13/13/13 460/460/460 461/461/461
f 13/13/13 83/83/83 460/460/460
f 539/539/539 251/251/251 492/492/492
f 539/539/539 726/726/726 251/251/251
f 395/395/395 100/100/100 106/106/106
f 395/395/395 394/394/394 100/100/100
f 935/935/935 463/463/463 464/464/464
f 935/935/935 940/940/940 463/463/463
f 940/940/940 462/462/462 463/463/463
f 940/940/940 949/949/949 462/462/462
f 66/66/66 384/384/384 42/42/42
f 66/66/66 366/366/366 384/384/384
f 339/339/339 117/117/117 333/333/333
f 339/339/339 56/56/56 117/117/117
f 215/215/215 489/489/489 12/12/12
f 215/215/215 250/250/250 489/489/489
f 29/29/29 473/473/473 26/26/26
f 29/29/29 476/476/476 473/473/473
f 476/476/476 472/472/472 473/473/473
f 476/476/476 475/475/475 472/472/472
f 475/475/475 471/471/471 472/472/472
f 475/475/475 474/474/474 471/471/471
f 32/32/32 476/476/476 29/29/29
f 32/32/32 479/479/479 476/476/476
f 479/479/479 475/475/475 476/476/476
f 479/479/479 478/478/478 475/475/475
f 478/478/478 474/474/474 475/475/475
f 478/478/478 477/477/477 474/474/474
f 35/35/35 479/479/479 32/32/32
f 35/35/35 482/482/482 479/479/479
f 482/482/482 478/478/478 479/479/479
f 482/482/482 481/481/481 478/478/478
f 481/481/481 477/477/477 478/478/478
f 481/481/481 480/480/480 477/477/477
f 38/38/38 482/482/482 35/35/35
f 38/38/38 485/485/485 482/482/482
f 485/485/485 481/481/481 482/482/482
f 485/485/485 484/484/484 481/481/481
f 484/484/484 480/480/480 481/481/481
f 484/484/484 483/483/483 480/480/480
f 41/41/41 485/485/485 38/38/38
f 41/41/41 488/488/488 485/485/485
f 488/488/488 484/484/484 485/485/485
f 488/488/488 487/487/487 484/484/484
f 487/487/487 483/483/483 484/484/484
f 487/487/487 486/486/486 483/483/483
f 534/534/534 247/247/247 727/727/727
f 534/534/534 41/41/41 247/247/247
f 963/963/963 8/8/8 10/10/10
f 963/963/963 960/960/960 8/8/8
f 167/167/167 383/383/383 368/368/368
f 167/167/167 166/166/166 383/383/383
f 979/979/979 146/146/146 405/405/405
f 979/979/979 524/524/524 146/146/146
f 10/10/10 494/494/494 495/495/495
f 10/10/10 8/8/8 494/494/494
f 964/964/964 365/365/365 486/486/486
f 964/964/964 825/825/825 365/365/365
f 957/957/957 486/486/486 487/487/487
f 957/957/957 964/964/964 486/486/486
f 838/838/838 374/374/374 380/380/380
f 838/838/838 830/830/830 374/374/374
f 512/512/512 84/84/84 552/552/552
f 512/512/512 45/45/45 84/84/84
f 497/497/497 504/504/504 503/503/503
f 497/497/497 507/507/507 504/504/504
f 500/500/500 504/504/504 505/505/505
f 500/500/500 503/503/503 504/504/504
f 501/501/501 504/504/504 506/506/506
f 501/501/501 505/505/505 504/504/504
f 508/508/508 518/518/518 517/517/517
f 508/508/508 520/520/520 518/518/518
f 513/513/513 518/518/518 519/519/519
f 513/513/513 517/517/517 518/518/518
f 516/516/516 518/518/518 521/521/521
f 516/516/516 519/519/519 518/518/518
f 753/753/753 762/762/762 760/760/760
f 753/753/753 764/764/764 762/762/762
f 754/754/754 762/762/762 763/763/763
f 754/754/754 761/761/761 762/762/762
f 759/759/759 762/762/762 764/764/764
f 759/759/759 763/763/763 762/762/762
f 766/766/766 775/775/775 774/774/774
f 766/766/766 777/777/777 775/775/775
f 770/770/770 775/775/775 776/776/776
f 770/770/770 774/774/774 775/775/775
f 772/772/772 775/775/775 778/778/778
f 772/772/772 776/776/776 775/775/775
f 554/554/554 517/517/517 514/514/514
f 554/554/554 556/556/556 517/517/517
f 556/556/556 508/508/508 517/517/517
f 556/556/556 548/548/548 508/508/508
f 611/611/611 519/519/519 516/516/516
f 611/611/611 615/615/615 519/519/519
f 615/615/615 513/513/513 519/519/519
f 615/615/615 610/610/610 513/513/513
f 980/980/980 527/527/527 525/525/525
f 980/980/980 982/982/982 527/527/527
f 981/981/981 522/522/522 526/526/526
f 981/981/981 976/976/976 522/522/522
f 972/972/972 507/507/507 497/497/497
f 972/972/972 974/974/974 507/507/507
f 973/973/973 501/501/501 506/506/506
f 973/973/973 967/967/967 501/501/501
f 716/716/716 547/547/547 542/542/542
f 716/716/716 718/718/718 547/547/547
f 718/718/718 546/546/546 547/547/547
f 718/718/718 715/715/715 546/546/546
f 701/701/701 556/556/556 555/555/555
f 701/701/701 703/703/703 556/556/556
f 703/703/703 549/549/549 556/556/556
f 703/703/703 697/697/697 549/549/549
f 500/500/500 565/565/565 560/560/560
f 500/500/500 505/505/505 565/565/565
f 505/505/505 561/561/561 565/565/565
f 505/505/505 501/501/501 561/561/561
f 497/497/497 572/572/572 567/567/567
f 497/497/497 503/503/503 572/572/572
f 503/503/503 571/571/571 572/572/572
f 503/503/503 500/500/500 571/571/571
f 566/566/566 577/577/577 573/573/573
f 566/566/566 572/572/572 577/577/577
f 572/572/572 576/576/576 577/577/577
f 572/572/572 571/571/571 576/576/576
f 573/573/573 584/584/584 579/579/579
f 573/573/573 577/577/577 584/584/584
f 577/577/577 583/583/583 584/584/584
f 577/577/577 576/576/576 583/583/583
f 578/578/578 591/591/591 586/586/586
f 578/578/578 584/584/584 591/591/591
f 584/584/584 590/590/590 591/591/591
f 584/584/584 583/583/583 590/590/590
f 738/738/738 598/598/598 592/592/592
f 738/738/738 741/741/741 598/598/598
f 741/741/741 597/597/597 598/598/598
f 741/741/741 736/736/736 597/597/597
f 606/606/606 603/603/603 599/599/599
f 606/606/606 608/608/608 603/603/603
f 608/608/608 602/602/602 603/603/603
f 608/608/608 605/605/605 602/602/602
f 593/593/593 608/608/608 606/606/606
f 593/593/593 598/598/598 608/608/608
f 598/598/598 605/605/605 608/608/608
f 598/598/598 597/597/597 605/605/605
f 599/599/599 615/615/615 612/612/612
f 599/599/599 603/603/603 615/615/615
f 603/603/603 610/610/610 615/615/615
f 603/603/603 602/602/602 610/610/610
f 559/559/559 624/624/624 619/619/619
f 559/559/559 565/565/565 624/624/624
f 565/565/565 620/620/620 624/624/624
f 565/565/565 562/562/562 620/620/620
f 618/618/618 633/633/633 628/628/628
f 618/618/618 624/624/624 633/633/633
f 624/624/624 629/629/629 633/633/633
f 624/624/624 621/621/621 629/629/629
f 627/627/627 642/642/642 637/637/637
f 627/627/627 633/633/633 642/642/642
f 633/633/633 638/638/638 642/642/642
f 633/633/633 630/630/630 638/638/638
f 636/636/636 651/651/651 646/646/646
f 636/636/636 642/642/642 651/651/651
f 642/642/642 647/647/647 651/651/651
f 642/642/642 639/639/639 647/647/647
f 645/645/645 660/660/660 655/655/655
f 645/645/645 651/651/651 660/660/660
f 651/651/651 656/656/656 660/660/660
f 651/651/651 648/648/648 656/656/656
f 654/654/654 669/669/669 664/664/664
f 654/654/654 660/660/660 669/669/669
f 660/660/660 665/665/665 669/669/669
f 660/660/660 657/657/657 665/665/665
f 663/663/663 678/678/678 673/673/673
f 663/663/663 669/669/669 678/678/678
f 669/669/669 674/674/674 678/678/678
f 669/669/669 666/666/666 674/674/674
f 672/672/672 687/687/687 682/682/682
f 672/672/672 678/678/678 687/687/687
f 678/678/678 683/683/683 687/687/687
f 678/678/678 675/675/675 683/683/683
f 681/681/681 696/696/696 691/691/691
f 681/681/681 687/687/687 696/696/696
f 687/687/687 692/692/692 696/696/696
f 687/687/687 684/684/684 692/692/692
f 690/690/690 703/703/703 702/702/702
f 690/690/690 696/696/696 703/703/703
f 696/696/696 697/697/697 703/703/703
f 696/696/696 693/693/693 697/697/697
f 585/585/585 708/708/708 704/704/704
f 585/585/585 591/591/591 708/708/708
f 591/591/591 707/707/707 708/708/708
f 591/591/591 590/590/590 707/707/707
f 704/704/704 713/713/713 709/709/709
f 704/704/704 708/708/708 713/713/713
f 708/708/708 712/712/712 713/713/713
f 708/708/708 707/707/707 712/712/712
f 709/709/709 718/718/718 716/716/716
f 709/709/709 713/713/713 718/718/718
f 713/713/713 715/715/715 718/718/718
f 713/713/713 712/712/712 715/715/715
f 785/785/785 724/724/724 719/719/719
f 785/785/785 790/790/790 724/724/724
f 789/789/789 722/722/722 723/723/723
f 789/789/789 788/788/788 722/722/722
f 538/538/538 729/729/729 725/725/725
f 538/538/538 540/540/540 729/729/729
f 540/540/540 728/728/728 729/729/729
f 540/540/540 536/536/536 728/728/728
f 725/725/725 734/734/734 730/730/730
f 725/725/725 729/729/729 734/734/734
f 729/729/729 733/733/733 734/734/734
f 729/729/729 728/728/728 733/733/733
f 730/730/730 741/741/741 737/737/737
f 730/730/730 734/734/734 741/741/741
f 734/734/734 736/736/736 741/741/741
f 734/734/734 733/733/733 736/736/736
f 772/772/772 751/751/751 742/742/742
f 772/772/772 778/778/778 751/751/751
f 777/777/777 748/748/748 750/750/750
f 777/777/777 766/766/766 748/748/748
f 793/793/793 776/776/776 772/772/772
f 793/793/793 795/795/795 776/776/776
f 795/795/795 770/770/770 776/776/776
f 795/795/795 792/792/792 770/770/770
f 845/845/845 774/774/774 771/771/771
f 845/845/845 846/846/846 774/774/774
f 846/846/846 766/766/766 774/774/774
f 846/846/846 842/842/842 766/766/766
f 743/743/743 784/784/784 781/781/781
f 743/743/743 751/751/751 784/784/784
f 750/750/750 780/780/780 783/783/783
f 750/750/750 749/749/749 780/780/780
f 719/719/719 761/761/761 754/754/754
f 719/719/719 724/724/724 761/761/761
f 723/723/723 753/753/753 760/760/760
f 723/723/723 722/722/722 753/753/753
f 950/950/950 547/547/547 546/546/546
f 950/950/950 951/951/951 547/547/547
f 951/951/951 541/541/541 547/547/547
f 951/951/951 946/946/946 541/541/541
f 931/931/931 795/795/795 793/793/793
f 931/931/931 934/934/934 795/795/795
f 934/934/934 792/792/792 795/795/795
f 934/934/934 929/929/929 792/792/792
f 754/754/754 802/802/802 796/796/796
f 754/754/754 763/763/763 802/802/802
f 763/763/763 801/801/801 802/802/802
f 763/763/763 758/758/758 801/801/801
f 759/759/759 809/809/809 804/804/804
f 759/759/759 764/764/764 809/809/809
f 764/764/764 805/805/805 809/809/809
f 764/764/764 753/753/753 805/805/805
f 804/804/804 814/814/814 811/811/811
f 804/804/804 809/809/809 814/814/814
f 809/809/809 812/812/812 814/814/814
f 809/809/809 806/806/806 812/812/812
f 811/811/811 819/819/819 816/816/816
f 811/811/811 814/814/814 819/819/819
f 814/814/814 817/817/817 819/819/819
f 814/814/814 812/812/812 817/817/817
f 816/816/816 824/824/824 821/821/821
f 816/816/816 819/819/819 824/824/824
f 819/819/819 822/822/822 824/824/824
f 819/819/819 817/817/817 822/822/822
f 965/965/965 829/829/829 826/826/826
f 965/965/965 966/966/966 829/829/829
f 966/966/966 827/827/827 829/829/829
f 966/966/966 962/962/962 827/827/827
f 840/840/840 834/834/834 831/831/831
f 840/840/840 841/841/841 834/834/834
f 841/841/841 832/832/832 834/834/834
f 841/841/841 835/835/835 832/832/832
f 826/826/826 841/841/841 839/839/839
f 826/826/826 829/829/829 841/841/841
f 829/829/829 835/835/835 841/841/841
f 829/829/829 827/827/827 835/835/835
f 831/831/831 846/846/846 845/845/845
f 831/831/831 834/834/834 846/846/846
f 834/834/834 842/842/842 846/846/846
f 834/834/834 832/832/832 842/842/842
f 796/796/796 855/855/855 848/848/848
f 796/796/796 802/802/802 855/855/855
f 802/802/802 854/854/854 855/855/855
f 802/802/802 800/800/800 854/854/854
f 847/847/847 864/864/864 857/857/857
f 847/847/847 855/855/855 864/864/864
f 855/855/855 863/863/863 864/864/864
f 855/855/855 853/853/853 863/863/863
f 856/856/856 873/873/873 866/866/866
f 856/856/856 864/864/864 873/873/873
f 864/864/864 872/872/872 873/873/873
f 864/864/864 862/862/862 872/872/872
f 865/865/865 882/882/882 875/875/875
f 865/865/865 873/873/873 882/882/882
f 873/873/873 881/881/881 882/882/882
f 873/873/873 871/871/871 881/881/881
f 874/874/874 891/891/891 884/884/884
f 874/874/874 882/882/882 891/891/891
f 882/882/882 890/890/890 891/891/891
f 882/882/882 880/880/880 890/890/890
f 883/883/883 900/900/900 893/893/893
f 883/883/883 891/891/891 900/900/900
f 891/891/891 899/899/899 900/900/900
f 891/891/891 889/889/889 899/899/899
f 892/892/892 909/909/909 902/902/902
f 892/892/892 900/900/900 909/909/909
f 900/900/900 908/908/908 909/909/909
f 900/900/900 898/898/898 908/908/908
f 901/901/901 918/918/918 911/911/911
f 901/901/901 909/909/909 918/918/918
f 909/909/909 917/917/917 918/918/918
f 909/909/909 907/907/907 917/917/917
f 910/910/910 927/927/927 920/920/920
f 910/910/910 918/918/918 927/927/927
f 918/918/918 926/926/926 927/927/927
f 918/918/918 916/916/916 926/926/926
f 919/919/919 934/934/934 930/930/930
f 919/919/919 927/927/927 934/934/934
f 927/927/927 929/929/929 934/934/934
f 927/927/927 925/925/925 929/929/929
f 821/821/821 939/939/939 936/936/936
f 821/821/821 824/824/824 939/939/939
f 824/824/824 937/937/937 939/939/939
f 824/824/824 822/822/822 937/937/937
f 936/936/936 944/944/944 941/941/941
f 936/936/936 939/939/939 944/944/944
f 939/939/939 942/942/942 944/944/944
f 939/939/939 937/937/937 942/942/942
f 941/941/941 951/951/951 950/950/950
f 941/941/941 944/944/944 951/951/951
f 944/944/944 945/945/945 951/951/951
f 944/944/944 942/942/942 945/945/945
f 537/537/537 956/956/956 953/953/953
f 537/537/537 540/540/540 956/956/956
f 540/540/540 954/954/954 956/956/956
f 540/540/540 538/538/538 954/954/954
f 953/953/953 961/961/961 958/958/958
f 953/953/953 956/956/956 961/961/961
f 956/956/956 959/959/959 961/961/961
f 956/956/956 954/954/954 959/959/959
f 958/958/958 966/966/966 965/965/965
f 958/958/958 961/961/961 966/966/966
f 961/961/961 962/962/962 966/966/966
f 961/961/961 959/959/959 962/962/962
f 516/516/516 982/982/982 980/980/980
f 516/516/516 521/521/521 982/982/982
f 520/520/520 975/975/975 981/981/981
f 520/520/520 508/508/508 975/975/975
f 529/529/529 974/974/974 972/972/972
f 529/529/529 533/533/533 974/974/974
f 532/532/532 968/968/968 973/973/973
f 532/532/532 530/530/530 968/968/968
f 498/498/498 96/96/96 570/570/570
f 498/498/498 16/16/16 96/96/96
o window_centered_large_01
v -1.4799932 -0.10652102 3.0999707
v -1.4799932 -0.10652102 3.0999707
v -1.4666599 -0.10652102 3.1133326
v -1.4666599 -0.10652102 3.1133326
v -1.4760879 -0.10652102 3.109419
v -1.4760879 -0.10652102 3.109419
v -1.4666599 -0.10652099 2.947075
v -1.4666599 -0.10652099 2.947075
v -1.4799932 -0.10652099 2.9604166
v -1.4799932 -0.10652099 2.9604166
v -1.4760879 -0.10652099 2.9509826
v -1.4760879 -0.10652099 2.9509826
v -1.4799932 -0.0078461614 3.0999697
v -1.4799932 -0.0078461614 3.0999697
v -1.4666599 -0.0061594665 3.1133326
v -1.4666599 -0.0061594665 3.1133326
v -1.4666599 -0.0061594665 3.1133326
v -1.4666599 -0.0061594665 3.1133326
v -1.4760879 -0.0066534854 3.1094187
v -1.4760879 -0.0066534854 3.1094187
v -1.4760879 -0.0066534854 3.1094187
v -1.4760879 -0.0066534854 3.1094187
v -1.4666599 0.18307194 3.0791605
v -1.4666599 0.18307194 3.0791605
v -1.4799932 0.18260869 3.0655755
v -1.4799932 0.18260869 3.0655755
v -1.4666599 0.2 3.0627701
v -1.4666599 0.2 3.0627701
v -1.4760879 0.18284034 3.0751294
v -1.4760879 0.18284034 3.0751294
v -1.474358 0.19274749 3.0717069
v -1.474358 0.19274749 3.0717069
v -1.474358 0.19274749 3.0717069
v -1.4760879 0.19481028 3.0635397
v -1.4760879 0.19481028 3.0635397
v -1.4666599 0.19513787 3.0731457
v -1.4666599 0.19513787 3.0731457
v -1.4666599 0.18297479 2.9470757
v -1.4666599 0.18297479 2.9470757
v -1.4666599 0.19999997 2.9576875
v -1.4666599 0.19999997 2.9576875
v -1.4799932 0.18260866 2.9607456
v -1.4799932 0.18260866 2.9607456
v -1.4666599 0.1950134 2.9490565
v -1.4666599 0.1950134 2.9490565
v -1.4743583 0.19257438 2.9513548
v -1.4743583 0.19257438 2.9513548
v -1.4743583 0.19257438 2.9513548
v -1.4760879 0.19490613 2.9592166
v -1.4760879 0.19490613 2.9592166
v -1.4760879 0.18205651 2.9512092
v -1.4760879 0.18205651 2.9512092
v -1.4799932 -0.021304943 2.9604173
v -1.4799932 -0.021304943 2.9604173
v -1.4666599 -0.022988994 2.9470754
v -1.4666599 -0.022988994 2.9470754
v -1.4666599 -0.022988994 2.9470754
v -1.4666599 -0.022988994 2.9470754
v -1.4760879 -0.022495753 2.9509832
v -1.4760879 -0.022495753 2.9509832
v -1.4760879 -0.022495753 2.9509832
v 1.466665 -0.10652102 3.1133326
v 1.466665 -0.10652102 3.1133326
v 1.4799983 -0.10652102 3.0999707
v 1.4799983 -0.10652102 3.0999707
v 1.476093 -0.10652102 3.109419
v 1.476093 -0.10652102 3.109419
v 1.4799983 -0.10652099 2.9604166
v 1.4799983 -0.10652099 2.9604166
v 1.466665 -0.10652099 2.947075
v 1.466665 -0.10652099 2.947075
v 1.476093 -0.10652099 2.9509826
v 1.476093 -0.10652099 2.9509826
v 1.466665 -0.0061594665 3.1133326
v 1.466665 -0.0061594665 3.1133326
v 1.466665 -0.0061594665 3.1133326
v 1.466665 -0.0061594665 3.1133326
v 1.4799983 -0.0078461614 3.0999697
v 1.4799983 -0.0078461614 3.0999697
v 1.476093 -0.0066534854 3.1094187
v 1.476093 -0.0066534854 3.1094187
v 1.476093 -0.0066534854 3.1094187
v 1.476093 -0.0066534854 3.1094187
v 1.466665 0.18307194 3.0791605
v 1.466665 0.18307194 3.0791605
v 1.466665 0.2 3.0627701
v 1.466665 0.2 3.0627701
v 1.4799983 0.18260869 3.0655755
v 1.4799983 0.18260869 3.0655755
v 1.466665 0.1950419 3.0730936
v 1.466665 0.1950419 3.0730936
v 1.4743634 0.19291918 3.0718112
v 1.4743634 0.19291918 3.0718112
v 1.4743634 0.19291918 3.0718112
v 1.476093 0.19490621 3.0641729
v 1.476093 0.19490621 3.0641729
v 1.4760933 0.18366584 3.0750493
v 1.4760933 0.18366584 3.0750493
v 1.466665 0.18297479 2.9470757
v 1.466665 0.18297479 2.9470757
v 1.4799983 0.18260866 2.9607456
v 1.4799983 0.18260866 2.9607456
v 1.466665 0.19999997 2.9576875
v 1.466665 0.19999997 2.9576875
v 1.4760928 0.18279172 2.9511491
v 1.4760928 0.18279172 2.9511491
v 1.4743629 0.19272691 2.9512108
v 1.4743629 0.19272691 2.9512108
v 1.4743629 0.19272691 2.9512108
v 1.4760928 0.19483036 2.958653
v 1.4760928 0.19483036 2.958653
v 1.4666648 0.19508925 2.9489868
v 1.4666648 0.19508925 2.9489868
v 1.466665 -0.022988994 2.9470754
v 1.466665 -0.022988994 2.9470754
v 1.466665 -0.022988994 2.9470754
v 1.466665 -0.022988994 2.9470754
v 1.4799983 -0.021304943 2.9604173
v 1.4799983 -0.021304943 2.9604173
v 1.476093 -0.022495753 2.9509832
v 1.476093 -0.022495753 2.9509832
v 1.476093 -0.022495753 2.9509832
v -1.3399965 -0.0061594665 3.1133326
v -1.3399965 -0.0061594665 3.1133326
v -1.3399965 -0.0061594665 3.1133326
v -1.3399965 -0.0061594665 3.1133326
v -1.3399965 0.18307194 3.0791605
v -1.3399965 0.18307194 3.0791605
v -1.3399965 0.18307194 3.0791605
v -1.3399965 0.18307194 3.0791605
v 1.3399989 0.19508545 2.9489903
v 1.3399989 0.19508545 2.9489903
v 1.3399989 0.19999997 2.9576875
v 1.3399989 0.19999997 2.9576875
v 1.3399989 0.2 3.0627701
v 1.3399989 0.2 3.0627701
v 1.3399989 0.1950419 3.0730936
v 1.3399989 0.1950419 3.0730936
v 1.3399989 -0.10652099 2.947075
v 1.3399989 -0.10652102 3.1133326
v 1.3399989 0.18307194 3.0791605
v 1.3399989 0.18307194 3.0791605
v 1.3399989 -0.0061594665 3.1133326
v 1.3399989 -0.0061594665 3.1133326
v 1.3399989 -0.022988994 2.9470754
v 1.3399989 -0.022988994 2.9470754
v 1.3399989 0.18297479 2.9470757
v 1.3399989 0.18297479 2.9470757
v -1.3399972 0.19508545 2.9489903
v -1.3399972 0.19508545 2.9489903
v -1.3399972 0.19508545 2.9489903
v -1.3399972 0.19508545 2.9489903
v -1.3399972 0.19999997 2.9576875
v -1.3399972 0.19999997 2.9576875
v -1.3399972 0.19999997 2.9576875
v -1.3399972 0.19999997 2.9576875
v -1.3399972 0.2 3.0627701
v -1.3399972 0.2 3.0627701
v -1.3399972 0.2 3.0627701
v -1.3399972 0.2 3.0627701
v -1.3399972 0.1950419 3.0730936
v -1.3399972 0.1950419 3.0730936
v -1.3399972 0.1950419 3.0730936
v -1.3399972 0.1950419 3.0730936
v -1.3399972 -0.10652099 2.947075
v -1.3399972 -0.10652099 2.947075
v -1.3399972 -0.10652102 3.1133326
v -1.3399972 -0.10652102 3.1133326
v -1.3399972 -0.022988994 2.9470754
v -1.3399972 -0.022988994 2.9470754
v -1.3399972 -0.022988994 2.9470754
v -1.3399972 -0.022988994 2.9470754
v -1.3399972 0.18297479 2.9470757
v -1.3399972 0.18297479 2.9470757
v -1.3399972 0.18297479 2.9470757
v -1.3399972 0.18297479 2.9470757
v 1.3066672 -0.1246377 2.4500008
v 1.3066672 -0.1246377 1.4700003
v 0.14519037 -0.1246377 1.4700003
v 1.0163008 -0.1246377 2.4500008
v 1.0163008 -0.1246377 1.4700003
v 0.72593064 -0.1246377 2.4500008
v 0.72593064 -0.1246377 1.4700003
v 0.43556047 -0.1246377 2.4500008
v 0.43556047 -0.1246377 1.4700003
v 0.14518401 -0.1246377 2.4500008
v -0.14518608 -0.1246377 2.4500008
v -0.14518608 -0.1246377 1.4700003
v -0.43555618 -0.1246377 2.4500008
v -0.43555618 -0.1246377 1.4700003
v -0.72592643 -0.1246377 2.4500008
v -0.72592643 -0.1246377 1.4700003
v -1.0162964 -0.1246377 2.4500008
v -1.0162964 -0.1246377 1.4700003
v -1.3066666 -0.1246377 2.4500008
v -1.3066666 -0.1246377 1.4700003
v 1.3066672 -0.1246377 0.9933335
v 1.3066672 -0.1246377 0.98000017
v 1.3066672 -0.1246377 2.926668
v 1.3066672 -0.1246377 2.940001
v 1.3066672 -0.1246377 1.9733338
v 1.3066672 -0.1246377 1.9466672
v 0.14519037 -0.1246377 2.940001
v 1.0163008 -0.1246377 1.9733338
v -1.3066666 -0.1246377 0.9933335
v -0.72592643 -0.1246377 0.98000017
v -0.14518608 -0.1246377 0.9933335
v -1.3066666 -0.1246377 2.926668
v -1.3066666 -0.1246377 2.940001
v -1.0162964 -0.1246377 2.926668
v -1.0162964 -0.1246377 2.940001
v -0.72592643 -0.1246377 2.926668
v -0.72592643 -0.1246377 2.940001
v -0.43555618 -0.1246377 2.940001
v -0.14518608 -0.1246377 2.926668
v -0.14518608 -0.1246377 1.9466672
v -0.43555618 -0.1246377 1.9466672
v -0.43555618 -0.1246377 1.9733338
v -0.72592643 -0.1246377 1.9466672
v -0.72592643 -0.1246377 1.9733338
v -1.0162964 -0.1246377 1.9466672
v -1.0162964 -0.1246377 1.9733338
v -1.3066666 -0.1246377 1.9733338
v 0.14518624 -0.1246377 0.98000002
v 1.3066672 -0.1246377 1.9600005
v 0.72593064 -0.1246377 1.9600005
v 0.72593064 -0.1246377 1.9733338
v 0.43556047 -0.1246377 1.9733338
v 0.43556047 -0.1246377 1.9600005
v 0.72593064 -0.1246377 1.9466672
v 0.43556047 -0.1246377 1.9466672
v 1.0163008 -0.1246377 1.9600005
v 1.0163008 -0.1246377 1.9466672
v 0.14519021 -0.1246377 1.9733338
v 0.14519037 -0.1246377 1.9600005
v 0.14519037 -0.1246377 1.9466672
v 0.43556047 -0.1246377 2.940001
v 0.43556047 -0.1246377 2.926668
v 0.14519021 -0.1246377 2.926668
v 0.72593064 -0.1246377 2.940001
v 1.0163008 -0.1246377 2.940001
v 1.0163008 -0.1246377 2.926668
v 0.72593064 -0.1246377 2.926668
v 0.72593064 -0.1246377 0.98000017
v 0.43556047 -0.1246377 0.98000017
v 0.43556047 -0.1246377 0.9933335
v 0.72593064 -0.1246377 0.9933335
v 1.0163008 -0.1246377 0.98000017
v 1.0163008 -0.1246377 0.9933335
v -1.0162964 -0.1246377 1.9600005
v -1.3066666 -0.1246377 1.9600005
v -1.3066666 -0.1246377 1.9466672
v -0.72592643 -0.1246377 1.9600005
v -0.43555618 -0.1246377 1.9600005
v -0.14518608 -0.1246377 1.9600005
v -0.14518608 -0.1246377 1.9733338
v -0.14518608 -0.1246377 2.940001
v -0.43555618 -0.1246377 2.926668
v -1.0162964 -0.1246377 0.98000017
v -1.3066666 -0.1246377 0.98000017
v -1.0162964 -0.1246377 0.9933335
v -0.72592643 -0.1246377 0.9933335
v -0.43555618 -0.1246377 0.98000017
v -0.43555618 -0.1246377 0.9933335
v -0.14518608 -0.1246377 0.98000017
v 0.1451864 -0.1246377 0.99333334
v 1.3000005 -0.1246377 2.443334
v 1.3000005 -0.1246377 2.443334
v 1.3000005 -0.1246377 2.443334
v 1.0229675 -0.1246377 2.443334
v 1.0229675 -0.1246377 2.443334
v 1.0229675 -0.1246377 2.443334
v 1.0229675 -0.1246377 1.9800005
v 1.0229675 -0.1246377 1.9800005
v 1.0229675 -0.1246377 1.9800005
v 1.3000005 -0.1246377 1.9800005
v 1.3000005 -0.1246377 1.9800005
v 1.3000005 -0.1246377 1.9800005
v 1.3000005 -0.1246377 1.476667
v 1.3000005 -0.1246377 1.476667
v 1.3000005 -0.1246377 1.476667
v 1.3000005 -0.1246377 1.9400005
v 1.3000005 -0.1246377 1.9400005
v 1.3000005 -0.1246377 1.9400005
v 1.0229675 -0.1246377 1.9400005
v 1.0229675 -0.1246377 1.9400005
v 1.0229675 -0.1246377 1.9400005
v 1.0229675 -0.1246377 1.476667
v 1.0229675 -0.1246377 1.476667
v 1.0229675 -0.1246377 1.476667
v -0.13851943 -0.1246377 2.4566673
v -0.13851943 -0.1246377 2.4566673
v -0.13851943 -0.1246377 2.4566673
v 0.13851752 -0.1246377 2.4566673
v 0.13851752 -0.1246377 2.4566673
v 0.13851752 -0.1246377 2.4566673
v 0.1385234 -0.1246377 2.9200012
v 0.1385234 -0.1246377 2.9200012
v 0.1385234 -0.1246377 2.9200012
v -0.13851943 -0.1246377 2.9200012
v -0.13851943 -0.1246377 2.9200012
v -0.13851943 -0.1246377 2.9200012
v 0.44222712 -0.1246377 1.476667
v 0.44222712 -0.1246377 1.476667
v 0.44222712 -0.1246377 1.476667
v 0.71926399 -0.1246377 1.476667
v 0.71926399 -0.1246377 1.476667
v 0.71926399 -0.1246377 1.476667
v 0.71926399 -0.1246377 1.9400005
v 0.71926399 -0.1246377 1.9400005
v 0.71926399 -0.1246377 1.9400005
v 0.44222712 -0.1246377 1.9400005
v 0.44222712 -0.1246377 1.9400005
v 0.44222712 -0.1246377 1.9400005
v 0.44222712 -0.1246377 2.443334
v 0.44222712 -0.1246377 2.443334
v 0.44222712 -0.1246377 2.443334
v 0.44222712 -0.1246377 1.9800005
v 0.44222712 -0.1246377 1.9800005
v 0.44222712 -0.1246377 1.9800005
v 0.71926399 -0.1246377 1.9800005
v 0.71926399 -0.1246377 1.9800005
v 0.71926399 -0.1246377 1.9800005
v 0.71926399 -0.1246377 2.443334
v 0.71926399 -0.1246377 2.443334
v 0.71926399 -0.1246377 2.443334
v 0.73259729 -0.1246377 1.476667
v 0.73259729 -0.1246377 1.476667
v 0.73259729 -0.1246377 1.476667
v 1.0096342 -0.1246377 1.476667
v 1.0096342 -0.1246377 1.476667
v 1.0096342 -0.1246377 1.476667
v 1.0096342 -0.1246377 1.9400005
v 1.0096342 -0.1246377 1.9400005
v 1.0096342 -0.1246377 1.9400005
v 0.73259729 -0.1246377 1.9400005
v 0.73259729 -0.1246377 1.9400005
v 0.73259729 -0.1246377 1.9400005
v 0.44222712 -0.1246377 1.0000002
v 0.44222712 -0.1246377 1.0000002
v 0.44222712 -0.1246377 1.0000002
v 0.71926399 -0.1246377 1.0000002
v 0.71926399 -0.1246377 1.0000002
v 0.71926399 -0.1246377 1.0000002
v 0.71926399 -0.1246377 1.4633337
v 0.71926399 -0.1246377 1.4633337
v 0.71926399 -0.1246377 1.4633337
v 0.44222712 -0.1246377 1.4633337
v 0.44222712 -0.1246377 1.4633337
v 0.44222712 -0.1246377 1.4633337
v -0.13851943 -0.1246377 1.9800005
v -0.13851943 -0.1246377 1.9800005
v -0.13851943 -0.1246377 1.9800005
v 0.1385234 -0.1246377 1.9800005
v 0.1385234 -0.1246377 1.9800005
v 0.1385234 -0.1246377 1.9800005
v 0.13851752 -0.1246377 2.443334
v 0.13851752 -0.1246377 2.443334
v 0.13851752 -0.1246377 2.443334
v -0.13851943 -0.1246377 2.443334
v -0.13851943 -0.1246377 2.443334
v -0.13851943 -0.1246377 2.443334
v 0.42889382 -0.1246377 1.476667
v 0.42889382 -0.1246377 1.476667
v 0.42889382 -0.1246377 1.476667
v 0.42889382 -0.1246377 1.9400005
v 0.42889382 -0.1246377 1.9400005
v 0.42889382 -0.1246377 1.9400005
v 0.15185702 -0.1246377 1.9400005
v 0.15185702 -0.1246377 1.9400005
v 0.15185702 -0.1246377 1.9400005
v 0.15185702 -0.1246377 1.476667
v 0.15185702 -0.1246377 1.476667
v 0.15185702 -0.1246377 1.476667
v -1.2999998 -0.1246377 1.476667
v -1.2999998 -0.1246377 1.476667
v -1.2999998 -0.1246377 1.476667
v -1.0229632 -0.1246377 1.476667
v -1.0229632 -0.1246377 1.476667
v -1.0229632 -0.1246377 1.476667
v -1.0229632 -0.1246377 1.9400005
v -1.0229632 -0.1246377 1.9400005
v -1.0229632 -0.1246377 1.9400005
v -1.2999998 -0.1246377 1.9400005
v -1.2999998 -0.1246377 1.9400005
v -1.2999998 -0.1246377 1.9400005
v -1.2999998 -0.1246377 1.9800005
v -1.2999998 -0.1246377 1.9800005
v -1.2999998 -0.1246377 1.9800005
v -1.0229632 -0.1246377 1.9800005
v -1.0229632 -0.1246377 1.9800005
v -1.0229632 -0.1246377 1.9800005
v -1.0229632 -0.1246377 2.443334
v -1.0229632 -0.1246377 2.443334
v -1.0229632 -0.1246377 2.443334
v -1.2999998 -0.1246377 2.443334
v -1.2999998 -0.1246377 2.443334
v -1.2999998 -0.1246377 2.443334
v -1.0096299 -0.1246377 1.9400005
v -1.0096299 -0.1246377 1.9400005
v -1.0096299 -0.1246377 1.9400005
v -1.0096299 -0.1246377 1.476667
v -1.0096299 -0.1246377 1.476667
v -1.0096299 -0.1246377 1.476667
v -0.73259324 -0.1246377 1.476667
v -0.73259324 -0.1246377 1.476667
v -0.73259324 -0.1246377 1.476667
v -0.73259324 -0.1246377 1.9400005
v -0.73259324 -0.1246377 1.9400005
v -0.73259324 -0.1246377 1.9400005
v -0.73259324 -0.1246377 2.443334
v -0.73259324 -0.1246377 2.443334
v -0.73259324 -0.1246377 2.443334
v -1.0096299 -0.1246377 2.443334
v -1.0096299 -0.1246377 2.443334
v -1.0096299 -0.1246377 2.443334
v -1.0096299 -0.1246377 1.9800005
v -1.0096299 -0.1246377 1.9800005
v -1.0096299 -0.1246377 1.9800005
v -0.73259324 -0.1246377 1.9800005
v -0.73259324 -0.1246377 1.9800005
v -0.73259324 -0.1246377 1.9800005
v -0.71925962 -0.1246377 1.9400005
v -0.71925962 -0.1246377 1.9400005
v -0.71925962 -0.1246377 1.9400005
v -0.71925962 -0.1246377 1.476667
v -0.71925962 -0.1246377 1.476667
v -0.71925962 -0.1246377 1.476667
v -0.44222283 -0.1246377 1.476667
v -0.44222283 -0.1246377 1.476667
v -0.44222283 -0.1246377 1.476667
v -0.44222283 -0.1246377 1.9400005
v -0.44222283 -0.1246377 1.9400005
v -0.44222283 -0.1246377 1.9400005
v -0.71925962 -0.1246377 1.9800005
v -0.71925962 -0.1246377 1.9800005
v -0.71925962 -0.1246377 1.9800005
v -0.44222283 -0.1246377 1.9800005
v -0.44222283 -0.1246377 1.9800005
v -0.44222283 -0.1246377 1.9800005
v -0.44222283 -0.1246377 2.443334
v -0.44222283 -0.1246377 2.443334
v -0.44222283 -0.1246377 2.443334
v -0.71925962 -0.1246377 2.443334
v -0.71925962 -0.1246377 2.443334
v -0.71925962 -0.1246377 2.443334
v -0.15185273 -0.1246377 1.9400005
v -0.15185273 -0.1246377 1.9400005
v -0.15185273 -0.1246377 1.9400005
v -0.42888952 -0.1246377 1.9400005
v -0.42888952 -0.1246377 1.9400005
v -0.42888952 -0.1246377 1.9400005
v -0.42888952 -0.1246377 1.476667
v -0.42888952 -0.1246377 1.476667
v -0.42888952 -0.1246377 1.476667
v -0.15185273 -0.1246377 1.476667
v -0.15185273 -0.1246377 1.476667
v -0.15185273 -0.1246377 1.476667
v -1.2999998 -0.1246377 1.0000002
v -1.2999998 -0.1246377 1.0000002
v -1.2999998 -0.1246377 1.0000002
v -1.0229632 -0.1246377 1.0000002
v -1.0229632 -0.1246377 1.0000002
v -1.0229632 -0.1246377 1.0000002
v -1.0229632 -0.1246377 1.4633337
v -1.0229632 -0.1246377 1.4633337
v -1.0229632 -0.1246377 1.4633337
v -1.2999998 -0.1246377 1.4633337
v -1.2999998 -0.1246377 1.4633337
v -1.2999998 -0.1246377 1.4633337
v 1.0096342 -0.1246377 2.443334
v 1.0096342 -0.1246377 2.443334
v 1.0096342 -0.1246377 2.443334
v 0.73259729 -0.1246377 2.443334
v 0.73259729 -0.1246377 2.443334
v 0.73259729 -0.1246377 2.443334
v 0.73259729 -0.1246377 1.9800005
v 0.73259729 -0.1246377 1.9800005
v 0.73259729 -0.1246377 1.9800005
v 1.0096342 -0.1246377 1.9800005
v 1.0096342 -0.1246377 1.9800005
v 1.0096342 -0.1246377 1.9800005
v -0.13851943 -0.1246377 1.476667
v -0.13851943 -0.1246377 1.476667
v -0.13851943 -0.1246377 1.476667
v 0.13852372 -0.1246377 1.476667
v 0.13852372 -0.1246377 1.476667
v 0.13852372 -0.1246377 1.476667
v 0.13852372 -0.1246377 1.9400005
v 0.13852372 -0.1246377 1.9400005
v 0.13852372 -0.1246377 1.9400005
v -0.13851943 -0.1246377 1.9400005
v -0.13851943 -0.1246377 1.9400005
v -0.13851943 -0.1246377 1.9400005
v -0.73259324 -0.1246377 2.9200012
v -0.73259324 -0.1246377 2.9200012
v -0.73259324 -0.1246377 2.9200012
v -1.0096299 -0.1246377 2.9200012
v -1.0096299 -0.1246377 2.9200012
v -1.0096299 -0.1246377 2.9200012
v -1.0096299 -0.1246377 2.4566673
v -1.0096299 -0.1246377 2.4566673
v -1.0096299 -0.1246377 2.4566673
v -0.73259324 -0.1246377 2.4566673
v -0.73259324 -0.1246377 2.4566673
v -0.73259324 -0.1246377 2.4566673
v -0.15185273 -0.1246377 2.9200012
v -0.15185273 -0.1246377 2.9200012
v -0.15185273 -0.1246377 2.9200012
v -0.42888952 -0.1246377 2.9200012
v -0.42888952 -0.1246377 2.9200012
v -0.42888952 -0.1246377 2.9200012
v -0.42888952 -0.1246377 2.4566673
v -0.42888952 -0.1246377 2.4566673
v -0.42888952 -0.1246377 2.4566673
v -0.15185273 -0.1246377 2.4566673
v -0.15185273 -0.1246377 2.4566673
v -0.15185273 -0.1246377 2.4566673
v -0.44222283 -0.1246377 2.9200012
v -0.44222283 -0.1246377 2.9200012
v -0.44222283 -0.1246377 2.9200012
v -0.71925962 -0.1246377 2.9200012
v -0.71925962 -0.1246377 2.9200012
v -0.71925962 -0.1246377 2.9200012
v -0.71925962 -0.1246377 2.4566673
v -0.71925962 -0.1246377 2.4566673
v -0.71925962 -0.1246377 2.4566673
v -0.44222283 -0.1246377 2.4566673
v -0.44222283 -0.1246377 2.4566673
v -0.44222283 -0.1246377 2.4566673
v -1.2999998 -0.1246377 2.4566673
v -1.2999998 -0.1246377 2.4566673
v -1.2999998 -0.1246377 2.4566673
v -1.0229632 -0.1246377 2.4566673
v -1.0229632 -0.1246377 2.4566673
v -1.0229632 -0.1246377 2.4566673
v -1.0229632 -0.1246377 2.9200012
v -1.0229632 -0.1246377 2.9200012
v -1.0229632 -0.1246377 2.9200012
v -1.2999998 -0.1246377 2.9200012
v -1.2999998 -0.1246377 2.9200012
v -1.2999998 -0.1246377 2.9200012
v -1.0096299 -0.1246377 1.0000002
v -1.0096299 -0.1246377 1.0000002
v -1.0096299 -0.1246377 1.0000002
v -0.73259324 -0.1246377 1.0000002
v -0.73259324 -0.1246377 1.0000002
v -0.73259324 -0.1246377 1.0000002
v -0.73259324 -0.1246377 1.4633337
v -0.73259324 -0.1246377 1.4633337
v -0.73259324 -0.1246377 1.4633337
v -1.0096299 -0.1246377 1.4633337
v -1.0096299 -0.1246377 1.4633337
v -1.0096299 -0.1246377 1.4633337
v 1.3000005 -0.1246377 2.9200012
v 1.3000005 -0.1246377 2.9200012
v 1.3000005 -0.1246377 2.9200012
v 1.0229675 -0.1246377 2.9200012
v 1.0229675 -0.1246377 2.9200012
v 1.0229675 -0.1246377 2.9200012
v 1.0229675 -0.1246377 2.4566673
v 1.0229675 -0.1246377 2.4566673
v 1.0229675 -0.1246377 2.4566673
v 1.3000005 -0.1246377 2.4566673
v 1.3000005 -0.1246377 2.4566673
v 1.3000005 -0.1246377 2.4566673
v -0.71925962 -0.1246377 1.4633337
v -0.71925962 -0.1246377 1.4633337
v -0.71925962 -0.1246377 1.4633337
v -0.71925962 -0.1246377 1.0000002
v -0.71925962 -0.1246377 1.0000002
v -0.71925962 -0.1246377 1.0000002
v -0.44222283 -0.1246377 1.0000002
v -0.44222283 -0.1246377 1.0000002
v -0.44222283 -0.1246377 1.0000002
v -0.44222283 -0.1246377 1.4633337
v -0.44222283 -0.1246377 1.4633337
v -0.44222283 -0.1246377 1.4633337
v 0.42889382 -0.1246377 2.9200012
v 0.42889382 -0.1246377 2.9200012
v 0.42889382 -0.1246377 2.9200012
v 0.15185671 -0.1246377 2.9200012
v 0.15185671 -0.1246377 2.9200012
v 0.15185671 -0.1246377 2.9200012
v 0.15185083 -0.1246377 2.4566673
v 0.15185083 -0.1246377 2.4566673
v 0.15185083 -0.1246377 2.4566673
v 0.42889382 -0.1246377 2.4566673
v 0.42889382 -0.1246377 2.4566673
v 0.42889382 -0.1246377 2.4566673
v -0.42888952 -0.1246377 1.0000002
v -0.42888952 -0.1246377 1.0000002
v -0.42888952 -0.1246377 1.0000002
v -0.15185273 -0.1246377 1.0000002
v -0.15185273 -0.1246377 1.0000002
v -0.15185273 -0.1246377 1.0000002
v -0.15185273 -0.1246377 1.4633337
v -0.15185273 -0.1246377 1.4633337
v -0.15185273 -0.1246377 1.4633337
v -0.42888952 -0.1246377 1.4633337
v -0.42888952 -0.1246377 1.4633337
v -0.42888952 -0.1246377 1.4633337
v 0.15185083 -0.1246377 2.443334
v 0.15185083 -0.1246377 2.443334
v 0.15185083 -0.1246377 2.443334
v 0.15185671 -0.1246377 1.9800005
v 0.15185671 -0.1246377 1.9800005
v 0.15185671 -0.1246377 1.9800005
v 0.42889382 -0.1246377 1.9800005
v 0.42889382 -0.1246377 1.9800005
v 0.42889382 -0.1246377 1.9800005
v 0.42889382 -0.1246377 2.443334
v 0.42889382 -0.1246377 2.443334
v 0.42889382 -0.1246377 2.443334
v -0.13851943 -0.1246377 1.0000002
v -0.13851943 -0.1246377 1.0000002
v -0.13851943 -0.1246377 1.0000002
v 0.13851975 -0.1246377 1
v 0.13851975 -0.1246377 1
v 0.13851975 -0.1246377 1
v 0.13852372 -0.1246377 1.4633337
v 0.13852372 -0.1246377 1.4633337
v 0.13852372 -0.1246377 1.4633337
v -0.13851943 -0.1246377 1.4633337
v -0.13851943 -0.1246377 1.4633337
v -0.13851943 -0.1246377 1.4633337
v 1.0096342 -0.1246377 2.9200012
v 1.0096342 -0.1246377 2.9200012
v 1.0096342 -0.1246377 2.9200012
v 0.73259729 -0.1246377 2.9200012
v 0.73259729 -0.1246377 2.9200012
v 0.73259729 -0.1246377 2.9200012
v 0.73259729 -0.1246377 2.4566673
v 0.73259729 -0.1246377 2.4566673
v 0.73259729 -0.1246377 2.4566673
v 1.0096342 -0.1246377 2.4566673
v 1.0096342 -0.1246377 2.4566673
v 1.0096342 -0.1246377 2.4566673
v 0.73259729 -0.1246377 1.0000002
v 0.73259729 -0.1246377 1.0000002
v 0.73259729 -0.1246377 1.0000002
v 1.0096342 -0.1246377 1.0000002
v 1.0096342 -0.1246377 1.0000002
v 1.0096342 -0.1246377 1.0000002
v 1.0096342 -0.1246377 1.4633337
v 1.0096342 -0.1246377 1.4633337
v 1.0096342 -0.1246377 1.4633337
v 0.73259729 -0.1246377 1.4633337
v 0.73259729 -0.1246377 1.4633337
v 0.73259729 -0.1246377 1.4633337
v 0.71926399 -0.1246377 2.9200012
v 0.71926399 -0.1246377 2.9200012
v 0.71926399 -0.1246377 2.9200012
v 0.44222712 -0.1246377 2.9200012
v 0.44222712 -0.1246377 2.9200012
v 0.44222712 -0.1246377 2.9200012
v 0.44222712 -0.1246377 2.4566673
v 0.44222712 -0.1246377 2.4566673
v 0.44222712 -0.1246377 2.4566673
v 0.71926399 -0.1246377 2.4566673
v 0.71926399 -0.1246377 2.4566673
v 0.71926399 -0.1246377 2.4566673
v 0.15185702 -0.1246377 1.4633337
v 0.15185702 -0.1246377 1.4633337
v 0.15185702 -0.1246377 1.4633337
v 0.15185305 -0.1246377 1
v 0.15185305 -0.1246377 1
v 0.15185305 -0.1246377 1
v 0.42889382 -0.1246377 1.0000002
v 0.42889382 -0.1246377 1.0000002
v 0.42889382 -0.1246377 1.0000002
v 0.42889382 -0.1246377 1.4633337
v 0.42889382 -0.1246377 1.4633337
v 0.42889382 -0.1246377 1.4633337
v -0.42888952 -0.1246377 1.9800005
v -0.42888952 -0.1246377 1.9800005
v -0.42888952 -0.1246377 1.9800005
v -0.15185273 -0.1246377 1.9800005
v -0.15185273 -0.1246377 1.9800005
v -0.15185273 -0.1246377 1.9800005
v -0.15185273 -0.1246377 2.443334
v -0.15185273 -0.1246377 2.443334
v -0.15185273 -0.1246377 2.443334
v -0.42888952 -0.1246377 2.443334
v -0.42888952 -0.1246377 2.443334
v -0.42888952 -0.1246377 2.443334
v 1.0229675 -0.1246377 1.4633337
v 1.0229675 -0.1246377 1.4633337
v 1.0229675 -0.1246377 1.4633337
v 1.0229675 -0.1246377 1.0000002
v 1.0229675 -0.1246377 1.0000002
v 1.0229675 -0.1246377 1.0000002
v 1.3000005 -0.1246377 1.0000002
v 1.3000005 -0.1246377 1.0000002
v 1.3000005 -0.1246377 1.0000002
v 1.3000005 -0.1246377 1.4633337
v 1.3000005 -0.1246377 1.4633337
v 1.3000005 -0.1246377 1.4633337
v 1.2866672 -0.14376815 2.4300007
v 1.2866672 -0.14376815 2.4300007
v 1.0363008 -0.14376815 2.4300007
v 1.0363008 -0.14376815 2.4300007
v 1.0363008 -0.14376815 1.9933338
v 1.0363008 -0.14376815 1.9933338
v 1.2866672 -0.14376815 1.9933338
v 1.2866672 -0.14376815 1.9933338
v 1.2866672 -0.14376815 1.4900003
v 1.2866672 -0.14376815 1.4900003
v 1.2866672 -0.14376815 1.9266672
v 1.2866672 -0.14376815 1.9266672
v 1.0363008 -0.14376815 1.9266672
v 1.0363008 -0.14376815 1.9266672
v 1.0363008 -0.14376815 1.4900003
v 1.0363008 -0.14376815 1.4900003
v -0.12518613 -0.14376815 2.4700007
v -0.12518613 -0.14376815 2.4700007
v 0.12518438 -0.14376815 2.4700007
v 0.12518438 -0.14376815 2.4700007
v 0.12518994 -0.14376815 2.9066679
v 0.12518994 -0.14376815 2.9066679
v -0.12518613 -0.14376815 2.9066679
v -0.12518613 -0.14376815 2.9066679
v 0.45556042 -0.14376815 1.4900003
v 0.45556042 -0.14376815 1.4900003
v 0.70593069 -0.14376815 1.4900003
v 0.70593069 -0.14376815 1.4900003
v 0.70593069 -0.14376815 1.9266672
v 0.70593069 -0.14376815 1.9266672
v 0.45556042 -0.14376815 1.9266672
v 0.45556042 -0.14376815 1.9266672
v 0.45556042 -0.14376815 2.4300007
v 0.45556042 -0.14376815 2.4300007
v 0.45556042 -0.14376815 1.9933338
v 0.45556042 -0.14376815 1.9933338
v 0.70593069 -0.14376815 1.9933338
v 0.70593069 -0.14376815 1.9933338
v 0.70593069 -0.14376815 2.4300007
v 0.70593069 -0.14376815 2.4300007
v 0.7459306 -0.14376815 1.4900003
v 0.7459306 -0.14376815 1.4900003
v 0.99630086 -0.14376815 1.4900003
v 0.99630086 -0.14376815 1.4900003
v 0.99630086 -0.14376815 1.9266672
v 0.99630086 -0.14376815 1.9266672
v 0.7459306 -0.14376815 1.9266672
v 0.7459306 -0.14376815 1.9266672
v 0.45556042 -0.14376815 1.0133335
v 0.45556042 -0.14376815 1.0133335
v 0.70593069 -0.14376815 1.0133335
v 0.70593069 -0.14376815 1.0133335
v 0.70593069 -0.14376815 1.4500004
v 0.70593069 -0.14376815 1.4500004
v 0.45556042 -0.14376815 1.4500004
v 0.45556042 -0.14376815 1.4500004
v -0.12518613 -0.14376815 1.9933338
v -0.12518613 -0.14376815 1.9933338
v 0.12518994 -0.14376815 1.9933338
v 0.12518994 -0.14376815 1.9933338
v 0.12518438 -0.14376815 2.4300007
v 0.12518438 -0.14376815 2.4300007
v -0.12518613 -0.14376815 2.4300007
v -0.12518613 -0.14376815 2.4300007
v 0.41556051 -0.14376815 1.4900003
v 0.41556051 -0.14376815 1.4900003
v 0.41556051 -0.14376815 1.9266672
v 0.41556051 -0.14376815 1.9266672
v 0.16519033 -0.14376815 1.9266672
v 0.16519033 -0.14376815 1.9266672
v 0.16519033 -0.14376815 1.4900003
v 0.16519033 -0.14376815 1.4900003
v -1.2866665 -0.14376815 1.4900003
v -1.2866665 -0.14376815 1.4900003
v -1.0362965 -0.14376815 1.4900003
v -1.0362965 -0.14376815 1.4900003
v -1.0362965 -0.14376815 1.9266672
v -1.0362965 -0.14376815 1.9266672
v -1.2866665 -0.14376815 1.9266672
v -1.2866665 -0.14376815 1.9266672
v -1.2866665 -0.14376815 1.9933338
v -1.2866665 -0.14376815 1.9933338
v -1.0362965 -0.14376815 1.9933338
v -1.0362965 -0.14376815 1.9933338
v -1.0362965 -0.14376815 2.4300007
v -1.0362965 -0.14376815 2.4300007
v -1.2866665 -0.14376815 2.4300007
v -1.2866665 -0.14376815 2.4300007
v -0.99629657 -0.14376815 1.9266672
v -0.99629657 -0.14376815 1.9266672
v -0.99629657 -0.14376815 1.4900003
v -0.99629657 -0.14376815 1.4900003
v -0.74592623 -0.14376815 1.4900003
v -0.74592623 -0.14376815 1.4900003
v -0.74592623 -0.14376815 1.9266672
v -0.74592623 -0.14376815 1.9266672
v -0.74592623 -0.14376815 2.4300007
v -0.74592623 -0.14376815 2.4300007
v -0.99629657 -0.14376815 2.4300007
v -0.99629657 -0.14376815 2.4300007
v -0.99629657 -0.14376815 1.9933338
v -0.99629657 -0.14376815 1.9933338
v -0.74592623 -0.14376815 1.9933338
v -0.74592623 -0.14376815 1.9933338
v -0.70592663 -0.14376815 1.9266672
v -0.70592663 -0.14376815 1.9266672
v -0.70592663 -0.14376815 1.4900003
v -0.70592663 -0.14376815 1.4900003
v -0.45555613 -0.14376815 1.4900003
v -0.45555613 -0.14376815 1.4900003
v -0.45555613 -0.14376815 1.9266672
v -0.45555613 -0.14376815 1.9266672
v -0.70592663 -0.14376815 1.9933338
v -0.70592663 -0.14376815 1.9933338
v -0.45555613 -0.14376815 1.9933338
v -0.45555613 -0.14376815 1.9933338
v -0.45555613 -0.14376815 2.4300007
v -0.45555613 -0.14376815 2.4300007
v -0.70592663 -0.14376815 2.4300007
v -0.70592663 -0.14376815 2.4300007
v -0.16518604 -0.14376815 1.9266672
v -0.16518604 -0.14376815 1.9266672
v -0.41555622 -0.14376815 1.9266672
v -0.41555622 -0.14376815 1.9266672
v -0.41555622 -0.14376815 1.4900003
v -0.41555622 -0.14376815 1.4900003
v -0.16518604 -0.14376815 1.4900003
v -0.16518604 -0.14376815 1.4900003
v -1.2866665 -0.14376815 1.0133335
v -1.2866665 -0.14376815 1.0133335
v -1.0362965 -0.14376815 1.0133335
v -1.0362965 -0.14376815 1.0133335
v -1.0362965 -0.14376815 1.4500004
v -1.0362965 -0.14376815 1.4500004
v -1.2866665 -0.14376815 1.4500004
v -1.2866665 -0.14376815 1.4500004
v 0.99630086 -0.14376815 2.4300007
v 0.99630086 -0.14376815 2.4300007
v 0.7459306 -0.14376815 2.4300007
v 0.7459306 -0.14376815 2.4300007
v 0.7459306 -0.14376815 1.9933338
v 0.7459306 -0.14376815 1.9933338
v 0.99630086 -0.14376815 1.9933338
v 0.99630086 -0.14376815 1.9933338
v -0.12518613 -0.14376815 1.4900003
v -0.12518613 -0.14376815 1.4900003
v 0.12519042 -0.14376815 1.4900003
v 0.12519042 -0.14376815 1.4900003
v 0.12519042 -0.14376815 1.9266672
v 0.12519042 -0.14376815 1.9266672
v -0.12518613 -0.14376815 1.9266672
v -0.12518613 -0.14376815 1.9266672
v -0.74592623 -0.14376815 2.9066679
v -0.74592623 -0.14376815 2.9066679
v -0.99629657 -0.14376815 2.9066679
v -0.99629657 -0.14376815 2.9066679
v -0.99629657 -0.14376815 2.4700007
v -0.99629657 -0.14376815 2.4700007
v -0.74592623 -0.14376815 2.4700007
v -0.74592623 -0.14376815 2.4700007
v -0.16518604 -0.14376815 2.9066679
v -0.16518604 -0.14376815 2.9066679
v -0.41555622 -0.14376815 2.9066679
v -0.41555622 -0.14376815 2.9066679
v -0.41555622 -0.14376815 2.4700007
v -0.41555622 -0.14376815 2.4700007
v -0.16518604 -0.14376815 2.4700007
v -0.16518604 -0.14376815 2.4700007
v -0.45555613 -0.14376815 2.9066679
v -0.45555613 -0.14376815 2.9066679
v -0.70592663 -0.14376815 2.9066679
v -0.70592663 -0.14376815 2.9066679
v -0.70592663 -0.14376815 2.4700007
v -0.70592663 -0.14376815 2.4700007
v -0.45555613 -0.14376815 2.4700007
v -0.45555613 -0.14376815 2.4700007
v -1.2866665 -0.14376815 2.4700007
v -1.2866665 -0.14376815 2.4700007
v -1.0362965 -0.14376815 2.4700007
v -1.0362965 -0.14376815 2.4700007
v -1.0362965 -0.14376815 2.9066679
v -1.0362965 -0.14376815 2.9066679
v -1.2866665 -0.14376815 2.9066679
v -1.2866665 -0.14376815 2.9066679
v -0.99629657 -0.14376815 1.0133335
v -0.99629657 -0.14376815 1.0133335
v -0.74592623 -0.14376815 1.0133335
v -0.74592623 -0.14376815 1.0133335
v -0.74592623 -0.14376815 1.4500004
v -0.74592623 -0.14376815 1.4500004
v -0.99629657 -0.14376815 1.4500004
v -0.99629657 -0.14376815 1.4500004
v 1.2866672 -0.14376815 2.9066679
v 1.2866672 -0.14376815 2.9066679
v 1.0363008 -0.14376815 2.9066679
v 1.0363008 -0.14376815 2.9066679
v 1.0363008 -0.14376815 2.4700007
v 1.0363008 -0.14376815 2.4700007
v 1.2866672 -0.14376815 2.4700007
v 1.2866672 -0.14376815 2.4700007
v -0.70592663 -0.14376815 1.4500004
v -0.70592663 -0.14376815 1.4500004
v -0.70592663 -0.14376815 1.0133335
v -0.70592663 -0.14376815 1.0133335
v -0.45555613 -0.14376815 1.0133335
v -0.45555613 -0.14376815 1.0133335
v -0.45555613 -0.14376815 1.4500004
v -0.45555613 -0.14376815 1.4500004
v 0.41556051 -0.14376815 2.9066679
v 0.41556051 -0.14376815 2.9066679
v 0.16518985 -0.14376815 2.9066679
v 0.16518985 -0.14376815 2.9066679
v 0.16518429 -0.14376815 2.4700007
v 0.16518429 -0.14376815 2.4700007
v 0.41556051 -0.14376815 2.4700007
v 0.41556051 -0.14376815 2.4700007
v -0.41555622 -0.14376815 1.0133335
v -0.41555622 -0.14376815 1.0133335
v -0.16518604 -0.14376815 1.0133335
v -0.16518604 -0.14376815 1.0133335
v -0.16518604 -0.14376815 1.4500004
v -0.16518604 -0.14376815 1.4500004
v -0.41555622 -0.14376815 1.4500004
v -0.41555622 -0.14376815 1.4500004
v 0.16518429 -0.14376815 2.4300007
v 0.16518429 -0.14376815 2.4300007
v 0.16518985 -0.14376815 1.9933338
v 0.16518985 -0.14376815 1.9933338
v 0.41556051 -0.14376815 1.9933338
v 0.41556051 -0.14376815 1.9933338
v 0.41556051 -0.14376815 2.4300007
v 0.41556051 -0.14376815 2.4300007
v -0.12518613 -0.14376815 1.0133335
v -0.12518613 -0.14376815 1.0133335
v 0.1251866 -0.14376815 1.0133333
v 0.1251866 -0.14376815 1.0133333
v 0.12519026 -0.14376815 1.4500004
v 0.12519026 -0.14376815 1.4500004
v -0.12518613 -0.14376815 1.4500004
v -0.12518613 -0.14376815 1.4500004
v 0.99630086 -0.14376815 2.9066679
v 0.99630086 -0.14376815 2.9066679
v 0.7459306 -0.14376815 2.9066679
v 0.7459306 -0.14376815 2.9066679
v 0.7459306 -0.14376815 2.4700007
v 0.7459306 -0.14376815 2.4700007
v 0.99630086 -0.14376815 2.4700007
v 0.99630086 -0.14376815 2.4700007
v 0.7459306 -0.14376815 1.0133335
v 0.7459306 -0.14376815 1.0133335
v 0.99630086 -0.14376815 1.0133335
v 0.99630086 -0.14376815 1.0133335
v 0.99630086 -0.14376815 1.4500004
v 0.99630086 -0.14376815 1.4500004
v 0.7459306 -0.14376815 1.4500004
v 0.7459306 -0.14376815 1.4500004
v 0.70593069 -0.14376815 2.9066679
v 0.70593069 -0.14376815 2.9066679
v 0.45556042 -0.14376815 2.9066679
v 0.45556042 -0.14376815 2.9066679
v 0.45556042 -0.14376815 2.4700007
v 0.45556042 -0.14376815 2.4700007
v 0.70593069 -0.14376815 2.4700007
v 0.70593069 -0.14376815 2.4700007
v 0.16519017 -0.14376815 1.4500004
v 0.16519017 -0.14376815 1.4500004
v 0.16518651 -0.14376815 1.0133333
v 0.16518651 -0.14376815 1.0133333
v 0.41556051 -0.14376815 1.0133335
v 0.41556051 -0.14376815 1.0133335
v 0.41556051 -0.14376815 1.4500004
v 0.41556051 -0.14376815 1.4500004
v -0.41555622 -0.14376815 1.9933338
v -0.41555622 -0.14376815 1.9933338
v -0.16518604 -0.14376815 1.9933338
v -0.16518604 -0.14376815 1.9933338
v -0.16518604 -0.14376815 2.4300007
v -0.16518604 -0.14376815 2.4300007
v -0.41555622 -0.14376815 2.4300007
v -0.41555622 -0.14376815 2.4300007
v 1.0363008 -0.14376815 1.4500004
v 1.0363008 -0.14376815 1.4500004
v 1.0363008 -0.14376815 1.0133335
v 1.0363008 -0.14376815 1.0133335
v 1.2866672 -0.14376815 1.0133335
v 1.2866672 -0.14376815 1.0133335
v 1.2866672 -0.14376815 1.4500004
v 1.2866672 -0.14376815 1.4500004
v -9.536731e-07 -0.1246377 2.4500008
v 2.2252372e-06 -0.1246377 1.4700003
v 2.0662917e-06 -0.1246377 1.9733338
v 2.2252372e-06 -0.1246377 1.9600005
v 0 -0.1246377 0.98000002
v 1.5894552e-07 -0.1246377 0.99333334
v 2.2252372e-06 -0.1246377 1.9466672
v 2.2252372e-06 -0.1246377 2.940001
v 2.0662917e-06 -0.1246377 2.926668
v -9.536731e-07 -0.1246377 2.4566673
v -9.536731e-07 -0.1246377 2.4566673
v 1.9073462e-06 -0.1246377 2.9200012
v 1.9073462e-06 -0.1246377 2.9200012
v 1.9073462e-06 -0.1246377 1.9800005
v 1.9073462e-06 -0.1246377 1.9800005
v -9.536731e-07 -0.1246377 2.443334
v -9.536731e-07 -0.1246377 2.443334
v 2.2252372e-06 -0.1246377 1.476667
v 2.2252372e-06 -0.1246377 1.476667
v 2.2252372e-06 -0.1246377 1.9400005
v 2.2252372e-06 -0.1246377 1.9400005
v 1.5894552e-07 -0.1246377 1.0000002
v 1.5894552e-07 -0.1246377 1.0000002
v 2.2252372e-06 -0.1246377 1.4633337
v 2.2252372e-06 -0.1246377 1.4633337
v -9.536731e-07 -0.14376815 2.4700007
v 1.9073462e-06 -0.14376815 2.9066679
v 1.9073462e-06 -0.14376815 1.9933338
v -9.536731e-07 -0.14376815 2.4300007
v 2.2252372e-06 -0.14376815 1.4900003
v 2.2252372e-06 -0.14376815 1.9266672
v 3.1789103e-07 -0.14376815 1.0133335
v 2.0662917e-06 -0.14376815 1.4500004
v -1.3999924 -0.10652102 0.93996961
v -1.3999924 -0.10652102 0.93996961
v -1.3866591 -0.10652102 0.95333146
v -1.3866591 -0.10652102 0.95333146
v -1.3960871 -0.10652102 0.9494179
v -1.3960871 -0.10652102 0.9494179
v -1.3866591 -0.10652099 0.81999792
v -1.3866591 -0.10652099 0.81999792
v -1.3999924 -0.10652099 0.83333951
v -1.3999924 -0.10652099 0.83333951
v -1.3960871 -0.10652099 0.8239056
v -1.3960871 -0.10652099 0.8239056
v -1.3999924 -0.0078461614 0.93996842
v -1.3999924 -0.0078461614 0.93996842
v -1.3960871 -0.0066534854 0.9494175
v -1.3960871 -0.0066534854 0.9494175
v -1.3960871 -0.0066534854 0.9494175
v -1.3960871 -0.0066534854 0.9494175
v -1.3866591 0.18307194 0.91915932
v -1.3866591 0.18307194 0.91915932
v -1.3866591 0.18307194 0.91915932
v -1.3999924 0.18260869 0.90557423
v -1.3999924 0.18260869 0.90557423
v -1.3960871 0.18284034 0.91512822
v -1.3960871 0.18284034 0.91512822
v -1.3943572 0.19274749 0.91170588
v -1.3943572 0.19274749 0.91170588
v -1.3943572 0.19274749 0.91170588
v -1.3960871 0.19481028 0.90353853
v -1.3960871 0.19481028 0.90353853
v -1.3866591 0.19513787 0.91314465
v -1.3866591 0.19513787 0.91314465
v -1.3866591 0.19513787 0.91314465
v -1.3866591 0.19513787 0.91314465
v -1.3866591 0.18297479 0.78707453
v -1.3866591 0.18297479 0.78707453
v -1.3866591 0.18297479 0.78707453
v -1.3866591 0.19999997 0.79768639
v -1.3866591 0.19999997 0.79768639
v -1.3866591 0.19999997 0.79768639
v -1.3999924 0.18260866 0.80074458
v -1.3999924 0.18260866 0.80074458
v -1.3866591 0.1950134 0.78905539
v -1.3866591 0.1950134 0.78905539
v -1.3866591 0.1950134 0.78905539
v -1.3866591 0.1950134 0.78905539
v -1.3943575 0.19257438 0.79135359
v -1.3943575 0.19257438 0.79135359
v -1.3943575 0.19257438 0.79135359
v -1.3960871 0.19490613 0.79921544
v -1.3960871 0.19490613 0.79921544
v -1.3960871 0.18205651 0.79120823
v -1.3960871 0.18205651 0.79120823
v -1.3999924 -0.021304943 0.83334014
v -1.3999924 -0.021304943 0.83334014
v -1.3866591 -0.022988994 0.81999816
v -1.3866591 -0.022988994 0.81999816
v -1.3866591 -0.022988994 0.81999816
v -1.3866591 -0.022988994 0.81999816
v -1.3960871 -0.022495753 0.82390592
v -1.3960871 -0.022495753 0.82390592
v -1.3960871 -0.022495753 0.82390592
v 1.3866642 -0.10652102 0.95333146
v 1.3866642 -0.10652102 0.95333146
v 1.3999975 -0.10652102 0.93996961
v 1.3999975 -0.10652102 0.93996961
v 1.3960922 -0.10652102 0.9494179
v 1.3960922 -0.10652102 0.9494179
v 1.3999975 -0.10652099 0.83333951
v 1.3999975 -0.10652099 0.83333951
v 1.3866642 -0.10652099 0.81999792
v 1.3866642 -0.10652099 0.81999792
v 1.3960922 -0.10652099 0.8239056
v 1.3960922 -0.10652099 0.8239056
v 1.3866642 -0.0061594665 0.95333146
v 1.3866642 -0.0061594665 0.95333146
v 1.3866642 -0.0061594665 0.95333146
v 1.3866642 -0.0061594665 0.95333146
v 1.3999975 -0.0078461614 0.93996842
v 1.3999975 -0.0078461614 0.93996842
v 1.3960922 -0.0066534854 0.9494175
v 1.3960922 -0.0066534854 0.9494175
v 1.3960922 -0.0066534854 0.9494175
v 1.3960922 -0.0066534854 0.9494175
v 1.3866642 0.18307194 0.91915932
v 1.3866642 0.18307194 0.91915932
v 1.3866642 0.2 0.90276907
v 1.3866642 0.2 0.90276907
v 1.3999975 0.18260869 0.90557423
v 1.3999975 0.18260869 0.90557423
v 1.3866642 0.1950419 0.91309252
v 1.3866642 0.1950419 0.91309252
v 1.3943626 0.19291918 0.91181015
v 1.3943626 0.19291918 0.91181015
v 1.3943626 0.19291918 0.91181015
v 1.3960922 0.19490621 0.90417161
v 1.3960922 0.19490621 0.90417161
v 1.3960925 0.18366584 0.91504811
v 1.3960925 0.18366584 0.91504811
v 1.3866642 0.18297479 0.78707453
v 1.3866642 0.18297479 0.78707453
v 1.3999975 0.18260866 0.80074458
v 1.3999975 0.18260866 0.80074458
v 1.3866642 0.19999997 0.79768639
v 1.3866642 0.19999997 0.79768639
v 1.3960921 0.18279172 0.79114815
v 1.3960921 0.18279172 0.79114815
v 1.3943621 0.19272691 0.79120974
v 1.3943621 0.19272691 0.79120974
v 1.3943621 0.19272691 0.79120974
v 1.3960921 0.19483036 0.79865182
v 1.3960921 0.19483036 0.79865182
v 1.3866641 0.19508925 0.78898562
v 1.3866641 0.19508925 0.78898562
v 1.3866642 -0.022988994 0.81999816
v 1.3866642 -0.022988994 0.81999816
v 1.3866642 -0.022988994 0.81999816
v 1.3866642 -0.022988994 0.81999816
v 1.3999975 -0.021304943 0.83334014
v 1.3999975 -0.021304943 0.83334014
v 1.3960922 -0.022495753 0.82390592
v 1.3960922 -0.022495753 0.82390592
v 1.3960922 -0.022495753 0.82390592
v 2.8610193e-06 0.2 0.90276907
v 2.8610193e-06 0.2 0.90276907
v 2.8610193e-06 -0.0061594665 0.95333146
v 2.8610193e-06 -0.0061594665 0.95333146
v 2.5431283e-06 -0.10652102 0.95333146
v 2.5431283e-06 0.19999997 0.79768639
v 2.5431283e-06 0.19999997 0.79768639
v 2.5431283e-06 0.18307194 0.91915932
v 2.5431283e-06 0.18307194 0.91915932
v 2.5431283e-06 -0.10652099 0.81999792
v 2.5431283e-06 -0.022988994 0.81999816
v 2.5431283e-06 -0.022988994 0.81999816
v 2.7020738e-06 0.1950899 0.91311859
v 2.7020738e-06 0.1950899 0.91311859
v 2.5431283e-06 0.19505134 0.7890205
v 2.5431283e-06 0.19505134 0.7890205
v 2.5431283e-06 0.18297479 0.78707453
v 2.5431283e-06 0.18297479 0.78707453
v -1.3866585 0.2 0.90276907
v -1.3866585 0.2 0.90276907
v -1.3866585 0.2 0.90276907
v -1.3866585 -0.0061594795 0.95333146
v -1.3866585 -0.0061594795 0.95333146
v -1.3866585 -0.0061594795 0.95333146
v -1.3866585 -0.0061594795 0.95333146
v 1.3333334 -0.060869588 0.95333337
v 1.3333334 -0.060869588 0.95333337
v 1.3066668 -0.17681162 0.9800001
v 1.3066668 -0.17681162 0.9800001
v 1.3066668 -0.060869562 0.98000002
v 1.3066668 -0.060869562 0.98000002
v 1.3066668 -0.060869562 0.98000002
v 1.3066668 -0.060869562 0.98000002
v -1.3066676 -0.060869562 0.98000002
v -1.3066676 -0.060869562 0.98000002
v -1.3066676 -0.060869562 0.98000002
v -1.3066676 -0.060869562 0.98000002
v 1.3333337 -0.060869588 2.9666664
v 1.3333337 -0.060869588 2.9666664
v -1.3066669 -0.17681162 2.9399997
v -1.3066669 -0.17681162 2.9399997
v 1.3066671 -0.17681162 2.9399997
v 1.3066671 -0.17681162 2.9399997
v 1.3066673 -0.060869562 2.9399997
v 1.3066673 -0.060869562 2.9399997
v 1.3066673 -0.060869562 2.9399997
v 1.3066673 -0.060869562 2.9399997
v -1.5894552e-07 -0.060869588 0.95333337
v -3.1789103e-07 -0.060869562 0.98000002
v -3.1789103e-07 -0.060869562 0.98000002
v -3.1789103e-07 -0.17681162 0.9800001
v -1.3333342 -0.060869588 2.9666664
v -1.3333342 -0.060869588 2.9666664
v -1.3066676 -0.060869562 2.9399997
v -1.3066676 -0.060869562 2.9399997
v -1.3066676 -0.060869562 2.9399997
v -1.3066676 -0.060869562 2.9399997
v -1.3066673 -0.17681162 0.9800001
v -1.3066673 -0.17681162 0.9800001
v -1.3333339 -0.060869588 0.95333329
v -1.3333339 -0.060869588 0.95333329
vt 0.17233442 0.5097512
vt 0.17233442 0.5097512
vt 0.73666751 0.87433821
vt 0.73666751 0.87433821
vt 0.17283536 0.50644851
vt 0.74000084 0.87433821
vt 0.73666739 0.75714707
vt 0.73666739 0.75714707
vt 0.16833672 0.53610724
vt 0.16833672 0.53610724
vt 0.16783653 0.53940493
vt 0.74000072 0.75714707
vt 0.15363553 0.50691527
vt 0.15363553 0.50691527
vt 0.73666751 0.89357424
vt 0.73666751 0.83374298
vt 0.73666751 0.89357424
vt 0.73666751 0.83374298
vt 0.15368515 0.50357449
vt 0.15391052 0.50357807
vt 0.74000084 0.89347947
vt 0.74000084 0.83387518
vt 0.73666763 0.87100494
vt 0.73666763 0.87100494
vt 0.11625498 0.50994223
vt 0.11625498 0.50994223
vt 0.73666751 0.8041392
vt 0.73666751 0.8041392
vt 0.11648928 0.50658619
vt 0.74000084 0.87119275
vt 0.11318921 0.50792676
vt 0.73859197 0.80080581
vt 0.74000084 0.87323725
vt 0.11288302 0.50994551
vt 0.74000084 0.80394673
vt 0.73666745 0.80080581
vt 0.73666751 0.87433827
vt 0.73666739 0.7604804
vt 0.73666739 0.7604804
vt 0.73666751 0.83040994
vt 0.73666751 0.83040994
vt 0.11232482 0.53585327
vt 0.11232482 0.53585327
vt 0.73666739 0.75714701
vt 0.73666751 0.83374321
vt 0.1101625 0.53930867
vt 0.73859197 0.75714701
vt 0.74000084 0.83199304
vt 0.10897183 0.53573132
vt 0.74000084 0.83002758
vt 0.11212558 0.53920054
vt 0.74000072 0.7608636
vt 0.15218833 0.53365773
vt 0.15218833 0.53365773
vt 0.73666739 0.80080575
vt 0.73666739 0.74113673
vt 0.73666739 0.80080575
vt 0.73666739 0.74113673
vt 0.15200727 0.53700393
vt 0.74000072 0.80080575
vt 0.74000072 0.74113673
vt 0.0033333634 0.87433881
vt 0.0033333634 0.87433881
vt 0.094209433 0.55860817
vt 0.094209433 0.55860817
vt 2.9802322e-08 0.87433881
vt 0.094710395 0.56191087
vt 0.090211675 0.53225213
vt 0.090211675 0.53225213
vt 0.0033333297 0.75714737
vt 0.0033333297 0.75714737
vt 2.9802322e-08 0.75714737
vt 0.089711472 0.52895445
vt 0.0033333299 0.89357477
vt 0.0033333634 0.83374357
vt 0.0033333299 0.89357477
vt 0.0033333634 0.83374357
vt 0.075510554 0.5614441
vt 0.075510554 0.5614441
vt 2.9802322e-08 0.89348006
vt 2.9802322e-08 0.83387578
vt 0.075560182 0.56478494
vt 0.07578554 0.56478131
vt 0.0033333637 0.87100554
vt 0.0033333637 0.87100554
vt 0.0033333632 0.80413938
vt 0.0033333632 0.80413938
vt 0.038130023 0.55841714
vt 0.038130023 0.55841714
vt 0.0033333299 0.87433887
vt 0.0033333632 0.80080605
vt 2.9802322e-08 0.80187911
vt 0.0014087557 0.87433887
vt 0.036300588 0.56160605
vt 2.9802322e-08 0.80378878
vt 0.034781799 0.55857038
vt 2.9802322e-08 0.87135202
vt 0.038206246 0.56176037
vt 0.0033333602 0.7604807
vt 0.0033333602 0.7604807
vt 0.034199793 0.53250611
vt 0.034199793 0.53250611
vt 0.0033333634 0.83041012
vt 0.0033333634 0.83041012
vt 2.9802322e-08 0.76072294
vt 0.033859748 0.52915108
vt 2.9802322e-08 0.7588619
vt 0.0014088748 0.83374345
vt 0.030546675 0.53064924
vt 2.9802322e-08 0.83016872
vt 0.030825691 0.5324887
vt 0.0033333893 0.83374345
vt 0.0033334028 0.75714743
vt 0.0033333297 0.80080611
vt 0.0033333632 0.74113709
vt 0.0033333297 0.80080611
vt 0.0033333632 0.74113709
vt 0.074063323 0.53470165
vt 0.074063323 0.53470165
vt 2.9802322e-08 0.80080611
vt 2.9802322e-08 0.74113709
vt 0.073882237 0.53135544
vt 0.7050001 0.83374262
vt 0.70500022 0.89357507
vt 0.70500159 0.89357424
vt 0.70500159 0.83374298
vt 0.70499998 0.87100548
vt 0.70500171 0.87100494
vt 0.70499992 0.8710047
vt 0.70500171 0.87100494
vt 0.034999948 0.83374345
vt 0.03499997 0.75714743
vt 0.034999929 0.83041006
vt 0.034999929 0.83041024
vt 0.034999933 0.80413938
vt 0.034999929 0.80413938
vt 0.034999907 0.87433887
vt 0.034999933 0.80080605
vt 0.034999907 0.75714731
vt 0.034999933 0.87433887
vt 0.034999929 0.87100548
vt 0.034999929 0.87100554
vt 0.034999911 0.89357477
vt 0.034999933 0.83374357
vt 0.034999911 0.80080616
vt 0.034999929 0.74113715
vt 0.034999926 0.76048052
vt 0.034999929 0.76048076
vt 0.70500052 0.75713676
vt 0.70500147 0.75714701
vt 0.70500159 0.83375216
vt 0.70500159 0.83374321
vt 0.70500004 0.83040929
vt 0.70500159 0.83041
vt 0.70500159 0.83040994
vt 0.70500296 0.83041906
vt 0.70500004 0.80413783
vt 0.70500159 0.8041392
vt 0.70500004 0.80413902
vt 0.70500153 0.80413926
vt 0.70500004 0.87433869
vt 0.70500004 0.80080593
vt 0.70500159 0.87433815
vt 0.70500159 0.80080593
vt 0.7050001 0.7571466
vt 0.70500147 0.75714707
vt 0.70500028 0.87433964
vt 0.70500159 0.87433827
vt 0.70500004 0.74113667
vt 0.70500094 0.800807
vt 0.70500147 0.80080581
vt 0.70500147 0.74113679
vt 0.70500028 0.76046956
vt 0.70500147 0.76048046
vt 0.70500064 0.76048172
vt 0.70500147 0.7604804
vt 0.16296366 0.12250024
vt 0.16296357 0.36750025
vt 0.45333308 0.36750031
vt 0.23555532 0.12250024
vt 0.23555529 0.36750031
vt 0.30814791 0.12250024
vt 0.30814785 0.36750031
vt 0.38074052 0.1225003
vt 0.38074052 0.36750031
vt 0.45333469 0.1225003
vt 0.52592731 0.1225003
vt 0.52592731 0.36750031
vt 0.59851992 0.1225003
vt 0.59851992 0.36750031
vt 0.6711126 0.1225003
vt 0.67111254 0.36750036
vt 0.74370515 0.1225003
vt 0.74370515 0.36750036
vt 0.81629777 0.1225003
vt 0.81629765 0.36750036
vt 0.16296357 0.48666698
vt 0.16296357 0.49000031
vt 0.16296366 0.003333509
vt 0.16296366 1.7881393e-07
vt 0.16296357 0.24166697
vt 0.16296357 0.24833363
vt 0.45333317 2.3841858e-07
vt 0.23555529 0.24166697
vt 0.81629765 0.48666704
vt 0.67111254 0.49000037
vt 0.52592725 0.48666704
vt 0.81629777 0.0033335686
vt 0.81629777 2.3841858e-07
vt 0.74370521 0.0033335686
vt 0.74370521 2.3841858e-07
vt 0.6711126 0.0033335686
vt 0.6711126 2.3841858e-07
vt 0.59851992 2.3841858e-07
vt 0.52592731 0.0033335686
vt 0.52592731 0.24833363
vt 0.59851992 0.24833369
vt 0.59851992 0.24166703
vt 0.6711126 0.24833369
vt 0.6711126 0.24166703
vt 0.74370515 0.24833369
vt 0.74370515 0.24166703
vt 0.81629765 0.24166703
vt 0.45333415 0.49000037
vt 0.16296357 0.2450003
vt 0.30814791 0.2450003
vt 0.30814791 0.24166697
vt 0.38074052 0.24166697
vt 0.38074052 0.2450003
vt 0.30814791 0.24833363
vt 0.38074052 0.24833363
vt 0.23555529 0.2450003
vt 0.23555529 0.24833363
vt 0.45333314 0.24166697
vt 0.45333314 0.2450003
vt 0.45333314 0.24833363
vt 0.38074061 2.3841858e-07
vt 0.38074061 0.0033335686
vt 0.45333317 0.0033335686
vt 0.30814791 1.7881393e-07
vt 0.23555532 1.7881393e-07
vt 0.23555532 0.003333509
vt 0.30814791 0.003333509
vt 0.30814785 0.49000031
vt 0.38074052 0.49000037
vt 0.38074052 0.48666704
vt 0.30814785 0.48666704
vt 0.23555523 0.49000031
vt 0.23555523 0.48666698
vt 0.74370515 0.24500036
vt 0.81629765 0.24500036
vt 0.81629765 0.24833369
vt 0.6711126 0.24500036
vt 0.59851992 0.24500036
vt 0.52592731 0.2450003
vt 0.52592731 0.24166697
vt 0.52592731 2.3841858e-07
vt 0.59851992 0.0033335686
vt 0.74370515 0.49000037
vt 0.81629765 0.49000037
vt 0.74370515 0.48666704
vt 0.67111254 0.48666704
vt 0.59851992 0.49000037
vt 0.59851992 0.48666704
vt 0.52592725 0.49000037
vt 0.45333409 0.48666704
vt 0.16463032 0.12416691
vt 0.16463032 0.12416691
vt 0.16463032 0.12416691
vt 0.23388866 0.12416691
vt 0.23388866 0.12416691
vt 0.23388866 0.12416691
vt 0.23388863 0.24000031
vt 0.23388863 0.24000031
vt 0.23388863 0.24000031
vt 0.16463023 0.24000025
vt 0.16463023 0.24000025
vt 0.16463023 0.24000025
vt 0.16463023 0.36583358
vt 0.16463023 0.36583358
vt 0.16463023 0.36583358
vt 0.16463023 0.25000024
vt 0.16463023 0.25000024
vt 0.16463023 0.25000024
vt 0.23388863 0.2500003
vt 0.23388863 0.2500003
vt 0.23388863 0.2500003
vt 0.23388857 0.36583358
vt 0.23388857 0.36583358
vt 0.23388857 0.36583358
vt 0.52426064 0.12083364
vt 0.52426064 0.12083364
vt 0.52426064 0.12083364
vt 0.45500135 0.12083364
vt 0.45500135 0.12083364
vt 0.45500135 0.12083364
vt 0.45499989 0.0050002337
vt 0.45499989 0.0050002337
vt 0.45499989 0.0050002337
vt 0.52426064 0.0050002337
vt 0.52426064 0.0050002337
vt 0.52426064 0.0050002337
vt 0.37907386 0.36583364
vt 0.37907386 0.36583364
vt 0.37907386 0.36583364
vt 0.30981451 0.36583358
vt 0.30981451 0.36583358
vt 0.30981451 0.36583358
vt 0.30981457 0.2500003
vt 0.30981457 0.2500003
vt 0.30981457 0.2500003
vt 0.37907386 0.2500003
vt 0.37907386 0.2500003
vt 0.37907386 0.2500003
vt 0.37907386 0.12416697
vt 0.37907386 0.12416697
vt 0.37907386 0.12416697
vt 0.37907386 0.24000031
vt 0.37907386 0.24000031
vt 0.37907386 0.24000031
vt 0.30981457 0.24000031
vt 0.30981457 0.24000031
vt 0.30981457 0.24000031
vt 0.30981457 0.12416691
vt 0.30981457 0.12416691
vt 0.30981457 0.12416691
vt 0.30648118 0.36583358
vt 0.30648118 0.36583358
vt 0.30648118 0.36583358
vt 0.23722196 0.36583358
vt 0.23722196 0.36583358
vt 0.23722196 0.36583358
vt 0.23722196 0.2500003
vt 0.23722196 0.2500003
vt 0.23722196 0.2500003
vt 0.30648124 0.2500003
vt 0.30648124 0.2500003
vt 0.30648124 0.2500003
vt 0.37907386 0.48500025
vt 0.37907386 0.48500025
vt 0.37907386 0.48500025
vt 0.30981451 0.48500025
vt 0.30981451 0.48500025
vt 0.30981451 0.48500025
vt 0.30981451 0.36916691
vt 0.30981451 0.36916691
vt 0.30981451 0.36916691
vt 0.37907386 0.36916697
vt 0.37907386 0.36916697
vt 0.37907386 0.36916697
vt 0.52426064 0.24000031
vt 0.52426064 0.24000031
vt 0.52426064 0.24000031
vt 0.45499986 0.24000031
vt 0.45499986 0.24000031
vt 0.45499986 0.24000031
vt 0.45500135 0.12416697
vt 0.45500135 0.12416697
vt 0.45500135 0.12416697
vt 0.52426064 0.12416697
vt 0.52426064 0.12416697
vt 0.52426064 0.12416697
vt 0.38240719 0.36583364
vt 0.38240719 0.36583364
vt 0.38240719 0.36583364
vt 0.38240719 0.2500003
vt 0.38240719 0.2500003
vt 0.38240719 0.2500003
vt 0.45166647 0.2500003
vt 0.45166647 0.2500003
vt 0.45166647 0.2500003
vt 0.45166641 0.36583364
vt 0.45166641 0.36583364
vt 0.45166641 0.36583364
vt 0.81463099 0.36583364
vt 0.81463099 0.36583364
vt 0.81463099 0.36583364
vt 0.74537182 0.36583364
vt 0.74537182 0.36583364
vt 0.74537182 0.36583364
vt 0.74537182 0.2500003
vt 0.74537182 0.2500003
vt 0.74537182 0.2500003
vt 0.81463099 0.25000036
vt 0.81463099 0.25000036
vt 0.81463099 0.25000036
vt 0.81463099 0.24000037
vt 0.81463099 0.24000037
vt 0.81463099 0.24000037
vt 0.74537182 0.24000037
vt 0.74537182 0.24000037
vt 0.74537182 0.24000037
vt 0.74537182 0.12416697
vt 0.74537182 0.12416697
vt 0.74537182 0.12416697
vt 0.81463099 0.12416697
vt 0.81463099 0.12416697
vt 0.81463099 0.12416697
vt 0.74203849 0.25000036
vt 0.74203849 0.25000036
vt 0.74203849 0.25000036
vt 0.74203849 0.36583364
vt 0.74203849 0.36583364
vt 0.74203849 0.36583364
vt 0.6727792 0.36583364
vt 0.6727792 0.36583364
vt 0.6727792 0.36583364
vt 0.67277926 0.2500003
vt 0.67277926 0.2500003
vt 0.67277926 0.2500003
vt 0.67277926 0.12416697
vt 0.67277926 0.12416697
vt 0.67277926 0.12416697
vt 0.74203849 0.12416697
vt 0.74203849 0.12416697
vt 0.74203849 0.12416697
vt 0.74203849 0.24000037
vt 0.74203849 0.24000037
vt 0.74203849 0.24000037
vt 0.67277926 0.24000037
vt 0.67277926 0.24000037
vt 0.67277926 0.24000037
vt 0.66944593 0.25000036
vt 0.66944593 0.25000036
vt 0.66944593 0.25000036
vt 0.66944587 0.36583364
vt 0.66944587 0.36583364
vt 0.66944587 0.36583364
vt 0.60018659 0.36583364
vt 0.60018659 0.36583364
vt 0.60018659 0.36583364
vt 0.60018659 0.2500003
vt 0.60018659 0.2500003
vt 0.60018659 0.2500003
vt 0.66944593 0.24000037
vt 0.66944593 0.24000037
vt 0.66944593 0.24000037
vt 0.60018659 0.24000031
vt 0.60018659 0.24000031
vt 0.60018659 0.24000031
vt 0.60018659 0.12416697
vt 0.60018659 0.12416697
vt 0.60018659 0.12416697
vt 0.66944593 0.12416697
vt 0.66944593 0.12416697
vt 0.66944593 0.12416697
vt 0.52759397 0.2500003
vt 0.52759397 0.2500003
vt 0.52759397 0.2500003
vt 0.59685326 0.25000036
vt 0.59685326 0.25000036
vt 0.59685326 0.25000036
vt 0.59685326 0.36583364
vt 0.59685326 0.36583364
vt 0.59685326 0.36583364
vt 0.52759397 0.36583364
vt 0.52759397 0.36583364
vt 0.52759397 0.36583364
vt 0.81463099 0.48500031
vt 0.81463099 0.48500031
vt 0.81463099 0.48500031
vt 0.74537182 0.48500031
vt 0.74537182 0.48500031
vt 0.74537182 0.48500031
vt 0.74537182 0.36916697
vt 0.74537182 0.36916697
vt 0.74537182 0.36916697
vt 0.81463099 0.36916697
vt 0.81463099 0.36916697
vt 0.81463099 0.36916697
vt 0.23722199 0.12416691
vt 0.23722199 0.12416691
vt 0.23722199 0.12416691
vt 0.30648124 0.12416691
vt 0.30648124 0.12416691
vt 0.30648124 0.12416691
vt 0.30648124 0.24000031
vt 0.30648124 0.24000031
vt 0.30648124 0.24000031
vt 0.23722196 0.24000031
vt 0.23722196 0.24000031
vt 0.23722196 0.24000031
vt 0.52426064 0.36583364
vt 0.52426064 0.36583364
vt 0.52426064 0.36583364
vt 0.45499974 0.36583364
vt 0.45499974 0.36583364
vt 0.45499974 0.36583364
vt 0.4549998 0.2500003
vt 0.4549998 0.2500003
vt 0.4549998 0.2500003
vt 0.52426064 0.25000036
vt 0.52426064 0.25000036
vt 0.52426064 0.25000036
vt 0.67277926 0.0050002337
vt 0.67277926 0.0050002337
vt 0.67277926 0.0050002337
vt 0.74203855 0.0050002337
vt 0.74203855 0.0050002337
vt 0.74203855 0.0050002337
vt 0.74203849 0.12083364
vt 0.74203849 0.12083364
vt 0.74203849 0.12083364
vt 0.67277926 0.12083364
vt 0.67277926 0.12083364
vt 0.67277926 0.12083364
vt 0.52759397 0.0050002337
vt 0.52759397 0.0050002337
vt 0.52759397 0.0050002337
vt 0.59685326 0.0050002337
vt 0.59685326 0.0050002337
vt 0.59685326 0.0050002337
vt 0.59685326 0.12083364
vt 0.59685326 0.12083364
vt 0.59685326 0.12083364
vt 0.52759397 0.12083364
vt 0.52759397 0.12083364
vt 0.52759397 0.12083364
vt 0.60018659 0.0050002337
vt 0.60018659 0.0050002337
vt 0.60018659 0.0050002337
vt 0.66944593 0.0050002337
vt 0.66944593 0.0050002337
vt 0.66944593 0.0050002337
vt 0.66944593 0.12083364
vt 0.66944593 0.12083364
vt 0.66944593 0.12083364
vt 0.60018659 0.12083364
vt 0.60018659 0.12083364
vt 0.60018659 0.12083364
vt 0.81463099 0.12083364
vt 0.81463099 0.12083364
vt 0.81463099 0.12083364
vt 0.74537182 0.12083364
vt 0.74537182 0.12083364
vt 0.74537182 0.12083364
vt 0.74537188 0.0050002337
vt 0.74537188 0.0050002337
vt 0.74537188 0.0050002337
vt 0.81463099 0.0050002337
vt 0.81463099 0.0050002337
vt 0.81463099 0.0050002337
vt 0.74203849 0.48500031
vt 0.74203849 0.48500031
vt 0.74203849 0.48500031
vt 0.6727792 0.48500031
vt 0.6727792 0.48500031
vt 0.6727792 0.48500031
vt 0.6727792 0.36916697
vt 0.6727792 0.36916697
vt 0.6727792 0.36916697
vt 0.74203849 0.36916697
vt 0.74203849 0.36916697
vt 0.74203849 0.36916697
vt 0.16463032 0.005000174
vt 0.16463032 0.005000174
vt 0.16463032 0.005000174
vt 0.23388866 0.005000174
vt 0.23388866 0.005000174
vt 0.23388866 0.005000174
vt 0.23388866 0.12083358
vt 0.23388866 0.12083358
vt 0.23388866 0.12083358
vt 0.16463032 0.12083358
vt 0.16463032 0.12083358
vt 0.16463032 0.12083358
vt 0.66944587 0.36916697
vt 0.66944587 0.36916697
vt 0.66944587 0.36916697
vt 0.66944587 0.48500031
vt 0.66944587 0.48500031
vt 0.66944587 0.48500031
vt 0.60018659 0.48500031
vt 0.60018659 0.48500031
vt 0.60018659 0.48500031
vt 0.60018659 0.36916697
vt 0.60018659 0.36916697
vt 0.60018659 0.36916697
vt 0.38240728 0.0050002337
vt 0.38240728 0.0050002337
vt 0.38240728 0.0050002337
vt 0.45166656 0.0050002337
vt 0.45166656 0.0050002337
vt 0.45166656 0.0050002337
vt 0.45166802 0.12083364
vt 0.45166802 0.12083364
vt 0.45166802 0.12083364
vt 0.38240719 0.12083364
vt 0.38240719 0.12083364
vt 0.38240719 0.12083364
vt 0.59685326 0.48500031
vt 0.59685326 0.48500031
vt 0.59685326 0.48500031
vt 0.52759391 0.48500031
vt 0.52759391 0.48500031
vt 0.52759391 0.48500031
vt 0.52759397 0.36916697
vt 0.52759397 0.36916697
vt 0.52759397 0.36916697
vt 0.59685326 0.36916697
vt 0.59685326 0.36916697
vt 0.59685326 0.36916697
vt 0.45166802 0.12416697
vt 0.45166802 0.12416697
vt 0.45166802 0.12416697
vt 0.45166653 0.24000031
vt 0.45166653 0.24000031
vt 0.45166653 0.24000031
vt 0.38240719 0.24000031
vt 0.38240719 0.24000031
vt 0.38240719 0.24000031
vt 0.38240719 0.12416697
vt 0.38240719 0.12416697
vt 0.38240719 0.12416697
vt 0.52426058 0.48500031
vt 0.52426058 0.48500031
vt 0.52426058 0.48500031
vt 0.4550007 0.48500037
vt 0.4550007 0.48500037
vt 0.4550007 0.48500037
vt 0.45499974 0.36916697
vt 0.45499974 0.36916697
vt 0.45499974 0.36916697
vt 0.52426064 0.36916697
vt 0.52426064 0.36916697
vt 0.52426064 0.36916697
vt 0.23722199 0.005000174
vt 0.23722199 0.005000174
vt 0.23722199 0.005000174
vt 0.30648124 0.005000174
vt 0.30648124 0.005000174
vt 0.30648124 0.005000174
vt 0.30648124 0.12083358
vt 0.30648124 0.12083358
vt 0.30648124 0.12083358
vt 0.23722199 0.12083358
vt 0.23722199 0.12083358
vt 0.23722199 0.12083358
vt 0.30648118 0.48500025
vt 0.30648118 0.48500025
vt 0.30648118 0.48500025
vt 0.2372219 0.48500025
vt 0.2372219 0.48500025
vt 0.2372219 0.48500025
vt 0.23722196 0.36916691
vt 0.23722196 0.36916691
vt 0.23722196 0.36916691
vt 0.30648118 0.36916691
vt 0.30648118 0.36916691
vt 0.30648118 0.36916691
vt 0.30981457 0.005000174
vt 0.30981457 0.005000174
vt 0.30981457 0.005000174
vt 0.37907395 0.0050002337
vt 0.37907395 0.0050002337
vt 0.37907395 0.0050002337
vt 0.37907386 0.12083364
vt 0.37907386 0.12083364
vt 0.37907386 0.12083364
vt 0.30981457 0.12083358
vt 0.30981457 0.12083358
vt 0.30981457 0.12083358
vt 0.45166641 0.36916697
vt 0.45166641 0.36916697
vt 0.45166641 0.36916697
vt 0.45166743 0.48500037
vt 0.45166743 0.48500037
vt 0.45166743 0.48500037
vt 0.38240719 0.48500025
vt 0.38240719 0.48500025
vt 0.38240719 0.48500025
vt 0.38240719 0.36916697
vt 0.38240719 0.36916697
vt 0.38240719 0.36916697
vt 0.59685326 0.24000037
vt 0.59685326 0.24000037
vt 0.59685326 0.24000037
vt 0.52759397 0.24000031
vt 0.52759397 0.24000031
vt 0.52759397 0.24000031
vt 0.52759397 0.12416697
vt 0.52759397 0.12416697
vt 0.52759397 0.12416697
vt 0.59685326 0.12416697
vt 0.59685326 0.12416697
vt 0.59685326 0.12416697
vt 0.23388857 0.36916691
vt 0.23388857 0.36916691
vt 0.23388857 0.36916691
vt 0.23388857 0.48500025
vt 0.23388857 0.48500025
vt 0.23388857 0.48500025
vt 0.16463023 0.48500025
vt 0.16463023 0.48500025
vt 0.16463023 0.48500025
vt 0.16463023 0.36916691
vt 0.16463023 0.36916691
vt 0.16463023 0.36916691
vt 0.16796365 0.12750024
vt 0.16796365 0.12750024
vt 0.23055533 0.12750024
vt 0.23055533 0.12750024
vt 0.2305553 0.23666698
vt 0.2305553 0.23666698
vt 0.16796356 0.23666692
vt 0.16796356 0.23666692
vt 0.16796356 0.36250025
vt 0.16796356 0.36250025
vt 0.16796356 0.25333357
vt 0.16796356 0.25333357
vt 0.2305553 0.25333363
vt 0.2305553 0.25333363
vt 0.23055524 0.36250025
vt 0.23055524 0.36250025
vt 0.52092731 0.11750031
vt 0.52092731 0.11750031
vt 0.45833462 0.11750031
vt 0.45833462 0.11750031
vt 0.45833328 0.0083335638
vt 0.45833328 0.0083335638
vt 0.52092731 0.0083335638
vt 0.52092731 0.0083335638
vt 0.37574053 0.36250031
vt 0.37574053 0.36250031
vt 0.31314784 0.36250025
vt 0.31314784 0.36250025
vt 0.3131479 0.25333363
vt 0.3131479 0.25333363
vt 0.37574053 0.25333363
vt 0.37574053 0.25333363
vt 0.37574053 0.1275003
vt 0.37574053 0.1275003
vt 0.37574053 0.23666698
vt 0.37574053 0.23666698
vt 0.3131479 0.23666698
vt 0.3131479 0.23666698
vt 0.3131479 0.12750024
vt 0.3131479 0.12750024
vt 0.30314785 0.36250025
vt 0.30314785 0.36250025
vt 0.24055529 0.36250025
vt 0.24055529 0.36250025
vt 0.24055529 0.25333363
vt 0.24055529 0.25333363
vt 0.30314791 0.25333363
vt 0.30314791 0.25333363
vt 0.37574053 0.48166692
vt 0.37574053 0.48166692
vt 0.31314784 0.48166692
vt 0.31314784 0.48166692
vt 0.31314784 0.37250024
vt 0.31314784 0.37250024
vt 0.37574053 0.3725003
vt 0.37574053 0.3725003
vt 0.52092731 0.23666698
vt 0.52092731 0.23666698
vt 0.45833325 0.23666698
vt 0.45833325 0.23666698
vt 0.45833462 0.1275003
vt 0.45833462 0.1275003
vt 0.52092731 0.1275003
vt 0.52092731 0.1275003
vt 0.38574052 0.36250031
vt 0.38574052 0.36250031
vt 0.38574052 0.25333363
vt 0.38574052 0.25333363
vt 0.44833314 0.25333363
vt 0.44833314 0.25333363
vt 0.44833308 0.36250031
vt 0.44833308 0.36250031
vt 0.81129771 0.36250031
vt 0.81129771 0.36250031
vt 0.74870515 0.36250031
vt 0.74870515 0.36250031
vt 0.74870515 0.25333369
vt 0.74870515 0.25333369
vt 0.81129766 0.25333369
vt 0.81129766 0.25333369
vt 0.81129766 0.23666704
vt 0.81129766 0.23666704
vt 0.74870515 0.23666704
vt 0.74870515 0.23666704
vt 0.74870515 0.1275003
vt 0.74870515 0.1275003
vt 0.81129777 0.1275003
vt 0.81129777 0.1275003
vt 0.73870516 0.25333369
vt 0.73870516 0.25333369
vt 0.73870516 0.36250031
vt 0.73870516 0.36250031
vt 0.67611253 0.36250031
vt 0.67611253 0.36250031
vt 0.67611259 0.25333369
vt 0.67611259 0.25333369
vt 0.67611259 0.1275003
vt 0.67611259 0.1275003
vt 0.73870516 0.1275003
vt 0.73870516 0.1275003
vt 0.73870516 0.23666704
vt 0.73870516 0.23666704
vt 0.67611259 0.23666704
vt 0.67611259 0.23666704
vt 0.6661126 0.25333369
vt 0.6661126 0.25333369
vt 0.66611254 0.36250031
vt 0.66611254 0.36250031
vt 0.60351992 0.36250031
vt 0.60351992 0.36250031
vt 0.60351992 0.25333369
vt 0.60351992 0.25333369
vt 0.6661126 0.23666704
vt 0.6661126 0.23666704
vt 0.60351992 0.23666698
vt 0.60351992 0.23666698
vt 0.60351992 0.1275003
vt 0.60351992 0.1275003
vt 0.6661126 0.1275003
vt 0.6661126 0.1275003
vt 0.5309273 0.25333369
vt 0.5309273 0.25333369
vt 0.59351993 0.25333369
vt 0.59351993 0.25333369
vt 0.59351993 0.36250031
vt 0.59351993 0.36250031
vt 0.5309273 0.36250031
vt 0.5309273 0.36250031
vt 0.81129771 0.48166698
vt 0.81129771 0.48166698
vt 0.74870515 0.48166698
vt 0.74870515 0.48166698
vt 0.74870515 0.3725003
vt 0.74870515 0.3725003
vt 0.81129771 0.3725003
vt 0.81129771 0.3725003
vt 0.24055532 0.12750024
vt 0.24055532 0.12750024
vt 0.30314791 0.12750024
vt 0.30314791 0.12750024
vt 0.30314791 0.23666698
vt 0.30314791 0.23666698
vt 0.24055529 0.23666698
vt 0.24055529 0.23666698
vt 0.52092731 0.36250031
vt 0.52092731 0.36250031
vt 0.45833308 0.36250031
vt 0.45833308 0.36250031
vt 0.45833313 0.25333363
vt 0.45833313 0.25333363
vt 0.52092731 0.25333369
vt 0.52092731 0.25333369
vt 0.67611259 0.0083335638
vt 0.67611259 0.0083335638
vt 0.73870522 0.0083335638
vt 0.73870522 0.0083335638
vt 0.73870516 0.11750031
vt 0.73870516 0.11750031
vt 0.67611259 0.11750031
vt 0.67611259 0.11750031
vt 0.5309273 0.0083335638
vt 0.5309273 0.0083335638
vt 0.59351993 0.0083335638
vt 0.59351993 0.0083335638
vt 0.59351993 0.11750031
vt 0.59351993 0.11750031
vt 0.5309273 0.11750031
vt 0.5309273 0.11750031
vt 0.60351992 0.0083335638
vt 0.60351992 0.0083335638
vt 0.6661126 0.0083335638
vt 0.6661126 0.0083335638
vt 0.6661126 0.11750031
vt 0.6661126 0.11750031
vt 0.60351992 0.11750031
vt 0.60351992 0.11750031
vt 0.81129777 0.11750031
vt 0.81129777 0.11750031
vt 0.74870515 0.11750031
vt 0.74870515 0.11750031
vt 0.74870521 0.0083335638
vt 0.74870521 0.0083335638
vt 0.81129777 0.0083335638
vt 0.81129777 0.0083335638
vt 0.73870516 0.48166698
vt 0.73870516 0.48166698
vt 0.67611253 0.48166698
vt 0.67611253 0.48166698
vt 0.67611253 0.3725003
vt 0.67611253 0.3725003
vt 0.73870516 0.3725003
vt 0.73870516 0.3725003
vt 0.16796365 0.0083335042
vt 0.16796365 0.0083335042
vt 0.23055533 0.0083335042
vt 0.23055533 0.0083335042
vt 0.23055533 0.11750025
vt 0.23055533 0.11750025
vt 0.16796365 0.11750025
vt 0.16796365 0.11750025
vt 0.66611254 0.3725003
vt 0.66611254 0.3725003
vt 0.66611254 0.48166698
vt 0.66611254 0.48166698
vt 0.60351992 0.48166698
vt 0.60351992 0.48166698
vt 0.60351992 0.3725003
vt 0.60351992 0.3725003
vt 0.38574061 0.0083335638
vt 0.38574061 0.0083335638
vt 0.44833329 0.0083335638
vt 0.44833329 0.0083335638
vt 0.44833463 0.11750031
vt 0.44833463 0.11750031
vt 0.38574052 0.11750031
vt 0.38574052 0.11750031
vt 0.59351993 0.48166698
vt 0.59351993 0.48166698
vt 0.53092724 0.48166698
vt 0.53092724 0.48166698
vt 0.5309273 0.3725003
vt 0.5309273 0.3725003
vt 0.59351993 0.3725003
vt 0.59351993 0.3725003
vt 0.44833463 0.1275003
vt 0.44833463 0.1275003
vt 0.44833326 0.23666698
vt 0.44833326 0.23666698
vt 0.38574052 0.23666698
vt 0.38574052 0.23666698
vt 0.38574052 0.1275003
vt 0.38574052 0.1275003
vt 0.52092725 0.48166698
vt 0.52092725 0.48166698
vt 0.45833403 0.48166704
vt 0.45833403 0.48166704
vt 0.45833313 0.3725003
vt 0.45833313 0.3725003
vt 0.52092731 0.3725003
vt 0.52092731 0.3725003
vt 0.24055532 0.0083335042
vt 0.24055532 0.0083335042
vt 0.30314791 0.0083335638
vt 0.30314791 0.0083335638
vt 0.30314791 0.11750025
vt 0.30314791 0.11750025
vt 0.24055532 0.11750025
vt 0.24055532 0.11750025
vt 0.30314785 0.48166692
vt 0.30314785 0.48166692
vt 0.24055529 0.48166692
vt 0.24055529 0.48166692
vt 0.24055529 0.37250024
vt 0.24055529 0.37250024
vt 0.30314785 0.37250024
vt 0.30314785 0.37250024
vt 0.3131479 0.0083335638
vt 0.3131479 0.0083335638
vt 0.37574062 0.0083335638
vt 0.37574062 0.0083335638
vt 0.37574053 0.11750031
vt 0.37574053 0.11750031
vt 0.3131479 0.11750025
vt 0.3131479 0.11750025
vt 0.44833314 0.3725003
vt 0.44833314 0.3725003
vt 0.44833404 0.48166704
vt 0.44833404 0.48166704
vt 0.38574052 0.48166692
vt 0.38574052 0.48166692
vt 0.38574052 0.3725003
vt 0.38574052 0.3725003
vt 0.59351993 0.23666704
vt 0.59351993 0.23666704
vt 0.5309273 0.23666698
vt 0.5309273 0.23666698
vt 0.5309273 0.1275003
vt 0.5309273 0.1275003
vt 0.59351993 0.1275003
vt 0.59351993 0.1275003
vt 0.23055524 0.37250024
vt 0.23055524 0.37250024
vt 0.23055524 0.48166692
vt 0.23055524 0.48166692
vt 0.16796356 0.48166692
vt 0.16796356 0.48166692
vt 0.16796356 0.37250024
vt 0.16796356 0.37250024
vt 0.489631 0.1225003
vt 0.48963019 0.36750031
vt 0.48963022 0.24166697
vt 0.48963022 0.2450003
vt 0.4896307 0.49000037
vt 0.48963067 0.48666704
vt 0.48963022 0.24833363
vt 0.48963022 2.3841858e-07
vt 0.48963022 0.0033335686
vt 0.489631 0.12083364
vt 0.489631 0.12083364
vt 0.48963028 0.0050002337
vt 0.48963028 0.0050002337
vt 0.48963025 0.24000031
vt 0.48963025 0.24000031
vt 0.489631 0.12416697
vt 0.489631 0.12416697
vt 0.48963019 0.36583364
vt 0.48963019 0.36583364
vt 0.48963022 0.2500003
vt 0.48963022 0.2500003
vt 0.48963064 0.48500037
vt 0.48963064 0.48500037
vt 0.48963019 0.36916697
vt 0.48963019 0.36916697
vt 0.48963097 0.11750031
vt 0.48963028 0.0083335638
vt 0.48963028 0.23666698
vt 0.48963097 0.1275003
vt 0.48963019 0.36250031
vt 0.48963022 0.25333363
vt 0.48963064 0.48166704
vt 0.48963022 0.3725003
vt 0.17233442 0.5097512
vt 0.17233442 0.5097512
vt 0.69666564 0.87433851
vt 0.99666667 0.87433821
vt 0.17283536 0.50644851
vt 1 0.87433821
vt 0.69666559 0.75714719
vt 0.99666655 0.75714707
vt 0.16833672 0.53610724
vt 0.16833672 0.53610724
vt 0.16783653 0.53940493
vt 0.99999988 0.75714707
vt 0.15363553 0.50691527
vt 0.15363553 0.50691527
vt 0.15368515 0.50357449
vt 0.15391052 0.50357807
vt 1 0.89347947
vt 1 0.83387518
vt 0.69666541 0.87100321
vt 0.69666559 0.87100506
vt 0.99666679 0.87100494
vt 0.11625498 0.50994223
vt 0.11625498 0.50994223
vt 0.11648928 0.50658619
vt 1 0.87119275
vt 0.11318921 0.50792676
vt 0.99859113 0.80080581
vt 1 0.87323725
vt 0.11288302 0.50994551
vt 1 0.80394673
vt 0.69666553 0.80080616
vt 0.69666564 0.87433827
vt 0.99666661 0.80080581
vt 0.99666667 0.87433827
vt 0.69666559 0.76048058
vt 0.69666564 0.7604757
vt 0.99666655 0.7604804
vt 0.69666564 0.83041477
vt 0.69666564 0.83041006
vt 0.99666667 0.83040994
vt 0.11232482 0.53585327
vt 0.11232482 0.53585327
vt 0.69666553 0.75714588
vt 0.69666564 0.83374465
vt 0.99666655 0.75714701
vt 0.99666667 0.83374321
vt 0.1101625 0.53930867
vt 0.99859113 0.75714701
vt 1 0.83199304
vt 0.10897183 0.53573132
vt 1 0.83002758
vt 0.11212558 0.53920054
vt 0.99999988 0.7608636
vt 0.15218833 0.53365773
vt 0.15218833 0.53365773
vt 0.69666553 0.74113685
vt 0.69666564 0.80080593
vt 0.99666655 0.80080575
vt 0.99666655 0.74113673
vt 0.15200727 0.53700393
vt 0.99999988 0.80080575
vt 0.99999988 0.74113673
vt 0.0033333634 0.87433881
vt 0.0033333634 0.87433881
vt 0.094209433 0.55860817
vt 0.094209433 0.55860817
vt 2.9802322e-08 0.87433881
vt 0.094710395 0.56191087
vt 0.090211675 0.53225213
vt 0.090211675 0.53225213
vt 0.0033333297 0.75714737
vt 0.0033333297 0.75714737
vt 2.9802322e-08 0.75714737
vt 0.089711472 0.52895445
vt 0.0033333299 0.89357477
vt 0.0033333634 0.83374357
vt 0.0033333299 0.89357477
vt 0.0033333634 0.83374357
vt 0.075510554 0.5614441
vt 0.075510554 0.5614441
vt 2.9802322e-08 0.89348006
vt 2.9802322e-08 0.83387578
vt 0.075560182 0.56478494
vt 0.07578554 0.56478131
vt 0.0033333637 0.87100554
vt 0.0033333637 0.87100554
vt 0.0033333632 0.80413938
vt 0.0033333632 0.80413938
vt 0.038130023 0.55841714
vt 0.038130023 0.55841714
vt 0.0033333299 0.87433887
vt 0.0033333632 0.80080605
vt 2.9802322e-08 0.80187911
vt 0.0014087557 0.87433887
vt 0.036300588 0.56160605
vt 2.9802322e-08 0.80378878
vt 0.034781799 0.55857038
vt 2.9802322e-08 0.87135202
vt 0.038206246 0.56176037
vt 0.0033333602 0.7604807
vt 0.0033333602 0.7604807
vt 0.034199793 0.53250611
vt 0.034199793 0.53250611
vt 0.0033333634 0.83041012
vt 0.0033333634 0.83041012
vt 2.9802322e-08 0.76072294
vt 0.033859748 0.52915108
vt 2.9802322e-08 0.7588619
vt 0.0014088748 0.83374345
vt 0.030546675 0.53064924
vt 2.9802322e-08 0.83016872
vt 0.030825691 0.5324887
vt 0.0033333893 0.83374345
vt 0.0033334028 0.75714743
vt 0.0033333297 0.80080611
vt 0.0033333632 0.74113709
vt 0.0033333297 0.80080611
vt 0.0033333632 0.74113709
vt 0.074063323 0.53470165
vt 0.074063323 0.53470165
vt 2.9802322e-08 0.80080611
vt 2.9802322e-08 0.74113709
vt 0.073882237 0.53135544
vt 0.34999952 0.80413932
vt 0.35000172 0.80413997
vt 0.34999949 0.8935746
vt 0.34999949 0.83374333
vt 0.34999952 0.87433863
vt 0.34999952 0.83041012
vt 0.34999952 0.83041245
vt 0.3499994 0.87100434
vt 0.34999949 0.8710053
vt 0.34999946 0.75714731
vt 0.34999946 0.74113697
vt 0.34999949 0.80080605
vt 0.34999946 0.80080611
vt 0.34999949 0.87433857
vt 0.34999946 0.75714666
vt 0.34999952 0.83374405
vt 0.34999952 0.7604782
vt 0.34999949 0.76048064
vt 0.69666564 0.80413926
vt 0.69667006 0.80414057
vt 0.99666667 0.8041392
vt 0.69666559 0.83374316
vt 0.69666564 0.89357442
vt 0.99666667 0.89357424
vt 0.99666667 0.83374298
vt 0.99333298 0.67366588
vt -0.0066667688 0.67366594
vt -1.4901161e-07 0.673666
vt 0.98666626 0.67366588
vt 0.98666626 0.66699922
vt -1.4901161e-07 0.66699934
vt -1.4901161e-07 0.69588828
vt 0.98666638 0.69588816
vt 0.49999982 0.66699928
vt 0.65333414 0.66699934
vt 0.65333402 0.6958881
vt 0.49999982 0.69588822
vt 0.4377732 0.673666
vt 0.49333304 0.67366594
vt -0.22222775 0.673666
vt 0.98666626 0.67366588
vt 0.43110639 0.67366594
vt 0.49999982 0.67366594
vt 0.43110639 0.66699928
vt 0.49999982 0.66699928
vt 0.43110639 0.69588822
vt 0.49999982 0.69588822
vt 0.32666707 0.673666
vt 0.32666701 0.66699934
vt 0.32666695 0.69588816
vt 0.32666701 0.67366594
vt 0.99333298 0.67366588
vt -0.22889443 0.673666
vt 0.98666626 0.66699922
vt -0.22222781 0.66699922
vt -0.22222781 0.69588828
vt 0.98666638 0.69588816
vt 0.65333414 0.67366588
vt 0.49999982 0.67366594
vt 0.49333304 0.67366594
vt 0.66000092 0.67366606
vn -0.92416801 0 0.38198624
vn -1 0 0
vn 0 0 1
vn -0.38339421 0 0.9235848
vn -0.7067072 0 0.70750614
vn -0.7067072 0 0.70750614
vn 0 0 -1
vn -0.38289686 0 -0.9237911
vn -0.9239622 0 -0.38248379
vn -1 0 0
vn -0.70880526 0 -0.70540422
vn -0.70880526 0 -0.70540422
vn -0.92494094 0.044804324 0.37746103
vn -1 0 0
vn 0 0.11716596 0.99311235
vn 0 0.11716596 0.99311235
vn -0.38788205 0.10823465 0.91533206
vn -0.38788205 0.10823465 0.91533206
vn -0.7105749 0.08268813 0.69874601
vn -0.7105749 0.08268813 0.69874601
vn -0.7105749 0.08268813 0.69874601
vn -0.7105749 0.08268813 0.69874601
vn 0 0.17772553 0.9840801
vn -0.21790057 0.30790723 0.92612768
vn -0.95748021 0.1718013 0.23176706
vn -1 0 0
vn 0 1 0
vn -0.22669606 0.93893001 0.25888092
vn -0.70958865 0.13853184 0.69086387
vn -0.70958865 0.13853184 0.69086387
vn -0.60315306 0.55481559 0.57304978
vn -0.60315306 0.55481559 0.57304978
vn -0.60315306 0.55481559 0.57304978
vn -0.79106005 0.61112916 0.027297261
vn -0.79106005 0.61112916 0.027297261
vn -0.022565704 0.69538535 0.71828268
vn -0.022565704 0.69538535 0.71828268
vn 0 0 -1
vn -0.23520521 0.070731763 -0.96936862
vn 0 1 0
vn -0.24815815 0.92604673 -0.28435011
vn -0.96221925 0.12533969 -0.24171074
vn -1 0 0
vn -0.028654042 0.52882676 -0.84824596
vn -0.028654042 0.52882676 -0.84824596
vn -0.66983701 0.39272206 -0.630149
vn -0.66983701 0.39272206 -0.630149
vn -0.66983701 0.39272206 -0.630149
vn -0.79597189 0.60465835 -0.028583654
vn -0.79597189 0.60465835 -0.028583654
vn -0.71151492 0.0089701762 -0.70261373
vn -0.71151492 0.0089701762 -0.70261373
vn -0.9243237 0.00030667411 -0.38160922
vn -1 0 0
vn 0 0 -1
vn 0 0 -1
vn -0.38950993 0.00038334261 -0.92102219
vn -0.38950993 0.00038334261 -0.92102219
vn -0.71029999 0.00038333285 -0.70389899
vn -0.71029999 0.00038333285 -0.70389899
vn -0.71029999 0.00038333285 -0.70389899
vn 0 0 1
vn 0.38339421 0 0.9235848
vn 0.92416801 0 0.38198624
vn 1 0 0
vn 0.7067072 0 0.70750614
vn 0.7067072 0 0.70750614
vn 0.9239622 0 -0.38248379
vn 1 0 0
vn 0 0 -1
vn 0.38289686 0 -0.9237911
vn 0.70880526 0 -0.70540422
vn 0.70880526 0 -0.70540422
vn 0 0.11716596 0.99311235
vn 0 0.11716596 0.99311235
vn 0.38597205 0.108311 0.91613007
vn 0.38597205 0.108311 0.91613007
vn 0.92523178 0.044727147 0.37675673
vn 1 0 0
vn 0.7105749 0.08268813 0.69874601
vn 0.7105749 0.08268813 0.69874601
vn 0.7105749 0.08268813 0.69874601
vn 0.7105749 0.08268813 0.69874601
vn 0 0.17772553 0.9840801
vn 0.21598724 0.30924388 0.92613052
vn 0 1 0
vn 0.22602184 0.93857663 0.26074515
vn 0.95787947 0.17124018 0.2305292
vn 1 0 0
vn 0.020366698 0.69546397 0.71827228
vn 0.020366698 0.69546397 0.71827228
vn 0.58534149 0.56389773 0.58257591
vn 0.58534149 0.56389773 0.58257591
vn 0.58534149 0.56389773 0.58257591
vn 0.7906698 0.61169241 0.025954875
vn 0.7906698 0.61169241 0.025954875
vn 0.70918725 0.13806903 0.69136849
vn 0.70918725 0.13806903 0.69136849
vn 0 0 -1
vn 0.23298823 0.069191866 -0.97001493
vn 0.96250279 0.1251061 -0.24070075
vn 1 0 0
vn 0 1 0
vn 0.24713233 0.9272472 -0.2813152
vn 0.71122052 0.0083568967 -0.7029193
vn 0.71122052 0.0083568967 -0.7029193
vn 0.66258825 0.39619331 -0.63561598
vn 0.66258825 0.39619331 -0.63561598
vn 0.66258825 0.39619331 -0.63561598
vn 0.79549942 0.60532629 -0.027581758
vn 0.79549942 0.60532629 -0.027581758
vn 0.026794893 0.52874459 -0.84835794
vn 0.026794893 0.52874459 -0.84835794
vn 0 0 -1
vn 0 0 -1
vn 0.38781604 0.00023000923 -0.92173677
vn 0.38781604 0.00023000923 -0.92173677
vn 0.92481901 0.00030667257 -0.38040728
vn 1 0 0
vn 0.71030001 0.00030666625 -0.703899
vn 0.71030001 0.00030666625 -0.703899
vn 0.71030001 0.00030666625 -0.703899
vn 0 0.11716596 0.99311235
vn 0 0.11716596 0.99311235
vn 0 0.11716596 0.99311235
vn 0 0.11716596 0.99311235
vn 0 0.45198868 0.89202367
vn 0 0.45198868 0.89202367
vn 0 0.17772553 0.9840801
vn 0 0.17772553 0.9840801
vn 0 0.52901751 -0.84861091
vn 0 0.52901751 -0.84861091
vn 0 1 0
vn 0 0.87068301 -0.49184459
vn 0 1 0
vn 0 0.90144054 0.43290293
vn 0 0.6955962 0.71843297
vn 0 0.6955962 0.71843297
vn 0 0 -1
vn 0 0 1
vn 0 0.45209701 0.89196877
vn 0 0.17772553 0.9840801
vn 0 0.11716596 0.99311235
vn 0 0.11716596 0.99311235
vn 0 0 -1
vn 0 0 -1
vn 0 0.15610813 -0.98773997
vn 0 0 -1
vn -0.00021874264 0.52901749 -0.84861089
vn -0.00021874264 0.52901749 -0.84861089
vn -0.00021874264 0.52901749 -0.84861089
vn -0.00021874264 0.52901749 -0.84861089
vn 0 1 0
vn 0 1 0
vn 0 0.87050101 -0.49216664
vn 0 0.87050101 -0.49216664
vn 0 1 0
vn 0 1 0
vn 0 0.90155631 0.43266178
vn 0 0.90155631 0.43266178
vn 0.00023147349 0.69565403 0.71837694
vn 0.00023147349 0.69565403 0.71837694
vn 0.00023147349 0.69565403 0.71837694
vn 0.00023147349 0.69565403 0.71837694
vn 0 0 -1
vn 0 0 -1
vn 0 0 1
vn 0 0 1
vn 0 0 -1
vn 0 0 -1
vn 0 0 -1
vn 0 0 -1
vn 0 0.15633441 -0.98770418
vn 0 0.15633441 -0.98770418
vn 0 0 -1
vn 0 0 -1
vn 0 1 0
vn 0 1 0
vn 0 1 0
vn 0 1 0
vn 0 1 0
vn 0 1 0
vn 0 1 0
vn 0 1 0
vn 0 1 0
vn 0 1 0
vn 0 1 0
vn 0 1 0
vn 0 1 0
vn 0 1 0
vn 0 1 0
vn 0 1 0
vn 0 1 0
vn 0 1 0
vn 0 1 0
vn 0 1 0
vn 0 1 0
vn 0 1 0
vn 0 1 0
vn 0 1 0
vn 0 1 0
vn 0 1 0
vn 0 1 0
vn 0 1 0
vn 0 1 0
vn 0 1 0
vn 0 1 0
vn 0 1 0
vn 0 1 0
vn 0 1 0
vn 0 1 0
vn 0 1 0
vn 0 1 0
vn 0 1 0
vn 0 1 0
vn 0 1 0
vn 0 1 0
vn 0 1 0
vn 0 1 0
vn 0 1 0
vn 0 1 0
vn 0 1 0
vn 0 1 0
vn 0 1 0
vn 0 1 0
vn 0 1 0
vn 0 1 0
vn 0 1 0
vn 0 1 0
vn 0 1 0
vn 0 1 0
vn 0 1 0
vn 0 1 0
vn 0 1 0
vn 0 1 0
vn 0 1 0
vn 0 1 0
vn 0 1 0
vn 0 1 0
vn 0 1 0
vn 0 1 0
vn 0 1 0
vn 0 1 0
vn 0 1 0
vn 0 1 0
vn 0 1 0
vn 0 1 0
vn 0 1 0
vn 0 1 0
vn 0 1 0
vn 0 1 0
vn 0 1 0
vn 0 1 0
vn 0 1 0
vn 0 1 0
vn 0 1 0
vn 0 1 0
vn 0 1 0
vn 0 1 0
vn 0 1 0
vn 0 1 0
vn 0 1 0
vn 0 1 0
vn 0 1 0
vn 0 1 0
vn 0 1 0
vn 0 1 0
vn 0 0.5718291 -0.82037277
vn -0.82037315 0.57182855 0
vn 0 1 0
vn 0 0.5718291 -0.82037277
vn 0.82037315 0.57182855 0
vn 0 1 0
vn 0 0.5718291 0.82037277
vn 0.82037315 0.57182855 0
vn 0 1 0
vn 0 0.5718291 0.82037277
vn -0.82037315 0.57182855 0
vn 0 1 0
vn 0 0.5718291 0.82037277
vn -0.82037315 0.57182855 0
vn 0 1 0
vn 0 0.5718291 -0.82037277
vn -0.82037315 0.57182855 0
vn 0 1 0
vn 0 0.5718291 -0.82037277
vn 0.82037315 0.57182855 0
vn 0 1 0
vn 0 0.5718291 0.82037277
vn 0.82037315 0.57182855 0
vn 0 1 0
vn 0 0.5718291 0.82037277
vn 0.82037315 0.57182855 0
vn 0 1 0
vn 0 0.5718291 0.82037277
vn -0.82037315 0.57182855 0
vn 0 1 0
vn 0 0.5718291 -0.82037277
vn -0.82037315 0.57182855 0
vn 0 1 0
vn 0 0.5718291 -0.82037277
vn 0.82037315 0.57182855 0
vn 0 1 0
vn 0 0.5718291 0.82037277
vn 0.82037315 0.57182855 0
vn 0 1 0
vn 0 0.5718291 0.82037277
vn -0.82037315 0.57182855 0
vn 0 1 0
vn 0 0.5718291 -0.82037277
vn -0.82037315 0.57182855 0
vn 0 1 0
vn 0 0.5718291 -0.82037277
vn 0.82037315 0.57182855 0
vn 0 1 0
vn 0 0.5718291 -0.82037277
vn 0.82037315 0.57182855 0
vn 0 1 0
vn 0 0.5718291 0.82037277
vn 0.82037315 0.57182855 0
vn 0 1 0
vn 0 0.5718291 0.82037277
vn -0.82037315 0.57182855 0
vn 0 1 0
vn 0 0.5718291 -0.82037277
vn -0.82037315 0.57182855 0
vn 0 1 0
vn 0 0.5718291 0.82037277
vn 0.82037315 0.57182855 0
vn 0 1 0
vn 0 0.5718291 0.82037277
vn -0.82037315 0.57182855 0
vn 0 1 0
vn 0 0.5718291 -0.82037277
vn -0.82037315 0.57182855 0
vn 0 1 0
vn 0 0.5718291 -0.82037277
vn 0.82037315 0.57182855 0
vn 0 1 0
vn 0 0.5718291 0.82037277
vn 0.82037315 0.57182855 0
vn 0 1 0
vn 0 0.5718291 0.82037277
vn -0.82037315 0.57182855 0
vn 0 1 0
vn 0 0.5718291 -0.82037277
vn -0.82037315 0.57182855 0
vn 0 1 0
vn 0 0.5718291 -0.82037277
vn 0.82037315 0.57182855 0
vn 0 1 0
vn 0 0.5718291 0.82037277
vn 0.82037315 0.57182855 0
vn 0 1 0
vn 0 0.5718291 0.82037277
vn -0.82037315 0.57182855 0
vn 0 1 0
vn 0 0.5718291 -0.82037277
vn -0.82037315 0.57182855 0
vn 0 1 0
vn 0 0.5718291 -0.82037277
vn 0.82037315 0.57182855 0
vn 0 1 0
vn 0 0.5718291 0.82037277
vn -0.82037315 0.57182855 0
vn 0 1 0
vn 0 0.5718291 -0.82037277
vn -0.82037315 0.57182855 0
vn 0 1 0
vn 0 0.5718291 -0.82037277
vn 0.82037315 0.57182855 0
vn 0 1 0
vn 0 0.5718291 0.82037277
vn 0.82037315 0.57182855 0
vn 0 1 0
vn 0 0.5718291 0.82037277
vn 0.82037315 0.57182855 0
vn 0 1 0
vn 0 0.5718291 0.82037277
vn -0.82037315 0.57182855 0
vn 0 1 0
vn 0 0.5718291 -0.82037277
vn -0.82037315 0.57182855 0
vn 0 1 0
vn 0 0.5718291 -0.82037277
vn 0.82037315 0.57182855 0
vn 0 1 0
vn 0 0.5718291 0.82037277
vn 0.82037315 0.57182855 0
vn 0 1 0
vn 0 0.5718291 0.82037277
vn -0.82037315 0.57182855 0
vn 0 1 0
vn 0 0.5718291 -0.82037277
vn -0.82037315 0.57182855 0
vn 0 1 0
vn 0 0.5718291 -0.82037277
vn 0.82037315 0.57182855 0
vn 0 1 0
vn 0 0.5718291 -0.82037277
vn 0.82037315 0.57182855 0
vn 0 1 0
vn 0 0.5718291 0.82037277
vn 0.82037315 0.57182855 0
vn 0 1 0
vn 0 0.5718291 0.82037277
vn -0.82037315 0.57182855 0
vn 0 1 0
vn 0 0.5718291 -0.82037277
vn -0.82037315 0.57182855 0
vn 0 1 0
vn 0 0.5718291 -0.82037277
vn -0.82037315 0.57182855 0
vn 0 1 0
vn 0 0.5718291 -0.82037277
vn 0.82037315 0.57182855 0
vn 0 1 0
vn 0 0.5718291 0.82037277
vn 0.82037315 0.57182855 0
vn 0 1 0
vn 0 0.5718291 0.82037277
vn -0.82037315 0.57182855 0
vn 0 1 0
vn 0 0.5718291 -0.82037277
vn 0.82037315 0.57182855 0
vn 0 1 0
vn 0 0.5718291 0.82037277
vn 0.82037315 0.57182855 0
vn 0 1 0
vn 0 0.5718291 0.82037277
vn -0.82037315 0.57182855 0
vn 0 1 0
vn 0 0.5718291 -0.82037277
vn -0.82037315 0.57182855 0
vn 0 1 0
vn 0 0.5718291 0.82037277
vn 0.82037315 0.57182855 0
vn 0 1 0
vn 0 0.5718291 0.82037277
vn -0.82037315 0.57182855 0
vn 0 1 0
vn 0 0.5718291 -0.82037277
vn -0.82037315 0.57182855 0
vn 0 1 0
vn 0 0.5718291 -0.82037277
vn 0.82037315 0.57182855 0
vn 0 1 0
vn 0 0.5718291 -0.82037277
vn -0.82037315 0.57182855 0
vn 0 1 0
vn 0 0.5718291 -0.82037277
vn 0.82037315 0.57182855 0
vn 0 1 0
vn 0 0.5718291 0.82037277
vn 0.82037315 0.57182855 0
vn 0 1 0
vn 0 0.5718291 0.82037277
vn -0.82037315 0.57182855 0
vn 0 1 0
vn 0 0.5718291 0.82037277
vn 0.82037315 0.57182855 0
vn 0 1 0
vn 0 0.5718291 0.82037277
vn -0.82037315 0.57182855 0
vn 0 1 0
vn 0 0.5718291 -0.82037277
vn -0.82037315 0.57182855 0
vn 0 1 0
vn 0 0.5718291 -0.82037277
vn 0.82037315 0.57182855 0
vn 0 1 0
vn 0 0.5718291 -0.82037277
vn -0.82037315 0.57182855 0
vn 0 1 0
vn 0 0.5718291 -0.82037277
vn 0.82037315 0.57182855 0
vn 0 1 0
vn 0 0.5718291 0.82037277
vn 0.82037315 0.57182855 0
vn 0 1 0
vn 0 0.5718291 0.82037277
vn -0.82037315 0.57182855 0
vn 0 1 0
vn 0 0.5718291 0.82037277
vn 0.82037315 0.57182855 0
vn 0 1 0
vn 0 0.5718291 0.82037277
vn -0.82037315 0.57182855 0
vn 0 1 0
vn 0 0.5718291 -0.82037277
vn -0.82037315 0.57182855 0
vn 0 1 0
vn 0 0.5718291 -0.82037277
vn 0.82037315 0.57182855 0
vn 0 1 0
vn 0 0.5718291 -0.82037277
vn -0.82037315 0.57182855 0
vn 0 1 0
vn 0 0.5718291 -0.82037277
vn 0.82037315 0.57182855 0
vn 0 1 0
vn 0 0.5718291 0.82037277
vn 0.82037315 0.57182855 0
vn 0 1 0
vn 0 0.5718291 0.82037277
vn -0.82037315 0.57182855 0
vn 0 1 0
vn 0 0.5718291 -0.82037277
vn -0.82037315 0.57182855 0
vn 0 1 0
vn 0 0.5718291 -0.82037277
vn 0.82037315 0.57182855 0
vn 0 1 0
vn 0 0.5718291 0.82037277
vn 0.82037315 0.57182855 0
vn 0 1 0
vn 0 0.5718291 0.82037277
vn -0.82037315 0.57182855 0
vn 0 1 0
vn 0 0.5718291 -0.82037277
vn -0.82037315 0.57182855 0
vn 0 1 0
vn 0 0.5718291 -0.82037277
vn 0.82037315 0.57182855 0
vn 0 1 0
vn 0 0.5718291 0.82037277
vn 0.82037315 0.57182855 0
vn 0 1 0
vn 0 0.5718291 0.82037277
vn -0.82037315 0.57182855 0
vn 0 1 0
vn 0 0.5718291 0.82037277
vn 0.82037315 0.57182855 0
vn 0 1 0
vn 0 0.5718291 0.82037277
vn -0.82037315 0.57182855 0
vn 0 1 0
vn 0 0.5718291 -0.82037277
vn -0.82037315 0.57182855 0
vn 0 1 0
vn 0 0.5718291 -0.82037277
vn 0.82037315 0.57182855 0
vn 0 1 0
vn 0 0.5718291 0.82037277
vn 0.82037315 0.57182855 0
vn 0 1 0
vn 0 0.5718291 0.82037277
vn -0.82037315 0.57182855 0
vn 0 1 0
vn 0 0.5718291 -0.82037277
vn -0.82037315 0.57182855 0
vn 0 1 0
vn 0 0.5718291 -0.82037277
vn 0.82037315 0.57182855 0
vn 0 1 0
vn 0 0.5718291 -0.82037277
vn -0.82037315 0.57182855 0
vn 0 1 0
vn 0 0.5718291 -0.82037277
vn 0.82037315 0.57182855 0
vn 0 1 0
vn 0 0.5718291 0.82037277
vn 0.82037315 0.57182855 0
vn 0 1 0
vn 0 0.5718291 0.82037277
vn -0.82037315 0.57182855 0
vn 0 1 0
vn 0 0.5718291 -0.82037277
vn 0.82037315 0.57182855 0
vn 0 1 0
vn 0 0.5718291 0.82037277
vn 0.82037315 0.57182855 0
vn 0 1 0
vn 0 0.5718291 0.82037277
vn -0.82037315 0.57182855 0
vn 0 1 0
vn 0 0.5718291 -0.82037277
vn -0.82037315 0.57182855 0
vn 0 1 0
vn 0 0.5718291 -0.82037277
vn -0.82037315 0.57182855 0
vn 0 1 0
vn 0 0.5718291 -0.82037277
vn 0.82037315 0.57182855 0
vn 0 1 0
vn 0 0.5718291 0.82037277
vn 0.82037315 0.57182855 0
vn 0 1 0
vn 0 0.5718291 0.82037277
vn -0.82037315 0.57182855 0
vn 0 1 0
vn 0 0.5718291 0.82037277
vn 0.82037315 0.57182855 0
vn 0 1 0
vn 0 0.5718291 0.82037277
vn -0.82037315 0.57182855 0
vn 0 1 0
vn 0 0.5718291 -0.82037277
vn -0.82037315 0.57182855 0
vn 0 1 0
vn 0 0.5718291 -0.82037277
vn 0.82037315 0.57182855 0
vn 0 1 0
vn 0 0.5718291 -0.82037277
vn 0.82037315 0.57182855 0
vn 0 1 0
vn 0 0.5718291 0.82037277
vn 0.82037315 0.57182855 0
vn 0 1 0
vn 0 0.5718291 0.82037277
vn -0.82037315 0.57182855 0
vn 0 1 0
vn 0 0.5718291 -0.82037277
vn -0.82037315 0.57182855 0
vn 0 1 0
vn 0 0.5718291 0.82037277
vn 0.82037315 0.57182855 0
vn 0 1 0
vn 0 0.5718291 0.82037277
vn -0.82037315 0.57182855 0
vn 0 1 0
vn 0 0.5718291 -0.82037277
vn -0.82037315 0.57182855 0
vn 0 1 0
vn 0 0.5718291 -0.82037277
vn 0.82037315 0.57182855 0
vn 0 1 0
vn 0 0.5718291 -0.82037277
vn -0.82037315 0.57182855 0
vn 0 1 0
vn 0 0.5718291 -0.82037277
vn 0.82037315 0.57182855 0
vn 0 1 0
vn 0 0.5718291 0.82037277
vn 0.82037315 0.57182855 0
vn 0 1 0
vn 0 0.5718291 0.82037277
vn -0.82037315 0.57182855 0
vn 0 1 0
vn 0 0.5718291 0.82037277
vn 0.82037315 0.57182855 0
vn 0 1 0
vn 0 0.5718291 0.82037277
vn -0.82037315 0.57182855 0
vn 0 1 0
vn 0 0.5718291 -0.82037277
vn -0.82037315 0.57182855 0
vn 0 1 0
vn 0 0.5718291 -0.82037277
vn 0.82037315 0.57182855 0
vn 0 1 0
vn 0 0.5718291 -0.82037277
vn -0.82037315 0.57182855 0
vn 0 1 0
vn 0 0.5718291 -0.82037277
vn 0.82037315 0.57182855 0
vn 0 1 0
vn 0 0.5718291 0.82037277
vn 0.82037315 0.57182855 0
vn 0 1 0
vn 0 0.5718291 0.82037277
vn -0.82037315 0.57182855 0
vn 0 1 0
vn 0 0.5718291 -0.82037277
vn 0.82037315 0.57182855 0
vn 0 1 0
vn 0 0.5718291 0.82037277
vn 0.82037315 0.57182855 0
vn 0 1 0
vn 0 0.5718291 0.82037277
vn -0.82037315 0.57182855 0
vn 0 1 0
vn 0 0.5718291 -0.82037277
vn -0.82037315 0.57182855 0
vn 0 1 0
vn 0 0.5718291 0.82037277
vn 0.82037315 0.57182855 0
vn 0 1 0
vn 0 0.5718291 0.82037277
vn -0.82037315 0.57182855 0
vn 0 1 0
vn 0 0.5718291 -0.82037277
vn -0.82037315 0.57182855 0
vn 0 1 0
vn 0 0.5718291 -0.82037277
vn 0.82037315 0.57182855 0
vn 0 1 0
vn 0 0.5718291 -0.82037277
vn 0.82037315 0.57182855 0
vn 0 1 0
vn 0 0.5718291 0.82037277
vn 0.82037315 0.57182855 0
vn 0 1 0
vn 0 0.5718291 0.82037277
vn -0.82037315 0.57182855 0
vn 0 1 0
vn 0 0.5718291 -0.82037277
vn -0.82037315 0.57182855 0
vn 0 0.5718291 -0.82037277
vn -0.82037315 0.57182855 0
vn 0 0.5718291 -0.82037277
vn 0.82037315 0.57182855 0
vn 0 0.5718291 0.82037277
vn 0.82037315 0.57182855 0
vn 0 0.5718291 0.82037277
vn -0.82037315 0.57182855 0
vn 0 0.5718291 0.82037277
vn -0.82037315 0.57182855 0
vn 0 0.5718291 -0.82037277
vn -0.82037315 0.57182855 0
vn 0 0.5718291 -0.82037277
vn 0.82037315 0.57182855 0
vn 0 0.5718291 0.82037277
vn 0.82037315 0.57182855 0
vn 0 0.5718291 0.82037277
vn 0.82037315 0.57182855 0
vn 0 0.5718291 0.82037277
vn -0.82037315 0.57182855 0
vn 0 0.5718291 -0.82037277
vn -0.82037315 0.57182855 0
vn 0 0.5718291 -0.82037277
vn 0.82037315 0.57182855 0
vn 0 0.5718291 0.82037277
vn 0.82037315 0.57182855 0
vn 0 0.5718291 0.82037277
vn -0.82037315 0.57182855 0
vn 0 0.5718291 -0.82037277
vn -0.82037315 0.57182855 0
vn 0 0.5718291 -0.82037277
vn 0.82037315 0.57182855 0
vn 0 0.5718291 -0.82037277
vn 0.82037315 0.57182855 0
vn 0 0.5718291 0.82037277
vn 0.82037315 0.57182855 0
vn 0 0.5718291 0.82037277
vn -0.82037315 0.57182855 0
vn 0 0.5718291 -0.82037277
vn -0.82037315 0.57182855 0
vn 0 0.5718291 0.82037277
vn 0.82037315 0.57182855 0
vn 0 0.5718291 0.82037277
vn -0.82037315 0.57182855 0
vn 0 0.5718291 -0.82037277
vn -0.82037315 0.57182855 0
vn 0 0.5718291 -0.82037277
vn 0.82037315 0.57182855 0
vn 0 0.5718291 0.82037277
vn 0.82037315 0.57182855 0
vn 0 0.5718291 0.82037277
vn -0.82037315 0.57182855 0
vn 0 0.5718291 -0.82037277
vn -0.82037315 0.57182855 0
vn 0 0.5718291 -0.82037277
vn 0.82037315 0.57182855 0
vn 0 0.5718291 0.82037277
vn 0.82037315 0.57182855 0
vn 0 0.5718291 0.82037277
vn -0.82037315 0.57182855 0
vn 0 0.5718291 -0.82037277
vn -0.82037315 0.57182855 0
vn 0 0.5718291 -0.82037277
vn 0.82037315 0.57182855 0
vn 0 0.5718291 0.82037277
vn -0.82037315 0.57182855 0
vn 0 0.5718291 -0.82037277
vn -0.82037315 0.57182855 0
vn 0 0.5718291 -0.82037277
vn 0.82037315 0.57182855 0
vn 0 0.5718291 0.82037277
vn 0.82037315 0.57182855 0
vn 0 0.5718291 0.82037277
vn 0.82037315 0.57182855 0
vn 0 0.5718291 0.82037277
vn -0.82037315 0.57182855 0
vn 0 0.5718291 -0.82037277
vn -0.82037315 0.57182855 0
vn 0 0.5718291 -0.82037277
vn 0.82037315 0.57182855 0
vn 0 0.5718291 0.82037277
vn 0.82037315 0.57182855 0
vn 0 0.5718291 0.82037277
vn -0.82037315 0.57182855 0
vn 0 0.5718291 -0.82037277
vn -0.82037315 0.57182855 0
vn 0 0.5718291 -0.82037277
vn 0.82037315 0.57182855 0
vn 0 0.5718291 -0.82037277
vn 0.82037315 0.57182855 0
vn 0 0.5718291 0.82037277
vn 0.82037315 0.57182855 0
vn 0 0.5718291 0.82037277
vn -0.82037315 0.57182855 0
vn 0 0.5718291 -0.82037277
vn -0.82037315 0.57182855 0
vn 0 0.5718291 -0.82037277
vn -0.82037315 0.57182855 0
vn 0 0.5718291 -0.82037277
vn 0.82037315 0.57182855 0
vn 0 0.5718291 0.82037277
vn 0.82037315 0.57182855 0
vn 0 0.5718291 0.82037277
vn -0.82037315 0.57182855 0
vn 0 0.5718291 -0.82037277
vn 0.82037315 0.57182855 0
vn 0 0.5718291 0.82037277
vn 0.82037315 0.57182855 0
vn 0 0.5718291 0.82037277
vn -0.82037315 0.57182855 0
vn 0 0.5718291 -0.82037277
vn -0.82037315 0.57182855 0
vn 0 0.5718291 0.82037277
vn 0.82037315 0.57182855 0
vn 0 0.5718291 0.82037277
vn -0.82037315 0.57182855 0
vn 0 0.5718291 -0.82037277
vn -0.82037315 0.57182855 0
vn 0 0.5718291 -0.82037277
vn 0.82037315 0.57182855 0
vn 0 0.5718291 -0.82037277
vn -0.82037315 0.57182855 0
vn 0 0.5718291 -0.82037277
vn 0.82037315 0.57182855 0
vn 0 0.5718291 0.82037277
vn 0.82037315 0.57182855 0
vn 0 0.5718291 0.82037277
vn -0.82037315 0.57182855 0
vn 0 0.5718291 0.82037277
vn 0.82037315 0.57182855 0
vn 0 0.5718291 0.82037277
vn -0.82037315 0.57182855 0
vn 0 0.5718291 -0.82037277
vn -0.82037315 0.57182855 0
vn 0 0.5718291 -0.82037277
vn 0.82037315 0.57182855 0
vn 0 0.5718291 -0.82037277
vn -0.82037315 0.57182855 0
vn 0 0.5718291 -0.82037277
vn 0.82037315 0.57182855 0
vn 0 0.5718291 0.82037277
vn 0.82037315 0.57182855 0
vn 0 0.5718291 0.82037277
vn -0.82037315 0.57182855 0
vn 0 0.5718291 0.82037277
vn 0.82037315 0.57182855 0
vn 0 0.5718291 0.82037277
vn -0.82037315 0.57182855 0
vn 0 0.5718291 -0.82037277
vn -0.82037315 0.57182855 0
vn 0 0.5718291 -0.82037277
vn 0.82037315 0.57182855 0
vn 0 0.5718291 -0.82037277
vn -0.82037315 0.57182855 0
vn 0 0.5718291 -0.82037277
vn 0.82037315 0.57182855 0
vn 0 0.5718291 0.82037277
vn 0.82037315 0.57182855 0
vn 0 0.5718291 0.82037277
vn -0.82037315 0.57182855 0
vn 0 0.5718291 -0.82037277
vn -0.82037315 0.57182855 0
vn 0 0.5718291 -0.82037277
vn 0.82037315 0.57182855 0
vn 0 0.5718291 0.82037277
vn 0.82037315 0.57182855 0
vn 0 0.5718291 0.82037277
vn -0.82037315 0.57182855 0
vn 0 0.5718291 -0.82037277
vn -0.82037315 0.57182855 0
vn 0 0.5718291 -0.82037277
vn 0.82037315 0.57182855 0
vn 0 0.5718291 0.82037277
vn 0.82037315 0.57182855 0
vn 0 0.5718291 0.82037277
vn -0.82037315 0.57182855 0
vn 0 0.5718291 0.82037277
vn 0.82037315 0.57182855 0
vn 0 0.5718291 0.82037277
vn -0.82037315 0.57182855 0
vn 0 0.5718291 -0.82037277
vn -0.82037315 0.57182855 0
vn 0 0.5718291 -0.82037277
vn 0.82037315 0.57182855 0
vn 0 0.5718291 0.82037277
vn 0.82037315 0.57182855 0
vn 0 0.5718291 0.82037277
vn -0.82037315 0.57182855 0
vn 0 0.5718291 -0.82037277
vn -0.82037315 0.57182855 0
vn 0 0.5718291 -0.82037277
vn 0.82037315 0.57182855 0
vn 0 0.5718291 -0.82037277
vn -0.82037315 0.57182855 0
vn 0 0.5718291 -0.82037277
vn 0.82037315 0.57182855 0
vn 0 0.5718291 0.82037277
vn 0.82037315 0.57182855 0
vn 0 0.5718291 0.82037277
vn -0.82037315 0.57182855 0
vn 0 0.5718291 -0.82037277
vn 0.82037315 0.57182855 0
vn 0 0.5718291 0.82037277
vn 0.82037315 0.57182855 0
vn 0 0.5718291 0.82037277
vn -0.82037315 0.57182855 0
vn 0 0.5718291 -0.82037277
vn -0.82037315 0.57182855 0
vn 0 0.5718291 -0.82037277
vn -0.82037315 0.57182855 0
vn 0 0.5718291 -0.82037277
vn 0.82037315 0.57182855 0
vn 0 0.5718291 0.82037277
vn 0.82037315 0.57182855 0
vn 0 0.5718291 0.82037277
vn -0.82037315 0.57182855 0
vn 0 0.5718291 0.82037277
vn 0.82037315 0.57182855 0
vn 0 0.5718291 0.82037277
vn -0.82037315 0.57182855 0
vn 0 0.5718291 -0.82037277
vn -0.82037315 0.57182855 0
vn 0 0.5718291 -0.82037277
vn 0.82037315 0.57182855 0
vn 0 0.5718291 -0.82037277
vn 0.82037315 0.57182855 0
vn 0 0.5718291 0.82037277
vn 0.82037315 0.57182855 0
vn 0 0.5718291 0.82037277
vn -0.82037315 0.57182855 0
vn 0 0.5718291 -0.82037277
vn -0.82037315 0.57182855 0
vn 0 0.5718291 0.82037277
vn 0.82037315 0.57182855 0
vn 0 0.5718291 0.82037277
vn -0.82037315 0.57182855 0
vn 0 0.5718291 -0.82037277
vn -0.82037315 0.57182855 0
vn 0 0.5718291 -0.82037277
vn 0.82037315 0.57182855 0
vn 0 0.5718291 -0.82037277
vn -0.82037315 0.57182855 0
vn 0 0.5718291 -0.82037277
vn 0.82037315 0.57182855 0
vn 0 0.5718291 0.82037277
vn 0.82037315 0.57182855 0
vn 0 0.5718291 0.82037277
vn -0.82037315 0.57182855 0
vn 0 0.5718291 0.82037277
vn 0.82037315 0.57182855 0
vn 0 0.5718291 0.82037277
vn -0.82037315 0.57182855 0
vn 0 0.5718291 -0.82037277
vn -0.82037315 0.57182855 0
vn 0 0.5718291 -0.82037277
vn 0.82037315 0.57182855 0
vn 0 0.5718291 -0.82037277
vn -0.82037315 0.57182855 0
vn 0 0.5718291 -0.82037277
vn 0.82037315 0.57182855 0
vn 0 0.5718291 0.82037277
vn 0.82037315 0.57182855 0
vn 0 0.5718291 0.82037277
vn -0.82037315 0.57182855 0
vn 0 0.5718291 -0.82037277
vn 0.82037315 0.57182855 0
vn 0 0.5718291 0.82037277
vn 0.82037315 0.57182855 0
vn 0 0.5718291 0.82037277
vn -0.82037315 0.57182855 0
vn 0 0.5718291 -0.82037277
vn -0.82037315 0.57182855 0
vn 0 0.5718291 0.82037277
vn 0.82037315 0.57182855 0
vn 0 0.5718291 0.82037277
vn -0.82037315 0.57182855 0
vn 0 0.5718291 -0.82037277
vn -0.82037315 0.57182855 0
vn 0 0.5718291 -0.82037277
vn 0.82037315 0.57182855 0
vn 0 0.5718291 -0.82037277
vn 0.82037315 0.57182855 0
vn 0 0.5718291 0.82037277
vn 0.82037315 0.57182855 0
vn 0 0.5718291 0.82037277
vn -0.82037315 0.57182855 0
vn 0 0.5718291 -0.82037277
vn -0.82037315 0.57182855 0
vn 0 1 0
vn 0 1 0
vn 0 1 0
vn 0 1 0
vn 0 1 0
vn 0 1 0
vn 0 1 0
vn 0 1 0
vn 0 1 0
vn 0 1 0
vn 0 0.5718291 0.82037277
vn 0 1 0
vn 0 0.5718291 -0.82037277
vn 0 1 0
vn 0 0.5718291 0.82037277
vn 0 1 0
vn 0 0.5718291 -0.82037277
vn 0 1 0
vn 0 0.5718291 0.82037277
vn 0 1 0
vn 0 0.5718291 -0.82037277
vn 0 1 0
vn 0 0.5718291 0.82037277
vn 0 1 0
vn 0 0.5718291 -0.82037277
vn 0 0.5718291 0.82037277
vn 0 0.5718291 -0.82037277
vn 0 0.5718291 0.82037277
vn 0 0.5718291 -0.82037277
vn 0 0.5718291 0.82037277
vn 0 0.5718291 -0.82037277
vn 0 0.5718291 0.82037277
vn 0 0.5718291 -0.82037277
vn -0.92416801 0 0.38198624
vn -1 0 0
vn -0.002799993 0 0.99999608
vn -0.002799993 0 0.99999608
vn -0.70665719 0 0.70755609
vn -0.70665719 0 0.70755609
vn -0.002799993 0 -0.99999608
vn -0.002799993 0 -0.99999608
vn -0.9239622 0 -0.38248379
vn -1 0 0
vn -0.70880526 0 -0.70540422
vn -0.70880526 0 -0.70540422
vn -0.92494094 0.044804324 0.37746103
vn -1 0 0
vn -0.7105749 0.08268813 0.69874601
vn -0.7105749 0.08268813 0.69874601
vn -0.7105749 0.08268813 0.69874601
vn -0.7105749 0.08268813 0.69874601
vn -0.0028374107 0.19585877 0.98062801
vn -0.0028374107 0.19585877 0.98062801
vn -0.0028374107 0.19585877 0.98062801
vn -0.95748021 0.1718013 0.23176706
vn -1 0 0
vn -0.70953863 0.13854173 0.69091326
vn -0.70953863 0.13854173 0.69091326
vn -0.60315306 0.55481559 0.57304978
vn -0.60315306 0.55481559 0.57304978
vn -0.60315306 0.55481559 0.57304978
vn -0.79106005 0.61112916 0.027297261
vn -0.79106005 0.61112916 0.027297261
vn -0.00219881 0.69559454 0.71843121
vn -0.00219881 0.69559454 0.71843121
vn -0.00219881 0.69559454 0.71843121
vn -0.00219881 0.69559454 0.71843121
vn -0.0028192724 -0.14057075 -0.99006662
vn -0.0028192724 -0.14057075 -0.99006662
vn -0.0028192724 -0.14057075 -0.99006662
vn -0.0036508796 0.99904459 -0.043549714
vn -0.0036508796 0.99904459 -0.043549714
vn -0.0036508796 0.99904459 -0.043549714
vn -0.96661534 0.087713878 -0.24075105
vn -1 0 0
vn -0.002843643 0.52901535 -0.84860749
vn -0.002843643 0.52901535 -0.84860749
vn -0.002843643 0.52901535 -0.84860749
vn -0.002843643 0.52901535 -0.84860749
vn -0.66983701 0.39272206 -0.630149
vn -0.66983701 0.39272206 -0.630149
vn -0.66983701 0.39272206 -0.630149
vn -0.79597189 0.60465835 -0.028583654
vn -0.79597189 0.60465835 -0.028583654
vn -0.71075231 -0.097843696 -0.69660445
vn -0.71075231 -0.097843696 -0.69660445
vn -0.92500734 -0.042654617 -0.37754736
vn -1 0 0
vn -0.0029128864 -0.11296962 -0.99359417
vn -0.0029128864 -0.11296962 -0.99359417
vn -0.0029128864 -0.11296962 -0.99359417
vn -0.0029128864 -0.11296962 -0.99359417
vn -0.70997351 -0.079295637 -0.69974983
vn -0.70997351 -0.079295637 -0.69974983
vn -0.70997351 -0.079295637 -0.69974983
vn 0 0 1
vn 0.38339421 0 0.9235848
vn 0.92416801 0 0.38198624
vn 1 0 0
vn 0.70665719 0 0.70755609
vn 0.70665719 0 0.70755609
vn 0.9239622 0 -0.38248379
vn 1 0 0
vn 0 0 -1
vn 0.38289686 0 -0.9237911
vn 0.70880526 0 -0.70540422
vn 0.70880526 0 -0.70540422
vn 0 0.11716596 0.99311235
vn 0 0.11716596 0.99311235
vn 0.38597205 0.108311 0.91613007
vn 0.38597205 0.108311 0.91613007
vn 0.92523178 0.044727147 0.37675673
vn 1 0 0
vn 0.7105749 0.08268813 0.69874601
vn 0.7105749 0.08268813 0.69874601
vn 0.7105749 0.08268813 0.69874601
vn 0.7105749 0.08268813 0.69874601
vn 0 0.17772553 0.9840801
vn 0.038661171 0.42742134 0.90322551
vn 0 1 0
vn 0.033983546 0.91266262 0.40729849
vn 0.95787947 0.17124018 0.2305292
vn 1 0 0
vn 0.0019673573 0.69559485 0.71843158
vn 0.0019673573 0.69559485 0.71843158
vn 0.58534149 0.56389773 0.58257591
vn 0.58534149 0.56389773 0.58257591
vn 0.58534149 0.56389773 0.58257591
vn 0.7906698 0.61169241 0.025954875
vn 0.7906698 0.61169241 0.025954875
vn 0.70918725 0.13806903 0.69136849
vn 0.70918725 0.13806903 0.69136849
vn 0 -0.1578456 -0.98746381
vn 0.0454473 0.12518771 -0.99109161
vn 0.96665552 0.087862161 -0.24053555
vn 1 0 0
vn 0 1 0
vn 0.038958317 0.88497075 -0.46401404
vn 0.71041133 -0.09846743 -0.69686434
vn 0.71041133 -0.09846743 -0.69686434
vn 0.66258825 0.39619331 -0.63561598
vn 0.66258825 0.39619331 -0.63561598
vn 0.66258825 0.39619331 -0.63561598
vn 0.79549942 0.60532629 -0.027581758
vn 0.79549942 0.60532629 -0.027581758
vn 0.0026249029 0.52901569 -0.84860798
vn 0.0026249029 0.52901569 -0.84860798
vn 0 -0.1129701 -0.99359839
vn 0 -0.1129701 -0.99359839
vn 0.3871523 -0.10396654 -0.91613539
vn 0.3871523 -0.10396654 -0.91613539
vn 0.92471608 -0.042731749 -0.37825147
vn 1 0 0
vn 0.70997351 -0.079295637 -0.69974983
vn 0.70997351 -0.079295637 -0.69974983
vn 0.70997351 -0.079295637 -0.69974983
vn 0 1 0
vn 0 0.90349311 0.42860262
vn 0 0.11716596 0.99311235
vn 0 0.11716596 0.99311235
vn 0 0 1
vn 0 1 0
vn 0 0.86837045 -0.49591607
vn 0 0.44910439 0.89347929
vn 0 0.17772553 0.9840801
vn 0 0 -1
vn 0 -0.1129701 -0.99359839
vn 0 -0.1129701 -0.99359839
vn 0 0.69565404 0.71837696
vn 0 0.69565404 0.71837696
vn 0 0.52895709 -0.84864857
vn 0 0.52895709 -0.84864857
vn 0 0.15909933 -0.98726258
vn 0 -0.1578456 -0.98746381
vn -0.0036507195 0.99910065 0.042243982
vn -0.0036507195 0.99910065 0.042243982
vn -0.0036507195 0.99910065 0.042243982
vn -0.0028133423 0.11716551 0.99310842
vn -0.0028133423 0.11716551 0.99310842
vn -0.0028133423 0.11716551 0.99310842
vn -0.0028133423 0.11716551 0.99310842
vn 0 1 0
vn 0 1 0
vn 0 0 1
vn -1 0 0
vn 0 1 0
vn 0 1 0
vn 0 0 1
vn -1 0 0
vn 0 1 0
vn 0 1 0
vn 0 0 1
vn 1 0 0
vn 0 1 0
vn 0 1 0
vn 0 0 -1
vn 1 0 0
vn 0 0 -1
vn -1 0 0
vn 0 1 0
vn 0 1 0
vn 0 0 -1
vn -1 0 0
vn 0 1 0
vn 0 1 0
vn 0 0 1
vn 0 0 1
vn 0 1 0
vn 0 1 0
vn 0 1 0
vn 0 1 0
vn 0 0 -1
vn 1 0 0
vn 0 0 1
vn 1 0 0
vn 0 1 0
vn 0 1 0
usemtl surface_1
f 984/984/984 1036/1036/1036 992/992/992
f 984/984/984 996/996/996 1036/1036/1036
f 1117/1117/1117 1085/1085/1085 1115/1115/1115
f 1117/1117/1117 1068/1068/1068 1085/1085/1085
f 996/996/996 1025/1025/1025 1036/1036/1036
f 996/996/996 1008/1008/1008 1025/1025/1025
f 1140/1140/1140 1022/1022/1022 1009/1009/1009
f 1140/1140/1140 1136/1136/1136 1022/1022/1022
f 1047/1047/1047 1101/1101/1101 1061/1061/1061
f 1047/1047/1047 1051/1051/1051 1101/1101/1101
f 1061/1061/1061 1084/1084/1084 1071/1071/1071
f 1061/1061/1061 1101/1101/1101 1084/1084/1084
f 1006/1006/1006 1015/1015/1015 1012/1012/1012
f 1006/1006/1006 1019/1019/1019 1015/1015/1015
f 1007/1007/1007 1013/1013/1013 1016/1016/1016
f 1007/1007/1007 1011/1011/1011 1013/1013/1013
f 1010/1010/1010 1014/1014/1014 1018/1018/1018
f 1010/1010/1010 1017/1017/1017 1014/1014/1014
f 1021/1021/1021 1029/1029/1029 1026/1026/1026
f 1021/1021/1021 1034/1034/1034 1029/1029/1029
f 1023/1023/1023 1030/1030/1030 1032/1032/1032
f 1023/1023/1023 1027/1027/1027 1030/1030/1030
f 1024/1024/1024 1028/1028/1028 1033/1033/1033
f 1024/1024/1024 1031/1031/1031 1028/1028/1028
f 1067/1067/1067 1075/1075/1075 1072/1072/1072
f 1067/1067/1067 1079/1079/1079 1075/1075/1075
f 1069/1069/1069 1074/1074/1074 1077/1077/1077
f 1069/1069/1069 1073/1073/1073 1074/1074/1074
f 1070/1070/1070 1076/1076/1076 1080/1080/1080
f 1070/1070/1070 1078/1078/1078 1076/1076/1076
f 1082/1082/1082 1089/1089/1089 1087/1087/1087
f 1082/1082/1082 1095/1095/1095 1089/1089/1089
f 1083/1083/1083 1091/1091/1091 1093/1093/1093
f 1083/1083/1083 1088/1088/1088 1091/1091/1091
f 1086/1086/1086 1090/1090/1090 1094/1094/1094
f 1086/1086/1086 1092/1092/1092 1090/1090/1090
f 983/983/983 1002/1002/1002 995/995/995
f 983/983/983 987/987/987 1002/1002/1002
f 988/988/988 999/999/999 1003/1003/1003
f 988/988/988 986/986/986 999/999/999
f 1023/1023/1023 1017/1017/1017 1010/1010/1010
f 1023/1023/1023 1032/1032/1032 1017/1017/1017
f 1031/1031/1031 1007/1007/1007 1016/1016/1016
f 1031/1031/1031 1024/1024/1024 1007/1007/1007
f 1024/1024/1024 1041/1041/1041 1035/1035/1035
f 1024/1024/1024 1033/1033/1033 1041/1041/1041
f 1034/1034/1034 1039/1039/1039 1042/1042/1042
f 1034/1034/1034 1021/1021/1021 1039/1039/1039
f 1035/1035/1035 993/993/993 991/991/991
f 1035/1035/1035 1041/1041/1041 993/993/993
f 1043/1043/1043 990/990/990 994/994/994
f 1043/1043/1043 1040/1040/1040 990/990/990
f 995/995/995 1011/1011/1011 1007/1007/1007
f 995/995/995 1001/1001/1001 1011/1011/1011
f 1004/1004/1004 1006/1006/1006 1012/1012/1012
f 1004/1004/1004 1000/1000/1000 1006/1006/1006
f 1045/1045/1045 1062/1062/1062 1058/1058/1058
f 1045/1045/1045 1048/1048/1048 1062/1062/1062
f 1049/1049/1049 1060/1060/1060 1065/1065/1065
f 1049/1049/1049 1046/1046/1046 1060/1060/1060
f 1083/1083/1083 1078/1078/1078 1070/1070/1070
f 1083/1083/1083 1093/1093/1093 1078/1078/1078
f 1092/1092/1092 1069/1069/1069 1077/1077/1077
f 1092/1092/1092 1086/1086/1086 1069/1069/1069
f 1082/1082/1082 1102/1102/1102 1098/1098/1098
f 1082/1082/1082 1087/1087/1087 1102/1102/1102
f 1088/1088/1088 1100/1100/1100 1104/1104/1104
f 1088/1088/1088 1083/1083/1083 1100/1100/1100
f 1099/1099/1099 1054/1054/1054 1053/1053/1053
f 1099/1099/1099 1103/1103/1103 1054/1054/1054
f 1104/1104/1104 1050/1050/1050 1055/1055/1055
f 1104/1104/1104 1100/1100/1100 1050/1050/1050
f 1059/1059/1059 1079/1079/1079 1067/1067/1067
f 1059/1059/1059 1063/1063/1063 1079/1079/1079
f 1064/1064/1064 1070/1070/1070 1080/1080/1080
f 1064/1064/1064 1060/1060/1060 1070/1070/1070
f 1096/1096/1096 1130/1130/1130 1081/1081/1081
f 1096/1096/1096 1127/1127/1127 1130/1130/1130
f 1066/1066/1066 1126/1126/1126 1057/1057/1057
f 1066/1066/1066 1124/1124/1124 1126/1126/1126
f 1056/1056/1056 1122/1122/1122 1044/1044/1044
f 1056/1056/1056 1125/1125/1125 1122/1122/1122
f 1052/1052/1052 1128/1128/1128 1097/1097/1097
f 1052/1052/1052 1121/1121/1121 1128/1128/1128
f 1067/1067/1067 1119/1119/1119 1123/1123/1123
f 1067/1067/1067 1072/1072/1072 1119/1119/1119
f 1073/1073/1073 1118/1118/1118 1120/1120/1120
f 1073/1073/1073 1069/1069/1069 1118/1118/1118
f 1086/1086/1086 1113/1113/1113 1116/1116/1116
f 1086/1086/1086 1094/1094/1094 1113/1113/1113
f 1095/1095/1095 1129/1129/1129 1114/1114/1114
f 1095/1095/1095 1082/1082/1082 1129/1129/1129
f 1005/1005/1005 1108/1108/1108 1112/1112/1112
f 1005/1005/1005 998/998/998 1108/1108/1108
f 989/989/989 1154/1154/1154 1148/1148/1148
f 989/989/989 1038/1038/1038 1154/1154/1154
f 1037/1037/1037 1158/1158/1158 1153/1153/1153
f 1037/1037/1037 1020/1020/1020 1158/1158/1158
f 1010/1010/1010 1146/1146/1146 1142/1142/1142
f 1010/1010/1010 1018/1018/1018 1146/1146/1146
f 1019/1019/1019 1110/1110/1110 1145/1145/1145
f 1019/1019/1019 1006/1006/1006 1110/1110/1110
f 1021/1021/1021 1132/1132/1132 1156/1156/1156
f 1021/1021/1021 1026/1026/1026 1132/1132/1132
f 1027/1027/1027 1137/1137/1137 1134/1134/1134
f 1027/1027/1027 1023/1023/1023 1137/1137/1137
f 997/997/997 1150/1150/1150 1107/1107/1107
f 997/997/997 985/985/985 1150/1150/1150
f 1127/1127/1127 1157/1157/1157 1130/1130/1130
f 1127/1127/1127 1152/1152/1152 1157/1157/1157
f 1129/1129/1129 1131/1131/1131 1114/1114/1114
f 1129/1129/1129 1155/1155/1155 1131/1131/1131
f 1119/1119/1119 1109/1109/1109 1123/1123/1123
f 1119/1119/1119 1143/1143/1143 1109/1109/1109
f 1124/1124/1124 1105/1105/1105 1126/1126/1126
f 1124/1124/1124 1111/1111/1111 1105/1105/1105
f 1115/1115/1115 1139/1139/1139 1117/1117/1117
f 1115/1115/1115 1135/1135/1135 1139/1139/1139
f 1118/1118/1118 1144/1144/1144 1120/1120/1120
f 1118/1118/1118 1141/1141/1141 1144/1144/1144
f 1125/1125/1125 1149/1149/1149 1122/1122/1122
f 1125/1125/1125 1106/1106/1106 1149/1149/1149
f 1113/1113/1113 1138/1138/1138 1116/1116/1116
f 1113/1113/1113 1133/1133/1133 1138/1138/1138
f 1121/1121/1121 1151/1151/1151 1128/1128/1128
f 1121/1121/1121 1147/1147/1147 1151/1151/1151
f 1209/1209/1209 1211/1211/1211 1210/1210/1210
f 1209/1209/1209 1208/1208/1208 1211/1211/1211
f 1208/1208/1208 1213/1213/1213 1211/1211/1211
f 1208/1208/1208 1212/1212/1212 1213/1213/1213
f 1186/1186/1186 1208/1208/1208 1209/1209/1209
f 1186/1186/1186 1214/1214/1214 1208/1208/1208
f 1214/1214/1214 1212/1212/1212 1208/1208/1208
f 1214/1214/1214 1215/1215/1215 1212/1212/1212
f 1210/1210/1210 1217/1217/1217 1216/1216/1216
f 1210/1210/1210 1211/1211/1211 1217/1217/1217
f 1211/1211/1211 1218/1218/1218 1217/1217/1217
f 1211/1211/1211 1213/1213/1213 1218/1218/1218
f 1219/1219/1219 1221/1221/1221 1185/1185/1185
f 1219/1219/1219 1220/1220/1220 1221/1221/1221
f 1223/1223/1223 1225/1225/1225 1222/1222/1222
f 1223/1223/1223 1224/1224/1224 1225/1225/1225
f 1222/1222/1222 1220/1220/1220 1219/1219/1219
f 1222/1222/1222 1225/1225/1225 1220/1220/1220
f 1227/1227/1227 1229/1229/1229 1226/1226/1226
f 1227/1227/1227 1228/1228/1228 1229/1229/1229
f 1226/1226/1226 1231/1231/1231 1230/1230/1230
f 1226/1226/1226 1229/1229/1229 1231/1231/1231
f 1183/1183/1183 1214/1214/1214 1186/1186/1186
f 1183/1183/1183 1207/1207/1207 1214/1214/1214
f 1207/1207/1207 1215/1215/1215 1214/1214/1214
f 1207/1207/1207 1184/1184/1184 1215/1215/1215
f 1182/1182/1182 1224/1224/1224 1223/1223/1223
f 1182/1182/1182 1181/1181/1181 1224/1224/1224
f 1230/1230/1230 1179/1179/1179 1180/1180/1180
f 1230/1230/1230 1231/1231/1231 1179/1179/1179
f 1204/1204/1204 1233/1233/1233 1205/1205/1205
f 1204/1204/1204 1232/1232/1232 1233/1233/1233
f 1232/1232/1232 1234/1234/1234 1233/1233/1233
f 1232/1232/1232 1203/1203/1203 1234/1234/1234
f 1202/1202/1202 1232/1232/1232 1204/1204/1204
f 1202/1202/1202 1235/1235/1235 1232/1232/1232
f 1235/1235/1235 1203/1203/1203 1232/1232/1232
f 1235/1235/1235 1201/1201/1201 1203/1203/1203
f 1200/1200/1200 1235/1235/1235 1202/1202/1202
f 1200/1200/1200 1236/1236/1236 1235/1235/1235
f 1236/1236/1236 1201/1201/1201 1235/1235/1235
f 1236/1236/1236 1199/1199/1199 1201/1201/1201
f 1238/1238/1238 1236/1236/1236 1200/1200/1200
f 1238/1238/1238 1237/1237/1237 1236/1236/1236
f 1237/1237/1237 1199/1199/1199 1236/1236/1236
f 1237/1237/1237 1198/1198/1198 1199/1199/1199
f 1239/1239/1239 1240/1240/1240 1196/1196/1196
f 1239/1239/1239 1197/1197/1197 1240/1240/1240
f 1196/1196/1196 1194/1194/1194 1195/1195/1195
f 1196/1196/1196 1240/1240/1240 1194/1194/1194
f 1195/1195/1195 1192/1192/1192 1193/1193/1193
f 1195/1195/1195 1194/1194/1194 1192/1192/1192
f 1193/1193/1193 1190/1190/1190 1191/1191/1191
f 1193/1193/1193 1192/1192/1192 1190/1190/1190
f 1242/1242/1242 1243/1243/1243 1241/1241/1241
f 1242/1242/1242 1187/1187/1187 1243/1243/1243
f 1241/1241/1241 1244/1244/1244 1188/1188/1188
f 1241/1241/1241 1243/1243/1243 1244/1244/1244
f 1188/1188/1188 1246/1246/1246 1245/1245/1245
f 1188/1188/1188 1244/1244/1244 1246/1246/1246
f 1245/1245/1245 1189/1189/1189 1247/1247/1247
f 1245/1245/1245 1246/1246/1246 1189/1189/1189
f 1973/1973/1973 1248/1248/1248 1206/1206/1206
f 1973/1973/1973 1974/1974/1974 1248/1248/1248
f 1206/1206/1206 1228/1228/1228 1227/1227/1227
f 1206/1206/1206 1248/1248/1248 1228/1228/1228
f 1971/1971/1971 1237/1237/1237 1238/1238/1238
f 1971/1971/1971 1972/1972/1972 1237/1237/1237
f 1972/1972/1972 1198/1198/1198 1237/1237/1237
f 1972/1972/1972 1975/1975/1975 1198/1198/1198
f 1976/1976/1976 1197/1197/1197 1239/1239/1239
f 1976/1976/1976 1977/1977/1977 1197/1197/1197
f 1159/1159/1159 1252/1252/1252 1162/1162/1162
f 1159/1159/1159 1249/1249/1249 1252/1252/1252
f 1162/1162/1162 1255/1255/1255 1186/1186/1186
f 1162/1162/1162 1252/1252/1252 1255/1255/1255
f 1186/1186/1186 1258/1258/1258 1183/1183/1183
f 1186/1186/1186 1255/1255/1255 1258/1258/1258
f 1183/1183/1183 1249/1249/1249 1159/1159/1159
f 1183/1183/1183 1258/1258/1258 1249/1249/1249
f 1160/1160/1160 1264/1264/1264 1184/1184/1184
f 1160/1160/1160 1261/1261/1261 1264/1264/1264
f 1184/1184/1184 1267/1267/1267 1215/1215/1215
f 1184/1184/1184 1264/1264/1264 1267/1267/1267
f 1215/1215/1215 1270/1270/1270 1163/1163/1163
f 1215/1215/1215 1267/1267/1267 1270/1270/1270
f 1163/1163/1163 1261/1261/1261 1160/1160/1160
f 1163/1163/1163 1270/1270/1270 1261/1261/1261
f 1969/1969/1969 1276/1276/1276 1168/1168/1168
f 1969/1969/1969 1978/1978/1978 1276/1276/1276
f 1168/1168/1168 1279/1279/1279 1221/1221/1221
f 1168/1168/1168 1276/1276/1276 1279/1279/1279
f 1977/1977/1977 1282/1282/1282 1197/1197/1197
f 1977/1977/1977 1980/1980/1980 1282/1282/1282
f 1197/1197/1197 1273/1273/1273 1169/1169/1169
f 1197/1197/1197 1282/1282/1282 1273/1273/1273
f 1167/1167/1167 1288/1288/1288 1165/1165/1165
f 1167/1167/1167 1285/1285/1285 1288/1288/1288
f 1165/1165/1165 1291/1291/1291 1212/1212/1212
f 1165/1165/1165 1288/1288/1288 1291/1291/1291
f 1212/1212/1212 1294/1294/1294 1213/1213/1213
f 1212/1212/1212 1291/1291/1291 1294/1294/1294
f 1213/1213/1213 1285/1285/1285 1167/1167/1167
f 1213/1213/1213 1294/1294/1294 1285/1285/1285
f 1166/1166/1166 1300/1300/1300 1210/1210/1210
f 1166/1166/1166 1297/1297/1297 1300/1300/1300
f 1210/1210/1210 1303/1303/1303 1209/1209/1209
f 1210/1210/1210 1300/1300/1300 1303/1303/1303
f 1209/1209/1209 1306/1306/1306 1164/1164/1164
f 1209/1209/1209 1303/1303/1303 1306/1306/1306
f 1164/1164/1164 1297/1297/1297 1166/1166/1166
f 1164/1164/1164 1306/1306/1306 1297/1297/1297
f 1165/1165/1165 1312/1312/1312 1163/1163/1163
f 1165/1165/1165 1309/1309/1309 1312/1312/1312
f 1163/1163/1163 1315/1315/1315 1215/1215/1215
f 1163/1163/1163 1312/1312/1312 1315/1315/1315
f 1215/1215/1215 1318/1318/1318 1212/1212/1212
f 1215/1215/1215 1315/1315/1315 1318/1318/1318
f 1212/1212/1212 1309/1309/1309 1165/1165/1165
f 1212/1212/1212 1318/1318/1318 1309/1309/1309
f 1228/1228/1228 1324/1324/1324 1229/1229/1229
f 1228/1228/1228 1321/1321/1321 1324/1324/1324
f 1229/1229/1229 1327/1327/1327 1165/1165/1165
f 1229/1229/1229 1324/1324/1324 1327/1327/1327
f 1165/1165/1165 1330/1330/1330 1167/1167/1167
f 1165/1165/1165 1327/1327/1327 1330/1330/1330
f 1167/1167/1167 1321/1321/1321 1228/1228/1228
f 1167/1167/1167 1330/1330/1330 1321/1321/1321
f 1971/1971/1971 1336/1336/1336 1216/1216/1216
f 1971/1971/1971 1982/1982/1982 1336/1336/1336
f 1216/1216/1216 1339/1339/1339 1168/1168/1168
f 1216/1216/1216 1336/1336/1336 1339/1339/1339
f 1969/1969/1969 1342/1342/1342 1169/1169/1169
f 1969/1969/1969 1984/1984/1984 1342/1342/1342
f 1169/1169/1169 1333/1333/1333 1238/1238/1238
f 1169/1169/1169 1342/1342/1342 1333/1333/1333
f 1167/1167/1167 1348/1348/1348 1213/1213/1213
f 1167/1167/1167 1345/1345/1345 1348/1348/1348
f 1213/1213/1213 1351/1351/1351 1218/1218/1218
f 1213/1213/1213 1348/1348/1348 1351/1351/1351
f 1218/1218/1218 1354/1354/1354 1161/1161/1161
f 1218/1218/1218 1351/1351/1351 1354/1354/1354
f 1161/1161/1161 1345/1345/1345 1167/1167/1167
f 1161/1161/1161 1354/1354/1354 1345/1345/1345
f 1178/1178/1178 1360/1360/1360 1176/1176/1176
f 1178/1178/1178 1357/1357/1357 1360/1360/1360
f 1176/1176/1176 1363/1363/1363 1203/1203/1203
f 1176/1176/1176 1360/1360/1360 1363/1363/1363
f 1203/1203/1203 1366/1366/1366 1234/1234/1234
f 1203/1203/1203 1363/1363/1363 1366/1366/1366
f 1234/1234/1234 1357/1357/1357 1178/1178/1178
f 1234/1234/1234 1366/1366/1366 1357/1357/1357
f 1205/1205/1205 1372/1372/1372 1204/1204/1204
f 1205/1205/1205 1369/1369/1369 1372/1372/1372
f 1204/1204/1204 1375/1375/1375 1175/1175/1175
f 1204/1204/1204 1372/1372/1372 1375/1375/1375
f 1175/1175/1175 1378/1378/1378 1177/1177/1177
f 1175/1175/1175 1375/1375/1375 1378/1378/1378
f 1177/1177/1177 1369/1369/1369 1205/1205/1205
f 1177/1177/1177 1378/1378/1378 1369/1369/1369
f 1203/1203/1203 1384/1384/1384 1176/1176/1176
f 1203/1203/1203 1381/1381/1381 1384/1384/1384
f 1176/1176/1176 1387/1387/1387 1174/1174/1174
f 1176/1176/1176 1384/1384/1384 1387/1387/1387
f 1174/1174/1174 1390/1390/1390 1201/1201/1201
f 1174/1174/1174 1387/1387/1387 1390/1390/1390
f 1201/1201/1201 1381/1381/1381 1203/1203/1203
f 1201/1201/1201 1390/1390/1390 1381/1381/1381
f 1173/1173/1173 1396/1396/1396 1175/1175/1175
f 1173/1173/1173 1393/1393/1393 1396/1396/1396
f 1175/1175/1175 1399/1399/1399 1204/1204/1204
f 1175/1175/1175 1396/1396/1396 1399/1399/1399
f 1204/1204/1204 1402/1402/1402 1202/1202/1202
f 1204/1204/1204 1399/1399/1399 1402/1402/1402
f 1202/1202/1202 1393/1393/1393 1173/1173/1173
f 1202/1202/1202 1402/1402/1402 1393/1393/1393
f 1201/1201/1201 1408/1408/1408 1174/1174/1174
f 1201/1201/1201 1405/1405/1405 1408/1408/1408
f 1174/1174/1174 1411/1411/1411 1172/1172/1172
f 1174/1174/1174 1408/1408/1408 1411/1411/1411
f 1172/1172/1172 1414/1414/1414 1199/1199/1199
f 1172/1172/1172 1411/1411/1411 1414/1414/1414
f 1199/1199/1199 1405/1405/1405 1201/1201/1201
f 1199/1199/1199 1414/1414/1414 1405/1405/1405
f 1202/1202/1202 1420/1420/1420 1200/1200/1200
f 1202/1202/1202 1417/1417/1417 1420/1420/1420
f 1200/1200/1200 1423/1423/1423 1171/1171/1171
f 1200/1200/1200 1420/1420/1420 1423/1423/1423
f 1171/1171/1171 1426/1426/1426 1173/1173/1173
f 1171/1171/1171 1423/1423/1423 1426/1426/1426
f 1173/1173/1173 1417/1417/1417 1202/1202/1202
f 1173/1173/1173 1426/1426/1426 1417/1417/1417
f 1198/1198/1198 1432/1432/1432 1199/1199/1199
f 1198/1198/1198 1429/1429/1429 1432/1432/1432
f 1199/1199/1199 1435/1435/1435 1172/1172/1172
f 1199/1199/1199 1432/1432/1432 1435/1435/1435
f 1172/1172/1172 1438/1438/1438 1170/1170/1170
f 1172/1172/1172 1435/1435/1435 1438/1438/1438
f 1170/1170/1170 1429/1429/1429 1198/1198/1198
f 1170/1170/1170 1438/1438/1438 1429/1429/1429
f 1187/1187/1187 1444/1444/1444 1243/1243/1243
f 1187/1187/1187 1441/1441/1441 1444/1444/1444
f 1243/1243/1243 1447/1447/1447 1176/1176/1176
f 1243/1243/1243 1444/1444/1444 1447/1447/1447
f 1176/1176/1176 1450/1450/1450 1178/1178/1178
f 1176/1176/1176 1447/1447/1447 1450/1450/1450
f 1178/1178/1178 1441/1441/1441 1187/1187/1187
f 1178/1178/1178 1450/1450/1450 1441/1441/1441
f 1162/1162/1162 1456/1456/1456 1164/1164/1164
f 1162/1162/1162 1453/1453/1453 1456/1456/1456
f 1164/1164/1164 1459/1459/1459 1209/1209/1209
f 1164/1164/1164 1456/1456/1456 1459/1459/1459
f 1209/1209/1209 1462/1462/1462 1186/1186/1186
f 1209/1209/1209 1459/1459/1459 1462/1462/1462
f 1186/1186/1186 1453/1453/1453 1162/1162/1162
f 1186/1186/1186 1462/1462/1462 1453/1453/1453
f 1970/1970/1970 1468/1468/1468 1161/1161/1161
f 1970/1970/1970 1986/1986/1986 1468/1468/1468
f 1161/1161/1161 1471/1471/1471 1218/1218/1218
f 1161/1161/1161 1468/1468/1468 1471/1471/1471
f 1975/1975/1975 1474/1474/1474 1198/1198/1198
f 1975/1975/1975 1988/1988/1988 1474/1474/1474
f 1198/1198/1198 1465/1465/1465 1170/1170/1170
f 1198/1198/1198 1474/1474/1474 1465/1465/1465
f 1194/1194/1194 1480/1480/1480 1192/1192/1192
f 1194/1194/1194 1477/1477/1477 1480/1480/1480
f 1192/1192/1192 1483/1483/1483 1175/1175/1175
f 1192/1192/1192 1480/1480/1480 1483/1483/1483
f 1175/1175/1175 1486/1486/1486 1173/1173/1173
f 1175/1175/1175 1483/1483/1483 1486/1486/1486
f 1173/1173/1173 1477/1477/1477 1194/1194/1194
f 1173/1173/1173 1486/1486/1486 1477/1477/1477
f 1197/1197/1197 1492/1492/1492 1240/1240/1240
f 1197/1197/1197 1489/1489/1489 1492/1492/1492
f 1240/1240/1240 1495/1495/1495 1171/1171/1171
f 1240/1240/1240 1492/1492/1492 1495/1495/1495
f 1171/1171/1171 1498/1498/1498 1169/1169/1169
f 1171/1171/1171 1495/1495/1495 1498/1498/1498
f 1169/1169/1169 1489/1489/1489 1197/1197/1197
f 1169/1169/1169 1498/1498/1498 1489/1489/1489
f 1240/1240/1240 1504/1504/1504 1194/1194/1194
f 1240/1240/1240 1501/1501/1501 1504/1504/1504
f 1194/1194/1194 1507/1507/1507 1173/1173/1173
f 1194/1194/1194 1504/1504/1504 1507/1507/1507
f 1173/1173/1173 1510/1510/1510 1171/1171/1171
f 1173/1173/1173 1507/1507/1507 1510/1510/1510
f 1171/1171/1171 1501/1501/1501 1240/1240/1240
f 1171/1171/1171 1510/1510/1510 1501/1501/1501
f 1177/1177/1177 1516/1516/1516 1175/1175/1175
f 1177/1177/1177 1513/1513/1513 1516/1516/1516
f 1175/1175/1175 1519/1519/1519 1192/1192/1192
f 1175/1175/1175 1516/1516/1516 1519/1519/1519
f 1192/1192/1192 1522/1522/1522 1190/1190/1190
f 1192/1192/1192 1519/1519/1519 1522/1522/1522
f 1190/1190/1190 1513/1513/1513 1177/1177/1177
f 1190/1190/1190 1522/1522/1522 1513/1513/1513
f 1243/1243/1243 1528/1528/1528 1244/1244/1244
f 1243/1243/1243 1525/1525/1525 1528/1528/1528
f 1244/1244/1244 1531/1531/1531 1174/1174/1174
f 1244/1244/1244 1528/1528/1528 1531/1531/1531
f 1174/1174/1174 1534/1534/1534 1176/1176/1176
f 1174/1174/1174 1531/1531/1531 1534/1534/1534
f 1176/1176/1176 1525/1525/1525 1243/1243/1243
f 1176/1176/1176 1534/1534/1534 1525/1525/1525
f 1181/1181/1181 1540/1540/1540 1224/1224/1224
f 1181/1181/1181 1537/1537/1537 1540/1540/1540
f 1224/1224/1224 1543/1543/1543 1162/1162/1162
f 1224/1224/1224 1540/1540/1540 1543/1543/1543
f 1162/1162/1162 1546/1546/1546 1159/1159/1159
f 1162/1162/1162 1543/1543/1543 1546/1546/1546
f 1159/1159/1159 1537/1537/1537 1181/1181/1181
f 1159/1159/1159 1546/1546/1546 1537/1537/1537
f 1174/1174/1174 1552/1552/1552 1244/1244/1244
f 1174/1174/1174 1549/1549/1549 1552/1552/1552
f 1244/1244/1244 1555/1555/1555 1246/1246/1246
f 1244/1244/1244 1552/1552/1552 1555/1555/1555
f 1246/1246/1246 1558/1558/1558 1172/1172/1172
f 1246/1246/1246 1555/1555/1555 1558/1558/1558
f 1172/1172/1172 1549/1549/1549 1174/1174/1174
f 1172/1172/1172 1558/1558/1558 1549/1549/1549
f 1220/1220/1220 1564/1564/1564 1221/1221/1221
f 1220/1220/1220 1561/1561/1561 1564/1564/1564
f 1221/1221/1221 1567/1567/1567 1168/1168/1168
f 1221/1221/1221 1564/1564/1564 1567/1567/1567
f 1168/1168/1168 1570/1570/1570 1166/1166/1166
f 1168/1168/1168 1567/1567/1567 1570/1570/1570
f 1166/1166/1166 1561/1561/1561 1220/1220/1220
f 1166/1166/1166 1570/1570/1570 1561/1561/1561
f 1246/1246/1246 1576/1576/1576 1189/1189/1189
f 1246/1246/1246 1573/1573/1573 1576/1576/1576
f 1189/1189/1189 1579/1579/1579 1170/1170/1170
f 1189/1189/1189 1576/1576/1576 1579/1579/1579
f 1170/1170/1170 1582/1582/1582 1172/1172/1172
f 1170/1170/1170 1579/1579/1579 1582/1582/1582
f 1172/1172/1172 1573/1573/1573 1246/1246/1246
f 1172/1172/1172 1582/1582/1582 1573/1573/1573
f 1168/1168/1168 1588/1588/1588 1216/1216/1216
f 1168/1168/1168 1585/1585/1585 1588/1588/1588
f 1216/1216/1216 1591/1591/1591 1210/1210/1210
f 1216/1216/1216 1588/1588/1588 1591/1591/1591
f 1210/1210/1210 1594/1594/1594 1166/1166/1166
f 1210/1210/1210 1591/1591/1591 1594/1594/1594
f 1166/1166/1166 1585/1585/1585 1168/1168/1168
f 1166/1166/1166 1594/1594/1594 1585/1585/1585
f 1974/1974/1974 1600/1600/1600 1248/1248/1248
f 1974/1974/1974 1990/1990/1990 1600/1600/1600
f 1248/1248/1248 1603/1603/1603 1161/1161/1161
f 1248/1248/1248 1600/1600/1600 1603/1603/1603
f 1970/1970/1970 1606/1606/1606 1170/1170/1170
f 1970/1970/1970 1992/1992/1992 1606/1606/1606
f 1170/1170/1170 1597/1597/1597 1189/1189/1189
f 1170/1170/1170 1606/1606/1606 1597/1597/1597
f 1224/1224/1224 1612/1612/1612 1225/1225/1225
f 1224/1224/1224 1609/1609/1609 1612/1612/1612
f 1225/1225/1225 1615/1615/1615 1164/1164/1164
f 1225/1225/1225 1612/1612/1612 1615/1615/1615
f 1164/1164/1164 1618/1618/1618 1162/1162/1162
f 1164/1164/1164 1615/1615/1615 1618/1618/1618
f 1162/1162/1162 1609/1609/1609 1224/1224/1224
f 1162/1162/1162 1618/1618/1618 1609/1609/1609
f 1229/1229/1229 1624/1624/1624 1231/1231/1231
f 1229/1229/1229 1621/1621/1621 1624/1624/1624
f 1231/1231/1231 1627/1627/1627 1163/1163/1163
f 1231/1231/1231 1624/1624/1624 1627/1627/1627
f 1163/1163/1163 1630/1630/1630 1165/1165/1165
f 1163/1163/1163 1627/1627/1627 1630/1630/1630
f 1165/1165/1165 1621/1621/1621 1229/1229/1229
f 1165/1165/1165 1630/1630/1630 1621/1621/1621
f 1225/1225/1225 1636/1636/1636 1220/1220/1220
f 1225/1225/1225 1633/1633/1633 1636/1636/1636
f 1220/1220/1220 1639/1639/1639 1166/1166/1166
f 1220/1220/1220 1636/1636/1636 1639/1639/1639
f 1166/1166/1166 1642/1642/1642 1164/1164/1164
f 1166/1166/1166 1639/1639/1639 1642/1642/1642
f 1164/1164/1164 1633/1633/1633 1225/1225/1225
f 1164/1164/1164 1642/1642/1642 1633/1633/1633
f 1161/1161/1161 1648/1648/1648 1248/1248/1248
f 1161/1161/1161 1645/1645/1645 1648/1648/1648
f 1248/1248/1248 1651/1651/1651 1228/1228/1228
f 1248/1248/1248 1648/1648/1648 1651/1651/1651
f 1228/1228/1228 1654/1654/1654 1167/1167/1167
f 1228/1228/1228 1651/1651/1651 1654/1654/1654
f 1167/1167/1167 1645/1645/1645 1161/1161/1161
f 1167/1167/1167 1654/1654/1654 1645/1645/1645
f 1200/1200/1200 1660/1660/1660 1238/1238/1238
f 1200/1200/1200 1657/1657/1657 1660/1660/1660
f 1238/1238/1238 1663/1663/1663 1169/1169/1169
f 1238/1238/1238 1660/1660/1660 1663/1663/1663
f 1169/1169/1169 1666/1666/1666 1171/1171/1171
f 1169/1169/1169 1663/1663/1663 1666/1666/1666
f 1171/1171/1171 1657/1657/1657 1200/1200/1200
f 1171/1171/1171 1666/1666/1666 1657/1657/1657
f 1163/1163/1163 1672/1672/1672 1231/1231/1231
f 1163/1163/1163 1669/1669/1669 1672/1672/1672
f 1231/1231/1231 1675/1675/1675 1179/1179/1179
f 1231/1231/1231 1672/1672/1672 1675/1675/1675
f 1179/1179/1179 1678/1678/1678 1160/1160/1160
f 1179/1179/1179 1675/1675/1675 1678/1678/1678
f 1160/1160/1160 1669/1669/1669 1163/1163/1163
f 1160/1160/1160 1678/1678/1678 1669/1669/1669
f 1250/1250/1250 1683/1683/1683 1253/1253/1253
f 1250/1250/1250 1681/1681/1681 1683/1683/1683
f 1254/1254/1254 1686/1686/1686 1257/1257/1257
f 1254/1254/1254 1684/1684/1684 1686/1686/1686
f 1256/1256/1256 1687/1687/1687 1259/1259/1259
f 1256/1256/1256 1685/1685/1685 1687/1687/1687
f 1260/1260/1260 1682/1682/1682 1251/1251/1251
f 1260/1260/1260 1688/1688/1688 1682/1682/1682
f 1263/1263/1263 1692/1692/1692 1266/1266/1266
f 1263/1263/1263 1690/1690/1690 1692/1692/1692
f 1265/1265/1265 1693/1693/1693 1268/1268/1268
f 1265/1265/1265 1691/1691/1691 1693/1693/1693
f 1269/1269/1269 1696/1696/1696 1272/1272/1272
f 1269/1269/1269 1694/1694/1694 1696/1696/1696
f 1271/1271/1271 1689/1689/1689 1262/1262/1262
f 1271/1271/1271 1695/1695/1695 1689/1689/1689
f 1979/1979/1979 1699/1699/1699 1277/1277/1277
f 1979/1979/1979 1994/1994/1994 1699/1699/1699
f 1278/1278/1278 1702/1702/1702 1281/1281/1281
f 1278/1278/1278 1700/1700/1700 1702/1702/1702
f 1981/1981/1981 1703/1703/1703 1283/1283/1283
f 1981/1981/1981 1995/1995/1995 1703/1703/1703
f 1284/1284/1284 1698/1698/1698 1275/1275/1275
f 1284/1284/1284 1704/1704/1704 1698/1698/1698
f 1286/1286/1286 1707/1707/1707 1289/1289/1289
f 1286/1286/1286 1705/1705/1705 1707/1707/1707
f 1290/1290/1290 1710/1710/1710 1293/1293/1293
f 1290/1290/1290 1708/1708/1708 1710/1710/1710
f 1292/1292/1292 1711/1711/1711 1295/1295/1295
f 1292/1292/1292 1709/1709/1709 1711/1711/1711
f 1296/1296/1296 1706/1706/1706 1287/1287/1287
f 1296/1296/1296 1712/1712/1712 1706/1706/1706
f 1299/1299/1299 1716/1716/1716 1302/1302/1302
f 1299/1299/1299 1714/1714/1714 1716/1716/1716
f 1301/1301/1301 1717/1717/1717 1304/1304/1304
f 1301/1301/1301 1715/1715/1715 1717/1717/1717
f 1305/1305/1305 1720/1720/1720 1308/1308/1308
f 1305/1305/1305 1718/1718/1718 1720/1720/1720
f 1307/1307/1307 1713/1713/1713 1298/1298/1298
f 1307/1307/1307 1719/1719/1719 1713/1713/1713
f 1310/1310/1310 1723/1723/1723 1313/1313/1313
f 1310/1310/1310 1721/1721/1721 1723/1723/1723
f 1314/1314/1314 1726/1726/1726 1317/1317/1317
f 1314/1314/1314 1724/1724/1724 1726/1726/1726
f 1316/1316/1316 1727/1727/1727 1319/1319/1319
f 1316/1316/1316 1725/1725/1725 1727/1727/1727
f 1320/1320/1320 1722/1722/1722 1311/1311/1311
f 1320/1320/1320 1728/1728/1728 1722/1722/1722
f 1322/1322/1322 1731/1731/1731 1325/1325/1325
f 1322/1322/1322 1729/1729/1729 1731/1731/1731
f 1326/1326/1326 1734/1734/1734 1329/1329/1329
f 1326/1326/1326 1732/1732/1732 1734/1734/1734
f 1328/1328/1328 1735/1735/1735 1331/1331/1331
f 1328/1328/1328 1733/1733/1733 1735/1735/1735
f 1332/1332/1332 1730/1730/1730 1323/1323/1323
f 1332/1332/1332 1736/1736/1736 1730/1730/1730
f 1983/1983/1983 1739/1739/1739 1337/1337/1337
f 1983/1983/1983 1996/1996/1996 1739/1739/1739
f 1338/1338/1338 1742/1742/1742 1341/1341/1341
f 1338/1338/1338 1740/1740/1740 1742/1742/1742
f 1985/1985/1985 1743/1743/1743 1343/1343/1343
f 1985/1985/1985 1997/1997/1997 1743/1743/1743
f 1344/1344/1344 1738/1738/1738 1335/1335/1335
f 1344/1344/1344 1744/1744/1744 1738/1738/1738
f 1347/1347/1347 1748/1748/1748 1350/1350/1350
f 1347/1347/1347 1746/1746/1746 1748/1748/1748
f 1349/1349/1349 1749/1749/1749 1352/1352/1352
f 1349/1349/1349 1747/1747/1747 1749/1749/1749
f 1353/1353/1353 1752/1752/1752 1356/1356/1356
f 1353/1353/1353 1750/1750/1750 1752/1752/1752
f 1355/1355/1355 1745/1745/1745 1346/1346/1346
f 1355/1355/1355 1751/1751/1751 1745/1745/1745
f 1358/1358/1358 1755/1755/1755 1361/1361/1361
f 1358/1358/1358 1753/1753/1753 1755/1755/1755
f 1362/1362/1362 1758/1758/1758 1365/1365/1365
f 1362/1362/1362 1756/1756/1756 1758/1758/1758
f 1364/1364/1364 1759/1759/1759 1367/1367/1367
f 1364/1364/1364 1757/1757/1757 1759/1759/1759
f 1368/1368/1368 1754/1754/1754 1359/1359/1359
f 1368/1368/1368 1760/1760/1760 1754/1754/1754
f 1370/1370/1370 1763/1763/1763 1373/1373/1373
f 1370/1370/1370 1761/1761/1761 1763/1763/1763
f 1374/1374/1374 1766/1766/1766 1377/1377/1377
f 1374/1374/1374 1764/1764/1764 1766/1766/1766
f 1376/1376/1376 1767/1767/1767 1379/1379/1379
f 1376/1376/1376 1765/1765/1765 1767/1767/1767
f 1380/1380/1380 1762/1762/1762 1371/1371/1371
f 1380/1380/1380 1768/1768/1768 1762/1762/1762
f 1383/1383/1383 1772/1772/1772 1386/1386/1386
f 1383/1383/1383 1770/1770/1770 1772/1772/1772
f 1385/1385/1385 1773/1773/1773 1388/1388/1388
f 1385/1385/1385 1771/1771/1771 1773/1773/1773
f 1389/1389/1389 1776/1776/1776 1392/1392/1392
f 1389/1389/1389 1774/1774/1774 1776/1776/1776
f 1391/1391/1391 1769/1769/1769 1382/1382/1382
f 1391/1391/1391 1775/1775/1775 1769/1769/1769
f 1394/1394/1394 1779/1779/1779 1397/1397/1397
f 1394/1394/1394 1777/1777/1777 1779/1779/1779
f 1398/1398/1398 1782/1782/1782 1401/1401/1401
f 1398/1398/1398 1780/1780/1780 1782/1782/1782
f 1400/1400/1400 1783/1783/1783 1403/1403/1403
f 1400/1400/1400 1781/1781/1781 1783/1783/1783
f 1404/1404/1404 1778/1778/1778 1395/1395/1395
f 1404/1404/1404 1784/1784/1784 1778/1778/1778
f 1407/1407/1407 1788/1788/1788 1410/1410/1410
f 1407/1407/1407 1786/1786/1786 1788/1788/1788
f 1409/1409/1409 1789/1789/1789 1412/1412/1412
f 1409/1409/1409 1787/1787/1787 1789/1789/1789
f 1413/1413/1413 1792/1792/1792 1416/1416/1416
f 1413/1413/1413 1790/1790/1790 1792/1792/1792
f 1415/1415/1415 1785/1785/1785 1406/1406/1406
f 1415/1415/1415 1791/1791/1791 1785/1785/1785
f 1418/1418/1418 1795/1795/1795 1421/1421/1421
f 1418/1418/1418 1793/1793/1793 1795/1795/1795
f 1422/1422/1422 1798/1798/1798 1425/1425/1425
f 1422/1422/1422 1796/1796/1796 1798/1798/1798
f 1424/1424/1424 1799/1799/1799 1427/1427/1427
f 1424/1424/1424 1797/1797/1797 1799/1799/1799
f 1428/1428/1428 1794/1794/1794 1419/1419/1419
f 1428/1428/1428 1800/1800/1800 1794/1794/1794
f 1430/1430/1430 1803/1803/1803 1433/1433/1433
f 1430/1430/1430 1801/1801/1801 1803/1803/1803
f 1434/1434/1434 1806/1806/1806 1437/1437/1437
f 1434/1434/1434 1804/1804/1804 1806/1806/1806
f 1436/1436/1436 1807/1807/1807 1439/1439/1439
f 1436/1436/1436 1805/1805/1805 1807/1807/1807
f 1440/1440/1440 1802/1802/1802 1431/1431/1431
f 1440/1440/1440 1808/1808/1808 1802/1802/1802
f 1442/1442/1442 1811/1811/1811 1445/1445/1445
f 1442/1442/1442 1809/1809/1809 1811/1811/1811
f 1446/1446/1446 1814/1814/1814 1449/1449/1449
f 1446/1446/1446 1812/1812/1812 1814/1814/1814
f 1448/1448/1448 1815/1815/1815 1451/1451/1451
f 1448/1448/1448 1813/1813/1813 1815/1815/1815
f 1452/1452/1452 1810/1810/1810 1443/1443/1443
f 1452/1452/1452 1816/1816/1816 1810/1810/1810
f 1454/1454/1454 1819/1819/1819 1457/1457/1457
f 1454/1454/1454 1817/1817/1817 1819/1819/1819
f 1458/1458/1458 1822/1822/1822 1461/1461/1461
f 1458/1458/1458 1820/1820/1820 1822/1822/1822
f 1460/1460/1460 1823/1823/1823 1463/1463/1463
f 1460/1460/1460 1821/1821/1821 1823/1823/1823
f 1464/1464/1464 1818/1818/1818 1455/1455/1455
f 1464/1464/1464 1824/1824/1824 1818/1818/1818
f 1987/1987/1987 1827/1827/1827 1469/1469/1469
f 1987/1987/1987 1998/1998/1998 1827/1827/1827
f 1470/1470/1470 1830/1830/1830 1473/1473/1473
f 1470/1470/1470 1828/1828/1828 1830/1830/1830
f 1989/1989/1989 1831/1831/1831 1475/1475/1475
f 1989/1989/1989 1999/1999/1999 1831/1831/1831
f 1476/1476/1476 1826/1826/1826 1467/1467/1467
f 1476/1476/1476 1832/1832/1832 1826/1826/1826
f 1478/1478/1478 1835/1835/1835 1481/1481/1481
f 1478/1478/1478 1833/1833/1833 1835/1835/1835
f 1482/1482/1482 1838/1838/1838 1485/1485/1485
f 1482/1482/1482 1836/1836/1836 1838/1838/1838
f 1484/1484/1484 1839/1839/1839 1487/1487/1487
f 1484/1484/1484 1837/1837/1837 1839/1839/1839
f 1488/1488/1488 1834/1834/1834 1479/1479/1479
f 1488/1488/1488 1840/1840/1840 1834/1834/1834
f 1490/1490/1490 1843/1843/1843 1493/1493/1493
f 1490/1490/1490 1841/1841/1841 1843/1843/1843
f 1494/1494/1494 1846/1846/1846 1497/1497/1497
f 1494/1494/1494 1844/1844/1844 1846/1846/1846
f 1496/1496/1496 1847/1847/1847 1499/1499/1499
f 1496/1496/1496 1845/1845/1845 1847/1847/1847
f 1500/1500/1500 1842/1842/1842 1491/1491/1491
f 1500/1500/1500 1848/1848/1848 1842/1842/1842
f 1502/1502/1502 1851/1851/1851 1505/1505/1505
f 1502/1502/1502 1849/1849/1849 1851/1851/1851
f 1506/1506/1506 1854/1854/1854 1509/1509/1509
f 1506/1506/1506 1852/1852/1852 1854/1854/1854
f 1508/1508/1508 1855/1855/1855 1511/1511/1511
f 1508/1508/1508 1853/1853/1853 1855/1855/1855
f 1512/1512/1512 1850/1850/1850 1503/1503/1503
f 1512/1512/1512 1856/1856/1856 1850/1850/1850
f 1514/1514/1514 1859/1859/1859 1517/1517/1517
f 1514/1514/1514 1857/1857/1857 1859/1859/1859
f 1518/1518/1518 1862/1862/1862 1521/1521/1521
f 1518/1518/1518 1860/1860/1860 1862/1862/1862
f 1520/1520/1520 1863/1863/1863 1523/1523/1523
f 1520/1520/1520 1861/1861/1861 1863/1863/1863
f 1524/1524/1524 1858/1858/1858 1515/1515/1515
f 1524/1524/1524 1864/1864/1864 1858/1858/1858
f 1526/1526/1526 1867/1867/1867 1529/1529/1529
f 1526/1526/1526 1865/1865/1865 1867/1867/1867
f 1530/1530/1530 1870/1870/1870 1533/1533/1533
f 1530/1530/1530 1868/1868/1868 1870/1870/1870
f 1532/1532/1532 1871/1871/1871 1535/1535/1535
f 1532/1532/1532 1869/1869/1869 1871/1871/1871
f 1536/1536/1536 1866/1866/1866 1527/1527/1527
f 1536/1536/1536 1872/1872/1872 1866/1866/1866
f 1538/1538/1538 1875/1875/1875 1541/1541/1541
f 1538/1538/1538 1873/1873/1873 1875/1875/1875
f 1542/1542/1542 1878/1878/1878 1545/1545/1545
f 1542/1542/1542 1876/1876/1876 1878/1878/1878
f 1544/1544/1544 1879/1879/1879 1547/1547/1547
f 1544/1544/1544 1877/1877/1877 1879/1879/1879
f 1548/1548/1548 1874/1874/1874 1539/1539/1539
f 1548/1548/1548 1880/1880/1880 1874/1874/1874
f 1551/1551/1551 1884/1884/1884 1554/1554/1554
f 1551/1551/1551 1882/1882/1882 1884/1884/1884
f 1553/1553/1553 1885/1885/1885 1556/1556/1556
f 1553/1553/1553 1883/1883/1883 1885/1885/1885
f 1557/1557/1557 1888/1888/1888 1560/1560/1560
f 1557/1557/1557 1886/1886/1886 1888/1888/1888
f 1559/1559/1559 1881/1881/1881 1550/1550/1550
f 1559/1559/1559 1887/1887/1887 1881/1881/1881
f 1562/1562/1562 1891/1891/1891 1565/1565/1565
f 1562/1562/1562 1889/1889/1889 1891/1891/1891
f 1566/1566/1566 1894/1894/1894 1569/1569/1569
f 1566/1566/1566 1892/1892/1892 1894/1894/1894
f 1568/1568/1568 1895/1895/1895 1571/1571/1571
f 1568/1568/1568 1893/1893/1893 1895/1895/1895
f 1572/1572/1572 1890/1890/1890 1563/1563/1563
f 1572/1572/1572 1896/1896/1896 1890/1890/1890
f 1574/1574/1574 1899/1899/1899 1577/1577/1577
f 1574/1574/1574 1897/1897/1897 1899/1899/1899
f 1578/1578/1578 1902/1902/1902 1581/1581/1581
f 1578/1578/1578 1900/1900/1900 1902/1902/1902
f 1580/1580/1580 1903/1903/1903 1583/1583/1583
f 1580/1580/1580 1901/1901/1901 1903/1903/1903
f 1584/1584/1584 1898/1898/1898 1575/1575/1575
f 1584/1584/1584 1904/1904/1904 1898/1898/1898
f 1587/1587/1587 1908/1908/1908 1590/1590/1590
f 1587/1587/1587 1906/1906/1906 1908/1908/1908
f 1589/1589/1589 1909/1909/1909 1592/1592/1592
f 1589/1589/1589 1907/1907/1907 1909/1909/1909
f 1593/1593/1593 1912/1912/1912 1596/1596/1596
f 1593/1593/1593 1910/1910/1910 1912/1912/1912
f 1595/1595/1595 1905/1905/1905 1586/1586/1586
f 1595/1595/1595 1911/1911/1911 1905/1905/1905
f 1991/1991/1991 1915/1915/1915 1601/1601/1601
f 1991/1991/1991 2000/2000/2000 1915/1915/1915
f 1602/1602/1602 1918/1918/1918 1605/1605/1605
f 1602/1602/1602 1916/1916/1916 1918/1918/1918
f 1993/1993/1993 1919/1919/1919 1607/1607/1607
f 1993/1993/1993 2001/2001/2001 1919/1919/1919
f 1608/1608/1608 1914/1914/1914 1599/1599/1599
f 1608/1608/1608 1920/1920/1920 1914/1914/1914
f 1610/1610/1610 1923/1923/1923 1613/1613/1613
f 1610/1610/1610 1921/1921/1921 1923/1923/1923
f 1614/1614/1614 1926/1926/1926 1617/1617/1617
f 1614/1614/1614 1924/1924/1924 1926/1926/1926
f 1616/1616/1616 1927/1927/1927 1619/1619/1619
f 1616/1616/1616 1925/1925/1925 1927/1927/1927
f 1620/1620/1620 1922/1922/1922 1611/1611/1611
f 1620/1620/1620 1928/1928/1928 1922/1922/1922
f 1622/1622/1622 1931/1931/1931 1625/1625/1625
f 1622/1622/1622 1929/1929/1929 1931/1931/1931
f 1626/1626/1626 1934/1934/1934 1629/1629/1629
f 1626/1626/1626 1932/1932/1932 1934/1934/1934
f 1628/1628/1628 1935/1935/1935 1631/1631/1631
f 1628/1628/1628 1933/1933/1933 1935/1935/1935
f 1632/1632/1632 1930/1930/1930 1623/1623/1623
f 1632/1632/1632 1936/1936/1936 1930/1930/1930
f 1634/1634/1634 1939/1939/1939 1637/1637/1637
f 1634/1634/1634 1937/1937/1937 1939/1939/1939
f 1638/1638/1638 1942/1942/1942 1641/1641/1641
f 1638/1638/1638 1940/1940/1940 1942/1942/1942
f 1640/1640/1640 1943/1943/1943 1643/1643/1643
f 1640/1640/1640 1941/1941/1941 1943/1943/1943
f 1644/1644/1644 1938/1938/1938 1635/1635/1635
f 1644/1644/1644 1944/1944/1944 1938/1938/1938
f 1647/1647/1647 1948/1948/1948 1650/1650/1650
f 1647/1647/1647 1946/1946/1946 1948/1948/1948
f 1649/1649/1649 1949/1949/1949 1652/1652/1652
f 1649/1649/1649 1947/1947/1947 1949/1949/1949
f 1653/1653/1653 1952/1952/1952 1656/1656/1656
f 1653/1653/1653 1950/1950/1950 1952/1952/1952
f 1655/1655/1655 1945/1945/1945 1646/1646/1646
f 1655/1655/1655 1951/1951/1951 1945/1945/1945
f 1658/1658/1658 1955/1955/1955 1661/1661/1661
f 1658/1658/1658 1953/1953/1953 1955/1955/1955
f 1662/1662/1662 1958/1958/1958 1665/1665/1665
f 1662/1662/1662 1956/1956/1956 1958/1958/1958
f 1664/1664/1664 1959/1959/1959 1667/1667/1667
f 1664/1664/1664 1957/1957/1957 1959/1959/1959
f 1668/1668/1668 1954/1954/1954 1659/1659/1659
f 1668/1668/1668 1960/1960/1960 1954/1954/1954
f 1671/1671/1671 1964/1964/1964 1674/1674/1674
f 1671/1671/1671 1962/1962/1962 1964/1964/1964
f 1673/1673/1673 1965/1965/1965 1676/1676/1676
f 1673/1673/1673 1963/1963/1963 1965/1965/1965
f 1677/1677/1677 1968/1968/1968 1680/1680/1680
f 1677/1677/1677 1966/1966/1966 1968/1968/1968
f 1679/1679/1679 1961/1961/1961 1670/1670/1670
f 1679/1679/1679 1967/1967/1967 1961/1961/1961
f 1604/1604/1604 2001/2001/2001 1993/1993/1993
f 1604/1604/1604 1917/1917/1917 2001/2001/2001
f 1598/1598/1598 2000/2000/2000 1991/1991/1991
f 1598/1598/1598 1913/1913/1913 2000/2000/2000
f 1472/1472/1472 1999/1999/1999 1989/1989/1989
f 1472/1472/1472 1829/1829/1829 1999/1999/1999
f 1466/1466/1466 1998/1998/1998 1987/1987/1987
f 1466/1466/1466 1825/1825/1825 1998/1998/1998
f 1340/1340/1340 1997/1997/1997 1985/1985/1985
f 1340/1340/1340 1741/1741/1741 1997/1997/1997
f 1334/1334/1334 1996/1996/1996 1983/1983/1983
f 1334/1334/1334 1737/1737/1737 1996/1996/1996
f 1280/1280/1280 1995/1995/1995 1981/1981/1981
f 1280/1280/1280 1701/1701/1701 1995/1995/1995
f 1274/1274/1274 1994/1994/1994 1979/1979/1979
f 1274/1274/1274 1697/1697/1697 1994/1994/1994
f 1161/1161/1161 1992/1992/1992 1970/1970/1970
f 1161/1161/1161 1603/1603/1603 1992/1992/1992
f 1189/1189/1189 1990/1990/1990 1974/1974/1974
f 1189/1189/1189 1597/1597/1597 1990/1990/1990
f 1218/1218/1218 1988/1988/1988 1975/1975/1975
f 1218/1218/1218 1471/1471/1471 1988/1988/1988
f 1170/1170/1170 1986/1986/1986 1970/1970/1970
f 1170/1170/1170 1465/1465/1465 1986/1986/1986
f 1168/1168/1168 1984/1984/1984 1969/1969/1969
f 1168/1168/1168 1339/1339/1339 1984/1984/1984
f 1238/1238/1238 1982/1982/1982 1971/1971/1971
f 1238/1238/1238 1333/1333/1333 1982/1982/1982
f 1221/1221/1221 1980/1980/1980 1977/1977/1977
f 1221/1221/1221 1279/1279/1279 1980/1980/1980
f 1169/1169/1169 1978/1978/1978 1969/1969/1969
f 1169/1169/1169 1273/1273/1273 1978/1978/1978
f 1185/1185/1185 1977/1977/1977 1976/1976/1976
f 1185/1185/1185 1221/1221/1221 1977/1977/1977
f 1217/1217/1217 1975/1975/1975 1972/1972/1972
f 1217/1217/1217 1218/1218/1218 1975/1975/1975
f 1216/1216/1216 1972/1972/1972 1971/1971/1971
f 1216/1216/1216 1217/1217/1217 1972/1972/1972
f 1247/1247/1247 1974/1974/1974 1973/1973/1973
f 1247/1247/1247 1189/1189/1189 1974/1974/1974
f 2003/2003/2003 2056/2056/2056 2011/2011/2011
f 2003/2003/2003 2015/2015/2015 2056/2056/2056
f 2115/2115/2115 2141/2141/2141 2139/2139/2139
f 2115/2115/2115 2102/2102/2102 2141/2141/2141
f 2015/2015/2015 2043/2043/2043 2056/2056/2056
f 2015/2015/2015 2024/2024/2024 2043/2043/2043
f 2125/2125/2125 2105/2105/2105 2130/2130/2130
f 2125/2125/2125 2088/2088/2088 2105/2105/2105
f 2067/2067/2067 2121/2121/2121 2081/2081/2081
f 2067/2067/2067 2071/2071/2071 2121/2121/2121
f 2081/2081/2081 2104/2104/2104 2091/2091/2091
f 2081/2081/2081 2121/2121/2121 2104/2104/2104
f 2136/2136/2136 2036/2036/2036 2142/2142/2142
f 2136/2136/2136 2058/2058/2058 2036/2036/2036
f 2133/2133/2133 2146/2146/2146 2128/2128/2128
f 2133/2133/2133 2021/2021/2021 2146/2146/2146
f 2127/2127/2127 2004/2004/2004 2129/2129/2129
f 2127/2127/2127 2147/2147/2147 2004/2004/2004
f 2022/2022/2022 2029/2029/2029 2026/2026/2026
f 2022/2022/2022 2035/2035/2035 2029/2029/2029
f 2023/2023/2023 2027/2027/2027 2030/2030/2030
f 2023/2023/2023 2025/2025/2025 2027/2027/2027
f 2145/2145/2145 2028/2028/2028 2034/2034/2034
f 2145/2145/2145 2031/2031/2031 2028/2028/2028
f 2038/2038/2038 2049/2049/2049 2046/2046/2046
f 2038/2038/2038 2054/2054/2054 2049/2049/2049
f 2041/2041/2041 2050/2050/2050 2052/2052/2052
f 2041/2041/2041 2047/2047/2047 2050/2050/2050
f 2042/2042/2042 2048/2048/2048 2053/2053/2053
f 2042/2042/2042 2051/2051/2051 2048/2048/2048
f 2087/2087/2087 2095/2095/2095 2092/2092/2092
f 2087/2087/2087 2099/2099/2099 2095/2095/2095
f 2089/2089/2089 2094/2094/2094 2097/2097/2097
f 2089/2089/2089 2093/2093/2093 2094/2094/2094
f 2090/2090/2090 2096/2096/2096 2100/2100/2100
f 2090/2090/2090 2098/2098/2098 2096/2096/2096
f 2102/2102/2102 2109/2109/2109 2107/2107/2107
f 2102/2102/2102 2115/2115/2115 2109/2109/2109
f 2103/2103/2103 2111/2111/2111 2113/2113/2113
f 2103/2103/2103 2108/2108/2108 2111/2111/2111
f 2106/2106/2106 2110/2110/2110 2114/2114/2114
f 2106/2106/2106 2112/2112/2112 2110/2110/2110
f 2002/2002/2002 2017/2017/2017 2014/2014/2014
f 2002/2002/2002 2006/2006/2006 2017/2017/2017
f 2007/2007/2007 2148/2148/2148 2018/2018/2018
f 2007/2007/2007 2005/2005/2005 2148/2148/2148
f 2041/2041/2041 2031/2031/2031 2145/2145/2145
f 2041/2041/2041 2052/2052/2052 2031/2031/2031
f 2051/2051/2051 2023/2023/2023 2030/2030/2030
f 2051/2051/2051 2042/2042/2042 2023/2023/2023
f 2042/2042/2042 2061/2061/2061 2055/2055/2055
f 2042/2042/2042 2053/2053/2053 2061/2061/2061
f 2054/2054/2054 2059/2059/2059 2062/2062/2062
f 2054/2054/2054 2038/2038/2038 2059/2059/2059
f 2055/2055/2055 2012/2012/2012 2010/2010/2010
f 2055/2055/2055 2061/2061/2061 2012/2012/2012
f 2063/2063/2063 2009/2009/2009 2013/2013/2013
f 2063/2063/2063 2060/2060/2060 2009/2009/2009
f 2014/2014/2014 2025/2025/2025 2023/2023/2023
f 2014/2014/2014 2016/2016/2016 2025/2025/2025
f 2019/2019/2019 2022/2022/2022 2026/2026/2026
f 2019/2019/2019 2149/2149/2149 2022/2022/2022
f 2065/2065/2065 2082/2082/2082 2078/2078/2078
f 2065/2065/2065 2068/2068/2068 2082/2082/2082
f 2069/2069/2069 2080/2080/2080 2085/2085/2085
f 2069/2069/2069 2066/2066/2066 2080/2080/2080
f 2134/2134/2134 2057/2057/2057 2135/2135/2135
f 2134/2134/2134 2008/2008/2008 2057/2057/2057
f 2132/2132/2132 2033/2033/2033 2020/2020/2020
f 2132/2132/2132 2138/2138/2138 2033/2033/2033
f 2137/2137/2137 2144/2144/2144 2032/2032/2032
f 2137/2137/2137 2126/2126/2126 2144/2144/2144
f 2131/2131/2131 2045/2045/2045 2039/2039/2039
f 2131/2131/2131 2140/2140/2140 2045/2045/2045
f 2103/2103/2103 2098/2098/2098 2090/2090/2090
f 2103/2103/2103 2113/2113/2113 2098/2098/2098
f 2112/2112/2112 2089/2089/2089 2097/2097/2097
f 2112/2112/2112 2106/2106/2106 2089/2089/2089
f 2102/2102/2102 2122/2122/2122 2118/2118/2118
f 2102/2102/2102 2107/2107/2107 2122/2122/2122
f 2108/2108/2108 2120/2120/2120 2124/2124/2124
f 2108/2108/2108 2103/2103/2103 2120/2120/2120
f 2119/2119/2119 2074/2074/2074 2073/2073/2073
f 2119/2119/2119 2123/2123/2123 2074/2074/2074
f 2124/2124/2124 2070/2070/2070 2075/2075/2075
f 2124/2124/2124 2120/2120/2120 2070/2070/2070
f 2079/2079/2079 2099/2099/2099 2087/2087/2087
f 2079/2079/2079 2083/2083/2083 2099/2099/2099
f 2084/2084/2084 2090/2090/2090 2100/2100/2100
f 2084/2084/2084 2080/2080/2080 2090/2090/2090
f 2143/2143/2143 2130/2130/2130 2040/2040/2040
f 2143/2143/2143 2125/2125/2125 2130/2130/2130
f 2116/2116/2116 2142/2142/2142 2101/2101/2101
f 2116/2116/2116 2136/2136/2136 2142/2142/2142
f 2086/2086/2086 2128/2128/2128 2077/2077/2077
f 2086/2086/2086 2133/2133/2133 2128/2128/2128
f 2076/2076/2076 2129/2129/2129 2064/2064/2064
f 2076/2076/2076 2127/2127/2127 2129/2129/2129
f 2072/2072/2072 2135/2135/2135 2117/2117/2117
f 2072/2072/2072 2134/2134/2134 2135/2135/2135
f 2087/2087/2087 2138/2138/2138 2132/2132/2132
f 2087/2087/2087 2092/2092/2092 2138/2138/2138
f 2093/2093/2093 2126/2126/2126 2137/2137/2137
f 2093/2093/2093 2089/2089/2089 2126/2126/2126
f 2106/2106/2106 2140/2140/2140 2131/2131/2131
f 2106/2106/2106 2114/2114/2114 2140/2140/2140
f 2139/2139/2139 2037/2037/2037 2044/2044/2044
f 2139/2139/2139 2141/2141/2141 2037/2037/2037
f 2183/2183/2183 2181/2181/2181 2165/2165/2165
f 2183/2183/2183 2161/2161/2161 2181/2181/2181
f 2176/2176/2176 2158/2158/2158 2184/2184/2184
f 2176/2176/2176 2178/2178/2178 2158/2158/2158
f 2182/2182/2182 2174/2174/2174 2160/2160/2160
f 2182/2182/2182 2175/2175/2175 2174/2174/2174
f 2167/2167/2167 2157/2157/2157 2153/2153/2153
f 2167/2167/2167 2171/2171/2171 2157/2157/2157
f 2150/2150/2150 2169/2169/2169 2163/2163/2163
f 2150/2150/2150 2154/2154/2154 2169/2169/2169
f 2162/2162/2162 2179/2179/2179 2177/2177/2177
f 2162/2162/2162 2168/2168/2168 2179/2179/2179
f 2164/2164/2164 2170/2170/2170 2166/2166/2166
f 2164/2164/2164 2180/2180/2180 2170/2170/2170
f 2172/2172/2172 2155/2155/2155 2151/2151/2151
f 2172/2172/2172 2173/2173/2173 2155/2155/2155
f 2185/2185/2185 2173/2173/2173 2172/2172/2172
f 2185/2185/2185 2159/2159/2159 2173/2173/2173
f 2175/2175/2175 2156/2156/2156 2174/2174/2174
f 2175/2175/2175 2152/2152/2152 2156/2156/2156
o window_centered_large_01
v 1.2866672 -0.14376815 2.4300007
v 1.0363008 -0.14376815 2.4300007
v 1.0363008 -0.14376815 1.9933338
v 1.2866672 -0.14376815 1.9933338
v 1.2866672 -0.14376815 1.4900003
v 1.2866672 -0.14376815 1.9266672
v 1.0363008 -0.14376815 1.9266672
v 1.0363008 -0.14376815 1.4900003
v -0.12518613 -0.14376815 2.4700007
v 0.12518438 -0.14376815 2.4700007
v 0.12518994 -0.14376815 2.9066679
v -0.12518613 -0.14376815 2.9066679
v 0.45556042 -0.14376815 1.4900003
v 0.70593069 -0.14376815 1.4900003
v 0.70593069 -0.14376815 1.9266672
v 0.45556042 -0.14376815 1.9266672
v 0.45556042 -0.14376815 2.4300007
v 0.45556042 -0.14376815 1.9933338
v 0.70593069 -0.14376815 1.9933338
v 0.70593069 -0.14376815 2.4300007
v 0.7459306 -0.14376815 1.4900003
v 0.99630086 -0.14376815 1.4900003
v 0.99630086 -0.14376815 1.9266672
v 0.7459306 -0.14376815 1.9266672
v 0.45556042 -0.14376815 1.0133335
v 0.70593069 -0.14376815 1.0133335
v 0.70593069 -0.14376815 1.4500004
v 0.45556042 -0.14376815 1.4500004
v -0.12518613 -0.14376815 1.9933338
v 0.12518994 -0.14376815 1.9933338
v 0.12518438 -0.14376815 2.4300007
v -0.12518613 -0.14376815 2.4300007
v 0.41556051 -0.14376815 1.4900003
v 0.41556051 -0.14376815 1.9266672
v 0.16519033 -0.14376815 1.9266672
v 0.16519033 -0.14376815 1.4900003
v -1.2866665 -0.14376815 1.4900003
v -1.0362965 -0.14376815 1.4900003
v -1.0362965 -0.14376815 1.9266672
v -1.2866665 -0.14376815 1.9266672
v -1.2866665 -0.14376815 1.9933338
v -1.0362965 -0.14376815 1.9933338
v -1.0362965 -0.14376815 2.4300007
v -1.2866665 -0.14376815 2.4300007
v -0.99629657 -0.14376815 1.9266672
v -0.99629657 -0.14376815 1.4900003
v -0.74592623 -0.14376815 1.4900003
v -0.74592623 -0.14376815 1.9266672
v -0.74592623 -0.14376815 2.4300007
v -0.99629657 -0.14376815 2.4300007
v -0.99629657 -0.14376815 1.9933338
v -0.74592623 -0.14376815 1.9933338
v -0.70592663 -0.14376815 1.9266672
v -0.70592663 -0.14376815 1.4900003
v -0.45555613 -0.14376815 1.4900003
v -0.45555613 -0.14376815 1.9266672
v -0.70592663 -0.14376815 1.9933338
v -0.45555613 -0.14376815 1.9933338
v -0.45555613 -0.14376815 2.4300007
v -0.70592663 -0.14376815 2.4300007
v -0.16518604 -0.14376815 1.9266672
v -0.41555622 -0.14376815 1.9266672
v -0.41555622 -0.14376815 1.4900003
v -0.16518604 -0.14376815 1.4900003
v -1.2866665 -0.14376815 1.0133335
v -1.0362965 -0.14376815 1.0133335
v -1.0362965 -0.14376815 1.4500004
v -1.2866665 -0.14376815 1.4500004
v 0.99630086 -0.14376815 2.4300007
v 0.7459306 -0.14376815 2.4300007
v 0.7459306 -0.14376815 1.9933338
v 0.99630086 -0.14376815 1.9933338
v -0.12518613 -0.14376815 1.4900003
v 0.12519042 -0.14376815 1.4900003
v 0.12519042 -0.14376815 1.9266672
v -0.12518613 -0.14376815 1.9266672
v -0.74592623 -0.14376815 2.9066679
v -0.99629657 -0.14376815 2.9066679
v -0.99629657 -0.14376815 2.4700007
v -0.74592623 -0.14376815 2.4700007
v -0.16518604 -0.14376815 2.9066679
v -0.41555622 -0.14376815 2.9066679
v -0.41555622 -0.14376815 2.4700007
v -0.16518604 -0.14376815 2.4700007
v -0.45555613 -0.14376815 2.9066679
v -0.70592663 -0.14376815 2.9066679
v -0.70592663 -0.14376815 2.4700007
v -0.45555613 -0.14376815 2.4700007
v -1.2866665 -0.14376815 2.4700007
v -1.0362965 -0.14376815 2.4700007
v -1.0362965 -0.14376815 2.9066679
v -1.2866665 -0.14376815 2.9066679
v -0.99629657 -0.14376815 1.0133335
v -0.74592623 -0.14376815 1.0133335
v -0.74592623 -0.14376815 1.4500004
v -0.99629657 -0.14376815 1.4500004
v 1.2866672 -0.14376815 2.9066679
v 1.0363008 -0.14376815 2.9066679
v 1.0363008 -0.14376815 2.4700007
v 1.2866672 -0.14376815 2.4700007
v -0.70592663 -0.14376815 1.4500004
v -0.70592663 -0.14376815 1.0133335
v -0.45555613 -0.14376815 1.0133335
v -0.45555613 -0.14376815 1.4500004
v 0.41556051 -0.14376815 2.9066679
v 0.16518985 -0.14376815 2.9066679
v 0.16518429 -0.14376815 2.4700007
v 0.41556051 -0.14376815 2.4700007
v -0.41555622 -0.14376815 1.0133335
v -0.16518604 -0.14376815 1.0133335
v -0.16518604 -0.14376815 1.4500004
v -0.41555622 -0.14376815 1.4500004
v 0.16518429 -0.14376815 2.4300007
v 0.16518985 -0.14376815 1.9933338
v 0.41556051 -0.14376815 1.9933338
v 0.41556051 -0.14376815 2.4300007
v -0.12518613 -0.14376815 1.0133335
v 0.1251866 -0.14376815 1.0133333
v 0.12519026 -0.14376815 1.4500004
v -0.12518613 -0.14376815 1.4500004
v 0.99630086 -0.14376815 2.9066679
v 0.7459306 -0.14376815 2.9066679
v 0.7459306 -0.14376815 2.4700007
v 0.99630086 -0.14376815 2.4700007
v 0.7459306 -0.14376815 1.0133335
v 0.99630086 -0.14376815 1.0133335
v 0.99630086 -0.14376815 1.4500004
v 0.7459306 -0.14376815 1.4500004
v 0.70593069 -0.14376815 2.9066679
v 0.45556042 -0.14376815 2.9066679
v 0.45556042 -0.14376815 2.4700007
v 0.70593069 -0.14376815 2.4700007
v 0.16519017 -0.14376815 1.4500004
v 0.16518651 -0.14376815 1.0133333
v 0.41556051 -0.14376815 1.0133335
v 0.41556051 -0.14376815 1.4500004
v -0.41555622 -0.14376815 1.9933338
v -0.16518604 -0.14376815 1.9933338
v -0.16518604 -0.14376815 2.4300007
v -0.41555622 -0.14376815 2.4300007
v 1.0363008 -0.14376815 1.4500004
v 1.0363008 -0.14376815 1.0133335
v 1.2866672 -0.14376815 1.0133335
v 1.2866672 -0.14376815 1.4500004
v -9.536731e-07 -0.14376815 2.4700007
v 1.9073462e-06 -0.14376815 2.9066679
v 1.9073462e-06 -0.14376815 1.9933338
v -9.536731e-07 -0.14376815 2.4300007
v 2.2252372e-06 -0.14376815 1.4900003
v 2.2252372e-06 -0.14376815 1.9266672
v 3.1789103e-07 -0.14376815 1.0133335
v 2.0662917e-06 -0.14376815 1.4500004
vt 0.16796365 0.12750024
vt 0.23055533 0.12750024
vt 0.2305553 0.23666698
vt 0.16796356 0.23666692
vt 0.16796356 0.36250025
vt 0.16796356 0.25333357
vt 0.2305553 0.25333363
vt 0.23055524 0.36250025
vt 0.52092731 0.11750031
vt 0.45833462 0.11750031
vt 0.45833328 0.0083335638
vt 0.52092731 0.0083335638
vt 0.37574053 0.36250031
vt 0.31314784 0.36250025
vt 0.3131479 0.25333363
vt 0.37574053 0.25333363
vt 0.37574053 0.1275003
vt 0.37574053 0.23666698
vt 0.3131479 0.23666698
vt 0.3131479 0.12750024
vt 0.30314785 0.36250025
vt 0.24055529 0.36250025
vt 0.24055529 0.25333363
vt 0.30314791 0.25333363
vt 0.37574053 0.48166692
vt 0.31314784 0.48166692
vt 0.31314784 0.37250024
vt 0.37574053 0.3725003
vt 0.52092731 0.23666698
vt 0.45833325 0.23666698
vt 0.45833462 0.1275003
vt 0.52092731 0.1275003
vt 0.38574052 0.36250031
vt 0.38574052 0.25333363
vt 0.44833314 0.25333363
vt 0.44833308 0.36250031
vt 0.81129771 0.36250031
vt 0.74870515 0.36250031
vt 0.74870515 0.25333369
vt 0.81129766 0.25333369
vt 0.81129766 0.23666704
vt 0.74870515 0.23666704
vt 0.74870515 0.1275003
vt 0.81129777 0.1275003
vt 0.73870516 0.25333369
vt 0.73870516 0.36250031
vt 0.67611253 0.36250031
vt 0.67611259 0.25333369
vt 0.67611259 0.1275003
vt 0.73870516 0.1275003
vt 0.73870516 0.23666704
vt 0.67611259 0.23666704
vt 0.6661126 0.25333369
vt 0.66611254 0.36250031
vt 0.60351992 0.36250031
vt 0.60351992 0.25333369
vt 0.6661126 0.23666704
vt 0.60351992 0.23666698
vt 0.60351992 0.1275003
vt 0.6661126 0.1275003
vt 0.5309273 0.25333369
vt 0.59351993 0.25333369
vt 0.59351993 0.36250031
vt 0.5309273 0.36250031
vt 0.81129771 0.48166698
vt 0.74870515 0.48166698
vt 0.74870515 0.3725003
vt 0.81129771 0.3725003
vt 0.24055532 0.12750024
vt 0.30314791 0.12750024
vt 0.30314791 0.23666698
vt 0.24055529 0.23666698
vt 0.52092731 0.36250031
vt 0.45833308 0.36250031
vt 0.45833313 0.25333363
vt 0.52092731 0.25333369
vt 0.67611259 0.0083335638
vt 0.73870522 0.0083335638
vt 0.73870516 0.11750031
vt 0.67611259 0.11750031
vt 0.5309273 0.0083335638
vt 0.59351993 0.0083335638
vt 0.59351993 0.11750031
vt 0.5309273 0.11750031
vt 0.60351992 0.0083335638
vt 0.6661126 0.0083335638
vt 0.6661126 0.11750031
vt 0.60351992 0.11750031
vt 0.81129777 0.11750031
vt 0.74870515 0.11750031
vt 0.74870521 0.0083335638
vt 0.81129777 0.0083335638
vt 0.73870516 0.48166698
vt 0.67611253 0.48166698
vt 0.67611253 0.3725003
vt 0.73870516 0.3725003
vt 0.16796365 0.0083335042
vt 0.23055533 0.0083335042
vt 0.23055533 0.11750025
vt 0.16796365 0.11750025
vt 0.66611254 0.3725003
vt 0.66611254 0.48166698
vt 0.60351992 0.48166698
vt 0.60351992 0.3725003
vt 0.38574061 0.0083335638
vt 0.44833329 0.0083335638
vt 0.44833463 0.11750031
vt 0.38574052 0.11750031
vt 0.59351993 0.48166698
vt 0.53092724 0.48166698
vt 0.5309273 0.3725003
vt 0.59351993 0.3725003
vt 0.44833463 0.1275003
vt 0.44833326 0.23666698
vt 0.38574052 0.23666698
vt 0.38574052 0.1275003
vt 0.52092725 0.48166698
vt 0.45833403 0.48166704
vt 0.45833313 0.3725003
vt 0.52092731 0.3725003
vt 0.24055532 0.0083335042
vt 0.30314791 0.0083335638
vt 0.30314791 0.11750025
vt 0.24055532 0.11750025
vt 0.30314785 0.48166692
vt 0.24055529 0.48166692
vt 0.24055529 0.37250024
vt 0.30314785 0.37250024
vt 0.3131479 0.0083335638
vt 0.37574062 0.0083335638
vt 0.37574053 0.11750031
vt 0.3131479 0.11750025
vt 0.44833314 0.3725003
vt 0.44833404 0.48166704
vt 0.38574052 0.48166692
vt 0.38574052 0.3725003
vt 0.59351993 0.23666704
vt 0.5309273 0.23666698
vt 0.5309273 0.1275003
vt 0.59351993 0.1275003
vt 0.23055524 0.37250024
vt 0.23055524 0.48166692
vt 0.16796356 0.48166692
vt 0.16796356 0.37250024
vt 0.48963097 0.11750031
vt 0.48963028 0.0083335638
vt 0.48963028 0.23666698
vt 0.48963097 0.1275003
vt 0.48963019 0.36250031
vt 0.48963022 0.25333363
vt 0.48963064 0.48166704
vt 0.48963022 0.3725003
vn 0 1 0
vn 0 1 0
vn 0 1 0
vn 0 1 0
vn 0 1 0
vn 0 1 0
vn 0 1 0
vn 0 1 0
vn 0 1 0
vn 0 1 0
vn 0 1 0
vn 0 1 0
vn 0 1 0
vn 0 1 0
vn 0 1 0
vn 0 1 0
vn 0 1 0
vn 0 1 0
vn 0 1 0
vn 0 1 0
vn 0 1 0
vn 0 1 0
vn 0 1 0
vn 0 1 0
vn 0 1 0
vn 0 1 0
vn 0 1 0
vn 0 1 0
vn 0 1 0
vn 0 1 0
vn 0 1 0
vn 0 1 0
vn 0 1 0
vn 0 1 0
vn 0 1 0
vn 0 1 0
vn 0 1 0
vn 0 1 0
vn 0 1 0
vn 0 1 0
vn 0 1 0
vn 0 1 0
vn 0 1 0
vn 0 1 0
vn 0 1 0
vn 0 1 0
vn 0 1 0
vn 0 1 0
vn 0 1 0
vn 0 1 0
vn 0 1 0
vn 0 1 0
vn 0 1 0
vn 0 1 0
vn 0 1 0
vn 0 1 0
vn 0 1 0
vn 0 1 0
vn 0 1 0
vn 0 1 0
vn 0 1 0
vn 0 1 0
vn 0 1 0
vn 0 1 0
vn 0 1 0
vn 0 1 0
vn 0 1 0
vn 0 1 0
vn 0 1 0
vn 0 1 0
vn 0 1 0
vn 0 1 0
vn 0 1 0
vn 0 1 0
vn 0 1 0
vn 0 1 0
vn 0 1 0
vn 0 1 0
vn 0 1 0
vn 0 1 0
vn 0 1 0
vn 0 1 0
vn 0 1 0
vn 0 1 0
vn 0 1 0
vn 0 1 0
vn 0 1 0
vn 0 1 0
vn 0 1 0
vn 0 1 0
vn 0 1 0
vn 0 1 0
vn 0 1 0
vn 0 1 0
vn 0 1 0
vn 0 1 0
vn 0 1 0
vn 0 1 0
vn 0 1 0
vn 0 1 0
vn 0 1 0
vn 0 1 0
vn 0 1 0
vn 0 1 0
vn 0 1 0
vn 0 1 0
vn 0 1 0
vn 0 1 0
vn 0 1 0
vn 0 1 0
vn 0 1 0
vn 0 1 0
vn 0 1 0
vn 0 1 0
vn 0 1 0
vn 0 1 0
vn 0 1 0
vn 0 1 0
vn 0 1 0
vn 0 1 0
vn 0 1 0
vn 0 1 0
vn 0 1 0
vn 0 1 0
vn 0 1 0
vn 0 1 0
vn 0 1 0
vn 0 1 0
vn 0 1 0
vn 0 1 0
vn 0 1 0
vn 0 1 0
vn 0 1 0
vn 0 1 0
vn 0 1 0
vn 0 1 0
vn 0 1 0
vn 0 1 0
vn 0 1 0
vn 0 1 0
vn 0 1 0
vn 0 1 0
vn 0 1 0
vn 0 1 0
vn 0 1 0
vn 0 1 0
vn 0 1 0
vn 0 1 0
vn 0 1 0
vn 0 1 0
vn 0 1 0
vn 0 1 0
usemtl surface_2
f 2186/2186/2186 2188/2188/2188 2187/2187/2187
f 2186/2186/2186 2189/2189/2189 2188/2188/2188
f 2190/2190/2190 2192/2192/2192 2191/2191/2191
f 2190/2190/2190 2193/2193/2193 2192/2192/2192
f 2330/2330/2330 2196/2196/2196 2195/2195/2195
f 2330/2330/2330 2331/2331/2331 2196/2196/2196
f 2198/2198/2198 2200/2200/2200 2199/2199/2199
f 2198/2198/2198 2201/2201/2201 2200/2200/2200
f 2202/2202/2202 2204/2204/2204 2203/2203/2203
f 2202/2202/2202 2205/2205/2205 2204/2204/2204
f 2206/2206/2206 2208/2208/2208 2207/2207/2207
f 2206/2206/2206 2209/2209/2209 2208/2208/2208
f 2210/2210/2210 2212/2212/2212 2211/2211/2211
f 2210/2210/2210 2213/2213/2213 2212/2212/2212
f 2332/2332/2332 2216/2216/2216 2215/2215/2215
f 2332/2332/2332 2333/2333/2333 2216/2216/2216
f 2218/2218/2218 2220/2220/2220 2219/2219/2219
f 2218/2218/2218 2221/2221/2221 2220/2220/2220
f 2222/2222/2222 2224/2224/2224 2223/2223/2223
f 2222/2222/2222 2225/2225/2225 2224/2224/2224
f 2226/2226/2226 2228/2228/2228 2227/2227/2227
f 2226/2226/2226 2229/2229/2229 2228/2228/2228
f 2230/2230/2230 2232/2232/2232 2231/2231/2231
f 2230/2230/2230 2233/2233/2233 2232/2232/2232
f 2234/2234/2234 2236/2236/2236 2235/2235/2235
f 2234/2234/2234 2237/2237/2237 2236/2236/2236
f 2238/2238/2238 2240/2240/2240 2239/2239/2239
f 2238/2238/2238 2241/2241/2241 2240/2240/2240
f 2242/2242/2242 2244/2244/2244 2243/2243/2243
f 2242/2242/2242 2245/2245/2245 2244/2244/2244
f 2246/2246/2246 2248/2248/2248 2247/2247/2247
f 2246/2246/2246 2249/2249/2249 2248/2248/2248
f 2250/2250/2250 2252/2252/2252 2251/2251/2251
f 2250/2250/2250 2253/2253/2253 2252/2252/2252
f 2254/2254/2254 2256/2256/2256 2255/2255/2255
f 2254/2254/2254 2257/2257/2257 2256/2256/2256
f 2334/2334/2334 2260/2260/2260 2259/2259/2259
f 2334/2334/2334 2335/2335/2335 2260/2260/2260
f 2262/2262/2262 2264/2264/2264 2263/2263/2263
f 2262/2262/2262 2265/2265/2265 2264/2264/2264
f 2266/2266/2266 2268/2268/2268 2267/2267/2267
f 2266/2266/2266 2269/2269/2269 2268/2268/2268
f 2270/2270/2270 2272/2272/2272 2271/2271/2271
f 2270/2270/2270 2273/2273/2273 2272/2272/2272
f 2274/2274/2274 2276/2276/2276 2275/2275/2275
f 2274/2274/2274 2277/2277/2277 2276/2276/2276
f 2278/2278/2278 2280/2280/2280 2279/2279/2279
f 2278/2278/2278 2281/2281/2281 2280/2280/2280
f 2282/2282/2282 2284/2284/2284 2283/2283/2283
f 2282/2282/2282 2285/2285/2285 2284/2284/2284
f 2286/2286/2286 2288/2288/2288 2287/2287/2287
f 2286/2286/2286 2289/2289/2289 2288/2288/2288
f 2290/2290/2290 2292/2292/2292 2291/2291/2291
f 2290/2290/2290 2293/2293/2293 2292/2292/2292
f 2294/2294/2294 2296/2296/2296 2295/2295/2295
f 2294/2294/2294 2297/2297/2297 2296/2296/2296
f 2298/2298/2298 2300/2300/2300 2299/2299/2299
f 2298/2298/2298 2301/2301/2301 2300/2300/2300
f 2336/2336/2336 2304/2304/2304 2303/2303/2303
f 2336/2336/2336 2337/2337/2337 2304/2304/2304
f 2306/2306/2306 2308/2308/2308 2307/2307/2307
f 2306/2306/2306 2309/2309/2309 2308/2308/2308
f 2310/2310/2310 2312/2312/2312 2311/2311/2311
f 2310/2310/2310 2313/2313/2313 2312/2312/2312
f 2314/2314/2314 2316/2316/2316 2315/2315/2315
f 2314/2314/2314 2317/2317/2317 2316/2316/2316
f 2318/2318/2318 2320/2320/2320 2319/2319/2319
f 2318/2318/2318 2321/2321/2321 2320/2320/2320
f 2322/2322/2322 2324/2324/2324 2323/2323/2323
f 2322/2322/2322 2325/2325/2325 2324/2324/2324
f 2326/2326/2326 2328/2328/2328 2327/2327/2327
f 2326/2326/2326 2329/2329/2329 2328/2328/2328
f 2302/2302/2302 2337/2337/2337 2336/2336/2336
f 2302/2302/2302 2305/2305/2305 2337/2337/2337
f 2258/2258/2258 2335/2335/2335 2334/2334/2334
f 2258/2258/2258 2261/2261/2261 2335/2335/2335
f 2214/2214/2214 2333/2333/2333 2332/2332/2332
f 2214/2214/2214 2217/2217/2217 2333/2333/2333
f 2194/2194/2194 2331/2331/2331 2330/2330/2330
f 2194/2194/2194 2197/2197/2197 2331/2331/2331
