# CC0 model adapted from https://polyhaven.com/a/Barrel_01
# Coordinates baked to Z-up; see SOURCES.json for source nodes and transforms.
mtllib oil_barrel.mtl
o Barrel_01
v 0.14263351 -0.23594469 0.17301888
v 0.14263351 -0.23594469 0.17301888
v 0.14263351 -0.2359447 0.42414105
v 0.14263351 -0.2359447 0.42414105
v 0.1949541 -0.19495416 0.42414105
v 0.1949541 -0.19495416 0.42414105
v 0.1949541 -0.19495414 0.17301888
v 0.1949541 -0.19495414 0.17301888
v 0.1427269 -0.23609917 0.17190683
v 0.19508176 -0.1950818 0.17190683
v 0.082023561 -0.26322298 0.17301888
v 0.082023561 -0.26322298 0.17301888
v 0.082023591 -0.26322298 0.42414105
v 0.082023591 -0.26322298 0.42414105
v 0.19539616 -0.19539621 0.42506326
v 0.14295693 -0.23647968 0.42506326
v 0.23594442 -0.14263391 0.42414105
v 0.23594442 -0.14263391 0.42414105
v 0.23594441 -0.14263389 0.17301888
v 0.23594441 -0.14263389 0.17301888
v 0.14300714 -0.23656273 0.17100925
v 0.19546477 -0.19546482 0.17100925
v 0.08207728 -0.26339535 0.17190683
v 0.2360989 -0.14272729 0.17190683
v 0.016646776 -0.27520375 0.17301888
v 0.016646776 -0.27520375 0.17301888
v 0.016646761 -0.27520372 0.42414105
v 0.016646761 -0.27520372 0.42414105
v 0.082209542 -0.2638198 0.42506326
v 0.14520624 -0.24020052 0.42583472
v 0.14520624 -0.24020052 0.42583472
v 0.19847053 -0.19847059 0.42583472
v 0.19847053 -0.19847059 0.42583472
v 0.2364794 -0.14295733 0.42506326
v 0.26322284 -0.082024008 0.42414105
v 0.26322284 -0.082024008 0.42414105
v 0.26322284 -0.082024008 0.42414105
v 0.26322284 -0.082024015 0.17301888
v 0.26322284 -0.082024015 0.17301888
v 0.19932565 -0.1993257 0.16503388
v 0.14583185 -0.24123539 0.16503388
v 0.082238436 -0.26391248 0.17100925
v 0.23656246 -0.14300753 0.17100925
v 0.016657684 -0.27538393 0.17190683
v 0.26339522 -0.082077719 0.17190683
v -0.049697522 -0.2711906 0.17301888
v -0.049697522 -0.2711906 0.17301888
v -0.049697522 -0.2711906 0.42414105
v -0.049697522 -0.2711906 0.42414105
v 0.016684491 -0.27582772 0.42506326
v 0.08350306 -0.26797082 0.42583472
v 0.08350306 -0.26797082 0.42583472
v 0.24020027 -0.14520667 0.42583472
v 0.24020027 -0.14520667 0.42583472
v 0.19942684 -0.1994269 0.42782987
v 0.14590591 -0.24135789 0.42782987
v 0.26381969 -0.082209997 0.42506326
v 0.26381969 -0.082209997 0.42506326
v 0.2752037 -0.016647151 0.42414105
v 0.2752037 -0.016647151 0.42414105
v 0.2752037 -0.016647169 0.17301888
v 0.2752037 -0.016647169 0.17301888
v 0.083862826 -0.26912536 0.16503388
v 0.24123509 -0.14583233 0.16503388
v 0.016690377 -0.27592461 0.17100925
v 0.26391235 -0.082238875 0.17100925
v -0.049730089 -0.27136819 0.17190683
v 0.27538395 -0.016658077 0.17190683
v -0.11315359 -0.25141697 0.17301888
v -0.11315359 -0.25141697 0.17301888
v -0.1131536 -0.25141697 0.42414105
v -0.1131536 -0.25141697 0.42414105
v -0.049810227 -0.27180551 0.42506326
v 0.016947005 -0.28016768 0.42583472
v 0.016947005 -0.28016768 0.42583472
v 0.083905399 -0.269262 0.42782987
v 0.26797068 -0.083503507 0.42583472
v 0.26797068 -0.083503507 0.42583472
v 0.26797068 -0.083503507 0.42583472
v 0.26797068 -0.083503507 0.42583472
v 0.24135762 -0.14590633 0.42782987
v 0.27582771 -0.01668491 0.42506326
v 0.2711907 0.049697168 0.42414105
v 0.2711907 0.049697168 0.42414105
v 0.2711907 0.049697157 0.17301888
v 0.2711907 0.049697157 0.17301888
v 0.017020065 -0.28137477 0.16503388
v 0.26912525 -0.083863206 0.16503388
v 0.14583185 -0.24123539 0.1618101
v 0.19932565 -0.1993257 0.1618101
v -0.049827721 -0.271901 0.17100925
v 0.27592459 -0.016690785 0.17100925
v -0.11322768 -0.25158159 0.17190683
v 0.27136829 0.049729686 0.17190683
v -0.17003353 -0.21703181 0.17301888
v -0.17003353 -0.21703181 0.17301888
v -0.17003353 -0.21703182 0.42414105
v -0.17003353 -0.21703182 0.42414105
v -0.11341015 -0.25198703 0.42506326
v -0.050593946 -0.27608217 0.42583472
v -0.050593946 -0.27608217 0.42583472
v 0.017028678 -0.28151761 0.42782987
v 0.28016761 -0.016947424 0.42583472
v 0.28016761 -0.016947424 0.42583472
v 0.26926187 -0.083905853 0.42782987
v 0.26926187 -0.083905853 0.42782987
v 0.14590591 -0.24135789 0.43394608
v 0.19942684 -0.1994269 0.43394608
v 0.27180558 0.049809828 0.42506326
v 0.25141704 0.11315323 0.42414105
v 0.25141704 0.11315323 0.42414105
v 0.25141704 0.11315323 0.17301888
v 0.25141704 0.11315323 0.17301888
v -0.050811928 -0.27727167 0.16503388
v 0.083862826 -0.26912536 0.1618101
v 0.28137475 -0.017020458 0.16503388
v 0.24123509 -0.14583233 0.1618101
v 0.19546477 -0.19546482 0.15583474
v 0.14300714 -0.23656273 0.15583474
v -0.11344998 -0.25207554 0.17100925
v 0.27190107 0.049827334 0.17100925
v -0.1701449 -0.21717396 0.17190683
v 0.25158167 0.11322732 0.17190683
v -0.21703176 -0.17003357 0.17301888
v -0.21703176 -0.17003357 0.17301888
v -0.21703176 -0.17003359 0.42414105
v -0.21703176 -0.17003359 0.42414105
v -0.17041905 -0.21752392 0.42506326
v -0.1151945 -0.25595187 0.42583472
v -0.1151945 -0.25595187 0.42583472
v -0.050837737 -0.27741243 0.42782987
v 0.083905399 -0.269262 0.43394608
v 0.27608222 0.050593466 0.42583472
v 0.27608222 0.050593466 0.42583472
v 0.28151757 -0.017029097 0.42782987
v 0.24135762 -0.14590633 0.43394608
v 0.14520292 -0.24019502 0.43587131
v 0.14520292 -0.24019502 0.43587131
v 0.198466 -0.19846606 0.43587131
v 0.198466 -0.19846606 0.43587131
v 0.2519871 0.11340979 0.42506326
v 0.21703193 0.17003325 0.42414105
v 0.21703193 0.17003325 0.42414105
v 0.21703193 0.17003326 0.17301888
v 0.21703193 0.17003326 0.17301888
v -0.11569088 -0.25705461 0.16503388
v 0.017020065 -0.28137477 0.1618101
v 0.082238436 -0.26391248 0.15583474
v 0.27727175 0.050811511 0.16503388
v 0.26912525 -0.083863199 0.1618101
v 0.23656246 -0.14300753 0.15583474
v 0.19508176 -0.1950818 0.15493715
v 0.1427269 -0.23609917 0.15493715
v -0.17047895 -0.21760035 0.17100925
v 0.25207561 0.11344961 0.17100925
v -0.2171739 -0.17014496 0.17190683
v 0.21717405 0.1701446 0.17190683
v -0.25141692 -0.11315365 0.17301888
v -0.25141692 -0.11315365 0.17301888
v -0.25141692 -0.11315366 0.42414105
v -0.25141692 -0.11315366 0.42414105
v -0.21752384 -0.17041913 0.42506326
v -0.17310053 -0.22094646 0.42583472
v -0.17310053 -0.22094646 0.42583472
v -0.11574953 -0.25718515 0.42782987
v 0.017028678 -0.28151761 0.43394608
v 0.08350116 -0.26796471 0.43587131
v 0.08350116 -0.26796471 0.43587131
v 0.25595188 0.11519427 0.42583472
v 0.25595188 0.11519427 0.42583472
v 0.2774125 0.050837219 0.42782987
v 0.26926187 -0.083905853 0.43394608
v 0.26926187 -0.083905853 0.43394608
v 0.24019477 -0.14520335 0.43587131
v 0.24019477 -0.14520335 0.43587131
v 0.14196971 -0.23484665 0.43665344
v 0.14196971 -0.23484665 0.43665344
v 0.1940468 -0.19404685 0.43665344
v 0.1940468 -0.19404685 0.43665344
v 0.21752407 0.17041881 0.42506326
v 0.17003372 0.21703154 0.42414105
v 0.17003372 0.21703154 0.42414105
v 0.17003375 0.21703158 0.17301888
v 0.17003375 0.21703158 0.17301888
v -0.17384629 -0.22189844 0.16503388
v -0.050811928 -0.27727167 0.1618101
v 0.016690377 -0.27592461 0.15583474
v 0.08207728 -0.26339535 0.15493715
v 0.25705469 0.11569052 0.16503388
v 0.28137475 -0.017020458 0.1618101
v 0.26391235 -0.082238868 0.15583474
v 0.2360989 -0.14272729 0.15493715
v 0.1949541 -0.19495414 0.15382511
v 0.1949541 -0.19495414 0.15382511
v 0.14263351 -0.23594469 0.15382511
v 0.14263351 -0.23594469 0.15382511
v -0.2176003 -0.170479 0.17100925
v 0.21760045 0.17047867 0.17100925
v -0.25158155 -0.11322773 0.17190683
v 0.17014509 0.21717371 0.17190683
v -0.27119058 -0.049697559 0.17301888
v -0.27119058 -0.049697559 0.17301888
v -0.27119058 -0.049697571 0.42414105
v -0.27119058 -0.049697571 0.42414105
v -0.25198698 -0.11341021 0.42506326
v -0.22094639 -0.17310061 0.42583472
v -0.22094639 -0.17310061 0.42583472
v -0.17393461 -0.22201106 0.42782987
v -0.050837737 -0.27741243 0.43394608
v 0.016946647 -0.28016125 0.43587131
v 0.016946647 -0.28016125 0.43587131
v 0.081641875 -0.26199798 0.43665344
v 0.081641875 -0.26199798 0.43665344
v 0.22094662 0.17310019 0.42583472
v 0.22094662 0.17310019 0.42583472
v 0.25718513 0.11574931 0.42782987
v 0.28151757 -0.017029097 0.43394608
v 0.26796457 -0.083501607 0.43587131
v 0.26796457 -0.083501607 0.43587131
v 0.26796457 -0.083501607 0.43587131
v 0.26796457 -0.083501607 0.43587131
v 0.23484638 -0.14197013 0.43665344
v 0.23484638 -0.14197013 0.43665344
v 0.14126675 -0.23368381 0.43506831
v 0.14126675 -0.23368381 0.43506831
v 0.19308595 -0.19308601 0.43506831
v 0.19308595 -0.19308601 0.43506831
v 0.17041928 0.21752366 0.42506326
v 0.11315374 0.25141676 0.42414105
v 0.11315374 0.25141676 0.42414105
v 0.11315375 0.25141676 0.17301888
v 0.11315375 0.25141676 0.17301888
v -0.22189839 -0.17384633 0.16503388
v -0.11569088 -0.25705461 0.1618101
v -0.049827721 -0.271901 0.15583474
v 0.016657684 -0.27538393 0.15493715
v 0.082023561 -0.26322298 0.15382511
v 0.082023561 -0.26322298 0.15382511
v 0.22189857 0.17384601 0.16503388
v 0.27727175 0.050811511 0.1618101
v 0.27592459 -0.016690785 0.15583474
v 0.26339522 -0.082077712 0.15493715
v 0.23594441 -0.14263389 0.15382511
v 0.23594441 -0.14263389 0.15382511
v -0.25207549 -0.11345004 0.17100925
v 0.17047915 0.21760009 0.17100925
v -0.27136818 -0.049730126 0.17190683
v 0.11322787 0.25158142 0.17190683
v -0.2752037 0.016646734 0.17301888
v -0.2752037 0.016646734 0.17301888
v -0.2752037 0.016646722 0.42414105
v -0.2752037 0.016646722 0.42414105
v -0.2718055 -0.049810275 0.42506326
v -0.25595179 -0.11519456 0.42583472
v -0.25595179 -0.11519456 0.42583472
v -0.22201099 -0.17393468 0.42782987
v -0.11574953 -0.25718515 0.43394608
v -0.050592806 -0.27607588 0.43587131
v -0.050592806 -0.27607588 0.43587131
v 0.016569261 -0.27392296 0.43665344
v 0.016569261 -0.27392296 0.43665344
v 0.081237637 -0.26070069 0.43506831
v 0.081237637 -0.26070069 0.43506831
v 0.1731007 0.22094624 0.42583472
v 0.1731007 0.22094624 0.42583472
v 0.22201124 0.17393428 0.42782987
v 0.2774125 0.050837219 0.43394608
v 0.28016123 -0.016947037 0.43587131
v 0.28016123 -0.016947037 0.43587131
v 0.26199788 -0.081642285 0.43665344
v 0.26199788 -0.081642285 0.43665344
v 0.26199788 -0.081642285 0.43665344
v 0.26199788 -0.081642285 0.43665344
v 0.23368353 -0.14126715 0.43506831
v 0.23368353 -0.14126715 0.43506831
v 0.14126675 -0.23368381 0.43085045
v 0.14126675 -0.23368381 0.43085045
v 0.19308595 -0.19308601 0.43085045
v 0.19308595 -0.19308601 0.43085045
v 0.1134103 0.25198682 0.42506326
v 0.049697716 0.27119054 0.42414105
v 0.049697716 0.27119054 0.42414105
v 0.049697716 0.27119054 0.17301888
v 0.049697716 0.27119054 0.17301888
v -0.25705454 -0.11569094 0.16503388
v -0.17384629 -0.22189844 0.1618101
v -0.11344998 -0.25207554 0.15583474
v -0.049730089 -0.27136819 0.15493715
v 0.016646776 -0.27520375 0.15382511
v 0.016646776 -0.27520375 0.15382511
v 0.1738465 0.2218982 0.16503388
v 0.25705469 0.11569053 0.1618101
v 0.27190107 0.049827334 0.15583474
v 0.27538395 -0.016658077 0.15493715
v 0.26322284 -0.082024008 0.15382511
v 0.26322284 -0.082024008 0.15382511
v -0.27190095 -0.049827758 0.17100925
v 0.11345017 0.25207533 0.17100925
v -0.27538389 0.016657626 0.17190683
v 0.04973026 0.27136813 0.17190683
v -0.26322293 0.082023561 0.17301888
v -0.26322293 0.082023561 0.17301888
v -0.2632229 0.082023576 0.42414105
v -0.2632229 0.082023576 0.42414105
v -0.2632229 0.082023576 0.42414105
v -0.27582768 0.016684467 0.42506326
v -0.27608216 -0.050593995 0.42583472
v -0.27608216 -0.050593995 0.42583472
v -0.25718507 -0.1157496 0.42782987
v -0.17393461 -0.22201106 0.43394608
v -0.11519185 -0.255946 0.43587131
v -0.11519185 -0.255946 0.43587131
v -0.049466241 -0.26992853 0.43665344
v -0.049466241 -0.26992853 0.43665344
v 0.01648723 -0.2725666 0.43506831
v 0.01648723 -0.2725666 0.43506831
v 0.081237637 -0.26070069 0.43085045
v 0.081237637 -0.26070069 0.43085045
v 0.11519474 0.25595166 0.42583472
v 0.11519474 0.25595166 0.42583472
v 0.17393476 0.22201082 0.42782987
v 0.25718513 0.11574931 0.43394608
v 0.27607596 0.050592311 0.43587131
v 0.27607596 0.050592311 0.43587131
v 0.27392298 -0.016569665 0.43665344
v 0.27392298 -0.016569665 0.43665344
v 0.26070058 -0.081238039 0.43506831
v 0.26070058 -0.081238039 0.43506831
v 0.26070058 -0.081238039 0.43506831
v 0.26070058 -0.081238039 0.43506831
v 0.23368353 -0.14126715 0.43085045
v 0.23368353 -0.14126715 0.43085045
v 0.14094026 -0.23314373 0.43003911
v 0.14094026 -0.23314373 0.43003911
v 0.19263972 -0.19263978 0.43003911
v 0.19263972 -0.19263978 0.43003911
v 0.049810413 0.27180542 0.42506326
v -0.016646575 0.27520369 0.42414105
v -0.016646575 0.27520369 0.42414105
v -0.016646575 0.27520369 0.17301888
v -0.016646575 0.27520369 0.17301888
v -0.27727166 -0.05081198 0.16503388
v -0.22189839 -0.17384633 0.1618101
v -0.17047895 -0.21760035 0.15583474
v -0.11322768 -0.25158159 0.15493715
v -0.049697522 -0.2711906 0.15382511
v -0.049697522 -0.2711906 0.15382511
v 0.11569107 0.2570544 0.16503388
v 0.22189857 0.17384601 0.1618101
v 0.25207561 0.11344962 0.15583474
v 0.27136829 0.049729686 0.15493715
v 0.2752037 -0.016647169 0.15382511
v 0.2752037 -0.016647169 0.15382511
v -0.27592456 0.016690334 0.17100925
v 0.049827915 0.27190091 0.17100925
v -0.26339528 0.082077265 0.17190683
v -0.016657483 0.2753839 0.17190683
v -0.2359446 0.14263351 0.17301888
v -0.2359446 0.14263351 0.17301888
v -0.2359446 0.1426335 0.42414105
v -0.2359446 0.1426335 0.42414105
v -0.26381975 0.082209565 0.42506326
v -0.26381975 0.082209565 0.42506326
v -0.28016764 0.016946981 0.42583472
v -0.28016764 0.016946981 0.42583472
v -0.27741238 -0.050837785 0.42782987
v -0.22201099 -0.17393468 0.43394608
v -0.1730966 -0.22094142 0.43587131
v -0.1730966 -0.22094142 0.43587131
v -0.11262698 -0.2502469 0.43665344
v -0.11262698 -0.2502469 0.43665344
v -0.049221303 -0.26859199 0.43506831
v -0.049221303 -0.26859199 0.43506831
v 0.01648723 -0.2725666 0.43085045
v 0.01648723 -0.2725666 0.43085045
v 0.081049882 -0.2600982 0.43003911
v 0.081049882 -0.2600982 0.43003911
v 0.050594125 0.27608205 0.42583472
v 0.050594125 0.27608205 0.42583472
v 0.11574981 0.25718494 0.42782987
v 0.22201124 0.17393428 0.43394608
v 0.25594604 0.11519165 0.43587131
v 0.25594604 0.11519165 0.43587131
v 0.26992863 0.049465843 0.43665344
v 0.26992863 0.049465843 0.43665344
v 0.27256662 -0.016487604 0.43506831
v 0.27256662 -0.016487604 0.43506831
v 0.26070058 -0.081238039 0.43085045
v 0.26070058 -0.081238039 0.43085045
v 0.26070058 -0.081238039 0.43085045
v 0.26070058 -0.081238039 0.43085045
v 0.23314346 -0.14094068 0.43003911
v 0.23314346 -0.14094068 0.43003911
v 4.2239443e-08 -1.228452e-07 0.43003893
v -0.016684335 0.27582769 0.42506326
v -0.082023427 0.26322295 0.42414105
v -0.082023427 0.26322295 0.42414105
v -0.082023427 0.26322295 0.17301888
v -0.082023427 0.26322295 0.17301888
v -0.28137472 0.017020022 0.16503388
v -0.25705454 -0.11569093 0.1618101
v -0.2176003 -0.170479 0.15583474
v -0.1701449 -0.21717396 0.15493715
v -0.11315359 -0.25141697 0.15382511
v -0.11315359 -0.25141697 0.15382511
v 0.050812121 0.27727158 0.16503388
v 0.1738465 0.2218982 0.1618101
v 0.21760045 0.17047867 0.15583474
v 0.25158167 0.11322733 0.15493715
v 0.2711907 0.049697157 0.15382511
v 0.2711907 0.049697157 0.15382511
v -0.26391244 0.082238421 0.17100925
v -0.016690191 0.27592458 0.17100925
v -0.23609908 0.1427269 0.17190683
v -0.082077146 0.26339532 0.17190683
v -0.19495404 0.19495411 0.17301888
v -0.19495404 0.19495411 0.17301888
v -0.19495404 0.19495411 0.17301888
v -0.19495404 0.19495411 0.17301888
v -0.19495401 0.19495407 0.42414105
v -0.19495401 0.19495407 0.42414105
v -0.19495401 0.19495407 0.42414105
v -0.2364796 0.14295693 0.42506326
v -0.26797074 0.08350306 0.42583472
v -0.26797074 0.08350306 0.42583472
v -0.26797074 0.08350306 0.42583472
v -0.26797074 0.08350306 0.42583472
v -0.28151757 0.017028654 0.42782987
v -0.25718507 -0.1157496 0.43394608
v -0.22094135 -0.17309667 0.43587131
v -0.22094135 -0.17309667 0.43587131
v -0.16924223 -0.21602181 0.43665344
v -0.16924223 -0.21602181 0.43665344
v -0.11206929 -0.24900781 0.43506831
v -0.11206929 -0.24900781 0.43506831
v -0.049221303 -0.26859199 0.43085045
v -0.049221303 -0.26859199 0.43085045
v 0.016449142 -0.2719367 0.43003911
v 0.016449142 -0.2719367 0.43003911
v -0.016946834 0.28016762 0.42583472
v -0.016946834 0.28016762 0.42583472
v 0.0508379 0.27741234 0.42782987
v 0.17393476 0.22201082 0.43394608
v 0.22094159 0.17309625 0.43587131
v 0.22094159 0.17309625 0.43587131
v 0.25024694 0.11262663 0.43665344
v 0.25024694 0.11262663 0.43665344
v 0.26859209 0.049220935 0.43506831
v 0.26859209 0.049220935 0.43506831
v 0.27256662 -0.016487604 0.43085045
v 0.27256662 -0.016487604 0.43085045
v 0.2600981 -0.081050284 0.43003911
v 0.2600981 -0.081050284 0.43003911
v 0.2600981 -0.081050284 0.43003911
v -0.082209401 0.2638198 0.42506326
v -0.14263339 0.23594464 0.42414105
v -0.14263339 0.23594464 0.42414105
v -0.14263339 0.23594466 0.17301888
v -0.14263339 0.23594466 0.17301888
v -0.26912534 0.083862744 0.16503388
v -0.27727166 -0.05081198 0.1618101
v -0.25207549 -0.11345003 0.15583474
v -0.2171739 -0.17014496 0.15493715
v -0.17003353 -0.21703181 0.15382511
v -0.17003353 -0.21703181 0.15382511
v -0.017019849 0.28137474 0.16503388
v 0.11569107 0.2570544 0.1618101
v 0.17047915 0.21760009 0.15583474
v 0.21717405 0.1701446 0.15493715
v 0.25141704 0.11315323 0.15382511
v 0.25141704 0.11315323 0.15382511
v -0.23656264 0.14300714 0.17100925
v -0.082238302 0.26391245 0.17100925
v -0.19508173 0.1950818 0.17190683
v -0.19508173 0.1950818 0.17190683
v -0.14272679 0.23609915 0.17190683
v -0.19539607 0.19539613 0.42506326
v -0.24020039 0.14520623 0.42583472
v -0.24020039 0.14520623 0.42583472
v -0.2692619 0.083905391 0.42782987
v -0.2692619 0.083905391 0.42782987
v -0.27741238 -0.050837785 0.43394608
v -0.25594595 -0.11519191 0.43587131
v -0.25594595 -0.11519191 0.43587131
v -0.21602173 -0.16924231 0.43665344
v -0.21602173 -0.16924231 0.43665344
v -0.16840422 -0.21495217 0.43506831
v -0.16840422 -0.21495217 0.43506831
v -0.11206929 -0.24900781 0.43085045
v -0.11206929 -0.24900781 0.43085045
v -0.049107563 -0.26797123 0.43003911
v -0.049107563 -0.26797123 0.43003911
v -0.083502918 0.26797082 0.42583472
v -0.083502918 0.26797082 0.42583472
v -0.017028477 0.28151758 0.42782987
v 0.11574981 0.25718494 0.43394608
v 0.17309673 0.22094117 0.43587131
v 0.17309673 0.22094117 0.43587131
v 0.21602191 0.16924195 0.43665344
v 0.21602191 0.16924195 0.43665344
v 0.24900787 0.11206895 0.43506831
v 0.24900787 0.11206895 0.43506831
v 0.26859209 0.049220935 0.43085045
v 0.26859209 0.049220935 0.43085045
v 0.27193671 -0.016449487 0.43003911
v 0.27193671 -0.016449487 0.43003911
v -0.14295681 0.23647963 0.42506326
v -0.24123526 0.14583193 0.16503388
v -0.28137472 0.017020022 0.1618101
v -0.27190095 -0.049827758 0.15583474
v -0.25158155 -0.11322773 0.15493715
v -0.21703176 -0.17003357 0.15382511
v -0.21703176 -0.17003357 0.15382511
v -0.083862692 0.26912536 0.16503388
v 0.050812121 0.27727158 0.1618101
v 0.11345017 0.25207533 0.15583474
v 0.17014509 0.21717371 0.15493715
v 0.21703193 0.17003326 0.15382511
v 0.21703193 0.17003326 0.15382511
v -0.1954647 0.19546477 0.17100925
v -0.1954647 0.19546477 0.17100925
v -0.14300704 0.23656271 0.17100925
v -0.19847043 0.19847052 0.42583472
v -0.19847043 0.19847052 0.42583472
v -0.24135777 0.14590588 0.42782987
v -0.28151757 0.017028654 0.43394608
v -0.27607584 -0.050592855 0.43587131
v -0.27607584 -0.050592855 0.43587131
v -0.25024685 -0.11262704 0.43665344
v -0.25024685 -0.11262704 0.43665344
v -0.2149521 -0.1684043 0.43506831
v -0.2149521 -0.1684043 0.43506831
v -0.16840422 -0.21495217 0.43085045
v -0.16840422 -0.21495217 0.43085045
v -0.11181033 -0.24843237 0.43003911
v -0.11181033 -0.24843237 0.43003911
v -0.14520611 0.24020042 0.42583472
v -0.14520611 0.24020042 0.42583472
v -0.083905257 0.26926197 0.42782987
v 0.0508379 0.27741234 0.43394608
v 0.11519211 0.25594582 0.43587131
v 0.11519211 0.25594582 0.43587131
v 0.16924243 0.21602152 0.43665344
v 0.16924243 0.21602152 0.43665344
v 0.21495228 0.16840394 0.43506831
v 0.21495228 0.16840394 0.43506831
v 0.24900787 0.11206895 0.43085045
v 0.24900787 0.11206895 0.43085045
v 0.26797134 0.049107186 0.43003911
v 0.26797134 0.049107186 0.43003911
v -0.19932559 0.1993257 0.16503388
v -0.19932559 0.1993257 0.16503388
v -0.26912534 0.083862752 0.1618101
v -0.27592456 0.016690334 0.15583474
v -0.27136818 -0.049730126 0.15493715
v -0.25141692 -0.11315364 0.15382511
v -0.25141692 -0.11315364 0.15382511
v -0.14583172 0.24123532 0.16503388
v -0.017019849 0.28137474 0.1618101
v 0.049827915 0.27190091 0.15583474
v 0.11322787 0.25158142 0.15493715
v 0.17003375 0.21703158 0.15382511
v 0.17003375 0.21703158 0.15382511
v -0.19942671 0.1994268 0.42782987
v -0.2692619 0.083905391 0.43394608
v -0.2692619 0.083905391 0.43394608
v -0.28016123 0.016946608 0.43587131
v -0.28016123 0.016946608 0.43587131
v -0.26992851 -0.049466275 0.43665344
v -0.26992851 -0.049466275 0.43665344
v -0.24900773 -0.11206936 0.43506831
v -0.24900773 -0.11206936 0.43506831
v -0.2149521 -0.1684043 0.43085045
v -0.2149521 -0.1684043 0.43085045
v -0.16801503 -0.2144554 0.43003911
v -0.16801503 -0.2144554 0.43003911
v -0.14590576 0.2413578 0.42782987
v -0.017028477 0.28151758 0.43394608
v 0.050592985 0.2760758 0.43587131
v 0.050592985 0.2760758 0.43587131
v 0.11262716 0.25024672 0.43665344
v 0.11262716 0.25024672 0.43665344
v 0.16840442 0.21495189 0.43506831
v 0.16840442 0.21495189 0.43506831
v 0.21495228 0.16840394 0.43085045
v 0.21495228 0.16840394 0.43085045
v 0.24843238 0.11180995 0.43003911
v 0.24843238 0.11180995 0.43003911
v -0.24123526 0.14583193 0.1618101
v -0.26391244 0.082238428 0.15583474
v -0.27538389 0.016657626 0.15493715
v -0.27119058 -0.049697559 0.15382511
v -0.27119058 -0.049697559 0.15382511
v -0.083862692 0.26912536 0.1618101
v -0.016690191 0.27592458 0.15583474
v 0.04973026 0.27136813 0.15493715
v 0.11315375 0.25141676 0.15382511
v 0.11315375 0.25141676 0.15382511
v -0.24135777 0.14590588 0.43394608
v -0.26796463 0.08350116 0.43587131
v -0.26796463 0.08350116 0.43587131
v -0.26796463 0.08350116 0.43587131
v -0.26796463 0.08350116 0.43587131
v -0.27392292 0.016569251 0.43665344
v -0.27392292 0.016569251 0.43665344
v -0.26859194 -0.049221344 0.43506831
v -0.26859194 -0.049221344 0.43506831
v -0.24900773 -0.11206936 0.43085045
v -0.24900773 -0.11206936 0.43085045
v -0.21445534 -0.16801509 0.43003911
v -0.21445534 -0.16801509 0.43003911
v -0.083905257 0.26926197 0.43394608
v -0.016946446 0.28016122 0.43587131
v -0.016946446 0.28016122 0.43587131
v 0.04946645 0.26992847 0.43665344
v 0.04946645 0.26992847 0.43665344
v 0.11206949 0.24900758 0.43506831
v 0.11206949 0.24900758 0.43506831
v 0.16840442 0.21495189 0.43085045
v 0.16840442 0.21495189 0.43085045
v 0.2144555 0.16801475 0.43003911
v 0.2144555 0.16801475 0.43003911
v -0.19932559 0.1993257 0.1618101
v -0.19932559 0.1993257 0.1618101
v -0.23656264 0.14300714 0.15583474
v -0.26339528 0.082077272 0.15493715
v -0.2752037 0.016646734 0.15382511
v -0.2752037 0.016646734 0.15382511
v -0.14583172 0.24123532 0.1618101
v -0.082238302 0.26391245 0.15583474
v -0.016657483 0.2753839 0.15493715
v 0.049697716 0.27119054 0.15382511
v 0.049697716 0.27119054 0.15382511
v -0.19942671 0.1994268 0.43394608
v -0.24019493 0.14520292 0.43587131
v -0.24019493 0.14520292 0.43587131
v -0.26199791 0.081641845 0.43665344
v -0.26199791 0.081641845 0.43665344
v -0.26199791 0.081641845 0.43665344
v -0.26199791 0.081641845 0.43665344
v -0.27256656 0.01648722 0.43506831
v -0.27256656 0.01648722 0.43506831
v -0.26859194 -0.049221344 0.43085045
v -0.26859194 -0.049221344 0.43085045
v -0.24843229 -0.11181039 0.43003911
v -0.24843229 -0.11181039 0.43003911
v -0.14590576 0.2413578 0.43394608
v -0.083501004 0.26796468 0.43587131
v -0.083501004 0.26796468 0.43587131
v -0.016569104 0.27392294 0.43665344
v -0.016569104 0.27392294 0.43665344
v 0.049221512 0.2685919 0.43506831
v 0.049221512 0.2685919 0.43506831
v 0.11206949 0.24900758 0.43085045
v 0.11206949 0.24900758 0.43085045
v 0.16801521 0.21445513 0.43003911
v 0.16801521 0.21445513 0.43003911
v -0.1954647 0.19546477 0.15583474
v -0.1954647 0.19546477 0.15583474
v -0.23609908 0.1427269 0.15493715
v -0.26322293 0.082023568 0.15382511
v -0.26322293 0.082023568 0.15382511
v -0.14300704 0.23656271 0.15583474
v -0.082077146 0.26339532 0.15493715
v -0.016646575 0.27520369 0.15382511
v -0.016646575 0.27520369 0.15382511
v -0.19846591 0.198466 0.43587131
v -0.19846591 0.198466 0.43587131
v -0.23484653 0.14196968 0.43665344
v -0.23484653 0.14196968 0.43665344
v -0.26070064 0.081237592 0.43506831
v -0.26070064 0.081237592 0.43506831
v -0.26070064 0.081237592 0.43506831
v -0.26070064 0.081237592 0.43506831
v -0.27256656 0.01648722 0.43085045
v -0.27256656 0.01648722 0.43085045
v -0.26797119 -0.049107611 0.43003911
v -0.26797119 -0.049107611 0.43003911
v -0.1452028 0.24019496 0.43587131
v -0.1452028 0.24019496 0.43587131
v -0.081641711 0.26199795 0.43665344
v -0.081641711 0.26199795 0.43665344
v -0.016487073 0.2725666 0.43506831
v -0.016487073 0.2725666 0.43506831
v 0.049221512 0.2685919 0.43085045
v 0.049221512 0.2685919 0.43085045
v 0.11181048 0.2484321 0.43003911
v 0.11181048 0.2484321 0.43003911
v -0.19508173 0.1950818 0.15493715
v -0.19508173 0.1950818 0.15493715
v -0.2359446 0.14263351 0.15382511
v -0.2359446 0.14263351 0.15382511
v -0.14272679 0.23609915 0.15493715
v -0.082023427 0.26322295 0.15382511
v -0.082023427 0.26322295 0.15382511
v -0.19404674 0.1940468 0.43665344
v -0.19404674 0.1940468 0.43665344
v -0.23368369 0.14126672 0.43506831
v -0.23368369 0.14126672 0.43506831
v -0.26070064 0.081237592 0.43085045
v -0.26070064 0.081237592 0.43085045
v -0.26070064 0.081237592 0.43085045
v -0.26070064 0.081237592 0.43085045
v -0.27193666 0.016449103 0.43003911
v -0.27193666 0.016449103 0.43003911
v -0.14196959 0.23484656 0.43665344
v -0.14196959 0.23484656 0.43665344
v -0.081237473 0.26070066 0.43506831
v -0.081237473 0.26070066 0.43506831
v -0.016487073 0.2725666 0.43085045
v -0.016487073 0.2725666 0.43085045
v 0.049107771 0.26797117 0.43003911
v 0.049107771 0.26797117 0.43003911
v -0.19495404 0.19495411 0.15382511
v -0.19495404 0.19495411 0.15382511
v -0.19495404 0.19495411 0.15382511
v -0.19495404 0.19495411 0.15382511
v -0.14263339 0.23594466 0.15382511
v -0.14263339 0.23594466 0.15382511
v -0.19308591 0.19308597 0.43506831
v -0.19308591 0.19308597 0.43506831
v -0.23368369 0.14126672 0.43085045
v -0.23368369 0.14126672 0.43085045
v -0.26009813 0.08104986 0.43003911
v -0.26009813 0.08104986 0.43003911
v -0.26009813 0.08104986 0.43003911
v -0.14126663 0.23368372 0.43506831
v -0.14126663 0.23368372 0.43506831
v -0.081237473 0.26070066 0.43085045
v -0.081237473 0.26070066 0.43085045
v -0.016448941 0.27193667 0.43003911
v -0.016448941 0.27193667 0.43003911
v -0.19308591 0.19308597 0.43085045
v -0.19308591 0.19308597 0.43085045
v -0.23314363 0.14094025 0.43003911
v -0.23314363 0.14094025 0.43003911
v -0.14126663 0.23368372 0.43085045
v -0.14126663 0.23368372 0.43085045
v -0.081049725 0.2600982 0.43003911
v -0.081049725 0.2600982 0.43003911
v -0.19263965 0.19263971 0.43003911
v -0.19263965 0.19263971 0.43003911
v -0.14094016 0.23314366 0.43003911
v -0.14094016 0.23314366 0.43003911
v 0.19140801 -0.19140807 0.43003911
v 0.14003913 -0.23165305 0.43003911
v 0.080531657 -0.25843517 0.43003911
v 0.016343955 -0.27019797 0.43003911
v -0.048793558 -0.26625787 0.43003911
v -0.11109541 -0.24684389 0.43003911
v -0.16694076 -0.21308421 0.43003911
v -0.21308415 -0.16694082 0.43003911
v -0.24684383 -0.11109547 0.43003911
v -0.26625782 -0.048793606 0.43003911
v -0.27019793 0.016343946 0.43003911
v -0.2584351 0.080531627 0.43003911
v -0.23165295 0.14003909 0.43003911
v -0.19140798 0.19140804 0.43003911
v -0.140039 0.23165298 0.43003911
v -0.0805315 0.25843517 0.43003911
v -0.016343784 0.27019794 0.43003911
v 0.048793767 0.26625778 0.43003911
v 0.11109561 0.24684368 0.43003911
v 0.16694096 0.21308392 0.43003911
v 0.21308431 0.16694048 0.43003911
v 0.24684395 0.11109506 0.43003911
v 0.266258 0.048793197 0.43003911
v 0.27019799 -0.016344329 0.43003911
v 0.25843507 -0.080532059 0.43003911
v 0.23165278 -0.14003952 0.43003911
v 0.10945945 -0.12791522 0.43003905
v 0.10945945 -0.12791522 0.43003905
v 0.10602932 -0.14071672 0.43003905
v 0.10602932 -0.14071672 0.43003905
v 0.10718441 -0.15391934 0.43003905
v 0.10718441 -0.15391934 0.43003905
v 0.11278537 -0.16593069 0.43003905
v 0.11278537 -0.16593069 0.43003905
v 0.12215671 -0.17530203 0.43003905
v 0.12215671 -0.17530203 0.43003905
v 0.13416807 -0.180903 0.43003905
v 0.13416807 -0.180903 0.43003905
v 0.14737073 -0.18205813 0.43003905
v 0.14737073 -0.18205813 0.43003905
v 0.16017219 -0.17862797 0.43003905
v 0.16017219 -0.17862797 0.43003905
v 0.17076698 -0.17120942 0.43003905
v 0.17076698 -0.17120942 0.43003905
v 0.17863014 -0.16017002 0.43003905
v 0.17863014 -0.16017002 0.43003905
v 0.18206024 -0.14736852 0.43003905
v 0.18206024 -0.14736852 0.43003905
v 0.18090518 -0.1341659 0.43003905
v 0.18090518 -0.1341659 0.43003905
v 0.17530417 -0.12215453 0.43003905
v 0.17530417 -0.12215453 0.43003905
v 0.17530417 -0.12215453 0.43003905
v 0.16593283 -0.11278322 0.43003905
v 0.16593283 -0.11278322 0.43003905
v 0.1539215 -0.10718224 0.43003905
v 0.1539215 -0.10718224 0.43003905
v 0.14071886 -0.10602716 0.43003905
v 0.14071886 -0.10602716 0.43003905
v 0.12791738 -0.1094573 0.43003905
v 0.12791738 -0.1094573 0.43003905
v 0.11688644 -0.11730839 0.43003905
v 0.11688644 -0.11730839 0.43003905
v 0.10945945 -0.12791522 0.43152935
v 0.10945945 -0.12791522 0.43152935
v 0.11688644 -0.11730839 0.43152935
v 0.11688644 -0.11730839 0.43152935
v 0.12791738 -0.1094573 0.43152935
v 0.12791738 -0.1094573 0.43152935
v 0.14071886 -0.10602716 0.43152935
v 0.14071886 -0.10602716 0.43152935
v 0.1539215 -0.10718224 0.43152935
v 0.1539215 -0.10718224 0.43152935
v 0.16593283 -0.11278322 0.43152935
v 0.16593283 -0.11278322 0.43152935
v 0.17530417 -0.12215453 0.43152935
v 0.17530417 -0.12215453 0.43152935
v 0.17530417 -0.12215453 0.43152935
v 0.17530417 -0.12215453 0.43152935
v 0.18090518 -0.1341659 0.43152935
v 0.18090518 -0.1341659 0.43152935
v 0.18206024 -0.14736852 0.43152935
v 0.18206024 -0.14736852 0.43152935
v 0.17863014 -0.16017002 0.43152935
v 0.17863014 -0.16017002 0.43152935
v 0.17076698 -0.17120942 0.43152935
v 0.17076698 -0.17120942 0.43152935
v 0.16017219 -0.17862797 0.43152935
v 0.16017219 -0.17862797 0.43152935
v 0.14737073 -0.18205813 0.43152935
v 0.14737073 -0.18205813 0.43152935
v 0.13416807 -0.180903 0.43152935
v 0.13416807 -0.180903 0.43152935
v 0.12215671 -0.17530203 0.43152935
v 0.12215671 -0.17530203 0.43152935
v 0.11278537 -0.16593069 0.43152935
v 0.11278537 -0.16593069 0.43152935
v 0.10718441 -0.15391934 0.43152935
v 0.10718441 -0.15391934 0.43152935
v 0.10602932 -0.14071672 0.43152935
v 0.10602932 -0.14071672 0.43152935
v 0.10945945 -0.12791522 0.43435348
v 0.11688644 -0.11730839 0.43435348
v 0.12791738 -0.1094573 0.43435348
v 0.14071886 -0.10602716 0.43435348
v 0.1539215 -0.10718224 0.43435348
v 0.16593283 -0.11278322 0.43435348
v 0.17530417 -0.12215453 0.43435348
v 0.17530417 -0.12215453 0.43435348
v 0.18090518 -0.1341659 0.43435348
v 0.18206024 -0.14736852 0.43435348
v 0.17863014 -0.16017002 0.43435348
v 0.17076698 -0.17120942 0.43435348
v 0.16017219 -0.17862797 0.43435348
v 0.14737073 -0.18205813 0.43435348
v 0.13416807 -0.180903 0.43435348
v 0.12215671 -0.17530203 0.43435348
v 0.11278537 -0.16593069 0.43435348
v 0.10718441 -0.15391934 0.43435348
v 0.10602932 -0.14071672 0.43435348
v 0.10842171 -0.12743135 0.43176651
v 0.1160737 -0.11650185 0.43176651
v 0.1274295 -0.10842144 0.43176651
v 0.14061907 -0.10488651 0.43176651
v 0.15421785 -0.10607625 0.43176651
v 0.16658959 -0.11184527 0.43176651
v 0.17624213 -0.12149779 0.43176651
v 0.17624213 -0.12149779 0.43176651
v 0.18201117 -0.13386954 0.43176651
v 0.18320091 -0.14746831 0.43176651
v 0.17966591 -0.16065811 0.43176651
v 0.17157337 -0.17202231 0.43176651
v 0.16065611 -0.17966567 0.43176651
v 0.14747055 -0.18319879 0.43176669
v 0.13387169 -0.182009 0.43176651
v 0.12149996 -0.17623997 0.43176651
v 0.11184745 -0.16658746 0.43176651
v 0.1060784 -0.15421568 0.43176651
v 0.10488867 -0.14061691 0.43176651
v 0.1160737 -0.11650185 0.43411619
v 0.10842171 -0.12743135 0.43411619
v 0.10488866 -0.14061691 0.43411619
v 0.1060784 -0.15421568 0.43411619
v 0.11184745 -0.16658746 0.43411619
v 0.12149997 -0.17623998 0.43411619
v 0.1338717 -0.18200901 0.43411619
v 0.14747055 -0.18319882 0.43411619
v 0.16065611 -0.17966567 0.43411619
v 0.17157337 -0.17202231 0.43411619
v 0.17966592 -0.16065809 0.43411619
v 0.18320091 -0.14746831 0.43411619
v 0.18201117 -0.13386954 0.43411619
v 0.17624213 -0.12149779 0.43411619
v 0.17624213 -0.12149779 0.43411619
v 0.1665896 -0.11184527 0.43411619
v 0.15421785 -0.10607625 0.43411619
v 0.14061907 -0.10488649 0.43411619
v 0.1274295 -0.10842144 0.43411619
v 0.11783355 -0.11797252 0.43435348
v 0.11783355 -0.11797252 0.43435348
v 0.11053202 -0.12841536 0.43435348
v 0.11053202 -0.12841536 0.43435348
v 0.10720825 -0.14081985 0.43435348
v 0.10720825 -0.14081985 0.43435348
v 0.10832752 -0.15361305 0.43435348
v 0.10832752 -0.15361305 0.43435348
v 0.11375481 -0.16525191 0.43435348
v 0.11375481 -0.16525191 0.43435348
v 0.1228355 -0.1743326 0.43435348
v 0.1228355 -0.1743326 0.43435348
v 0.13447435 -0.1797599 0.43435348
v 0.13447435 -0.1797599 0.43435348
v 0.14726758 -0.18087918 0.43435348
v 0.14726758 -0.18087918 0.43435348
v 0.15967205 -0.17755541 0.43435348
v 0.15967205 -0.17755541 0.43435348
v 0.1701109 -0.17025666 0.43435348
v 0.1701109 -0.17025666 0.43435348
v 0.17755759 -0.15966988 0.43435348
v 0.17755759 -0.15966988 0.43435348
v 0.18088132 -0.14726537 0.43435348
v 0.18088132 -0.14726537 0.43435348
v 0.17976207 -0.13447219 0.43435348
v 0.17976207 -0.13447219 0.43435348
v 0.17433475 -0.12283332 0.43435348
v 0.17433475 -0.12283332 0.43435348
v 0.17433475 -0.12283332 0.43435348
v 0.17433475 -0.12283332 0.43435348
v 0.16525407 -0.11375264 0.43435348
v 0.16525407 -0.11375264 0.43435348
v 0.15361519 -0.10832534 0.43435348
v 0.15361519 -0.10832534 0.43435348
v 0.14082201 -0.10720609 0.43435348
v 0.14082201 -0.10720609 0.43435348
v 0.12841752 -0.11052985 0.43435348
v 0.12841752 -0.11052985 0.43435348
v 0.10790951 -0.1271925 0.43261964
v 0.11567257 -0.11610377 0.43261964
v 0.1271887 -0.10791018 0.43261964
v 0.14056982 -0.10432351 0.43261964
v 0.15436412 -0.10553036 0.43261964
v 0.16691375 -0.11138234 0.43261964
v 0.17670506 -0.12117364 0.43261964
v 0.17670506 -0.12117364 0.43261964
v 0.18255706 -0.13372327 0.43261964
v 0.18376389 -0.14751756 0.43261964
v 0.18017715 -0.16089901 0.43261964
v 0.17197137 -0.17242353 0.43261964
v 0.16089496 -0.18017787 0.43261964
v 0.14751981 -0.18376179 0.43261964
v 0.13372542 -0.18255489 0.43261964
v 0.12117581 -0.1767029 0.43261964
v 0.11138452 -0.16691162 0.43261964
v 0.1055325 -0.15436193 0.43261964
v 0.10432568 -0.14056766 0.43261964
v 0.11567257 -0.11610377 0.43326307
v 0.10790951 -0.1271925 0.43326307
v 0.10432568 -0.14056766 0.43326307
v 0.1055325 -0.15436193 0.43326307
v 0.11138452 -0.16691162 0.43326307
v 0.12117581 -0.1767029 0.43326307
v 0.13372542 -0.18255489 0.43326307
v 0.14751981 -0.18376179 0.43326307
v 0.16089496 -0.18017787 0.43326307
v 0.17197137 -0.17242353 0.43326307
v 0.18017715 -0.16089901 0.43326307
v 0.18376389 -0.14751756 0.43326307
v 0.18255706 -0.13372327 0.43326307
v 0.17670506 -0.12117364 0.43326307
v 0.17670506 -0.12117364 0.43326307
v 0.16691375 -0.11138234 0.43326307
v 0.15436412 -0.10553036 0.43326307
v 0.14056982 -0.10432351 0.43326307
v 0.1271887 -0.10791018 0.43326307
v 0.11879091 -0.11878984 0.4328906
v 0.11879091 -0.11878984 0.4328906
v 0.11167714 -0.12894936 0.4328906
v 0.11167714 -0.12894936 0.4328906
v 0.10846695 -0.14093 0.4328906
v 0.10846695 -0.14093 0.4328906
v 0.10954797 -0.15328604 0.4328906
v 0.10954797 -0.15328604 0.4328906
v 0.11478979 -0.16452719 0.4328906
v 0.11478979 -0.16452719 0.4328906
v 0.12356023 -0.17329763 0.4328906
v 0.12356023 -0.17329763 0.4328906
v 0.1348014 -0.17853947 0.4328906
v 0.1348014 -0.17853947 0.4328906
v 0.14715746 -0.1796205 0.4328906
v 0.14715746 -0.1796205 0.4328906
v 0.1591381 -0.1764103 0.4328906
v 0.1591381 -0.1764103 0.4328906
v 0.16929761 -0.16929653 0.4328906
v 0.16929761 -0.16929653 0.4328906
v 0.17641248 -0.15913592 0.4328906
v 0.17641248 -0.15913592 0.4328906
v 0.17962265 -0.14715528 0.4328906
v 0.17962265 -0.14715528 0.4328906
v 0.17854162 -0.13479923 0.4328906
v 0.17854162 -0.13479923 0.4328906
v 0.17329977 -0.12355804 0.4328906
v 0.17329977 -0.12355804 0.4328906
v 0.17329977 -0.12355804 0.4328906
v 0.17329977 -0.12355804 0.4328906
v 0.16452935 -0.11478764 0.4328906
v 0.16452935 -0.11478764 0.4328906
v 0.15328819 -0.10954579 0.4328906
v 0.15328819 -0.10954579 0.4328906
v 0.14093214 -0.1084648 0.4328906
v 0.14093214 -0.1084648 0.4328906
v 0.1289515 -0.11167499 0.4328906
v 0.1289515 -0.11167499 0.4328906
v 0.11879091 -0.11878984 0.42496437
v 0.11167714 -0.12894936 0.42496437
v 0.10846695 -0.14093 0.42496437
v 0.10954797 -0.15328604 0.42496437
v 0.11478979 -0.16452719 0.42496437
v 0.12356021 -0.17329761 0.42496437
v 0.1348014 -0.17853947 0.42496437
v 0.14715746 -0.1796205 0.42496437
v 0.1591381 -0.1764103 0.42496437
v 0.16929761 -0.16929653 0.42496437
v 0.17641248 -0.15913592 0.42496437
v 0.17962267 -0.14715527 0.42496437
v 0.17854162 -0.13479923 0.42496437
v 0.17329977 -0.12355804 0.42496437
v 0.17329977 -0.12355804 0.42496437
v 0.16452935 -0.11478764 0.42496437
v 0.15328819 -0.10954579 0.42496437
v 0.14093214 -0.1084648 0.42496437
v 0.1289515 -0.11167499 0.42496437
v 0.14404474 -0.14404272 0.42423791
v 0.11919063 -0.11918955 0.42423761
v 0.11919063 -0.11918955 0.42423761
v 0.11218946 -0.12918825 0.42423761
v 0.11218946 -0.12918825 0.42423761
v 0.10903008 -0.14097925 0.42423761
v 0.10903008 -0.14097925 0.42423761
v 0.11009398 -0.15313974 0.42423761
v 0.11009398 -0.15313974 0.42423761
v 0.11525284 -0.16420297 0.42423761
v 0.11525284 -0.16420297 0.42423761
v 0.12388445 -0.17283458 0.42423761
v 0.12388445 -0.17283458 0.42423761
v 0.1349477 -0.17799346 0.42423761
v 0.1349477 -0.17799346 0.42423761
v 0.14710821 -0.17905737 0.42423761
v 0.14710821 -0.17905737 0.42423761
v 0.15889919 -0.17589799 0.42423761
v 0.15889919 -0.17589799 0.42423761
v 0.1688979 -0.16889682 0.42423761
v 0.1688979 -0.16889682 0.42423761
v 0.17590015 -0.15889703 0.42423761
v 0.17590015 -0.15889703 0.42423761
v 0.17905952 -0.14710601 0.42423761
v 0.17905952 -0.14710601 0.42423761
v 0.17799559 -0.13494551 0.42423761
v 0.17799559 -0.13494551 0.42423761
v 0.17283672 -0.12388228 0.42423761
v 0.17283672 -0.12388228 0.42423761
v 0.17283672 -0.12388228 0.42423761
v 0.16420512 -0.11525068 0.42423761
v 0.16420512 -0.11525068 0.42423761
v 0.15314187 -0.11009181 0.42423761
v 0.15314187 -0.11009181 0.42423761
v 0.14098141 -0.10902792 0.42423761
v 0.14098141 -0.10902792 0.42423761
v 0.12919042 -0.11218731 0.42423761
v 0.12919042 -0.11218731 0.42423761
v 0.14263351 -0.23594467 -0.17636549
v 0.14263351 -0.23594467 -0.17636549
v 0.14263351 -0.23594466 -0.42748763
v 0.14263351 -0.23594466 -0.42748763
v 0.1949541 -0.19495411 -0.42748762
v 0.1949541 -0.19495411 -0.42748762
v 0.1949541 -0.19495413 -0.17636549
v 0.1949541 -0.19495413 -0.17636549
v 0.14272688 -0.23609917 -0.17525339
v 0.19508176 -0.19508179 -0.17525339
v 0.082023561 -0.26322295 -0.17636549
v 0.082023561 -0.26322295 -0.17636549
v 0.082023591 -0.26322295 -0.42748763
v 0.082023591 -0.26322295 -0.42748763
v 0.19539616 -0.19539617 -0.42840985
v 0.14295693 -0.23647964 -0.42840986
v 0.23594442 -0.14263387 -0.42748762
v 0.23594442 -0.14263387 -0.42748762
v 0.23594441 -0.14263387 -0.17636549
v 0.23594441 -0.14263387 -0.17636549
v 0.14300713 -0.23656273 -0.1743558
v 0.19546477 -0.1954648 -0.1743558
v 0.08207728 -0.26339532 -0.17525339
v 0.2360989 -0.14272727 -0.17525339
v 0.016646761 -0.27520372 -0.17636549
v 0.016646761 -0.27520372 -0.17636549
v 0.016646747 -0.27520372 -0.42748763
v 0.016646747 -0.27520372 -0.42748763
v 0.082209542 -0.26381977 -0.42840986
v 0.14520626 -0.24020046 -0.42918133
v 0.19847053 -0.19847055 -0.42918133
v 0.23647942 -0.14295727 -0.42840985
v 0.26322284 -0.082023971 -0.42748762
v 0.26322284 -0.082023971 -0.42748762
v 0.26322284 -0.082024001 -0.17636549
v 0.26322284 -0.082024001 -0.17636549
v 0.19932565 -0.19932568 -0.16838052
v 0.14583185 -0.24123538 -0.16838052
v 0.082238436 -0.26391245 -0.1743558
v 0.23656245 -0.14300753 -0.1743558
v 0.016657684 -0.2753839 -0.17525339
v 0.26339522 -0.082077704 -0.17525339
v -0.049697522 -0.27119057 -0.17636549
v -0.049697522 -0.27119057 -0.17636549
v -0.049697522 -0.27119057 -0.42748763
v -0.049697522 -0.27119057 -0.42748763
v 0.016684506 -0.27582766 -0.42840986
v 0.08350306 -0.26797079 -0.42918133
v 0.24020027 -0.14520663 -0.42918133
v 0.19942684 -0.19942686 -0.43117648
v 0.1459059 -0.24135786 -0.43117648
v 0.26381969 -0.08220996 -0.42840985
v 0.2752037 -0.016647113 -0.42748762
v 0.2752037 -0.016647113 -0.42748762
v 0.2752037 -0.016647154 -0.17636549
v 0.2752037 -0.016647154 -0.17636549
v 0.083862826 -0.26912533 -0.16838052
v 0.24123509 -0.14583232 -0.16838052
v 0.016690377 -0.27592458 -0.1743558
v 0.26391235 -0.08223886 -0.1743558
v -0.049730089 -0.27136816 -0.17525339
v 0.27538395 -0.016658062 -0.17525339
v -0.11315359 -0.25141694 -0.17636549
v -0.11315359 -0.25141694 -0.17636549
v -0.1131536 -0.25141694 -0.42748763
v -0.1131536 -0.25141694 -0.42748763
v -0.049810227 -0.27180548 -0.42840986
v 0.016947005 -0.28016765 -0.42918133
v 0.083905399 -0.26926197 -0.43117648
v 0.26797068 -0.08350347 -0.42918132
v 0.24135762 -0.14590628 -0.43117648
v 0.27582771 -0.016684873 -0.42840985
v 0.2711907 0.049697205 -0.42748761
v 0.2711907 0.049697205 -0.42748761
v 0.2711907 0.049697172 -0.17636549
v 0.2711907 0.049697172 -0.17636549
v 0.017020065 -0.28137474 -0.16838052
v 0.26912525 -0.083863191 -0.16838052
v 0.14583185 -0.24123538 -0.16515666
v 0.19932565 -0.19932568 -0.16515666
v -0.049827721 -0.27190097 -0.1743558
v 0.27592459 -0.01669077 -0.1743558
v -0.11322773 -0.25158162 -0.17525339
v 0.27136829 0.049729701 -0.17525339
v -0.17003353 -0.21703179 -0.17636549
v -0.17003353 -0.21703179 -0.17636549
v -0.17003353 -0.21703178 -0.42748762
v -0.17003353 -0.21703178 -0.42748762
v -0.17003353 -0.21703178 -0.42748762
v -0.11341015 -0.251987 -0.42840986
v -0.050593961 -0.27608217 -0.42918133
v 0.017028693 -0.28151758 -0.43117648
v 0.28016761 -0.016947387 -0.42918132
v 0.26926187 -0.083905816 -0.43117647
v 0.1459059 -0.24135786 -0.43729268
v 0.19942684 -0.19942686 -0.43729268
v 0.27180558 0.049809866 -0.42840984
v 0.25141704 0.11315326 -0.42748761
v 0.25141704 0.11315326 -0.42748761
v 0.25141704 0.11315324 -0.17636549
v 0.25141704 0.11315324 -0.17636549
v -0.050811928 -0.27727164 -0.16838052
v 0.083862826 -0.26912533 -0.16515666
v 0.28137475 -0.017020443 -0.16838052
v 0.24123509 -0.14583232 -0.16515666
v 0.19546477 -0.1954648 -0.15918138
v 0.14300713 -0.23656273 -0.15918138
v -0.11345 -0.25207551 -0.1743558
v 0.27190107 0.049827348 -0.1743558
v -0.1701449 -0.21717395 -0.17525339
v 0.25158167 0.11322734 -0.17525339
v -0.21703176 -0.17003356 -0.17636549
v -0.21703176 -0.17003356 -0.17636549
v -0.21703176 -0.17003354 -0.42748762
v -0.21703176 -0.17003354 -0.42748762
v -0.1704191 -0.21752392 -0.42840986
v -0.1704191 -0.21752392 -0.42840986
v -0.1151945 -0.25595184 -0.42918133
v -0.050837751 -0.27741243 -0.43117648
v 0.083905399 -0.26926197 -0.43729269
v 0.27608222 0.050593503 -0.42918132
v 0.28151757 -0.01702906 -0.43117647
v 0.24135762 -0.14590628 -0.43729268
v 0.14520292 -0.24019498 -0.43921793
v 0.198466 -0.19846602 -0.43921793
v 0.2519871 0.11340983 -0.42840984
v 0.21703193 0.17003329 -0.42748761
v 0.21703193 0.17003329 -0.42748761
v 0.21703193 0.17003328 -0.17636549
v 0.21703193 0.17003328 -0.17636549
v -0.11569088 -0.25705458 -0.16838052
v 0.017020065 -0.28137474 -0.16515666
v 0.082238436 -0.26391245 -0.15918138
v 0.27727175 0.050811525 -0.16838052
v 0.26912525 -0.083863191 -0.16515666
v 0.23656245 -0.14300753 -0.15918138
v 0.19508176 -0.19508179 -0.15828377
v 0.14272688 -0.23609917 -0.15828377
v -0.17047894 -0.21760035 -0.1743558
v 0.25207561 0.11344963 -0.1743558
v -0.2171739 -0.17014495 -0.17525339
v 0.21717405 0.17014462 -0.17525339
v -0.25141692 -0.11315363 -0.17636549
v -0.25141692 -0.11315363 -0.17636549
v -0.25141692 -0.11315361 -0.42748762
v -0.25141692 -0.11315361 -0.42748762
v -0.21752389 -0.17041913 -0.42840985
v -0.17310053 -0.22094642 -0.42918133
v -0.17310053 -0.22094642 -0.42918133
v -0.11574956 -0.25718515 -0.43117648
v 0.017028693 -0.28151758 -0.43729269
v 0.083501168 -0.26796465 -0.43921793
v 0.25595188 0.11519431 -0.42918131
v 0.2774125 0.050837256 -0.43117647
v 0.26926187 -0.083905816 -0.43729268
v 0.24019475 -0.14520332 -0.43921793
v 0.14196973 -0.23484659 -0.44
v 0.14196973 -0.23484659 -0.44
v 0.1940468 -0.19404681 -0.44
v 0.1940468 -0.19404681 -0.44
v 0.21752407 0.17041886 -0.42840984
v 0.17003372 0.21703158 -0.42748761
v 0.17003372 0.21703158 -0.42748761
v 0.17003372 0.21703158 -0.42748761
v 0.17003375 0.2170316 -0.17636549
v 0.17003375 0.2170316 -0.17636549
v -0.17384632 -0.22189845 -0.16838052
v -0.050811928 -0.27727164 -0.16515666
v 0.016690377 -0.27592458 -0.15918138
v 0.08207728 -0.26339532 -0.15828377
v 0.25705469 0.11569054 -0.16838052
v 0.28137475 -0.017020443 -0.16515666
v 0.26391235 -0.08223886 -0.15918138
v 0.2360989 -0.14272727 -0.15828377
v 0.1949541 -0.19495413 -0.15717166
v 0.1949541 -0.19495413 -0.15717166
v 0.14263351 -0.23594467 -0.15717166
v 0.14263351 -0.23594467 -0.15717166
v -0.21760029 -0.170479 -0.1743558
v 0.21760045 0.17047869 -0.1743558
v -0.25158158 -0.11322777 -0.17525339
v 0.17014511 0.21717371 -0.17525339
v -0.27119058 -0.04969753 -0.17636549
v -0.27119058 -0.04969753 -0.17636549
v -0.27119058 -0.049697518 -0.42748762
v -0.27119058 -0.049697518 -0.42748762
v -0.25198698 -0.11341018 -0.42840985
v -0.22094639 -0.17310056 -0.42918133
v -0.17393462 -0.22201103 -0.43117648
v -0.17393462 -0.22201103 -0.43117648
v -0.050837751 -0.27741243 -0.43729269
v 0.016946632 -0.28016125 -0.43921793
v 0.08164189 -0.26199792 -0.44
v 0.08164189 -0.26199792 -0.44
v 0.22094661 0.17310025 -0.42918131
v 0.25718513 0.11574935 -0.43117647
v 0.28151757 -0.01702906 -0.43729267
v 0.26796457 -0.08350157 -0.43921792
v 0.23484638 -0.14197008 -0.44
v 0.23484638 -0.14197008 -0.44
v 0.14126675 -0.23368376 -0.43841487
v 0.14126675 -0.23368376 -0.43841487
v 0.19308595 -0.19308597 -0.43841487
v 0.19308595 -0.19308597 -0.43841487
v 0.17041928 0.21752371 -0.42840984
v 0.17041928 0.21752371 -0.42840984
v 0.11315373 0.25141679 -0.4274876
v 0.11315373 0.25141679 -0.4274876
v 0.11315375 0.25141679 -0.17636549
v 0.11315375 0.25141679 -0.17636549
v -0.22189841 -0.17384636 -0.16838052
v -0.11569088 -0.25705458 -0.16515666
v -0.049827721 -0.27190097 -0.15918138
v 0.016657684 -0.2753839 -0.15828377
v 0.082023561 -0.26322295 -0.15717166
v 0.082023561 -0.26322295 -0.15717166
v 0.22189857 0.17384602 -0.16838052
v 0.27727175 0.050811525 -0.16515666
v 0.27592459 -0.01669077 -0.15918138
v 0.26339522 -0.082077704 -0.15828377
v 0.23594441 -0.14263387 -0.15717166
v 0.23594441 -0.14263387 -0.15717166
v -0.25207549 -0.11345004 -0.1743558
v 0.17047915 0.21760011 -0.1743558
v -0.27136818 -0.049730111 -0.17525339
v 0.11322787 0.25158145 -0.17525339
v -0.2752037 0.016646748 -0.17636549
v -0.2752037 0.016646748 -0.17636549
v -0.2752037 0.01664676 -0.42748761
v -0.2752037 0.01664676 -0.42748761
v -0.2718055 -0.049810223 -0.42840985
v -0.25595179 -0.11519452 -0.42918133
v -0.22201099 -0.17393467 -0.43117648
v -0.11574956 -0.25718515 -0.43729268
v -0.050592806 -0.27607585 -0.43921793
v 0.016569261 -0.27392294 -0.44
v 0.016569261 -0.27392294 -0.44
v 0.016569261 -0.27392294 -0.44
v 0.081237637 -0.26070066 -0.43841487
v 0.081237637 -0.26070066 -0.43841487
v 0.17310071 0.22094627 -0.42918131
v 0.17310071 0.22094627 -0.42918131
v 0.22201124 0.17393433 -0.43117646
v 0.2774125 0.050837256 -0.43729267
v 0.28016123 -0.016946999 -0.43921792
v 0.26199788 -0.081642248 -0.43999999
v 0.26199788 -0.081642248 -0.43999999
v 0.23368353 -0.14126711 -0.43841487
v 0.23368353 -0.14126711 -0.43841487
v 0.14126675 -0.23368376 -0.43419703
v 0.19308595 -0.19308597 -0.43419703
v 0.1134103 0.25198685 -0.42840984
v 0.049697716 0.27119057 -0.4274876
v 0.049697716 0.27119057 -0.4274876
v 0.049697716 0.27119057 -0.17636549
v 0.049697716 0.27119057 -0.17636549
v -0.25705454 -0.11569092 -0.16838052
v -0.17384632 -0.22189845 -0.16515666
v -0.11345 -0.25207551 -0.15918138
v -0.049730089 -0.27136816 -0.15828377
v 0.016646761 -0.27520372 -0.15717166
v 0.016646761 -0.27520372 -0.15717166
v 0.1738465 0.22189821 -0.16838052
v 0.25705469 0.11569054 -0.16515666
v 0.27190107 0.049827348 -0.15918138
v 0.27538395 -0.016658062 -0.15828377
v 0.26322284 -0.082024001 -0.15717166
v 0.26322284 -0.082024001 -0.15717166
v -0.27190095 -0.049827728 -0.1743558
v 0.11345016 0.25207539 -0.1743558
v -0.27538389 0.016657641 -0.17525339
v 0.049730245 0.27136819 -0.17525339
v -0.26322293 0.082023576 -0.17636549
v -0.26322293 0.082023576 -0.17636549
v -0.2632229 0.082023621 -0.42748761
v -0.2632229 0.082023621 -0.42748761
v -0.27582768 0.016684504 -0.42840985
v -0.27608216 -0.050593987 -0.42918132
v -0.2571851 -0.11574959 -0.43117648
v -0.17393462 -0.22201103 -0.43729268
v -0.17393462 -0.22201103 -0.43729268
v -0.11519188 -0.255946 -0.43921793
v -0.049466226 -0.26992847 -0.44
v -0.049466226 -0.26992847 -0.44
v 0.01648723 -0.27256657 -0.43841487
v 0.01648723 -0.27256657 -0.43841487
v 0.01648723 -0.27256657 -0.43841487
v 0.01648723 -0.27256657 -0.43841487
v 0.081237637 -0.26070066 -0.43419703
v 0.11519474 0.25595169 -0.42918131
v 0.17393476 0.22201087 -0.43117646
v 0.17393476 0.22201087 -0.43117646
v 0.25718513 0.11574935 -0.43729267
v 0.27607596 0.050592348 -0.43921792
v 0.27392298 -0.016569627 -0.43999999
v 0.27392298 -0.016569627 -0.43999999
v 0.26070058 -0.081238002 -0.43841487
v 0.26070058 -0.081238002 -0.43841487
v 0.23368353 -0.14126711 -0.43419703
v 0.14094026 -0.23314369 -0.43338569
v 0.14094026 -0.23314369 -0.43338569
v 0.19263972 -0.19263974 -0.43338569
v 0.19263972 -0.19263974 -0.43338569
v 0.049810413 0.27180545 -0.42840983
v -0.016646575 0.27520372 -0.4274876
v -0.016646575 0.27520372 -0.4274876
v -0.016646575 0.27520372 -0.17636549
v -0.016646575 0.27520372 -0.17636549
v -0.27727166 -0.05081198 -0.16838052
v -0.22189841 -0.17384636 -0.16515666
v -0.17047894 -0.21760035 -0.15918138
v -0.11322773 -0.25158162 -0.15828377
v -0.049697522 -0.27119057 -0.15717166
v -0.049697522 -0.27119057 -0.15717166
v 0.11569108 0.25705443 -0.16838052
v 0.22189857 0.17384602 -0.16515666
v 0.25207561 0.11344963 -0.15918138
v 0.27136829 0.049729701 -0.15828377
v 0.2752037 -0.016647154 -0.15717166
v 0.2752037 -0.016647154 -0.15717166
v -0.27592456 0.016690334 -0.1743558
v 0.049827915 0.27190094 -0.1743558
v -0.26339531 0.082077257 -0.17525339
v -0.016657483 0.27538393 -0.17525339
v -0.23594461 0.14263351 -0.17636549
v -0.23594461 0.14263351 -0.17636549
v -0.23594461 0.14263353 -0.42748761
v -0.23594461 0.14263353 -0.42748761
v -0.26381975 0.082209602 -0.42840984
v -0.28016758 0.016947033 -0.42918132
v -0.27741241 -0.050837763 -0.43117647
v -0.22201099 -0.17393467 -0.43729268
v -0.17309661 -0.22094139 -0.43921793
v -0.17309661 -0.22094139 -0.43921793
v -0.11262698 -0.25024687 -0.44
v -0.11262698 -0.25024687 -0.44
v -0.049221318 -0.26859196 -0.43841487
v -0.049221318 -0.26859196 -0.43841487
v 0.01648723 -0.27256657 -0.43419703
v 0.01648723 -0.27256657 -0.43419703
v 0.081049882 -0.26009817 -0.4333857
v 0.081049882 -0.26009817 -0.4333857
v 0.050594125 0.27608208 -0.42918131
v 0.1157498 0.25718497 -0.43117646
v 0.22201124 0.17393433 -0.43729267
v 0.25594604 0.11519168 -0.43921791
v 0.26992863 0.04946588 -0.43999999
v 0.26992863 0.04946588 -0.43999999
v 0.27256662 -0.016487567 -0.43841486
v 0.27256662 -0.016487567 -0.43841486
v 0.26070058 -0.081238002 -0.43419703
v 0.23314346 -0.14094064 -0.43338569
v 0.23314346 -0.14094064 -0.43338569
v 4.76883e-08 -8.8195375e-08 -0.43338568
v -0.01668432 0.27582769 -0.42840983
v -0.082023427 0.26322298 -0.4274876
v -0.082023427 0.26322298 -0.4274876
v -0.082023427 0.26322298 -0.17636549
v -0.082023427 0.26322298 -0.17636549
v -0.28137472 0.017020037 -0.16838052
v -0.25705454 -0.11569092 -0.16515666
v -0.21760029 -0.170479 -0.15918138
v -0.1701449 -0.21717395 -0.15828377
v -0.11315359 -0.25141694 -0.15717166
v -0.11315359 -0.25141694 -0.15717166
v 0.050812121 0.27727161 -0.16838052
v 0.1738465 0.22189821 -0.16515666
v 0.21760045 0.17047869 -0.15918138
v 0.25158167 0.11322734 -0.15828377
v 0.2711907 0.049697172 -0.15717166
v 0.2711907 0.049697172 -0.15717166
v -0.26391244 0.082238428 -0.1743558
v -0.016690191 0.27592461 -0.1743558
v -0.23609908 0.14272691 -0.17525339
v -0.082077146 0.26339535 -0.17525339
v -0.19495404 0.19495413 -0.17636549
v -0.19495404 0.19495413 -0.17636549
v -0.19495404 0.19495413 -0.17636549
v -0.19495404 0.19495413 -0.17636549
v -0.19495401 0.19495411 -0.42748761
v -0.19495401 0.19495411 -0.42748761
v -0.19495401 0.19495411 -0.42748761
v -0.23647957 0.14295694 -0.42840984
v -0.26797074 0.08350309 -0.42918132
v -0.28151757 0.017028691 -0.43117647
v -0.2571851 -0.11574959 -0.43729268
v -0.22094136 -0.17309664 -0.43921793
v -0.16924226 -0.21602179 -0.44
v -0.16924226 -0.21602179 -0.44
v -0.16924226 -0.21602179 -0.44
v -0.11206929 -0.24900776 -0.43841487
v -0.11206929 -0.24900776 -0.43841487
v -0.049221318 -0.26859196 -0.43419703
v 0.016449142 -0.27193667 -0.4333857
v 0.016449142 -0.27193667 -0.4333857
v 0.016449142 -0.27193667 -0.4333857
v -0.016946834 0.28016765 -0.42918131
v 0.050837908 0.27741234 -0.43117646
v 0.17393476 0.22201087 -0.43729266
v 0.17393476 0.22201087 -0.43729266
v 0.22094159 0.1730963 -0.43921791
v 0.25024694 0.11262666 -0.43999999
v 0.25024694 0.11262666 -0.43999999
v 0.26859209 0.049220972 -0.43841486
v 0.26859209 0.049220972 -0.43841486
v 0.27256662 -0.016487567 -0.43419702
v 0.2600981 -0.081050247 -0.43338569
v 0.2600981 -0.081050247 -0.43338569
v -0.082209401 0.26381983 -0.42840983
v -0.14263339 0.23594469 -0.4274876
v -0.14263339 0.23594469 -0.4274876
v -0.14263339 0.23594467 -0.17636549
v -0.14263339 0.23594467 -0.17636549
v -0.26912534 0.083862774 -0.16838052
v -0.27727166 -0.05081198 -0.16515666
v -0.25207549 -0.11345004 -0.15918138
v -0.2171739 -0.17014495 -0.15828377
v -0.17003353 -0.21703179 -0.15717166
v -0.17003353 -0.21703179 -0.15717166
v -0.017019849 0.28137477 -0.16838052
v 0.11569108 0.25705443 -0.16515666
v 0.17047915 0.21760011 -0.15918138
v 0.21717405 0.17014462 -0.15828377
v 0.25141704 0.11315324 -0.15717166
v 0.25141704 0.11315324 -0.15717166
v -0.23656264 0.14300716 -0.1743558
v -0.082238302 0.26391248 -0.1743558
v -0.19508176 0.19508184 -0.17525339
v -0.19508176 0.19508184 -0.17525339
v -0.14272679 0.23609917 -0.17525339
v -0.19539604 0.19539614 -0.42840984
v -0.24020042 0.14520627 -0.42918131
v -0.2692619 0.083905429 -0.43117647
v -0.27741241 -0.050837763 -0.43729268
v -0.25594598 -0.11519191 -0.43921792
v -0.21602178 -0.16924228 -0.44
v -0.21602178 -0.16924228 -0.44
v -0.16840425 -0.21495216 -0.43841487
v -0.16840425 -0.21495216 -0.43841487
v -0.11206929 -0.24900776 -0.43419703
v -0.049107548 -0.26797117 -0.4333857
v -0.049107548 -0.26797117 -0.4333857
v -0.083502918 0.26797085 -0.42918131
v -0.017028492 0.28151761 -0.43117646
v 0.1157498 0.25718497 -0.43729266
v 0.17309673 0.22094122 -0.43921791
v 0.17309673 0.22094122 -0.43921791
v 0.21602191 0.16924199 -0.43999998
v 0.21602191 0.16924199 -0.43999998
v 0.24900787 0.11206899 -0.43841486
v 0.24900787 0.11206899 -0.43841486
v 0.26859209 0.049220972 -0.43419702
v 0.27193671 -0.01644945 -0.43338568
v 0.27193671 -0.01644945 -0.43338568
v -0.14295682 0.23647968 -0.42840984
v -0.24123527 0.14583193 -0.16838052
v -0.28137472 0.017020037 -0.16515666
v -0.27190095 -0.049827728 -0.15918138
v -0.25158158 -0.11322777 -0.15828377
v -0.21703176 -0.17003356 -0.15717166
v -0.21703176 -0.17003356 -0.15717166
v -0.083862692 0.26912539 -0.16838052
v 0.050812121 0.27727161 -0.16515666
v 0.11345016 0.25207539 -0.15918138
v 0.17014511 0.21717371 -0.15828377
v 0.21703193 0.17003328 -0.15717166
v 0.21703193 0.17003328 -0.15717166
v -0.1954647 0.19546479 -0.1743558
v -0.1954647 0.19546479 -0.1743558
v -0.14300703 0.23656274 -0.1743558
v -0.19847043 0.19847056 -0.42918131
v -0.24135777 0.14590593 -0.43117646
v -0.28151757 0.017028691 -0.43729267
v -0.27607584 -0.050592817 -0.43921792
v -0.25024685 -0.11262701 -0.44
v -0.25024685 -0.11262701 -0.44
v -0.21495214 -0.16840427 -0.43841487
v -0.21495214 -0.16840427 -0.43841487
v -0.16840425 -0.21495216 -0.43419703
v -0.11181034 -0.24843234 -0.43338569
v -0.11181034 -0.24843234 -0.43338569
v -0.14520611 0.24020046 -0.42918131
v -0.083905257 0.269262 -0.43117646
v 0.050837908 0.27741234 -0.43729266
v 0.11519212 0.25594585 -0.43921791
v 0.16924243 0.21602157 -0.43999998
v 0.16924243 0.21602157 -0.43999998
v 0.16924243 0.21602157 -0.43999998
v 0.21495228 0.16840398 -0.43841485
v 0.21495228 0.16840398 -0.43841485
v 0.24900787 0.11206899 -0.43419702
v 0.26797134 0.049107224 -0.43338568
v 0.26797134 0.049107224 -0.43338568
v -0.19932559 0.19932571 -0.16838052
v -0.19932559 0.19932571 -0.16838052
v -0.26912534 0.083862774 -0.16515666
v -0.27592456 0.016690334 -0.15918138
v -0.27136818 -0.049730111 -0.15828377
v -0.25141692 -0.11315363 -0.15717166
v -0.25141692 -0.11315363 -0.15717166
v -0.14583172 0.24123533 -0.16838052
v -0.017019849 0.28137477 -0.16515666
v 0.049827915 0.27190094 -0.15918138
v 0.11322787 0.25158145 -0.15828377
v 0.17003375 0.2170316 -0.15717166
v 0.17003375 0.2170316 -0.15717166
v -0.19942671 0.19942684 -0.43117646
v -0.2692619 0.083905429 -0.43729267
v -0.28016123 0.016946645 -0.43921792
v -0.26992849 -0.049466223 -0.43999999
v -0.26992849 -0.049466223 -0.43999999
v -0.24900773 -0.11206932 -0.43841487
v -0.24900773 -0.11206932 -0.43841487
v -0.21495214 -0.16840427 -0.43419703
v -0.16801503 -0.21445535 -0.43338569
v -0.16801503 -0.21445535 -0.43338569
v -0.14590578 0.24135786 -0.43117646
v -0.017028492 0.28151761 -0.43729266
v 0.05059297 0.27607583 -0.43921791
v 0.11262718 0.25024675 -0.43999998
v 0.11262718 0.25024675 -0.43999998
v 0.16840442 0.21495193 -0.43841485
v 0.16840442 0.21495193 -0.43841485
v 0.21495228 0.16840398 -0.43419702
v 0.24843238 0.11180999 -0.43338568
v 0.24843238 0.11180999 -0.43338568
v -0.24123527 0.14583193 -0.16515666
v -0.26391244 0.082238428 -0.15918138
v -0.27538389 0.016657641 -0.15828377
v -0.27119058 -0.04969753 -0.15717166
v -0.27119058 -0.04969753 -0.15717166
v -0.083862692 0.26912539 -0.16515666
v -0.016690191 0.27592461 -0.15918138
v 0.049730245 0.27136819 -0.15828377
v 0.11315375 0.25141679 -0.15717166
v 0.11315375 0.25141679 -0.15717166
v -0.24135777 0.14590593 -0.43729267
v -0.2679646 0.083501212 -0.43921792
v -0.27392292 0.016569259 -0.43999999
v -0.27392292 0.016569259 -0.43999999
v -0.26859194 -0.049221322 -0.43841486
v -0.26859194 -0.049221322 -0.43841486
v -0.24900773 -0.11206932 -0.43419703
v -0.21445534 -0.16801505 -0.43338569
v -0.21445534 -0.16801505 -0.43338569
v -0.083905257 0.269262 -0.43729266
v -0.016946446 0.28016125 -0.43921791
v 0.04946645 0.2699285 -0.43999998
v 0.04946645 0.2699285 -0.43999998
v 0.11206949 0.24900763 -0.43841485
v 0.11206949 0.24900763 -0.43841485
v 0.16840442 0.21495193 -0.43419701
v 0.2144555 0.16801479 -0.43338568
v 0.2144555 0.16801479 -0.43338568
v -0.19932559 0.19932571 -0.16515666
v -0.19932559 0.19932571 -0.16515666
v -0.23656264 0.14300716 -0.15918138
v -0.26339531 0.082077257 -0.15828377
v -0.2752037 0.016646748 -0.15717166
v -0.2752037 0.016646748 -0.15717166
v -0.14583172 0.24123533 -0.16515666
v -0.082238302 0.26391248 -0.15918138
v -0.016657483 0.27538393 -0.15828377
v 0.049697716 0.27119057 -0.15717166
v 0.049697716 0.27119057 -0.15717166
v -0.19942671 0.19942684 -0.43729266
v -0.24019493 0.14520296 -0.43921791
v -0.26199791 0.081641875 -0.43999999
v -0.26199791 0.081641875 -0.43999999
v -0.27256656 0.016487258 -0.43841486
v -0.27256656 0.016487258 -0.43841486
v -0.26859194 -0.049221322 -0.43419702
v -0.24843231 -0.11181037 -0.43338569
v -0.24843231 -0.11181037 -0.43338569
v -0.14590578 0.24135786 -0.43729266
v -0.083501004 0.26796471 -0.43921791
v -0.016569104 0.27392296 -0.43999998
v -0.016569104 0.27392296 -0.43999998
v -0.016569104 0.27392296 -0.43999998
v 0.049221512 0.26859193 -0.43841485
v 0.049221512 0.26859193 -0.43841485
v 0.11206949 0.24900763 -0.43419701
v 0.16801523 0.21445516 -0.43338567
v 0.16801523 0.21445516 -0.43338567
v -0.1954647 0.19546479 -0.15918138
v -0.1954647 0.19546479 -0.15918138
v -0.23609908 0.14272691 -0.15828377
v -0.26322293 0.082023576 -0.15717166
v -0.26322293 0.082023576 -0.15717166
v -0.14300703 0.23656274 -0.15918138
v -0.082077146 0.26339535 -0.15828377
v -0.016646575 0.27520372 -0.15717166
v -0.016646575 0.27520372 -0.15717166
v -0.19846591 0.19846605 -0.43921791
v -0.23484653 0.14196973 -0.43999998
v -0.23484653 0.14196973 -0.43999998
v -0.26070064 0.081237629 -0.43841486
v -0.26070064 0.081237629 -0.43841486
v -0.27256656 0.016487258 -0.43419702
v -0.26797116 -0.049107566 -0.43338569
v -0.26797116 -0.049107566 -0.43338569
v -0.1452028 0.24019498 -0.43921791
v -0.081641711 0.26199798 -0.43999998
v -0.081641711 0.26199798 -0.43999998
v -0.016487073 0.27256663 -0.43841485
v -0.016487073 0.27256663 -0.43841485
v -0.016487073 0.27256663 -0.43841485
v -0.016487073 0.27256663 -0.43841485
v 0.049221512 0.26859193 -0.43419701
v 0.11181048 0.24843214 -0.43338567
v 0.11181048 0.24843214 -0.43338567
v -0.19508176 0.19508184 -0.15828377
v -0.19508176 0.19508184 -0.15828377
v -0.23594461 0.14263351 -0.15717166
v -0.23594461 0.14263351 -0.15717166
v -0.14272679 0.23609917 -0.15828377
v -0.082023427 0.26322298 -0.15717166
v -0.082023427 0.26322298 -0.15717166
v -0.19404674 0.19404684 -0.43999998
v -0.19404674 0.19404684 -0.43999998
v -0.23368369 0.14126676 -0.43841486
v -0.23368369 0.14126676 -0.43841486
v -0.26070064 0.081237629 -0.43419702
v -0.27193666 0.01644914 -0.43338568
v -0.27193666 0.01644914 -0.43338568
v -0.14196958 0.23484659 -0.43999998
v -0.14196958 0.23484659 -0.43999998
v -0.081237473 0.26070069 -0.43841485
v -0.081237473 0.26070069 -0.43841485
v -0.016487073 0.27256663 -0.43419701
v -0.016487073 0.27256663 -0.43419701
v 0.049107794 0.2679712 -0.43338567
v 0.049107794 0.2679712 -0.43338567
v -0.19495404 0.19495413 -0.15717166
v -0.19495404 0.19495413 -0.15717166
v -0.19495404 0.19495413 -0.15717166
v -0.19495404 0.19495413 -0.15717166
v -0.14263339 0.23594467 -0.15717166
v -0.14263339 0.23594467 -0.15717166
v -0.19308592 0.19308603 -0.43841485
v -0.19308592 0.19308603 -0.43841485
v -0.23368369 0.14126676 -0.43419702
v -0.26009813 0.081049897 -0.43338568
v -0.26009813 0.081049897 -0.43338568
v -0.14126666 0.23368379 -0.43841485
v -0.14126666 0.23368379 -0.43841485
v -0.081237473 0.26070069 -0.43419701
v -0.016448956 0.27193673 -0.43338567
v -0.016448956 0.27193673 -0.43338567
v -0.016448956 0.27193673 -0.43338567
v -0.19308592 0.19308603 -0.43419701
v -0.23314363 0.14094029 -0.43338568
v -0.23314363 0.14094029 -0.43338568
v -0.14126666 0.23368379 -0.43419701
v -0.081049725 0.26009823 -0.43338567
v -0.081049725 0.26009823 -0.43338567
v -0.19263968 0.19263978 -0.43338568
v -0.19263968 0.19263978 -0.43338568
v -0.14094017 0.23314375 -0.43338567
v -0.14094017 0.23314375 -0.43338567
v 0.11123944 -0.12874526 0.43381334
v 0.10798581 -0.14088789 0.43381334
v 0.10908148 -0.15341106 0.43381334
v 0.11439417 -0.16480421 0.43381334
v 0.1232832 -0.17369325 0.43381334
v 0.13467638 -0.17900597 0.43381334
v 0.14719954 -0.1801016 0.43381334
v 0.15934218 -0.17684801 0.43381334
v 0.16962008 -0.16965435 0.43381286
v 0.17685018 -0.15934001 0.43381334
v 0.18010375 -0.14719734 0.43381334
v 0.17900811 -0.13467421 0.43381334
v 0.1736954 -0.12328103 0.43381334
v 0.1736954 -0.12328103 0.43381334
v 0.16480637 -0.114392 0.43381334
v 0.15341319 -0.10907929 0.43381334
v 0.14089003 -0.10798366 0.43381334
v 0.11843378 -0.11846642 0.43381292
v 0.1287474 -0.11123728 0.43381334
v -0.14312577 0.14312777 0.43240393
v -0.14312577 0.14312777 0.43240393
v -0.14863315 0.13995069 0.43220813
v -0.14863315 0.13995069 0.43220813
v -0.15465623 0.13833681 0.43220813
v -0.15465623 0.13833681 0.43220813
v -0.16086808 0.13888028 0.43220813
v -0.16086808 0.13888028 0.43220813
v -0.16651943 0.14151555 0.43220813
v -0.16651943 0.14151555 0.43220813
v -0.17092864 0.14592476 0.43220813
v -0.17092864 0.14592476 0.43220813
v -0.1735639 0.1515761 0.43220813
v -0.1735639 0.1515761 0.43220813
v -0.17410737 0.15778795 0.43220813
v -0.17410737 0.15778795 0.43220813
v -0.17410737 0.15778795 0.43220813
v -0.17410737 0.15778795 0.43220813
v -0.17249349 0.16381103 0.43220813
v -0.17249349 0.16381103 0.43220813
v -0.16891693 0.16891892 0.43220813
v -0.16891693 0.16891892 0.43220813
v -0.16380903 0.17249548 0.43220813
v -0.16380903 0.17249548 0.43220813
v -0.15778594 0.17410938 0.43220813
v -0.15778594 0.17410938 0.43220813
v -0.15157409 0.17356591 0.43220813
v -0.15157409 0.17356591 0.43220813
v -0.14592275 0.17093065 0.43220813
v -0.14592275 0.17093065 0.43220813
v -0.14151354 0.16652144 0.43220813
v -0.14151354 0.16652144 0.43220813
v -0.13887829 0.16087011 0.43220813
v -0.13887829 0.16087011 0.43220813
v -0.13833481 0.15465826 0.43220813
v -0.13833481 0.15465826 0.43220813
v -0.13943665 0.14839639 0.43240393
v -0.13943665 0.14839639 0.43240393
v -0.14312577 0.14312777 0.43887711
v -0.14312577 0.14312777 0.43887711
v -0.14839438 0.13943866 0.43887711
v -0.14839438 0.13943866 0.43887711
v -0.154607 0.13777399 0.43887711
v -0.154607 0.13777399 0.43887711
v -0.16101432 0.13833457 0.43887711
v -0.16101432 0.13833457 0.43887711
v -0.16684349 0.14105274 0.43887711
v -0.16684349 0.14105274 0.43887711
v -0.17139144 0.14560069 0.43887711
v -0.17139144 0.14560069 0.43887711
v -0.17410962 0.15142988 0.43887711
v -0.17410962 0.15142988 0.43887711
v -0.17467019 0.15783718 0.43887711
v -0.17467019 0.15783718 0.43887711
v -0.17467019 0.15783718 0.43887711
v -0.17300552 0.1640498 0.43887711
v -0.17300552 0.1640498 0.43887711
v -0.16931643 0.16931842 0.43887711
v -0.16931643 0.16931842 0.43887711
v -0.16404781 0.17300752 0.43887711
v -0.16404781 0.17300752 0.43887711
v -0.1578352 0.1746722 0.43887711
v -0.1578352 0.1746722 0.43887711
v -0.15142788 0.17411165 0.43887711
v -0.15142788 0.17411165 0.43887711
v -0.14559869 0.17139344 0.43887711
v -0.14559869 0.17139344 0.43887711
v -0.14105076 0.1668455 0.43887711
v -0.14105076 0.1668455 0.43887711
v -0.13833256 0.16101633 0.43887711
v -0.13833256 0.16101633 0.43887711
v -0.13777198 0.15460901 0.43887711
v -0.13777198 0.15460901 0.43887711
v -0.13943665 0.14839639 0.43887711
v -0.13943665 0.14839639 0.43887711
v -0.15622109 0.15622309 0.44
v -0.1437638 0.14376579 0.43918974
v -0.14877571 0.14025642 0.43918974
v -0.15468565 0.13867286 0.43918974
v -0.16078077 0.1392061 0.43918974
v -0.16632594 0.14179187 0.43918974
v -0.17065232 0.14611824 0.43918974
v -0.17323808 0.15166341 0.43918974
v -0.17377132 0.15775853 0.43918974
v -0.17218776 0.16366847 0.43918974
v -0.16867839 0.16868038 0.43918974
v -0.16366647 0.17218976 0.43918974
v -0.15775655 0.17377333 0.43918974
v -0.15166141 0.17324008 0.43918974
v -0.14611624 0.17065431 0.43918974
v -0.14178987 0.16632797 0.43918974
v -0.13920413 0.1607828 0.43918974
v -0.13867085 0.15468766 0.43918974
v -0.14025441 0.14877772 0.43918974
v -0.14448799 0.14448999 0.43220813
v -0.14448799 0.14448999 0.43220813
v -0.14920855 0.14118463 0.43220813
v -0.14920855 0.14118463 0.43220813
v -0.1547749 0.13969311 0.43220813
v -0.1547749 0.13969311 0.43220813
v -0.16051571 0.14019538 0.43220813
v -0.16051571 0.14019538 0.43220813
v -0.16573851 0.1426308 0.43220813
v -0.16573851 0.1426308 0.43220813
v -0.16981338 0.14670567 0.43220813
v -0.16981338 0.14670567 0.43220813
v -0.17224881 0.15192848 0.43220813
v -0.17224881 0.15192848 0.43220813
v -0.17275107 0.15766928 0.43220813
v -0.17275107 0.15766928 0.43220813
v -0.17275107 0.15766928 0.43220813
v -0.17275107 0.15766928 0.43220813
v -0.17125957 0.16323565 0.43220813
v -0.17125957 0.16323565 0.43220813
v -0.16795419 0.16795619 0.43220813
v -0.16795419 0.16795619 0.43220813
v -0.16323365 0.17126156 0.43220813
v -0.16323365 0.17126156 0.43220813
v -0.15766728 0.17275307 0.43220813
v -0.15766728 0.17275307 0.43220813
v -0.15192649 0.17225081 0.43220813
v -0.15192649 0.17225081 0.43220813
v -0.14670368 0.16981538 0.43220813
v -0.14670368 0.16981538 0.43220813
v -0.14262882 0.16574052 0.43220813
v -0.14262882 0.16574052 0.43220813
v -0.14019337 0.16051772 0.43220813
v -0.14019337 0.16051772 0.43220813
v -0.1396911 0.15477692 0.43220813
v -0.1396911 0.15477692 0.43220813
v -0.14118262 0.14921056 0.43220813
v -0.14118262 0.14921056 0.43220813
v -0.14448799 0.14448999 0.42982543
v -0.14920855 0.14118463 0.42982543
v -0.1547749 0.13969311 0.42982543
v -0.16051571 0.14019538 0.42982543
v -0.16573851 0.1426308 0.42982543
v -0.16981338 0.14670567 0.42982543
v -0.17224881 0.15192848 0.42982543
v -0.17275107 0.15766928 0.42982543
v -0.17275107 0.15766928 0.42982543
v -0.17125957 0.16323565 0.42982543
v -0.16795419 0.16795619 0.42982543
v -0.16323365 0.17126156 0.42982543
v -0.15766728 0.17275307 0.42982543
v -0.15192649 0.17225081 0.42982543
v -0.14670368 0.16981538 0.42982543
v -0.1426288 0.16574053 0.42982543
v -0.14019337 0.16051772 0.42982543
v -0.1396911 0.15477692 0.42982543
v -0.14118262 0.14921056 0.42982543
v -0.14352527 0.14352727 0.43220813
v -0.14352527 0.14352727 0.43220813
v -0.14839438 0.13943866 0.43240393
v -0.14839438 0.13943866 0.43240393
v -0.154607 0.13777399 0.43240393
v -0.154607 0.13777399 0.43240393
v -0.16101432 0.13833457 0.43240393
v -0.16101432 0.13833457 0.43240393
v -0.16684349 0.14105274 0.43240393
v -0.16684349 0.14105274 0.43240393
v -0.17139144 0.14560069 0.43240393
v -0.17139144 0.14560069 0.43240393
v -0.17410962 0.15142988 0.43240393
v -0.17410962 0.15142988 0.43240393
v -0.17467019 0.15783718 0.43240393
v -0.17467019 0.15783718 0.43240393
v -0.17467019 0.15783718 0.43240393
v -0.17467019 0.15783718 0.43240393
v -0.17300552 0.1640498 0.43240393
v -0.17300552 0.1640498 0.43240393
v -0.16931643 0.16931842 0.43240393
v -0.16931643 0.16931842 0.43240393
v -0.16404781 0.17300752 0.43240393
v -0.16404781 0.17300752 0.43240393
v -0.1578352 0.1746722 0.43240393
v -0.1578352 0.1746722 0.43240393
v -0.15142788 0.17411165 0.43240393
v -0.15142788 0.17411165 0.43240393
v -0.14559869 0.17139344 0.43240393
v -0.14559869 0.17139344 0.43240393
v -0.14105076 0.1668455 0.43240393
v -0.14105076 0.1668455 0.43240393
v -0.13833256 0.16101633 0.43240393
v -0.13833256 0.16101633 0.43240393
v -0.13777198 0.15460901 0.43240393
v -0.13777198 0.15460901 0.43240393
v -0.13994868 0.14863516 0.43220813
v -0.13994868 0.14863516 0.43220813
v -0.14870813 0.14871013 0.44
v -0.15173081 0.14659363 0.44
v -0.15529506 0.1456386 0.44
v -0.15897103 0.1459602 0.44
v -0.16231531 0.14751968 0.44
v -0.16492452 0.15012889 0.44
v -0.16648398 0.15347315 0.44
v -0.1668056 0.15714914 0.44
v -0.16585056 0.16071339 0.44
v -0.16373405 0.16373605 0.44
v -0.16071139 0.16585256 0.44
v -0.15714712 0.16680761 0.44
v -0.15347117 0.166486 0.44
v -0.15012687 0.16492653 0.44
v -0.14751767 0.16231732 0.44
v -0.1459582 0.15897302 0.44
v -0.1456366 0.15529709 0.44
v -0.14659163 0.1517328 0.44
v 0.16514605 -0.16514406 0.42409522
v 0.16069128 -0.16826333 0.42409522
v 0.1554383 -0.16967088 0.42409522
v 0.1500207 -0.16919689 0.42409522
v 0.14509194 -0.16689856 0.42409522
v 0.1412465 -0.16305313 0.42409522
v 0.13894817 -0.15812436 0.42409522
v 0.13847418 -0.15270676 0.42409522
v 0.13988172 -0.14745377 0.42409522
v 0.14300101 -0.14299901 0.42409522
v 0.14745577 -0.13987972 0.42409522
v 0.14745577 -0.13987972 0.42409522
v 0.15270875 -0.13847218 0.42409522
v 0.15812635 -0.13894618 0.42409522
v 0.16305512 -0.1412445 0.42409522
v 0.16690056 -0.14508994 0.42409522
v 0.16919889 -0.15001871 0.42409522
v 0.16967285 -0.15543628 0.42409522
v 0.16826534 -0.16068926 0.42409522
v 0.16514605 -0.16514406 0.42973406
v 0.16514605 -0.16514406 0.42973406
v 0.16069128 -0.16826333 0.42973406
v 0.16069128 -0.16826333 0.42973406
v 0.1554383 -0.16967088 0.42973406
v 0.1554383 -0.16967088 0.42973406
v 0.1500207 -0.16919689 0.42973406
v 0.1500207 -0.16919689 0.42973406
v 0.14509194 -0.16689856 0.42973406
v 0.14509194 -0.16689856 0.42973406
v 0.1412465 -0.16305313 0.42973406
v 0.1412465 -0.16305313 0.42973406
v 0.13894817 -0.15812436 0.42973406
v 0.13894817 -0.15812436 0.42973406
v 0.13847418 -0.15270676 0.42973406
v 0.13847418 -0.15270676 0.42973406
v 0.13988172 -0.14745377 0.42973406
v 0.13988172 -0.14745377 0.42973406
v 0.14300101 -0.14299901 0.42973406
v 0.14300101 -0.14299901 0.42973406
v 0.14745577 -0.13987972 0.42973406
v 0.14745577 -0.13987972 0.42973406
v 0.14745577 -0.13987972 0.42973406
v 0.15270875 -0.13847218 0.42973406
v 0.15270875 -0.13847218 0.42973406
v 0.15812635 -0.13894618 0.42973406
v 0.15812635 -0.13894618 0.42973406
v 0.16305512 -0.1412445 0.42973406
v 0.16305512 -0.1412445 0.42973406
v 0.16690056 -0.14508994 0.42973406
v 0.16690056 -0.14508994 0.42973406
v 0.16919889 -0.15001871 0.42973406
v 0.16919889 -0.15001871 0.42973406
v 0.16967285 -0.15543628 0.42973406
v 0.16967285 -0.15543628 0.42973406
v 0.16826534 -0.16068926 0.42973406
v 0.16826534 -0.16068926 0.42973406
v 0.15407352 -0.15407152 0.4299984
v 0.16460659 -0.16460459 0.4299984
v 0.16460659 -0.16460459 0.4299984
v 0.16036883 -0.16757187 0.4299984
v 0.16036883 -0.16757187 0.4299984
v 0.15537181 -0.16891086 0.4299984
v 0.15537181 -0.16891086 0.4299984
v 0.15021816 -0.16845995 0.4299984
v 0.15021816 -0.16845995 0.4299984
v 0.14552954 -0.16627362 0.4299984
v 0.14552954 -0.16627362 0.4299984
v 0.14187144 -0.16261552 0.4299984
v 0.14187144 -0.16261552 0.4299984
v 0.13968509 -0.15792689 0.4299984
v 0.13968509 -0.15792689 0.4299984
v 0.1392342 -0.15277325 0.4299984
v 0.1392342 -0.15277325 0.4299984
v 0.14057317 -0.14777622 0.4299984
v 0.14057317 -0.14777622 0.4299984
v 0.14354046 -0.14353846 0.4299984
v 0.14354046 -0.14353846 0.4299984
v 0.14777821 -0.14057118 0.4299984
v 0.14777821 -0.14057118 0.4299984
v 0.15277524 -0.1392322 0.4299984
v 0.15277524 -0.1392322 0.4299984
v 0.15792888 -0.1396831 0.4299984
v 0.15792888 -0.1396831 0.4299984
v 0.16261752 -0.14186944 0.4299984
v 0.16261752 -0.14186944 0.4299984
v 0.16627562 -0.14552754 0.4299984
v 0.16627562 -0.14552754 0.4299984
v 0.16846196 -0.15021615 0.4299984
v 0.16846196 -0.15021615 0.4299984
v 0.16891283 -0.15536979 0.4299984
v 0.16891283 -0.15536979 0.4299984
v 0.16757388 -0.16036682 0.4299984
v 0.16757388 -0.16036682 0.4299984
vt 0.35140589 0.46429217
vt 0.35140589 0.46429217
vt 0.88036627 0.97758901
vt 0.49284893 0.46429181
vt 0.91802442 0.97758901
vt 0.49284944 0.50196725
vt 0.35140619 0.50196779
vt 0.35140619 0.50196779
vt 0.35077336 0.46429217
vt 0.35077381 0.50196779
vt 0.35140499 0.42661989
vt 0.35140499 0.42661989
vt 0.84270895 0.97758925
vt 0.49284801 0.42661989
vt 0.91802442 0.97696269
vt 0.88036627 0.97696269
vt 0.95568228 0.97758901
vt 0.49284914 0.53964496
vt 0.35140613 0.53964531
vt 0.35140613 0.53964531
vt 0.35018671 0.46429157
vt 0.35018688 0.50196779
vt 0.35077271 0.42661929
vt 0.35077357 0.53964579
vt 0.35140356 0.38895118
vt 0.35140356 0.38895118
vt 0.80505162 0.97758925
vt 0.49284655 0.38895118
vt 0.84270895 0.97696304
vt 0.88036627 0.97449315
vt 0.9934426 0.50493366
vt 0.91802442 0.97449279
vt 0.9934426 0.46673262
vt 0.95568228 0.97696269
vt 0.50513101 0.99095082
vt 0.99334079 0.97758877
vt 0.49284834 0.57732427
vt 0.35140535 0.57732403
vt 0.35140535 0.57732403
vt 0.34564605 0.50196725
vt 0.34564582 0.46429127
vt 0.35018587 0.4266187
vt 0.35018677 0.53964627
vt 0.35077095 0.38894987
vt 0.35077301 0.57732463
vt 0.35140181 0.35128593
vt 0.35140181 0.35128593
vt 0.4928447 0.35128653
vt 0.76739544 0.97758901
vt 0.80505162 0.97696304
vt 0.84270895 0.97449315
vt 0.9934426 0.54313868
vt 0.95568228 0.97449279
vt 0.9934426 0.42853487
vt 0.99208635 0.46673262
vt 0.99208635 0.50493366
vt 0.50513101 0.99032456
vt 0.99334079 0.97696269
vt 0.54278922 0.99095082
vt 0.49284706 0.61499971
vt 0.35140392 0.61500007
vt 0.35140392 0.61500007
vt 0.34564516 0.42661762
vt 0.34564605 0.53964627
vt 0.35018399 0.3889488
vt 0.35018641 0.57732558
vt 0.3507694 0.35128415
vt 0.35077119 0.61500067
vt 0.35139939 0.31362444
vt 0.35139939 0.31362444
vt 0.49284217 0.31362534
vt 0.72973996 0.97758865
vt 0.76739544 0.97696269
vt 0.80505162 0.97449315
vt 0.9934426 0.58134907
vt 0.99208635 0.54313868
vt 0.50513101 0.98785466
vt 0.98182487 0.88838524
vt 0.99334079 0.97449279
vt 0.9934426 0.39033818
vt 0.99208635 0.42853487
vt 0.54278922 0.99032456
vt 0.58044702 0.99095058
vt 0.49284512 0.65267181
vt 0.35140216 0.65267229
vt 0.35140216 0.65267229
vt 0.34564298 0.38894761
vt 0.34564552 0.57732654
vt 0.34383389 0.46429086
vt 0.34383407 0.50196725
vt 0.35018298 0.35128176
vt 0.35018435 0.61500233
vt 0.35076734 0.31362152
vt 0.35076994 0.65267372
vt 0.35139558 0.27596784
vt 0.35139558 0.27596784
vt 0.49283892 0.27596974
vt 0.69208568 0.97758865
vt 0.72973996 0.97696257
vt 0.76739544 0.97449279
vt 0.99344224 0.61956584
vt 0.99208635 0.58134907
vt 0.54278922 0.98785466
vt 0.98182487 0.85018867
vt 0.98046887 0.88838524
vt 0.99208635 0.39033818
vt 0.98863727 0.50493366
vt 0.98863727 0.46673262
vt 0.58044702 0.99032426
vt 0.61810482 0.99095058
vt 0.4928425 0.69033986
vt 0.35139963 0.69034034
vt 0.35139963 0.69034034
vt 0.34564233 0.35127968
vt 0.3438333 0.42661715
vt 0.34564349 0.61500359
vt 0.34383389 0.53964639
vt 0.33929479 0.50196779
vt 0.33929455 0.46429062
vt 0.35018089 0.313618
vt 0.35018322 0.65267581
vt 0.35076311 0.27596295
vt 0.35076764 0.69034338
vt 0.3513931 0.23831737
vt 0.3513931 0.23831737
vt 0.49283469 0.23832124
vt 0.65443242 0.97758842
vt 0.69208592 0.97696257
vt 0.7297402 0.97449255
vt 0.99344271 0.65779072
vt 0.99208599 0.61956584
vt 0.98863727 0.54313868
vt 0.58044702 0.98785442
vt 0.98182487 0.81199062
vt 0.98046887 0.85018867
vt 0.98863727 0.42853487
vt 0.88072568 0.95515072
vt 0.98731166 0.50493366
vt 0.91817033 0.95515448
vt 0.98731166 0.46673262
vt 0.61810482 0.99032426
vt 0.65576166 0.99095058
vt 0.49283922 0.72800225
vt 0.35139582 0.72800422
vt 0.35139582 0.72800422
vt 0.34564069 0.31361461
vt 0.34383142 0.388946
vt 0.33929408 0.42661661
vt 0.34564263 0.65267807
vt 0.34383371 0.57732713
vt 0.33929467 0.53964698
vt 0.33871081 0.50196779
vt 0.33871052 0.46429062
vt 0.35017768 0.27595687
vt 0.35018149 0.69034654
vt 0.35076264 0.23830855
vt 0.35076353 0.72800857
vt 0.35138649 0.2006759
vt 0.35138649 0.2006759
vt 0.49282843 0.20068353
vt 0.61678249 0.97751319
vt 0.65443265 0.97696203
vt 0.69208616 0.97449255
vt 0.9934426 0.69602436
vt 0.99208635 0.65779072
vt 0.98863727 0.58134907
vt 0.84328866 0.95514953
vt 0.98731166 0.54313868
vt 0.61810493 0.98785442
vt 0.98182464 0.77378976
vt 0.98046887 0.81199062
vt 0.97701985 0.88838524
vt 0.98863727 0.39033818
vt 0.95566046 0.95517039
vt 0.98731166 0.42853487
vt 0.88072383 0.95162767
vt 0.88072383 0.95162767
vt 0.91815972 0.95163012
vt 0.91815972 0.95163012
vt 0.65576166 0.99032426
vt 0.6934185 0.99095082
vt 0.4928351 0.76565754
vt 0.3513934 0.765661
vt 0.3513934 0.765661
vt 0.34563833 0.27595091
vt 0.34383088 0.35127771
vt 0.33929297 0.38894522
vt 0.33871034 0.42661637
vt 0.34564099 0.69035017
vt 0.3438319 0.6150049
vt 0.33929455 0.57732761
vt 0.33871064 0.5396471
vt 0.3380824 0.50196779
vt 0.3380824 0.50196779
vt 0.33808222 0.46429062
vt 0.33808222 0.46429062
vt 0.35017675 0.23829776
vt 0.35017785 0.72801501
vt 0.35075587 0.20065832
vt 0.35076275 0.76566976
vt 0.35137779 0.16304535
vt 0.35137779 0.16304535
vt 0.49281913 0.16306591
vt 0.57914257 0.97743797
vt 0.61678052 0.97688675
vt 0.65443456 0.97449279
vt 0.9934426 0.73426777
vt 0.99208635 0.69602436
vt 0.98863691 0.61956584
vt 0.80585366 0.95514882
vt 0.98731142 0.58134907
vt 0.84328812 0.95162672
vt 0.84328812 0.95162672
vt 0.65576166 0.98785442
vt 0.98182511 0.7355848
vt 0.98046851 0.77378976
vt 0.97701985 0.85018867
vt 0.50593185 0.96808577
vt 0.97569406 0.88838524
vt 0.98731166 0.39033818
vt 0.99348414 0.9550823
vt 0.95559347 0.95163465
vt 0.95559347 0.95163465
vt 0.88048738 0.91949683
vt 0.88072193 0.95045525
vt 0.91755193 0.91949683
vt 0.9181484 0.95045626
vt 0.6934185 0.99032426
vt 0.73107481 0.99095094
vt 0.49282882 0.80330139
vt 0.35138673 0.80330938
vt 0.35138673 0.80330938
vt 0.3456369 0.23828876
vt 0.34382975 0.31361151
vt 0.33929247 0.35127652
vt 0.3387095 0.38894463
vt 0.33808205 0.42661613
vt 0.33808205 0.42661613
vt 0.34563863 0.72802043
vt 0.34383118 0.65267986
vt 0.33929327 0.61500585
vt 0.33871052 0.57732821
vt 0.3380824 0.53964746
vt 0.3380824 0.53964746
vt 0.35017154 0.20063925
vt 0.35017717 0.76568043
vt 0.35074851 0.16300774
vt 0.35075629 0.80332673
vt 0.35136563 0.12540299
vt 0.35136563 0.12540299
vt 0.49280569 0.12553811
vt 0.54153162 0.97794437
vt 0.57913363 0.97681057
vt 0.61678219 0.97441697
vt 0.99344271 0.77252144
vt 0.99208635 0.73426777
vt 0.98863703 0.65779072
vt 0.76842713 0.95514727
vt 0.98731107 0.61956584
vt 0.80585194 0.95162588
vt 0.80585194 0.95162588
vt 0.84342396 0.91949683
vt 0.84328753 0.95045406
vt 0.6934185 0.98785442
vt 0.98182529 0.69737411
vt 0.98046899 0.7355848
vt 0.97701985 0.81199062
vt 0.54341674 0.96808577
vt 0.97569406 0.85018867
vt 0.50593185 0.96456921
vt 0.99294478 0.95158774
vt 0.50593185 0.96456921
vt 0.99294478 0.95158774
vt 0.95461714 0.91949683
vt 0.955531 0.95044971
vt 0.88048738 0.91712219
vt 0.88048738 0.91712219
vt 0.91755193 0.91712219
vt 0.91755193 0.91712219
vt 0.73107481 0.99032456
vt 0.76872975 0.99095094
vt 0.49281955 0.84092313
vt 0.35137829 0.8409434
vt 0.35137829 0.8409434
vt 0.34563321 0.20062518
vt 0.34382814 0.27594686
vt 0.33929175 0.31360978
vt 0.3387095 0.35127562
vt 0.33808187 0.38894433
vt 0.33808187 0.38894433
vt 0.3456372 0.76568979
vt 0.34383008 0.69035333
vt 0.33929271 0.65268135
vt 0.33870992 0.61500645
vt 0.3380824 0.57732844
vt 0.3380824 0.57732844
vt 0.35016569 0.16297579
vt 0.35017172 0.80334562
vt 0.35073894 0.12535369
vt 0.35074919 0.84098077
vt 0.35140392 0.087767005
vt 0.35140392 0.087767005
vt 0.49284795 0.088092029
vt 0.50401503 0.97794825
vt 0.99446386 0.99095666
vt 0.54148817 0.97731256
vt 0.57911408 0.9743377
vt 0.9934426 0.81078577
vt 0.99208635 0.77252167
vt 0.98863703 0.69602436
vt 0.73100787 0.95541644
vt 0.98731118 0.65779072
vt 0.76841378 0.95162672
vt 0.76841378 0.95162672
vt 0.80636221 0.91949683
vt 0.80585045 0.95045286
vt 0.84342396 0.91712219
vt 0.84342396 0.91712219
vt 0.73107481 0.98785502
vt 0.98182511 0.65915704
vt 0.98046923 0.69737411
vt 0.97701925 0.77378976
vt 0.58089954 0.96808577
vt 0.97569382 0.81199062
vt 0.54341674 0.96456897
vt 0.54341674 0.96456897
vt 0.50993598 0.90425509
vt 0.99168289 0.91949683
vt 0.50593174 0.9633984
vt 0.99274617 0.95044267
vt 0.95461714 0.91712219
vt 0.95461714 0.91712219
vt 0.88048738 0.91654474
vt 0.72777635 0.55698723
vt 0.91755193 0.91654474
vt 0.76424241 0.55078048
vt 0.76872975 0.99032456
vt 0.49280608 0.87845016
vt 0.80638355 0.99094999
vt 0.35136628 0.87858486
vt 0.35136628 0.87858486
vt 0.34562925 0.16295332
vt 0.3438271 0.23828304
vt 0.33929029 0.27594483
vt 0.33870909 0.31360871
vt 0.33808187 0.35127503
vt 0.33808187 0.35127503
vt 0.34563357 0.80335993
vt 0.34382838 0.72802454
vt 0.33929181 0.690355
vt 0.3387098 0.65268254
vt 0.33808222 0.61500692
vt 0.33808222 0.61500692
vt 0.35015827 0.12530196
vt 0.35016587 0.84101301
vt 0.35076907 0.087706387
vt 0.3507396 0.87863439
vt 0.35148579 0.050189435
vt 0.35148579 0.050189435
vt 0.49293807 0.050654292
vt 0.95694941 0.99095321
vt 0.50389993 0.97733587
vt 0.99457598 0.99034345
vt 0.54143083 0.97483885
vt 0.99344307 0.8490569
vt 0.99208635 0.81078637
vt 0.98863703 0.73426777
vt 0.69357091 0.9559468
vt 0.98731118 0.69602436
vt 0.7309742 0.95189577
vt 0.7309742 0.95189577
vt 0.7684086 0.95045489
vt 0.76930219 0.91949648
vt 0.80636221 0.91712219
vt 0.80636221 0.91712219
vt 0.84342396 0.91654474
vt 0.69088429 0.55428678
vt 0.76872963 0.98785502
vt 0.98182511 0.6209324
vt 0.98046899 0.65915704
vt 0.97701985 0.7355848
vt 0.61837935 0.96808577
vt 0.97569346 0.77378976
vt 0.58089954 0.96456897
vt 0.58089954 0.96456897
vt 0.54700172 0.90425509
vt 0.54341674 0.9633984
vt 0.50993598 0.90188044
vt 0.99168289 0.91712219
vt 0.50993598 0.90188044
vt 0.99168289 0.91712219
vt 0.95461714 0.91654474
vt 0.79816312 0.53602713
vt 0.72045028 0.40372133
vt 0.80638355 0.99032366
vt 0.49284863 0.91589278
vt 0.84403628 0.99094987
vt 0.35140458 0.91621792
vt 0.35140458 0.91621792
vt 0.34562492 0.1252628
vt 0.34382442 0.20061809
vt 0.33928993 0.23828161
vt 0.33870798 0.27594423
vt 0.33808187 0.31360829
vt 0.33808187 0.31360829
vt 0.34562966 0.84103554
vt 0.34382728 0.7656951
vt 0.33929047 0.72802675
vt 0.33870915 0.69035619
vt 0.33808222 0.6526829
vt 0.33808222 0.6526829
vt 0.35018048 0.087614357
vt 0.35015863 0.87868607
vt 0.35083362 0.050095856
vt 0.3507697 0.9162786
vt 0.35162437 0.012700379
vt 0.35162508 0.99128157
vt 0.35162437 0.012700379
vt 0.35162508 0.99128157
vt 0.49306461 0.013219476
vt 0.49306539 0.99076229
vt 0.91933274 0.99094939
vt 0.95699048 0.99032056
vt 0.50352913 0.97488034
vt 0.98182511 0.39144409
vt 0.99344307 0.88727915
vt 0.9949438 0.98788708
vt 0.99208671 0.84906441
vt 0.98863727 0.77252167
vt 0.65615076 0.95594281
vt 0.98731118 0.73426777
vt 0.69354331 0.95241892
vt 0.69354331 0.95241892
vt 0.73096538 0.95072448
vt 0.73224485 0.91949868
vt 0.76930207 0.91712207
vt 0.76930207 0.91712207
vt 0.80636221 0.91654474
vt 0.6557107 0.54283607
vt 0.80638355 0.98785406
vt 0.98182511 0.58269876
vt 0.98046899 0.6209324
vt 0.97702008 0.69737411
vt 0.65585387 0.96808577
vt 0.97569406 0.7355848
vt 0.61837935 0.96456897
vt 0.61837935 0.96456897
vt 0.58406729 0.90425509
vt 0.58089954 0.96339798
vt 0.54700172 0.90188044
vt 0.54700172 0.90188044
vt 0.50993598 0.90130293
vt 0.99168289 0.91654474
vt 0.82756776 0.51358473
vt 0.84403664 0.99032342
vt 0.49293885 0.95332825
vt 0.8816874 0.99094939
vt 0.3514865 0.95379299
vt 0.3514865 0.95379299
vt 0.34564257 0.087534964
vt 0.34382209 0.16294491
vt 0.339288 0.20061845
vt 0.33870798 0.23828191
vt 0.33808142 0.27594423
vt 0.33808142 0.27594423
vt 0.34562525 0.87872553
vt 0.3438248 0.80336696
vt 0.33929041 0.76569676
vt 0.33870852 0.72802734
vt 0.33808222 0.69035643
vt 0.33808222 0.69035643
vt 0.35022804 0.049913764
vt 0.35018125 0.91637063
vt 0.35099414 0.01257503
vt 0.35099509 0.99140662
vt 0.35083437 0.95388663
vt 0.91934007 0.99032235
vt 0.95703244 0.98784494
vt 0.98182511 0.42966592
vt 0.98046899 0.39133811
vt 0.99208671 0.88738531
vt 0.98863727 0.81078637
vt 0.61872214 0.95714027
vt 0.98731142 0.77252144
vt 0.65610123 0.9524312
vt 0.65610123 0.9524312
vt 0.69353187 0.9512431
vt 0.69518977 0.91952324
vt 0.7322439 0.91712397
vt 0.7322439 0.91712397
vt 0.62429982 0.52330053
vt 0.76930207 0.9165445
vt 0.844037 0.98785371
vt 0.98182511 0.54445523
vt 0.98046899 0.58269876
vt 0.97701997 0.65915704
vt 0.6933217 0.96808577
vt 0.9756943 0.69737411
vt 0.65585387 0.96456897
vt 0.65585387 0.96456897
vt 0.6211316 0.90425509
vt 0.61837935 0.9633984
vt 0.58406729 0.90188032
vt 0.58406729 0.90188032
vt 0.54700172 0.90130293
vt 0.85074729 0.48475742
vt 0.88168859 0.99032295
vt 0.34568489 0.049719095
vt 0.3438209 0.12525403
vt 0.33928674 0.16295105
vt 0.33870694 0.20062262
vt 0.33808142 0.23828304
vt 0.33808142 0.23828304
vt 0.34564343 0.91644996
vt 0.34382251 0.84104389
vt 0.33928868 0.80336672
vt 0.33870852 0.76569653
vt 0.33808187 0.72802734
vt 0.33808187 0.72802734
vt 0.35040501 0.012294769
vt 0.3504059 0.99168682
vt 0.35022894 0.9540686
vt 0.91934752 0.9878521
vt 0.98182511 0.46793753
vt 0.98046899 0.42965877
vt 0.98863739 0.84906441
vt 0.58110702 0.95758718
vt 0.98731166 0.81078577
vt 0.61867905 0.95361054
vt 0.61867905 0.95361054
vt 0.65608883 0.95126384
vt 0.65813708 0.91954446
vt 0.69518846 0.91714871
vt 0.69518846 0.91714871
vt 0.59847677 0.49681538
vt 0.73224378 0.91654682
vt 0.88169026 0.98785311
vt 0.98182511 0.50620157
vt 0.98046899 0.54445523
vt 0.97701997 0.6209324
vt 0.73078227 0.96808577
vt 0.97569406 0.65915704
vt 0.6933217 0.96456921
vt 0.6933217 0.96456921
vt 0.65819496 0.90425521
vt 0.65585387 0.9633984
vt 0.6211316 0.90188044
vt 0.6211316 0.90188044
vt 0.58406729 0.90130293
vt 0.86635417 0.45122051
vt 0.34581143 0.011642218
vt 0.34581268 0.99233973
vt 0.34383824 0.087527037
vt 0.3392871 0.12527466
vt 0.33870614 0.16296363
vt 0.33808106 0.20062613
vt 0.33808106 0.20062613
vt 0.34568584 0.95426333
vt 0.34382161 0.87873417
vt 0.33928722 0.84103793
vt 0.33870748 0.80336308
vt 0.33808187 0.76569557
vt 0.33808187 0.76569557
vt 0.98046899 0.46793699
vt 0.97701985 0.39133811
vt 0.98863739 0.88738519
vt 0.54339576 0.95443279
vt 0.98731166 0.84905654
vt 0.58127868 0.95404536
vt 0.58127868 0.95404536
vt 0.61868691 0.95243382
vt 0.62108451 0.91957444
vt 0.65813613 0.91716951
vt 0.65813613 0.91716951
vt 0.57974207 0.46492004
vt 0.69518816 0.9165715
vt 0.98046899 0.50620157
vt 0.97701985 0.58269876
vt 0.76823378 0.96808624
vt 0.97569406 0.6209324
vt 0.73078227 0.96456897
vt 0.73078227 0.96456897
vt 0.69525665 0.90425509
vt 0.6933217 0.9633984
vt 0.65819496 0.90188044
vt 0.65819496 0.90188044
vt 0.6211316 0.90130293
vt 0.87348175 0.41492319
vt 0.34388748 0.049711943
vt 0.33930206 0.08758527
vt 0.33870649 0.12530732
vt 0.33808094 0.16297317
vt 0.33808094 0.16297317
vt 0.3438389 0.91645771
vt 0.33928758 0.87871367
vt 0.3387067 0.84102559
vt 0.33808169 0.80335957
vt 0.33808169 0.80335957
vt 0.97701985 0.42965877
vt 0.50673264 0.94428879
vt 0.97569394 0.39144486
vt 0.98731166 0.88727868
vt 0.99314749 0.96801603
vt 0.54405528 0.95094234
vt 0.54405528 0.95094234
vt 0.58136529 0.95286512
vt 0.58403057 0.91948789
vt 0.6210869 0.91719967
vt 0.6210869 0.91719967
vt 0.56918496 0.42946815
vt 0.65813613 0.9165926
vt 0.97701985 0.54445523
vt 0.80567491 0.96808696
vt 0.97569382 0.58269876
vt 0.76823378 0.96456945
vt 0.76823378 0.96456945
vt 0.73231667 0.90425509
vt 0.73078227 0.9633984
vt 0.69525665 0.90188044
vt 0.69525665 0.90188044
vt 0.65819496 0.90130305
vt 0.87171566 0.37797475
vt 0.34389555 0.011635125
vt 0.34389719 0.99234706
vt 0.33934534 0.04988414
vt 0.33871588 0.087662816
vt 0.33808106 0.12532997
vt 0.33808106 0.12532997
vt 0.34388867 0.95427078
vt 0.33930272 0.9163999
vt 0.33870712 0.87868112
vt 0.33808142 0.84101653
vt 0.33808142 0.84101653
vt 0.97701985 0.46793699
vt 0.95538282 0.96810436
vt 0.97569394 0.42966628
vt 0.50810361 0.94101644
vt 0.99260885 0.96452802
vt 0.50810361 0.94101644
vt 0.99260885 0.96452802
vt 0.54429758 0.94978589
vt 0.54698521 0.91921234
vt 0.58404189 0.91711354
vt 0.58404189 0.91711354
vt 0.56741881 0.39251983
vt 0.62108809 0.91662234
vt 0.97701985 0.50620157
vt 0.84310454 0.9680894
vt 0.97569394 0.54445523
vt 0.80567491 0.96457022
vt 0.80567491 0.96457022
vt 0.76937449 0.90425509
vt 0.76823378 0.96339864
vt 0.73231667 0.90188032
vt 0.73231667 0.90188032
vt 0.69525665 0.90130293
vt 0.86115849 0.34252256
vt 0.3393001 0.01226455
vt 0.33930168 0.99171758
vt 0.33874175 0.050055742
vt 0.33808428 0.087710798
vt 0.33808428 0.087710798
vt 0.33934653 0.95409882
vt 0.33871648 0.91632241
vt 0.33808175 0.87865871
vt 0.33808175 0.87865871
vt 0.9179374 0.96809202
vt 0.97569394 0.46793753
vt 0.95531619 0.96457529
vt 0.95531619 0.96457529
vt 0.50852692 0.93992031
vt 0.99241084 0.96338445
vt 0.50993598 0.91921222
vt 0.99168265 0.9042545
vt 0.5469985 0.91683769
vt 0.5469985 0.91683769
vt 0.57454664 0.35622245
vt 0.58404416 0.91653651
vt 0.88052368 0.96809012
vt 0.97569394 0.50620157
vt 0.84310418 0.96457261
vt 0.84310418 0.96457261
vt 0.80567491 0.96339935
vt 0.8064298 0.90425509
vt 0.76937449 0.90188032
vt 0.76937449 0.90188032
vt 0.73231667 0.90130293
vt 0.84242404 0.31062734
vt 0.33871064 0.012535751
vt 0.3387121 0.9914462
vt 0.33809271 0.050141037
vt 0.33809271 0.050141037
vt 0.338743 0.95392698
vt 0.33808488 0.91627419
vt 0.33808488 0.91627419
vt 0.91792631 0.96457368
vt 0.91792631 0.96457368
vt 0.9552533 0.96339244
vt 0.95462859 0.9042545
vt 0.50994653 0.91683757
vt 0.99167359 0.90187979
vt 0.50994653 0.91683757
vt 0.99167359 0.90187979
vt 0.59015316 0.32268548
vt 0.54700536 0.91626054
vt 0.88052166 0.96457273
vt 0.88052166 0.96457273
vt 0.84310406 0.96340179
vt 0.84348238 0.90425485
vt 0.8064298 0.90188044
vt 0.8064298 0.90188044
vt 0.76937449 0.90130293
vt 0.81660116 0.28414214
vt 0.33808175 0.012654543
vt 0.33808306 0.99132746
vt 0.33808175 0.012654543
vt 0.33808306 0.99132746
vt 0.33809385 0.95384181
vt 0.33809385 0.95384181
vt 0.91791511 0.9634009
vt 0.91758084 0.9042545
vt 0.95462352 0.90188003
vt 0.95462352 0.90188003
vt 0.61333269 0.29385823
vt 0.50999981 0.9162603
vt 0.99162191 0.90130281
vt 0.88051993 0.96340179
vt 0.88053256 0.90425473
vt 0.84348238 0.90188032
vt 0.84348238 0.90188032
vt 0.78518981 0.2646066
vt 0.8064298 0.90130293
vt 0.91758001 0.9018802
vt 0.91758001 0.9018802
vt 0.64273745 0.27141559
vt 0.95461822 0.90130281
vt 0.88053256 0.90188032
vt 0.88053256 0.90188032
vt 0.75001627 0.25315583
vt 0.84348238 0.90130293
vt 0.67665821 0.25666213
vt 0.91757917 0.90130281
vt 0.71312457 0.25045538
vt 0.88053256 0.90130281
vt 0.76396233 0.54983997
vt 0.72772932 0.55600739
vt 0.69107348 0.5533241
vt 0.65612477 0.54194671
vt 0.62491465 0.52253604
vt 0.59925658 0.49622029
vt 0.58064187 0.46452874
vt 0.57015204 0.42930347
vt 0.5683974 0.39259136
vt 0.57547933 0.35652602
vt 0.59098655 0.32320356
vt 0.61401761 0.29456055
vt 0.64323413 0.27226162
vt 0.67693818 0.25760269
vt 0.7131713 0.25143528
vt 0.74982721 0.25411856
vt 0.78477579 0.26549613
vt 0.8159861 0.28490674
vt 0.84164411 0.31122267
vt 0.86025888 0.34291404
vt 0.87074846 0.37813938
vt 0.8725034 0.41485167
vt 0.86542135 0.45091683
vt 0.84991431 0.48423898
vt 0.82688278 0.51288235
vt 0.79766637 0.53518111
vt 0.87176627 0.88866228
vt 0.74038666 0.49642378
vt 0.8643018 0.88866228
vt 0.73525631 0.50184572
vt 0.85683793 0.88866228
vt 0.73228967 0.50869524
vt 0.8493737 0.88866228
vt 0.73184478 0.51614642
vt 0.84190935 0.88866228
vt 0.73397499 0.52330053
vt 0.83444536 0.88866228
vt 0.73842365 0.52929419
vt 0.74465406 0.53340513
vt 0.82698125 0.88866228
vt 0.75191486 0.53513724
vt 0.8195169 0.88866228
vt 0.7591517 0.534302
vt 0.81223261 0.88866228
vt 0.76600558 0.53094101
vt 0.80459911 0.88866228
vt 0.77113593 0.52551937
vt 0.79713434 0.88866228
vt 0.77410233 0.51866966
vt 0.78967017 0.88866228
vt 0.77454722 0.51121867
vt 0.78220552 0.88866228
vt 0.91654211 0.88866228
vt 0.77241689 0.50406468
vt 0.90907753 0.88866228
vt 0.76796842 0.49807072
vt 0.90161306 0.88866228
vt 0.89414883 0.88866228
vt 0.76173776 0.49395955
vt 0.88668448 0.88866228
vt 0.75447726 0.49222755
vt 0.87905866 0.88866228
vt 0.74690849 0.49316013
vt 0.87176627 0.88950163
vt 0.68704259 0.89052284
vt 0.87905866 0.88950163
vt 0.67966866 0.89052284
vt 0.88668448 0.88950163
vt 0.67215526 0.89052284
vt 0.89414883 0.88950163
vt 0.66472358 0.89052284
vt 0.65728128 0.89052284
vt 0.90161306 0.88950163
vt 0.64995521 0.89052284
vt 0.90907753 0.88950163
vt 0.64250463 0.89052284
vt 0.77615404 0.89052284
vt 0.78220552 0.88950163
vt 0.91654211 0.88950163
vt 0.7689603 0.89052284
vt 0.78967017 0.88950163
vt 0.76153868 0.89052284
vt 0.79713434 0.88950163
vt 0.75404835 0.89052284
vt 0.80459911 0.88950163
vt 0.74649739 0.89052284
vt 0.81223261 0.88950163
vt 0.73913968 0.89052284
vt 0.8195169 0.88950163
vt 0.73163891 0.89052284
vt 0.82698125 0.88950163
vt 0.83444536 0.88950163
vt 0.72422564 0.89052284
vt 0.84190935 0.88950163
vt 0.71685469 0.89052284
vt 0.8493737 0.88950163
vt 0.70932299 0.89052284
vt 0.85683793 0.88950163
vt 0.70191008 0.89052284
vt 0.8643018 0.88950163
vt 0.69453496 0.89052284
vt 0.68704259 0.88742965
vt 0.67966866 0.88742965
vt 0.67215526 0.88742965
vt 0.66472358 0.88742965
vt 0.65728128 0.88742965
vt 0.64995521 0.88742965
vt 0.64250463 0.88742965
vt 0.77615404 0.88742965
vt 0.7689603 0.88742965
vt 0.76153868 0.88742965
vt 0.75404835 0.88742965
vt 0.74649739 0.88742965
vt 0.73913968 0.88742965
vt 0.73163891 0.88742965
vt 0.72422564 0.88742965
vt 0.71685469 0.88742965
vt 0.70932299 0.88742965
vt 0.70191008 0.88742965
vt 0.69453496 0.88742965
vt 0.68704259 0.8898167
vt 0.67966866 0.8898167
vt 0.67215526 0.8898167
vt 0.66472358 0.8898167
vt 0.65728128 0.8898167
vt 0.64995521 0.8898167
vt 0.64250463 0.8898167
vt 0.77615404 0.88981682
vt 0.7689603 0.88981682
vt 0.76153868 0.88981682
vt 0.75404835 0.88981682
vt 0.74649739 0.88981682
vt 0.73913968 0.88981682
vt 0.73163891 0.88981682
vt 0.72422564 0.88981682
vt 0.71685469 0.88981682
vt 0.70932299 0.88981682
vt 0.70191008 0.88981682
vt 0.69453496 0.8898167
vt 0.67966866 0.88812077
vt 0.68704259 0.88812077
vt 0.69453496 0.88812077
vt 0.70191008 0.88812077
vt 0.70932299 0.88812077
vt 0.71685469 0.88812077
vt 0.72422564 0.88812077
vt 0.73163891 0.88812077
vt 0.73913968 0.88812077
vt 0.74649739 0.88812077
vt 0.75404835 0.88812077
vt 0.76153868 0.88812077
vt 0.7689603 0.88812077
vt 0.64250463 0.88812077
vt 0.77615404 0.88812077
vt 0.64995521 0.88812077
vt 0.65728128 0.88812077
vt 0.66472358 0.88812077
vt 0.67215526 0.88812077
vt 0.67966866 0.88668567
vt 0.67966866 0.88668567
vt 0.68704259 0.88668567
vt 0.68704259 0.88668567
vt 0.69453496 0.88668567
vt 0.69453496 0.88668567
vt 0.70191008 0.88668567
vt 0.70191008 0.88668567
vt 0.70932299 0.88668567
vt 0.70932299 0.88668567
vt 0.71685469 0.88668567
vt 0.71685469 0.88668567
vt 0.72422564 0.88668567
vt 0.72422564 0.88668567
vt 0.73163891 0.88668567
vt 0.73163891 0.88668567
vt 0.73913968 0.88668567
vt 0.73913968 0.88668567
vt 0.74649739 0.88668567
vt 0.74649739 0.88668567
vt 0.75404835 0.88668567
vt 0.75404835 0.88668567
vt 0.76153868 0.88668567
vt 0.76153868 0.88668567
vt 0.7689603 0.88668567
vt 0.7689603 0.88668567
vt 0.64250463 0.88668567
vt 0.77615404 0.88668567
vt 0.64250463 0.88668567
vt 0.77615404 0.88668567
vt 0.64995521 0.88668567
vt 0.64995521 0.88668567
vt 0.65728128 0.88668567
vt 0.65728128 0.88668567
vt 0.66472358 0.88668567
vt 0.66472358 0.88668567
vt 0.67215526 0.88668567
vt 0.67215526 0.88668567
vt 0.68704259 0.88915396
vt 0.67966866 0.88915396
vt 0.67215526 0.88915396
vt 0.66472358 0.88915396
vt 0.65728128 0.88915396
vt 0.64995521 0.88915396
vt 0.64250463 0.88915396
vt 0.77615404 0.88915396
vt 0.7689603 0.88915396
vt 0.76153868 0.88915396
vt 0.75404835 0.88915396
vt 0.74649739 0.88915396
vt 0.73913968 0.88915396
vt 0.73163891 0.88915396
vt 0.72422564 0.88915396
vt 0.71685469 0.88915396
vt 0.70932299 0.88915396
vt 0.70191008 0.88915396
vt 0.69453496 0.88915396
vt 0.67966866 0.8886441
vt 0.68704259 0.8886441
vt 0.69453496 0.8886441
vt 0.70191008 0.8886441
vt 0.70932299 0.8886441
vt 0.71685469 0.8886441
vt 0.72422564 0.8886441
vt 0.73163891 0.8886441
vt 0.73913968 0.8886441
vt 0.74649739 0.8886441
vt 0.75404835 0.8886441
vt 0.76153868 0.8886441
vt 0.7689603 0.8886441
vt 0.64250463 0.8886441
vt 0.77615404 0.8886441
vt 0.64995521 0.8886441
vt 0.65728128 0.8886441
vt 0.66472358 0.8886441
vt 0.67215526 0.8886441
vt 0.67966866 0.88533348
vt 0.54415035 0.89015317
vt 0.68704259 0.88533348
vt 0.55110997 0.89015275
vt 0.69453496 0.88533348
vt 0.55807322 0.89015251
vt 0.70191008 0.88533372
vt 0.5650385 0.89013302
vt 0.70932299 0.88533372
vt 0.57200056 0.89010328
vt 0.71685469 0.88533372
vt 0.57895982 0.89006835
vt 0.72422564 0.88533372
vt 0.58591563 0.89003581
vt 0.59286755 0.89001304
vt 0.73163891 0.88533372
vt 0.59982127 0.89001215
vt 0.73913968 0.88533372
vt 0.60677916 0.89001143
vt 0.74649739 0.88533372
vt 0.61374062 0.89001107
vt 0.75404835 0.88533372
vt 0.62072045 0.89001048
vt 0.76153868 0.88533372
vt 0.62771547 0.88992423
vt 0.7689603 0.88533372
vt 0.50923717 0.8897326
vt 0.63470477 0.8897801
vt 0.64250463 0.88533348
vt 0.77615404 0.88533372
vt 0.5162251 0.88993359
vt 0.64995521 0.88533348
vt 0.52321756 0.89007843
vt 0.65728128 0.88533348
vt 0.66472358 0.88533348
vt 0.53021014 0.89015365
vt 0.67215526 0.88533348
vt 0.53718817 0.89015365
vt 0.54415071 0.88568795
vt 0.55110937 0.88568771
vt 0.5580669 0.88568723
vt 0.56502342 0.8856681
vt 0.57198107 0.88563818
vt 0.57893938 0.88560355
vt 0.585899 0.88557076
vt 0.59286016 0.88554782
vt 0.59982026 0.88554722
vt 0.6067788 0.88554651
vt 0.61373758 0.88554591
vt 0.62069011 0.88554591
vt 0.62763882 0.88546097
vt 0.50937253 0.8852672
vt 0.63460642 0.88531387
vt 0.51633894 0.88547099
vt 0.52328801 0.88561398
vt 0.5302369 0.88568872
vt 0.53719109 0.8856886
vt 0.58817315 0.84842139
vt 0.56912994 0.85382938
vt 0.54415095 0.88517225
vt 0.57212758 0.86001635
vt 0.55110884 0.88517213
vt 0.57706082 0.8648048
vt 0.55806607 0.88517159
vt 0.58333427 0.86761755
vt 0.56502205 0.88515234
vt 0.59019148 0.86811471
vt 0.57197917 0.88512248
vt 0.59680516 0.86623681
vt 0.57893765 0.88508779
vt 0.60237759 0.86221021
vt 0.58589756 0.88505524
vt 0.59285885 0.88503176
vt 0.60623682 0.85652018
vt 0.59981942 0.88503122
vt 0.60791749 0.84985346
vt 0.60677797 0.88503063
vt 0.60721636 0.84301448
vt 0.61373442 0.88503027
vt 0.60421854 0.83682668
vt 0.62068415 0.88502991
vt 0.59928519 0.8320381
vt 0.62762606 0.88494629
vt 0.59301168 0.82922542
vt 0.50945026 0.88475144
vt 0.63453281 0.88479692
vt 0.5861547 0.82872808
vt 0.51635575 0.88495642
vt 0.57954097 0.83060616
vt 0.52329671 0.8850981
vt 0.57396835 0.83463269
vt 0.57010931 0.84032291
vt 0.53024244 0.88517272
vt 0.56842899 0.84698945
vt 0.53719383 0.88517272
vt 0.14959516 0.46429265
vt 0.14959516 0.46429265
vt 0.53690189 0.67831093
vt 0.0081516998 0.46429241
vt 0.53692758 0.64038366
vt 0.0081513394 0.50196791
vt 0.14959498 0.50196791
vt 0.14959498 0.50196791
vt 0.15022814 0.46429241
vt 0.15022792 0.50196791
vt 0.1495962 0.42662048
vt 0.1495962 0.42662048
vt 0.5367499 0.71623081
vt 0.0081526954 0.42662048
vt 0.5375542 0.64038491
vt 0.53752887 0.67831504
vt 0.53689933 0.60245281
vt 0.0081518218 0.53964579
vt 0.14959516 0.53964579
vt 0.14959516 0.53964579
vt 0.15081537 0.46429217
vt 0.15081492 0.50196791
vt 0.15022892 0.42662013
vt 0.15022832 0.53964627
vt 0.14959772 0.38895178
vt 0.14959772 0.38895178
vt 0.53641117 0.75413865
vt 0.0081542637 0.38895178
vt 0.5373773 0.71623939
vt 0.54000109 0.67832738
vt 0.54002512 0.64038795
vt 0.53752613 0.60245132
vt 0.53678733 0.56452245
vt 0.0081526954 0.57732487
vt 0.1495962 0.57732487
vt 0.1495962 0.57732487
vt 0.15535614 0.50196791
vt 0.15535626 0.46429181
vt 0.15081617 0.42661929
vt 0.15081537 0.53964627
vt 0.15023085 0.38895082
vt 0.15022901 0.57732558
vt 0.14959946 0.35128617
vt 0.14959946 0.35128617
vt 0.0081561645 0.35128701
vt 0.53639984 0.79201216
vt 0.53703517 0.75415671
vt 0.5398497 0.71626699
vt 0.53999758 0.60244662
vt 0.54138047 0.64039171
vt 0.54135686 0.67833912
vt 0.53741449 0.56451851
vt 0.53654915 0.52659488
vt 0.008154355 0.61500067
vt 0.14959781 0.61500067
vt 0.14959781 0.61500067
vt 0.15535702 0.4266187
vt 0.15535656 0.53964639
vt 0.15081817 0.38894939
vt 0.15081626 0.57732612
vt 0.15023239 0.35128462
vt 0.15023097 0.61500174
vt 0.14960201 0.31362504
vt 0.14960201 0.31362504
vt 0.0081586642 0.31362593
vt 0.53641289 0.82978898
vt 0.53702539 0.79205233
vt 0.53949744 0.75420451
vt 0.54120559 0.71628755
vt 0.5398863 0.56450415
vt 0.54135311 0.60244387
vt 0.53717387 0.52658635
vt 0.53653723 0.48868108
vt 0.0081563434 0.65267229
vt 0.14959979 0.65267277
vt 0.14959979 0.65267277
vt 0.15535909 0.3889482
vt 0.15535714 0.57732677
vt 0.15716846 0.46429127
vt 0.15716831 0.50196791
vt 0.1508193 0.35128242
vt 0.15081824 0.61500305
vt 0.15023458 0.31362212
vt 0.15023258 0.65267479
vt 0.1496058 0.27596867
vt 0.1496058 0.27596867
vt 0.0081620105 0.27597034
vt 0.52795118 0.86737847
vt 0.53624141 0.86736399
vt 0.53703892 0.82988513
vt 0.53949165 0.79214597
vt 0.54084331 0.75424719
vt 0.5396384 0.52656245
vt 0.54124218 0.56449515
vt 0.54480255 0.67835295
vt 0.54482615 0.64039493
vt 0.53716338 0.48866355
vt 0.53653723 0.45080829
vt 0.0081590861 0.69033986
vt 0.14960231 0.69034117
vt 0.14960231 0.69034117
vt 0.15536004 0.35128003
vt 0.15716895 0.4266175
vt 0.15535948 0.61500418
vt 0.15716872 0.53964698
vt 0.16170794 0.50196779
vt 0.16170803 0.46429086
vt 0.15082118 0.31361836
vt 0.15081966 0.65267664
vt 0.15023872 0.2759636
vt 0.15023483 0.6903438
vt 0.14960836 0.23831803
vt 0.14960836 0.23831803
vt 0.0081663216 0.23832184
vt 0.5279485 0.82980204
vt 0.52733588 0.86755532
vt 0.53686911 0.86754256
vt 0.53950107 0.8301025
vt 0.54083854 0.79223341
vt 0.5446502 0.71631551
vt 0.53963178 0.488621
vt 0.54098767 0.52654105
vt 0.54479879 0.60243773
vt 0.54612553 0.67835939
vt 0.54615009 0.64039737
vt 0.53716338 0.45076907
vt 0.53649879 0.41302967
vt 0.0081624938 0.72800225
vt 0.1496063 0.72800422
vt 0.1496063 0.72800422
vt 0.15536176 0.31361485
vt 0.15717103 0.38894677
vt 0.16170831 0.42661679
vt 0.15536042 0.65267891
vt 0.15716922 0.57732761
vt 0.16170816 0.53964698
vt 0.16229224 0.50196779
vt 0.16229224 0.46429062
vt 0.15082474 0.27595717
vt 0.15082166 0.69034749
vt 0.15023942 0.23830885
vt 0.1502393 0.72800893
vt 0.14961514 0.2006768
vt 0.14961514 0.2006768
vt 0.0081727151 0.20068443
vt 0.52791131 0.79202497
vt 0.52731675 0.82989651
vt 0.52486229 0.86815083
vt 0.53936678 0.86814529
vt 0.54083723 0.8302803
vt 0.54428571 0.75428236
vt 0.54597223 0.71632284
vt 0.53963041 0.45067739
vt 0.54098326 0.48857701
vt 0.54468709 0.56447858
vt 0.54612261 0.60243583
vt 0.55685622 0.79408389
vt 0.54964703 0.67836881
vt 0.55685622 0.75698805
vt 0.54967219 0.64039809
vt 0.53713071 0.4129349
vt 0.52811128 0.37545967
vt 0.53649604 0.37545234
vt 0.0081668058 0.76565754
vt 0.14960888 0.76566112
vt 0.14960888 0.76566112
vt 0.15536398 0.27595127
vt 0.15717156 0.35127807
vt 0.16170989 0.38894546
vt 0.16229254 0.42661637
vt 0.15536205 0.69035113
vt 0.15717138 0.61500537
vt 0.16170855 0.57732785
vt 0.16229236 0.5396471
vt 0.16292076 0.50196779
vt 0.16292076 0.50196779
vt 0.16292076 0.46429062
vt 0.16292076 0.46429062
vt 0.15082553 0.23829806
vt 0.15082525 0.72801536
vt 0.15024607 0.20065892
vt 0.15023996 0.76567024
vt 0.1496238 0.16304594
vt 0.1496238 0.16304594
vt 0.0081821196 0.16306621
vt 0.52791333 0.75415462
vt 0.5272854 0.79206401
vt 0.52484316 0.8301093
vt 0.52348769 0.86847973
vt 0.54078603 0.86847728
vt 0.54427665 0.79227173
vt 0.54561317 0.75429076
vt 0.55685622 0.83117938
vt 0.54949206 0.71634424
vt 0.53960425 0.4127214
vt 0.54097831 0.4505924
vt 0.54443163 0.52651864
vt 0.54601008 0.56447446
vt 0.55685622 0.7198922
vt 0.54964429 0.60242957
vt 0.55802828 0.79408389
vt 0.55802828 0.79408389
vt 0.55802828 0.75698805
vt 0.55802828 0.75698805
vt 0.52748376 0.37528163
vt 0.53711122 0.37527549
vt 0.52794105 0.41303474
vt 0.0081732878 0.80330139
vt 0.14961581 0.80330938
vt 0.14961581 0.80330938
vt 0.15536563 0.238289
vt 0.15717287 0.31361175
vt 0.16171037 0.35127676
vt 0.16229323 0.38894463
vt 0.16292088 0.42661613
vt 0.16292088 0.42661613
vt 0.15536457 0.72802097
vt 0.15717214 0.65268075
vt 0.16171007 0.61500645
vt 0.16229263 0.57732821
vt 0.16292088 0.5396471
vt 0.16292088 0.5396471
vt 0.15083106 0.20063978
vt 0.15082599 0.76568079
vt 0.15025346 0.16300815
vt 0.15024674 0.80332673
vt 0.14963602 0.12540352
vt 0.14963602 0.12540352
vt 0.0081956284 0.12553877
vt 0.52791059 0.71624506
vt 0.52728742 0.75417197
vt 0.52481842 0.79215479
vt 0.52348578 0.830284
vt 0.54425836 0.83032423
vt 0.54559559 0.79226536
vt 0.55685622 0.86827487
vt 0.99149162 0.92961729
vt 0.5491395 0.7543065
vt 0.55802828 0.83117938
vt 0.55802828 0.83117938
vt 0.52498639 0.3746804
vt 0.53958535 0.37467933
vt 0.5409621 0.41254622
vt 0.5444262 0.48854959
vt 0.54575872 0.52650994
vt 0.55685622 0.68279684
vt 0.5495311 0.56445909
vt 0.55802828 0.7198922
vt 0.55802828 0.7198922
vt 0.5604037 0.79408389
vt 0.5604037 0.75698805
vt 0.52731508 0.41293931
vt 0.52795613 0.45081115
vt 0.0081826951 0.84092313
vt 0.14962436 0.84094375
vt 0.14962436 0.84094375
vt 0.15536931 0.20062548
vt 0.15717451 0.27594721
vt 0.16171122 0.31361008
vt 0.16229364 0.35127562
vt 0.16292116 0.38894433
vt 0.16292116 0.38894433
vt 0.15536612 0.76569003
vt 0.15717338 0.69035369
vt 0.16171063 0.65268171
vt 0.16229364 0.61500692
vt 0.16292107 0.57732844
vt 0.16292107 0.57732844
vt 0.15083687 0.16297615
vt 0.1508317 0.80334598
vt 0.15026321 0.12535423
vt 0.15025394 0.84098113
vt 0.14959772 0.087767422
vt 0.14959772 0.087767422
vt 0.0081534199 0.088092685
vt 0.52781767 0.67831951
vt 0.52728504 0.71625274
vt 0.5248189 0.75421309
vt 0.52347082 0.79223847
vt 0.52003294 0.86852324
vt 0.54430193 0.86852312
vt 0.54555744 0.83023971
vt 0.54911584 0.79225695
vt 0.95439625 0.92961729
vt 0.55802828 0.86827475
vt 0.99149173 0.93078965
vt 0.55802828 0.86827475
vt 0.99149173 0.93078965
vt 0.5604037 0.83117938
vt 0.52485299 0.41272318
vt 0.52356762 0.37434983
vt 0.54096013 0.37435019
vt 0.54441702 0.4505564
vt 0.54574919 0.48853981
vt 0.55685622 0.64570159
vt 0.54928434 0.52649719
vt 0.55802828 0.68279684
vt 0.55802828 0.68279684
vt 0.5604037 0.7198922
vt 0.56098121 0.79408389
vt 0.752289 0.86835814
vt 0.56098121 0.75698781
vt 0.71596247 0.86138046
vt 0.52733058 0.45077169
vt 0.0081962617 0.87845016
vt 0.52795589 0.48868334
vt 0.14963666 0.87858486
vt 0.14963666 0.87858486
vt 0.15537356 0.16295356
vt 0.15717573 0.23828375
vt 0.16171274 0.27594543
vt 0.1622943 0.31360888
vt 0.16292131 0.35127532
vt 0.16292131 0.35127532
vt 0.15537004 0.80336016
vt 0.1571752 0.72802514
vt 0.16171171 0.69035548
vt 0.16229387 0.65268266
vt 0.16292155 0.61500716
vt 0.16292155 0.61500716
vt 0.15084429 0.12530237
vt 0.15083763 0.84101325
vt 0.15023308 0.087706625
vt 0.15026386 0.87863439
vt 0.14951582 0.050190091
vt 0.14951582 0.050190091
vt 0.0080629131 0.050655067
vt 0.52778488 0.64038771
vt 0.52719116 0.67832303
vt 0.52481747 0.71627355
vt 0.52346748 0.75425547
vt 0.52003479 0.83032537
vt 0.51867622 0.86828524
vt 0.5456869 0.86828512
vt 0.54906982 0.83016497
vt 0.91730064 0.92961729
vt 0.95439625 0.93078965
vt 0.95439625 0.93078965
vt 0.5604037 0.86827475
vt 0.99149173 0.93316495
vt 0.56098121 0.83117938
vt 0.78922975 0.86643887
vt 0.52486444 0.4506799
vt 0.52351737 0.41254723
vt 0.54441321 0.41250396
vt 0.54573703 0.45056486
vt 0.55685622 0.60860711
vt 0.54927111 0.48853725
vt 0.55802828 0.64570159
vt 0.55802828 0.64570159
vt 0.5604037 0.6827966
vt 0.56098109 0.7198922
vt 0.68236172 0.84591264
vt 0.76285744 0.71528172
vt 0.52733082 0.48866618
vt 0.0081541128 0.91589314
vt 0.52781534 0.52659369
vt 0.14959846 0.91621816
vt 0.14959846 0.91621816
vt 0.15537786 0.12526286
vt 0.15717819 0.20061845
vt 0.16171297 0.23828191
vt 0.16229515 0.27594459
vt 0.16292155 0.31360871
vt 0.16292155 0.31360871
vt 0.15537423 0.8410359
vt 0.15717641 0.76569557
vt 0.16171329 0.72802734
vt 0.16229463 0.69035631
vt 0.16292173 0.6526829
vt 0.16292173 0.6526829
vt 0.15082206 0.087614596
vt 0.15084511 0.87868607
vt 0.15016845 0.050096214
vt 0.15023398 0.91627896
vt 0.14937711 0.012700915
vt 0.14937811 0.99128181
vt 0.14937711 0.012700915
vt 0.14937811 0.99128181
vt 0.0079364954 0.013219953
vt 0.0079375524 0.99076277
vt 0.52777332 0.60245317
vt 0.52715838 0.64038867
vt 0.52472025 0.67833322
vt 0.52346575 0.71629471
vt 0.52003199 0.79227346
vt 0.51872188 0.83024007
vt 0.51512653 0.86773634
vt 0.54923481 0.86773014
vt 0.88020521 0.92961729
vt 0.91730064 0.93078965
vt 0.91730064 0.93078965
vt 0.95439625 0.93316495
vt 0.56098121 0.86827475
vt 0.99149173 0.93374252
vt 0.82463771 0.8557356
vt 0.52486521 0.48862255
vt 0.52351785 0.45059478
vt 0.52005202 0.37430584
vt 0.54441488 0.37430584
vt 0.54572618 0.41258866
vt 0.55685413 0.57151365
vt 0.54925781 0.45057559
vt 0.55802828 0.60860699
vt 0.55802828 0.60860699
vt 0.5604037 0.64570147
vt 0.56098109 0.6827966
vt 0.65343869 0.82285273
vt 0.52718854 0.52658582
vt 0.0080638165 0.95332885
vt 0.52777225 0.56452006
vt 0.14951667 0.95379317
vt 0.14951667 0.95379317
vt 0.15536031 0.087535203
vt 0.15718071 0.16294491
vt 0.1617149 0.2006188
vt 0.1622953 0.23828244
vt 0.16292191 0.27594423
vt 0.16292191 0.27594423
vt 0.15537846 0.87872589
vt 0.15717895 0.80336779
vt 0.16171353 0.76569736
vt 0.16229565 0.72802758
vt 0.16292191 0.69035643
vt 0.16292191 0.69035643
vt 0.15077455 0.049914122
vt 0.15082298 0.91637099
vt 0.15000765 0.012575567
vt 0.15000866 0.99140728
vt 0.15016942 0.95388722
vt 0.52714688 0.60245222
vt 0.52468812 0.64039183
vt 0.52336502 0.67834336
vt 0.52002448 0.75428116
vt 0.51871198 0.79226416
vt 0.51521057 0.83016694
vt 0.84310967 0.92961729
vt 0.88020521 0.93078965
vt 0.88020521 0.93078965
vt 0.91730064 0.93316495
vt 0.85645515 0.83686912
vt 0.95439625 0.93374252
vt 0.52471709 0.52656358
vt 0.52351618 0.4885807
vt 0.52009618 0.41250503
vt 0.51866657 0.37454498
vt 0.54577166 0.37454343
vt 0.55680996 0.53441978
vt 0.54923731 0.41266149
vt 0.55802619 0.57151341
vt 0.55802619 0.57151341
vt 0.56040382 0.60860676
vt 0.56098121 0.64570135
vt 0.63087463 0.79354161
vt 0.52714562 0.56451643
vt 0.15531778 0.049719214
vt 0.15718198 0.12525427
vt 0.1617163 0.16295105
vt 0.16229641 0.20062262
vt 0.16292191 0.23828304
vt 0.16292191 0.23828304
vt 0.15536104 0.9164502
vt 0.15718132 0.84104425
vt 0.16171536 0.80336732
vt 0.16229565 0.76569676
vt 0.16292243 0.72802758
vt 0.16292243 0.72802758
vt 0.15059723 0.012295187
vt 0.15059841 0.99168748
vt 0.15077552 0.95406908
vt 0.5246765 0.60244954
vt 0.52333295 0.64039481
vt 0.52002162 0.71631289
vt 0.51870102 0.75428945
vt 0.51519096 0.79225284
vt 0.80601436 0.92961729
vt 0.84310967 0.93078965
vt 0.84310967 0.93078965
vt 0.88020521 0.93316495
vt 0.88283324 0.81093657
vt 0.91730064 0.9337424
vt 0.52467495 0.56450653
vt 0.5233624 0.52654272
vt 0.52007985 0.45055872
vt 0.51879668 0.41259086
vt 0.55673826 0.49732316
vt 0.5151183 0.37510055
vt 0.549321 0.37509221
vt 0.55798209 0.53441966
vt 0.55798209 0.53441966
vt 0.56040162 0.57151246
vt 0.56098121 0.60860652
vt 0.61598104 0.75968194
vt 0.15519083 0.011642277
vt 0.15519203 0.99234021
vt 0.15716483 0.087527275
vt 0.16171603 0.12527466
vt 0.16229714 0.16296363
vt 0.16292243 0.20062613
vt 0.16292243 0.20062613
vt 0.15531874 0.95426357
vt 0.1571826 0.87873453
vt 0.16171679 0.84103847
vt 0.16229688 0.80336344
vt 0.16292243 0.76569593
vt 0.16292243 0.76569593
vt 0.52332169 0.60244602
vt 0.51991987 0.67835397
vt 0.51869607 0.71632093
vt 0.51517892 0.75429076
vt 0.76891947 0.92961729
vt 0.80601436 0.93078965
vt 0.80601436 0.93078965
vt 0.84310967 0.93316531
vt 0.90223861 0.77944481
vt 0.88020521 0.93374252
vt 0.52331972 0.56449574
vt 0.52007353 0.4885515
vt 0.51876026 0.45056778
vt 0.55662388 0.46021456
vt 0.51528448 0.41266656
vt 0.55791044 0.49732465
vt 0.55791044 0.49732465
vt 0.56035793 0.53441876
vt 0.56097925 0.57151234
vt 0.60962349 0.72324198
vt 0.15711533 0.049712121
vt 0.16170125 0.08758527
vt 0.16229688 0.12530732
vt 0.16292265 0.16297293
vt 0.16292265 0.16297293
vt 0.15716542 0.91645819
vt 0.1617167 0.87871403
vt 0.1622977 0.84102619
vt 0.1629228 0.80335993
vt 0.1629228 0.80335993
vt 0.51988763 0.64039844
vt 0.51859629 0.67835844
vt 0.51517242 0.71632695
vt 0.7318247 0.92961729
vt 0.76891959 0.93078965
vt 0.76891959 0.93078965
vt 0.80601436 0.93316495
vt 0.91354352 0.74422443
vt 0.84310967 0.93374252
vt 0.51991731 0.5265221
vt 0.51874816 0.48854411
vt 0.5567373 0.42307884
vt 0.51523966 0.45057774
vt 0.55779636 0.46022445
vt 0.55779636 0.46022445
vt 0.56028587 0.49732757
vt 0.56093508 0.53441924
vt 0.61217123 0.68633908
vt 0.15710671 0.011635303
vt 0.15710799 0.99234718
vt 0.16165762 0.04988414
vt 0.16228771 0.087662518
vt 0.16292256 0.12532973
vt 0.16292256 0.12532973
vt 0.15711616 0.95427102
vt 0.16170189 0.9163999
vt 0.1622974 0.8786816
vt 0.16292307 0.84101665
vt 0.16292307 0.84101665
vt 0.51987654 0.60244328
vt 0.51856363 0.64039999
vt 0.51507467 0.67836481
vt 0.69472992 0.92961729
vt 0.7318247 0.93078965
vt 0.7318247 0.93078965
vt 0.76891959 0.93316495
vt 0.9160915 0.70732176
vt 0.80601448 0.93374252
vt 0.51987457 0.56448537
vt 0.51859474 0.52651477
vt 0.5152241 0.48853737
vt 0.50913489 0.92962271
vt 0.55789459 0.38588977
vt 0.55791146 0.42311251
vt 0.55791146 0.42311251
vt 0.56017238 0.46024394
vt 0.56086326 0.49733049
vt 0.62347639 0.65111876
vt 0.16170241 0.01226455
vt 0.1617035 0.99171782
vt 0.16226152 0.050055742
vt 0.16291934 0.087710798
vt 0.16291934 0.087710798
vt 0.16165853 0.95409906
vt 0.16228822 0.91632265
vt 0.16292295 0.87865895
vt 0.16292295 0.87865895
vt 0.51855242 0.60244095
vt 0.51504129 0.64040208
vt 0.65763551 0.92961729
vt 0.69473004 0.93078965
vt 0.69473004 0.93078965
vt 0.73182482 0.93316495
vt 0.90973383 0.67088169
vt 0.76891959 0.93374252
vt 0.51855052 0.56447953
vt 0.5150736 0.52650499
vt 0.54632688 0.92961621
vt 0.50925386 0.93079269
vt 0.5590623 0.38603276
vt 0.50925386 0.93079269
vt 0.5590623 0.38603276
vt 0.56028682 0.42317688
vt 0.56075007 0.460253
vt 0.64288181 0.61962712
vt 0.16229236 0.012535751
vt 0.16229346 0.99144655
vt 0.16291068 0.050141037
vt 0.16291068 0.050141037
vt 0.16226237 0.95392793
vt 0.16292001 0.91627508
vt 0.16292001 0.91627508
vt 0.51502997 0.60244071
vt 0.6205399 0.92961729
vt 0.65763599 0.93078965
vt 0.65763599 0.93078965
vt 0.6947304 0.93316495
vt 0.8948403 0.63702238
vt 0.73182493 0.9337424
vt 0.51502854 0.56447554
vt 0.58344048 0.92961705
vt 0.54634422 0.93078929
vt 0.54634422 0.93078929
vt 0.5092988 0.93316579
vt 0.56143469 0.38612914
vt 0.56086481 0.42319667
vt 0.66925949 0.59369463
vt 0.16292155 0.012654543
vt 0.16292265 0.9913283
vt 0.16292155 0.012654543
vt 0.16292265 0.9913283
vt 0.16291156 0.9538424
vt 0.16291156 0.9538424
vt 0.62054151 0.93078965
vt 0.62054151 0.93078965
vt 0.65763706 0.93316495
vt 0.87227648 0.60771066
vt 0.69473064 0.9337424
vt 0.58344573 0.93078965
vt 0.58344573 0.93078965
vt 0.54637414 0.93316543
vt 0.7010771 0.57482815
vt 0.50936043 0.93374276
vt 0.56200993 0.38619852
vt 0.62054485 0.93316495
vt 0.84335357 0.58465081
vt 0.65763754 0.9337424
vt 0.58345562 0.93316495
vt 0.73648506 0.56412458
vt 0.54638696 0.93374276
vt 0.80975235 0.56918287
vt 0.62054658 0.9337424
vt 0.7734257 0.56220561
vt 0.58346057 0.93374252
vt 0.68704259 0.88593793
vt 0.69453496 0.88593793
vt 0.70191008 0.88593793
vt 0.70932299 0.88593793
vt 0.71685469 0.88593793
vt 0.72422564 0.88593793
vt 0.73163891 0.88593793
vt 0.73913968 0.88593793
vt 0.74649739 0.88593793
vt 0.75404835 0.88593793
vt 0.76153868 0.88593793
vt 0.7689603 0.88593793
vt 0.64250463 0.88593793
vt 0.77615404 0.88593793
vt 0.64995521 0.88593793
vt 0.65728128 0.88593793
vt 0.66472358 0.88593793
vt 0.67966866 0.88593793
vt 0.67215526 0.88593793
vt 0.66044682 0.23961926
vt 0.66918629 0.075726569
vt 0.63822597 0.24338311
vt 0.63822597 0.24338311
vt 0.61582631 0.2448045
vt 0.61582631 0.2448045
vt 0.5934189 0.24612749
vt 0.5934189 0.24612749
vt 0.57103211 0.24747658
vt 0.57103211 0.24747658
vt 0.54848945 0.24746937
vt 0.54848945 0.24746937
vt 0.52724671 0.25543374
vt 0.52724671 0.25543374
vt 0.50984436 0.27000487
vt 0.87703812 0.30265534
vt 0.50984436 0.27000487
vt 0.87703812 0.30265534
vt 0.87010068 0.28105694
vt 0.87010068 0.28105694
vt 0.85645038 0.26296926
vt 0.85645038 0.26296926
vt 0.83814663 0.24966025
vt 0.83814663 0.24966025
vt 0.81722581 0.24112624
vt 0.81722581 0.24112624
vt 0.79513627 0.23655272
vt 0.79513627 0.23655272
vt 0.77267826 0.23483479
vt 0.77267826 0.23483479
vt 0.75017935 0.23484683
vt 0.75017935 0.23484683
vt 0.7277354 0.23612726
vt 0.7277354 0.23612726
vt 0.70534629 0.23795092
vt 0.70534629 0.23795092
vt 0.68280602 0.23777753
vt 0.69164693 0.075726569
vt 0.71635872 0.095695555
vt 0.66918629 0.053120017
vt 0.73827618 0.090361357
vt 0.64672583 0.053120017
vt 0.76069641 0.092845082
vt 0.62426555 0.053120017
vt 0.60180539 0.053120017
vt 0.78091449 0.10284716
vt 0.57934487 0.053120017
vt 0.79649282 0.11916083
vt 0.55688423 0.053120017
vt 0.80555177 0.13981873
vt 0.53442305 0.053120017
vt 0.80699891 0.16232932
vt 0.5119614 0.053120017
vt 0.91625738 0.053120017
vt 0.80065942 0.18397725
vt 0.89379567 0.053120017
vt 0.78729844 0.2021516
vt 0.87133414 0.053120017
vt 0.76852721 0.21466053
vt 0.84887278 0.053120017
vt 0.74660999 0.21999454
vt 0.82641172 0.053120017
vt 0.72419 0.2175107
vt 0.70397133 0.20750862
vt 0.80395067 0.053120017
vt 0.68839312 0.19119483
vt 0.78148991 0.053120017
vt 0.67933393 0.17053664
vt 0.75902897 0.053120017
vt 0.67788649 0.14802623
vt 0.73656827 0.053120017
vt 0.68422592 0.12637824
vt 0.71410751 0.053120017
vt 0.69758713 0.10820431
vt 0.69164693 0.053120017
vt 0.74244303 0.15517753
vt 0.71769339 0.098739147
vt 0.73848945 0.093677938
vt 0.75976235 0.096034646
vt 0.77894604 0.1055249
vt 0.7937271 0.12100381
vt 0.80232257 0.14060467
vt 0.80369562 0.16196322
vt 0.79768074 0.18250352
vt 0.78500324 0.19974804
vt 0.76719254 0.21161664
vt 0.74639672 0.21667784
vt 0.72512394 0.21432132
vt 0.70593989 0.20483077
vt 0.69115871 0.18935186
vt 0.68256313 0.16975069
vt 0.68118978 0.14839214
vt 0.68720484 0.12785196
vt 0.69988245 0.11060762
vt 0.66098452 0.2466138
vt 0.65266454 0.037872374
vt 0.6385591 0.24824482
vt 0.63254023 0.037872374
vt 0.6161297 0.249672
vt 0.61241639 0.037872374
vt 0.59229207 0.037872374
vt 0.59371525 0.25100094
vt 0.57216793 0.037872374
vt 0.57130945 0.25232619
vt 0.55204338 0.037872493
vt 0.54951566 0.25240314
vt 0.53191864 0.037872493
vt 0.52971965 0.25965929
vt 0.51179349 0.037872493
vt 0.87403536 0.037872374
vt 0.51364923 0.27318013
vt 0.87212247 0.3033191
vt 0.85391015 0.037872374
vt 0.86568576 0.28332388
vt 0.83378512 0.037872374
vt 0.85294026 0.26648641
vt 0.81366014 0.037872374
vt 0.83568567 0.25397909
vt 0.79353535 0.037872374
vt 0.81572831 0.24585903
vt 0.79439437 0.24144578
vt 0.7734108 0.037872374
vt 0.77245432 0.2397536
vt 0.75328642 0.037872374
vt 0.75029242 0.23976457
vt 0.73316199 0.037872374
vt 0.72804862 0.241014
vt 0.71303749 0.037872374
vt 0.70574224 0.24281955
vt 0.69291312 0.037872374
vt 0.68338478 0.24477321
vt 0.6727888 0.037872374
vt 0.65266454 0.046193719
vt 0.63254023 0.046193719
vt 0.61241627 0.046193719
vt 0.59229207 0.046193719
vt 0.57216781 0.046193719
vt 0.55204338 0.046193838
vt 0.53191864 0.046193838
vt 0.51179349 0.046193838
vt 0.87403536 0.046193719
vt 0.85391015 0.046193719
vt 0.83378512 0.046193719
vt 0.81366014 0.046193719
vt 0.79353535 0.046193719
vt 0.7734108 0.046193719
vt 0.75328642 0.046193719
vt 0.73316199 0.046193719
vt 0.71303749 0.046193719
vt 0.69291312 0.046193719
vt 0.6727888 0.046193719
vt 0.66061044 0.24175495
vt 0.66061044 0.24175495
vt 0.63807839 0.24124622
vt 0.64672583 0.075726569
vt 0.61569107 0.24266392
vt 0.62426555 0.075726569
vt 0.60180539 0.075726569
vt 0.59328395 0.24398261
vt 0.57934487 0.075726569
vt 0.57083464 0.24534369
vt 0.55688423 0.075726569
vt 0.54792565 0.24527681
vt 0.53442305 0.075726569
vt 0.52614754 0.2536242
vt 0.51196152 0.075726748
vt 0.91625738 0.075726449
vt 0.50818557 0.26859719
vt 0.87919772 0.30234873
vt 0.89379567 0.075726449
vt 0.87204897 0.28007102
vt 0.87133414 0.075726449
vt 0.85801381 0.26143348
vt 0.84887278 0.075726449
vt 0.83925748 0.24776453
vt 0.82641172 0.075726449
vt 0.81791312 0.23904014
vt 0.79548705 0.23439205
vt 0.80395067 0.075726569
vt 0.77279395 0.23266518
vt 0.78148991 0.075726569
vt 0.75014168 0.2326746
vt 0.75902897 0.075726569
vt 0.72760707 0.23397404
vt 0.73656827 0.075726569
vt 0.70517844 0.23580801
vt 0.71410751 0.075726569
vt 0.68298048 0.23991412
vt 0.68298048 0.23991412
vt 0.72755611 0.12122995
vt 0.74006498 0.11818576
vt 0.75286061 0.11960322
vt 0.76439965 0.12531167
vt 0.77329028 0.1346221
vt 0.77846032 0.14641201
vt 0.77928632 0.15925914
vt 0.77566844 0.17161399
vt 0.76804298 0.18198645
vt 0.75732982 0.18912536
vt 0.74482119 0.19216955
vt 0.73202568 0.19075215
vt 0.7204864 0.18504363
vt 0.71159565 0.17573297
vt 0.70642549 0.16394305
vt 0.70559949 0.15109611
vt 0.70921731 0.13874137
vt 0.71684283 0.12836885
vt 0.9399035 0.6752578
vt 0.9399035 0.64847708
vt 0.9399035 0.62169635
vt 0.9399035 0.59491599
vt 0.9399035 0.56813574
vt 0.93990356 0.54135573
vt 0.93990356 0.51457596
vt 0.93990356 0.48779559
vt 0.9399035 0.46101499
vt 0.9399035 0.43423378
vt 0.9399035 0.88950682
vt 0.9399035 0.40745229
vt 0.9399035 0.86272514
vt 0.9399035 0.8359437
vt 0.9399035 0.80916238
vt 0.9399035 0.7823813
vt 0.9399035 0.75560033
vt 0.9399035 0.72881949
vt 0.9399035 0.70203876
vt 0.65732163 0.15813977
vt 0.96767306 0.6752578
vt 0.65349728 0.18012065
vt 0.96767306 0.64847708
vt 0.6423856 0.19946778
vt 0.96767306 0.62169635
vt 0.96767306 0.59491599
vt 0.62532717 0.21384776
vt 0.96767306 0.56813574
vt 0.60437912 0.22152615
vt 0.96767306 0.54135573
vt 0.5820685 0.22157681
vt 0.96767306 0.51457596
vt 0.56108582 0.21399349
vt 0.96767306 0.48779559
vt 0.54396218 0.19969118
vt 0.96767306 0.46101499
vt 0.53276283 0.18039471
vt 0.96767306 0.43423378
vt 0.52883869 0.15843159
vt 0.96767306 0.88950682
vt 0.96767306 0.40745229
vt 0.53266311 0.13645065
vt 0.96767306 0.86272514
vt 0.5437746 0.11710352
vt 0.5608331 0.10272348
vt 0.96767306 0.8359437
vt 0.58178103 0.095044971
vt 0.96767306 0.80916238
vt 0.6040917 0.094994187
vt 0.96767306 0.7823813
vt 0.62507421 0.10257739
vt 0.96767306 0.75560033
vt 0.64219797 0.11687976
vt 0.96767306 0.72881949
vt 0.65339744 0.13617635
vt 0.96767306 0.70203876
vt 0.59308034 0.15828568
vt 0.65402257 0.15814734
vt 0.65402257 0.15814734
vt 0.65039438 0.17899925
vt 0.65039438 0.17899925
vt 0.63985354 0.19735283
vt 0.63985354 0.19735283
vt 0.62367105 0.21099436
vt 0.62367105 0.21099436
vt 0.60379893 0.21827841
vt 0.60379893 0.21827841
vt 0.58263403 0.21832639
vt 0.58263403 0.21832639
vt 0.562729 0.21113259
vt 0.562729 0.21113259
vt 0.54648477 0.19756472
vt 0.54648477 0.19756472
vt 0.5358606 0.17925924
vt 0.5358606 0.17925924
vt 0.53213793 0.15842414
vt 0.53213793 0.15842414
vt 0.53576589 0.13757217
vt 0.53576589 0.13757217
vt 0.54630685 0.11921853
vt 0.54630685 0.11921853
vt 0.56248933 0.10557705
vt 0.56248933 0.10557705
vt 0.5823614 0.098292887
vt 0.5823614 0.098292887
vt 0.60352618 0.098244786
vt 0.60352618 0.098244786
vt 0.62343127 0.10543841
vt 0.62343127 0.10543841
vt 0.63967556 0.11900622
vt 0.63967556 0.11900622
vt 0.65029991 0.13731182
vt 0.65029991 0.13731182
vn 0.51065568 -0.84471869 0.16025327
vn 0.51733751 -0.85578145 -8.4311703e-08
vn 0.42822721 -0.70836661 -0.56110445
vn 0.51733749 -0.85578147 -8.4311705e-08
vn 0.58530841 -0.58529524 -0.56110922
vn 0.70710657 -0.70710699 -8.4311876e-08
vn 0.69796938 -0.69796795 0.16024821
vn 0.70710657 -0.70710699 -8.4311876e-08
vn 0.48471108 -0.80179309 0.34954687
vn 0.66250667 -0.6624985 0.3495435
vn 0.29365494 -0.94238389 0.1602479
vn 0.29750287 -0.95472092 -8.4311712e-08
vn 0.24625504 -0.79027055 -0.56109795
vn 0.29750288 -0.95472092 -8.4311716e-08
vn 0.36938137 -0.36937344 -0.85271371
vn 0.27024771 -0.44704184 -0.85271318
vn 0.70837783 -0.42821285 -0.56110124
vn 0.85578067 -0.51733882 -5.6207956e-08
vn 0.84472024 -0.51065468 0.16024828
vn 0.85578067 -0.51733882 -5.6207956e-08
vn 0.41302337 -0.68321159 0.60219069
vn 0.56452394 -0.56451721 0.6021902
vn 0.27873648 -0.89449725 0.34954347
vn 0.80179557 -0.48470692 0.34954695
vn 0.059595557 -0.98527512 0.16025386
vn 0.06037825 -0.99817557 -5.6207825e-08
vn 0.049974283 -0.82623389 -0.56110616
vn 0.060378239 -0.99817557 -5.6207821e-08
vn 0.15540798 -0.49873144 -0.85271056
vn 0.29203788 -0.4831054 -0.82542295
vn 0.29203788 -0.4831054 -0.82542295
vn 0.39916449 -0.3991782 -0.82542382
vn 0.39916449 -0.3991782 -0.82542382
vn 0.44704772 -0.27024194 -0.85271193
vn 0.79027179 -0.24624835 -0.56109915
vn 0.79027179 -0.24624835 -0.56109915
vn 0.95472036 -0.29750467 -2.4590905e-08
vn 0.9423805 -0.2936581 0.16026202
vn 0.95472036 -0.29750467 -2.4590907e-08
vn 0.66165379 -0.66165188 0.35274785
vn 0.4840822 -0.80077065 0.3527475
vn 0.23751435 -0.76220367 0.60218976
vn 0.6832122 -0.41301929 0.60219279
vn 0.056569108 -0.93521078 0.34954361
vn 0.89449517 -0.27873828 0.34954738
vn -0.18025479 -0.98361995 5.6207783e-08
vn -0.17792205 -0.97090805 0.16025385
vn -0.18025479 -0.98361995 5.6207783e-08
vn -0.14919747 -0.81416881 -0.56113213
vn 0.031537572 -0.52142683 -0.85271299
vn 0.16794405 -0.53895439 -0.8254229
vn 0.16794405 -0.53895439 -0.8254229
vn 0.48310313 -0.29204806 -0.82542068
vn 0.48310313 -0.29204806 -0.82542068
vn 0.67728057 -0.67729219 -0.28734355
vn 0.49551571 -0.81969453 -0.28734136
vn 0.49872859 -0.15540596 -0.8527126
vn 0.49872859 -0.15540596 -0.8527126
vn 0.82624199 -0.04997676 -0.56109402
vn 0.99817546 -0.060380002 1.7564939e-09
vn 0.98527203 -0.059599599 0.1602714
vn 0.99817546 -0.060380002 1.7564943e-09
vn 0.27837796 -0.89335051 0.35274718
vn 0.80077025 -0.48408256 0.3527479
vn 0.04820257 -0.79689764 0.60218822
vn 0.76220461 -0.23751637 0.60218777
vn -0.16888486 -0.9215711 0.34954915
vn 0.93521256 -0.056571551 0.34953845
vn -0.41041242 -0.91190002 2.8103894e-08
vn -0.40511115 -0.90011318 0.16025359
vn -0.41041242 -0.91190002 2.8103887e-08
vn -0.33971786 -0.75480675 -0.56112258
vn -0.09415661 -0.5138107 -0.85272099
vn 0.034084087 -0.56348732 -0.82542129
vn 0.034084087 -0.56348732 -0.82542129
vn 0.28495487 -0.9144591 -0.28734174
vn 0.53895875 -0.16794523 -0.82541981
vn 0.53895875 -0.16794523 -0.82541981
vn 0.53895875 -0.16794523 -0.82541981
vn 0.53895875 -0.16794523 -0.82541981
vn 0.81969129 -0.49552345 -0.28733726
vn 0.52143392 -0.031540899 -0.85270853
vn 0.81419048 0.14920769 -0.56109796
vn 0.98362007 0.18025412 -5.2694801e-09
vn 0.97090892 0.17791555 0.16025581
vn 0.98362007 0.18025412 -5.2694801e-09
vn 0.056497247 -0.9340113 0.35274772
vn 0.89335013 -0.27837938 0.35274703
vn 0.48408196 -0.8007707 -0.3527477
vn 0.661653 -0.66165252 -0.35274814
vn -0.14390767 -0.78527373 0.60219246
vn 0.79690605 -0.048204996 0.6021769
vn -0.38452685 -0.854375 0.34954607
vn 0.92157407 0.16888225 0.34954259
vn -0.61671903 -0.78718336 -5.6207807e-08
vn -0.60874067 -0.77700929 0.16028523
vn -0.61671903 -0.78718336 -5.6207807e-08
vn -0.51049729 -0.65158399 -0.56109788
vn -0.21438997 -0.47634906 -0.85271831
vn -0.10175729 -0.55526959 -0.82542179
vn -0.10175729 -0.55526959 -0.82542179
vn 0.057832123 -0.95608135 -0.28733934
vn 0.56348849 -0.034085337 -0.82542045
vn 0.56348849 -0.034085337 -0.82542045
vn 0.91446047 -0.28495741 -0.28733486
vn 0.91446047 -0.28495741 -0.28733486
vn 0.49415331 -0.81743196 0.29600252
vn 0.67541503 -0.6754226 0.2960048
vn 0.51382827 0.094161993 -0.85270982
vn 0.75481425 0.33971252 -0.56111573
vn 0.91190011 0.41041222 2.4590902e-08
vn 0.90012074 0.4050979 0.16024464
vn 0.91190011 0.41041222 2.4590902e-08
vn -0.16866797 -0.92039133 0.35274765
vn 0.27837834 -0.8933503 -0.35274741
vn 0.93401154 -0.056498361 0.3527469
vn 0.80076966 -0.48408308 -0.35274853
vn 0.56451475 -0.56452215 -0.60219419
vn 0.41301819 -0.68321345 -0.60219213
vn -0.32765632 -0.72801714 0.60218965
vn 0.78527769 0.14391106 0.60218648
vn -0.57781766 -0.73752509 0.34954756
vn 0.85437954 0.38452045 0.34954203
vn -0.78718339 -0.61671899 -2.8103901e-08
vn -0.77700099 -0.60875186 0.16028298
vn -0.78718339 -0.61671899 -2.8103903e-08
vn -0.65158437 -0.51048844 -0.56110548
vn -0.32216643 -0.41120841 -0.85271123
vn -0.23168423 -0.514782 -0.82542226
vn -0.23168423 -0.514782 -0.82542226
vn -0.17265548 -0.9421392 -0.28733919
vn 0.2841726 -0.91193809 0.29599807
vn 0.55527412 0.10175621 -0.82541888
vn 0.55527412 0.10175621 -0.82541888
vn 0.95608123 -0.057834105 -0.28733935
vn 0.81743238 -0.4941557 0.29599737
vn 0.27757752 -0.4591732 0.84386652
vn 0.27757752 -0.4591732 0.84386652
vn 0.37939407 -0.37940367 0.84386788
vn 0.37939407 -0.37940367 0.84386788
vn 0.47635312 0.21438897 -0.85271629
vn 0.65156906 0.51048165 -0.56112944
vn 0.7871842 0.61671796 8.4311668e-08
vn 0.77701514 0.60874264 0.16024941
vn 0.7871842 0.61671796 8.4311668e-08
vn -0.38403116 -0.85328158 0.35274724
vn 0.05649757 -0.93401122 -0.35274789
vn 0.23751469 -0.76220339 -0.60218997
vn 0.92039193 0.16866507 0.35274748
vn 0.89334974 -0.27837951 -0.3527479
vn 0.68321384 -0.41301896 -0.60219115
vn 0.66249775 -0.66250484 -0.34954837
vn 0.48470169 -0.8017978 -0.34954908
vn -0.49236803 -0.62845318 0.60217964
vn 0.72801735 0.32765449 0.6021904
vn -0.7375307 -0.57781326 0.34954297
vn 0.73753211 0.57781288 0.34954064
vn -0.91189987 -0.41041276 -3.512985e-09
vn -0.90011567 -0.40510503 0.16025508
vn -0.91189986 -0.41041278 -3.5129848e-09
vn -0.754807 -0.33972621 -0.56111718
vn -0.41120754 -0.3221636 -0.85271272
vn -0.34814239 -0.44438014 -0.82542302
vn -0.34814239 -0.44438014 -0.82542302
vn -0.39310473 -0.87344383 -0.28734049
vn 0.057672646 -0.95344716 0.29599388
vn 0.15962942 -0.51226121 0.84386426
vn 0.15962942 -0.51226121 0.84386426
vn 0.51478429 0.2316851 -0.82542059
vn 0.51478429 0.2316851 -0.82542059
vn 0.94214074 0.17265155 -0.28733651
vn 0.91194017 -0.28417078 0.29599339
vn 0.91194017 -0.28417078 0.29599339
vn 0.45917564 -0.27758111 0.84386401
vn 0.45917564 -0.27758111 0.84386401
vn -0.39276601 0.64973476 0.65082994
vn 0.064241935 -0.10626952 0.99225993
vn -0.53683773 0.53685805 0.65083691
vn 0.087809183 -0.087807484 0.99225974
vn 0.41119735 0.32215687 -0.85272017
vn 0.51047215 0.65158262 -0.56112233
vn 0.61671959 0.78718292 8.4311664e-08
vn 0.60875791 0.77700132 0.1602584
vn 0.61671957 0.78718294 8.4311667e-08
vn -0.5770751 -0.73658233 0.35274749
vn -0.16866743 -0.92039132 -0.35274794
vn 0.04820291 -0.79689748 -0.60218841
vn 0.27873648 -0.89449725 -0.34954347
vn 0.8532829 0.38402708 0.35274847
vn 0.93401119 -0.056498414 -0.35274781
vn 0.76220464 -0.23751452 -0.60218846
vn 0.80179984 -0.48470268 -0.34954303
vn 0.69796798 -0.69796935 -0.16024823
vn 0.70710675 -0.70710681 -3.4040013e-08
vn 0.5106472 -0.84472362 -0.16025429
vn 0.51733749 -0.85578147 -2.2693201e-08
vn -0.62846257 -0.49235873 0.60217745
vn 0.62845157 0.49235989 0.60218798
vn -0.85437769 -0.38452312 0.3495436
vn 0.57781196 0.73752982 0.349547
vn -0.98361993 -0.18025491 -4.8303545e-09
vn -0.97091008 -0.17791963 0.16024423
vn -0.98361993 -0.18025491 -4.8303545e-09
vn -0.81417836 -0.1492062 -0.56111595
vn -0.47635252 -0.21439484 -0.85271515
vn -0.44437922 -0.34814779 -0.82542124
vn -0.44437922 -0.34814779 -0.82542124
vn -0.59070713 -0.75398958 -0.28734091
vn -0.17217548 -0.93954256 0.29599895
vn 0.032397993 -0.53558183 0.84386164
vn 0.032397993 -0.53558183 0.84386164
vn -0.22586858 0.7248464 0.65083107
vn 0.036942453 -0.11855524 0.99226
vn 0.44438119 0.34814723 -0.82542041
vn 0.44438119 0.34814723 -0.82542041
vn 0.87344531 0.39310386 -0.28733717
vn 0.95344649 -0.057674183 0.29599575
vn 0.51226683 -0.15962603 0.84386149
vn 0.51226683 -0.15962603 0.84386149
vn 0.51226683 -0.15962603 0.84386149
vn 0.51226683 -0.15962603 0.84386149
vn -0.64971854 0.39278031 0.6508375
vn 0.10626897 -0.064242306 0.99225996
vn -0.51734056 0.85577961 0
vn -0.39276604 0.64973475 0.65082993
vn -0.70710863 0.70710493 0
vn -0.53683769 0.53685813 0.65083688
vn 0.32215568 0.41120445 -0.8527172
vn 0.33971971 0.75481885 -0.56110518
vn 0.41041352 0.91189953 -2.8103914e-08
vn 0.40511494 0.90010938 0.16026537
vn 0.41041352 0.91189953 -2.8103907e-08
vn -0.73658168 -0.57707523 0.35274866
vn -0.38403078 -0.85328165 -0.35274749
vn -0.14390708 -0.78527361 -0.60219276
vn 0.056569876 -0.93521074 -0.34954359
vn 0.29365494 -0.94238389 -0.1602479
vn 0.29750299 -0.95472089 -6.8079627e-08
vn 0.73658393 0.57707266 0.35274815
vn 0.9203913 0.16866563 -0.35274886
vn 0.79690128 -0.048206686 -0.60218308
vn 0.89449703 -0.27873402 -0.34954601
vn 0.84472443 -0.51064828 -0.16024659
vn 0.85578071 -0.51733875 -4.5386609e-08
vn -0.72801892 -0.32765632 0.6021875
vn 0.49235259 0.62845627 0.60218904
vn -0.92157414 -0.16888759 0.34953983
vn 0.38452409 0.85437796 0.34954189
vn -0.99817555 0.060378621 2.8543015e-08
vn -0.9852778 0.059601074 0.16023534
vn -0.99817555 0.060378614 2.8543013e-08
vn -0.82622884 0.04997922 -0.56111317
vn -0.51381655 -0.094162914 -0.85271677
vn -0.5147892 -0.23168505 -0.82541754
vn -0.5147892 -0.23168505 -0.82541754
vn -0.75398677 -0.59071182 -0.28733864
vn -0.39202089 -0.87103505 0.29600263
vn -0.096713462 -0.52776784 0.84386469
vn -0.096713462 -0.52776784 0.84386469
vn -0.045842788 0.75783948 0.65082852
vn 0.0074992706 -0.12395121 0.99225998
vn -0.29750381 0.95472063 0
vn -0.22586928 0.72484617 0.65083108
vn 0.34815111 0.44437879 -0.82542007
vn 0.34815111 0.44437879 -0.82542007
vn 0.75398832 0.59070998 -0.28733835
vn 0.93954506 0.17217485 0.2959914
vn 0.53558036 -0.032396668 0.84386263
vn 0.53558036 -0.032396668 0.84386263
vn -0.72484255 0.22587256 0.65083397
vn -0.72484255 0.22587256 0.65083397
vn 0.11855357 -0.036943715 0.99226015
vn 0.11855357 -0.036943715 0.99226015
vn -0.85578079 0.51733861 0
vn -0.64971865 0.39278016 0.65083748
vn -0.51734056 0.85577961 0
vn -0.40833268 0.67550469 0.61396892
vn -0.70710863 0.70710493 0
vn -0.55813924 0.55815152 0.61396048
vn 0.21439308 0.47635714 -0.85271301
vn 0.14920486 0.8141914 -0.56109738
vn 0.18025608 0.98361972 -5.620779e-08
vn 0.17792739 0.97090709 0.16025372
vn 0.18025608 0.98361972 -5.620779e-08
vn -0.85328121 -0.38403181 0.35274742
vn -0.57707588 -0.73658191 -0.35274711
vn -0.32765589 -0.72801717 -0.60218985
vn -0.16888412 -0.92157122 -0.34954919
vn 0.059597109 -0.98527503 -0.16025385
vn 0.060378269 -0.99817557 -4.5386435e-08
vn 0.57707706 0.73658076 0.35274758
vn 0.85328258 0.38402754 -0.35274876
vn 0.7852806 0.14390876 -0.60218323
vn 0.93521072 -0.056571324 -0.34954342
vn 0.94238244 -0.29365393 -0.16025825
vn 0.95472028 -0.29750492 -1.4183251e-08
vn -0.78527612 -0.1439107 0.60218861
vn 0.32765297 0.72802474 0.60218229
vn -0.93521571 0.056570817 0.34953014
vn 0.16888842 0.92157262 0.34954343
vn -0.9547208 0.29750326 5.7964268e-08
vn -0.94238229 0.2936669 0.16023536
vn -0.9547208 0.29750326 5.7964268e-08
vn -0.79025434 0.24625664 -0.56112008
vn -0.79025434 0.24625664 -0.56112008
vn -0.52142172 0.031541186 -0.85271598
vn -0.5552761 -0.10175782 -0.82541735
vn -0.5552761 -0.10175782 -0.82541735
vn -0.8734453 -0.39310534 -0.28733518
vn -0.58908341 -0.75190773 0.29599916
vn -0.22020618 -0.48928209 0.84386745
vn -0.22020618 -0.48928209 0.84386745
vn -0.022381699 -0.12214384 0.99226002
vn 0.1368485 0.74679236 0.65082536
vn -0.06037733 0.99817562 0
vn -0.045843555 0.75783942 0.65082853
vn -0.29750381 0.95472063 0
vn -0.23482153 0.75359976 0.61395949
vn 0.23168174 0.51478245 -0.82542268
vn 0.23168174 0.51478245 -0.82542268
vn 0.59071105 0.75398766 -0.2873379
vn 0.87103819 0.39201942 0.29599535
vn 0.52777503 0.096715831 0.84385992
vn 0.52777503 0.096715831 0.84385992
vn -0.75783688 0.045842175 0.65083159
vn 0.12395171 -0.0074978713 0.99225992
vn -0.95472006 0.29750563 0
vn -0.95472006 0.29750563 0
vn -0.72484239 0.22587305 0.65083399
vn -0.72484239 0.22587305 0.65083399
vn -0.85578079 0.51733861 0
vn -0.67550859 0.40835048 0.61395279
vn -0.40833307 0.6755044 0.61396898
vn 0 0 1
vn -0.55813918 0.55815158 0.61396048
vn 0 0 1
vn 0.094162451 0.51382685 -0.85271062
vn -0.060377983 0.99817559 0
vn -0.049975889 0.82623395 -0.56110593
vn -0.060377983 0.99817559 0
vn -0.059597017 0.98527703 0.1602416
vn -0.92039106 -0.16866985 0.35274746
vn -0.73658344 -0.57707389 -0.35274716
vn -0.49236002 -0.62845668 -0.60218254
vn -0.38452201 -0.85437707 -0.34954634
vn -0.18025494 -0.98361993 0
vn -0.17792052 -0.97090833 -0.16025387
vn 0.3840318 0.85328109 0.35274774
vn 0.73658415 0.57707252 -0.35274793
vn 0.72801489 0.32765603 -0.60219253
vn 0.92157592 0.16888248 -0.34953759
vn 0.98527293 -0.059595238 -0.16026747
vn 0.99817546 -0.060380065 -1.4183252e-09
vn -0.79689873 0.048203685 0.6021867
vn 0.14391116 0.78527655 0.60218794
vn -0.8944952 0.2787427 0.34954376
vn -0.056567783 0.93521086 0.34954359
vn -0.85578124 0.51733787 8.4311665e-08
vn -0.84472279 0.51065096 0.16024669
vn -0.85578126 0.51733783 8.4311667e-08
vn -0.70836063 0.42821557 -0.56112088
vn -0.49871586 0.15540959 -0.85271938
vn -0.49871586 0.15540959 -0.85271938
vn -0.56349118 0.034085945 -0.82541858
vn -0.56349118 0.034085945 -0.82541858
vn -0.94214163 -0.17265439 -0.2873319
vn -0.75191146 -0.58908075 0.29599499
vn -0.33090435 -0.42236744 0.84386495
vn -0.33090435 -0.42236744 0.84386495
vn -0.050960252 -0.11323826 0.99226012
vn 0.31158646 0.69233892 0.65083078
vn 0.13684809 0.74679243 0.65082537
vn 0.18025681 0.98361958 0
vn -0.06037733 0.99817562 0
vn -0.047658127 0.78789521 0.61396241
vn -0.23482006 0.75360025 0.61395944
vn 0 0 1
vn 0.10175581 0.55526804 -0.82542302
vn 0.10175581 0.55526804 -0.82542302
vn 0.39310276 0.87344455 -0.28734099
vn 0.75190945 0.58907994 0.29600169
vn 0.48928829 0.22020922 0.84386306
vn 0.48928829 0.22020922 0.84386306
vn -0.74679366 -0.13685254 0.65082303
vn 0.12214386 0.022383844 0.99225997
vn -0.9981755 0.060379445 0
vn -0.75783694 0.045841385 0.65083158
vn -0.95472006 0.29750563 0
vn -0.95472006 0.29750563 0
vn -0.75361654 0.23482806 0.61393639
vn -0.75361654 0.23482806 0.61393639
vn -0.67550804 0.40835143 0.61395277
vn 0 0 1
vn -6.3672374e-08 -2.4083522e-09 1
vn -0.031539879 0.52142643 -0.85271315
vn -0.29750274 0.95472097 0
vn -0.24625683 0.7902584 -0.56111429
vn -0.29750274 0.95472097 0
vn -0.29365435 0.94238305 0.16025391
vn -0.93401034 0.056497616 0.3527502
vn -0.85328207 -0.38403075 -0.3527465
vn -0.62844931 -0.49236577 -0.60218553
vn -0.57781147 -0.73752802 -0.34955161
vn -0.41041244 -0.91190001 -2.269321e-08
vn -0.40510135 -0.90011745 -0.16025441
vn 0.16866852 0.92039121 0.35274771
vn 0.57707723 0.73658051 -0.35274781
vn 0.62844831 0.49236047 -0.60219091
vn 0.85437633 0.38452539 -0.34954444
vn 0.97090722 0.1779227 -0.16025819
vn 0.98362009 0.18025406 4.2549743e-09
vn -0.76219892 0.2375138 0.60219598
vn -0.048201711 0.79689421 0.60219284
vn -0.80179172 0.48471215 0.34954852
vn -0.27872923 0.89449697 0.34954998
vn -0.70710657 0.70710699 1.1241555e-07
vn -0.70710657 0.70710699 1.1241555e-07
vn -0.69797772 0.6979568 0.16026044
vn -0.69797772 0.6979568 0.16026044
vn -0.70710663 0.70710693 1.1241556e-07
vn -0.70710663 0.70710693 1.1241556e-07
vn -0.58528657 0.5853035 -0.56112338
vn -0.44703469 0.27024279 -0.85271849
vn -0.53895703 0.16794615 -0.82542075
vn -0.53895703 0.16794615 -0.82542075
vn -0.53895703 0.16794615 -0.82542075
vn -0.53895703 0.16794615 -0.82542075
vn -0.95608301 0.057833739 -0.28733348
vn -0.87103757 -0.3920203 0.29599602
vn -0.42237431 -0.33090249 0.84386224
vn -0.42237431 -0.33090249 0.84386224
vn -0.07658022 -0.097751484 0.99226011
vn 0.46822716 0.59764786 0.65083052
vn 0.3115858 0.69233922 0.65083078
vn 0.41041376 0.91189942 0
vn 0.14227222 0.77640689 0.61396331
vn 0.18025681 0.98361958 0
vn -0.047659832 0.78789512 0.61396239
vn 0 0 1
vn -0.034083909 0.56348518 -0.82542276
vn -0.034083909 0.56348518 -0.82542276
vn 0.1726529 0.94213896 -0.28734153
vn 0.58908645 0.75190487 0.29600038
vn 0.42236601 0.33090102 0.84386698
vn 0.42236601 0.33090102 0.84386698
vn -0.69234024 -0.31159767 0.650824
vn 0.11323614 0.05096418 0.99226016
vn -0.98362 -0.18025453 0
vn -0.7467934 -0.13685373 0.65082307
vn -0.9981755 0.060379445 0
vn -0.787921 0.047658752 0.61392926
vn -0.75361695 0.23482675 0.61393638
vn -0.75361695 0.23482675 0.61393638
vn 0 0 1
vn -0.15540788 0.49872283 -0.85271562
vn -0.51733749 0.85578147 5.6207776e-08
vn -0.42820507 0.70836843 -0.56111904
vn -0.51733749 0.85578147 5.6207773e-08
vn -0.51065411 0.84471735 0.16026538
vn -0.89334971 0.2783783 0.35274895
vn -0.92039145 -0.16866967 -0.35274655
vn -0.72801833 -0.32765698 -0.60218786
vn -0.73752245 -0.57781758 -0.34955324
vn -0.61671899 -0.78718339 -4.5386414e-08
vn -0.60874629 -0.77700514 -0.16028403
vn -0.056497121 0.93401124 0.35274789
vn 0.38403272 0.85328066 -0.35274776
vn 0.49236211 0.62845179 -0.60218593
vn 0.73752326 0.57782066 -0.34954646
vn 0.90011738 0.40510454 -0.16024673
vn 0.91190014 0.41041215 1.4183243e-08
vn -0.68320663 0.41302505 0.60219516
vn -0.23750845 0.76220354 0.60219224
vn -0.66250054 0.66250382 0.34954502
vn -0.66250054 0.66250382 0.34954502
vn -0.48469997 0.80179706 0.34955316
vn -0.36937269 0.36937597 -0.85271637
vn -0.48310603 0.2920477 -0.82541911
vn -0.48310603 0.2920477 -0.82541911
vn -0.91446069 0.2849562 -0.28733537
vn -0.91446069 0.2849562 -0.28733537
vn -0.93954196 -0.17217875 0.29599895
vn -0.48929083 -0.22020768 0.84386199
vn -0.48929083 -0.22020768 0.84386199
vn -0.097751454 -0.076583205 0.99225988
vn 0.59764702 0.46822551 0.65083248
vn 0.46822696 0.59764799 0.65083054
vn 0.61671975 0.78718279 0
vn 0.32394939 0.71980964 0.61394696
vn 0.41041376 0.91189942 0
vn 0 0 1
vn 0.14227407 0.77640655 0.61396332
vn -0.16794605 0.53895417 -0.82542263
vn -0.16794605 0.53895417 -0.82542263
vn -0.057831075 0.9560808 -0.28734139
vn 0.39202438 0.87103517 0.29599766
vn 0.33090583 0.42236347 0.84386636
vn 0.33090583 0.42236347 0.84386636
vn -0.59764997 -0.46822699 0.6508287
vn 0.097746172 0.076583096 0.99226041
vn -0.91189897 -0.41041475 0
vn -0.6923406 -0.31159701 0.65082394
vn -0.98362 -0.18025453 0
vn -0.77641415 -0.14227925 0.61395251
vn -0.78792109 0.047657062 0.61392928
vn 1.6454017e-05 0 1
vn -0.27023978 0.44704161 -0.85271581
vn -0.8007717 0.48407998 0.35274815
vn -0.93401124 0.056497407 -0.35274786
vn -0.7852772 -0.14390834 -0.60218776
vn -0.85437626 -0.38452489 -0.34954516
vn -0.78718328 -0.61671913 -3.4039814e-08
vn -0.77701224 -0.60873832 -0.16027986
vn -0.27837846 0.89335054 0.35274672
vn 0.16866917 0.92039092 -0.35274816
vn 0.32765932 0.72802277 -0.60218121
vn 0.5778101 0.73753243 -0.34954455
vn 0.77700393 0.60875613 -0.16025251
vn 0.78718422 0.61671792 3.4039789e-08
vn -0.56451541 0.564529 0.60218715
vn -0.56451541 0.564529 0.60218715
vn -0.41301456 0.68321712 0.60219045
vn -0.39917872 0.39917696 -0.82541753
vn -0.39917872 0.39917696 -0.82541753
vn -0.81969408 0.49552073 -0.28733398
vn -0.95344696 0.057672808 0.29599451
vn -0.52776767 -0.096717941 0.84386428
vn -0.52776767 -0.096717941 0.84386428
vn -0.11324076 -0.050964634 0.99225961
vn 0.69233327 0.31159436 0.650833
vn 0.59764717 0.46822535 0.65083245
vn 0.78718305 0.61671943 0
vn 0.48680076 0.62135779 0.613954
vn 0.61671975 0.78718279 0
vn 0 0 1
vn 0.32395104 0.71980888 0.61394698
vn -0.292051 0.48310436 -0.82541892
vn -0.292051 0.48310436 -0.82541892
vn -0.28495752 0.91445846 -0.28734114
vn 0.17217956 0.9395427 0.29599614
vn 0.22021164 0.48928553 0.84386403
vn 0.22021164 0.48928553 0.84386403
vn -0.46822624 -0.59764643 0.65083249
vn 0.076577802 0.097751413 0.9922603
vn -0.78718033 -0.6167229 0
vn -0.5976502 -0.46822672 0.65082869
vn -0.91189897 -0.41041475 0
vn -0.71980315 -0.32394323 0.61395782
vn -0.77641395 -0.14228023 0.61395254
vn 1.6453831e-05 0 1
vn -0.66165321 0.6616522 0.35274836
vn -0.66165321 0.6616522 0.35274836
vn -0.89334978 0.27837872 -0.35274842
vn -0.79689636 0.048202896 -0.6021899
vn -0.92157363 -0.16888578 -0.34954204
vn -0.9118999 -0.41041269 -2.2693208e-08
vn -0.90011567 -0.40510503 -0.16025508
vn -0.48408075 0.8007718 0.35274688
vn -0.056497127 0.93401099 -0.35274857
vn 0.14391098 0.7852762 -0.60218844
vn 0.38452229 0.85437918 -0.34954089
vn 0.60873533 0.77701825 -0.16026208
vn 0.61671966 0.78718286 4.5386386e-08
vn -0.6772868 0.67728901 -0.28733638
vn -0.91193869 0.28417248 0.29599632
vn -0.91193869 0.28417248 0.29599632
vn -0.53558084 0.03239646 0.84386233
vn -0.53558084 0.03239646 0.84386233
vn -0.12214555 -0.022383746 0.99225976
vn 0.7467814 0.13685244 0.65083711
vn 0.69233317 0.31159467 0.65083296
vn 0.91189884 0.41041505 0
vn 0.62135576 0.48680418 0.61395334
vn 0.78718305 0.61671943 0
vn 0 0 1
vn 0.48680148 0.62135721 0.61395402
vn -0.49552256 0.81969202 -0.28733671
vn -0.05767166 0.95344653 0.29599612
vn 0.096718922 0.52776961 0.84386296
vn 0.096718922 0.52776961 0.84386296
vn -0.31158283 -0.6923313 0.65084062
vn 0.050962401 0.11323827 0.99226001
vn -0.61671832 -0.78718391 0
vn -0.46822605 -0.59764657 0.6508325
vn -0.78718033 -0.6167229 0
vn -0.62136004 -0.4867873 0.61396239
vn -0.71980283 -0.32394387 0.61395786
vn 0 0 1
vn -0.80077106 0.48408067 -0.35274866
vn -0.76220384 0.23751051 -0.60219105
vn -0.93521345 0.056567364 -0.34953675
vn -0.98361993 -0.18025493 -1.3474084e-08
vn -0.97090917 -0.17792107 -0.16024814
vn -0.27837829 0.89335042 -0.35274716
vn -0.048202494 0.79689375 -0.60219338
vn 0.16888465 0.92157329 -0.34954349
vn 0.40509976 0.900116 -0.16026656
vn 0.41041347 0.91189955 6.8079573e-08
vn -0.81743162 0.49415692 0.29599744
vn -0.51226184 0.15962938 0.84386389
vn -0.51226184 0.15962938 0.84386389
vn -0.51226184 0.15962938 0.84386389
vn -0.51226184 0.15962938 0.84386389
vn -0.12395006 0.0074976983 0.99226013
vn 0.7578313 -0.04584031 0.65083822
vn 0.74678134 0.13685274 0.65083712
vn 0.98361996 0.18025477 0
vn 0.71980554 0.32395872 0.61394685
vn 0.91189884 0.41041505 0
vn 0 0 1
vn 0.62135667 0.486803 0.61395336
vn -0.28417348 0.91193931 0.29599347
vn -0.032396869 0.53557988 0.84386292
vn -0.032396869 0.53557988 0.84386292
vn -0.13684693 -0.74678255 0.65083695
vn 0.022382326 0.12214411 0.99225997
vn -0.41041636 -0.91189825 0
vn -0.31158355 -0.69233101 0.65084058
vn -0.61671832 -0.78718391 0
vn -0.48678487 -0.62135327 0.61397118
vn -0.62135959 -0.48678792 0.61396236
vn -1.6453932e-05 0 1
vn -0.66165367 0.66165194 -0.35274796
vn -0.66165367 0.66165194 -0.35274796
vn -0.68321749 0.41301726 -0.60218819
vn -0.89450055 0.27873643 -0.34953507
vn -0.99817556 0.060378451 7.0916296e-10
vn -0.98527822 0.059595274 -0.16023495
vn -0.48408105 0.80077168 -0.35274674
vn -0.23751408 0.76220206 -0.6021919
vn -0.056570169 0.93521071 -0.34954363
vn 0.17792153 0.97090814 -0.16025388
vn 0.18025606 0.98361972 4.5386395e-08
vn -0.67541452 0.67542573 0.29599882
vn -0.4591756 0.27758326 0.84386332
vn -0.4591756 0.27758326 0.84386332
vn -0.11855211 0.036943421 0.99226034
vn -0.11855211 0.036943421 0.99226034
vn 0.72484697 -0.22587328 0.6508288
vn 0.72484697 -0.22587328 0.6508288
vn 0.75783124 -0.045841096 0.65083823
vn 0.99817556 -0.060378414 0
vn 0.77640969 0.14228146 0.61395764
vn 0.98361996 0.18025477 0
vn 0 0 1
vn 0.71980482 0.32396033 0.61394685
vn -0.49415006 0.81743649 0.29599545
vn -0.15963085 0.51226545 0.84386142
vn -0.15963085 0.51226545 0.84386142
vn -0.0074987948 0.12395159 0.99225993
vn 0.045842834 -0.75783951 0.65082849
vn -0.18025724 -0.9836195 0
vn -0.13684693 -0.74678255 0.65083695
vn -0.41041636 -0.91189825 0
vn -0.3239352 -0.71980623 0.61395845
vn -0.48678368 -0.62135424 0.61397113
vn -2.468075e-05 0 1
vn -0.5645231 0.56452448 -0.60218418
vn -0.5645231 0.56452448 -0.60218418
vn -0.80179817 0.48470798 -0.34953952
vn -0.9547208 0.29750326 1.4183247e-08
vn -0.94238452 0.29366286 -0.16022966
vn -0.41302038 0.68321492 -0.60218896
vn -0.27873693 0.89449504 -0.34954877
vn -0.060377957 0.99817559 0
vn -0.059600072 0.98527685 -0.16024157
vn -0.37939813 0.37940847 0.84386389
vn -0.37939813 0.37940847 0.84386389
vn -0.10627082 0.064242108 0.99225978
vn 0.64973868 -0.39277455 0.65082086
vn 0.72484714 -0.2258728 0.65082878
vn 0.72484714 -0.2258728 0.65082878
vn 0.95472053 -0.29750414 0
vn 0.95472053 -0.29750414 0
vn 0.78789757 -0.047659117 0.6139593
vn 0.99817556 -0.060378414 0
vn 0 0 1
vn 0.77640917 0.14228418 0.61395767
vn -0.27757618 0.45918206 0.84386213
vn -0.27757618 0.45918206 0.84386213
vn -0.036942452 0.1185554 0.99225998
vn 0.22587469 -0.72484723 0.65082803
vn 0.045843462 -0.75783954 0.6508284
vn 0.060376944 -0.99817565 0
vn -0.18025724 -0.9836195 0
vn -0.14227335 -0.77642031 0.61394609
vn -0.3239345 -0.7198065 0.6139585
vn -8.2268416e-06 0 1
vn -0.66249836 0.66250688 -0.34954336
vn -0.66249836 0.66250688 -0.34954336
vn -0.85578132 0.51733774 1.1346597e-08
vn -0.84471467 0.5106638 -0.16024856
vn -0.48470147 0.80179671 -0.34955188
vn -0.29750282 0.95472094 4.5386384e-08
vn -0.29365725 0.94238217 -0.16025377
vn -0.087812756 0.087807428 0.99225943
vn 0.53685896 -0.53685616 0.65082095
vn 0.64973861 -0.39277458 0.65082091
vn 0.85578056 -0.517339 0
vn 0.75358939 -0.23483342 0.61396767
vn 0.75358939 -0.23483342 0.61396767
vn 0.95472053 -0.29750414 0
vn 0.95472053 -0.29750414 0
vn 0 0 1
vn 0.7878976 -0.047657323 0.6139594
vn -0.064241327 0.10626949 0.99225997
vn 0.39277319 -0.64973441 0.65082595
vn 0.22587545 -0.72484701 0.650828
vn 0.29750077 -0.95472158 0
vn 0.047664379 -0.7878951 0.61396207
vn 0.060376944 -0.99817565 0
vn -0.1422747 -0.77642009 0.61394606
vn 0 0 1
vn -0.70710663 0.70710693 4.5386371e-08
vn -0.70710663 0.70710693 4.5386371e-08
vn -0.69795947 0.69797408 -0.16026465
vn -0.69795947 0.69797408 -0.16026465
vn -0.51733735 0.85578156 9.0772738e-08
vn -0.51064563 0.84472227 -0.1602664
vn 0.53685898 -0.53685618 0.65082092
vn 0.7071038 -0.70710976 0
vn 0.67548884 -0.40835307 0.6139728
vn 0.85578056 -0.517339 0
vn 1.6453801e-05 0 1
vn 0.75358873 -0.23483543 0.6139677
vn 0.75358873 -0.23483543 0.6139677
vn 0.39277316 -0.64973439 0.65082599
vn 0.51733298 -0.85578419 0
vn 0.23483125 -0.75359771 0.61395828
vn 0.29750077 -0.95472158 0
vn 0 0 1
vn 0.047660993 -0.78789535 0.61396201
vn 0.55814837 -0.55813216 0.61396978
vn 0.7071038 -0.70710976 0
vn 1.6453659e-05 0 1
vn 0.67548827 -0.40835397 0.61397282
vn 0.40835366 -0.67550248 0.6139574
vn 0.51733298 -0.85578419 0
vn 0 0 1
vn 0.23482963 -0.75359821 0.61395829
vn 0 0 1
vn 0.55814837 -0.55813215 0.61396979
vn 0 0 1
vn 0.40835447 -0.67550196 0.61395742
vn -1.2195041e-06 6.6073447e-07 1
vn -8.7698976e-07 4.9082524e-07 1
vn -4.6895572e-09 3.1915224e-07 1
vn -2.1712585e-13 3.0432756e-07 1
vn 1.0856294e-13 2.9988988e-07 1
vn 3.9219884e-07 2.7802332e-07 1
vn 0 2.3999939e-07 1
vn 1.9609959e-07 1.8802749e-07 1
vn 9.8049888e-08 1.2512801e-07 1
vn -2.4512465e-08 5.4956736e-08 1
vn 4.6573643e-07 -1.8408375e-08 1
vn 9.2518667e-06 -9.070385e-08 1
vn 8.8597344e-06 -1.5772785e-07 1
vn 0 -2.1558519e-07 1
vn -3.9219907e-07 -2.6091391e-07 1
vn -3.9219842e-07 -2.9107844e-07 1
vn -3.9219876e-07 -3.0432727e-07 1
vn -2.8950117e-13 -2.9988954e-07 1
vn -4.037729e-06 -2.7802318e-07 1
vn -1.3289681e-05 -2.399992e-07 1
vn -9.0558415e-06 -1.8802719e-07 1
vn -2.9414937e-07 -1.25128e-07 1
vn 8.5901929e-06 -5.4956477e-08 1
vn 8.6881482e-06 1.8408798e-08 1
vn -1.8959069e-07 7.0589522e-08 1
vn -4.2201327e-07 1.5300394e-07 1
vn -0.90630879 0.42261611 0
vn -9.6320406e-07 2.9671348e-07 1
vn -0.99619483 0.087154261 0
vn -1.3771863e-06 -2.4575955e-08 1
vn -0.96592752 -0.25881274 0
vn -3.2244796e-07 5.0294216e-07 1
vn -0.8191562 -0.5735705 0
vn -1.0347271e-06 6.7819332e-07 1
vn -0.57357454 -0.81915337 0
vn 7.8813149e-07 9.205342e-07 1
vn -0.25881625 -0.96592657 0
vn 6.4788687e-06 1.2198997e-06 1
vn -2.8190245e-06 1.2232923e-06 1
vn 0.087157765 -0.99619452 0
vn -2.7046658e-06 1.5196367e-06 1
vn 0.42261876 -0.90630755 0
vn -2.6456917e-06 1.4345737e-06 1
vn 0.70425948 -0.70994266 0
vn -9.4620441e-07 1.000158e-06 1
vn 0.90460423 -0.4262525 0
vn 5.16245e-07 1.4519121e-07 1
vn 0.99619483 -0.087154281 0
vn -1.1009038e-06 -3.9269258e-07 1
vn 0.96592736 0.25881332 0
vn -5.6837018e-07 2.1152667e-08 1
vn 0.81915526 0.57357185 0
vn 0.81915526 0.57357185 0
vn -8.6327935e-07 1.7421034e-07 1
vn 0.57357494 0.8191531 0
vn -7.8207687e-07 3.2467016e-07 1
vn 0.25881677 0.96592644 0
vn -0.08715751 0.99619454 0
vn 0 1.1569489e-06 1
vn -0.42609868 0.90467669 0
vn 0 7.4035381e-07 1
vn -0.70981819 0.70438493 0
vn -4.4259826e-07 5.0669468e-07 1
vn -0.90630879 0.42261611 0
vn -0.18379531 0.085697044 -0.97922178
vn -0.70981819 0.70438493 0
vn -0.14402725 0.14294101 -0.9791956
vn -0.42609868 0.90467669 0
vn -0.086370801 0.18340641 -0.9792355
vn -0.08715751 0.99619454 0
vn -0.017680362 0.20208661 -0.97920805
vn 0.052494068 0.19591498 -0.97921483
vn 0.25881677 0.96592644 0
vn 0.11632078 0.16614447 -0.97921677
vn 0.57357494 0.8191531 0
vn 0.16614633 0.11633592 -0.97921466
vn 0.16614633 0.11633592 -0.97921466
vn 0.81915526 0.57357185 0
vn 0.81915526 0.57357185 0
vn 0.19590748 0.052494751 -0.9792163
vn 0.96592736 0.25881332 0
vn 0.20205841 -0.017689642 -0.9792137
vn 0.99619483 -0.087154281 0
vn 0.18335708 -0.086405125 -0.97924171
vn 0.90460423 -0.4262525 0
vn 0.14289156 -0.14406285 -0.97919758
vn 0.70425948 -0.70994266 0
vn 0.085690315 -0.18383439 -0.97921504
vn 0.42261876 -0.90630755 0
vn 0.017675377 -0.20212807 -0.97919958
vn 0.087157765 -0.99619452 0
vn -0.25881625 -0.96592657 0
vn -0.052507322 -0.19594921 -0.97920728
vn -0.57357454 -0.81915337 0
vn -0.11636469 -0.16614231 -0.97921192
vn -0.8191562 -0.5735705 0
vn -0.16614787 -0.11633534 -0.97921447
vn -0.96592752 -0.25881274 0
vn -0.1958788 -0.052495658 -0.97922199
vn -0.99619483 0.087154261 0
vn -0.20204017 0.017676963 -0.9792177
vn -0.10256341 0.04782053 0.99357634
vn -0.080190378 0.079591053 0.99359688
vn -0.048310126 0.10256625 0.99355236
vn -0.0098778528 0.11276808 0.99357224
vn 0.029294757 0.10932422 0.99357437
vn 0.064909883 0.092711688 0.99357498
vn 0.092700026 0.064917624 0.99357557
vn 0.092700026 0.064917624 0.99357557
vn 0.10931594 0.029293366 0.99357532
vn 0.1127784 -0.0098707561 0.99357114
vn 0.1025637 -0.048325537 0.99355188
vn 0.079549073 -0.080207481 0.99359887
vn 0.047821531 -0.10256133 0.99357651
vn 0.0098683219 -0.11274952 0.99357444
vn -0.029295767 -0.10932267 0.99357451
vn -0.064926718 -0.092710821 0.99357397
vn -0.092717585 -0.064917585 0.99357393
vn -0.10931574 -0.02929351 0.99357534
vn -0.11275226 0.0098640444 0.99357417
vn -0.5330115 0.24851524 -0.80878855
vn -0.41716048 0.41399369 -0.80906511
vn -0.25077192 0.53248336 -0.8084398
vn -0.051285729 0.58595634 -0.80871809
vn 0.15222014 0.56810472 -0.80875587
vn 0.33732958 0.48178677 -0.80875847
vn 0.48177614 0.33735341 -0.80875486
vn 0.48177614 0.33735341 -0.80875486
vn 0.56811153 0.15222449 -0.80875026
vn 0.58595461 -0.051293273 -0.80871886
vn 0.5324461 -0.25087459 -0.80843249
vn 0.41389707 -0.41721831 -0.80908473
vn 0.24851042 -0.53301293 -0.80878908
vn 0.051260512 -0.58591634 -0.80874866
vn -0.15222527 -0.56810994 -0.80875124
vn -0.33736335 -0.48178164 -0.80874744
vn -0.48178732 -0.33734491 -0.80875175
vn -0.56810001 -0.15222479 -0.8087583
vn -0.58590935 0.051261733 -0.80875365
vn -0.41717686 0.41402559 0.80904034
vn -0.53305638 0.24853018 0.80875438
vn -0.58595466 0.051260858 0.80872088
vn -0.56814062 -0.15223309 0.80872821
vn -0.48181194 -0.33737035 0.80872647
vn -0.3373678 -0.48181521 0.80872558
vn -0.15223485 -0.5681454 0.80872453
vn 0.051268819 -0.58595134 0.80872278
vn 0.2485352 -0.53304452 0.80876065
vn 0.41392285 -0.41724289 0.80905886
vn 0.53249487 -0.25088553 0.80839697
vn 0.58600291 -0.051294619 0.80868378
vn 0.56814145 0.15223232 0.80872778
vn 0.48181419 0.3373683 0.80872598
vn 0.48181419 0.3373683 0.80872598
vn 0.33736622 0.48181308 0.80872751
vn 0.15223257 0.56814218 0.80872721
vn -0.051297583 0.58599437 0.80868978
vn -0.2507824 0.5325197 0.80841261
vn 2.8133305e-05 0 1
vn 0.40737674 -0.39974148 0.82112785
vn 3.1214155e-05 0 1
vn 0.51519676 -0.23997546 0.82279042
vn 0 0 1
vn 0.56688533 -0.049592858 0.8223026
vn 0 0 1
vn 0.54964809 0.14727723 0.82231162
vn 0 0 1
vn 0.46614303 0.32639531 0.82229969
vn 0 0 1
vn 0.32639991 0.46613589 0.82230191
vn -3.8277544e-06 0 1
vn 0.14728391 0.5496573 0.82230427
vn -0.049600914 0.56688197 0.82230443
vn 3.8278881e-06 0 1
vn -0.24000251 0.5152086 0.82277512
vn 7.6571796e-06 0 1
vn -0.39970625 0.40769604 0.82098651
vn 0 0 1
vn -0.51783556 0.24234435 0.82043619
vn 0 0 1
vn -0.56685902 0.049596047 0.82232055
vn 0 0 1
vn -0.54961741 -0.14728406 0.8223309
vn 0 0 1
vn -0.46610693 -0.32639537 0.82232013
vn -0.46610693 -0.32639537 0.82232013
vn 0 0 1
vn 0 0 1
vn -0.32639688 -0.46613505 0.82230359
vn 0 0 1
vn -0.14728074 -0.54965507 0.82230632
vn 0 0 1
vn 0 0 1
vn 0.049593237 -0.56687511 0.82230963
vn 0 0 1
vn 0.24223493 -0.51769259 0.82055873
vn -0.87007761 0.405682 -0.2799769
vn -0.68140711 0.67622675 -0.28000311
vn -0.40904559 0.86853465 -0.27987368
vn -0.083712555 0.95637071 -0.27990583
vn 0.24846682 0.92730516 -0.27994532
vn 0.55064061 0.78640011 -0.27994604
vn 0.78639753 0.55064577 -0.27994314
vn 0.78639753 0.55064577 -0.27994314
vn 0.92730671 0.24847361 -0.27993417
vn 0.95637359 -0.083711583 -0.27989628
vn 0.86846581 -0.40919287 -0.27987198
vn 0.67611254 -0.68151869 -0.28000734
vn 0.4056834 -0.87007284 -0.2799897
vn 0.083670999 -0.95635692 -0.27996538
vn -0.24847032 -0.92730222 -0.27995194
vn -0.5506339 -0.78640782 -0.27993756
vn -0.78639262 -0.55065415 -0.27994044
vn -0.9273069 -0.24847183 -0.27993511
vn -0.95636492 0.083674966 -0.27993685
vn -0.68139492 0.67623608 0.28001022
vn -0.870078 0.40568282 0.2799745
vn -0.95636587 0.083671613 0.27993461
vn -0.92730608 -0.24847189 0.27993775
vn -0.78638775 -0.5506598 0.27994303
vn -0.55062755 -0.78641059 0.27994228
vn -0.24847404 -0.9273059 0.27993646
vn 0.083671147 -0.95636561 0.27993564
vn 0.4056855 -0.8700771 0.27997344
vn 0.67611611 -0.68151624 0.28000468
vn 0.86846791 -0.40919094 0.2798683
vn 0.95637217 -0.083711016 0.2799013
vn 0.92730618 0.24847218 0.27993718
vn 0.78640813 0.55063612 0.27993235
vn 0.78640813 0.55063612 0.27993235
vn 0.55065102 0.7863955 0.27993849
vn 0.2484675 0.92730602 0.27994186
vn -0.083710992 0.95637147 0.27990369
vn -0.40903502 0.86853908 0.27987536
vn 0.6251693 -0.62822887 0.46313264
vn 0.70711617 -0.70709739 0
vn 0.80275437 -0.37425102 0.46424304
vn 0.90630834 -0.42261707 0
vn 0.88260265 -0.077219237 0.46373457
vn 0.99619478 -0.087154826 0
vn 0.85580401 0.22929325 0.46370691
vn 0.96592582 0.25881906 0
vn 0.72577139 0.50816301 0.46370921
vn 0.81915188 0.57357667 6.0121117e-07
vn 0.50816011 0.72575872 0.46373224
vn 0.57357784 0.81915106 6.0120983e-07
vn 0.22928791 0.85579676 0.46372294
vn 0.25882233 0.96592495 0
vn -0.087154246 0.99619483 0
vn -0.077222101 0.88261723 0.46370634
vn -0.42261862 0.90630762 0
vn -0.37423244 0.80277853 0.46421623
vn -0.70709915 0.70711441 0
vn -0.62828651 0.6251643 0.46306118
vn -0.90630343 0.42262761 -6.0121078e-07
vn -0.80341859 0.3748884 0.46257675
vn -0.99619486 0.087153884 -1.1272682e-06
vn -0.88262002 0.077217024 0.46370187
vn -0.96592539 -0.25882068 -5.2605889e-07
vn -0.85580734 -0.22929353 0.46370064
vn -0.81915126 -0.57357755 0
vn -0.81915126 -0.57357755 0
vn -0.72577155 -0.50816465 0.46370718
vn -0.72577155 -0.50816465 0.46370718
vn -0.57357494 -0.8191531 0
vn -0.50817627 -0.72575009 0.46372804
vn -0.25881672 -0.96592645 0
vn -0.2293023 -0.85578783 0.46373231
vn 0.077211209 -0.88260484 0.46373174
vn 0.087156097 -0.99619467 0
vn 0.37483185 -0.80339693 0.46266019
vn 0.42262928 -0.90630265 0
vn 0.67133548 -0.67133428 0.31403656
vn 0.86045966 -0.4012406 0.31403048
vn 0.94580142 -0.082744446 0.31402712
vn 0.91705826 0.24573191 0.31403818
vn 0.77770673 0.54456757 0.31403568
vn 0.54455874 0.77771571 0.31402876
vn 0.24572406 0.91706316 0.31403001
vn -0.082745425 0.9457991 0.31403383
vn -0.40123676 0.86045866 0.31403815
vn -0.67133577 0.67133839 0.31402716
vn -0.86046154 0.4012414 0.31402433
vn -0.9457971 0.082744473 0.31404013
vn -0.91706232 -0.24572424 0.31403233
vn -0.77771667 -0.54455815 0.31402739
vn -0.77771667 -0.54455815 0.31402739
vn -0.54456119 -0.77771304 0.31403111
vn -0.24572778 -0.91706204 0.31403037
vn 0.082743848 -0.94579991 0.31403182
vn 0.40124099 -0.8604587 0.31403263
vn 1.0408299e-06 -1.9414673e-11 1
vn 0 5.99549e-06 1
vn 0.55813241 -0.55815143 0.61396677
vn -4.408239e-06 3.58337e-06 1
vn 0.71538159 -0.33359365 0.61395803
vn -7.7144359e-06 7.3899582e-07 1
vn 0.78634021 -0.068795527 0.61395135
vn -6.6123794e-06 -2.1945164e-06 1
vn 0.76242955 0.20430635 0.61397077
vn -3.3061956e-06 -4.8633597e-06 1
vn 0.64657218 0.45275939 0.61396528
vn 0 -6.9456005e-06 1
vn 0.45273965 0.6465966 0.61395411
vn 0 -8.1900862e-06 1
vn 0.20428925 0.76244604 0.61395598
vn -0.068797757 0.78633079 0.61396316
vn 4.4082699e-06 -8.4467429e-06 1
vn -0.33357974 0.71537743 0.61397044
vn 4.4082549e-06 -7.6845708e-06 1
vn -0.55815508 0.5581456 0.61395146
vn 4.4079547e-06 -5.9956301e-06 1
vn -0.7153932 0.33358718 0.61394801
vn 6.6120797e-06 -3.5834375e-06 1
vn -0.78632165 0.068793571 0.61397534
vn 4.9592622e-06 -7.3897422e-07 1
vn -0.76244115 -0.20429428 0.61396038
vn 4.9592609e-06 2.1945179e-06 1
vn -0.64659731 -0.45274073 0.61395256
vn -0.64659731 -0.45274073 0.61395256
vn 6.6123548e-06 4.8633301e-06 1
vn -0.45274769 -0.646587 0.61395829
vn 4.4082331e-06 6.9455559e-06 1
vn -0.20430009 -0.76244186 0.61395756
vn 0 8.1900534e-06 1
vn 0 8.446711e-06 1
vn 0.068789982 -0.78633447 0.61395932
vn 0 7.6845213e-06 1
vn 0.33357942 -0.71538483 0.61396198
vn 0.5106545 -0.8447229 -0.16023483
vn 0.51733749 -0.85578147 -4.4316176e-08
vn 0.42822495 -0.70837248 0.56109877
vn 0.51733749 -0.85578147 -4.4316176e-08
vn 0.58530548 -0.58530566 0.5611014
vn 0.70710675 -0.70710681 -1.4051862e-08
vn 0.69796797 -0.69797041 -0.16024365
vn 0.70710675 -0.70710681 -1.4051865e-08
vn 0.48470332 -0.80180006 -0.34954163
vn 0.66250328 -0.66250203 -0.34954323
vn 0.29366089 -0.94238421 -0.16023508
vn 0.29750296 -0.9547209 2.8662427e-08
vn 0.24626124 -0.79027947 0.56108267
vn 0.29750296 -0.9547209 2.8662419e-08
vn 0.36938015 -0.3693803 0.85271127
vn 0.27024896 -0.44704674 0.85271022
vn 0.70836871 -0.4282262 0.56110256
vn 0.85578086 -0.51733849 1.4955307e-08
vn 0.84472062 -0.5106547 -0.16024624
vn 0.85578086 -0.51733849 1.4955307e-08
vn 0.41301548 -0.68321149 -0.60219621
vn 0.56451869 -0.56451726 -0.60219508
vn 0.27873547 -0.89449829 -0.34954161
vn 0.80179798 -0.48470466 -0.34954455
vn 0.059596585 -0.98527786 -0.16023664
vn 0.060378209 -0.99817557 4.487469e-08
vn 0.049978115 -0.8262601 0.56106723
vn 0.060378195 -0.99817557 4.487469e-08
vn 0.15541189 -0.49873878 0.85270556
vn 0.29204637 -0.4831029 0.82542141
vn 0.39917522 -0.39917558 0.82541989
vn 0.44704474 -0.2702483 0.85271147
vn 0.79026529 -0.24625792 0.5611041
vn 0.95472035 -0.2975047 -1.1392183e-08
vn 0.94237977 -0.29366372 -0.16025599
vn 0.95472036 -0.29750468 -1.1392181e-08
vn 0.66165127 -0.66165252 -0.35275138
vn 0.48408168 -0.80076969 -0.35275039
vn 0.23750948 -0.76220036 -0.60219586
vn 0.6832108 -0.41301737 -0.60219569
vn 0.056570726 -0.93521307 -0.34953721
vn 0.89449778 -0.27873884 -0.34954024
vn -0.18025492 -0.98361993 -5.652635e-08
vn -0.17792537 -0.97091028 -0.16023665
vn -0.18025492 -0.98361993 -5.652635e-08
vn -0.1492036 -0.81419669 0.56109004
vn 0.031542072 -0.52144589 0.85270117
vn 0.16794516 -0.53895444 0.82542264
vn 0.48310563 -0.29204848 0.82541907
vn 0.67728738 -0.67728792 0.28733756
vn 0.49552044 -0.81969207 0.28734022
vn 0.49872822 -0.15541083 0.85271193
vn 0.82624031 -0.049978026 0.56109638
vn 0.99817547 -0.06037995 -7.6846544e-09
vn 0.98527329 -0.059601329 -0.16026299
vn 0.99817547 -0.060379972 -7.684658e-09
vn 0.27837828 -0.89334916 -0.35275036
vn 0.8007678 -0.48408367 -0.35275195
vn 0.04820254 -0.79689382 -0.60219329
vn 0.76220485 -0.23751402 -0.60218838
vn -0.16888799 -0.92157606 -0.34953458
vn 0.93521266 -0.05657146 -0.3495382
vn -0.41041244 -0.91190001 -5.6526366e-08
vn -0.40510836 -0.90011303 -0.16026149
vn -0.41041244 -0.91190001 -5.6526362e-08
vn -0.33971646 -0.75481747 0.561109
vn -0.094162225 -0.51383058 0.8527084
vn 0.034083933 -0.56348944 0.82541985
vn 0.28495646 -0.91445858 0.28734183
vn 0.53895847 -0.167947 0.82541963
vn 0.81969217 -0.49552257 0.28733625
vn 0.5214325 -0.031541652 0.85270937
vn 0.81419735 0.1492075 0.56108806
vn 0.98362007 0.18025414 2.2175732e-08
vn 0.97090775 0.17792505 -0.16025234
vn 0.98362007 0.18025413 2.2175729e-08
vn 0.056497231 -0.93400979 -0.35275173
vn 0.89334803 -0.27838024 -0.35275167
vn 0.48408186 -0.80076962 0.35275029
vn 0.66165157 -0.6616524 0.35275105
vn -0.1439079 -0.78527476 -0.60219106
vn 0.79690095 -0.048204051 -0.60218373
vn -0.38452758 -0.85437773 -0.34953861
vn 0.92157763 0.16888159 -0.34953353
vn -0.61671899 -0.78718339 0
vn -0.60874882 -0.7770033 -0.16028335
vn -0.61671903 -0.78718336 0
vn -0.51048073 -0.65158216 0.56111506
vn -0.51048073 -0.65158216 0.56111506
vn -0.21439115 -0.47635743 0.85271333
vn -0.10175665 -0.55527238 0.82541999
vn 0.05783244 -0.95608201 0.28733707
vn 0.56348876 -0.034085254 0.82542026
vn 0.91445942 -0.28495825 0.28733737
vn 0.49415437 -0.81743195 -0.29600079
vn 0.67541966 -0.67542002 -0.29600014
vn 0.51383329 0.094162406 0.85270674
vn 0.75482499 0.33971665 0.56109877
vn 0.91190017 0.41041208 3.1616883e-08
vn 0.90011706 0.40510709 -0.16024206
vn 0.91190019 0.41041203 3.1616881e-08
vn -0.16866752 -0.92038985 -0.35275175
vn 0.2783787 -0.89334906 0.35275028
vn 0.93400992 -0.056498469 -0.35275117
vn 0.80076838 -0.48408326 0.35275117
vn 0.56452071 -0.56452 0.60219061
vn 0.41301824 -0.68321326 0.60219231
vn -0.32765675 -0.72802133 -0.60218436
vn 0.78528061 0.14390608 -0.60218386
vn -0.57781634 -0.73752465 -0.34955068
vn 0.85438256 0.38452282 -0.34953203
vn -0.78718344 -0.61671893 -1.4051961e-08
vn -0.77701021 -0.60874029 -0.16028223
vn -0.78718344 -0.61671893 -1.4051961e-08
vn -0.65158192 -0.51047907 0.56111685
vn -0.32215881 -0.41120642 0.85271506
vn -0.32215881 -0.41120642 0.85271506
vn -0.23168414 -0.51478104 0.82542289
vn -0.172653 -0.94214031 0.28733704
vn 0.28417049 -0.91193692 -0.29600368
vn 0.55527294 0.10175721 0.82541955
vn 0.95608145 -0.057833754 0.28733867
vn 0.81743194 -0.49415565 -0.29599867
vn 0.27757803 -0.45917002 -0.84386808
vn 0.37939888 -0.37939909 -0.84386777
vn 0.47636297 0.21439235 0.85270994
vn 0.65158093 0.51047926 0.56111782
vn 0.7871842 0.61671796 -1.4051956e-08
vn 0.77701215 0.60874664 -0.16024869
vn 0.78718417 0.61671799 -1.4051955e-08
vn -0.38402987 -0.85328055 -0.35275114
vn 0.05649752 -0.93400976 0.35275174
vn 0.23751281 -0.76220512 0.60218852
vn 0.92039028 0.16866651 -0.3527511
vn 0.89334832 -0.27837994 0.35275116
vn 0.68321507 -0.41301938 0.60218947
vn 0.66250234 -0.66250562 0.3495382
vn 0.48470244 -0.80180182 0.34953882
vn -0.49235923 -0.62845315 -0.60218687
vn 0.72802117 0.32765202 -0.60218712
vn -0.73752672 -0.57781291 -0.34955198
vn 0.73752879 0.57781701 -0.34954082
vn -0.91190003 -0.4104124 -2.1077934e-08
vn -0.9001123 -0.40510474 -0.16027475
vn -0.91190002 -0.41041242 -2.1077934e-08
vn -0.75482234 -0.33971719 0.56110201
vn -0.41120538 -0.32215886 0.85271555
vn -0.34814798 -0.44437818 0.82542172
vn -0.34814798 -0.44437818 0.82542172
vn -0.39310461 -0.8734433 0.28734224
vn 0.057672818 -0.95344437 -0.29600285
vn 0.15962515 -0.51225318 -0.84386995
vn 0.51478623 0.23168568 0.82541922
vn 0.94214026 0.17265221 0.28733768
vn 0.91193833 -0.28417266 -0.29599727
vn 0.45917137 -0.27757973 -0.84386678
vn -0.39277822 0.6497345 -0.65082282
vn 0.064237207 -0.10626135 -0.99226111
vn -0.53685079 0.53685169 -0.65083138
vn 0.087800491 -0.087800625 -0.99226112
vn 0.41120525 0.32215764 0.85271607
vn 0.51048373 0.65158539 0.56110858
vn 0.51048373 0.65158539 0.56110858
vn 0.61671959 0.78718292 -2.9649223e-08
vn 0.60874758 0.77700894 -0.1602607
vn 0.61671959 0.78718292 -2.9649225e-08
vn -0.57707393 -0.73658109 -0.352752
vn -0.16866767 -0.92038983 0.35275173
vn 0.048203642 -0.79690097 0.60218374
vn 0.27873695 -0.89450097 0.34953359
vn 0.85328065 0.38402917 -0.35275166
vn 0.93400971 -0.056498452 0.35275173
vn 0.76220866 -0.23751512 0.60218313
vn 0.8018007 -0.48470544 0.34953724
vn 0.69796471 -0.69797359 0.16024394
vn 0.70710675 -0.70710681 -3.4040013e-08
vn 0.51064888 -0.84472543 0.16023941
vn 0.51733749 -0.85578147 -2.26932e-08
vn -0.62845101 -0.49236049 -0.60218807
vn 0.6284478 0.49235991 -0.6021919
vn -0.85437708 -0.38452613 -0.34954178
vn 0.57781797 0.73752671 -0.34954363
vn -0.98361993 -0.18025494 -8.5629024e-09
vn -0.97090729 -0.17792534 -0.16025483
vn -0.98361993 -0.18025494 -8.5629024e-09
vn -0.81419305 -0.14920498 0.56109496
vn -0.47636088 -0.21439272 0.85271101
vn -0.44437849 -0.34814783 0.82542162
vn -0.59071111 -0.75398641 0.28734103
vn -0.59071111 -0.75398641 0.28734103
vn -0.17217684 -0.93954133 -0.29600209
vn 0.032395481 -0.53556977 -0.84386939
vn -0.2258739 0.72485344 -0.65082138
vn 0.036940627 -0.11854637 -0.99226113
vn 0.44438066 0.34814919 0.82541987
vn 0.87344509 0.3931044 0.28733711
vn 0.95344651 -0.057674292 -0.29599567
vn 0.51225934 -0.15962731 -0.8438658
vn -0.64972677 0.3927748 -0.65083261
vn 0.10626135 -0.064237381 -0.9922611
vn -0.51733797 0.85578118 0
vn -0.39277724 0.6497351 -0.65082282
vn -0.70710657 0.70710699 0
vn -0.53685079 0.53685169 -0.65083138
vn 0.32216066 0.41120842 0.8527134
vn 0.32216066 0.41120842 0.8527134
vn 0.33972032 0.75482586 0.56109538
vn 0.41041361 0.91189948 -9.0819699e-10
vn 0.40510811 0.9001126 -0.16026452
vn 0.41041359 0.91189949 -9.0819717e-10
vn -0.73658089 -0.57707434 -0.35275175
vn -0.38403041 -0.85328038 0.35275096
vn -0.14390784 -0.78527942 0.60218499
vn 0.05657082 -0.93521851 0.34952265
vn 0.29365912 -0.94238431 0.16023773
vn 0.29750299 -0.95472089 -6.807962e-08
vn 0.73658179 0.57707308 -0.35275193
vn 0.92039009 0.16866656 0.35275156
vn 0.79690576 -0.048205056 0.60217728
vn 0.89450085 -0.2787383 0.34953282
vn 0.8447217 -0.51065315 0.16024547
vn 0.85578074 -0.5173387 -4.5386607e-08
vn -0.72802234 -0.32765648 -0.60218328
vn 0.49236023 0.62845062 -0.6021887
vn -0.92157496 -0.16888847 -0.34953723
vn 0.38452711 0.85437308 -0.34955048
vn -0.99817555 0.060378629 -2.0851576e-08
vn -0.98527741 0.059599761 -0.16023822
vn -0.99817555 0.06037864 -2.0851576e-08
vn -0.82624359 0.049978376 0.56109151
vn -0.51382905 -0.094162949 0.85270924
vn -0.51478273 -0.23168465 0.82542169
vn -0.75398628 -0.59071139 0.28734081
vn -0.39202092 -0.87103535 -0.29600174
vn -0.096715131 -0.52776057 -0.84386904
vn -0.045840399 0.75784251 -0.65082516
vn -0.045840399 0.75784251 -0.65082516
vn 0.007497032 -0.12394197 -0.99226115
vn -0.29750265 0.95472099 0
vn -0.22587338 0.72485362 -0.65082137
vn 0.34815001 0.44437956 0.82542012
vn 0.34815001 0.44437956 0.82542012
vn 0.75398814 0.59071047 0.28733782
vn 0.9395439 0.1721766 -0.29599404
vn 0.53557699 -0.032396711 -0.84386476
vn -0.72484456 0.22587187 -0.65083198
vn 0.11854704 -0.036940851 -0.99226104
vn -0.85578057 0.51733897 0
vn -0.64972677 0.39277468 -0.65083268
vn -0.49063042 0.81160176 -0.31715041
vn -0.67060366 0.67060348 -0.3171462
vn 0.21439444 0.47636328 0.85270924
vn 0.14920591 0.81418934 0.56110009
vn 0.18025608 0.98361972 6.3712311e-10
vn 0.17792874 0.97090276 -0.16027852
vn 0.18025608 0.98361972 6.3712311e-10
vn -0.85327998 -0.38403009 -0.35275228
vn -0.57707458 -0.73658072 0.3527517
vn -0.3276601 -0.72802404 0.60217926
vn -0.16888747 -0.92158026 0.34952375
vn 0.059595302 -0.98527879 0.16023138
vn 0.060378254 -0.99817557 -4.5386428e-08
vn 0.57707562 0.73658026 -0.35275099
vn 0.85328065 0.38402917 0.35275166
vn 0.78528237 0.1439089 0.60218089
vn 0.93521586 -0.056570584 0.34952976
vn 0.94238121 -0.29366063 0.16025319
vn 0.95472028 -0.29750492 -1.418325e-08
vn -0.78527765 -0.14390771 -0.60218733
vn 0.32765671 0.72801529 -0.60219168
vn -0.93521494 0.056569838 -0.34953235
vn 0.16888279 0.92156853 -0.34955693
vn -0.95472079 0.29750329 -2.6340618e-08
vn -0.94238278 0.29366673 -0.1602328
vn -0.95472078 0.29750335 -2.6340613e-08
vn -0.79027304 0.24625956 0.56109246
vn -0.52143495 0.031540985 0.8527079
vn -0.55527071 -0.10175705 0.82542107
vn -0.87344366 -0.39310488 0.28734079
vn -0.58908325 -0.75190872 -0.29599696
vn -0.58908325 -0.75190872 -0.29599696
vn -0.22020722 -0.48927935 -0.84386877
vn -0.022381815 -0.12213429 -0.99226119
vn 0.13685594 0.74679815 -0.65081715
vn -0.060378343 0.99817556 0
vn -0.060378343 0.99817556 0
vn -0.045841167 0.75784239 -0.65082524
vn -0.045841167 0.75784239 -0.65082524
vn -0.2821447 0.90543574 -0.31714427
vn 0.2316861 0.51478493 0.82541991
vn 0.59071184 0.75398696 0.28733811
vn 0.59071184 0.75398696 0.28733811
vn 0.87103768 0.39202069 -0.29599516
vn 0.52776872 0.096717002 -0.84386373
vn -0.75783695 0.045841974 -0.65083153
vn 0.12394308 -0.0074972698 -0.99226101
vn -0.95472041 0.29750451 0
vn -0.72484436 0.22587239 -0.65083202
vn -0.81160322 0.49063258 -0.31714331
vn -0.40835159 0.67549541 -0.61396655
vn 9.6328318e-10 4.2117842e-08 -1
vn -0.55814654 0.55814589 -0.61395896
vn 1.3167183e-09 4.2394696e-08 -1
vn 0.094163379 0.51382654 0.85271071
vn -0.060377972 0.99817559 0
vn -0.049976364 0.8262307 0.56111067
vn -0.060377972 0.99817559 0
vn -0.059596154 0.9852715 -0.1602759
vn -0.92038951 -0.1686677 -0.35275255
vn -0.73658114 -0.57707416 0.35275152
vn -0.49236442 -0.62845609 0.60217956
vn -0.38452903 -0.85437992 0.34953166
vn -0.18025494 -0.98361993 0
vn -0.17792541 -0.97091141 0.16022981
vn 0.38403149 0.85328034 -0.35274987
vn 0.73658179 0.57707308 0.35275193
vn 0.72802047 0.32765542 0.60218612
vn 0.9215785 0.1688843 0.34952991
vn 0.98527337 -0.059597605 0.16026388
vn 0.99817546 -0.060380058 -1.4183247e-09
vn -0.79689692 0.048202178 -0.60218922
vn 0.14390845 0.78527419 -0.60219166
vn -0.89450224 0.27873559 -0.34953142
vn -0.056568198 0.9352069 -0.34955415
vn -0.85578133 0.51733771 -2.7781683e-08
vn -0.84472033 0.51065425 -0.16024915
vn -0.85578133 0.51733771 -2.7781683e-08
vn -0.70837805 0.42822906 0.56108859
vn -0.49873375 0.15541165 0.85270855
vn -0.56348875 0.034085037 0.82542028
vn -0.94213944 -0.17265322 0.28733976
vn -0.75190883 -0.58908355 -0.2959961
vn -0.33090344 -0.42236677 -0.84386564
vn -0.33090344 -0.42236677 -0.84386564
vn -0.050960431 -0.11322912 -0.99226116
vn 0.31159676 0.69234349 -0.65082098
vn 0.1368569 0.74679798 -0.65081716
vn 0.18025468 0.98361997 0
vn -0.057261457 0.94664682 -0.31714495
vn -0.057261457 0.94664682 -0.31714495
vn -0.23482931 0.75360043 -0.61395569
vn 5.5394794e-10 4.1933632e-08 -1
vn 0.10175808 0.55527406 0.82541869
vn 0.39310598 0.87344419 0.28733769
vn 0.75190922 0.58908178 -0.29599861
vn 0.48928574 0.22020875 -0.84386467
vn -0.74679112 -0.13685375 -0.65082568
vn 0.12213547 0.022382165 -0.99226104
vn -0.99817547 0.060379898 0
vn -0.75783697 0.045841186 -0.65083155
vn -0.90543553 0.28214689 -0.31714292
vn -0.67550287 0.40835806 -0.61395404
vn 1.5935414e-09 4.2748074e-08 -1
vn -2.4914343e-15 4.3711394e-08 -1
vn -0.031539788 0.52142551 0.85271371
vn -0.29750276 0.95472096 0
vn -0.24625574 0.79026046 0.56111187
vn -0.29750276 0.95472096 0
vn -0.29365815 0.94238133 -0.16025706
vn -0.93400964 0.056497241 -0.3527521
vn -0.85328085 -0.38402951 0.35275081
vn -0.62845475 -0.49236384 0.60218144
vn -0.57781784 -0.73752748 0.34954222
vn -0.41041249 -0.91189999 -2.2693211e-08
vn -0.4051066 -0.90011404 0.16026027
vn 0.16866854 0.92039036 -0.35274991
vn 0.57707562 0.73658026 0.35275099
vn 0.62845344 0.49236237 0.602184
vn 0.85438173 0.38452628 0.34953025
vn 0.97090744 0.17792487 0.16025441
vn 0.98362008 0.18025408 4.2549743e-09
vn -0.76220481 0.23751045 -0.60218984
vn -0.04820225 0.79689473 -0.60219211
vn -0.80180133 0.48470691 -0.34953374
vn -0.27873748 0.89449566 -0.34954676
vn -0.70710654 0.70710702 -4.8859587e-08
vn -0.70710654 0.70710702 -4.8859587e-08
vn -0.69796863 0.69796362 -0.16027034
vn -0.69796863 0.69796362 -0.16027034
vn -0.70710654 0.70710702 -4.8859591e-08
vn -0.70710654 0.70710702 -4.8859591e-08
vn -0.5853114 0.58531086 0.5610898
vn -0.44704997 0.27025237 0.85270744
vn -0.53896024 0.16794691 0.8254185
vn -0.95608158 0.057832607 0.28733849
vn -0.87103631 -0.39202152 -0.29599808
vn -0.42236768 -0.33090358 -0.84386513
vn -0.076577378 -0.097744039 -0.99226106
vn -0.076577378 -0.097744039 -0.99226106
vn 0.46822787 0.5976484 -0.65082951
vn 0.3115964 0.6923436 -0.65082104
vn 0.41041217 0.91190013 0
vn 0.17094949 0.93284115 -0.31714926
vn -0.047660777 0.78789952 -0.61395667
vn -0.047660777 0.78789952 -0.61395667
vn 1.1250977e-10 4.1852707e-08 -1
vn -0.034084233 0.56349114 0.82541868
vn 0.17265443 0.94214048 0.28733562
vn 0.58908309 0.75190802 -0.29599906
vn 0.58908309 0.75190802 -0.29599906
vn 0.42236599 0.33090156 -0.84386677
vn -0.6923411 -0.31159697 -0.65082343
vn 0.11322965 0.050960317 -0.9922611
vn -0.98362006 -0.18025418 0
vn -0.7467909 -0.13685495 -0.65082569
vn -0.94664716 0.057263594 -0.31714355
vn -0.75360146 0.23483206 -0.61395337
vn 1.7777887e-09 4.3157392e-08 -1
vn -0.15540869 0.4987253 0.85271403
vn -0.51733744 0.8557815 -2.8103889e-08
vn -0.42822497 0.70837161 0.56109985
vn -0.51733744 0.8557815 -2.8103889e-08
vn -0.51065451 0.8447177 -0.16026219
vn -0.89334858 0.27837854 -0.35275161
vn -0.92039 -0.16866721 0.35275151
vn -0.72802764 -0.32765761 0.60217625
vn -0.73752834 -0.5778158 0.34954376
vn -0.61671899 -0.78718339 -4.5386414e-08
vn -0.60874512 -0.777006 0.1602843
vn -0.056496529 0.93400988 -0.35275159
vn 0.38403149 0.85328034 0.35274987
vn 0.49236346 0.62845499 0.6021815
vn 0.73753353 0.57781807 0.34952907
vn 0.90011743 0.4051068 0.16024075
vn 0.91190014 0.41041215 1.4183244e-08
vn -0.68321843 0.41301856 -0.60218622
vn -0.23751315 0.76220112 -0.60219345
vn -0.66250343 0.6625045 -0.34953827
vn -0.66250343 0.6625045 -0.34953827
vn -0.48470645 0.80179821 -0.34954154
vn -0.36938464 0.36938437 0.85270756
vn -0.48310826 0.29204917 0.82541729
vn -0.91446021 0.28495752 0.28733559
vn -0.9395424 -0.17217751 -0.2959983
vn -0.48928294 -0.22020827 -0.84386641
vn -0.097744091 -0.076577407 -0.99226105
vn 0.59764818 0.46822771 -0.65082983
vn 0.46822763 0.59764861 -0.65082949
vn 0.61671859 0.7871837 0
vn 0.38922546 0.86482574 -0.31714345
vn -3.3567907e-10 4.1879819e-08 -1
vn 0.14228079 0.77640396 -0.61396503
vn -0.16794636 0.53895888 0.8254195
vn -0.057831338 0.95608249 0.2873357
vn 0.39202226 0.87103648 -0.29599661
vn 0.33090217 0.42236514 -0.84386696
vn 0.33090217 0.42236514 -0.84386696
vn -0.59765019 -0.46822764 -0.65082803
vn 0.097743659 0.076577132 -0.99226111
vn -0.91190014 -0.41041215 0
vn -0.69234139 -0.31159634 -0.65082342
vn -0.93284184 -0.17094836 -0.31714785
vn -0.78790137 0.047659931 -0.61395437
vn 1.8586997e-09 4.3598979e-08 -1
vn -0.27024918 0.44704591 0.85271058
vn -0.80076932 0.48408132 -0.3527517
vn -0.93400944 0.056497239 0.35275264
vn -0.78528386 -0.14390777 0.60217922
vn -0.85438058 -0.38452496 0.34953453
vn -0.78718328 -0.61671913 -3.4039811e-08
vn -0.7770094 -0.60874131 0.16028226
vn -0.278379 0.89334834 -0.35275185
vn 0.16866849 0.92039037 0.35274992
vn 0.32765622 0.72801741 0.60218938
vn 0.57782177 0.73752907 0.34953235
vn 0.77701323 0.60874629 0.16024479
vn 0.7871842 0.61671796 3.4039784e-08
vn -0.56452347 0.56452722 -0.60218126
vn -0.56452347 0.56452722 -0.60218126
vn -0.41301882 0.68321841 -0.60218607
vn -0.39917656 0.39917686 0.82541863
vn -0.81969333 0.49552232 0.28733337
vn -0.95344629 0.057673247 -0.29599656
vn -0.52776421 -0.096716129 -0.84386666
vn -0.11322965 -0.050960577 -0.99226109
vn 0.69233588 0.3115942 -0.6508303
vn 0.59764834 0.46822745 -0.65082987
vn 0.78718378 0.6167185 0
vn 0.58487973 0.74654596 -0.31715112
vn -7.6426598e-10 4.2013369e-08 -1
vn 0.32395756 0.71980041 -0.61395347
vn -0.29204767 0.48310567 0.82541933
vn -0.28495694 0.9144598 0.28733746
vn 0.17217866 0.93954234 -0.29599781
vn 0.22020927 0.48928425 -0.84386539
vn -0.46822654 -0.59764507 -0.65083352
vn 0.076577584 0.097743896 -0.99226106
vn 0.076577584 0.097743896 -0.99226106
vn -0.78718411 -0.61671806 0
vn -0.59765042 -0.46822737 -0.65082802
vn -0.86482413 -0.38922498 -0.31714845
vn -0.77640613 -0.14228122 -0.61396219
vn 1.8315855e-09 4.4047049e-08 -1
vn -0.66165147 0.6616523 -0.35275142
vn -0.66165147 0.6616523 -0.35275142
vn -0.89334858 0.27837854 0.35275161
vn -0.7968993 0.048203638 0.60218595
vn -0.92157933 -0.16888686 0.34952648
vn -0.9118999 -0.41041269 -2.2693208e-08
vn -0.90011422 -0.40510046 0.16027477
vn -0.48408155 0.80076964 -0.35275067
vn -0.056496585 0.93400988 0.35275159
vn 0.143909 0.78527639 0.60218867
vn 0.38452746 0.85437594 0.34954312
vn 0.60875067 0.77700743 0.16025629
vn 0.61671962 0.78718289 4.5386388e-08
vn -0.67728793 0.67728817 0.28733566
vn -0.91193936 0.2841715 -0.29599521
vn -0.53557588 0.032396619 -0.84386547
vn -0.12213473 -0.022381839 -0.99226114
vn 0.74678857 0.13685318 -0.65082873
vn 0.69233589 0.31159415 -0.65083032
vn 0.91190012 0.4104122 0
vn 0.74654573 0.58487958 -0.31715193
vn -1.148349e-09 4.2245595e-08 -1
vn 0.48679375 0.62134936 -0.6139681
vn -0.49552145 0.81969256 0.28733708
vn -0.057672245 0.95344593 -0.29599792
vn 0.096716937 0.52776488 -0.84386614
vn -0.31159307 -0.69232872 -0.65083846
vn 0.050960878 0.11323005 -0.99226103
vn -0.61671949 -0.787183 0
vn -0.4682264 -0.59764516 -0.65083354
vn -0.74654709 -0.58488069 -0.31714668
vn -0.71979432 -0.32395317 -0.61396293
vn 1.6980203e-09 4.4475595e-08 -1
vn -0.80076933 0.48408148 0.35275147
vn -0.76220348 0.23751452 0.60218992
vn -0.93521716 0.056571477 0.34952615
vn -0.98361993 -0.18025493 -1.3474083e-08
vn -0.97090852 -0.17792181 0.16025131
vn -0.27837923 0.89334828 0.35275182
vn -0.048203136 0.79690181 0.60218266
vn 0.16888371 0.92157244 0.34954619
vn 0.40510986 0.90011355 0.16025478
vn 0.41041347 0.91189955 6.8079573e-08
vn -0.81743354 0.4941563 -0.29599316
vn -0.51226097 0.15962775 -0.84386473
vn -0.12394229 0.0074971737 -0.99226111
vn 0.75783937 -0.04583951 -0.65082888
vn 0.74678825 0.13685478 -0.65082876
vn 0.98361997 0.18025472 0
vn 0.8648263 0.38922544 -0.31714196
vn -1.4658014e-09 4.256303e-08 -1
vn 0.62134851 0.48679312 -0.61396945
vn -0.28417131 0.91193883 -0.29599702
vn -0.032396029 0.53557466 -0.84386627
vn -0.13685346 -0.7467863 -0.65083128
vn 0.022382295 0.12213549 -0.99226103
vn -0.41041364 -0.91189947 0
vn -0.31159277 -0.69232879 -0.65083853
vn -0.58488205 -0.74654589 -0.317147
vn -0.62135358 -0.48679868 -0.61395992
vn 1.4658255e-09 4.4859763e-08 -1
vn -0.66165155 0.66165239 0.35275111
vn -0.66165155 0.66165239 0.35275111
vn -0.68321933 0.41302175 0.60218301
vn -0.89450197 0.27873765 0.34953048
vn -0.99817556 0.060378462 7.0916335e-10
vn -0.98527787 0.059599909 0.16023533
vn -0.48408173 0.80076959 0.35275055
vn -0.23751259 0.76220797 0.602185
vn -0.056569134 0.93521234 0.34953944
vn 0.17792916 0.97090512 0.1602637
vn 0.18025606 0.98361972 4.5386392e-08
vn -0.67542088 0.67542129 -0.29599446
vn -0.45917613 0.27758203 -0.84386344
vn -0.11854662 0.03694061 -0.9922611
vn 0.72484979 -0.22587263 -0.65082589
vn 0.7578392 -0.045841951 -0.6508289
vn 0.99817556 -0.060378343 0
vn 0.93284205 0.17094935 -0.31714671
vn -1.6980584e-09 4.2947182e-08 -1
vn 0.71980245 0.32395787 -0.61395092
vn -0.49415519 0.81743282 -0.29599703
vn -0.15962639 0.51225974 -0.84386573
vn -0.0074970398 0.12394256 -0.99226107
vn 0.045839555 -0.75784027 -0.65082782
vn 0.045839555 -0.75784027 -0.65082782
vn -0.18025613 -0.98361971 0
vn -0.13685344 -0.7467863 -0.65083128
vn -0.38922705 -0.86482534 -0.3171426
vn -0.48679979 -0.6213521 -0.61396053
vn 1.1482983e-09 4.5177195e-08 -1
vn -0.56452718 0.56453004 0.60217514
vn -0.56452718 0.56453004 0.60217514
vn -0.80180228 0.48470804 0.34952999
vn -0.9547208 0.29750326 1.4183248e-08
vn -0.94238473 0.29366163 0.16023067
vn -0.41301898 0.68322308 0.60218067
vn -0.27873565 0.89450013 0.34953677
vn -0.060377961 0.99817559 0
vn -0.059596537 0.98527239 0.16027032
vn -0.37940289 0.37940312 -0.84386416
vn -0.10626134 0.064237252 -0.99226111
vn 0.64973341 -0.3927777 -0.65082423
vn 0.72484984 -0.22587252 -0.65082587
vn 0.95472081 -0.29750322 0
vn 0.94664557 -0.057262089 -0.31714859
vn -1.8315882e-09 4.3375746e-08 -1
vn 0.77640715 0.14228251 -0.6139606
vn -0.27757991 0.45917303 -0.84386582
vn -0.036940608 0.1185466 -0.9922611
vn 0.22587356 -0.72485184 -0.65082328
vn 0.045840195 -0.75784026 -0.6508278
vn 0.045840195 -0.75784026 -0.6508278
vn 0.06037792 -0.99817559 0
vn 0.06037792 -0.99817559 0
vn -0.17095026 -0.93284338 -0.3171423
vn -0.32395586 -0.71980154 -0.61395304
vn 7.6421536e-10 4.5409429e-08 -1
vn -0.66250237 0.66250923 0.34953131
vn -0.66250237 0.66250923 0.34953131
vn -0.85578133 0.51733771 1.1346598e-08
vn -0.84472247 0.51065085 0.16024872
vn -0.48470152 0.80180407 0.34953493
vn -0.2975028 0.95472095 4.5386377e-08
vn -0.29365797 0.94238115 0.16025843
vn -0.087800599 0.08780071 -0.9922611
vn 0.53685944 -0.53686075 -0.65081678
vn 0.64973344 -0.39277769 -0.6508242
vn 0.85578116 -0.51733799 0
vn 0.90543512 -0.2821445 -0.31714622
vn -1.8586902e-09 4.382381e-08 -1
vn 0.78789485 -0.047658329 -0.61396285
vn -0.064237169 0.10626146 -0.9922611
vn 0.39278296 -0.64974345 -0.65081103
vn 0.2258743 -0.7248516 -0.65082329
vn 0.29750268 -0.95472098 0
vn 0.057261704 -0.94664709 -0.31714412
vn 0.057261704 -0.94664709 -0.31714412
vn -0.14228657 -0.77641303 -0.61395223
vn 3.3572867e-10 4.5542969e-08 -1
vn -0.7071066 0.70710696 4.5386376e-08
vn -0.7071066 0.70710696 4.5386376e-08
vn -0.69796163 0.69797039 0.16027136
vn -0.69796163 0.69797039 0.16027136
vn -0.51733735 0.85578156 9.0772738e-08
vn -0.51064647 0.84472242 0.16026296
vn 0.5368594 -0.53686083 -0.65081674
vn 0.70710678 -0.70710678 0
vn 0.81160295 -0.49063083 -0.31714672
vn -1.7777395e-09 4.4265341e-08 -1
vn 0.75359686 -0.23483124 -0.61395933
vn 0.39278365 -0.64974303 -0.65081103
vn 0.51733735 -0.85578156 0
vn 0.28214611 -0.90543728 -0.31713863
vn -1.1240964e-10 4.5570079e-08 -1
vn 0.047658178 -0.78790074 -0.61395531
vn 0.047658178 -0.78790074 -0.61395531
vn 0.67060357 -0.67060369 -0.31714594
vn -1.5935365e-09 4.4674731e-08 -1
vn 0.67549974 -0.40835432 -0.61395997
vn 0.49063167 -0.8116049 -0.31714042
vn -5.5399705e-10 4.5489162e-08 -1
vn 0.23483302 -0.7536075 -0.61394559
vn -1.3167122e-09 4.502808e-08 -1
vn 0.55814621 -0.55814627 -0.61395892
vn -9.6338188e-10 4.5304897e-08 -1
vn 0.40835676 -0.67550802 -0.61394924
vn 0.66774779 -0.31117734 0.67622596
vn 0.73437582 -0.064249127 0.67569535
vn 0.71206773 0.19079374 0.67569024
vn 0.60388002 0.42282494 0.67568335
vn 0.42282581 0.60386752 0.67569398
vn 0.19079064 0.71206769 0.67569115
vn -0.064253056 0.73438487 0.67568514
vn -0.31118338 0.66776637 0.67620484
vn -0.52324686 0.52107236 0.67431174
vn -0.66930402 0.31273896 0.67396326
vn -0.73437696 0.064245536 0.67569446
vn -0.71205654 -0.19079635 0.67570129
vn -0.60386326 -0.42282699 0.67569705
vn -0.60386326 -0.42282699 0.67569705
vn -0.42283137 -0.60386439 0.6756933
vn -0.19079629 -0.71206108 0.67569652
vn 0.064246806 -0.7343727 0.67569896
vn 0.52101629 -0.52311622 0.67445641
vn 0.31265569 -0.66922629 0.67407907
vn 0.23156192 -0.23154533 -0.94486287
vn 0.70710541 -0.70710815 0
vn 1.4472821e-05 0 -1
vn 0.13840138 -0.29678179 -0.94486276
vn 1.8091184e-06 0 -1
vn 0.028542163 -0.32621787 -0.94486361
vn -0.084747779 -0.31630198 -0.94486553
vn 1.8091423e-06 0 -1
vn -0.18783863 -0.26823278 -0.94486392
vn 0 0 -1
vn -0.26827946 -0.18781463 -0.94485544
vn 2.894612e-05 0 -1
vn -0.31632688 -0.08475027 -0.94485697
vn 5.7891961e-05 0 -1
vn -0.32625016 0.028539982 -0.94485253
vn -0.32625016 0.028539982 -0.94485253
vn 5.7891964e-05 0 -1
vn 5.7891964e-05 0 -1
vn -0.29682029 0.13838946 -0.94485241
vn 8.0510154e-10 0 -1
vn -0.23156672 0.23154861 -0.94486089
vn -2.8945446e-05 0 -1
vn -0.13838526 0.29678031 -0.94486558
vn 0 0 -1
vn -0.028524361 0.32621636 -0.94486467
vn -3.6181648e-06 0 -1
vn -3.6181239e-06 0 -1
vn 0.084768673 0.31630164 -0.94486377
vn 1.4472934e-05 0 -1
vn 0.18785093 0.26823766 -0.94486009
vn -1.4472816e-05 0 -1
vn 0.26827764 0.18782261 -0.94485437
vn -2.8945844e-05 0 -1
vn 0.3163443 0.084752265 -0.94485096
vn 0 0 -1
vn 0.3262616 -0.028538714 -0.94484862
vn 0.29681245 -0.13838752 -0.94485516
vn 0.90630732 -0.42261927 0
vn 0.23148088 -0.23149581 0.94489486
vn 0.70710541 -0.70710815 0
vn 0.13835416 -0.29671254 0.94489142
vn 0.42261688 -0.90630843 0
vn 0.028536322 -0.32614113 0.94489028
vn 0.087153913 -0.99619486 0
vn -0.25881962 -0.96592567 0
vn -0.084740535 -0.31623081 0.94489
vn -0.57357434 -0.81915351 0
vn -0.18780069 -0.26817535 0.94488776
vn -0.8191519 -0.57357664 0
vn -0.26820025 -0.18777675 0.94488545
vn -0.96592631 -0.25881724 0
vn -0.31624585 -0.084732985 0.94488565
vn -0.99619463 0.087156556 0
vn -0.99619463 0.087156556 0
vn -0.32615692 0.028534027 0.9448849
vn -0.906308 0.4226178 0
vn -0.29670936 0.13835827 0.94489182
vn -0.70710699 0.70710657 0
vn -0.23147505 0.23149344 0.94489687
vn -0.42261934 0.90630728 0
vn -0.13834265 0.2967093 0.94489412
vn -0.087158684 0.99619444 0
vn -0.028526225 0.32613904 0.94489131
vn 0.084737573 0.31622677 0.94489162
vn 0.25881948 0.96592571 0
vn 0.18779848 0.2681743 0.9448885
vn 0.57357717 0.81915153 0
vn 0.26820013 0.18777846 0.94488515
vn 0.81915201 0.57357648 0
vn 0.31624247 0.08473226 0.94488684
vn 0.96592563 0.25881979 0
vn 0.32615218 -0.028532783 0.94488657
vn 0.99619481 -0.087154488 0
vn 0.29671233 -0.13835734 0.94489102
vn 0.90630732 -0.42261927 0
vn 1.6749576e-07 0 1
vn 0.16545468 -0.1654641 0.97223782
vn 0.098890607 -0.21207824 0.97223632
vn 0.020396564 -0.2331123 0.9722359
vn -0.060563291 -0.22602952 0.97223595
vn -0.13422845 -0.19168168 0.97223498
vn -0.19169855 -0.13421593 0.97223338
vn -0.22603936 -0.060563798 0.97223363
vn -0.23312239 0.020394586 0.97223352
vn -0.21207546 0.098892815 0.97223671
vn -0.16545086 0.16546294 0.97223867
vn -0.098883459 0.21207652 0.97223743
vn -0.020391291 0.23311137 0.97223623
vn 0.06056334 0.22602685 0.97223657
vn 0.13422801 0.1916811 0.97223515
vn 0.19169869 0.13421716 0.97223319
vn 0.22603711 0.060563752 0.97223416
vn 0.23311976 -0.020393763 0.97223416
vn 0.21207679 -0.098892326 0.97223647
vn 1.4472831e-05 0 -1
vn 0.70710851 -0.70710505 0
vn 1.4472834e-05 0 -1
vn 0.42261378 -0.90630988 0
vn 1.8091388e-06 0 -1
vn 0.087154312 -0.99619482 0
vn -0.25881945 -0.96592572 0
vn 1.8091199e-06 0 -1
vn -0.57357694 -0.81915169 0
vn 0 0 -1
vn -0.8191573 -0.57356894 0
vn 2.8946033e-05 0 -1
vn -0.96592779 -0.25881172 0
vn 5.7891957e-05 0 -1
vn -0.9961947 0.087155777 0
vn -0.9961947 0.087155777 0
vn 5.7891961e-05 0 -1
vn 5.7891961e-05 0 -1
vn -0.90630734 0.42261922 0
vn 4.1688128e-10 0 -1
vn -0.70710696 0.7071066 0
vn -2.8945446e-05 0 -1
vn -0.42262012 0.90630692 0
vn 0 0 -1
vn -0.08715465 0.99619479 0
vn -3.6181489e-06 0 -1
vn -3.6181796e-06 0 -1
vn 0.25881775 0.96592617 0
vn 1.447293e-05 0 -1
vn 0.5735725 0.8191548 4.3046278e-06
vn -1.4472791e-05 0 -1
vn 0.81915423 0.57357331 7.5329838e-06
vn -2.8945733e-05 0 -1
vn 0.9659266 0.25881614 3.2283422e-06
vn 0 0 -1
vn 0.99619483 -0.087154241 0
vn 0 0 -1
vn 0.90631058 -0.42261226 0
vn 0.70710851 -0.70710505 0
vn 0.42261378 -0.90630988 0
vn 0.087154312 -0.99619482 0
vn -0.25881945 -0.96592572 0
vn -0.57357694 -0.81915169 0
vn -0.8191573 -0.57356894 0
vn -0.96592779 -0.25881172 0
vn -0.9961947 0.087155777 0
vn -0.9961947 0.087155777 0
vn -0.90630734 0.42261922 0
vn -0.70710696 0.7071066 0
vn -0.42262012 0.90630692 0
vn -0.08715465 0.99619479 0
vn 0.25881775 0.96592617 0
vn 0.5735725 0.8191548 4.3046278e-06
vn 0.81915403 0.5735736 7.5329859e-06
vn 0.9659266 0.25881614 3.2283422e-06
vn 0.99619483 -0.087154241 0
vn 0.90631058 -0.42261226 0
vn 1.4472824e-05 0 -1
vn 0.23156189 -0.23154532 -0.94486288
vn 0.1384025 -0.29678129 -0.94486275
vn 0.42261688 -0.90630843 0
vn 0.028541384 -0.32621792 -0.94486362
vn 0.087153913 -0.99619486 0
vn -0.25881962 -0.96592567 0
vn -0.084749795 -0.31630146 -0.94486552
vn -0.57357434 -0.81915351 0
vn -0.18783773 -0.26823335 -0.94486394
vn -0.8191519 -0.57357664 0
vn -0.26827858 -0.18781585 -0.94485544
vn -0.96592631 -0.25881724 0
vn -0.31632694 -0.084750122 -0.94485696
vn -0.99619463 0.087156556 0
vn -0.99619463 0.087156556 0
vn -0.32625021 0.028539162 -0.94485254
vn -0.32625021 0.028539162 -0.94485254
vn -0.906308 0.4226178 0
vn -0.29681973 0.13839068 -0.94485241
vn -0.70710699 0.70710657 0
vn -0.23156671 0.23154862 -0.94486088
vn -0.42261934 0.90630728 0
vn -0.13838638 0.29677975 -0.94486559
vn -0.087158684 0.99619444 0
vn -0.028527086 0.32621615 -0.94486466
vn 0.084766308 0.31630231 -0.94486376
vn 0.25881948 0.96592571 0
vn 0.18785175 0.2682371 -0.94486008
vn 0.57357717 0.81915153 0
vn 0.26827708 0.18782343 -0.94485437
vn 0.81915201 0.57357648 0
vn 0.31634437 0.084752014 -0.94485096
vn 0.96592563 0.25881979 0
vn 0.32626153 -0.028539662 -0.94484861
vn 0.99619481 -0.087154488 0
vn 0 0 -1
vn 0.29681295 -0.13838637 -0.94485517
vn 0.045268987 -0.045275697 0.99794831
vn 0.027060113 -0.058030301 0.99794801
vn 0.0055814382 -0.063785577 0.99794802
vn -0.016561835 -0.061847791 0.99794817
vn -0.036719535 -0.05244973 0.99794825
vn -0.052456147 -0.036725848 0.99794768
vn -0.061850983 -0.016572062 0.99794781
vn -0.063785674 0.0055805451 0.99794802
vn -0.058023783 0.027060164 0.99794839
vn -0.045268128 0.045275784 0.99794835
vn -0.027059345 0.0580307 0.99794801
vn -0.0055817284 0.06378584 0.997948
vn 0.016567888 0.061847607 0.99794808
vn 0.036720596 0.052450026 0.99794819
vn 0.052450971 0.036725847 0.99794795
vn 0.061851841 0.016572055 0.99794775
vn 0.063786075 -0.0055803782 0.99794799
vn 0.058023319 -0.027060066 0.99794842
vn 0.70710812 -0.70710544 0
vn 0.42262183 -0.90630612 0
vn 0.087156563 -0.99619463 0
vn -0.25882264 -0.96592486 0
vn -0.57357808 -0.81915089 0
vn -0.81915158 -0.5735771 0
vn -0.96592559 -0.25881993 0
vn -0.99619477 0.087154968 0
vn -0.90630678 0.42262043 0
vn -0.70710696 0.7071066 0
vn -0.42262043 0.90630678 0
vn -0.42262043 0.90630678 0
vn -0.087154495 0.99619481 0
vn 0.25882264 0.96592486 0
vn 0.57357808 0.81915089 0
vn 0.81915158 0.5735771 0
vn 0.96592607 0.25881813 0
vn 0.99619476 -0.08715502 0
vn 0.90630849 -0.42261676 0
vn 0.23146594 -0.23150191 0.94489702
vn 0.70710812 -0.70710544 0
vn 0.13834632 -0.29671778 0.94489092
vn 0.42262183 -0.90630612 0
vn 0.02853099 -0.32614827 0.94488798
vn 0.087156563 -0.99619463 0
vn -0.25882264 -0.96592486 0
vn -0.084711658 -0.3162408 0.94488925
vn -0.57357808 -0.81915089 0
vn -0.18776066 -0.2681903 0.94489147
vn -0.81915158 -0.5735771 0
vn -0.26819005 -0.18778966 0.94488578
vn -0.96592559 -0.25881993 0
vn -0.31624799 -0.084737022 0.94488457
vn -0.99619477 0.087154968 0
vn -0.32613419 0.028533903 0.94489275
vn -0.90630678 0.42262043 0
vn -0.29669919 0.13836273 0.94489436
vn -0.70710696 0.7071066 0
vn -0.23148745 0.23150363 0.94489133
vn -0.42262043 0.90630678 0
vn -0.42262043 0.90630678 0
vn -0.13834834 0.29672233 0.9448892
vn -0.087154495 0.99619481 0
vn -0.028538839 0.32614585 0.94488857
vn 0.084733428 0.31623689 0.94488861
vn 0.25882264 0.96592486 0
vn 0.18778277 0.26818559 0.94488842
vn 0.57357808 0.81915089 0
vn 0.2682003 0.18778592 0.94488362
vn 0.81915158 0.5735771 0
vn 0.31626459 0.084735353 0.94487916
vn 0.96592607 0.25881813 0
vn 0.32613576 -0.028534569 0.94489219
vn 0.99619476 -0.08715502 0
vn 0.29668053 -0.13836301 0.94490018
vn 0.90630849 -0.42261676 0
vn -3.4088137e-07 0 1
vn 0 0 1
vn 0.23146593 -0.23150194 0.94489702
vn -1.227186e-05 0 1
vn 0.13834541 -0.29671818 0.94489093
vn -1.2271835e-05 0 1
vn 0.028531437 -0.32614825 0.94488797
vn -0.084712298 -0.31624065 0.94488924
vn 0 0 1
vn -0.18775971 -0.26819094 0.94489148
vn 0 0 1
vn -0.26819071 -0.18778875 0.94488578
vn -3.0679535e-06 0 1
vn -0.31624828 -0.084736021 0.94488456
vn -3.0679535e-06 0 1
vn -0.32613414 0.028534267 0.94489275
vn 0 0 1
vn -0.29669961 0.1383618 0.94489436
vn 0 0 1
vn -0.23148744 0.23150361 0.94489134
vn 0 0 1
vn -0.13834737 0.29672276 0.94488921
vn 1.2271836e-05 0 1
vn -0.028539201 0.32614582 0.94488857
vn 1.2271823e-05 0 1
vn 0 0 1
vn 0.084732425 0.31623714 0.94488861
vn 0 0 1
vn 0.18778188 0.26818624 0.94488841
vn 0 0 1
vn 0.26820095 0.18778505 0.9448836
vn 0 0 1
vn 0.31626421 0.084736756 0.94487916
vn 0 0 1
vn 0.32613571 -0.028534933 0.94489219
vn 0 0 1
vn 0.29668108 -0.13836184 0.94490017
usemtl surface_0
f 4/4/4 8/8/8 6/6/6
f 4/4/4 2/2/2 8/8/8
f 1/1/1 10/10/10 7/7/7
f 1/1/1 9/9/9 10/10/10
f 14/14/14 2/2/2 4/4/4
f 14/14/14 12/12/12 2/2/2
f 5/5/5 16/16/16 3/3/3
f 5/5/5 15/15/15 16/16/16
f 6/6/6 20/20/20 18/18/18
f 6/6/6 8/8/8 20/20/20
f 9/9/9 22/22/22 10/10/10
f 9/9/9 21/21/21 22/22/22
f 11/11/11 9/9/9 1/1/1
f 11/11/11 23/23/23 9/9/9
f 7/7/7 24/24/24 19/19/19
f 7/7/7 10/10/10 24/24/24
f 28/28/28 12/12/12 14/14/14
f 28/28/28 26/26/26 12/12/12
f 3/3/3 29/29/29 13/13/13
f 3/3/3 16/16/16 29/29/29
f 16/16/16 32/32/32 30/30/30
f 16/16/16 15/15/15 32/32/32
f 17/17/17 15/15/15 5/5/5
f 17/17/17 34/34/34 15/15/15
f 18/18/18 39/39/39 37/37/37
f 18/18/18 20/20/20 39/39/39
f 22/22/22 41/41/41 40/40/40
f 22/22/22 21/21/21 41/41/41
f 23/23/23 21/21/21 9/9/9
f 23/23/23 42/42/42 21/21/21
f 10/10/10 43/43/43 24/24/24
f 10/10/10 22/22/22 43/43/43
f 25/25/25 23/23/23 11/11/11
f 25/25/25 44/44/44 23/23/23
f 19/19/19 45/45/45 38/38/38
f 19/19/19 24/24/24 45/45/45
f 48/48/48 26/26/26 28/28/28
f 48/48/48 46/46/46 26/26/26
f 13/13/13 50/50/50 27/27/27
f 13/13/13 29/29/29 50/50/50
f 29/29/29 30/30/30 51/51/51
f 29/29/29 16/16/16 30/30/30
f 15/15/15 53/53/53 32/32/32
f 15/15/15 34/34/34 53/53/53
f 33/33/33 56/56/56 31/31/31
f 33/33/33 55/55/55 56/56/56
f 36/36/36 34/34/34 17/17/17
f 36/36/36 58/58/58 34/34/34
f 37/37/37 62/62/62 60/60/60
f 37/37/37 39/39/39 62/62/62
f 21/21/21 63/63/63 41/41/41
f 21/21/21 42/42/42 63/63/63
f 43/43/43 40/40/40 64/64/64
f 43/43/43 22/22/22 40/40/40
f 41/41/41 90/90/90 40/40/40
f 41/41/41 89/89/89 90/90/90
f 44/44/44 42/42/42 23/23/23
f 44/44/44 65/65/65 42/42/42
f 24/24/24 66/66/66 45/45/45
f 24/24/24 43/43/43 66/66/66
f 47/47/47 44/44/44 25/25/25
f 47/47/47 67/67/67 44/44/44
f 38/38/38 68/68/68 61/61/61
f 38/38/38 45/45/45 68/68/68
f 71/71/71 46/46/46 48/48/48
f 71/71/71 69/69/69 46/46/46
f 27/27/27 73/73/73 49/49/49
f 27/27/27 50/50/50 73/73/73
f 50/50/50 51/51/51 74/74/74
f 50/50/50 29/29/29 51/51/51
f 31/31/31 76/76/76 52/52/52
f 31/31/31 56/56/56 76/76/76
f 34/34/34 79/79/79 53/53/53
f 34/34/34 58/58/58 79/79/79
f 54/54/54 55/55/55 33/33/33
f 54/54/54 81/81/81 55/55/55
f 107/107/107 55/55/55 108/108/108
f 107/107/107 56/56/56 55/55/55
f 59/59/59 57/57/57 35/35/35
f 59/59/59 82/82/82 57/57/57
f 60/60/60 86/86/86 84/84/84
f 60/60/60 62/62/62 86/86/86
f 42/42/42 87/87/87 63/63/63
f 42/42/42 65/65/65 87/87/87
f 63/63/63 89/89/89 41/41/41
f 63/63/63 115/115/115 89/89/89
f 66/66/66 64/64/64 88/88/88
f 66/66/66 43/43/43 64/64/64
f 40/40/40 117/117/117 64/64/64
f 40/40/40 90/90/90 117/117/117
f 67/67/67 65/65/65 44/44/44
f 67/67/67 91/91/91 65/65/65
f 45/45/45 92/92/92 68/68/68
f 45/45/45 66/66/66 92/92/92
f 70/70/70 67/67/67 47/47/47
f 70/70/70 93/93/93 67/67/67
f 61/61/61 94/94/94 85/85/85
f 61/61/61 68/68/68 94/94/94
f 97/97/97 69/69/69 71/71/71
f 97/97/97 95/95/95 69/69/69
f 49/49/49 99/99/99 72/72/72
f 49/49/49 73/73/73 99/99/99
f 73/73/73 74/74/74 100/100/100
f 73/73/73 50/50/50 74/74/74
f 52/52/52 102/102/102 75/75/75
f 52/52/52 76/76/76 102/102/102
f 132/132/132 56/56/56 107/107/107
f 132/132/132 76/76/76 56/56/56
f 57/57/57 103/103/103 77/77/77
f 57/57/57 82/82/82 103/103/103
f 80/80/80 81/81/81 54/54/54
f 80/80/80 106/106/106 81/81/81
f 108/108/108 81/81/81 136/136/136
f 108/108/108 55/55/55 81/81/81
f 83/83/83 82/82/82 59/59/59
f 83/83/83 109/109/109 82/82/82
f 84/84/84 113/113/113 111/111/111
f 84/84/84 86/86/86 113/113/113
f 65/65/65 114/114/114 87/87/87
f 65/65/65 91/91/91 114/114/114
f 87/87/87 115/115/115 63/63/63
f 87/87/87 147/147/147 115/115/115
f 92/92/92 88/88/88 116/116/116
f 92/92/92 66/66/66 88/88/88
f 64/64/64 150/150/150 88/88/88
f 64/64/64 117/117/117 150/150/150
f 119/119/119 90/90/90 89/89/89
f 119/119/119 118/118/118 90/90/90
f 93/93/93 91/91/91 67/67/67
f 93/93/93 120/120/120 91/91/91
f 68/68/68 121/121/121 94/94/94
f 68/68/68 92/92/92 121/121/121
f 96/96/96 93/93/93 70/70/70
f 96/96/96 122/122/122 93/93/93
f 85/85/85 123/123/123 112/112/112
f 85/85/85 94/94/94 123/123/123
f 126/126/126 95/95/95 97/97/97
f 126/126/126 124/124/124 95/95/95
f 72/72/72 128/128/128 98/98/98
f 72/72/72 99/99/99 128/128/128
f 99/99/99 100/100/100 129/129/129
f 99/99/99 73/73/73 100/100/100
f 75/75/75 131/131/131 101/101/101
f 75/75/75 102/102/102 131/131/131
f 166/166/166 76/76/76 132/132/132
f 166/166/166 102/102/102 76/76/76
f 82/82/82 133/133/133 103/103/103
f 82/82/82 109/109/109 133/133/133
f 104/104/104 105/105/105 78/78/78
f 104/104/104 135/135/135 105/105/105
f 136/136/136 106/106/106 173/173/173
f 136/136/136 81/81/81 106/106/106
f 138/138/138 108/108/108 140/140/140
f 138/138/138 107/107/107 108/108/108
f 110/110/110 109/109/109 83/83/83
f 110/110/110 141/141/141 109/109/109
f 111/111/111 145/145/145 143/143/143
f 111/111/111 113/113/113 145/145/145
f 91/91/91 146/146/146 114/114/114
f 91/91/91 120/120/120 146/146/146
f 114/114/114 147/147/147 87/87/87
f 114/114/114 186/186/186 147/147/147
f 148/148/148 89/89/89 115/115/115
f 148/148/148 119/119/119 89/89/89
f 121/121/121 116/116/116 149/149/149
f 121/121/121 92/92/92 116/116/116
f 88/88/88 190/190/190 116/116/116
f 88/88/88 150/150/150 190/190/190
f 118/118/118 117/117/117 90/90/90
f 118/118/118 151/151/151 117/117/117
f 152/152/152 119/119/119 153/153/153
f 152/152/152 118/118/118 119/119/119
f 122/122/122 120/120/120 93/93/93
f 122/122/122 154/154/154 120/120/120
f 94/94/94 155/155/155 123/123/123
f 94/94/94 121/121/121 155/155/155
f 125/125/125 122/122/122 96/96/96
f 125/125/125 156/156/156 122/122/122
f 112/112/112 157/157/157 144/144/144
f 112/112/112 123/123/123 157/157/157
f 160/160/160 124/124/124 126/126/126
f 160/160/160 158/158/158 124/124/124
f 98/98/98 162/162/162 127/127/127
f 98/98/98 128/128/128 162/162/162
f 128/128/128 129/129/129 163/163/163
f 128/128/128 99/99/99 129/129/129
f 101/101/101 165/165/165 130/130/130
f 101/101/101 131/131/131 165/165/165
f 209/209/209 102/102/102 166/166/166
f 209/209/209 131/131/131 102/102/102
f 168/168/168 107/107/107 138/138/138
f 168/168/168 132/132/132 107/107/107
f 109/109/109 169/169/169 133/133/133
f 109/109/109 141/141/141 169/169/169
f 134/134/134 135/135/135 104/104/104
f 134/134/134 171/171/171 135/135/135
f 172/172/172 135/135/135 217/217/217
f 172/172/172 105/105/105 135/135/135
f 140/140/140 136/136/136 175/175/175
f 140/140/140 108/108/108 136/136/136
f 179/179/179 137/137/137 139/139/139
f 179/179/179 177/177/177 137/137/137
f 142/142/142 141/141/141 110/110/110
f 142/142/142 180/180/180 141/141/141
f 143/143/143 184/184/184 182/182/182
f 143/143/143 145/145/145 184/184/184
f 120/120/120 185/185/185 146/146/146
f 120/120/120 154/154/154 185/185/185
f 146/146/146 186/186/186 114/114/114
f 146/146/146 234/234/234 186/186/186
f 187/187/187 115/115/115 147/147/147
f 187/187/187 148/148/148 115/115/115
f 153/153/153 148/148/148 188/188/188
f 153/153/153 119/119/119 148/148/148
f 155/155/155 149/149/149 189/189/189
f 155/155/155 121/121/121 149/149/149
f 116/116/116 240/240/240 149/149/149
f 116/116/116 190/190/190 240/240/240
f 151/151/151 150/150/150 117/117/117
f 151/151/151 191/191/191 150/150/150
f 192/192/192 118/118/118 152/152/152
f 192/192/192 151/151/151 118/118/118
f 193/193/193 153/153/153 195/195/195
f 193/193/193 152/152/152 153/153/153
f 156/156/156 154/154/154 122/122/122
f 156/156/156 197/197/197 154/154/154
f 123/123/123 198/198/198 157/157/157
f 123/123/123 155/155/155 198/198/198
f 159/159/159 156/156/156 125/125/125
f 159/159/159 199/199/199 156/156/156
f 144/144/144 200/200/200 183/183/183
f 144/144/144 157/157/157 200/200/200
f 203/203/203 158/158/158 160/160/160
f 203/203/203 201/201/201 158/158/158
f 127/127/127 205/205/205 161/161/161
f 127/127/127 162/162/162 205/205/205
f 162/162/162 163/163/163 206/206/206
f 162/162/162 128/128/128 163/163/163
f 130/130/130 208/208/208 164/164/164
f 130/130/130 165/165/165 208/208/208
f 257/257/257 131/131/131 209/209/209
f 257/257/257 165/165/165 131/131/131
f 211/211/211 132/132/132 168/168/168
f 211/211/211 166/166/166 132/132/132
f 177/177/177 167/167/167 137/137/137
f 177/177/177 213/213/213 167/167/167
f 141/141/141 214/214/214 169/169/169
f 141/141/141 180/180/180 214/214/214
f 170/170/170 171/171/171 134/134/134
f 170/170/170 216/216/216 171/171/171
f 217/217/217 171/171/171 267/267/267
f 217/217/217 135/135/135 171/171/171
f 175/175/175 173/173/173 220/220/220
f 175/175/175 136/136/136 173/173/173
f 223/223/223 139/139/139 174/174/174
f 223/223/223 179/179/179 139/139/139
f 225/225/225 178/178/178 227/227/227
f 225/225/225 176/176/176 178/178/178
f 181/181/181 180/180/180 142/142/142
f 181/181/181 228/228/228 180/180/180
f 182/182/182 232/232/232 230/230/230
f 182/182/182 184/184/184 232/232/232
f 154/154/154 233/233/233 185/185/185
f 154/154/154 197/197/197 233/233/233
f 185/185/185 234/234/234 146/146/146
f 185/185/185 286/286/286 234/234/234
f 235/235/235 147/147/147 186/186/186
f 235/235/235 187/187/187 147/147/147
f 188/188/188 187/187/187 236/236/236
f 188/188/188 148/148/148 187/187/187
f 195/195/195 188/188/188 237/237/237
f 195/195/195 153/153/153 188/188/188
f 198/198/198 189/189/189 239/239/239
f 198/198/198 155/155/155 189/189/189
f 149/149/149 292/292/292 189/189/189
f 149/149/149 240/240/240 292/292/292
f 191/191/191 190/190/190 150/150/150
f 191/191/191 241/241/241 190/190/190
f 242/242/242 151/151/151 192/192/192
f 242/242/242 191/191/191 151/151/151
f 243/243/243 152/152/152 193/193/193
f 243/243/243 192/192/192 152/152/152
f 196/196/196 1249/1249/1249 194/194/194
f 196/196/196 1251/1251/1251 1249/1249/1249
f 199/199/199 197/197/197 156/156/156
f 199/199/199 245/245/245 197/197/197
f 157/157/157 246/246/246 200/200/200
f 157/157/157 198/198/198 246/246/246
f 202/202/202 199/199/199 159/159/159
f 202/202/202 247/247/247 199/199/199
f 183/183/183 248/248/248 231/231/231
f 183/183/183 200/200/200 248/248/248
f 251/251/251 201/201/201 203/203/203
f 251/251/251 249/249/249 201/201/201
f 161/161/161 253/253/253 204/204/204
f 161/161/161 205/205/205 253/253/253
f 205/205/205 206/206/206 254/254/254
f 205/205/205 162/162/162 206/206/206
f 164/164/164 256/256/256 207/207/207
f 164/164/164 208/208/208 256/256/256
f 310/310/310 165/165/165 257/257/257
f 310/310/310 208/208/208 165/165/165
f 259/259/259 166/166/166 211/211/211
f 259/259/259 209/209/209 166/166/166
f 213/213/213 210/210/210 167/167/167
f 213/213/213 261/261/261 210/210/210
f 263/263/263 176/176/176 225/225/225
f 263/263/263 212/212/212 176/176/176
f 180/180/180 264/264/264 214/214/214
f 180/180/180 228/228/228 264/264/264
f 215/215/215 216/216/216 170/170/170
f 215/215/215 266/266/266 216/216/216
f 267/267/267 216/216/216 322/322/322
f 267/267/267 171/171/171 216/216/216
f 219/219/219 217/217/217 269/269/269
f 219/219/219 172/172/172 217/217/217
f 273/273/273 174/174/174 221/221/221
f 273/273/273 223/223/223 174/174/174
f 227/227/227 222/222/222 275/275/275
f 227/227/227 178/178/178 222/222/222
f 224/224/224 278/278/278 276/276/276
f 224/224/224 226/226/226 278/278/278
f 229/229/229 228/228/228 181/181/181
f 229/229/229 280/280/280 228/228/228
f 230/230/230 284/284/284 282/282/282
f 230/230/230 232/232/232 284/284/284
f 197/197/197 285/285/285 233/233/233
f 197/197/197 245/245/245 285/285/285
f 233/233/233 286/286/286 185/185/185
f 233/233/233 343/343/343 286/286/286
f 287/287/287 186/186/186 234/234/234
f 287/287/287 235/235/235 186/186/186
f 236/236/236 235/235/235 288/288/288
f 236/236/236 187/187/187 235/235/235
f 237/237/237 236/236/236 289/289/289
f 237/237/237 188/188/188 236/236/236
f 238/238/238 1251/1251/1251 196/196/196
f 238/238/238 1289/1289/1289 1251/1251/1251
f 246/246/246 239/239/239 291/291/291
f 246/246/246 198/198/198 239/239/239
f 189/189/189 349/349/349 239/239/239
f 189/189/189 292/292/292 349/349/349
f 241/241/241 240/240/240 190/190/190
f 241/241/241 293/293/293 240/240/240
f 294/294/294 191/191/191 242/242/242
f 294/294/294 241/241/241 191/191/191
f 295/295/295 192/192/192 243/243/243
f 295/295/295 242/242/242 192/192/192
f 247/247/247 245/245/245 199/199/199
f 247/247/247 297/297/297 245/245/245
f 200/200/200 298/298/298 248/248/248
f 200/200/200 246/246/246 298/298/298
f 250/250/250 247/247/247 202/202/202
f 250/250/250 299/299/299 247/247/247
f 231/231/231 300/300/300 283/283/283
f 231/231/231 248/248/248 300/300/300
f 303/303/303 249/249/249 251/251/251
f 303/303/303 301/301/301 249/249/249
f 204/204/204 306/306/306 252/252/252
f 204/204/204 253/253/253 306/306/306
f 253/253/253 254/254/254 307/307/307
f 253/253/253 205/205/205 254/254/254
f 207/207/207 309/309/309 255/255/255
f 207/207/207 256/256/256 309/309/309
f 367/367/367 208/208/208 310/310/310
f 367/367/367 256/256/256 208/208/208
f 312/312/312 209/209/209 259/259/259
f 312/312/312 257/257/257 209/209/209
f 261/261/261 258/258/258 210/210/210
f 261/261/261 313/313/313 258/258/258
f 316/316/316 212/212/212 263/263/263
f 316/316/316 260/260/260 212/212/212
f 262/262/262 276/276/276 317/317/317
f 262/262/262 224/224/224 276/276/276
f 228/228/228 319/319/319 264/264/264
f 228/228/228 280/280/280 319/319/319
f 265/265/265 266/266/266 215/215/215
f 265/265/265 321/321/321 266/266/266
f 322/322/322 266/266/266 381/381/381
f 322/322/322 216/216/216 266/266/266
f 269/269/269 267/267/267 324/324/324
f 269/269/269 217/217/217 267/267/267
f 326/326/326 218/218/218 268/268/268
f 326/326/326 272/272/272 218/218/218
f 275/275/275 271/271/271 330/330/330
f 275/275/275 222/222/222 271/271/271
f 226/226/226 331/331/331 278/278/278
f 226/226/226 274/274/274 331/331/331
f 333/333/333 279/279/279 335/335/335
f 333/333/333 277/277/277 279/279/279
f 281/281/281 280/280/280 229/229/229
f 281/281/281 337/337/337 280/280/280
f 282/282/282 340/340/340 338/338/338
f 282/282/282 284/284/284 340/340/340
f 245/245/245 342/342/342 285/285/285
f 245/245/245 297/297/297 342/342/342
f 285/285/285 343/343/343 233/233/233
f 285/285/285 401/401/401 343/343/343
f 344/344/344 234/234/234 286/286/286
f 344/344/344 287/287/287 234/234/234
f 288/288/288 287/287/287 345/345/345
f 288/288/288 235/235/235 287/287/287
f 289/289/289 288/288/288 347/347/347
f 289/289/289 236/236/236 288/288/288
f 290/290/290 1289/1289/1289 238/238/238
f 290/290/290 1335/1335/1335 1289/1289/1289
f 298/298/298 291/291/291 348/348/348
f 298/298/298 246/246/246 291/291/291
f 239/239/239 407/407/407 291/291/291
f 239/239/239 349/349/349 407/407/407
f 293/293/293 292/292/292 240/240/240
f 293/293/293 350/350/350 292/292/292
f 351/351/351 241/241/241 294/294/294
f 351/351/351 293/293/293 241/241/241
f 352/352/352 242/242/242 295/295/295
f 352/352/352 294/294/294 242/242/242
f 299/299/299 297/297/297 247/247/247
f 299/299/299 354/354/354 297/297/297
f 248/248/248 355/355/355 300/300/300
f 248/248/248 298/298/298 355/355/355
f 302/302/302 299/299/299 250/250/250
f 302/302/302 356/356/356 299/299/299
f 283/283/283 357/357/357 341/341/341
f 283/283/283 300/300/300 357/357/357
f 360/360/360 301/301/301 303/303/303
f 360/360/360 358/358/358 301/301/301
f 252/252/252 362/362/362 304/304/304
f 252/252/252 306/306/306 362/362/362
f 306/306/306 307/307/307 364/364/364
f 306/306/306 253/253/253 307/307/307
f 255/255/255 366/366/366 308/308/308
f 255/255/255 309/309/309 366/366/366
f 429/429/429 256/256/256 367/367/367
f 429/429/429 309/309/309 256/256/256
f 369/369/369 257/257/257 312/312/312
f 369/369/369 310/310/310 257/257/257
f 313/313/313 311/311/311 258/258/258
f 313/313/313 370/370/370 311/311/311
f 372/372/372 260/260/260 316/316/316
f 372/372/372 314/314/314 260/260/260
f 315/315/315 317/317/317 374/374/374
f 315/315/315 262/262/262 317/317/317
f 376/376/376 277/277/277 333/333/333
f 376/376/376 318/318/318 277/277/277
f 280/280/280 378/378/378 319/319/319
f 280/280/280 337/337/337 378/378/378
f 320/320/320 321/321/321 265/265/265
f 320/320/320 380/380/380 321/321/321
f 381/381/381 321/321/321 443/443/443
f 381/381/381 266/266/266 321/321/321
f 324/324/324 322/322/322 383/383/383
f 324/324/324 267/267/267 322/322/322
f 385/385/385 268/268/268 323/323/323
f 385/385/385 326/326/326 268/268/268
f 329/329/329 325/325/325 387/387/387
f 329/329/329 270/270/270 325/325/325
f 274/274/274 389/389/389 331/331/331
f 274/274/274 328/328/328 389/389/389
f 335/335/335 332/332/332 392/392/392
f 335/335/335 279/279/279 332/332/332
f 745/745/745 785/785/785 746/746/746
f 745/745/745 787/787/787 785/785/785
f 339/339/339 337/337/337 281/281/281
f 339/339/339 395/395/395 337/337/337
f 338/338/338 398/398/398 396/396/396
f 338/338/338 340/340/340 398/398/398
f 297/297/297 400/400/400 342/342/342
f 297/297/297 354/354/354 400/400/400
f 342/342/342 401/401/401 285/285/285
f 342/342/342 461/461/461 401/401/401
f 402/402/402 286/286/286 343/343/343
f 402/402/402 344/344/344 286/286/286
f 345/345/345 344/344/344 403/403/403
f 345/345/345 287/287/287 344/344/344
f 347/347/347 345/345/345 405/405/405
f 347/347/347 288/288/288 345/345/345
f 346/346/346 1335/1335/1335 290/290/290
f 346/346/346 1386/1386/1386 1335/1335/1335
f 355/355/355 348/348/348 406/406/406
f 355/355/355 298/298/298 348/348/348
f 291/291/291 467/467/467 348/348/348
f 291/291/291 407/407/407 467/467/467
f 350/350/350 349/349/349 292/292/292
f 350/350/350 408/408/408 349/349/349
f 409/409/409 293/293/293 351/351/351
f 409/409/409 350/350/350 293/293/293
f 410/410/410 294/294/294 352/352/352
f 410/410/410 351/351/351 294/294/294
f 296/296/296 1393/1393/1393 353/353/353
f 296/296/296 1341/1341/1341 1393/1393/1393
f 356/356/356 354/354/354 299/299/299
f 356/356/356 412/412/412 354/354/354
f 300/300/300 413/413/413 357/357/357
f 300/300/300 355/355/355 413/413/413
f 359/359/359 356/356/356 302/302/302
f 359/359/359 414/414/414 356/356/356
f 341/341/341 415/415/415 399/399/399
f 341/341/341 357/357/357 415/415/415
f 420/420/420 358/358/358 360/360/360
f 420/420/420 416/416/416 358/358/358
f 305/305/305 423/423/423 361/361/361
f 305/305/305 363/363/363 423/423/423
f 362/362/362 364/364/364 424/424/424
f 362/362/362 306/306/306 364/364/364
f 308/308/308 428/428/428 365/365/365
f 308/308/308 366/366/366 428/428/428
f 482/482/482 309/309/309 429/429/429
f 482/482/482 366/366/366 309/309/309
f 431/431/431 310/310/310 369/369/369
f 431/431/431 367/367/367 310/310/310
f 370/370/370 368/368/368 311/311/311
f 370/370/370 432/432/432 368/368/368
f 434/434/434 314/314/314 372/372/372
f 434/434/434 371/371/371 314/314/314
f 373/373/373 374/374/374 437/437/437
f 373/373/373 315/315/315 374/374/374
f 438/438/438 318/318/318 376/376/376
f 438/438/438 375/375/375 318/318/318
f 337/337/337 440/440/440 378/378/378
f 337/337/337 395/395/395 440/440/440
f 379/379/379 380/380/380 320/320/320
f 379/379/379 442/442/442 380/380/380
f 443/443/443 380/380/380 496/496/496
f 443/443/443 321/321/321 380/380/380
f 383/383/383 381/381/381 445/445/445
f 383/383/383 322/322/322 381/381/381
f 447/447/447 323/323/323 382/382/382
f 447/447/447 385/385/385 323/323/323
f 387/387/387 384/384/384 449/449/449
f 387/387/387 325/325/325 384/384/384
f 327/327/327 450/450/450 388/388/388
f 327/327/327 386/386/386 450/450/450
f 392/392/392 391/391/391 453/453/453
f 392/392/392 332/332/332 391/391/391
f 770/770/770 798/798/798 795/795/795
f 770/770/770 769/769/769 798/798/798
f 397/397/397 395/395/395 339/339/339
f 397/397/397 455/455/455 395/395/395
f 396/396/396 458/458/458 456/456/456
f 396/396/396 398/398/398 458/458/458
f 354/354/354 460/460/460 400/400/400
f 354/354/354 412/412/412 460/460/460
f 400/400/400 461/461/461 342/342/342
f 400/400/400 509/509/509 461/461/461
f 462/462/462 343/343/343 401/401/401
f 462/462/462 402/402/402 343/343/343
f 403/403/403 402/402/402 463/463/463
f 403/403/403 344/344/344 402/402/402
f 405/405/405 403/403/403 465/465/465
f 405/405/405 345/345/345 403/403/403
f 404/404/404 1386/1386/1386 346/346/346
f 404/404/404 1437/1437/1437 1386/1386/1386
f 413/413/413 406/406/406 466/466/466
f 413/413/413 355/355/355 406/406/406
f 348/348/348 515/515/515 406/406/406
f 348/348/348 467/467/467 515/515/515
f 408/408/408 407/407/407 349/349/349
f 408/408/408 468/468/468 407/407/407
f 469/469/469 350/350/350 409/409/409
f 469/469/469 408/408/408 350/350/350
f 470/470/470 351/351/351 410/410/410
f 470/470/470 409/409/409 351/351/351
f 353/353/353 1444/1444/1444 411/411/411
f 353/353/353 1393/1393/1393 1444/1444/1444
f 414/414/414 412/412/412 356/356/356
f 414/414/414 472/472/472 412/412/412
f 357/357/357 473/473/473 415/415/415
f 357/357/357 413/413/413 473/473/473
f 418/418/418 414/414/414 359/359/359
f 418/418/418 474/474/474 414/414/414
f 399/399/399 476/476/476 459/459/459
f 399/399/399 415/415/415 476/476/476
f 456/456/456 417/417/417 421/421/421
f 456/456/456 458/458/458 417/417/417
f 361/361/361 477/477/477 422/422/422
f 361/361/361 423/423/423 477/477/477
f 423/423/423 427/427/427 478/478/478
f 423/423/423 363/363/363 427/427/427
f 365/365/365 481/481/481 426/426/426
f 365/365/365 428/428/428 481/481/481
f 526/526/526 366/366/366 482/482/482
f 526/526/526 428/428/428 366/366/366
f 484/484/484 367/367/367 431/431/431
f 484/484/484 429/429/429 367/367/367
f 432/432/432 430/430/430 368/368/368
f 432/432/432 485/485/485 430/430/430
f 487/487/487 371/371/371 434/434/434
f 487/487/487 433/433/433 371/371/371
f 435/435/435 437/437/437 490/490/490
f 435/435/435 373/373/373 437/437/437
f 492/492/492 375/375/375 438/438/438
f 492/492/492 436/436/436 375/375/375
f 747/747/747 394/394/394 748/748/748
f 395/395/395 493/493/493 440/440/440
f 395/395/395 455/455/455 493/493/493
f 441/441/441 442/442/442 379/379/379
f 441/441/441 495/495/495 442/442/442
f 496/496/496 442/442/442 540/540/540
f 496/496/496 380/380/380 442/442/442
f 445/445/445 443/443/443 498/498/498
f 445/445/445 381/381/381 443/443/443
f 500/500/500 382/382/382 444/444/444
f 500/500/500 447/447/447 382/382/382
f 449/449/449 446/446/446 502/502/502
f 449/449/449 384/384/384 446/446/446
f 386/386/386 503/503/503 450/450/450
f 386/386/386 448/448/448 503/503/503
f 452/452/452 451/451/451 505/505/505
f 452/452/452 390/390/390 451/451/451
f 457/457/457 455/455/455 397/397/397
f 457/457/457 507/507/507 455/455/455
f 412/412/412 508/508/508 460/460/460
f 412/412/412 472/472/472 508/508/508
f 460/460/460 509/509/509 400/400/400
f 460/460/460 553/553/553 509/509/509
f 510/510/510 401/401/401 461/461/461
f 510/510/510 462/462/462 401/401/401
f 463/463/463 462/462/462 511/511/511
f 463/463/463 402/402/402 462/462/462
f 465/465/465 463/463/463 513/513/513
f 465/465/465 403/403/403 463/463/463
f 464/464/464 1437/1437/1437 404/404/404
f 464/464/464 1491/1491/1491 1437/1437/1437
f 473/473/473 466/466/466 514/514/514
f 473/473/473 413/413/413 466/466/466
f 406/406/406 559/559/559 466/466/466
f 406/406/406 515/515/515 559/559/559
f 468/468/468 467/467/467 407/407/407
f 468/468/468 516/516/516 467/467/467
f 517/517/517 408/408/408 469/469/469
f 517/517/517 468/468/468 408/408/408
f 518/518/518 409/409/409 470/470/470
f 518/518/518 469/469/469 409/409/409
f 411/411/411 1498/1498/1498 471/471/471
f 411/411/411 1444/1444/1444 1498/1498/1498
f 474/474/474 472/472/472 414/414/414
f 474/474/474 520/520/520 472/472/472
f 415/415/415 522/522/522 476/476/476
f 415/415/415 473/473/473 522/522/522
f 459/459/459 475/475/475 419/419/419
f 459/459/459 476/476/476 475/475/475
f 422/422/422 507/507/507 457/457/457
f 422/422/422 477/477/477 507/507/507
f 477/477/477 478/478/478 523/523/523
f 477/477/477 423/423/423 478/478/478
f 425/425/425 525/525/525 479/479/479
f 425/425/425 480/480/480 525/525/525
f 566/566/566 428/428/428 526/526/526
f 566/566/566 481/481/481 428/428/428
f 528/528/528 429/429/429 484/484/484
f 528/528/528 482/482/482 429/429/429
f 485/485/485 483/483/483 430/430/430
f 485/485/485 529/529/529 483/483/483
f 531/531/531 433/433/433 487/487/487
f 531/531/531 486/486/486 433/433/433
f 488/488/488 490/490/490 534/534/534
f 488/488/488 435/435/435 490/490/490
f 536/536/536 436/436/436 492/492/492
f 536/536/536 489/489/489 436/436/436
f 748/748/748 394/394/394 749/749/749
f 455/455/455 537/537/537 493/493/493
f 455/455/455 507/507/507 537/537/537
f 494/494/494 495/495/495 441/441/441
f 494/494/494 539/539/539 495/495/495
f 540/540/540 495/495/495 578/578/578
f 540/540/540 442/442/442 495/495/495
f 498/498/498 496/496/496 542/542/542
f 498/498/498 443/443/443 496/496/496
f 544/544/544 444/444/444 497/497/497
f 544/544/544 500/500/500 444/444/444
f 502/502/502 499/499/499 546/546/546
f 502/502/502 446/446/446 499/499/499
f 448/448/448 547/547/547 503/503/503
f 448/448/448 501/501/501 547/547/547
f 505/505/505 504/504/504 549/549/549
f 505/505/505 451/451/451 504/504/504
f 768/768/768 394/394/394 769/769/769
f 472/472/472 551/551/551 508/508/508
f 472/472/472 520/520/520 551/551/551
f 508/508/508 553/553/553 460/460/460
f 508/508/508 589/589/589 553/553/553
f 554/554/554 461/461/461 509/509/509
f 554/554/554 510/510/510 461/461/461
f 511/511/511 510/510/510 555/555/555
f 511/511/511 462/462/462 510/510/510
f 513/513/513 511/511/511 557/557/557
f 513/513/513 463/463/463 511/511/511
f 512/512/512 1491/1491/1491 464/464/464
f 512/512/512 1533/1533/1533 1491/1491/1491
f 522/522/522 514/514/514 558/558/558
f 522/522/522 473/473/473 514/514/514
f 466/466/466 594/594/594 514/514/514
f 466/466/466 559/559/559 594/594/594
f 516/516/516 515/515/515 467/467/467
f 516/516/516 560/560/560 515/515/515
f 561/561/561 468/468/468 517/517/517
f 561/561/561 516/516/516 468/468/468
f 562/562/562 469/469/469 518/518/518
f 562/562/562 517/517/517 469/469/469
f 471/471/471 1540/1540/1540 519/519/519
f 471/471/471 1498/1498/1498 1540/1540/1540
f 476/476/476 521/521/521 475/475/475
f 476/476/476 522/522/522 521/521/521
f 507/507/507 523/523/523 537/537/537
f 507/507/507 477/477/477 523/523/523
f 479/479/479 564/564/564 524/524/524
f 479/479/479 525/525/525 564/564/564
f 599/599/599 480/480/480 565/565/565
f 599/599/599 525/525/525 480/480/480
f 568/568/568 482/482/482 528/528/528
f 568/568/568 526/526/526 482/482/482
f 529/529/529 527/527/527 483/483/483
f 529/529/529 569/569/569 527/527/527
f 571/571/571 486/486/486 531/531/531
f 571/571/571 530/530/530 486/486/486
f 532/532/532 534/534/534 574/574/574
f 532/532/532 488/488/488 534/534/534
f 576/576/576 489/489/489 536/536/536
f 576/576/576 533/533/533 489/489/489
f 749/749/749 394/394/394 750/750/750
f 538/538/538 539/539/539 494/494/494
f 538/538/538 577/577/577 539/539/539
f 578/578/578 539/539/539 612/612/612
f 578/578/578 495/495/495 539/539/539
f 542/542/542 540/540/540 580/580/580
f 542/542/542 496/496/496 540/540/540
f 582/582/582 497/497/497 541/541/541
f 582/582/582 544/544/544 497/497/497
f 546/546/546 543/543/543 584/584/584
f 546/546/546 499/499/499 543/543/543
f 501/501/501 585/585/585 547/547/547
f 501/501/501 545/545/545 585/585/585
f 549/549/549 548/548/548 587/587/587
f 549/549/549 504/504/504 548/548/548
f 767/767/767 394/394/394 768/768/768
f 521/521/521 558/558/558 552/552/552
f 521/521/521 522/522/522 558/558/558
f 551/551/551 589/589/589 508/508/508
f 551/551/551 623/623/623 589/589/589
f 590/590/590 509/509/509 553/553/553
f 590/590/590 554/554/554 509/509/509
f 555/555/555 554/554/554 591/591/591
f 555/555/555 510/510/510 554/554/554
f 557/557/557 555/555/555 593/593/593
f 557/557/557 511/511/511 555/555/555
f 556/556/556 1533/1533/1533 512/512/512
f 556/556/556 1572/1572/1572 1533/1533/1533
f 514/514/514 629/629/629 558/558/558
f 514/514/514 594/594/594 629/629/629
f 560/560/560 559/559/559 515/515/515
f 560/560/560 595/595/595 559/559/559
f 596/596/596 516/516/516 561/561/561
f 596/596/596 560/560/560 516/516/516
f 597/597/597 517/517/517 562/562/562
f 597/597/597 561/561/561 517/517/517
f 519/519/519 1579/1579/1579 563/563/563
f 519/519/519 1540/1540/1540 1579/1579/1579
f 524/524/524 577/577/577 538/538/538
f 524/524/524 564/564/564 577/577/577
f 634/634/634 525/525/525 599/599/599
f 634/634/634 564/564/564 525/525/525
f 602/602/602 526/526/526 568/568/568
f 602/602/602 566/566/566 526/526/526
f 569/569/569 567/567/567 527/527/527
f 569/569/569 604/604/604 567/567/567
f 606/606/606 530/530/530 571/571/571
f 606/606/606 570/570/570 530/530/530
f 572/572/572 574/574/574 609/609/609
f 572/572/572 532/532/532 574/574/574
f 611/611/611 533/533/533 576/576/576
f 611/611/611 573/573/573 533/533/533
f 750/750/750 394/394/394 751/751/751
f 612/612/612 577/577/577 647/647/647
f 612/612/612 539/539/539 577/577/577
f 580/580/580 578/578/578 614/614/614
f 580/580/580 540/540/540 578/578/578
f 616/616/616 541/541/541 579/579/579
f 616/616/616 582/582/582 541/541/541
f 584/584/584 581/581/581 618/618/618
f 584/584/584 543/543/543 581/581/581
f 545/545/545 619/619/619 585/585/585
f 545/545/545 583/583/583 619/619/619
f 587/587/587 586/586/586 621/621/621
f 587/587/587 548/548/548 586/586/586
f 766/766/766 394/394/394 767/767/767
f 558/558/558 624/624/624 552/552/552
f 558/558/558 629/629/629 624/624/624
f 625/625/625 553/553/553 589/589/589
f 625/625/625 590/590/590 553/553/553
f 591/591/591 590/590/590 626/626/626
f 591/591/591 554/554/554 590/590/590
f 593/593/593 591/591/591 628/628/628
f 593/593/593 555/555/555 591/591/591
f 592/592/592 1572/1572/1572 556/556/556
f 592/592/592 1603/1603/1603 1572/1572/1572
f 595/595/595 594/594/594 559/559/559
f 595/595/595 630/630/630 594/594/594
f 631/631/631 560/560/560 596/596/596
f 631/631/631 595/595/595 560/560/560
f 632/632/632 561/561/561 597/597/597
f 632/632/632 596/596/596 561/561/561
f 563/563/563 1609/1609/1609 598/598/598
f 563/563/563 1579/1579/1579 1609/1609/1609
f 647/647/647 564/564/564 634/634/634
f 647/647/647 577/577/577 564/564/564
f 636/636/636 565/565/565 601/601/601
f 636/636/636 599/599/599 565/565/565
f 604/604/604 600/600/600 567/567/567
f 604/604/604 637/637/637 600/600/600
f 641/641/641 570/570/570 606/606/606
f 641/641/641 605/605/605 570/570/570
f 607/607/607 609/609/609 644/644/644
f 607/607/607 572/572/572 609/609/609
f 646/646/646 573/573/573 611/611/611
f 646/646/646 608/608/608 573/573/573
f 751/751/751 394/394/394 752/752/752
f 614/614/614 612/612/612 649/649/649
f 614/614/614 578/578/578 612/612/612
f 650/650/650 579/579/579 613/613/613
f 650/650/650 616/616/616 579/579/579
f 618/618/618 615/615/615 653/653/653
f 618/618/618 581/581/581 615/615/615
f 583/583/583 654/654/654 619/619/619
f 583/583/583 617/617/617 654/654/654
f 621/621/621 620/620/620 656/656/656
f 621/621/621 586/586/586 620/620/620
f 765/765/765 394/394/394 766/766/766
f 658/658/658 589/589/589 623/623/623
f 658/658/658 625/625/625 589/589/589
f 626/626/626 625/625/625 660/660/660
f 626/626/626 590/590/590 625/625/625
f 628/628/628 626/626/626 662/662/662
f 628/628/628 591/591/591 626/626/626
f 627/627/627 1603/1603/1603 592/592/592
f 627/627/627 1632/1632/1632 1603/1603/1603
f 630/630/630 629/629/629 594/594/594
f 630/630/630 663/663/663 629/629/629
f 664/664/664 595/595/595 631/631/631
f 664/664/664 630/630/630 595/595/595
f 666/666/666 596/596/596 632/632/632
f 666/666/666 631/631/631 596/596/596
f 598/598/598 1638/1638/1638 633/633/633
f 598/598/598 1609/1609/1609 1638/1638/1638
f 668/668/668 599/599/599 636/636/636
f 668/668/668 634/634/634 599/599/599
f 638/638/638 635/635/635 603/603/603
f 638/638/638 669/669/669 635/635/635
f 671/671/671 605/605/605 641/641/641
f 671/671/671 639/639/639 605/605/605
f 642/642/642 644/644/644 676/676/676
f 642/642/642 607/607/607 644/644/644
f 678/678/678 608/608/608 646/646/646
f 678/678/678 643/643/643 608/608/608
f 752/752/752 394/394/394 753/753/753
f 649/649/649 647/647/647 680/680/680
f 649/649/649 612/612/612 647/647/647
f 681/681/681 613/613/613 648/648/648
f 681/681/681 650/650/650 613/613/613
f 653/653/653 651/651/651 683/683/683
f 653/653/653 615/615/615 651/651/651
f 617/617/617 685/685/685 654/654/654
f 617/617/617 652/652/652 685/685/685
f 656/656/656 655/655/655 687/687/687
f 656/656/656 620/620/620 655/655/655
f 764/764/764 394/394/394 765/765/765
f 663/663/663 624/624/624 629/629/629
f 663/663/663 659/659/659 624/624/624
f 660/660/660 658/658/658 689/689/689
f 660/660/660 625/625/625 658/658/658
f 662/662/662 660/660/660 692/692/692
f 662/662/662 626/626/626 660/660/660
f 661/661/661 1632/1632/1632 627/627/627
f 661/661/661 1661/1661/1661 1632/1632/1632
f 693/693/693 630/630/630 664/664/664
f 693/693/693 663/663/663 630/630/630
f 695/695/695 631/631/631 666/666/666
f 695/695/695 664/664/664 631/631/631
f 633/633/633 1665/1665/1665 665/665/665
f 633/633/633 1638/1638/1638 1665/1665/1665
f 680/680/680 634/634/634 668/668/668
f 680/680/680 647/647/647 634/634/634
f 669/669/669 667/667/667 635/635/635
f 669/669/669 696/696/696 667/667/667
f 698/698/698 640/640/640 672/672/672
f 698/698/698 670/670/670 640/640/640
f 673/673/673 676/676/676 702/702/702
f 673/673/673 642/642/642 676/676/676
f 705/705/705 643/643/643 678/678/678
f 705/705/705 675/675/675 643/643/643
f 753/753/753 394/394/394 754/754/754
f 706/706/706 648/648/648 679/679/679
f 706/706/706 681/681/681 648/648/648
f 683/683/683 682/682/682 708/708/708
f 683/683/683 651/651/651 682/682/682
f 652/652/652 711/711/711 685/685/685
f 652/652/652 684/684/684 711/711/711
f 687/687/687 686/686/686 712/712/712
f 687/687/687 655/655/655 686/686/686
f 763/763/763 394/394/394 764/764/764
f 690/690/690 663/663/663 693/693/693
f 690/690/690 659/659/659 663/663/663
f 692/692/692 689/689/689 716/716/716
f 692/692/692 660/660/660 689/689/689
f 691/691/691 1661/1661/1661 661/661/661
f 691/691/691 1687/1687/1687 1661/1661/1661
f 719/719/719 664/664/664 695/695/695
f 719/719/719 693/693/693 664/664/664
f 665/665/665 1690/1690/1690 694/694/694
f 665/665/665 1665/1665/1665 1690/1690/1690
f 696/696/696 679/679/679 667/667/667
f 696/696/696 706/706/706 679/679/679
f 720/720/720 670/670/670 698/698/698
f 720/720/720 697/697/697 670/670/670
f 699/699/699 703/703/703 723/723/723
f 699/699/699 674/674/674 703/703/703
f 725/725/725 675/675/675 705/705/705
f 725/725/725 700/700/700 675/675/675
f 754/754/754 394/394/394 755/755/755
f 708/708/708 707/707/707 727/727/727
f 708/708/708 682/682/682 707/707/707
f 684/684/684 730/730/730 711/711/711
f 684/684/684 709/709/709 730/730/730
f 712/712/712 710/710/710 732/732/732
f 712/712/712 686/686/686 710/710/710
f 762/762/762 394/394/394 763/763/763
f 717/717/717 693/693/693 719/719/719
f 717/717/717 690/690/690 693/693/693
f 714/714/714 1687/1687/1687 691/691/691
f 714/714/714 1707/1707/1707 1687/1687/1687
f 694/694/694 1711/1711/1711 718/718/718
f 694/694/694 1690/1690/1690 1711/1711/1711
f 727/727/727 697/697/697 720/720/720
f 727/727/727 707/707/707 697/697/697
f 721/721/721 723/723/723 734/734/734
f 721/721/721 699/699/699 723/723/723
f 736/736/736 701/701/701 726/726/726
f 736/736/736 722/722/722 701/701/701
f 755/755/755 394/394/394 756/756/756
f 709/709/709 738/738/738 730/730/730
f 709/709/709 728/728/728 738/738/738
f 732/732/732 729/729/729 740/740/740
f 732/732/732 710/710/710 729/729/729
f 761/761/761 394/394/394 762/762/762
f 718/718/718 1708/1708/1708 715/715/715
f 718/718/718 1711/1711/1711 1708/1708/1708
f 728/728/728 734/734/734 738/738/738
f 728/728/728 721/721/721 734/734/734
f 742/742/742 722/722/722 736/736/736
f 742/742/742 733/733/733 722/722/722
f 756/756/756 394/394/394 757/757/757
f 740/740/740 737/737/737 744/744/744
f 740/740/740 729/729/729 737/737/737
f 760/760/760 394/394/394 761/761/761
f 744/744/744 733/733/733 742/742/742
f 744/744/744 737/737/737 733/733/733
f 757/757/757 394/394/394 758/758/758
f 759/759/759 394/394/394 760/760/760
f 758/758/758 394/394/394 759/759/759
f 336/336/336 746/746/746 334/334/334
f 336/336/336 745/745/745 746/746/746
f 334/334/334 747/747/747 377/377/377
f 334/334/334 746/746/746 747/747/747
f 377/377/377 748/748/748 439/439/439
f 377/377/377 747/747/747 748/748/748
f 439/439/439 749/749/749 491/491/491
f 439/439/439 748/748/748 749/749/749
f 491/491/491 750/750/750 535/535/535
f 491/491/491 749/749/749 750/750/750
f 535/535/535 751/751/751 575/575/575
f 535/535/535 750/750/750 751/751/751
f 575/575/575 752/752/752 610/610/610
f 575/575/575 751/751/751 752/752/752
f 610/610/610 753/753/753 645/645/645
f 610/610/610 752/752/752 753/753/753
f 645/645/645 754/754/754 677/677/677
f 645/645/645 753/753/753 754/754/754
f 677/677/677 755/755/755 704/704/704
f 677/677/677 754/754/754 755/755/755
f 704/704/704 756/756/756 724/724/724
f 704/704/704 755/755/755 756/756/756
f 724/724/724 757/757/757 735/735/735
f 724/724/724 756/756/756 757/757/757
f 735/735/735 758/758/758 741/741/741
f 735/735/735 757/757/757 758/758/758
f 741/741/741 759/759/759 743/743/743
f 741/741/741 758/758/758 759/759/759
f 743/743/743 760/760/760 739/739/739
f 743/743/743 759/759/759 760/760/760
f 739/739/739 761/761/761 731/731/731
f 739/739/739 760/760/760 761/761/761
f 731/731/731 762/762/762 713/713/713
f 731/731/731 761/761/761 762/762/762
f 713/713/713 763/763/763 688/688/688
f 713/713/713 762/762/762 763/763/763
f 688/688/688 764/764/764 657/657/657
f 688/688/688 763/763/763 764/764/764
f 657/657/657 765/765/765 622/622/622
f 657/657/657 764/764/764 765/765/765
f 622/622/622 766/766/766 588/588/588
f 622/622/622 765/765/765 766/766/766
f 588/588/588 767/767/767 550/550/550
f 588/588/588 766/766/766 767/767/767
f 550/550/550 768/768/768 506/506/506
f 550/550/550 767/767/767 768/768/768
f 506/506/506 769/769/769 454/454/454
f 506/506/506 768/768/768 769/769/769
f 454/454/454 770/770/770 393/393/393
f 454/454/454 769/769/769 770/770/770
f 393/393/393 745/745/745 336/336/336
f 393/393/393 770/770/770 745/745/745
f 903/903/903 846/846/846 905/905/905
f 903/903/903 847/847/847 846/846/846
f 905/905/905 864/864/864 907/907/907
f 905/905/905 846/846/846 864/864/864
f 907/907/907 863/863/863 909/909/909
f 907/907/907 864/864/864 863/863/863
f 909/909/909 862/862/862 911/911/911
f 909/909/909 863/863/863 862/862/862
f 911/911/911 861/861/861 913/913/913
f 911/911/911 862/862/862 861/861/861
f 913/913/913 860/860/860 915/915/915
f 913/913/913 861/861/861 860/860/860
f 915/915/915 859/859/859 918/918/918
f 915/915/915 860/860/860 859/859/859
f 918/918/918 858/858/858 920/920/920
f 918/918/918 859/859/859 858/858/858
f 920/920/920 857/857/857 922/922/922
f 920/920/920 858/858/858 857/857/857
f 922/922/922 856/856/856 924/924/924
f 922/922/922 857/857/857 856/856/856
f 924/924/924 855/855/855 926/926/926
f 924/924/924 856/856/856 855/855/855
f 926/926/926 854/854/854 928/928/928
f 926/926/926 855/855/855 854/854/854
f 928/928/928 853/853/853 932/932/932
f 928/928/928 854/854/854 853/853/853
f 931/931/931 851/851/851 934/934/934
f 931/931/931 852/852/852 851/851/851
f 934/934/934 850/850/850 936/936/936
f 934/934/934 851/851/851 850/850/850
f 936/936/936 849/849/849 937/937/937
f 936/936/936 850/850/850 849/849/849
f 937/937/937 848/848/848 939/939/939
f 937/937/937 849/849/849 848/848/848
f 939/939/939 847/847/847 903/903/903
f 939/939/939 848/848/848 847/847/847
f 770/770/770 787/787/787 745/745/745
f 770/770/770 789/789/789 787/787/787
f 770/770/770 791/791/791 789/789/789
f 770/770/770 793/793/793 791/791/791
f 747/747/747 776/776/776 394/394/394
f 747/747/747 778/778/778 776/776/776
f 746/746/746 783/783/783 782/782/782
f 746/746/746 785/785/785 783/783/783
f 805/805/805 394/394/394 807/807/807
f 803/803/803 394/394/394 805/805/805
f 800/800/800 394/394/394 803/803/803
f 394/394/394 772/772/772 807/807/807
f 394/394/394 774/774/774 772/772/772
f 394/394/394 776/776/776 774/774/774
f 770/770/770 795/795/795 793/793/793
f 800/800/800 769/769/769 394/394/394
f 800/800/800 798/798/798 769/769/769
f 780/780/780 746/746/746 782/782/782
f 778/778/778 746/746/746 780/780/780
f 778/778/778 747/747/747 746/746/746
f 771/771/771 810/810/810 806/806/806
f 771/771/771 808/808/808 810/810/810
f 806/806/806 812/812/812 804/804/804
f 806/806/806 810/810/810 812/812/812
f 804/804/804 814/814/814 802/802/802
f 804/804/804 812/812/812 814/814/814
f 802/802/802 817/817/817 801/801/801
f 802/802/802 814/814/814 817/817/817
f 801/801/801 819/819/819 799/799/799
f 801/801/801 817/817/817 819/819/819
f 799/799/799 823/823/823 797/797/797
f 799/799/799 819/819/819 823/823/823
f 796/796/796 825/825/825 794/794/794
f 796/796/796 822/822/822 825/825/825
f 794/794/794 827/827/827 792/792/792
f 794/794/794 825/825/825 827/827/827
f 792/792/792 829/829/829 790/790/790
f 792/792/792 827/827/827 829/829/829
f 790/790/790 831/831/831 788/788/788
f 790/790/790 829/829/829 831/831/831
f 788/788/788 833/833/833 786/786/786
f 788/788/788 831/831/831 833/833/833
f 786/786/786 835/835/835 784/784/784
f 786/786/786 833/833/833 835/835/835
f 784/784/784 836/836/836 781/781/781
f 784/784/784 835/835/835 836/836/836
f 781/781/781 838/838/838 779/779/779
f 781/781/781 836/836/836 838/838/838
f 779/779/779 840/840/840 777/777/777
f 779/779/779 838/838/838 840/840/840
f 777/777/777 842/842/842 775/775/775
f 777/777/777 840/840/840 842/842/842
f 775/775/775 844/844/844 773/773/773
f 775/775/775 842/842/842 844/844/844
f 773/773/773 808/808/808 771/771/771
f 773/773/773 844/844/844 808/808/808
f 941/941/941 960/960/960 942/942/942
f 941/941/941 961/961/961 960/960/960
f 942/942/942 978/978/978 943/943/943
f 942/942/942 960/960/960 978/978/978
f 943/943/943 977/977/977 944/944/944
f 943/943/943 978/978/978 977/977/977
f 944/944/944 976/976/976 945/945/945
f 944/944/944 977/977/977 976/976/976
f 945/945/945 975/975/975 946/946/946
f 945/945/945 976/976/976 975/975/975
f 946/946/946 973/973/973 947/947/947
f 946/946/946 975/975/975 973/973/973
f 948/948/948 972/972/972 949/949/949
f 948/948/948 974/974/974 972/972/972
f 949/949/949 971/971/971 950/950/950
f 949/949/949 972/972/972 971/971/971
f 950/950/950 970/970/970 951/951/951
f 950/950/950 971/971/971 970/970/970
f 951/951/951 969/969/969 952/952/952
f 951/951/951 970/970/970 969/969/969
f 952/952/952 968/968/968 953/953/953
f 952/952/952 969/969/969 968/968/968
f 953/953/953 967/967/967 954/954/954
f 953/953/953 968/968/968 967/967/967
f 954/954/954 966/966/966 955/955/955
f 954/954/954 967/967/967 966/966/966
f 955/955/955 965/965/965 956/956/956
f 955/955/955 966/966/966 965/965/965
f 956/956/956 964/964/964 957/957/957
f 956/956/956 965/965/965 964/964/964
f 957/957/957 963/963/963 958/958/958
f 957/957/957 964/964/964 963/963/963
f 958/958/958 962/962/962 959/959/959
f 958/958/958 963/963/963 962/962/962
f 959/959/959 961/961/961 941/941/941
f 959/959/959 962/962/962 961/961/961
f 809/809/809 866/866/866 811/811/811
f 809/809/809 865/865/865 866/866/866
f 811/811/811 867/867/867 813/813/813
f 811/811/811 866/866/866 867/867/867
f 813/813/813 868/868/868 815/815/815
f 813/813/813 867/867/867 868/868/868
f 815/815/815 869/869/869 816/816/816
f 815/815/815 868/868/868 869/869/869
f 816/816/816 870/870/870 818/818/818
f 816/816/816 869/869/869 870/870/870
f 818/818/818 871/871/871 820/820/820
f 818/818/818 870/870/870 871/871/871
f 821/821/821 873/873/873 824/824/824
f 821/821/821 872/872/872 873/873/873
f 824/824/824 874/874/874 826/826/826
f 824/824/824 873/873/873 874/874/874
f 826/826/826 875/875/875 828/828/828
f 826/826/826 874/874/874 875/875/875
f 828/828/828 876/876/876 830/830/830
f 828/828/828 875/875/875 876/876/876
f 830/830/830 877/877/877 832/832/832
f 830/830/830 876/876/876 877/877/877
f 832/832/832 878/878/878 834/834/834
f 832/832/832 877/877/877 878/878/878
f 834/834/834 879/879/879 837/837/837
f 834/834/834 878/878/878 879/879/879
f 837/837/837 880/880/880 839/839/839
f 837/837/837 879/879/879 880/880/880
f 839/839/839 881/881/881 841/841/841
f 839/839/839 880/880/880 881/881/881
f 841/841/841 882/882/882 843/843/843
f 841/841/841 881/881/881 882/882/882
f 843/843/843 883/883/883 845/845/845
f 843/843/843 882/882/882 883/883/883
f 845/845/845 865/865/865 809/809/809
f 845/845/845 883/883/883 865/865/865
f 847/847/847 885/885/885 846/846/846
f 847/847/847 884/884/884 885/885/885
f 846/846/846 886/886/886 864/864/864
f 846/846/846 885/885/885 886/886/886
f 864/864/864 887/887/887 863/863/863
f 864/864/864 886/886/886 887/887/887
f 863/863/863 888/888/888 862/862/862
f 863/863/863 887/887/887 888/888/888
f 862/862/862 889/889/889 861/861/861
f 862/862/862 888/888/888 889/889/889
f 861/861/861 890/890/890 860/860/860
f 861/861/861 889/889/889 890/890/890
f 860/860/860 891/891/891 859/859/859
f 860/860/860 890/890/890 891/891/891
f 859/859/859 892/892/892 858/858/858
f 859/859/859 891/891/891 892/892/892
f 858/858/858 893/893/893 857/857/857
f 858/858/858 892/892/892 893/893/893
f 857/857/857 894/894/894 856/856/856
f 857/857/857 893/893/893 894/894/894
f 856/856/856 895/895/895 855/855/855
f 856/856/856 894/894/894 895/895/895
f 855/855/855 896/896/896 854/854/854
f 855/855/855 895/895/895 896/896/896
f 854/854/854 898/898/898 853/853/853
f 854/854/854 896/896/896 898/898/898
f 852/852/852 899/899/899 851/851/851
f 852/852/852 897/897/897 899/899/899
f 851/851/851 900/900/900 850/850/850
f 851/851/851 899/899/899 900/900/900
f 850/850/850 901/901/901 849/849/849
f 850/850/850 900/900/900 901/901/901
f 849/849/849 902/902/902 848/848/848
f 849/849/849 901/901/901 902/902/902
f 848/848/848 884/884/884 847/847/847
f 848/848/848 902/902/902 884/884/884
f 1751/1751/1751 906/906/906 1734/1734/1734
f 1751/1751/1751 904/904/904 906/906/906
f 1734/1734/1734 908/908/908 1735/1735/1735
f 1734/1734/1734 906/906/906 908/908/908
f 1735/1735/1735 910/910/910 1736/1736/1736
f 1735/1735/1735 908/908/908 910/910/910
f 1736/1736/1736 912/912/912 1737/1737/1737
f 1736/1736/1736 910/910/910 912/912/912
f 1737/1737/1737 914/914/914 1738/1738/1738
f 1737/1737/1737 912/912/912 914/914/914
f 1738/1738/1738 916/916/916 1739/1739/1739
f 1738/1738/1738 914/914/914 916/916/916
f 1739/1739/1739 917/917/917 1740/1740/1740
f 1739/1739/1739 916/916/916 917/917/917
f 1740/1740/1740 919/919/919 1741/1741/1741
f 1740/1740/1740 917/917/917 919/919/919
f 1741/1741/1741 921/921/921 1742/1742/1742
f 1741/1741/1741 919/919/919 921/921/921
f 1742/1742/1742 923/923/923 1743/1743/1743
f 1742/1742/1742 921/921/921 923/923/923
f 1743/1743/1743 925/925/925 1744/1744/1744
f 1743/1743/1743 923/923/923 925/925/925
f 1744/1744/1744 927/927/927 1745/1745/1745
f 1744/1744/1744 925/925/925 927/927/927
f 1745/1745/1745 930/930/930 1747/1747/1747
f 1745/1745/1745 927/927/927 930/930/930
f 1746/1746/1746 933/933/933 1748/1748/1748
f 1746/1746/1746 929/929/929 933/933/933
f 1748/1748/1748 935/935/935 1749/1749/1749
f 1748/1748/1748 933/933/933 935/935/935
f 1749/1749/1749 938/938/938 1750/1750/1750
f 1749/1749/1749 935/935/935 938/938/938
f 1750/1750/1750 940/940/940 1752/1752/1752
f 1750/1750/1750 938/938/938 940/940/940
f 1752/1752/1752 904/904/904 1751/1751/1751
f 1752/1752/1752 940/940/940 904/904/904
f 941/941/941 866/866/866 865/865/865
f 941/941/941 942/942/942 866/866/866
f 942/942/942 867/867/867 866/866/866
f 942/942/942 943/943/943 867/867/867
f 943/943/943 868/868/868 867/867/867
f 943/943/943 944/944/944 868/868/868
f 944/944/944 869/869/869 868/868/868
f 944/944/944 945/945/945 869/869/869
f 945/945/945 870/870/870 869/869/869
f 945/945/945 946/946/946 870/870/870
f 946/946/946 871/871/871 870/870/870
f 946/946/946 947/947/947 871/871/871
f 948/948/948 873/873/873 872/872/872
f 948/948/948 949/949/949 873/873/873
f 949/949/949 874/874/874 873/873/873
f 949/949/949 950/950/950 874/874/874
f 950/950/950 875/875/875 874/874/874
f 950/950/950 951/951/951 875/875/875
f 951/951/951 876/876/876 875/875/875
f 951/951/951 952/952/952 876/876/876
f 952/952/952 877/877/877 876/876/876
f 952/952/952 953/953/953 877/877/877
f 953/953/953 878/878/878 877/877/877
f 953/953/953 954/954/954 878/878/878
f 954/954/954 879/879/879 878/878/878
f 954/954/954 955/955/955 879/879/879
f 955/955/955 880/880/880 879/879/879
f 955/955/955 956/956/956 880/880/880
f 956/956/956 881/881/881 880/880/880
f 956/956/956 957/957/957 881/881/881
f 957/957/957 882/882/882 881/881/881
f 957/957/957 958/958/958 882/882/882
f 958/958/958 883/883/883 882/882/882
f 958/958/958 959/959/959 883/883/883
f 959/959/959 865/865/865 883/883/883
f 959/959/959 941/941/941 865/865/865
f 960/960/960 885/885/885 884/884/884
f 960/960/960 961/961/961 885/885/885
f 961/961/961 886/886/886 885/885/885
f 961/961/961 962/962/962 886/886/886
f 962/962/962 887/887/887 886/886/886
f 962/962/962 963/963/963 887/887/887
f 963/963/963 888/888/888 887/887/887
f 963/963/963 964/964/964 888/888/888
f 964/964/964 889/889/889 888/888/888
f 964/964/964 965/965/965 889/889/889
f 965/965/965 890/890/890 889/889/889
f 965/965/965 966/966/966 890/890/890
f 966/966/966 891/891/891 890/890/890
f 966/966/966 967/967/967 891/891/891
f 967/967/967 892/892/892 891/891/891
f 967/967/967 968/968/968 892/892/892
f 968/968/968 893/893/893 892/892/892
f 968/968/968 969/969/969 893/893/893
f 969/969/969 894/894/894 893/893/893
f 969/969/969 970/970/970 894/894/894
f 970/970/970 895/895/895 894/894/894
f 970/970/970 971/971/971 895/895/895
f 971/971/971 896/896/896 895/895/895
f 971/971/971 972/972/972 896/896/896
f 972/972/972 898/898/898 896/896/896
f 972/972/972 974/974/974 898/898/898
f 973/973/973 899/899/899 897/897/897
f 973/973/973 975/975/975 899/899/899
f 975/975/975 900/900/900 899/899/899
f 975/975/975 976/976/976 900/900/900
f 976/976/976 901/901/901 900/900/900
f 976/976/976 977/977/977 901/901/901
f 977/977/977 902/902/902 901/901/901
f 977/977/977 978/978/978 902/902/902
f 978/978/978 884/884/884 902/902/902
f 978/978/978 960/960/960 884/884/884
f 982/982/982 1017/1017/1017 980/980/980
f 982/982/982 1018/1018/1018 1017/1017/1017
f 984/984/984 1018/1018/1018 982/982/982
f 984/984/984 1019/1019/1019 1018/1018/1018
f 986/986/986 1019/1019/1019 984/984/984
f 986/986/986 1020/1020/1020 1019/1019/1019
f 988/988/988 1020/1020/1020 986/986/986
f 988/988/988 1021/1021/1021 1020/1020/1020
f 990/990/990 1021/1021/1021 988/988/988
f 990/990/990 1022/1022/1022 1021/1021/1021
f 992/992/992 1022/1022/1022 990/990/990
f 992/992/992 1023/1023/1023 1022/1022/1022
f 993/993/993 1023/1023/1023 992/992/992
f 993/993/993 1024/1024/1024 1023/1023/1023
f 995/995/995 1024/1024/1024 993/993/993
f 995/995/995 1025/1025/1025 1024/1024/1024
f 997/997/997 1025/1025/1025 995/995/995
f 997/997/997 1026/1026/1026 1025/1025/1025
f 999/999/999 1026/1026/1026 997/997/997
f 999/999/999 1027/1027/1027 1026/1026/1026
f 1001/1001/1001 1027/1027/1027 999/999/999
f 1001/1001/1001 1028/1028/1028 1027/1027/1027
f 1003/1003/1003 1028/1028/1028 1001/1001/1001
f 1003/1003/1003 1029/1029/1029 1028/1028/1028
f 1006/1006/1006 1029/1029/1029 1003/1003/1003
f 1006/1006/1006 1031/1031/1031 1029/1029/1029
f 1009/1009/1009 1030/1030/1030 1005/1005/1005
f 1009/1009/1009 1032/1032/1032 1030/1030/1030
f 1011/1011/1011 1032/1032/1032 1009/1009/1009
f 1011/1011/1011 1033/1033/1033 1032/1032/1032
f 1014/1014/1014 1033/1033/1033 1011/1011/1011
f 1014/1014/1014 1034/1034/1034 1033/1033/1033
f 1016/1016/1016 1034/1034/1034 1014/1014/1014
f 1016/1016/1016 1035/1035/1035 1034/1034/1034
f 980/980/980 1035/1035/1035 1016/1016/1016
f 980/980/980 1017/1017/1017 1035/1035/1035
f 1039/1039/1039 1036/1036/1036 1037/1037/1037
f 1041/1041/1041 1036/1036/1036 1039/1039/1039
f 1043/1043/1043 1036/1036/1036 1041/1041/1041
f 1045/1045/1045 1036/1036/1036 1043/1043/1043
f 1047/1047/1047 1036/1036/1036 1045/1045/1045
f 1049/1049/1049 1036/1036/1036 1047/1047/1047
f 1052/1052/1052 1036/1036/1036 1049/1049/1049
f 1054/1054/1054 1036/1036/1036 1052/1052/1052
f 1056/1056/1056 1036/1036/1036 1054/1054/1054
f 1058/1058/1058 1036/1036/1036 1056/1056/1056
f 1060/1060/1060 1036/1036/1036 1058/1058/1058
f 1062/1062/1062 1036/1036/1036 1060/1060/1060
f 1065/1065/1065 1036/1036/1036 1062/1062/1062
f 1067/1067/1067 1036/1036/1036 1065/1065/1065
f 1069/1069/1069 1036/1036/1036 1067/1067/1067
f 1070/1070/1070 1036/1036/1036 1069/1069/1069
f 1072/1072/1072 1036/1036/1036 1070/1070/1070
f 1037/1037/1037 1036/1036/1036 1072/1072/1072
f 1017/1017/1017 1040/1040/1040 1038/1038/1038
f 1017/1017/1017 1018/1018/1018 1040/1040/1040
f 1018/1018/1018 1042/1042/1042 1040/1040/1040
f 1018/1018/1018 1019/1019/1019 1042/1042/1042
f 1019/1019/1019 1044/1044/1044 1042/1042/1042
f 1019/1019/1019 1020/1020/1020 1044/1044/1044
f 1020/1020/1020 1046/1046/1046 1044/1044/1044
f 1020/1020/1020 1021/1021/1021 1046/1046/1046
f 1021/1021/1021 1048/1048/1048 1046/1046/1046
f 1021/1021/1021 1022/1022/1022 1048/1048/1048
f 1022/1022/1022 1050/1050/1050 1048/1048/1048
f 1022/1022/1022 1023/1023/1023 1050/1050/1050
f 1023/1023/1023 1051/1051/1051 1050/1050/1050
f 1023/1023/1023 1024/1024/1024 1051/1051/1051
f 1024/1024/1024 1053/1053/1053 1051/1051/1051
f 1024/1024/1024 1025/1025/1025 1053/1053/1053
f 1025/1025/1025 1055/1055/1055 1053/1053/1053
f 1025/1025/1025 1026/1026/1026 1055/1055/1055
f 1026/1026/1026 1057/1057/1057 1055/1055/1055
f 1026/1026/1026 1027/1027/1027 1057/1057/1057
f 1027/1027/1027 1059/1059/1059 1057/1057/1057
f 1027/1027/1027 1028/1028/1028 1059/1059/1059
f 1028/1028/1028 1061/1061/1061 1059/1059/1059
f 1028/1028/1028 1029/1029/1029 1061/1061/1061
f 1029/1029/1029 1064/1064/1064 1061/1061/1061
f 1029/1029/1029 1031/1031/1031 1064/1064/1064
f 1030/1030/1030 1066/1066/1066 1063/1063/1063
f 1030/1030/1030 1032/1032/1032 1066/1066/1066
f 1032/1032/1032 1068/1068/1068 1066/1066/1066
f 1032/1032/1032 1033/1033/1033 1068/1068/1068
f 1033/1033/1033 1071/1071/1071 1068/1068/1068
f 1033/1033/1033 1034/1034/1034 1071/1071/1071
f 1034/1034/1034 1073/1073/1073 1071/1071/1071
f 1034/1034/1034 1035/1035/1035 1073/1073/1073
f 1035/1035/1035 1038/1038/1038 1073/1073/1073
f 1035/1035/1035 1017/1017/1017 1038/1038/1038
f 1081/1081/1081 1077/1077/1077 1079/1079/1079
f 1081/1081/1081 1075/1075/1075 1077/1077/1077
f 1083/1083/1083 1074/1074/1074 1080/1080/1080
f 1083/1083/1083 1082/1082/1082 1074/1074/1074
f 1075/1075/1075 1087/1087/1087 1077/1077/1077
f 1075/1075/1075 1085/1085/1085 1087/1087/1087
f 1089/1089/1089 1078/1078/1078 1076/1076/1076
f 1089/1089/1089 1088/1088/1088 1078/1078/1078
f 1093/1093/1093 1079/1079/1079 1091/1091/1091
f 1093/1093/1093 1081/1081/1081 1079/1079/1079
f 1095/1095/1095 1082/1082/1082 1083/1083/1083
f 1095/1095/1095 1094/1094/1094 1082/1082/1082
f 1082/1082/1082 1084/1084/1084 1074/1074/1074
f 1082/1082/1082 1096/1096/1096 1084/1084/1084
f 1097/1097/1097 1080/1080/1080 1092/1092/1092
f 1097/1097/1097 1083/1083/1083 1080/1080/1080
f 1085/1085/1085 1101/1101/1101 1087/1087/1087
f 1085/1085/1085 1099/1099/1099 1101/1101/1101
f 1102/1102/1102 1076/1076/1076 1086/1086/1086
f 1102/1102/1102 1089/1089/1089 1076/1076/1076
f 1104/1104/1104 1089/1089/1089 1103/1103/1103
f 1104/1104/1104 1088/1088/1088 1089/1089/1089
f 1088/1088/1088 1090/1090/1090 1078/1078/1078
f 1088/1088/1088 1105/1105/1105 1090/1090/1090
f 1109/1109/1109 1091/1091/1091 1107/1107/1107
f 1109/1109/1109 1093/1093/1093 1091/1091/1091
f 1111/1111/1111 1095/1095/1095 1110/1110/1110
f 1111/1111/1111 1094/1094/1094 1095/1095/1095
f 1094/1094/1094 1096/1096/1096 1082/1082/1082
f 1094/1094/1094 1112/1112/1112 1096/1096/1096
f 1113/1113/1113 1083/1083/1083 1097/1097/1097
f 1113/1113/1113 1095/1095/1095 1083/1083/1083
f 1096/1096/1096 1098/1098/1098 1084/1084/1084
f 1096/1096/1096 1114/1114/1114 1098/1098/1098
f 1115/1115/1115 1092/1092/1092 1108/1108/1108
f 1115/1115/1115 1097/1097/1097 1092/1092/1092
f 1099/1099/1099 1118/1118/1118 1101/1101/1101
f 1099/1099/1099 1116/1116/1116 1118/1118/1118
f 1120/1120/1120 1086/1086/1086 1100/1100/1100
f 1120/1120/1120 1102/1102/1102 1086/1086/1086
f 1103/1103/1103 1102/1102/1102 1121/1121/1121
f 1103/1103/1103 1089/1089/1089 1102/1102/1102
f 1122/1122/1122 1088/1088/1088 1104/1104/1104
f 1122/1122/1122 1105/1105/1105 1088/1088/1088
f 1124/1124/1124 1104/1104/1104 1103/1103/1103
f 1124/1124/1124 1123/1123/1123 1104/1104/1104
f 1105/1105/1105 1106/1106/1106 1090/1090/1090
f 1105/1105/1105 1125/1125/1125 1106/1106/1106
f 1129/1129/1129 1107/1107/1107 1127/1127/1127
f 1129/1129/1129 1109/1109/1109 1107/1107/1107
f 1130/1130/1130 1094/1094/1094 1111/1111/1111
f 1130/1130/1130 1112/1112/1112 1094/1094/1094
f 1110/1110/1110 1113/1113/1113 1131/1131/1131
f 1110/1110/1110 1095/1095/1095 1113/1113/1113
f 1153/1153/1153 1111/1111/1111 1110/1110/1110
f 1153/1153/1153 1152/1152/1152 1111/1111/1111
f 1112/1112/1112 1114/1114/1114 1096/1096/1096
f 1112/1112/1112 1132/1132/1132 1114/1114/1114
f 1133/1133/1133 1097/1097/1097 1115/1115/1115
f 1133/1133/1133 1113/1113/1113 1097/1097/1097
f 1114/1114/1114 1117/1117/1117 1098/1098/1098
f 1114/1114/1114 1134/1134/1134 1117/1117/1117
f 1135/1135/1135 1108/1108/1108 1128/1128/1128
f 1135/1135/1135 1115/1115/1115 1108/1108/1108
f 1116/1116/1116 1138/1138/1138 1118/1118/1118
f 1116/1116/1116 1136/1136/1136 1138/1138/1138
f 1140/1140/1140 1100/1100/1100 1119/1119/1119
f 1140/1140/1140 1120/1120/1120 1100/1100/1100
f 1121/1121/1121 1120/1120/1120 1141/1141/1141
f 1121/1121/1121 1102/1102/1102 1120/1120/1120
f 1142/1142/1142 1103/1103/1103 1121/1121/1121
f 1142/1142/1142 1124/1124/1124 1103/1103/1103
f 1143/1143/1143 1105/1105/1105 1122/1122/1122
f 1143/1143/1143 1125/1125/1125 1105/1105/1105
f 1123/1123/1123 1122/1122/1122 1104/1104/1104
f 1123/1123/1123 1144/1144/1144 1122/1122/1122
f 1123/1123/1123 1168/1168/1168 1169/1169/1169
f 1123/1123/1123 1124/1124/1124 1168/1168/1168
f 1125/1125/1125 1126/1126/1126 1106/1106/1106
f 1125/1125/1125 1145/1145/1145 1126/1126/1126
f 1149/1149/1149 1127/1127/1127 1147/1147/1147
f 1149/1149/1149 1129/1129/1129 1127/1127/1127
f 1150/1150/1150 1112/1112/1112 1130/1130/1130
f 1150/1150/1150 1132/1132/1132 1112/1112/1112
f 1152/1152/1152 1130/1130/1130 1111/1111/1111
f 1152/1152/1152 1176/1176/1176 1130/1130/1130
f 1131/1131/1131 1133/1133/1133 1151/1151/1151
f 1131/1131/1131 1113/1113/1113 1133/1133/1133
f 1178/1178/1178 1110/1110/1110 1131/1131/1131
f 1178/1178/1178 1153/1153/1153 1110/1110/1110
f 1132/1132/1132 1134/1134/1134 1114/1114/1114
f 1132/1132/1132 1154/1154/1154 1134/1134/1134
f 1155/1155/1155 1115/1115/1115 1135/1135/1135
f 1155/1155/1155 1133/1133/1133 1115/1115/1115
f 1134/1134/1134 1137/1137/1137 1117/1117/1117
f 1134/1134/1134 1156/1156/1156 1137/1137/1137
f 1157/1157/1157 1128/1128/1128 1148/1148/1148
f 1157/1157/1157 1135/1135/1135 1128/1128/1128
f 1136/1136/1136 1160/1160/1160 1138/1138/1138
f 1136/1136/1136 1158/1158/1158 1160/1160/1160
f 1163/1163/1163 1119/1119/1119 1139/1139/1139
f 1163/1163/1163 1140/1140/1140 1119/1119/1119
f 1141/1141/1141 1140/1140/1140 1164/1164/1164
f 1141/1141/1141 1120/1120/1120 1140/1140/1140
f 1165/1165/1165 1121/1121/1121 1141/1141/1141
f 1165/1165/1165 1142/1142/1142 1121/1121/1121
f 1124/1124/1124 1193/1193/1193 1168/1168/1168
f 1124/1124/1124 1142/1142/1142 1193/1193/1193
f 1166/1166/1166 1125/1125/1125 1143/1143/1143
f 1166/1166/1166 1145/1145/1145 1125/1125/1125
f 1144/1144/1144 1143/1143/1143 1122/1122/1122
f 1144/1144/1144 1167/1167/1167 1143/1143/1143
f 1144/1144/1144 1169/1169/1169 1196/1196/1196
f 1144/1144/1144 1123/1123/1123 1169/1169/1169
f 1145/1145/1145 1146/1146/1146 1126/1126/1126
f 1145/1145/1145 1170/1170/1170 1146/1146/1146
f 1174/1174/1174 1147/1147/1147 1172/1172/1172
f 1174/1174/1174 1149/1149/1149 1147/1147/1147
f 1175/1175/1175 1132/1132/1132 1150/1150/1150
f 1175/1175/1175 1154/1154/1154 1132/1132/1132
f 1176/1176/1176 1150/1150/1150 1130/1130/1130
f 1176/1176/1176 1205/1205/1205 1150/1150/1150
f 1151/1151/1151 1155/1155/1155 1177/1177/1177
f 1151/1151/1151 1133/1133/1133 1155/1155/1155
f 1208/1208/1208 1131/1131/1131 1151/1151/1151
f 1208/1208/1208 1178/1178/1178 1131/1131/1131
f 1153/1153/1153 1180/1180/1180 1152/1152/1152
f 1153/1153/1153 1179/1179/1179 1180/1180/1180
f 1154/1154/1154 1156/1156/1156 1134/1134/1134
f 1154/1154/1154 1181/1181/1181 1156/1156/1156
f 1182/1182/1182 1135/1135/1135 1157/1157/1157
f 1182/1182/1182 1155/1155/1155 1135/1135/1135
f 1156/1156/1156 1159/1159/1159 1137/1137/1137
f 1156/1156/1156 1183/1183/1183 1159/1159/1159
f 1184/1184/1184 1148/1148/1148 1173/1173/1173
f 1184/1184/1184 1157/1157/1157 1148/1148/1148
f 1158/1158/1158 1187/1187/1187 1160/1160/1160
f 1158/1158/1158 1185/1185/1185 1187/1187/1187
f 1190/1190/1190 1139/1139/1139 1162/1162/1162
f 1190/1190/1190 1163/1163/1163 1139/1139/1139
f 1164/1164/1164 1163/1163/1163 1191/1191/1191
f 1164/1164/1164 1140/1140/1140 1163/1163/1163
f 1192/1192/1192 1141/1141/1141 1164/1164/1164
f 1192/1192/1192 1165/1165/1165 1141/1141/1141
f 1142/1142/1142 1224/1224/1224 1193/1193/1193
f 1142/1142/1142 1165/1165/1165 1224/1224/1224
f 1194/1194/1194 1145/1145/1145 1166/1166/1166
f 1194/1194/1194 1170/1170/1170 1145/1145/1145
f 1167/1167/1167 1166/1166/1166 1143/1143/1143
f 1167/1167/1167 1195/1195/1195 1166/1166/1166
f 1167/1167/1167 1196/1196/1196 1228/1228/1228
f 1167/1167/1167 1144/1144/1144 1196/1196/1196
f 1169/1169/1169 1197/1197/1197 1198/1198/1198
f 1169/1169/1169 1168/1168/1168 1197/1197/1197
f 1170/1170/1170 1171/1171/1171 1146/1146/1146
f 1170/1170/1170 1199/1199/1199 1171/1171/1171
f 1203/1203/1203 1172/1172/1172 1201/1201/1201
f 1203/1203/1203 1174/1174/1174 1172/1172/1172
f 1204/1204/1204 1154/1154/1154 1175/1175/1175
f 1204/1204/1204 1181/1181/1181 1154/1154/1154
f 1205/1205/1205 1175/1175/1175 1150/1150/1150
f 1205/1205/1205 1241/1241/1241 1175/1175/1175
f 1152/1152/1152 1206/1206/1206 1176/1176/1176
f 1152/1152/1152 1180/1180/1180 1206/1206/1206
f 1177/1177/1177 1182/1182/1182 1207/1207/1207
f 1177/1177/1177 1155/1155/1155 1182/1182/1182
f 1245/1245/1245 1151/1151/1151 1177/1177/1177
f 1245/1245/1245 1208/1208/1208 1151/1151/1151
f 1178/1178/1178 1179/1179/1179 1153/1153/1153
f 1178/1178/1178 1209/1209/1209 1179/1179/1179
f 1180/1180/1180 1210/1210/1210 1211/1211/1211
f 1180/1180/1180 1179/1179/1179 1210/1210/1210
f 1181/1181/1181 1183/1183/1183 1156/1156/1156
f 1181/1181/1181 1212/1212/1212 1183/1183/1183
f 1213/1213/1213 1157/1157/1157 1184/1184/1184
f 1213/1213/1213 1182/1182/1182 1157/1157/1157
f 1183/1183/1183 1186/1186/1186 1159/1159/1159
f 1183/1183/1183 1214/1214/1214 1186/1186/1186
f 1215/1215/1215 1173/1173/1173 1202/1202/1202
f 1215/1215/1215 1184/1184/1184 1173/1173/1173
f 1185/1185/1185 1218/1218/1218 1187/1187/1187
f 1185/1185/1185 1216/1216/1216 1218/1218/1218
f 1220/1220/1220 1161/1161/1161 1188/1188/1188
f 1220/1220/1220 1189/1189/1189 1161/1161/1161
f 1191/1191/1191 1190/1190/1190 1222/1222/1222
f 1191/1191/1191 1163/1163/1163 1190/1190/1190
f 1223/1223/1223 1164/1164/1164 1191/1191/1191
f 1223/1223/1223 1192/1192/1192 1164/1164/1164
f 1165/1165/1165 1264/1264/1264 1224/1224/1224
f 1165/1165/1165 1192/1192/1192 1264/1264/1264
f 1168/1168/1168 1225/1225/1225 1197/1197/1197
f 1168/1168/1168 1193/1193/1193 1225/1225/1225
f 1226/1226/1226 1170/1170/1170 1194/1194/1194
f 1226/1226/1226 1199/1199/1199 1170/1170/1170
f 1195/1195/1195 1194/1194/1194 1166/1166/1166
f 1195/1195/1195 1227/1227/1227 1194/1194/1194
f 1195/1195/1195 1228/1228/1228 1270/1270/1270
f 1195/1195/1195 1167/1167/1167 1228/1228/1228
f 1196/1196/1196 1198/1198/1198 1229/1229/1229
f 1196/1196/1196 1169/1169/1169 1198/1198/1198
f 1197/1197/1197 1233/1233/1233 1198/1198/1198
f 1197/1197/1197 1231/1231/1231 1233/1233/1233
f 1199/1199/1199 1200/1200/1200 1171/1171/1171
f 1199/1199/1199 1234/1234/1234 1200/1200/1200
f 1239/1239/1239 1201/1201/1201 1237/1237/1237
f 1239/1239/1239 1203/1203/1203 1201/1201/1201
f 1240/1240/1240 1181/1181/1181 1204/1204/1204
f 1240/1240/1240 1212/1212/1212 1181/1181/1181
f 1241/1241/1241 1204/1204/1204 1175/1175/1175
f 1241/1241/1241 1285/1285/1285 1204/1204/1204
f 1176/1176/1176 1242/1242/1242 1205/1205/1205
f 1176/1176/1176 1206/1206/1206 1242/1242/1242
f 1206/1206/1206 1211/1211/1211 1243/1243/1243
f 1206/1206/1206 1180/1180/1180 1211/1211/1211
f 1207/1207/1207 1213/1213/1213 1244/1244/1244
f 1207/1207/1207 1182/1182/1182 1213/1213/1213
f 1291/1291/1291 1177/1177/1177 1207/1207/1207
f 1291/1291/1291 1245/1245/1245 1177/1177/1177
f 1208/1208/1208 1209/1209/1209 1178/1178/1178
f 1208/1208/1208 1246/1246/1246 1209/1209/1209
f 1179/1179/1179 1247/1247/1247 1210/1210/1210
f 1179/1179/1179 1209/1209/1209 1247/1247/1247
f 1211/1211/1211 1248/1248/1248 1250/1250/1250
f 1211/1211/1211 1210/1210/1210 1248/1248/1248
f 1212/1212/1212 1214/1214/1214 1183/1183/1183
f 1212/1212/1212 1252/1252/1252 1214/1214/1214
f 1253/1253/1253 1184/1184/1184 1215/1215/1215
f 1253/1253/1253 1213/1213/1213 1184/1184/1184
f 1214/1214/1214 1217/1217/1217 1186/1186/1186
f 1214/1214/1214 1254/1254/1254 1217/1217/1217
f 1255/1255/1255 1202/1202/1202 1238/1238/1238
f 1255/1255/1255 1215/1215/1215 1202/1202/1202
f 1216/1216/1216 1258/1258/1258 1218/1218/1218
f 1216/1216/1216 1256/1256/1256 1258/1258/1258
f 1260/1260/1260 1188/1188/1188 1219/1219/1219
f 1260/1260/1260 1220/1220/1220 1188/1188/1188
f 1221/1221/1221 1220/1220/1220 1261/1261/1261
f 1221/1221/1221 1189/1189/1189 1220/1220/1220
f 1263/1263/1263 1191/1191/1191 1222/1222/1222
f 1263/1263/1263 1223/1223/1223 1191/1191/1191
f 1192/1192/1192 1307/1307/1307 1264/1264/1264
f 1192/1192/1192 1223/1223/1223 1307/1307/1307
f 1193/1193/1193 1265/1265/1265 1225/1225/1225
f 1193/1193/1193 1224/1224/1224 1265/1265/1265
f 1225/1225/1225 1231/1231/1231 1197/1197/1197
f 1225/1225/1225 1267/1267/1267 1231/1231/1231
f 1268/1268/1268 1199/1199/1199 1226/1226/1226
f 1268/1268/1268 1234/1234/1234 1199/1199/1199
f 1227/1227/1227 1226/1226/1226 1194/1194/1194
f 1227/1227/1227 1269/1269/1269 1226/1226/1226
f 1227/1227/1227 1270/1270/1270 1317/1317/1317
f 1227/1227/1227 1195/1195/1195 1270/1270/1270
f 1228/1228/1228 1229/1229/1229 1271/1271/1271
f 1228/1228/1228 1196/1196/1196 1229/1229/1229
f 1198/1198/1198 1273/1273/1273 1229/1229/1229
f 1198/1198/1198 1233/1233/1233 1273/1273/1273
f 1232/1232/1232 1275/1275/1275 1277/1277/1277
f 1232/1232/1232 1230/1230/1230 1275/1275/1275
f 1234/1234/1234 1236/1236/1236 1200/1200/1200
f 1234/1234/1234 1279/1279/1279 1236/1236/1236
f 1283/1283/1283 1237/1237/1237 1281/1281/1281
f 1283/1283/1283 1239/1239/1239 1237/1237/1237
f 1284/1284/1284 1212/1212/1212 1240/1240/1240
f 1284/1284/1284 1252/1252/1252 1212/1212/1212
f 1285/1285/1285 1240/1240/1240 1204/1204/1204
f 1285/1285/1285 1331/1331/1331 1240/1240/1240
f 1205/1205/1205 1286/1286/1286 1241/1241/1241
f 1205/1205/1205 1242/1242/1242 1286/1286/1286
f 1242/1242/1242 1243/1243/1243 1287/1287/1287
f 1242/1242/1242 1206/1206/1206 1243/1243/1243
f 1243/1243/1243 1250/1250/1250 1288/1288/1288
f 1243/1243/1243 1211/1211/1211 1250/1250/1250
f 1244/1244/1244 1253/1253/1253 1290/1290/1290
f 1244/1244/1244 1213/1213/1213 1253/1253/1253
f 1337/1337/1337 1207/1207/1207 1244/1244/1244
f 1337/1337/1337 1291/1291/1291 1207/1207/1207
f 1245/1245/1245 1246/1246/1246 1208/1208/1208
f 1245/1245/1245 1292/1292/1292 1246/1246/1246
f 1209/1209/1209 1293/1293/1293 1247/1247/1247
f 1209/1209/1209 1246/1246/1246 1293/1293/1293
f 1210/1210/1210 1294/1294/1294 1248/1248/1248
f 1210/1210/1210 1247/1247/1247 1294/1294/1294
f 1252/1252/1252 1254/1254/1254 1214/1214/1214
f 1252/1252/1252 1296/1296/1296 1254/1254/1254
f 1297/1297/1297 1215/1215/1215 1255/1255/1255
f 1297/1297/1297 1253/1253/1253 1215/1215/1215
f 1254/1254/1254 1257/1257/1257 1217/1217/1217
f 1254/1254/1254 1298/1298/1298 1257/1257/1257
f 1299/1299/1299 1238/1238/1238 1282/1282/1282
f 1299/1299/1299 1255/1255/1255 1238/1238/1238
f 1256/1256/1256 1302/1302/1302 1258/1258/1258
f 1256/1256/1256 1300/1300/1300 1302/1302/1302
f 1304/1304/1304 1219/1219/1219 1259/1259/1259
f 1304/1304/1304 1260/1260/1260 1219/1219/1219
f 1261/1261/1261 1260/1260/1260 1305/1305/1305
f 1261/1261/1261 1220/1220/1220 1260/1260/1260
f 1306/1306/1306 1221/1221/1221 1261/1261/1261
f 1306/1306/1306 1262/1262/1262 1221/1221/1221
f 1223/1223/1223 1354/1354/1354 1307/1307/1307
f 1223/1223/1223 1263/1263/1263 1354/1354/1354
f 1224/1224/1224 1308/1308/1308 1265/1265/1265
f 1224/1224/1224 1264/1264/1264 1308/1308/1308
f 1265/1265/1265 1267/1267/1267 1225/1225/1225
f 1265/1265/1265 1311/1311/1311 1267/1267/1267
f 1230/1230/1230 1313/1313/1313 1275/1275/1275
f 1230/1230/1230 1266/1266/1266 1313/1313/1313
f 1315/1315/1315 1234/1234/1234 1268/1268/1268
f 1315/1315/1315 1279/1279/1279 1234/1234/1234
f 1269/1269/1269 1268/1268/1268 1226/1226/1226
f 1269/1269/1269 1316/1316/1316 1268/1268/1268
f 1269/1269/1269 1317/1317/1317 1366/1366/1366
f 1269/1269/1269 1227/1227/1227 1317/1317/1317
f 1270/1270/1270 1271/1271/1271 1318/1318/1318
f 1270/1270/1270 1228/1228/1228 1271/1271/1271
f 1229/1229/1229 1320/1320/1320 1271/1271/1271
f 1229/1229/1229 1273/1273/1273 1320/1320/1320
f 1272/1272/1272 1277/1277/1277 1322/1322/1322
f 1272/1272/1272 1232/1232/1232 1277/1277/1277
f 1324/1324/1324 1274/1274/1274 1323/1323/1323
f 1324/1324/1324 1276/1276/1276 1274/1274/1274
f 1278/1278/1278 1280/1280/1280 1235/1235/1235
f 1278/1278/1278 1325/1325/1325 1280/1280/1280
f 1329/1329/1329 1281/1281/1281 1327/1327/1327
f 1329/1329/1329 1283/1283/1283 1281/1281/1281
f 1330/1330/1330 1252/1252/1252 1284/1284/1284
f 1330/1330/1330 1296/1296/1296 1252/1252/1252
f 1331/1331/1331 1284/1284/1284 1240/1240/1240
f 1331/1331/1331 1383/1383/1383 1284/1284/1284
f 1241/1241/1241 1332/1332/1332 1285/1285/1285
f 1241/1241/1241 1286/1286/1286 1332/1332/1332
f 1286/1286/1286 1287/1287/1287 1333/1333/1333
f 1286/1286/1286 1242/1242/1242 1287/1287/1287
f 1287/1287/1287 1288/1288/1288 1334/1334/1334
f 1287/1287/1287 1243/1243/1243 1288/1288/1288
f 1290/1290/1290 1297/1297/1297 1336/1336/1336
f 1290/1290/1290 1253/1253/1253 1297/1297/1297
f 1389/1389/1389 1244/1244/1244 1290/1290/1290
f 1389/1389/1389 1337/1337/1337 1244/1244/1244
f 1291/1291/1291 1292/1292/1292 1245/1245/1245
f 1291/1291/1291 1338/1338/1338 1292/1292/1292
f 1246/1246/1246 1339/1339/1339 1293/1293/1293
f 1246/1246/1246 1292/1292/1292 1339/1339/1339
f 1247/1247/1247 1340/1340/1340 1294/1294/1294
f 1247/1247/1247 1293/1293/1293 1340/1340/1340
f 194/194/194 1295/1295/1295 244/244/244
f 194/194/194 1249/1249/1249 1295/1295/1295
f 1296/1296/1296 1298/1298/1298 1254/1254/1254
f 1296/1296/1296 1342/1342/1342 1298/1298/1298
f 1343/1343/1343 1255/1255/1255 1299/1299/1299
f 1343/1343/1343 1297/1297/1297 1255/1255/1255
f 1298/1298/1298 1301/1301/1301 1257/1257/1257
f 1298/1298/1298 1344/1344/1344 1301/1301/1301
f 1345/1345/1345 1282/1282/1282 1328/1328/1328
f 1345/1345/1345 1299/1299/1299 1282/1282/1282
f 1300/1300/1300 1348/1348/1348 1302/1302/1302
f 1300/1300/1300 1346/1346/1346 1348/1348/1348
f 1350/1350/1350 1259/1259/1259 1303/1303/1303
f 1350/1350/1350 1304/1304/1304 1259/1259/1259
f 1305/1305/1305 1304/1304/1304 1351/1351/1351
f 1305/1305/1305 1260/1260/1260 1304/1304/1304
f 1352/1352/1352 1261/1261/1261 1305/1305/1305
f 1352/1352/1352 1306/1306/1306 1261/1261/1261
f 1262/1262/1262 1405/1405/1405 1353/1353/1353
f 1262/1262/1262 1306/1306/1306 1405/1405/1405
f 1264/1264/1264 1355/1355/1355 1308/1308/1308
f 1264/1264/1264 1307/1307/1307 1355/1355/1355
f 1308/1308/1308 1311/1311/1311 1265/1265/1265
f 1308/1308/1308 1356/1356/1356 1311/1311/1311
f 1266/1266/1266 1360/1360/1360 1313/1313/1313
f 1266/1266/1266 1309/1309/1309 1360/1360/1360
f 1323/1323/1323 1312/1312/1312 1362/1362/1362
f 1323/1323/1323 1274/1274/1274 1312/1312/1312
f 1363/1363/1363 1278/1278/1278 1314/1314/1314
f 1363/1363/1363 1325/1325/1325 1278/1278/1278
f 1316/1316/1316 1315/1315/1315 1268/1268/1268
f 1316/1316/1316 1365/1365/1365 1315/1315/1315
f 1316/1316/1316 1366/1366/1366 1418/1418/1418
f 1316/1316/1316 1269/1269/1269 1366/1366/1366
f 1317/1317/1317 1318/1318/1318 1367/1367/1367
f 1317/1317/1317 1270/1270/1270 1318/1318/1318
f 1271/1271/1271 1369/1369/1369 1318/1318/1318
f 1271/1271/1271 1320/1320/1320 1369/1369/1369
f 1319/1319/1319 1322/1322/1322 1371/1371/1371
f 1319/1319/1319 1272/1272/1272 1322/1322/1322
f 1372/1372/1372 1276/1276/1276 1324/1324/1324
f 1372/1372/1372 1321/1321/1321 1276/1276/1276
f 1324/1324/1324 1373/1373/1373 1375/1375/1375
f 1324/1324/1324 1323/1323/1323 1373/1373/1373
f 1325/1325/1325 1326/1326/1326 1280/1280/1280
f 1325/1325/1325 1377/1377/1377 1326/1326/1326
f 1380/1380/1380 1327/1327/1327 1378/1378/1378
f 1380/1380/1380 1329/1329/1329 1327/1327/1327
f 1382/1382/1382 1296/1296/1296 1330/1330/1330
f 1382/1382/1382 1342/1342/1342 1296/1296/1296
f 1383/1383/1383 1330/1330/1330 1284/1284/1284
f 1383/1383/1383 1434/1434/1434 1330/1330/1330
f 1285/1285/1285 1384/1384/1384 1331/1331/1331
f 1285/1285/1285 1332/1332/1332 1384/1384/1384
f 1332/1332/1332 1333/1333/1333 1385/1385/1385
f 1332/1332/1332 1286/1286/1286 1333/1333/1333
f 1333/1333/1333 1334/1334/1334 1387/1387/1387
f 1333/1333/1333 1287/1287/1287 1334/1334/1334
f 1336/1336/1336 1343/1343/1343 1388/1388/1388
f 1336/1336/1336 1297/1297/1297 1343/1343/1343
f 1440/1440/1440 1290/1290/1290 1336/1336/1336
f 1440/1440/1440 1389/1389/1389 1290/1290/1290
f 1337/1337/1337 1338/1338/1338 1291/1291/1291
f 1337/1337/1337 1390/1390/1390 1338/1338/1338
f 1292/1292/1292 1391/1391/1391 1339/1339/1339
f 1292/1292/1292 1338/1338/1338 1391/1391/1391
f 1293/1293/1293 1392/1392/1392 1340/1340/1340
f 1293/1293/1293 1339/1339/1339 1392/1392/1392
f 244/244/244 1341/1341/1341 296/296/296
f 244/244/244 1295/1295/1295 1341/1341/1341
f 1342/1342/1342 1344/1344/1344 1298/1298/1298
f 1342/1342/1342 1394/1394/1394 1344/1344/1344
f 1395/1395/1395 1299/1299/1299 1345/1345/1345
f 1395/1395/1395 1343/1343/1343 1299/1299/1299
f 1344/1344/1344 1347/1347/1347 1301/1301/1301
f 1344/1344/1344 1396/1396/1396 1347/1347/1347
f 1397/1397/1397 1328/1328/1328 1381/1381/1381
f 1397/1397/1397 1345/1345/1345 1328/1328/1328
f 1346/1346/1346 1400/1400/1400 1348/1348/1348
f 1346/1346/1346 1398/1398/1398 1400/1400/1400
f 1402/1402/1402 1303/1303/1303 1349/1349/1349
f 1402/1402/1402 1350/1350/1350 1303/1303/1303
f 1351/1351/1351 1350/1350/1350 1403/1403/1403
f 1351/1351/1351 1304/1304/1304 1350/1350/1350
f 1404/1404/1404 1305/1305/1305 1351/1351/1351
f 1404/1404/1404 1352/1352/1352 1305/1305/1305
f 1306/1306/1306 1459/1459/1459 1405/1405/1405
f 1306/1306/1306 1352/1352/1352 1459/1459/1459
f 1307/1307/1307 1407/1407/1407 1355/1355/1355
f 1307/1307/1307 1354/1354/1354 1407/1407/1407
f 1355/1355/1355 1356/1356/1356 1308/1308/1308
f 1355/1355/1355 1408/1408/1408 1356/1356/1356
f 1310/1310/1310 1410/1410/1410 1361/1361/1361
f 1310/1310/1310 1357/1357/1357 1410/1410/1410
f 1362/1362/1362 1358/1358/1358 1412/1412/1412
f 1362/1362/1362 1312/1312/1312 1358/1358/1358
f 1323/1323/1323 1414/1414/1414 1373/1373/1373
f 1323/1323/1323 1362/1362/1362 1414/1414/1414
f 1416/1416/1416 1325/1325/1325 1363/1363/1363
f 1416/1416/1416 1377/1377/1377 1325/1325/1325
f 1364/1364/1364 1363/1363/1363 1314/1314/1314
f 1364/1364/1364 1417/1417/1417 1363/1363/1363
f 1365/1365/1365 1418/1418/1418 1473/1473/1473
f 1365/1365/1365 1316/1316/1316 1418/1418/1418
f 1366/1366/1366 1367/1367/1367 1419/1419/1419
f 1366/1366/1366 1317/1317/1317 1367/1367/1367
f 1318/1318/1318 1421/1421/1421 1367/1367/1367
f 1318/1318/1318 1369/1369/1369 1421/1421/1421
f 1368/1368/1368 1371/1371/1371 1423/1423/1423
f 1368/1368/1368 1319/1319/1319 1371/1371/1371
f 1424/1424/1424 1321/1321/1321 1372/1372/1372
f 1424/1424/1424 1370/1370/1370 1321/1321/1321
f 1372/1372/1372 1375/1375/1375 1425/1425/1425
f 1372/1372/1372 1324/1324/1324 1375/1375/1375
f 1377/1377/1377 1379/1379/1379 1326/1326/1326
f 1377/1377/1377 1428/1428/1428 1379/1379/1379
f 1431/1431/1431 1378/1378/1378 1429/1429/1429
f 1431/1431/1431 1380/1380/1380 1378/1378/1378
f 1433/1433/1433 1342/1342/1342 1382/1382/1382
f 1433/1433/1433 1394/1394/1394 1342/1342/1342
f 1434/1434/1434 1382/1382/1382 1330/1330/1330
f 1434/1434/1434 1488/1488/1488 1382/1382/1382
f 1331/1331/1331 1435/1435/1435 1383/1383/1383
f 1331/1331/1331 1384/1384/1384 1435/1435/1435
f 1384/1384/1384 1385/1385/1385 1436/1436/1436
f 1384/1384/1384 1332/1332/1332 1385/1385/1385
f 1385/1385/1385 1387/1387/1387 1438/1438/1438
f 1385/1385/1385 1333/1333/1333 1387/1387/1387
f 1388/1388/1388 1395/1395/1395 1439/1439/1439
f 1388/1388/1388 1343/1343/1343 1395/1395/1395
f 1494/1494/1494 1336/1336/1336 1388/1388/1388
f 1494/1494/1494 1440/1440/1440 1336/1336/1336
f 1389/1389/1389 1390/1390/1390 1337/1337/1337
f 1389/1389/1389 1441/1441/1441 1390/1390/1390
f 1338/1338/1338 1442/1442/1442 1391/1391/1391
f 1338/1338/1338 1390/1390/1390 1442/1442/1442
f 1339/1339/1339 1443/1443/1443 1392/1392/1392
f 1339/1339/1339 1391/1391/1391 1443/1443/1443
f 1394/1394/1394 1396/1396/1396 1344/1344/1344
f 1394/1394/1394 1445/1445/1445 1396/1396/1396
f 1446/1446/1446 1345/1345/1345 1397/1397/1397
f 1446/1446/1446 1395/1395/1395 1345/1345/1345
f 1396/1396/1396 1399/1399/1399 1347/1347/1347
f 1396/1396/1396 1447/1447/1447 1399/1399/1399
f 1448/1448/1448 1381/1381/1381 1432/1432/1432
f 1448/1448/1448 1397/1397/1397 1381/1381/1381
f 1398/1398/1398 1453/1453/1453 1400/1400/1400
f 1398/1398/1398 1449/1449/1449 1453/1453/1453
f 1456/1456/1456 1349/1349/1349 1401/1401/1401
f 1456/1456/1456 1402/1402/1402 1349/1349/1349
f 1403/1403/1403 1402/1402/1402 1457/1457/1457
f 1403/1403/1403 1350/1350/1350 1402/1402/1402
f 1458/1458/1458 1351/1351/1351 1403/1403/1403
f 1458/1458/1458 1404/1404/1404 1351/1351/1351
f 1352/1352/1352 1507/1507/1507 1459/1459/1459
f 1352/1352/1352 1404/1404/1404 1507/1507/1507
f 1353/1353/1353 1460/1460/1460 1406/1406/1406
f 1353/1353/1353 1405/1405/1405 1460/1460/1460
f 1407/1407/1407 1408/1408/1408 1355/1355/1355
f 1407/1407/1407 1462/1462/1462 1408/1408/1408
f 1357/1357/1357 1464/1464/1464 1410/1410/1410
f 1357/1357/1357 1409/1409/1409 1464/1464/1464
f 1413/1413/1413 1411/1411/1411 1466/1466/1466
f 1413/1413/1413 1359/1359/1359 1411/1411/1411
f 1362/1362/1362 1467/1467/1467 1414/1414/1414
f 1362/1362/1362 1412/1412/1412 1467/1467/1467
f 1470/1470/1470 1377/1377/1377 1416/1416/1416
f 1470/1470/1470 1428/1428/1428 1377/1377/1377
f 1417/1417/1417 1416/1416/1416 1363/1363/1363
f 1417/1417/1417 1471/1471/1471 1416/1416/1416
f 1417/1417/1417 1472/1472/1472 1518/1518/1518
f 1417/1417/1417 1364/1364/1364 1472/1472/1472
f 1418/1418/1418 1419/1419/1419 1474/1474/1474
f 1418/1418/1418 1366/1366/1366 1419/1419/1419
f 1367/1367/1367 1476/1476/1476 1419/1419/1419
f 1367/1367/1367 1421/1421/1421 1476/1476/1476
f 1420/1420/1420 1423/1423/1423 1478/1478/1478
f 1420/1420/1420 1368/1368/1368 1423/1423/1423
f 1479/1479/1479 1370/1370/1370 1424/1424/1424
f 1479/1479/1479 1422/1422/1422 1370/1370/1370
f 1424/1424/1424 1425/1425/1425 1480/1480/1480
f 1424/1424/1424 1372/1372/1372 1425/1425/1425
f 1428/1428/1428 1430/1430/1430 1379/1379/1379
f 1428/1428/1428 1482/1482/1482 1430/1430/1430
f 1485/1485/1485 1429/1429/1429 1483/1483/1483
f 1485/1485/1485 1431/1431/1431 1429/1429/1429
f 1487/1487/1487 1394/1394/1394 1433/1433/1433
f 1487/1487/1487 1445/1445/1445 1394/1394/1394
f 1488/1488/1488 1433/1433/1433 1382/1382/1382
f 1488/1488/1488 1530/1530/1530 1433/1433/1433
f 1383/1383/1383 1489/1489/1489 1434/1434/1434
f 1383/1383/1383 1435/1435/1435 1489/1489/1489
f 1435/1435/1435 1436/1436/1436 1490/1490/1490
f 1435/1435/1435 1384/1384/1384 1436/1436/1436
f 1436/1436/1436 1438/1438/1438 1492/1492/1492
f 1436/1436/1436 1385/1385/1385 1438/1438/1438
f 1439/1439/1439 1446/1446/1446 1493/1493/1493
f 1439/1439/1439 1395/1395/1395 1446/1446/1446
f 1536/1536/1536 1388/1388/1388 1439/1439/1439
f 1536/1536/1536 1494/1494/1494 1388/1388/1388
f 1440/1440/1440 1441/1441/1441 1389/1389/1389
f 1440/1440/1440 1495/1495/1495 1441/1441/1441
f 1390/1390/1390 1496/1496/1496 1442/1442/1442
f 1390/1390/1390 1441/1441/1441 1496/1496/1496
f 1391/1391/1391 1497/1497/1497 1443/1443/1443
f 1391/1391/1391 1442/1442/1442 1497/1497/1497
f 1445/1445/1445 1447/1447/1447 1396/1396/1396
f 1445/1445/1445 1499/1499/1499 1447/1447/1447
f 1500/1500/1500 1397/1397/1397 1448/1448/1448
f 1500/1500/1500 1446/1446/1446 1397/1397/1397
f 1447/1447/1447 1451/1451/1451 1399/1399/1399
f 1447/1447/1447 1501/1501/1501 1451/1451/1451
f 1503/1503/1503 1432/1432/1432 1486/1486/1486
f 1503/1503/1503 1448/1448/1448 1432/1432/1432
f 1450/1450/1450 1483/1483/1483 1454/1454/1454
f 1450/1450/1450 1485/1485/1485 1483/1483/1483
f 1504/1504/1504 1401/1401/1401 1455/1455/1455
f 1504/1504/1504 1456/1456/1456 1401/1401/1401
f 1457/1457/1457 1456/1456/1456 1505/1505/1505
f 1457/1457/1457 1402/1402/1402 1456/1456/1456
f 1506/1506/1506 1403/1403/1403 1457/1457/1457
f 1506/1506/1506 1458/1458/1458 1403/1403/1403
f 1404/1404/1404 1546/1546/1546 1507/1507/1507
f 1404/1404/1404 1458/1458/1458 1546/1546/1546
f 1405/1405/1405 1508/1508/1508 1460/1460/1460
f 1405/1405/1405 1459/1459/1459 1508/1508/1508
f 1460/1460/1460 1461/1461/1461 1406/1406/1406
f 1460/1460/1460 1509/1509/1509 1461/1461/1461
f 1409/1409/1409 1511/1511/1511 1464/1464/1464
f 1409/1409/1409 1463/1463/1463 1511/1511/1511
f 1466/1466/1466 1465/1465/1465 1513/1513/1513
f 1466/1466/1466 1411/1411/1411 1465/1465/1465
f 1413/1413/1413 1515/1515/1515 1468/1468/1468
f 1413/1413/1413 1466/1466/1466 1515/1515/1515
f 1516/1516/1516 1428/1428/1428 1470/1470/1470
f 1516/1516/1516 1482/1482/1482 1428/1428/1428
f 1471/1471/1471 1470/1470/1470 1416/1416/1416
f 1471/1471/1471 1517/1517/1517 1470/1470/1470
f 1471/1471/1471 1518/1518/1518 1557/1557/1557
f 1471/1471/1471 1417/1417/1417 1518/1518/1518
f 1473/1473/1473 1474/1474/1474 1520/1520/1520
f 1473/1473/1473 1418/1418/1418 1474/1474/1474
f 1419/1419/1419 1522/1522/1522 1474/1474/1474
f 1419/1419/1419 1476/1476/1476 1522/1522/1522
f 1475/1475/1475 1478/1478/1478 1524/1524/1524
f 1475/1475/1475 1420/1420/1420 1478/1478/1478
f 1525/1525/1525 1422/1422/1422 1479/1479/1479
f 1525/1525/1525 1477/1477/1477 1422/1422/1422
f 1479/1479/1479 1480/1480/1480 1526/1526/1526
f 1479/1479/1479 1424/1424/1424 1480/1480/1480
f 1482/1482/1482 1484/1484/1484 1430/1430/1430
f 1482/1482/1482 1528/1528/1528 1484/1484/1484
f 1529/1529/1529 1445/1445/1445 1487/1487/1487
f 1529/1529/1529 1499/1499/1499 1445/1445/1445
f 1530/1530/1530 1487/1487/1487 1433/1433/1433
f 1530/1530/1530 1569/1569/1569 1487/1487/1487
f 1434/1434/1434 1531/1531/1531 1488/1488/1488
f 1434/1434/1434 1489/1489/1489 1531/1531/1531
f 1489/1489/1489 1490/1490/1490 1532/1532/1532
f 1489/1489/1489 1435/1435/1435 1490/1490/1490
f 1490/1490/1490 1492/1492/1492 1534/1534/1534
f 1490/1490/1490 1436/1436/1436 1492/1492/1492
f 1493/1493/1493 1500/1500/1500 1535/1535/1535
f 1493/1493/1493 1446/1446/1446 1500/1500/1500
f 1575/1575/1575 1439/1439/1439 1493/1493/1493
f 1575/1575/1575 1536/1536/1536 1439/1439/1439
f 1494/1494/1494 1495/1495/1495 1440/1440/1440
f 1494/1494/1494 1537/1537/1537 1495/1495/1495
f 1441/1441/1441 1538/1538/1538 1496/1496/1496
f 1441/1441/1441 1495/1495/1495 1538/1538/1538
f 1442/1442/1442 1539/1539/1539 1497/1497/1497
f 1442/1442/1442 1496/1496/1496 1539/1539/1539
f 1499/1499/1499 1501/1501/1501 1447/1447/1447
f 1499/1499/1499 1541/1541/1541 1501/1501/1501
f 1543/1543/1543 1448/1448/1448 1503/1503/1503
f 1543/1543/1543 1500/1500/1500 1448/1448/1448
f 1502/1502/1502 1486/1486/1486 1452/1452/1452
f 1502/1502/1502 1503/1503/1503 1486/1486/1486
f 1528/1528/1528 1455/1455/1455 1484/1484/1484
f 1528/1528/1528 1504/1504/1504 1455/1455/1455
f 1505/1505/1505 1504/1504/1504 1544/1544/1544
f 1505/1505/1505 1456/1456/1456 1504/1504/1504
f 1545/1545/1545 1457/1457/1457 1505/1505/1505
f 1545/1545/1545 1506/1506/1506 1457/1457/1457
f 1458/1458/1458 1581/1581/1581 1546/1546/1546
f 1458/1458/1458 1506/1506/1506 1581/1581/1581
f 1459/1459/1459 1547/1547/1547 1508/1508/1508
f 1459/1459/1459 1507/1507/1507 1547/1547/1547
f 1508/1508/1508 1509/1509/1509 1460/1460/1460
f 1508/1508/1508 1548/1548/1548 1509/1509/1509
f 1463/1463/1463 1550/1550/1550 1511/1511/1511
f 1463/1463/1463 1510/1510/1510 1550/1550/1550
f 1513/1513/1513 1512/1512/1512 1552/1552/1552
f 1513/1513/1513 1465/1465/1465 1512/1512/1512
f 1466/1466/1466 1554/1554/1554 1515/1515/1515
f 1466/1466/1466 1513/1513/1513 1554/1554/1554
f 1555/1555/1555 1482/1482/1482 1516/1516/1516
f 1555/1555/1555 1528/1528/1528 1482/1482/1482
f 1517/1517/1517 1516/1516/1516 1470/1470/1470
f 1517/1517/1517 1556/1556/1556 1516/1516/1516
f 1517/1517/1517 1557/1557/1557 1591/1591/1591
f 1517/1517/1517 1471/1471/1471 1557/1557/1557
f 1518/1518/1518 1519/1519/1519 1558/1558/1558
f 1518/1518/1518 1472/1472/1472 1519/1519/1519
f 1474/1474/1474 1561/1561/1561 1520/1520/1520
f 1474/1474/1474 1522/1522/1522 1561/1561/1561
f 1521/1521/1521 1524/1524/1524 1563/1563/1563
f 1521/1521/1521 1475/1475/1475 1524/1524/1524
f 1564/1564/1564 1477/1477/1477 1525/1525/1525
f 1564/1564/1564 1523/1523/1523 1477/1477/1477
f 1525/1525/1525 1526/1526/1526 1565/1565/1565
f 1525/1525/1525 1479/1479/1479 1526/1526/1526
f 1567/1567/1567 1499/1499/1499 1529/1529/1529
f 1567/1567/1567 1541/1541/1541 1499/1499/1499
f 1569/1569/1569 1529/1529/1529 1487/1487/1487
f 1569/1569/1569 1600/1600/1600 1529/1529/1529
f 1488/1488/1488 1570/1570/1570 1530/1530/1530
f 1488/1488/1488 1531/1531/1531 1570/1570/1570
f 1531/1531/1531 1532/1532/1532 1571/1571/1571
f 1531/1531/1531 1489/1489/1489 1532/1532/1532
f 1532/1532/1532 1534/1534/1534 1573/1573/1573
f 1532/1532/1532 1490/1490/1490 1534/1534/1534
f 1535/1535/1535 1543/1543/1543 1574/1574/1574
f 1535/1535/1535 1500/1500/1500 1543/1543/1543
f 1605/1605/1605 1493/1493/1493 1535/1535/1535
f 1605/1605/1605 1575/1575/1575 1493/1493/1493
f 1536/1536/1536 1537/1537/1537 1494/1494/1494
f 1536/1536/1536 1576/1576/1576 1537/1537/1537
f 1495/1495/1495 1577/1577/1577 1538/1538/1538
f 1495/1495/1495 1537/1537/1537 1577/1577/1577
f 1496/1496/1496 1578/1578/1578 1539/1539/1539
f 1496/1496/1496 1538/1538/1538 1578/1578/1578
f 1542/1542/1542 1503/1503/1503 1502/1502/1502
f 1542/1542/1542 1543/1543/1543 1503/1503/1503
f 1544/1544/1544 1528/1528/1528 1555/1555/1555
f 1544/1544/1544 1504/1504/1504 1528/1528/1528
f 1580/1580/1580 1505/1505/1505 1544/1544/1544
f 1580/1580/1580 1545/1545/1545 1505/1505/1505
f 1506/1506/1506 1610/1610/1610 1581/1581/1581
f 1506/1506/1506 1545/1545/1545 1610/1610/1610
f 1507/1507/1507 1582/1582/1582 1547/1547/1547
f 1507/1507/1507 1546/1546/1546 1582/1582/1582
f 1547/1547/1547 1548/1548/1548 1508/1508/1508
f 1547/1547/1547 1583/1583/1583 1548/1548/1548
f 1510/1510/1510 1585/1585/1585 1550/1550/1550
f 1510/1510/1510 1549/1549/1549 1585/1585/1585
f 1552/1552/1552 1551/1551/1551 1587/1587/1587
f 1552/1552/1552 1512/1512/1512 1551/1551/1551
f 1513/1513/1513 1589/1589/1589 1554/1554/1554
f 1513/1513/1513 1552/1552/1552 1589/1589/1589
f 1556/1556/1556 1555/1555/1555 1516/1516/1516
f 1556/1556/1556 1590/1590/1590 1555/1555/1555
f 1556/1556/1556 1591/1591/1591 1619/1619/1619
f 1556/1556/1556 1517/1517/1517 1591/1591/1591
f 1557/1557/1557 1558/1558/1558 1592/1592/1592
f 1557/1557/1557 1518/1518/1518 1558/1558/1558
f 1519/1519/1519 1594/1594/1594 1558/1558/1558
f 1519/1519/1519 1560/1560/1560 1594/1594/1594
f 1559/1559/1559 1563/1563/1563 1596/1596/1596
f 1559/1559/1559 1521/1521/1521 1563/1563/1563
f 1597/1597/1597 1523/1523/1523 1564/1564/1564
f 1597/1597/1597 1562/1562/1562 1523/1523/1523
f 1564/1564/1564 1565/1565/1565 1598/1598/1598
f 1564/1564/1564 1525/1525/1525 1565/1565/1565
f 1574/1574/1574 1542/1542/1542 1568/1568/1568
f 1574/1574/1574 1543/1543/1543 1542/1542/1542
f 1600/1600/1600 1567/1567/1567 1529/1529/1529
f 1600/1600/1600 1628/1628/1628 1567/1567/1567
f 1530/1530/1530 1601/1601/1601 1569/1569/1569
f 1530/1530/1530 1570/1570/1570 1601/1601/1601
f 1570/1570/1570 1571/1571/1571 1602/1602/1602
f 1570/1570/1570 1531/1531/1531 1571/1571/1571
f 1571/1571/1571 1573/1573/1573 1604/1604/1604
f 1571/1571/1571 1532/1532/1532 1573/1573/1573
f 1634/1634/1634 1535/1535/1535 1574/1574/1574
f 1634/1634/1634 1605/1605/1605 1535/1535/1535
f 1575/1575/1575 1576/1576/1576 1536/1536/1536
f 1575/1575/1575 1606/1606/1606 1576/1576/1576
f 1537/1537/1537 1607/1607/1607 1577/1577/1577
f 1537/1537/1537 1576/1576/1576 1607/1607/1607
f 1538/1538/1538 1608/1608/1608 1578/1578/1578
f 1538/1538/1538 1577/1577/1577 1608/1608/1608
f 1590/1590/1590 1544/1544/1544 1555/1555/1555
f 1590/1590/1590 1580/1580/1580 1544/1544/1544
f 1545/1545/1545 1639/1639/1639 1610/1610/1610
f 1545/1545/1545 1580/1580/1580 1639/1639/1639
f 1546/1546/1546 1611/1611/1611 1582/1582/1582
f 1546/1546/1546 1581/1581/1581 1611/1611/1611
f 1582/1582/1582 1583/1583/1583 1547/1547/1547
f 1582/1582/1582 1612/1612/1612 1583/1583/1583
f 1549/1549/1549 1614/1614/1614 1585/1585/1585
f 1549/1549/1549 1584/1584/1584 1614/1614/1614
f 1587/1587/1587 1586/1586/1586 1616/1616/1616
f 1587/1587/1587 1551/1551/1551 1586/1586/1586
f 1552/1552/1552 1618/1618/1618 1589/1589/1589
f 1552/1552/1552 1587/1587/1587 1618/1618/1618
f 1590/1590/1590 1619/1619/1619 1648/1648/1648
f 1590/1590/1590 1556/1556/1556 1619/1619/1619
f 1591/1591/1591 1592/1592/1592 1620/1620/1620
f 1591/1591/1591 1557/1557/1557 1592/1592/1592
f 1558/1558/1558 1622/1622/1622 1592/1592/1592
f 1558/1558/1558 1594/1594/1594 1622/1622/1622
f 1593/1593/1593 1596/1596/1596 1624/1624/1624
f 1593/1593/1593 1559/1559/1559 1596/1596/1596
f 1625/1625/1625 1562/1562/1562 1597/1597/1597
f 1625/1625/1625 1595/1595/1595 1562/1562/1562
f 1597/1597/1597 1598/1598/1598 1626/1626/1626
f 1597/1597/1597 1564/1564/1564 1598/1598/1598
f 1629/1629/1629 1574/1574/1574 1568/1568/1568
f 1629/1629/1629 1634/1634/1634 1574/1574/1574
f 1569/1569/1569 1630/1630/1630 1600/1600/1600
f 1569/1569/1569 1601/1601/1601 1630/1630/1630
f 1601/1601/1601 1602/1602/1602 1631/1631/1631
f 1601/1601/1601 1570/1570/1570 1602/1602/1602
f 1602/1602/1602 1604/1604/1604 1633/1633/1633
f 1602/1602/1602 1571/1571/1571 1604/1604/1604
f 1605/1605/1605 1606/1606/1606 1575/1575/1575
f 1605/1605/1605 1635/1635/1635 1606/1606/1606
f 1576/1576/1576 1636/1636/1636 1607/1607/1607
f 1576/1576/1576 1606/1606/1606 1636/1636/1636
f 1577/1577/1577 1637/1637/1637 1608/1608/1608
f 1577/1577/1577 1607/1607/1607 1637/1637/1637
f 1580/1580/1580 1648/1648/1648 1639/1639/1639
f 1580/1580/1580 1590/1590/1590 1648/1648/1648
f 1581/1581/1581 1640/1640/1640 1611/1611/1611
f 1581/1581/1581 1610/1610/1610 1640/1640/1640
f 1611/1611/1611 1612/1612/1612 1582/1582/1582
f 1611/1611/1611 1641/1641/1641 1612/1612/1612
f 1584/1584/1584 1643/1643/1643 1614/1614/1614
f 1584/1584/1584 1613/1613/1613 1643/1643/1643
f 1616/1616/1616 1615/1615/1615 1645/1645/1645
f 1616/1616/1616 1586/1586/1586 1615/1615/1615
f 1587/1587/1587 1647/1647/1647 1618/1618/1618
f 1587/1587/1587 1616/1616/1616 1647/1647/1647
f 1619/1619/1619 1620/1620/1620 1649/1649/1649
f 1619/1619/1619 1591/1591/1591 1620/1620/1620
f 1592/1592/1592 1650/1650/1650 1620/1620/1620
f 1592/1592/1592 1622/1622/1622 1650/1650/1650
f 1621/1621/1621 1624/1624/1624 1654/1654/1654
f 1621/1621/1621 1593/1593/1593 1624/1624/1624
f 1655/1655/1655 1595/1595/1595 1625/1625/1625
f 1655/1655/1655 1623/1623/1623 1595/1595/1595
f 1625/1625/1625 1626/1626/1626 1656/1656/1656
f 1625/1625/1625 1597/1597/1597 1626/1626/1626
f 1600/1600/1600 1658/1658/1658 1628/1628/1628
f 1600/1600/1600 1630/1630/1630 1658/1658/1658
f 1630/1630/1630 1631/1631/1631 1660/1660/1660
f 1630/1630/1630 1601/1601/1601 1631/1631/1631
f 1631/1631/1631 1633/1633/1633 1662/1662/1662
f 1631/1631/1631 1602/1602/1602 1633/1633/1633
f 1634/1634/1634 1635/1635/1635 1605/1605/1605
f 1634/1634/1634 1663/1663/1663 1635/1635/1635
f 1606/1606/1606 1664/1664/1664 1636/1636/1636
f 1606/1606/1606 1635/1635/1635 1664/1664/1664
f 1607/1607/1607 1666/1666/1666 1637/1637/1637
f 1607/1607/1607 1636/1636/1636 1666/1666/1666
f 1610/1610/1610 1667/1667/1667 1640/1640/1640
f 1610/1610/1610 1639/1639/1639 1667/1667/1667
f 1640/1640/1640 1641/1641/1641 1611/1611/1611
f 1640/1640/1640 1668/1668/1668 1641/1641/1641
f 1613/1613/1613 1670/1670/1670 1643/1643/1643
f 1613/1613/1613 1642/1642/1642 1670/1670/1670
f 1645/1645/1645 1644/1644/1644 1672/1672/1672
f 1645/1645/1645 1615/1615/1615 1644/1644/1644
f 1616/1616/1616 1674/1674/1674 1647/1647/1647
f 1616/1616/1616 1645/1645/1645 1674/1674/1674
f 1648/1648/1648 1649/1649/1649 1675/1675/1675
f 1648/1648/1648 1619/1619/1619 1649/1649/1649
f 1620/1620/1620 1676/1676/1676 1649/1649/1649
f 1620/1620/1620 1650/1650/1650 1676/1676/1676
f 1652/1652/1652 1654/1654/1654 1679/1679/1679
f 1652/1652/1652 1621/1621/1621 1654/1654/1654
f 1682/1682/1682 1623/1623/1623 1655/1655/1655
f 1682/1682/1682 1653/1653/1653 1623/1623/1623
f 1655/1655/1655 1656/1656/1656 1683/1683/1683
f 1655/1655/1655 1625/1625/1625 1656/1656/1656
f 1629/1629/1629 1663/1663/1663 1634/1634/1634
f 1629/1629/1629 1659/1659/1659 1663/1663/1663
f 1658/1658/1658 1660/1660/1660 1685/1685/1685
f 1658/1658/1658 1630/1630/1630 1660/1660/1660
f 1660/1660/1660 1662/1662/1662 1688/1688/1688
f 1660/1660/1660 1631/1631/1631 1662/1662/1662
f 1635/1635/1635 1689/1689/1689 1664/1664/1664
f 1635/1635/1635 1663/1663/1663 1689/1689/1689
f 1636/1636/1636 1691/1691/1691 1666/1666/1666
f 1636/1636/1636 1664/1664/1664 1691/1691/1691
f 1639/1639/1639 1675/1675/1675 1667/1667/1667
f 1639/1639/1639 1648/1648/1648 1675/1675/1675
f 1667/1667/1667 1668/1668/1668 1640/1640/1640
f 1667/1667/1667 1692/1692/1692 1668/1668/1668
f 1642/1642/1642 1694/1694/1694 1670/1670/1670
f 1642/1642/1642 1669/1669/1669 1694/1694/1694
f 1672/1672/1672 1671/1671/1671 1696/1696/1696
f 1672/1672/1672 1644/1644/1644 1671/1671/1671
f 1645/1645/1645 1698/1698/1698 1674/1674/1674
f 1645/1645/1645 1672/1672/1672 1698/1698/1698
f 1649/1649/1649 1699/1699/1699 1675/1675/1675
f 1649/1649/1649 1676/1676/1676 1699/1699/1699
f 1677/1677/1677 1678/1678/1678 1701/1701/1701
f 1677/1677/1677 1651/1651/1651 1678/1678/1678
f 1704/1704/1704 1653/1653/1653 1682/1682/1682
f 1704/1704/1704 1681/1681/1681 1653/1653/1653
f 1682/1682/1682 1683/1683/1683 1705/1705/1705
f 1682/1682/1682 1655/1655/1655 1683/1683/1683
f 1663/1663/1663 1686/1686/1686 1689/1689/1689
f 1663/1663/1663 1659/1659/1659 1686/1686/1686
f 1685/1685/1685 1688/1688/1688 1709/1709/1709
f 1685/1685/1685 1660/1660/1660 1688/1688/1688
f 1664/1664/1664 1712/1712/1712 1691/1691/1691
f 1664/1664/1664 1689/1689/1689 1712/1712/1712
f 1675/1675/1675 1692/1692/1692 1667/1667/1667
f 1675/1675/1675 1699/1699/1699 1692/1692/1692
f 1669/1669/1669 1713/1713/1713 1694/1694/1694
f 1669/1669/1669 1693/1693/1693 1713/1713/1713
f 1696/1696/1696 1695/1695/1695 1715/1715/1715
f 1696/1696/1696 1671/1671/1671 1695/1695/1695
f 1672/1672/1672 1717/1717/1717 1698/1698/1698
f 1672/1672/1672 1696/1696/1696 1717/1717/1717
f 1700/1700/1700 1701/1701/1701 1718/1718/1718
f 1700/1700/1700 1677/1677/1677 1701/1701/1701
f 1720/1720/1720 1680/1680/1680 1703/1703/1703
f 1720/1720/1720 1702/1702/1702 1680/1680/1680
f 1704/1704/1704 1705/1705/1705 1723/1723/1723
f 1704/1704/1704 1682/1682/1682 1705/1705/1705
f 1689/1689/1689 1710/1710/1710 1712/1712/1712
f 1689/1689/1689 1686/1686/1686 1710/1710/1710
f 1693/1693/1693 1718/1718/1718 1713/1713/1713
f 1693/1693/1693 1700/1700/1700 1718/1718/1718
f 1715/1715/1715 1714/1714/1714 1724/1724/1724
f 1715/1715/1715 1695/1695/1695 1714/1714/1714
f 1696/1696/1696 1726/1726/1726 1717/1717/1717
f 1696/1696/1696 1715/1715/1715 1726/1726/1726
f 1727/1727/1727 1702/1702/1702 1720/1720/1720
f 1727/1727/1727 1719/1719/1719 1702/1702/1702
f 1720/1720/1720 1722/1722/1722 1729/1729/1729
f 1720/1720/1720 1703/1703/1703 1722/1722/1722
f 1724/1724/1724 1719/1719/1719 1727/1727/1727
f 1724/1724/1724 1714/1714/1714 1719/1719/1719
f 1715/1715/1715 1731/1731/1731 1726/1726/1726
f 1715/1715/1715 1724/1724/1724 1731/1731/1731
f 1727/1727/1727 1729/1729/1729 1733/1733/1733
f 1727/1727/1727 1720/1720/1720 1729/1729/1729
f 1724/1724/1724 1733/1733/1733 1731/1731/1731
f 1724/1724/1724 1727/1727/1727 1733/1733/1733
f 1376/1376/1376 1374/1374/1374 1427/1427/1427
f 1374/1374/1374 1415/1415/1415 1427/1427/1427
f 1415/1415/1415 1469/1469/1469 1427/1427/1427
f 1469/1469/1469 1514/1514/1514 1427/1427/1427
f 1514/1514/1514 1553/1553/1553 1427/1427/1427
f 1553/1553/1553 1588/1588/1588 1427/1427/1427
f 1588/1588/1588 1617/1617/1617 1427/1427/1427
f 1617/1617/1617 1646/1646/1646 1427/1427/1427
f 1646/1646/1646 1673/1673/1673 1427/1427/1427
f 1673/1673/1673 1697/1697/1697 1427/1427/1427
f 1697/1697/1697 1716/1716/1716 1427/1427/1427
f 1716/1716/1716 1725/1725/1725 1427/1427/1427
f 1725/1725/1725 1730/1730/1730 1427/1427/1427
f 1730/1730/1730 1732/1732/1732 1427/1427/1427
f 1732/1732/1732 1728/1728/1728 1427/1427/1427
f 1728/1728/1728 1721/1721/1721 1427/1427/1427
f 1721/1721/1721 1706/1706/1706 1427/1427/1427
f 1706/1706/1706 1684/1684/1684 1427/1427/1427
f 1684/1684/1684 1657/1657/1657 1427/1427/1427
f 1657/1657/1657 1627/1627/1627 1427/1427/1427
f 1627/1627/1627 1599/1599/1599 1427/1427/1427
f 1599/1599/1599 1566/1566/1566 1427/1427/1427
f 1566/1566/1566 1527/1527/1527 1427/1427/1427
f 1527/1527/1527 1481/1481/1481 1427/1427/1427
f 1481/1481/1481 1426/1426/1426 1427/1427/1427
f 1426/1426/1426 1376/1376/1376 1427/1427/1427
f 979/979/979 1734/1734/1734 981/981/981
f 979/979/979 1751/1751/1751 1734/1734/1734
f 981/981/981 1735/1735/1735 983/983/983
f 981/981/981 1734/1734/1734 1735/1735/1735
f 983/983/983 1736/1736/1736 985/985/985
f 983/983/983 1735/1735/1735 1736/1736/1736
f 985/985/985 1737/1737/1737 987/987/987
f 985/985/985 1736/1736/1736 1737/1737/1737
f 987/987/987 1738/1738/1738 989/989/989
f 987/987/987 1737/1737/1737 1738/1738/1738
f 989/989/989 1739/1739/1739 991/991/991
f 989/989/989 1738/1738/1738 1739/1739/1739
f 991/991/991 1740/1740/1740 994/994/994
f 991/991/991 1739/1739/1739 1740/1740/1740
f 994/994/994 1741/1741/1741 996/996/996
f 994/994/994 1740/1740/1740 1741/1741/1741
f 996/996/996 1742/1742/1742 998/998/998
f 996/996/996 1741/1741/1741 1742/1742/1742
f 998/998/998 1743/1743/1743 1000/1000/1000
f 998/998/998 1742/1742/1742 1743/1743/1743
f 1000/1000/1000 1744/1744/1744 1002/1002/1002
f 1000/1000/1000 1743/1743/1743 1744/1744/1744
f 1002/1002/1002 1745/1745/1745 1004/1004/1004
f 1002/1002/1002 1744/1744/1744 1745/1745/1745
f 1004/1004/1004 1747/1747/1747 1008/1008/1008
f 1004/1004/1004 1745/1745/1745 1747/1747/1747
f 1007/1007/1007 1748/1748/1748 1010/1010/1010
f 1007/1007/1007 1746/1746/1746 1748/1748/1748
f 1010/1010/1010 1749/1749/1749 1012/1012/1012
f 1010/1010/1010 1748/1748/1748 1749/1749/1749
f 1012/1012/1012 1750/1750/1750 1013/1013/1013
f 1012/1012/1012 1749/1749/1749 1750/1750/1750
f 1013/1013/1013 1752/1752/1752 1015/1015/1015
f 1013/1013/1013 1750/1750/1750 1752/1752/1752
f 1015/1015/1015 1751/1751/1751 979/979/979
f 1015/1015/1015 1752/1752/1752 1751/1751/1751
f 1754/1754/1754 1794/1794/1794 1907/1907/1907
f 1754/1754/1754 1792/1792/1792 1794/1794/1794
f 1907/1907/1907 1796/1796/1796 1909/1909/1909
f 1907/1907/1907 1794/1794/1794 1796/1796/1796
f 1909/1909/1909 1797/1797/1797 1910/1910/1910
f 1909/1909/1909 1796/1796/1796 1797/1797/1797
f 1910/1910/1910 1799/1799/1799 1912/1912/1912
f 1910/1910/1910 1797/1797/1797 1799/1799/1799
f 1912/1912/1912 1801/1801/1801 1914/1914/1914
f 1912/1912/1912 1799/1799/1799 1801/1801/1801
f 1914/1914/1914 1803/1803/1803 1916/1916/1916
f 1914/1914/1914 1801/1801/1801 1803/1803/1803
f 1916/1916/1916 1805/1805/1805 1918/1918/1918
f 1916/1916/1916 1803/1803/1803 1805/1805/1805
f 1919/1919/1919 1808/1808/1808 1922/1922/1922
f 1919/1919/1919 1806/1806/1806 1808/1808/1808
f 1922/1922/1922 1810/1810/1810 1924/1924/1924
f 1922/1922/1922 1808/1808/1808 1810/1810/1810
f 1924/1924/1924 1812/1812/1812 1926/1926/1926
f 1924/1924/1924 1810/1810/1810 1812/1812/1812
f 1926/1926/1926 1814/1814/1814 1928/1928/1928
f 1926/1926/1926 1812/1812/1812 1814/1814/1814
f 1928/1928/1928 1817/1817/1817 1931/1931/1931
f 1928/1928/1928 1814/1814/1814 1817/1817/1817
f 1931/1931/1931 1819/1819/1819 1933/1933/1933
f 1931/1931/1931 1817/1817/1817 1819/1819/1819
f 1933/1933/1933 1821/1821/1821 1935/1935/1935
f 1933/1933/1933 1819/1819/1819 1821/1821/1821
f 1935/1935/1935 1823/1823/1823 1937/1937/1937
f 1935/1935/1935 1821/1821/1821 1823/1823/1823
f 1937/1937/1937 1825/1825/1825 1939/1939/1939
f 1937/1937/1937 1823/1823/1823 1825/1825/1825
f 1939/1939/1939 1827/1827/1827 1790/1790/1790
f 1939/1939/1939 1825/1825/1825 1827/1827/1827
f 1790/1790/1790 1792/1792/1792 1754/1754/1754
f 1790/1790/1790 1827/1827/1827 1792/1792/1792
f 1942/1942/1942 1828/1828/1828 1943/1943/1943
f 1943/1943/1943 1828/1828/1828 1944/1944/1944
f 1944/1944/1944 1828/1828/1828 1945/1945/1945
f 1945/1945/1945 1828/1828/1828 1946/1946/1946
f 1946/1946/1946 1828/1828/1828 1947/1947/1947
f 1947/1947/1947 1828/1828/1828 1948/1948/1948
f 1948/1948/1948 1828/1828/1828 1949/1949/1949
f 1949/1949/1949 1828/1828/1828 1950/1950/1950
f 1950/1950/1950 1828/1828/1828 1951/1951/1951
f 1951/1951/1951 1828/1828/1828 1952/1952/1952
f 1952/1952/1952 1828/1828/1828 1953/1953/1953
f 1953/1953/1953 1828/1828/1828 1954/1954/1954
f 1954/1954/1954 1828/1828/1828 1955/1955/1955
f 1955/1955/1955 1828/1828/1828 1956/1956/1956
f 1956/1956/1956 1828/1828/1828 1957/1957/1957
f 1957/1957/1957 1828/1828/1828 1958/1958/1958
f 1958/1958/1958 1828/1828/1828 1959/1959/1959
f 1959/1959/1959 1828/1828/1828 1942/1942/1942
f 1829/1829/1829 1793/1793/1793 1791/1791/1791
f 1829/1829/1829 1830/1830/1830 1793/1793/1793
f 1830/1830/1830 1795/1795/1795 1793/1793/1793
f 1830/1830/1830 1831/1831/1831 1795/1795/1795
f 1831/1831/1831 1798/1798/1798 1795/1795/1795
f 1831/1831/1831 1832/1832/1832 1798/1798/1798
f 1832/1832/1832 1800/1800/1800 1798/1798/1798
f 1832/1832/1832 1833/1833/1833 1800/1800/1800
f 1833/1833/1833 1802/1802/1802 1800/1800/1800
f 1833/1833/1833 1834/1834/1834 1802/1802/1802
f 1834/1834/1834 1804/1804/1804 1802/1802/1802
f 1834/1834/1834 1835/1835/1835 1804/1804/1804
f 1835/1835/1835 1807/1807/1807 1804/1804/1804
f 1835/1835/1835 1836/1836/1836 1807/1807/1807
f 1836/1836/1836 1809/1809/1809 1807/1807/1807
f 1836/1836/1836 1837/1837/1837 1809/1809/1809
f 1837/1837/1837 1811/1811/1811 1809/1809/1809
f 1837/1837/1837 1838/1838/1838 1811/1811/1811
f 1838/1838/1838 1813/1813/1813 1811/1811/1811
f 1838/1838/1838 1839/1839/1839 1813/1813/1813
f 1839/1839/1839 1815/1815/1815 1813/1813/1813
f 1839/1839/1839 1840/1840/1840 1815/1815/1815
f 1840/1840/1840 1816/1816/1816 1815/1815/1815
f 1840/1840/1840 1841/1841/1841 1816/1816/1816
f 1841/1841/1841 1818/1818/1818 1816/1816/1816
f 1841/1841/1841 1842/1842/1842 1818/1818/1818
f 1842/1842/1842 1820/1820/1820 1818/1818/1818
f 1842/1842/1842 1843/1843/1843 1820/1820/1820
f 1843/1843/1843 1822/1822/1822 1820/1820/1820
f 1843/1843/1843 1844/1844/1844 1822/1822/1822
f 1844/1844/1844 1824/1824/1824 1822/1822/1822
f 1844/1844/1844 1845/1845/1845 1824/1824/1824
f 1845/1845/1845 1826/1826/1826 1824/1824/1824
f 1845/1845/1845 1846/1846/1846 1826/1826/1826
f 1846/1846/1846 1791/1791/1791 1826/1826/1826
f 1846/1846/1846 1829/1829/1829 1791/1791/1791
f 1755/1755/1755 1847/1847/1847 1904/1904/1904
f 1755/1755/1755 1849/1849/1849 1847/1847/1847
f 1757/1757/1757 1849/1849/1849 1755/1755/1755
f 1757/1757/1757 1851/1851/1851 1849/1849/1849
f 1760/1760/1760 1851/1851/1851 1757/1757/1757
f 1760/1760/1760 1854/1854/1854 1851/1851/1851
f 1762/1762/1762 1854/1854/1854 1760/1760/1760
f 1762/1762/1762 1856/1856/1856 1854/1854/1854
f 1764/1764/1764 1856/1856/1856 1762/1762/1762
f 1764/1764/1764 1858/1858/1858 1856/1856/1856
f 1766/1766/1766 1858/1858/1858 1764/1764/1764
f 1766/1766/1766 1860/1860/1860 1858/1858/1858
f 1769/1769/1769 1860/1860/1860 1766/1766/1766
f 1769/1769/1769 1863/1863/1863 1860/1860/1860
f 1772/1772/1772 1864/1864/1864 1770/1770/1770
f 1772/1772/1772 1866/1866/1866 1864/1864/1864
f 1774/1774/1774 1866/1866/1866 1772/1772/1772
f 1774/1774/1774 1868/1868/1868 1866/1866/1866
f 1776/1776/1776 1868/1868/1868 1774/1774/1774
f 1776/1776/1776 1870/1870/1870 1868/1868/1868
f 1778/1778/1778 1870/1870/1870 1776/1776/1776
f 1778/1778/1778 1872/1872/1872 1870/1870/1870
f 1779/1779/1779 1872/1872/1872 1778/1778/1778
f 1779/1779/1779 1873/1873/1873 1872/1872/1872
f 1781/1781/1781 1873/1873/1873 1779/1779/1779
f 1781/1781/1781 1875/1875/1875 1873/1873/1873
f 1783/1783/1783 1875/1875/1875 1781/1781/1781
f 1783/1783/1783 1877/1877/1877 1875/1875/1875
f 1785/1785/1785 1877/1877/1877 1783/1783/1783
f 1785/1785/1785 1879/1879/1879 1877/1877/1877
f 1787/1787/1787 1879/1879/1879 1785/1785/1785
f 1787/1787/1787 1881/1881/1881 1879/1879/1879
f 1940/1940/1940 1881/1881/1881 1787/1787/1787
f 1940/1940/1940 1883/1883/1883 1881/1881/1881
f 1904/1904/1904 1883/1883/1883 1940/1940/1940
f 1904/1904/1904 1847/1847/1847 1883/1883/1883
f 1850/1850/1850 1885/1885/1885 1848/1848/1848
f 1850/1850/1850 1886/1886/1886 1885/1885/1885
f 1852/1852/1852 1886/1886/1886 1850/1850/1850
f 1852/1852/1852 1887/1887/1887 1886/1886/1886
f 1853/1853/1853 1887/1887/1887 1852/1852/1852
f 1853/1853/1853 1888/1888/1888 1887/1887/1887
f 1855/1855/1855 1888/1888/1888 1853/1853/1853
f 1855/1855/1855 1889/1889/1889 1888/1888/1888
f 1857/1857/1857 1889/1889/1889 1855/1855/1855
f 1857/1857/1857 1890/1890/1890 1889/1889/1889
f 1859/1859/1859 1890/1890/1890 1857/1857/1857
f 1859/1859/1859 1891/1891/1891 1890/1890/1890
f 1861/1861/1861 1891/1891/1891 1859/1859/1859
f 1861/1861/1861 1892/1892/1892 1891/1891/1891
f 1865/1865/1865 1893/1893/1893 1862/1862/1862
f 1865/1865/1865 1894/1894/1894 1893/1893/1893
f 1867/1867/1867 1894/1894/1894 1865/1865/1865
f 1867/1867/1867 1895/1895/1895 1894/1894/1894
f 1869/1869/1869 1895/1895/1895 1867/1867/1867
f 1869/1869/1869 1896/1896/1896 1895/1895/1895
f 1871/1871/1871 1896/1896/1896 1869/1869/1869
f 1871/1871/1871 1897/1897/1897 1896/1896/1896
f 1874/1874/1874 1897/1897/1897 1871/1871/1871
f 1874/1874/1874 1898/1898/1898 1897/1897/1897
f 1876/1876/1876 1898/1898/1898 1874/1874/1874
f 1876/1876/1876 1899/1899/1899 1898/1898/1898
f 1878/1878/1878 1899/1899/1899 1876/1876/1876
f 1878/1878/1878 1900/1900/1900 1899/1899/1899
f 1880/1880/1880 1900/1900/1900 1878/1878/1878
f 1880/1880/1880 1901/1901/1901 1900/1900/1900
f 1882/1882/1882 1901/1901/1901 1880/1880/1880
f 1882/1882/1882 1902/1902/1902 1901/1901/1901
f 1884/1884/1884 1902/1902/1902 1882/1882/1882
f 1884/1884/1884 1903/1903/1903 1902/1902/1902
f 1848/1848/1848 1903/1903/1903 1884/1884/1884
f 1848/1848/1848 1885/1885/1885 1903/1903/1903
f 1753/1753/1753 1756/1756/1756 1905/1905/1905
f 1753/1753/1753 1906/1906/1906 1756/1756/1756
f 1906/1906/1906 1758/1758/1758 1756/1756/1756
f 1906/1906/1906 1908/1908/1908 1758/1758/1758
f 1908/1908/1908 1759/1759/1759 1758/1758/1758
f 1908/1908/1908 1911/1911/1911 1759/1759/1759
f 1911/1911/1911 1761/1761/1761 1759/1759/1759
f 1911/1911/1911 1913/1913/1913 1761/1761/1761
f 1913/1913/1913 1763/1763/1763 1761/1761/1761
f 1913/1913/1913 1915/1915/1915 1763/1763/1763
f 1915/1915/1915 1765/1765/1765 1763/1763/1763
f 1915/1915/1915 1917/1917/1917 1765/1765/1765
f 1917/1917/1917 1767/1767/1767 1765/1765/1765
f 1917/1917/1917 1920/1920/1920 1767/1767/1767
f 1921/1921/1921 1771/1771/1771 1768/1768/1768
f 1921/1921/1921 1923/1923/1923 1771/1771/1771
f 1923/1923/1923 1773/1773/1773 1771/1771/1771
f 1923/1923/1923 1925/1925/1925 1773/1773/1773
f 1925/1925/1925 1775/1775/1775 1773/1773/1773
f 1925/1925/1925 1927/1927/1927 1775/1775/1775
f 1927/1927/1927 1777/1777/1777 1775/1775/1775
f 1927/1927/1927 1929/1929/1929 1777/1777/1777
f 1929/1929/1929 1780/1780/1780 1777/1777/1777
f 1929/1929/1929 1930/1930/1930 1780/1780/1780
f 1930/1930/1930 1782/1782/1782 1780/1780/1780
f 1930/1930/1930 1932/1932/1932 1782/1782/1782
f 1932/1932/1932 1784/1784/1784 1782/1782/1782
f 1932/1932/1932 1934/1934/1934 1784/1784/1784
f 1934/1934/1934 1786/1786/1786 1784/1784/1784
f 1934/1934/1934 1936/1936/1936 1786/1786/1786
f 1936/1936/1936 1788/1788/1788 1786/1786/1786
f 1936/1936/1936 1938/1938/1938 1788/1788/1788
f 1938/1938/1938 1941/1941/1941 1788/1788/1788
f 1938/1938/1938 1789/1789/1789 1941/1941/1941
f 1789/1789/1789 1905/1905/1905 1941/1941/1941
f 1789/1789/1789 1753/1753/1753 1905/1905/1905
f 1829/1829/1829 1943/1943/1943 1830/1830/1830
f 1829/1829/1829 1942/1942/1942 1943/1943/1943
f 1830/1830/1830 1944/1944/1944 1831/1831/1831
f 1830/1830/1830 1943/1943/1943 1944/1944/1944
f 1831/1831/1831 1945/1945/1945 1832/1832/1832
f 1831/1831/1831 1944/1944/1944 1945/1945/1945
f 1832/1832/1832 1946/1946/1946 1833/1833/1833
f 1832/1832/1832 1945/1945/1945 1946/1946/1946
f 1833/1833/1833 1947/1947/1947 1834/1834/1834
f 1833/1833/1833 1946/1946/1946 1947/1947/1947
f 1834/1834/1834 1948/1948/1948 1835/1835/1835
f 1834/1834/1834 1947/1947/1947 1948/1948/1948
f 1835/1835/1835 1949/1949/1949 1836/1836/1836
f 1835/1835/1835 1948/1948/1948 1949/1949/1949
f 1836/1836/1836 1950/1950/1950 1837/1837/1837
f 1836/1836/1836 1949/1949/1949 1950/1950/1950
f 1837/1837/1837 1951/1951/1951 1838/1838/1838
f 1837/1837/1837 1950/1950/1950 1951/1951/1951
f 1838/1838/1838 1952/1952/1952 1839/1839/1839
f 1838/1838/1838 1951/1951/1951 1952/1952/1952
f 1839/1839/1839 1953/1953/1953 1840/1840/1840
f 1839/1839/1839 1952/1952/1952 1953/1953/1953
f 1840/1840/1840 1954/1954/1954 1841/1841/1841
f 1840/1840/1840 1953/1953/1953 1954/1954/1954
f 1841/1841/1841 1955/1955/1955 1842/1842/1842
f 1841/1841/1841 1954/1954/1954 1955/1955/1955
f 1842/1842/1842 1956/1956/1956 1843/1843/1843
f 1842/1842/1842 1955/1955/1955 1956/1956/1956
f 1843/1843/1843 1957/1957/1957 1844/1844/1844
f 1843/1843/1843 1956/1956/1956 1957/1957/1957
f 1844/1844/1844 1958/1958/1958 1845/1845/1845
f 1844/1844/1844 1957/1957/1957 1958/1958/1958
f 1845/1845/1845 1959/1959/1959 1846/1846/1846
f 1845/1845/1845 1958/1958/1958 1959/1959/1959
f 1846/1846/1846 1942/1942/1942 1829/1829/1829
f 1846/1846/1846 1959/1959/1959 1942/1942/1942
f 1960/1960/1960 1982/1982/1982 1961/1961/1961
f 1960/1960/1960 1980/1980/1980 1982/1982/1982
f 1961/1961/1961 1984/1984/1984 1962/1962/1962
f 1961/1961/1961 1982/1982/1982 1984/1984/1984
f 1962/1962/1962 1985/1985/1985 1963/1963/1963
f 1962/1962/1962 1984/1984/1984 1985/1985/1985
f 1963/1963/1963 1987/1987/1987 1964/1964/1964
f 1963/1963/1963 1985/1985/1985 1987/1987/1987
f 1964/1964/1964 1989/1989/1989 1965/1965/1965
f 1964/1964/1964 1987/1987/1987 1989/1989/1989
f 1965/1965/1965 1991/1991/1991 1966/1966/1966
f 1965/1965/1965 1989/1989/1989 1991/1991/1991
f 1966/1966/1966 1993/1993/1993 1967/1967/1967
f 1966/1966/1966 1991/1991/1991 1993/1993/1993
f 1967/1967/1967 1995/1995/1995 1968/1968/1968
f 1967/1967/1967 1993/1993/1993 1995/1995/1995
f 1968/1968/1968 1997/1997/1997 1969/1969/1969
f 1968/1968/1968 1995/1995/1995 1997/1997/1997
f 1969/1969/1969 2000/2000/2000 1971/1971/1971
f 1969/1969/1969 1997/1997/1997 2000/2000/2000
f 1970/1970/1970 2002/2002/2002 1972/1972/1972
f 1970/1970/1970 1999/1999/1999 2002/2002/2002
f 1972/1972/1972 2005/2005/2005 1973/1973/1973
f 1972/1972/1972 2002/2002/2002 2005/2005/2005
f 1973/1973/1973 2007/2007/2007 1974/1974/1974
f 1973/1973/1973 2005/2005/2005 2007/2007/2007
f 1974/1974/1974 2009/2009/2009 1975/1975/1975
f 1974/1974/1974 2007/2007/2007 2009/2009/2009
f 1975/1975/1975 2011/2011/2011 1976/1976/1976
f 1975/1975/1975 2009/2009/2009 2011/2011/2011
f 1976/1976/1976 2013/2013/2013 1977/1977/1977
f 1976/1976/1976 2011/2011/2011 2013/2013/2013
f 1977/1977/1977 2015/2015/2015 1978/1978/1978
f 1977/1977/1977 2013/2013/2013 2015/2015/2015
f 1978/1978/1978 1980/1980/1980 1960/1960/1960
f 1978/1978/1978 2015/2015/2015 1980/1980/1980
f 2017/2017/2017 2016/2016/2016 2019/2019/2019
f 2019/2019/2019 2016/2016/2016 2021/2021/2021
f 2021/2021/2021 2016/2016/2016 2024/2024/2024
f 2024/2024/2024 2016/2016/2016 2026/2026/2026
f 2026/2026/2026 2016/2016/2016 2028/2028/2028
f 2028/2028/2028 2016/2016/2016 2030/2030/2030
f 2030/2030/2030 2016/2016/2016 2032/2032/2032
f 2032/2032/2032 2016/2016/2016 2034/2034/2034
f 2034/2034/2034 2016/2016/2016 2036/2036/2036
f 2036/2036/2036 2016/2016/2016 2038/2038/2038
f 2038/2038/2038 2016/2016/2016 2040/2040/2040
f 2040/2040/2040 2016/2016/2016 2041/2041/2041
f 2041/2041/2041 2016/2016/2016 2043/2043/2043
f 2043/2043/2043 2016/2016/2016 2045/2045/2045
f 2045/2045/2045 2016/2016/2016 2047/2047/2047
f 2047/2047/2047 2016/2016/2016 2049/2049/2049
f 2049/2049/2049 2016/2016/2016 2051/2051/2051
f 2051/2051/2051 2016/2016/2016 2017/2017/2017
f 2018/2018/2018 1981/1981/1981 1979/1979/1979
f 2018/2018/2018 2020/2020/2020 1981/1981/1981
f 2020/2020/2020 1983/1983/1983 1981/1981/1981
f 2020/2020/2020 2022/2022/2022 1983/1983/1983
f 2022/2022/2022 1986/1986/1986 1983/1983/1983
f 2022/2022/2022 2023/2023/2023 1986/1986/1986
f 2023/2023/2023 1988/1988/1988 1986/1986/1986
f 2023/2023/2023 2025/2025/2025 1988/1988/1988
f 2025/2025/2025 1990/1990/1990 1988/1988/1988
f 2025/2025/2025 2027/2027/2027 1990/1990/1990
f 2027/2027/2027 1992/1992/1992 1990/1990/1990
f 2027/2027/2027 2029/2029/2029 1992/1992/1992
f 2029/2029/2029 1994/1994/1994 1992/1992/1992
f 2029/2029/2029 2031/2031/2031 1994/1994/1994
f 2031/2031/2031 1996/1996/1996 1994/1994/1994
f 2031/2031/2031 2033/2033/2033 1996/1996/1996
f 2033/2033/2033 1998/1998/1998 1996/1996/1996
f 2033/2033/2033 2035/2035/2035 1998/1998/1998
f 2035/2035/2035 2001/2001/2001 1998/1998/1998
f 2035/2035/2035 2037/2037/2037 2001/2001/2001
f 2037/2037/2037 2003/2003/2003 2001/2001/2001
f 2037/2037/2037 2039/2039/2039 2003/2003/2003
f 2039/2039/2039 2004/2004/2004 2003/2003/2003
f 2039/2039/2039 2042/2042/2042 2004/2004/2004
f 2042/2042/2042 2006/2006/2006 2004/2004/2004
f 2042/2042/2042 2044/2044/2044 2006/2006/2006
f 2044/2044/2044 2008/2008/2008 2006/2006/2006
f 2044/2044/2044 2046/2046/2046 2008/2008/2008
f 2046/2046/2046 2010/2010/2010 2008/2008/2008
f 2046/2046/2046 2048/2048/2048 2010/2010/2010
f 2048/2048/2048 2012/2012/2012 2010/2010/2010
f 2048/2048/2048 2050/2050/2050 2012/2012/2012
f 2050/2050/2050 2014/2014/2014 2012/2012/2012
f 2050/2050/2050 2052/2052/2052 2014/2014/2014
f 2052/2052/2052 1979/1979/1979 2014/2014/2014
f 2052/2052/2052 2018/2018/2018 1979/1979/1979
