# CC0 model adapted from https://polyhaven.com/a/modular_fire_escape
# Coordinates baked to Z-up; see SOURCES.json for source nodes and transforms.
mtllib steel_deck.mtl
o modular_fire_escape_platform_bottom
v -1.9532443 1.9722059 0
v -1.9532443 1.9722059 0
v -1.9532443 1.9722059 0
v -1.9532443 1.9722059 0.17507309
v -1.9532443 1.9722059 0.17507309
v -1.9532443 1.9722059 0.17507309
v 1.9531233 1.9722059 0
v 1.9531233 1.9722059 0
v 1.9531233 1.9722059 0
v 1.9531233 1.9722059 0.17507309
v 1.9531233 1.9722059 0.17507309
v 1.9531233 1.9722059 0.17507309
v -1.9532443 1.9143423 0
v -1.9532443 1.9143423 0
v -1.9532443 1.9143423 0
v -1.9532443 1.9143423 0.17507309
v -1.9532443 1.9143423 0.17507309
v -1.9532443 1.9143423 0.17507309
v 1.9531233 1.9143423 0
v 1.9531233 1.9143423 0
v 1.9531233 1.9143423 0
v 1.9531233 1.9143423 0.17507309
v 1.9531233 1.9143423 0.17507309
v 1.9531233 1.9143423 0.17507309
v 1.9459733 1.8466662 0.16927969
v 1.9459733 1.8466662 0.16927969
v 1.9459733 1.8466662 0.16927969
v 1.9459733 1.6710426 0.16927969
v 1.9459733 1.6710426 0.16927969
v 1.9459733 1.6710426 0.16927969
v -1.9367409 1.8466662 0.16927969
v -1.9367409 1.8466662 0.16927969
v -1.9367409 1.8466662 0.16927969
v 1.9459733 1.8466662 0.15665356
v 1.9459733 1.8466662 0.15665356
v 1.9459733 1.8466662 0.15665356
v 1.9459733 1.6710426 0.15665356
v 1.9459733 1.6710426 0.15665356
v 1.9459733 1.6710426 0.15665356
v -1.9367409 1.8466662 0.15665356
v -1.9367409 1.8466662 0.15665356
v -1.9367409 1.8466662 0.15665356
v -1.9367409 1.6710426 0.15665356
v -1.9367409 1.6710426 0.15665356
v -1.9367409 1.6710426 0.15665356
v -1.9367409 1.6710426 0.16927969
v -1.9367409 1.6710426 0.16927969
v -1.9367409 1.6710426 0.16927969
v -0.008783345 1.9143423 0.035949634
v -0.008783345 1.9143423 0.035949634
v -0.008783345 1.9143423 0.035949634
v -0.008783345 1.9143423 0.1563629
v -0.008783345 1.9143423 0.1563629
v -0.008783345 1.9143423 0.1563629
v -0.008783345 -1.9999997 0.035949634
v -0.008783345 -1.9999997 0.035949634
v -0.008783345 -1.9999997 0.035949634
v -0.008783345 -1.9999997 0.1563629
v -0.008783345 -1.9999997 0.1563629
v -0.008783345 -1.9999997 0.1563629
v 0.010347985 1.9143423 0.035949634
v 0.010347985 1.9143423 0.035949634
v 0.010347985 1.9143423 0.035949634
v 0.010347985 1.9143423 0.1563629
v 0.010347985 1.9143423 0.1563629
v 0.010347985 1.9143423 0.1563629
v 0.010347985 -1.9999997 0.035949634
v 0.010347985 -1.9999997 0.035949634
v 0.010347985 -1.9999997 0.035949634
v 0.010347985 -1.9999997 0.1563629
v 0.010347985 -1.9999997 0.1563629
v 0.010347985 -1.9999997 0.1563629
v -1.9532445 1.9143423 0.17507377
v -1.9532445 1.9143423 0.17507377
v -1.9532445 1.9143423 0.17507377
v -1.9532445 -1.9999997 0.022493021
v -1.9532445 -1.9999997 0.022493021
v -1.9532445 -1.9999997 0.022493021
v -1.9532445 -1.9999997 0.17507377
v -1.9532445 -1.9999997 0.17507377
v -1.9532445 -1.9999997 0.17507377
v -1.9532445 1.9143423 0.022492359
v -1.9532445 1.9143423 0.022492359
v -1.9532445 1.9143423 0.022492359
v -1.9460947 1.9143423 0.17507377
v -1.9460947 1.9143423 0.17507377
v -1.9460947 1.9143423 0.17507377
v -1.9460947 -1.9999997 0.022493021
v -1.9460947 -1.9999997 0.022493021
v -1.9460947 -1.9999997 0.022493021
v -1.9460947 -1.9999997 0.17507377
v -1.9460947 -1.9999997 0.17507377
v -1.9460947 -1.9999997 0.17507377
v -1.9460947 1.9143423 0.022492359
v -1.9460947 1.9143423 0.022492359
v -1.9460947 1.9143423 0.022492359
v -1.1881242 1.9143423 0.035950072
v -1.1881242 1.9143423 0.035950072
v -1.1881242 1.9143423 0.035950072
v -1.1881242 1.9143423 0.15636334
v -1.1881242 1.9143423 0.15636334
v -1.1881242 1.9143423 0.15636334
v -1.1881242 -1.9999997 0.035950072
v -1.1881242 -1.9999997 0.035950072
v -1.1881242 -1.9999997 0.035950072
v -1.1881242 -1.9999997 0.15636334
v -1.1881242 -1.9999997 0.15636334
v -1.1881242 -1.9999997 0.15636334
v -1.168993 1.9143423 0.035950072
v -1.168993 1.9143423 0.035950072
v -1.168993 1.9143423 0.035950072
v -1.168993 1.9143423 0.15636334
v -1.168993 1.9143423 0.15636334
v -1.168993 1.9143423 0.15636334
v -1.168993 -1.9999997 0.035950072
v -1.168993 -1.9999997 0.035950072
v -1.168993 -1.9999997 0.035950072
v -1.168993 -1.9999997 0.15636334
v -1.168993 -1.9999997 0.15636334
v -1.168993 -1.9999997 0.15636334
v -1.1704348 1.9143423 0.15636335
v -1.1704348 1.9143423 0.15636335
v -1.1704348 1.9143423 0.15636335
v -1.1704348 -0.10258092 0.15636335
v -1.1704348 -0.10258092 0.15636335
v -1.1704348 -0.10258092 0.15636335
v -1.1818122 1.9143423 0.15636335
v -1.1818122 1.9143423 0.15636335
v -1.1818122 1.9143423 0.15636335
v -1.1818122 -0.10258092 0.15636335
v -1.1818122 -0.10258092 0.15636335
v -1.1818122 -0.10258092 0.15636335
v -1.1818122 1.9143423 0.16464393
v -1.1818122 1.9143423 0.16464393
v -1.1818122 1.9143423 0.16464393
v -1.1818122 -0.10258092 0.16464393
v -1.1818122 -0.10258092 0.16464393
v -1.1818122 -0.10258092 0.16464393
v -1.1704348 1.9143423 0.16464393
v -1.1704348 1.9143423 0.16464393
v -1.1704348 1.9143423 0.16464393
v -1.1704348 -0.10258092 0.16464393
v -1.1704348 -0.10258092 0.16464393
v -1.1704348 -0.10258092 0.16464393
v -1.9565244 0.99319438 0.091095341
v -1.9565244 0.99319438 0.091095341
v -2 0.99320364 0.091098042
v -1.9565296 0.88298648 0.15799269
v -1.9531668 0.9998886 0.087040238
v -1.9531668 0.9998886 0.087040238
v -2 0.9998886 0.087040238
v -1.9531668 0.88300596 0.15798925
v -1.9566071 -1.9797677 0.1648814
v -1.9931273 -1.9797677 0.1648814
v -1.9566071 -1.7922711 0.1648814
v -1.9532443 -1.991558 0.1648814
v -1.9931273 -1.991558 0.1648814
v -1.9532443 -1.7922711 0.1648814
v -1.9358145 1.8952789 0.18
v -1.9358145 1.8952789 0.18
v -1.9358145 1.8952789 0.18
v -1.9358145 -1.9999997 0.18
v -1.9358145 -1.9999997 0.18
v -1.9358145 -1.9999997 0.18
v -1.9579525 -1.9999997 0.18
v -1.9579525 -1.9999997 0.18
v -1.9579525 -1.9999997 0.18
v -1.9579525 1.8952785 0.18
v -1.9579525 1.8952785 0.18
v -1.9579525 1.8952785 0.18
v -1.9358145 1.8952789 0.17507384
v -1.9358145 1.8952789 0.17507384
v -1.9358145 1.8952789 0.17507384
v -1.9358145 -1.9999997 0.17507384
v -1.9358145 -1.9999997 0.17507384
v -1.9358145 -1.9999997 0.17507384
v -1.9579525 -1.9999997 0.17507384
v -1.9579525 -1.9999997 0.17507384
v -1.9579525 -1.9999997 0.17507384
v -1.9579525 1.8952785 0.17507384
v -1.9579525 1.8952785 0.17507384
v -1.9579525 1.8952785 0.17507384
v -1.9243883 1.9143423 0.14787758
v -1.9243883 1.9143423 0.14787758
v -1.9243883 1.9143423 0.14787758
v -1.9460949 1.9143423 0.14787777
v -1.9460949 1.9143423 0.14787777
v -1.9460949 1.9143423 0.14787777
v -1.9243883 -1.9999997 0.14787758
v -1.9243883 -1.9999997 0.14787758
v -1.9243883 -1.9999997 0.14787758
v -1.9460949 -1.9999997 0.14787777
v -1.9460949 -1.9999997 0.14787777
v -1.9460949 -1.9999997 0.14787777
v -1.9243883 1.9143423 0.15665372
v -1.9243883 1.9143423 0.15665372
v -1.9243883 1.9143423 0.15665372
v -1.9460949 1.9143423 0.15665391
v -1.9460949 1.9143423 0.15665391
v -1.9460949 1.9143423 0.15665391
v -1.9243883 -1.9999997 0.15665372
v -1.9243883 -1.9999997 0.15665372
v -1.9243883 -1.9999997 0.15665372
v -1.9460949 -1.9999997 0.15665391
v -1.9460949 -1.9999997 0.15665391
v -1.9460949 -1.9999997 0.15665391
v -1.9427319 1.9025518 0.032973585
v -1.9427319 1.9025518 0.032973585
v -1.9427319 1.9025518 0.032973585
v -1.9427319 1.9025518 0.14627028
v -1.9427319 1.9025518 0.14627028
v -1.9427319 1.9025518 0.14627028
v -1.8917831 1.9025518 0.037042144
v -1.8917831 1.9025518 0.037042144
v -1.8917831 1.9025518 0.037042144
v -1.8945604 1.9025518 0.032973585
v -1.8945604 1.9025518 0.032973585
v -1.8925966 1.9025518 0.034165239
v -1.8925966 1.9025518 0.034165239
v -1.8925966 1.9025518 0.034165239
v -1.9427319 1.7252346 0.037042144
v -1.9427319 1.7252346 0.037042144
v -1.9427319 1.7349723 0.032973585
v -1.9427319 1.7349723 0.032973585
v -1.9427319 1.7280867 0.034165239
v -1.9427319 1.7280867 0.034165239
v -1.9427319 1.7280867 0.034165239
v -1.8917831 1.9025518 0.14220172
v -1.8917831 1.9025518 0.14220172
v -1.8945604 1.9025518 0.14627028
v -1.8945604 1.9025518 0.14627028
v -1.8925966 1.9025518 0.14507863
v -1.8925966 1.9025518 0.14507863
v -1.8925966 1.9025518 0.14507863
v -1.9427319 1.7252346 0.14220172
v -1.9427319 1.7252346 0.14220172
v -1.9427319 1.7349723 0.14627028
v -1.9427319 1.7349723 0.14627028
v -1.9427319 1.7280867 0.14507863
v -1.9427319 1.7280867 0.14507863
v -1.9427319 1.7280867 0.14507863
v -1.9427319 1.9025518 0.037042144
v -1.9427319 1.9025518 0.037042144
v -1.9427319 1.9025518 0.034165408
v -1.9427319 1.9025518 0.034165408
v -1.9427319 1.9025518 0.14220172
v -1.9427319 1.9025518 0.14220172
v -1.9427319 1.9025518 0.14507847
v -1.9427319 1.9025518 0.14507847
v -1.9460947 1.9143422 0.032973585
v -1.9460947 1.9143422 0.032973585
v -1.9460947 1.9143422 0.032973585
v -1.9460947 1.9143422 0.14627028
v -1.9460947 1.9143422 0.14627028
v -1.9460947 1.9143422 0.14627028
v -1.8917831 1.9143422 0.037042144
v -1.8917831 1.9143422 0.037042144
v -1.8917831 1.9143422 0.037042144
v -1.8945604 1.9143422 0.032973585
v -1.8945604 1.9143422 0.032973585
v -1.8925966 1.9143422 0.034165239
v -1.8925966 1.9143422 0.034165239
v -1.8925966 1.9143422 0.034165239
v -1.9460947 1.7252346 0.037042144
v -1.9460947 1.7252346 0.037042144
v -1.9460947 1.7349723 0.032973585
v -1.9460947 1.7349723 0.032973585
v -1.9460947 1.7280867 0.034165239
v -1.9460947 1.7280867 0.034165239
v -1.9460947 1.7280867 0.034165239
v -1.8917831 1.9143422 0.14220172
v -1.8917831 1.9143422 0.14220172
v -1.8945604 1.9143422 0.14627028
v -1.8945604 1.9143422 0.14627028
v -1.8925966 1.9143422 0.14507863
v -1.8925966 1.9143422 0.14507863
v -1.8925966 1.9143422 0.14507863
v -1.9460947 1.7252346 0.14220172
v -1.9460947 1.7252346 0.14220172
v -1.9460947 1.7349723 0.14627028
v -1.9460947 1.7349723 0.14627028
v -1.9460947 1.7280867 0.14507863
v -1.9460947 1.7280867 0.14507863
v -1.9460947 1.7280867 0.14507863
v -1.9460947 1.9143422 0.037042144
v -1.9460947 1.9143422 0.037042144
v -1.9460947 1.9143422 0.034165408
v -1.9460947 1.9143422 0.034165408
v -1.9460947 1.9143422 0.14220172
v -1.9460947 1.9143422 0.14220172
v -1.9460947 1.9143422 0.14507847
v -1.9460947 1.9143422 0.14507847
v 1.9426109 0.64180662 0.031500614
v 1.9426109 0.64180662 0.031500614
v 1.9426109 0.64180662 0.031500614
v 1.9426109 0.64180662 0.13326554
v 1.9426109 0.64180662 0.13326554
v 1.9426109 0.64180662 0.13326554
v 1.9426109 0.86999827 0.031500614
v 1.9426109 0.86999827 0.031500614
v 1.9426109 0.86999827 0.031500614
v 1.9426109 0.86999827 0.13326553
v 1.9426109 0.86999827 0.13326553
v 1.9426109 0.86999827 0.13326553
v 1.9459735 0.64180662 0.031500614
v 1.9459735 0.64180662 0.031500614
v 1.9459735 0.64180662 0.031500614
v 1.9459735 0.64180662 0.13326554
v 1.9459735 0.64180662 0.13326554
v 1.9459735 0.64180662 0.13326554
v 1.9459735 0.86999827 0.031500614
v 1.9459735 0.86999827 0.031500614
v 1.9459735 0.86999827 0.031500614
v 1.9459735 0.86999827 0.13326553
v 1.9459735 0.86999827 0.13326553
v 1.9459735 0.86999827 0.13326553
v -1.1914391 1.9025338 0.037545089
v -1.1914391 1.9025338 0.037545089
v -1.1914391 1.9025338 0.037545089
v -1.1914391 1.9025337 0.15477884
v -1.1914391 1.9025337 0.15477884
v -1.1914391 1.9025337 0.15477884
v -1.1914391 1.7238972 0.041613648
v -1.1914391 1.7238972 0.041613648
v -1.1914391 1.7238972 0.041613648
v -1.1914391 1.7336353 0.037545089
v -1.1914391 1.7336353 0.037545089
v -1.1914391 1.7267494 0.038736748
v -1.1914391 1.7267494 0.038736748
v -1.1914391 1.7267494 0.038736748
v -1.2420117 1.9025337 0.041613648
v -1.2420117 1.9025337 0.041613648
v -1.2392343 1.9025337 0.037545089
v -1.2392343 1.9025337 0.037545089
v -1.2411982 1.9025337 0.038736748
v -1.2411982 1.9025337 0.038736748
v -1.2411982 1.9025337 0.038736748
v -1.1914391 1.7238972 0.15071027
v -1.1914391 1.7238972 0.15071027
v -1.1914391 1.7336353 0.15477884
v -1.1914391 1.7336353 0.15477884
v -1.1914391 1.7267494 0.15358718
v -1.1914391 1.7267494 0.15358718
v -1.1914391 1.7267494 0.15358718
v -1.2420117 1.9025337 0.15071027
v -1.2420117 1.9025337 0.15071027
v -1.2392343 1.9025337 0.15477884
v -1.2392343 1.9025337 0.15477884
v -1.2411982 1.9025337 0.15358718
v -1.2411982 1.9025337 0.15358718
v -1.2411982 1.9025337 0.15358718
v -1.1914391 1.9025337 0.041613648
v -1.1914391 1.9025337 0.041613648
v -1.1914391 1.9025337 0.038736917
v -1.1914391 1.9025337 0.038736917
v -1.1914391 1.9025337 0.15071027
v -1.1914391 1.9025337 0.15071027
v -1.1914391 1.9025338 0.15358701
v -1.1914391 1.9025338 0.15358701
v -1.1880764 1.9143241 0.037545089
v -1.1880764 1.9143241 0.037545089
v -1.1880764 1.9143241 0.037545089
v -1.1880764 1.9143241 0.15477884
v -1.1880764 1.9143241 0.15477884
v -1.1880764 1.9143241 0.15477884
v -1.1880764 1.7238972 0.041613648
v -1.1880764 1.7238972 0.041613648
v -1.1880764 1.7238972 0.041613648
v -1.1880764 1.7336353 0.037545089
v -1.1880764 1.7336353 0.037545089
v -1.1880764 1.7267494 0.038736748
v -1.1880764 1.7267494 0.038736748
v -1.1880764 1.7267494 0.038736748
v -1.2420117 1.9143241 0.041613648
v -1.2420117 1.9143241 0.041613648
v -1.2392343 1.9143241 0.037545089
v -1.2392343 1.9143241 0.037545089
v -1.2411982 1.9143241 0.038736748
v -1.2411982 1.9143241 0.038736748
v -1.2411982 1.9143241 0.038736748
v -1.1880764 1.7238972 0.15071027
v -1.1880764 1.7238972 0.15071027
v -1.1880764 1.7336353 0.15477884
v -1.1880764 1.7336353 0.15477884
v -1.1880764 1.7267494 0.15358718
v -1.1880764 1.7267494 0.15358718
v -1.1880764 1.7267494 0.15358718
v -1.2420117 1.9143241 0.15071027
v -1.2420117 1.9143241 0.15071027
v -1.2392343 1.9143241 0.15477884
v -1.2392343 1.9143241 0.15477884
v -1.2411982 1.9143241 0.15358718
v -1.2411982 1.9143241 0.15358718
v -1.2411982 1.9143241 0.15358718
v -1.1880764 1.9143241 0.041613648
v -1.1880764 1.9143241 0.041613648
v -1.1880764 1.9143241 0.038736917
v -1.1880764 1.9143241 0.038736917
v -1.1880764 1.9143241 0.15071027
v -1.1880764 1.9143241 0.15071027
v -1.1880764 1.9143241 0.15358701
v -1.1880764 1.9143241 0.15358701
v 1.9426109 -1.9768 0.040735521
v 1.9426109 -1.9768 0.040735521
v 1.9426109 -1.9768 0.040735521
v 1.9426109 -1.9768 0.13710427
v 1.9426109 -1.9768 0.13710427
v 1.9426109 -1.9768 0.13710427
v 1.9426109 -1.790603 0.040735521
v 1.9426109 -1.790603 0.040735521
v 1.9426109 -1.790603 0.040735521
v 1.9426109 -1.790603 0.13710426
v 1.9426109 -1.790603 0.13710426
v 1.9426109 -1.790603 0.13710426
v 1.9459735 -1.9768 0.040735521
v 1.9459735 -1.9768 0.040735521
v 1.9459735 -1.9768 0.040735521
v 1.9459735 -1.9768 0.13710427
v 1.9459735 -1.9768 0.13710427
v 1.9459735 -1.9768 0.13710427
v 1.9459735 -1.790603 0.040735521
v 1.9459735 -1.790603 0.040735521
v 1.9459735 -1.790603 0.040735521
v 1.9459735 -1.790603 0.13710426
v 1.9459735 -1.790603 0.13710426
v 1.9459735 -1.790603 0.13710426
v 1.1921971 1.9814751 0.033355187
v 1.1921971 1.9814751 0.033355187
v 1.1921971 1.9814751 0.033355187
v 1.1921971 1.9814751 0.14651012
v 1.1921971 1.9814751 0.14651012
v 1.1921971 1.9814751 0.14651012
v 1.1921971 1.9657824 0.033355187
v 1.1921971 1.9657824 0.033355187
v 1.1921971 1.9657824 0.033355187
v 1.1921971 1.9657824 0.14651012
v 1.1921971 1.9657824 0.14651012
v 1.1921971 1.9657824 0.14651012
v 1.2352938 1.9814751 0.033355187
v 1.2352938 1.9814751 0.033355187
v 1.2352938 1.9814751 0.033355187
v 1.2352938 1.9814751 0.14651012
v 1.2352938 1.9814751 0.14651012
v 1.2352938 1.9814751 0.14651012
v 1.2352938 1.9657824 0.033355187
v 1.2352938 1.9657824 0.033355187
v 1.2352938 1.9657824 0.033355187
v 1.2352938 1.9657824 0.14651012
v 1.2352938 1.9657824 0.14651012
v 1.2352938 1.9657824 0.14651012
v 1.8924728 1.9814751 0.033355187
v 1.8924728 1.9814751 0.033355187
v 1.8924728 1.9814751 0.033355187
v 1.8924728 1.9814751 0.14651012
v 1.8924728 1.9814751 0.14651012
v 1.8924728 1.9814751 0.14651012
v 1.8924728 1.9657824 0.033355187
v 1.8924728 1.9657824 0.033355187
v 1.8924728 1.9657824 0.033355187
v 1.8924728 1.9657824 0.14651012
v 1.8924728 1.9657824 0.14651012
v 1.8924728 1.9657824 0.14651012
v 1.9355695 1.9814751 0.033355187
v 1.9355695 1.9814751 0.033355187
v 1.9355695 1.9814751 0.033355187
v 1.9355695 1.9814751 0.14651012
v 1.9355695 1.9814751 0.14651012
v 1.9355695 1.9814751 0.14651012
v 1.9355695 1.9657824 0.033355187
v 1.9355695 1.9657824 0.033355187
v 1.9355695 1.9657824 0.033355187
v 1.9355695 1.9657824 0.14651012
v 1.9355695 1.9657824 0.14651012
v 1.9355695 1.9657824 0.14651012
v 1.955307 1.8715464 0.033355187
v 1.955307 1.8715464 0.033355187
v 1.955307 1.8715464 0.033355187
v 1.955307 1.8715464 0.14651012
v 1.955307 1.8715464 0.14651012
v 1.955307 1.8715464 0.14651012
v 1.9508312 1.8715464 0.033355187
v 1.9508312 1.8715464 0.033355187
v 1.9508312 1.8715464 0.033355187
v 1.9508312 1.8715464 0.14651012
v 1.9508312 1.8715464 0.14651012
v 1.9508312 1.8715464 0.14651012
v 1.955307 1.7204416 0.033355187
v 1.955307 1.7204416 0.033355187
v 1.955307 1.7204416 0.033355187
v 1.955307 1.7204416 0.14651012
v 1.955307 1.7204416 0.14651012
v 1.955307 1.7204416 0.14651012
v 1.9508312 1.7204416 0.033355187
v 1.9508312 1.7204416 0.033355187
v 1.9508312 1.7204416 0.033355187
v 1.9508312 1.7204416 0.14651012
v 1.9508312 1.7204416 0.14651012
v 1.9508312 1.7204416 0.14651012
v 1.1717092 1.8663171 0.042342078
v 1.1717092 1.8663171 0.042342078
v 1.1717092 1.8663171 0.042342078
v 1.1717092 1.8663171 0.14259756
v 1.1717092 1.8663171 0.14259756
v 1.1717092 1.8663171 0.14259756
v 1.1672335 1.8663171 0.042342078
v 1.1672335 1.8663171 0.042342078
v 1.1672335 1.8663171 0.042342078
v 1.1672335 1.8663171 0.14259756
v 1.1672335 1.8663171 0.14259756
v 1.1672335 1.8663171 0.14259756
v 1.1717092 1.715212 0.042342078
v 1.1717092 1.715212 0.042342078
v 1.1717092 1.715212 0.042342078
v 1.1717092 1.715212 0.14259756
v 1.1717092 1.715212 0.14259756
v 1.1717092 1.715212 0.14259756
v 1.1672335 1.715212 0.042342078
v 1.1672335 1.715212 0.042342078
v 1.1672335 1.715212 0.042342078
v 1.1672335 1.715212 0.14259756
v 1.1672335 1.715212 0.14259756
v 1.1672335 1.715212 0.14259756
v -1.3447729 -0.098612962 0.15241208
v -1.3447729 -0.098612962 0.15241208
v -1.3447729 -0.098612962 0.15241208
v -1.3447729 1.9263262 0.15241208
v -1.3447729 1.9263262 0.15241208
v -1.3447729 1.9263262 0.15241208
v -1.1881731 -0.098612962 0.15241208
v -1.1881731 -0.098612962 0.15241208
v -1.1881731 -0.098612962 0.15241208
v -1.1881731 1.9263262 0.15241208
v -1.1881731 1.9263262 0.15241208
v -1.1881731 1.9263262 0.15241208
v -1.3446766 -0.098612962 0.14621337
v -1.3446766 -0.098612962 0.14621337
v -1.3446766 -0.098612962 0.14621337
v -1.3446766 1.9263262 0.14621337
v -1.3446766 1.9263262 0.14621337
v -1.3446766 1.9263262 0.14621337
v -1.1880766 1.9263262 0.14621337
v -1.1880766 1.9263262 0.14621337
v -1.1880766 1.9263262 0.14621337
v -1.1880766 -0.098612962 0.14621337
v -1.1880766 -0.098612962 0.14621337
v -1.1880766 -0.098612962 0.14621337
v -1.3400909 -0.076380131 0.14621263
v -1.3400909 -0.076380131 0.14621263
v -1.3400909 -0.076380131 0.14621263
v -1.1880766 -0.076380131 0.14621287
v -1.1880766 -0.076380131 0.14621287
v -1.1880766 -0.076380131 0.14621287
v -1.3400909 -0.076380131 0.13893876
v -1.3400909 -0.076380131 0.13893876
v -1.3400909 -0.076380131 0.13893876
v -1.1880766 -0.076380131 0.13893923
v -1.1880766 -0.076380131 0.13893923
v -1.1880766 -0.076380131 0.13893923
v -1.3400909 -0.051121357 0.14621263
v -1.3400909 -0.051121357 0.14621263
v -1.3400909 -0.051121357 0.14621263
v -1.1880766 -0.051121357 0.14621287
v -1.1880766 -0.051121357 0.14621287
v -1.1880766 -0.051121357 0.14621287
v -1.3400909 -0.051121357 0.13893876
v -1.3400909 -0.051121357 0.13893876
v -1.3400909 -0.051121357 0.13893876
v -1.1880766 -0.051121357 0.13893923
v -1.1880766 -0.051121357 0.13893923
v -1.1880766 -0.051121357 0.13893923
v -1.3365385 -0.070441999 0.13893949
v -1.3365385 -0.070441999 0.13893949
v -1.3365385 -0.070441999 0.13893949
v -1.1880767 -0.070501759 0.049191693
v -1.1880767 -0.070501759 0.049191693
v -1.1880767 -0.070501759 0.049191693
v -1.3365385 -0.057063683 0.13893949
v -1.3365385 -0.057063683 0.13893949
v -1.3365385 -0.057063683 0.13893949
v -1.1880767 -0.057123444 0.049191693
v -1.1880767 -0.057123444 0.049191693
v -1.1880767 -0.057123444 0.049191693
v -1.3349304 -0.070441999 0.14464787
v -1.3349304 -0.070441999 0.14464787
v -1.3349304 -0.070441999 0.14464787
v -1.1864687 -0.070501759 0.054900082
v -1.1864687 -0.070501759 0.054900082
v -1.1864687 -0.070501759 0.054900082
v -1.3349304 -0.057063683 0.14464787
v -1.3349304 -0.057063683 0.14464787
v -1.3349304 -0.057063683 0.14464787
v -1.1864687 -0.057123444 0.054900082
v -1.1864687 -0.057123444 0.054900082
v -1.1864687 -0.057123444 0.054900082
v -1.1905436 -0.048642519 0.046579736
v -1.1905436 -0.048642519 0.046579736
v -1.1905436 -0.048642519 0.046579736
v -1.1905436 -0.048642519 0.14683522
v -1.1905436 -0.048642519 0.14683522
v -1.1905436 -0.048642519 0.14683522
v -1.1860679 -0.048642519 0.046579736
v -1.1860679 -0.048642519 0.046579736
v -1.1860679 -0.048642519 0.046579736
v -1.1860679 -0.048642519 0.14683522
v -1.1860679 -0.048642519 0.14683522
v -1.1860679 -0.048642519 0.14683522
v -1.1905436 -0.078928515 0.046579736
v -1.1905436 -0.078928515 0.046579736
v -1.1905436 -0.078928515 0.046579736
v -1.1905436 -0.078928515 0.14683522
v -1.1905436 -0.078928515 0.14683522
v -1.1905436 -0.078928515 0.14683522
v -1.1860679 -0.078928515 0.046579736
v -1.1860679 -0.078928515 0.046579736
v -1.1860679 -0.078928515 0.046579736
v -1.1860679 -0.078928515 0.14683522
v -1.1860679 -0.078928515 0.14683522
v -1.1860679 -0.078928515 0.14683522
v 1.9564857 -1.9797677 0.1648814
v 1.9930059 -1.9797677 0.1648814
v 1.9564857 -1.7922711 0.1648814
v 1.9531229 -1.991558 0.1648814
v 1.9930059 -1.991558 0.1648814
v 1.9531229 -1.7922711 0.1648814
v 1.9565244 0.99319438 0.091095341
v 1.9565244 0.99319438 0.091095341
v 1.9531668 0.9998886 0.087040238
v 1.9531668 0.9998886 0.087040238
v 1.9531668 0.88300596 0.15798925
v 1.9565296 0.88298639 0.15799269
v 2 0.9998886 0.087040238
v 2 0.99320364 0.091098042
v 1.9531231 1.9143423 0.17507377
v 1.9531231 1.9143423 0.17507377
v 1.9531231 1.9143423 0.17507377
v 1.9531231 1.9143423 0.022492359
v 1.9531231 1.9143423 0.022492359
v 1.9531231 1.9143423 0.022492359
v 1.9531231 -1.9999997 0.17507377
v 1.9531231 -1.9999997 0.17507377
v 1.9531231 -1.9999997 0.17507377
v 1.9459733 1.9143423 0.17507377
v 1.9459733 1.9143423 0.17507377
v 1.9459733 1.9143423 0.17507377
v 1.9459733 1.9143423 0.022492359
v 1.9459733 1.9143423 0.022492359
v 1.9459733 1.9143423 0.022492359
v 1.9459733 -1.9999997 0.17507377
v 1.9459733 -1.9999997 0.17507377
v 1.9459733 -1.9999997 0.17507377
v 1.9459733 -1.9999997 0.022493021
v 1.9459733 -1.9999997 0.022493021
v 1.9459733 -1.9999997 0.022493021
v 1.9531231 -1.9999997 0.022493021
v 1.9531231 -1.9999997 0.022493021
v 1.9531231 -1.9999997 0.022493021
v 1.1880027 1.9143423 0.035950072
v 1.1880027 1.9143423 0.035950072
v 1.1880027 1.9143423 0.035950072
v 1.1880027 1.9143423 0.15636334
v 1.1880027 1.9143423 0.15636334
v 1.1880027 1.9143423 0.15636334
v 1.1880027 -1.9999997 0.035950072
v 1.1880027 -1.9999997 0.035950072
v 1.1880027 -1.9999997 0.035950072
v 1.1688715 1.9143423 0.035950072
v 1.1688715 1.9143423 0.035950072
v 1.1688715 1.9143423 0.035950072
v 1.1688715 1.9143423 0.15636334
v 1.1688715 1.9143423 0.15636334
v 1.1688715 1.9143423 0.15636334
v 1.1688715 -1.9999997 0.035950072
v 1.1688715 -1.9999997 0.035950072
v 1.1688715 -1.9999997 0.035950072
v 1.1688715 -1.9999997 0.15636334
v 1.1688715 -1.9999997 0.15636334
v 1.1688715 -1.9999997 0.15636334
v 1.1880027 -1.9999997 0.15636334
v 1.1880027 -1.9999997 0.15636334
v 1.1880027 -1.9999997 0.15636334
v 1.1703136 1.9143423 0.15607084
v 1.1703136 1.9143423 0.15607084
v 1.1703136 1.9143423 0.15607084
v 1.1703136 -0.10258092 0.15607084
v 1.1703136 -0.10258092 0.15607084
v 1.1703136 -0.10258092 0.15607084
v 1.181691 1.9143423 0.15607084
v 1.181691 1.9143423 0.15607084
v 1.181691 1.9143423 0.15607084
v 1.1703136 1.9143423 0.16464441
v 1.1703136 1.9143423 0.16464441
v 1.1703136 1.9143423 0.16464441
v 1.181691 1.9143423 0.16464441
v 1.181691 1.9143423 0.16464441
v 1.181691 1.9143423 0.16464441
v 1.1703136 -0.10258092 0.16464441
v 1.1703136 -0.10258092 0.16464441
v 1.1703136 -0.10258092 0.16464441
v 1.181691 -0.10258092 0.16464441
v 1.181691 -0.10258092 0.16464441
v 1.181691 -0.10258092 0.16464441
v 1.181691 -0.10258092 0.15607084
v 1.181691 -0.10258092 0.15607084
v 1.181691 -0.10258092 0.15607084
v 1.9356931 1.8952789 0.18
v 1.9356931 1.8952789 0.18
v 1.9356931 1.8952789 0.18
v 1.9356931 -1.9999997 0.18
v 1.9356931 -1.9999997 0.18
v 1.9356931 -1.9999997 0.18
v 1.9578311 1.8952785 0.18
v 1.9578311 1.8952785 0.18
v 1.9578311 1.8952785 0.18
v 1.9356931 1.8952789 0.17507384
v 1.9356931 1.8952789 0.17507384
v 1.9356931 1.8952789 0.17507384
v 1.9356931 -1.9999997 0.17507384
v 1.9356931 -1.9999997 0.17507384
v 1.9356931 -1.9999997 0.17507384
v 1.9578311 1.8952785 0.17507384
v 1.9578311 1.8952785 0.17507384
v 1.9578311 1.8952785 0.17507384
v 1.9578311 -1.9999997 0.17507384
v 1.9578311 -1.9999997 0.17507384
v 1.9578311 -1.9999997 0.17507384
v 1.9578311 -1.9999997 0.18
v 1.9578311 -1.9999997 0.18
v 1.9578311 -1.9999997 0.18
v 1.9242665 1.9143423 0.14787758
v 1.9242665 1.9143423 0.14787758
v 1.9242665 1.9143423 0.14787758
v 1.9459731 1.9143423 0.14787777
v 1.9459731 1.9143423 0.14787777
v 1.9459731 1.9143423 0.14787777
v 1.9242665 -1.9999997 0.14787758
v 1.9242665 -1.9999997 0.14787758
v 1.9242665 -1.9999997 0.14787758
v 1.9242665 1.9143423 0.15665372
v 1.9242665 1.9143423 0.15665372
v 1.9242665 1.9143423 0.15665372
v 1.9459731 1.9143423 0.15665391
v 1.9459731 1.9143423 0.15665391
v 1.9459731 1.9143423 0.15665391
v 1.9242665 -1.9999997 0.15665372
v 1.9242665 -1.9999997 0.15665372
v 1.9242665 -1.9999997 0.15665372
v 1.9459731 -1.9999997 0.15665391
v 1.9459731 -1.9999997 0.15665391
v 1.9459731 -1.9999997 0.15665391
v 1.9459731 -1.9999997 0.14787777
v 1.9459731 -1.9999997 0.14787777
v 1.9459731 -1.9999997 0.14787777
v 1.9426105 1.9025518 0.032973585
v 1.9426105 1.9025518 0.032973585
v 1.9426105 1.9025518 0.032973585
v 1.9426105 1.9025518 0.034165408
v 1.9426105 1.9025518 0.034165408
v 1.894439 1.9025518 0.032973585
v 1.894439 1.9025518 0.032973585
v 1.9426105 1.7349723 0.032973585
v 1.9426105 1.7349723 0.032973585
v 1.9459733 1.9143422 0.032973585
v 1.9459733 1.9143422 0.032973585
v 1.9459733 1.9143422 0.032973585
v 1.9459733 1.9143422 0.034165408
v 1.9459733 1.9143422 0.034165408
v 1.894439 1.9143422 0.032973585
v 1.894439 1.9143422 0.032973585
v 1.9459733 1.7349723 0.032973585
v 1.9459733 1.7349723 0.032973585
v 1.9459733 1.7280867 0.034165239
v 1.9459733 1.7280867 0.034165239
v 1.9459733 1.7280867 0.034165239
v 1.9459733 1.7252346 0.037042144
v 1.9459733 1.7252346 0.037042144
v 1.9459733 1.7252346 0.037042144
v 1.9426105 1.7280867 0.034165239
v 1.9426105 1.7280867 0.034165239
v 1.9426105 1.7280867 0.034165239
v 1.9426105 1.7252346 0.037042144
v 1.9426105 1.7252346 0.037042144
v 1.9426105 1.7252346 0.037042144
v 1.9426105 1.7252346 0.14220172
v 1.9426105 1.7252346 0.14220172
v 1.9426105 1.9025518 0.037042144
v 1.9426105 1.9025518 0.037042144
v 1.9426105 1.9025518 0.14220172
v 1.9426105 1.9025518 0.14220172
v 1.8916617 1.9025518 0.037042144
v 1.8916617 1.9025518 0.037042144
v 1.8916617 1.9025518 0.14220172
v 1.8916617 1.9025518 0.14220172
v 1.8924752 1.9025518 0.034165239
v 1.8924752 1.9025518 0.034165239
v 1.8924752 1.9025518 0.034165239
v 1.8916617 1.9143422 0.037042144
v 1.8916617 1.9143422 0.037042144
v 1.8916617 1.9143422 0.14220172
v 1.8916617 1.9143422 0.14220172
v 1.8924752 1.9143422 0.034165239
v 1.8924752 1.9143422 0.034165239
v 1.8924752 1.9143422 0.034165239
v 1.9459733 1.9143422 0.037042144
v 1.9459733 1.9143422 0.037042144
v 1.9459733 1.9143422 0.14220172
v 1.9459733 1.9143422 0.14220172
v 1.9459733 1.9143422 0.14507847
v 1.9459733 1.9143422 0.14507847
v 1.9459733 1.7252346 0.14220172
v 1.9459733 1.7252346 0.14220172
v 1.9459733 1.7280867 0.14507863
v 1.9459733 1.7280867 0.14507863
v 1.9459733 1.7280867 0.14507863
v 1.9459733 1.7349723 0.14627028
v 1.9459733 1.7349723 0.14627028
v 1.9426105 1.7280867 0.14507863
v 1.9426105 1.7280867 0.14507863
v 1.9426105 1.7280867 0.14507863
v 1.9426105 1.7349723 0.14627028
v 1.9426105 1.7349723 0.14627028
v 1.9426105 1.9025518 0.14507847
v 1.9426105 1.9025518 0.14507847
v 1.9426105 1.9025518 0.14627028
v 1.9426105 1.9025518 0.14627028
v 1.9426105 1.9025518 0.14627028
v 1.8924752 1.9025518 0.14507863
v 1.8924752 1.9025518 0.14507863
v 1.8924752 1.9025518 0.14507863
v 1.894439 1.9025518 0.14627028
v 1.894439 1.9025518 0.14627028
v 1.8924752 1.9143422 0.14507863
v 1.8924752 1.9143422 0.14507863
v 1.8924752 1.9143422 0.14507863
v 1.894439 1.9143422 0.14627028
v 1.894439 1.9143422 0.14627028
v 1.9459733 1.9143422 0.14627028
v 1.9459733 1.9143422 0.14627028
v 1.9459733 1.9143422 0.14627028
v -1.9427319 0.64180662 0.031500614
v -1.9427319 0.64180662 0.031500614
v -1.9427319 0.64180662 0.031500614
v -1.9427319 0.64180662 0.13326554
v -1.9427319 0.64180662 0.13326554
v -1.9427319 0.64180662 0.13326554
v -1.9427319 0.86999827 0.031500614
v -1.9427319 0.86999827 0.031500614
v -1.9427319 0.86999827 0.031500614
v -1.9460945 0.64180662 0.031500614
v -1.9460945 0.64180662 0.031500614
v -1.9460945 0.64180662 0.031500614
v -1.9460945 0.64180662 0.13326554
v -1.9460945 0.64180662 0.13326554
v -1.9460945 0.64180662 0.13326554
v -1.9460945 0.86999827 0.031500614
v -1.9460945 0.86999827 0.031500614
v -1.9460945 0.86999827 0.031500614
v -1.9460945 0.86999827 0.13326553
v -1.9460945 0.86999827 0.13326553
v -1.9460945 0.86999827 0.13326553
v -1.9427319 0.86999827 0.13326553
v -1.9427319 0.86999827 0.13326553
v -1.9427319 0.86999827 0.13326553
v 1.1913179 1.9025321 0.037545094
v 1.1913179 1.9025321 0.037545094
v 1.1913179 1.9025321 0.037545094
v 1.1913179 1.9025321 0.038736926
v 1.1913179 1.9025321 0.038736926
v 1.2391131 1.9025321 0.037545094
v 1.2391131 1.9025321 0.037545094
v 1.1913179 1.7336337 0.037545094
v 1.1913179 1.7336337 0.037545094
v 1.1879552 1.9143226 0.037545094
v 1.1879552 1.9143226 0.037545094
v 1.1879552 1.9143226 0.037545094
v 1.1879552 1.9143226 0.038736926
v 1.1879552 1.9143226 0.038736926
v 1.2391131 1.9143226 0.037545094
v 1.2391131 1.9143226 0.037545094
v 1.1879552 1.7336337 0.037545094
v 1.1879552 1.7336337 0.037545094
v 1.1879552 1.7267479 0.038736757
v 1.1879552 1.7267479 0.038736757
v 1.1879552 1.7267479 0.038736757
v 1.1879552 1.7238956 0.041613657
v 1.1879552 1.7238956 0.041613657
v 1.1913179 1.7267479 0.038736757
v 1.1913179 1.7267479 0.038736757
v 1.1913179 1.7267479 0.038736757
v 1.1913179 1.7238956 0.041613657
v 1.1913179 1.7238956 0.041613657
v 1.1913179 1.7238956 0.15071029
v 1.1913179 1.7238956 0.15071029
v 1.1913179 1.9025321 0.041613657
v 1.1913179 1.9025321 0.041613657
v 1.1913179 1.9025321 0.15071028
v 1.1913179 1.9025321 0.15071028
v 1.2418905 1.9025321 0.041613657
v 1.2418905 1.9025321 0.041613657
v 1.2418905 1.9025321 0.041613657
v 1.241077 1.9025321 0.038736757
v 1.241077 1.9025321 0.038736757
v 1.241077 1.9025321 0.038736757
v 1.2418905 1.9025321 0.15071029
v 1.2418905 1.9025321 0.15071029
v 1.2418905 1.9143226 0.041613657
v 1.2418905 1.9143226 0.041613657
v 1.2418905 1.9143226 0.041613657
v 1.241077 1.9143226 0.038736757
v 1.241077 1.9143226 0.038736757
v 1.241077 1.9143226 0.038736757
v 1.2418905 1.9143226 0.15071029
v 1.2418905 1.9143226 0.15071029
v 1.1879552 1.9143226 0.041613657
v 1.1879552 1.9143226 0.041613657
v 1.1879552 1.9143226 0.15071028
v 1.1879552 1.9143226 0.15071028
v 1.1879552 1.9143226 0.15358702
v 1.1879552 1.9143226 0.15358702
v 1.1879552 1.7238956 0.15071029
v 1.1879552 1.7238956 0.15071029
v 1.1879552 1.7267479 0.15358719
v 1.1879552 1.7267479 0.15358719
v 1.1879552 1.7267479 0.15358719
v 1.1879552 1.7336337 0.15477885
v 1.1879552 1.7336337 0.15477885
v 1.1913179 1.7267479 0.15358719
v 1.1913179 1.7267479 0.15358719
v 1.1913179 1.7267479 0.15358719
v 1.1913179 1.7336337 0.15477885
v 1.1913179 1.7336337 0.15477885
v 1.1913179 1.9025321 0.15358702
v 1.1913179 1.9025321 0.15358702
v 1.241077 1.9025321 0.15358719
v 1.241077 1.9025321 0.15358719
v 1.241077 1.9025321 0.15358719
v 1.1913179 1.9025321 0.15477885
v 1.1913179 1.9025321 0.15477885
v 1.1913179 1.9025321 0.15477885
v 1.2391131 1.9025321 0.15477885
v 1.2391131 1.9025321 0.15477885
v 1.1879552 1.9143226 0.15477885
v 1.1879552 1.9143226 0.15477885
v 1.1879552 1.9143226 0.15477885
v 1.2391131 1.9143226 0.15477885
v 1.2391131 1.9143226 0.15477885
v 1.241077 1.9143226 0.15358719
v 1.241077 1.9143226 0.15358719
v 1.241077 1.9143226 0.15358719
v -1.9427319 -1.9768 0.040735521
v -1.9427319 -1.9768 0.040735521
v -1.9427319 -1.9768 0.040735521
v -1.9427319 -1.9768 0.13710427
v -1.9427319 -1.9768 0.13710427
v -1.9427319 -1.9768 0.13710427
v -1.9427319 -1.790603 0.040735521
v -1.9427319 -1.790603 0.040735521
v -1.9427319 -1.790603 0.040735521
v -1.9460945 -1.9768 0.040735521
v -1.9460945 -1.9768 0.040735521
v -1.9460945 -1.9768 0.040735521
v -1.9460945 -1.9768 0.13710427
v -1.9460945 -1.9768 0.13710427
v -1.9460945 -1.9768 0.13710427
v -1.9460945 -1.790603 0.040735521
v -1.9460945 -1.790603 0.040735521
v -1.9460945 -1.790603 0.040735521
v -1.9460945 -1.790603 0.13710426
v -1.9460945 -1.790603 0.13710426
v -1.9460945 -1.790603 0.13710426
v -1.9427319 -1.790603 0.13710426
v -1.9427319 -1.790603 0.13710426
v -1.9427319 -1.790603 0.13710426
v -1.2354151 1.9814751 0.035823723
v -1.2354151 1.9814751 0.035823723
v -1.2354151 1.9814751 0.035823723
v -1.2354151 1.9814751 0.14897866
v -1.2354151 1.9814751 0.14897866
v -1.2354151 1.9814751 0.14897866
v -1.2354151 1.9657824 0.035823723
v -1.2354151 1.9657824 0.035823723
v -1.2354151 1.9657824 0.035823723
v -1.2354151 1.9657824 0.14897866
v -1.2354151 1.9657824 0.14897866
v -1.2354151 1.9657824 0.14897866
v -1.1923184 1.9814751 0.035823723
v -1.1923184 1.9814751 0.035823723
v -1.1923184 1.9814751 0.035823723
v -1.1923184 1.9814751 0.14897866
v -1.1923184 1.9814751 0.14897866
v -1.1923184 1.9814751 0.14897866
v -1.1923184 1.9657824 0.035823723
v -1.1923184 1.9657824 0.035823723
v -1.1923184 1.9657824 0.035823723
v -1.1923184 1.9657824 0.14897866
v -1.1923184 1.9657824 0.14897866
v -1.1923184 1.9657824 0.14897866
v -1.931151 1.9814751 0.033355187
v -1.931151 1.9814751 0.033355187
v -1.931151 1.9814751 0.033355187
v -1.931151 1.9814751 0.14651012
v -1.931151 1.9814751 0.14651012
v -1.931151 1.9814751 0.14651012
v -1.931151 1.9657824 0.033355187
v -1.931151 1.9657824 0.033355187
v -1.931151 1.9657824 0.033355187
v -1.931151 1.9657824 0.14651012
v -1.931151 1.9657824 0.14651012
v -1.931151 1.9657824 0.14651012
v -1.8880543 1.9814751 0.033355187
v -1.8880543 1.9814751 0.033355187
v -1.8880543 1.9814751 0.033355187
v -1.8880543 1.9814751 0.14651012
v -1.8880543 1.9814751 0.14651012
v -1.8880543 1.9814751 0.14651012
v -1.8880543 1.9657824 0.033355187
v -1.8880543 1.9657824 0.033355187
v -1.8880543 1.9657824 0.033355187
v -1.8880543 1.9657824 0.14651012
v -1.8880543 1.9657824 0.14651012
v -1.8880543 1.9657824 0.14651012
v -1.9509522 1.8715469 0.033355187
v -1.9509522 1.8715469 0.033355187
v -1.9509522 1.8715469 0.033355187
v -1.9509522 1.8715469 0.14651012
v -1.9509522 1.8715469 0.14651012
v -1.9509522 1.8715469 0.14651012
v -1.955428 1.8715469 0.033355187
v -1.955428 1.8715469 0.033355187
v -1.955428 1.8715469 0.033355187
v -1.955428 1.8715469 0.14651012
v -1.955428 1.8715469 0.14651012
v -1.955428 1.8715469 0.14651012
v -1.9509522 1.7204421 0.033355187
v -1.9509522 1.7204421 0.033355187
v -1.9509522 1.7204421 0.033355187
v -1.9509522 1.7204421 0.14651012
v -1.9509522 1.7204421 0.14651012
v -1.9509522 1.7204421 0.14651012
v -1.955428 1.7204421 0.033355187
v -1.955428 1.7204421 0.033355187
v -1.955428 1.7204421 0.033355187
v -1.955428 1.7204421 0.14651012
v -1.955428 1.7204421 0.14651012
v -1.955428 1.7204421 0.14651012
v -1.1718302 1.8663171 0.042342078
v -1.1718302 1.8663171 0.042342078
v -1.1718302 1.8663171 0.042342078
v -1.1673545 1.8663171 0.042342078
v -1.1673545 1.8663171 0.042342078
v -1.1673545 1.8663171 0.042342078
v -1.1718302 1.8663171 0.14259756
v -1.1718302 1.8663171 0.14259756
v -1.1718302 1.8663171 0.14259756
v -1.1718302 1.715212 0.042342078
v -1.1718302 1.715212 0.042342078
v -1.1718302 1.715212 0.042342078
v -1.1673545 1.715212 0.042342078
v -1.1673545 1.715212 0.042342078
v -1.1673545 1.715212 0.042342078
v -1.1718302 1.715212 0.14259756
v -1.1718302 1.715212 0.14259756
v -1.1718302 1.715212 0.14259756
v -1.1673545 1.715212 0.14259756
v -1.1673545 1.715212 0.14259756
v -1.1673545 1.715212 0.14259756
v -1.1673545 1.8663171 0.14259756
v -1.1673545 1.8663171 0.14259756
v -1.1673545 1.8663171 0.14259756
v -1.5896906 -2 0.12356449
v -1.5896906 -2 0.12356449
v -1.5935634 -2 0.13726103
v -1.5935634 -2 0.13726103
v -1.5896906 1.914342 0.1235645
v -1.5896906 1.914342 0.1235645
v -1.5803411 -2 0.11789119
v -1.5803411 -2 0.11789119
v -1.5803411 1.914342 0.11789119
v -1.5803411 1.914342 0.11789119
v -1.5709915 -2 0.12356449
v -1.5709915 -2 0.12356449
v -1.5671187 -2 0.13726103
v -1.5671187 -2 0.13726103
v -1.5709915 1.914342 0.1235645
v -1.5709915 1.914342 0.1235645
v -1.5671187 1.914342 0.13726103
v -1.5671187 1.914342 0.13726103
v -1.5709915 1.914342 0.15095758
v -1.5709915 1.914342 0.15095758
v -1.5709915 -2 0.15095758
v -1.5709915 -2 0.15095758
v -1.5803411 1.914342 0.15663087
v -1.5803411 1.914342 0.15663087
v -1.5803411 -2 0.15663087
v -1.5803411 -2 0.15663087
v -1.5896906 1.914342 0.15095758
v -1.5896906 1.914342 0.15095758
v -1.5896906 -2 0.15095758
v -1.5896906 -2 0.15095758
v -1.5935634 1.914342 0.13726103
v -1.5935634 1.914342 0.13726103
v -1.5896906 -2 0.12356456
v -1.5935634 -2 0.1372611
v -1.5803411 -2 0.11789126
v -1.5709915 -2 0.12356456
v -1.5671187 -2 0.1372611
v -1.5709915 -2 0.15095765
v -1.5803411 -2 0.1372611
v -1.5803411 -2 0.15663094
v -1.5896906 -2 0.15095765
v 1.5895692 -2 0.12356437
v 1.5895692 -2 0.12356437
v 1.5895692 -2 0.12356437
v 1.5934421 -2 0.13726091
v 1.5934421 -2 0.13726091
v 1.5934421 -2 0.13726091
v 1.5895692 1.914342 0.12356438
v 1.5895692 1.914342 0.12356438
v 1.5802198 -2 0.11789107
v 1.5802198 -2 0.11789107
v 1.5802198 -2 0.11789107
v 1.5802198 1.914342 0.11789107
v 1.5802198 1.914342 0.11789107
v 1.5708701 -2 0.12356437
v 1.5708701 -2 0.12356437
v 1.5708701 -2 0.12356437
v 1.5669973 -2 0.13726091
v 1.5669973 -2 0.13726091
v 1.5669973 -2 0.13726091
v 1.5708701 1.914342 0.12356438
v 1.5708701 1.914342 0.12356438
v 1.5669973 1.914342 0.13726091
v 1.5669973 1.914342 0.13726091
v 1.5708701 1.914342 0.15095746
v 1.5708701 1.914342 0.15095746
v 1.5708701 -2 0.15095746
v 1.5708701 -2 0.15095746
v 1.5708701 -2 0.15095746
v 1.5802198 1.914342 0.15663075
v 1.5802198 1.914342 0.15663075
v 1.5802198 -2 0.15663075
v 1.5802198 -2 0.15663075
v 1.5802198 -2 0.15663075
v 1.5895692 1.914342 0.15095746
v 1.5895692 1.914342 0.15095746
v 1.5895692 -2 0.15095746
v 1.5895692 -2 0.15095746
v 1.5895692 -2 0.15095746
v 1.5934421 1.914342 0.13726091
v 1.5934421 1.914342 0.13726091
v 1.5802198 -2 0.13726091
v 1.9459733 1.5036763 0.16927969
v 1.9459733 1.5036763 0.16927969
v 1.9459733 1.5036763 0.16927969
v 1.9459733 1.3280528 0.16927969
v 1.9459733 1.3280528 0.16927969
v 1.9459733 1.3280528 0.16927969
v -1.9367409 1.5036763 0.16927969
v -1.9367409 1.5036763 0.16927969
v -1.9367409 1.5036763 0.16927969
v 1.9459733 1.5036763 0.15665356
v 1.9459733 1.5036763 0.15665356
v 1.9459733 1.5036763 0.15665356
v 1.9459733 1.3280528 0.15665356
v 1.9459733 1.3280528 0.15665356
v 1.9459733 1.3280528 0.15665356
v -1.9367409 1.5036763 0.15665356
v -1.9367409 1.5036763 0.15665356
v -1.9367409 1.5036763 0.15665356
v -1.9367409 1.3280528 0.15665356
v -1.9367409 1.3280528 0.15665356
v -1.9367409 1.3280528 0.15665356
v -1.9367409 1.3280528 0.16927969
v -1.9367409 1.3280528 0.16927969
v -1.9367409 1.3280528 0.16927969
v 1.9459733 1.1606864 0.16927969
v 1.9459733 1.1606864 0.16927969
v 1.9459733 1.1606864 0.16927969
v 1.9459733 0.98506284 0.16927969
v 1.9459733 0.98506284 0.16927969
v 1.9459733 0.98506284 0.16927969
v -1.9367409 1.1606864 0.16927969
v -1.9367409 1.1606864 0.16927969
v -1.9367409 1.1606864 0.16927969
v 1.9459733 1.1606864 0.15665356
v 1.9459733 1.1606864 0.15665356
v 1.9459733 1.1606864 0.15665356
v 1.9459733 0.98506284 0.15665356
v 1.9459733 0.98506284 0.15665356
v 1.9459733 0.98506284 0.15665356
v -1.9367409 1.1606864 0.15665356
v -1.9367409 1.1606864 0.15665356
v -1.9367409 1.1606864 0.15665356
v -1.9367409 0.98506284 0.15665356
v -1.9367409 0.98506284 0.15665356
v -1.9367409 0.98506284 0.15665356
v -1.9367409 0.98506284 0.16927969
v -1.9367409 0.98506284 0.16927969
v -1.9367409 0.98506284 0.16927969
v 1.9459733 0.81769629 0.16927969
v 1.9459733 0.81769629 0.16927969
v 1.9459733 0.81769629 0.16927969
v 1.9459733 0.64207274 0.16927969
v 1.9459733 0.64207274 0.16927969
v 1.9459733 0.64207274 0.16927969
v -1.9367409 0.81769629 0.16927969
v -1.9367409 0.81769629 0.16927969
v -1.9367409 0.81769629 0.16927969
v 1.9459733 0.81769629 0.15665356
v 1.9459733 0.81769629 0.15665356
v 1.9459733 0.81769629 0.15665356
v 1.9459733 0.64207274 0.15665356
v 1.9459733 0.64207274 0.15665356
v 1.9459733 0.64207274 0.15665356
v -1.9367409 0.81769629 0.15665356
v -1.9367409 0.81769629 0.15665356
v -1.9367409 0.81769629 0.15665356
v -1.9367409 0.64207274 0.15665356
v -1.9367409 0.64207274 0.15665356
v -1.9367409 0.64207274 0.15665356
v -1.9367409 0.64207274 0.16927969
v -1.9367409 0.64207274 0.16927969
v -1.9367409 0.64207274 0.16927969
v 1.9459733 0.47470628 0.16927969
v 1.9459733 0.47470628 0.16927969
v 1.9459733 0.47470628 0.16927969
v 1.9459733 0.29908273 0.16927969
v 1.9459733 0.29908273 0.16927969
v 1.9459733 0.29908273 0.16927969
v -1.9367409 0.47470628 0.16927969
v -1.9367409 0.47470628 0.16927969
v -1.9367409 0.47470628 0.16927969
v 1.9459733 0.47470628 0.15665356
v 1.9459733 0.47470628 0.15665356
v 1.9459733 0.47470628 0.15665356
v 1.9459733 0.29908273 0.15665356
v 1.9459733 0.29908273 0.15665356
v 1.9459733 0.29908273 0.15665356
v -1.9367409 0.47470628 0.15665356
v -1.9367409 0.47470628 0.15665356
v -1.9367409 0.47470628 0.15665356
v -1.9367409 0.29908273 0.15665356
v -1.9367409 0.29908273 0.15665356
v -1.9367409 0.29908273 0.15665356
v -1.9367409 0.29908273 0.16927969
v -1.9367409 0.29908273 0.16927969
v -1.9367409 0.29908273 0.16927969
v 1.9459733 0.13171626 0.16927969
v 1.9459733 0.13171626 0.16927969
v 1.9459733 0.13171626 0.16927969
v 1.9459733 -0.043907285 0.16927969
v 1.9459733 -0.043907285 0.16927969
v 1.9459733 -0.043907285 0.16927969
v -1.9367409 0.13171626 0.16927969
v -1.9367409 0.13171626 0.16927969
v -1.9367409 0.13171626 0.16927969
v 1.9459733 0.13171626 0.15665356
v 1.9459733 0.13171626 0.15665356
v 1.9459733 0.13171626 0.15665356
v 1.9459733 -0.043907285 0.15665356
v 1.9459733 -0.043907285 0.15665356
v 1.9459733 -0.043907285 0.15665356
v -1.9367409 0.13171626 0.15665356
v -1.9367409 0.13171626 0.15665356
v -1.9367409 0.13171626 0.15665356
v -1.9367409 -0.043907285 0.15665356
v -1.9367409 -0.043907285 0.15665356
v -1.9367409 -0.043907285 0.15665356
v -1.9367409 -0.043907285 0.16927969
v -1.9367409 -0.043907285 0.16927969
v -1.9367409 -0.043907285 0.16927969
v 1.9459735 -0.21127375 0.16927969
v 1.9459735 -0.21127375 0.16927969
v 1.9459735 -0.21127375 0.16927969
v 1.9459735 -0.3868973 0.16927969
v 1.9459735 -0.3868973 0.16927969
v 1.9459735 -0.3868973 0.16927969
v -1.9367409 -0.21127375 0.16927969
v -1.9367409 -0.21127375 0.16927969
v -1.9367409 -0.21127375 0.16927969
v 1.9459735 -0.21127375 0.15665356
v 1.9459735 -0.21127375 0.15665356
v 1.9459735 -0.21127375 0.15665356
v 1.9459735 -0.3868973 0.15665356
v 1.9459735 -0.3868973 0.15665356
v 1.9459735 -0.3868973 0.15665356
v -1.9367409 -0.21127375 0.15665356
v -1.9367409 -0.21127375 0.15665356
v -1.9367409 -0.21127375 0.15665356
v -1.9367409 -0.3868973 0.15665356
v -1.9367409 -0.3868973 0.15665356
v -1.9367409 -0.3868973 0.15665356
v -1.9367409 -0.3868973 0.16927969
v -1.9367409 -0.3868973 0.16927969
v -1.9367409 -0.3868973 0.16927969
v 1.9459735 -0.55426359 0.16927969
v 1.9459735 -0.55426359 0.16927969
v 1.9459735 -0.55426359 0.16927969
v 1.9459735 -0.72988714 0.16927969
v 1.9459735 -0.72988714 0.16927969
v 1.9459735 -0.72988714 0.16927969
v -1.9367409 -0.55426359 0.16927969
v -1.9367409 -0.55426359 0.16927969
v -1.9367409 -0.55426359 0.16927969
v 1.9459735 -0.55426359 0.15665356
v 1.9459735 -0.55426359 0.15665356
v 1.9459735 -0.55426359 0.15665356
v 1.9459735 -0.72988714 0.15665356
v 1.9459735 -0.72988714 0.15665356
v 1.9459735 -0.72988714 0.15665356
v -1.9367409 -0.55426359 0.15665356
v -1.9367409 -0.55426359 0.15665356
v -1.9367409 -0.55426359 0.15665356
v -1.9367409 -0.72988714 0.15665356
v -1.9367409 -0.72988714 0.15665356
v -1.9367409 -0.72988714 0.15665356
v -1.9367409 -0.72988714 0.16927969
v -1.9367409 -0.72988714 0.16927969
v -1.9367409 -0.72988714 0.16927969
v 1.9459735 -0.89725369 0.16927969
v 1.9459735 -0.89725369 0.16927969
v 1.9459735 -0.89725369 0.16927969
v 1.9459735 -1.0728772 0.16927969
v 1.9459735 -1.0728772 0.16927969
v 1.9459735 -1.0728772 0.16927969
v -1.9367409 -0.89725369 0.16927969
v -1.9367409 -0.89725369 0.16927969
v -1.9367409 -0.89725369 0.16927969
v 1.9459735 -0.89725369 0.15665356
v 1.9459735 -0.89725369 0.15665356
v 1.9459735 -0.89725369 0.15665356
v 1.9459735 -1.0728772 0.15665356
v 1.9459735 -1.0728772 0.15665356
v 1.9459735 -1.0728772 0.15665356
v -1.9367409 -0.89725369 0.15665356
v -1.9367409 -0.89725369 0.15665356
v -1.9367409 -0.89725369 0.15665356
v -1.9367409 -1.0728772 0.15665356
v -1.9367409 -1.0728772 0.15665356
v -1.9367409 -1.0728772 0.15665356
v -1.9367409 -1.0728772 0.16927969
v -1.9367409 -1.0728772 0.16927969
v -1.9367409 -1.0728772 0.16927969
v 1.9459735 -1.2402437 0.16927969
v 1.9459735 -1.2402437 0.16927969
v 1.9459735 -1.2402437 0.16927969
v 1.9459735 -1.4158676 0.16927969
v 1.9459735 -1.4158676 0.16927969
v 1.9459735 -1.4158676 0.16927969
v -1.9367409 -1.2402437 0.16927969
v -1.9367409 -1.2402437 0.16927969
v -1.9367409 -1.2402437 0.16927969
v 1.9459735 -1.2402437 0.15665356
v 1.9459735 -1.2402437 0.15665356
v 1.9459735 -1.2402437 0.15665356
v 1.9459735 -1.4158676 0.15665356
v 1.9459735 -1.4158676 0.15665356
v 1.9459735 -1.4158676 0.15665356
v -1.9367409 -1.2402437 0.15665356
v -1.9367409 -1.2402437 0.15665356
v -1.9367409 -1.2402437 0.15665356
v -1.9367409 -1.4158676 0.15665356
v -1.9367409 -1.4158676 0.15665356
v -1.9367409 -1.4158676 0.15665356
v -1.9367409 -1.4158676 0.16927969
v -1.9367409 -1.4158676 0.16927969
v -1.9367409 -1.4158676 0.16927969
v 1.9459735 -1.5832334 0.16927969
v 1.9459735 -1.5832334 0.16927969
v 1.9459735 -1.5832334 0.16927969
v 1.9459735 -1.7588573 0.16927969
v 1.9459735 -1.7588573 0.16927969
v 1.9459735 -1.7588573 0.16927969
v -1.9367409 -1.5832334 0.16927969
v -1.9367409 -1.5832334 0.16927969
v -1.9367409 -1.5832334 0.16927969
v 1.9459735 -1.5832334 0.15665356
v 1.9459735 -1.5832334 0.15665356
v 1.9459735 -1.5832334 0.15665356
v 1.9459735 -1.7588573 0.15665356
v 1.9459735 -1.7588573 0.15665356
v 1.9459735 -1.7588573 0.15665356
v -1.9367409 -1.5832334 0.15665356
v -1.9367409 -1.5832334 0.15665356
v -1.9367409 -1.5832334 0.15665356
v -1.9367409 -1.7588573 0.15665356
v -1.9367409 -1.7588573 0.15665356
v -1.9367409 -1.7588573 0.15665356
v -1.9367409 -1.7588573 0.16927969
v -1.9367409 -1.7588573 0.16927969
v -1.9367409 -1.7588573 0.16927969
v -1.3400909 1.8729271 0.14621263
v -1.3400909 1.8729271 0.14621263
v -1.3400909 1.8729271 0.14621263
v -1.1880766 1.8729271 0.14621287
v -1.1880766 1.8729271 0.14621287
v -1.1880766 1.8729271 0.14621287
v -1.3400909 1.8729271 0.13893876
v -1.3400909 1.8729271 0.13893876
v -1.3400909 1.8729271 0.13893876
v -1.1880766 1.8729271 0.13893923
v -1.1880766 1.8729271 0.13893923
v -1.1880766 1.8729271 0.13893923
v -1.3400909 1.8981858 0.14621263
v -1.3400909 1.8981858 0.14621263
v -1.3400909 1.8981858 0.14621263
v -1.1880766 1.8981858 0.14621287
v -1.1880766 1.8981858 0.14621287
v -1.1880766 1.8981858 0.14621287
v -1.3400909 1.8981858 0.13893876
v -1.3400909 1.8981858 0.13893876
v -1.3400909 1.8981858 0.13893876
v -1.1880766 1.8981858 0.13893923
v -1.1880766 1.8981858 0.13893923
v -1.1880766 1.8981858 0.13893923
v 1.9581752 -1.8100839 0.033355187
v 1.9581752 -1.8100839 0.033355187
v 1.9581752 -1.8100839 0.033355187
v 1.9581752 -1.8100839 0.14651012
v 1.9581752 -1.8100839 0.14651012
v 1.9581752 -1.8100839 0.14651012
v 1.9536994 -1.8100839 0.033355187
v 1.9536994 -1.8100839 0.033355187
v 1.9536994 -1.8100839 0.033355187
v 1.9536994 -1.8100839 0.14651012
v 1.9536994 -1.8100839 0.14651012
v 1.9536994 -1.8100839 0.14651012
v 1.9581752 -1.9611885 0.033355187
v 1.9581752 -1.9611885 0.033355187
v 1.9581752 -1.9611885 0.033355187
v 1.9581752 -1.9611885 0.14651012
v 1.9581752 -1.9611885 0.14651012
v 1.9581752 -1.9611885 0.14651012
v 1.9536994 -1.9611885 0.033355187
v 1.9536994 -1.9611885 0.033355187
v 1.9536994 -1.9611885 0.033355187
v 1.9536994 -1.9611885 0.14651012
v 1.9536994 -1.9611885 0.14651012
v 1.9536994 -1.9611885 0.14651012
v -1.9582747 -1.9589763 0.033355187
v -1.9582747 -1.9589763 0.033355187
v -1.9582747 -1.9589763 0.033355187
v -1.9582747 -1.9589763 0.14651012
v -1.9582747 -1.9589763 0.14651012
v -1.9582747 -1.9589763 0.14651012
v -1.9537989 -1.9589763 0.033355187
v -1.9537989 -1.9589763 0.033355187
v -1.9537989 -1.9589763 0.033355187
v -1.9537989 -1.9589763 0.14651012
v -1.9537989 -1.9589763 0.14651012
v -1.9537989 -1.9589763 0.14651012
v -1.9582747 -1.8078717 0.033355187
v -1.9582747 -1.8078717 0.033355187
v -1.9582747 -1.8078717 0.033355187
v -1.9582747 -1.8078717 0.14651012
v -1.9582747 -1.8078717 0.14651012
v -1.9582747 -1.8078717 0.14651012
v -1.9537989 -1.8078717 0.033355187
v -1.9537989 -1.8078717 0.033355187
v -1.9537989 -1.8078717 0.033355187
v -1.9537989 -1.8078717 0.14651012
v -1.9537989 -1.8078717 0.14651012
v -1.9537989 -1.8078717 0.14651012
v 0.022562976 1.9878988 0.042342091
v 0.022562976 1.9878988 0.042342091
v 0.022562976 1.9878988 0.042342091
v 0.022562976 1.9878988 0.14259755
v 0.022562976 1.9878988 0.14259755
v 0.022562976 1.9878988 0.14259755
v 0.022562976 1.9722062 0.042342091
v 0.022562976 1.9722062 0.042342091
v 0.022562976 1.9722062 0.042342091
v 0.022562976 1.9722062 0.14259755
v 0.022562976 1.9722062 0.14259755
v 0.022562976 1.9722062 0.14259755
v -0.020533712 1.9878988 0.042342091
v -0.020533712 1.9878988 0.042342091
v -0.020533712 1.9878988 0.042342091
v -0.020533712 1.9878988 0.14259755
v -0.020533712 1.9878988 0.14259755
v -0.020533712 1.9878988 0.14259755
v -0.020533712 1.9722062 0.042342091
v -0.020533712 1.9722062 0.042342091
v -0.020533712 1.9722062 0.042342091
v -0.020533712 1.9722062 0.14259755
v -0.020533712 1.9722062 0.14259755
v -0.020533712 1.9722062 0.14259755
v -1.9579523 2 0.18
v -1.9579523 2 0.18
v -1.9579523 2 0.18
v -6.0620506e-05 1.897586 0.18
v -6.0620506e-05 1.897586 0.18
v -6.0620506e-05 2 0.18
v -6.0620506e-05 2 0.18
v 1.9578311 1.8975856 0.18
v 1.9578311 1.8975856 0.18
v 1.9578311 1.8975856 0.18
v -1.9579523 1.8975856 0.18
v -1.9579523 1.8975856 0.18
v -1.9579523 1.8975856 0.18
v 1.2314581 2 0.18
v 1.2314581 2 0.18
v 1.2314581 2 0.18
v 1.2314581 1.8975857 0.18
v 1.2314581 1.8975857 0.18
v 1.9578311 1.9828206 0.18
v 1.9578311 1.9828206 0.18
v 1.9578311 1.9828206 0.18
v -6.0620506e-05 1.9828207 0.18
v -1.9579523 1.9828206 0.18
v -1.9579523 1.9828206 0.18
v 1.2314581 1.9828206 0.18
v 1.2314581 1.9828206 0.18
v 1.2314581 1.9828206 0.18
v -1.9579523 2 0.17507384
v -1.9579523 2 0.17507384
v -1.9579523 2 0.17507384
v -6.0620506e-05 1.897586 0.17507384
v -6.0620506e-05 1.897586 0.17507384
v -6.0620506e-05 2 0.17507384
v -6.0620506e-05 2 0.17507384
v 1.9578311 1.8975856 0.17507384
v 1.9578311 1.8975856 0.17507384
v 1.9578311 1.8975856 0.17507384
v -1.9579523 1.8975856 0.17507384
v -1.9579523 1.8975856 0.17507384
v -1.9579523 1.8975856 0.17507384
v 1.2314581 2 0.17507384
v 1.2314581 2 0.17507384
v 1.2314581 2 0.17507384
v 1.2314581 1.8975857 0.17507384
v 1.2314581 1.8975857 0.17507384
v 1.9578311 1.9828206 0.17507384
v 1.9578311 1.9828206 0.17507384
v 1.9578311 1.9828206 0.17507384
v -6.0620506e-05 1.9828207 0.17507384
v -1.9579523 1.9828206 0.17507384
v -1.9579523 1.9828206 0.17507384
v 1.2314581 1.9828206 0.17507384
v 1.2314581 1.9828206 0.17507384
v 1.2314581 1.9828206 0.17507384
vt 0.96874416 0.90932381
vt 0.10884554 0.0031110644
vt 0.10884554 0.0031110644
vt 0.96874416 0.93846971
vt 0.07969939 0.003110826
vt 0.07969939 0.003110826
vt 0.10884552 0.95580041
vt 0.10884552 0.95580041
vt 0.74641132 0.94369197
vt 0.07969939 0.95580041
vt 0.07969939 0.95580041
vt 0.74641132 0.97283787
vt 0.9647193 0.90932381
vt 0.11287037 0.0031110644
vt 0.11287037 0.0031110644
vt 0.9647193 0.93846971
vt 0.1420165 0.0031110644
vt 0.075674549 0.003110826
vt 0.11287036 0.95580041
vt 0.11287036 0.95580041
vt 0.75043619 0.94369197
vt 0.1420165 0.95580041
vt 0.075674549 0.95580041
vt 0.75043619 0.97283787
vt 0.4187741 0.95003206
vt 0.4187741 0.95003206
vt 0.98625958 0.039985836
vt 0.40655825 0.95003206
vt 0.40655825 0.95003206
vt 0.98625958 0.052201629
vt 0.055154562 0.96202213
vt 0.41877413 0.0031110644
vt 0.41877413 0.0031110644
vt 0.39224035 0.95003206
vt 0.42087612 0.95003194
vt 0.98836154 0.039985836
vt 0.4044562 0.95003206
vt 0.4044562 0.95003206
vt 0.98836154 0.052201629
vt 0.053052545 0.96202213
vt 0.39224035 0.0031110644
vt 0.42087612 0.003110826
vt 0.053052545 0.97423804
vt 0.40445626 0.0031110644
vt 0.40445626 0.0031110644
vt 0.055154562 0.97423804
vt 0.40655825 0.0031110644
vt 0.40655825 0.0031110644
vt 0.79583561 0.55387402
vt 0.74641132 0.55387396
vt 0.47970343 0.97629994
vt 0.77578926 0.55387402
vt 0.47970343 0.95625365
vt 0.77578926 0.55387402
vt 0.79583561 0.28160334
vt 0.74641132 0.28160328
vt 0.97023314 0.50024295
vt 0.77578932 0.28160334
vt 0.97023314 0.4801966
vt 0.77578932 0.28160334
vt 0.75107712 0.55387396
vt 0.47503757 0.97629994
vt 0.75107712 0.55387396
vt 0.47503757 0.95625365
vt 0.77112347 0.55387396
vt 0.77112347 0.55387396
vt 0.75107712 0.28160328
vt 0.97489893 0.50024295
vt 0.75107712 0.28160328
vt 0.97489893 0.4801966
vt 0.77112347 0.28160328
vt 0.77112347 0.28160328
vt 0.74331242 0.003110826
vt 0.98286438 0.47484177
vt 0.74331242 0.003110826
vt 0.71791083 0.27538151
vt 0.71791083 0.27538151
vt 0.92189652 0.97325844
vt 0.74331242 0.27538157
vt 0.92189652 0.94785678
vt 0.74331242 0.27538157
vt 0.71791065 0.0031108856
vt 0.71791065 0.0031108856
vt 0.98286438 0.50024307
vt 0.98112065 0.47484177
vt 0.74505609 0.003110826
vt 0.69076526 0.0031108856
vt 0.71616715 0.27538151
vt 0.92364019 0.97325844
vt 0.71616715 0.27538151
vt 0.92364019 0.94785678
vt 0.74505609 0.27538157
vt 0.6907655 0.27538157
vt 0.71616703 0.0031108856
vt 0.98112065 0.50024307
vt 0.71616703 0.0031108856
vt 0.75127774 0.003110826
vt 0.80070204 0.0031108856
vt 0.57124162 0.97694546
vt 0.77132416 0.003110826
vt 0.57124162 0.95689917
vt 0.77132416 0.003110826
vt 0.75127774 0.27538151
vt 0.80070204 0.27538157
vt 0.49787039 0.97629988
vt 0.77132416 0.27538151
vt 0.49787039 0.95625353
vt 0.77132416 0.27538151
vt 0.7960363 0.0031108856
vt 0.56657577 0.97694546
vt 0.7960363 0.0031108856
vt 0.56657577 0.95689917
vt 0.77598989 0.0031108856
vt 0.77598989 0.0031108856
vt 0.7960363 0.27538151
vt 0.50253624 0.97629988
vt 0.7960363 0.27538151
vt 0.50253624 0.95625353
vt 0.77598989 0.27538151
vt 0.77598989 0.27538151
vt 0.7374149 0.83858818
vt 0.37486318 0.98408812
vt 0.7374149 0.83858818
vt 0.7374149 0.97887975
vt 0.34681615 0.98131341
vt 0.7374149 0.97887975
vt 0.73188299 0.83858818
vt 0.74018955 0.83858818
vt 0.37486318 0.98131347
vt 0.73188299 0.97887975
vt 0.74018955 0.97887975
vt 0.34681615 0.98408812
vt 0.73326159 0.83858818
vt 0.37348461 0.98131347
vt 0.73326159 0.83858818
vt 0.73326159 0.97887975
vt 0.34543765 0.98408812
vt 0.73326159 0.97887975
vt 0.37348461 0.98408812
vt 0.73603636 0.83858818
vt 0.73603636 0.83858818
vt 0.34543765 0.98131341
vt 0.73603636 0.97887975
vt 0.73603636 0.97887975
vt 0.92022985 0.51998508
vt 0.92022985 0.51998508
vt 0.93083286 0.51998508
vt 0.9202311 0.50646466
vt 0.91941106 0.52080512
vt 0.91941106 0.52080512
vt 0.93083286 0.52080512
vt 0.91941106 0.50646591
vt 0.93787462 0.50776321
vt 0.94678134 0.50776321
vt 0.93787462 0.52080512
vt 0.93705451 0.50694317
vt 0.94678134 0.50694317
vt 0.93705451 0.52080512
vt 0.10978939 0.98045975
vt 0.99606907 0.56009567
vt 0.99606907 0.56009567
vt 0.12561665 0.98045975
vt 0.99606907 0.83104038
vt 0.99606907 0.83104038
vt 0.99067003 0.83104038
vt 0.12561665 0.9858588
vt 0.99067003 0.83104038
vt 0.99066997 0.56009573
vt 0.10978938 0.9858588
vt 0.99066997 0.56009573
vt 0.98445082 0.56009573
vt 0.10896929 0.98045975
vt 0.99688911 0.56009573
vt 0.98445082 0.83104038
vt 0.12643676 0.98045975
vt 0.99688911 0.83104044
vt 0.98984993 0.83104038
vt 0.98984993 0.83104038
vt 0.12643676 0.9858588
vt 0.98984987 0.56009573
vt 0.98984987 0.56009573
vt 0.10896928 0.9858588
vt 0.9700132 0.83236665
vt 0.84141618 0.48937428
vt 0.9700132 0.83236665
vt 0.97822911 0.83236665
vt 0.96471936 0.83236665
vt 0.84141618 0.48408037
vt 0.9700132 0.56009573
vt 0.84763783 0.48937428
vt 0.9700132 0.56009573
vt 0.97822911 0.56009573
vt 0.96471936 0.56009573
vt 0.84763783 0.48408037
vt 0.83995503 0.48937422
vt 0.97147423 0.83236665
vt 0.97147423 0.83236665
vt 0.9767682 0.83236665
vt 0.83995503 0.48408037
vt 0.9767682 0.83236665
vt 0.84909892 0.48937428
vt 0.97147423 0.56009585
vt 0.97147423 0.56009585
vt 0.9767682 0.56009573
vt 0.84909892 0.48408043
vt 0.9767682 0.56009573
vt 0.74723142 0.93665016
vt 0.72415501 0.95535326
vt 0.72415501 0.95535326
vt 0.70529348 0.95535326
vt 0.74723148 0.89375699
vt 0.70529348 0.95535326
vt 0.72347772 0.94292778
vt 0.76001638 0.93665016
vt 0.77752316 0.89375699
vt 0.72415501 0.94360512
vt 0.7589795 0.93665016
vt 0.72395664 0.94312626
vt 0.759498 0.93665028
vt 0.759498 0.93665028
vt 0.74723142 0.92395699
vt 0.72347772 0.96768689
vt 0.74723142 0.92499387
vt 0.72415501 0.96700966
vt 0.74723142 0.92447543
vt 0.74723142 0.92447543
vt 0.72395664 0.96748859
vt 0.70597064 0.94292778
vt 0.76001644 0.89375699
vt 0.70529348 0.94360512
vt 0.75897956 0.89375699
vt 0.70549196 0.94312626
vt 0.75949806 0.89375699
vt 0.75949806 0.89375699
vt 0.74723148 0.90645015
vt 0.70597064 0.96768689
vt 0.74723148 0.90541339
vt 0.70529348 0.96700966
vt 0.74723148 0.90593171
vt 0.74723148 0.90593171
vt 0.70549196 0.96748859
vt 0.72347772 0.95535338
vt 0.72347772 0.95535338
vt 0.72395653 0.95535338
vt 0.72395653 0.95535338
vt 0.70597064 0.9553535
vt 0.70597064 0.9553535
vt 0.70549172 0.95535338
vt 0.70549172 0.95535338
vt 0.64963782 0.92396969
vt 0.74641132 0.93747032
vt 0.64963782 0.92396969
vt 0.63077623 0.92396969
vt 0.63077623 0.92396969
vt 0.74641138 0.89293694
vt 0.64896047 0.93721527
vt 0.76001638 0.93747032
vt 0.77752316 0.89293694
vt 0.64963782 0.93653798
vt 0.7589795 0.93747032
vt 0.64943945 0.93701679
vt 0.759498 0.93747032
vt 0.759498 0.93747032
vt 0.64896047 0.91081595
vt 0.74641132 0.92395699
vt 0.64963782 0.9114933
vt 0.74641132 0.92499387
vt 0.64943945 0.9110142
vt 0.74641132 0.92447543
vt 0.74641132 0.92447543
vt 0.63145345 0.93721527
vt 0.76001644 0.89293694
vt 0.63077623 0.93653798
vt 0.75897956 0.89293694
vt 0.63097459 0.93701679
vt 0.75949806 0.89293694
vt 0.75949806 0.89293694
vt 0.63145351 0.91081595
vt 0.74641138 0.90645015
vt 0.63077623 0.9114933
vt 0.74641138 0.90541339
vt 0.63097459 0.9110142
vt 0.74641138 0.90593171
vt 0.74641138 0.90593171
vt 0.64896047 0.92396981
vt 0.64896047 0.92396981
vt 0.64943933 0.92396981
vt 0.64943933 0.92396981
vt 0.63145351 0.92396992
vt 0.63145351 0.92396992
vt 0.63097459 0.92396981
vt 0.63097459 0.92396981
vt 0.72223538 0.85528064
vt 0.78412813 0.96191204
vt 0.72223538 0.85528064
vt 0.70529354 0.85528064
vt 0.70529354 0.85528064
vt 0.023603857 0.97789448
vt 0.72223538 0.871153
vt 0.78412813 0.9777844
vt 0.72223538 0.871153
vt 0.70529354 0.871153
vt 0.70529354 0.871153
vt 0.023603857 0.96202213
vt 0.78494817 0.96191204
vt 0.72223532 0.85446048
vt 0.72223532 0.85446048
vt 0.70529354 0.85446048
vt 0.024423897 0.97789448
vt 0.70529354 0.85446048
vt 0.78494817 0.9777844
vt 0.72223532 0.87197304
vt 0.72223532 0.83858812
vt 0.70529354 0.87197304
vt 0.024423897 0.96202213
vt 0.70529354 0.83858812
vt 0.95868939 0.26246804
vt 0.89290386 0.19781142
vt 0.95868939 0.26246804
vt 0.93917233 0.26246804
vt 0.93917233 0.26246804
vt 0.89290386 0.2413606
vt 0.95801204 0.25004268
vt 0.86195618 0.2413606
vt 0.88011879 0.19781142
vt 0.95868939 0.25071996
vt 0.88115555 0.19781142
vt 0.95849103 0.25024104
vt 0.88063717 0.19781142
vt 0.88063717 0.19781142
vt 0.89290386 0.21050471
vt 0.95801204 0.27480179
vt 0.89290386 0.20946795
vt 0.95868939 0.27412444
vt 0.89290386 0.20998633
vt 0.89290386 0.20998633
vt 0.95849103 0.27460337
vt 0.93984962 0.25004268
vt 0.88011879 0.24136066
vt 0.93917233 0.25071996
vt 0.88115555 0.24136066
vt 0.93937075 0.25024104
vt 0.88063717 0.24136066
vt 0.88063717 0.24136066
vt 0.89290386 0.22866732
vt 0.93984962 0.27480179
vt 0.89290386 0.22970414
vt 0.93917233 0.27412444
vt 0.89290386 0.2291857
vt 0.89290386 0.2291857
vt 0.93937075 0.27460337
vt 0.95801198 0.2624681
vt 0.95801198 0.2624681
vt 0.95849091 0.2624681
vt 0.95849091 0.2624681
vt 0.93984967 0.2624681
vt 0.93984967 0.2624681
vt 0.93937075 0.2624681
vt 0.93937075 0.2624681
vt 0.89372396 0.19699132
vt 0.90093935 0.54062843
vt 0.90093935 0.54062843
vt 0.88142228 0.54062843
vt 0.89372396 0.24218076
vt 0.88142228 0.54062843
vt 0.86195618 0.24218076
vt 0.88011879 0.19699132
vt 0.90026194 0.55387396
vt 0.88115555 0.19699132
vt 0.90093935 0.55319667
vt 0.88063717 0.19699132
vt 0.88063717 0.19699132
vt 0.90074098 0.55367553
vt 0.89372396 0.21050471
vt 0.90026194 0.52747464
vt 0.89372396 0.20946795
vt 0.90093935 0.52815199
vt 0.89372396 0.20998633
vt 0.89372396 0.20998633
vt 0.90074098 0.52767301
vt 0.88011879 0.24218071
vt 0.88209957 0.55387396
vt 0.88115555 0.24218071
vt 0.88142228 0.55319667
vt 0.88063717 0.24218071
vt 0.88063717 0.24218071
vt 0.88162065 0.55367553
vt 0.89372396 0.22866732
vt 0.88209957 0.52747458
vt 0.89372396 0.22970414
vt 0.88142228 0.52815199
vt 0.89372396 0.2291857
vt 0.89372396 0.2291857
vt 0.88162065 0.52767301
vt 0.90026194 0.54062843
vt 0.90026194 0.54062843
vt 0.90074098 0.54062843
vt 0.90074098 0.54062843
vt 0.88209957 0.54062843
vt 0.88209957 0.54062843
vt 0.88162065 0.54062843
vt 0.88162065 0.54062843
vt 0.63077623 0.97015971
vt 0.98707974 0.18291497
vt 0.63077623 0.97015971
vt 0.64681977 0.97015971
vt 0.64681977 0.97015971
vt 0.9862597 0.22126079
vt 0.63077623 0.95720845
vt 0.98707974 0.1699636
vt 0.63077623 0.95720845
vt 0.64681977 0.95720845
vt 0.64681977 0.95720845
vt 0.9862597 0.20830953
vt 0.98625964 0.18291497
vt 0.63077623 0.97097981
vt 0.63077623 0.94343692
vt 0.64681971 0.97097981
vt 0.98707974 0.22126079
vt 0.64681971 0.94343692
vt 0.98625964 0.1699636
vt 0.63077623 0.95638824
vt 0.63077623 0.95638824
vt 0.64681971 0.95638824
vt 0.98707974 0.20830953
vt 0.64681971 0.95638824
vt 0.34652925 0.95625371
vt 0.9799813 0.97719836
vt 0.34652925 0.95625371
vt 0.34652925 0.9750917
vt 0.34652925 0.9750917
vt 0.43120742 0.97974837
vt 0.34543765 0.95625371
vt 0.98107284 0.97719836
vt 0.37486312 0.95625371
vt 0.34543765 0.9750917
vt 0.37486312 0.9750917
vt 0.43011588 0.97974837
vt 0.9799813 0.98770875
vt 0.35703957 0.95625371
vt 0.35703957 0.95625371
vt 0.35703957 0.9750917
vt 0.43120742 0.99025875
vt 0.35703957 0.9750917
vt 0.98107284 0.98770875
vt 0.3643527 0.95625371
vt 0.35813105 0.95625371
vt 0.3643527 0.9750917
vt 0.43011588 0.99025875
vt 0.35813105 0.9750917
vt 0.56766737 0.88172013
vt 0.41247129 0.97974837
vt 0.56766737 0.88172013
vt 0.56766737 0.90055811
vt 0.56766737 0.90055811
vt 0.42087609 0.97974837
vt 0.56657583 0.88172007
vt 0.41356283 0.97974837
vt 0.79583561 0.886733
vt 0.56657583 0.90055811
vt 0.79583561 0.90557098
vt 0.41978455 0.97974837
vt 0.41247129 0.99025875
vt 0.57817787 0.88172013
vt 0.57817787 0.88172013
vt 0.57817787 0.90055811
vt 0.42087609 0.99025875
vt 0.57817787 0.90055811
vt 0.41356283 0.99025875
vt 0.78532517 0.886733
vt 0.57926929 0.88172007
vt 0.78532517 0.90557098
vt 0.41978455 0.99025875
vt 0.57926929 0.90055811
vt 0.98908603 0.47484177
vt 0.95492166 0.94557536
vt 0.95492166 0.96877927
vt 0.97375965 0.94557536
vt 0.24756724 0.97916597
vt 0.97375965 0.96877927
vt 0.95492166 0.94666684
vt 0.99017757 0.47484177
vt 0.95492166 0.94666684
vt 0.97375965 0.94666684
vt 0.97375965 0.94666684
vt 0.2464757 0.97916597
vt 0.98908603 0.48535216
vt 0.95492166 0.95826888
vt 0.95492166 0.95826888
vt 0.97375965 0.95826888
vt 0.24756724 0.98967636
vt 0.97375965 0.95826888
vt 0.95492166 0.95717734
vt 0.99017757 0.48535216
vt 0.95492166 0.95717734
vt 0.97375965 0.95717734
vt 0.97375965 0.95717734
vt 0.2464757 0.98967636
vt 0.076685071 0.98045969
vt 0.29339156 0.96894735
vt 0.29339156 0.96894735
vt 0.27670109 0.96894735
vt 0.98735118 0.24665529
vt 0.27670109 0.96894735
vt 0.29339156 0.96785581
vt 0.077776551 0.98045969
vt 0.29339156 0.96785581
vt 0.27670109 0.96785581
vt 0.27670109 0.96785581
vt 0.98625964 0.24665529
vt 0.076685071 0.99097002
vt 0.29339156 0.95625377
vt 0.29339156 0.9794578
vt 0.27670109 0.95625377
vt 0.98735118 0.25716573
vt 0.27670109 0.9794578
vt 0.29339156 0.95734531
vt 0.077776551 0.99097002
vt 0.29339156 0.95734531
vt 0.27670109 0.95734531
vt 0.27670109 0.95734531
vt 0.98625964 0.25716573
vt 0.78563541 0.70094478
vt 0.78534067 0.84134251
vt 0.78563541 0.70094478
vt 0.78563529 0.56009573
vt 0.82178867 0.89173198
vt 0.78563529 0.56009573
vt 0.78534067 0.87953377
vt 0.82382709 0.70094478
vt 0.82382709 0.70094478
vt 0.82178867 0.92992312
vt 0.82382709 0.56009573
vt 0.82382709 0.56009573
vt 0.78460312 0.70094478
vt 0.78460312 0.70094478
vt 0.78430867 0.84136605
vt 0.78460312 0.56009573
vt 0.78460312 0.56009573
vt 0.8228206 0.89175546
vt 0.74641126 0.56009573
vt 0.8228206 0.92994666
vt 0.82485932 0.56009573
vt 0.74641126 0.70094478
vt 0.78430867 0.87955731
vt 0.82485932 0.7009449
vt 0.47117931 0.98252165
vt 0.8441335 0.50067949
vt 0.8441335 0.50067949
vt 0.84413338 0.53775287
vt 0.84413338 0.53775287
vt 0.61449647 0.98451263
vt 0.47239029 0.98252165
vt 0.84292251 0.50067949
vt 0.84292251 0.50067949
vt 0.84292245 0.53775287
vt 0.84292245 0.53775287
vt 0.6157074 0.98451263
vt 0.47117931 0.98427856
vt 0.83995461 0.50067949
vt 0.8458904 0.50067949
vt 0.83995461 0.53775287
vt 0.84589034 0.53775287
vt 0.61449647 0.98275572
vt 0.47239029 0.98427856
vt 0.84116566 0.50067949
vt 0.84116566 0.50067949
vt 0.8411656 0.53775287
vt 0.8411656 0.53775287
vt 0.6157074 0.98275572
vt 0.60061902 0.98275638
vt 0.79387701 0.88051116
vt 0.79387701 0.88051116
vt 0.79387701 0.84134251
vt 0.79387701 0.84134251
vt 0.59346676 0.98378444
vt 0.60154951 0.98275638
vt 0.79480749 0.88051128
vt 0.79480749 0.88051128
vt 0.79480749 0.84134263
vt 0.79480749 0.84134263
vt 0.59439731 0.98378444
vt 0.60061902 0.98378444
vt 0.79284889 0.88051116
vt 0.79284889 0.88051116
vt 0.79284889 0.84134251
vt 0.79284889 0.84134251
vt 0.59346676 0.98275638
vt 0.60154951 0.98378444
vt 0.79583555 0.88051128
vt 0.79191828 0.88051128
vt 0.79583555 0.84134251
vt 0.79191828 0.84134251
vt 0.59439731 0.98275638
vt 0.2464757 0.95625371
vt 0.47861195 0.98462832
vt 0.2464757 0.95625371
vt 0.2464757 0.97294426
vt 0.2464757 0.97294426
vt 0.50253618 0.9846282
vt 0.47970349 0.98462832
vt 0.24756727 0.95625377
vt 0.24117094 0.95625371
vt 0.24756727 0.97294426
vt 0.50144464 0.9846282
vt 0.24117094 0.9729442
vt 0.24436909 0.95625365
vt 0.47861195 0.98252171
vt 0.24436909 0.95625365
vt 0.24436909 0.9729442
vt 0.24436909 0.9729442
vt 0.50253618 0.98252153
vt 0.47970349 0.98252171
vt 0.24327755 0.95625365
vt 0.24327755 0.95625365
vt 0.24327755 0.9729442
vt 0.50144464 0.98252153
vt 0.24327755 0.9729442
vt 0.96190959 0.50776321
vt 0.95300305 0.50776321
vt 0.96190959 0.52080494
vt 0.96272975 0.50694317
vt 0.95300305 0.50694317
vt 0.96272975 0.52080494
vt 0.81752688 0.27358681
vt 0.81752688 0.27358681
vt 0.81834573 0.27440691
vt 0.81834573 0.27440691
vt 0.81834573 0.26006764
vt 0.81752557 0.26006639
vt 0.80692375 0.27440697
vt 0.80692375 0.27358681
vt 0.9799813 0.94557536
vt 0.63199651 0.28160334
vt 0.63199651 0.28160334
vt 0.65739816 0.28160328
vt 0.9799813 0.97097671
vt 0.65739816 0.28160328
vt 0.88695055 0.94557536
vt 0.63199669 0.55387402
vt 0.63199669 0.55387402
vt 0.68454361 0.28160322
vt 0.98172504 0.94557536
vt 0.63025278 0.28160334
vt 0.65914184 0.28160328
vt 0.65914184 0.28160328
vt 0.98172504 0.97097671
vt 0.68454361 0.55387402
vt 0.88520688 0.94557536
vt 0.63025308 0.55387402
vt 0.65914202 0.55387402
vt 0.65914202 0.55387402
vt 0.88520688 0.97097701
vt 0.65739834 0.55387402
vt 0.88695055 0.97097701
vt 0.65739834 0.55387402
vt 0.74018955 0.55387402
vt 0.97496593 0.92937005
vt 0.69076526 0.55387402
vt 0.97496593 0.90932375
vt 0.71081173 0.55387402
vt 0.71081173 0.55387402
vt 0.74018961 0.28160328
vt 0.9796316 0.87683403
vt 0.69076532 0.28160328
vt 0.73552382 0.55387402
vt 0.73552382 0.55387402
vt 0.97963166 0.92937005
vt 0.71547741 0.55387402
vt 0.97963166 0.90932375
vt 0.71547741 0.55387402
vt 0.73552388 0.28160328
vt 0.73552388 0.28160328
vt 0.97496587 0.87683403
vt 0.71547747 0.28160328
vt 0.97496587 0.85678762
vt 0.71547747 0.28160328
vt 0.9796316 0.85678762
vt 0.71081179 0.28160328
vt 0.71081179 0.28160328
vt 0.55472475 0.83641344
vt 0.55472475 0.83641344
vt 0.9763931 0.93559164
vt 0.55472475 0.97670501
vt 0.55472475 0.97670501
vt 0.11601108 0.98045963
vt 0.55195004 0.83641344
vt 0.9763931 0.93836635
vt 0.56035411 0.83641344
vt 0.55615211 0.83641344
vt 0.97496581 0.93559164
vt 0.55615211 0.83641344
vt 0.97496581 0.93836635
vt 0.55892682 0.83641344
vt 0.55892682 0.83641344
vt 0.55615211 0.97670501
vt 0.11743838 0.98045963
vt 0.55615211 0.97670501
vt 0.11743838 0.98323435
vt 0.55892682 0.97670501
vt 0.55892682 0.97670501
vt 0.55195004 0.97670501
vt 0.11601108 0.98323435
vt 0.56035411 0.97670501
vt 0.57819408 0.85043848
vt 0.1405203 0.98585856
vt 0.57819408 0.85043848
vt 0.57819408 0.57949358
vt 0.13347851 0.98045969
vt 0.57819408 0.57949358
vt 0.1405203 0.98045969
vt 0.57279503 0.85043848
vt 0.57279503 0.85043848
vt 0.57901412 0.85043854
vt 0.56657583 0.85043854
vt 0.13970017 0.98585856
vt 0.57901412 0.57949358
vt 0.56657583 0.57949358
vt 0.13265842 0.98045969
vt 0.57197481 0.85043848
vt 0.13970017 0.98045969
vt 0.57197481 0.85043848
vt 0.57197481 0.57949358
vt 0.13265842 0.98585874
vt 0.57197481 0.57949358
vt 0.13347851 0.98585874
vt 0.57279503 0.57949346
vt 0.57279503 0.57949346
vt 0.63612813 0.56009567
vt 0.64963788 0.56009573
vt 0.98369801 0.53224093
vt 0.64434409 0.56009573
vt 0.98369801 0.52694714
vt 0.64434409 0.56009573
vt 0.63612807 0.83236647
vt 0.64963782 0.83236659
vt 0.098994136 0.98045969
vt 0.63758922 0.56009573
vt 0.98515904 0.53224093
vt 0.63758922 0.56009573
vt 0.98515904 0.52694708
vt 0.64288306 0.56009573
vt 0.64288306 0.56009573
vt 0.63758916 0.83236659
vt 0.10045513 0.98045969
vt 0.63758916 0.83236659
vt 0.10045512 0.98575348
vt 0.642883 0.83236659
vt 0.642883 0.83236659
vt 0.64434403 0.83236659
vt 0.098994128 0.98575348
vt 0.64434403 0.83236659
vt 0.94514972 0.48790932
vt 0.93014544 0.19781148
vt 0.94514972 0.48790932
vt 0.9453482 0.48790944
vt 0.9453482 0.48790944
vt 0.93014544 0.20955944
vt 0.94514972 0.4761613
vt 0.94514972 0.49956572
vt 0.91848916 0.19781148
vt 0.93096542 0.19699132
vt 0.64963776 0.89144051
vt 0.64963776 0.89144051
vt 0.64943939 0.89144051
vt 0.64943939 0.89144051
vt 0.93096554 0.20955944
vt 0.64963776 0.87887228
vt 0.91848916 0.19699132
vt 0.64963776 0.90391695
vt 0.91797078 0.19699132
vt 0.91797078 0.19699132
vt 0.64943939 0.90439588
vt 0.89994562 0.24170792
vt 0.91745228 0.19699132
vt 0.64896053 0.90459424
vt 0.94534808 0.50004464
vt 0.91797078 0.19781148
vt 0.91797078 0.19781148
vt 0.94582713 0.50024301
vt 0.89994562 0.24088788
vt 0.91745228 0.19781148
vt 0.96333408 0.50024301
vt 0.91745239 0.24088788
vt 0.94582713 0.48790944
vt 0.94582713 0.48790944
vt 0.9633342 0.48790944
vt 0.9633342 0.48790944
vt 0.93014544 0.21059626
vt 0.94582713 0.47548383
vt 0.93014544 0.22810298
vt 0.96333408 0.47548383
vt 0.93014544 0.21007788
vt 0.93014544 0.21007788
vt 0.94534808 0.47568232
vt 0.93096554 0.21059626
vt 0.64896053 0.87819493
vt 0.93096554 0.22810298
vt 0.63145351 0.87819493
vt 0.93096554 0.21007788
vt 0.93096554 0.21007788
vt 0.64943939 0.87839341
vt 0.64896053 0.89144051
vt 0.64896053 0.89144051
vt 0.63145345 0.89144039
vt 0.63145345 0.89144039
vt 0.63097459 0.89144039
vt 0.63097459 0.89144039
vt 0.91745239 0.24170792
vt 0.63145345 0.90459424
vt 0.91797078 0.24170792
vt 0.91797078 0.24170792
vt 0.63097459 0.90439588
vt 0.91848904 0.24170792
vt 0.63077617 0.90391695
vt 0.96381289 0.50004464
vt 0.91797078 0.24088788
vt 0.91797078 0.24088788
vt 0.96401137 0.49956572
vt 0.91848904 0.24088788
vt 0.96381289 0.48790944
vt 0.96381289 0.48790944
vt 0.96401137 0.48790932
vt 0.96401137 0.48790932
vt 0.93014544 0.24088788
vt 0.93014544 0.22862142
vt 0.93014544 0.22862142
vt 0.96381289 0.47568232
vt 0.93014544 0.2291398
vt 0.96401137 0.4761613
vt 0.93096554 0.22862142
vt 0.93096554 0.22862142
vt 0.63097459 0.87839341
vt 0.93096542 0.2291398
vt 0.63077617 0.87887228
vt 0.63077617 0.89144039
vt 0.93096542 0.24170792
vt 0.63077617 0.89144039
vt 0.038507231 0.96202207
vt 0.64963788 0.87115312
vt 0.64963788 0.87115312
vt 0.63269609 0.87115312
vt 0.031465583 0.97789448
vt 0.63269609 0.87115312
vt 0.038507231 0.97789448
vt 0.64963788 0.8552807
vt 0.64963788 0.8552807
vt 0.64963788 0.83858824
vt 0.037687249 0.96202207
vt 0.64963788 0.87197316
vt 0.63269609 0.83858824
vt 0.63269609 0.87197316
vt 0.030645601 0.97789448
vt 0.64963788 0.85446066
vt 0.037687249 0.97789448
vt 0.64963788 0.85446066
vt 0.63269615 0.85446066
vt 0.63269615 0.85446066
vt 0.030645601 0.96202207
vt 0.63269609 0.8552807
vt 0.031465583 0.96202207
vt 0.63269609 0.8552807
vt 0.74723142 0.88589501
vt 0.93892819 0.48781753
vt 0.93892819 0.48781753
vt 0.93872976 0.48781753
vt 0.93872976 0.48781753
vt 0.93892819 0.47616124
vt 0.75888783 0.88589501
vt 0.74723136 0.87414694
vt 0.93892819 0.49956566
vt 0.91343361 0.26155633
vt 0.74641132 0.88671529
vt 0.91343361 0.26155633
vt 0.91363209 0.26155633
vt 0.91363209 0.26155633
vt 0.91343361 0.24907988
vt 0.75888783 0.88671529
vt 0.91343361 0.27412462
vt 0.74641132 0.87414706
vt 0.91363198 0.27460355
vt 0.74641132 0.8736285
vt 0.74641132 0.8736285
vt 0.91411108 0.27480185
vt 0.74641132 0.87311018
vt 0.74723136 0.8736285
vt 0.74723136 0.8736285
vt 0.93872988 0.50004458
vt 0.74723136 0.87311018
vt 0.9382509 0.50024301
vt 0.74723136 0.85494769
vt 0.92008853 0.50024301
vt 0.9382509 0.48781753
vt 0.9382509 0.48781753
vt 0.92008853 0.48781753
vt 0.92008853 0.48781753
vt 0.9382509 0.47548383
vt 0.75992465 0.88589501
vt 0.77808702 0.84216261
vt 0.93872988 0.47568226
vt 0.75940621 0.88589501
vt 0.75940621 0.88589501
vt 0.92008853 0.47548383
vt 0.75992459 0.84216273
vt 0.91411108 0.2484026
vt 0.75992465 0.88671529
vt 0.77808702 0.84134257
vt 0.91363198 0.24860096
vt 0.75940621 0.88671529
vt 0.75940621 0.88671529
vt 0.93227345 0.2484026
vt 0.75992459 0.84134257
vt 0.91411096 0.26155633
vt 0.91411096 0.26155633
vt 0.93227333 0.26155633
vt 0.93227333 0.26155633
vt 0.93275243 0.26155633
vt 0.93275243 0.26155633
vt 0.93227345 0.27480185
vt 0.74641132 0.85494769
vt 0.93275231 0.27460355
vt 0.74641132 0.85442924
vt 0.74641132 0.85442924
vt 0.93295068 0.27412462
vt 0.74641132 0.8539108
vt 0.74723136 0.85442924
vt 0.74723136 0.85442924
vt 0.91960949 0.50004458
vt 0.74723142 0.8539108
vt 0.91941112 0.4995656
vt 0.91960961 0.48781753
vt 0.91960961 0.48781753
vt 0.91960949 0.47568226
vt 0.75940621 0.84216273
vt 0.75940621 0.84216273
vt 0.91941112 0.48781753
vt 0.74723142 0.84216273
vt 0.91941112 0.48781753
vt 0.91941112 0.47616124
vt 0.75888783 0.84216273
vt 0.93295068 0.26155633
vt 0.93295068 0.26155633
vt 0.74641132 0.84134257
vt 0.93295068 0.24907988
vt 0.75888783 0.84134257
vt 0.93275231 0.24860096
vt 0.75940621 0.84134257
vt 0.75940621 0.84134257
vt 0.9862597 0.20208782
vt 0.77752322 0.97041476
vt 0.77752322 0.97041476
vt 0.76147979 0.97041476
vt 0.98707962 0.24043369
vt 0.76147979 0.97041476
vt 0.9862597 0.18913662
vt 0.77752322 0.95746332
vt 0.77752322 0.95746332
vt 0.77752322 0.94369197
vt 0.9870798 0.20208782
vt 0.77752322 0.97123486
vt 0.76147979 0.94369197
vt 0.76147979 0.97123486
vt 0.98625958 0.24043369
vt 0.77752322 0.95664334
vt 0.9870798 0.18913662
vt 0.77752322 0.95664334
vt 0.76147979 0.95664334
vt 0.76147979 0.95664334
vt 0.98625958 0.2274825
vt 0.76147979 0.95746332
vt 0.98707962 0.2274825
vt 0.76147979 0.95746332
vt 0.56766731 0.93183953
vt 0.90543783 0.9772824
vt 0.56766731 0.93183953
vt 0.56766731 0.95067757
vt 0.56766731 0.95067757
vt 0.46178234 0.97916591
vt 0.56657583 0.93183959
vt 0.90652937 0.9772824
vt 0.79583561 0.93685234
vt 0.56657583 0.95067757
vt 0.79583561 0.95569032
vt 0.4606908 0.97916591
vt 0.90543783 0.98779279
vt 0.57817775 0.93183953
vt 0.57817775 0.93183953
vt 0.57817775 0.95067757
vt 0.46178234 0.9896763
vt 0.57817775 0.95067757
vt 0.90652937 0.98779279
vt 0.78532517 0.93685234
vt 0.57926923 0.93183959
vt 0.78532517 0.95569032
vt 0.4606908 0.9896763
vt 0.57926923 0.95067757
vt 0.56766725 0.85666025
vt 0.64540279 0.97720134
vt 0.56766725 0.85666025
vt 0.56766725 0.87549824
vt 0.56766725 0.87549824
vt 0.63918102 0.97720134
vt 0.56657583 0.85666019
vt 0.64649433 0.97720134
vt 0.40275076 0.95625371
vt 0.56657583 0.87549824
vt 0.40275076 0.97509164
vt 0.63808948 0.97720134
vt 0.64540279 0.98771173
vt 0.57817775 0.85666025
vt 0.57817775 0.85666025
vt 0.57817775 0.87549824
vt 0.63918102 0.98771173
vt 0.57817775 0.87549824
vt 0.64649433 0.98771173
vt 0.39224035 0.95625371
vt 0.57926929 0.85666019
vt 0.39224035 0.97509164
vt 0.63808948 0.98771173
vt 0.57926929 0.87549824
vt 0.98625964 0.26338744
vt 0.89500469 0.94785678
vt 0.89500469 0.97106075
vt 0.91384268 0.94785678
vt 0.76257122 0.97745651
vt 0.91384268 0.97106075
vt 0.89500469 0.94894826
vt 0.98735118 0.26338744
vt 0.89500469 0.94894826
vt 0.91384268 0.94894826
vt 0.91384268 0.94894826
vt 0.76147968 0.97745651
vt 0.98625964 0.27389789
vt 0.89500469 0.96055037
vt 0.89500469 0.96055037
vt 0.91384268 0.96055037
vt 0.76257122 0.9879669
vt 0.91384268 0.96055037
vt 0.89500469 0.95945883
vt 0.98735118 0.27389789
vt 0.89500469 0.95945883
vt 0.91384268 0.95945883
vt 0.91384268 0.95945883
vt 0.76147968 0.9879669
vt 0.27047932 0.9794578
vt 0.83839417 0.98674226
vt 0.27047938 0.95625377
vt 0.83948565 0.98674226
vt 0.27047938 0.95734519
vt 0.27047938 0.95734519
vt 0.25378889 0.9794578
vt 0.25378889 0.95625377
vt 0.65791136 0.98670822
vt 0.27047938 0.96894723
vt 0.83839417 0.97623163
vt 0.27047938 0.96894723
vt 0.83948565 0.97623163
vt 0.27047938 0.96785575
vt 0.27047938 0.96785575
vt 0.25378889 0.96894723
vt 0.25378889 0.96894723
vt 0.65791136 0.97619754
vt 0.25378889 0.96785575
vt 0.65681988 0.97619754
vt 0.25378889 0.96785575
vt 0.25378889 0.95734519
vt 0.65681988 0.98670822
vt 0.25378889 0.95734519
vt 0.83845812 0.27538151
vt 0.83845812 0.27538151
vt 0.84092611 0.27538151
vt 0.84092611 0.27538151
vt 0.83845812 0.0031108856
vt 0.83845812 0.0031108856
vt 0.83599001 0.27538157
vt 0.85573453 0.27538157
vt 0.83599001 0.0031108856
vt 0.85573453 0.0031108856
vt 0.85326648 0.27538151
vt 0.85326648 0.27538151
vt 0.85079843 0.27538151
vt 0.85079843 0.27538151
vt 0.85326648 0.0031108856
vt 0.85326648 0.0031108856
vt 0.85079843 0.0031108856
vt 0.85079843 0.0031108856
vt 0.84833026 0.0031108856
vt 0.84833026 0.0031108856
vt 0.84833026 0.27538151
vt 0.84833026 0.27538151
vt 0.84586227 0.003110826
vt 0.84586227 0.003110826
vt 0.84586227 0.27538157
vt 0.84586227 0.27538157
vt 0.84339428 0.0031108856
vt 0.84339428 0.0031108856
vt 0.84339428 0.27538151
vt 0.84339428 0.27538151
vt 0.84092611 0.0031108856
vt 0.84092611 0.0031108856
vt 0.8062706 0.54791552
vt 0.80801582 0.54966074
vt 0.80380249 0.54791552
vt 0.80205733 0.5496608
vt 0.80205739 0.55212879
vt 0.80380249 0.55387402
vt 0.80503649 0.5508948
vt 0.8062706 0.55387402
vt 0.80801582 0.55212879
vt 0.82019591 0.55212879
vt 0.87273258 0.55387396
vt 0.87273258 0.55387396
vt 0.82019591 0.54966074
vt 0.87026459 0.55387402
vt 0.87026459 0.55387402
vt 0.87273258 0.28160334
vt 0.87273258 0.28160334
vt 0.85545611 0.55387396
vt 0.81845075 0.55387408
vt 0.87520063 0.55387402
vt 0.85545611 0.28160334
vt 0.87520063 0.28160334
vt 0.85792428 0.55387396
vt 0.85792428 0.55387396
vt 0.8159827 0.55387408
vt 0.86039227 0.55387396
vt 0.86039227 0.55387396
vt 0.81423753 0.55212879
vt 0.85792428 0.28160334
vt 0.85792428 0.28160334
vt 0.86039227 0.28160334
vt 0.86039227 0.28160334
vt 0.86286032 0.28160334
vt 0.86286032 0.28160334
vt 0.86286032 0.55387396
vt 0.86286032 0.55387396
vt 0.81423748 0.54966074
vt 0.86532843 0.28160334
vt 0.86532843 0.28160334
vt 0.86532843 0.5538739
vt 0.8159827 0.54791558
vt 0.86532843 0.5538739
vt 0.86779654 0.28160334
vt 0.86779654 0.28160334
vt 0.81845069 0.54791558
vt 0.86779642 0.55387396
vt 0.86779642 0.55387396
vt 0.87026459 0.28160334
vt 0.87026459 0.28160334
vt 0.81721669 0.5508948
vt 0.38391665 0.95003206
vt 0.38391665 0.95003206
vt 0.11729294 0.96202207
vt 0.37170079 0.95003206
vt 0.37170079 0.95003206
vt 0.11729294 0.97423792
vt 0.09442389 0.96202207
vt 0.38391668 0.0031110644
vt 0.38391668 0.0031110644
vt 0.35738289 0.95003206
vt 0.38601866 0.95003194
vt 0.11939496 0.96202207
vt 0.36959875 0.95003206
vt 0.36959875 0.95003206
vt 0.11939496 0.97423792
vt 0.092321873 0.96202207
vt 0.35738289 0.0031110644
vt 0.38601866 0.003110826
vt 0.092321873 0.97423798
vt 0.36959881 0.0031110644
vt 0.36959881 0.0031110644
vt 0.09442389 0.97423798
vt 0.37170079 0.0031110644
vt 0.37170079 0.0031110644
vt 0.34905919 0.95003206
vt 0.34905919 0.95003206
vt 0.13991445 0.96202207
vt 0.33684331 0.95003206
vt 0.33684331 0.95003206
vt 0.13991445 0.97423798
vt 0.58813626 0.96431899
vt 0.34905922 0.0031110644
vt 0.34905922 0.0031110644
vt 0.32252544 0.95003206
vt 0.35116121 0.95003194
vt 0.14201647 0.96202207
vt 0.33474132 0.95003206
vt 0.33474132 0.95003206
vt 0.14201647 0.97423798
vt 0.58603424 0.96431899
vt 0.32252544 0.0031110644
vt 0.35116121 0.003110826
vt 0.58603424 0.97653484
vt 0.33474132 0.0031110644
vt 0.33474132 0.0031110644
vt 0.58813626 0.97653484
vt 0.33684331 0.0031110644
vt 0.33684331 0.0031110644
vt 0.27934426 0.95003206
vt 0.27934426 0.95003206
vt 0.98585331 0.90149313
vt 0.26712841 0.95003206
vt 0.26712841 0.95003206
vt 0.98585331 0.91370893
vt 0.046830893 0.96202207
vt 0.27934426 0.0031110644
vt 0.27934426 0.0031110644
vt 0.25281054 0.95003206
vt 0.28144628 0.95003194
vt 0.98795533 0.90149313
vt 0.26502639 0.95003206
vt 0.26502639 0.95003206
vt 0.98795533 0.91370893
vt 0.044728875 0.96202207
vt 0.25281054 0.0031110644
vt 0.28144628 0.003110826
vt 0.044728875 0.97423798
vt 0.26502633 0.0031110644
vt 0.26502633 0.0031110644
vt 0.046830893 0.97423798
vt 0.26712841 0.0031110644
vt 0.26712841 0.0031110644
vt 0.31420171 0.95003206
vt 0.31420171 0.95003206
vt 0.083998233 0.96202213
vt 0.30198583 0.95003206
vt 0.30198583 0.95003206
vt 0.083998241 0.97423804
vt 0.11107129 0.96202213
vt 0.31420171 0.0031110644
vt 0.31420171 0.0031110644
vt 0.28766796 0.95003206
vt 0.31630373 0.95003194
vt 0.086100236 0.96202213
vt 0.29988381 0.95003206
vt 0.29988381 0.95003206
vt 0.086100236 0.97423804
vt 0.10896929 0.96202213
vt 0.28766796 0.0031110644
vt 0.31630373 0.003110826
vt 0.10896929 0.97423804
vt 0.29988381 0.0031110644
vt 0.29988381 0.0031110644
vt 0.11107129 0.97423804
vt 0.30198583 0.0031110644
vt 0.30198583 0.0031110644
vt 0.45363155 0.95003206
vt 0.45363155 0.95003206
vt 0.59981984 0.96431899
vt 0.4414157 0.95003206
vt 0.4414157 0.95003206
vt 0.59981984 0.97653484
vt 0.98795533 0.88305563
vt 0.45363158 0.0031110644
vt 0.45363158 0.0031110644
vt 0.42709783 0.95003206
vt 0.45573357 0.95003194
vt 0.60192186 0.96431899
vt 0.43931368 0.95003206
vt 0.43931368 0.95003206
vt 0.60192186 0.97653484
vt 0.98585331 0.88305563
vt 0.42709783 0.0031110644
vt 0.45573357 0.003110826
vt 0.98585331 0.89527142
vt 0.43931368 0.0031110644
vt 0.43931368 0.0031110644
vt 0.98795533 0.89527142
vt 0.4414157 0.0031110644
vt 0.4414157 0.0031110644
vt 0.20962943 0.95003217
vt 0.20962943 0.95003217
vt 0.98585337 0.91993058
vt 0.19741349 0.95003217
vt 0.19741349 0.95003217
vt 0.98585337 0.93214649
vt 0.97375965 0.97500098
vt 0.2096294 0.0031110644
vt 0.2096294 0.0031110644
vt 0.18309562 0.95003217
vt 0.21173139 0.95003217
vt 0.98795533 0.91993058
vt 0.19531149 0.95003217
vt 0.19531149 0.95003217
vt 0.98795533 0.93214649
vt 0.97165763 0.97500098
vt 0.18309562 0.0031110644
vt 0.21173139 0.003110826
vt 0.97165763 0.98721677
vt 0.19531146 0.0031110644
vt 0.19531146 0.0031110644
vt 0.97375965 0.98721677
vt 0.19741349 0.0031110644
vt 0.19741349 0.0031110644
vt 0.488489 0.95003206
vt 0.488489 0.95003206
vt 0.62192899 0.96431816
vt 0.47627312 0.95003206
vt 0.47627312 0.95003206
vt 0.62192899 0.97653407
vt 0.1336928 0.96202207
vt 0.488489 0.0031110644
vt 0.488489 0.0031110644
vt 0.46195525 0.95003206
vt 0.49059099 0.95003206
vt 0.62403101 0.96431816
vt 0.4741711 0.95003206
vt 0.4741711 0.95003206
vt 0.62403101 0.97653407
vt 0.13159078 0.96202207
vt 0.46195525 0.0031110644
vt 0.49059099 0.003110826
vt 0.13159078 0.97423798
vt 0.4741711 0.0031110644
vt 0.4741711 0.0031110644
vt 0.1336928 0.97423798
vt 0.47627312 0.0031110644
vt 0.47627312 0.0031110644
vt 0.52334642 0.95003182
vt 0.52334642 0.95003182
vt 0.061376274 0.96202207
vt 0.51113051 0.95003182
vt 0.51113051 0.95003182
vt 0.061376274 0.97423798
vt 0.10274756 0.96202207
vt 0.52334648 0.0031110644
vt 0.52334648 0.0031110644
vt 0.49681267 0.95003182
vt 0.52544838 0.95003182
vt 0.063478291 0.96202207
vt 0.50902855 0.95003182
vt 0.50902855 0.95003182
vt 0.063478291 0.97423798
vt 0.10064554 0.96202207
vt 0.4968127 0.0031110644
vt 0.52544838 0.003110826
vt 0.10064554 0.97423798
vt 0.50902861 0.0031110644
vt 0.50902861 0.0031110644
vt 0.10274756 0.97423798
vt 0.51113057 0.0031110644
vt 0.51113057 0.0031110644
vt 0.17477195 0.95003217
vt 0.17477195 0.95003217
vt 0.075674534 0.96202207
vt 0.16255607 0.95003217
vt 0.16255607 0.95003217
vt 0.075674534 0.97423798
vt 0.82389063 0.96779156
vt 0.17477198 0.0031110644
vt 0.17477198 0.0031110644
vt 0.14823817 0.95003217
vt 0.17687394 0.95003217
vt 0.077776551 0.96202207
vt 0.16045409 0.95003217
vt 0.16045409 0.95003217
vt 0.077776551 0.97423798
vt 0.82178861 0.96779156
vt 0.14823817 0.0031110644
vt 0.17687394 0.003110826
vt 0.82178861 0.98000741
vt 0.16045409 0.0031110644
vt 0.16045409 0.0031110644
vt 0.82389063 0.98000741
vt 0.16255607 0.0031110644
vt 0.16255607 0.0031110644
vt 0.24448684 0.95003217
vt 0.24448684 0.95003217
vt 0.98625964 0.003110826
vt 0.23227094 0.95003217
vt 0.23227094 0.95003217
vt 0.98625964 0.015326679
vt 0.82666945 0.26006639
vt 0.24448687 0.0031110644
vt 0.24448687 0.0031110644
vt 0.21795307 0.95003217
vt 0.24658886 0.95003217
vt 0.9883616 0.003110826
vt 0.23016894 0.95003217
vt 0.23016894 0.95003217
vt 0.9883616 0.015326679
vt 0.82456738 0.26006639
vt 0.21795307 0.0031110644
vt 0.24658886 0.003110826
vt 0.82456738 0.2722823
vt 0.23016894 0.0031110644
vt 0.23016894 0.0031110644
vt 0.82666945 0.2722823
vt 0.23227094 0.0031110644
vt 0.23227094 0.0031110644
vt 0.58603424 0.98275644
vt 0.84413391 0.44078529
vt 0.84413391 0.44078529
vt 0.84413391 0.47785872
vt 0.84413391 0.47785872
vt 0.62282014 0.98451275
vt 0.58724511 0.98275644
vt 0.84292287 0.44078523
vt 0.84292287 0.44078523
vt 0.84292287 0.47785872
vt 0.84292287 0.47785872
vt 0.62403107 0.98451275
vt 0.58603424 0.98451334
vt 0.83995509 0.44078529
vt 0.84589082 0.44078529
vt 0.83995509 0.47785872
vt 0.84589082 0.47785872
vt 0.62282014 0.98275578
vt 0.58724511 0.98451334
vt 0.84116608 0.44078523
vt 0.84116608 0.44078523
vt 0.84116608 0.47785872
vt 0.84116608 0.47785872
vt 0.62403107 0.98275578
vt 0.43742913 0.97974831
vt 0.87898529 0.94666696
vt 0.87898529 0.94666696
vt 0.8601473 0.94666696
vt 0.63186771 0.9772014
vt 0.8601473 0.94666696
vt 0.87898523 0.96877933
vt 0.43852067 0.97974831
vt 0.87898523 0.94557536
vt 0.86014724 0.96877933
vt 0.86014724 0.94557536
vt 0.63077617 0.9772014
vt 0.43742913 0.99025869
vt 0.87898529 0.95717734
vt 0.87898529 0.95717734
vt 0.8601473 0.95717734
vt 0.63186771 0.98771179
vt 0.8601473 0.95717734
vt 0.87898529 0.95826888
vt 0.43852067 0.99025869
vt 0.87898529 0.95826888
vt 0.8601473 0.95826888
vt 0.8601473 0.95826888
vt 0.63077617 0.98771179
vt 0.95863849 0.54958701
vt 0.75372452 0.9790594
vt 0.95863849 0.54958701
vt 0.97747642 0.54958701
vt 0.97747642 0.54958701
vt 0.91384262 0.97728246
vt 0.75481606 0.9790594
vt 0.95863849 0.55067855
vt 0.95863849 0.52747464
vt 0.97747642 0.55067855
vt 0.91275108 0.97728246
vt 0.97747642 0.52747464
vt 0.95863849 0.53907663
vt 0.75372452 0.98956978
vt 0.95863849 0.53907663
vt 0.97747642 0.53907663
vt 0.97747642 0.53907663
vt 0.91384262 0.98779285
vt 0.75481606 0.98956978
vt 0.95863849 0.53798503
vt 0.95863849 0.53798503
vt 0.97747642 0.53798503
vt 0.91275108 0.98779285
vt 0.97747642 0.53798503
vt 0.98729455 0.98770875
vt 0.23464361 0.96785587
vt 0.23464361 0.96785587
vt 0.21795309 0.96785587
vt 0.98794681 0.94557536
vt 0.21795309 0.96785587
vt 0.98838609 0.98770875
vt 0.23464361 0.96894741
vt 0.23464361 0.96894741
vt 0.21795309 0.96894741
vt 0.98903835 0.94557536
vt 0.21795309 0.96894741
vt 0.23464361 0.95734531
vt 0.98729455 0.97719842
vt 0.23464361 0.95734531
vt 0.21795309 0.95734531
vt 0.21795309 0.95734531
vt 0.98794681 0.95608574
vt 0.23464355 0.95625383
vt 0.98838609 0.97719842
vt 0.23464355 0.9794578
vt 0.21795309 0.95625383
vt 0.21795309 0.9794578
vt 0.98903835 0.95608574
vt 0.82641751 0.55387402
vt 0.59397805 0.003110826
vt 0.59397805 0.003110826
vt 0.58685434 0.48060405
vt 0.58685434 0.48060405
vt 0.59397799 0.48060405
vt 0.59397799 0.48060405
vt 0.58685452 0.95809716
vt 0.58685452 0.95809716
vt 0.84900397 0.54794532
vt 0.82641751 0.54675019
vt 0.5868544 0.003110826
vt 0.5868544 0.003110826
vt 0.59397799 0.7809484
vt 0.59397799 0.7809484
vt 0.98599452 0.28160328
vt 0.58685434 0.7809484
vt 0.58685434 0.7809484
vt 0.98599458 0.45994383
vt 0.59278327 0.95809716
vt 0.84900397 0.55387396
vt 0.59278309 0.48060405
vt 0.82641757 0.55267906
vt 0.59278315 0.003110826
vt 0.98599452 0.28279823
vt 0.59278303 0.7809484
vt 0.98599452 0.28279823
vt 0.82723761 0.55387402
vt 0.59479815 0.003110826
vt 0.59479815 0.003110826
vt 0.60192168 0.48060405
vt 0.58603424 0.48060405
vt 0.59479809 0.48060405
vt 0.59479809 0.48060405
vt 0.6019218 0.95809722
vt 0.58603442 0.95809716
vt 0.84818387 0.54794532
vt 0.82723761 0.54675019
vt 0.6019218 0.0031108856
vt 0.5860343 0.003110826
vt 0.59479809 0.7809484
vt 0.59479809 0.7809484
vt 0.98681456 0.28160328
vt 0.60192174 0.7809484
vt 0.58603418 0.7809484
vt 0.5959931 0.95809716
vt 0.98681462 0.45994383
vt 0.84818387 0.55387396
vt 0.5959931 0.48060405
vt 0.82723761 0.55267906
vt 0.59599316 0.0031108856
vt 0.59599304 0.7809484
vt 0.98681462 0.28279823
vt 0.98681462 0.28279823
vn -1 0 0
vn 0 0 -1
vn 0 1 0
vn -1 0 0
vn 0 1 0
vn 0 0 1
vn 0 0 -1
vn 0 1 0
vn 1 0 0
vn 0 1 0
vn 0 0 1
vn 1 0 0
vn -1 0 0
vn 0 0 -1
vn 0 -1 0
vn -1 0 0
vn 0 -1 0
vn 0 0 1
vn 0 0 -1
vn 0 -1 0
vn 1 0 0
vn 0 -1 0
vn 0 0 1
vn 1 0 0
vn 0 1 0
vn 0 0 1
vn 1 0 0
vn 0 -1 0
vn 0 0 1
vn 1 0 0
vn -1 0 0
vn 0 1 0
vn 0 0 1
vn 0 0 -1
vn 0 1 0
vn 1 0 0
vn 0 0 -1
vn 0 -1 0
vn 1 0 0
vn -1 0 0
vn 0 0 -1
vn 0 1 0
vn -1 0 0
vn 0 0 -1
vn 0 -1 0
vn -1 0 0
vn 0 -1 0
vn 0 0 1
vn -1 0 0
vn 0 0 -1
vn 0 1 0
vn -1 0 0
vn 0 1 0
vn 0 0 1
vn -1 0 0
vn 0 0 -1
vn 0 -1 0
vn -1 0 0
vn 0 -1 0
vn 0 0 1
vn 0 0 -1
vn 0 1 0
vn 1 0 0
vn 0 1 0
vn 0 0 1
vn 1 0 0
vn 0 0 -1
vn 0 -1 0
vn 1 0 0
vn 0 -1 0
vn 0 0 1
vn 1 0 0
vn -1 0 0
vn 0 1 0
vn 0 0 1
vn -1 0 0
vn 0 0 -1
vn 0 -1 0
vn -1 0 0
vn 0 -1 0
vn 0 0 1
vn -1 0 0
vn 0 0 -1
vn 0 1 0
vn 0 1 0
vn 0 0 1
vn 1 0 0
vn 0 0 -1
vn 0 -1 0
vn 1 0 0
vn 0 -1 0
vn 0 0 1
vn 1 0 0
vn 0 0 -1
vn 0 1 0
vn 1 0 0
vn -1 0 0
vn 0 0 -1
vn 0 1 0
vn -1 0 0
vn 0 1 0
vn 0 0 1
vn -1 0 0
vn 0 0 -1
vn 0 -1 0
vn -1 0 0
vn 0 -1 0
vn 0 0 1
vn 0 0 -1
vn 0 1 0
vn 1 0 0
vn 0 1 0
vn 0 0 1
vn 1 0 0
vn 0 0 -1
vn 0 -1 0
vn 1 0 0
vn 0 -1 0
vn 0 0 1
vn 1 0 0
vn 0 0 -1
vn 0 1 0
vn 1 0 0
vn 0 0 -1
vn 0 -1 0
vn 1 0 0
vn -1 0 0
vn 0 0 -1
vn 0 1 0
vn -1 0 0
vn 0 0 -1
vn 0 -1 0
vn -1 0 0
vn 0 1 0
vn 0 0 1
vn -1 0 0
vn 0 -1 0
vn 0 0 1
vn 0 1 0
vn 0 0 1
vn 1 0 0
vn 0 -1 0
vn 0 0 1
vn 1 0 0
vn -0.0022086359 0.51886823 0.85485138
vn 0 0.51846402 0.85509945
vn 0 0.51846402 0.85509945
vn -0.0022086359 0.51886823 0.85485138
vn -0.0022086359 0.51886823 0.85485138
vn 0 0.51846402 0.85509945
vn 0 0.51846402 0.85509945
vn -0.0022086359 0.51886823 0.85485138
vn 0 0 1
vn 0 0 1
vn 0 0 1
vn 0 0 1
vn 0 0 1
vn 0 0 1
vn 0 1 0
vn 0 0 1
vn 1 0 0
vn 0 -1 0
vn 0 0 1
vn 1 0 0
vn -1 0 0
vn 0 -1 0
vn 0 0 1
vn -1 0 0
vn 0 1 0
vn 0 0 1
vn 0 0 -1
vn 0 1 0
vn 1 0 0
vn 0 0 -1
vn 0 -1 0
vn 1 0 0
vn -1 0 0
vn 0 0 -1
vn 0 -1 0
vn -1 0 0
vn 0 0 -1
vn 0 1 0
vn 0 0 -1
vn 0 1 0
vn 1 0 0
vn -1 0 0
vn 0 0 -1
vn 0 1 0
vn 0 0 -1
vn 0 -1 0
vn 1 0 0
vn -1 0 0
vn 0 0 -1
vn 0 -1 0
vn 0 1 0
vn 0 0 1
vn 1 0 0
vn -1 0 0
vn 0 1 0
vn 0 0 1
vn 0 -1 0
vn 0 0 1
vn 1 0 0
vn -1 0 0
vn 0 -1 0
vn 0 0 1
vn 0 0 -1
vn 0 -1 0
vn 1 0 0
vn 0 -1 0
vn 0 0 1
vn 1 0 0
vn 0 -1 0
vn 0.99090642 0 -0.13455286
vn 0.99090642 0 -0.13455286
vn 0 -1 0
vn 0.2797663 0 -0.96006813
vn 0 -1 0
vn 0.51876782 0 -0.85491517
vn 0.96227146 0 -0.27209124
vn 0 -0.90289292 -0.42986554
vn 1 0 0
vn 0 -0.082825197 -0.99656409
vn 1 0 0
vn 0 -0.1705318 -0.98535217
vn 0 -0.7101505 -0.70404991
vn 1 0 0
vn 0 -1 0
vn 0.99090642 0 0.13455286
vn 0 -1 0
vn 0.2797663 0 0.96006813
vn 0 -1 0
vn 0.51876782 0 0.85491517
vn 0.96227146 0 0.27209124
vn 0 -0.90289292 0.42986554
vn 1 0 0
vn 0 -0.082825197 0.99656409
vn 1 0 0
vn 0 -0.7101505 0.70404991
vn 0 -0.1705318 0.98535217
vn 1 0 0
vn 0 -1 0
vn 1 0 0
vn 0 -1 0
vn 1 0 0
vn 0 -1 0
vn 1 0 0
vn 0 -1 0
vn 1 0 0
vn -1 0 0
vn 0 0 -1
vn 0 1 0
vn -1 0 0
vn 0 1 0
vn 0 0 1
vn 0 1 0
vn 0.99090642 0 -0.13455286
vn 0.99090642 0 -0.13455286
vn 0 1 0
vn 0.2797663 0 -0.96006813
vn 0 1 0
vn 0.51876782 0 -0.85491517
vn 0.96227146 0 -0.27209124
vn -1 0 0
vn 0 -0.90289292 -0.42986554
vn -1 0 0
vn 0 -0.082825197 -0.99656409
vn -1 0 0
vn 0 -0.1705318 -0.98535217
vn 0 -0.7101505 -0.70404991
vn 0 1 0
vn 0.99090642 0 0.13455286
vn 0 1 0
vn 0.2797663 0 0.96006813
vn 0 1 0
vn 0.51876782 0 0.85491517
vn 0.96227146 0 0.27209124
vn -1 0 0
vn 0 -0.90289292 0.42986554
vn -1 0 0
vn 0 -0.082825197 0.99656409
vn -1 0 0
vn 0 -0.7101505 0.70404991
vn 0 -0.1705318 0.98535217
vn -1 0 0
vn 0 1 0
vn -1 0 0
vn 0 1 0
vn -1 0 0
vn 0 1 0
vn -1 0 0
vn 0 1 0
vn -1 0 0
vn 0 0 -1
vn 0 -1 0
vn -1 0 0
vn 0 -1 0
vn 0 0 1
vn -1 0 0
vn 0 0 -1
vn 0 1 0
vn -1 0 0
vn 0 1 0
vn 0 0 1
vn 0 0 -1
vn 0 -1 0
vn 1 0 0
vn 0 -1 0
vn 0 0 1
vn 1 0 0
vn 0 0 -1
vn 0 1 0
vn 1 0 0
vn 0 1 0
vn 0 0 1
vn 1 0 0
vn -1 0 0
vn 0 0 -1
vn 0 -1 0
vn -1 0 0
vn 0 -0.99999997 -0.00023934235
vn 0 0 1
vn -1 0 0
vn 0 -0.90289292 -0.42986554
vn 0 -0.90289292 -0.42986554
vn -1 0 0
vn 0 -0.082825197 -0.99656409
vn -1 0 0
vn 0 -0.1705318 -0.98535217
vn 0 -0.7101505 -0.70404991
vn -0.99090642 0 -0.13455286
vn 0 -1 0
vn -0.2797663 0 -0.96006813
vn 0 -1 0
vn -0.96227146 0 -0.27209124
vn -0.51876782 0 -0.85491517
vn 0 -1 0
vn -1 0 0
vn 0 -0.90289292 0.42986554
vn -1 0 0
vn 0 -0.082825197 0.99656409
vn -1 0 0
vn 0 -0.7101505 0.70404991
vn 0 -0.1705318 0.98535217
vn -0.99090642 0 0.13455286
vn 0 -1 0
vn -0.2797663 0 0.96006813
vn 0 -0.99999997 -0.00023934235
vn -0.96227146 0 0.27209124
vn -0.51876782 0 0.85491517
vn 0 -1 0
vn -1 0 0
vn 0 -1 0
vn -1 0 0
vn 0 -1 0
vn -1 0 0
vn 0 -1 0
vn -1 0 0
vn 0 -1 0
vn 0 0 -1
vn 0 1 0
vn 1 0 0
vn 0 1 0
vn 0 0 1
vn 1 0 0
vn 0 -0.90289292 -0.42986554
vn 0 -0.90289292 -0.42986554
vn 1 0 0
vn 0 -0.082825197 -0.99656409
vn 1 0 0
vn 0 -0.1705318 -0.98535217
vn 0 -0.7101505 -0.70404991
vn 1 0 0
vn -0.99090642 0 -0.13455286
vn 0 1 0
vn -0.2797663 0 -0.96006813
vn 0 1 0
vn -0.96227146 0 -0.27209124
vn -0.51876782 0 -0.85491517
vn 0 1 0
vn 0 -0.90289292 0.42986554
vn 1 0 0
vn 0 -0.082825197 0.99656409
vn 1 0 0
vn 0 -0.7101505 0.70404991
vn 0 -0.1705318 0.98535217
vn 1 0 0
vn -0.99090642 0 0.13455286
vn 0 1 0
vn -0.2797663 0 0.96006813
vn 0 1 0
vn -0.96227146 0 0.27209124
vn -0.51876782 0 0.85491517
vn 0 1 0
vn 0 1 0
vn 1 0 0
vn 0 1 0
vn 1 0 0
vn 0 1 0
vn 1 0 0
vn 0 1 0
vn 1 0 0
vn -1 0 0
vn 0 0 -1
vn 0 -1 0
vn -1 0 0
vn 0 -1 0
vn 0 0 1
vn -1 0 0
vn 0 0 -1
vn 0 1 0
vn -1 0 0
vn 0 1 0
vn 0 0 1
vn 0 0 -1
vn 0 -1 0
vn 1 0 0
vn 0 -1 0
vn 0 0 1
vn 1 0 0
vn 0 0 -1
vn 0 1 0
vn 1 0 0
vn 0 1 0
vn 0 0 1
vn 1 0 0
vn -1 0 0
vn 0 0 -1
vn 0 1 0
vn -1 0 0
vn 0 1 0
vn 0 0 1
vn -1 0 0
vn 0 0 -1
vn 0 -1 0
vn -1 0 0
vn 0 -1 0
vn 0 0 1
vn 0 0 -1
vn 0 1 0
vn 1 0 0
vn 0 1 0
vn 0 0 1
vn 1 0 0
vn 0 0 -1
vn 0 -1 0
vn 1 0 0
vn 0 -1 0
vn 0 0 1
vn 1 0 0
vn -1 0 0
vn 0 0 -1
vn 0 1 0
vn -1 0 0
vn 0 1 0
vn 0 0 1
vn -1 0 0
vn 0 0 -1
vn 0 -1 0
vn -1 0 0
vn 0 -1 0
vn 0 0 1
vn 0 0 -1
vn 0 1 0
vn 1 0 0
vn 0 1 0
vn 0 0 1
vn 1 0 0
vn 0 0 -1
vn 0 -1 0
vn 1 0 0
vn 0 -1 0
vn 0 0 1
vn 1 0 0
vn 0 0 -1
vn 0 1 0
vn 1 0 0
vn 0 1 0
vn 0 0 1
vn 1 0 0
vn -1 0 0
vn 0 0 -1
vn 0 1 0
vn -1 0 0
vn 0 1 0
vn 0 0 1
vn 0 0 -1
vn 0 -1 0
vn 1 0 0
vn 0 -1 0
vn 0 0 1
vn 1 0 0
vn -1 0 0
vn 0 0 -1
vn 0 -1 0
vn -1 0 0
vn 0 -1 0
vn 0 0 1
vn 0 0 -1
vn 0 1 0
vn 1 0 0
vn 0 1 0
vn 0 0 1
vn 1 0 0
vn -1 0 0
vn 0 0 -1
vn 0 1 0
vn -1 0 0
vn 0 1 0
vn 0 0 1
vn 0 0 -1
vn 0 -1 0
vn 1 0 0
vn 0 -1 0
vn 0 0 1
vn 1 0 0
vn -1 0 0
vn 0 0 -1
vn 0 -1 0
vn -1 0 0
vn 0 -1 0
vn 0 0 1
vn -0.99987989 0 -0.015498422
vn 0 -1 0
vn 0 0 1
vn -0.99987989 0 -0.015498422
vn 0 1 0
vn 0 0 1
vn 0 -1 0
vn 0 0 1
vn 0.99987883 0 0.01556668
vn 0 1 0
vn 0 0 1
vn 0.99987883 0 0.01556668
vn -0.99987989 0 -0.015498422
vn 0 0 -1
vn 0 -1 0
vn -0.99987989 0 -0.015498422
vn 0 0 -1
vn 0 1 0
vn 0 0 -1
vn 0 1 0
vn 0.99987883 0 0.01556668
vn 0 0 -1
vn 0 -1 0
vn 0.99987883 0 0.01556668
vn -1 0 0
vn 0 -1 0
vn 0 0 1
vn 0 -1 0
vn 0 0 1
vn 1 0 0
vn -1 0 0
vn 0 0 -1
vn 0 -1 0
vn 0 0 -1
vn 0 -1 0
vn 1 0 0
vn -1 0 0
vn 0 1 0
vn 0 0 1
vn 0 1 0
vn 0 0 1
vn 1 0 0
vn -1 0 0
vn 0 0 -1
vn 0 1 0
vn 0 0 -1
vn 0 1 0
vn 1 0 0
vn -0.96253287 0 0.27116502
vn -0.51737246 0 -0.85576033
vn -0.0003506195 -0.99999994 0
vn -0.51737246 0 -0.85576033
vn -0.0003506195 -0.99999994 0
vn 0.96253287 0 -0.27116502
vn -0.96253287 0 0.27116502
vn -0.51737246 0 -0.85576033
vn 0.0003506195 0.99999994 0
vn -0.51737246 0 -0.85576033
vn 0.0003506195 0.99999994 0
vn 0.96253287 0 -0.27116502
vn -0.96253287 0 0.27116502
vn -0.0003506195 -0.99999994 0
vn 0.51737246 0 0.85576033
vn -0.0003506195 -0.99999994 0
vn 0.51737246 0 0.85576033
vn 0.96253287 0 -0.27116502
vn -0.96253287 0 0.27116502
vn 0.0003506195 0.99999994 0
vn 0.51737246 0 0.85576033
vn 0.0003506195 0.99999994 0
vn 0.51737246 0 0.85576033
vn 0.96253287 0 -0.27116502
vn -1 0 0
vn 0 0 -1
vn 0 1 0
vn -1 0 0
vn 0 1 0
vn 0 0 1
vn 0 0 -1
vn 0 1 0
vn 1 0 0
vn 0 1 0
vn 0 0 1
vn 1 0 0
vn -1 0 0
vn 0 0 -1
vn 0 -1 0
vn -1 0 0
vn 0 -1 0
vn 0 0 1
vn 0 0 -1
vn 0 -1 0
vn 1 0 0
vn 0 -1 0
vn 0 0 1
vn 1 0 0
vn 0 0 1
vn 0 0 1
vn 0 0 1
vn 0 0 1
vn 0 0 1
vn 0 0 1
vn 0 0.51846402 0.85509945
vn 0.0022086359 0.51886823 0.85485138
vn 0 0.51846402 0.85509945
vn 0.0022086359 0.51886823 0.85485138
vn 0.0022086359 0.51886823 0.85485138
vn 0.0022086359 0.51886823 0.85485138
vn 0 0.51846402 0.85509945
vn 0 0.51846402 0.85509945
vn 0 1 0
vn 0 0 1
vn 1 0 0
vn 0 0 -1
vn 0 1 0
vn 1 0 0
vn 0 -1 0
vn 0 0 1
vn 1 0 0
vn -1 0 0
vn 0 1 0
vn 0 0 1
vn -1 0 0
vn 0 0 -1
vn 0 1 0
vn -1 0 0
vn 0 -1 0
vn 0 0 1
vn -1 0 0
vn 0 0 -1
vn 0 -1 0
vn 0 0 -1
vn 0 -1 0
vn 1 0 0
vn 0 0 -1
vn 0 1 0
vn 1 0 0
vn 0 1 0
vn 0 0 1
vn 1 0 0
vn 0 0 -1
vn 0 -1 0
vn 1 0 0
vn -1 0 0
vn 0 0 -1
vn 0 1 0
vn -1 0 0
vn 0 1 0
vn 0 0 1
vn -1 0 0
vn 0 0 -1
vn 0 -1 0
vn -1 0 0
vn 0 -1 0
vn 0 0 1
vn 0 -1 0
vn 0 0 1
vn 1 0 0
vn -1 0 0
vn 0 0 -1
vn 0 1 0
vn -1 0 0
vn 0 0 -1
vn 0 -1 0
vn 0 0 -1
vn 0 1 0
vn 1 0 0
vn -1 0 0
vn 0 1 0
vn 0 0 1
vn 0 1 0
vn 0 0 1
vn 1 0 0
vn -1 0 0
vn 0 -1 0
vn 0 0 1
vn 0 -1 0
vn 0 0 1
vn 1 0 0
vn 0 0 -1
vn 0 -1 0
vn 1 0 0
vn -1 0 0
vn 0 1 0
vn 0 0 1
vn -1 0 0
vn 0 -1 0
vn 0 0 1
vn 0 1 0
vn 0 0 1
vn 1 0 0
vn -1 0 0
vn 0 0 -1
vn 0 1 0
vn -1 0 0
vn 0 0 -1
vn 0 -1 0
vn 0 0 -1
vn 0 1 0
vn 1 0 0
vn 0 0 -1
vn 0 -1 0
vn 1 0 0
vn 0 -1 0
vn 0 0 1
vn 1 0 0
vn -1 0 0
vn 0 0 -1
vn 0 1 0
vn 0 0 -1
vn 0 1 0
vn 1 0 0
vn -1 0 0
vn 0 0 -1
vn 0 -1 0
vn -1 0 0
vn 0 1 0
vn 0 0 1
vn 0 1 0
vn 0 0 1
vn 1 0 0
vn -1 0 0
vn 0 -1 0
vn 0 0 1
vn 0 -1 0
vn 0 0 1
vn 1 0 0
vn 0 0 -1
vn 0 -1 0
vn 1 0 0
vn -1 0 0
vn 0 0 -1
vn 0 -1 0
vn -1 0 0
vn 0 -1 0
vn -0.2797663 0 -0.96006813
vn 0 -1 0
vn -1 0 0
vn 0 -0.082825197 -0.99656409
vn 0 0 -1
vn 0 1 0
vn 1 0 0
vn 0 1 0
vn 1 0 0
vn -0.2797663 0 -0.96006813
vn 0 1 0
vn 0 -0.082825197 -0.99656409
vn 1 0 0
vn 0 -0.1705318 -0.98535217
vn 0 -0.7101505 -0.70404991
vn 1 0 0
vn 0 -0.90289292 -0.42986554
vn 0 -0.90289292 -0.42986554
vn 1 0 0
vn -1 0 0
vn 0 -0.1705318 -0.98535217
vn 0 -0.7101505 -0.70404991
vn -1 0 0
vn 0 -0.90289292 -0.42986554
vn 0 -0.90289292 -0.42986554
vn -1 0 0
vn 0 -0.90289292 0.42986554
vn -1 0 0
vn 0 -1 0
vn -1 0 0
vn 0 -1 0
vn -0.99090642 0 -0.13455286
vn 0 -1 0
vn -0.99090642 0 0.13455286
vn 0 -1 0
vn -0.96227146 0 -0.27209124
vn -0.51876782 0 -0.85491517
vn 0 -1 0
vn -0.99090642 0 -0.13455286
vn 0 1 0
vn -0.99090642 0 0.13455286
vn 0 1 0
vn -0.96227146 0 -0.27209124
vn -0.51876782 0 -0.85491517
vn 0 1 0
vn 0 1 0
vn 1 0 0
vn 0 1 0
vn 1 0 0
vn 0 1 0
vn 1 0 0
vn 0 -0.90289292 0.42986554
vn 1 0 0
vn 0 -0.7101505 0.70404991
vn 0 -0.1705318 0.98535217
vn 1 0 0
vn 0 -0.082825197 0.99656409
vn 1 0 0
vn -1 0 0
vn 0 -0.7101505 0.70404991
vn 0 -0.1705318 0.98535217
vn -1 0 0
vn 0 -0.082825197 0.99656409
vn -1 0 0
vn 0 -1 0
vn -1 0 0
vn 0 -1 0
vn 0 0 1
vn -0.96227146 0 0.27209124
vn -0.51876782 0 0.85491517
vn 0 -1 0
vn -0.2797663 0 0.96006813
vn 0 -1 0
vn -0.96227146 0 0.27209124
vn -0.51876782 0 0.85491517
vn 0 1 0
vn -0.2797663 0 0.96006813
vn 0 1 0
vn 0 1 0
vn 0 0 1
vn 1 0 0
vn 0 0 -1
vn 0 -1 0
vn 1 0 0
vn 0 -1 0
vn 0 0 1
vn 1 0 0
vn 0 0 -1
vn 0 1 0
vn 1 0 0
vn -1 0 0
vn 0 0 -1
vn 0 -1 0
vn -1 0 0
vn 0 -1 0
vn 0 0 1
vn -1 0 0
vn 0 0 -1
vn 0 1 0
vn -1 0 0
vn 0 1 0
vn 0 0 1
vn 0 1 0
vn 0 0 1
vn 1 0 0
vn 0 0 -1
vn 0 -1 0
vn 1 0 0
vn 0 -1 0
vn 1 0 0
vn 0 -1 0
vn 0.2797663 0 -0.96006813
vn 0 -0.082825197 -0.99656409
vn 1 0 0
vn -1 0 0
vn 0 0 -1
vn 0 1 0
vn -1 0 0
vn 0 1 0
vn 0 1 0
vn 0.2797663 0 -0.96006813
vn -1 0 0
vn 0 -0.082825197 -0.99656409
vn -1 0 0
vn 0 -0.1705318 -0.98535217
vn 0 -0.7101505 -0.70404991
vn -1 0 0
vn 0 -0.90289292 -0.42986554
vn 0 -0.1705318 -0.98535217
vn 0 -0.7101505 -0.70404991
vn 1 0 0
vn 0 -0.90289292 -0.42986554
vn 1 0 0
vn 0 -0.90289292 0.42986554
vn 1 0 0
vn 0 -1 0
vn 1 0 0
vn 0 -1 0
vn 1 0 0
vn 0 -1 0
vn 0.99090642 0 -0.13455286
vn 0.99090642 0 -0.13455286
vn 0 -1 0
vn 0.51876782 0 -0.85491517
vn 0.96227146 0 -0.27209124
vn 0 -1 0
vn 0.99090642 0 0.13455286
vn 0 1 0
vn 0.99090642 0 -0.13455286
vn 0.99090642 0 -0.13455286
vn 0 1 0
vn 0.51876782 0 -0.85491517
vn 0.96227146 0 -0.27209124
vn 0 1 0
vn 0.99090642 0 0.13455286
vn -1 0 0
vn 0 1 0
vn -1 0 0
vn 0 1 0
vn -1 0 0
vn 0 1 0
vn -1 0 0
vn 0 -0.90289292 0.42986554
vn -1 0 0
vn 0 -0.7101505 0.70404991
vn 0 -0.1705318 0.98535217
vn -1 0 0
vn 0 -0.082825197 0.99656409
vn 0 -0.7101505 0.70404991
vn 0 -0.1705318 0.98535217
vn 1 0 0
vn 0 -0.082825197 0.99656409
vn 1 0 0
vn 0 -1 0
vn 1 0 0
vn 0 -1 0
vn 0.51876782 0 0.85491517
vn 0.96227146 0 0.27209124
vn 0 -1 0
vn 0 0 1
vn 1 0 0
vn 0 -1 0
vn 0.2797663 0 0.96006813
vn -1 0 0
vn 0 1 0
vn 0 0 1
vn 0 1 0
vn 0.2797663 0 0.96006813
vn 0 1 0
vn 0.51876782 0 0.85491517
vn 0.96227146 0 0.27209124
vn 0 0 -1
vn 0 -1 0
vn 1 0 0
vn 0 -1 0
vn 0 0 1
vn 1 0 0
vn 0 0 -1
vn 0 1 0
vn 1 0 0
vn -1 0 0
vn 0 0 -1
vn 0 -1 0
vn -1 0 0
vn 0 -1 0
vn 0 0 1
vn -1 0 0
vn 0 0 -1
vn 0 1 0
vn -1 0 0
vn 0 1 0
vn 0 0 1
vn 0 1 0
vn 0 0 1
vn 1 0 0
vn -1 0 0
vn 0 0 -1
vn 0 1 0
vn -1 0 0
vn 0 1 0
vn 0 0 1
vn -1 0 0
vn 0 0 -1
vn 0 -1 0
vn -1 0 0
vn 0 -1 0
vn 0 0 1
vn 0 0 -1
vn 0 1 0
vn 1 0 0
vn 0 1 0
vn 0 0 1
vn 1 0 0
vn 0 0 -1
vn 0 -1 0
vn 1 0 0
vn 0 -1 0
vn 0 0 1
vn 1 0 0
vn -1 0 0
vn 0 0 -1
vn 0 1 0
vn -1 0 0
vn 0 1 0
vn 0 0 1
vn -1 0 0
vn 0 0 -1
vn 0 -1 0
vn -1 0 0
vn 0 -1 0
vn 0 0 1
vn 0 0 -1
vn 0 1 0
vn 1 0 0
vn 0 1 0
vn 0 0 1
vn 1 0 0
vn 0 0 -1
vn 0 -1 0
vn 1 0 0
vn 0 -1 0
vn 0 0 1
vn 1 0 0
vn 0 0 -1
vn 0 1 0
vn 1 0 0
vn 0 1 0
vn 0 0 1
vn 1 0 0
vn -1 0 0
vn 0 0 -1
vn 0 1 0
vn -1 0 0
vn 0 1 0
vn 0 0 1
vn 0 0 -1
vn 0 -1 0
vn 1 0 0
vn 0 -1 0
vn 0 0 1
vn 1 0 0
vn -1 0 0
vn 0 0 -1
vn 0 -1 0
vn -1 0 0
vn 0 -1 0
vn 0 0 1
vn -1 0 0
vn 0 0 -1
vn 0 1 0
vn 0 0 -1
vn 0 1 0
vn 1 0 0
vn -1 0 0
vn 0 1 0
vn 0 0 1
vn -1 0 0
vn 0 0 -1
vn 0 -1 0
vn 0 0 -1
vn 0 -1 0
vn 1 0 0
vn -1 0 0
vn 0 -1 0
vn 0 0 1
vn 0 -1 0
vn 0 0 1
vn 1 0 0
vn 0 1 0
vn 0 0 1
vn 1 0 0
vn -0.96227146 0 -0.27209124
vn -0.51876782 0 -0.85491517
vn -0.96227146 0 -0.27209124
vn -0.96227146 0 0.27209124
vn -0.96227146 0 -0.27209124
vn -0.51876782 0 -0.85491517
vn -0.51876782 0 -0.85491517
vn 0.51876782 0 -0.85491517
vn -0.51876782 0 -0.85491517
vn 0.51876782 0 -0.85491517
vn 0.51876782 0 -0.85491517
vn 0.96227146 0 -0.27209124
vn 0.96227146 0 -0.27209124
vn 0.96227146 0 0.27209124
vn 0.51876782 0 -0.85491517
vn 0.96227146 0 -0.27209124
vn 0.96227146 0 -0.27209124
vn 0.96227146 0 0.27209124
vn 0.51876782 0 0.85491517
vn 0.96227146 0 0.27209124
vn 0.51876782 0 0.85491517
vn 0.96227146 0 0.27209124
vn -0.51876782 0 0.85491517
vn 0.51876782 0 0.85491517
vn -0.51876782 0 0.85491517
vn 0.51876782 0 0.85491517
vn -0.96227146 0 0.27209124
vn -0.51876782 0 0.85491517
vn -0.96227146 0 0.27209124
vn -0.51876782 0 0.85491517
vn -0.96227146 0 -0.27209124
vn -0.96227146 0 0.27209124
vn 0 -1 0
vn 0 -1 0
vn 0 -1 0
vn 0 -1 0
vn 0 -1 0
vn 0 -1 0
vn 0 -1 0
vn 0 -1 0
vn 0 -1 0
vn 0 -1 0
vn 0.51876782 0 -0.85491517
vn 0.96227146 0 -0.27209124
vn 0 -1 0
vn 0.96227146 0 -0.27209124
vn 0.96227146 0 0.27209124
vn 0.51876782 0 -0.85491517
vn 0.96227146 0 -0.27209124
vn -0.51876782 0 -0.85491517
vn 0 -1 0
vn 0.51876782 0 -0.85491517
vn -0.51876782 0 -0.85491517
vn 0.51876782 0 -0.85491517
vn -0.96227146 0 -0.27209124
vn -0.51876782 0 -0.85491517
vn 0 -1 0
vn -0.96227146 0 -0.27209124
vn -0.96227146 0 0.27209124
vn 0 -1 0
vn -0.96227146 0 -0.27209124
vn -0.51876782 0 -0.85491517
vn -0.96227146 0 -0.27209124
vn -0.96227146 0 0.27209124
vn -0.96227146 0 0.27209124
vn -0.51876782 0 0.85491517
vn -0.96227146 0 0.27209124
vn -0.51876782 0 0.85491517
vn 0 -1 0
vn -0.51876782 0 0.85491517
vn 0.51876782 0 0.85491517
vn -0.51876782 0 0.85491517
vn 0 -1 0
vn 0.51876782 0 0.85491517
vn 0.51876782 0 0.85491517
vn 0.96227146 0 0.27209124
vn 0 -1 0
vn 0.51876782 0 0.85491517
vn 0.96227146 0 0.27209124
vn 0.96227146 0 -0.27209124
vn 0.96227146 0 0.27209124
vn 0 -1 0
vn 0 1 0
vn 0 0 1
vn 1 0 0
vn 0 -1 0
vn 0 0 1
vn 1 0 0
vn -1 0 0
vn 0 1 0
vn 0 0 1
vn 0 0 -1
vn 0 1 0
vn 1 0 0
vn 0 0 -1
vn 0 -1 0
vn 1 0 0
vn -1 0 0
vn 0 0 -1
vn 0 1 0
vn -1 0 0
vn 0 0 -1
vn 0 -1 0
vn -1 0 0
vn 0 -1 0
vn 0 0 1
vn 0 1 0
vn 0 0 1
vn 1 0 0
vn 0 -1 0
vn 0 0 1
vn 1 0 0
vn -1 0 0
vn 0 1 0
vn 0 0 1
vn 0 0 -1
vn 0 1 0
vn 1 0 0
vn 0 0 -1
vn 0 -1 0
vn 1 0 0
vn -1 0 0
vn 0 0 -1
vn 0 1 0
vn -1 0 0
vn 0 0 -1
vn 0 -1 0
vn -1 0 0
vn 0 -1 0
vn 0 0 1
vn 0 1 0
vn 0 0 1
vn 1 0 0
vn 0 -1 0
vn 0 0 1
vn 1 0 0
vn -1 0 0
vn 0 1 0
vn 0 0 1
vn 0 0 -1
vn 0 1 0
vn 1 0 0
vn 0 0 -1
vn 0 -1 0
vn 1 0 0
vn -1 0 0
vn 0 0 -1
vn 0 1 0
vn -1 0 0
vn 0 0 -1
vn 0 -1 0
vn -1 0 0
vn 0 -1 0
vn 0 0 1
vn 0 1 0
vn 0 0 1
vn 1 0 0
vn 0 -1 0
vn 0 0 1
vn 1 0 0
vn -1 0 0
vn 0 1 0
vn 0 0 1
vn 0 0 -1
vn 0 1 0
vn 1 0 0
vn 0 0 -1
vn 0 -1 0
vn 1 0 0
vn -1 0 0
vn 0 0 -1
vn 0 1 0
vn -1 0 0
vn 0 0 -1
vn 0 -1 0
vn -1 0 0
vn 0 -1 0
vn 0 0 1
vn 0 1 0
vn 0 0 1
vn 1 0 0
vn 0 -1 0
vn 0 0 1
vn 1 0 0
vn -1 0 0
vn 0 1 0
vn 0 0 1
vn 0 0 -1
vn 0 1 0
vn 1 0 0
vn 0 0 -1
vn 0 -1 0
vn 1 0 0
vn -1 0 0
vn 0 0 -1
vn 0 1 0
vn -1 0 0
vn 0 0 -1
vn 0 -1 0
vn -1 0 0
vn 0 -1 0
vn 0 0 1
vn 0 1 0
vn 0 0 1
vn 1 0 0
vn 0 -1 0
vn 0 0 1
vn 1 0 0
vn -1 0 0
vn 0 1 0
vn 0 0 1
vn 0 0 -1
vn 0 1 0
vn 1 0 0
vn 0 0 -1
vn 0 -1 0
vn 1 0 0
vn -1 0 0
vn 0 0 -1
vn 0 1 0
vn -1 0 0
vn 0 0 -1
vn 0 -1 0
vn -1 0 0
vn 0 -1 0
vn 0 0 1
vn 0 1 0
vn 0 0 1
vn 1 0 0
vn 0 -1 0
vn 0 0 1
vn 1 0 0
vn -1 0 0
vn 0 1 0
vn 0 0 1
vn 0 0 -1
vn 0 1 0
vn 1 0 0
vn 0 0 -1
vn 0 -1 0
vn 1 0 0
vn -1 0 0
vn 0 0 -1
vn 0 1 0
vn -1 0 0
vn 0 0 -1
vn 0 -1 0
vn -1 0 0
vn 0 -1 0
vn 0 0 1
vn 0 1 0
vn 0 0 1
vn 1 0 0
vn 0 -1 0
vn 0 0 1
vn 1 0 0
vn -1 0 0
vn 0 1 0
vn 0 0 1
vn 0 0 -1
vn 0 1 0
vn 1 0 0
vn 0 0 -1
vn 0 -1 0
vn 1 0 0
vn -1 0 0
vn 0 0 -1
vn 0 1 0
vn -1 0 0
vn 0 0 -1
vn 0 -1 0
vn -1 0 0
vn 0 -1 0
vn 0 0 1
vn 0 1 0
vn 0 0 1
vn 1 0 0
vn 0 -1 0
vn 0 0 1
vn 1 0 0
vn -1 0 0
vn 0 1 0
vn 0 0 1
vn 0 0 -1
vn 0 1 0
vn 1 0 0
vn 0 0 -1
vn 0 -1 0
vn 1 0 0
vn -1 0 0
vn 0 0 -1
vn 0 1 0
vn -1 0 0
vn 0 0 -1
vn 0 -1 0
vn -1 0 0
vn 0 -1 0
vn 0 0 1
vn 0 1 0
vn 0 0 1
vn 1 0 0
vn 0 -1 0
vn 0 0 1
vn 1 0 0
vn -1 0 0
vn 0 1 0
vn 0 0 1
vn 0 0 -1
vn 0 1 0
vn 1 0 0
vn 0 0 -1
vn 0 -1 0
vn 1 0 0
vn -1 0 0
vn 0 0 -1
vn 0 1 0
vn -1 0 0
vn 0 0 -1
vn 0 -1 0
vn -1 0 0
vn 0 -1 0
vn 0 0 1
vn -1 0 0
vn 0 -1 0
vn 0 0 1
vn 0 -1 0
vn 0 0 1
vn 1 0 0
vn -1 0 0
vn 0 0 -1
vn 0 -1 0
vn 0 0 -1
vn 0 -1 0
vn 1 0 0
vn -1 0 0
vn 0 1 0
vn 0 0 1
vn 0 1 0
vn 0 0 1
vn 1 0 0
vn -1 0 0
vn 0 0 -1
vn 0 1 0
vn 0 0 -1
vn 0 1 0
vn 1 0 0
vn 0 0 -1
vn 0 1 0
vn 1 0 0
vn 0 1 0
vn 0 0 1
vn 1 0 0
vn -1 0 0
vn 0 0 -1
vn 0 1 0
vn -1 0 0
vn 0 1 0
vn 0 0 1
vn 0 0 -1
vn 0 -1 0
vn 1 0 0
vn 0 -1 0
vn 0 0 1
vn 1 0 0
vn -1 0 0
vn 0 0 -1
vn 0 -1 0
vn -1 0 0
vn 0 -1 0
vn 0 0 1
vn -1 0 0
vn 0 0 -1
vn 0 -1 0
vn -1 0 0
vn 0 -1 0
vn 0 0 1
vn 0 0 -1
vn 0 -1 0
vn 1 0 0
vn 0 -1 0
vn 0 0 1
vn 1 0 0
vn -1 0 0
vn 0 0 -1
vn 0 1 0
vn -1 0 0
vn 0 1 0
vn 0 0 1
vn 0 0 -1
vn 0 1 0
vn 1 0 0
vn 0 1 0
vn 0 0 1
vn 1 0 0
vn 0 0 -1
vn 0 1 0
vn 1 0 0
vn 0 1 0
vn 0 0 1
vn 1 0 0
vn 0 0 -1
vn 0 -1 0
vn 1 0 0
vn 0 -1 0
vn 0 0 1
vn 1 0 0
vn -1 0 0
vn 0 0 -1
vn 0 1 0
vn -1 0 0
vn 0 1 0
vn 0 0 1
vn -1 0 0
vn 0 0 -1
vn 0 -1 0
vn -1 0 0
vn 0 -1 0
vn 0 0 1
vn -1 0 0
vn 0 1 0
vn 0 0 1
vn 0 -1 0
vn 0 0 1
vn 0 1 0
vn 0 0 1
vn 0 -1 0
vn 0 0 1
vn 1 0 0
vn -1 0 0
vn 0 -1 0
vn 0 0 1
vn 0 1 0
vn 0 0 1
vn 1 0 0
vn 0 -1 0
vn 0 0 1
vn 0 1 0
vn 0 0 1
vn 1 0 0
vn 0 0 1
vn -1 0 0
vn 0 0 1
vn 0 1 0
vn 0 0 1
vn 1 0 0
vn -1 0 0
vn 0 0 -1
vn 0 1 0
vn 0 0 -1
vn 0 -1 0
vn 0 0 -1
vn 0 1 0
vn 0 0 -1
vn 0 -1 0
vn 1 0 0
vn -1 0 0
vn 0 0 -1
vn 0 -1 0
vn 0 0 -1
vn 0 1 0
vn 1 0 0
vn 0 0 -1
vn 0 -1 0
vn 0 0 -1
vn 0 1 0
vn 1 0 0
vn 0 0 -1
vn -1 0 0
vn 0 0 -1
vn 0 0 -1
vn 0 1 0
vn 1 0 0
usemtl surface_1
f 8/8/8 5/5/5 10/10/10
f 8/8/8 3/3/3 5/5/5
f 17/17/17 20/20/20 22/22/22
f 17/17/17 15/15/15 20/20/20
f 7/7/7 14/14/14 2/2/2
f 7/7/7 19/19/19 14/14/14
f 12/12/12 21/21/21 9/9/9
f 12/12/12 24/24/24 21/21/21
f 1/1/1 16/16/16 4/4/4
f 1/1/1 13/13/13 16/16/16
f 6/6/6 23/23/23 11/11/11
f 6/6/6 18/18/18 23/23/23
f 26/26/26 48/48/48 29/29/29
f 26/26/26 33/33/33 48/48/48
f 30/30/30 36/36/36 27/27/27
f 30/30/30 39/39/39 36/36/36
f 25/25/25 42/42/42 32/32/32
f 25/25/25 35/35/35 42/42/42
f 34/34/34 44/44/44 41/41/41
f 34/34/34 37/37/37 44/44/44
f 31/31/31 43/43/43 46/46/46
f 31/31/31 40/40/40 43/43/43
f 47/47/47 38/38/38 28/28/28
f 47/47/47 45/45/45 38/38/38
f 49/49/49 58/58/58 52/52/52
f 49/49/49 55/55/55 58/58/58
f 63/63/63 72/72/72 69/69/69
f 63/63/63 66/66/66 72/72/72
f 53/53/53 62/62/62 51/51/51
f 53/53/53 64/64/64 62/62/62
f 57/57/57 70/70/70 59/59/59
f 57/57/57 68/68/68 70/70/70
f 60/60/60 65/65/65 54/54/54
f 60/60/60 71/71/71 65/65/65
f 50/50/50 67/67/67 56/56/56
f 50/50/50 61/61/61 67/67/67
f 82/82/82 79/79/79 73/73/73
f 82/82/82 76/76/76 79/79/79
f 96/96/96 93/93/93 90/90/90
f 96/96/96 87/87/87 93/93/93
f 74/74/74 95/95/95 84/84/84
f 74/74/74 85/85/85 95/95/95
f 78/78/78 91/91/91 80/80/80
f 78/78/78 89/89/89 91/91/91
f 81/81/81 86/86/86 75/75/75
f 81/81/81 92/92/92 86/86/86
f 83/83/83 88/88/88 77/77/77
f 83/83/83 94/94/94 88/88/88
f 97/97/97 106/106/106 100/100/100
f 97/97/97 103/103/103 106/106/106
f 111/111/111 120/120/120 117/117/117
f 111/111/111 114/114/114 120/120/120
f 101/101/101 110/110/110 99/99/99
f 101/101/101 112/112/112 110/110/110
f 105/105/105 118/118/118 107/107/107
f 105/105/105 116/116/116 118/118/118
f 108/108/108 113/113/113 102/102/102
f 108/108/108 119/119/119 113/113/113
f 98/98/98 115/115/115 104/104/104
f 98/98/98 109/109/109 115/115/115
f 124/124/124 128/128/128 121/121/121
f 124/124/124 131/131/131 128/128/128
f 130/130/130 133/133/133 127/127/127
f 130/130/130 136/136/136 133/133/133
f 125/125/125 137/137/137 132/132/132
f 125/125/125 142/142/142 137/137/137
f 123/123/123 144/144/144 126/126/126
f 123/123/123 141/141/141 144/144/144
f 129/129/129 139/139/139 122/122/122
f 129/129/129 134/134/134 139/139/139
f 143/143/143 135/135/135 138/138/138
f 143/143/143 140/140/140 135/135/135
f 146/146/146 151/151/151 147/147/147
f 146/146/146 150/150/150 151/151/151
f 148/148/148 149/149/149 145/145/145
f 148/148/148 152/152/152 149/149/149
f 154/154/154 156/156/156 153/153/153
f 154/154/154 157/157/157 156/156/156
f 153/153/153 158/158/158 155/155/155
f 153/153/153 156/156/156 158/158/158
f 170/170/170 163/163/163 160/160/160
f 170/170/170 167/167/167 163/163/163
f 181/181/181 174/174/174 178/178/178
f 181/181/181 171/171/171 174/174/174
f 166/166/166 175/175/175 162/162/162
f 166/166/166 179/179/179 175/175/175
f 164/164/164 173/173/173 161/161/161
f 164/164/164 176/176/176 173/173/173
f 168/168/168 177/177/177 165/165/165
f 168/168/168 180/180/180 177/177/177
f 159/159/159 182/182/182 169/169/169
f 159/159/159 172/172/172 182/182/182
f 183/183/183 193/193/193 187/187/187
f 183/183/183 189/189/189 193/193/193
f 196/196/196 206/206/206 202/202/202
f 196/196/196 200/200/200 206/206/206
f 188/188/188 195/195/195 184/184/184
f 188/188/188 199/199/199 195/195/195
f 190/190/190 205/205/205 194/194/194
f 190/190/190 201/201/201 205/205/205
f 192/192/192 198/198/198 186/186/186
f 192/192/192 204/204/204 198/198/198
f 185/185/185 203/203/203 191/191/191
f 185/185/185 197/197/197 203/203/203
f 249/249/249 238/238/238 241/241/241
f 249/249/249 212/212/212 238/238/238
f 218/218/218 208/208/208 216/216/216
f 218/218/218 244/244/244 208/208/208
f 245/245/245 222/222/222 227/227/227
f 245/245/245 243/243/243 222/222/222
f 228/228/228 242/242/242 213/213/213
f 228/228/228 246/246/246 242/242/242
f 209/209/209 227/227/227 224/224/224
f 209/209/209 245/245/245 227/227/227
f 213/213/213 244/244/244 218/218/218
f 213/213/213 242/242/242 244/244/244
f 243/243/243 236/236/236 222/222/222
f 243/243/243 247/247/247 236/236/236
f 232/232/232 246/246/246 228/228/228
f 232/232/232 248/248/248 246/246/246
f 247/247/247 241/241/241 236/236/236
f 247/247/247 249/249/249 241/241/241
f 230/230/230 248/248/248 232/232/232
f 230/230/230 210/210/210 248/248/248
f 291/291/291 280/280/280 253/253/253
f 291/291/291 282/282/282 280/280/280
f 261/261/261 252/252/252 288/288/288
f 261/261/261 259/259/259 252/252/252
f 287/287/287 264/264/264 285/285/285
f 287/287/287 268/268/268 264/264/264
f 271/271/271 286/286/286 290/290/290
f 271/271/271 256/256/256 286/286/286
f 250/250/250 268/268/268 287/287/287
f 250/250/250 266/266/266 268/268/268
f 256/256/256 288/288/288 286/286/286
f 256/256/256 261/261/261 288/288/288
f 285/285/285 278/278/278 289/289/289
f 285/285/285 264/264/264 278/278/278
f 275/275/275 290/290/290 292/292/292
f 275/275/275 271/271/271 290/290/290
f 289/289/289 282/282/282 291/291/291
f 289/289/289 278/278/278 282/282/282
f 273/273/273 292/292/292 254/254/254
f 273/273/273 275/275/275 292/292/292
f 215/215/215 272/272/272 229/229/229
f 215/215/215 258/258/258 272/272/272
f 220/220/220 257/257/257 214/214/214
f 220/220/220 263/263/263 257/257/257
f 217/217/217 262/262/262 219/219/219
f 217/217/217 260/260/260 262/262/262
f 207/207/207 260/260/260 217/217/217
f 207/207/207 251/251/251 260/260/260
f 231/231/231 255/255/255 211/211/211
f 231/231/231 274/274/274 255/255/255
f 233/233/233 274/274/274 231/231/231
f 233/233/233 276/276/276 274/274/274
f 229/229/229 277/277/277 234/234/234
f 229/229/229 272/272/272 277/277/277
f 223/223/223 251/251/251 207/207/207
f 223/223/223 267/267/267 251/251/251
f 225/225/225 267/267/267 223/223/223
f 225/225/225 269/269/269 267/267/267
f 221/221/221 270/270/270 226/226/226
f 221/221/221 265/265/265 270/270/270
f 235/235/235 265/265/265 221/221/221
f 235/235/235 279/279/279 265/265/265
f 239/239/239 279/279/279 235/235/235
f 239/239/239 283/283/283 279/279/279
f 237/237/237 284/284/284 240/240/240
f 237/237/237 281/281/281 284/284/284
f 211/211/211 281/281/281 237/237/237
f 211/211/211 255/255/255 281/281/281
f 299/299/299 296/296/296 302/302/302
f 299/299/299 293/293/293 296/296/296
f 313/313/313 310/310/310 307/307/307
f 313/313/313 316/316/316 310/310/310
f 295/295/295 308/308/308 297/297/297
f 295/295/295 306/306/306 308/308/308
f 303/303/303 312/312/312 301/301/301
f 303/303/303 314/314/314 312/312/312
f 300/300/300 305/305/305 294/294/294
f 300/300/300 311/311/311 305/305/305
f 298/298/298 315/315/315 304/304/304
f 298/298/298 309/309/309 315/315/315
f 359/359/359 348/348/348 351/351/351
f 359/359/359 321/321/321 348/348/348
f 328/328/328 317/317/317 326/326/326
f 328/328/328 354/354/354 317/317/317
f 355/355/355 332/332/332 337/337/337
f 355/355/355 353/353/353 332/332/332
f 338/338/338 352/352/352 323/323/323
f 338/338/338 356/356/356 352/352/352
f 319/319/319 337/337/337 334/334/334
f 319/319/319 355/355/355 337/337/337
f 323/323/323 354/354/354 328/328/328
f 323/323/323 352/352/352 354/354/354
f 353/353/353 346/346/346 332/332/332
f 353/353/353 357/357/357 346/346/346
f 342/342/342 356/356/356 338/338/338
f 342/342/342 358/358/358 356/356/356
f 357/357/357 351/351/351 346/346/346
f 357/357/357 359/359/359 351/351/351
f 340/340/340 358/358/358 342/342/342
f 340/340/340 320/320/320 358/358/358
f 401/401/401 391/391/391 363/363/363
f 401/401/401 394/394/394 391/391/391
f 373/373/373 362/362/362 398/398/398
f 373/373/373 370/370/370 362/362/362
f 397/397/397 375/375/375 395/395/395
f 397/397/397 380/380/380 375/375/375
f 382/382/382 396/396/396 400/400/400
f 382/382/382 368/368/368 396/396/396
f 361/361/361 380/380/380 397/397/397
f 361/361/361 377/377/377 380/380/380
f 368/368/368 398/398/398 396/396/396
f 368/368/368 373/373/373 398/398/398
f 395/395/395 389/389/389 399/399/399
f 395/395/395 375/375/375 389/389/389
f 387/387/387 400/400/400 402/402/402
f 387/387/387 382/382/382 400/400/400
f 399/399/399 394/394/394 401/401/401
f 399/399/399 389/389/389 394/394/394
f 384/384/384 402/402/402 365/365/365
f 384/384/384 387/387/387 402/402/402
f 324/324/324 381/381/381 339/339/339
f 324/324/324 366/366/366 381/381/381
f 330/330/330 367/367/367 325/325/325
f 330/330/330 372/372/372 367/367/367
f 327/327/327 371/371/371 329/329/329
f 327/327/327 369/369/369 371/371/371
f 318/318/318 369/369/369 327/327/327
f 318/318/318 360/360/360 369/369/369
f 341/341/341 364/364/364 322/322/322
f 341/341/341 383/383/383 364/364/364
f 344/344/344 383/383/383 341/341/341
f 344/344/344 386/386/386 383/383/383
f 339/339/339 385/385/385 343/343/343
f 339/339/339 381/381/381 385/385/385
f 333/333/333 360/360/360 318/318/318
f 333/333/333 376/376/376 360/360/360
f 336/336/336 376/376/376 333/333/333
f 336/336/336 379/379/379 376/376/376
f 331/331/331 378/378/378 335/335/335
f 331/331/331 374/374/374 378/378/378
f 345/345/345 374/374/374 331/331/331
f 345/345/345 388/388/388 374/374/374
f 349/349/349 388/388/388 345/345/345
f 349/349/349 392/392/392 388/388/388
f 347/347/347 393/393/393 350/350/350
f 347/347/347 390/390/390 393/393/393
f 322/322/322 390/390/390 347/347/347
f 322/322/322 364/364/364 390/390/390
f 409/409/409 406/406/406 412/412/412
f 409/409/409 403/403/403 406/406/406
f 423/423/423 420/420/420 417/417/417
f 423/423/423 426/426/426 420/420/420
f 405/405/405 418/418/418 407/407/407
f 405/405/405 416/416/416 418/418/418
f 408/408/408 425/425/425 414/414/414
f 408/408/408 419/419/419 425/425/425
f 413/413/413 422/422/422 411/411/411
f 413/413/413 424/424/424 422/422/422
f 410/410/410 415/415/415 404/404/404
f 410/410/410 421/421/421 415/415/415
f 427/427/427 436/436/436 430/430/430
f 427/427/427 433/433/433 436/436/436
f 435/435/435 448/448/448 437/437/437
f 435/435/435 446/446/446 448/448/448
f 447/447/447 444/444/444 450/450/450
f 447/447/447 441/441/441 444/444/444
f 440/440/440 431/431/431 442/442/442
f 440/440/440 429/429/429 431/431/431
f 434/434/434 439/439/439 445/445/445
f 434/434/434 428/428/428 439/439/439
f 449/449/449 432/432/432 438/438/438
f 449/449/449 443/443/443 432/432/432
f 451/451/451 460/460/460 454/454/454
f 451/451/451 457/457/457 460/460/460
f 459/459/459 472/472/472 461/461/461
f 459/459/459 470/470/470 472/472/472
f 471/471/471 468/468/468 474/474/474
f 471/471/471 465/465/465 468/468/468
f 464/464/464 455/455/455 466/466/466
f 464/464/464 453/453/453 455/455/455
f 458/458/458 463/463/463 469/469/469
f 458/458/458 452/452/452 463/463/463
f 473/473/473 456/456/456 462/462/462
f 473/473/473 467/467/467 456/456/456
f 476/476/476 485/485/485 478/478/478
f 476/476/476 483/483/483 485/485/485
f 481/481/481 496/496/496 484/484/484
f 481/481/481 493/493/493 496/496/496
f 495/495/495 490/490/490 497/497/497
f 495/495/495 488/488/488 490/490/490
f 489/489/489 480/480/480 492/492/492
f 489/489/489 477/477/477 480/480/480
f 482/482/482 487/487/487 494/494/494
f 482/482/482 475/475/475 487/487/487
f 498/498/498 479/479/479 486/486/486
f 498/498/498 491/491/491 479/479/479
f 500/500/500 509/509/509 502/502/502
f 500/500/500 507/507/507 509/509/509
f 506/506/506 511/511/511 518/518/518
f 506/506/506 499/499/499 511/511/511
f 513/513/513 504/504/504 516/516/516
f 513/513/513 501/501/501 504/504/504
f 505/505/505 520/520/520 508/508/508
f 505/505/505 517/517/517 520/520/520
f 519/519/519 514/514/514 521/521/521
f 519/519/519 512/512/512 514/514/514
f 522/522/522 503/503/503 510/510/510
f 522/522/522 515/515/515 503/503/503
f 533/533/533 525/525/525 530/530/530
f 533/533/533 528/528/528 525/525/525
f 541/541/541 536/536/536 539/539/539
f 541/541/541 544/544/544 536/536/536
f 531/531/531 543/543/543 534/534/534
f 531/531/531 546/546/546 543/543/543
f 532/532/532 540/540/540 527/527/527
f 532/532/532 542/542/542 540/540/540
f 524/524/524 545/545/545 529/529/529
f 524/524/524 537/537/537 545/545/545
f 526/526/526 535/535/535 523/523/523
f 526/526/526 538/538/538 535/535/535
f 557/557/557 548/548/548 555/555/555
f 557/557/557 550/550/550 548/548/548
f 569/569/569 560/560/560 562/562/562
f 569/569/569 567/567/567 560/560/560
f 551/551/551 561/561/561 549/549/549
f 551/551/551 563/563/563 561/561/561
f 547/547/547 565/565/565 553/553/553
f 547/547/547 559/559/559 565/565/565
f 558/558/558 564/564/564 552/552/552
f 558/558/558 570/570/570 564/564/564
f 554/554/554 568/568/568 556/556/556
f 554/554/554 566/566/566 568/568/568
f 572/572/572 580/580/580 574/574/574
f 572/572/572 578/578/578 580/580/580
f 585/585/585 593/593/593 591/591/591
f 585/585/585 587/587/587 593/593/593
f 575/575/575 584/584/584 573/573/573
f 575/575/575 586/586/586 584/584/584
f 579/579/579 592/592/592 581/581/581
f 579/579/579 590/590/590 592/592/592
f 582/582/582 588/588/588 576/576/576
f 582/582/582 594/594/594 588/588/588
f 571/571/571 589/589/589 577/577/577
f 571/571/571 583/583/583 589/589/589
f 597/597/597 604/604/604 602/602/602
f 597/597/597 599/599/599 604/604/604
f 603/603/603 618/618/618 615/615/615
f 603/603/603 606/606/606 618/618/618
f 614/614/614 611/611/611 609/609/609
f 614/614/614 616/616/616 611/611/611
f 607/607/607 598/598/598 595/595/595
f 607/607/607 610/610/610 598/598/598
f 601/601/601 608/608/608 596/596/596
f 601/601/601 613/613/613 608/608/608
f 617/617/617 600/600/600 612/612/612
f 617/617/617 605/605/605 600/600/600
f 619/619/619 623/623/623 620/620/620
f 619/619/619 622/622/622 623/623/623
f 621/621/621 622/622/622 619/619/619
f 621/621/621 624/624/624 622/622/622
f 626/626/626 629/629/629 630/630/630
f 626/626/626 628/628/628 629/629/629
f 632/632/632 627/627/627 625/625/625
f 632/632/632 631/631/631 627/627/627
f 637/637/637 643/643/643 633/633/633
f 637/637/637 647/647/647 643/643/643
f 638/638/638 641/641/641 656/656/656
f 638/638/638 635/635/635 641/641/641
f 634/634/634 650/650/650 640/640/640
f 634/634/634 644/644/644 650/650/650
f 645/645/645 648/648/648 642/642/642
f 645/645/645 651/651/651 648/648/648
f 639/639/639 653/653/653 655/655/655
f 639/639/639 649/649/649 653/653/653
f 654/654/654 646/646/646 636/636/636
f 654/654/654 652/652/652 646/646/646
f 658/658/658 670/670/670 660/660/660
f 658/658/658 668/668/668 670/670/670
f 659/659/659 680/680/680 665/665/665
f 659/659/659 662/662/662 680/680/680
f 663/663/663 667/667/667 657/657/657
f 663/663/663 673/673/673 667/667/667
f 666/666/666 675/675/675 669/669/669
f 666/666/666 672/672/672 675/675/675
f 678/678/678 674/674/674 664/664/664
f 678/678/678 676/676/676 674/674/674
f 661/661/661 677/677/677 679/679/679
f 661/661/661 671/671/671 677/677/677
f 681/681/681 696/696/696 690/690/690
f 681/681/681 684/684/684 696/696/696
f 685/685/685 687/687/687 702/702/702
f 685/685/685 682/682/682 687/687/687
f 688/688/688 691/691/691 693/693/693
f 688/688/688 683/683/683 691/691/691
f 698/698/698 694/694/694 692/692/692
f 698/698/698 700/700/700 694/694/694
f 686/686/686 699/699/699 697/697/697
f 686/686/686 703/703/703 699/699/699
f 704/704/704 695/695/695 701/701/701
f 704/704/704 689/689/689 695/695/695
f 705/705/705 717/717/717 708/708/708
f 705/705/705 714/714/714 717/717/717
f 712/712/712 710/710/710 727/727/727
f 712/712/712 707/707/707 710/710/710
f 711/711/711 716/716/716 706/706/706
f 711/711/711 721/721/721 716/716/716
f 720/720/720 718/718/718 715/715/715
f 720/720/720 723/723/723 718/718/718
f 728/728/728 722/722/722 713/713/713
f 728/728/728 725/725/725 722/722/722
f 709/709/709 724/724/724 726/726/726
f 709/709/709 719/719/719 724/724/724
f 731/731/731 741/741/741 733/733/733
f 731/731/731 739/739/739 741/741/741
f 730/730/730 750/750/750 736/736/736
f 730/730/730 732/732/732 750/750/750
f 735/735/735 738/738/738 729/729/729
f 735/735/735 744/744/744 738/738/738
f 740/740/740 748/748/748 742/742/742
f 740/740/740 746/746/746 748/748/748
f 751/751/751 745/745/745 737/737/737
f 751/751/751 747/747/747 745/745/745
f 734/734/734 749/749/749 752/752/752
f 734/734/734 743/743/743 749/749/749
f 753/753/753 777/777/777 756/756/756
f 753/753/753 760/760/760 777/777/777
f 795/795/795 755/755/755 757/757/757
f 795/795/795 759/759/759 755/755/755
f 758/758/758 762/762/762 754/754/754
f 758/758/758 767/767/767 762/762/762
f 754/754/754 769/769/769 761/761/761
f 754/754/754 762/762/762 769/769/769
f 764/764/764 773/773/773 770/770/770
f 764/764/764 766/766/766 773/773/773
f 802/802/802 763/763/763 768/768/768
f 802/802/802 765/765/765 763/763/763
f 761/761/761 771/771/771 778/778/778
f 761/761/761 769/769/769 771/771/771
f 779/779/779 775/775/775 782/782/782
f 779/779/779 772/772/772 775/775/775
f 766/766/766 776/776/776 773/773/773
f 766/766/766 804/804/804 776/776/776
f 756/756/756 780/780/780 785/785/785
f 756/756/756 777/777/777 780/780/780
f 781/781/781 809/809/809 784/784/784
f 781/781/781 774/774/774 809/809/809
f 785/785/785 783/783/783 787/787/787
f 785/785/785 780/780/780 783/783/783
f 792/792/792 786/786/786 788/788/788
f 792/792/792 790/790/790 786/786/786
f 790/790/790 757/757/757 786/786/786
f 790/790/790 795/795/795 757/757/757
f 791/791/791 796/796/796 789/789/789
f 791/791/791 798/798/798 796/796/796
f 789/789/789 800/800/800 793/793/793
f 789/789/789 796/796/796 800/800/800
f 799/799/799 803/803/803 797/797/797
f 799/799/799 805/805/805 803/803/803
f 797/797/797 765/765/765 802/802/802
f 797/797/797 803/803/803 765/765/765
f 804/804/804 810/810/810 776/776/776
f 804/804/804 806/806/806 810/810/810
f 806/806/806 813/813/813 810/810/810
f 806/806/806 808/808/808 813/813/813
f 833/833/833 805/805/805 799/799/799
f 833/833/833 807/807/807 805/805/805
f 784/784/784 811/811/811 817/817/817
f 784/784/784 809/809/809 811/811/811
f 818/818/818 814/814/814 820/820/820
f 818/818/818 812/812/812 814/814/814
f 808/808/808 815/815/815 813/813/813
f 808/808/808 838/838/838 815/815/815
f 787/787/787 816/816/816 821/821/821
f 787/787/787 783/783/783 816/816/816
f 821/821/821 819/819/819 823/823/823
f 821/821/821 816/816/816 819/819/819
f 828/828/828 788/788/788 822/822/822
f 828/828/828 792/792/792 788/788/788
f 830/830/830 822/822/822 824/824/824
f 830/830/830 828/828/828 822/822/822
f 829/829/829 832/832/832 827/827/827
f 829/829/829 834/834/834 832/832/832
f 826/826/826 798/798/798 791/791/791
f 826/826/826 831/831/831 798/798/798
f 835/835/835 807/807/807 833/833/833
f 835/835/835 836/836/836 807/807/807
f 825/825/825 834/834/834 829/829/829
f 825/825/825 837/837/837 834/834/834
f 820/820/820 837/837/837 825/825/825
f 820/820/820 814/814/814 837/837/837
f 794/794/794 767/767/767 758/758/758
f 794/794/794 801/801/801 767/767/767
f 842/842/842 850/850/850 840/840/840
f 842/842/842 852/852/852 850/850/850
f 847/847/847 844/844/844 841/841/841
f 847/847/847 862/862/862 844/844/844
f 839/839/839 855/855/855 845/845/845
f 839/839/839 849/849/849 855/855/855
f 854/854/854 851/851/851 857/857/857
f 854/854/854 848/848/848 851/851/851
f 846/846/846 858/858/858 860/860/860
f 846/846/846 856/856/856 858/858/858
f 861/861/861 853/853/853 843/843/843
f 861/861/861 859/859/859 853/853/853
f 888/888/888 865/865/865 867/867/867
f 888/888/888 871/871/871 865/865/865
f 864/864/864 900/900/900 866/866/866
f 864/864/864 868/868/868 900/900/900
f 863/863/863 878/878/878 869/869/869
f 863/863/863 873/873/873 878/878/878
f 870/870/870 873/873/873 863/863/863
f 870/870/870 880/880/880 873/873/873
f 881/881/881 872/872/872 879/879/879
f 881/881/881 875/875/875 872/872/872
f 874/874/874 908/908/908 877/877/877
f 874/874/874 876/876/876 908/908/908
f 886/886/886 880/880/880 870/870/870
f 886/886/886 882/882/882 880/880/880
f 889/889/889 883/883/883 887/887/887
f 889/889/889 885/885/885 883/883/883
f 884/884/884 875/875/875 881/881/881
f 884/884/884 913/913/913 875/875/875
f 890/890/890 867/867/867 894/894/894
f 890/890/890 888/888/888 867/867/867
f 891/891/891 885/885/885 889/889/889
f 891/891/891 920/920/920 885/885/885
f 892/892/892 894/894/894 896/896/896
f 892/892/892 890/890/890 894/894/894
f 893/893/893 903/903/903 895/895/895
f 893/893/893 897/897/897 903/903/903
f 866/866/866 897/897/897 893/893/893
f 866/866/866 900/900/900 897/897/897
f 902/902/902 906/906/906 898/898/898
f 902/902/902 910/910/910 906/906/906
f 899/899/899 912/912/912 904/904/904
f 899/899/899 907/907/907 912/912/912
f 876/876/876 905/905/905 908/908/908
f 876/876/876 914/914/914 905/905/905
f 914/914/914 911/911/911 905/905/905
f 914/914/914 916/916/916 911/911/911
f 919/919/919 913/913/913 884/884/884
f 919/919/919 915/915/915 913/913/913
f 916/916/916 946/946/946 911/911/911
f 916/916/916 918/918/918 946/946/946
f 921/921/921 915/915/915 919/919/919
f 921/921/921 917/917/917 915/915/915
f 926/926/926 920/920/920 891/891/891
f 926/926/926 922/922/922 920/920/920
f 929/929/929 923/923/923 927/927/927
f 929/929/929 925/925/925 923/923/923
f 924/924/924 917/917/917 921/921/921
f 924/924/924 941/941/941 917/917/917
f 930/930/930 932/932/932 938/938/938
f 930/930/930 928/928/928 932/932/932
f 928/928/928 896/896/896 932/932/932
f 928/928/928 892/892/892 896/896/896
f 895/895/895 933/933/933 931/931/931
f 895/895/895 903/903/903 933/933/933
f 931/931/931 939/939/939 936/936/936
f 931/931/931 933/933/933 939/939/939
f 937/937/937 925/925/925 929/929/929
f 937/937/937 943/943/943 925/925/925
f 940/940/940 943/943/943 937/937/937
f 940/940/940 945/945/945 943/943/943
f 918/918/918 944/944/944 946/946/946
f 918/918/918 942/942/942 944/944/944
f 934/934/934 945/945/945 940/940/940
f 934/934/934 947/947/947 945/945/945
f 904/904/904 948/948/948 935/935/935
f 904/904/904 912/912/912 948/948/948
f 869/869/869 909/909/909 901/901/901
f 869/869/869 878/878/878 909/909/909
f 952/952/952 960/960/960 950/950/950
f 952/952/952 962/962/962 960/960/960
f 957/957/957 954/954/954 951/951/951
f 957/957/957 972/972/972 954/954/954
f 949/949/949 965/965/965 955/955/955
f 949/949/949 959/959/959 965/965/965
f 964/964/964 961/961/961 967/967/967
f 964/964/964 958/958/958 961/961/961
f 956/956/956 968/968/968 970/970/970
f 956/956/956 966/966/966 968/968/968
f 971/971/971 963/963/963 953/953/953
f 971/971/971 969/969/969 963/963/963
f 973/973/973 982/982/982 976/976/976
f 973/973/973 979/979/979 982/982/982
f 981/981/981 994/994/994 983/983/983
f 981/981/981 992/992/992 994/994/994
f 993/993/993 990/990/990 996/996/996
f 993/993/993 987/987/987 990/990/990
f 986/986/986 977/977/977 988/988/988
f 986/986/986 975/975/975 977/977/977
f 980/980/980 985/985/985 991/991/991
f 980/980/980 974/974/974 985/985/985
f 995/995/995 978/978/978 984/984/984
f 995/995/995 989/989/989 978/978/978
f 997/997/997 1006/1006/1006 1000/1000/1000
f 997/997/997 1003/1003/1003 1006/1006/1006
f 1005/1005/1005 1018/1018/1018 1007/1007/1007
f 1005/1005/1005 1016/1016/1016 1018/1018/1018
f 1017/1017/1017 1014/1014/1014 1020/1020/1020
f 1017/1017/1017 1011/1011/1011 1014/1014/1014
f 1010/1010/1010 1001/1001/1001 1012/1012/1012
f 1010/1010/1010 999/999/999 1001/1001/1001
f 1004/1004/1004 1009/1009/1009 1015/1015/1015
f 1004/1004/1004 998/998/998 1009/1009/1009
f 1019/1019/1019 1002/1002/1002 1008/1008/1008
f 1019/1019/1019 1013/1013/1013 1002/1002/1002
f 1022/1022/1022 1031/1031/1031 1024/1024/1024
f 1022/1022/1022 1029/1029/1029 1031/1031/1031
f 1027/1027/1027 1042/1042/1042 1030/1030/1030
f 1027/1027/1027 1039/1039/1039 1042/1042/1042
f 1041/1041/1041 1036/1036/1036 1043/1043/1043
f 1041/1041/1041 1034/1034/1034 1036/1036/1036
f 1035/1035/1035 1026/1026/1026 1038/1038/1038
f 1035/1035/1035 1023/1023/1023 1026/1026/1026
f 1028/1028/1028 1033/1033/1033 1040/1040/1040
f 1028/1028/1028 1021/1021/1021 1033/1033/1033
f 1044/1044/1044 1025/1025/1025 1032/1032/1032
f 1044/1044/1044 1037/1037/1037 1025/1025/1025
f 1048/1048/1048 1055/1055/1055 1046/1046/1046
f 1048/1048/1048 1057/1057/1057 1055/1055/1055
f 1047/1047/1047 1066/1066/1066 1049/1049/1049
f 1047/1047/1047 1052/1052/1052 1066/1066/1066
f 1054/1054/1054 1051/1051/1051 1045/1045/1045
f 1054/1054/1054 1060/1060/1060 1051/1051/1051
f 1058/1058/1058 1061/1061/1061 1056/1056/1056
f 1058/1058/1058 1063/1063/1063 1061/1061/1061
f 1064/1064/1064 1053/1053/1053 1062/1062/1062
f 1064/1064/1064 1067/1067/1067 1053/1053/1053
f 1050/1050/1050 1065/1065/1065 1059/1059/1059
f 1050/1050/1050 1068/1068/1068 1065/1065/1065
f 1069/1069/1069 1099/1099/1099 1073/1073/1073
f 1069/1069/1069 1071/1071/1071 1099/1099/1099
f 1075/1075/1075 1074/1074/1074 1077/1077/1077
f 1075/1075/1075 1070/1070/1070 1074/1074/1074
f 1076/1076/1076 1083/1083/1083 1079/1079/1079
f 1076/1076/1076 1078/1078/1078 1083/1083/1083
f 1080/1080/1080 1085/1085/1085 1081/1081/1081
f 1080/1080/1080 1084/1084/1084 1085/1085/1085
f 1082/1082/1082 1088/1088/1088 1090/1090/1090
f 1082/1082/1082 1086/1086/1086 1088/1088/1088
f 1089/1089/1089 1092/1092/1092 1094/1094/1094
f 1089/1089/1089 1087/1087/1087 1092/1092/1092
f 1098/1098/1098 1091/1091/1091 1096/1096/1096
f 1098/1098/1098 1093/1093/1093 1091/1091/1091
f 1072/1072/1072 1095/1095/1095 1100/1100/1100
f 1072/1072/1072 1097/1097/1097 1095/1095/1095
f 1101/1101/1101 1107/1107/1107 1102/1102/1102
f 1101/1101/1101 1103/1103/1103 1107/1107/1107
f 1108/1108/1108 1105/1105/1105 1106/1106/1106
f 1108/1108/1108 1107/1107/1107 1105/1105/1105
f 1102/1102/1102 1108/1108/1108 1109/1109/1109
f 1102/1102/1102 1107/1107/1107 1108/1108/1108
f 1103/1103/1103 1105/1105/1105 1107/1107/1107
f 1103/1103/1103 1104/1104/1104 1105/1105/1105
f 1112/1112/1112 1148/1148/1148 1114/1114/1114
f 1112/1112/1112 1117/1117/1117 1148/1148/1148
f 1120/1120/1120 1116/1116/1116 1111/1111/1111
f 1120/1120/1120 1122/1122/1122 1116/1116/1116
f 1118/1118/1118 1130/1130/1130 1121/1121/1121
f 1118/1118/1118 1124/1124/1124 1130/1130/1130
f 1123/1123/1123 1131/1131/1131 1129/1129/1129
f 1123/1123/1123 1126/1126/1126 1131/1131/1131
f 1127/1127/1127 1133/1133/1133 1132/1132/1132
f 1127/1127/1127 1135/1135/1135 1133/1133/1133
f 1136/1136/1136 1138/1138/1138 1134/1134/1134
f 1136/1136/1136 1140/1140/1140 1138/1138/1138
f 1146/1146/1146 1139/1139/1139 1142/1142/1142
f 1146/1146/1146 1143/1143/1143 1139/1139/1139
f 1115/1115/1115 1144/1144/1144 1147/1147/1147
f 1115/1115/1115 1149/1149/1149 1144/1144/1144
f 1150/1150/1150 1137/1137/1137 1128/1128/1128
f 1150/1150/1150 1141/1141/1141 1137/1137/1137
f 1113/1113/1113 1141/1141/1141 1150/1150/1150
f 1113/1113/1113 1145/1145/1145 1141/1141/1141
f 1119/1119/1119 1128/1128/1128 1125/1125/1125
f 1119/1119/1119 1150/1150/1150 1128/1128/1128
f 1110/1110/1110 1150/1150/1150 1119/1119/1119
f 1110/1110/1110 1113/1113/1113 1150/1150/1150
f 1152/1152/1152 1174/1174/1174 1155/1155/1155
f 1152/1152/1152 1159/1159/1159 1174/1174/1174
f 1156/1156/1156 1162/1162/1162 1153/1153/1153
f 1156/1156/1156 1165/1165/1165 1162/1162/1162
f 1151/1151/1151 1168/1168/1168 1158/1158/1158
f 1151/1151/1151 1161/1161/1161 1168/1168/1168
f 1160/1160/1160 1170/1170/1170 1167/1167/1167
f 1160/1160/1160 1163/1163/1163 1170/1170/1170
f 1157/1157/1157 1169/1169/1169 1172/1172/1172
f 1157/1157/1157 1166/1166/1166 1169/1169/1169
f 1173/1173/1173 1164/1164/1164 1154/1154/1154
f 1173/1173/1173 1171/1171/1171 1164/1164/1164
f 1176/1176/1176 1198/1198/1198 1179/1179/1179
f 1176/1176/1176 1183/1183/1183 1198/1198/1198
f 1180/1180/1180 1186/1186/1186 1177/1177/1177
f 1180/1180/1180 1189/1189/1189 1186/1186/1186
f 1175/1175/1175 1192/1192/1192 1182/1182/1182
f 1175/1175/1175 1185/1185/1185 1192/1192/1192
f 1184/1184/1184 1194/1194/1194 1191/1191/1191
f 1184/1184/1184 1187/1187/1187 1194/1194/1194
f 1181/1181/1181 1193/1193/1193 1196/1196/1196
f 1181/1181/1181 1190/1190/1190 1193/1193/1193
f 1197/1197/1197 1188/1188/1188 1178/1178/1178
f 1197/1197/1197 1195/1195/1195 1188/1188/1188
f 1200/1200/1200 1222/1222/1222 1203/1203/1203
f 1200/1200/1200 1207/1207/1207 1222/1222/1222
f 1204/1204/1204 1210/1210/1210 1201/1201/1201
f 1204/1204/1204 1213/1213/1213 1210/1210/1210
f 1199/1199/1199 1216/1216/1216 1206/1206/1206
f 1199/1199/1199 1209/1209/1209 1216/1216/1216
f 1208/1208/1208 1218/1218/1218 1215/1215/1215
f 1208/1208/1208 1211/1211/1211 1218/1218/1218
f 1205/1205/1205 1217/1217/1217 1220/1220/1220
f 1205/1205/1205 1214/1214/1214 1217/1217/1217
f 1221/1221/1221 1212/1212/1212 1202/1202/1202
f 1221/1221/1221 1219/1219/1219 1212/1212/1212
f 1224/1224/1224 1246/1246/1246 1227/1227/1227
f 1224/1224/1224 1231/1231/1231 1246/1246/1246
f 1228/1228/1228 1234/1234/1234 1225/1225/1225
f 1228/1228/1228 1237/1237/1237 1234/1234/1234
f 1223/1223/1223 1240/1240/1240 1230/1230/1230
f 1223/1223/1223 1233/1233/1233 1240/1240/1240
f 1232/1232/1232 1242/1242/1242 1239/1239/1239
f 1232/1232/1232 1235/1235/1235 1242/1242/1242
f 1229/1229/1229 1241/1241/1241 1244/1244/1244
f 1229/1229/1229 1238/1238/1238 1241/1241/1241
f 1245/1245/1245 1236/1236/1236 1226/1226/1226
f 1245/1245/1245 1243/1243/1243 1236/1236/1236
f 1248/1248/1248 1270/1270/1270 1251/1251/1251
f 1248/1248/1248 1255/1255/1255 1270/1270/1270
f 1252/1252/1252 1258/1258/1258 1249/1249/1249
f 1252/1252/1252 1261/1261/1261 1258/1258/1258
f 1247/1247/1247 1264/1264/1264 1254/1254/1254
f 1247/1247/1247 1257/1257/1257 1264/1264/1264
f 1256/1256/1256 1266/1266/1266 1263/1263/1263
f 1256/1256/1256 1259/1259/1259 1266/1266/1266
f 1253/1253/1253 1265/1265/1265 1268/1268/1268
f 1253/1253/1253 1262/1262/1262 1265/1265/1265
f 1269/1269/1269 1260/1260/1260 1250/1250/1250
f 1269/1269/1269 1267/1267/1267 1260/1260/1260
f 1272/1272/1272 1294/1294/1294 1275/1275/1275
f 1272/1272/1272 1279/1279/1279 1294/1294/1294
f 1276/1276/1276 1282/1282/1282 1273/1273/1273
f 1276/1276/1276 1285/1285/1285 1282/1282/1282
f 1271/1271/1271 1288/1288/1288 1278/1278/1278
f 1271/1271/1271 1281/1281/1281 1288/1288/1288
f 1280/1280/1280 1290/1290/1290 1287/1287/1287
f 1280/1280/1280 1283/1283/1283 1290/1290/1290
f 1277/1277/1277 1289/1289/1289 1292/1292/1292
f 1277/1277/1277 1286/1286/1286 1289/1289/1289
f 1293/1293/1293 1284/1284/1284 1274/1274/1274
f 1293/1293/1293 1291/1291/1291 1284/1284/1284
f 1296/1296/1296 1318/1318/1318 1299/1299/1299
f 1296/1296/1296 1303/1303/1303 1318/1318/1318
f 1300/1300/1300 1306/1306/1306 1297/1297/1297
f 1300/1300/1300 1309/1309/1309 1306/1306/1306
f 1295/1295/1295 1312/1312/1312 1302/1302/1302
f 1295/1295/1295 1305/1305/1305 1312/1312/1312
f 1304/1304/1304 1314/1314/1314 1311/1311/1311
f 1304/1304/1304 1307/1307/1307 1314/1314/1314
f 1301/1301/1301 1313/1313/1313 1316/1316/1316
f 1301/1301/1301 1310/1310/1310 1313/1313/1313
f 1317/1317/1317 1308/1308/1308 1298/1298/1298
f 1317/1317/1317 1315/1315/1315 1308/1308/1308
f 1320/1320/1320 1342/1342/1342 1323/1323/1323
f 1320/1320/1320 1327/1327/1327 1342/1342/1342
f 1324/1324/1324 1330/1330/1330 1321/1321/1321
f 1324/1324/1324 1333/1333/1333 1330/1330/1330
f 1319/1319/1319 1336/1336/1336 1326/1326/1326
f 1319/1319/1319 1329/1329/1329 1336/1336/1336
f 1328/1328/1328 1338/1338/1338 1335/1335/1335
f 1328/1328/1328 1331/1331/1331 1338/1338/1338
f 1325/1325/1325 1337/1337/1337 1340/1340/1340
f 1325/1325/1325 1334/1334/1334 1337/1337/1337
f 1341/1341/1341 1332/1332/1332 1322/1322/1322
f 1341/1341/1341 1339/1339/1339 1332/1332/1332
f 1344/1344/1344 1366/1366/1366 1347/1347/1347
f 1344/1344/1344 1351/1351/1351 1366/1366/1366
f 1348/1348/1348 1354/1354/1354 1345/1345/1345
f 1348/1348/1348 1357/1357/1357 1354/1354/1354
f 1343/1343/1343 1360/1360/1360 1350/1350/1350
f 1343/1343/1343 1353/1353/1353 1360/1360/1360
f 1352/1352/1352 1362/1362/1362 1359/1359/1359
f 1352/1352/1352 1355/1355/1355 1362/1362/1362
f 1349/1349/1349 1361/1361/1361 1364/1364/1364
f 1349/1349/1349 1358/1358/1358 1361/1361/1361
f 1365/1365/1365 1356/1356/1356 1346/1346/1346
f 1365/1365/1365 1363/1363/1363 1356/1356/1356
f 1368/1368/1368 1390/1390/1390 1371/1371/1371
f 1368/1368/1368 1375/1375/1375 1390/1390/1390
f 1372/1372/1372 1378/1378/1378 1369/1369/1369
f 1372/1372/1372 1381/1381/1381 1378/1378/1378
f 1367/1367/1367 1384/1384/1384 1374/1374/1374
f 1367/1367/1367 1377/1377/1377 1384/1384/1384
f 1376/1376/1376 1386/1386/1386 1383/1383/1383
f 1376/1376/1376 1379/1379/1379 1386/1386/1386
f 1373/1373/1373 1385/1385/1385 1388/1388/1388
f 1373/1373/1373 1382/1382/1382 1385/1385/1385
f 1389/1389/1389 1380/1380/1380 1370/1370/1370
f 1389/1389/1389 1387/1387/1387 1380/1380/1380
f 1401/1401/1401 1392/1392/1392 1399/1399/1399
f 1401/1401/1401 1394/1394/1394 1392/1392/1392
f 1413/1413/1413 1404/1404/1404 1406/1406/1406
f 1413/1413/1413 1411/1411/1411 1404/1404/1404
f 1395/1395/1395 1405/1405/1405 1393/1393/1393
f 1395/1395/1395 1407/1407/1407 1405/1405/1405
f 1391/1391/1391 1409/1409/1409 1397/1397/1397
f 1391/1391/1391 1403/1403/1403 1409/1409/1409
f 1402/1402/1402 1408/1408/1408 1396/1396/1396
f 1402/1402/1402 1414/1414/1414 1408/1408/1408
f 1398/1398/1398 1412/1412/1412 1400/1400/1400
f 1398/1398/1398 1410/1410/1410 1412/1412/1412
f 1416/1416/1416 1425/1425/1425 1418/1418/1418
f 1416/1416/1416 1423/1423/1423 1425/1425/1425
f 1421/1421/1421 1436/1436/1436 1424/1424/1424
f 1421/1421/1421 1433/1433/1433 1436/1436/1436
f 1435/1435/1435 1430/1430/1430 1437/1437/1437
f 1435/1435/1435 1428/1428/1428 1430/1430/1430
f 1429/1429/1429 1420/1420/1420 1432/1432/1432
f 1429/1429/1429 1417/1417/1417 1420/1420/1420
f 1422/1422/1422 1427/1427/1427 1434/1434/1434
f 1422/1422/1422 1415/1415/1415 1427/1427/1427
f 1438/1438/1438 1419/1419/1419 1426/1426/1426
f 1438/1438/1438 1431/1431/1431 1419/1419/1419
f 1441/1441/1441 1448/1448/1448 1443/1443/1443
f 1441/1441/1441 1446/1446/1446 1448/1448/1448
f 1447/1447/1447 1462/1462/1462 1450/1450/1450
f 1447/1447/1447 1459/1459/1459 1462/1462/1462
f 1458/1458/1458 1455/1455/1455 1460/1460/1460
f 1458/1458/1458 1453/1453/1453 1455/1455/1455
f 1451/1451/1451 1442/1442/1442 1454/1454/1454
f 1451/1451/1451 1439/1439/1439 1442/1442/1442
f 1445/1445/1445 1452/1452/1452 1457/1457/1457
f 1445/1445/1445 1440/1440/1440 1452/1452/1452
f 1461/1461/1461 1444/1444/1444 1449/1449/1449
f 1461/1461/1461 1456/1456/1456 1444/1444/1444
f 1465/1465/1465 1474/1474/1474 1471/1471/1471
f 1465/1465/1465 1468/1468/1468 1474/1474/1474
f 1470/1470/1470 1485/1485/1485 1483/1483/1483
f 1470/1470/1470 1472/1472/1472 1485/1485/1485
f 1481/1481/1481 1478/1478/1478 1475/1475/1475
f 1481/1481/1481 1484/1484/1484 1478/1478/1478
f 1477/1477/1477 1466/1466/1466 1464/1464/1464
f 1477/1477/1477 1479/1479/1479 1466/1466/1466
f 1469/1469/1469 1476/1476/1476 1463/1463/1463
f 1469/1469/1469 1482/1482/1482 1476/1476/1476
f 1486/1486/1486 1467/1467/1467 1480/1480/1480
f 1486/1486/1486 1473/1473/1473 1467/1467/1467
f 1508/1508/1508 1489/1489/1489 1510/1510/1510
f 1508/1508/1508 1493/1493/1493 1489/1489/1489
f 1508/1508/1508 1501/1501/1501 1493/1493/1493
f 1508/1508/1508 1512/1512/1512 1501/1501/1501
f 1491/1491/1491 1512/1512/1512 1508/1508/1508
f 1491/1491/1491 1504/1504/1504 1512/1512/1512
f 1491/1491/1491 1510/1510/1510 1499/1499/1499
f 1491/1491/1491 1508/1508/1508 1510/1510/1510
f 1504/1504/1504 1506/1506/1506 1512/1512/1512
f 1504/1504/1504 1495/1495/1495 1506/1506/1506
f 1535/1535/1535 1515/1515/1515 1519/1519/1519
f 1535/1535/1535 1537/1537/1537 1515/1515/1515
f 1535/1535/1535 1527/1527/1527 1538/1538/1538
f 1535/1535/1535 1519/1519/1519 1527/1527/1527
f 1517/1517/1517 1538/1538/1538 1530/1530/1530
f 1517/1517/1517 1535/1535/1535 1538/1538/1538
f 1517/1517/1517 1537/1537/1537 1535/1535/1535
f 1517/1517/1517 1525/1525/1525 1537/1537/1537
f 1530/1530/1530 1532/1532/1532 1521/1521/1521
f 1530/1530/1530 1538/1538/1538 1532/1532/1532
f 1496/1496/1496 1534/1534/1534 1507/1507/1507
f 1496/1496/1496 1523/1523/1523 1534/1534/1534
f 1492/1492/1492 1516/1516/1516 1488/1488/1488
f 1492/1492/1492 1520/1520/1520 1516/1516/1516
f 1503/1503/1503 1522/1522/1522 1494/1494/1494
f 1503/1503/1503 1531/1531/1531 1522/1522/1522
f 1509/1509/1509 1524/1524/1524 1497/1497/1497
f 1509/1509/1509 1536/1536/1536 1524/1524/1524
f 1498/1498/1498 1518/1518/1518 1490/1490/1490
f 1498/1498/1498 1526/1526/1526 1518/1518/1518
f 1500/1500/1500 1520/1520/1520 1492/1492/1492
f 1500/1500/1500 1528/1528/1528 1520/1520/1520
f 1490/1490/1490 1531/1531/1531 1503/1503/1503
f 1490/1490/1490 1518/1518/1518 1531/1531/1531
f 1487/1487/1487 1536/1536/1536 1509/1509/1509
f 1487/1487/1487 1514/1514/1514 1536/1536/1536
f 1513/1513/1513 1529/1529/1529 1502/1502/1502
f 1513/1513/1513 1540/1540/1540 1529/1529/1529
f 1505/1505/1505 1539/1539/1539 1511/1511/1511
f 1505/1505/1505 1533/1533/1533 1539/1539/1539
