# CC0 model adapted from https://polyhaven.com/a/modular_fire_escape
# Coordinates baked to Z-up; see SOURCES.json for source nodes and transforms.
mtllib steel_stairs.mtl
o modular_fire_escape_stairs
v -2.8598955 -3 0
v -2.8598955 -3 0
v -2.8598955 -3 0
v -2.8166016 -3 0
v -2.8166016 -3 0
v -2.8166016 -3 0
v -2.8598955 -2.6869969 6.016527e-05
v -2.8598955 -2.6869969 6.016527e-05
v -2.8598955 -2.6869969 6.016527e-05
v -2.8598955 -2.9752489 0.0059974441
v -2.8598955 -2.9752489 0.0059974441
v -2.8598955 -2.9382864 0.014953986
v -2.8598955 -2.9382864 0.014953986
v -2.8598955 -2.6610767 0.0066000135
v -2.8166016 -2.9752489 0.0059974441
v -2.8166016 -2.9752489 0.0059974441
v -2.8166016 -2.9382864 0.014953986
v -2.8166016 -2.9382864 0.014953986
v -2.8166016 -2.6610769 0.0066000135
v -2.8166016 -2.6610769 0.0066000135
v -2.8166016 -2.6610769 0.0066000135
v -2.8166016 -2.6248727 0.015372726
v -2.8166016 -2.6248727 0.015372726
v -2.8166016 -2.6869969 6.016527e-05
v -2.8166016 -2.6869969 6.016527e-05
v -2.8166016 -2.6869969 6.016527e-05
v -2.8166016 -2.6562797 0.0059344456
v -2.8166016 -2.6562797 0.0059344456
v -2.8166016 -2.6562797 0.0059344456
v -2.7576459 -2.6610769 0.0066000135
v -2.7576459 -2.6610769 0.0066000135
v -2.7576459 -2.6610769 0.0066000135
v -2.7576459 -2.6248727 0.015372726
v -2.7576459 -2.6248727 0.015372726
v -2.7576459 -2.6562797 0.0059344456
v -2.7576459 -2.6562797 0.0059344456
v -2.7576459 -2.6562797 0.0059344456
v -2.7576459 -2.6200755 0.014707159
v -2.7576459 -2.6200755 0.014707159
v -2.7576459 2.9419575 1.3624542
v -2.7576459 2.9419575 1.3624542
v -2.7576459 2.9419575 1.3624542
v -2.8166016 -2.6200755 0.014707159
v -2.8166018 2.9419575 1.3624542
v -2.8166018 2.9419575 1.3624542
v -2.8598955 -2.6200755 0.014707159
v -2.8598955 -2.6200755 0.014707159
v -2.8598955 2.9419575 1.3624542
v -2.8598955 2.9419575 1.3624542
v -2.8598955 2.9419575 1.3624542
v -2.8598955 -2.6562797 0.0059344456
v -2.8598955 -2.6562797 0.0059344456
v -2.8598955 -2.6248725 0.015372726
v -2.8598955 2.9371595 1.3631196
v -2.8598955 2.9952028 1.3770175
v -2.8598955 2.9952028 1.3770175
v -2.8598955 2.9952028 1.3770175
v -2.8598955 2.7403039 1.3909443
v -2.8598955 2.7403039 1.3909443
v -2.8598955 2.7403039 1.3909443
v -2.8598955 2.8295315 1.4
v -2.8598955 2.8295315 1.4
v -2.8598955 2.8295315 1.4
v -2.8166018 2.7403039 1.3909443
v -2.8166018 2.7403039 1.3909443
v -2.8166018 2.7403039 1.3909443
v -2.8166018 2.8295315 1.4
v -2.8166018 2.8295315 1.4
v -2.8166018 2.8295315 1.4
v -2.8166018 2.9371595 1.3631196
v -2.8166018 2.9371595 1.3631196
v -2.8166018 2.9371595 1.3631196
v -2.8166018 2.9952028 1.3770175
v -2.8166018 2.9952028 1.3770175
v -2.8166018 2.9952028 1.3770175
v -2.8166018 2.9952028 1.3770175
v -2.8166018 2.9952028 1.3770175
v -2.7576459 2.9371595 1.3631196
v -2.7576459 2.9371595 1.3631196
v -2.7576459 2.9371595 1.3631196
v -2.7576459 2.9952028 1.3770175
v -2.7576459 2.9952028 1.3770175
v -2.7576459 2.9952028 1.3770175
v -2.7576459 3 1.376352
v -2.7576459 3 1.376352
v -2.7576459 3 1.376352
v -2.8166018 3 1.376352
v -2.8166018 3 1.376352
v -2.8166018 3 1.376352
v -2.8598955 3 1.376352
v -2.8598955 3 1.376352
v -2.8598955 3 1.376352
v -2.8598955 -2.6805225 6.016527e-05
v -2.8598955 -2.6805225 6.016527e-05
v -2.8598955 -2.6805225 6.016527e-05
v -2.8166016 -2.6805225 6.016527e-05
v -2.8166016 -2.6805225 6.016527e-05
v -2.8166016 -2.6805225 6.016527e-05
v -2.7576459 0.77836955 0.83819102
v -2.7576459 0.77836955 0.83819102
v -2.7576459 0.77836955 0.83819102
v -2.7576459 0.77836955 0.83819102
v -2.8166017 0.77836955 0.83819102
v -2.8166017 0.77836955 0.83819102
v -2.8598955 0.77836955 0.83819102
v -2.8598955 0.77836955 0.83819102
v -2.8598955 0.77836955 0.83819102
v -2.8598955 0.77836955 0.83819102
v -2.8598955 0.77357186 0.83885648
v -2.8598955 0.77357186 0.83885648
v -2.8598955 0.53137599 0.8556947
v -2.8598955 0.53137599 0.8556947
v -2.8598955 0.53137599 0.8556947
v -2.8598955 0.53137599 0.8556947
v -2.8166017 0.53137599 0.8556947
v -2.8166017 0.53137599 0.8556947
v -2.8166017 0.53137599 0.8556947
v -2.8166017 0.53137599 0.8556947
v -2.8166017 0.77357186 0.83885648
v -2.8166017 0.77357186 0.83885648
v -2.8166017 0.77357186 0.83885648
v -2.8166017 0.77357186 0.83885648
v -2.7576459 0.77357186 0.83885648
v -2.7576459 0.77357186 0.83885648
v -2.7576459 0.77357186 0.83885648
v -2.7576459 0.77357186 0.83885648
v -2.8166021 2.6067542 1.360177
v -2.8166021 2.6067542 1.360177
v -2.8166021 2.6067542 1.360177
v 2.6259987 2.6067542 1.360177
v 2.6259987 2.6067542 1.360177
v 2.6259987 2.6067542 1.360177
v 2.6259987 2.6087024 1.3588231
v 2.6259987 2.6087024 1.3588231
v 2.6259987 2.6087024 1.3588231
v -2.8166021 2.6087024 1.3588231
v -2.8166021 2.6087024 1.3588231
v -2.8166021 2.6087024 1.3588231
v 2.4543259 2.6120955 1.3564653
v 2.4543259 2.6120955 1.3564653
v -2.6449293 2.6120955 1.3564653
v -2.6449293 2.6120955 1.3564653
v 2.4854607 2.6087024 1.3588231
v 2.4854607 2.6087024 1.3588231
v 2.4854607 2.6087024 1.3588231
v 2.4650194 2.6114255 1.3569311
v 2.4650194 2.6114255 1.3569311
v -2.6760638 2.6087024 1.3588231
v -2.6760638 2.6087024 1.3588231
v -2.6760638 2.6087024 1.3588231
v 2.4543264 2.6161819 1.3564653
v 2.4543264 2.6161819 1.3564653
v 2.4854607 2.6127893 1.3588231
v 2.4854607 2.6127893 1.3588231
v 2.4854607 2.6127893 1.3588231
v 2.4650194 2.6155114 1.3569311
v 2.4650194 2.6155114 1.3569311
v -2.6556225 2.6114255 1.3569311
v -2.6556225 2.6114255 1.3569311
v -2.6449295 2.6161819 1.3564653
v -2.6449295 2.6161819 1.3564653
v 2.6259987 2.6127896 1.3588231
v 2.6259987 2.6127896 1.3588231
v 2.6259987 2.6127896 1.3588231
v -2.6760641 2.6127893 1.3588231
v -2.6760641 2.6127893 1.3588231
v -2.6760641 2.6127893 1.3588231
v -2.6556225 2.6155114 1.3569311
v -2.6556225 2.6155114 1.3569311
v -2.8166021 2.6127896 1.3588231
v -2.8166021 2.6127896 1.3588231
v -2.8166021 2.6127896 1.3588231
v 2.6107479 2.9145557 1.3588231
v 2.6107479 2.9145557 1.3588231
v 2.6107479 2.9145557 1.3588231
v -2.8013512 2.9145557 1.3588231
v -2.8013512 2.9145557 1.3588231
v -2.8013512 2.9145557 1.3588231
v -2.8013505 2.6127896 1.3588231
v -2.8013505 2.6127896 1.3588231
v -2.8013505 2.6127896 1.3588231
v -2.8166021 2.917028 1.3580362
v -2.8166021 2.917028 1.3580362
v -2.8166021 2.917028 1.3580362
v -2.8166021 2.917028 1.3580362
v -2.8166021 2.6127896 1.3577282
v -2.8166021 2.6127896 1.3577282
v -2.8166021 2.6127896 1.3577282
v -2.8013512 2.9145557 1.3580362
v -2.8013512 2.9145557 1.3580362
v -2.8013512 2.9145557 1.3580362
v -2.8013512 2.9145557 1.3580362
v -2.8013505 2.6127896 1.3577282
v -2.8013505 2.6127896 1.3577282
v -2.8013505 2.6127896 1.3577282
v -2.8166021 2.917028 1.360177
v -2.8166021 2.917028 1.360177
v -2.8166021 2.917028 1.360177
v -2.8166021 2.6108661 1.360177
v -2.8166021 2.6108661 1.360177
v -2.8166021 2.8552821 1.3580362
v -2.8166021 2.8552821 1.3580362
v 2.6107474 2.6127896 1.3588231
v 2.6107474 2.6127896 1.3588231
v 2.6107474 2.6127896 1.3588231
v 2.6259987 2.917028 1.3580362
v 2.6259987 2.917028 1.3580362
v 2.6259987 2.917028 1.3580362
v 2.6259987 2.917028 1.3580362
v 2.6259987 2.6127896 1.3577282
v 2.6259987 2.6127896 1.3577282
v 2.6259987 2.6127896 1.3577282
v 2.6107479 2.9145557 1.3580362
v 2.6107479 2.9145557 1.3580362
v 2.6107479 2.9145557 1.3580362
v 2.6107479 2.9145557 1.3580362
v 2.6107474 2.6127896 1.3577282
v 2.6107474 2.6127896 1.3577282
v 2.6107474 2.6127896 1.3577282
v 2.6259987 2.917028 1.360177
v 2.6259987 2.917028 1.360177
v 2.6259987 2.917028 1.360177
v 2.6259987 2.6108661 1.360177
v 2.6259987 2.6108661 1.360177
v -2.8013512 2.8552821 1.3580362
v -2.8013512 2.8552821 1.3580362
v -2.8166021 2.8520725 1.3577282
v -2.8166021 2.8520725 1.3577282
v -2.8013512 2.8520725 1.3577282
v -2.8013512 2.8520725 1.3577282
v -2.8013512 2.8390583 1.3588231
v -2.8013512 2.8390583 1.3588231
v 2.6259987 2.8552821 1.3580362
v 2.6259987 2.8552821 1.3580362
v 2.6107479 2.8552821 1.3580362
v 2.6107479 2.8552821 1.3580362
v 2.6259987 2.8520725 1.3577282
v 2.6259987 2.8520725 1.3577282
v 2.6107479 2.8520725 1.3577282
v 2.6107479 2.8520725 1.3577282
v 2.6107479 2.8390583 1.3588231
v 2.6107479 2.8390583 1.3588231
v 3 2.8220559 1.3845224
v 3 2.8220559 1.3845224
v 2.5577603 2.8220559 1.3840868
v 2.5577603 2.8220559 1.3840868
v 3 2.8324882 1.3841605
v 3 2.8324882 1.3841605
v 2.5577603 2.8315323 1.383758
v 2.5577603 2.8315323 1.383758
v 3 2.8413319 1.3831296
v 3 2.8413319 1.3831296
v 2.5577603 2.8395661 1.3828216
v 2.5577603 2.8395661 1.3828216
v 3 2.8472414 1.3815868
v 3 2.8472414 1.3815868
v 2.5577603 2.8449339 1.3814201
v 2.5577603 2.8449339 1.3814201
v 3 2.8493165 1.379767
v 3 2.8493165 1.379767
v 2.5577603 2.8468189 1.379767
v 2.5577603 2.8468189 1.379767
v 3 2.8472414 1.3779471
v 3 2.8472414 1.3779471
v 2.5577603 2.8449339 1.3781138
v 2.5577603 2.8449339 1.3781138
v 3 2.8413319 1.3764043
v 3 2.8413319 1.3764043
v 2.5577603 2.8395661 1.3767124
v 2.5577603 2.8395661 1.3767124
v 3 2.8324882 1.3753735
v 3 2.8324882 1.3753735
v 2.5577603 2.8315323 1.375776
v 2.5577603 2.8315323 1.375776
v 3 2.8220559 1.3750115
v 3 2.8220559 1.3750115
v 3 2.8220559 1.3750115
v 2.5577603 2.8220559 1.3754472
v 2.5577603 2.8220559 1.3754472
v 2.5577603 2.8220559 1.3754472
v 3 2.8116238 1.3753735
v 3 2.8116238 1.3753735
v 2.5577603 2.8125794 1.375776
v 2.5577603 2.8125794 1.375776
v 3 2.8027799 1.3764043
v 3 2.8027799 1.3764043
v 2.5577603 2.8045456 1.3767124
v 2.5577603 2.8045456 1.3767124
v 3 2.7968703 1.3779471
v 3 2.7968703 1.3779471
v 2.5577603 2.7991778 1.3781138
v 2.5577603 2.7991778 1.3781138
v 3 2.7947952 1.379767
v 3 2.7947952 1.379767
v 2.5577603 2.7972929 1.379767
v 2.5577603 2.7972929 1.379767
v 3 2.7968703 1.3815868
v 3 2.7968703 1.3815868
v 2.5577603 2.7991778 1.3814201
v 2.5577603 2.7991778 1.3814201
v 3 2.8027799 1.3831296
v 3 2.8027799 1.3831296
v 2.5577603 2.8045456 1.3828216
v 2.5577603 2.8045456 1.3828216
v 3 2.8116238 1.3841605
v 3 2.8116238 1.3841605
v 2.5577603 2.8125794 1.383758
v 2.5577603 2.8125794 1.383758
v 2.5577603 2.8344902 1.3850038
v 2.5577603 2.8344902 1.3850038
v 2.5577603 2.8220559 1.3854352
v 2.5577603 2.8220559 1.3854352
v 2.5577603 2.8450316 1.383775
v 2.5577603 2.8450316 1.383775
v 2.5577603 2.8520752 1.3819361
v 2.5577603 2.8520752 1.3819361
v 2.5577603 2.8545486 1.379767
v 2.5577603 2.8545486 1.379767
v 2.5577603 2.8520752 1.3775979
v 2.5577603 2.8520752 1.3775979
v 2.5577603 2.8450316 1.3757589
v 2.5577603 2.8450316 1.3757589
v 2.5577603 2.8344902 1.3745302
v 2.5577603 2.8344902 1.3745302
v 2.5577603 2.8220559 1.3740988
v 2.5577603 2.8220559 1.3740988
v 2.5577603 2.8220559 1.3740988
v 2.5577603 2.8096216 1.3745302
v 2.5577603 2.8096216 1.3745302
v 2.5577603 2.7990801 1.3757589
v 2.5577603 2.7990801 1.3757589
v 2.5577603 2.7920366 1.3775979
v 2.5577603 2.7920366 1.3775979
v 2.5577603 2.7895631 1.379767
v 2.5577603 2.7895631 1.379767
v 2.5577603 2.7920366 1.3819361
v 2.5577603 2.7920366 1.3819361
v 2.5577603 2.7990801 1.383775
v 2.5577603 2.7990801 1.383775
v 2.5577603 2.8096216 1.3850038
v 2.5577603 2.8096216 1.3850038
v 2.5857707 2.8220559 1.379767
v 2.5857707 2.8315323 1.383758
v 2.5857707 2.8315323 1.383758
v 2.5857707 2.8395661 1.3828216
v 2.5857707 2.8395661 1.3828216
v 2.5857707 2.8449339 1.3814201
v 2.5857707 2.8449339 1.3814201
v 2.5857707 2.8315323 1.375776
v 2.5857707 2.8315323 1.375776
v 2.5857707 2.8220559 1.3754472
v 2.5857707 2.8220559 1.3754472
v 2.5857707 2.8220559 1.3754472
v 2.5857707 2.8220559 1.3840868
v 2.5857707 2.8220559 1.3840868
v 2.5857707 2.7972929 1.379767
v 2.5857707 2.7972929 1.379767
v 2.5857707 2.7991778 1.3814201
v 2.5857707 2.7991778 1.3814201
v 2.5857707 2.8449339 1.3781138
v 2.5857707 2.8449339 1.3781138
v 2.5857707 2.8395661 1.3767124
v 2.5857707 2.8395661 1.3767124
v 2.5857707 2.8045456 1.3767124
v 2.5857707 2.8045456 1.3767124
v 2.5857707 2.7991778 1.3781138
v 2.5857707 2.7991778 1.3781138
v 2.5857707 2.8125794 1.383758
v 2.5857707 2.8125794 1.383758
v 2.5857707 2.8468189 1.379767
v 2.5857707 2.8468189 1.379767
v 2.5857707 2.8125794 1.375776
v 2.5857707 2.8125794 1.375776
v 2.5857707 2.8045456 1.3828216
v 2.5857707 2.8045456 1.3828216
v 3 2.8220559 1.3854352
v 3 2.8220559 1.3854352
v 3 2.8344902 1.3850038
v 3 2.8344902 1.3850038
v 3 2.8450316 1.383775
v 3 2.8450316 1.383775
v 3 2.8520752 1.3819361
v 3 2.8520752 1.3819361
v 3 2.8545486 1.379767
v 3 2.8545486 1.379767
v 3 2.8520752 1.3775979
v 3 2.8520752 1.3775979
v 3 2.8450316 1.3757589
v 3 2.8450316 1.3757589
v 3 2.8344902 1.3745302
v 3 2.8344902 1.3745302
v 3 2.8220559 1.3740988
v 3 2.8220559 1.3740988
v 3 2.8220559 1.3740988
v 3 2.8096216 1.3745302
v 3 2.8096216 1.3745302
v 3 2.7990801 1.3757589
v 3 2.7990801 1.3757589
v 3 2.7920366 1.3775979
v 3 2.7920366 1.3775979
v 3 2.7895631 1.379767
v 3 2.7895631 1.379767
v 3 2.7920366 1.3819361
v 3 2.7920366 1.3819361
v 3 2.7990801 1.383775
v 3 2.7990801 1.383775
v 3 2.8096216 1.3850038
v 3 2.8096216 1.3850038
v 2.9859879 2.8027799 1.3831296
v 2.9859879 2.8027799 1.3831296
v 2.9859879 2.8220559 1.379767
v 2.9859879 2.7947952 1.379767
v 2.9859879 2.7947952 1.379767
v 2.9859879 2.8324882 1.3753735
v 2.9859879 2.8324882 1.3753735
v 2.9859879 2.8324882 1.3841605
v 2.9859879 2.8324882 1.3841605
v 2.9859879 2.8413319 1.3831296
v 2.9859879 2.8413319 1.3831296
v 2.9859879 2.7968703 1.3815868
v 2.9859879 2.7968703 1.3815868
v 2.9859879 2.8220559 1.3750115
v 2.9859879 2.8220559 1.3750115
v 2.9859879 2.8220559 1.3750115
v 2.9859879 2.8116238 1.3753735
v 2.9859879 2.8116238 1.3753735
v 2.9859879 2.8472414 1.3815868
v 2.9859879 2.8472414 1.3815868
v 2.9859879 2.8493165 1.379767
v 2.9859879 2.8493165 1.379767
v 2.9859879 2.8116238 1.3841605
v 2.9859879 2.8116238 1.3841605
v 2.9859879 2.8220559 1.3845224
v 2.9859879 2.8220559 1.3845224
v 2.9859879 2.8027799 1.3764043
v 2.9859879 2.8027799 1.3764043
v 2.9859879 2.7968703 1.3779471
v 2.9859879 2.7968703 1.3779471
v 2.9859879 2.8472414 1.3779471
v 2.9859879 2.8472414 1.3779471
v 2.9859879 2.8413319 1.3764043
v 2.9859879 2.8413319 1.3764043
v -2.7563733 2.8220559 1.3845224
v -2.7563733 2.8220559 1.3845224
v -2.7563733 2.8324882 1.3841605
v -2.7563733 2.8324882 1.3841605
v -2.7563733 2.8413319 1.3831296
v -2.7563733 2.8413319 1.3831296
v -2.7563733 2.8472414 1.3815868
v -2.7563733 2.8472414 1.3815868
v -2.7563733 2.8493165 1.379767
v -2.7563733 2.8493165 1.379767
v -2.7563733 2.8472414 1.3779471
v -2.7563733 2.8472414 1.3779471
v -2.7563733 2.8413319 1.3764043
v -2.7563733 2.8413319 1.3764043
v -2.7563733 2.8324882 1.3753735
v -2.7563733 2.8324882 1.3753735
v -2.7563733 2.8220559 1.3750115
v -2.7563733 2.8220559 1.3750115
v -2.7563733 2.8220559 1.3750115
v -2.7563733 2.8116238 1.3753735
v -2.7563733 2.8116238 1.3753735
v -2.7563733 2.8027799 1.3764043
v -2.7563733 2.8027799 1.3764043
v -2.7563733 2.7968703 1.3779471
v -2.7563733 2.7968703 1.3779471
v -2.7563733 2.7947952 1.379767
v -2.7563733 2.7947952 1.379767
v -2.7563733 2.7968703 1.3815868
v -2.7563733 2.7968703 1.3815868
v -2.7563733 2.8027799 1.3831296
v -2.7563733 2.8027799 1.3831296
v -2.7563733 2.8116238 1.3841605
v -2.7563733 2.8116238 1.3841605
v -2.7563733 2.8220559 1.3854352
v -2.7563733 2.8344902 1.3850038
v -2.7563733 2.8450316 1.383775
v -2.7563733 2.8520752 1.3819361
v -2.7563733 2.8545486 1.379767
v -2.7563733 2.8520752 1.3775979
v -2.7563733 2.8450316 1.3757589
v -2.7563733 2.8344902 1.3745302
v -2.7563733 2.8220559 1.3740988
v -2.7563733 2.8096216 1.3745302
v -2.7563733 2.7990801 1.3757589
v -2.7563733 2.7920366 1.3775979
v -2.7563733 2.7895631 1.379767
v -2.7563733 2.7920366 1.3819361
v -2.7563733 2.7990801 1.383775
v -2.7563733 2.8096216 1.3850038
v -2.7703851 2.8027799 1.3831296
v -2.7703851 2.8027799 1.3831296
v -2.7703851 2.8220559 1.379767
v -2.7703851 2.7947952 1.379767
v -2.7703851 2.7947952 1.379767
v -2.7703851 2.8324882 1.3753735
v -2.7703851 2.8324882 1.3753735
v -2.7703851 2.8324882 1.3841605
v -2.7703851 2.8324882 1.3841605
v -2.7703851 2.8413319 1.3831296
v -2.7703851 2.8413319 1.3831296
v -2.7703851 2.7968703 1.3815868
v -2.7703851 2.7968703 1.3815868
v -2.7703851 2.8220559 1.3750115
v -2.7703851 2.8220559 1.3750115
v -2.7703851 2.8220559 1.3750115
v -2.7703851 2.8116238 1.3753735
v -2.7703851 2.8116238 1.3753735
v -2.7703851 2.8472414 1.3815868
v -2.7703851 2.8472414 1.3815868
v -2.7703851 2.8493165 1.379767
v -2.7703851 2.8493165 1.379767
v -2.7703851 2.8116238 1.3841605
v -2.7703851 2.8116238 1.3841605
v -2.7703851 2.8220559 1.3845224
v -2.7703851 2.8220559 1.3845224
v -2.7703851 2.8027799 1.3764043
v -2.7703851 2.8027799 1.3764043
v -2.7703851 2.7968703 1.3779471
v -2.7703851 2.7968703 1.3779471
v -2.7703851 2.8472414 1.3779471
v -2.7703851 2.8472414 1.3779471
v -2.7703851 2.8413319 1.3764043
v -2.7703851 2.8413319 1.3764043
v -2.9561123 -1.3702039 0.44667467
v -2.9232009 -1.3699455 0.4476904
v -2.9232009 -1.3699455 0.4476904
v -2.8825207 -1.3699453 0.4476904
v -2.84961 -1.3702027 0.44667467
v -2.8370396 -1.3706205 0.44503113
v -2.8496111 -1.3710377 0.44338762
v -2.8825224 -1.3712955 0.4423719
v -2.9232028 -1.3712952 0.4423719
v -2.9232028 -1.3712952 0.4423719
v -2.9561134 -1.3710382 0.44338762
v -2.9686839 -1.3706217 0.44503113
v -2.975345 -1.5801825 0.44677954
v -2.9424326 -1.5799112 0.44779527
v -2.9424326 -1.5799112 0.44779527
v -2.9017524 -1.5799112 0.44779527
v -2.8688427 -1.5801811 0.44677954
v -2.8562741 -1.5806186 0.445136
v -2.8688474 -1.5810545 0.4434925
v -2.9017601 -1.581323 0.44247677
v -2.9424403 -1.5813215 0.44247677
v -2.9424403 -1.5813215 0.44247677
v -2.9753498 -1.5810545 0.4434925
v -2.9879183 -1.5806189 0.445136
v -2.9869393 -1.7760541 0.44699825
v -2.9540273 -1.775751 0.44801397
v -2.9540273 -1.775751 0.44801397
v -2.9133471 -1.7757508 0.44801397
v -2.8804371 -1.7760541 0.44699825
v -2.8678681 -1.7765459 0.44535479
v -2.8804409 -1.7770363 0.44371137
v -2.9133529 -1.7773384 0.44269564
v -2.9540332 -1.7773384 0.44269564
v -2.9540332 -1.7773384 0.44269564
v -2.9869431 -1.7770363 0.44371137
v -2.9995123 -1.7765459 0.44535479
v -2.9874289 -1.9420438 0.44738586
v -2.9545178 -1.9416698 0.44840134
v -2.9545178 -1.9416698 0.44840134
v -2.9138376 -1.9416698 0.44840134
v -2.8809265 -1.9420438 0.44738586
v -2.8683555 -1.9426488 0.44574274
v -2.8809265 -1.9432538 0.44409952
v -2.9138376 -1.9436281 0.44308405
v -2.9545178 -1.9436281 0.44308405
v -2.9545178 -1.9436281 0.44308405
v -2.9874289 -1.9432538 0.44409952
v -2.9999998 -1.9426488 0.44574274
v -2.9874286 -2.0592648 0.44799423
v -2.9545177 -2.0587367 0.44900883
v -2.9545177 -2.0587367 0.44900883
v -2.9138374 -2.0587367 0.44900883
v -2.8809264 -2.0592648 0.44799423
v -2.8683554 -2.0601192 0.4463526
v -2.8809264 -2.0609735 0.44471093
v -2.9138374 -2.0615016 0.44369637
v -2.9545177 -2.0615016 0.44369637
v -2.9545177 -2.0615016 0.44369637
v -2.9874286 -2.0609735 0.44471093
v -2.9999996 -2.0601192 0.4463526
v -2.9874289 -2.1343323 0.44886329
v -2.9545178 -2.1334199 0.44987243
v -2.9545178 -2.1334199 0.44987243
v -2.9138376 -2.1334199 0.44987243
v -2.8809265 -2.1343323 0.44886329
v -2.8683555 -2.1358074 0.44723053
v -2.8809265 -2.1372832 0.44559778
v -2.9138376 -2.1381954 0.44458864
v -2.9545178 -2.1381954 0.44458864
v -2.9545178 -2.1381954 0.44458864
v -2.9874289 -2.1372832 0.44559778
v -2.9999998 -2.1358074 0.44723053
v -2.9874286 -2.1767555 0.45007001
v -2.9545177 -2.1747487 0.4510377
v -2.9545177 -2.1747487 0.4510377
v -2.9138374 -2.1747487 0.4510377
v -2.8809264 -2.1767555 0.45007001
v -2.8683554 -2.1800036 0.4485043
v -2.8809264 -2.1832512 0.44693854
v -2.9138374 -2.1852579 0.44597086
v -2.9545177 -2.1852579 0.44597086
v -2.9545177 -2.1852579 0.44597086
v -2.9874286 -2.1832512 0.44693854
v -2.9999996 -2.1800036 0.4485043
v -2.9874286 -2.1982511 0.4519208
v -2.9545177 -2.1944334 0.45271603
v -2.9545177 -2.1944334 0.45271603
v -2.9138374 -2.1944334 0.45271603
v -2.8809264 -2.1982511 0.4519208
v -2.8683554 -2.2044281 0.45063416
v -2.8809264 -2.2106054 0.44934753
v -2.9138374 -2.2144233 0.44855238
v -2.9545177 -2.2144233 0.44855238
v -2.9545177 -2.2144233 0.44855238
v -2.9874286 -2.2106054 0.44934753
v -2.9999996 -2.2044281 0.45063416
v -2.9874289 -2.2106986 0.45475686
v -2.9545178 -2.2054695 0.45524389
v -2.9545178 -2.2054695 0.45524389
v -2.9138376 -2.2054695 0.45524389
v -2.8809265 -2.2106986 0.45475686
v -2.8683555 -2.2191594 0.45396888
v -2.8809265 -2.2276205 0.45318085
v -2.9138376 -2.2328496 0.45269382
v -2.9545178 -2.2328496 0.45269382
v -2.9545178 -2.2328496 0.45269382
v -2.9874289 -2.2276205 0.45318085
v -2.9999998 -2.2191594 0.45396888
v -2.9874289 -2.2165054 0.45831465
v -2.9545178 -2.2107076 0.45846119
v -2.9545178 -2.2107076 0.45846119
v -2.9138376 -2.2107076 0.45846119
v -2.8809265 -2.2165054 0.45831465
v -2.8683555 -2.225886 0.45807745
v -2.8809265 -2.2352674 0.45784025
v -2.9138376 -2.2410646 0.45769362
v -2.9545178 -2.2410646 0.45769362
v -2.9545178 -2.2410646 0.45769362
v -2.9874289 -2.2352674 0.45784025
v -2.9999998 -2.225886 0.45807745
v -2.987429 -2.2148748 0.46226173
v -2.9545179 -2.2091836 0.46208561
v -2.9545179 -2.2091836 0.46208561
v -2.9138377 -2.2091836 0.46208561
v -2.8809268 -2.2148748 0.46226173
v -2.8683558 -2.2240837 0.46254676
v -2.8809268 -2.2332921 0.46283171
v -2.9138377 -2.2389838 0.46300783
v -2.9545179 -2.2389838 0.46300783
v -2.9545179 -2.2389838 0.46300783
v -2.987429 -2.2332921 0.46283171
v -3 -2.2240837 0.46254676
v -2.9874289 -2.2042834 0.46715595
v -2.9545178 -2.1990489 0.46674866
v -2.9545178 -2.1990489 0.46674866
v -2.9138376 -2.1990489 0.46674866
v -2.8809265 -2.2042834 0.46715595
v -2.8683555 -2.2127529 0.46781493
v -2.8809265 -2.2212223 0.46847396
v -2.9138376 -2.2264569 0.46888124
v -2.9545179 -2.2264569 0.46888124
v -2.9545179 -2.2264569 0.46888124
v -2.9874289 -2.2212223 0.46847396
v -2.9999998 -2.2127529 0.46781493
v -2.987429 -2.1753602 0.475631
v -2.9545179 -2.1704729 0.47511451
v -2.9545179 -2.1704729 0.47511451
v -2.9138376 -2.1704729 0.47511451
v -2.8809268 -2.1753602 0.475631
v -2.8683558 -2.1832676 0.47646677
v -2.8809268 -2.1911751 0.47730259
v -2.9138377 -2.1960623 0.47781907
v -2.9545182 -2.1960623 0.47781907
v -2.9545182 -2.1960623 0.47781907
v -2.987429 -2.1911751 0.4773025
v -3 -2.1832676 0.47646677
v -2.9874289 -2.0893125 0.49793965
v -2.9545178 -2.0845354 0.49739395
v -2.9545178 -2.0845354 0.49739395
v -2.9138376 -2.0845359 0.49739395
v -2.8809265 -2.0893128 0.49793965
v -2.8683555 -2.0970423 0.49882263
v -2.8809265 -2.1047723 0.49970561
v -2.9138376 -2.1095494 0.50025126
v -2.9545178 -2.1095494 0.50025126
v -2.9545178 -2.1095494 0.50025126
v -2.9874289 -2.1047723 0.49970561
v -2.9999998 -2.0970423 0.49882263
v -2.9752588 -1.9653035 0.53169078
v -2.9423488 -1.9605498 0.5311394
v -2.9423488 -1.9605498 0.5311394
v -2.9016686 -1.9605498 0.5311394
v -2.8687566 -1.965303 0.53169078
v -2.8561798 -1.9729941 0.53258297
v -2.8687425 -1.980689 0.53347514
v -2.9016499 -1.9854442 0.53402652
v -2.9423301 -1.9854434 0.53402652
v -2.9423301 -1.9854434 0.53402652
v -2.9752447 -1.9806895 0.53347514
v -2.987824 -1.9729967 0.53258297
v -2.9406613 -1.6552079 0.60973651
v -2.9077502 -1.6504663 0.60918182
v -2.9077502 -1.6504663 0.60918182
v -2.86707 -1.6504632 0.60918182
v -2.8341589 -1.6551972 0.60973651
v -2.821588 -1.6628598 0.61063407
v -2.8341589 -1.6705413 0.6115316
v -2.86707 -1.6752912 0.61208629
v -2.9077502 -1.6752943 0.61208629
v -2.9077502 -1.6752943 0.61208629
v -2.9406613 -1.6705523 0.6115316
v -2.9532322 -1.6628799 0.61063407
v -2.9406611 -1.2082443 0.71989519
v -2.90775 -1.2035113 0.71933829
v -2.90775 -1.2035113 0.71933829
v -2.8670698 -1.2035111 0.71933829
v -2.8341588 -1.2082436 0.71989519
v -2.8215878 -1.215901 0.72079632
v -2.8341588 -1.22356 0.7216975
v -2.8670698 -1.2282935 0.7222544
v -2.90775 -1.2282937 0.7222544
v -2.90775 -1.2282937 0.7222544
v -2.9406611 -1.2235607 0.7216975
v -2.9532321 -1.2159024 0.72079632
v -2.9406611 -0.69418162 0.84802392
v -2.90775 -0.68945439 0.84746551
v -2.90775 -0.68945439 0.84746551
v -2.8670698 -0.68945439 0.84746551
v -2.8341588 -0.69418162 0.84802392
v -2.8215878 -0.7018304 0.84892738
v -2.8341588 -0.70947919 0.84983088
v -2.8670698 -0.71420642 0.85038926
v -2.90775 -0.71420642 0.85038926
v -2.90775 -0.71420642 0.85038926
v -2.9406611 -0.70947919 0.84983088
v -2.9532321 -0.7018304 0.84892738
v -2.9406611 -0.17864783 0.97615257
v -2.90775 -0.17392633 0.97559279
v -2.90775 -0.17392633 0.97559279
v -2.8670698 -0.17392633 0.97559279
v -2.8341588 -0.17864783 0.97615261
v -2.8215878 -0.18628712 0.97705842
v -2.8341588 -0.19392653 0.97796423
v -2.8670698 -0.19864785 0.97852406
v -2.90775 -0.19864785 0.97852406
v -2.90775 -0.19864785 0.97852406
v -2.9406611 -0.19392653 0.97796423
v -2.9532321 -0.186287 0.97705842
v -2.9406611 0.26631072 1.0863111
v -2.90775 0.27102255 1.0857489
v -2.90775 0.27102255 1.0857489
v -2.8670698 0.27102255 1.0857489
v -2.8341588 0.26631072 1.0863111
v -2.8215878 0.25868696 1.0872207
v -2.8341588 0.25106313 1.0881304
v -2.8670698 0.24635137 1.0886926
v -2.90775 0.24635137 1.0886926
v -2.90775 0.24635137 1.0886926
v -2.9406611 0.25106313 1.0881304
v -2.9532321 0.25868696 1.0872207
v -2.9406611 0.58458125 1.1645119
v -2.90775 0.5892717 1.1639445
v -2.90775 0.5892717 1.1639445
v -2.8670698 0.5892717 1.1639445
v -2.8341588 0.58458125 1.1645119
v -2.8215878 0.57699188 1.16543
v -2.8341588 0.56940262 1.1663482
v -2.8670698 0.56471206 1.1669156
v -2.90775 0.56471206 1.1669156
v -2.90775 0.56471206 1.1669156
v -2.9406611 0.56940262 1.1663482
v -2.9532321 0.57699188 1.16543
v -2.9406613 0.78418281 1.2127003
v -2.9077502 0.78881629 1.2121192
v -2.9077502 0.78881629 1.2121192
v -2.86707 0.78881629 1.2121192
v -2.8341589 0.78418281 1.2127003
v -2.821588 0.77668557 1.2136405
v -2.8341589 0.76918845 1.2145807
v -2.86707 0.76455497 1.2151618
v -2.9077502 0.76455497 1.2151618
v -2.9077502 0.76455497 1.2151618
v -2.9406613 0.76918845 1.2145807
v -2.9532322 0.77668557 1.2136405
v -2.9406611 0.89238504 1.2374515
v -2.90775 0.89699678 1.2368314
v -2.90775 0.89699678 1.2368314
v -2.8670698 0.89699678 1.2368314
v -2.8341588 0.89238504 1.2374515
v -2.8215878 0.88492327 1.2384549
v -2.8341588 0.87746138 1.2394582
v -2.8670698 0.87284963 1.2400784
v -2.90775 0.87284963 1.2400784
v -2.90775 0.87284963 1.2400784
v -2.9406611 0.87746138 1.2394582
v -2.9532321 0.88492327 1.2384549
v -2.9406611 0.94255559 1.2480068
v -2.90775 0.94679975 1.2473113
v -2.90775 0.94679975 1.2473113
v -2.8670698 0.94679975 1.2473113
v -2.8341588 0.94255559 1.2480068
v -2.8215878 0.93568831 1.2491319
v -2.8341588 0.92882138 1.2502571
v -2.8670698 0.92457722 1.2509525
v -2.9077502 0.92457722 1.2509525
v -2.9077502 0.92457722 1.2509525
v -2.9406611 0.92882138 1.2502571
v -2.9532321 0.93568831 1.2491319
v -2.9406614 0.97454738 1.2532691
v -2.9077504 0.97802557 1.2524544
v -2.9077504 0.97802557 1.2524544
v -2.8670702 0.97802557 1.2524544
v -2.8341592 0.97454714 1.2532691
v -2.8215882 0.96891923 1.2545871
v -2.8341592 0.96329119 1.2559052
v -2.8670702 0.95981277 1.2567197
v -2.9077506 0.95981277 1.2567197
v -2.9077506 0.95981277 1.2567197
v -2.9406614 0.96329119 1.2559051
v -2.9532324 0.96891923 1.2545871
v -2.9406613 0.99854955 1.2556853
v -2.9077502 1.0012858 1.2547886
v -2.9077502 1.0012858 1.2547886
v -2.86707 1.0012858 1.2547886
v -2.8341589 0.99854943 1.2556853
v -2.821588 0.99412195 1.257136
v -2.8341589 0.9896946 1.2585867
v -2.86707 0.98695826 1.2594833
v -2.9077502 0.98695826 1.2594833
v -2.9077502 0.98695826 1.2594833
v -2.9406613 0.9896946 1.2585867
v -2.9532322 0.99412195 1.257136
v -2.9406611 1.0240547 1.2578523
v -2.90775 1.0263408 1.2569181
v -2.90775 1.0263408 1.2569181
v -2.8670698 1.0263408 1.2569181
v -2.8341588 1.0240547 1.2578523
v -2.8215878 1.0203554 1.2593638
v -2.8341588 1.0166564 1.2608753
v -2.8670698 1.0143701 1.2618095
v -2.90775 1.0143701 1.2618095
v -2.90775 1.0143701 1.2618095
v -2.9406611 1.0166564 1.2608753
v -2.9532321 1.0203554 1.2593638
v -2.9406613 1.0523848 1.2596792
v -2.9077502 1.0540837 1.2587075
v -2.9077502 1.0540837 1.2587075
v -2.86707 1.0540837 1.2587075
v -2.8341589 1.0523849 1.2596792
v -2.821588 1.0496366 1.2612511
v -2.8341589 1.046888 1.2628232
v -2.86707 1.0451895 1.2637948
v -2.9077502 1.0451895 1.2637948
v -2.9077502 1.0451895 1.2637948
v -2.9406613 1.046888 1.2628232
v -2.9532322 1.0496366 1.2612511
v -2.9406611 1.0874412 1.2611632
v -2.90775 1.0884978 1.2601643
v -2.90775 1.0884978 1.2601643
v -2.8670698 1.0884978 1.2601643
v -2.8341588 1.0874412 1.2611632
v -2.8215878 1.0857318 1.2627795
v -2.8341588 1.0840224 1.2643957
v -2.8670698 1.082966 1.2653946
v -2.90775 1.082966 1.2653946
v -2.90775 1.082966 1.2653946
v -2.9406611 1.0840224 1.2643957
v -2.9532321 1.0857318 1.2627795
v -2.9406613 1.1400295 1.2623309
v -2.9077502 1.1405752 1.2613196
v -2.9077502 1.1405752 1.2613196
v -2.86707 1.1405752 1.2613196
v -2.8341589 1.1400295 1.2623309
v -2.821588 1.1391467 1.2639672
v -2.8341589 1.1382638 1.2656035
v -2.86707 1.1377182 1.2666148
v -2.9077502 1.1377182 1.2666148
v -2.9077502 1.1377182 1.2666148
v -2.9406613 1.1382638 1.2656035
v -2.9532322 1.1391467 1.2639672
v -2.9406611 1.2220968 1.2632033
v -2.90775 1.2223575 1.2621886
v -2.90775 1.2223575 1.2621886
v -2.8670698 1.2223575 1.2621886
v -2.8341588 1.2220968 1.2632033
v -2.8215878 1.2216748 1.2648452
v -2.8341588 1.221253 1.2664871
v -2.8670698 1.2209921 1.2675018
v -2.90775 1.2209921 1.2675018
v -2.90775 1.2209921 1.2675018
v -2.9406611 1.2212528 1.2664871
v -2.9532321 1.2216748 1.2648452
v -2.9406613 1.3437191 1.263812
v -2.9077502 1.3438411 1.2627964
v -2.9077502 1.3438411 1.2627964
v -2.86707 1.3438411 1.2627964
v -2.8341589 1.3437191 1.263812
v -2.821588 1.3435213 1.2654551
v -2.8341589 1.3433238 1.2670983
v -2.86707 1.3432017 1.2681138
v -2.9077502 1.3432017 1.2681138
v -2.9077502 1.3432017 1.2681138
v -2.9406613 1.3433238 1.2670983
v -2.9532322 1.3435213 1.2654551
v -2.9406611 1.5113138 1.2641997
v -2.90775 1.5113699 1.2631839
v -2.90775 1.5113699 1.2631839
v -2.8670698 1.5113699 1.2631839
v -2.8341588 1.5113138 1.2641997
v -2.8215878 1.5112228 1.265843
v -2.8341588 1.5111318 1.2674865
v -2.8670698 1.5110757 1.2685022
v -2.90775 1.5110757 1.2685022
v -2.90775 1.5110757 1.2685022
v -2.9406611 1.5111318 1.2674865
v -2.9532321 1.5112228 1.265843
v -2.9406613 1.7182643 1.2644184
v -2.9077502 1.7182894 1.2634026
v -2.9077502 1.7182894 1.2634026
v -2.86707 1.7182894 1.2634026
v -2.8341589 1.7182643 1.2644184
v -2.821588 1.7182237 1.2660619
v -2.8341589 1.7181831 1.2677054
v -2.86707 1.718158 1.2687211
v -2.9077502 1.718158 1.2687211
v -2.9077502 1.718158 1.2687211
v -2.9406613 1.7181831 1.2677054
v -2.9532322 1.7182237 1.2660619
v -2.9406611 1.9538977 1.2645232
v -2.90775 1.9539089 1.2635075
v -2.90775 1.9539089 1.2635075
v -2.8670698 1.9539089 1.2635075
v -2.8341588 1.9538977 1.2645232
v -2.8215878 1.9538793 1.2661668
v -2.8341588 1.9538609 1.2678104
v -2.8670698 1.9538497 1.2688261
v -2.90775 1.9538497 1.2688261
v -2.90775 1.9538497 1.2688261
v -2.9406611 1.9538609 1.2678104
v -2.9532321 1.9538793 1.2661668
v -2.8341588 2.1558983 1.2645709
v -2.8215878 2.1558854 1.2662144
v -2.8341588 2.1558728 1.267858
v -2.8690118 2.1558649 1.2688045
v -2.9406611 -0.27948669 0.95109044
v -2.9406611 -0.30262209 0.94534049
v -2.9532321 -0.31026341 0.9462458
v -2.9532321 -0.28712819 0.95199575
v -2.90775 -0.27476406 0.95053095
v -2.90775 -0.27476406 0.95053095
v -2.90775 -0.2978994 0.94478101
v -2.90775 -0.2978994 0.94478101
v -2.8670698 -0.27476406 0.95053095
v -2.8670698 -0.2978994 0.94478101
v -2.8341588 -0.27948669 0.95109048
v -2.8341588 -0.30262209 0.94534053
v -2.8215878 -0.28712819 0.95199575
v -2.8215878 -0.31026353 0.9462458
v -2.8341588 -0.29476963 0.95290111
v -2.8341588 -0.31790491 0.94715116
v -2.8670698 -0.29949214 0.95346064
v -2.8670698 -0.32262755 0.94771069
v -2.90775 -0.29949214 0.95346064
v -2.90775 -0.29949214 0.95346064
v -2.90775 -0.32262755 0.94771069
v -2.90775 -0.32262755 0.94771069
v -2.9406611 -0.29476963 0.95290107
v -2.9406611 -0.31790491 0.94715112
v -2.8634998 2.5090454 1.2691289
v -2.9115886 2.2054196 1.268148
v -2.9073338 2.5177453 1.2681169
v -2.9113186 2.2201425 1.2678689
v -2.9073338 2.5085944 1.2693264
v -2.9080447 2.2189136 1.2693266
v -2.9112814 2.2199519 1.2686452
v -2.9113172 2.2109018 1.2673372
v -2.8632299 2.2054196 1.268148
v -2.8674847 2.5177453 1.2681169
v -2.8634998 2.2201425 1.2678689
v -2.8674847 2.5085944 1.2693264
v -2.8667737 2.2189136 1.2693266
v -2.863537 2.2199519 1.2686452
v -2.9073338 2.5224353 1.2662124
v -2.9073338 2.5224353 1.2662124
v -2.9113186 2.2199844 1.2662124
v -2.8635012 2.2109018 1.2673372
v -2.911315 2.2090374 1.2662124
v -2.8674847 2.5224353 1.2662124
v -2.8634998 2.2199844 1.2662124
v -2.9113784 2.2086077 1.2676912
v -2.9120785 2.2039013 1.2662124
v -2.8635034 2.2090374 1.2662124
v -2.86344 2.2086077 1.2676912
v -2.8627399 2.2039013 1.2662124
v -2.9115886 2.2054196 1.2642767
v -2.916491 2.199592 1.2662124
v -2.9073338 2.5039348 1.2695354
v -2.9073338 2.5177453 1.2643079
v -2.9113187 2.5039348 1.2680284
v -2.9113187 2.5039348 1.2691884
v -2.8583274 2.199592 1.2662124
v -2.9113187 2.5039348 1.2662124
v -2.9113186 2.2201425 1.2645558
v -2.8674847 2.5039348 1.2695354
v -2.9080447 2.2189136 1.2630982
v -2.9112814 2.2199519 1.2637795
v -2.8634998 2.5039348 1.2680284
v -2.8634998 2.5039348 1.2691884
v -2.8634998 2.5039348 1.2662124
v -2.9113172 2.2109018 1.2650875
v -2.8632299 2.2054196 1.2642767
v -2.8257073 2.1675084 1.2662124
v -2.9491111 2.1675084 1.2662124
v -2.937404 2.1675643 1.2677578
v -2.9066569 2.167645 1.268713
v -2.9066569 2.167645 1.268713
v -2.8374144 2.1675643 1.2677578
v -2.9089807 2.2060931 1.2687091
v -2.9113186 2.2200568 1.2671268
v -2.8681614 2.167645 1.268713
v -2.8658377 2.2060931 1.2687091
v -2.8634998 2.2200568 1.2671268
v -2.9363962 2.1862477 1.2662124
v -2.927365 2.1876318 1.267761
v -2.9040713 2.189652 1.2687181
v -2.9040713 2.189652 1.2687181
v -2.8384222 2.1862477 1.2662124
v -2.9113184 2.2145167 1.2676036
v -2.911316 2.209624 1.266862
v -2.8474535 2.1876318 1.267761
v -2.9149669 2.2011598 1.267155
v -2.8707471 2.189652 1.2687181
v -2.8674847 2.5177453 1.2643079
v -2.8635001 2.2145167 1.2676036
v -2.9073338 2.5211579 1.2672093
v -2.9113187 2.5201732 1.2662124
v -2.9113181 2.2139263 1.2662124
v -2.8635024 2.209624 1.266862
v -2.8598515 2.2011598 1.267155
v -2.8634998 2.2201425 1.2645558
v -2.910179 2.2121875 1.268833
v -2.8674847 2.5211579 1.2672093
v -2.9118067 2.2051475 1.2669851
v -2.9112378 2.2137954 1.2682648
v -2.8634998 2.5201732 1.2662124
v -2.8635003 2.2139263 1.2662124
v -2.8646394 2.2121875 1.268833
v -2.8667737 2.2189136 1.2630982
v -2.8630117 2.2051475 1.2669851
v -2.863537 2.2199519 1.2637795
v -2.8635806 2.2137954 1.2682648
v -2.9201564 2.1966375 1.2662124
v -2.8635012 2.2109018 1.2650875
v -2.854662 2.1966375 1.2662124
v -2.9113784 2.2086077 1.2647336
v -2.914436 2.2002149 1.2679114
v -2.900234 2.2031976 1.2688412
v -2.900234 2.2031976 1.2688412
v -2.8603824 2.2002149 1.2679114
v -2.905831 2.2143073 1.2693582
v -2.9113187 2.515685 1.2680463
v -2.9113187 2.5080317 1.2691347
v -2.86344 2.2086077 1.2647336
v -2.8745844 2.2031976 1.2688412
v -2.8689874 2.2143073 1.2693582
v -2.9113187 2.5039348 1.2671666
v -2.8634998 2.515685 1.2680463
v -2.9073338 2.5039348 1.2628893
v -2.8634998 2.5039348 1.2671666
v -2.9113187 2.5039348 1.2643963
v -2.9113187 2.5039348 1.2632364
v -2.8674847 2.5039348 1.2628893
v -2.8634998 2.5039348 1.2643963
v -2.8988658 2.5039348 1.2695676
v -2.8988658 2.5039348 1.2695676
v -2.8988658 2.5225743 1.2662124
v -2.8988658 2.5225743 1.2662124
v -2.8987711 2.2204669 1.2695284
v -2.8987711 2.2204669 1.2695284
v -2.8634998 2.5039348 1.2632364
v -2.8759526 2.5039348 1.2695676
v -2.8759526 2.5225743 1.2662124
v -2.8760473 2.2204669 1.2695284
v -2.8759526 2.5086467 1.2693494
v -2.8978174 2.2061798 1.2690881
v -2.8978174 2.2061798 1.2690881
v -2.8988658 2.5178504 1.268132
v -2.8988658 2.5178504 1.268132
v -2.877001 2.2061798 1.2690881
v -2.8759526 2.5178504 1.268132
v -2.827967 2.1558919 1.2653804
v -2.937404 2.1675643 1.2646669
v -2.9066569 2.167645 1.2637118
v -2.9066569 2.167645 1.2637118
v -2.8374144 2.1675643 1.2646669
v -2.9089807 2.2060931 1.2637156
v -2.9113186 2.2200568 1.2652979
v -2.8681614 2.167645 1.2637118
v -2.8658377 2.2060931 1.2637156
v -2.8634998 2.2200568 1.2652979
v -2.927365 2.1876318 1.2646637
v -2.9040713 2.189652 1.2637065
v -2.9040713 2.189652 1.2637065
v -2.8573379 2.1887475 1.2683424
v -2.9113184 2.2145167 1.2648211
v -2.911316 2.209624 1.2655627
v -2.8474535 2.1876318 1.2646637
v -2.9149669 2.2011598 1.2652697
v -2.8707471 2.189652 1.2637065
v -2.8287379 2.1675251 1.2670245
v -2.8635001 2.2145167 1.2648211
v -2.8509823 2.1676096 1.2683386
v -2.9174805 2.1887475 1.2683424
v -2.9073338 2.5211579 1.2652154
v -2.9460805 2.1675251 1.2670245
v -2.8408661 2.1866652 1.2670265
v -2.9113187 2.519047 1.2652525
v -2.8635002 2.2141776 1.2669813
v -2.9238361 2.1676096 1.2683386
v -2.8635024 2.209624 1.2655627
v -2.9339524 2.1866652 1.2670265
v -2.8564565 2.1978365 1.2671108
v -2.9113182 2.2141776 1.2669813
v -2.8598515 2.2011598 1.2652697
v -2.910179 2.2121875 1.2635917
v -2.8647066 2.2019446 1.2684897
v -2.8674847 2.5211579 1.2652154
v -2.9118067 2.2051475 1.2654396
v -2.9183619 2.1978365 1.2671108
v -2.866335 2.210614 1.2690566
v -2.9112378 2.2137954 1.2641599
v -2.8634998 2.5200108 1.2652525
v -2.9101118 2.2019446 1.2684897
v -2.8646394 2.2121875 1.2635917
v -2.9069498 2.210614 1.2690566
v -2.8630117 2.2051475 1.2654396
v -2.8635806 2.2137954 1.2641599
v -2.8634998 2.5189541 1.2671717
v -2.914436 2.2002149 1.2645133
v -2.900234 2.2031976 1.2635836
v -2.900234 2.2031976 1.2635836
v -2.8603824 2.2002149 1.2645133
v -2.905831 2.2143073 1.2630665
v -2.9073338 2.5074936 1.2630813
v -2.9113187 2.515685 1.2643784
v -2.9113187 2.5080317 1.2632901
v -2.8745844 2.2031976 1.2635836
v -2.8689874 2.2143073 1.2630665
v -2.8674847 2.5074936 1.2630813
v -2.9113187 2.5039348 1.2652581
v -2.8766455 2.2156802 1.2694834
v -2.9113187 2.5189541 1.2671717
v -2.8634998 2.515685 1.2643784
v -2.8634998 2.5080317 1.2632901
v -2.8634998 2.5039348 1.2652581
v -2.8775337 2.208863 1.2692454
v -2.8988658 2.5039348 1.2628571
v -2.8988658 2.5039348 1.2628571
v -2.8759526 2.5212869 1.2672174
v -2.8987711 2.2204669 1.2628963
v -2.8987711 2.2204669 1.2628963
v -2.898173 2.2156802 1.2694834
v -2.898173 2.2156802 1.2694834
v -2.8988658 2.5086467 1.2693669
v -2.8988658 2.5086467 1.2693669
v -2.8972847 2.208863 1.2692454
v -2.8972847 2.208863 1.2692454
v -2.8988658 2.5212869 1.2672174
v -2.8988658 2.5212869 1.2672174
v -2.8759526 2.5039348 1.2628571
v -2.8760473 2.2204669 1.2628963
v -2.8759526 2.5086467 1.2630753
v -2.8978174 2.2061798 1.2633366
v -2.8978174 2.2061798 1.2633366
v -2.8988658 2.5178504 1.2642927
v -2.8988658 2.5178504 1.2642927
v -2.877001 2.2061798 1.2633366
v -2.8759526 2.5178504 1.2642927
v -2.8573379 2.1887475 1.2640824
v -2.8287379 2.1675251 1.2654003
v -2.8509823 2.1676096 1.2640862
v -2.9174805 2.1887475 1.2640824
v -2.9460805 2.1675251 1.2654003
v -2.8408661 2.1866652 1.2653982
v -2.8635002 2.2141776 1.2654435
v -2.9238361 2.1676096 1.2640862
v -2.9339524 2.1866652 1.2653982
v -2.8564565 2.1978365 1.265314
v -2.9113182 2.2141776 1.2654435
v -2.8647066 2.2019446 1.2639349
v -2.9183619 2.1978365 1.265314
v -2.866335 2.210614 1.2633681
v -2.9101118 2.2019446 1.2639349
v -2.9069498 2.210614 1.2633681
v -2.8766455 2.2156802 1.2629414
v -2.8775337 2.208863 1.2631794
v -2.8759526 2.5212869 1.2652073
v -2.898173 2.2156802 1.2629414
v -2.898173 2.2156802 1.2629414
v -2.8988658 2.5075449 1.2630578
v -2.8988658 2.5075449 1.2630578
v -2.8972847 2.208863 1.2631794
v -2.8972847 2.208863 1.2631794
v -2.8988658 2.5212869 1.2652073
v -2.8988658 2.5212869 1.2652073
v -2.8506142 2.1559022 1.264063
v -2.8278733 2.1558792 1.2670362
v -2.8506142 2.155869 1.2683659
v -2.9139396 -0.87241857 0.44790023
v -2.9479632 -1.1878311 0.44498367
v -2.9370502 -1.1873838 0.44652913
v -2.9085099 -1.1867375 0.44748424
v -2.9085099 -1.1867375 0.44748424
v -2.8242087 -1.2098713 0.44498588
v -2.8367788 -1.209884 0.44662942
v -2.8661207 -0.86474853 0.44681913
v -2.9370502 -1.1873838 0.44343825
v -2.8696902 -1.2098919 0.44764532
v -2.8661207 -0.87241857 0.44790023
v -2.9085099 -1.1867375 0.44248314
v -2.9085099 -1.1867375 0.44248314
v -2.9142095 -1.1603374 0.44691933
v -2.832097 -1.1878311 0.44498367
v -2.9099546 -0.86371863 0.44688817
v -2.8430102 -1.1873838 0.44652913
v -2.9139396 -1.1456143 0.44664026
v -2.9106656 -1.1468434 0.44809793
v -2.9139025 -1.1458049 0.44741657
v -2.8367788 -1.2098587 0.44334237
v -2.8715504 -1.1867375 0.44748424
v -2.9139383 -1.1548552 0.44610848
v -2.8661207 -0.86474853 0.4431483
v -2.8658507 -1.1603374 0.44691933
v -2.8701056 -0.86371863 0.44688817
v -2.8661207 -1.1456143 0.44664026
v -2.8701056 -0.87286975 0.44809772
v -2.8693947 -1.1468434 0.44809793
v -2.8661579 -1.1458049 0.44741657
v -2.9099546 -0.85902866 0.44498367
v -2.9139396 -1.1457724 0.44498367
v -2.8661221 -1.1548552 0.44610848
v -2.9139361 -1.1567194 0.44498367
v -2.8701056 -0.85902866 0.44498367
v -2.8701056 -0.85902866 0.44498367
v -2.8661207 -1.1457724 0.44498367
v -2.9139994 -1.1571493 0.44646247
v -2.9146994 -1.1618557 0.44498367
v -2.8661243 -1.1567194 0.44498367
v -2.8660609 -1.1571493 0.44646247
v -2.8653609 -1.1618557 0.44498367
v -2.8696902 -1.2098508 0.44232648
v -2.9142095 -1.1603374 0.44304805
v -2.9191119 -1.1661648 0.44498367
v -2.9099546 -0.88010462 0.4483068
v -2.9099546 -0.86371863 0.44307921
v -2.8430102 -1.1873838 0.44343825
v -2.9139396 -0.88010462 0.44679971
v -2.9139396 -0.88010462 0.44795968
v -2.8609483 -1.1661648 0.44498367
v -2.9139396 -0.88010462 0.44498367
v -2.9139396 -1.1456143 0.44332713
v -2.8701056 -0.88010462 0.4483068
v -2.9106656 -1.1468434 0.44186949
v -2.9139025 -1.1458049 0.44255081
v -2.8715504 -1.1867375 0.44248314
v -2.8661207 -0.88010462 0.44679971
v -2.8661207 -0.88010462 0.44795968
v -2.8661207 -0.88010462 0.44498367
v -2.9139383 -1.1548552 0.44385886
v -2.8658507 -1.1603374 0.44304805
v -2.830391 -1.2098778 0.44579432
v -2.9451074 -1.1876974 0.44579582
v -2.9116017 -1.1596636 0.44748045
v -2.9139396 -1.1457 0.44589819
v -2.8349529 -1.1876974 0.44579582
v -2.8684586 -1.1596636 0.44748045
v -2.9245717 -1.1870217 0.44710983
v -2.8661207 -1.1457 0.44589819
v -2.8554886 -1.1870217 0.44710983
v -2.9139394 -1.1512403 0.44637489
v -2.9139369 -1.1561328 0.44563332
v -2.9175878 -1.1645972 0.44592631
v -2.8701056 -0.86371863 0.44307921
v -2.866121 -1.1512403 0.44637489
v -2.9099546 -0.86030601 0.44598065
v -2.9139396 -0.86129077 0.44498367
v -2.913939 -1.1518307 0.44498367
v -2.8661233 -1.1561328 0.44563332
v -2.8624725 -1.1645972 0.44592631
v -2.8661207 -1.1456143 0.44332713
v -2.9128 -1.1535692 0.44760428
v -2.8701056 -0.86030601 0.44598065
v -2.9144276 -1.1606094 0.44575644
v -2.9138588 -1.1519616 0.44703616
v -2.8661207 -0.86129077 0.44498367
v -2.8661212 -1.1518307 0.44498367
v -2.8672603 -1.1535692 0.44760428
v -2.8693947 -1.1468434 0.44186949
v -2.8656326 -1.1606094 0.44575644
v -2.8661579 -1.1458049 0.44255081
v -2.8662015 -1.1519616 0.44703616
v -2.9227773 -1.1691193 0.44498367
v -2.8661221 -1.1548552 0.44385886
v -2.8572829 -1.1691193 0.44498367
v -2.9139994 -1.1571493 0.44350495
v -2.9170569 -1.1655418 0.44668276
v -2.9028549 -1.1625594 0.44761253
v -2.9028549 -1.1625594 0.44761253
v -2.8630034 -1.1655418 0.44668276
v -2.9084519 -1.1514495 0.44812956
v -2.9099546 -0.87397035 0.44811472
v -2.9139396 -0.86577915 0.44681763
v -2.8660609 -1.1571493 0.44350495
v -2.8772053 -1.1625594 0.44761253
v -2.8716084 -1.1514495 0.44812956
v -2.9139396 -0.88010462 0.4459379
v -2.9099546 -0.88010462 0.44166058
v -2.8661207 -0.88010462 0.4459379
v -2.9139396 -0.88010462 0.44316767
v -2.9139396 -0.88010462 0.44200774
v -2.8701056 -0.88010462 0.44166058
v -2.8661207 -0.88010462 0.44316767
v -2.9014867 -0.88010462 0.44833897
v -2.9014867 -0.88010462 0.44833897
v -2.9014867 -0.85888965 0.44498367
v -2.9014867 -0.85888965 0.44498367
v -2.901392 -1.1452901 0.44829976
v -2.901392 -1.1452901 0.44829976
v -2.9014867 -0.87281721 0.44812076
v -2.9014867 -0.87281721 0.44812076
v -2.8661207 -0.88010462 0.44200774
v -2.8785735 -0.88010462 0.44833897
v -2.8785735 -0.85888965 0.44498367
v -2.8786683 -1.1452901 0.44829976
v -2.9004384 -1.1595772 0.44785948
v -2.9004384 -1.1595772 0.44785948
v -2.9014867 -0.86361354 0.44690333
v -2.9014867 -0.86361354 0.44690333
v -2.8796219 -1.1595772 0.44785948
v -2.8785735 -0.86361354 0.44690333
v -2.8305879 -1.2098649 0.44415173
v -2.9451074 -1.1876974 0.44417161
v -2.9116017 -1.1596636 0.44248689
v -2.9139396 -1.1457 0.44406919
v -2.8349529 -1.1876974 0.44417161
v -2.8684586 -1.1596636 0.44248689
v -2.9245717 -1.1870217 0.44285755
v -2.8661207 -1.1457 0.44406919
v -2.85286 -1.2098546 0.44284601
v -2.8554886 -1.1870217 0.44285755
v -2.9139394 -1.1512403 0.44359249
v -2.9139369 -1.1561328 0.44433406
v -2.9175878 -1.1645972 0.44404107
v -2.866121 -1.1512403 0.44359249
v -2.9099546 -0.86030601 0.44398673
v -2.9139396 -0.86145318 0.44402382
v -2.8661211 -1.1515794 0.44575261
v -2.8661233 -1.1561328 0.44433406
v -2.8590775 -1.1679203 0.44588215
v -2.9139392 -1.1515794 0.44575261
v -2.8624725 -1.1645972 0.44404107
v -2.9128 -1.1535692 0.44236306
v -2.8673275 -1.1638124 0.44726108
v -2.8701056 -0.86030601 0.44398673
v -2.9144276 -1.1606094 0.44421094
v -2.9209828 -1.1679203 0.44588215
v -2.8689559 -1.155143 0.44782798
v -2.9138588 -1.1519616 0.44293126
v -2.9127327 -1.1638124 0.44726108
v -2.8672603 -1.1535692 0.44236306
v -2.9095706 -1.155143 0.44782798
v -2.8656326 -1.1606094 0.44421094
v -2.8662015 -1.1519616 0.44293126
v -2.8661207 -0.86251007 0.44594298
v -2.9170569 -1.1655418 0.44328463
v -2.9028549 -1.1625594 0.4423549
v -2.9028549 -1.1625594 0.4423549
v -2.8630034 -1.1655418 0.44328463
v -2.9084519 -1.1514495 0.44183787
v -2.9099546 -0.87397035 0.4418527
v -2.9139396 -0.86577915 0.44314975
v -2.9139396 -0.87343247 0.4420614
v -2.8772053 -1.1625594 0.4423549
v -2.8716084 -1.1514495 0.44183787
v -2.8701056 -0.87397035 0.4418527
v -2.9139396 -0.88010462 0.44402948
v -2.8792663 -1.1500766 0.44825468
v -2.9139396 -0.86251007 0.44594298
v -2.8661207 -0.87343247 0.4420614
v -2.8661207 -0.88010462 0.44402948
v -2.8785735 -0.873919 0.44813818
v -2.8801547 -1.156894 0.44801668
v -2.9014867 -0.88010462 0.44162841
v -2.9014867 -0.88010462 0.44162841
v -2.8785735 -0.86017679 0.44598877
v -2.901392 -1.1452901 0.44166758
v -2.901392 -1.1452901 0.44166758
v -2.900794 -1.1500766 0.44825468
v -2.900794 -1.1500766 0.44825468
v -2.8999056 -1.156894 0.44801668
v -2.8999056 -1.156894 0.44801668
v -2.9014867 -0.86017679 0.44598877
v -2.9014867 -0.86017679 0.44598877
v -2.8785735 -0.88010462 0.44162841
v -2.8786683 -1.1452901 0.44166758
v -2.8785735 -0.87281721 0.44184662
v -2.9004384 -1.1595772 0.4421079
v -2.9004384 -1.1595772 0.4421079
v -2.9014867 -0.86361354 0.44306405
v -2.9014867 -0.86361354 0.44306405
v -2.8796219 -1.1595772 0.4421079
v -2.8785735 -0.86361354 0.44306405
v -2.8661211 -1.1515794 0.44421477
v -2.8590775 -1.1679203 0.44408527
v -2.9139392 -1.1515794 0.44421477
v -2.8673275 -1.1638124 0.44270626
v -2.9209828 -1.1679203 0.44408527
v -2.8689559 -1.155143 0.4421394
v -2.9127327 -1.1638124 0.44270626
v -2.9095706 -1.155143 0.4421394
v -2.8661207 -0.86251007 0.4440244
v -2.8792663 -1.1500766 0.4417127
v -2.8801547 -1.156894 0.44195074
v -2.8785735 -0.86017679 0.44397861
v -2.900794 -1.1500766 0.4417127
v -2.900794 -1.1500766 0.4417127
v -2.9014867 -0.873919 0.4418292
v -2.9014867 -0.873919 0.4418292
v -2.8999056 -1.156894 0.44195074
v -2.8999056 -1.156894 0.44195074
v -2.9014867 -0.86017679 0.44397861
v -2.9014867 -0.86017679 0.44397861
v -2.8532354 -1.209888 0.44713491
v -2.871221 -1.2291113 0.4423319
v -2.871221 -1.2291113 0.4423319
v -2.9119115 -1.2291113 0.44765077
v -2.9119115 -1.2291113 0.44765077
v -2.9119115 -1.2291113 0.44765077
v -2.9119115 -1.2291113 0.44765077
v -2.8383116 -1.2291113 0.44334779
v -2.8383116 -1.2291113 0.44334779
v -2.9573881 -1.2291113 0.44499129
v -2.9573881 -1.2291113 0.44499129
v -2.9119017 -1.2291113 0.4423319
v -2.9119017 -1.2291113 0.4423319
v -2.9119017 -1.2291113 0.4423319
v -2.9119017 -1.2291113 0.4423319
v -2.8712308 -1.2291113 0.44765077
v -2.8712308 -1.2291113 0.44765077
v -2.8257444 -1.2291113 0.44499129
v -2.8257444 -1.2291113 0.44499129
v -2.9448209 -1.2291113 0.44663484
v -2.9448209 -1.2291113 0.44663484
v -2.9448149 -1.2291113 0.44334779
v -2.9448149 -1.2291113 0.44334779
v -2.8383176 -1.2291113 0.44663484
v -2.8383176 -1.2291113 0.44663484
v -2.9111412 -1.2195016 0.44764807
v -2.9111412 -1.2195016 0.44764807
v -2.8375452 -1.2194848 0.44334508
v -2.9566202 -1.2194913 0.44498859
v -2.9111363 -1.219481 0.44232919
v -2.9111363 -1.219481 0.44232919
v -2.83755 -1.2195195 0.44663213
v -2.9503343 -1.2194882 0.44416686
v -2.9275924 -1.2194832 0.44283714
v -2.8540004 -1.2194829 0.44283714
v -2.8312609 -1.2194882 0.44416686
v -2.8312624 -1.2194944 0.44581036
v -2.8540043 -1.2194996 0.44714008
v -2.9275964 -1.2194996 0.44714008
v -2.9503359 -1.2194944 0.44581036
v -2.869002 2.1366414 1.263563
v -2.869002 2.1366414 1.263563
v -2.9096924 2.1366414 1.2688819
v -2.9096924 2.1366414 1.2688819
v -2.9096924 2.1366414 1.2688819
v -2.9096924 2.1366414 1.2688819
v -2.8360925 2.1366414 1.2645789
v -2.8360925 2.1366414 1.2645789
v -2.9551689 2.1366414 1.2662224
v -2.9551689 2.1366414 1.2662224
v -2.9096826 2.1366414 1.263563
v -2.9096826 2.1366414 1.263563
v -2.9096826 2.1366414 1.263563
v -2.9096826 2.1366414 1.263563
v -2.8690118 2.1366414 1.2688819
v -2.8690118 2.1366414 1.2688819
v -2.8235253 2.1366414 1.2662224
v -2.8235253 2.1366414 1.2662224
v -2.9426018 2.1366414 1.267866
v -2.9426018 2.1366414 1.267866
v -2.9425958 2.1366414 1.2645789
v -2.9425958 2.1366414 1.2645789
v -2.8360986 2.1366414 1.267866
v -2.8360986 2.1366414 1.267866
v -2.9089221 2.1462509 1.2688792
v -2.9089221 2.1462509 1.2688792
v -2.8353261 2.1462679 1.2645762
v -2.9544011 2.1462614 1.2662197
v -2.9089172 2.1462717 1.2635603
v -2.9089172 2.1462717 1.2635603
v -2.8353309 2.146233 1.2678632
v -2.9481152 2.1462645 1.265398
v -2.9253733 2.1462695 1.2640682
v -2.8517813 2.1462695 1.2640682
v -2.8290417 2.1462645 1.265398
v -2.8290433 2.1462583 1.2670415
v -2.8517852 2.146253 1.2683712
v -2.9253772 2.146253 1.2683712
v -2.9481168 2.1462583 1.2670415
v -2.9418371 -1.2098899 0.44340404
v -2.910302 -1.2098873 0.44239831
v -2.910302 -1.2098873 0.44239831
v -2.949597 -1.2098899 0.44416898
v -2.9103039 -1.2098902 0.44757444
v -2.9103039 -1.2098902 0.44757444
v -2.9270836 -1.2098897 0.44712645
v -2.9418393 -1.2098899 0.44656913
v -2.9495975 -1.2098892 0.44580378
v -2.9270818 -1.2098871 0.4428463
v -2.9544108 -1.2098895 0.44498638
v -2.8704596 -1.2194911 0.44764802
v -2.9079042 2.1558639 1.2688045
v -2.9079042 2.1558639 1.2688045
v -2.9520101 2.1558647 1.2662164
v -2.9471969 2.1558644 1.2670338
v -2.9079028 2.1558644 1.2636282
v -2.9079028 2.1558644 1.2636282
v -2.9246822 2.1558644 1.2640763
v -2.8670735 2.1558639 1.2635552
v -2.8704555 -1.2194796 0.44232919
v -2.9393682 2.1558647 1.2646336
v -2.9393706 2.1558647 1.2677987
v -2.9471964 2.1558644 1.265399
v -2.9246837 2.1558642 1.2683565
v -2.8690118 2.1462731 1.2688431
v -2.868036 2.1462688 1.2635591
v -2.8671427 0.47883674 0.86958538
v -2.867141 0.46182187 0.8651721
v -2.9407337 0.47558666 0.8687425
v -2.9407326 0.46507089 0.86601494
v -2.8216598 0.47032955 0.86737872
v -2.8506856 0.46344674 0.86559353
v -2.8506871 0.47721206 0.86916395
v -2.9470183 0.4676998 0.86669684
v -2.9470189 0.47295768 0.86806062
v -2.827945 0.46770058 0.86669684
v -2.8279455 0.4729584 0.86806062
v -2.9242769 0.46344626 0.86559353
v -2.9242782 0.47721158 0.86916395
v -2.9532188 0.47541558 0.86678357
v -2.9406488 0.47028978 0.8654046
v -2.9406488 0.4805412 0.86816255
v -2.9113062 0.7481931 0.83802367
v -2.9077375 0.48370979 0.86901495
v -2.9077375 0.48370979 0.86901495
v -2.9077375 0.46712138 0.86455218
v -2.9077375 0.46712138 0.86455218
v -2.9113062 0.72691234 0.83476954
v -2.9453298 0.49388532 0.86468553
v -2.9344168 0.49909012 0.86593856
v -2.9058765 0.50261703 0.86667778
v -2.9058765 0.50261703 0.86667778
v -2.8215753 0.47541558 0.86678357
v -2.8341455 0.48054138 0.86816253
v -2.8634873 0.7481931 0.83802367
v -2.9344168 0.48943037 0.86334746
v -2.8670567 0.48370979 0.86901495
v -2.9058765 0.48698728 0.86248527
v -2.9058765 0.48698728 0.86248527
v -2.9115761 0.52298302 0.86369335
v -2.8294636 0.49388532 0.86468553
v -2.9073212 0.74927245 0.83798361
v -2.8403766 0.49909012 0.86593856
v -2.9113062 0.53445339 0.86205915
v -2.9073212 0.74538118 0.8398679
v -2.9080322 0.53797869 0.86339802
v -2.9112689 0.53671985 0.8627281
v -2.8341455 0.47028996 0.86540458
v -2.8689169 0.50261703 0.86667778
v -2.9113047 0.52504473 0.86249225
v -2.8632174 0.52298302 0.86369335
v -2.8674722 0.74927245 0.83798361
v -2.8634873 0.53445339 0.86205915
v -2.8667612 0.53797869 0.86339802
v -2.8635245 0.53671985 0.8627281
v -2.9073212 0.74725205 0.83594101
v -2.9113061 0.52914356 0.86068548
v -2.8634887 0.52504473 0.86249225
v -2.9113062 0.7462501 0.8360547
v -2.9113025 0.51996652 0.86172662
v -2.8674722 0.74725205 0.83594101
v -2.8634873 0.52914356 0.86068548
v -2.9113659 0.52422776 0.86300715
v -2.912066 0.51566085 0.86221511
v -2.8634873 0.7462501 0.8360547
v -2.8634909 0.51996652 0.86172662
v -2.8634275 0.52422776 0.86300715
v -2.8627274 0.51566085 0.86221511
v -2.8670568 0.46712138 0.86455218
v -2.8634873 0.72691234 0.83476954
v -2.9115761 0.5108843 0.86044805
v -2.9164785 0.51204844 0.86262493
v -2.9073212 0.74223057 0.84026635
v -2.9073212 0.73736839 0.8347905
v -2.8403768 0.48943037 0.86334746
v -2.9113062 0.74493645 0.83838933
v -2.9113062 0.74134744 0.84010739
v -2.8583149 0.51204844 0.86262493
v -2.9113062 0.74289074 0.83643581
v -2.9113062 0.52409896 0.85928172
v -2.8674722 0.74150376 0.84036572
v -2.9080322 0.51851309 0.85817664
v -2.9112689 0.52151293 0.85864905
v -2.8689169 0.48698728 0.86248527
v -2.8634873 0.74493645 0.83838933
v -2.8634873 0.74134744 0.84010739
v -2.8634873 0.74289074 0.83643581
v -2.9113047 0.51801414 0.86060638
v -2.8632174 0.5108843 0.86044805
v -2.8277575 0.47793689 0.86746188
v -2.947186 0.47787575 0.86744543
v -2.9424739 0.49653561 0.86535362
v -2.9089682 0.52530149 0.86409971
v -2.9113062 0.53206237 0.86144523
v -2.8323195 0.49653561 0.86535362
v -2.8658252 0.52530149 0.86409971
v -2.92364 0.48217897 0.86860309
v -2.9219384 0.50120868 0.86639093
v -2.8634873 0.53206237 0.86144523
v -2.8496364 0.48203214 0.86856359
v -2.9363837 0.50086163 0.86389407
v -2.9273525 0.50686185 0.86506069
v -2.9040589 0.51154686 0.86567095
v -2.9040589 0.51154686 0.86567095
v -2.8528552 0.50120868 0.86639093
v -2.8384097 0.50086163 0.86389407
v -2.911306 0.5289077 0.86237177
v -2.9113035 0.52248861 0.8622154
v -2.847441 0.50686185 0.86506069
v -2.9149544 0.51630848 0.86326604
v -2.8707346 0.51154686 0.86567095
v -2.8674722 0.73736839 0.8347905
v -2.8634876 0.5289077 0.86237177
v -2.9073212 0.74929705 0.83689826
v -2.9113056 0.52406493 0.86126165
v -2.8634899 0.52248861 0.8622154
v -2.859839 0.51630848 0.86326604
v -2.8634873 0.52409896 0.85928172
v -2.9101665 0.5307975 0.86362391
v -2.8674722 0.74929705 0.83689826
v -2.9117942 0.51912065 0.86274439
v -2.9112253 0.53036967 0.8629947
v -2.8634873 0.7482195 0.83697628
v -2.8634878 0.52406493 0.86126165
v -2.8646269 0.5307975 0.86362391
v -2.8667613 0.51851309 0.85817664
v -2.8629992 0.51912065 0.86274439
v -2.8635245 0.52151293 0.85864905
v -2.8635681 0.53036967 0.8629947
v -2.9201439 0.50957161 0.86290593
v -2.8634887 0.51801414 0.86060638
v -2.8546495 0.50957161 0.86290593
v -2.911366 0.51498468 0.86052784
v -2.9144235 0.51788068 0.86399003
v -2.9002215 0.52328671 0.86448579
v -2.9002215 0.52328671 0.86448579
v -2.86037 0.51788068 0.86399003
v -2.9058185 0.53421604 0.86386261
v -2.9113062 0.74431031 0.83976071
v -2.8634275 0.51498468 0.86052784
v -2.8745719 0.52328671 0.86448579
v -2.868975 0.53421604 0.86386261
v -2.8674722 0.74451154 0.83998683
v -2.9113062 0.74414611 0.83743673
v -2.8634873 0.74431031 0.83976071
v -2.9073212 0.72173596 0.83506326
v -2.8634873 0.74488796 0.83735312
v -2.9113062 0.73276608 0.83540029
v -2.9113062 0.72375158 0.83511647
v -2.8674722 0.72173596 0.83506326
v -2.8634873 0.73276608 0.83540029
v -2.8988533 0.74234856 0.84028222
v -2.8988533 0.74234856 0.84028222
v -2.8988533 0.74736861 0.83592778
v -2.8988533 0.74736861 0.83592778
v -2.8987586 0.53991161 0.86341954
v -2.8987586 0.53991161 0.86341954
v -2.8988533 0.74549714 0.83988223
v -2.8988533 0.74549714 0.83988223
v -2.8634873 0.72375158 0.83511647
v -2.8759401 0.74162223 0.84038201
v -2.8759401 0.74736861 0.83592778
v -2.8760348 0.53991161 0.86341954
v -2.8978049 0.52655859 0.8644092
v -2.8978049 0.52655859 0.8644092
v -2.8988533 0.74940787 0.83798632
v -2.8988533 0.74940787 0.83798632
v -2.8769885 0.52655859 0.8644092
v -2.8759401 0.74940787 0.83798632
v -2.8279545 0.47281402 0.86608364
v -2.9468549 0.47282011 0.86608529
v -2.9424739 0.49145943 0.86399201
v -2.9089683 0.50969533 0.85991356
v -2.9113062 0.5263462 0.85991195
v -2.8323195 0.49145943 0.86399201
v -2.8658252 0.50969533 0.85991356
v -2.9256686 0.46884811 0.86501669
v -2.9219384 0.48791908 0.86282618
v -2.8634873 0.5263462 0.85991195
v -2.8502264 0.46874188 0.86498809
v -2.9273525 0.49718198 0.86246419
v -2.9040589 0.49588422 0.86146965
v -2.9040589 0.49588422 0.86146965
v -2.8528552 0.48791908 0.86282618
v -2.8573254 0.50961389 0.86544193
v -2.911306 0.52021193 0.86003924
v -2.9113035 0.51842812 0.86112624
v -2.847441 0.49718198 0.86246419
v -2.9149544 0.51041665 0.86168564
v -2.8707346 0.49588422 0.86146965
v -2.8634876 0.52021193 0.86003924
v -2.917468 0.50961389 0.86544193
v -2.9073212 0.74306557 0.83522674
v -2.8408536 0.50375608 0.86453685
v -2.8634877 0.52667867 0.86188237
v -2.8634899 0.51842812 0.86112624
v -2.9339399 0.50375608 0.86453685
v -2.856444 0.51338454 0.86354506
v -2.9113057 0.52667867 0.86188237
v -2.859839 0.51041665 0.86168564
v -2.9101666 0.51441731 0.85923012
v -2.8646941 0.52113806 0.86431037
v -2.8674722 0.74306557 0.83522674
v -2.9117942 0.51429048 0.86144877
v -2.9183494 0.51338454 0.86354506
v -2.8663225 0.5301774 0.86396107
v -2.9112253 0.51754069 0.8595535
v -2.9100993 0.52113806 0.86431037
v -2.8646269 0.51441731 0.85923012
v -2.9069373 0.5301774 0.86396107
v -2.8629992 0.51429048 0.86144877
v -2.8635681 0.51754069 0.8595535
v -2.9144235 0.5072606 0.86114134
v -2.9002215 0.50685522 0.86007826
v -2.9002215 0.50685522 0.86007826
v -2.86037 0.5072606 0.86114134
v -2.9058185 0.51455285 0.85858821
v -2.9073212 0.72494103 0.83473729
v -2.9113062 0.73586152 0.83504559
v -2.8745719 0.50685522 0.86007826
v -2.868975 0.51455285 0.85858821
v -2.8674722 0.72494103 0.83473729
v -2.9113062 0.73815515 0.83582974
v -2.876633 0.53575796 0.86383695
v -2.9113062 0.74733159 0.8370763
v -2.8634873 0.73586152 0.83504559
v -2.8634873 0.73815515 0.83582974
v -2.8759401 0.74462786 0.84000165
v -2.8775212 0.52929929 0.86428579
v -2.8988533 0.7216987 0.83503776
v -2.8988533 0.7216987 0.83503776
v -2.8759401 0.7494308 0.83689278
v -2.8987586 0.51918418 0.85785969
v -2.8987586 0.51918418 0.85785969
v -2.8981605 0.53575796 0.86383695
v -2.8981605 0.53575796 0.86383695
v -2.8972722 0.52929929 0.86428579
v -2.8972722 0.52929929 0.86428579
v -2.8988533 0.7494308 0.83689278
v -2.8988533 0.7494308 0.83689278
v -2.8759401 0.7216987 0.83503776
v -2.8760348 0.51918418 0.85785969
v -2.8978049 0.50858339 0.85958759
v -2.8978049 0.50858339 0.85958759
v -2.8988533 0.73740923 0.83476781
v -2.8988533 0.73740923 0.83476781
v -2.8769885 0.50858339 0.85958759
v -2.8759401 0.73740923 0.83476781
v -2.8573254 0.49630034 0.86187076
v -2.917468 0.49630034 0.86187076
v -2.8408536 0.49866736 0.86317186
v -2.8634877 0.52187239 0.86059315
v -2.9339399 0.49866736 0.86317186
v -2.856444 0.50776886 0.86203874
v -2.9113057 0.52187239 0.86059315
v -2.8646941 0.50690305 0.86049202
v -2.9183494 0.50776886 0.86203874
v -2.8663225 0.51239906 0.85919228
v -2.9100993 0.50690305 0.86049202
v -2.9069373 0.51239906 0.85919228
v -2.8634873 0.74133549 0.83546792
v -2.876633 0.51531262 0.85835274
v -2.9113062 0.74133549 0.83546792
v -2.8759401 0.72491069 0.83471275
v -2.8775212 0.51034153 0.85920062
v -2.8759401 0.74314845 0.83520763
v -2.8981605 0.51531262 0.85835274
v -2.8981605 0.51531262 0.85835274
v -2.8988533 0.72491069 0.83471275
v -2.8988533 0.72491069 0.83471275
v -2.8972722 0.51034153 0.85920062
v -2.8972722 0.51034153 0.85920062
v -2.8988533 0.74314845 0.83520763
v -2.8988533 0.74314845 0.83520763
v -2.9407322 0.4628974 0.87023128
v -2.9407322 0.4628974 0.87023128
v -2.9533027 0.45763945 0.86886752
v -2.9533027 0.45763945 0.86886752
v -2.9407312 0.45238163 0.86750372
v -2.9407312 0.45238163 0.86750372
v -2.8216585 0.45764029 0.8688675
v -2.8216585 0.45764029 0.8688675
v -2.8342299 0.46289811 0.8702313
v -2.8342299 0.46289811 0.8702313
v -2.8671414 0.46614748 0.87107415
v -2.8671414 0.46614748 0.87107415
v -2.9078216 0.46614713 0.87107415
v -2.9078216 0.46614713 0.87107415
v -2.9078216 0.46614713 0.87107415
v -2.9078216 0.46614713 0.87107415
v -2.9078197 0.44913226 0.86666088
v -2.9078197 0.44913226 0.86666088
v -2.9078197 0.44913226 0.86666088
v -2.9078197 0.44913226 0.86666088
v -2.8671395 0.44913261 0.86666088
v -2.8671395 0.44913261 0.86666088
v -2.8342288 0.45238235 0.86750374
v -2.8342288 0.45238235 0.86750374
v -2.9407329 0.46924203 0.8694869
v -2.9533034 0.46398408 0.86812312
v -2.9407318 0.4587262 0.86675934
v -2.8216592 0.46398498 0.86812312
v -2.8342307 0.46924274 0.8694869
v -2.8671421 0.47249211 0.87032975
v -2.9078223 0.47249182 0.87032975
v -2.9078223 0.47249182 0.87032975
v -2.9078205 0.45547695 0.86591648
v -2.9078205 0.45547695 0.86591648
v -2.8671403 0.45547724 0.86591648
v -2.8342296 0.45872704 0.86675936
v -2.9406554 -0.22393393 0.95081416
v -2.9532261 -0.22919194 0.94945044
v -2.9406545 -0.23444976 0.94808664
v -2.8215816 -0.22919122 0.94945056
v -2.8341524 -0.22393322 0.9508142
v -2.8670645 -0.22068402 0.95165722
v -2.9077447 -0.22068432 0.95165722
v -2.9077447 -0.22068432 0.95165722
v -2.907743 -0.23769907 0.94724382
v -2.907743 -0.23769907 0.94724382
v -2.8670627 -0.23769895 0.94724391
v -2.8341518 -0.23444904 0.94808668
v -2.834151 -0.24213736 0.9489887
v -2.8065895 -0.26463588 0.95351297
v -2.8640781 -0.26236643 0.95017213
v -2.864078 -0.24598665 0.95447161
v -2.9077421 -0.24538739 0.94814584
v -2.9077421 -0.24538739 0.94814584
v -2.9107285 -0.24598701 0.95447153
v -2.9107285 -0.24598701 0.95447153
v -2.910729 -0.26236679 0.95017213
v -2.910729 -0.26236679 0.95017213
v -2.8341515 -0.23162153 0.95171626
v -2.9682215 -0.26463672 0.95351297
v -2.9411304 -0.26251643 0.95118869
v -2.9503663 -0.25667707 0.95260491
v -2.9411321 -0.25150159 0.95409441
v -2.8336756 -0.26251553 0.95118877
v -2.8244418 -0.25667594 0.95260503
v -2.8336782 -0.25150076 0.95409454
v -2.9532252 -0.23688025 0.95035246
v -2.8874042 -0.26241623 0.95005455
v -2.9077439 -0.22837264 0.95255924
v -2.9077439 -0.22837264 0.95255924
v -2.8874027 -0.245373 0.95452565
v -2.9816152 -0.27858905 0.95395371
v -2.9678674 -0.26761351 0.9527272
v -2.9816147 -0.27245317 0.95557755
v -2.9678668 -0.26167032 0.95429995
v -2.9274285 -0.26227686 0.95052666
v -2.9539582 -0.25865907 0.95282965
v -2.9548476 -0.25547902 0.95456544
v -2.8199616 -0.26657148 0.95163068
v -2.8069436 -0.26761273 0.95272715
v -2.8069452 -0.2616696 0.95429995
v -2.8473789 -0.24785872 0.95431799
v -2.7931952 -0.27858899 0.95395367
v -2.7931948 -0.27245335 0.95557759
v -2.8111875 -0.28984524 0.9552491
v -2.8111861 -0.28370894 0.95687293
v -2.8582918 -0.29680149 0.95604966
v -2.8582925 -0.29066567 0.95767354
v -2.91652 -0.29680137 0.95604966
v -2.9165188 -0.29066579 0.95767354
v -2.9636222 -0.28984524 0.95524905
v -2.9636218 -0.28370936 0.95687297
v -2.9816149 -0.26702141 0.95701501
v -2.9636226 -0.27827748 0.9583104
v -2.9674148 -0.27316893 0.95130398
v -2.9816154 -0.28402063 0.9525162
v -2.9674141 -0.25636245 0.95575167
v -2.9636229 -0.29527658 0.95381155
v -2.9165188 -0.30223313 0.95461211
v -2.9165176 -0.28523409 0.95911096
v -2.8582912 -0.30223319 0.95461211
v -2.8582918 -0.28523397 0.95911101
v -2.8111879 -0.29527688 0.95381163
v -2.8111859 -0.2782773 0.9583104
v -2.7931948 -0.28402063 0.9525162
v -2.7931944 -0.26702171 0.9570151
v -2.8073952 -0.27316857 0.95130394
v -2.807397 -0.2563621 0.95575171
v -2.8630295 -0.26550796 0.95009534
v -2.8630293 -0.24691409 0.95499977
v -2.9117791 -0.2655082 0.9500953
v -2.9117791 -0.2655082 0.9500953
v -2.9117784 -0.24691433 0.95499968
v -2.9117784 -0.24691433 0.95499968
v -2.9548472 -0.26657232 0.9516306
v -2.9274293 -0.24785932 0.95431791
v -2.9480252 -0.25409963 0.95329902
v -2.9480244 -0.25933059 0.95191926
v -2.9419121 -0.26736308 0.95069012
v -2.941913 -0.25082745 0.95506272
v -2.847378 -0.26227633 0.95052675
v -2.8209472 -0.25860473 0.95282374
v -2.819964 -0.25547819 0.95456553
v -2.8267842 -0.25409856 0.95329914
v -2.8267826 -0.25932963 0.95191938
v -2.8328956 -0.2673626 0.95069016
v -2.8328972 -0.25082697 0.95506285
v -2.8267096 -0.25062789 0.95192613
v -2.8267096 -0.25062789 0.95192613
v -2.8373214 -0.25535715 0.95063587
v -2.8373214 -0.25535715 0.95063587
v -2.9480967 -0.25062885 0.95192605
v -2.9480967 -0.25062885 0.95192605
v -2.9374846 -0.24561626 0.95318439
v -2.9374846 -0.24561626 0.95318439
v -2.9088398 -0.25739665 0.94975714
v -2.9088398 -0.25739665 0.94975714
v -2.9088398 -0.25739665 0.94975714
v -2.9088398 -0.25739665 0.94975714
v -2.9374831 -0.25535799 0.95063587
v -2.9374831 -0.25535799 0.95063587
v -2.865966 -0.24169985 0.95385267
v -2.865966 -0.24169985 0.95385267
v -2.8373232 -0.24561548 0.95318448
v -2.8373232 -0.24561548 0.95318448
v -2.8659654 -0.2573963 0.94975714
v -2.8659654 -0.2573963 0.94975714
v -2.9088402 -0.24170021 0.95385267
v -2.9088402 -0.24170021 0.95385267
v -2.9088402 -0.24170021 0.95385267
v -2.9088402 -0.24170021 0.95385267
v -2.9427566 -0.29950618 0.95429828
v -2.9427555 -0.28250713 0.95879714
v -2.8874047 -0.28616278 0.95921784
v -2.8320532 -0.28250695 0.95879714
v -2.7978446 -0.27293653 0.95769579
v -2.7973721 -0.2611811 0.95633836
v -2.845852 -0.248558 0.95499402
v -2.9549267 -0.25319811 0.95532422
v -2.9774378 -0.26118104 0.95633832
v -2.8874035 -0.24634169 0.95500531
v -2.9549267 -0.26967152 0.95096503
v -2.976964 -0.28993558 0.95319693
v -2.8874044 -0.26531551 0.95000263
v -2.8458515 -0.26611571 0.95035763
v -2.7973718 -0.27815608 0.95184588
v -2.7978461 -0.28993582 0.95319693
v -2.832054 -0.29950641 0.95429833
v -2.887405 -0.30316182 0.95471902
v -2.9774386 -0.27815626 0.95184592
v -2.9452681 -0.25315942 0.9512609
v -2.9452681 -0.25315942 0.9512609
v -2.8874028 -0.2576392 0.94963848
v -2.8874028 -0.2576392 0.94963848
v -2.9774953 -0.27270915 0.95328156
v -2.9774945 -0.26659722 0.95489906
v -2.8493247 -0.24328913 0.95360101
v -2.8493247 -0.24328913 0.95360101
v -2.9254813 -0.25667122 0.95010559
v -2.9254813 -0.25667122 0.95010559
v -2.8227481 -0.26132906 0.95211546
v -2.8227496 -0.25594065 0.95353872
v -2.7973159 -0.27270879 0.9532816
v -2.7973166 -0.2665971 0.95489902
v -2.7978461 -0.28450418 0.9546344
v -2.7978446 -0.27836812 0.95625824
v -2.8320536 -0.29407471 0.95573583
v -2.8320532 -0.28793853 0.95735967
v -2.8874061 -0.29773 0.95615649
v -2.8874058 -0.29159436 0.95778037
v -2.9427571 -0.29407465 0.95573583
v -2.9427559 -0.28793889 0.95735967
v -2.9769631 -0.28450412 0.9546344
v -2.9769629 -0.2783683 0.95625824
v -2.976964 -0.27293641 0.95769575
v -2.9521718 -0.2559926 0.95354522
v -2.9521713 -0.26138525 0.95212075
v -2.9289565 -0.26611606 0.9503575
v -2.9289566 -0.24855842 0.95499393
v -2.9452687 -0.24808407 0.95258957
v -2.9452687 -0.24808407 0.95258957
v -2.8295371 -0.25315846 0.95126098
v -2.8295371 -0.25315846 0.95126098
v -2.8198823 -0.26967104 0.95096519
v -2.8198839 -0.25319763 0.95532426
v -2.8295383 -0.24808312 0.95258966
v -2.8295383 -0.24808312 0.95258966
v -2.887403 -0.24115648 0.95393763
v -2.887403 -0.24115648 0.95393763
v -2.9254824 -0.24328979 0.95360097
v -2.9254824 -0.24328979 0.95360097
v -2.8493236 -0.25667056 0.95010563
v -2.8493236 -0.25667056 0.95010563
v -2.9381433 -0.2574996 0.95681906
v -2.9381435 -0.27922575 0.95106928
v -2.9472973 -0.28632507 0.95188584
v -2.9472973 -0.26459975 0.95763546
v -2.9048834 -0.25254845 0.95625011
v -2.9049175 -0.274289 0.95050141
v -2.8699266 -0.25254809 0.95625016
v -2.8698932 -0.27428983 0.95050121
v -2.8366663 -0.25749888 0.95681931
v -2.8366662 -0.27922844 0.95106865
v -2.827512 -0.26459886 0.95763575
v -2.827512 -0.286328 0.95188509
v -2.8389692 -0.27180769 0.95846465
v -2.8389696 -0.29353611 0.95271428
v -2.8689043 -0.27622985 0.95897305
v -2.8689043 -0.2979569 0.95322298
v -2.9059058 -0.27623015 0.95897297
v -2.9059054 -0.29795601 0.95322323
v -2.9358401 -0.27180847 0.95846444
v -2.9358404 -0.29353361 0.95271486
v -2.9232811 -0.25446626 0.95647032
v -2.9233073 -0.27619797 0.95072091
v -2.8515289 -0.25446572 0.95647053
v -2.8515029 -0.27619988 0.95072049
v -2.9443121 -0.26841304 0.95807395
v -2.9443121 -0.29013812 0.95232441
v -2.9225753 -0.27449584 0.95877343
v -2.9225755 -0.29622116 0.95302381
v -2.887405 -0.27681897 0.95904072
v -2.8874051 -0.29854536 0.95329081
v -2.8522341 -0.27449524 0.95877364
v -2.8522342 -0.29622289 0.95302336
v -2.8304973 -0.2684122 0.95807424
v -2.8304974 -0.29014105 0.95232366
v -2.8303607 -0.26064746 0.95718138
v -2.8303607 -0.28237678 0.95143068
v -2.8599897 -0.25330284 0.95633686
v -2.8432644 -0.27751442 0.95087161
v -2.9315395 -0.25578433 0.95662186
v -2.914867 -0.27503999 0.95058779
v -2.9444484 -0.26064824 0.95718109
v -2.9444487 -0.28237391 0.95143139
v -2.887405 -0.25222816 0.95621341
v -2.8874051 -0.27397157 0.95046479
v -2.914821 -0.25330344 0.95633674
v -2.9315455 -0.27751221 0.95087211
v -2.8432702 -0.25578373 0.95662206
v -2.8599437 -0.27504118 0.95058741
v -2.8278658 -0.23950845 0.94967064
v -2.8506064 -0.24376228 0.94856733
v -2.887402 -0.24538733 0.94814589
v -2.9241979 -0.2437627 0.94856725
v -2.9469395 -0.23950916 0.94967056
v -2.9469398 -0.23425122 0.95103432
v -2.9241992 -0.22999738 0.95213771
v -2.8874038 -0.22837252 0.95255924
v -2.8506076 -0.22999691 0.95213775
v -2.8278661 -0.2342505 0.95103444
v -2.9676806 -0.25380167 0.9563564
v -2.9676806 -0.25380167 0.9563564
v -2.9676803 -0.27535813 0.95064208
v -2.9676803 -0.27535813 0.95064208
v -2.9816154 -0.28603625 0.95187047
v -2.9816154 -0.28603625 0.95187047
v -2.9816151 -0.26448176 0.95758421
v -2.9816151 -0.26448176 0.95758421
v -2.9120429 -0.24538357 0.95539172
v -2.9120429 -0.24538357 0.95539172
v -2.9120429 -0.24538357 0.95539172
v -2.9120437 -0.26697877 0.94967568
v -2.9120437 -0.26697877 0.94967568
v -2.9120437 -0.26697877 0.94967568
v -2.8627659 -0.24538321 0.9553918
v -2.8627659 -0.24538321 0.9553918
v -2.8627662 -0.26697985 0.94967543
v -2.8627662 -0.26697985 0.94967543
v -2.8071297 -0.25380066 0.95635669
v -2.8071297 -0.25380066 0.95635669
v -2.8071302 -0.27536129 0.95064129
v -2.8071302 -0.27536129 0.95064129
v -2.7931947 -0.26448069 0.95758458
v -2.7931947 -0.26448069 0.95758458
v -2.793195 -0.28603995 0.95186951
v -2.793195 -0.28603995 0.95186951
v -2.8111869 -0.27573986 0.95887909
v -2.8111869 -0.27573986 0.95887909
v -2.8111879 -0.29729769 0.95316448
v -2.8111879 -0.29729769 0.95316448
v -2.8582924 -0.28269856 0.95967908
v -2.8582924 -0.28269856 0.95967908
v -2.8582924 -0.30425442 0.95396496
v -2.8582924 -0.30425442 0.95396496
v -2.9165177 -0.28269892 0.95967899
v -2.9165177 -0.28269892 0.95967899
v -2.9165183 -0.30425323 0.95396525
v -2.9165183 -0.30425323 0.95396525
v -2.9636227 -0.27574082 0.9588788
v -2.9636227 -0.27574082 0.9588788
v -2.963623 -0.29729453 0.95316523
v -2.963623 -0.29729453 0.95316523
v -2.9431011 -0.24851889 0.95575025
v -2.9431011 -0.24851889 0.95575025
v -2.9430987 -0.27008466 0.95003426
v -2.9430987 -0.27008466 0.95003426
v -2.8317088 -0.24851829 0.95575046
v -2.8317088 -0.24851829 0.95575046
v -2.8317107 -0.27008705 0.95003372
v -2.8317107 -0.27008705 0.95003372
v -2.9769641 -0.27039832 0.95826448
v -2.9769641 -0.27039832 0.95826448
v -2.9769645 -0.29195233 0.95255091
v -2.9769645 -0.29195233 0.95255091
v -2.9427556 -0.27997149 0.95936529
v -2.9427556 -0.27997149 0.95936529
v -2.9427564 -0.30152525 0.95365167
v -2.9427564 -0.30152525 0.95365167
v -2.8874051 -0.28362767 0.95978582
v -2.8874051 -0.28362767 0.95978582
v -2.8874055 -0.30518269 0.95407196
v -2.8874055 -0.30518269 0.95407196
v -2.8320541 -0.27997071 0.9593655
v -2.8320541 -0.27997071 0.9593655
v -2.8320545 -0.30152752 0.95365113
v -2.8320545 -0.30152752 0.95365113
v -2.7978453 -0.27039725 0.95826486
v -2.7978453 -0.27039725 0.95826486
v -2.7978462 -0.29195591 0.95254999
v -2.7978462 -0.29195591 0.95254999
v -2.7973393 -0.25863614 0.95691264
v -2.7973393 -0.25863614 0.95691264
v -2.7973395 -0.28019618 0.9511974
v -2.7973395 -0.28019618 0.9511974
v -2.8450329 -0.24668945 0.95554155
v -2.8450329 -0.24668945 0.95554155
v -2.8190772 -0.27221247 0.95027904
v -2.8190772 -0.27221247 0.95027904
v -2.9557345 -0.25065178 0.95599441
v -2.9557345 -0.25065178 0.95599441
v -2.9297755 -0.26827093 0.94982443
v -2.9297755 -0.26827093 0.94982443
v -2.9774706 -0.25863722 0.95691227
v -2.9774706 -0.25863722 0.95691227
v -2.9774712 -0.28019272 0.95119827
v -2.9774712 -0.28019272 0.95119827
v -2.8874041 -0.24493239 0.95533959
v -2.8874041 -0.24493239 0.95533959
v -2.887405 -0.26653297 0.94962477
v -2.887405 -0.26653297 0.94962477
v -2.9297766 -0.24669005 0.95554134
v -2.9297766 -0.24669005 0.95554134
v -2.9557327 -0.27220961 0.95027971
v -2.9557327 -0.27220961 0.95027971
v -2.8190756 -0.25065094 0.95599466
v -2.8190756 -0.25065094 0.95599466
v -2.8450338 -0.26827278 0.94982401
v -2.8450338 -0.26827278 0.94982401
v -2.9583956 -0.26051872 0.95304223
v -2.9816149 -0.27552114 0.95476561
v -2.7931949 -0.27552114 0.95476561
v -2.8111868 -0.28677709 0.95606099
v -2.8582921 -0.29373352 0.9568616
v -2.9165194 -0.29373358 0.9568616
v -2.9636221 -0.28677727 0.95606099
v -2.9774949 -0.26965325 0.95409033
v -2.7973162 -0.26965295 0.95409033
v -2.7978454 -0.28143615 0.95544634
v -2.8320534 -0.29100662 0.95654773
v -2.887406 -0.29466215 0.95696843
v -2.9427565 -0.2910068 0.95654773
v -2.976963 -0.28143621 0.9554463
v -2.8163982 -0.26051562 0.9530421
v -2.9077752 0.46182593 0.86517262
v -2.9077752 0.46182593 0.86517262
v -2.9077743 0.47884576 0.86958504
v -2.9077743 0.47884576 0.86958504
v 2.592939 1.3623646 1.0198093
v 2.592939 1.3559093 1.0170907
v 2.592939 1.3935329 1.0198093
v 2.592939 1.3779487 1.0209354
v 2.592939 1.3623646 1.0143721
v 2.592939 1.3779487 1.013246
v 2.592939 1.3935329 1.0143721
v 2.592939 1.399988 1.0170907
v 2.592939 1.3779487 1.0170907
v 2.6692923 -3 0
v 2.6692923 -3 0
v 2.6692923 -3 0
v 2.6259982 -3 0
v 2.6259982 -3 0
v 2.6259982 -3 0
v 2.6692923 -2.6869969 6.016527e-05
v 2.6692923 -2.6869969 6.016527e-05
v 2.6692923 -2.6869969 6.016527e-05
v 2.6692923 -2.9752489 0.0059974441
v 2.6692923 -2.9752489 0.0059974441
v 2.6692923 -2.9382864 0.014953986
v 2.6692923 -2.9382864 0.014953986
v 2.6692923 -2.6610767 0.0066000135
v 2.6259982 -2.9752489 0.0059974441
v 2.6259982 -2.9752489 0.0059974441
v 2.6259982 -2.9382864 0.014953986
v 2.6259982 -2.9382864 0.014953986
v 2.6259982 -2.6610769 0.0066000135
v 2.6259982 -2.6610769 0.0066000135
v 2.6259982 -2.6610769 0.0066000135
v 2.6259982 -2.6248727 0.015372726
v 2.6259982 -2.6248727 0.015372726
v 2.6259982 -2.6869969 6.016527e-05
v 2.6259982 -2.6869969 6.016527e-05
v 2.6259982 -2.6869969 6.016527e-05
v 2.6259982 -2.6562797 0.0059344456
v 2.6259982 -2.6562797 0.0059344456
v 2.6259982 -2.6562797 0.0059344456
v 2.5670423 -2.6610769 0.0066000135
v 2.5670423 -2.6610769 0.0066000135
v 2.5670423 -2.6610769 0.0066000135
v 2.5670423 -2.6248727 0.015372726
v 2.5670423 -2.6248727 0.015372726
v 2.5670423 -2.6562797 0.0059344456
v 2.5670423 -2.6562797 0.0059344456
v 2.5670423 -2.6562797 0.0059344456
v 2.5670423 -2.6200755 0.014707159
v 2.5670423 -2.6200755 0.014707159
v 2.5670423 2.9419575 1.3624542
v 2.5670423 2.9419575 1.3624542
v 2.5670423 2.9419575 1.3624542
v 2.6259982 -2.6200755 0.014707159
v 2.6259987 2.9419575 1.3624542
v 2.6259987 2.9419575 1.3624542
v 2.6259987 2.9419575 1.3624542
v 2.6692923 -2.6200755 0.014707159
v 2.6692923 -2.6200755 0.014707159
v 2.6692923 2.9419575 1.3624542
v 2.6692923 2.9419575 1.3624542
v 2.6692923 2.9419575 1.3624542
v 2.6692923 -2.6562797 0.0059344456
v 2.6692923 -2.6562797 0.0059344456
v 2.6692923 -2.6248725 0.015372726
v 2.6692923 2.9371595 1.3631196
v 2.6692923 2.9952028 1.3770175
v 2.6692923 2.9952028 1.3770175
v 2.6692923 2.9952028 1.3770175
v 2.6692923 2.7403039 1.3909443
v 2.6692923 2.7403039 1.3909443
v 2.6692923 2.7403039 1.3909443
v 2.6692923 2.8295315 1.4
v 2.6692923 2.8295315 1.4
v 2.6692923 2.8295315 1.4
v 2.6259987 2.7403039 1.3909443
v 2.6259987 2.7403039 1.3909443
v 2.6259987 2.7403039 1.3909443
v 2.6259987 2.8295315 1.4
v 2.6259987 2.8295315 1.4
v 2.6259987 2.8295315 1.4
v 2.6259987 2.9371595 1.3631196
v 2.6259987 2.9371595 1.3631196
v 2.6259987 2.9371595 1.3631196
v 2.6259987 2.9952028 1.3770175
v 2.6259987 2.9952028 1.3770175
v 2.6259987 2.9952028 1.3770175
v 2.6259987 2.9952028 1.3770175
v 2.6259987 2.9952028 1.3770175
v 2.5670423 2.9371595 1.3631196
v 2.5670423 2.9371595 1.3631196
v 2.5670423 2.9371595 1.3631196
v 2.5670423 2.9952028 1.3770175
v 2.5670423 2.9952028 1.3770175
v 2.5670423 2.9952028 1.3770175
v 2.5670423 3 1.376352
v 2.5670423 3 1.376352
v 2.5670423 3 1.376352
v 2.6259987 3 1.376352
v 2.6259987 3 1.376352
v 2.6259987 3 1.376352
v 2.6259987 3 1.376352
v 2.6692923 3 1.376352
v 2.6692923 3 1.376352
v 2.6692923 3 1.376352
v 2.6692923 -2.6805225 6.016527e-05
v 2.6692923 -2.6805225 6.016527e-05
v 2.6692923 -2.6805225 6.016527e-05
v 2.6259982 -2.6805225 6.016527e-05
v 2.6259982 -2.6805225 6.016527e-05
v 2.6259982 -2.6805225 6.016527e-05
v 2.5670423 0.8407125 0.85329748
v 2.5670423 0.8407125 0.85329748
v 2.5670423 0.8407125 0.85329748
v 2.5670423 0.8407125 0.85329748
v 2.6259982 0.8407125 0.85329748
v 2.6259982 0.8407125 0.85329748
v 2.6692923 0.8407125 0.85329748
v 2.6692923 0.8407125 0.85329748
v 2.6692923 0.8407125 0.85329748
v 2.6692923 0.8407125 0.85329748
v 2.6692923 0.83591481 0.85396295
v 2.6692923 0.83591481 0.85396295
v 2.6692923 0.59502542 0.87111772
v 2.6692923 0.59502542 0.87111772
v 2.6692923 0.59502542 0.87111772
v 2.6692923 0.59502542 0.87111772
v 2.6259982 0.59502542 0.87111772
v 2.6259982 0.59502542 0.87111772
v 2.6259982 0.59502542 0.87111772
v 2.6259982 0.59502542 0.87111772
v 2.6259982 0.83591481 0.85396295
v 2.6259982 0.83591481 0.85396295
v 2.6259982 0.83591481 0.85396295
v 2.6259982 0.83591481 0.85396295
v 2.5670423 0.83591481 0.85396295
v 2.5670423 0.83591481 0.85396295
v 2.5670423 0.83591481 0.85396295
v 2.5670423 0.83591481 0.85396295
v -2.8181549 2.6362903 1.3576986
v -2.8181549 2.6362903 1.3576986
v -2.8181549 2.6362903 1.3576986
v -2.8181549 2.6362903 1.3521386
v -2.8181549 2.6362903 1.3521386
v -2.8181549 2.6362903 1.3521386
v -2.8008924 2.6362903 1.3576986
v -2.8008924 2.6362903 1.3576986
v -2.8008924 2.6362903 1.3576986
v -2.7704724 2.6362903 1.3560663
v -2.7704724 2.6362903 1.3560663
v -2.7704724 2.6362903 1.3560663
v -2.8181549 2.8882707 1.3576986
v -2.8181549 2.8882707 1.3576986
v -2.8181549 2.8882707 1.3576986
v -2.8181549 2.8882707 1.3521386
v -2.8181549 2.8882707 1.3521386
v -2.8181549 2.8882707 1.3521386
v -2.8008924 2.8882707 1.3576986
v -2.8008924 2.8882707 1.3576986
v -2.8008924 2.8882707 1.3576986
v -2.7704724 2.8882707 1.3560663
v -2.7704724 2.8882707 1.3560663
v -2.7704724 2.8882707 1.3560663
v -2.7295509 2.8882707 1.356816
v -2.7295509 2.8882707 1.356816
v -2.7295509 2.8882707 1.356816
v -2.7704724 2.8882707 1.3521386
v -2.7704724 2.8882707 1.3521386
v -2.7704724 2.8882707 1.3521386
v -2.7704724 2.6362903 1.3521386
v -2.7704724 2.6362903 1.3521386
v -2.7704724 2.6362903 1.3521386
v -2.7295509 2.8882707 1.3585105
v -2.7295509 2.8882707 1.3585105
v -2.7295509 2.8882707 1.3585105
v -2.7295509 2.6362903 1.356816
v -2.7295509 2.6362903 1.356816
v -2.7295509 2.6362903 1.356816
v -2.7295509 2.6362903 1.3585105
v -2.7295509 2.6362903 1.3585105
v -2.7295509 2.6362903 1.3585105
v -2.8008924 2.6362903 1.3585105
v -2.8008924 2.6362903 1.3585105
v -2.8008924 2.6362903 1.3585105
v -2.8008924 2.8882707 1.3585105
v -2.8008924 2.8882707 1.3585105
v -2.8008924 2.8882707 1.3585105
v -2.8013501 2.6330919 1.357844
v -2.8013501 2.6330919 1.357844
v -2.8013501 2.6330919 1.357844
v -2.8013501 2.8914686 1.357844
v -2.8013501 2.8914686 1.357844
v -2.8013501 2.8914686 1.357844
v -2.6923778 2.6330919 1.357844
v -2.6923778 2.6330919 1.357844
v -2.6923778 2.6330919 1.357844
v -2.8013501 2.6330919 1.3588585
v -2.8013501 2.6330919 1.3588585
v -2.8013501 2.6330919 1.3588585
v -2.8013501 2.8914686 1.3588585
v -2.8013501 2.8914686 1.3588585
v -2.8013501 2.8914686 1.3588585
v -2.6923778 2.6330919 1.3588585
v -2.6923778 2.6330919 1.3588585
v -2.6923778 2.6330919 1.3588585
v -2.6923778 2.8914686 1.3588585
v -2.6923778 2.8914686 1.3588585
v -2.6923778 2.8914686 1.3588585
v -2.6923778 2.8914686 1.357844
v -2.6923778 2.8914686 1.357844
v -2.6923778 2.8914686 1.357844
v 2.6275519 2.6362903 1.3576986
v 2.6275519 2.6362903 1.3576986
v 2.6275519 2.6362903 1.3576986
v 2.6275519 2.6362903 1.3521386
v 2.6275519 2.6362903 1.3521386
v 2.6275519 2.6362903 1.3521386
v 2.6102893 2.6362903 1.3576986
v 2.6102893 2.6362903 1.3576986
v 2.6102893 2.6362903 1.3576986
v 2.5798696 2.6362903 1.3560663
v 2.5798696 2.6362903 1.3560663
v 2.5798696 2.6362903 1.3560663
v 2.6275519 2.8882707 1.3576986
v 2.6275519 2.8882707 1.3576986
v 2.6275519 2.8882707 1.3576986
v 2.6275519 2.8882707 1.3521386
v 2.6275519 2.8882707 1.3521386
v 2.6275519 2.8882707 1.3521386
v 2.6102893 2.8882707 1.3576986
v 2.6102893 2.8882707 1.3576986
v 2.6102893 2.8882707 1.3576986
v 2.5798696 2.8882707 1.3560663
v 2.5798696 2.8882707 1.3560663
v 2.5798696 2.8882707 1.3560663
v 2.5389481 2.8882707 1.356816
v 2.5389481 2.8882707 1.356816
v 2.5389481 2.8882707 1.356816
v 2.5798696 2.8882707 1.3521386
v 2.5798696 2.8882707 1.3521386
v 2.5798696 2.8882707 1.3521386
v 2.5798696 2.6362903 1.3521386
v 2.5798696 2.6362903 1.3521386
v 2.5798696 2.6362903 1.3521386
v 2.5389481 2.8882707 1.3585105
v 2.5389481 2.8882707 1.3585105
v 2.5389481 2.8882707 1.3585105
v 2.5389481 2.6362903 1.356816
v 2.5389481 2.6362903 1.356816
v 2.5389481 2.6362903 1.356816
v 2.5389481 2.6362903 1.3585105
v 2.5389481 2.6362903 1.3585105
v 2.5389481 2.6362903 1.3585105
v 2.6102893 2.6362903 1.3585105
v 2.6102893 2.6362903 1.3585105
v 2.6102893 2.6362903 1.3585105
v 2.6102893 2.8882707 1.3585105
v 2.6102893 2.8882707 1.3585105
v 2.6102893 2.8882707 1.3585105
v 2.5309887 2.6330919 1.357844
v 2.5309887 2.6330919 1.357844
v 2.5309887 2.6330919 1.357844
v 2.5309887 2.8914686 1.357844
v 2.5309887 2.8914686 1.357844
v 2.5309887 2.8914686 1.357844
v 2.6399613 2.6330919 1.357844
v 2.6399613 2.6330919 1.357844
v 2.6399613 2.6330919 1.357844
v 2.5309887 2.6330919 1.3588585
v 2.5309887 2.6330919 1.3588585
v 2.5309887 2.6330919 1.3588585
v 2.5309887 2.8914686 1.3588585
v 2.5309887 2.8914686 1.3588585
v 2.5309887 2.8914686 1.3588585
v 2.6399613 2.6330919 1.3588585
v 2.6399613 2.6330919 1.3588585
v 2.6399613 2.6330919 1.3588585
v 2.6399613 2.8914686 1.3588585
v 2.6399613 2.8914686 1.3588585
v 2.6399613 2.8914686 1.3588585
v 2.6399613 2.8914686 1.357844
v 2.6399613 2.8914686 1.357844
v 2.6399613 2.8914686 1.357844
v -2.8166021 2.2342659 1.2700597
v -2.8166021 2.2342659 1.2700597
v -2.8166021 2.2342659 1.2700597
v -2.6760638 2.2362139 1.2687057
v -2.6760638 2.2362139 1.2687057
v -2.6760638 2.2362139 1.2687057
v -2.8166021 2.2383779 1.2700597
v -2.8166021 2.2383779 1.2700597
v -2.8166021 2.2362142 1.2687057
v -2.8166021 2.2362142 1.2687057
v -2.8166021 2.2362142 1.2687057
v 2.6259987 2.2342659 1.2700597
v 2.6259987 2.2342659 1.2700597
v 2.6259987 2.2342659 1.2700597
v 2.6259987 2.2383779 1.2700597
v 2.6259987 2.2383779 1.2700597
v 2.6259987 2.2362142 1.2687057
v 2.6259987 2.2362142 1.2687057
v 2.6259987 2.2362142 1.2687057
v 2.4854607 2.2362139 1.2687057
v 2.4854607 2.2362139 1.2687057
v 2.4854607 2.2362139 1.2687057
v 2.4650194 2.2389372 1.2668137
v 2.4650194 2.2389372 1.2668137
v 2.4854607 2.2403011 1.2687057
v 2.4854607 2.2403011 1.2687057
v 2.4854607 2.2403011 1.2687057
v 2.6107474 2.2403011 1.2687057
v 2.6107474 2.2403011 1.2687057
v 2.6107474 2.2403011 1.2687057
v 2.4650194 2.2430232 1.2668137
v 2.4650194 2.2430232 1.2668137
v 2.6107479 2.4665701 1.2687057
v 2.6107479 2.4665701 1.2687057
v -2.6760641 2.2403011 1.2687057
v -2.6760641 2.2403011 1.2687057
v -2.6760641 2.2403011 1.2687057
v -2.8013512 2.4665701 1.2687057
v -2.8013512 2.4665701 1.2687057
v -2.8013505 2.2403011 1.2687057
v -2.8013505 2.2403011 1.2687057
v -2.8013505 2.2403011 1.2687057
v -2.6556225 2.2430232 1.2668137
v -2.6556225 2.2430232 1.2668137
v -2.6449295 2.2436936 1.266348
v -2.6449295 2.2436936 1.266348
v -2.6556225 2.2389372 1.2668137
v -2.6556225 2.2389372 1.2668137
v -2.6449293 2.2396072 1.266348
v -2.6449293 2.2396072 1.266348
v 2.4543259 2.2396072 1.266348
v 2.4543259 2.2396072 1.266348
v 2.4543264 2.2436936 1.266348
v 2.4543264 2.2436936 1.266348
v -2.8166021 2.2403011 1.2687057
v -2.8166021 2.2403011 1.2687057
v -2.8166021 2.2403011 1.2687057
v -2.8013505 2.2403011 1.2676109
v -2.8013505 2.2403011 1.2676109
v -2.8013505 2.2403011 1.2676109
v -2.8166021 2.2403011 1.2676109
v -2.8166021 2.2403011 1.2676109
v -2.8166021 2.2403011 1.2676109
v -2.8013512 2.4795845 1.2676109
v -2.8013512 2.4795845 1.2676109
v -2.8166021 2.4795845 1.2676109
v -2.8166021 2.4795845 1.2676109
v -2.8013512 2.4827941 1.2679188
v -2.8013512 2.4827941 1.2679188
v -2.8166021 2.4827941 1.2679188
v -2.8166021 2.4827941 1.2679188
v -2.8013512 2.5420674 1.2679188
v -2.8013512 2.5420674 1.2679188
v -2.8013512 2.5420674 1.2679188
v -2.8013512 2.5420674 1.2679188
v -2.8166021 2.5445397 1.2679188
v -2.8166021 2.5445397 1.2679188
v -2.8166021 2.5445397 1.2679188
v -2.8166021 2.5445397 1.2679188
v -2.8013512 2.5420674 1.2687057
v -2.8013512 2.5420674 1.2687057
v -2.8013512 2.5420674 1.2687057
v 2.6107479 2.5420674 1.2679188
v 2.6107479 2.5420674 1.2679188
v 2.6107479 2.5420674 1.2679188
v 2.6107479 2.5420674 1.2679188
v 2.6107479 2.5420674 1.2687057
v 2.6107479 2.5420674 1.2687057
v 2.6107479 2.5420674 1.2687057
v 2.6259987 2.5445397 1.2679188
v 2.6259987 2.5445397 1.2679188
v 2.6259987 2.5445397 1.2679188
v 2.6259987 2.5445397 1.2679188
v 2.6107479 2.4827941 1.2679188
v 2.6107479 2.4827941 1.2679188
v 2.6107479 2.4795845 1.2676109
v 2.6107479 2.4795845 1.2676109
v 2.6259987 2.4827941 1.2679188
v 2.6259987 2.4827941 1.2679188
v 2.6259987 2.4795845 1.2676109
v 2.6259987 2.4795845 1.2676109
v 2.6259987 2.2403011 1.2687057
v 2.6259987 2.2403011 1.2687057
v 2.6259987 2.2403011 1.2687057
v 2.6259987 2.5445397 1.2700597
v 2.6259987 2.5445397 1.2700597
v 2.6259987 2.5445397 1.2700597
v -2.8166021 2.5445397 1.2700597
v -2.8166021 2.5445397 1.2700597
v -2.8166021 2.5445397 1.2700597
v 2.6259987 2.2403011 1.2676109
v 2.6259987 2.2403011 1.2676109
v 2.6259987 2.2403011 1.2676109
v 2.6107474 2.2403011 1.2676109
v 2.6107474 2.2403011 1.2676109
v 2.6107474 2.2403011 1.2676109
v -2.8166021 1.8617774 1.1799423
v -2.8166021 1.8617774 1.1799423
v -2.8166021 1.8617774 1.1799423
v -2.6760638 1.8637259 1.1785884
v -2.6760638 1.8637259 1.1785884
v -2.6760638 1.8637259 1.1785884
v -2.8166021 1.8658896 1.1799423
v -2.8166021 1.8658896 1.1799423
v -2.8166021 1.8637259 1.1785884
v -2.8166021 1.8637259 1.1785884
v -2.8166021 1.8637259 1.1785884
v 2.6259987 1.8617774 1.1799423
v 2.6259987 1.8617774 1.1799423
v 2.6259987 1.8617774 1.1799423
v 2.6259987 1.8658896 1.1799423
v 2.6259987 1.8658896 1.1799423
v 2.6259987 1.8637259 1.1785884
v 2.6259987 1.8637259 1.1785884
v 2.6259987 1.8637259 1.1785884
v 2.4854607 1.8637259 1.1785884
v 2.4854607 1.8637259 1.1785884
v 2.4854607 1.8637259 1.1785884
v 2.4650194 1.866449 1.1766963
v 2.4650194 1.866449 1.1766963
v 2.4854607 1.8678128 1.1785884
v 2.4854607 1.8678128 1.1785884
v 2.4854607 1.8678128 1.1785884
v 2.6107474 1.867813 1.1785884
v 2.6107474 1.867813 1.1785884
v 2.6107474 1.867813 1.1785884
v 2.4650194 1.8705349 1.1766963
v 2.4650194 1.8705349 1.1766963
v 2.6107479 2.0940818 1.1785884
v 2.6107479 2.0940818 1.1785884
v -2.6760641 1.8678128 1.1785884
v -2.6760641 1.8678128 1.1785884
v -2.6760641 1.8678128 1.1785884
v -2.8013512 2.0940818 1.1785884
v -2.8013512 2.0940818 1.1785884
v -2.8013505 1.867813 1.1785884
v -2.8013505 1.867813 1.1785884
v -2.8013505 1.867813 1.1785884
v -2.6556225 1.8705349 1.1766963
v -2.6556225 1.8705349 1.1766963
v -2.6449295 1.8712051 1.1762306
v -2.6449295 1.8712051 1.1762306
v -2.6556225 1.866449 1.1766963
v -2.6556225 1.866449 1.1766963
v -2.6449293 1.867119 1.1762306
v -2.6449293 1.867119 1.1762306
v 2.4543259 1.867119 1.1762306
v 2.4543259 1.867119 1.1762306
v 2.4543264 1.8712051 1.1762306
v 2.4543264 1.8712051 1.1762306
v -2.8166021 1.867813 1.1785884
v -2.8166021 1.867813 1.1785884
v -2.8166021 1.867813 1.1785884
v -2.8013505 1.867813 1.1774935
v -2.8013505 1.867813 1.1774935
v -2.8013505 1.867813 1.1774935
v -2.8166021 1.867813 1.1774935
v -2.8166021 1.867813 1.1774935
v -2.8166021 1.867813 1.1774935
v -2.8013512 2.107096 1.1774935
v -2.8013512 2.107096 1.1774935
v -2.8166021 2.107096 1.1774935
v -2.8166021 2.107096 1.1774935
v -2.8013512 2.1103056 1.1778015
v -2.8013512 2.1103056 1.1778015
v -2.8166021 2.1103056 1.1778015
v -2.8166021 2.1103056 1.1778015
v -2.8013512 2.1695794 1.1778015
v -2.8013512 2.1695794 1.1778015
v -2.8013512 2.1695794 1.1778015
v -2.8013512 2.1695794 1.1778015
v -2.8166021 2.1720515 1.1778015
v -2.8166021 2.1720515 1.1778015
v -2.8166021 2.1720515 1.1778015
v -2.8166021 2.1720515 1.1778015
v -2.8013512 2.1695794 1.1785884
v -2.8013512 2.1695794 1.1785884
v -2.8013512 2.1695794 1.1785884
v 2.6107479 2.1695794 1.1778015
v 2.6107479 2.1695794 1.1778015
v 2.6107479 2.1695794 1.1778015
v 2.6107479 2.1695794 1.1778015
v 2.6107479 2.1695794 1.1785884
v 2.6107479 2.1695794 1.1785884
v 2.6107479 2.1695794 1.1785884
v 2.6259987 2.1720515 1.1778015
v 2.6259987 2.1720515 1.1778015
v 2.6259987 2.1720515 1.1778015
v 2.6259987 2.1720515 1.1778015
v 2.6107479 2.1103056 1.1778015
v 2.6107479 2.1103056 1.1778015
v 2.6107479 2.107096 1.1774935
v 2.6107479 2.107096 1.1774935
v 2.6259987 2.1103056 1.1778015
v 2.6259987 2.1103056 1.1778015
v 2.6259987 2.107096 1.1774935
v 2.6259987 2.107096 1.1774935
v 2.6259987 1.867813 1.1785884
v 2.6259987 1.867813 1.1785884
v 2.6259987 1.867813 1.1785884
v 2.6259987 2.1720515 1.1799423
v 2.6259987 2.1720515 1.1799423
v 2.6259987 2.1720515 1.1799423
v -2.8166021 2.1720515 1.1799423
v -2.8166021 2.1720515 1.1799423
v -2.8166021 2.1720515 1.1799423
v 2.6259987 1.867813 1.1774935
v 2.6259987 1.867813 1.1774935
v 2.6259987 1.867813 1.1774935
v 2.6107474 1.867813 1.1774935
v 2.6107474 1.867813 1.1774935
v 2.6107474 1.867813 1.1774935
v -2.8166021 1.4892892 1.089825
v -2.8166021 1.4892892 1.089825
v -2.8166021 1.4892892 1.089825
v -2.6760638 1.4912374 1.088471
v -2.6760638 1.4912374 1.088471
v -2.6760638 1.4912374 1.088471
v -2.8166021 1.4934014 1.089825
v -2.8166021 1.4934014 1.089825
v -2.8166021 1.4912377 1.088471
v -2.8166021 1.4912377 1.088471
v -2.8166021 1.4912377 1.088471
v 2.6259987 1.4892892 1.089825
v 2.6259987 1.4892892 1.089825
v 2.6259987 1.4892892 1.089825
v 2.6259987 1.4934014 1.089825
v 2.6259987 1.4934014 1.089825
v 2.6259987 1.4912377 1.088471
v 2.6259987 1.4912377 1.088471
v 2.6259987 1.4912377 1.088471
v 2.4854607 1.4912374 1.088471
v 2.4854607 1.4912374 1.088471
v 2.4854607 1.4912374 1.088471
v 2.4650194 1.4939607 1.086579
v 2.4650194 1.4939607 1.086579
v 2.4854607 1.4953245 1.088471
v 2.4854607 1.4953245 1.088471
v 2.4854607 1.4953245 1.088471
v 2.6107474 1.4953245 1.088471
v 2.6107474 1.4953245 1.088471
v 2.6107474 1.4953245 1.088471
v 2.4650194 1.4980467 1.086579
v 2.4650194 1.4980467 1.086579
v 2.6107479 1.7215935 1.088471
v 2.6107479 1.7215935 1.088471
v -2.6760641 1.4953245 1.088471
v -2.6760641 1.4953245 1.088471
v -2.6760641 1.4953245 1.088471
v -2.8013512 1.7215935 1.088471
v -2.8013512 1.7215935 1.088471
v -2.8013505 1.4953245 1.088471
v -2.8013505 1.4953245 1.088471
v -2.8013505 1.4953245 1.088471
v -2.6556225 1.4980467 1.086579
v -2.6556225 1.4980467 1.086579
v -2.6449295 1.4987169 1.0861133
v -2.6449295 1.4987169 1.0861133
v -2.6556225 1.4939607 1.086579
v -2.6556225 1.4939607 1.086579
v -2.6449293 1.4946307 1.0861133
v -2.6449293 1.4946307 1.0861133
v 2.4543259 1.4946307 1.0861133
v 2.4543259 1.4946307 1.0861133
v 2.4543264 1.4987169 1.0861133
v 2.4543264 1.4987169 1.0861133
v -2.8166021 1.4953245 1.088471
v -2.8166021 1.4953245 1.088471
v -2.8166021 1.4953245 1.088471
v -2.8013505 1.4953245 1.0873761
v -2.8013505 1.4953245 1.0873761
v -2.8013505 1.4953245 1.0873761
v -2.8166021 1.4953245 1.0873761
v -2.8166021 1.4953245 1.0873761
v -2.8166021 1.4953245 1.0873761
v -2.8013512 1.734608 1.0873761
v -2.8013512 1.734608 1.0873761
v -2.8166021 1.734608 1.0873761
v -2.8166021 1.734608 1.0873761
v -2.8013512 1.7378176 1.0876841
v -2.8013512 1.7378176 1.0876841
v -2.8166021 1.7378176 1.0876841
v -2.8166021 1.7378176 1.0876841
v -2.8013512 1.7970909 1.0876841
v -2.8013512 1.7970909 1.0876841
v -2.8013512 1.7970909 1.0876841
v -2.8013512 1.7970909 1.0876841
v -2.8166021 1.7995632 1.0876841
v -2.8166021 1.7995632 1.0876841
v -2.8166021 1.7995632 1.0876841
v -2.8166021 1.7995632 1.0876841
v -2.8013512 1.7970909 1.088471
v -2.8013512 1.7970909 1.088471
v -2.8013512 1.7970909 1.088471
v 2.6107479 1.7970909 1.0876841
v 2.6107479 1.7970909 1.0876841
v 2.6107479 1.7970909 1.0876841
v 2.6107479 1.7970909 1.0876841
v 2.6107479 1.7970909 1.088471
v 2.6107479 1.7970909 1.088471
v 2.6107479 1.7970909 1.088471
v 2.6259987 1.7995632 1.0876841
v 2.6259987 1.7995632 1.0876841
v 2.6259987 1.7995632 1.0876841
v 2.6259987 1.7995632 1.0876841
v 2.6107479 1.7378176 1.0876841
v 2.6107479 1.7378176 1.0876841
v 2.6107479 1.734608 1.0873761
v 2.6107479 1.734608 1.0873761
v 2.6259987 1.7378176 1.0876841
v 2.6259987 1.7378176 1.0876841
v 2.6259987 1.734608 1.0873761
v 2.6259987 1.734608 1.0873761
v 2.6259987 1.4953245 1.088471
v 2.6259987 1.4953245 1.088471
v 2.6259987 1.4953245 1.088471
v 2.6259987 1.7995632 1.089825
v 2.6259987 1.7995632 1.089825
v 2.6259987 1.7995632 1.089825
v -2.8166021 1.7995632 1.089825
v -2.8166021 1.7995632 1.089825
v -2.8166021 1.7995632 1.089825
v 2.6259987 1.4953245 1.0873761
v 2.6259987 1.4953245 1.0873761
v 2.6259987 1.4953245 1.0873761
v 2.6107474 1.4953245 1.0873761
v 2.6107474 1.4953245 1.0873761
v 2.6107474 1.4953245 1.0873761
v -2.8166021 1.116801 0.99970756
v -2.8166021 1.116801 0.99970756
v -2.8166021 1.116801 0.99970756
v -2.6760638 1.1187492 0.99835359
v -2.6760638 1.1187492 0.99835359
v -2.6760638 1.1187492 0.99835359
v -2.8166021 1.120913 0.99970756
v -2.8166021 1.120913 0.99970756
v -2.8166021 1.1187495 0.99835359
v -2.8166021 1.1187495 0.99835359
v -2.8166021 1.1187495 0.99835359
v 2.6259987 1.116801 0.99970756
v 2.6259987 1.116801 0.99970756
v 2.6259987 1.116801 0.99970756
v 2.6259987 1.120913 0.99970756
v 2.6259987 1.120913 0.99970756
v 2.6259987 1.1187495 0.99835359
v 2.6259987 1.1187495 0.99835359
v 2.6259987 1.1187495 0.99835359
v 2.4854607 1.1187492 0.99835359
v 2.4854607 1.1187492 0.99835359
v 2.4854607 1.1187492 0.99835359
v 2.4650194 1.1214724 0.99646156
v 2.4650194 1.1214724 0.99646156
v 2.4854607 1.1228362 0.99835359
v 2.4854607 1.1228362 0.99835359
v 2.4854607 1.1228362 0.99835359
v 2.6107474 1.1228363 0.99835359
v 2.6107474 1.1228363 0.99835359
v 2.6107474 1.1228363 0.99835359
v 2.4650194 1.1255583 0.99646156
v 2.4650194 1.1255583 0.99646156
v 2.6107479 1.3491053 0.99835359
v 2.6107479 1.3491053 0.99835359
v -2.6760641 1.1228362 0.99835359
v -2.6760641 1.1228362 0.99835359
v -2.6760641 1.1228362 0.99835359
v -2.8013512 1.3491053 0.99835359
v -2.8013512 1.3491053 0.99835359
v -2.8013505 1.1228363 0.99835359
v -2.8013505 1.1228363 0.99835359
v -2.8013505 1.1228363 0.99835359
v -2.6556225 1.1255583 0.99646156
v -2.6556225 1.1255583 0.99646156
v -2.6449295 1.1262287 0.9959959
v -2.6449295 1.1262287 0.9959959
v -2.6556225 1.1214724 0.99646156
v -2.6556225 1.1214724 0.99646156
v -2.6449293 1.1221424 0.9959959
v -2.6449293 1.1221424 0.9959959
v 2.4543259 1.1221424 0.9959959
v 2.4543259 1.1221424 0.9959959
v 2.4543264 1.1262287 0.9959959
v 2.4543264 1.1262287 0.9959959
v -2.8166021 1.1228363 0.99835359
v -2.8166021 1.1228363 0.99835359
v -2.8166021 1.1228363 0.99835359
v -2.8013505 1.1228363 0.99725879
v -2.8013505 1.1228363 0.99725879
v -2.8013505 1.1228363 0.99725879
v -2.8166021 1.1228363 0.99725879
v -2.8166021 1.1228363 0.99725879
v -2.8166021 1.1228363 0.99725879
v -2.8013512 1.3621195 0.99725879
v -2.8013512 1.3621195 0.99725879
v -2.8166021 1.3621195 0.99725879
v -2.8166021 1.3621195 0.99725879
v -2.8013512 1.3653291 0.9975667
v -2.8013512 1.3653291 0.9975667
v -2.8166021 1.3653291 0.9975667
v -2.8166021 1.3653291 0.9975667
v -2.8013512 1.4246027 0.9975667
v -2.8013512 1.4246027 0.9975667
v -2.8013512 1.4246027 0.9975667
v -2.8013512 1.4246027 0.9975667
v -2.8166021 1.4270747 0.9975667
v -2.8166021 1.4270747 0.9975667
v -2.8166021 1.4270747 0.9975667
v -2.8166021 1.4270747 0.9975667
v -2.8013512 1.4246027 0.99835359
v -2.8013512 1.4246027 0.99835359
v -2.8013512 1.4246027 0.99835359
v 2.6107479 1.4246027 0.9975667
v 2.6107479 1.4246027 0.9975667
v 2.6107479 1.4246027 0.9975667
v 2.6107479 1.4246027 0.9975667
v 2.6107479 1.4246027 0.99835359
v 2.6107479 1.4246027 0.99835359
v 2.6107479 1.4246027 0.99835359
v 2.6259987 1.4270747 0.9975667
v 2.6259987 1.4270747 0.9975667
v 2.6259987 1.4270747 0.9975667
v 2.6259987 1.4270747 0.9975667
v 2.6107479 1.3653291 0.9975667
v 2.6107479 1.3653291 0.9975667
v 2.6107479 1.3621195 0.99725879
v 2.6107479 1.3621195 0.99725879
v 2.6259987 1.3653291 0.9975667
v 2.6259987 1.3653291 0.9975667
v 2.6259987 1.3621195 0.99725879
v 2.6259987 1.3621195 0.99725879
v 2.6259987 1.1228363 0.99835359
v 2.6259987 1.1228363 0.99835359
v 2.6259987 1.1228363 0.99835359
v 2.6259987 1.4270747 0.99970756
v 2.6259987 1.4270747 0.99970756
v 2.6259987 1.4270747 0.99970756
v -2.8166021 1.4270747 0.99970756
v -2.8166021 1.4270747 0.99970756
v -2.8166021 1.4270747 0.99970756
v 2.6259987 1.1228363 0.99725879
v 2.6259987 1.1228363 0.99725879
v 2.6259987 1.1228363 0.99725879
v 2.6107474 1.1228363 0.99725879
v 2.6107474 1.1228363 0.99725879
v 2.6107474 1.1228363 0.99725879
v -2.8166021 0.74431282 0.90959018
v -2.8166021 0.74431282 0.90959018
v -2.8166021 0.74431282 0.90959018
v -2.6760638 0.74626108 0.90823625
v -2.6760638 0.74626108 0.90823625
v -2.6760638 0.74626108 0.90823625
v -2.8166021 0.74842478 0.90959018
v -2.8166021 0.74842478 0.90959018
v -2.8166021 0.74626108 0.90823625
v -2.8166021 0.74626108 0.90823625
v -2.8166021 0.74626108 0.90823625
v 2.6259987 0.74431282 0.90959018
v 2.6259987 0.74431282 0.90959018
v 2.6259987 0.74431282 0.90959018
v 2.6259987 0.74842478 0.90959018
v 2.6259987 0.74842478 0.90959018
v 2.6259987 0.74626108 0.90823625
v 2.6259987 0.74626108 0.90823625
v 2.6259987 0.74626108 0.90823625
v 2.4854607 0.74626108 0.90823625
v 2.4854607 0.74626108 0.90823625
v 2.4854607 0.74626108 0.90823625
v 2.4650194 0.74898416 0.90634421
v 2.4650194 0.74898416 0.90634421
v 2.4854607 0.75034797 0.90823625
v 2.4854607 0.75034797 0.90823625
v 2.4854607 0.75034797 0.90823625
v 2.6107474 0.75034809 0.90823625
v 2.6107474 0.75034809 0.90823625
v 2.6107474 0.75034809 0.90823625
v 2.4650194 0.75307009 0.90634421
v 2.4650194 0.75307009 0.90634421
v 2.6107479 0.97661697 0.90823625
v 2.6107479 0.97661697 0.90823625
v -2.6760641 0.75034797 0.90823625
v -2.6760641 0.75034797 0.90823625
v -2.6760641 0.75034797 0.90823625
v -2.8013512 0.97661697 0.90823625
v -2.8013512 0.97661697 0.90823625
v -2.8013505 0.75034809 0.90823625
v -2.8013505 0.75034809 0.90823625
v -2.8013505 0.75034809 0.90823625
v -2.6556225 0.75307009 0.90634421
v -2.6556225 0.75307009 0.90634421
v -2.6449295 0.75374041 0.90587851
v -2.6449295 0.75374041 0.90587851
v -2.6556225 0.74898416 0.90634421
v -2.6556225 0.74898416 0.90634421
v -2.6449293 0.74965412 0.90587851
v -2.6449293 0.74965412 0.90587851
v 2.4543259 0.74965412 0.90587851
v 2.4543259 0.74965412 0.90587851
v 2.4543264 0.75374041 0.90587851
v 2.4543264 0.75374041 0.90587851
v -2.8166021 0.75034809 0.90823625
v -2.8166021 0.75034809 0.90823625
v -2.8166021 0.75034809 0.90823625
v -2.8013505 0.75034809 0.9071414
v -2.8013505 0.75034809 0.9071414
v -2.8013505 0.75034809 0.9071414
v -2.8166021 0.75034809 0.9071414
v -2.8166021 0.75034809 0.9071414
v -2.8166021 0.75034809 0.9071414
v -2.8013512 0.9896313 0.9071414
v -2.8013512 0.9896313 0.9071414
v -2.8166021 0.9896313 0.9071414
v -2.8166021 0.9896313 0.9071414
v -2.8013512 0.99284091 0.90744935
v -2.8013512 0.99284091 0.90744935
v -2.8166021 0.99284091 0.90744935
v -2.8166021 0.99284091 0.90744935
v -2.8013512 1.0521145 0.90744935
v -2.8013512 1.0521145 0.90744935
v -2.8013512 1.0521145 0.90744935
v -2.8013512 1.0521145 0.90744935
v -2.8166021 1.0545865 0.90744935
v -2.8166021 1.0545865 0.90744935
v -2.8166021 1.0545865 0.90744935
v -2.8166021 1.0545865 0.90744935
v -2.8013512 1.0521145 0.90823625
v -2.8013512 1.0521145 0.90823625
v -2.8013512 1.0521145 0.90823625
v 2.6107479 1.0521145 0.90744935
v 2.6107479 1.0521145 0.90744935
v 2.6107479 1.0521145 0.90744935
v 2.6107479 1.0521145 0.90744935
v 2.6107479 1.0521145 0.90823625
v 2.6107479 1.0521145 0.90823625
v 2.6107479 1.0521145 0.90823625
v 2.6259987 1.0545865 0.90744935
v 2.6259987 1.0545865 0.90744935
v 2.6259987 1.0545865 0.90744935
v 2.6259987 1.0545865 0.90744935
v 2.6107479 0.99284091 0.90744935
v 2.6107479 0.99284091 0.90744935
v 2.6107479 0.9896313 0.9071414
v 2.6107479 0.9896313 0.9071414
v 2.6259987 0.99284091 0.90744935
v 2.6259987 0.99284091 0.90744935
v 2.6259987 0.9896313 0.9071414
v 2.6259987 0.9896313 0.9071414
v 2.6259987 0.75034809 0.90823625
v 2.6259987 0.75034809 0.90823625
v 2.6259987 0.75034809 0.90823625
v 2.6259987 1.0545865 0.90959018
v 2.6259987 1.0545865 0.90959018
v 2.6259987 1.0545865 0.90959018
v -2.8166021 1.0545865 0.90959018
v -2.8166021 1.0545865 0.90959018
v -2.8166021 1.0545865 0.90959018
v 2.6259987 0.75034809 0.9071414
v 2.6259987 0.75034809 0.9071414
v 2.6259987 0.75034809 0.9071414
v 2.6107474 0.75034809 0.9071414
v 2.6107474 0.75034809 0.9071414
v 2.6107474 0.75034809 0.9071414
v -2.8166021 0.37182457 0.81947281
v -2.8166021 0.37182457 0.81947281
v -2.8166021 0.37182457 0.81947281
v -2.6760638 0.37377283 0.81811888
v -2.6760638 0.37377283 0.81811888
v -2.6760638 0.37377283 0.81811888
v -2.8166021 0.37593653 0.81947281
v -2.8166021 0.37593653 0.81947281
v -2.8166021 0.37377283 0.81811888
v -2.8166021 0.37377283 0.81811888
v -2.8166021 0.37377283 0.81811888
v 2.6259987 0.37182457 0.81947281
v 2.6259987 0.37182457 0.81947281
v 2.6259987 0.37182457 0.81947281
v 2.6259987 0.37593653 0.81947281
v 2.6259987 0.37593653 0.81947281
v 2.6259987 0.37377283 0.81811888
v 2.6259987 0.37377283 0.81811888
v 2.6259987 0.37377283 0.81811888
v 2.4854607 0.37377283 0.81811888
v 2.4854607 0.37377283 0.81811888
v 2.4854607 0.37377283 0.81811888
v 2.4650194 0.3764959 0.81622684
v 2.4650194 0.3764959 0.81622684
v 2.4854607 0.37785971 0.81811888
v 2.4854607 0.37785971 0.81811888
v 2.4854607 0.37785971 0.81811888
v 2.6107474 0.37785995 0.81811888
v 2.6107474 0.37785995 0.81811888
v 2.6107474 0.37785995 0.81811888
v 2.4650194 0.38058183 0.81622684
v 2.4650194 0.38058183 0.81622684
v 2.6107479 0.60412872 0.81811888
v 2.6107479 0.60412872 0.81811888
v -2.6760641 0.37785971 0.81811888
v -2.6760641 0.37785971 0.81811888
v -2.6760641 0.37785971 0.81811888
v -2.8013512 0.60412872 0.81811888
v -2.8013512 0.60412872 0.81811888
v -2.8013505 0.37785995 0.81811888
v -2.8013505 0.37785995 0.81811888
v -2.8013505 0.37785995 0.81811888
v -2.6556225 0.38058183 0.81622684
v -2.6556225 0.38058183 0.81622684
v -2.6449295 0.38125227 0.81576115
v -2.6449295 0.38125227 0.81576115
v -2.6556225 0.3764959 0.81622684
v -2.6556225 0.3764959 0.81622684
v -2.6449293 0.37716587 0.81576115
v -2.6449293 0.37716587 0.81576115
v 2.4543259 0.37716587 0.81576115
v 2.4543259 0.37716587 0.81576115
v 2.4543264 0.38125227 0.81576115
v 2.4543264 0.38125227 0.81576115
v -2.8166021 0.37785995 0.81811888
v -2.8166021 0.37785995 0.81811888
v -2.8166021 0.37785995 0.81811888
v -2.8013505 0.37785995 0.81702403
v -2.8013505 0.37785995 0.81702403
v -2.8013505 0.37785995 0.81702403
v -2.8166021 0.37785995 0.81702403
v -2.8166021 0.37785995 0.81702403
v -2.8166021 0.37785995 0.81702403
v -2.8013512 0.61714293 0.81702403
v -2.8013512 0.61714293 0.81702403
v -2.8166021 0.61714293 0.81702403
v -2.8166021 0.61714293 0.81702403
v -2.8013512 0.62035277 0.81733198
v -2.8013512 0.62035277 0.81733198
v -2.8166021 0.62035277 0.81733198
v -2.8166021 0.62035277 0.81733198
v -2.8013512 0.67962608 0.81733198
v -2.8013512 0.67962608 0.81733198
v -2.8013512 0.67962608 0.81733198
v -2.8013512 0.67962608 0.81733198
v -2.8166021 0.68209837 0.81733198
v -2.8166021 0.68209837 0.81733198
v -2.8166021 0.68209837 0.81733198
v -2.8166021 0.68209837 0.81733198
v -2.8013512 0.67962608 0.81811888
v -2.8013512 0.67962608 0.81811888
v -2.8013512 0.67962608 0.81811888
v 2.6107479 0.67962608 0.81733198
v 2.6107479 0.67962608 0.81733198
v 2.6107479 0.67962608 0.81733198
v 2.6107479 0.67962608 0.81733198
v 2.6107479 0.67962608 0.81811888
v 2.6107479 0.67962608 0.81811888
v 2.6107479 0.67962608 0.81811888
v 2.6259987 0.68209837 0.81733198
v 2.6259987 0.68209837 0.81733198
v 2.6259987 0.68209837 0.81733198
v 2.6259987 0.68209837 0.81733198
v 2.6107479 0.62035277 0.81733198
v 2.6107479 0.62035277 0.81733198
v 2.6107479 0.61714293 0.81702403
v 2.6107479 0.61714293 0.81702403
v 2.6259987 0.62035277 0.81733198
v 2.6259987 0.62035277 0.81733198
v 2.6259987 0.61714293 0.81702403
v 2.6259987 0.61714293 0.81702403
v 2.6259987 0.37785995 0.81811888
v 2.6259987 0.37785995 0.81811888
v 2.6259987 0.37785995 0.81811888
v 2.6259987 0.68209837 0.81947281
v 2.6259987 0.68209837 0.81947281
v 2.6259987 0.68209837 0.81947281
v -2.8166021 0.68209837 0.81947281
v -2.8166021 0.68209837 0.81947281
v -2.8166021 0.68209837 0.81947281
v 2.6259987 0.37785995 0.81702403
v 2.6259987 0.37785995 0.81702403
v 2.6259987 0.37785995 0.81702403
v 2.6107474 0.37785995 0.81702403
v 2.6107474 0.37785995 0.81702403
v 2.6107474 0.37785995 0.81702403
v -2.8166021 -0.00066369169 0.72935544
v -2.8166021 -0.00066369169 0.72935544
v -2.8166021 -0.00066369169 0.72935544
v -2.6760638 0.0012845703 0.72800152
v -2.6760638 0.0012845703 0.72800152
v -2.6760638 0.0012845703 0.72800152
v -2.8166021 0.0034482709 0.72935544
v -2.8166021 0.0034482709 0.72935544
v -2.8166021 0.0012845703 0.72800152
v -2.8166021 0.0012845703 0.72800152
v -2.8166021 0.0012845703 0.72800152
v 2.6259987 -0.00066369169 0.72935544
v 2.6259987 -0.00066369169 0.72935544
v 2.6259987 -0.00066369169 0.72935544
v 2.6259987 0.0034482709 0.72935544
v 2.6259987 0.0034482709 0.72935544
v 2.6259987 0.0012845703 0.72800152
v 2.6259987 0.0012845703 0.72800152
v 2.6259987 0.0012845703 0.72800152
v 2.4854607 0.0012845703 0.72800152
v 2.4854607 0.0012845703 0.72800152
v 2.4854607 0.0012845703 0.72800152
v 2.4650194 0.0040076469 0.72610948
v 2.4650194 0.0040076469 0.72610948
v 2.4854607 0.0053714542 0.72800152
v 2.4854607 0.0053714542 0.72800152
v 2.4854607 0.0053714542 0.72800152
v 2.6107474 0.005371693 0.72800152
v 2.6107474 0.005371693 0.72800152
v 2.6107474 0.005371693 0.72800152
v 2.4650194 0.0080935753 0.72610948
v 2.4650194 0.0080935753 0.72610948
v 2.6107479 0.23164046 0.72800152
v 2.6107479 0.23164046 0.72800152
v -2.6760641 0.0053714542 0.72800152
v -2.6760641 0.0053714542 0.72800152
v -2.6760641 0.0053714542 0.72800152
v -2.8013512 0.23164046 0.72800152
v -2.8013512 0.23164046 0.72800152
v -2.8013505 0.005371693 0.72800152
v -2.8013505 0.005371693 0.72800152
v -2.8013505 0.005371693 0.72800152
v -2.6556225 0.0080935753 0.72610948
v -2.6556225 0.0080935753 0.72610948
v -2.6449295 0.0087640144 0.72564378
v -2.6449295 0.0087640144 0.72564378
v -2.6556225 0.0040076469 0.72610948
v -2.6556225 0.0040076469 0.72610948
v -2.6449293 0.0046776083 0.72564378
v -2.6449293 0.0046776083 0.72564378
v 2.4543259 0.0046776083 0.72564378
v 2.4543259 0.0046776083 0.72564378
v 2.4543264 0.0087640144 0.72564378
v 2.4543264 0.0087640144 0.72564378
v -2.8166021 0.005371693 0.72800152
v -2.8166021 0.005371693 0.72800152
v -2.8166021 0.005371693 0.72800152
v -2.8013505 0.005371693 0.72690667
v -2.8013505 0.005371693 0.72690667
v -2.8013505 0.005371693 0.72690667
v -2.8166021 0.005371693 0.72690667
v -2.8166021 0.005371693 0.72690667
v -2.8166021 0.005371693 0.72690667
v -2.8013512 0.24465467 0.72690667
v -2.8013512 0.24465467 0.72690667
v -2.8166021 0.24465467 0.72690667
v -2.8166021 0.24465467 0.72690667
v -2.8013512 0.24786427 0.72721462
v -2.8013512 0.24786427 0.72721462
v -2.8166021 0.24786427 0.72721462
v -2.8166021 0.24786427 0.72721462
v -2.8013512 0.30713782 0.72721462
v -2.8013512 0.30713782 0.72721462
v -2.8013512 0.30713782 0.72721462
v -2.8013512 0.30713782 0.72721462
v -2.8166021 0.30961011 0.72721462
v -2.8166021 0.30961011 0.72721462
v -2.8166021 0.30961011 0.72721462
v -2.8166021 0.30961011 0.72721462
v -2.8013512 0.30713782 0.72800152
v -2.8013512 0.30713782 0.72800152
v -2.8013512 0.30713782 0.72800152
v 2.6107479 0.30713782 0.72721462
v 2.6107479 0.30713782 0.72721462
v 2.6107479 0.30713782 0.72721462
v 2.6107479 0.30713782 0.72721462
v 2.6107479 0.30713782 0.72800152
v 2.6107479 0.30713782 0.72800152
v 2.6107479 0.30713782 0.72800152
v 2.6259987 0.30961011 0.72721462
v 2.6259987 0.30961011 0.72721462
v 2.6259987 0.30961011 0.72721462
v 2.6259987 0.30961011 0.72721462
v 2.6107479 0.24786427 0.72721462
v 2.6107479 0.24786427 0.72721462
v 2.6107479 0.24465467 0.72690667
v 2.6107479 0.24465467 0.72690667
v 2.6259987 0.24786427 0.72721462
v 2.6259987 0.24786427 0.72721462
v 2.6259987 0.24465467 0.72690667
v 2.6259987 0.24465467 0.72690667
v 2.6259987 0.005371693 0.72800152
v 2.6259987 0.005371693 0.72800152
v 2.6259987 0.005371693 0.72800152
v 2.6259987 0.30961011 0.72935544
v 2.6259987 0.30961011 0.72935544
v 2.6259987 0.30961011 0.72935544
v -2.8166021 0.30961011 0.72935544
v -2.8166021 0.30961011 0.72935544
v -2.8166021 0.30961011 0.72935544
v 2.6259987 0.005371693 0.72690667
v 2.6259987 0.005371693 0.72690667
v 2.6259987 0.005371693 0.72690667
v 2.6107474 0.005371693 0.72690667
v 2.6107474 0.005371693 0.72690667
v 2.6107474 0.005371693 0.72690667
v -2.8166021 -0.37315195 0.63923808
v -2.8166021 -0.37315195 0.63923808
v -2.8166021 -0.37315195 0.63923808
v -2.6760638 -0.37120369 0.63788411
v -2.6760638 -0.37120369 0.63788411
v -2.6760638 -0.37120369 0.63788411
v -2.8166021 -0.36903999 0.63923808
v -2.8166021 -0.36903999 0.63923808
v -2.8166021 -0.37120369 0.63788411
v -2.8166021 -0.37120369 0.63788411
v -2.8166021 -0.37120369 0.63788411
v 2.6259987 -0.37315195 0.63923808
v 2.6259987 -0.37315195 0.63923808
v 2.6259987 -0.37315195 0.63923808
v 2.6259987 -0.36903999 0.63923808
v 2.6259987 -0.36903999 0.63923808
v 2.6259987 -0.37120369 0.63788411
v 2.6259987 -0.37120369 0.63788411
v 2.6259987 -0.37120369 0.63788411
v 2.4854607 -0.37120369 0.63788411
v 2.4854607 -0.37120369 0.63788411
v 2.4854607 -0.37120369 0.63788411
v 2.4650194 -0.36848061 0.63599207
v 2.4650194 -0.36848061 0.63599207
v 2.4854607 -0.3671168 0.63788411
v 2.4854607 -0.3671168 0.63788411
v 2.4854607 -0.3671168 0.63788411
v 2.6107474 -0.36711656 0.63788411
v 2.6107474 -0.36711656 0.63788411
v 2.6107474 -0.36711656 0.63788411
v 2.4650194 -0.36439468 0.63599207
v 2.4650194 -0.36439468 0.63599207
v 2.6107479 -0.1408478 0.63788411
v 2.6107479 -0.1408478 0.63788411
v -2.6760641 -0.3671168 0.63788411
v -2.6760641 -0.3671168 0.63788411
v -2.6760641 -0.3671168 0.63788411
v -2.8013512 -0.1408478 0.63788411
v -2.8013512 -0.1408478 0.63788411
v -2.8013505 -0.36711656 0.63788411
v -2.8013505 -0.36711656 0.63788411
v -2.8013505 -0.36711656 0.63788411
v -2.6556225 -0.36439468 0.63599207
v -2.6556225 -0.36439468 0.63599207
v -2.6449295 -0.36372424 0.63552641
v -2.6449295 -0.36372424 0.63552641
v -2.6556225 -0.36848061 0.63599207
v -2.6556225 -0.36848061 0.63599207
v -2.6449293 -0.36781065 0.63552641
v -2.6449293 -0.36781065 0.63552641
v 2.4543259 -0.36781065 0.63552641
v 2.4543259 -0.36781065 0.63552641
v 2.4543264 -0.36372424 0.63552641
v 2.4543264 -0.36372424 0.63552641
v -2.8166021 -0.36711656 0.63788411
v -2.8166021 -0.36711656 0.63788411
v -2.8166021 -0.36711656 0.63788411
v -2.8013505 -0.36711656 0.63678922
v -2.8013505 -0.36711656 0.63678922
v -2.8013505 -0.36711656 0.63678922
v -2.8166021 -0.36711656 0.63678922
v -2.8166021 -0.36711656 0.63678922
v -2.8166021 -0.36711656 0.63678922
v -2.8013512 -0.12783359 0.63678922
v -2.8013512 -0.12783359 0.63678922
v -2.8166021 -0.12783359 0.63678922
v -2.8166021 -0.12783359 0.63678922
v -2.8013512 -0.12462374 0.63709721
v -2.8013512 -0.12462374 0.63709721
v -2.8166021 -0.12462374 0.63709721
v -2.8166021 -0.12462374 0.63709721
v -2.8013512 -0.065350433 0.63709721
v -2.8013512 -0.065350433 0.63709721
v -2.8013512 -0.065350433 0.63709721
v -2.8013512 -0.065350433 0.63709721
v -2.8166021 -0.062878145 0.63709721
v -2.8166021 -0.062878145 0.63709721
v -2.8166021 -0.062878145 0.63709721
v -2.8166021 -0.062878145 0.63709721
v -2.8013512 -0.065350433 0.63788411
v -2.8013512 -0.065350433 0.63788411
v -2.8013512 -0.065350433 0.63788411
v 2.6107479 -0.065350433 0.63709721
v 2.6107479 -0.065350433 0.63709721
v 2.6107479 -0.065350433 0.63709721
v 2.6107479 -0.065350433 0.63709721
v 2.6107479 -0.065350433 0.63788411
v 2.6107479 -0.065350433 0.63788411
v 2.6107479 -0.065350433 0.63788411
v 2.6259987 -0.062878145 0.63709721
v 2.6259987 -0.062878145 0.63709721
v 2.6259987 -0.062878145 0.63709721
v 2.6259987 -0.062878145 0.63709721
v 2.6107479 -0.12462374 0.63709721
v 2.6107479 -0.12462374 0.63709721
v 2.6107479 -0.12783359 0.63678922
v 2.6107479 -0.12783359 0.63678922
v 2.6259987 -0.12462374 0.63709721
v 2.6259987 -0.12462374 0.63709721
v 2.6259987 -0.12783359 0.63678922
v 2.6259987 -0.12783359 0.63678922
v 2.6259987 -0.36711656 0.63788411
v 2.6259987 -0.36711656 0.63788411
v 2.6259987 -0.36711656 0.63788411
v 2.6259987 -0.062878145 0.63923808
v 2.6259987 -0.062878145 0.63923808
v 2.6259987 -0.062878145 0.63923808
v -2.8166021 -0.062878145 0.63923808
v -2.8166021 -0.062878145 0.63923808
v -2.8166021 -0.062878145 0.63923808
v 2.6259987 -0.36711656 0.63678922
v 2.6259987 -0.36711656 0.63678922
v 2.6259987 -0.36711656 0.63678922
v 2.6107474 -0.36711656 0.63678922
v 2.6107474 -0.36711656 0.63678922
v 2.6107474 -0.36711656 0.63678922
v -2.8166021 -0.74564015 0.54912067
v -2.8166021 -0.74564015 0.54912067
v -2.8166021 -0.74564015 0.54912067
v -2.6760638 -0.74369188 0.5477667
v -2.6760638 -0.74369188 0.5477667
v -2.6760638 -0.74369188 0.5477667
v -2.8166021 -0.74152818 0.54912067
v -2.8166021 -0.74152818 0.54912067
v -2.8166021 -0.74369188 0.5477667
v -2.8166021 -0.74369188 0.5477667
v -2.8166021 -0.74369188 0.5477667
v 2.6259987 -0.74564015 0.54912067
v 2.6259987 -0.74564015 0.54912067
v 2.6259987 -0.74564015 0.54912067
v 2.6259987 -0.74152818 0.54912067
v 2.6259987 -0.74152818 0.54912067
v 2.6259987 -0.74369188 0.5477667
v 2.6259987 -0.74369188 0.5477667
v 2.6259987 -0.74369188 0.5477667
v 2.4854607 -0.74369188 0.5477667
v 2.4854607 -0.74369188 0.5477667
v 2.4854607 -0.74369188 0.5477667
v 2.4650194 -0.74096881 0.54587466
v 2.4650194 -0.74096881 0.54587466
v 2.4854607 -0.739605 0.5477667
v 2.4854607 -0.739605 0.5477667
v 2.4854607 -0.739605 0.5477667
v 2.6107474 -0.73960476 0.5477667
v 2.6107474 -0.73960476 0.5477667
v 2.6107474 -0.73960476 0.5477667
v 2.4650194 -0.73688288 0.54587466
v 2.4650194 -0.73688288 0.54587466
v 2.6107479 -0.51333605 0.5477667
v 2.6107479 -0.51333605 0.5477667
v -2.6760641 -0.739605 0.5477667
v -2.6760641 -0.739605 0.5477667
v -2.6760641 -0.739605 0.5477667
v -2.8013512 -0.51333605 0.5477667
v -2.8013512 -0.51333605 0.5477667
v -2.8013505 -0.73960476 0.5477667
v -2.8013505 -0.73960476 0.5477667
v -2.8013505 -0.73960476 0.5477667
v -2.6556225 -0.73688288 0.54587466
v -2.6556225 -0.73688288 0.54587466
v -2.6449295 -0.73621244 0.54540901
v -2.6449295 -0.73621244 0.54540901
v -2.6556225 -0.74096881 0.54587466
v -2.6556225 -0.74096881 0.54587466
v -2.6449293 -0.74029885 0.54540901
v -2.6449293 -0.74029885 0.54540901
v 2.4543259 -0.74029885 0.54540901
v 2.4543259 -0.74029885 0.54540901
v 2.4543264 -0.73621244 0.54540901
v 2.4543264 -0.73621244 0.54540901
v -2.8166021 -0.73960476 0.5477667
v -2.8166021 -0.73960476 0.5477667
v -2.8166021 -0.73960476 0.5477667
v -2.8013505 -0.73960476 0.54667181
v -2.8013505 -0.73960476 0.54667181
v -2.8013505 -0.73960476 0.54667181
v -2.8166021 -0.73960476 0.54667181
v -2.8166021 -0.73960476 0.54667181
v -2.8166021 -0.73960476 0.54667181
v -2.8013512 -0.50032184 0.54667181
v -2.8013512 -0.50032184 0.54667181
v -2.8166021 -0.50032184 0.54667181
v -2.8166021 -0.50032184 0.54667181
v -2.8013512 -0.49711224 0.5469798
v -2.8013512 -0.49711224 0.5469798
v -2.8166021 -0.49711224 0.5469798
v -2.8166021 -0.49711224 0.5469798
v -2.8013512 -0.43783869 0.5469798
v -2.8013512 -0.43783869 0.5469798
v -2.8013512 -0.43783869 0.5469798
v -2.8013512 -0.43783869 0.5469798
v -2.8166021 -0.4353664 0.5469798
v -2.8166021 -0.4353664 0.5469798
v -2.8166021 -0.4353664 0.5469798
v -2.8166021 -0.4353664 0.5469798
v -2.8013512 -0.43783869 0.5477667
v -2.8013512 -0.43783869 0.5477667
v -2.8013512 -0.43783869 0.5477667
v 2.6107479 -0.43783869 0.5469798
v 2.6107479 -0.43783869 0.5469798
v 2.6107479 -0.43783869 0.5469798
v 2.6107479 -0.43783869 0.5469798
v 2.6107479 -0.43783869 0.5477667
v 2.6107479 -0.43783869 0.5477667
v 2.6107479 -0.43783869 0.5477667
v 2.6259987 -0.4353664 0.5469798
v 2.6259987 -0.4353664 0.5469798
v 2.6259987 -0.4353664 0.5469798
v 2.6259987 -0.4353664 0.5469798
v 2.6107479 -0.49711224 0.5469798
v 2.6107479 -0.49711224 0.5469798
v 2.6107479 -0.50032184 0.54667181
v 2.6107479 -0.50032184 0.54667181
v 2.6259987 -0.49711224 0.5469798
v 2.6259987 -0.49711224 0.5469798
v 2.6259987 -0.50032184 0.54667181
v 2.6259987 -0.50032184 0.54667181
v 2.6259987 -0.73960476 0.5477667
v 2.6259987 -0.73960476 0.5477667
v 2.6259987 -0.73960476 0.5477667
v 2.6259987 -0.4353664 0.54912067
v 2.6259987 -0.4353664 0.54912067
v 2.6259987 -0.4353664 0.54912067
v -2.8166021 -0.4353664 0.54912067
v -2.8166021 -0.4353664 0.54912067
v -2.8166021 -0.4353664 0.54912067
v 2.6259987 -0.73960476 0.54667181
v 2.6259987 -0.73960476 0.54667181
v 2.6259987 -0.73960476 0.54667181
v 2.6107474 -0.73960476 0.54667181
v 2.6107474 -0.73960476 0.54667181
v 2.6107474 -0.73960476 0.54667181
v -2.8166021 -1.1181284 0.45900326
v -2.8166021 -1.1181284 0.45900326
v -2.8166021 -1.1181284 0.45900326
v -2.6760638 -1.1161801 0.45764929
v -2.6760638 -1.1161801 0.45764929
v -2.6760638 -1.1161801 0.45764929
v -2.8166021 -1.1140164 0.45900326
v -2.8166021 -1.1140164 0.45900326
v -2.8166021 -1.1161801 0.45764929
v -2.8166021 -1.1161801 0.45764929
v -2.8166021 -1.1161801 0.45764929
v 2.6259987 -1.1181284 0.45900326
v 2.6259987 -1.1181284 0.45900326
v 2.6259987 -1.1181284 0.45900326
v 2.6259987 -1.1140164 0.45900326
v 2.6259987 -1.1140164 0.45900326
v 2.6259987 -1.1161801 0.45764929
v 2.6259987 -1.1161801 0.45764929
v 2.6259987 -1.1161801 0.45764929
v 2.4854607 -1.1161801 0.45764929
v 2.4854607 -1.1161801 0.45764929
v 2.4854607 -1.1161801 0.45764929
v 2.4650194 -1.1134571 0.45575725
v 2.4650194 -1.1134571 0.45575725
v 2.4854607 -1.1120933 0.45764929
v 2.4854607 -1.1120933 0.45764929
v 2.4854607 -1.1120933 0.45764929
v 2.6107474 -1.112093 0.45764929
v 2.6107474 -1.112093 0.45764929
v 2.6107474 -1.112093 0.45764929
v 2.4650194 -1.1093711 0.45575725
v 2.4650194 -1.1093711 0.45575725
v 2.6107479 -0.88582425 0.45764929
v 2.6107479 -0.88582425 0.45764929
v -2.6760641 -1.1120933 0.45764929
v -2.6760641 -1.1120933 0.45764929
v -2.6760641 -1.1120933 0.45764929
v -2.8013512 -0.88582425 0.45764929
v -2.8013512 -0.88582425 0.45764929
v -2.8013505 -1.112093 0.45764929
v -2.8013505 -1.112093 0.45764929
v -2.8013505 -1.112093 0.45764929
v -2.6556225 -1.1093711 0.45575725
v -2.6556225 -1.1093711 0.45575725
v -2.6449295 -1.1087007 0.4552916
v -2.6449295 -1.1087007 0.4552916
v -2.6556225 -1.1134571 0.45575725
v -2.6556225 -1.1134571 0.45575725
v -2.6449293 -1.1127871 0.4552916
v -2.6449293 -1.1127871 0.4552916
v 2.4543259 -1.1127871 0.4552916
v 2.4543259 -1.1127871 0.4552916
v 2.4543264 -1.1087007 0.4552916
v 2.4543264 -1.1087007 0.4552916
v -2.8166021 -1.112093 0.45764929
v -2.8166021 -1.112093 0.45764929
v -2.8166021 -1.112093 0.45764929
v -2.8013505 -1.112093 0.4565544
v -2.8013505 -1.112093 0.4565544
v -2.8013505 -1.112093 0.4565544
v -2.8166021 -1.112093 0.4565544
v -2.8166021 -1.112093 0.4565544
v -2.8166021 -1.112093 0.4565544
v -2.8013512 -0.87281004 0.4565544
v -2.8013512 -0.87281004 0.4565544
v -2.8166021 -0.87281004 0.4565544
v -2.8166021 -0.87281004 0.4565544
v -2.8013512 -0.8696002 0.45686239
v -2.8013512 -0.8696002 0.45686239
v -2.8166021 -0.8696002 0.45686239
v -2.8166021 -0.8696002 0.45686239
v -2.8013512 -0.81032689 0.45686239
v -2.8013512 -0.81032689 0.45686239
v -2.8013512 -0.81032689 0.45686239
v -2.8013512 -0.81032689 0.45686239
v -2.8166021 -0.8078546 0.45686239
v -2.8166021 -0.8078546 0.45686239
v -2.8166021 -0.8078546 0.45686239
v -2.8166021 -0.8078546 0.45686239
v -2.8013512 -0.81032689 0.45764929
v -2.8013512 -0.81032689 0.45764929
v -2.8013512 -0.81032689 0.45764929
v 2.6107479 -0.81032689 0.45686239
v 2.6107479 -0.81032689 0.45686239
v 2.6107479 -0.81032689 0.45686239
v 2.6107479 -0.81032689 0.45686239
v 2.6107479 -0.81032689 0.45764929
v 2.6107479 -0.81032689 0.45764929
v 2.6107479 -0.81032689 0.45764929
v 2.6259987 -0.8078546 0.45686239
v 2.6259987 -0.8078546 0.45686239
v 2.6259987 -0.8078546 0.45686239
v 2.6259987 -0.8078546 0.45686239
v 2.6107479 -0.8696002 0.45686239
v 2.6107479 -0.8696002 0.45686239
v 2.6107479 -0.87281004 0.4565544
v 2.6107479 -0.87281004 0.4565544
v 2.6259987 -0.8696002 0.45686239
v 2.6259987 -0.8696002 0.45686239
v 2.6259987 -0.87281004 0.4565544
v 2.6259987 -0.87281004 0.4565544
v 2.6259987 -1.112093 0.45764929
v 2.6259987 -1.112093 0.45764929
v 2.6259987 -1.112093 0.45764929
v 2.6259987 -0.8078546 0.45900326
v 2.6259987 -0.8078546 0.45900326
v 2.6259987 -0.8078546 0.45900326
v -2.8166021 -0.8078546 0.45900326
v -2.8166021 -0.8078546 0.45900326
v -2.8166021 -0.8078546 0.45900326
v 2.6259987 -1.112093 0.4565544
v 2.6259987 -1.112093 0.4565544
v 2.6259987 -1.112093 0.4565544
v 2.6107474 -1.112093 0.4565544
v 2.6107474 -1.112093 0.4565544
v 2.6107474 -1.112093 0.4565544
v -2.8166021 -1.4906169 0.36888585
v -2.8166021 -1.4906169 0.36888585
v -2.8166021 -1.4906169 0.36888585
v -2.6760638 -1.4886689 0.36753188
v -2.6760638 -1.4886689 0.36753188
v -2.6760638 -1.4886689 0.36753188
v -2.8166021 -1.4865049 0.36888585
v -2.8166021 -1.4865049 0.36888585
v -2.8166021 -1.4886684 0.36753188
v -2.8166021 -1.4886684 0.36753188
v -2.8166021 -1.4886684 0.36753188
v 2.6259987 -1.4906169 0.36888585
v 2.6259987 -1.4906169 0.36888585
v 2.6259987 -1.4906169 0.36888585
v 2.6259987 -1.4865049 0.36888585
v 2.6259987 -1.4865049 0.36888585
v 2.6259987 -1.4886684 0.36753188
v 2.6259987 -1.4886684 0.36753188
v 2.6259987 -1.4886684 0.36753188
v 2.4854607 -1.4886689 0.36753188
v 2.4854607 -1.4886689 0.36753188
v 2.4854607 -1.4886689 0.36753188
v 2.4650194 -1.4859456 0.36563985
v 2.4650194 -1.4859456 0.36563985
v 2.4854607 -1.4845818 0.36753188
v 2.4854607 -1.4845818 0.36753188
v 2.4854607 -1.4845818 0.36753188
v 2.6107474 -1.4845818 0.36753188
v 2.6107474 -1.4845818 0.36753188
v 2.6107474 -1.4845818 0.36753188
v 2.4650194 -1.4818599 0.36563985
v 2.4650194 -1.4818599 0.36563985
v 2.6107479 -1.258313 0.36753188
v 2.6107479 -1.258313 0.36753188
v -2.6760641 -1.4845818 0.36753188
v -2.6760641 -1.4845818 0.36753188
v -2.6760641 -1.4845818 0.36753188
v -2.8013512 -1.258313 0.36753188
v -2.8013512 -1.258313 0.36753188
v -2.8013505 -1.4845818 0.36753188
v -2.8013505 -1.4845818 0.36753188
v -2.8013505 -1.4845818 0.36753188
v -2.6556225 -1.4818599 0.36563985
v -2.6556225 -1.4818599 0.36563985
v -2.6449295 -1.4811892 0.36517419
v -2.6449295 -1.4811892 0.36517419
v -2.6556225 -1.4859456 0.36563985
v -2.6556225 -1.4859456 0.36563985
v -2.6449293 -1.4852754 0.36517419
v -2.6449293 -1.4852754 0.36517419
v 2.4543259 -1.4852754 0.36517419
v 2.4543259 -1.4852754 0.36517419
v 2.4543264 -1.4811892 0.36517419
v 2.4543264 -1.4811892 0.36517419
v -2.8166021 -1.4845818 0.36753188
v -2.8166021 -1.4845818 0.36753188
v -2.8166021 -1.4845818 0.36753188
v -2.8013505 -1.4845818 0.36643699
v -2.8013505 -1.4845818 0.36643699
v -2.8013505 -1.4845818 0.36643699
v -2.8166021 -1.4845818 0.36643699
v -2.8166021 -1.4845818 0.36643699
v -2.8166021 -1.4845818 0.36643699
v -2.8013512 -1.2452985 0.36643699
v -2.8013512 -1.2452985 0.36643699
v -2.8166021 -1.2452985 0.36643699
v -2.8166021 -1.2452985 0.36643699
v -2.8013512 -1.2420887 0.36674499
v -2.8013512 -1.2420887 0.36674499
v -2.8166021 -1.2420887 0.36674499
v -2.8166021 -1.2420887 0.36674499
v -2.8013512 -1.1828154 0.36674499
v -2.8013512 -1.1828154 0.36674499
v -2.8013512 -1.1828154 0.36674499
v -2.8013512 -1.1828154 0.36674499
v -2.8166021 -1.1803431 0.36674499
v -2.8166021 -1.1803431 0.36674499
v -2.8166021 -1.1803431 0.36674499
v -2.8166021 -1.1803431 0.36674499
v -2.8013512 -1.1828154 0.36753188
v -2.8013512 -1.1828154 0.36753188
v -2.8013512 -1.1828154 0.36753188
v 2.6107479 -1.1828154 0.36674499
v 2.6107479 -1.1828154 0.36674499
v 2.6107479 -1.1828154 0.36674499
v 2.6107479 -1.1828154 0.36674499
v 2.6107479 -1.1828154 0.36753188
v 2.6107479 -1.1828154 0.36753188
v 2.6107479 -1.1828154 0.36753188
v 2.6259987 -1.1803431 0.36674499
v 2.6259987 -1.1803431 0.36674499
v 2.6259987 -1.1803431 0.36674499
v 2.6259987 -1.1803431 0.36674499
v 2.6107479 -1.2420887 0.36674499
v 2.6107479 -1.2420887 0.36674499
v 2.6107479 -1.2452985 0.36643699
v 2.6107479 -1.2452985 0.36643699
v 2.6259987 -1.2420887 0.36674499
v 2.6259987 -1.2420887 0.36674499
v 2.6259987 -1.2452985 0.36643699
v 2.6259987 -1.2452985 0.36643699
v 2.6259987 -1.4845818 0.36753188
v 2.6259987 -1.4845818 0.36753188
v 2.6259987 -1.4845818 0.36753188
v 2.6259987 -1.1803431 0.36888585
v 2.6259987 -1.1803431 0.36888585
v 2.6259987 -1.1803431 0.36888585
v -2.8166021 -1.1803431 0.36888585
v -2.8166021 -1.1803431 0.36888585
v -2.8166021 -1.1803431 0.36888585
v 2.6259987 -1.4845818 0.36643699
v 2.6259987 -1.4845818 0.36643699
v 2.6259987 -1.4845818 0.36643699
v 2.6107474 -1.4845818 0.36643699
v 2.6107474 -1.4845818 0.36643699
v 2.6107474 -1.4845818 0.36643699
v -2.8166021 -1.8631049 0.27876845
v -2.8166021 -1.8631049 0.27876845
v -2.8166021 -1.8631049 0.27876845
v -2.6760638 -1.8611569 0.27741448
v -2.6760638 -1.8611569 0.27741448
v -2.6760638 -1.8611569 0.27741448
v -2.8166021 -1.858993 0.27876845
v -2.8166021 -1.858993 0.27876845
v -2.8166021 -1.8611564 0.27741448
v -2.8166021 -1.8611564 0.27741448
v -2.8166021 -1.8611564 0.27741448
v 2.6259987 -1.8631049 0.27876845
v 2.6259987 -1.8631049 0.27876845
v 2.6259987 -1.8631049 0.27876845
v 2.6259987 -1.858993 0.27876845
v 2.6259987 -1.858993 0.27876845
v 2.6259987 -1.8611564 0.27741448
v 2.6259987 -1.8611564 0.27741448
v 2.6259987 -1.8611564 0.27741448
v 2.4854607 -1.8611569 0.27741448
v 2.4854607 -1.8611569 0.27741448
v 2.4854607 -1.8611569 0.27741448
v 2.4650194 -1.8584336 0.27552244
v 2.4650194 -1.8584336 0.27552244
v 2.4854607 -1.8570698 0.27741448
v 2.4854607 -1.8570698 0.27741448
v 2.4854607 -1.8570698 0.27741448
v 2.6107474 -1.8570698 0.27741448
v 2.6107474 -1.8570698 0.27741448
v 2.6107474 -1.8570698 0.27741448
v 2.4650194 -1.8543479 0.27552244
v 2.4650194 -1.8543479 0.27552244
v 2.6107479 -1.630801 0.27741448
v 2.6107479 -1.630801 0.27741448
v -2.6760641 -1.8570698 0.27741448
v -2.6760641 -1.8570698 0.27741448
v -2.6760641 -1.8570698 0.27741448
v -2.8013512 -1.630801 0.27741448
v -2.8013512 -1.630801 0.27741448
v -2.8013505 -1.8570698 0.27741448
v -2.8013505 -1.8570698 0.27741448
v -2.8013505 -1.8570698 0.27741448
v -2.6556225 -1.8543479 0.27552244
v -2.6556225 -1.8543479 0.27552244
v -2.6449295 -1.8536772 0.27505678
v -2.6449295 -1.8536772 0.27505678
v -2.6556225 -1.8584336 0.27552244
v -2.6556225 -1.8584336 0.27552244
v -2.6449293 -1.8577634 0.27505678
v -2.6449293 -1.8577634 0.27505678
v 2.4543259 -1.8577634 0.27505678
v 2.4543259 -1.8577634 0.27505678
v 2.4543264 -1.8536772 0.27505678
v 2.4543264 -1.8536772 0.27505678
v -2.8166021 -1.8570698 0.27741448
v -2.8166021 -1.8570698 0.27741448
v -2.8166021 -1.8570698 0.27741448
v -2.8013505 -1.8570698 0.27631959
v -2.8013505 -1.8570698 0.27631959
v -2.8013505 -1.8570698 0.27631959
v -2.8166021 -1.8570698 0.27631959
v -2.8166021 -1.8570698 0.27631959
v -2.8166021 -1.8570698 0.27631959
v -2.8013512 -1.6177863 0.27631959
v -2.8013512 -1.6177863 0.27631959
v -2.8166021 -1.6177863 0.27631959
v -2.8166021 -1.6177863 0.27631959
v -2.8013512 -1.6145767 0.27662758
v -2.8013512 -1.6145767 0.27662758
v -2.8166021 -1.6145767 0.27662758
v -2.8166021 -1.6145767 0.27662758
v -2.8013512 -1.5553034 0.27662758
v -2.8013512 -1.5553034 0.27662758
v -2.8013512 -1.5553034 0.27662758
v -2.8013512 -1.5553034 0.27662758
v -2.8166021 -1.5528314 0.27662758
v -2.8166021 -1.5528314 0.27662758
v -2.8166021 -1.5528314 0.27662758
v -2.8166021 -1.5528314 0.27662758
v -2.8013512 -1.5553034 0.27741448
v -2.8013512 -1.5553034 0.27741448
v -2.8013512 -1.5553034 0.27741448
v 2.6107479 -1.5553034 0.27662758
v 2.6107479 -1.5553034 0.27662758
v 2.6107479 -1.5553034 0.27662758
v 2.6107479 -1.5553034 0.27662758
v 2.6107479 -1.5553034 0.27741448
v 2.6107479 -1.5553034 0.27741448
v 2.6107479 -1.5553034 0.27741448
v 2.6259987 -1.5528314 0.27662758
v 2.6259987 -1.5528314 0.27662758
v 2.6259987 -1.5528314 0.27662758
v 2.6259987 -1.5528314 0.27662758
v 2.6107479 -1.6145767 0.27662758
v 2.6107479 -1.6145767 0.27662758
v 2.6107479 -1.6177863 0.27631959
v 2.6107479 -1.6177863 0.27631959
v 2.6259987 -1.6145767 0.27662758
v 2.6259987 -1.6145767 0.27662758
v 2.6259987 -1.6177863 0.27631959
v 2.6259987 -1.6177863 0.27631959
v 2.6259987 -1.8570698 0.27741448
v 2.6259987 -1.8570698 0.27741448
v 2.6259987 -1.8570698 0.27741448
v 2.6259987 -1.5528314 0.27876845
v 2.6259987 -1.5528314 0.27876845
v 2.6259987 -1.5528314 0.27876845
v -2.8166021 -1.5528314 0.27876845
v -2.8166021 -1.5528314 0.27876845
v -2.8166021 -1.5528314 0.27876845
v 2.6259987 -1.8570698 0.27631959
v 2.6259987 -1.8570698 0.27631959
v 2.6259987 -1.8570698 0.27631959
v 2.6107474 -1.8570698 0.27631959
v 2.6107474 -1.8570698 0.27631959
v 2.6107474 -1.8570698 0.27631959
v -2.8166021 -2.2355929 0.18865104
v -2.8166021 -2.2355929 0.18865104
v -2.8166021 -2.2355929 0.18865104
v -2.6760638 -2.2336449 0.18729707
v -2.6760638 -2.2336449 0.18729707
v -2.6760638 -2.2336449 0.18729707
v -2.8166021 -2.231481 0.18865104
v -2.8166021 -2.231481 0.18865104
v -2.8166021 -2.2336444 0.18729707
v -2.8166021 -2.2336444 0.18729707
v -2.8166021 -2.2336444 0.18729707
v 2.6259987 -2.2355929 0.18865104
v 2.6259987 -2.2355929 0.18865104
v 2.6259987 -2.2355929 0.18865104
v 2.6259987 -2.231481 0.18865104
v 2.6259987 -2.231481 0.18865104
v 2.6259987 -2.2336444 0.18729707
v 2.6259987 -2.2336444 0.18729707
v 2.6259987 -2.2336444 0.18729707
v 2.4854607 -2.2336449 0.18729707
v 2.4854607 -2.2336449 0.18729707
v 2.4854607 -2.2336449 0.18729707
v 2.4650194 -2.2309216 0.18540503
v 2.4650194 -2.2309216 0.18540503
v 2.4854607 -2.2295578 0.18729707
v 2.4854607 -2.2295578 0.18729707
v 2.4854607 -2.2295578 0.18729707
v 2.6107474 -2.2295578 0.18729707
v 2.6107474 -2.2295578 0.18729707
v 2.6107474 -2.2295578 0.18729707
v 2.4650194 -2.2268359 0.18540503
v 2.4650194 -2.2268359 0.18540503
v 2.6107479 -2.003289 0.18729707
v 2.6107479 -2.003289 0.18729707
v -2.6760641 -2.2295578 0.18729707
v -2.6760641 -2.2295578 0.18729707
v -2.6760641 -2.2295578 0.18729707
v -2.8013512 -2.003289 0.18729707
v -2.8013512 -2.003289 0.18729707
v -2.8013505 -2.2295578 0.18729707
v -2.8013505 -2.2295578 0.18729707
v -2.8013505 -2.2295578 0.18729707
v -2.6556225 -2.2268359 0.18540503
v -2.6556225 -2.2268359 0.18540503
v -2.6449295 -2.2261652 0.18493937
v -2.6449295 -2.2261652 0.18493937
v -2.6556225 -2.2309216 0.18540503
v -2.6556225 -2.2309216 0.18540503
v -2.6449293 -2.2302514 0.18493937
v -2.6449293 -2.2302514 0.18493937
v 2.4543259 -2.2302514 0.18493937
v 2.4543259 -2.2302514 0.18493937
v 2.4543264 -2.2261652 0.18493937
v 2.4543264 -2.2261652 0.18493937
v -2.8166021 -2.2295578 0.18729707
v -2.8166021 -2.2295578 0.18729707
v -2.8166021 -2.2295578 0.18729707
v -2.8013505 -2.2295578 0.18620218
v -2.8013505 -2.2295578 0.18620218
v -2.8013505 -2.2295578 0.18620218
v -2.8166021 -2.2295578 0.18620218
v -2.8166021 -2.2295578 0.18620218
v -2.8166021 -2.2295578 0.18620218
v -2.8013512 -1.9902743 0.18620218
v -2.8013512 -1.9902743 0.18620218
v -2.8166021 -1.9902743 0.18620218
v -2.8166021 -1.9902743 0.18620218
v -2.8013512 -1.9870647 0.18651017
v -2.8013512 -1.9870647 0.18651017
v -2.8166021 -1.9870647 0.18651017
v -2.8166021 -1.9870647 0.18651017
v -2.8013512 -1.9277914 0.18651017
v -2.8013512 -1.9277914 0.18651017
v -2.8013512 -1.9277914 0.18651017
v -2.8013512 -1.9277914 0.18651017
v -2.8166021 -1.9253194 0.18651017
v -2.8166021 -1.9253194 0.18651017
v -2.8166021 -1.9253194 0.18651017
v -2.8166021 -1.9253194 0.18651017
v -2.8013512 -1.9277914 0.18729707
v -2.8013512 -1.9277914 0.18729707
v -2.8013512 -1.9277914 0.18729707
v 2.6107479 -1.9277914 0.18651017
v 2.6107479 -1.9277914 0.18651017
v 2.6107479 -1.9277914 0.18651017
v 2.6107479 -1.9277914 0.18651017
v 2.6107479 -1.9277914 0.18729707
v 2.6107479 -1.9277914 0.18729707
v 2.6107479 -1.9277914 0.18729707
v 2.6259987 -1.9253194 0.18651017
v 2.6259987 -1.9253194 0.18651017
v 2.6259987 -1.9253194 0.18651017
v 2.6259987 -1.9253194 0.18651017
v 2.6107479 -1.9870647 0.18651017
v 2.6107479 -1.9870647 0.18651017
v 2.6107479 -1.9902743 0.18620218
v 2.6107479 -1.9902743 0.18620218
v 2.6259987 -1.9870647 0.18651017
v 2.6259987 -1.9870647 0.18651017
v 2.6259987 -1.9902743 0.18620218
v 2.6259987 -1.9902743 0.18620218
v 2.6259987 -2.2295578 0.18729707
v 2.6259987 -2.2295578 0.18729707
v 2.6259987 -2.2295578 0.18729707
v 2.6259987 -1.9253194 0.18865104
v 2.6259987 -1.9253194 0.18865104
v 2.6259987 -1.9253194 0.18865104
v -2.8166021 -1.9253194 0.18865104
v -2.8166021 -1.9253194 0.18865104
v -2.8166021 -1.9253194 0.18865104
v 2.6259987 -2.2295578 0.18620218
v 2.6259987 -2.2295578 0.18620218
v 2.6259987 -2.2295578 0.18620218
v 2.6107474 -2.2295578 0.18620218
v 2.6107474 -2.2295578 0.18620218
v 2.6107474 -2.2295578 0.18620218
v -2.8166021 -2.608081 0.098533629
v -2.8166021 -2.608081 0.098533629
v -2.8166021 -2.608081 0.098533629
v -2.6760638 -2.6061329 0.097179661
v -2.6760638 -2.6061329 0.097179661
v -2.6760638 -2.6061329 0.097179661
v -2.8166021 -2.603969 0.098533629
v -2.8166021 -2.603969 0.098533629
v -2.8166021 -2.6061325 0.097179661
v -2.8166021 -2.6061325 0.097179661
v -2.8166021 -2.6061325 0.097179661
v 2.6259987 -2.608081 0.098533629
v 2.6259987 -2.608081 0.098533629
v 2.6259987 -2.608081 0.098533629
v 2.6259987 -2.603969 0.098533629
v 2.6259987 -2.603969 0.098533629
v 2.6259987 -2.6061325 0.097179661
v 2.6259987 -2.6061325 0.097179661
v 2.6259987 -2.6061325 0.097179661
v 2.4854607 -2.6061329 0.097179661
v 2.4854607 -2.6061329 0.097179661
v 2.4854607 -2.6061329 0.097179661
v 2.4650194 -2.6034096 0.095287621
v 2.4650194 -2.6034096 0.095287621
v 2.4854607 -2.6020458 0.097179661
v 2.4854607 -2.6020458 0.097179661
v 2.4854607 -2.6020458 0.097179661
v 2.6107474 -2.6020458 0.097179661
v 2.6107474 -2.6020458 0.097179661
v 2.6107474 -2.6020458 0.097179661
v 2.4650194 -2.5993239 0.095287621
v 2.4650194 -2.5993239 0.095287621
v 2.6107479 -2.375777 0.097179661
v 2.6107479 -2.375777 0.097179661
v -2.6760641 -2.6020458 0.097179661
v -2.6760641 -2.6020458 0.097179661
v -2.6760641 -2.6020458 0.097179661
v -2.8013512 -2.375777 0.097179661
v -2.8013512 -2.375777 0.097179661
v -2.8013505 -2.6020458 0.097179661
v -2.8013505 -2.6020458 0.097179661
v -2.8013505 -2.6020458 0.097179661
v -2.6556225 -2.5993239 0.095287621
v -2.6556225 -2.5993239 0.095287621
v -2.6449295 -2.5986532 0.094821965
v -2.6449295 -2.5986532 0.094821965
v -2.6556225 -2.6034096 0.095287621
v -2.6556225 -2.6034096 0.095287621
v -2.6449293 -2.6027394 0.094821965
v -2.6449293 -2.6027394 0.094821965
v 2.4543259 -2.6027394 0.094821965
v 2.4543259 -2.6027394 0.094821965
v 2.4543264 -2.5986532 0.094821965
v 2.4543264 -2.5986532 0.094821965
v -2.8166021 -2.6020458 0.097179661
v -2.8166021 -2.6020458 0.097179661
v -2.8166021 -2.6020458 0.097179661
v -2.8013505 -2.6020458 0.096084769
v -2.8013505 -2.6020458 0.096084769
v -2.8013505 -2.6020458 0.096084769
v -2.8166021 -2.6020458 0.096084769
v -2.8166021 -2.6020458 0.096084769
v -2.8166021 -2.6020458 0.096084769
v -2.8013512 -2.3627624 0.096084769
v -2.8013512 -2.3627624 0.096084769
v -2.8166021 -2.3627624 0.096084769
v -2.8166021 -2.3627624 0.096084769
v -2.8013512 -2.3595527 0.096392762
v -2.8013512 -2.3595527 0.096392762
v -2.8166021 -2.3595527 0.096392762
v -2.8166021 -2.3595527 0.096392762
v -2.8013512 -2.3002794 0.096392762
v -2.8013512 -2.3002794 0.096392762
v -2.8013512 -2.3002794 0.096392762
v -2.8013512 -2.3002794 0.096392762
v -2.8166021 -2.2978074 0.096392762
v -2.8166021 -2.2978074 0.096392762
v -2.8166021 -2.2978074 0.096392762
v -2.8166021 -2.2978074 0.096392762
v -2.8013512 -2.3002794 0.097179661
v -2.8013512 -2.3002794 0.097179661
v -2.8013512 -2.3002794 0.097179661
v 2.6107479 -2.3002794 0.096392762
v 2.6107479 -2.3002794 0.096392762
v 2.6107479 -2.3002794 0.096392762
v 2.6107479 -2.3002794 0.096392762
v 2.6107479 -2.3002794 0.097179661
v 2.6107479 -2.3002794 0.097179661
v 2.6107479 -2.3002794 0.097179661
v 2.6259987 -2.2978074 0.096392762
v 2.6259987 -2.2978074 0.096392762
v 2.6259987 -2.2978074 0.096392762
v 2.6259987 -2.2978074 0.096392762
v 2.6107479 -2.3595527 0.096392762
v 2.6107479 -2.3595527 0.096392762
v 2.6107479 -2.3627624 0.096084769
v 2.6107479 -2.3627624 0.096084769
v 2.6259987 -2.3595527 0.096392762
v 2.6259987 -2.3595527 0.096392762
v 2.6259987 -2.3627624 0.096084769
v 2.6259987 -2.3627624 0.096084769
v 2.6259987 -2.6020458 0.097179661
v 2.6259987 -2.6020458 0.097179661
v 2.6259987 -2.6020458 0.097179661
v 2.6259987 -2.2978074 0.098533629
v 2.6259987 -2.2978074 0.098533629
v 2.6259987 -2.2978074 0.098533629
v -2.8166021 -2.2978074 0.098533629
v -2.8166021 -2.2978074 0.098533629
v -2.8166021 -2.2978074 0.098533629
v 2.6259987 -2.6020458 0.096084769
v 2.6259987 -2.6020458 0.096084769
v 2.6259987 -2.6020458 0.096084769
v 2.6107474 -2.6020458 0.096084769
v 2.6107474 -2.6020458 0.096084769
v 2.6107474 -2.6020458 0.096084769
v -2.8181549 2.263802 1.2675812
v -2.8181549 2.263802 1.2675812
v -2.8181549 2.263802 1.2675812
v -2.8181549 2.263802 1.2620212
v -2.8181549 2.263802 1.2620212
v -2.8181549 2.263802 1.2620212
v -2.8008924 2.263802 1.2675812
v -2.8008924 2.263802 1.2675812
v -2.8008924 2.263802 1.2675812
v -2.7704724 2.263802 1.2659489
v -2.7704724 2.263802 1.2659489
v -2.7704724 2.263802 1.2659489
v -2.8181549 2.5157825 1.2675812
v -2.8181549 2.5157825 1.2675812
v -2.8181549 2.5157825 1.2675812
v -2.8181549 2.5157825 1.2620212
v -2.8181549 2.5157825 1.2620212
v -2.8181549 2.5157825 1.2620212
v -2.8008924 2.5157825 1.2675812
v -2.8008924 2.5157825 1.2675812
v -2.8008924 2.5157825 1.2675812
v -2.7704724 2.5157825 1.2659489
v -2.7704724 2.5157825 1.2659489
v -2.7704724 2.5157825 1.2659489
v -2.7295509 2.5157825 1.2666986
v -2.7295509 2.5157825 1.2666986
v -2.7295509 2.5157825 1.2666986
v -2.7704724 2.5157825 1.2620212
v -2.7704724 2.5157825 1.2620212
v -2.7704724 2.5157825 1.2620212
v -2.7704724 2.263802 1.2620212
v -2.7704724 2.263802 1.2620212
v -2.7704724 2.263802 1.2620212
v -2.7295509 2.5157825 1.2683931
v -2.7295509 2.5157825 1.2683931
v -2.7295509 2.5157825 1.2683931
v -2.7295509 2.263802 1.2666986
v -2.7295509 2.263802 1.2666986
v -2.7295509 2.263802 1.2666986
v -2.7295509 2.263802 1.2683931
v -2.7295509 2.263802 1.2683931
v -2.7295509 2.263802 1.2683931
v -2.8008924 2.263802 1.2683931
v -2.8008924 2.263802 1.2683931
v -2.8008924 2.263802 1.2683931
v -2.8008924 2.5157825 1.2683931
v -2.8008924 2.5157825 1.2683931
v -2.8008924 2.5157825 1.2683931
v -2.8181549 1.8913138 1.1774639
v -2.8181549 1.8913138 1.1774639
v -2.8181549 1.8913138 1.1774639
v -2.8181549 1.8913138 1.1719039
v -2.8181549 1.8913138 1.1719039
v -2.8181549 1.8913138 1.1719039
v -2.8008924 1.8913138 1.1774639
v -2.8008924 1.8913138 1.1774639
v -2.8008924 1.8913138 1.1774639
v -2.7704724 1.8913138 1.1758316
v -2.7704724 1.8913138 1.1758316
v -2.7704724 1.8913138 1.1758316
v -2.8181549 2.1432942 1.1774639
v -2.8181549 2.1432942 1.1774639
v -2.8181549 2.1432942 1.1774639
v -2.8181549 2.1432942 1.1719039
v -2.8181549 2.1432942 1.1719039
v -2.8181549 2.1432942 1.1719039
v -2.8008924 2.1432942 1.1774639
v -2.8008924 2.1432942 1.1774639
v -2.8008924 2.1432942 1.1774639
v -2.7704724 2.1432942 1.1758316
v -2.7704724 2.1432942 1.1758316
v -2.7704724 2.1432942 1.1758316
v -2.7295509 2.1432942 1.1765813
v -2.7295509 2.1432942 1.1765813
v -2.7295509 2.1432942 1.1765813
v -2.7704724 2.1432942 1.1719039
v -2.7704724 2.1432942 1.1719039
v -2.7704724 2.1432942 1.1719039
v -2.7704724 1.8913138 1.1719039
v -2.7704724 1.8913138 1.1719039
v -2.7704724 1.8913138 1.1719039
v -2.7295509 2.1432942 1.1782758
v -2.7295509 2.1432942 1.1782758
v -2.7295509 2.1432942 1.1782758
v -2.7295509 1.8913138 1.1765813
v -2.7295509 1.8913138 1.1765813
v -2.7295509 1.8913138 1.1765813
v -2.7295509 1.8913138 1.1782758
v -2.7295509 1.8913138 1.1782758
v -2.7295509 1.8913138 1.1782758
v -2.8008924 1.8913138 1.1782758
v -2.8008924 1.8913138 1.1782758
v -2.8008924 1.8913138 1.1782758
v -2.8008924 2.1432942 1.1782758
v -2.8008924 2.1432942 1.1782758
v -2.8008924 2.1432942 1.1782758
v -2.8181549 1.5188255 1.0873464
v -2.8181549 1.5188255 1.0873464
v -2.8181549 1.5188255 1.0873464
v -2.8181549 1.5188255 1.0817865
v -2.8181549 1.5188255 1.0817865
v -2.8181549 1.5188255 1.0817865
v -2.8008924 1.5188255 1.0873464
v -2.8008924 1.5188255 1.0873464
v -2.8008924 1.5188255 1.0873464
v -2.7704724 1.5188255 1.0857142
v -2.7704724 1.5188255 1.0857142
v -2.7704724 1.5188255 1.0857142
v -2.8181549 1.770806 1.0873464
v -2.8181549 1.770806 1.0873464
v -2.8181549 1.770806 1.0873464
v -2.8181549 1.770806 1.0817865
v -2.8181549 1.770806 1.0817865
v -2.8181549 1.770806 1.0817865
v -2.8008924 1.770806 1.0873464
v -2.8008924 1.770806 1.0873464
v -2.8008924 1.770806 1.0873464
v -2.7704724 1.770806 1.0857142
v -2.7704724 1.770806 1.0857142
v -2.7704724 1.770806 1.0857142
v -2.7295509 1.770806 1.0864639
v -2.7295509 1.770806 1.0864639
v -2.7295509 1.770806 1.0864639
v -2.7704724 1.770806 1.0817865
v -2.7704724 1.770806 1.0817865
v -2.7704724 1.770806 1.0817865
v -2.7704724 1.5188255 1.0817865
v -2.7704724 1.5188255 1.0817865
v -2.7704724 1.5188255 1.0817865
v -2.7295509 1.770806 1.0881584
v -2.7295509 1.770806 1.0881584
v -2.7295509 1.770806 1.0881584
v -2.7295509 1.5188255 1.0864639
v -2.7295509 1.5188255 1.0864639
v -2.7295509 1.5188255 1.0864639
v -2.7295509 1.5188255 1.0881584
v -2.7295509 1.5188255 1.0881584
v -2.7295509 1.5188255 1.0881584
v -2.8008924 1.5188255 1.0881584
v -2.8008924 1.5188255 1.0881584
v -2.8008924 1.5188255 1.0881584
v -2.8008924 1.770806 1.0881584
v -2.8008924 1.770806 1.0881584
v -2.8008924 1.770806 1.0881584
v -2.8181549 1.1463372 0.99722904
v -2.8181549 1.1463372 0.99722904
v -2.8181549 1.1463372 0.99722904
v -2.8181549 1.1463372 0.99166908
v -2.8181549 1.1463372 0.99166908
v -2.8181549 1.1463372 0.99166908
v -2.8008924 1.1463372 0.99722904
v -2.8008924 1.1463372 0.99722904
v -2.8008924 1.1463372 0.99722904
v -2.7704724 1.1463372 0.99559683
v -2.7704724 1.1463372 0.99559683
v -2.7704724 1.1463372 0.99559683
v -2.8181549 1.3983177 0.99722904
v -2.8181549 1.3983177 0.99722904
v -2.8181549 1.3983177 0.99722904
v -2.8181549 1.3983177 0.99166908
v -2.8181549 1.3983177 0.99166908
v -2.8181549 1.3983177 0.99166908
v -2.8008924 1.3983177 0.99722904
v -2.8008924 1.3983177 0.99722904
v -2.8008924 1.3983177 0.99722904
v -2.7704724 1.3983177 0.99559683
v -2.7704724 1.3983177 0.99559683
v -2.7704724 1.3983177 0.99559683
v -2.7295509 1.3983177 0.99634647
v -2.7295509 1.3983177 0.99634647
v -2.7295509 1.3983177 0.99634647
v -2.7704724 1.3983177 0.99166908
v -2.7704724 1.3983177 0.99166908
v -2.7704724 1.3983177 0.99166908
v -2.7704724 1.1463372 0.99166908
v -2.7704724 1.1463372 0.99166908
v -2.7704724 1.1463372 0.99166908
v -2.7295509 1.3983177 0.99804102
v -2.7295509 1.3983177 0.99804102
v -2.7295509 1.3983177 0.99804102
v -2.7295509 1.1463372 0.99634647
v -2.7295509 1.1463372 0.99634647
v -2.7295509 1.1463372 0.99634647
v -2.7295509 1.1463372 0.99804102
v -2.7295509 1.1463372 0.99804102
v -2.7295509 1.1463372 0.99804102
v -2.8008924 1.1463372 0.99804102
v -2.8008924 1.1463372 0.99804102
v -2.8008924 1.1463372 0.99804102
v -2.8008924 1.3983177 0.99804102
v -2.8008924 1.3983177 0.99804102
v -2.8008924 1.3983177 0.99804102
v -2.8181549 0.77384892 0.90711169
v -2.8181549 0.77384892 0.90711169
v -2.8181549 0.77384892 0.90711169
v -2.8181549 0.77384892 0.90155174
v -2.8181549 0.77384892 0.90155174
v -2.8181549 0.77384892 0.90155174
v -2.8008924 0.77384892 0.90711169
v -2.8008924 0.77384892 0.90711169
v -2.8008924 0.77384892 0.90711169
v -2.7704724 0.77384892 0.90547944
v -2.7704724 0.77384892 0.90547944
v -2.7704724 0.77384892 0.90547944
v -2.8181549 1.0258294 0.90711169
v -2.8181549 1.0258294 0.90711169
v -2.8181549 1.0258294 0.90711169
v -2.8181549 1.0258294 0.90155174
v -2.8181549 1.0258294 0.90155174
v -2.8181549 1.0258294 0.90155174
v -2.8008924 1.0258294 0.90711169
v -2.8008924 1.0258294 0.90711169
v -2.8008924 1.0258294 0.90711169
v -2.7704724 1.0258294 0.90547944
v -2.7704724 1.0258294 0.90547944
v -2.7704724 1.0258294 0.90547944
v -2.7295509 1.0258294 0.90622913
v -2.7295509 1.0258294 0.90622913
v -2.7295509 1.0258294 0.90622913
v -2.7704724 1.0258294 0.90155174
v -2.7704724 1.0258294 0.90155174
v -2.7704724 1.0258294 0.90155174
v -2.7704724 0.77384892 0.90155174
v -2.7704724 0.77384892 0.90155174
v -2.7704724 0.77384892 0.90155174
v -2.7295509 1.0258294 0.90792363
v -2.7295509 1.0258294 0.90792363
v -2.7295509 1.0258294 0.90792363
v -2.7295509 0.77384892 0.90622913
v -2.7295509 0.77384892 0.90622913
v -2.7295509 0.77384892 0.90622913
v -2.7295509 0.77384892 0.90792363
v -2.7295509 0.77384892 0.90792363
v -2.7295509 0.77384892 0.90792363
v -2.8008924 0.77384892 0.90792363
v -2.8008924 0.77384892 0.90792363
v -2.8008924 0.77384892 0.90792363
v -2.8008924 1.0258294 0.90792363
v -2.8008924 1.0258294 0.90792363
v -2.8008924 1.0258294 0.90792363
v -2.8181549 0.40136067 0.81699433
v -2.8181549 0.40136067 0.81699433
v -2.8181549 0.40136067 0.81699433
v -2.8181549 0.40136067 0.81143437
v -2.8181549 0.40136067 0.81143437
v -2.8181549 0.40136067 0.81143437
v -2.8008924 0.40136067 0.81699433
v -2.8008924 0.40136067 0.81699433
v -2.8008924 0.40136067 0.81699433
v -2.7704724 0.40136067 0.81536207
v -2.7704724 0.40136067 0.81536207
v -2.7704724 0.40136067 0.81536207
v -2.8181549 0.65334114 0.81699433
v -2.8181549 0.65334114 0.81699433
v -2.8181549 0.65334114 0.81699433
v -2.8181549 0.65334114 0.81143437
v -2.8181549 0.65334114 0.81143437
v -2.8181549 0.65334114 0.81143437
v -2.8008924 0.65334114 0.81699433
v -2.8008924 0.65334114 0.81699433
v -2.8008924 0.65334114 0.81699433
v -2.7704724 0.65334114 0.81536207
v -2.7704724 0.65334114 0.81536207
v -2.7704724 0.65334114 0.81536207
v -2.7295509 0.65334114 0.81611176
v -2.7295509 0.65334114 0.81611176
v -2.7295509 0.65334114 0.81611176
v -2.7704724 0.65334114 0.81143437
v -2.7704724 0.65334114 0.81143437
v -2.7704724 0.65334114 0.81143437
v -2.7704724 0.40136067 0.81143437
v -2.7704724 0.40136067 0.81143437
v -2.7704724 0.40136067 0.81143437
v -2.7295509 0.65334114 0.81780627
v -2.7295509 0.65334114 0.81780627
v -2.7295509 0.65334114 0.81780627
v -2.7295509 0.40136067 0.81611176
v -2.7295509 0.40136067 0.81611176
v -2.7295509 0.40136067 0.81611176
v -2.7295509 0.40136067 0.81780627
v -2.7295509 0.40136067 0.81780627
v -2.7295509 0.40136067 0.81780627
v -2.8008924 0.40136067 0.81780627
v -2.8008924 0.40136067 0.81780627
v -2.8008924 0.40136067 0.81780627
v -2.8008924 0.65334114 0.81780627
v -2.8008924 0.65334114 0.81780627
v -2.8008924 0.65334114 0.81780627
v -2.8181549 0.02887241 0.72687696
v -2.8181549 0.02887241 0.72687696
v -2.8181549 0.02887241 0.72687696
v -2.8181549 0.02887241 0.72131701
v -2.8181549 0.02887241 0.72131701
v -2.8181549 0.02887241 0.72131701
v -2.8008924 0.02887241 0.72687696
v -2.8008924 0.02887241 0.72687696
v -2.8008924 0.02887241 0.72687696
v -2.7704724 0.02887241 0.72524471
v -2.7704724 0.02887241 0.72524471
v -2.7704724 0.02887241 0.72524471
v -2.8181549 0.28085289 0.72687696
v -2.8181549 0.28085289 0.72687696
v -2.8181549 0.28085289 0.72687696
v -2.8181549 0.28085289 0.72131701
v -2.8181549 0.28085289 0.72131701
v -2.8181549 0.28085289 0.72131701
v -2.8008924 0.28085289 0.72687696
v -2.8008924 0.28085289 0.72687696
v -2.8008924 0.28085289 0.72687696
v -2.7704724 0.28085289 0.72524471
v -2.7704724 0.28085289 0.72524471
v -2.7704724 0.28085289 0.72524471
v -2.7295509 0.28085289 0.7259944
v -2.7295509 0.28085289 0.7259944
v -2.7295509 0.28085289 0.7259944
v -2.7704724 0.28085289 0.72131701
v -2.7704724 0.28085289 0.72131701
v -2.7704724 0.28085289 0.72131701
v -2.7704724 0.02887241 0.72131701
v -2.7704724 0.02887241 0.72131701
v -2.7704724 0.02887241 0.72131701
v -2.7295509 0.28085289 0.7276889
v -2.7295509 0.28085289 0.7276889
v -2.7295509 0.28085289 0.7276889
v -2.7295509 0.02887241 0.7259944
v -2.7295509 0.02887241 0.7259944
v -2.7295509 0.02887241 0.7259944
v -2.7295509 0.02887241 0.7276889
v -2.7295509 0.02887241 0.7276889
v -2.7295509 0.02887241 0.7276889
v -2.8008924 0.02887241 0.7276889
v -2.8008924 0.02887241 0.7276889
v -2.8008924 0.02887241 0.7276889
v -2.8008924 0.28085289 0.7276889
v -2.8008924 0.28085289 0.7276889
v -2.8008924 0.28085289 0.7276889
v -2.8181549 -0.34361585 0.63675955
v -2.8181549 -0.34361585 0.63675955
v -2.8181549 -0.34361585 0.63675955
v -2.8181549 -0.34361585 0.6311996
v -2.8181549 -0.34361585 0.6311996
v -2.8181549 -0.34361585 0.6311996
v -2.8008924 -0.34361585 0.63675955
v -2.8008924 -0.34361585 0.63675955
v -2.8008924 -0.34361585 0.63675955
v -2.7704724 -0.34361585 0.63512726
v -2.7704724 -0.34361585 0.63512726
v -2.7704724 -0.34361585 0.63512726
v -2.8181549 -0.091635371 0.63675955
v -2.8181549 -0.091635371 0.63675955
v -2.8181549 -0.091635371 0.63675955
v -2.8181549 -0.091635371 0.6311996
v -2.8181549 -0.091635371 0.6311996
v -2.8181549 -0.091635371 0.6311996
v -2.8008924 -0.091635371 0.63675955
v -2.8008924 -0.091635371 0.63675955
v -2.8008924 -0.091635371 0.63675955
v -2.7704724 -0.091635371 0.63512726
v -2.7704724 -0.091635371 0.63512726
v -2.7704724 -0.091635371 0.63512726
v -2.7295509 -0.091635371 0.63587699
v -2.7295509 -0.091635371 0.63587699
v -2.7295509 -0.091635371 0.63587699
v -2.7704724 -0.091635371 0.6311996
v -2.7704724 -0.091635371 0.6311996
v -2.7704724 -0.091635371 0.6311996
v -2.7704724 -0.34361585 0.6311996
v -2.7704724 -0.34361585 0.6311996
v -2.7704724 -0.34361585 0.6311996
v -2.7295509 -0.091635371 0.63757153
v -2.7295509 -0.091635371 0.63757153
v -2.7295509 -0.091635371 0.63757153
v -2.7295509 -0.34361585 0.63587699
v -2.7295509 -0.34361585 0.63587699
v -2.7295509 -0.34361585 0.63587699
v -2.7295509 -0.34361585 0.63757153
v -2.7295509 -0.34361585 0.63757153
v -2.7295509 -0.34361585 0.63757153
v -2.8008924 -0.34361585 0.63757153
v -2.8008924 -0.34361585 0.63757153
v -2.8008924 -0.34361585 0.63757153
v -2.8008924 -0.091635371 0.63757153
v -2.8008924 -0.091635371 0.63757153
v -2.8008924 -0.091635371 0.63757153
v -2.8181549 -0.71610404 0.54664214
v -2.8181549 -0.71610404 0.54664214
v -2.8181549 -0.71610404 0.54664214
v -2.8181549 -0.71610404 0.54108219
v -2.8181549 -0.71610404 0.54108219
v -2.8181549 -0.71610404 0.54108219
v -2.8008924 -0.71610404 0.54664214
v -2.8008924 -0.71610404 0.54664214
v -2.8008924 -0.71610404 0.54664214
v -2.7704724 -0.71610404 0.54500985
v -2.7704724 -0.71610404 0.54500985
v -2.7704724 -0.71610404 0.54500985
v -2.8181549 -0.46412363 0.54664214
v -2.8181549 -0.46412363 0.54664214
v -2.8181549 -0.46412363 0.54664214
v -2.8181549 -0.46412363 0.54108219
v -2.8181549 -0.46412363 0.54108219
v -2.8181549 -0.46412363 0.54108219
v -2.8008924 -0.46412363 0.54664214
v -2.8008924 -0.46412363 0.54664214
v -2.8008924 -0.46412363 0.54664214
v -2.7704724 -0.46412363 0.54500985
v -2.7704724 -0.46412363 0.54500985
v -2.7704724 -0.46412363 0.54500985
v -2.7295509 -0.46412363 0.54575958
v -2.7295509 -0.46412363 0.54575958
v -2.7295509 -0.46412363 0.54575958
v -2.7704724 -0.46412363 0.54108219
v -2.7704724 -0.46412363 0.54108219
v -2.7704724 -0.46412363 0.54108219
v -2.7704724 -0.71610404 0.54108219
v -2.7704724 -0.71610404 0.54108219
v -2.7704724 -0.71610404 0.54108219
v -2.7295509 -0.46412363 0.54745412
v -2.7295509 -0.46412363 0.54745412
v -2.7295509 -0.46412363 0.54745412
v -2.7295509 -0.71610404 0.54575958
v -2.7295509 -0.71610404 0.54575958
v -2.7295509 -0.71610404 0.54575958
v -2.7295509 -0.71610404 0.54745412
v -2.7295509 -0.71610404 0.54745412
v -2.7295509 -0.71610404 0.54745412
v -2.8008924 -0.71610404 0.54745412
v -2.8008924 -0.71610404 0.54745412
v -2.8008924 -0.71610404 0.54745412
v -2.8008924 -0.46412363 0.54745412
v -2.8008924 -0.46412363 0.54745412
v -2.8008924 -0.46412363 0.54745412
v -2.8181549 -1.0885923 0.45652474
v -2.8181549 -1.0885923 0.45652474
v -2.8181549 -1.0885923 0.45652474
v -2.8181549 -1.0885923 0.45096478
v -2.8181549 -1.0885923 0.45096478
v -2.8181549 -1.0885923 0.45096478
v -2.8008924 -1.0885923 0.45652474
v -2.8008924 -1.0885923 0.45652474
v -2.8008924 -1.0885923 0.45652474
v -2.7704724 -1.0885923 0.45489244
v -2.7704724 -1.0885923 0.45489244
v -2.7704724 -1.0885923 0.45489244
v -2.8181549 -0.83661182 0.45652474
v -2.8181549 -0.83661182 0.45652474
v -2.8181549 -0.83661182 0.45652474
v -2.8181549 -0.83661182 0.45096478
v -2.8181549 -0.83661182 0.45096478
v -2.8181549 -0.83661182 0.45096478
v -2.8008924 -0.83661182 0.45652474
v -2.8008924 -0.83661182 0.45652474
v -2.8008924 -0.83661182 0.45652474
v -2.7704724 -0.83661182 0.45489244
v -2.7704724 -0.83661182 0.45489244
v -2.7704724 -0.83661182 0.45489244
v -2.7295509 -0.83661182 0.45564217
v -2.7295509 -0.83661182 0.45564217
v -2.7295509 -0.83661182 0.45564217
v -2.7704724 -0.83661182 0.45096478
v -2.7704724 -0.83661182 0.45096478
v -2.7704724 -0.83661182 0.45096478
v -2.7704724 -1.0885923 0.45096478
v -2.7704724 -1.0885923 0.45096478
v -2.7704724 -1.0885923 0.45096478
v -2.7295509 -0.83661182 0.45733672
v -2.7295509 -0.83661182 0.45733672
v -2.7295509 -0.83661182 0.45733672
v -2.7295509 -1.0885923 0.45564217
v -2.7295509 -1.0885923 0.45564217
v -2.7295509 -1.0885923 0.45564217
v -2.7295509 -1.0885923 0.45733672
v -2.7295509 -1.0885923 0.45733672
v -2.7295509 -1.0885923 0.45733672
v -2.8008924 -1.0885923 0.45733672
v -2.8008924 -1.0885923 0.45733672
v -2.8008924 -1.0885923 0.45733672
v -2.8008924 -0.83661182 0.45733672
v -2.8008924 -0.83661182 0.45733672
v -2.8008924 -0.83661182 0.45733672
v -2.8181549 -1.461081 0.36640733
v -2.8181549 -1.461081 0.36640733
v -2.8181549 -1.461081 0.36640733
v -2.8181549 -1.461081 0.36084737
v -2.8181549 -1.461081 0.36084737
v -2.8181549 -1.461081 0.36084737
v -2.8008924 -1.461081 0.36640733
v -2.8008924 -1.461081 0.36640733
v -2.8008924 -1.461081 0.36640733
v -2.7704724 -1.461081 0.36477503
v -2.7704724 -1.461081 0.36477503
v -2.7704724 -1.461081 0.36477503
v -2.8181549 -1.2091003 0.36640733
v -2.8181549 -1.2091003 0.36640733
v -2.8181549 -1.2091003 0.36640733
v -2.8181549 -1.2091003 0.36084737
v -2.8181549 -1.2091003 0.36084737
v -2.8181549 -1.2091003 0.36084737
v -2.8008924 -1.2091003 0.36640733
v -2.8008924 -1.2091003 0.36640733
v -2.8008924 -1.2091003 0.36640733
v -2.7704724 -1.2091003 0.36477503
v -2.7704724 -1.2091003 0.36477503
v -2.7704724 -1.2091003 0.36477503
v -2.7295509 -1.2091003 0.36552476
v -2.7295509 -1.2091003 0.36552476
v -2.7295509 -1.2091003 0.36552476
v -2.7704724 -1.2091003 0.36084737
v -2.7704724 -1.2091003 0.36084737
v -2.7704724 -1.2091003 0.36084737
v -2.7704724 -1.461081 0.36084737
v -2.7704724 -1.461081 0.36084737
v -2.7704724 -1.461081 0.36084737
v -2.7295509 -1.2091003 0.36721931
v -2.7295509 -1.2091003 0.36721931
v -2.7295509 -1.2091003 0.36721931
v -2.7295509 -1.461081 0.36552476
v -2.7295509 -1.461081 0.36552476
v -2.7295509 -1.461081 0.36552476
v -2.7295509 -1.461081 0.36721931
v -2.7295509 -1.461081 0.36721931
v -2.7295509 -1.461081 0.36721931
v -2.8008924 -1.461081 0.36721931
v -2.8008924 -1.461081 0.36721931
v -2.8008924 -1.461081 0.36721931
v -2.8008924 -1.2091003 0.36721931
v -2.8008924 -1.2091003 0.36721931
v -2.8008924 -1.2091003 0.36721931
v -2.8181549 -1.8335691 0.27628992
v -2.8181549 -1.8335691 0.27628992
v -2.8181549 -1.8335691 0.27628992
v -2.8181549 -1.8335691 0.27072997
v -2.8181549 -1.8335691 0.27072997
v -2.8181549 -1.8335691 0.27072997
v -2.8008924 -1.8335691 0.27628992
v -2.8008924 -1.8335691 0.27628992
v -2.8008924 -1.8335691 0.27628992
v -2.7704724 -1.8335691 0.27465762
v -2.7704724 -1.8335691 0.27465762
v -2.7704724 -1.8335691 0.27465762
v -2.8181549 -1.5815881 0.27628992
v -2.8181549 -1.5815881 0.27628992
v -2.8181549 -1.5815881 0.27628992
v -2.8181549 -1.5815881 0.27072997
v -2.8181549 -1.5815881 0.27072997
v -2.8181549 -1.5815881 0.27072997
v -2.8008924 -1.5815881 0.27628992
v -2.8008924 -1.5815881 0.27628992
v -2.8008924 -1.5815881 0.27628992
v -2.7704724 -1.5815881 0.27465762
v -2.7704724 -1.5815881 0.27465762
v -2.7704724 -1.5815881 0.27465762
v -2.7295509 -1.5815881 0.27540736
v -2.7295509 -1.5815881 0.27540736
v -2.7295509 -1.5815881 0.27540736
v -2.7704724 -1.5815881 0.27072997
v -2.7704724 -1.5815881 0.27072997
v -2.7704724 -1.5815881 0.27072997
v -2.7704724 -1.8335691 0.27072997
v -2.7704724 -1.8335691 0.27072997
v -2.7704724 -1.8335691 0.27072997
v -2.7295509 -1.5815881 0.2771019
v -2.7295509 -1.5815881 0.2771019
v -2.7295509 -1.5815881 0.2771019
v -2.7295509 -1.8335691 0.27540736
v -2.7295509 -1.8335691 0.27540736
v -2.7295509 -1.8335691 0.27540736
v -2.7295509 -1.8335691 0.2771019
v -2.7295509 -1.8335691 0.2771019
v -2.7295509 -1.8335691 0.2771019
v -2.8008924 -1.8335691 0.2771019
v -2.8008924 -1.8335691 0.2771019
v -2.8008924 -1.8335691 0.2771019
v -2.8008924 -1.5815881 0.2771019
v -2.8008924 -1.5815881 0.2771019
v -2.8008924 -1.5815881 0.2771019
v -2.8181549 -2.2060571 0.18617251
v -2.8181549 -2.2060571 0.18617251
v -2.8181549 -2.2060571 0.18617251
v -2.8181549 -2.2060571 0.18061256
v -2.8181549 -2.2060571 0.18061256
v -2.8181549 -2.2060571 0.18061256
v -2.8008924 -2.2060571 0.18617251
v -2.8008924 -2.2060571 0.18617251
v -2.8008924 -2.2060571 0.18617251
v -2.7704724 -2.2060571 0.18454022
v -2.7704724 -2.2060571 0.18454022
v -2.7704724 -2.2060571 0.18454022
v -2.8181549 -1.9540761 0.18617251
v -2.8181549 -1.9540761 0.18617251
v -2.8181549 -1.9540761 0.18617251
v -2.8181549 -1.9540761 0.18061256
v -2.8181549 -1.9540761 0.18061256
v -2.8181549 -1.9540761 0.18061256
v -2.8008924 -1.9540761 0.18617251
v -2.8008924 -1.9540761 0.18617251
v -2.8008924 -1.9540761 0.18617251
v -2.7704724 -1.9540761 0.18454022
v -2.7704724 -1.9540761 0.18454022
v -2.7704724 -1.9540761 0.18454022
v -2.7295509 -1.9540761 0.18528995
v -2.7295509 -1.9540761 0.18528995
v -2.7295509 -1.9540761 0.18528995
v -2.7704724 -1.9540761 0.18061256
v -2.7704724 -1.9540761 0.18061256
v -2.7704724 -1.9540761 0.18061256
v -2.7704724 -2.2060571 0.18061256
v -2.7704724 -2.2060571 0.18061256
v -2.7704724 -2.2060571 0.18061256
v -2.7295509 -1.9540761 0.18698449
v -2.7295509 -1.9540761 0.18698449
v -2.7295509 -1.9540761 0.18698449
v -2.7295509 -2.2060571 0.18528995
v -2.7295509 -2.2060571 0.18528995
v -2.7295509 -2.2060571 0.18528995
v -2.7295509 -2.2060571 0.18698449
v -2.7295509 -2.2060571 0.18698449
v -2.7295509 -2.2060571 0.18698449
v -2.8008924 -2.2060571 0.18698449
v -2.8008924 -2.2060571 0.18698449
v -2.8008924 -2.2060571 0.18698449
v -2.8008924 -1.9540761 0.18698449
v -2.8008924 -1.9540761 0.18698449
v -2.8008924 -1.9540761 0.18698449
v -2.8181549 -2.5785451 0.096055103
v -2.8181549 -2.5785451 0.096055103
v -2.8181549 -2.5785451 0.096055103
v -2.8181549 -2.5785451 0.090495149
v -2.8181549 -2.5785451 0.090495149
v -2.8181549 -2.5785451 0.090495149
v -2.8008924 -2.5785451 0.096055103
v -2.8008924 -2.5785451 0.096055103
v -2.8008924 -2.5785451 0.096055103
v -2.7704724 -2.5785451 0.094422808
v -2.7704724 -2.5785451 0.094422808
v -2.7704724 -2.5785451 0.094422808
v -2.8181549 -2.3265641 0.096055103
v -2.8181549 -2.3265641 0.096055103
v -2.8181549 -2.3265641 0.096055103
v -2.8181549 -2.3265641 0.090495149
v -2.8181549 -2.3265641 0.090495149
v -2.8181549 -2.3265641 0.090495149
v -2.8008924 -2.3265641 0.096055103
v -2.8008924 -2.3265641 0.096055103
v -2.8008924 -2.3265641 0.096055103
v -2.7704724 -2.3265641 0.094422808
v -2.7704724 -2.3265641 0.094422808
v -2.7704724 -2.3265641 0.094422808
v -2.7295509 -2.3265641 0.095172541
v -2.7295509 -2.3265641 0.095172541
v -2.7295509 -2.3265641 0.095172541
v -2.7704724 -2.3265641 0.090495149
v -2.7704724 -2.3265641 0.090495149
v -2.7704724 -2.3265641 0.090495149
v -2.7704724 -2.5785451 0.090495149
v -2.7704724 -2.5785451 0.090495149
v -2.7704724 -2.5785451 0.090495149
v -2.7295509 -2.3265641 0.096867085
v -2.7295509 -2.3265641 0.096867085
v -2.7295509 -2.3265641 0.096867085
v -2.7295509 -2.5785451 0.095172541
v -2.7295509 -2.5785451 0.095172541
v -2.7295509 -2.5785451 0.095172541
v -2.7295509 -2.5785451 0.096867085
v -2.7295509 -2.5785451 0.096867085
v -2.7295509 -2.5785451 0.096867085
v -2.8008924 -2.5785451 0.096867085
v -2.8008924 -2.5785451 0.096867085
v -2.8008924 -2.5785451 0.096867085
v -2.8008924 -2.3265641 0.096867085
v -2.8008924 -2.3265641 0.096867085
v -2.8008924 -2.3265641 0.096867085
v -2.8013501 2.2606034 1.2677267
v -2.8013501 2.2606034 1.2677267
v -2.8013501 2.2606034 1.2677267
v -2.8013501 2.5189804 1.2677267
v -2.8013501 2.5189804 1.2677267
v -2.8013501 2.5189804 1.2677267
v -2.6923778 2.2606034 1.2677267
v -2.6923778 2.2606034 1.2677267
v -2.6923778 2.2606034 1.2677267
v -2.8013501 2.2606034 1.2687412
v -2.8013501 2.2606034 1.2687412
v -2.8013501 2.2606034 1.2687412
v -2.8013501 2.5189804 1.2687412
v -2.8013501 2.5189804 1.2687412
v -2.8013501 2.5189804 1.2687412
v -2.6923778 2.2606034 1.2687412
v -2.6923778 2.2606034 1.2687412
v -2.6923778 2.2606034 1.2687412
v -2.6923778 2.5189804 1.2687412
v -2.6923778 2.5189804 1.2687412
v -2.6923778 2.5189804 1.2687412
v -2.6923778 2.5189804 1.2677267
v -2.6923778 2.5189804 1.2677267
v -2.6923778 2.5189804 1.2677267
v -2.8013501 1.8881154 1.1776093
v -2.8013501 1.8881154 1.1776093
v -2.8013501 1.8881154 1.1776093
v -2.8013501 2.1464921 1.1776093
v -2.8013501 2.1464921 1.1776093
v -2.8013501 2.1464921 1.1776093
v -2.6923778 1.8881154 1.1776093
v -2.6923778 1.8881154 1.1776093
v -2.6923778 1.8881154 1.1776093
v -2.8013501 1.8881154 1.1786238
v -2.8013501 1.8881154 1.1786238
v -2.8013501 1.8881154 1.1786238
v -2.8013501 2.1464921 1.1786238
v -2.8013501 2.1464921 1.1786238
v -2.8013501 2.1464921 1.1786238
v -2.6923778 1.8881154 1.1786238
v -2.6923778 1.8881154 1.1786238
v -2.6923778 1.8881154 1.1786238
v -2.6923778 2.1464921 1.1786238
v -2.6923778 2.1464921 1.1786238
v -2.6923778 2.1464921 1.1786238
v -2.6923778 2.1464921 1.1776093
v -2.6923778 2.1464921 1.1776093
v -2.6923778 2.1464921 1.1776093
v -2.8013501 1.5156269 1.0874919
v -2.8013501 1.5156269 1.0874919
v -2.8013501 1.5156269 1.0874919
v -2.8013501 1.7740041 1.0874919
v -2.8013501 1.7740041 1.0874919
v -2.8013501 1.7740041 1.0874919
v -2.6923778 1.5156269 1.0874919
v -2.6923778 1.5156269 1.0874919
v -2.6923778 1.5156269 1.0874919
v -2.8013501 1.5156269 1.0885065
v -2.8013501 1.5156269 1.0885065
v -2.8013501 1.5156269 1.0885065
v -2.8013501 1.7740041 1.0885065
v -2.8013501 1.7740041 1.0885065
v -2.8013501 1.7740041 1.0885065
v -2.6923778 1.5156269 1.0885065
v -2.6923778 1.5156269 1.0885065
v -2.6923778 1.5156269 1.0885065
v -2.6923778 1.7740041 1.0885065
v -2.6923778 1.7740041 1.0885065
v -2.6923778 1.7740041 1.0885065
v -2.6923778 1.7740041 1.0874919
v -2.6923778 1.7740041 1.0874919
v -2.6923778 1.7740041 1.0874919
v -2.8013501 1.1431387 0.99737453
v -2.8013501 1.1431387 0.99737453
v -2.8013501 1.1431387 0.99737453
v -2.8013501 1.4015156 0.99737453
v -2.8013501 1.4015156 0.99737453
v -2.8013501 1.4015156 0.99737453
v -2.6923778 1.1431387 0.99737453
v -2.6923778 1.1431387 0.99737453
v -2.6923778 1.1431387 0.99737453
v -2.8013501 1.1431387 0.99838909
v -2.8013501 1.1431387 0.99838909
v -2.8013501 1.1431387 0.99838909
v -2.8013501 1.4015156 0.99838909
v -2.8013501 1.4015156 0.99838909
v -2.8013501 1.4015156 0.99838909
v -2.6923778 1.1431387 0.99838909
v -2.6923778 1.1431387 0.99838909
v -2.6923778 1.1431387 0.99838909
v -2.6923778 1.4015156 0.99838909
v -2.6923778 1.4015156 0.99838909
v -2.6923778 1.4015156 0.99838909
v -2.6923778 1.4015156 0.99737453
v -2.6923778 1.4015156 0.99737453
v -2.6923778 1.4015156 0.99737453
v -2.8013501 0.77065043 0.90725715
v -2.8013501 0.77065043 0.90725715
v -2.8013501 0.77065043 0.90725715
v -2.8013501 1.0290274 0.90725715
v -2.8013501 1.0290274 0.90725715
v -2.8013501 1.0290274 0.90725715
v -2.6923778 0.77065043 0.90725715
v -2.6923778 0.77065043 0.90725715
v -2.6923778 0.77065043 0.90725715
v -2.8013501 0.77065043 0.90827171
v -2.8013501 0.77065043 0.90827171
v -2.8013501 0.77065043 0.90827171
v -2.8013501 1.0290274 0.90827171
v -2.8013501 1.0290274 0.90827171
v -2.8013501 1.0290274 0.90827171
v -2.6923778 0.77065043 0.90827171
v -2.6923778 0.77065043 0.90827171
v -2.6923778 0.77065043 0.90827171
v -2.6923778 1.0290274 0.90827171
v -2.6923778 1.0290274 0.90827171
v -2.6923778 1.0290274 0.90827171
v -2.6923778 1.0290274 0.90725715
v -2.6923778 1.0290274 0.90725715
v -2.6923778 1.0290274 0.90725715
v -2.8013501 0.39816229 0.81713978
v -2.8013501 0.39816229 0.81713978
v -2.8013501 0.39816229 0.81713978
v -2.8013501 0.65653904 0.81713978
v -2.8013501 0.65653904 0.81713978
v -2.8013501 0.65653904 0.81713978
v -2.6923778 0.39816229 0.81713978
v -2.6923778 0.39816229 0.81713978
v -2.6923778 0.39816229 0.81713978
v -2.8013501 0.39816229 0.81815434
v -2.8013501 0.39816229 0.81815434
v -2.8013501 0.39816229 0.81815434
v -2.8013501 0.65653904 0.81815434
v -2.8013501 0.65653904 0.81815434
v -2.8013501 0.65653904 0.81815434
v -2.6923778 0.39816229 0.81815434
v -2.6923778 0.39816229 0.81815434
v -2.6923778 0.39816229 0.81815434
v -2.6923778 0.65653904 0.81815434
v -2.6923778 0.65653904 0.81815434
v -2.6923778 0.65653904 0.81815434
v -2.6923778 0.65653904 0.81713978
v -2.6923778 0.65653904 0.81713978
v -2.6923778 0.65653904 0.81713978
v -2.8013501 0.025674031 0.72702241
v -2.8013501 0.025674031 0.72702241
v -2.8013501 0.025674031 0.72702241
v -2.8013501 0.28405079 0.72702241
v -2.8013501 0.28405079 0.72702241
v -2.8013501 0.28405079 0.72702241
v -2.6923778 0.025674031 0.72702241
v -2.6923778 0.025674031 0.72702241
v -2.6923778 0.025674031 0.72702241
v -2.8013501 0.025674031 0.72803697
v -2.8013501 0.025674031 0.72803697
v -2.8013501 0.025674031 0.72803697
v -2.8013501 0.28405079 0.72803697
v -2.8013501 0.28405079 0.72803697
v -2.8013501 0.28405079 0.72803697
v -2.6923778 0.025674031 0.72803697
v -2.6923778 0.025674031 0.72803697
v -2.6923778 0.025674031 0.72803697
v -2.6923778 0.28405079 0.72803697
v -2.6923778 0.28405079 0.72803697
v -2.6923778 0.28405079 0.72803697
v -2.6923778 0.28405079 0.72702241
v -2.6923778 0.28405079 0.72702241
v -2.6923778 0.28405079 0.72702241
v -2.8013501 -0.34681423 0.63690496
v -2.8013501 -0.34681423 0.63690496
v -2.8013501 -0.34681423 0.63690496
v -2.8013501 -0.08843747 0.63690496
v -2.8013501 -0.08843747 0.63690496
v -2.8013501 -0.08843747 0.63690496
v -2.6923778 -0.34681423 0.63690496
v -2.6923778 -0.34681423 0.63690496
v -2.6923778 -0.34681423 0.63690496
v -2.8013501 -0.34681423 0.63791961
v -2.8013501 -0.34681423 0.63791961
v -2.8013501 -0.34681423 0.63791961
v -2.8013501 -0.08843747 0.63791961
v -2.8013501 -0.08843747 0.63791961
v -2.8013501 -0.08843747 0.63791961
v -2.6923778 -0.34681423 0.63791961
v -2.6923778 -0.34681423 0.63791961
v -2.6923778 -0.34681423 0.63791961
v -2.6923778 -0.08843747 0.63791961
v -2.6923778 -0.08843747 0.63791961
v -2.6923778 -0.08843747 0.63791961
v -2.6923778 -0.08843747 0.63690496
v -2.6923778 -0.08843747 0.63690496
v -2.6923778 -0.08843747 0.63690496
v -2.8013501 -0.71930242 0.54678756
v -2.8013501 -0.71930242 0.54678756
v -2.8013501 -0.71930242 0.54678756
v -2.8013501 -0.46092573 0.54678756
v -2.8013501 -0.46092573 0.54678756
v -2.8013501 -0.46092573 0.54678756
v -2.6923778 -0.71930242 0.54678756
v -2.6923778 -0.71930242 0.54678756
v -2.6923778 -0.71930242 0.54678756
v -2.8013501 -0.71930242 0.5478022
v -2.8013501 -0.71930242 0.5478022
v -2.8013501 -0.71930242 0.5478022
v -2.8013501 -0.46092573 0.5478022
v -2.8013501 -0.46092573 0.5478022
v -2.8013501 -0.46092573 0.5478022
v -2.6923778 -0.71930242 0.5478022
v -2.6923778 -0.71930242 0.5478022
v -2.6923778 -0.71930242 0.5478022
v -2.6923778 -0.46092573 0.5478022
v -2.6923778 -0.46092573 0.5478022
v -2.6923778 -0.46092573 0.5478022
v -2.6923778 -0.46092573 0.54678756
v -2.6923778 -0.46092573 0.54678756
v -2.6923778 -0.46092573 0.54678756
v -2.8013501 -1.0917907 0.45667015
v -2.8013501 -1.0917907 0.45667015
v -2.8013501 -1.0917907 0.45667015
v -2.8013501 -0.83341392 0.45667015
v -2.8013501 -0.83341392 0.45667015
v -2.8013501 -0.83341392 0.45667015
v -2.6923778 -1.0917907 0.45667015
v -2.6923778 -1.0917907 0.45667015
v -2.6923778 -1.0917907 0.45667015
v -2.8013501 -1.0917907 0.45768479
v -2.8013501 -1.0917907 0.45768479
v -2.8013501 -1.0917907 0.45768479
v -2.8013501 -0.83341392 0.45768479
v -2.8013501 -0.83341392 0.45768479
v -2.8013501 -0.83341392 0.45768479
v -2.6923778 -1.0917907 0.45768479
v -2.6923778 -1.0917907 0.45768479
v -2.6923778 -1.0917907 0.45768479
v -2.6923778 -0.83341392 0.45768479
v -2.6923778 -0.83341392 0.45768479
v -2.6923778 -0.83341392 0.45768479
v -2.6923778 -0.83341392 0.45667015
v -2.6923778 -0.83341392 0.45667015
v -2.6923778 -0.83341392 0.45667015
v -2.8013501 -1.4642794 0.36655274
v -2.8013501 -1.4642794 0.36655274
v -2.8013501 -1.4642794 0.36655274
v -2.8013501 -1.2059024 0.36655274
v -2.8013501 -1.2059024 0.36655274
v -2.8013501 -1.2059024 0.36655274
v -2.6923778 -1.4642794 0.36655274
v -2.6923778 -1.4642794 0.36655274
v -2.6923778 -1.4642794 0.36655274
v -2.8013501 -1.4642794 0.36756738
v -2.8013501 -1.4642794 0.36756738
v -2.8013501 -1.4642794 0.36756738
v -2.8013501 -1.2059024 0.36756738
v -2.8013501 -1.2059024 0.36756738
v -2.8013501 -1.2059024 0.36756738
v -2.6923778 -1.4642794 0.36756738
v -2.6923778 -1.4642794 0.36756738
v -2.6923778 -1.4642794 0.36756738
v -2.6923778 -1.2059024 0.36756738
v -2.6923778 -1.2059024 0.36756738
v -2.6923778 -1.2059024 0.36756738
v -2.6923778 -1.2059024 0.36655274
v -2.6923778 -1.2059024 0.36655274
v -2.6923778 -1.2059024 0.36655274
v -2.8013501 -1.8367674 0.27643533
v -2.8013501 -1.8367674 0.27643533
v -2.8013501 -1.8367674 0.27643533
v -2.8013501 -1.5783902 0.27643533
v -2.8013501 -1.5783902 0.27643533
v -2.8013501 -1.5783902 0.27643533
v -2.6923778 -1.8367674 0.27643533
v -2.6923778 -1.8367674 0.27643533
v -2.6923778 -1.8367674 0.27643533
v -2.8013501 -1.8367674 0.27744998
v -2.8013501 -1.8367674 0.27744998
v -2.8013501 -1.8367674 0.27744998
v -2.8013501 -1.5783902 0.27744998
v -2.8013501 -1.5783902 0.27744998
v -2.8013501 -1.5783902 0.27744998
v -2.6923778 -1.8367674 0.27744998
v -2.6923778 -1.8367674 0.27744998
v -2.6923778 -1.8367674 0.27744998
v -2.6923778 -1.5783902 0.27744998
v -2.6923778 -1.5783902 0.27744998
v -2.6923778 -1.5783902 0.27744998
v -2.6923778 -1.5783902 0.27643533
v -2.6923778 -1.5783902 0.27643533
v -2.6923778 -1.5783902 0.27643533
v -2.8013501 -2.2092555 0.18631792
v -2.8013501 -2.2092555 0.18631792
v -2.8013501 -2.2092555 0.18631792
v -2.8013501 -1.9508782 0.18631792
v -2.8013501 -1.9508782 0.18631792
v -2.8013501 -1.9508782 0.18631792
v -2.6923778 -2.2092555 0.18631792
v -2.6923778 -2.2092555 0.18631792
v -2.6923778 -2.2092555 0.18631792
v -2.8013501 -2.2092555 0.18733257
v -2.8013501 -2.2092555 0.18733257
v -2.8013501 -2.2092555 0.18733257
v -2.8013501 -1.9508782 0.18733257
v -2.8013501 -1.9508782 0.18733257
v -2.8013501 -1.9508782 0.18733257
v -2.6923778 -2.2092555 0.18733257
v -2.6923778 -2.2092555 0.18733257
v -2.6923778 -2.2092555 0.18733257
v -2.6923778 -1.9508782 0.18733257
v -2.6923778 -1.9508782 0.18733257
v -2.6923778 -1.9508782 0.18733257
v -2.6923778 -1.9508782 0.18631792
v -2.6923778 -1.9508782 0.18631792
v -2.6923778 -1.9508782 0.18631792
v -2.8013501 -2.5817435 0.096200517
v -2.8013501 -2.5817435 0.096200517
v -2.8013501 -2.5817435 0.096200517
v -2.8013501 -2.3233662 0.096200517
v -2.8013501 -2.3233662 0.096200517
v -2.8013501 -2.3233662 0.096200517
v -2.6923778 -2.5817435 0.096200517
v -2.6923778 -2.5817435 0.096200517
v -2.6923778 -2.5817435 0.096200517
v -2.8013501 -2.5817435 0.09721516
v -2.8013501 -2.5817435 0.09721516
v -2.8013501 -2.5817435 0.09721516
v -2.8013501 -2.3233662 0.09721516
v -2.8013501 -2.3233662 0.09721516
v -2.8013501 -2.3233662 0.09721516
v -2.6923778 -2.5817435 0.09721516
v -2.6923778 -2.5817435 0.09721516
v -2.6923778 -2.5817435 0.09721516
v -2.6923778 -2.3233662 0.09721516
v -2.6923778 -2.3233662 0.09721516
v -2.6923778 -2.3233662 0.09721516
v -2.6923778 -2.3233662 0.096200517
v -2.6923778 -2.3233662 0.096200517
v -2.6923778 -2.3233662 0.096200517
v 2.6275519 2.263802 1.2675812
v 2.6275519 2.263802 1.2675812
v 2.6275519 2.263802 1.2675812
v 2.6275519 2.263802 1.2620212
v 2.6275519 2.263802 1.2620212
v 2.6275519 2.263802 1.2620212
v 2.6102893 2.263802 1.2675812
v 2.6102893 2.263802 1.2675812
v 2.6102893 2.263802 1.2675812
v 2.5798696 2.263802 1.2659489
v 2.5798696 2.263802 1.2659489
v 2.5798696 2.263802 1.2659489
v 2.6275519 2.5157825 1.2675812
v 2.6275519 2.5157825 1.2675812
v 2.6275519 2.5157825 1.2675812
v 2.6275519 2.5157825 1.2620212
v 2.6275519 2.5157825 1.2620212
v 2.6275519 2.5157825 1.2620212
v 2.6102893 2.5157825 1.2675812
v 2.6102893 2.5157825 1.2675812
v 2.6102893 2.5157825 1.2675812
v 2.5798696 2.5157825 1.2659489
v 2.5798696 2.5157825 1.2659489
v 2.5798696 2.5157825 1.2659489
v 2.5389481 2.5157825 1.2666986
v 2.5389481 2.5157825 1.2666986
v 2.5389481 2.5157825 1.2666986
v 2.5798696 2.5157825 1.2620212
v 2.5798696 2.5157825 1.2620212
v 2.5798696 2.5157825 1.2620212
v 2.5798696 2.263802 1.2620212
v 2.5798696 2.263802 1.2620212
v 2.5798696 2.263802 1.2620212
v 2.5389481 2.5157825 1.2683931
v 2.5389481 2.5157825 1.2683931
v 2.5389481 2.5157825 1.2683931
v 2.5389481 2.263802 1.2666986
v 2.5389481 2.263802 1.2666986
v 2.5389481 2.263802 1.2666986
v 2.5389481 2.263802 1.2683931
v 2.5389481 2.263802 1.2683931
v 2.5389481 2.263802 1.2683931
v 2.6102893 2.263802 1.2683931
v 2.6102893 2.263802 1.2683931
v 2.6102893 2.263802 1.2683931
v 2.6102893 2.5157825 1.2683931
v 2.6102893 2.5157825 1.2683931
v 2.6102893 2.5157825 1.2683931
v 2.6275519 1.8913138 1.1774639
v 2.6275519 1.8913138 1.1774639
v 2.6275519 1.8913138 1.1774639
v 2.6275519 1.8913138 1.1719039
v 2.6275519 1.8913138 1.1719039
v 2.6275519 1.8913138 1.1719039
v 2.6102893 1.8913138 1.1774639
v 2.6102893 1.8913138 1.1774639
v 2.6102893 1.8913138 1.1774639
v 2.5798696 1.8913138 1.1758316
v 2.5798696 1.8913138 1.1758316
v 2.5798696 1.8913138 1.1758316
v 2.6275519 2.1432942 1.1774639
v 2.6275519 2.1432942 1.1774639
v 2.6275519 2.1432942 1.1774639
v 2.6275519 2.1432942 1.1719039
v 2.6275519 2.1432942 1.1719039
v 2.6275519 2.1432942 1.1719039
v 2.6102893 2.1432942 1.1774639
v 2.6102893 2.1432942 1.1774639
v 2.6102893 2.1432942 1.1774639
v 2.5798696 2.1432942 1.1758316
v 2.5798696 2.1432942 1.1758316
v 2.5798696 2.1432942 1.1758316
v 2.5389481 2.1432942 1.1765813
v 2.5389481 2.1432942 1.1765813
v 2.5389481 2.1432942 1.1765813
v 2.5798696 2.1432942 1.1719039
v 2.5798696 2.1432942 1.1719039
v 2.5798696 2.1432942 1.1719039
v 2.5798696 1.8913138 1.1719039
v 2.5798696 1.8913138 1.1719039
v 2.5798696 1.8913138 1.1719039
v 2.5389481 2.1432942 1.1782758
v 2.5389481 2.1432942 1.1782758
v 2.5389481 2.1432942 1.1782758
v 2.5389481 1.8913138 1.1765813
v 2.5389481 1.8913138 1.1765813
v 2.5389481 1.8913138 1.1765813
v 2.5389481 1.8913138 1.1782758
v 2.5389481 1.8913138 1.1782758
v 2.5389481 1.8913138 1.1782758
v 2.6102893 1.8913138 1.1782758
v 2.6102893 1.8913138 1.1782758
v 2.6102893 1.8913138 1.1782758
v 2.6102893 2.1432942 1.1782758
v 2.6102893 2.1432942 1.1782758
v 2.6102893 2.1432942 1.1782758
v 2.6275519 1.5188255 1.0873464
v 2.6275519 1.5188255 1.0873464
v 2.6275519 1.5188255 1.0873464
v 2.6275519 1.5188255 1.0817865
v 2.6275519 1.5188255 1.0817865
v 2.6275519 1.5188255 1.0817865
v 2.6102893 1.5188255 1.0873464
v 2.6102893 1.5188255 1.0873464
v 2.6102893 1.5188255 1.0873464
v 2.5798696 1.5188255 1.0857142
v 2.5798696 1.5188255 1.0857142
v 2.5798696 1.5188255 1.0857142
v 2.6275519 1.770806 1.0873464
v 2.6275519 1.770806 1.0873464
v 2.6275519 1.770806 1.0873464
v 2.6275519 1.770806 1.0817865
v 2.6275519 1.770806 1.0817865
v 2.6275519 1.770806 1.0817865
v 2.6102893 1.770806 1.0873464
v 2.6102893 1.770806 1.0873464
v 2.6102893 1.770806 1.0873464
v 2.5798696 1.770806 1.0857142
v 2.5798696 1.770806 1.0857142
v 2.5798696 1.770806 1.0857142
v 2.5389481 1.770806 1.0864639
v 2.5389481 1.770806 1.0864639
v 2.5389481 1.770806 1.0864639
v 2.5798696 1.770806 1.0817865
v 2.5798696 1.770806 1.0817865
v 2.5798696 1.770806 1.0817865
v 2.5798696 1.5188255 1.0817865
v 2.5798696 1.5188255 1.0817865
v 2.5798696 1.5188255 1.0817865
v 2.5389481 1.770806 1.0881584
v 2.5389481 1.770806 1.0881584
v 2.5389481 1.770806 1.0881584
v 2.5389481 1.5188255 1.0864639
v 2.5389481 1.5188255 1.0864639
v 2.5389481 1.5188255 1.0864639
v 2.5389481 1.5188255 1.0881584
v 2.5389481 1.5188255 1.0881584
v 2.5389481 1.5188255 1.0881584
v 2.6102893 1.5188255 1.0881584
v 2.6102893 1.5188255 1.0881584
v 2.6102893 1.5188255 1.0881584
v 2.6102893 1.770806 1.0881584
v 2.6102893 1.770806 1.0881584
v 2.6102893 1.770806 1.0881584
v 2.6275519 1.1463372 0.99722904
v 2.6275519 1.1463372 0.99722904
v 2.6275519 1.1463372 0.99722904
v 2.6275519 1.1463372 0.99166908
v 2.6275519 1.1463372 0.99166908
v 2.6275519 1.1463372 0.99166908
v 2.6102893 1.1463372 0.99722904
v 2.6102893 1.1463372 0.99722904
v 2.6102893 1.1463372 0.99722904
v 2.5798696 1.1463372 0.99559683
v 2.5798696 1.1463372 0.99559683
v 2.5798696 1.1463372 0.99559683
v 2.6275519 1.3983177 0.99722904
v 2.6275519 1.3983177 0.99722904
v 2.6275519 1.3983177 0.99722904
v 2.6275519 1.3983177 0.99166908
v 2.6275519 1.3983177 0.99166908
v 2.6275519 1.3983177 0.99166908
v 2.6102893 1.3983177 0.99722904
v 2.6102893 1.3983177 0.99722904
v 2.6102893 1.3983177 0.99722904
v 2.5798696 1.3983177 0.99559683
v 2.5798696 1.3983177 0.99559683
v 2.5798696 1.3983177 0.99559683
v 2.5389481 1.3983177 0.99634647
v 2.5389481 1.3983177 0.99634647
v 2.5389481 1.3983177 0.99634647
v 2.5798696 1.3983177 0.99166908
v 2.5798696 1.3983177 0.99166908
v 2.5798696 1.3983177 0.99166908
v 2.5798696 1.1463372 0.99166908
v 2.5798696 1.1463372 0.99166908
v 2.5798696 1.1463372 0.99166908
v 2.5389481 1.3983177 0.99804102
v 2.5389481 1.3983177 0.99804102
v 2.5389481 1.3983177 0.99804102
v 2.5389481 1.1463372 0.99634647
v 2.5389481 1.1463372 0.99634647
v 2.5389481 1.1463372 0.99634647
v 2.5389481 1.1463372 0.99804102
v 2.5389481 1.1463372 0.99804102
v 2.5389481 1.1463372 0.99804102
v 2.6102893 1.1463372 0.99804102
v 2.6102893 1.1463372 0.99804102
v 2.6102893 1.1463372 0.99804102
v 2.6102893 1.3983177 0.99804102
v 2.6102893 1.3983177 0.99804102
v 2.6102893 1.3983177 0.99804102
v 2.6275519 0.77384892 0.90711169
v 2.6275519 0.77384892 0.90711169
v 2.6275519 0.77384892 0.90711169
v 2.6275519 0.77384892 0.90155174
v 2.6275519 0.77384892 0.90155174
v 2.6275519 0.77384892 0.90155174
v 2.6102893 0.77384892 0.90711169
v 2.6102893 0.77384892 0.90711169
v 2.6102893 0.77384892 0.90711169
v 2.5798696 0.77384892 0.90547944
v 2.5798696 0.77384892 0.90547944
v 2.5798696 0.77384892 0.90547944
v 2.6275519 1.0258294 0.90711169
v 2.6275519 1.0258294 0.90711169
v 2.6275519 1.0258294 0.90711169
v 2.6275519 1.0258294 0.90155174
v 2.6275519 1.0258294 0.90155174
v 2.6275519 1.0258294 0.90155174
v 2.6102893 1.0258294 0.90711169
v 2.6102893 1.0258294 0.90711169
v 2.6102893 1.0258294 0.90711169
v 2.5798696 1.0258294 0.90547944
v 2.5798696 1.0258294 0.90547944
v 2.5798696 1.0258294 0.90547944
v 2.5389481 1.0258294 0.90622913
v 2.5389481 1.0258294 0.90622913
v 2.5389481 1.0258294 0.90622913
v 2.5798696 1.0258294 0.90155174
v 2.5798696 1.0258294 0.90155174
v 2.5798696 1.0258294 0.90155174
v 2.5798696 0.77384892 0.90155174
v 2.5798696 0.77384892 0.90155174
v 2.5798696 0.77384892 0.90155174
v 2.5389481 1.0258294 0.90792363
v 2.5389481 1.0258294 0.90792363
v 2.5389481 1.0258294 0.90792363
v 2.5389481 0.77384892 0.90622913
v 2.5389481 0.77384892 0.90622913
v 2.5389481 0.77384892 0.90622913
v 2.5389481 0.77384892 0.90792363
v 2.5389481 0.77384892 0.90792363
v 2.5389481 0.77384892 0.90792363
v 2.6102893 0.77384892 0.90792363
v 2.6102893 0.77384892 0.90792363
v 2.6102893 0.77384892 0.90792363
v 2.6102893 1.0258294 0.90792363
v 2.6102893 1.0258294 0.90792363
v 2.6102893 1.0258294 0.90792363
v 2.6275519 0.40136067 0.81699433
v 2.6275519 0.40136067 0.81699433
v 2.6275519 0.40136067 0.81699433
v 2.6275519 0.40136067 0.81143437
v 2.6275519 0.40136067 0.81143437
v 2.6275519 0.40136067 0.81143437
v 2.6102893 0.40136067 0.81699433
v 2.6102893 0.40136067 0.81699433
v 2.6102893 0.40136067 0.81699433
v 2.5798696 0.40136067 0.81536207
v 2.5798696 0.40136067 0.81536207
v 2.5798696 0.40136067 0.81536207
v 2.6275519 0.65334114 0.81699433
v 2.6275519 0.65334114 0.81699433
v 2.6275519 0.65334114 0.81699433
v 2.6275519 0.65334114 0.81143437
v 2.6275519 0.65334114 0.81143437
v 2.6275519 0.65334114 0.81143437
v 2.6102893 0.65334114 0.81699433
v 2.6102893 0.65334114 0.81699433
v 2.6102893 0.65334114 0.81699433
v 2.5798696 0.65334114 0.81536207
v 2.5798696 0.65334114 0.81536207
v 2.5798696 0.65334114 0.81536207
v 2.5389481 0.65334114 0.81611176
v 2.5389481 0.65334114 0.81611176
v 2.5389481 0.65334114 0.81611176
v 2.5798696 0.65334114 0.81143437
v 2.5798696 0.65334114 0.81143437
v 2.5798696 0.65334114 0.81143437
v 2.5798696 0.40136067 0.81143437
v 2.5798696 0.40136067 0.81143437
v 2.5798696 0.40136067 0.81143437
v 2.5389481 0.65334114 0.81780627
v 2.5389481 0.65334114 0.81780627
v 2.5389481 0.65334114 0.81780627
v 2.5389481 0.40136067 0.81611176
v 2.5389481 0.40136067 0.81611176
v 2.5389481 0.40136067 0.81611176
v 2.5389481 0.40136067 0.81780627
v 2.5389481 0.40136067 0.81780627
v 2.5389481 0.40136067 0.81780627
v 2.6102893 0.40136067 0.81780627
v 2.6102893 0.40136067 0.81780627
v 2.6102893 0.40136067 0.81780627
v 2.6102893 0.65334114 0.81780627
v 2.6102893 0.65334114 0.81780627
v 2.6102893 0.65334114 0.81780627
v 2.6275519 0.02887241 0.72687696
v 2.6275519 0.02887241 0.72687696
v 2.6275519 0.02887241 0.72687696
v 2.6275519 0.02887241 0.72131701
v 2.6275519 0.02887241 0.72131701
v 2.6275519 0.02887241 0.72131701
v 2.6102893 0.02887241 0.72687696
v 2.6102893 0.02887241 0.72687696
v 2.6102893 0.02887241 0.72687696
v 2.5798696 0.02887241 0.72524471
v 2.5798696 0.02887241 0.72524471
v 2.5798696 0.02887241 0.72524471
v 2.6275519 0.28085289 0.72687696
v 2.6275519 0.28085289 0.72687696
v 2.6275519 0.28085289 0.72687696
v 2.6275519 0.28085289 0.72131701
v 2.6275519 0.28085289 0.72131701
v 2.6275519 0.28085289 0.72131701
v 2.6102893 0.28085289 0.72687696
v 2.6102893 0.28085289 0.72687696
v 2.6102893 0.28085289 0.72687696
v 2.5798696 0.28085289 0.72524471
v 2.5798696 0.28085289 0.72524471
v 2.5798696 0.28085289 0.72524471
v 2.5389481 0.28085289 0.7259944
v 2.5389481 0.28085289 0.7259944
v 2.5389481 0.28085289 0.7259944
v 2.5798696 0.28085289 0.72131701
v 2.5798696 0.28085289 0.72131701
v 2.5798696 0.28085289 0.72131701
v 2.5798696 0.02887241 0.72131701
v 2.5798696 0.02887241 0.72131701
v 2.5798696 0.02887241 0.72131701
v 2.5389481 0.28085289 0.7276889
v 2.5389481 0.28085289 0.7276889
v 2.5389481 0.28085289 0.7276889
v 2.5389481 0.02887241 0.7259944
v 2.5389481 0.02887241 0.7259944
v 2.5389481 0.02887241 0.7259944
v 2.5389481 0.02887241 0.7276889
v 2.5389481 0.02887241 0.7276889
v 2.5389481 0.02887241 0.7276889
v 2.6102893 0.02887241 0.7276889
v 2.6102893 0.02887241 0.7276889
v 2.6102893 0.02887241 0.7276889
v 2.6102893 0.28085289 0.7276889
v 2.6102893 0.28085289 0.7276889
v 2.6102893 0.28085289 0.7276889
v 2.6275519 -0.34361585 0.63675955
v 2.6275519 -0.34361585 0.63675955
v 2.6275519 -0.34361585 0.63675955
v 2.6275519 -0.34361585 0.6311996
v 2.6275519 -0.34361585 0.6311996
v 2.6275519 -0.34361585 0.6311996
v 2.6102893 -0.34361585 0.63675955
v 2.6102893 -0.34361585 0.63675955
v 2.6102893 -0.34361585 0.63675955
v 2.5798696 -0.34361585 0.63512726
v 2.5798696 -0.34361585 0.63512726
v 2.5798696 -0.34361585 0.63512726
v 2.6275519 -0.091635371 0.63675955
v 2.6275519 -0.091635371 0.63675955
v 2.6275519 -0.091635371 0.63675955
v 2.6275519 -0.091635371 0.6311996
v 2.6275519 -0.091635371 0.6311996
v 2.6275519 -0.091635371 0.6311996
v 2.6102893 -0.091635371 0.63675955
v 2.6102893 -0.091635371 0.63675955
v 2.6102893 -0.091635371 0.63675955
v 2.5798696 -0.091635371 0.63512726
v 2.5798696 -0.091635371 0.63512726
v 2.5798696 -0.091635371 0.63512726
v 2.5389481 -0.091635371 0.63587699
v 2.5389481 -0.091635371 0.63587699
v 2.5389481 -0.091635371 0.63587699
v 2.5798696 -0.091635371 0.6311996
v 2.5798696 -0.091635371 0.6311996
v 2.5798696 -0.091635371 0.6311996
v 2.5798696 -0.34361585 0.6311996
v 2.5798696 -0.34361585 0.6311996
v 2.5798696 -0.34361585 0.6311996
v 2.5389481 -0.091635371 0.63757153
v 2.5389481 -0.091635371 0.63757153
v 2.5389481 -0.091635371 0.63757153
v 2.5389481 -0.34361585 0.63587699
v 2.5389481 -0.34361585 0.63587699
v 2.5389481 -0.34361585 0.63587699
v 2.5389481 -0.34361585 0.63757153
v 2.5389481 -0.34361585 0.63757153
v 2.5389481 -0.34361585 0.63757153
v 2.6102893 -0.34361585 0.63757153
v 2.6102893 -0.34361585 0.63757153
v 2.6102893 -0.34361585 0.63757153
v 2.6102893 -0.091635371 0.63757153
v 2.6102893 -0.091635371 0.63757153
v 2.6102893 -0.091635371 0.63757153
v 2.6275519 -0.71610404 0.54664214
v 2.6275519 -0.71610404 0.54664214
v 2.6275519 -0.71610404 0.54664214
v 2.6275519 -0.71610404 0.54108219
v 2.6275519 -0.71610404 0.54108219
v 2.6275519 -0.71610404 0.54108219
v 2.6102893 -0.71610404 0.54664214
v 2.6102893 -0.71610404 0.54664214
v 2.6102893 -0.71610404 0.54664214
v 2.5798696 -0.71610404 0.54500985
v 2.5798696 -0.71610404 0.54500985
v 2.5798696 -0.71610404 0.54500985
v 2.6275519 -0.46412363 0.54664214
v 2.6275519 -0.46412363 0.54664214
v 2.6275519 -0.46412363 0.54664214
v 2.6275519 -0.46412363 0.54108219
v 2.6275519 -0.46412363 0.54108219
v 2.6275519 -0.46412363 0.54108219
v 2.6102893 -0.46412363 0.54664214
v 2.6102893 -0.46412363 0.54664214
v 2.6102893 -0.46412363 0.54664214
v 2.5798696 -0.46412363 0.54500985
v 2.5798696 -0.46412363 0.54500985
v 2.5798696 -0.46412363 0.54500985
v 2.5389481 -0.46412363 0.54575958
v 2.5389481 -0.46412363 0.54575958
v 2.5389481 -0.46412363 0.54575958
v 2.5798696 -0.46412363 0.54108219
v 2.5798696 -0.46412363 0.54108219
v 2.5798696 -0.46412363 0.54108219
v 2.5798696 -0.71610404 0.54108219
v 2.5798696 -0.71610404 0.54108219
v 2.5798696 -0.71610404 0.54108219
v 2.5389481 -0.46412363 0.54745412
v 2.5389481 -0.46412363 0.54745412
v 2.5389481 -0.46412363 0.54745412
v 2.5389481 -0.71610404 0.54575958
v 2.5389481 -0.71610404 0.54575958
v 2.5389481 -0.71610404 0.54575958
v 2.5389481 -0.71610404 0.54745412
v 2.5389481 -0.71610404 0.54745412
v 2.5389481 -0.71610404 0.54745412
v 2.6102893 -0.71610404 0.54745412
v 2.6102893 -0.71610404 0.54745412
v 2.6102893 -0.71610404 0.54745412
v 2.6102893 -0.46412363 0.54745412
v 2.6102893 -0.46412363 0.54745412
v 2.6102893 -0.46412363 0.54745412
v 2.6275519 -1.0885923 0.45652474
v 2.6275519 -1.0885923 0.45652474
v 2.6275519 -1.0885923 0.45652474
v 2.6275519 -1.0885923 0.45096478
v 2.6275519 -1.0885923 0.45096478
v 2.6275519 -1.0885923 0.45096478
v 2.6102893 -1.0885923 0.45652474
v 2.6102893 -1.0885923 0.45652474
v 2.6102893 -1.0885923 0.45652474
v 2.5798696 -1.0885923 0.45489244
v 2.5798696 -1.0885923 0.45489244
v 2.5798696 -1.0885923 0.45489244
v 2.6275519 -0.83661182 0.45652474
v 2.6275519 -0.83661182 0.45652474
v 2.6275519 -0.83661182 0.45652474
v 2.6275519 -0.83661182 0.45096478
v 2.6275519 -0.83661182 0.45096478
v 2.6275519 -0.83661182 0.45096478
v 2.6102893 -0.83661182 0.45652474
v 2.6102893 -0.83661182 0.45652474
v 2.6102893 -0.83661182 0.45652474
v 2.5798696 -0.83661182 0.45489244
v 2.5798696 -0.83661182 0.45489244
v 2.5798696 -0.83661182 0.45489244
v 2.5389481 -0.83661182 0.45564217
v 2.5389481 -0.83661182 0.45564217
v 2.5389481 -0.83661182 0.45564217
v 2.5798696 -0.83661182 0.45096478
v 2.5798696 -0.83661182 0.45096478
v 2.5798696 -0.83661182 0.45096478
v 2.5798696 -1.0885923 0.45096478
v 2.5798696 -1.0885923 0.45096478
v 2.5798696 -1.0885923 0.45096478
v 2.5389481 -0.83661182 0.45733672
v 2.5389481 -0.83661182 0.45733672
v 2.5389481 -0.83661182 0.45733672
v 2.5389481 -1.0885923 0.45564217
v 2.5389481 -1.0885923 0.45564217
v 2.5389481 -1.0885923 0.45564217
v 2.5389481 -1.0885923 0.45733672
v 2.5389481 -1.0885923 0.45733672
v 2.5389481 -1.0885923 0.45733672
v 2.6102893 -1.0885923 0.45733672
v 2.6102893 -1.0885923 0.45733672
v 2.6102893 -1.0885923 0.45733672
v 2.6102893 -0.83661182 0.45733672
v 2.6102893 -0.83661182 0.45733672
v 2.6102893 -0.83661182 0.45733672
v 2.6275519 -1.461081 0.36640733
v 2.6275519 -1.461081 0.36640733
v 2.6275519 -1.461081 0.36640733
v 2.6275519 -1.461081 0.36084737
v 2.6275519 -1.461081 0.36084737
v 2.6275519 -1.461081 0.36084737
v 2.6102893 -1.461081 0.36640733
v 2.6102893 -1.461081 0.36640733
v 2.6102893 -1.461081 0.36640733
v 2.5798696 -1.461081 0.36477503
v 2.5798696 -1.461081 0.36477503
v 2.5798696 -1.461081 0.36477503
v 2.6275519 -1.2091003 0.36640733
v 2.6275519 -1.2091003 0.36640733
v 2.6275519 -1.2091003 0.36640733
v 2.6275519 -1.2091003 0.36084737
v 2.6275519 -1.2091003 0.36084737
v 2.6275519 -1.2091003 0.36084737
v 2.6102893 -1.2091003 0.36640733
v 2.6102893 -1.2091003 0.36640733
v 2.6102893 -1.2091003 0.36640733
v 2.5798696 -1.2091003 0.36477503
v 2.5798696 -1.2091003 0.36477503
v 2.5798696 -1.2091003 0.36477503
v 2.5389481 -1.2091003 0.36552476
v 2.5389481 -1.2091003 0.36552476
v 2.5389481 -1.2091003 0.36552476
v 2.5798696 -1.2091003 0.36084737
v 2.5798696 -1.2091003 0.36084737
v 2.5798696 -1.2091003 0.36084737
v 2.5798696 -1.461081 0.36084737
v 2.5798696 -1.461081 0.36084737
v 2.5798696 -1.461081 0.36084737
v 2.5389481 -1.2091003 0.36721931
v 2.5389481 -1.2091003 0.36721931
v 2.5389481 -1.2091003 0.36721931
v 2.5389481 -1.461081 0.36552476
v 2.5389481 -1.461081 0.36552476
v 2.5389481 -1.461081 0.36552476
v 2.5389481 -1.461081 0.36721931
v 2.5389481 -1.461081 0.36721931
v 2.5389481 -1.461081 0.36721931
v 2.6102893 -1.461081 0.36721931
v 2.6102893 -1.461081 0.36721931
v 2.6102893 -1.461081 0.36721931
v 2.6102893 -1.2091003 0.36721931
v 2.6102893 -1.2091003 0.36721931
v 2.6102893 -1.2091003 0.36721931
v 2.6275519 -1.8335691 0.27628992
v 2.6275519 -1.8335691 0.27628992
v 2.6275519 -1.8335691 0.27628992
v 2.6275519 -1.8335691 0.27072997
v 2.6275519 -1.8335691 0.27072997
v 2.6275519 -1.8335691 0.27072997
v 2.6102893 -1.8335691 0.27628992
v 2.6102893 -1.8335691 0.27628992
v 2.6102893 -1.8335691 0.27628992
v 2.5798696 -1.8335691 0.27465762
v 2.5798696 -1.8335691 0.27465762
v 2.5798696 -1.8335691 0.27465762
v 2.6275519 -1.5815881 0.27628992
v 2.6275519 -1.5815881 0.27628992
v 2.6275519 -1.5815881 0.27628992
v 2.6275519 -1.5815881 0.27072997
v 2.6275519 -1.5815881 0.27072997
v 2.6275519 -1.5815881 0.27072997
v 2.6102893 -1.5815881 0.27628992
v 2.6102893 -1.5815881 0.27628992
v 2.6102893 -1.5815881 0.27628992
v 2.5798696 -1.5815881 0.27465762
v 2.5798696 -1.5815881 0.27465762
v 2.5798696 -1.5815881 0.27465762
v 2.5389481 -1.5815881 0.27540736
v 2.5389481 -1.5815881 0.27540736
v 2.5389481 -1.5815881 0.27540736
v 2.5798696 -1.5815881 0.27072997
v 2.5798696 -1.5815881 0.27072997
v 2.5798696 -1.5815881 0.27072997
v 2.5798696 -1.8335691 0.27072997
v 2.5798696 -1.8335691 0.27072997
v 2.5798696 -1.8335691 0.27072997
v 2.5389481 -1.5815881 0.2771019
v 2.5389481 -1.5815881 0.2771019
v 2.5389481 -1.5815881 0.2771019
v 2.5389481 -1.8335691 0.27540736
v 2.5389481 -1.8335691 0.27540736
v 2.5389481 -1.8335691 0.27540736
v 2.5389481 -1.8335691 0.2771019
v 2.5389481 -1.8335691 0.2771019
v 2.5389481 -1.8335691 0.2771019
v 2.6102893 -1.8335691 0.2771019
v 2.6102893 -1.8335691 0.2771019
v 2.6102893 -1.8335691 0.2771019
v 2.6102893 -1.5815881 0.2771019
v 2.6102893 -1.5815881 0.2771019
v 2.6102893 -1.5815881 0.2771019
v 2.6275519 -2.2060571 0.18617251
v 2.6275519 -2.2060571 0.18617251
v 2.6275519 -2.2060571 0.18617251
v 2.6275519 -2.2060571 0.18061256
v 2.6275519 -2.2060571 0.18061256
v 2.6275519 -2.2060571 0.18061256
v 2.6102893 -2.2060571 0.18617251
v 2.6102893 -2.2060571 0.18617251
v 2.6102893 -2.2060571 0.18617251
v 2.5798696 -2.2060571 0.18454022
v 2.5798696 -2.2060571 0.18454022
v 2.5798696 -2.2060571 0.18454022
v 2.6275519 -1.9540761 0.18617251
v 2.6275519 -1.9540761 0.18617251
v 2.6275519 -1.9540761 0.18617251
v 2.6275519 -1.9540761 0.18061256
v 2.6275519 -1.9540761 0.18061256
v 2.6275519 -1.9540761 0.18061256
v 2.6102893 -1.9540761 0.18617251
v 2.6102893 -1.9540761 0.18617251
v 2.6102893 -1.9540761 0.18617251
v 2.5798696 -1.9540761 0.18454022
v 2.5798696 -1.9540761 0.18454022
v 2.5798696 -1.9540761 0.18454022
v 2.5389481 -1.9540761 0.18528995
v 2.5389481 -1.9540761 0.18528995
v 2.5389481 -1.9540761 0.18528995
v 2.5798696 -1.9540761 0.18061256
v 2.5798696 -1.9540761 0.18061256
v 2.5798696 -1.9540761 0.18061256
v 2.5798696 -2.2060571 0.18061256
v 2.5798696 -2.2060571 0.18061256
v 2.5798696 -2.2060571 0.18061256
v 2.5389481 -1.9540761 0.18698449
v 2.5389481 -1.9540761 0.18698449
v 2.5389481 -1.9540761 0.18698449
v 2.5389481 -2.2060571 0.18528995
v 2.5389481 -2.2060571 0.18528995
v 2.5389481 -2.2060571 0.18528995
v 2.5389481 -2.2060571 0.18698449
v 2.5389481 -2.2060571 0.18698449
v 2.5389481 -2.2060571 0.18698449
v 2.6102893 -2.2060571 0.18698449
v 2.6102893 -2.2060571 0.18698449
v 2.6102893 -2.2060571 0.18698449
v 2.6102893 -1.9540761 0.18698449
v 2.6102893 -1.9540761 0.18698449
v 2.6102893 -1.9540761 0.18698449
v 2.6275519 -2.5785451 0.096055103
v 2.6275519 -2.5785451 0.096055103
v 2.6275519 -2.5785451 0.096055103
v 2.6275519 -2.5785451 0.090495149
v 2.6275519 -2.5785451 0.090495149
v 2.6275519 -2.5785451 0.090495149
v 2.6102893 -2.5785451 0.096055103
v 2.6102893 -2.5785451 0.096055103
v 2.6102893 -2.5785451 0.096055103
v 2.5798696 -2.5785451 0.094422808
v 2.5798696 -2.5785451 0.094422808
v 2.5798696 -2.5785451 0.094422808
v 2.6275519 -2.3265641 0.096055103
v 2.6275519 -2.3265641 0.096055103
v 2.6275519 -2.3265641 0.096055103
v 2.6275519 -2.3265641 0.090495149
v 2.6275519 -2.3265641 0.090495149
v 2.6275519 -2.3265641 0.090495149
v 2.6102893 -2.3265641 0.096055103
v 2.6102893 -2.3265641 0.096055103
v 2.6102893 -2.3265641 0.096055103
v 2.5798696 -2.3265641 0.094422808
v 2.5798696 -2.3265641 0.094422808
v 2.5798696 -2.3265641 0.094422808
v 2.5389481 -2.3265641 0.095172541
v 2.5389481 -2.3265641 0.095172541
v 2.5389481 -2.3265641 0.095172541
v 2.5798696 -2.3265641 0.090495149
v 2.5798696 -2.3265641 0.090495149
v 2.5798696 -2.3265641 0.090495149
v 2.5798696 -2.5785451 0.090495149
v 2.5798696 -2.5785451 0.090495149
v 2.5798696 -2.5785451 0.090495149
v 2.5389481 -2.3265641 0.096867085
v 2.5389481 -2.3265641 0.096867085
v 2.5389481 -2.3265641 0.096867085
v 2.5389481 -2.5785451 0.095172541
v 2.5389481 -2.5785451 0.095172541
v 2.5389481 -2.5785451 0.095172541
v 2.5389481 -2.5785451 0.096867085
v 2.5389481 -2.5785451 0.096867085
v 2.5389481 -2.5785451 0.096867085
v 2.6102893 -2.5785451 0.096867085
v 2.6102893 -2.5785451 0.096867085
v 2.6102893 -2.5785451 0.096867085
v 2.6102893 -2.3265641 0.096867085
v 2.6102893 -2.3265641 0.096867085
v 2.6102893 -2.3265641 0.096867085
v 2.5309887 2.2606034 1.2677267
v 2.5309887 2.2606034 1.2677267
v 2.5309887 2.2606034 1.2677267
v 2.5309887 2.5189804 1.2677267
v 2.5309887 2.5189804 1.2677267
v 2.5309887 2.5189804 1.2677267
v 2.6399613 2.2606034 1.2677267
v 2.6399613 2.2606034 1.2677267
v 2.6399613 2.2606034 1.2677267
v 2.5309887 2.2606034 1.2687412
v 2.5309887 2.2606034 1.2687412
v 2.5309887 2.2606034 1.2687412
v 2.5309887 2.5189804 1.2687412
v 2.5309887 2.5189804 1.2687412
v 2.5309887 2.5189804 1.2687412
v 2.6399613 2.2606034 1.2687412
v 2.6399613 2.2606034 1.2687412
v 2.6399613 2.2606034 1.2687412
v 2.6399613 2.5189804 1.2687412
v 2.6399613 2.5189804 1.2687412
v 2.6399613 2.5189804 1.2687412
v 2.6399613 2.5189804 1.2677267
v 2.6399613 2.5189804 1.2677267
v 2.6399613 2.5189804 1.2677267
v 2.5309887 1.8881154 1.1776093
v 2.5309887 1.8881154 1.1776093
v 2.5309887 1.8881154 1.1776093
v 2.5309887 2.1464921 1.1776093
v 2.5309887 2.1464921 1.1776093
v 2.5309887 2.1464921 1.1776093
v 2.6399613 1.8881154 1.1776093
v 2.6399613 1.8881154 1.1776093
v 2.6399613 1.8881154 1.1776093
v 2.5309887 1.8881154 1.1786238
v 2.5309887 1.8881154 1.1786238
v 2.5309887 1.8881154 1.1786238
v 2.5309887 2.1464921 1.1786238
v 2.5309887 2.1464921 1.1786238
v 2.5309887 2.1464921 1.1786238
v 2.6399613 1.8881154 1.1786238
v 2.6399613 1.8881154 1.1786238
v 2.6399613 1.8881154 1.1786238
v 2.6399613 2.1464921 1.1786238
v 2.6399613 2.1464921 1.1786238
v 2.6399613 2.1464921 1.1786238
v 2.6399613 2.1464921 1.1776093
v 2.6399613 2.1464921 1.1776093
v 2.6399613 2.1464921 1.1776093
v 2.5309887 1.5156269 1.0874919
v 2.5309887 1.5156269 1.0874919
v 2.5309887 1.5156269 1.0874919
v 2.5309887 1.7740041 1.0874919
v 2.5309887 1.7740041 1.0874919
v 2.5309887 1.7740041 1.0874919
v 2.6399613 1.5156269 1.0874919
v 2.6399613 1.5156269 1.0874919
v 2.6399613 1.5156269 1.0874919
v 2.5309887 1.5156269 1.0885065
v 2.5309887 1.5156269 1.0885065
v 2.5309887 1.5156269 1.0885065
v 2.5309887 1.7740041 1.0885065
v 2.5309887 1.7740041 1.0885065
v 2.5309887 1.7740041 1.0885065
v 2.6399613 1.5156269 1.0885065
v 2.6399613 1.5156269 1.0885065
v 2.6399613 1.5156269 1.0885065
v 2.6399613 1.7740041 1.0885065
v 2.6399613 1.7740041 1.0885065
v 2.6399613 1.7740041 1.0885065
v 2.6399613 1.7740041 1.0874919
v 2.6399613 1.7740041 1.0874919
v 2.6399613 1.7740041 1.0874919
v 2.5309887 1.1431387 0.99737453
v 2.5309887 1.1431387 0.99737453
v 2.5309887 1.1431387 0.99737453
v 2.5309887 1.4015156 0.99737453
v 2.5309887 1.4015156 0.99737453
v 2.5309887 1.4015156 0.99737453
v 2.6399613 1.1431387 0.99737453
v 2.6399613 1.1431387 0.99737453
v 2.6399613 1.1431387 0.99737453
v 2.5309887 1.1431387 0.99838909
v 2.5309887 1.1431387 0.99838909
v 2.5309887 1.1431387 0.99838909
v 2.5309887 1.4015156 0.99838909
v 2.5309887 1.4015156 0.99838909
v 2.5309887 1.4015156 0.99838909
v 2.6399613 1.1431387 0.99838909
v 2.6399613 1.1431387 0.99838909
v 2.6399613 1.1431387 0.99838909
v 2.6399613 1.4015156 0.99838909
v 2.6399613 1.4015156 0.99838909
v 2.6399613 1.4015156 0.99838909
v 2.6399613 1.4015156 0.99737453
v 2.6399613 1.4015156 0.99737453
v 2.6399613 1.4015156 0.99737453
v 2.5309887 0.77065043 0.90725715
v 2.5309887 0.77065043 0.90725715
v 2.5309887 0.77065043 0.90725715
v 2.5309887 1.0290274 0.90725715
v 2.5309887 1.0290274 0.90725715
v 2.5309887 1.0290274 0.90725715
v 2.6399613 0.77065043 0.90725715
v 2.6399613 0.77065043 0.90725715
v 2.6399613 0.77065043 0.90725715
v 2.5309887 0.77065043 0.90827171
v 2.5309887 0.77065043 0.90827171
v 2.5309887 0.77065043 0.90827171
v 2.5309887 1.0290274 0.90827171
v 2.5309887 1.0290274 0.90827171
v 2.5309887 1.0290274 0.90827171
v 2.6399613 0.77065043 0.90827171
v 2.6399613 0.77065043 0.90827171
v 2.6399613 0.77065043 0.90827171
v 2.6399613 1.0290274 0.90827171
v 2.6399613 1.0290274 0.90827171
v 2.6399613 1.0290274 0.90827171
v 2.6399613 1.0290274 0.90725715
v 2.6399613 1.0290274 0.90725715
v 2.6399613 1.0290274 0.90725715
v 2.5309887 0.39816229 0.81713978
v 2.5309887 0.39816229 0.81713978
v 2.5309887 0.39816229 0.81713978
v 2.5309887 0.65653904 0.81713978
v 2.5309887 0.65653904 0.81713978
v 2.5309887 0.65653904 0.81713978
v 2.6399613 0.39816229 0.81713978
v 2.6399613 0.39816229 0.81713978
v 2.6399613 0.39816229 0.81713978
v 2.5309887 0.39816229 0.81815434
v 2.5309887 0.39816229 0.81815434
v 2.5309887 0.39816229 0.81815434
v 2.5309887 0.65653904 0.81815434
v 2.5309887 0.65653904 0.81815434
v 2.5309887 0.65653904 0.81815434
v 2.6399613 0.39816229 0.81815434
v 2.6399613 0.39816229 0.81815434
v 2.6399613 0.39816229 0.81815434
v 2.6399613 0.65653904 0.81815434
v 2.6399613 0.65653904 0.81815434
v 2.6399613 0.65653904 0.81815434
v 2.6399613 0.65653904 0.81713978
v 2.6399613 0.65653904 0.81713978
v 2.6399613 0.65653904 0.81713978
v 2.5309887 0.025674031 0.72702241
v 2.5309887 0.025674031 0.72702241
v 2.5309887 0.025674031 0.72702241
v 2.5309887 0.28405079 0.72702241
v 2.5309887 0.28405079 0.72702241
v 2.5309887 0.28405079 0.72702241
v 2.6399613 0.025674031 0.72702241
v 2.6399613 0.025674031 0.72702241
v 2.6399613 0.025674031 0.72702241
v 2.5309887 0.025674031 0.72803697
v 2.5309887 0.025674031 0.72803697
v 2.5309887 0.025674031 0.72803697
v 2.5309887 0.28405079 0.72803697
v 2.5309887 0.28405079 0.72803697
v 2.5309887 0.28405079 0.72803697
v 2.6399613 0.025674031 0.72803697
v 2.6399613 0.025674031 0.72803697
v 2.6399613 0.025674031 0.72803697
v 2.6399613 0.28405079 0.72803697
v 2.6399613 0.28405079 0.72803697
v 2.6399613 0.28405079 0.72803697
v 2.6399613 0.28405079 0.72702241
v 2.6399613 0.28405079 0.72702241
v 2.6399613 0.28405079 0.72702241
v 2.5309887 -0.34681423 0.63690496
v 2.5309887 -0.34681423 0.63690496
v 2.5309887 -0.34681423 0.63690496
v 2.5309887 -0.08843747 0.63690496
v 2.5309887 -0.08843747 0.63690496
v 2.5309887 -0.08843747 0.63690496
v 2.6399613 -0.34681423 0.63690496
v 2.6399613 -0.34681423 0.63690496
v 2.6399613 -0.34681423 0.63690496
v 2.5309887 -0.34681423 0.63791961
v 2.5309887 -0.34681423 0.63791961
v 2.5309887 -0.34681423 0.63791961
v 2.5309887 -0.08843747 0.63791961
v 2.5309887 -0.08843747 0.63791961
v 2.5309887 -0.08843747 0.63791961
v 2.6399613 -0.34681423 0.63791961
v 2.6399613 -0.34681423 0.63791961
v 2.6399613 -0.34681423 0.63791961
v 2.6399613 -0.08843747 0.63791961
v 2.6399613 -0.08843747 0.63791961
v 2.6399613 -0.08843747 0.63791961
v 2.6399613 -0.08843747 0.63690496
v 2.6399613 -0.08843747 0.63690496
v 2.6399613 -0.08843747 0.63690496
v 2.5309887 -0.71930242 0.54678756
v 2.5309887 -0.71930242 0.54678756
v 2.5309887 -0.71930242 0.54678756
v 2.5309887 -0.46092573 0.54678756
v 2.5309887 -0.46092573 0.54678756
v 2.5309887 -0.46092573 0.54678756
v 2.6399613 -0.71930242 0.54678756
v 2.6399613 -0.71930242 0.54678756
v 2.6399613 -0.71930242 0.54678756
v 2.5309887 -0.71930242 0.5478022
v 2.5309887 -0.71930242 0.5478022
v 2.5309887 -0.71930242 0.5478022
v 2.5309887 -0.46092573 0.5478022
v 2.5309887 -0.46092573 0.5478022
v 2.5309887 -0.46092573 0.5478022
v 2.6399613 -0.71930242 0.5478022
v 2.6399613 -0.71930242 0.5478022
v 2.6399613 -0.71930242 0.5478022
v 2.6399613 -0.46092573 0.5478022
v 2.6399613 -0.46092573 0.5478022
v 2.6399613 -0.46092573 0.5478022
v 2.6399613 -0.46092573 0.54678756
v 2.6399613 -0.46092573 0.54678756
v 2.6399613 -0.46092573 0.54678756
v 2.5309887 -1.0917907 0.45667015
v 2.5309887 -1.0917907 0.45667015
v 2.5309887 -1.0917907 0.45667015
v 2.5309887 -0.83341392 0.45667015
v 2.5309887 -0.83341392 0.45667015
v 2.5309887 -0.83341392 0.45667015
v 2.6399613 -1.0917907 0.45667015
v 2.6399613 -1.0917907 0.45667015
v 2.6399613 -1.0917907 0.45667015
v 2.5309887 -1.0917907 0.45768479
v 2.5309887 -1.0917907 0.45768479
v 2.5309887 -1.0917907 0.45768479
v 2.5309887 -0.83341392 0.45768479
v 2.5309887 -0.83341392 0.45768479
v 2.5309887 -0.83341392 0.45768479
v 2.6399613 -1.0917907 0.45768479
v 2.6399613 -1.0917907 0.45768479
v 2.6399613 -1.0917907 0.45768479
v 2.6399613 -0.83341392 0.45768479
v 2.6399613 -0.83341392 0.45768479
v 2.6399613 -0.83341392 0.45768479
v 2.6399613 -0.83341392 0.45667015
v 2.6399613 -0.83341392 0.45667015
v 2.6399613 -0.83341392 0.45667015
v 2.5309887 -1.4642794 0.36655274
v 2.5309887 -1.4642794 0.36655274
v 2.5309887 -1.4642794 0.36655274
v 2.5309887 -1.2059024 0.36655274
v 2.5309887 -1.2059024 0.36655274
v 2.5309887 -1.2059024 0.36655274
v 2.6399613 -1.4642794 0.36655274
v 2.6399613 -1.4642794 0.36655274
v 2.6399613 -1.4642794 0.36655274
v 2.5309887 -1.4642794 0.36756738
v 2.5309887 -1.4642794 0.36756738
v 2.5309887 -1.4642794 0.36756738
v 2.5309887 -1.2059024 0.36756738
v 2.5309887 -1.2059024 0.36756738
v 2.5309887 -1.2059024 0.36756738
v 2.6399613 -1.4642794 0.36756738
v 2.6399613 -1.4642794 0.36756738
v 2.6399613 -1.4642794 0.36756738
v 2.6399613 -1.2059024 0.36756738
v 2.6399613 -1.2059024 0.36756738
v 2.6399613 -1.2059024 0.36756738
v 2.6399613 -1.2059024 0.36655274
v 2.6399613 -1.2059024 0.36655274
v 2.6399613 -1.2059024 0.36655274
v 2.5309887 -1.8367674 0.27643533
v 2.5309887 -1.8367674 0.27643533
v 2.5309887 -1.8367674 0.27643533
v 2.5309887 -1.5783902 0.27643533
v 2.5309887 -1.5783902 0.27643533
v 2.5309887 -1.5783902 0.27643533
v 2.6399613 -1.8367674 0.27643533
v 2.6399613 -1.8367674 0.27643533
v 2.6399613 -1.8367674 0.27643533
v 2.5309887 -1.8367674 0.27744998
v 2.5309887 -1.8367674 0.27744998
v 2.5309887 -1.8367674 0.27744998
v 2.5309887 -1.5783902 0.27744998
v 2.5309887 -1.5783902 0.27744998
v 2.5309887 -1.5783902 0.27744998
v 2.6399613 -1.8367674 0.27744998
v 2.6399613 -1.8367674 0.27744998
v 2.6399613 -1.8367674 0.27744998
v 2.6399613 -1.5783902 0.27744998
v 2.6399613 -1.5783902 0.27744998
v 2.6399613 -1.5783902 0.27744998
v 2.6399613 -1.5783902 0.27643533
v 2.6399613 -1.5783902 0.27643533
v 2.6399613 -1.5783902 0.27643533
v 2.5309887 -2.2092555 0.18631792
v 2.5309887 -2.2092555 0.18631792
v 2.5309887 -2.2092555 0.18631792
v 2.5309887 -1.9508782 0.18631792
v 2.5309887 -1.9508782 0.18631792
v 2.5309887 -1.9508782 0.18631792
v 2.6399613 -2.2092555 0.18631792
v 2.6399613 -2.2092555 0.18631792
v 2.6399613 -2.2092555 0.18631792
v 2.5309887 -2.2092555 0.18733257
v 2.5309887 -2.2092555 0.18733257
v 2.5309887 -2.2092555 0.18733257
v 2.5309887 -1.9508782 0.18733257
v 2.5309887 -1.9508782 0.18733257
v 2.5309887 -1.9508782 0.18733257
v 2.6399613 -2.2092555 0.18733257
v 2.6399613 -2.2092555 0.18733257
v 2.6399613 -2.2092555 0.18733257
v 2.6399613 -1.9508782 0.18733257
v 2.6399613 -1.9508782 0.18733257
v 2.6399613 -1.9508782 0.18733257
v 2.6399613 -1.9508782 0.18631792
v 2.6399613 -1.9508782 0.18631792
v 2.6399613 -1.9508782 0.18631792
v 2.5309887 -2.5817435 0.096200517
v 2.5309887 -2.5817435 0.096200517
v 2.5309887 -2.5817435 0.096200517
v 2.5309887 -2.3233662 0.096200517
v 2.5309887 -2.3233662 0.096200517
v 2.5309887 -2.3233662 0.096200517
v 2.6399613 -2.5817435 0.096200517
v 2.6399613 -2.5817435 0.096200517
v 2.6399613 -2.5817435 0.096200517
v 2.5309887 -2.5817435 0.09721516
v 2.5309887 -2.5817435 0.09721516
v 2.5309887 -2.5817435 0.09721516
v 2.5309887 -2.3233662 0.09721516
v 2.5309887 -2.3233662 0.09721516
v 2.5309887 -2.3233662 0.09721516
v 2.6399613 -2.5817435 0.09721516
v 2.6399613 -2.5817435 0.09721516
v 2.6399613 -2.5817435 0.09721516
v 2.6399613 -2.3233662 0.09721516
v 2.6399613 -2.3233662 0.09721516
v 2.6399613 -2.3233662 0.09721516
v 2.6399613 -2.3233662 0.096200517
v 2.6399613 -2.3233662 0.096200517
v 2.6399613 -2.3233662 0.096200517
v 2.6124011 2.7615728 1.3745351
v 2.6124011 2.7615728 1.3745351
v 2.6124011 2.7615728 1.3745351
v 2.6124011 2.7920626 1.3903184
v 2.6124011 2.7920626 1.3903184
v 2.6124011 2.7920626 1.3903184
v 2.6381232 2.7615728 1.3745351
v 2.6381232 2.7615728 1.3745351
v 2.6381232 2.7615728 1.3745351
v 2.6381232 2.7920626 1.3903184
v 2.6381232 2.7920626 1.3903184
v 2.6381232 2.7920626 1.3903184
v 2.6124011 2.8520491 1.3692162
v 2.6124011 2.8520491 1.3692162
v 2.6124011 2.8520491 1.3692162
v 2.6124011 2.8825389 1.3849995
v 2.6124011 2.8825389 1.3849995
v 2.6124011 2.8825389 1.3849995
v 2.6381232 2.8520491 1.3692162
v 2.6381232 2.8520491 1.3692162
v 2.6381232 2.8520491 1.3692162
v 2.6381232 2.8825389 1.3849995
v 2.6381232 2.8825389 1.3849995
v 2.6381232 2.8825389 1.3849995
v -2.8212643 2.8050109 1.3683717
v -2.8212643 2.8050109 1.3683717
v -2.8212643 2.8050109 1.3683717
v -2.8212643 2.7567305 1.3827406
v -2.8212643 2.7567305 1.3827406
v -2.8212643 2.7567305 1.3827406
v -2.7955424 2.8050109 1.3683717
v -2.7955424 2.8050109 1.3683717
v -2.7955424 2.8050109 1.3683717
v -2.7955424 2.7567305 1.3827406
v -2.7955424 2.7567305 1.3827406
v -2.7955424 2.7567305 1.3827406
v -2.8212643 2.8873794 1.376794
v -2.8212643 2.8873794 1.376794
v -2.8212643 2.8873794 1.376794
v -2.8212643 2.8390989 1.391163
v -2.8212643 2.8390989 1.391163
v -2.8212643 2.8390989 1.391163
v -2.7955424 2.8873794 1.376794
v -2.7955424 2.8873794 1.376794
v -2.7955424 2.8873794 1.376794
v -2.7955424 2.8390989 1.391163
v -2.7955424 2.8390989 1.391163
v -2.7955424 2.8390989 1.391163
vt 0.098734237 0.0040593147
vt 0.098734237 0.0040593147
vt 0.97682977 0.090476871
vt 0.097652622 0.0040593147
vt 0.097652622 0.0040593147
vt 0.97574818 0.090476751
vt 0.97682977 0.058365822
vt 0.12477427 0.022850096
vt 0.97682977 0.058365822
vt 0.098734178 0.0084053278
vt 0.098734178 0.0084053278
vt 0.098734178 0.014895856
vt 0.098734178 0.014895856
vt 0.12468519 0.027525008
vt 0.097652592 0.0084053278
vt 0.097652592 0.0084053278
vt 0.097652577 0.014895856
vt 0.097652577 0.014895856
vt 0.12996876 0.027525008
vt 0.71810895 0.91120392
vt 0.071701415 0.027524889
vt 0.12996876 0.03388232
vt 0.07170137 0.033881962
vt 0.97574806 0.058365881
vt 0.07161241 0.022849917
vt 0.97574806 0.058365881
vt 0.71748 0.91120392
vt 0.071073301 0.027494669
vt 0.1263949 0.027495027
vt 0.12849587 0.027525008
vt 0.71810895 0.91267669
vt 0.12849587 0.027525008
vt 0.1284959 0.03388232
vt 0.1284959 0.03388232
vt 0.71748 0.91267669
vt 0.12786779 0.027495027
vt 0.12786779 0.027495027
vt 0.12786773 0.0338521
vt 0.12786773 0.0338521
vt 0.28581965 0.39041513
vt 0.28581965 0.39041513
vt 0.28581965 0.39041513
vt 0.12639487 0.0338521
vt 0.28434658 0.39041877
vt 0.28434658 0.39041877
vt 0.12531325 0.0338521
vt 0.12531325 0.0338521
vt 0.28326428 0.39042145
vt 0.28326428 0.39042145
vt 0.28326428 0.39042145
vt 0.12531331 0.027495027
vt 0.12531331 0.027495027
vt 0.12468516 0.03388232
vt 0.28263545 0.39045131
vt 0.28269017 0.40056372
vt 0.96301156 0.82551992
vt 0.96301156 0.82551992
vt 0.2566843 0.3919301
vt 0.96301156 0.85782623
vt 0.2566843 0.3919301
vt 0.96301156 0.84723568
vt 0.26100087 0.40160042
vt 0.96301156 0.84723568
vt 0.25560272 0.3919301
vt 0.96409321 0.85782623
vt 0.25560272 0.3919301
vt 0.96409321 0.84723568
vt 0.25128478 0.40160042
vt 0.96409321 0.84723568
vt 0.28792012 0.3904385
vt 0.28792012 0.3904385
vt 0.22965176 0.39044845
vt 0.28796637 0.40053821
vt 0.2295941 0.40056086
vt 0.96409321 0.82551992
vt 0.96409321 0.82551992
vt 0.96409321 0.82551992
vt 0.28644794 0.39044183
vt 0.28644794 0.39044183
vt 0.28644794 0.39044183
vt 0.28649539 0.40054488
vt 0.28649539 0.40054488
vt 0.96556616 0.82551992
vt 0.28586805 0.40052128
vt 0.9655664 0.82489103
vt 0.28586805 0.40052128
vt 0.96409321 0.82489097
vt 0.96409321 0.82489097
vt 0.28439689 0.40052843
vt 0.28331679 0.40053385
vt 0.96301156 0.82489097
vt 0.28331679 0.40053385
vt 0.97682977 0.057701528
vt 0.12531331 0.023238242
vt 0.12531331 0.023238242
vt 0.97574806 0.057701528
vt 0.071073331 0.023237824
vt 0.1263949 0.023238242
vt 0.1278649 0.63059402
vt 0.28583407 0.010511398
vt 0.1278649 0.63059402
vt 0.28583407 0.010511398
vt 0.12639204 0.6305939
vt 0.28436124 0.010511339
vt 0.12531042 0.6305939
vt 0.28327966 0.010511279
vt 0.12531042 0.6305939
vt 0.28327966 0.010511279
vt 0.1246823 0.63062388
vt 0.2826516 0.01054132
vt 0.098731317 0.624143
vt 0.25670087 0.0040593743
vt 0.098731317 0.624143
vt 0.25670087 0.0040593743
vt 0.097649701 0.624143
vt 0.25561923 0.0040593147
vt 0.097649701 0.624143
vt 0.25561923 0.0040593147
vt 0.12996593 0.63062406
vt 0.28793496 0.010541499
vt 0.071698599 0.63062364
vt 0.22966792 0.010539055
vt 0.12849307 0.630624
vt 0.28646213 0.010541499
vt 0.12849307 0.630624
vt 0.28646213 0.010541499
vt 0.93712097 0.54743594
vt 0.97333765 0.33103538
vt 0.57361275 0.57335252
vt 0.93712097 0.6834048
vt 0.97333741 0.40334517
vt 0.57361275 0.43738121
vt 0.93630004 0.6834048
vt 0.50842732 0.43738121
vt 0.97254109 0.40354514
vt 0.93629992 0.54743594
vt 0.50842732 0.57335252
vt 0.97254157 0.33083546
vt 0.93487036 0.67911607
vt 0.94558769 0.26086086
vt 0.93487024 0.55172461
vt 0.94558764 0.3882587
vt 0.93630004 0.67989385
vt 0.50842732 0.44089228
vt 0.94523954 0.25925386
vt 0.93515283 0.67938316
vt 0.94551891 0.2604782
vt 0.93629992 0.55094683
vt 0.94523948 0.38986564
vt 0.50842732 0.56984144
vt 0.94600695 0.26086086
vt 0.5074169 0.44167
vt 0.50884652 0.44089234
vt 0.9456588 0.25925386
vt 0.50884652 0.44089234
vt 0.94593805 0.2604782
vt 0.50769925 0.44140285
vt 0.93515283 0.55145752
vt 0.94551885 0.38864124
vt 0.94600677 0.3882587
vt 0.5074169 0.56906366
vt 0.50884652 0.43738121
vt 0.50884652 0.43738121
vt 0.97254109 0.40396458
vt 0.50884652 0.56984144
vt 0.94565874 0.38986564
vt 0.50884652 0.56984144
vt 0.94593799 0.38864124
vt 0.50769943 0.56933087
vt 0.93620718 0.86695743
vt 0.50884652 0.57335252
vt 0.97254157 0.33041614
vt 0.53980547 0.43776214
vt 0.53980547 0.43776214
vt 0.53980547 0.43776214
vt 0.53980547 0.57297152
vt 0.53980547 0.57297152
vt 0.93620694 0.83561695
vt 0.93620718 0.86657643
vt 0.50884652 0.57297146
vt 0.93620718 0.86657643
vt 0.1837828 0.98408681
vt 0.54052186 0.57335252
vt 0.97207856 0.29920375
vt 0.54052186 0.57335252
vt 0.93685091 0.86695755
vt 0.18378277 0.95282781
vt 0.9718976 0.33041614
vt 0.54026824 0.57297152
vt 0.18416382 0.98383307
vt 0.54026824 0.57297152
vt 0.93666965 0.83561695
vt 0.93685091 0.86657643
vt 0.18416382 0.95282793
vt 0.93685091 0.86657643
vt 0.97333765 0.29920375
vt 0.54178089 0.57335252
vt 0.54178089 0.57335252
vt 0.97333765 0.33061337
vt 0.57319081 0.57335252
vt 0.97207856 0.30553854
vt 0.18378259 0.97775209
vt 0.50884652 0.43776208
vt 0.50884652 0.43776208
vt 0.50884652 0.43776208
vt 0.54052198 0.43738121
vt 0.98362446 0.89831108
vt 0.97207838 0.43517691
vt 0.54052198 0.43738121
vt 0.50949049 0.43738121
vt 0.98362446 0.86704874
vt 0.97189736 0.40396458
vt 0.54026824 0.43776214
vt 0.54026824 0.43776214
vt 0.98324335 0.89805746
vt 0.53980547 0.43729943
vt 0.50949049 0.43776214
vt 0.98324353 0.86704886
vt 0.5088464 0.43711817
vt 0.97333741 0.43517691
vt 0.54178089 0.43738121
vt 0.54178089 0.43738121
vt 0.97333741 0.40376723
vt 0.57319081 0.43738121
vt 0.93666971 0.84169811
vt 0.18416359 0.97775209
vt 0.97189748 0.30586767
vt 0.18378259 0.97737616
vt 0.93685091 0.84202737
vt 0.18416359 0.97737616
vt 0.53206003 0.57297152
vt 0.936207 0.84336257
vt 0.97207838 0.42884231
vt 0.98362446 0.89197582
vt 0.53372455 0.43729943
vt 0.98324353 0.89197582
vt 0.97189724 0.42851305
vt 0.98362446 0.89159995
vt 0.53339517 0.43711829
vt 0.98324353 0.89159995
vt 0.53206003 0.43776208
vt 0.53206003 0.43776208
vt 0.32580084 0.91627753
vt 0.94499838 0.10241055
vt 0.98015195 0.24294573
vt 0.25109565 0.97275519
vt 0.32580084 0.91518635
vt 0.94458079 0.10341871
vt 0.98015195 0.24393696
vt 0.2517966 0.97345608
vt 0.32580084 0.91409504
vt 0.94380915 0.10419041
vt 0.98015195 0.24492812
vt 0.25271237 0.97383535
vt 0.32580084 0.9130038
vt 0.942801 0.10460788
vt 0.98015195 0.24591935
vt 0.25370359 0.97383541
vt 0.32580084 0.91191262
vt 0.94170976 0.10460788
vt 0.98015195 0.24691063
vt 0.25461948 0.97345603
vt 0.32580084 0.91082132
vt 0.94070154 0.10419041
vt 0.98015195 0.24790192
vt 0.25532031 0.97275519
vt 0.32580084 0.90973008
vt 0.93992996 0.10341871
vt 0.98015195 0.24889314
vt 0.25569952 0.97183931
vt 0.32580084 0.90863883
vt 0.93951237 0.10241055
vt 0.98015195 0.24988437
vt 0.25569963 0.97084808
vt 0.93951237 0.10131931
vt 0.32580084 0.9250074
vt 0.32580084 0.90754759
vt 0.25532031 0.96993232
vt 0.98015201 0.25087559
vt 0.98015201 0.23501587
vt 0.93992996 0.10031116
vt 0.32580084 0.92391616
vt 0.25461936 0.96923137
vt 0.98015195 0.23600709
vt 0.94070154 0.099539578
vt 0.32580084 0.92282492
vt 0.25370371 0.96885204
vt 0.98015195 0.23699832
vt 0.94170976 0.099121928
vt 0.32580084 0.92173374
vt 0.25271237 0.96885204
vt 0.98015195 0.2379896
vt 0.942801 0.099121928
vt 0.32580084 0.9206425
vt 0.2517966 0.96923137
vt 0.98015195 0.23898077
vt 0.94380915 0.099539578
vt 0.32580084 0.91955125
vt 0.25109577 0.96993226
vt 0.98015195 0.239972
vt 0.94458079 0.10031116
vt 0.32580084 0.91846007
vt 0.25071633 0.97084814
vt 0.98015195 0.24096328
vt 0.94499838 0.10131931
vt 0.32580084 0.91736877
vt 0.25071633 0.97183931
vt 0.98015195 0.24195451
vt 0.25135601 0.97411537
vt 0.5453825 0.93401653
vt 0.25043631 0.97319561
vt 0.5453825 0.9353171
vt 0.25255752 0.97461313
vt 0.5453825 0.93271589
vt 0.25385833 0.97461313
vt 0.5453825 0.93141514
vt 0.25505996 0.97411537
vt 0.5453825 0.93011451
vt 0.25597966 0.97319573
vt 0.5453825 0.92881387
vt 0.25647736 0.97199404
vt 0.5453825 0.92751318
vt 0.25647736 0.97069335
vt 0.5453825 0.92621249
vt 0.5453825 0.94572258
vt 0.5453825 0.9249118
vt 0.25597978 0.96949166
vt 0.5453825 0.94442195
vt 0.25506008 0.9685719
vt 0.5453825 0.94312119
vt 0.25385833 0.96807432
vt 0.5453825 0.9418205
vt 0.25255752 0.9680742
vt 0.5453825 0.94051987
vt 0.25135589 0.96857202
vt 0.5453825 0.93921918
vt 0.25043631 0.96949172
vt 0.5453825 0.93791848
vt 0.24993861 0.97069335
vt 0.5453825 0.93661779
vt 0.24993861 0.9719941
vt 0.97823977 0.047091365
vt 0.98085171 0.24393696
vt 0.97682834 0.049203634
vt 0.98085171 0.24492812
vt 0.97774416 0.049582958
vt 0.98085171 0.24591935
vt 0.97873545 0.049582958
vt 0.98085171 0.24988437
vt 0.98073149 0.046595633
vt 0.98035216 0.045679867
vt 0.98085171 0.25087559
vt 0.98085171 0.23501587
vt 0.98085171 0.24294573
vt 0.97612739 0.048502743
vt 0.97682834 0.044978917
vt 0.98085171 0.23898077
vt 0.97612739 0.045679867
vt 0.98085171 0.239972
vt 0.98085171 0.24790192
vt 0.98035216 0.048502743
vt 0.98085171 0.24889314
vt 0.98073149 0.047586918
vt 0.97873545 0.044599533
vt 0.98085171 0.23699832
vt 0.97774416 0.044599533
vt 0.98085171 0.2379896
vt 0.97574812 0.047586918
vt 0.98085171 0.24195451
vt 0.98085171 0.24691063
vt 0.97965121 0.049203634
vt 0.97965121 0.044978917
vt 0.98085171 0.23600709
vt 0.97574812 0.046595633
vt 0.98085171 0.24096328
vt 0.94552487 0.10251528
vt 0.55643094 0.9353171
vt 0.94502717 0.10371691
vt 0.55643094 0.93401653
vt 0.94410729 0.10463667
vt 0.55643094 0.93271589
vt 0.94290572 0.10513443
vt 0.55643094 0.93141514
vt 0.94160509 0.10513443
vt 0.55643094 0.93011451
vt 0.9404034 0.10463667
vt 0.55643094 0.92881387
vt 0.9394837 0.10371691
vt 0.55643094 0.92751318
vt 0.93898588 0.10251528
vt 0.55643094 0.92621249
vt 0.55643094 0.94572258
vt 0.55643094 0.9249118
vt 0.93898588 0.10121459
vt 0.55643094 0.94442195
vt 0.9394837 0.1000129
vt 0.55643094 0.94312119
vt 0.9404034 0.099093139
vt 0.55643094 0.9418205
vt 0.94160509 0.09859544
vt 0.55643094 0.94051987
vt 0.94290572 0.09859544
vt 0.55643094 0.93921918
vt 0.94410729 0.099093139
vt 0.55643094 0.93791848
vt 0.94502717 0.1000129
vt 0.55643094 0.93661779
vt 0.94552487 0.10121459
vt 0.46421123 0.97650856
vt 0.32615086 0.91846007
vt 0.46695429 0.97596282
vt 0.46540046 0.97828835
vt 0.32615086 0.9206425
vt 0.32615086 0.90863883
vt 0.46969724 0.97650856
vt 0.32615086 0.91518635
vt 0.46540046 0.97363758
vt 0.32615086 0.91409504
vt 0.46640861 0.97321993
vt 0.46462882 0.97751671
vt 0.32615086 0.91955125
vt 0.46927959 0.97751671
vt 0.32615086 0.9250074
vt 0.32615086 0.90754759
vt 0.46850801 0.97828835
vt 0.32615086 0.92391616
vt 0.32615086 0.9130038
vt 0.46749985 0.97321993
vt 0.32615086 0.91191262
vt 0.46850801 0.97363758
vt 0.46421123 0.97541732
vt 0.32615086 0.91736877
vt 0.32615086 0.91627753
vt 0.46462882 0.9744091
vt 0.46749985 0.97870594
vt 0.32615086 0.92282492
vt 0.46640861 0.97870594
vt 0.32615086 0.92173374
vt 0.32615086 0.91082132
vt 0.46927959 0.9744091
vt 0.32615086 0.90973008
vt 0.46969724 0.97541732
vt 0.95489287 0.97234464
vt 0.95745838 0.099121988
vt 0.95489287 0.97343576
vt 0.95846665 0.099539578
vt 0.95489287 0.97452682
vt 0.95923817 0.10031122
vt 0.95489287 0.97561789
vt 0.95965576 0.10131943
vt 0.95489287 0.97670901
vt 0.95965588 0.10241055
vt 0.95489287 0.97780007
vt 0.95923817 0.10341877
vt 0.95489287 0.97889119
vt 0.95846677 0.10419041
vt 0.95489287 0.97998238
vt 0.9574585 0.10460806
vt 0.95636725 0.10460806
vt 0.95489287 0.98107344
vt 0.95489287 0.96361589
vt 0.9553591 0.10419047
vt 0.95489287 0.96470702
vt 0.95458746 0.10341889
vt 0.95489287 0.96579808
vt 0.95416975 0.10241067
vt 0.95489287 0.9668892
vt 0.95416975 0.10131943
vt 0.95489287 0.96798033
vt 0.95458734 0.10031128
vt 0.95489287 0.96907145
vt 0.95535898 0.099539578
vt 0.95489287 0.97016251
vt 0.95636725 0.099121988
vt 0.95489287 0.97125357
vt 0.95756328 0.0985955
vt 0.95876491 0.099093258
vt 0.95968461 0.10001296
vt 0.96018231 0.10121465
vt 0.96018231 0.10251534
vt 0.95968473 0.10371697
vt 0.95876503 0.10463667
vt 0.95756328 0.10513449
vt 0.95626259 0.10513449
vt 0.95506084 0.10463679
vt 0.95414114 0.10371709
vt 0.95364344 0.10251534
vt 0.95364344 0.10121471
vt 0.95414114 0.10001302
vt 0.95506084 0.099093318
vt 0.95626247 0.0985955
vt 0.36758983 0.97514367
vt 0.95454282 0.97016251
vt 0.36484671 0.97568929
vt 0.3664006 0.97336388
vt 0.95454282 0.96798033
vt 0.95454282 0.97998238
vt 0.36210382 0.97514367
vt 0.95454282 0.97343576
vt 0.3664006 0.97801471
vt 0.95454282 0.97452682
vt 0.36539245 0.9784323
vt 0.36717218 0.97413552
vt 0.95454282 0.96907145
vt 0.36252141 0.97413552
vt 0.95454288 0.98107344
vt 0.95454288 0.96361589
vt 0.36329299 0.97336388
vt 0.95454282 0.96470702
vt 0.95454282 0.97561789
vt 0.3643012 0.9784323
vt 0.95454282 0.97670901
vt 0.36329299 0.97801471
vt 0.36758983 0.97623491
vt 0.95454282 0.97125357
vt 0.95454282 0.97234464
vt 0.36717218 0.97724307
vt 0.3643012 0.97294629
vt 0.95454282 0.96579808
vt 0.36539245 0.97294629
vt 0.95454282 0.9668892
vt 0.95454282 0.97780007
vt 0.36252141 0.97724307
vt 0.95454282 0.97889119
vt 0.36210382 0.97623491
vt 0.73136204 0.78489894
vt 0.49310255 0.018269002
vt 0.73035997 0.784899
vt 0.49424022 0.018269002
vt 0.49523711 0.018268883
vt 0.49620053 0.018268883
vt 0.49716392 0.018268883
vt 0.49816066 0.018268883
vt 0.49929833 0.018269002
vt 0.73440796 0.784899
vt 0.73340595 0.784899
vt 0.73238391 0.78489894
vt 0.73136204 0.76344138
vt 0.49310255 0.039357126
vt 0.73035997 0.76344138
vt 0.49424019 0.039357126
vt 0.49523711 0.039357126
vt 0.49620053 0.039357126
vt 0.49716392 0.039357126
vt 0.49816066 0.039357126
vt 0.49929833 0.039357126
vt 0.73440796 0.76344138
vt 0.73340595 0.76344138
vt 0.73238391 0.76344138
vt 0.73136204 0.743424
vt 0.49310255 0.059029818
vt 0.73035997 0.743424
vt 0.49424019 0.059029698
vt 0.49523711 0.059029698
vt 0.49620053 0.059029698
vt 0.49716392 0.059029698
vt 0.49816066 0.059029698
vt 0.49929833 0.059029818
vt 0.73440796 0.743424
vt 0.73340595 0.743424
vt 0.73238391 0.743424
vt 0.73136204 0.72645414
vt 0.49310255 0.075707376
vt 0.73035997 0.72645414
vt 0.49424019 0.075707376
vt 0.49523711 0.075707376
vt 0.49620053 0.075707376
vt 0.49716392 0.075707376
vt 0.49816066 0.075707376
vt 0.49929833 0.075707376
vt 0.73440796 0.72645414
vt 0.73340595 0.72645414
vt 0.73238391 0.72645414
vt 0.73136204 0.71444875
vt 0.49310255 0.087506115
vt 0.73035997 0.71444875
vt 0.49424019 0.087506115
vt 0.49523711 0.087506115
vt 0.49620053 0.087506115
vt 0.49716392 0.087506115
vt 0.49816066 0.087506115
vt 0.49929833 0.087506115
vt 0.73440796 0.71444875
vt 0.73340595 0.71444875
vt 0.73238391 0.71444875
vt 0.73136204 0.70669973
vt 0.49310255 0.095121622
vt 0.73035997 0.70669973
vt 0.49424019 0.095121622
vt 0.49523711 0.095121622
vt 0.49620053 0.095121622
vt 0.49716392 0.095121622
vt 0.49816066 0.095121622
vt 0.49929833 0.095121622
vt 0.73440796 0.70669973
vt 0.73340595 0.70669973
vt 0.73238391 0.70669973
vt 0.73136204 0.7021237
vt 0.49310255 0.099618912
vt 0.73035997 0.7021237
vt 0.49424019 0.099618912
vt 0.49523711 0.099618912
vt 0.49620053 0.099618912
vt 0.49716392 0.099618912
vt 0.49816066 0.099618912
vt 0.49929833 0.099618912
vt 0.73440796 0.7021237
vt 0.73340595 0.7021237
vt 0.73238391 0.7021237
vt 0.73136204 0.69933414
vt 0.49310255 0.10236031
vt 0.73035997 0.69933414
vt 0.49424019 0.10236031
vt 0.49523711 0.10236031
vt 0.49620053 0.10236031
vt 0.49716392 0.10236031
vt 0.49816066 0.10236031
vt 0.49929833 0.10236031
vt 0.73440796 0.69933414
vt 0.73340595 0.69933414
vt 0.73238391 0.69933414
vt 0.73136204 0.69686878
vt 0.49310255 0.1047833
vt 0.73035997 0.69686878
vt 0.49424019 0.1047833
vt 0.49523711 0.1047833
vt 0.49620053 0.1047833
vt 0.49716392 0.1047833
vt 0.49816066 0.10478318
vt 0.49929833 0.1047833
vt 0.73440796 0.69686878
vt 0.73340595 0.69686878
vt 0.73238391 0.69686878
vt 0.73136204 0.69436663
vt 0.49310255 0.10724235
vt 0.73035997 0.69436663
vt 0.49424019 0.10724235
vt 0.49523711 0.10724235
vt 0.49620053 0.10724235
vt 0.49716392 0.10724235
vt 0.49816066 0.10724235
vt 0.49929833 0.10724235
vt 0.73440796 0.69436663
vt 0.73340595 0.69436663
vt 0.73238391 0.69436663
vt 0.73136204 0.69174296
vt 0.49310255 0.10982078
vt 0.73036003 0.69174296
vt 0.49424019 0.10982078
vt 0.49523711 0.10982078
vt 0.49620053 0.10982078
vt 0.49716392 0.10982078
vt 0.49816066 0.10982078
vt 0.49929833 0.10982078
vt 0.73440796 0.69174296
vt 0.73340595 0.69174296
vt 0.73238391 0.69174296
vt 0.73136204 0.68844789
vt 0.49310255 0.1130591
vt 0.73036003 0.68844789
vt 0.49424022 0.1130591
vt 0.49523711 0.1130591
vt 0.49620053 0.1130591
vt 0.49716392 0.1130591
vt 0.49816066 0.1130591
vt 0.49929833 0.1130591
vt 0.73440796 0.68844789
vt 0.73340595 0.68844789
vt 0.73238391 0.68844789
vt 0.73136204 0.68255371
vt 0.49310255 0.11885202
vt 0.73036003 0.68255371
vt 0.49424019 0.1188519
vt 0.49523711 0.1188519
vt 0.49620053 0.1188519
vt 0.49716392 0.1188519
vt 0.49816066 0.1188519
vt 0.49929833 0.11885202
vt 0.73440796 0.68255371
vt 0.73340595 0.68255371
vt 0.73238391 0.68255371
vt 0.73136204 0.66677481
vt 0.49310255 0.13435948
vt 0.73036003 0.66677481
vt 0.49424019 0.13435948
vt 0.49523711 0.13435948
vt 0.49620053 0.13435948
vt 0.49716392 0.1343596
vt 0.49816066 0.13435948
vt 0.49929833 0.13435948
vt 0.73440796 0.66677481
vt 0.73340595 0.66677481
vt 0.73238391 0.66677481
vt 0.73136204 0.64329046
vt 0.49310255 0.15744001
vt 0.73036003 0.64329046
vt 0.49424016 0.15744001
vt 0.49523711 0.15744001
vt 0.4962005 0.15744001
vt 0.49716389 0.15744001
vt 0.49816066 0.15744001
vt 0.49929833 0.15744001
vt 0.73440796 0.64329046
vt 0.73340595 0.64329046
vt 0.73238391 0.64329046
vt 0.73136204 0.5876717
vt 0.49310255 0.21210241
vt 0.73036003 0.5876717
vt 0.49424016 0.21210241
vt 0.49523711 0.21210241
vt 0.4962005 0.21210241
vt 0.49716389 0.21210241
vt 0.49816066 0.21210241
vt 0.49929833 0.21210241
vt 0.73440796 0.5876717
vt 0.73340595 0.5876717
vt 0.73238391 0.5876717
vt 0.73136204 0.50863707
vt 0.49310255 0.28977799
vt 0.73036003 0.50863707
vt 0.49424019 0.28977799
vt 0.49523711 0.28977799
vt 0.4962005 0.28977799
vt 0.49716389 0.28977799
vt 0.49816066 0.28977799
vt 0.49929833 0.28977799
vt 0.73440802 0.50863707
vt 0.73340595 0.50863707
vt 0.73238391 0.50863707
vt 0.73136204 0.41705251
vt 0.49310252 0.3797878
vt 0.73036003 0.41705245
vt 0.49424016 0.37978792
vt 0.49523708 0.37978792
vt 0.4962005 0.37978792
vt 0.49716389 0.37978792
vt 0.49816066 0.37978792
vt 0.49929833 0.3797878
vt 0.73440802 0.41705245
vt 0.73340601 0.41705251
vt 0.73238397 0.41705251
vt 0.73136204 0.32538152
vt 0.49310252 0.46988249
vt 0.73036003 0.32538152
vt 0.49424016 0.46988249
vt 0.49523708 0.46988249
vt 0.4962005 0.46988249
vt 0.49716389 0.46988249
vt 0.49816066 0.46988249
vt 0.49929833 0.46988249
vt 0.73440802 0.32538152
vt 0.73340601 0.32538152
vt 0.73238397 0.32538152
vt 0.73136204 0.24646455
vt 0.49310249 0.54744208
vt 0.73036003 0.24646461
vt 0.49424016 0.54744214
vt 0.49523705 0.54744214
vt 0.4962005 0.54744214
vt 0.49716386 0.54744214
vt 0.49816063 0.54744214
vt 0.4992983 0.54744208
vt 0.73440802 0.24646461
vt 0.73340601 0.24646455
vt 0.73238397 0.24646455
vt 0.73136204 0.19029629
vt 0.49310249 0.60264432
vt 0.73036003 0.19029641
vt 0.49424016 0.60264432
vt 0.49523705 0.60264432
vt 0.4962005 0.60264432
vt 0.49716386 0.60264432
vt 0.49816063 0.60264432
vt 0.4992983 0.60264432
vt 0.73440802 0.19029641
vt 0.73340601 0.19029629
vt 0.73238397 0.19029629
vt 0.73136204 0.15546548
vt 0.49310249 0.63687605
vt 0.73036003 0.1554656
vt 0.49424016 0.63687605
vt 0.49523705 0.63687605
vt 0.4962005 0.63687605
vt 0.49716386 0.63687605
vt 0.49816063 0.63687605
vt 0.4992983 0.63687605
vt 0.73440802 0.1554656
vt 0.73340601 0.15546548
vt 0.73238397 0.15546548
vt 0.7313621 0.1372059
vt 0.49310249 0.65482157
vt 0.73036003 0.1372059
vt 0.49424016 0.65482157
vt 0.49523705 0.65482157
vt 0.4962005 0.65482157
vt 0.49716386 0.65482157
vt 0.49816063 0.65482157
vt 0.4992983 0.65482157
vt 0.73440802 0.1372059
vt 0.73340601 0.1372059
vt 0.73238397 0.1372059
vt 0.7313621 0.1290828
vt 0.49310249 0.66280514
vt 0.73036003 0.12908268
vt 0.49424016 0.66280514
vt 0.49523705 0.66280514
vt 0.4962005 0.66280514
vt 0.49716386 0.66280514
vt 0.49816063 0.66280514
vt 0.4992983 0.66280514
vt 0.73440802 0.12908268
vt 0.73340601 0.1290828
vt 0.73238397 0.1290828
vt 0.7313621 0.12442136
vt 0.49310249 0.66738635
vt 0.73036003 0.12442136
vt 0.49424016 0.66738635
vt 0.49523705 0.66738635
vt 0.4962005 0.66738635
vt 0.49716386 0.66738635
vt 0.4981606 0.66738635
vt 0.4992983 0.66738635
vt 0.73440802 0.12442136
vt 0.73340601 0.12442136
vt 0.73238397 0.12442136
vt 0.7313621 0.1214453
vt 0.49310249 0.67031115
vt 0.73036003 0.12144542
vt 0.49424016 0.67031115
vt 0.49523705 0.67031115
vt 0.4962005 0.67031115
vt 0.49716386 0.67031115
vt 0.49816063 0.67031115
vt 0.4992983 0.67031115
vt 0.73440802 0.12144542
vt 0.73340601 0.1214453
vt 0.73238397 0.1214453
vt 0.7313621 0.11846471
vt 0.49310249 0.67324042
vt 0.73036003 0.11846483
vt 0.49424016 0.67324042
vt 0.49523705 0.67324042
vt 0.4962005 0.67324042
vt 0.49716386 0.67324042
vt 0.49816063 0.67324042
vt 0.4992983 0.67324042
vt 0.73440802 0.11846483
vt 0.73340601 0.11846471
vt 0.73238397 0.11846471
vt 0.7313621 0.11527598
vt 0.49310249 0.6763745
vt 0.73036003 0.11527598
vt 0.49424016 0.6763745
vt 0.49523705 0.6763745
vt 0.4962005 0.6763745
vt 0.49716386 0.6763745
vt 0.4981606 0.6763745
vt 0.4992983 0.6763745
vt 0.73440802 0.11527598
vt 0.73340601 0.11527598
vt 0.73238397 0.11527598
vt 0.7313621 0.11148155
vt 0.49310249 0.68010354
vt 0.73036003 0.11148155
vt 0.49424013 0.68010354
vt 0.49523705 0.68010354
vt 0.49620047 0.68010354
vt 0.49716383 0.68010354
vt 0.4981606 0.68010354
vt 0.49929827 0.68010354
vt 0.73440802 0.11148155
vt 0.73340601 0.11148155
vt 0.73238397 0.11148155
vt 0.7313621 0.10598087
vt 0.49310249 0.68550974
vt 0.73036003 0.10598087
vt 0.49424013 0.68550974
vt 0.49523705 0.68550974
vt 0.49620047 0.68550974
vt 0.49716383 0.68550974
vt 0.4981606 0.68550974
vt 0.49929827 0.68550974
vt 0.73440802 0.10598087
vt 0.73340601 0.10598087
vt 0.73238397 0.10598087
vt 0.7313621 0.097534597
vt 0.49310249 0.69381082
vt 0.73036003 0.097534597
vt 0.49424013 0.69381082
vt 0.49523705 0.69381082
vt 0.49620047 0.69381082
vt 0.49716383 0.69381082
vt 0.4981606 0.69381082
vt 0.49929827 0.69381082
vt 0.73440802 0.097534597
vt 0.73340601 0.097534597
vt 0.73238397 0.097534597
vt 0.7313621 0.085082293
vt 0.49310249 0.70604897
vt 0.73036003 0.085082293
vt 0.49424013 0.70604897
vt 0.49523705 0.70604897
vt 0.49620047 0.70604897
vt 0.49716383 0.70604897
vt 0.4981606 0.70604897
vt 0.49929827 0.70604897
vt 0.73440802 0.085082293
vt 0.73340601 0.085082293
vt 0.73238397 0.085082293
vt 0.7313621 0.067949295
vt 0.49310249 0.72288734
vt 0.73036003 0.067949295
vt 0.49424013 0.72288734
vt 0.49523705 0.72288734
vt 0.49620047 0.72288734
vt 0.49716383 0.72288734
vt 0.4981606 0.72288734
vt 0.49929827 0.72288734
vt 0.73440802 0.067949295
vt 0.73340601 0.067949295
vt 0.73238397 0.067949295
vt 0.7313621 0.046802759
vt 0.49310249 0.74367023
vt 0.73036003 0.046802759
vt 0.49424013 0.74367023
vt 0.49523705 0.74367023
vt 0.49620047 0.74367023
vt 0.49716383 0.74367023
vt 0.4981606 0.74367023
vt 0.49929827 0.74367023
vt 0.73440802 0.046802759
vt 0.73340601 0.046802759
vt 0.73238397 0.046802759
vt 0.7313621 0.022729397
vt 0.49310249 0.76732963
vt 0.73036003 0.022729397
vt 0.49424013 0.76732963
vt 0.49523705 0.76732963
vt 0.49620047 0.76732963
vt 0.49716383 0.76732963
vt 0.4981606 0.76732963
vt 0.49929827 0.76732963
vt 0.73440802 0.022729397
vt 0.73340601 0.022729397
vt 0.73238397 0.022729397
vt 0.35071024 0.91146088
vt 0.34957907 0.91146237
vt 0.34844449 0.91143441
vt 0.34726277 0.91136467
vt 0.73136204 0.34331256
vt 0.73136204 0.34742635
vt 0.73238397 0.34742635
vt 0.73238397 0.34331256
vt 0.49310252 0.45225984
vt 0.73036003 0.34331256
vt 0.49310252 0.4482168
vt 0.73036003 0.34742635
vt 0.49424016 0.45225984
vt 0.49424016 0.44821686
vt 0.49523708 0.45225984
vt 0.49523708 0.4482168
vt 0.4962005 0.45225984
vt 0.4962005 0.4482168
vt 0.49716389 0.45225984
vt 0.49716389 0.4482168
vt 0.49816066 0.45225984
vt 0.49816063 0.4482168
vt 0.49929833 0.45225984
vt 0.73440802 0.34331256
vt 0.49929833 0.4482168
vt 0.73440802 0.34742635
vt 0.73340601 0.34331256
vt 0.73340601 0.34742635
vt 0.34926167 0.87495071
vt 0.94233757 0.083180368
vt 0.9422518 0.051202834
vt 0.9421339 0.081657588
vt 0.94296974 0.052122235
vt 0.94299507 0.081775308
vt 0.94258904 0.081672788
vt 0.94183338 0.082615912
vt 0.34840748 0.90548784
vt 0.34983549 0.87423468
vt 0.34875408 0.90390235
vt 0.34912911 0.87496805
vt 0.34788504 0.90396094
vt 0.34829566 0.903889
vt 0.94114709 0.050749063
vt 0.94114709 0.050749063
vt 0.94115824 0.081678867
vt 0.34900144 0.90491432
vt 0.94116038 0.082816482
vt 0.35076252 0.87393123
vt 0.34974363 0.90396678
vt 0.94205135 0.082852423
vt 0.94116199 0.083358169
vt 0.34970954 0.90515667
vt 0.34875008 0.90515417
vt 0.34969386 0.90574437
vt 0.93998331 0.083187521
vt 0.94116396 0.083829045
vt 0.94310045 0.05259186
vt 0.94004571 0.051205814
vt 0.94219959 0.052607894
vt 0.94287443 0.052600741
vt 0.34968093 0.90626508
vt 0.94114953 0.052611887
vt 0.94018179 0.081659913
vt 0.34896854 0.87533987
vt 0.93931967 0.081779361
vt 0.93972623 0.081675887
vt 0.34977338 0.87543792
vt 0.34916171 0.87538141
vt 0.35070661 0.87548864
vt 0.94048601 0.082619011
vt 0.35098746 0.90555584
vt 0.34960184 0.91013545
vt 0.941185 0.087258697
vt 0.94214511 0.087211847
vt 0.34630176 0.90984297
vt 0.94311827 0.087116718
vt 0.3485209 0.91007668
vt 0.94267946 0.083090484
vt 0.94169742 0.081669688
vt 0.34742215 0.90996432
vt 0.34803692 0.90535194
vt 0.34919617 0.90393698
vt 0.94117141 0.085315108
vt 0.94210899 0.085120857
vt 0.34669575 0.90722454
vt 0.94291979 0.084818184
vt 0.34964344 0.90793711
vt 0.94198489 0.082237899
vt 0.94155002 0.082753003
vt 0.34858379 0.9076997
vt 0.94173908 0.083655298
vt 0.34766337 0.90733618
vt 0.35165974 0.87430006
vt 0.34886888 0.90450722
vt 0.94171995 0.050869107
vt 0.94114739 0.050992012
vt 0.94115925 0.082306266
vt 0.34929618 0.90507507
vt 0.34904507 0.9060539
vt 0.35073367 0.90396267
vt 0.94271529 0.082458615
vt 0.35029486 0.87400192
vt 0.94163013 0.083224237
vt 0.94237697 0.08230418
vt 0.3507553 0.87412411
vt 0.34972462 0.90461665
vt 0.34809324 0.9046706
vt 0.35159311 0.90407461
vt 0.34918651 0.90558213
vt 0.35119024 0.90397751
vt 0.34845743 0.90454549
vt 0.94116539 0.0841555
vt 0.35042867 0.90495437
vt 0.34967223 0.9066295
vt 0.9402687 0.082857132
vt 0.94220763 0.083748937
vt 0.34698859 0.9056294
vt 0.94289696 0.083396614
vt 0.34851292 0.90613562
vt 0.94302845 0.082237244
vt 0.94219798 0.051430225
vt 0.94283158 0.052191973
vt 0.35066536 0.90520638
vt 0.34772983 0.90568012
vt 0.34780499 0.90441513
vt 0.94170105 0.052610755
vt 0.34985766 0.87443066
vt 0.93919909 0.052594423
vt 0.35021642 0.8754667
vt 0.94009948 0.052609265
vt 0.93942487 0.052601993
vt 0.35244802 0.8754608
vt 0.35164008 0.87550259
vt 0.34825608 0.87514043
vt 0.94331396 0.05256182
vt 0.35079035 0.8731994
vt 0.94114679 0.050534725
vt 0.34707734 0.90377599
vt 0.94325805 0.081621587
vt 0.35225466 0.87548912
vt 0.34879366 0.87527853
vt 0.35076907 0.87376416
vt 0.34763685 0.90379304
vt 0.34897551 0.87488133
vt 0.34708193 0.90527576
vt 0.94303679 0.083091855
vt 0.34940258 0.87363297
vt 0.94239455 0.051041961
vt 0.34764168 0.90529048
vt 0.34973475 0.87408876
vt 0.35015282 0.91146362
vt 0.94022357 0.08722657
vt 0.35289457 0.90995735
vt 0.93924659 0.087146759
vt 0.35068235 0.91011304
vt 0.93963927 0.083099484
vt 0.94061875 0.081671059
vt 0.35178092 0.91004157
vt 0.35136142 0.90544105
vt 0.35029146 0.90397036
vt 0.94023073 0.085132122
vt 0.3526009 0.90735137
vt 0.93941373 0.084838092
vt 0.34811518 0.90750647
vt 0.94033271 0.08224076
vt 0.94077033 0.082754731
vt 0.35070953 0.90774471
vt 0.94058669 0.083659887
vt 0.35163906 0.90742236
vt 0.34906259 0.91011393
vt 0.3505837 0.90455723
vt 0.34797558 0.91002232
vt 0.94252288 0.084958732
vt 0.94057435 0.050870717
vt 0.94166446 0.087243497
vt 0.34909967 0.90786242
vt 0.94060117 0.051101685
vt 0.34924898 0.90456969
vt 0.94262856 0.087167084
vt 0.35012642 0.90509808
vt 0.94165248 0.085256636
vt 0.34906098 0.90646333
vt 0.94161665 0.082277715
vt 0.35032544 0.90608567
vt 0.939601 0.082464397
vt 0.3481051 0.90587795
vt 0.35122427 0.87403136
vt 0.94069296 0.083227217
vt 0.94171309 0.084020615
vt 0.34793028 0.90481293
vt 0.93994009 0.082308352
vt 0.35120198 0.87414587
vt 0.94257295 0.083542168
vt 0.35134372 0.90476418
vt 0.94287169 0.082615912
vt 0.35020849 0.90560901
vt 0.35099009 0.90461904
vt 0.35029981 0.87419707
vt 0.94011772 0.083757579
vt 0.3523806 0.90576577
vt 0.93942237 0.083408773
vt 0.35085008 0.90619338
vt 0.93928659 0.082242727
vt 0.93930918 0.0522331
vt 0.9400993 0.051432729
vt 0.93946803 0.052195549
vt 0.35164776 0.90578109
vt 0.35164455 0.90452904
vt 0.35233238 0.87517196
vt 0.94059777 0.052611232
vt 0.34761432 0.90427059
vt 0.9416942 0.051109374
vt 0.35162398 0.87449294
vt 0.35219315 0.87513804
vt 0.3511962 0.87550026
vt 0.34761074 0.9049837
vt 0.3531656 0.87530613
vt 0.93898588 0.052562296
vt 0.35024449 0.87383711
vt 0.35240713 0.90394366
vt 0.93905616 0.081625283
vt 0.34708175 0.90426773
vt 0.94324166 0.08211869
vt 0.34850058 0.87457842
vt 0.94316429 0.0520311
vt 0.34710613 0.90498233
vt 0.94311845 0.082816839
vt 0.35007873 0.87329638
vt 0.94179946 0.050668418
vt 0.35262409 0.87540847
vt 0.3518503 0.90392333
vt 0.35245183 0.87501514
vt 0.35230562 0.90541607
vt 0.93927985 0.083102345
vt 0.35213932 0.87373966
vt 0.93990052 0.051048994
vt 0.35175493 0.90540141
vt 0.3517715 0.87416393
vt 0.3511835 0.90757209
vt 0.35014096 0.91013187
vt 0.35122749 0.91007841
vt 0.93981379 0.084974349
vt 0.94070524 0.087250888
vt 0.35018906 0.90788531
vt 0.3502017 0.90459728
vt 0.93973851 0.087189317
vt 0.94068938 0.085262418
vt 0.35028955 0.90649277
vt 0.94070172 0.082279444
vt 0.35126695 0.90595794
vt 0.94061595 0.0840258
vt 0.35149679 0.90491444
vt 0.93974936 0.083552837
vt 0.93944436 0.082622826
vt 0.35184214 0.90439767
vt 0.35180232 0.90510088
vt 0.35128626 0.87387347
vt 0.35236815 0.90442908
vt 0.93907225 0.082123637
vt 0.35299608 0.87483388
vt 0.93911415 0.052140236
vt 0.35229853 0.90512896
vt 0.93919665 0.082825363
vt 0.35149279 0.87334931
vt 0.94049376 0.050670266
vt 0.35127875 0.91144419
vt 0.34901372 0.91145039
vt 0.34786972 0.91140163
vt 0.53670382 0.91678071
vt 0.53506893 0.94925636
vt 0.53601557 0.94915736
vt 0.53694111 0.94899374
vt 0.82930875 0.90982777
vt 0.83238149 0.91284901
vt 0.8312434 0.91279745
vt 0.83267188 0.87743503
vt 0.53412062 0.94916981
vt 0.83009124 0.91270494
vt 0.83208823 0.8780219
vt 0.53319031 0.94901818
vt 0.83564311 0.91003257
vt 0.53622973 0.94622922
vt 0.83246362 0.91032028
vt 0.53614575 0.91590166
vt 0.83140576 0.91018206
vt 0.53602457 0.94470924
vt 0.53688389 0.94482684
vt 0.53647882 0.94472426
vt 0.83352041 0.91286641
vt 0.83037305 0.9099679
vt 0.5357247 0.94566631
vt 0.83438015 0.87749028
vt 0.831285 0.90687436
vt 0.83263743 0.87732065
vt 0.83163762 0.90529823
vt 0.83196485 0.87803942
vt 0.83077341 0.90535516
vt 0.83118159 0.90528393
vt 0.53505021 0.91544539
vt 0.53505021 0.94473064
vt 0.83188015 0.90630662
vt 0.5350523 0.9458673
vt 0.83354181 0.87702686
vt 0.83354181 0.87702686
vt 0.8326236 0.90536439
vt 0.53594261 0.94590211
vt 0.53505403 0.94640923
vt 0.83258522 0.90655172
vt 0.83162832 0.90654421
vt 0.83256626 0.90713811
vt 0.83467531 0.91284603
vt 0.53387511 0.94623685
vt 0.53505588 0.946881
vt 0.5369969 0.91753376
vt 0.53395426 0.9158982
vt 0.83352792 0.91025007
vt 0.53609449 0.91754979
vt 0.5367679 0.91754001
vt 0.83254945 0.9076578
vt 0.53504777 0.91755366
vt 0.53407508 0.94471133
vt 0.83174682 0.87862146
vt 0.53321421 0.94483048
vt 0.53362018 0.94472748
vt 0.8345719 0.91010314
vt 0.83255529 0.87872088
vt 0.83194649 0.87866265
vt 0.83348423 0.87877136
vt 0.53437841 0.94566947
vt 0.83386183 0.90695757
vt 0.83182287 0.9128266
vt 0.53554505 0.94922614
vt 0.53657031 0.94613761
vt 0.53558856 0.94472122
vt 0.83193105 0.91027242
vt 0.83091784 0.90673643
vt 0.53647703 0.94907176
vt 0.83207774 0.90533376
vt 0.83089107 0.91007078
vt 0.53587562 0.94528866
vt 0.53544182 0.94580352
vt 0.53563255 0.94670659
vt 0.83442074 0.87738049
vt 0.83174992 0.90590072
vt 0.53561908 0.91556811
vt 0.53504884 0.91568816
vt 0.53505105 0.94535738
vt 0.83217311 0.90646815
vt 0.83191597 0.90744251
vt 0.83361161 0.90536183
vt 0.53660446 0.94550794
vt 0.83308583 0.87709683
vt 0.5355224 0.94627488
vt 0.53626704 0.94535428
vt 0.83353519 0.87721455
vt 0.8326025 0.90601283
vt 0.83097827 0.90605956
vt 0.83447033 0.9054746
vt 0.83206075 0.90697324
vt 0.83406758 0.90537703
vt 0.83134055 0.9059369
vt 0.53505754 0.94720834
vt 0.83330458 0.90635264
vt 0.83253777 0.90802145
vt 0.53416115 0.945907
vt 0.53610218 0.94679922
vt 0.53678852 0.94644004
vt 0.8298732 0.90699178
vt 0.83138478 0.90752065
vt 0.53691667 0.94528741
vt 0.5368765 0.91690838
vt 0.5360899 0.91612703
vt 0.83354038 0.9066059
vt 0.83060914 0.90706044
vt 0.83069313 0.90580535
vt 0.5355975 0.91755277
vt 0.53309888 0.9175334
vt 0.83299643 0.87874985
vt 0.53400075 0.91754931
vt 0.53332692 0.91754085
vt 0.83522862 0.87873757
vt 0.83441472 0.87878174
vt 0.53721249 0.91751206
vt 0.83102024 0.87844098
vt 0.5350517 0.91523153
vt 0.83356708 0.87631434
vt 0.53714651 0.94467336
vt 0.82997072 0.90517128
vt 0.53703082 0.91672289
vt 0.83135378 0.87765712
vt 0.8350271 0.87876469
vt 0.83156168 0.87856758
vt 0.83354747 0.87686461
vt 0.83052707 0.90518761
vt 0.53692544 0.94613713
vt 0.8299737 0.90664768
vt 0.53628814 0.91574401
vt 0.83221686 0.87673873
vt 0.83052629 0.90667129
vt 0.83253986 0.87717897
vt 0.83295846 0.91286075
vt 0.53459233 0.94923252
vt 0.53353244 0.94614708
vt 0.53451133 0.94472259
vt 0.83299798 0.91030669
vt 0.83423716 0.90684378
vt 0.53365678 0.9490903
vt 0.83317012 0.9053691
vt 0.83408177 0.91285777
vt 0.83404851 0.9101724
vt 0.53422576 0.94529164
vt 0.5346626 0.94580561
vt 0.53447747 0.94671118
vt 0.83346063 0.90595597
vt 0.53447795 0.91555887
vt 0.53450835 0.91570342
vt 0.83212841 0.90596414
vt 0.83300173 0.90649498
vt 0.83192861 0.90785056
vt 0.53550798 0.94532853
vt 0.83319539 0.90748382
vt 0.53349519 0.94551402
vt 0.83098042 0.90726137
vt 0.83399123 0.87712765
vt 0.5345847 0.9462778
vt 0.53560722 0.94707274
vt 0.83081591 0.90620017
vt 0.53383362 0.94535875
vt 0.53646654 0.94658989
vt 0.83422047 0.90616447
vt 0.53676039 0.94566458
vt 0.83308136 0.90700626
vt 0.83386689 0.90601867
vt 0.83309126 0.87728786
vt 0.53400755 0.94680804
vt 0.53331459 0.94645321
vt 0.83526319 0.907166
vt 0.83372056 0.90759599
vt 0.53318155 0.94529289
vt 0.53322548 0.91691244
vt 0.5340088 0.91612351
vt 0.53338081 0.91687673
vt 0.83452439 0.90718681
vt 0.83452141 0.90592903
vt 0.83506936 0.87822628
vt 0.5344978 0.91755229
vt 0.83050442 0.9056614
vt 0.53559214 0.91580647
vt 0.83493829 0.87819576
vt 0.83397257 0.87878197
vt 0.83176947 0.87803465
vt 0.83049834 0.90636724
vt 0.53288424 0.91751051
vt 0.83595967 0.87860072
vt 0.83303636 0.87693608
vt 0.53295124 0.94467676
vt 0.83528328 0.90534276
vt 0.53712928 0.94516933
vt 0.82997733 0.90565807
vt 0.53700614 0.94586408
vt 0.83000046 0.90636164
vt 0.53569961 0.91536909
vt 0.8328743 0.87640983
vt 0.83541602 0.8786943
vt 0.83472705 0.90532321
vt 0.83518445 0.87807
vt 0.53317475 0.94614857
vt 0.83518505 0.90681607
vt 0.53380895 0.91574252
vt 0.83488274 0.87683547
vt 0.83463204 0.90680385
vt 0.83452743 0.87724835
vt 0.83307886 0.90599489
vt 0.83315659 0.90789026
vt 0.53459412 0.94533044
vt 0.83414078 0.90736336
vt 0.5345059 0.94707769
vt 0.83437347 0.90631503
vt 0.53363955 0.94660115
vt 0.53333902 0.94567186
vt 0.83397281 0.87731719
vt 0.83471912 0.90579754
vt 0.83467966 0.90650201
vt 0.83405185 0.87697136
vt 0.53296781 0.94517434
vt 0.83524525 0.90582812
vt 0.53303236 0.91682833
vt 0.83571506 0.87789822
vt 0.53309232 0.94587344
vt 0.83517683 0.90652883
vt 0.5343982 0.91535956
vt 0.8342514 0.87645894
vt 0.83067113 0.91275281
vt 0.49816066 0.0040592551
vt 0.83474231 0.91517419
vt 0.49310255 0.0040592551
vt 0.53721249 0.9534831
vt 0.73035997 0.79935759
vt 0.82865798 0.91492093
vt 0.49716392 0.0040592551
vt 0.8335219 0.91517353
vt 0.53511018 0.95356047
vt 0.73238391 0.79935759
vt 0.49929833 0.0040592551
vt 0.53300261 0.95352775
vt 0.73440796 0.79935759
vt 0.83595967 0.91515589
vt 0.49424022 0.0040592551
vt 0.82987159 0.91501909
vt 0.4962005 0.0040592551
vt 0.83230555 0.91514575
vt 0.5361622 0.95353669
vt 0.73136204 0.79935759
vt 0.5340566 0.9535585
vt 0.73340595 0.79935759
vt 0.49523711 0.0040592551
vt 0.83108962 0.91509676
vt 0.53717571 0.95246261
vt 0.82877612 0.91374546
vt 0.83352494 0.91400033
vt 0.53509825 0.95254272
vt 0.53301615 0.95250058
vt 0.83591908 0.91397274
vt 0.83116388 0.91392994
vt 0.53457773 0.95254004
vt 0.53354383 0.95251882
vt 0.83411825 0.91400069
vt 0.83293366 0.91399586
vt 0.83175457 0.9139595
vt 0.83057177 0.91389012
vt 0.53665024 0.95249081
vt 0.5356186 0.95253086
vt 0.35196289 0.91372693
vt 0.49424016 0.78567868
vt 0.3459079 0.91362506
vt 0.49929827 0.78567868
vt 0.73440802 0.0040592551
vt 0.94331396 0.090397358
vt 0.35075793 0.91374588
vt 0.49523705 0.78567868
vt 0.73238397 0.0040592551
vt 0.94122046 0.090476871
vt 0.3531656 0.91369343
vt 0.49310249 0.78567868
vt 0.73036003 0.0040592551
vt 0.93912184 0.090442777
vt 0.34712681 0.91369921
vt 0.4981606 0.78567868
vt 0.34955588 0.91374302
vt 0.49620044 0.78567868
vt 0.73340601 0.0040592551
vt 0.94226819 0.090452909
vt 0.7313621 0.0040592551
vt 0.94017118 0.090474904
vt 0.3483474 0.9137367
vt 0.49716383 0.78567868
vt 0.34600297 0.91244406
vt 0.94327515 0.089381218
vt 0.35073927 0.91258514
vt 0.94120842 0.089463413
vt 0.3531104 0.91252476
vt 0.93913662 0.089420378
vt 0.34838489 0.91256845
vt 0.94069016 0.089460552
vt 0.9396621 0.089438915
vt 0.35132721 0.91257662
vt 0.35015312 0.91259181
vt 0.34897485 0.91258216
vt 0.34779105 0.91254592
vt 0.94275194 0.089410126
vt 0.94172639 0.089451194
vt 0.53407949 0.95151991
vt 0.53306049 0.95147449
vt 0.8358587 0.91280079
vt 0.5345816 0.95152968
vt 0.53710997 0.9514401
vt 0.82891357 0.91257769
vt 0.53660029 0.951473
vt 0.53609473 0.9515028
vt 0.53559333 0.95152098
vt 0.53357244 0.95149875
vt 0.53508776 0.95153445
vt 0.82997632 0.91384673
vt 0.34612206 0.91126812
vt 0.94321209 0.088361919
vt 0.94119716 0.088458717
vt 0.94170105 0.088445008
vt 0.35303178 0.91136616
vt 0.93917674 0.088398278
vt 0.93968755 0.088423014
vt 0.35185245 0.91143209
vt 0.83471513 0.9139961
vt 0.94019139 0.088444173
vt 0.94220108 0.088426232
vt 0.94069284 0.088453948
vt 0.94270366 0.088396072
vt 0.34718803 0.91251898
vt 0.3519136 0.91256422
vt 0.75937605 0.8783313
vt 0.75465345 0.87821364
vt 0.84723514 0.91046321
vt 0.8451966 0.91050774
vt 0.75702965 0.87820286
vt 0.75525475 0.87819821
vt 0.75878787 0.87828892
vt 0.84570754 0.91050541
vt 0.84672529 0.91048312
vt 0.75644213 0.87819248
vt 0.75761515 0.87822384
vt 0.84468102 0.91050386
vt 0.8477484 0.9104377
vt 0.8462038 0.90987539
vt 0.84519911 0.90986347
vt 0.84720832 0.90985227
vt 0.84730762 0.87713724
vt 0.76049143 0.87913811
vt 0.84822959 0.90979165
vt 0.75348043 0.87907284
vt 0.84417516 0.9098202
vt 0.84457839 0.8779158
vt 0.84618783 0.90764594
vt 0.84712082 0.90755582
vt 0.76014876 0.88186866
vt 0.84803283 0.90739667
vt 0.75701249 0.87891883
vt 0.75816154 0.87895334
vt 0.7592417 0.91118664
vt 0.84525287 0.90756643
vt 0.75931948 0.87902623
vt 0.75379854 0.88188159
vt 0.84433573 0.90741801
vt 0.84735459 0.90464079
vt 0.75700039 0.88147938
vt 0.84737247 0.87700379
vt 0.75806075 0.88157594
vt 0.84715331 0.90311837
vt 0.84806013 0.87795192
vt 0.84801304 0.9032383
vt 0.84760797 0.9031347
vt 0.75585812 0.87893641
vt 0.75909114 0.88175368
vt 0.84685093 0.90407562
vt 0.75832051 0.88485682
vt 0.75928718 0.91129726
vt 0.75806892 0.88642204
vt 0.75890839 0.8863067
vt 0.75851583 0.88640422
vt 0.84624553 0.8765322
vt 0.84617811 0.90313721
vt 0.7577669 0.88544756
vt 0.84624594 0.87668341
vt 0.84617746 0.90427494
vt 0.75837672 0.91169471
vt 0.75709617 0.88642555
vt 0.84706837 0.90431237
vt 0.84617782 0.9048171
vt 0.75837183 0.91157901
vt 0.75705546 0.88524836
vt 0.75800109 0.88519943
vt 0.75703955 0.88466394
vt 0.7546863 0.87898594
vt 0.75685632 0.91061556
vt 0.844998 0.90464246
vt 0.84617853 0.90528882
vt 0.84811318 0.87833929
vt 0.84512478 0.8770107
vt 0.75593436 0.88158077
vt 0.84730512 0.87752682
vt 0.84794807 0.87837481
vt 0.75702822 0.88414431
vt 0.84624642 0.87708259
vt 0.84520257 0.90311515
vt 0.75997406 0.91002536
vt 0.84434056 0.90323174
vt 0.84474713 0.90312982
vt 0.75488704 0.88176507
vt 0.75924754 0.91084599
vt 0.75981557 0.91005534
vt 0.75835615 0.91126066
vt 0.84550339 0.90407515
vt 0.75575495 0.88492578
vt 0.75757664 0.87893367
vt 0.84668463 0.9098655
vt 0.84665686 0.90761828
vt 0.84769636 0.90455115
vt 0.84671724 0.9031294
vt 0.75753409 0.8815074
vt 0.75868738 0.88497281
vt 0.8477329 0.90982199
vt 0.84757555 0.90747428
vt 0.75763452 0.88641709
vt 0.75870448 0.87898594
vt 0.84618324 0.90677917
vt 0.84712422 0.90658653
vt 0.75995195 0.88311076
vt 0.84793824 0.9062798
vt 0.75857562 0.88166672
vt 0.75700498 0.8824659
vt 0.84700322 0.90369809
vt 0.84656727 0.90421212
vt 0.75807321 0.88267398
vt 0.84675509 0.90511584
vt 0.75899851 0.88301569
vt 0.75743318 0.91137666
vt 0.75791979 0.88583857
vt 0.84682935 0.87666148
vt 0.84617758 0.90376449
vt 0.75746822 0.88530552
vt 0.75766945 0.8843267
vt 0.7561208 0.8865006
vt 0.84773248 0.9039197
vt 0.75884759 0.91158253
vt 0.84664661 0.90468395
vt 0.8473947 0.90376496
vt 0.75882035 0.91146564
vt 0.75707269 0.88578331
vt 0.7586652 0.88563567
vt 0.75526083 0.88645661
vt 0.7575506 0.88479936
vt 0.75566804 0.88652062
vt 0.75831866 0.88577735
vt 0.84617919 0.90561604
vt 0.75635368 0.8854934
vt 0.75702167 0.88377935
vt 0.84528518 0.90431255
vt 0.84722418 0.9052099
vt 0.75969404 0.88467348
vt 0.84791368 0.90485692
vt 0.75819117 0.88422477
vt 0.84804541 0.9036994
vt 0.8479268 0.87801886
vt 0.75610101 0.88525641
vt 0.75897294 0.88464266
vt 0.75895822 0.88586456
vt 0.75992107 0.91033393
vt 0.84680027 0.87729216
vt 0.75979173 0.91037542
vt 0.84436285 0.87842202
vt 0.75881839 0.91113955
vt 0.84518862 0.87761199
vt 0.84454572 0.87827992
vt 0.75661653 0.91020513
vt 0.75742066 0.91085577
vt 0.76070619 0.9102478
vt 0.84833038 0.8783133
vt 0.75840664 0.91244054
vt 0.84624493 0.87631434
vt 0.75970089 0.8864271
vt 0.84827572 0.90308523
vt 0.76056606 0.91073358
vt 0.84825432 0.87787116
vt 0.75679064 0.9102931
vt 0.76016426 0.9100737
vt 0.75838363 0.91186225
vt 0.75916028 0.88645244
vt 0.75960964 0.88501221
vt 0.84805328 0.90455246
vt 0.75980365 0.91184247
vt 0.84752035 0.87684423
vt 0.75907224 0.88501662
vt 0.75940388 0.91142619
vt 0.75642884 0.87892562
vt 0.84569639 0.90987051
vt 0.8457182 0.90762365
vt 0.84465432 0.90455246
vt 0.84563929 0.90312767
vt 0.75646532 0.88150954
vt 0.75538492 0.88506627
vt 0.84473699 0.90984523
vt 0.8447957 0.90749019
vt 0.75655723 0.88646054
vt 0.7552892 0.87895858
vt 0.84523928 0.90659451
vt 0.75400889 0.88317347
vt 0.84441912 0.90629351
vt 0.75541258 0.88167477
vt 0.75854564 0.88285571
vt 0.84535134 0.90369654
vt 0.84578735 0.90421212
vt 0.75593293 0.88269305
vt 0.84560066 0.90511775
vt 0.75499499 0.88305873
vt 0.7562263 0.88589942
vt 0.84754044 0.90642309
vt 0.84566289 0.87666345
vt 0.75755274 0.88252544
vt 0.75754356 0.8858003
vt 0.75664556 0.88533145
vt 0.84666562 0.90672159
vt 0.75763714 0.88392103
vt 0.84663486 0.90373701
vt 0.75639141 0.88435441
vt 0.84461915 0.90391707
vt 0.75860059 0.88446295
vt 0.75789833 0.91161895
vt 0.84570843 0.90468466
vt 0.8467285 0.90548193
vt 0.75881541 0.8854894
vt 0.8449586 0.90376264
vt 0.84758991 0.90500271
vt 0.75545257 0.88574761
vt 0.84788853 0.90407705
vt 0.7565341 0.8848263
vt 0.75581712 0.8858667
vt 0.84513044 0.90521383
vt 0.754318 0.8847996
vt 0.84443545 0.90486091
vt 0.75585687 0.88427377
vt 0.84430569 0.90369445
vt 0.84440863 0.87804586
vt 0.84518409 0.87723899
vt 0.75507092 0.88473976
vt 0.75517154 0.88600725
vt 0.75670087 0.91050678
vt 0.8456924 0.87729108
vt 0.75915015 0.88599175
vt 0.84680098 0.87690765
vt 0.75745392 0.9111799
vt 0.75787759 0.91110533
vt 0.76008499 0.91039532
vt 0.75911504 0.88530993
vt 0.75589097 0.91041094
vt 0.84414405 0.87839615
vt 0.75891459 0.91174269
vt 0.75446975 0.88665581
vt 0.84407818 0.90307701
vt 0.75965905 0.88596117
vt 0.8482585 0.90358126
vt 0.75959611 0.885288
vt 0.84813476 0.90427792
vt 0.75914133 0.91228074
vt 0.84691262 0.87645566
vt 0.7564308 0.91027367
vt 0.75501883 0.8866266
vt 0.75442165 0.88516086
vt 0.84429467 0.90455353
vt 0.75697613 0.91196394
vt 0.84497583 0.87685412
vt 0.75498807 0.88513464
vt 0.75733119 0.91151708
vt 0.75545573 0.88288635
vt 0.84482026 0.90643418
vt 0.75645638 0.88253433
vt 0.75660253 0.88583362
vt 0.84570009 0.90672588
vt 0.75640798 0.8839435
vt 0.84572017 0.90373623
vt 0.75544751 0.88453603
vt 0.84562886 0.90548456
vt 0.75528729 0.88560832
vt 0.84476209 0.90500677
vt 0.84446168 0.90407491
vt 0.75790524 0.91142213
vt 0.75498581 0.88615531
vt 0.84569275 0.87690765
vt 0.75654829 0.91058367
vt 0.75496358 0.88544351
vt 0.75784534 0.91178435
vt 0.75445759 0.88617253
vt 0.84409237 0.90357459
vt 0.75605941 0.91086948
vt 0.84421253 0.87796903
vt 0.75445688 0.88545853
vt 0.84421325 0.90427631
vt 0.75766647 0.9123348
vt 0.84557819 0.87645942
vt 0.79239285 0.92506188
vt 0.84729093 0.91205633
vt 0.79340917 0.92506188
vt 0.84625292 0.91208625
vt 0.79442549 0.92506188
vt 0.84521306 0.91210586
vt 0.62565982 0.9244768
vt 0.75708795 0.8763532
vt 0.62667614 0.9244768
vt 0.75830078 0.87641156
vt 0.62769246 0.9244768
vt 0.75950563 0.8764897
vt 0.62870872 0.92447674
vt 0.76070619 0.87657994
vt 0.79137647 0.92506188
vt 0.84833038 0.91201782
vt 0.62261093 0.92447674
vt 0.75337613 0.87632483
vt 0.79544181 0.92506188
vt 0.84416842 0.91211653
vt 0.62362719 0.92447674
vt 0.75462848 0.87631446
vt 0.6246435 0.9244768
vt 0.75586444 0.87632221
vt 0.84726423 0.91125715
vt 0.84623432 0.91128737
vt 0.84520274 0.911304
vt 0.75705665 0.87728524
vt 0.75825053 0.87733877
vt 0.75944185 0.87741435
vt 0.76063651 0.87750661
vt 0.84830064 0.91121554
vt 0.75339139 0.87729847
vt 0.84416109 0.91130918
vt 0.75463438 0.87726957
vt 0.7558533 0.87726432
vt 0.7923947 0.84015274
vt 0.79340917 0.84015363
vt 0.79442424 0.84015161
vt 0.62566018 0.8395828
vt 0.62667239 0.8395775
vt 0.62768757 0.83957291
vt 0.6287064 0.8395592
vt 0.79137778 0.84014165
vt 0.62261248 0.83955914
vt 0.79544145 0.84014171
vt 0.62363178 0.83957046
vt 0.62464768 0.83957583
vt 0.62465662 0.83862746
vt 0.15792701 0.9653216
vt 0.15611514 0.96728468
vt 0.16000965 0.96719968
vt 0.62262726 0.83859342
vt 0.79542732 0.83918124
vt 0.15907702 0.95328051
vt 0.16100946 0.96785939
vt 0.15531537 0.96795994
vt 0.15563753 0.95342165
vt 0.62666523 0.83863109
vt 0.15742102 0.95507336
vt 0.15634599 0.95400727
vt 0.15738192 0.95402187
vt 0.15841106 0.95392162
vt 0.15685031 0.9665786
vt 0.15798101 0.96648049
vt 0.15914515 0.966501
vt 0.79340833 0.83920932
vt 0.15570518 0.96764284
vt 0.6286875 0.83859146
vt 0.79139394 0.83918059
vt 0.16051772 0.96755397
vt 0.15692374 0.95643604
vt 0.1568844 0.9550947
vt 0.15802941 0.95639014
vt 0.15795752 0.95505089
vt 0.15596715 0.95367676
vt 0.15739051 0.95427597
vt 0.15841195 0.9545083
vt 0.15684757 0.96594363
vt 0.1573405 0.96535063
vt 0.15851763 0.96528995
vt 0.15959421 0.96688241
vt 0.15724882 0.96389484
vt 0.15844253 0.96382469
vt 0.15716264 0.96235996
vt 0.15834793 0.96229208
vt 0.15708628 0.96083575
vt 0.15825775 0.96077627
vt 0.1570262 0.95933628
vt 0.15817502 0.95928514
vt 0.15697476 0.95787138
vt 0.15809932 0.95782393
vt 0.159004 0.95634168
vt 0.15909186 0.95776772
vt 0.15591756 0.95515686
vt 0.15594766 0.95646811
vt 0.15892527 0.95503378
vt 0.15597889 0.95789844
vt 0.15600511 0.95936412
vt 0.15918812 0.95922434
vt 0.15604106 0.96087605
vt 0.15928999 0.9607113
vt 0.15610835 0.96241444
vt 0.15939453 0.9622243
vt 0.15619543 0.96395254
vt 0.15949824 0.96375442
vt 0.15628782 0.96537519
vt 0.15958473 0.96519476
vt 0.15590706 0.96705687
vt 0.16020927 0.96691895
vt 0.15513471 0.96776831
vt 0.15546259 0.95361567
vt 0.15926138 0.95346475
vt 0.16118839 0.96761388
vt 0.15638724 0.95459098
vt 0.1587657 0.95355946
vt 0.1578618 0.95398492
vt 0.15690026 0.95402497
vt 0.15585521 0.95427424
vt 0.15891644 0.95414996
vt 0.15646312 0.96696621
vt 0.15796927 0.96620733
vt 0.1590803 0.96583974
vt 0.15851811 0.96648079
vt 0.15745136 0.96651548
vt 0.15630153 0.96632898
vt 0.15969047 0.96618247
vt 0.15800712 0.96724385
vt 0.62564743 0.83693331
vt 0.15710142 0.96735239
vt 0.62467605 0.83694589
vt 0.15736106 0.95333433
vt 0.79342568 0.83751559
vt 0.15818474 0.95320082
vt 0.79246193 0.8375212
vt 0.15564862 0.96829951
vt 0.15580019 0.95296347
vt 0.6226393 0.8370145
vt 0.79531419 0.83761758
vt 0.15652928 0.95327711
vt 0.79438859 0.83752531
vt 0.15976849 0.96774381
vt 0.62756479 0.83704382
vt 0.15894565 0.96734196
vt 0.62662041 0.83694315
vt 0.15637198 0.96773899
vt 0.62373626 0.83704811
vt 0.15888771 0.95282763
vt 0.16067162 0.96829951
vt 0.62866223 0.83700126
vt 0.79153335 0.83760899
vt 0.15599224 0.95862639
vt 0.15913925 0.95849216
vt 0.15923861 0.9599641
vt 0.15934238 0.961465
vt 0.15944663 0.9629879
vt 0.15954795 0.96451277
vt 0.15989688 0.96655333
vt 0.15889129 0.95455426
vt 0.15896466 0.9556492
vt 0.1606876 0.96730667
vt 0.15591225 0.95467544
vt 0.15596429 0.95717919
vt 0.15553096 0.96744728
vt 0.15615013 0.96669453
vt 0.15624103 0.96470565
vt 0.15615043 0.96318477
vt 0.15607122 0.96164411
vt 0.15601924 0.96011341
vt 0.15592942 0.95577407
vt 0.15694252 0.95333314
vt 0.79390818 0.83751261
vt 0.15600213 0.9680174
vt 0.62318718 0.83705151
vt 0.15689829 0.95573306
vt 0.15799639 0.95568794
vt 0.15936378 0.96751273
vt 0.62708443 0.83699822
vt 0.15616062 0.95314223
vt 0.79484266 0.83757579
vt 0.15742508 0.96624255
vt 0.15852049 0.96620053
vt 0.15729246 0.96465647
vt 0.1584883 0.96458888
vt 0.15720525 0.96312666
vt 0.15839496 0.96305668
vt 0.15712258 0.96159583
vt 0.1583021 0.96153164
vt 0.15705428 0.9600817
vt 0.15821531 0.9600271
vt 0.15700021 0.95859957
vt 0.1581364 0.95855075
vt 0.15694973 0.95715052
vt 0.15806344 0.95710409
vt 0.15904656 0.95705104
vt 0.15788528 0.95424163
vt 0.15689448 0.95428258
vt 0.15569064 0.95394254
vt 0.15905592 0.95380616
vt 0.15777788 0.95329446
vt 0.792943 0.83751148
vt 0.15754583 0.96726847
vt 0.62516093 0.83693117
vt 0.15632829 0.96589458
vt 0.15960887 0.9657315
vt 0.1584765 0.96726304
vt 0.62613451 0.83692956
vt 0.16022512 0.96802777
vt 0.62811428 0.83704436
vt 0.15854099 0.95303339
vt 0.79200608 0.83757043
vt 0.15672025 0.96751815
vt 0.62421465 0.83700114
vt 0.8327415 0.97840148
vt 0.35182348 0.97925997
vt 0.35191402 0.98015732
vt 0.83238035 0.97922784
vt 0.83365661 0.97792947
vt 0.35109738 0.97853196
vt 0.83451933 0.97806478
vt 0.35023305 0.97839624
vt 0.83524591 0.97879457
vt 0.34931895 0.97886682
vt 0.83533657 0.9796918
vt 0.34895769 0.97969317
vt 0.83491647 0.98052239
vt 0.34910312 0.98061264
vt 0.83409339 0.9809432
vt 0.3497577 0.98126543
vt 0.83318031 0.98079991
vt 0.35067073 0.98140877
vt 0.83252567 0.98014724
vt 0.35149392 0.98098803
vt 0.83316606 0.97809088
vt 0.35151485 0.97883487
vt 0.83493692 0.97836876
vt 0.34974274 0.97855675
vt 0.83238131 0.97970223
vt 0.35176757 0.98060858
vt 0.832802 0.98052478
vt 0.35111532 0.9812628
vt 0.83362567 0.98094308
vt 0.35020301 0.9814086
vt 0.83453792 0.98079723
vt 0.34937927 0.98099017
vt 0.8351903 0.98014307
vt 0.34895864 0.98016769
vt 0.83534145 0.9792012
vt 0.34910324 0.97922456
vt 0.83475029 0.97819489
vt 0.34951439 0.97868431
vt 0.83293724 0.97821891
vt 0.3513287 0.97866166
vt 0.83252591 0.97875929
vt 0.35191903 0.97966659
vt 0.83409411 0.97795826
vt 0.3506712 0.9784255
vt 0.83339703 0.97798252
vt 0.35169324 0.97902632
vt 0.83511555 0.97856075
vt 0.34997323 0.97844881
vt 0.62516439 0.83862913
vt 0.62414843 0.83861995
vt 0.62314183 0.83860463
vt 0.79491514 0.83919007
vt 0.79391301 0.8392033
vt 0.79290402 0.83920479
vt 0.79190606 0.83919102
vt 0.62817264 0.83860594
vt 0.62717217 0.83862352
vt 0.62615865 0.8386308
vt 0.15933141 0.95500636
vt 0.83208466 0.97782612
vt 0.35262522 0.97891057
vt 0.15550342 0.95516068
vt 0.35276565 0.98026091
vt 0.15553406 0.95644265
vt 0.15940621 0.95628583
vt 0.83153737 0.97906852
vt 0.83361816 0.97702074
vt 0.15947697 0.95353287
vt 0.16131619 0.96739155
vt 0.35141191 0.97767687
vt 0.15499452 0.96758544
vt 0.15524319 0.95370036
vt 0.8348344 0.97721159
vt 0.16041431 0.9667533
vt 0.35019574 0.9774859
vt 0.15569875 0.96692997
vt 0.16003725 0.96517098
vt 0.83604741 0.97844803
vt 0.3486627 0.97828853
vt 0.15584013 0.96541214
vt 0.15994111 0.96375889
vt 0.83618778 0.97979844
vt 0.34811535 0.97953093
vt 0.15574947 0.96401751
vt 0.15983579 0.96222115
vt 0.83552927 0.98109543
vt 0.34834477 0.9809674
vt 0.15565476 0.96246886
vt 0.15972486 0.96069056
vt 0.83423406 0.9817577
vt 0.15558586 0.96090174
vt 0.3493748 0.98199445
vt 0.15961298 0.95918411
vt 0.83279699 0.9815321
vt 0.15556446 0.9593581
vt 0.35081175 0.98222005
vt 0.15950516 0.9577136
vt 0.83176696 0.98050499
vt 0.35210702 0.98155785
vt 0.15555254 0.95787621
vt 0.83279192 0.97728038
vt 0.15932718 0.95422292
vt 0.35211912 0.97817469
vt 0.1554437 0.95437896
vt 0.83554125 0.97771192
vt 0.16013744 0.96604329
vt 0.34936997 0.97774315
vt 0.15585998 0.9662531
vt 0.1594542 0.95699412
vt 0.83153939 0.97980475
vt 0.35253814 0.98096108
vt 0.15554431 0.95715332
vt 0.15955833 0.95844388
vt 0.83220136 0.98109943
vt 0.15555915 0.95861107
vt 0.35151139 0.98199058
vt 0.15966883 0.95993352
vt 0.83349776 0.9817577
vt 0.15556821 0.96011919
vt 0.35007557 0.98222005
vt 0.15978083 0.96145386
vt 0.83493364 0.98152822
vt 0.15561584 0.96168613
vt 0.34877923 0.98156166
vt 0.15988919 0.96299028
vt 0.83596039 0.98049867
vt 0.34811732 0.98026717
vt 0.15570006 0.96324694
vt 0.15999088 0.96451259
vt 0.83619696 0.97907281
vt 0.3483288 0.97883755
vt 0.1557993 0.96476567
vt 0.83524722 0.97743869
vt 0.16022614 0.96639377
vt 0.34901759 0.97795248
vt 0.15586266 0.96588141
vt 0.15931794 0.95457244
vt 0.83243948 0.97749007
vt 0.35182491 0.97790247
vt 0.15537748 0.95405835
vt 0.159363 0.95559978
vt 0.83175093 0.97837514
vt 0.35277477 0.97953546
vt 0.15552071 0.95575488
vt 0.83423489 0.97706127
vt 0.16082069 0.96712089
vt 0.35081223 0.97752738
vt 0.1553885 0.96729529
vt 0.83315557 0.97711039
vt 0.15936783 0.95389861
vt 0.35239038 0.97848201
vt 0.15548131 0.9547267
vt 0.16008082 0.96565509
vt 0.83581257 0.97801942
vt 0.34973344 0.97757411
vt 0.15582302 0.96658635
vt 0.15740004 0.95452511
vt 0.15747669 0.95641416
vt 0.15784553 0.96386087
vt 0.1577557 0.96232706
vt 0.15767291 0.96080786
vt 0.15760127 0.95931309
vt 0.15753725 0.95784968
vt 0.15744737 0.95571017
vt 0.15788957 0.96462488
vt 0.15780029 0.96309245
vt 0.15771309 0.96156514
vt 0.15763578 0.96005672
vt 0.15756872 0.95857745
vt 0.15750679 0.95712906
vt 0.15795657 0.96592522
vt 0.75342703 0.8782683
vt 0.84415925 0.91049778
vt 0.76055962 0.87843215
vt 0.84826761 0.91040945
vt 0.20373631 0.98595172
vt 0.20200586 0.98595166
vt 0.20495999 0.98299754
vt 0.20495999 0.98472816
vt 0.20078218 0.98472798
vt 0.20078218 0.98299742
vt 0.20200586 0.98177385
vt 0.20373631 0.98177385
vt 0.20287108 0.98386288
vt 0.035293974 0.0040592551
vt 0.035293974 0.0040592551
vt 0.52331418 0.97831213
vt 0.036375538 0.0040592551
vt 0.036375538 0.0040592551
vt 0.52439582 0.97831231
vt 0.52331406 0.94620204
vt 0.0092538893 0.022849739
vt 0.52331406 0.94620204
vt 0.035293937 0.0084053278
vt 0.035293937 0.0084053278
vt 0.035293989 0.014895797
vt 0.035293989 0.014895797
vt 0.0093429238 0.027524829
vt 0.036375575 0.0084053278
vt 0.036375575 0.0084053278
vt 0.036375552 0.014895737
vt 0.036375552 0.014895737
vt 0.0040592998 0.027524829
vt 0.64649236 0.99469227
vt 0.06232661 0.02752465
vt 0.0040593147 0.033882022
vt 0.06232664 0.033881903
vt 0.52439582 0.94620204
vt 0.062415645 0.02284956
vt 0.52439582 0.94620204
vt 0.64586341 0.99469227
vt 0.062954716 0.027494609
vt 0.0076332092 0.027494729
vt 0.00553222 0.027524829
vt 0.64649236 0.99321955
vt 0.00553222 0.027524829
vt 0.0055321753 0.033882022
vt 0.0055321753 0.033882022
vt 0.64586341 0.99321955
vt 0.0061603189 0.027494669
vt 0.0061603189 0.027494669
vt 0.006160304 0.033851862
vt 0.006160304 0.033851862
vt 0.29823166 0.37923878
vt 0.29823166 0.37923878
vt 0.29823166 0.37923878
vt 0.0076331943 0.033851862
vt 0.29970476 0.37924242
vt 0.29970476 0.37924242
vt 0.29970476 0.37924242
vt 0.00871481 0.033851862
vt 0.00871481 0.033851862
vt 0.300787 0.37924516
vt 0.300787 0.37924516
vt 0.300787 0.37924516
vt 0.0087148249 0.027494729
vt 0.0087148249 0.027494729
vt 0.0093429089 0.033882082
vt 0.30141592 0.37927508
vt 0.30136114 0.38938743
vt 0.96556616 0.86657363
vt 0.96556616 0.86657363
vt 0.32736707 0.3807537
vt 0.96556586 0.89888024
vt 0.32736707 0.3807537
vt 0.96556616 0.88828957
vt 0.3230505 0.39042401
vt 0.96556616 0.88828957
vt 0.32844865 0.3807537
vt 0.96448457 0.89888018
vt 0.32844865 0.3807537
vt 0.96448457 0.88828963
vt 0.33276662 0.39042401
vt 0.96448457 0.88828963
vt 0.29613122 0.37926197
vt 0.29613122 0.37926197
vt 0.35439959 0.37927186
vt 0.29608497 0.38936198
vt 0.35445729 0.38938421
vt 0.96448439 0.86657369
vt 0.96448439 0.86657369
vt 0.96448439 0.86657369
vt 0.29760343 0.37926555
vt 0.29760343 0.37926555
vt 0.29760343 0.37926555
vt 0.29755598 0.38936865
vt 0.29755598 0.38936865
vt 0.9630115 0.86657369
vt 0.29818332 0.38934505
vt 0.96301174 0.86594468
vt 0.29818332 0.38934505
vt 0.96448439 0.8659448
vt 0.96448439 0.8659448
vt 0.29965454 0.38935196
vt 0.29965454 0.38935196
vt 0.30073452 0.38935757
vt 0.9655661 0.86594474
vt 0.30073452 0.38935757
vt 0.5233143 0.94553775
vt 0.0087147951 0.023237765
vt 0.0087147951 0.023237765
vt 0.52439582 0.94553775
vt 0.062954701 0.023237705
vt 0.0076332092 0.023237765
vt 0.0061603189 0.64154053
vt 0.29821604 0.010282218
vt 0.0061603189 0.64154053
vt 0.29821604 0.010282218
vt 0.0076332092 0.64154047
vt 0.29968888 0.010282159
vt 0.0087147951 0.64154053
vt 0.30077043 0.010282099
vt 0.0087147951 0.64154053
vt 0.30077043 0.010282099
vt 0.0093429238 0.64157057
vt 0.30139849 0.01031208
vt 0.035293974 0.63531905
vt 0.32734925 0.0040593743
vt 0.035293974 0.63531905
vt 0.32734925 0.0040593743
vt 0.036375575 0.63531899
vt 0.32843086 0.0040593147
vt 0.036375575 0.63531899
vt 0.32843086 0.0040593147
vt 0.0040592998 0.64157057
vt 0.29611513 0.010312319
vt 0.062326625 0.64157051
vt 0.35438216 0.010309517
vt 0.00553222 0.64157051
vt 0.29758793 0.010312259
vt 0.00553222 0.64157051
vt 0.29758793 0.010312259
vt 0.99243206 0.51410842
vt 0.77712697 0.87631458
vt 0.77712697 0.87631458
vt 0.99243206 0.51083857
vt 0.76882476 0.87631452
vt 0.78039682 0.87631452
vt 0.99200082 0.51410842
vt 0.77669561 0.87631458
vt 0.77669561 0.87631458
vt 0.99124086 0.51314849
vt 0.77232599 0.87631458
vt 0.77232599 0.87631458
vt 0.77712697 0.90216589
vt 0.77712697 0.90216589
vt 0.99243224 0.61980796
vt 0.76882488 0.90216589
vt 0.78039682 0.90216589
vt 0.99243218 0.62307781
vt 0.77669561 0.90216589
vt 0.77669561 0.90216589
vt 0.99200094 0.61980796
vt 0.77232599 0.90216589
vt 0.77232599 0.90216589
vt 0.99124098 0.62076789
vt 0.77343929 0.90216589
vt 0.77343929 0.90216589
vt 0.99021864 0.620327
vt 0.77001607 0.90216589
vt 0.77001607 0.90216589
vt 0.99124098 0.62307781
vt 0.99124086 0.51083869
vt 0.77001607 0.87631452
vt 0.77001607 0.87631452
vt 0.77443588 0.90216589
vt 0.77443588 0.90216589
vt 0.99021864 0.61933047
vt 0.99021846 0.51358938
vt 0.77343929 0.87631458
vt 0.77343929 0.87631458
vt 0.99021846 0.51458597
vt 0.77443588 0.87631452
vt 0.77443588 0.87631452
vt 0.99200082 0.51458597
vt 0.77621812 0.87631458
vt 0.77621812 0.87631458
vt 0.77621812 0.90216589
vt 0.77621812 0.90216589
vt 0.99200094 0.61933047
vt 0.99484944 0.025740921
vt 0.30670702 0.94151741
vt 0.30670702 0.94151741
vt 0.30670702 0.96802473
vt 0.30670702 0.96802473
vt 0.54576373 0.99321848
vt 0.99484944 0.028463185
vt 0.30942935 0.94151741
vt 0.30942935 0.94151741
vt 0.99544615 0.025740921
vt 0.30611029 0.94151741
vt 0.31274852 0.94151741
vt 0.30611026 0.96802473
vt 0.31274852 0.96802473
vt 0.54516703 0.99321848
vt 0.99544615 0.028463185
vt 0.31002611 0.94151735
vt 0.31002611 0.94151735
vt 0.31002611 0.96802467
vt 0.31002611 0.96802467
vt 0.54516703 0.99594069
vt 0.30942935 0.96802473
vt 0.30942935 0.96802473
vt 0.54576373 0.99594069
vt 0.98897034 0.25015169
vt 0.10001421 0.91987848
vt 0.10001421 0.91987848
vt 0.9889704 0.24688202
vt 0.10831639 0.91987848
vt 0.096744388 0.91987842
vt 0.98940158 0.25015169
vt 0.10044554 0.91987848
vt 0.10044554 0.91987848
vt 0.99016154 0.24919176
vt 0.10481519 0.91987854
vt 0.10481519 0.91987854
vt 0.10001421 0.94572967
vt 0.10001421 0.94572967
vt 0.99243224 0.79593945
vt 0.10831639 0.94572973
vt 0.096744388 0.94572967
vt 0.99243224 0.79266959
vt 0.10044554 0.94572967
vt 0.10044554 0.94572967
vt 0.99200094 0.79593945
vt 0.10481519 0.94572973
vt 0.10481519 0.94572973
vt 0.99124098 0.79497939
vt 0.10370183 0.94572973
vt 0.10370183 0.94572973
vt 0.9902187 0.79542029
vt 0.10712507 0.94572973
vt 0.10712507 0.94572973
vt 0.99124098 0.79266959
vt 0.99016166 0.2468819
vt 0.10712507 0.91987848
vt 0.10712507 0.91987848
vt 0.10270533 0.94572973
vt 0.10270533 0.94572973
vt 0.9902187 0.79641694
vt 0.99118394 0.24963266
vt 0.10370183 0.91987854
vt 0.10370183 0.91987854
vt 0.99118394 0.25062931
vt 0.10270533 0.91987848
vt 0.10270533 0.91987848
vt 0.98940158 0.25062931
vt 0.10092306 0.91987848
vt 0.10092306 0.91987848
vt 0.10092306 0.94572967
vt 0.10092306 0.94572967
vt 0.99200094 0.79641694
vt 0.55388236 0.99321848
vt 0.41259116 0.9416979
vt 0.41259116 0.9416979
vt 0.41259116 0.96820521
vt 0.41259116 0.96820521
vt 0.9883768 0.99294263
vt 0.55388236 0.99594074
vt 0.41531348 0.9416979
vt 0.41531348 0.9416979
vt 0.554479 0.99321848
vt 0.41199443 0.9416979
vt 0.41863266 0.9416979
vt 0.41199443 0.96820521
vt 0.41863266 0.96820521
vt 0.98778009 0.99294263
vt 0.554479 0.99594074
vt 0.41591024 0.94169784
vt 0.41591024 0.94169784
vt 0.41591024 0.96820515
vt 0.41591024 0.96820515
vt 0.98778009 0.99566489
vt 0.41531348 0.96820521
vt 0.41531348 0.96820521
vt 0.9883768 0.99566489
vt 0.065092653 0.78566068
vt 0.97512484 0.89888024
vt 0.22959405 0.55407196
vt 0.065913633 0.78214961
vt 0.2947796 0.55758297
vt 0.96301168 0.81676644
vt 0.97512484 0.8984583
vt 0.23001599 0.55407196
vt 0.065913633 0.78566068
vt 0.2947796 0.5540719
vt 0.97432858 0.89868027
vt 0.065092787 0.64968926
vt 0.96593475 0.11516398
vt 0.22959405 0.69004333
vt 0.96593475 0.11558586
vt 0.23001599 0.69004333
vt 0.06591364 0.6496892
vt 0.2947796 0.69004333
vt 0.96513855 0.1153639
vt 0.06591364 0.65320021
vt 0.2947796 0.68653226
vt 0.96301156 0.68616605
vt 0.067060977 0.65371084
vt 0.96329099 0.68739033
vt 0.29436022 0.68653238
vt 0.96343088 0.68616605
vt 0.29436022 0.68653238
vt 0.29436022 0.68966234
vt 0.29436022 0.68966234
vt 0.29436022 0.68966234
vt 0.96371007 0.68739033
vt 0.29550761 0.68602157
vt 0.27114671 0.68966234
vt 0.27114671 0.68966234
vt 0.29436028 0.55758297
vt 0.963431 0.81676644
vt 0.29436028 0.55758297
vt 0.27114677 0.5544529
vt 0.98277295 0.96471936
vt 0.98277295 0.9415077
vt 0.29436028 0.55445296
vt 0.98277295 0.9415077
vt 0.96371019 0.81554216
vt 0.29550761 0.55809367
vt 0.96377897 0.81515968
vt 0.2957899 0.55836076
vt 0.06706097 0.78163892
vt 0.96329111 0.81554216
vt 0.067343354 0.78137177
vt 0.96335977 0.81515962
vt 0.067343242 0.65397799
vt 0.96335965 0.68777287
vt 0.96377897 0.68777287
vt 0.2957899 0.68575442
vt 0.98277295 0.94112659
vt 0.29436028 0.5540719
vt 0.97432858 0.89826107
vt 0.98212898 0.9415077
vt 0.54576379 0.95384103
vt 0.98212898 0.9415077
vt 0.98212898 0.94112659
vt 0.54538274 0.95384115
vt 0.97368467 0.89826107
vt 0.98212898 0.96605444
vt 0.54576355 0.97838962
vt 0.97368467 0.8737126
vt 0.54538256 0.97838962
vt 0.98231006 0.9663837
vt 0.54576355 0.97876537
vt 0.97386575 0.87338334
vt 0.54538256 0.97876549
vt 0.2629385 0.5544529
vt 0.2629385 0.5544529
vt 0.54576379 0.98484623
vt 0.98231018 0.9724642
vt 0.26268488 0.55407196
vt 0.54538274 0.98509991
vt 0.97386575 0.8670488
vt 0.26268488 0.55407196
vt 0.26340133 0.5544529
vt 0.26340133 0.5544529
vt 0.98277283 0.9724642
vt 0.2629385 0.68966234
vt 0.12800699 0.95410174
vt 0.2629385 0.68966234
vt 0.26340133 0.69012511
vt 0.26340133 0.68966234
vt 0.26340133 0.68966234
vt 0.26340133 0.68966234
vt 0.12762599 0.95384812
vt 0.26268488 0.69004333
vt 0.96467572 0.14699632
vt 0.26268488 0.69004333
vt 0.26948237 0.69012511
vt 0.12800685 0.96018261
vt 0.26981163 0.69030619
vt 0.12800685 0.96055847
vt 0.96467572 0.14066154
vt 0.12762584 0.96018261
vt 0.96449471 0.14033228
vt 0.12762584 0.96055847
vt 0.29436028 0.69004333
vt 0.29436028 0.69004333
vt 0.96513855 0.11578321
vt 0.96593475 0.14699626
vt 0.26142591 0.69004333
vt 0.26142591 0.69004333
vt 0.97512484 0.8670488
vt 0.26142591 0.55407196
vt 0.26142591 0.55407196
vt 0.29371643 0.69004333
vt 0.12762596 0.98510689
vt 0.96449459 0.11578321
vt 0.29371643 0.68966234
vt 0.12800699 0.98510689
vt 0.29436028 0.69030619
vt 0.93712091 0.25925416
vt 0.97333765 0.61921763
vt 0.57361281 0.28464663
vt 0.93629992 0.26276523
vt 0.5084272 0.28113556
vt 0.95560867 0.24576807
vt 0.97333765 0.61879575
vt 0.57319081 0.28464663
vt 0.93629992 0.25925416
vt 0.5084272 0.28464663
vt 0.97254139 0.61901772
vt 0.93712091 0.39522541
vt 0.38179439 0.96039075
vt 0.57361281 0.1486752
vt 0.38179439 0.95996881
vt 0.57319081 0.1486752
vt 0.93629992 0.39522541
vt 0.5084272 0.1486752
vt 0.38259053 0.96019083
vt 0.93629992 0.39171445
vt 0.5084272 0.15218621
vt 0.95560867 0.11516404
vt 0.93515265 0.39120376
vt 0.95588809 0.11638832
vt 0.50884652 0.15218627
vt 0.95602798 0.11516404
vt 0.50884652 0.15218627
vt 0.50884652 0.1490562
vt 0.50884652 0.1490562
vt 0.50884652 0.1490562
vt 0.95630717 0.11638832
vt 0.50769937 0.15269697
vt 0.53206003 0.1490562
vt 0.53206003 0.1490562
vt 0.50884652 0.28113556
vt 0.95602798 0.24576807
vt 0.50884652 0.28113556
vt 0.53206003 0.28426558
vt 0.98210019 0.78867197
vt 0.98210019 0.76546037
vt 0.50884652 0.28426558
vt 0.98210019 0.76546037
vt 0.95630735 0.24454373
vt 0.50769925 0.28062493
vt 0.95637608 0.24416119
vt 0.50741696 0.28035778
vt 0.93515265 0.26327592
vt 0.95588809 0.24454373
vt 0.9348703 0.26354307
vt 0.95595676 0.24416119
vt 0.9348703 0.39093661
vt 0.95595676 0.11677086
vt 0.95637596 0.11677086
vt 0.50741696 0.15296412
vt 0.98210019 0.76507932
vt 0.50884652 0.28464663
vt 0.97254139 0.61859846
vt 0.98145616 0.76546025
vt 0.98361224 0.22632372
vt 0.98145616 0.76546025
vt 0.98145622 0.76507932
vt 0.98399329 0.22632372
vt 0.97189748 0.61859846
vt 0.98145622 0.79000711
vt 0.98361212 0.20177484
vt 0.97189748 0.59404993
vt 0.98399317 0.20177484
vt 0.98163742 0.79033637
vt 0.98361212 0.20139915
vt 0.97207856 0.59372067
vt 0.98399317 0.20139915
vt 0.5402683 0.28426558
vt 0.5402683 0.28426558
vt 0.98361224 0.19531798
vt 0.98163742 0.79641682
vt 0.54052192 0.28464663
vt 0.98399329 0.19506425
vt 0.97207856 0.58738601
vt 0.54052192 0.28464663
vt 0.53980547 0.28426558
vt 0.53980547 0.28426558
vt 0.98210019 0.79641694
vt 0.5402683 0.1490562
vt 0.5402683 0.1490562
vt 0.6372084 0.95409513
vt 0.53980547 0.14859349
vt 0.53980547 0.1490562
vt 0.53980547 0.1490562
vt 0.53980547 0.1490562
vt 0.54052192 0.1486752
vt 0.63682735 0.95384151
vt 0.38305354 0.92855817
vt 0.54052192 0.1486752
vt 0.53372449 0.14859349
vt 0.63720834 0.96017629
vt 0.53339517 0.14841229
vt 0.63720834 0.96055204
vt 0.38305354 0.93489301
vt 0.63682735 0.96017623
vt 0.38323462 0.93522227
vt 0.63682735 0.96055204
vt 0.50884652 0.1486752
vt 0.50884652 0.1486752
vt 0.38259053 0.95977151
vt 0.38179451 0.92855823
vt 0.54178095 0.1486752
vt 0.54178095 0.1486752
vt 0.97333765 0.58738601
vt 0.54178095 0.28464663
vt 0.54178095 0.28464663
vt 0.50949037 0.1486752
vt 0.63682735 0.98510098
vt 0.38323462 0.95977151
vt 0.50949037 0.14905626
vt 0.6372084 0.98510098
vt 0.5088464 0.14841223
vt 0.93712074 0.40334517
vt 0.97333741 0.47512716
vt 0.64792717 0.71770531
vt 0.93629974 0.40685618
vt 0.58274168 0.7141943
vt 0.96301126 0.53394914
vt 0.97333741 0.47470528
vt 0.64750528 0.71770531
vt 0.93629974 0.40334517
vt 0.58274168 0.71770537
vt 0.97254109 0.47492725
vt 0.93712074 0.53931659
vt 0.96919525 0.0040592551
vt 0.64792717 0.58173394
vt 0.96919525 0.0044811368
vt 0.64750528 0.58173394
vt 0.93629974 0.53931659
vt 0.58274168 0.58173394
vt 0.96839893 0.0042592287
vt 0.93629974 0.53580558
vt 0.58274168 0.58524495
vt 0.96301126 0.40334511
vt 0.93515247 0.53529495
vt 0.96329063 0.40456957
vt 0.58316088 0.58524495
vt 0.96343058 0.40334511
vt 0.58316088 0.58524495
vt 0.58316094 0.58211499
vt 0.58316094 0.58211499
vt 0.58316094 0.58211499
vt 0.96370977 0.40456957
vt 0.58201373 0.58575565
vt 0.60637444 0.58211493
vt 0.60637444 0.58211493
vt 0.58316088 0.7141943
vt 0.96343058 0.53394914
vt 0.58316088 0.7141943
vt 0.60637444 0.71732432
vt 0.98145616 0.55518115
vt 0.98145616 0.57839406
vt 0.58316094 0.71732432
vt 0.98145616 0.57839406
vt 0.96370995 0.53272486
vt 0.58201373 0.71368361
vt 0.96377867 0.53234231
vt 0.58173132 0.71341646
vt 0.93515247 0.40736693
vt 0.96329063 0.53272486
vt 0.93487018 0.40763402
vt 0.96335936 0.53234226
vt 0.93487018 0.5350278
vt 0.96335936 0.40495199
vt 0.9637785 0.40495199
vt 0.58173132 0.58602279
vt 0.98145616 0.57877499
vt 0.58316088 0.71770537
vt 0.97254109 0.47450799
vt 0.98210001 0.57839406
vt 0.19228238 0.98408717
vt 0.98210001 0.57839406
vt 0.98210001 0.57877499
vt 0.19266343 0.98408717
vt 0.97189718 0.47450799
vt 0.98210013 0.553846
vt 0.1922825 0.95953834
vt 0.97189718 0.4499594
vt 0.19266355 0.95953828
vt 0.98191899 0.55351675
vt 0.1922825 0.95916253
vt 0.97207832 0.44963014
vt 0.19266355 0.95916253
vt 0.61458272 0.71732432
vt 0.19228238 0.95308149
vt 0.61458272 0.71732432
vt 0.98191899 0.54743588
vt 0.19266343 0.95282787
vt 0.61483634 0.71770531
vt 0.97207832 0.44329548
vt 0.61483634 0.71770531
vt 0.61411989 0.71732432
vt 0.61411989 0.71732432
vt 0.98145616 0.54743588
vt 0.61458272 0.58211493
vt 0.17566401 0.95308149
vt 0.61458272 0.58211493
vt 0.61411989 0.58165216
vt 0.61411989 0.58211493
vt 0.61411989 0.58211493
vt 0.61411989 0.58211493
vt 0.17528301 0.95282781
vt 0.61483634 0.58173394
vt 0.96793628 0.035891175
vt 0.61483634 0.58173394
vt 0.60803884 0.58165216
vt 0.17566401 0.95916271
vt 0.60770959 0.58147109
vt 0.17566398 0.95953846
vt 0.96793628 0.029556453
vt 0.17528301 0.95916271
vt 0.96775502 0.029227257
vt 0.17528301 0.95953846
vt 0.58316094 0.58173394
vt 0.58316094 0.58173394
vt 0.96839905 0.0046784878
vt 0.96919525 0.035891116
vt 0.6160953 0.58173394
vt 0.6160953 0.58173394
vt 0.97333741 0.44329548
vt 0.6160953 0.71770531
vt 0.6160953 0.71770531
vt 0.58380485 0.58173394
vt 0.17528301 0.98408777
vt 0.96775502 0.0046784878
vt 0.58380485 0.58211499
vt 0.17566401 0.98408777
vt 0.58316094 0.58147109
vt 0.93487036 0.82749373
vt 0.97333777 0.37098551
vt 0.65604568 0.0040593147
vt 0.9356913 0.82398272
vt 0.72123116 0.0075703859
vt 0.9452396 0.9555006
vt 0.97333777 0.37056369
vt 0.65646756 0.0040593147
vt 0.9356913 0.82749373
vt 0.72123116 0.0040593147
vt 0.97254145 0.37078565
vt 0.9348703 0.69152337
vt 0.97401047 0.9411267
vt 0.65604568 0.14003074
vt 0.97401047 0.94154853
vt 0.65646756 0.14003074
vt 0.9356913 0.69152337
vt 0.72123116 0.14003074
vt 0.97321421 0.94132662
vt 0.9356913 0.69503433
vt 0.72123122 0.13651967
vt 0.9452396 0.82489568
vt 0.93683857 0.69554502
vt 0.94551897 0.82612002
vt 0.72081184 0.13651979
vt 0.94565892 0.82489568
vt 0.72081184 0.13651979
vt 0.72081184 0.13964975
vt 0.72081184 0.13964975
vt 0.72081184 0.13964975
vt 0.94593817 0.82612002
vt 0.72195911 0.13600898
vt 0.69759828 0.13964975
vt 0.69759828 0.13964975
vt 0.7208119 0.0075703859
vt 0.94565892 0.9555006
vt 0.7208119 0.0075703859
vt 0.69759834 0.0044403076
vt 0.98145622 0.59562373
vt 0.98145622 0.6188367
vt 0.7208119 0.0044403076
vt 0.98145622 0.6188367
vt 0.94593817 0.95427638
vt 0.72195911 0.0080810189
vt 0.94600695 0.95389384
vt 0.72224146 0.0083481073
vt 0.93683857 0.82347202
vt 0.94551903 0.95427638
vt 0.93712091 0.82320487
vt 0.94558775 0.95389384
vt 0.93712091 0.69581217
vt 0.94558769 0.82650256
vt 0.94600695 0.82650256
vt 0.72224146 0.13574183
vt 0.98145628 0.61921763
vt 0.7208119 0.0040593147
vt 0.97254145 0.37036633
vt 0.98210019 0.6188367
vt 0.56585449 0.98516506
vt 0.98210019 0.6188367
vt 0.98210019 0.61921763
vt 0.56623554 0.98516506
vt 0.97189754 0.37036633
vt 0.98210019 0.59428865
vt 0.56585461 0.96061665
vt 0.97189754 0.34581792
vt 0.5662356 0.96061665
vt 0.98191899 0.59395945
vt 0.56585461 0.96024084
vt 0.97207874 0.34548867
vt 0.5662356 0.96024084
vt 0.68939012 0.0044403076
vt 0.56585449 0.95415992
vt 0.68939012 0.0044403076
vt 0.98191893 0.58787853
vt 0.56623548 0.95390624
vt 0.68913645 0.0040593147
vt 0.97207874 0.33915401
vt 0.68913645 0.0040593147
vt 0.68985289 0.0044403076
vt 0.68985289 0.0044403076
vt 0.98145622 0.58787853
vt 0.68939012 0.13964975
vt 0.68939012 0.13964975
vt 0.98362464 0.82571352
vt 0.68985289 0.14011252
vt 0.68985289 0.13964975
vt 0.68985289 0.13964975
vt 0.68985289 0.13964975
vt 0.68913645 0.14003074
vt 0.98324358 0.82545984
vt 0.97275144 0.97295815
vt 0.68913645 0.14003074
vt 0.69593394 0.14011252
vt 0.98362458 0.83179504
vt 0.69626319 0.14029372
vt 0.98362458 0.8321709
vt 0.97275144 0.9666236
vt 0.98324364 0.83179504
vt 0.9725703 0.96629429
vt 0.98324364 0.8321709
vt 0.7208119 0.14003074
vt 0.7208119 0.14003074
vt 0.97321421 0.94174588
vt 0.97401047 0.97295815
vt 0.68787742 0.14003074
vt 0.68787742 0.14003074
vt 0.97333777 0.33915401
vt 0.68787742 0.0040593147
vt 0.68787742 0.0040593147
vt 0.72016805 0.14003074
vt 0.98324358 0.8567217
vt 0.9725703 0.94174588
vt 0.72016805 0.13964975
vt 0.98362464 0.8567217
vt 0.72081184 0.1402936
vt 0.9474901 0.11516404
vt 0.97333771 0.79789764
vt 0.64792711 0.42899954
vt 0.9466691 0.11867505
vt 0.58274168 0.42548847
vt 0.95412558 0.38986349
vt 0.97333771 0.79747581
vt 0.64750528 0.42899954
vt 0.9466691 0.11516404
vt 0.58274168 0.42899954
vt 0.97254145 0.79769784
vt 0.9474901 0.25113523
vt 0.20222229 0.94182378
vt 0.64792717 0.29302812
vt 0.20222229 0.9422456
vt 0.64750534 0.29302812
vt 0.9466691 0.25113523
vt 0.58274174 0.29302812
vt 0.20142609 0.94202363
vt 0.9466691 0.24762428
vt 0.58274174 0.29653919
vt 0.95412564 0.25925386
vt 0.94552195 0.24711359
vt 0.95440495 0.26047814
vt 0.583161 0.29653913
vt 0.95454496 0.25925386
vt 0.583161 0.29653913
vt 0.58316106 0.29340911
vt 0.58316106 0.29340911
vt 0.58316106 0.29340911
vt 0.95482421 0.26047814
vt 0.58201373 0.29704988
vt 0.6063745 0.29340911
vt 0.6063745 0.29340911
vt 0.58316094 0.42548847
vt 0.9545449 0.38986349
vt 0.58316094 0.42548847
vt 0.60637444 0.42861849
vt 0.98145616 0.69391108
vt 0.98145616 0.71712327
vt 0.58316094 0.42861849
vt 0.98145616 0.71712327
vt 0.95482421 0.38863921
vt 0.58201373 0.42497784
vt 0.95489299 0.38825655
vt 0.58173132 0.42471069
vt 0.94552195 0.11918575
vt 0.95440501 0.38863921
vt 0.94523954 0.11945289
vt 0.95447373 0.38825655
vt 0.94523954 0.24684644
vt 0.95447373 0.2608608
vt 0.95489299 0.2608608
vt 0.58173138 0.29731697
vt 0.98145616 0.71750438
vt 0.58316094 0.42899954
vt 0.97254145 0.79727846
vt 0.98210019 0.71712327
vt 0.98673081 0.0040593147
vt 0.98210019 0.71712327
vt 0.98210013 0.71750438
vt 0.98634976 0.0040593147
vt 0.97189754 0.79727846
vt 0.98210013 0.69257599
vt 0.98673075 0.028607368
vt 0.97189754 0.77272999
vt 0.98634976 0.028607368
vt 0.98191899 0.69224674
vt 0.98673075 0.028983116
vt 0.97207868 0.77240074
vt 0.98634976 0.028983116
vt 0.61458266 0.42861849
vt 0.61458266 0.42861849
vt 0.98673081 0.035063982
vt 0.98191899 0.68616599
vt 0.61483634 0.42899954
vt 0.98634982 0.03531754
vt 0.97207868 0.76606613
vt 0.61483634 0.42899954
vt 0.61411995 0.42861849
vt 0.61411995 0.42861849
vt 0.98145616 0.68616599
vt 0.61458272 0.29340911
vt 0.58323473 0.95415992
vt 0.61458272 0.29340911
vt 0.61412001 0.29294634
vt 0.61412001 0.29340911
vt 0.61412001 0.29340911
vt 0.61412001 0.29340911
vt 0.58285373 0.9539063
vt 0.61483639 0.29302812
vt 0.20096326 0.97365522
vt 0.61483639 0.29302812
vt 0.60803896 0.29294634
vt 0.58323473 0.96024096
vt 0.60770965 0.29276526
vt 0.58323473 0.96061677
vt 0.20096326 0.96732068
vt 0.58285373 0.96024096
vt 0.20078212 0.96699142
vt 0.58285373 0.96061677
vt 0.583161 0.29302812
vt 0.583161 0.29302812
vt 0.20142609 0.94244295
vt 0.20222229 0.97365522
vt 0.61609536 0.29302812
vt 0.61609536 0.29302812
vt 0.97333771 0.76606613
vt 0.61609536 0.42899954
vt 0.61609536 0.42899954
vt 0.58380497 0.29302812
vt 0.58285373 0.9851656
vt 0.20078212 0.94244295
vt 0.58380497 0.29340911
vt 0.58323473 0.9851656
vt 0.58316106 0.29276526
vt 0.92675167 0.547436
vt 0.32230723 0.97334898
vt 0.58173132 0.43711805
vt 0.92593074 0.55094701
vt 0.64691681 0.44062912
vt 0.95412534 0.53395623
vt 0.32230723 0.97292715
vt 0.5821532 0.43711805
vt 0.92593074 0.547436
vt 0.64691681 0.43711805
vt 0.32151097 0.97314912
vt 0.92675167 0.68340814
vt 0.97333765 0.68616599
vt 0.58173132 0.5730896
vt 0.97333765 0.68658787
vt 0.5821532 0.5730896
vt 0.92593068 0.68340814
vt 0.64691681 0.57308948
vt 0.97254139 0.68636584
vt 0.92593068 0.67989719
vt 0.64691681 0.56957853
vt 0.95412534 0.40334517
vt 0.92478353 0.6793865
vt 0.95440471 0.40456957
vt 0.64649749 0.56957853
vt 0.9545446 0.40334517
vt 0.64649749 0.56957853
vt 0.64649749 0.57270861
vt 0.64649749 0.57270861
vt 0.64649749 0.57270861
vt 0.95482391 0.40456957
vt 0.64764476 0.56906784
vt 0.62328398 0.57270861
vt 0.62328398 0.57270861
vt 0.64649749 0.44062912
vt 0.9545446 0.53395623
vt 0.64649749 0.44062912
vt 0.62328398 0.43749917
vt 0.98210025 0.36274803
vt 0.98210025 0.33953506
vt 0.64649749 0.43749917
vt 0.98210025 0.33953506
vt 0.95482391 0.53273189
vt 0.64764476 0.44113982
vt 0.95489269 0.53234923
vt 0.64792711 0.44140697
vt 0.92478359 0.5514577
vt 0.95440465 0.53273189
vt 0.92450112 0.55172485
vt 0.95447344 0.53234923
vt 0.92450106 0.67911935
vt 0.95447344 0.40495211
vt 0.95489269 0.40495211
vt 0.64792711 0.56880069
vt 0.98210019 0.33915401
vt 0.64649749 0.43711805
vt 0.32151097 0.9727298
vt 0.98145622 0.33953506
vt 0.079745024 0.98510736
vt 0.98145622 0.33953506
vt 0.98145628 0.33915401
vt 0.080126047 0.98510736
vt 0.32086706 0.9727298
vt 0.98145634 0.36408311
vt 0.079744995 0.96055871
vt 0.32086706 0.94818139
vt 0.080126017 0.96055871
vt 0.98163748 0.36441243
vt 0.079744995 0.96018285
vt 0.3210482 0.94785213
vt 0.080126017 0.96018285
vt 0.61507577 0.43749917
vt 0.079745024 0.95410174
vt 0.61507577 0.43749917
vt 0.98163742 0.37049323
vt 0.080126047 0.95384812
vt 0.61482215 0.43711805
vt 0.3210482 0.94151747
vt 0.61482215 0.43711805
vt 0.61553854 0.43749917
vt 0.61553854 0.43749917
vt 0.98210025 0.37049323
vt 0.61507577 0.57270861
vt 0.1191262 0.98485374
vt 0.61507577 0.57270861
vt 0.61553854 0.57317126
vt 0.61553854 0.57270861
vt 0.61553854 0.57270861
vt 0.61553854 0.57270861
vt 0.11950725 0.98510742
vt 0.61482215 0.5730896
vt 0.97207862 0.71799749
vt 0.61482215 0.5730896
vt 0.62161958 0.57317126
vt 0.1191262 0.97877282
vt 0.62194884 0.57335246
vt 0.1191262 0.97839695
vt 0.97207862 0.71166289
vt 0.11950725 0.97877282
vt 0.97189748 0.71133363
vt 0.11950725 0.97839695
vt 0.64649749 0.57308948
vt 0.64649749 0.57308948
vt 0.97254139 0.68678516
vt 0.97333765 0.71799749
vt 0.61356312 0.5730896
vt 0.61356312 0.5730896
vt 0.32230723 0.94151747
vt 0.61356312 0.43711805
vt 0.61356312 0.43711805
vt 0.64585364 0.5730896
vt 0.11950725 0.95384812
vt 0.97189748 0.68678516
vt 0.64585364 0.57270849
vt 0.1191262 0.95384812
vt 0.64649755 0.57335246
vt 0.067343175 0.79377908
vt 0.97333759 0.65916777
vt 0.64792717 0.28464651
vt 0.0665223 0.79729015
vt 0.58274168 0.28113556
vt 0.95412564 0.81677234
vt 0.97333759 0.65874588
vt 0.64750528 0.28464651
vt 0.0665223 0.79377908
vt 0.58274168 0.28464663
vt 0.97254133 0.65896785
vt 0.067343175 0.9297514
vt 0.97333759 0.72611612
vt 0.64792717 0.1486752
vt 0.97333759 0.72653794
vt 0.64750528 0.14867514
vt 0.066522241 0.9297514
vt 0.58274168 0.1486752
vt 0.97254133 0.72631598
vt 0.066522241 0.92624032
vt 0.58274168 0.15218621
vt 0.95412564 0.68616599
vt 0.06537509 0.92572975
vt 0.95440507 0.68739027
vt 0.58316094 0.15218616
vt 0.9545449 0.68616599
vt 0.58316094 0.15218616
vt 0.58316094 0.14905614
vt 0.58316094 0.14905614
vt 0.58316094 0.14905614
vt 0.95482421 0.68739027
vt 0.58201373 0.15269691
vt 0.6063745 0.1490562
vt 0.6063745 0.1490562
vt 0.58316088 0.28113556
vt 0.9545449 0.81677234
vt 0.58316088 0.28113556
vt 0.60637444 0.28426558
vt 0.9814564 0.26699936
vt 0.9814564 0.29021269
vt 0.58316094 0.28426558
vt 0.9814564 0.29021269
vt 0.95482421 0.81554806
vt 0.58201373 0.28062487
vt 0.95489305 0.81516552
vt 0.58173132 0.28035772
vt 0.06537509 0.79780084
vt 0.95440507 0.81554806
vt 0.065092623 0.79806799
vt 0.95447373 0.81516552
vt 0.065092623 0.92546266
vt 0.95447373 0.68777287
vt 0.95489299 0.68777287
vt 0.58173132 0.15296406
vt 0.9814564 0.29059374
vt 0.58316094 0.28464663
vt 0.97254133 0.65854859
vt 0.98210025 0.29021269
vt 0.5913533 0.9851656
vt 0.98210025 0.29021269
vt 0.98210025 0.29059374
vt 0.59173429 0.9851656
vt 0.97189742 0.65854859
vt 0.98210025 0.26566416
vt 0.5913533 0.96061671
vt 0.97189742 0.63400012
vt 0.59173429 0.96061671
vt 0.98191917 0.26533502
vt 0.5913533 0.96024096
vt 0.97207856 0.63367081
vt 0.59173429 0.96024096
vt 0.61458272 0.28426558
vt 0.5913533 0.95415992
vt 0.61458272 0.28426558
vt 0.98191917 0.25925392
vt 0.59173429 0.9539063
vt 0.61483634 0.28464651
vt 0.97207856 0.62733626
vt 0.61483634 0.28464651
vt 0.61411989 0.28426558
vt 0.61411989 0.28426558
vt 0.9814564 0.25925392
vt 0.61458272 0.14905614
vt 0.61458272 0.14905614
vt 0.85089415 0.95576286
vt 0.61411989 0.14859337
vt 0.61411989 0.14905614
vt 0.61411989 0.14905614
vt 0.61411989 0.14905614
vt 0.61483634 0.14867514
vt 0.85051316 0.95550919
vt 0.97207856 0.75794762
vt 0.61483634 0.14867514
vt 0.6080389 0.14859337
vt 0.85089421 0.96184367
vt 0.60770965 0.14841223
vt 0.85089421 0.96221936
vt 0.97207856 0.75161302
vt 0.8505131 0.96184367
vt 0.97189742 0.75128371
vt 0.85051322 0.96221936
vt 0.58316094 0.1486752
vt 0.58316094 0.1486752
vt 0.97254133 0.72673529
vt 0.97333759 0.75794762
vt 0.61609536 0.14867514
vt 0.61609536 0.14867514
vt 0.97333759 0.62733626
vt 0.61609536 0.28464651
vt 0.61609536 0.28464651
vt 0.58380485 0.1486752
vt 0.85051316 0.98676699
vt 0.97189742 0.72673529
vt 0.58380485 0.1490562
vt 0.85089421 0.98676699
vt 0.58316088 0.14841223
vt 0.92450112 0.53931749
vt 0.96762955 0.090476871
vt 0.64792717 0.14029366
vt 0.92532206 0.53580642
vt 0.58274168 0.13678265
vt 0.95412564 0.95549732
vt 0.96762955 0.090054989
vt 0.64750534 0.14029366
vt 0.92532206 0.53931749
vt 0.58274168 0.14029366
vt 0.96683329 0.090276957
vt 0.92450106 0.40334517
vt 0.96593481 0.15511489
vt 0.64792717 0.0043222308
vt 0.96593481 0.15553677
vt 0.64750534 0.0043222308
vt 0.92532206 0.40334517
vt 0.58274168 0.0043222308
vt 0.96513849 0.1553148
vt 0.92532206 0.40685618
vt 0.58274168 0.0078332424
vt 0.95412564 0.82489091
vt 0.92646933 0.40736687
vt 0.95440501 0.82611525
vt 0.58316094 0.0078332424
vt 0.9545449 0.82489091
vt 0.58316094 0.0078332424
vt 0.58316094 0.0047032833
vt 0.58316094 0.0047032833
vt 0.58316094 0.0047032833
vt 0.95482421 0.82611525
vt 0.58201373 0.008343935
vt 0.60637444 0.0047032833
vt 0.60637444 0.0047032833
vt 0.58316094 0.13678265
vt 0.9545449 0.95549732
vt 0.58316094 0.13678265
vt 0.60637444 0.13991261
vt 0.93620682 0.88282156
vt 0.93620682 0.90603536
vt 0.58316094 0.13991261
vt 0.93620682 0.90603536
vt 0.95482421 0.9542731
vt 0.58201373 0.13627195
vt 0.95489299 0.95389044
vt 0.58173132 0.13600487
vt 0.92646933 0.53529561
vt 0.95440501 0.9542731
vt 0.92675167 0.53502858
vt 0.95447373 0.95389044
vt 0.92675167 0.40763396
vt 0.95447373 0.82649773
vt 0.95489293 0.82649773
vt 0.58173132 0.008611083
vt 0.93620682 0.90641642
vt 0.58316094 0.14029366
vt 0.96683329 0.089857638
vt 0.93685073 0.90603536
vt 0.98494828 0.090476871
vt 0.93685073 0.90603536
vt 0.93685079 0.90641642
vt 0.98532927 0.090476871
vt 0.96618932 0.089857638
vt 0.93685079 0.88148642
vt 0.98494828 0.065928221
vt 0.96618932 0.065308809
vt 0.98532927 0.065928221
vt 0.93666959 0.88115716
vt 0.98494828 0.065552354
vt 0.96637046 0.064979494
vt 0.98532927 0.065552354
vt 0.61458266 0.13991261
vt 0.61458266 0.13991261
vt 0.98494828 0.059471309
vt 0.93666959 0.875076
vt 0.61483634 0.14029366
vt 0.98532927 0.059217632
vt 0.96637046 0.058644831
vt 0.61483634 0.14029366
vt 0.61411995 0.13991261
vt 0.61411995 0.13991261
vt 0.93620682 0.875076
vt 0.61458266 0.0047032833
vt 0.10524413 0.9848541
vt 0.61458266 0.0047032833
vt 0.61411995 0.0042405128
vt 0.61411995 0.0047032833
vt 0.61411995 0.0047032833
vt 0.61411995 0.0047032833
vt 0.10562515 0.98510772
vt 0.61483634 0.0043222308
vt 0.96467572 0.18694675
vt 0.61483634 0.0043222308
vt 0.6080389 0.0042405128
vt 0.10524413 0.97877306
vt 0.60770959 0.0040593743
vt 0.10524413 0.97839719
vt 0.96467572 0.18061209
vt 0.10562515 0.97877306
vt 0.96449453 0.18028277
vt 0.10562514 0.97839719
vt 0.583161 0.0043222308
vt 0.583161 0.0043222308
vt 0.96513849 0.15573406
vt 0.96593475 0.18694675
vt 0.61609536 0.0043222308
vt 0.61609536 0.0043222308
vt 0.96762955 0.058644831
vt 0.61609536 0.14029366
vt 0.61609536 0.14029366
vt 0.58380497 0.0043222308
vt 0.10562515 0.95384812
vt 0.96449453 0.15573406
vt 0.58380497 0.0047032833
vt 0.10524413 0.95384812
vt 0.58316094 0.0040593147
vt 0.93487036 0.25113529
vt 0.96593469 0.2268973
vt 0.50741696 0.0040593147
vt 0.93569136 0.24762422
vt 0.57260245 0.0075703263
vt 0.95489293 0.54743594
vt 0.96593469 0.22647542
vt 0.50783885 0.0040593147
vt 0.93569136 0.25113529
vt 0.57260245 0.0040593147
vt 0.96513838 0.22669744
vt 0.93487036 0.11516398
vt 0.97333735 0.48324579
vt 0.50741696 0.14003068
vt 0.97333735 0.48366761
vt 0.50783873 0.14003068
vt 0.93569136 0.11516398
vt 0.57260245 0.14003068
vt 0.97254109 0.48344564
vt 0.93569136 0.11867499
vt 0.57260245 0.13651967
vt 0.95489293 0.67804229
vt 0.93683857 0.11918569
vt 0.95461357 0.67681795
vt 0.57218313 0.13651967
vt 0.95447367 0.67804229
vt 0.57218313 0.13651967
vt 0.57218313 0.13964975
vt 0.57218313 0.13964975
vt 0.57218313 0.13964975
vt 0.95419437 0.67681795
vt 0.57333028 0.13600898
vt 0.54896963 0.13964975
vt 0.54896963 0.13964975
vt 0.57218313 0.0075703263
vt 0.95447367 0.54743594
vt 0.57218313 0.0075703263
vt 0.54896963 0.0044403076
vt 0.98145616 0.63508153
vt 0.98145616 0.65829462
vt 0.57218313 0.0044403076
vt 0.98145616 0.65829462
vt 0.95419437 0.54866028
vt 0.5733304 0.0080809593
vt 0.95412558 0.54904282
vt 0.57361275 0.0083481073
vt 0.93683857 0.24711359
vt 0.95461357 0.54866028
vt 0.93712097 0.24684644
vt 0.95454484 0.54904282
vt 0.93712097 0.11945277
vt 0.95454484 0.67643547
vt 0.95412552 0.67643547
vt 0.57361275 0.13574183
vt 0.98145616 0.65867567
vt 0.57218313 0.0040593147
vt 0.96513838 0.22627807
vt 0.98210007 0.65829462
vt 0.57473522 0.9539063
vt 0.98210007 0.65829462
vt 0.98210007 0.65867567
vt 0.57435417 0.9539063
vt 0.96449447 0.22627807
vt 0.98210007 0.63374639
vt 0.57473522 0.97845501
vt 0.96449447 0.2017293
vt 0.57435417 0.97845501
vt 0.98191893 0.63341713
vt 0.57473522 0.97883081
vt 0.96467561 0.20139998
vt 0.57435417 0.97883081
vt 0.54076147 0.0044403076
vt 0.54076147 0.0044403076
vt 0.57473522 0.98491186
vt 0.98191893 0.62733626
vt 0.54050779 0.0040593147
vt 0.57435417 0.98516554
vt 0.96467561 0.19506526
vt 0.54050779 0.0040593147
vt 0.54122418 0.0044403076
vt 0.54122418 0.0044403076
vt 0.98145616 0.62733626
vt 0.54076135 0.13964969
vt 0.54076135 0.13964969
vt 0.76032519 0.98553425
vt 0.54122418 0.14011246
vt 0.54122418 0.13964969
vt 0.54122418 0.13964969
vt 0.54122418 0.13964969
vt 0.54050773 0.14003068
vt 0.76070619 0.98578793
vt 0.97207826 0.51507741
vt 0.54050773 0.14003068
vt 0.54730511 0.14011246
vt 0.76032519 0.97945333
vt 0.54763448 0.1402936
vt 0.76032519 0.97907752
vt 0.97207826 0.50874281
vt 0.76070619 0.97945333
vt 0.97189713 0.50841349
vt 0.76070619 0.97907752
vt 0.57218313 0.14003068
vt 0.57218313 0.14003068
vt 0.97254109 0.48386496
vt 0.97333729 0.51507741
vt 0.5392487 0.14003068
vt 0.5392487 0.14003068
vt 0.96593469 0.19506526
vt 0.53924876 0.0040593147
vt 0.53924876 0.0040593147
vt 0.57153916 0.14003068
vt 0.76070619 0.95452899
vt 0.97189713 0.48386496
vt 0.57153916 0.13964969
vt 0.76032519 0.95452899
vt 0.57218325 0.14029372
vt 0.49929833 0.79379719
vt 0.97333777 0.57926738
vt 0.5074169 0.29276526
vt 0.4984774 0.79730827
vt 0.94523954 0.81677711
vt 0.57260245 0.29627633
vt 0.97333777 0.57884556
vt 0.50783879 0.29276526
vt 0.4984774 0.79379719
vt 0.57260245 0.29276526
vt 0.97254151 0.57906747
vt 0.49929833 0.9297694
vt 0.97333783 0.25925386
vt 0.5074169 0.42873669
vt 0.97333783 0.25967574
vt 0.50783879 0.42873669
vt 0.4984774 0.9297694
vt 0.57260245 0.42873669
vt 0.97254151 0.25945377
vt 0.4984774 0.92625833
vt 0.57260245 0.42522562
vt 0.94523954 0.68616599
vt 0.49733013 0.92574763
vt 0.94551897 0.68739039
vt 0.57218307 0.42522562
vt 0.94565886 0.68616599
vt 0.57218307 0.42522562
vt 0.57218307 0.42835563
vt 0.57218307 0.42835563
vt 0.57218307 0.42835563
vt 0.94593817 0.68739039
vt 0.5733304 0.42471498
vt 0.54896957 0.42835569
vt 0.54896957 0.42835569
vt 0.57218313 0.29627633
vt 0.94565886 0.81677711
vt 0.57218313 0.29627633
vt 0.54896963 0.29314625
vt 0.98209995 0.50684047
vt 0.98209995 0.48362684
vt 0.57218313 0.29314625
vt 0.98209995 0.48362684
vt 0.94593817 0.81555283
vt 0.5733304 0.2967869
vt 0.94600695 0.81517017
vt 0.57361275 0.29705411
vt 0.49733013 0.79781896
vt 0.94551897 0.81555283
vt 0.49704778 0.79808611
vt 0.94558764 0.81517017
vt 0.49704778 0.92548048
vt 0.94558769 0.68777293
vt 0.94600689 0.68777293
vt 0.57361275 0.42444783
vt 0.98209995 0.48324573
vt 0.57218313 0.29276526
vt 0.97254151 0.57864821
vt 0.98145604 0.48362684
vt 0.98361236 0.18637419
vt 0.98145604 0.48362684
vt 0.98145598 0.48324579
vt 0.98399335 0.18637419
vt 0.97189754 0.57864821
vt 0.98145598 0.50817561
vt 0.98361236 0.16182548
vt 0.97189754 0.5540998
vt 0.98399335 0.16182548
vt 0.98163718 0.50850487
vt 0.98361236 0.16144967
vt 0.97207874 0.55377054
vt 0.98399335 0.16144961
vt 0.54076141 0.29314625
vt 0.54076141 0.29314625
vt 0.98361212 0.15536857
vt 0.98163712 0.51458597
vt 0.54050773 0.29276526
vt 0.98399317 0.15511495
vt 0.97207874 0.54743588
vt 0.54050773 0.29276526
vt 0.54122418 0.29314625
vt 0.54122418 0.29314625
vt 0.98209995 0.51458597
vt 0.54076141 0.42835569
vt 0.54076141 0.42835569
vt 0.70500422 0.95520771
vt 0.54122418 0.42881846
vt 0.54122418 0.42835569
vt 0.54122418 0.42835569
vt 0.54122418 0.42835569
vt 0.54050773 0.42873669
vt 0.70462316 0.95495415
vt 0.9720788 0.29108524
vt 0.54050773 0.42873669
vt 0.54730523 0.42881846
vt 0.70500427 0.96128851
vt 0.54763448 0.42899954
vt 0.70500427 0.96166438
vt 0.97207874 0.2847507
vt 0.70462322 0.96128851
vt 0.97189754 0.28442138
vt 0.70462322 0.96166438
vt 0.57218313 0.42873669
vt 0.57218313 0.42873669
vt 0.97254151 0.25987309
vt 0.97333783 0.29108524
vt 0.5392487 0.42873669
vt 0.5392487 0.42873669
vt 0.97333777 0.54743588
vt 0.5392487 0.29276526
vt 0.5392487 0.29276526
vt 0.57153922 0.42873669
vt 0.70462316 0.98621249
vt 0.97189754 0.25987309
vt 0.57153922 0.42835563
vt 0.70500427 0.98621249
vt 0.57218319 0.42899966
vt 0.92675179 0.11516404
vt 0.97549361 0.18694568
vt 0.29578984 0.54595339
vt 0.9259308 0.11867511
vt 0.23060441 0.54244238
vt 0.96377897 0.547436
vt 0.97549361 0.18652385
vt 0.29536808 0.54595339
vt 0.9259308 0.11516404
vt 0.23060441 0.54595339
vt 0.97469735 0.18674576
vt 0.92675173 0.25113559
vt 0.97549355 0.19506431
vt 0.29579002 0.40998191
vt 0.97549355 0.19548613
vt 0.29536813 0.40998191
vt 0.92593074 0.25113559
vt 0.23060447 0.40998191
vt 0.97469729 0.19526416
vt 0.92593074 0.24762464
vt 0.23060447 0.41349292
vt 0.96377897 0.67803788
vt 0.92478347 0.24711394
vt 0.96349967 0.6768136
vt 0.23102373 0.41349292
vt 0.96335965 0.67803788
vt 0.23102373 0.41349292
vt 0.23102379 0.41036296
vt 0.23102379 0.41036296
vt 0.23102379 0.41036296
vt 0.96308035 0.6768136
vt 0.22987658 0.41400361
vt 0.25423723 0.41036296
vt 0.25423723 0.41036296
vt 0.23102355 0.54244238
vt 0.96335965 0.547436
vt 0.23102355 0.54244238
vt 0.25423706 0.5455724
vt 0.98210025 0.74921584
vt 0.98210025 0.72600394
vt 0.23102355 0.5455724
vt 0.98210025 0.72600394
vt 0.96308035 0.54866022
vt 0.2298764 0.54193169
vt 0.96301156 0.54904282
vt 0.22959405 0.54166454
vt 0.92478353 0.11918575
vt 0.96349967 0.54866022
vt 0.92450118 0.11945295
vt 0.96343076 0.54904282
vt 0.92450112 0.2468468
vt 0.96343082 0.676431
vt 0.96301156 0.676431
vt 0.22959411 0.41427076
vt 0.98210019 0.72562295
vt 0.23102355 0.54595339
vt 0.97469735 0.1863265
vt 0.98145616 0.72600394
vt 0.71581405 0.98621255
vt 0.98145616 0.72600394
vt 0.98145628 0.72562289
vt 0.71619511 0.98621255
vt 0.97405332 0.1863265
vt 0.98145622 0.75055087
vt 0.71581417 0.96166456
vt 0.97405332 0.16177869
vt 0.71619517 0.96166456
vt 0.98163748 0.75088018
vt 0.71581417 0.96128875
vt 0.97423458 0.16144931
vt 0.71619517 0.96128875
vt 0.26244533 0.5455724
vt 0.26244533 0.5455724
vt 0.71581405 0.95520788
vt 0.98163742 0.75696069
vt 0.26269895 0.54595339
vt 0.71619505 0.95495415
vt 0.97423458 0.15511489
vt 0.26269895 0.54595339
vt 0.26198262 0.5455724
vt 0.26198262 0.5455724
vt 0.98210025 0.75696069
vt 0.26244551 0.4103629
vt 0.26244551 0.4103629
vt 0.98361224 0.14617294
vt 0.26198268 0.40990019
vt 0.26198268 0.4103629
vt 0.26198268 0.4103629
vt 0.26198268 0.4103629
vt 0.26269913 0.40998191
vt 0.98399329 0.14642656
vt 0.97423452 0.22689492
vt 0.26269913 0.40998191
vt 0.25590175 0.40990019
vt 0.98361224 0.14009166
vt 0.25557238 0.40971899
vt 0.98361224 0.13971579
vt 0.97423452 0.22056055
vt 0.98399317 0.1400916
vt 0.97405326 0.22023129
vt 0.98399317 0.13971579
vt 0.23102373 0.40998191
vt 0.23102373 0.40998191
vt 0.97469729 0.19568342
vt 0.97549355 0.22689492
vt 0.26395816 0.40998185
vt 0.26395816 0.40998185
vt 0.97549361 0.15511489
vt 0.2639581 0.54595339
vt 0.2639581 0.54595339
vt 0.23166764 0.40998191
vt 0.98399329 0.11516559
vt 0.97405326 0.19568342
vt 0.23166764 0.41036296
vt 0.98361218 0.11516559
vt 0.23102385 0.40971911
vt 0.38179445 0.92043954
vt 0.97549355 0.14699477
vt 0.50741696 0.58147103
vt 0.38261539 0.91692847
vt 0.57260251 0.5849821
vt 0.96377891 0.2592538
vt 0.97549355 0.14657289
vt 0.50783885 0.58147103
vt 0.38261539 0.92043954
vt 0.57260239 0.58147103
vt 0.97469729 0.1467948
vt 0.38179439 0.78446698
vt 0.69572294 0.92845404
vt 0.50741696 0.71744239
vt 0.69572282 0.92887586
vt 0.50783885 0.71744239
vt 0.38261539 0.78446698
vt 0.57260239 0.71744239
vt 0.69492662 0.9286539
vt 0.38261539 0.78797805
vt 0.57260239 0.71393132
vt 0.96377891 0.38985562
vt 0.3837626 0.78848869
vt 0.96349955 0.38863134
vt 0.57218313 0.71393132
vt 0.96335959 0.38985562
vt 0.57218313 0.71393132
vt 0.57218313 0.71706128
vt 0.57218313 0.71706128
vt 0.57218313 0.71706128
vt 0.96308029 0.38863134
vt 0.5733304 0.71342069
vt 0.54896963 0.71706128
vt 0.54896963 0.71706128
vt 0.57218313 0.5849821
vt 0.96335959 0.2592538
vt 0.57218313 0.5849821
vt 0.54896963 0.58185208
vt 0.98210001 0.46738183
vt 0.98210001 0.44416857
vt 0.57218313 0.58185208
vt 0.98210001 0.44416857
vt 0.96308029 0.26047814
vt 0.5733304 0.58549267
vt 0.9630115 0.26086068
vt 0.57361275 0.58575982
vt 0.3837626 0.91641778
vt 0.96349955 0.26047814
vt 0.384045 0.91615063
vt 0.96343076 0.26086068
vt 0.384045 0.78875583
vt 0.96343076 0.38824886
vt 0.96301144 0.38824886
vt 0.57361275 0.71315354
vt 0.98210001 0.44378757
vt 0.57218313 0.58147103
vt 0.97469729 0.1463756
vt 0.98145604 0.44416857
vt 0.74913418 0.98578733
vt 0.98145604 0.44416857
vt 0.98145616 0.44378746
vt 0.74951524 0.98578733
vt 0.97405332 0.1463756
vt 0.98145616 0.46871698
vt 0.74913442 0.96123934
vt 0.97405332 0.12182772
vt 0.74951535 0.96123934
vt 0.98163718 0.46904624
vt 0.74913442 0.96086353
vt 0.97423452 0.12149841
vt 0.74951535 0.96086353
vt 0.54076141 0.58185208
vt 0.54076141 0.58185208
vt 0.74913418 0.95478266
vt 0.98163718 0.47512722
vt 0.54050779 0.58147103
vt 0.74951518 0.95452899
vt 0.97423452 0.11516398
vt 0.54050779 0.58147103
vt 0.54122424 0.58185208
vt 0.54122424 0.58185208
vt 0.98210001 0.47512722
vt 0.54076141 0.71706134
vt 0.54076141 0.71706134
vt 0.64570802 0.95409501
vt 0.54122424 0.71752417
vt 0.54122424 0.71706134
vt 0.54122424 0.71706134
vt 0.54122424 0.71706134
vt 0.54050779 0.71744239
vt 0.64532703 0.95384145
vt 0.69446391 0.96028626
vt 0.54050779 0.71744239
vt 0.54730523 0.71752423
vt 0.64570808 0.96017605
vt 0.54763448 0.71770525
vt 0.64570808 0.96055186
vt 0.69446385 0.95395154
vt 0.64532709 0.96017605
vt 0.69428277 0.95362228
vt 0.64532709 0.96055186
vt 0.57218313 0.71744239
vt 0.57218313 0.71744239
vt 0.69492662 0.92907321
vt 0.69572294 0.96028626
vt 0.53924882 0.71744233
vt 0.53924882 0.71744233
vt 0.97549355 0.11516398
vt 0.53924882 0.58147103
vt 0.53924882 0.58147103
vt 0.57153916 0.71744239
vt 0.64532703 0.98510075
vt 0.69428265 0.92907321
vt 0.57153916 0.71706134
vt 0.64570802 0.98510075
vt 0.57218313 0.71770537
vt 0.92675173 0.69152683
vt 0.97512507 0.8567217
vt 0.72224152 0.28464663
vt 0.92593074 0.69503784
vt 0.65705603 0.28113556
vt 0.94600701 0.547436
vt 0.97512507 0.85629982
vt 0.72181964 0.28464663
vt 0.92593074 0.69152677
vt 0.65705615 0.28464663
vt 0.97432882 0.85652173
vt 0.92675167 0.82749838
vt 0.056974113 0.85805231
vt 0.72224152 0.1486752
vt 0.056973994 0.8584742
vt 0.72181964 0.1486752
vt 0.92593068 0.82749838
vt 0.65705615 0.1486752
vt 0.056177795 0.85825223
vt 0.92593068 0.82398742
vt 0.65705603 0.15218627
vt 0.94600701 0.67804748
vt 0.92478335 0.82347667
vt 0.94572753 0.67682302
vt 0.65747529 0.15218621
vt 0.94558769 0.67804748
vt 0.65747529 0.15218621
vt 0.65747529 0.1490562
vt 0.65747529 0.1490562
vt 0.65747529 0.1490562
vt 0.94530839 0.67682302
vt 0.65632814 0.15269691
vt 0.6806888 0.14905626
vt 0.6806888 0.14905626
vt 0.65747529 0.28113556
vt 0.94558769 0.547436
vt 0.65747529 0.28113556
vt 0.6806888 0.28426558
vt 0.98145598 0.41109073
vt 0.98145598 0.4343043
vt 0.65747529 0.28426552
vt 0.98145598 0.4343043
vt 0.94530839 0.54866052
vt 0.65632814 0.28062493
vt 0.94523954 0.549043
vt 0.65604573 0.28035778
vt 0.92478335 0.69554853
vt 0.94572753 0.54866052
vt 0.92450112 0.69581568
vt 0.9456588 0.549043
vt 0.92450106 0.82320952
vt 0.94565874 0.67644048
vt 0.94523954 0.67644048
vt 0.65604573 0.15296406
vt 0.98145598 0.43468547
vt 0.65747529 0.28464663
vt 0.97432882 0.85610259
vt 0.98209995 0.4343043
vt 0.088625848 0.95384824
vt 0.98209995 0.4343043
vt 0.98209989 0.43468547
vt 0.088244811 0.95384812
vt 0.97368479 0.85610259
vt 0.98209989 0.40975547
vt 0.088625684 0.97839659
vt 0.97368479 0.83155459
vt 0.088244662 0.97839659
vt 0.98191881 0.40942633
vt 0.088625684 0.9787724
vt 0.97386599 0.83122534
vt 0.088244662 0.9787724
vt 0.68889707 0.28426558
vt 0.088625848 0.98485333
vt 0.68889707 0.28426558
vt 0.98191869 0.40334517
vt 0.088244841 0.985107
vt 0.68915069 0.28464663
vt 0.97386599 0.82489085
vt 0.68915069 0.28464663
vt 0.68843424 0.28426552
vt 0.68843424 0.28426552
vt 0.98145598 0.40334517
vt 0.68889707 0.14905626
vt 0.097125411 0.9541018
vt 0.68889707 0.14905626
vt 0.68843436 0.14859343
vt 0.68843424 0.14905626
vt 0.68843424 0.14905626
vt 0.68843424 0.14905626
vt 0.096744418 0.95384812
vt 0.68915069 0.1486752
vt 0.055715084 0.88988459
vt 0.68915069 0.1486752
vt 0.68235332 0.14859343
vt 0.0971255 0.96018291
vt 0.68202406 0.14841229
vt 0.0971255 0.96055853
vt 0.055715024 0.88354987
vt 0.096744508 0.96018291
vt 0.055533826 0.88322061
vt 0.096744508 0.96055853
vt 0.65747541 0.1486752
vt 0.65747541 0.1486752
vt 0.056177676 0.85867155
vt 0.056974113 0.88988453
vt 0.69040966 0.1486752
vt 0.69040966 0.1486752
vt 0.97512507 0.82489085
vt 0.69040966 0.28464663
vt 0.69040966 0.28464663
vt 0.65811932 0.1486752
vt 0.096744418 0.98510742
vt 0.055533767 0.85867161
vt 0.65811932 0.14905626
vt 0.097125411 0.98510742
vt 0.65747529 0.14841223
vt 0.92675167 0.25925416
vt 0.7702651 0.97608507
vt 0.65604568 0.29276526
vt 0.92593074 0.26276529
vt 0.72123122 0.29627633
vt 0.94523931 0.53395677
vt 0.7702651 0.97566319
vt 0.65646762 0.29276526
vt 0.92593074 0.25925422
vt 0.7212311 0.29276526
vt 0.76946884 0.97588509
vt 0.92675167 0.3952266
vt 0.96445179 0.94112664
vt 0.65604568 0.42873663
vt 0.96445167 0.94154859
vt 0.65646762 0.42873663
vt 0.92593068 0.3952266
vt 0.7212311 0.42873663
vt 0.96365553 0.94132662
vt 0.92593068 0.39171559
vt 0.7212311 0.42522562
vt 0.94523954 0.40334517
vt 0.92478341 0.39120489
vt 0.94551879 0.40456951
vt 0.72081184 0.42522562
vt 0.94565868 0.40334517
vt 0.72081184 0.42522562
vt 0.72081184 0.42835563
vt 0.72081184 0.42835563
vt 0.72081184 0.42835563
vt 0.94593799 0.40456951
vt 0.72195911 0.42471492
vt 0.69759834 0.42835563
vt 0.69759834 0.42835563
vt 0.7208119 0.29627633
vt 0.94565862 0.53395677
vt 0.7208119 0.29627633
vt 0.6975984 0.29314631
vt 0.98145628 0.30694902
vt 0.98145628 0.33016163
vt 0.7208119 0.29314631
vt 0.98145628 0.33016163
vt 0.94593781 0.53273237
vt 0.72195911 0.29678696
vt 0.94600677 0.53234977
vt 0.72224146 0.29705411
vt 0.92478347 0.26327598
vt 0.94551867 0.53273237
vt 0.92450112 0.26354313
vt 0.94558752 0.53234977
vt 0.92450106 0.39093775
vt 0.94558758 0.40495217
vt 0.94600677 0.40495217
vt 0.72224146 0.42444777
vt 0.98145628 0.33054274
vt 0.7208119 0.29276526
vt 0.76946884 0.97546589
vt 0.98210037 0.33016163
vt 0.55604976 0.98509985
vt 0.98210037 0.33016163
vt 0.98210019 0.33054274
vt 0.55643082 0.98509985
vt 0.76882488 0.97546589
vt 0.98210019 0.30561393
vt 0.55604994 0.96055138
vt 0.76882488 0.95091796
vt 0.556431 0.96055138
vt 0.98191905 0.30528474
vt 0.55604994 0.96017575
vt 0.76900607 0.95058864
vt 0.556431 0.96017575
vt 0.68939012 0.29314631
vt 0.55604976 0.95409465
vt 0.68939012 0.29314631
vt 0.98191905 0.29920387
vt 0.55643076 0.95384103
vt 0.68913651 0.29276526
vt 0.76900607 0.94425428
vt 0.68913651 0.29276526
vt 0.68985295 0.29314631
vt 0.68985295 0.29314631
vt 0.98145628 0.29920375
vt 0.68939012 0.42835563
vt 0.68939012 0.42835563
vt 0.86208487 0.9557628
vt 0.68985283 0.4288184
vt 0.68985295 0.42835563
vt 0.68985295 0.42835563
vt 0.68985295 0.42835563
vt 0.68913651 0.42873663
vt 0.86170387 0.95550919
vt 0.9631927 0.97295821
vt 0.68913651 0.42873663
vt 0.69593394 0.4288184
vt 0.86208504 0.96184313
vt 0.69626313 0.42899954
vt 0.86208504 0.962219
vt 0.9631927 0.9666236
vt 0.86170393 0.96184313
vt 0.9630115 0.96629429
vt 0.86170393 0.962219
vt 0.7208119 0.42873663
vt 0.7208119 0.42873663
vt 0.96365553 0.94174588
vt 0.96445179 0.97295821
vt 0.68787748 0.42873663
vt 0.68787748 0.42873663
vt 0.7702651 0.94425428
vt 0.68787748 0.29276526
vt 0.68787748 0.29276526
vt 0.72016793 0.42873663
vt 0.86170387 0.98676592
vt 0.9630115 0.94174588
vt 0.72016793 0.42835557
vt 0.86208487 0.98676592
vt 0.72081202 0.4289996
vt 0.99243206 0.43034691
vt 0.68279558 0.92033553
vt 0.68279558 0.92033553
vt 0.99243206 0.42707705
vt 0.69109774 0.92033541
vt 0.67952573 0.92033541
vt 0.99200082 0.43034703
vt 0.68322694 0.92033553
vt 0.68322694 0.92033553
vt 0.9912408 0.42938697
vt 0.68759656 0.92033541
vt 0.68759656 0.92033541
vt 0.68279558 0.89448416
vt 0.68279558 0.89448416
vt 0.46421123 0.99009424
vt 0.69109762 0.89448416
vt 0.67952573 0.89448416
vt 0.46421146 0.98682445
vt 0.68322694 0.89448416
vt 0.68322694 0.89448416
vt 0.46464247 0.9900943
vt 0.68759656 0.89448416
vt 0.68759656 0.89448416
vt 0.46540254 0.98913437
vt 0.68648326 0.89448416
vt 0.68648326 0.89448416
vt 0.46642482 0.98957533
vt 0.68990648 0.89448416
vt 0.68990648 0.89448416
vt 0.46540269 0.98682445
vt 0.9912408 0.42707717
vt 0.68990648 0.92033541
vt 0.68990648 0.92033541
vt 0.68548667 0.89448416
vt 0.68548667 0.89448416
vt 0.46642476 0.99057186
vt 0.99021852 0.42982793
vt 0.68648326 0.92033553
vt 0.68648326 0.92033553
vt 0.99021852 0.43082446
vt 0.68548667 0.92033553
vt 0.68548667 0.92033553
vt 0.99200082 0.43082446
vt 0.68370444 0.92033553
vt 0.68370444 0.92033553
vt 0.68370444 0.89448416
vt 0.68370444 0.89448416
vt 0.46464247 0.99057186
vt 0.9924323 0.78407353
vt 0.1050466 0.88590837
vt 0.1050466 0.88590837
vt 0.9924323 0.7808038
vt 0.096744388 0.88590842
vt 0.10831642 0.88590837
vt 0.99200106 0.78407365
vt 0.10461527 0.88590837
vt 0.10461527 0.88590837
vt 0.9912411 0.7831136
vt 0.10024562 0.88590842
vt 0.10024562 0.88590842
vt 0.1050466 0.91175967
vt 0.1050466 0.91175967
vt 0.98897028 0.2382859
vt 0.096744508 0.91175961
vt 0.10831642 0.91175973
vt 0.98897028 0.23501599
vt 0.10461527 0.91175967
vt 0.10461527 0.91175967
vt 0.98940152 0.23828578
vt 0.10024562 0.91175961
vt 0.10024562 0.91175961
vt 0.99016154 0.23732579
vt 0.10135892 0.91175967
vt 0.10135892 0.91175967
vt 0.99118382 0.23776674
vt 0.097935706 0.91175961
vt 0.097935706 0.91175961
vt 0.99016154 0.23501587
vt 0.9912411 0.7808038
vt 0.097935706 0.88590842
vt 0.097935706 0.88590842
vt 0.10235545 0.91175973
vt 0.10235545 0.91175973
vt 0.99118382 0.23876333
vt 0.99021876 0.78355449
vt 0.10135892 0.88590837
vt 0.10135892 0.88590837
vt 0.99021876 0.78455114
vt 0.10235545 0.88590837
vt 0.10235545 0.88590837
vt 0.99200106 0.78455114
vt 0.10413775 0.88590837
vt 0.10413775 0.88590837
vt 0.10413775 0.91175967
vt 0.10413775 0.91175967
vt 0.98940152 0.23876321
vt 0.023749828 0.98632997
vt 0.12534493 0.88590842
vt 0.12534493 0.88590842
vt 0.023749828 0.98959988
vt 0.11704282 0.88590842
vt 0.12861478 0.88590842
vt 0.024181068 0.98632997
vt 0.12491371 0.88590842
vt 0.12491371 0.88590842
vt 0.024941087 0.98728997
vt 0.12054393 0.88590842
vt 0.12054393 0.88590842
vt 0.12534493 0.91175985
vt 0.12534493 0.91175985
vt 0.99243242 0.33963156
vt 0.11704282 0.91175991
vt 0.12861478 0.91175991
vt 0.99243242 0.34290141
vt 0.12491371 0.91175985
vt 0.12491371 0.91175985
vt 0.99200118 0.33963156
vt 0.12054393 0.91175985
vt 0.12054393 0.91175985
vt 0.99124116 0.34059143
vt 0.12165725 0.91175985
vt 0.12165725 0.91175985
vt 0.99021882 0.34015054
vt 0.11823401 0.91175991
vt 0.11823401 0.91175991
vt 0.99124116 0.34290141
vt 0.024941087 0.98959988
vt 0.11823401 0.88590842
vt 0.11823401 0.88590842
vt 0.12265378 0.91175991
vt 0.12265378 0.91175991
vt 0.99021882 0.33915401
vt 0.025963485 0.98684901
vt 0.12165725 0.88590842
vt 0.12165725 0.88590842
vt 0.025963485 0.98585242
vt 0.12265378 0.88590842
vt 0.12265378 0.88590842
vt 0.024181068 0.98585242
vt 0.12443608 0.88590842
vt 0.12443608 0.88590842
vt 0.12443608 0.91175985
vt 0.12443608 0.91175985
vt 0.99200118 0.33915401
vt 0.99243242 0.26252377
vt 0.80683005 0.93480986
vt 0.80683005 0.93480986
vt 0.99243236 0.25925392
vt 0.81513226 0.93480986
vt 0.80356032 0.93480986
vt 0.99200118 0.26252383
vt 0.80726135 0.93480986
vt 0.80726135 0.93480986
vt 0.99124122 0.26156384
vt 0.81163108 0.93480986
vt 0.81163108 0.93480986
vt 0.80683005 0.90895844
vt 0.80683005 0.90895844
vt 0.81878889 0.98865288
vt 0.81513226 0.90895849
vt 0.80356032 0.90895849
vt 0.81878889 0.99192274
vt 0.80726135 0.90895844
vt 0.80726135 0.90895844
vt 0.81835765 0.98865288
vt 0.81163108 0.90895844
vt 0.81163108 0.90895844
vt 0.81759769 0.98961288
vt 0.81051767 0.90895844
vt 0.81051767 0.90895844
vt 0.81657529 0.98917198
vt 0.813941 0.90895849
vt 0.813941 0.90895849
vt 0.81759775 0.99192274
vt 0.99124122 0.25925392
vt 0.813941 0.93480986
vt 0.813941 0.93480986
vt 0.8095212 0.90895849
vt 0.8095212 0.90895849
vt 0.81657523 0.98817539
vt 0.99021882 0.26200473
vt 0.81051767 0.93480986
vt 0.81051767 0.93480986
vt 0.99021882 0.26300132
vt 0.8095212 0.93480986
vt 0.8095212 0.93480986
vt 0.99200118 0.26300132
vt 0.80773884 0.93480986
vt 0.80773884 0.93480986
vt 0.80773884 0.90895844
vt 0.80773884 0.90895844
vt 0.81835759 0.98817539
vt 0.99021882 0.30719513
vt 0.52112591 0.91156793
vt 0.52112591 0.91156793
vt 0.99021882 0.31046504
vt 0.51282382 0.91156793
vt 0.52439576 0.91156793
vt 0.99065006 0.30719513
vt 0.52069467 0.91156793
vt 0.52069467 0.91156793
vt 0.99141008 0.30815512
vt 0.51632494 0.91156793
vt 0.51632494 0.91156793
vt 0.52112591 0.93741924
vt 0.52112591 0.93741924
vt 0.99243212 0.6554057
vt 0.51282382 0.9374193
vt 0.52439576 0.9374193
vt 0.99243212 0.65867561
vt 0.52069467 0.93741924
vt 0.52069467 0.93741924
vt 0.99200088 0.6554057
vt 0.51632494 0.93741924
vt 0.51632494 0.93741924
vt 0.99124086 0.65636563
vt 0.51743829 0.93741924
vt 0.51743829 0.93741924
vt 0.99021858 0.65592474
vt 0.51401508 0.9374193
vt 0.51401508 0.9374193
vt 0.99124086 0.65867561
vt 0.99141008 0.31046504
vt 0.51401508 0.91156793
vt 0.51401508 0.91156793
vt 0.51843488 0.9374193
vt 0.51843488 0.9374193
vt 0.99021858 0.65492821
vt 0.99243242 0.30771416
vt 0.51743829 0.91156793
vt 0.51743829 0.91156793
vt 0.99243242 0.30671763
vt 0.51843488 0.91156793
vt 0.51843488 0.91156793
vt 0.99065006 0.30671763
vt 0.52021718 0.91156793
vt 0.52021718 0.91156793
vt 0.52021718 0.93741924
vt 0.52021718 0.93741924
vt 0.99200088 0.65492821
vt 0.99021882 0.2834633
vt 0.73487753 0.92415255
vt 0.73487753 0.92415255
vt 0.99021882 0.28673315
vt 0.72657537 0.92415255
vt 0.73814732 0.92415255
vt 0.99065006 0.2834633
vt 0.73444629 0.92415255
vt 0.73444629 0.92415255
vt 0.99141008 0.28442323
vt 0.73007649 0.92415255
vt 0.73007649 0.92415255
vt 0.73487753 0.95000386
vt 0.73487753 0.95000386
vt 0.99243224 0.71423453
vt 0.72657537 0.95000386
vt 0.73814732 0.95000386
vt 0.99243224 0.71750438
vt 0.73444623 0.95000386
vt 0.73444623 0.95000386
vt 0.992001 0.71423453
vt 0.73007649 0.95000386
vt 0.73007649 0.95000386
vt 0.99124104 0.71519446
vt 0.73118991 0.95000386
vt 0.73118991 0.95000386
vt 0.9902187 0.71475351
vt 0.72776669 0.95000386
vt 0.72776669 0.95000386
vt 0.99124104 0.71750438
vt 0.99141008 0.28673315
vt 0.72776669 0.92415255
vt 0.72776669 0.92415255
vt 0.73218638 0.95000386
vt 0.73218638 0.95000386
vt 0.9902187 0.71375698
vt 0.99243242 0.28398228
vt 0.73118991 0.92415255
vt 0.73118991 0.92415255
vt 0.99243242 0.28298575
vt 0.73218638 0.92415255
vt 0.73218638 0.92415255
vt 0.99065006 0.28298575
vt 0.73396879 0.92415255
vt 0.73396879 0.92415255
vt 0.73396873 0.95000386
vt 0.73396873 0.95000386
vt 0.992001 0.71375698
vt 0.99243218 0.55555081
vt 0.8319279 0.94914401
vt 0.8319279 0.94914401
vt 0.99243218 0.55228096
vt 0.84022999 0.94914401
vt 0.82865804 0.94914401
vt 0.99200088 0.55555081
vt 0.83235914 0.94914401
vt 0.83235914 0.94914401
vt 0.99124092 0.55459088
vt 0.83672881 0.94914401
vt 0.83672881 0.94914401
vt 0.8319279 0.92329264
vt 0.8319279 0.92329264
vt 0.99021864 0.72889268
vt 0.84022999 0.92329264
vt 0.82865804 0.92329264
vt 0.99021864 0.72562283
vt 0.83235914 0.92329264
vt 0.83235914 0.92329264
vt 0.99064988 0.72889268
vt 0.83672881 0.92329264
vt 0.83672881 0.92329264
vt 0.9914099 0.72793275
vt 0.83561552 0.92329264
vt 0.83561552 0.92329264
vt 0.99243224 0.72837359
vt 0.83903873 0.92329264
vt 0.83903873 0.92329264
vt 0.9914099 0.72562283
vt 0.99124092 0.55228096
vt 0.83903873 0.94914401
vt 0.83903873 0.94914401
vt 0.83461899 0.92329264
vt 0.83461899 0.92329264
vt 0.99243224 0.72937018
vt 0.99021858 0.55503178
vt 0.83561552 0.94914401
vt 0.83561552 0.94914401
vt 0.99021858 0.55602831
vt 0.83461899 0.94914401
vt 0.83461899 0.94914401
vt 0.99200088 0.55602831
vt 0.83283663 0.94914401
vt 0.83283663 0.94914401
vt 0.83283663 0.92329264
vt 0.83283663 0.92329264
vt 0.99064988 0.72937018
vt 0.98999363 0.98434657
vt 0.66500169 0.90548259
vt 0.66500169 0.90548259
vt 0.98999363 0.98107672
vt 0.65669954 0.90548265
vt 0.66827154 0.90548265
vt 0.98956227 0.98434657
vt 0.66457045 0.90548259
vt 0.66457045 0.90548259
vt 0.98880237 0.98338658
vt 0.66020072 0.90548259
vt 0.66020072 0.90548259
vt 0.66500169 0.93133396
vt 0.66500169 0.93133396
vt 0.99021846 0.4983815
vt 0.65669954 0.93133396
vt 0.66827154 0.93133396
vt 0.99021846 0.49511164
vt 0.66457045 0.93133396
vt 0.66457045 0.93133396
vt 0.9906497 0.4983815
vt 0.66020072 0.93133396
vt 0.66020072 0.93133396
vt 0.99140978 0.49742156
vt 0.66131407 0.93133396
vt 0.66131407 0.93133396
vt 0.99243206 0.49786246
vt 0.6578908 0.93133396
vt 0.6578908 0.93133396
vt 0.99140978 0.49511164
vt 0.98880237 0.98107672
vt 0.6578908 0.90548265
vt 0.6578908 0.90548265
vt 0.6623106 0.93133396
vt 0.6623106 0.93133396
vt 0.99243206 0.49885905
vt 0.98777997 0.98382759
vt 0.66131407 0.90548259
vt 0.66131407 0.90548259
vt 0.98777997 0.98482412
vt 0.6623106 0.90548265
vt 0.6623106 0.90548265
vt 0.98956227 0.98482412
vt 0.66409296 0.90548259
vt 0.66409296 0.90548259
vt 0.66409296 0.93133396
vt 0.66409296 0.93133396
vt 0.9906497 0.49885905
vt 0.98559678 0.90747625
vt 0.36537361 0.90986234
vt 0.36537361 0.90986234
vt 0.98559678 0.91074616
vt 0.37367576 0.90986234
vt 0.36210376 0.90986234
vt 0.98602802 0.90747625
vt 0.36580497 0.90986234
vt 0.36580497 0.90986234
vt 0.98678803 0.90843624
vt 0.37017477 0.90986234
vt 0.37017477 0.90986234
vt 0.36537361 0.88401097
vt 0.36537361 0.88401097
vt 0.012096465 0.98971832
vt 0.37367576 0.88401097
vt 0.36210376 0.88401091
vt 0.012096524 0.98644853
vt 0.36580497 0.88401097
vt 0.36580497 0.88401097
vt 0.012527704 0.98971832
vt 0.37017477 0.88401097
vt 0.37017477 0.88401097
vt 0.013287783 0.98875833
vt 0.36906129 0.88401097
vt 0.36906129 0.88401097
vt 0.014310122 0.98919928
vt 0.37248451 0.88401097
vt 0.37248451 0.88401097
vt 0.013287783 0.98644853
vt 0.98678803 0.91074616
vt 0.37248451 0.90986234
vt 0.37248451 0.90986234
vt 0.3680647 0.88401097
vt 0.3680647 0.88401097
vt 0.014310122 0.99019587
vt 0.98781037 0.90799528
vt 0.36906129 0.90986234
vt 0.36906129 0.90986234
vt 0.98781043 0.90699869
vt 0.3680647 0.90986234
vt 0.3680647 0.90986234
vt 0.98602802 0.90699869
vt 0.36628246 0.90986234
vt 0.36628246 0.90986234
vt 0.36628246 0.88401097
vt 0.36628246 0.88401097
vt 0.012527704 0.99019587
vt 0.99243206 0.44221282
vt 0.45688647 0.89522195
vt 0.45688647 0.89522195
vt 0.99243206 0.43894297
vt 0.44858426 0.89522195
vt 0.46015626 0.89522195
vt 0.99200082 0.44221282
vt 0.45645517 0.89522195
vt 0.45645517 0.89522195
vt 0.9912408 0.44125283
vt 0.45208538 0.89522195
vt 0.45208538 0.89522195
vt 0.45688647 0.92107332
vt 0.45688647 0.92107332
vt 0.99243236 0.27159733
vt 0.44858426 0.92107326
vt 0.46015626 0.92107326
vt 0.99243236 0.27486718
vt 0.45645517 0.92107332
vt 0.45645517 0.92107332
vt 0.99200106 0.27159733
vt 0.45208538 0.92107332
vt 0.45208538 0.92107332
vt 0.9912411 0.27255726
vt 0.45319885 0.92107332
vt 0.45319885 0.92107332
vt 0.99021876 0.2721163
vt 0.44977558 0.92107326
vt 0.44977558 0.92107326
vt 0.9912411 0.27486718
vt 0.9912408 0.43894297
vt 0.44977558 0.89522195
vt 0.44977558 0.89522195
vt 0.45419538 0.92107326
vt 0.45419538 0.92107326
vt 0.99021876 0.27111977
vt 0.99021846 0.44169378
vt 0.45319885 0.89522195
vt 0.45319885 0.89522195
vt 0.99021846 0.44269037
vt 0.45419532 0.89522195
vt 0.45419532 0.89522195
vt 0.99200082 0.44269037
vt 0.45597768 0.89522195
vt 0.45597768 0.89522195
vt 0.45597768 0.92107332
vt 0.45597768 0.92107332
vt 0.99200106 0.27111977
vt 0.062918544 0.98973072
vt 0.0320521 0.89869243
vt 0.0320521 0.89869243
vt 0.062918544 0.98646086
vt 0.023749828 0.89869243
vt 0.035321832 0.89869243
vt 0.062487304 0.98973072
vt 0.031620741 0.89869243
vt 0.031620741 0.89869243
vt 0.061727345 0.98877078
vt 0.027250946 0.89869243
vt 0.027250946 0.89869243
vt 0.0320521 0.9245438
vt 0.0320521 0.9245438
vt 0.78971028 0.99032176
vt 0.023749828 0.92454374
vt 0.035321832 0.92454374
vt 0.78971028 0.9870519
vt 0.031620741 0.9245438
vt 0.031620741 0.9245438
vt 0.79014158 0.99032176
vt 0.027250946 0.9245438
vt 0.027250946 0.9245438
vt 0.79090154 0.98936182
vt 0.02836436 0.9245438
vt 0.02836436 0.9245438
vt 0.79192382 0.98980272
vt 0.024941146 0.92454374
vt 0.024941146 0.92454374
vt 0.79090154 0.9870519
vt 0.061727345 0.98646086
vt 0.024941146 0.89869243
vt 0.024941146 0.89869243
vt 0.02936089 0.92454374
vt 0.02936089 0.92454374
vt 0.79192382 0.99079937
vt 0.060704947 0.98921168
vt 0.02836436 0.89869243
vt 0.02836436 0.89869243
vt 0.060704947 0.99020833
vt 0.02936089 0.89869243
vt 0.02936089 0.89869243
vt 0.062487304 0.99020833
vt 0.031143248 0.89869243
vt 0.031143248 0.89869243
vt 0.031143248 0.9245438
vt 0.031143248 0.9245438
vt 0.79014158 0.99079925
vt 0.99021888 0.3277657
vt 0.051742613 0.89869237
vt 0.051742613 0.89869237
vt 0.99021888 0.33103549
vt 0.043440402 0.89869237
vt 0.055012405 0.89869237
vt 0.99065012 0.3277657
vt 0.051311314 0.89869237
vt 0.051311314 0.89869237
vt 0.99141014 0.32872558
vt 0.046941519 0.89869237
vt 0.046941519 0.89869237
vt 0.051742613 0.92454368
vt 0.051742613 0.92454368
vt 0.99106371 0.046313047
vt 0.043440402 0.92454374
vt 0.055012405 0.92454374
vt 0.99106371 0.049583018
vt 0.051311314 0.92454368
vt 0.051311314 0.92454368
vt 0.99063241 0.046313047
vt 0.046941519 0.92454368
vt 0.046941519 0.92454368
vt 0.98987246 0.047273099
vt 0.048054993 0.92454368
vt 0.048054993 0.92454368
vt 0.98885012 0.046832144
vt 0.044631779 0.92454374
vt 0.044631779 0.92454374
vt 0.98987246 0.049583018
vt 0.99141014 0.33103549
vt 0.044631779 0.89869237
vt 0.044631779 0.89869237
vt 0.049051464 0.92454374
vt 0.049051464 0.92454374
vt 0.98885012 0.045835555
vt 0.99243242 0.32828468
vt 0.048054874 0.89869237
vt 0.048054874 0.89869237
vt 0.99243242 0.32728803
vt 0.049051464 0.89869237
vt 0.049051464 0.89869237
vt 0.99065012 0.32728803
vt 0.050833762 0.89869237
vt 0.050833762 0.89869237
vt 0.050833762 0.92454368
vt 0.050833762 0.92454368
vt 0.99063241 0.045835555
vt 0.99021846 0.4599914
vt 0.28711325 0.90004313
vt 0.28711325 0.90004313
vt 0.99021846 0.46326119
vt 0.27881104 0.90004313
vt 0.29038304 0.90004313
vt 0.99064976 0.4599914
vt 0.28668189 0.90004313
vt 0.28668189 0.90004313
vt 0.99140978 0.46095133
vt 0.2823121 0.90004313
vt 0.2823121 0.90004313
vt 0.28711325 0.9258945
vt 0.28711325 0.9258945
vt 0.9902184 0.41848105
vt 0.27881104 0.9258945
vt 0.29038304 0.9258945
vt 0.9902184 0.41521126
vt 0.28668189 0.9258945
vt 0.28668189 0.9258945
vt 0.9906497 0.41848105
vt 0.2823121 0.9258945
vt 0.2823121 0.9258945
vt 0.99140966 0.417521
vt 0.28342563 0.9258945
vt 0.28342563 0.9258945
vt 0.992432 0.4179619
vt 0.28000236 0.9258945
vt 0.28000236 0.9258945
vt 0.99140966 0.41521114
vt 0.99140978 0.46326119
vt 0.28000236 0.90004313
vt 0.28000236 0.90004313
vt 0.2844221 0.9258945
vt 0.2844221 0.9258945
vt 0.99243194 0.41895854
vt 0.99243206 0.46051037
vt 0.28342539 0.90004313
vt 0.28342539 0.90004313
vt 0.99243206 0.45951378
vt 0.2844221 0.90004313
vt 0.2844221 0.90004313
vt 0.99064976 0.45951378
vt 0.2862044 0.90004313
vt 0.2862044 0.90004313
vt 0.2862044 0.9258945
vt 0.2862044 0.9258945
vt 0.9906497 0.41895854
vt 0.03676486 0.98692608
vt 0.2582407 0.89947838
vt 0.2582407 0.89947838
vt 0.03676486 0.99019593
vt 0.24993849 0.89947838
vt 0.26151049 0.89947838
vt 0.037196159 0.98692608
vt 0.2578094 0.89947838
vt 0.2578094 0.89947838
vt 0.037956178 0.98788601
vt 0.25343961 0.89947838
vt 0.25343961 0.89947838
vt 0.2582407 0.92532974
vt 0.2582407 0.92532974
vt 0.69649625 0.98640728
vt 0.24993849 0.92532974
vt 0.26151049 0.92532974
vt 0.69649625 0.98967719
vt 0.2578094 0.92532974
vt 0.2578094 0.92532974
vt 0.69606507 0.98640728
vt 0.25343961 0.92532974
vt 0.25343961 0.92532974
vt 0.69530499 0.98736721
vt 0.25455308 0.92532974
vt 0.25455308 0.92532974
vt 0.69428265 0.98692632
vt 0.25112987 0.92532974
vt 0.25112987 0.92532974
vt 0.69530505 0.98967719
vt 0.037956178 0.99019593
vt 0.25112987 0.89947838
vt 0.25112987 0.89947838
vt 0.25554955 0.92532974
vt 0.25554955 0.92532974
vt 0.69428271 0.98592973
vt 0.038978457 0.98744512
vt 0.25455296 0.89947838
vt 0.25455296 0.89947838
vt 0.038978457 0.98644847
vt 0.25554955 0.89947838
vt 0.25554955 0.89947838
vt 0.037196159 0.98644847
vt 0.25733191 0.89947838
vt 0.25733191 0.89947838
vt 0.25733191 0.92532974
vt 0.25733191 0.92532974
vt 0.69606501 0.98592979
vt 0.99465299 0.92078662
vt 0.46480799 0.9385938
vt 0.46480799 0.9385938
vt 0.46480799 0.9651013
vt 0.46480799 0.9651013
vt 0.13868409 0.99232692
vt 0.99465299 0.92350888
vt 0.46753031 0.9385938
vt 0.46753031 0.9385938
vt 0.99524975 0.92078662
vt 0.46421123 0.9385938
vt 0.47084951 0.9385938
vt 0.46421123 0.9651013
vt 0.47084939 0.9651013
vt 0.13808733 0.99232692
vt 0.99524975 0.92350888
vt 0.46812701 0.9385938
vt 0.46812701 0.9385938
vt 0.46812701 0.9651013
vt 0.46812701 0.9651013
vt 0.13808733 0.99504912
vt 0.46753031 0.9651013
vt 0.46753031 0.9651013
vt 0.13868409 0.99504912
vt 0.16510433 0.99236929
vt 0.95359474 0.0040592551
vt 0.95359474 0.0040592551
vt 0.95359474 0.030566812
vt 0.95359474 0.030566812
vt 0.40852287 0.99227512
vt 0.16510433 0.99509156
vt 0.95631725 0.0040592551
vt 0.95631725 0.0040592551
vt 0.16570103 0.99236929
vt 0.9529981 0.0040592551
vt 0.95963645 0.0040592551
vt 0.9529981 0.030566812
vt 0.95963633 0.030566812
vt 0.40792614 0.99227512
vt 0.16570103 0.99509156
vt 0.95691395 0.0040592551
vt 0.95691395 0.0040592551
vt 0.95691395 0.030566752
vt 0.95691395 0.030566752
vt 0.40792614 0.99499744
vt 0.95631725 0.030566812
vt 0.95631725 0.030566812
vt 0.40852287 0.99499744
vt 0.19206682 0.99220568
vt 0.95202917 0.063969254
vt 0.95202917 0.063969254
vt 0.95202917 0.090476871
vt 0.95202917 0.090476871
vt 0.87847602 0.99260259
vt 0.19206682 0.994928
vt 0.95475167 0.063969254
vt 0.95475167 0.063969254
vt 0.19266355 0.99220568
vt 0.95143253 0.063969254
vt 0.95807087 0.063969254
vt 0.95143253 0.090476871
vt 0.95807081 0.090476871
vt 0.87787932 0.99260259
vt 0.19266355 0.994928
vt 0.95534837 0.063969254
vt 0.95534837 0.063969254
vt 0.95534837 0.090476871
vt 0.95534837 0.090476871
vt 0.87787932 0.99532485
vt 0.95475167 0.090476871
vt 0.95475167 0.090476871
vt 0.87847602 0.99532485
vt 0.048418105 0.99186623
vt 0.3317478 0.94033962
vt 0.3317478 0.94033962
vt 0.3317478 0.96684718
vt 0.3317478 0.96684718
vt 0.92509776 0.99123341
vt 0.048418105 0.99458861
vt 0.33447027 0.94033962
vt 0.33447027 0.94033962
vt 0.049014807 0.99186623
vt 0.33115119 0.94033962
vt 0.33778936 0.94033962
vt 0.33115119 0.96684718
vt 0.33778936 0.96684718
vt 0.92450106 0.99123341
vt 0.049014807 0.99458861
vt 0.33506691 0.94033962
vt 0.33506691 0.94033962
vt 0.33506691 0.96684718
vt 0.33506691 0.96684718
vt 0.92450106 0.99395579
vt 0.33447027 0.96684718
vt 0.33447027 0.96684718
vt 0.92509776 0.99395579
vt 0.95429629 0.98919189
vt 0.066746503 0.96437776
vt 0.066746503 0.96437776
vt 0.066746503 0.93787014
vt 0.066746503 0.93787014
vt 0.99148822 0.96974182
vt 0.95429629 0.99191439
vt 0.064024121 0.96437776
vt 0.064024121 0.96437776
vt 0.95489293 0.98919189
vt 0.067343205 0.96437776
vt 0.060705006 0.96437776
vt 0.067343205 0.93787014
vt 0.060705006 0.93787009
vt 0.99089152 0.96974182
vt 0.95489293 0.99191439
vt 0.063427418 0.9643777
vt 0.063427418 0.9643777
vt 0.063427418 0.93787009
vt 0.063427418 0.93787009
vt 0.99089152 0.97246432
vt 0.064024121 0.93787014
vt 0.064024121 0.93787014
vt 0.99148822 0.97246432
vt 0.99344784 0.059217572
vt 0.93054259 0.96537656
vt 0.93054259 0.96537656
vt 0.93054259 0.93886906
vt 0.93054259 0.93886906
vt 0.99404454 0.087754488
vt 0.99344784 0.061939955
vt 0.92782027 0.96537656
vt 0.92782027 0.96537656
vt 0.99404454 0.059217572
vt 0.93113935 0.96537656
vt 0.92450106 0.96537656
vt 0.93113935 0.93886906
vt 0.92450112 0.93886906
vt 0.99344784 0.087754488
vt 0.99404454 0.061939955
vt 0.92722356 0.96537656
vt 0.92722356 0.96537656
vt 0.92722356 0.93886906
vt 0.92722356 0.93886906
vt 0.99344784 0.090476871
vt 0.92782027 0.93886906
vt 0.92782027 0.93886906
vt 0.99404454 0.090476871
vt 0.99344784 0.070058584
vt 0.87927401 0.96727026
vt 0.87927401 0.96727026
vt 0.87927401 0.94076276
vt 0.87927401 0.94076276
vt 0.99270844 0.20874983
vt 0.99344784 0.072780967
vt 0.87655169 0.96727026
vt 0.87655169 0.96727026
vt 0.99404454 0.070058584
vt 0.87987071 0.96727026
vt 0.87323248 0.96727026
vt 0.87987071 0.94076276
vt 0.87323248 0.94076276
vt 0.99211174 0.20874983
vt 0.99404454 0.072780967
vt 0.87595493 0.9672702
vt 0.87595493 0.9672702
vt 0.87595493 0.9407627
vt 0.87595493 0.9407627
vt 0.99211174 0.21147221
vt 0.87655169 0.94076276
vt 0.87655169 0.94076276
vt 0.99270844 0.21147221
vt 0.99211174 0.16538596
vt 0.25053522 0.93344826
vt 0.25053522 0.93344826
vt 0.25053522 0.95995569
vt 0.25053522 0.95995569
vt 0.34405941 0.9903385
vt 0.99211174 0.16810834
vt 0.25325772 0.93344826
vt 0.25325772 0.93344826
vt 0.9927085 0.16538596
vt 0.24993852 0.93344826
vt 0.25657687 0.93344826
vt 0.24993852 0.95995569
vt 0.25657687 0.95995569
vt 0.34346265 0.9903385
vt 0.9927085 0.16810834
vt 0.25385436 0.9334482
vt 0.25385436 0.9334482
vt 0.25385436 0.95995569
vt 0.25385436 0.95995569
vt 0.34346265 0.99306083
vt 0.25325772 0.95995569
vt 0.25325772 0.95995569
vt 0.34405941 0.99306083
vt 0.99089158 0.95890075
vt 0.62266713 0.93259537
vt 0.62266713 0.93259537
vt 0.62266713 0.95910293
vt 0.62266713 0.95910293
vt 0.9908154 0.54143983
vt 0.99089158 0.96162319
vt 0.62538958 0.93259537
vt 0.62538958 0.93259537
vt 0.99148834 0.95890075
vt 0.62207037 0.93259537
vt 0.62870872 0.93259537
vt 0.62207037 0.95910293
vt 0.62870872 0.95910293
vt 0.99021864 0.54143983
vt 0.99148834 0.96162319
vt 0.62598628 0.93259531
vt 0.62598628 0.93259531
vt 0.62598628 0.95910287
vt 0.62598628 0.95910287
vt 0.99021864 0.54416233
vt 0.62538958 0.95910293
vt 0.62538958 0.95910293
vt 0.9908154 0.54416233
vt 0.6551317 0.98821324
vt 0.044548392 0.95916981
vt 0.044548392 0.95916981
vt 0.044548392 0.93266225
vt 0.044548392 0.93266225
vt 0.2626999 0.98273164
vt 0.6551317 0.99093574
vt 0.04182601 0.95916981
vt 0.04182601 0.95916981
vt 0.65572846 0.98821324
vt 0.045145154 0.95916981
vt 0.038506806 0.95916981
vt 0.045145154 0.93266225
vt 0.038506806 0.93266225
vt 0.26210314 0.98273164
vt 0.65572846 0.99093574
vt 0.041229308 0.95916981
vt 0.041229308 0.95916981
vt 0.041229308 0.93266225
vt 0.041229308 0.93266225
vt 0.26210314 0.98545414
vt 0.04182601 0.93266225
vt 0.04182601 0.93266225
vt 0.2626999 0.98545414
vt 0.99386388 0.52350342
vt 0.91578585 0.95428848
vt 0.91578585 0.95428848
vt 0.91578573 0.92778105
vt 0.91578573 0.92778105
vt 0.99234009 0.85399944
vt 0.99386388 0.52622581
vt 0.91306347 0.95428848
vt 0.91306347 0.95428848
vt 0.99446058 0.52350342
vt 0.91638255 0.95428848
vt 0.9097442 0.95428854
vt 0.91638255 0.92778105
vt 0.90974408 0.92778111
vt 0.99174333 0.85399944
vt 0.99446058 0.52622581
vt 0.91246676 0.95428854
vt 0.91246676 0.95428854
vt 0.91246665 0.92778111
vt 0.91246665 0.92778111
vt 0.99174333 0.85672176
vt 0.91306335 0.92778105
vt 0.91306335 0.92778105
vt 0.99234009 0.85672176
vt 0.99174333 0.83630079
vt 0.34650469 0.92186445
vt 0.34650469 0.92186445
vt 0.34650481 0.94837195
vt 0.34650481 0.94837195
vt 0.99270856 0.13286322
vt 0.99174333 0.83902311
vt 0.34922719 0.92186445
vt 0.34922719 0.92186445
vt 0.99234009 0.83630079
vt 0.34590793 0.92186445
vt 0.35254639 0.92186445
vt 0.34590805 0.94837195
vt 0.35254639 0.94837195
vt 0.9921118 0.13286322
vt 0.99234009 0.83902311
vt 0.34982389 0.92186439
vt 0.34982389 0.92186439
vt 0.34982401 0.94837195
vt 0.34982401 0.94837195
vt 0.9921118 0.13558561
vt 0.34922731 0.94837195
vt 0.34922731 0.94837195
vt 0.99270856 0.13558561
vt 0.99484932 0.0040592551
vt 0.68556738 0.9549616
vt 0.68556738 0.9549616
vt 0.68556738 0.9284541
vt 0.68556738 0.9284541
vt 0.60676855 0.99176919
vt 0.99484932 0.0067815781
vt 0.68284494 0.9549616
vt 0.68284494 0.9549616
vt 0.99544603 0.0040592551
vt 0.68616414 0.9549616
vt 0.67952573 0.9549616
vt 0.68616414 0.9284541
vt 0.67952585 0.9284541
vt 0.60617185 0.99176919
vt 0.99544603 0.0067815781
vt 0.68224823 0.9549616
vt 0.68224823 0.9549616
vt 0.68224823 0.92845404
vt 0.68224823 0.92845404
vt 0.60617185 0.99449158
vt 0.68284494 0.9284541
vt 0.68284494 0.9284541
vt 0.60676855 0.99449158
vt 0.99367368 0.80601627
vt 0.42949039 0.92919189
vt 0.42949039 0.92919189
vt 0.42949039 0.95569938
vt 0.42949039 0.95569938
vt 0.99427032 0.66759217
vt 0.99367368 0.80873865
vt 0.43221283 0.92919189
vt 0.43221283 0.92919189
vt 0.99427038 0.80601627
vt 0.42889366 0.92919189
vt 0.43553203 0.92919189
vt 0.42889366 0.95569938
vt 0.43553188 0.95569938
vt 0.99367362 0.66759217
vt 0.99427038 0.80873865
vt 0.43280959 0.92919189
vt 0.43280959 0.92919189
vt 0.43280959 0.95569932
vt 0.43280959 0.95569932
vt 0.99367362 0.67031455
vt 0.43221283 0.95569938
vt 0.43221283 0.95569938
vt 0.99427032 0.67031455
vt 0.99021864 0.60301417
vt 0.48233643 0.93047529
vt 0.48233643 0.93047529
vt 0.99021864 0.59974444
vt 0.47403437 0.93047535
vt 0.48560628 0.93047535
vt 0.99064994 0.60301417
vt 0.4819051 0.93047529
vt 0.4819051 0.93047529
vt 0.9914099 0.60205424
vt 0.47753546 0.93047529
vt 0.47753546 0.93047529
vt 0.48233646 0.90462404
vt 0.48233646 0.90462404
vt 0.37964737 0.98686391
vt 0.47403425 0.90462404
vt 0.48560631 0.90462404
vt 0.37964737 0.99013376
vt 0.48190513 0.90462404
vt 0.48190513 0.90462404
vt 0.38007867 0.98686391
vt 0.47753549 0.90462404
vt 0.47753549 0.90462404
vt 0.38083869 0.98782384
vt 0.47864878 0.90462404
vt 0.47864878 0.90462404
vt 0.38186103 0.98738289
vt 0.47522557 0.90462404
vt 0.47522557 0.90462404
vt 0.38083869 0.99013376
vt 0.9914099 0.59974444
vt 0.47522557 0.93047535
vt 0.47522557 0.93047535
vt 0.47964531 0.90462404
vt 0.47964531 0.90462404
vt 0.38186103 0.98638636
vt 0.99243218 0.60249519
vt 0.47864878 0.93047529
vt 0.47864878 0.93047529
vt 0.99243218 0.60349184
vt 0.47964531 0.93047535
vt 0.47964531 0.93047535
vt 0.99064994 0.60349184
vt 0.48142761 0.93047529
vt 0.48142761 0.93047529
vt 0.48142761 0.90462404
vt 0.48142761 0.90462404
vt 0.38007867 0.98638636
vt 0.90161872 0.98631942
vt 0.12473717 0.94572955
vt 0.12473717 0.94572955
vt 0.90161866 0.98304963
vt 0.11643511 0.94572955
vt 0.12800699 0.94572955
vt 0.90204996 0.98631942
vt 0.12430584 0.94572955
vt 0.12430584 0.94572955
vt 0.90280998 0.98535943
vt 0.1199362 0.94572955
vt 0.1199362 0.94572955
vt 0.12473717 0.91987824
vt 0.12473717 0.91987824
vt 0.99310505 0.9443965
vt 0.11643499 0.91987824
vt 0.12800699 0.91987824
vt 0.99310505 0.94112664
vt 0.12430584 0.91987824
vt 0.12430584 0.91987824
vt 0.99267381 0.9443965
vt 0.1199362 0.91987824
vt 0.1199362 0.91987824
vt 0.99191386 0.94343644
vt 0.12104949 0.91987824
vt 0.12104949 0.91987824
vt 0.99089152 0.94387734
vt 0.11762628 0.91987824
vt 0.11762628 0.91987824
vt 0.99191386 0.94112664
vt 0.90280998 0.98304951
vt 0.11762628 0.94572955
vt 0.11762628 0.94572955
vt 0.12204605 0.91987824
vt 0.12204605 0.91987824
vt 0.99089152 0.94487399
vt 0.90383238 0.98580039
vt 0.12104949 0.94572955
vt 0.12104949 0.94572955
vt 0.90383232 0.98679692
vt 0.12204605 0.94572955
vt 0.12204605 0.94572955
vt 0.90205002 0.98679692
vt 0.12382832 0.94572955
vt 0.12382832 0.94572955
vt 0.12382832 0.91987824
vt 0.12382832 0.91987824
vt 0.99267381 0.94487399
vt 0.99021888 0.3700158
vt 0.085355997 0.94572961
vt 0.085355997 0.94572961
vt 0.99021888 0.36674595
vt 0.077053785 0.94572955
vt 0.088625789 0.94572955
vt 0.99065018 0.3700158
vt 0.084924698 0.94572961
vt 0.084924698 0.94572961
vt 0.99141014 0.36905581
vt 0.080554903 0.94572961
vt 0.080554903 0.94572961
vt 0.085355997 0.9198783
vt 0.085355997 0.9198783
vt 0.99021852 0.47185731
vt 0.077053785 0.9198783
vt 0.088625789 0.9198783
vt 0.99021852 0.47512716
vt 0.084924698 0.9198783
vt 0.084924698 0.9198783
vt 0.99064976 0.47185731
vt 0.080554903 0.9198783
vt 0.080554903 0.9198783
vt 0.99140978 0.47281718
vt 0.081668377 0.9198783
vt 0.081668377 0.9198783
vt 0.99243212 0.47237629
vt 0.078245163 0.9198783
vt 0.078245163 0.9198783
vt 0.99140978 0.47512716
vt 0.99141008 0.36674595
vt 0.078245163 0.94572955
vt 0.078245163 0.94572955
vt 0.082664847 0.9198783
vt 0.082664847 0.9198783
vt 0.99243212 0.47137976
vt 0.99243242 0.3694967
vt 0.081668377 0.94572961
vt 0.081668377 0.94572961
vt 0.99243242 0.37049329
vt 0.082664847 0.94572955
vt 0.082664847 0.94572955
vt 0.99065018 0.37049329
vt 0.084447205 0.94572961
vt 0.084447205 0.94572961
vt 0.084447205 0.9198783
vt 0.084447205 0.9198783
vt 0.99064976 0.47137976
vt 0.9902187 0.74075866
vt 0.85881525 0.94739068
vt 0.85881525 0.94739068
vt 0.9902187 0.73748881
vt 0.85051316 0.94739074
vt 0.8620851 0.94739074
vt 0.99064994 0.74075866
vt 0.85838401 0.94739068
vt 0.85838401 0.94739068
vt 0.99140996 0.73979867
vt 0.85401428 0.94739068
vt 0.85401428 0.94739068
vt 0.85881525 0.92153937
vt 0.85881525 0.92153937
vt 0.36431742 0.98982072
vt 0.85051316 0.92153937
vt 0.8620851 0.92153937
vt 0.36431742 0.98655081
vt 0.85838401 0.92153937
vt 0.85838401 0.92153937
vt 0.36388624 0.98982072
vt 0.85401428 0.92153937
vt 0.85401428 0.92153937
vt 0.36312628 0.98886079
vt 0.85512763 0.92153937
vt 0.85512763 0.92153937
vt 0.36210382 0.98930168
vt 0.85170436 0.92153937
vt 0.85170436 0.92153937
vt 0.36312628 0.98655081
vt 0.99140996 0.73748881
vt 0.85170442 0.94739074
vt 0.85170442 0.94739074
vt 0.85612416 0.92153937
vt 0.85612416 0.92153937
vt 0.36210382 0.99029827
vt 0.9924323 0.7402395
vt 0.85512763 0.94739068
vt 0.85512763 0.94739068
vt 0.9924323 0.74123609
vt 0.85612416 0.94739074
vt 0.85612416 0.94739074
vt 0.99064994 0.74123609
vt 0.85790646 0.94739068
vt 0.85790646 0.94739068
vt 0.85790646 0.92153937
vt 0.85790646 0.92153937
vt 0.36388624 0.99029827
vt 0.9902187 0.68943578
vt 0.75743634 0.94641042
vt 0.75743634 0.94641042
vt 0.9902187 0.68616593
vt 0.74913424 0.94641048
vt 0.76070619 0.94641048
vt 0.99065 0.68943578
vt 0.7570051 0.94641042
vt 0.7570051 0.94641042
vt 0.99141002 0.68847585
vt 0.75263536 0.94641042
vt 0.75263536 0.94641042
vt 0.75743634 0.92055911
vt 0.75743634 0.92055911
vt 0.9902187 0.5764901
vt 0.74913424 0.92055911
vt 0.76070619 0.92055911
vt 0.9902187 0.57975996
vt 0.7570051 0.92055911
vt 0.7570051 0.92055911
vt 0.99065 0.5764901
vt 0.75263536 0.92055911
vt 0.75263536 0.92055911
vt 0.99141002 0.5774501
vt 0.75374871 0.92055911
vt 0.75374871 0.92055911
vt 0.9924323 0.5770092
vt 0.7503255 0.92055911
vt 0.7503255 0.92055911
vt 0.99141002 0.57975996
vt 0.99141002 0.68616599
vt 0.7503255 0.94641048
vt 0.7503255 0.94641048
vt 0.75474524 0.92055911
vt 0.75474524 0.92055911
vt 0.9924323 0.57601261
vt 0.9924323 0.68891668
vt 0.75374871 0.94641042
vt 0.75374871 0.94641042
vt 0.9924323 0.68991327
vt 0.75474524 0.94641048
vt 0.75474524 0.94641048
vt 0.99065 0.68991327
vt 0.75652754 0.94641042
vt 0.75652754 0.94641042
vt 0.75652754 0.92055911
vt 0.75652754 0.92055911
vt 0.99065 0.57601261
vt 0.99021846 0.48651564
vt 0.71292531 0.94683552
vt 0.71292531 0.94683552
vt 0.99021846 0.48324573
vt 0.70462322 0.94683558
vt 0.71619517 0.94683558
vt 0.9906497 0.48651564
vt 0.71249402 0.94683552
vt 0.71249402 0.94683552
vt 0.99140972 0.48555571
vt 0.70812434 0.94683552
vt 0.70812434 0.94683552
vt 0.71292531 0.92098421
vt 0.71292531 0.92098421
vt 0.99246383 0.10186529
vt 0.70462322 0.92098421
vt 0.71619517 0.92098421
vt 0.99246383 0.09859544
vt 0.71249402 0.92098421
vt 0.71249402 0.92098421
vt 0.99203259 0.10186529
vt 0.70812434 0.92098421
vt 0.70812434 0.92098421
vt 0.99127263 0.10090536
vt 0.70923769 0.92098421
vt 0.70923769 0.92098421
vt 0.99025029 0.10134619
vt 0.70581442 0.92098421
vt 0.70581442 0.92098421
vt 0.99127263 0.09859544
vt 0.99140972 0.48324573
vt 0.70581442 0.94683558
vt 0.70581442 0.94683558
vt 0.71023422 0.92098421
vt 0.71023422 0.92098421
vt 0.99025029 0.10234278
vt 0.99243206 0.48599654
vt 0.70923769 0.94683552
vt 0.70923769 0.94683552
vt 0.99243206 0.48699313
vt 0.71023422 0.94683558
vt 0.71023422 0.94683558
vt 0.9906497 0.48699313
vt 0.71201652 0.94683552
vt 0.71201652 0.94683552
vt 0.71201652 0.92098421
vt 0.71201652 0.92098421
vt 0.99203259 0.10234278
vt 0.42889369 0.98848462
vt 0.77712679 0.93613571
vt 0.77712679 0.93613571
vt 0.42889369 0.98521471
vt 0.7688247 0.93613565
vt 0.78039658 0.93613565
vt 0.42932498 0.98848462
vt 0.77669549 0.93613571
vt 0.77669549 0.93613571
vt 0.43008494 0.98752469
vt 0.77232587 0.93613571
vt 0.77232587 0.93613571
vt 0.77712679 0.91028428
vt 0.77712679 0.91028428
vt 0.99243224 0.70516092
vt 0.7688247 0.91028428
vt 0.78039658 0.91028428
vt 0.99243224 0.70189106
vt 0.77669549 0.91028428
vt 0.77669549 0.91028428
vt 0.992001 0.70516092
vt 0.77232587 0.91028428
vt 0.77232587 0.91028428
vt 0.99124104 0.70420098
vt 0.77343917 0.91028428
vt 0.77343917 0.91028428
vt 0.9902187 0.70464188
vt 0.7700159 0.91028428
vt 0.7700159 0.91028428
vt 0.99124104 0.70189106
vt 0.43008494 0.98521471
vt 0.7700159 0.93613565
vt 0.7700159 0.93613565
vt 0.7744357 0.91028428
vt 0.7744357 0.91028428
vt 0.9902187 0.70563847
vt 0.43110734 0.98796558
vt 0.77343917 0.93613571
vt 0.77343917 0.93613571
vt 0.43110734 0.98896217
vt 0.7744357 0.93613565
vt 0.7744357 0.93613565
vt 0.42932498 0.98896217
vt 0.776218 0.93613571
vt 0.776218 0.93613571
vt 0.776218 0.91028428
vt 0.776218 0.91028428
vt 0.992001 0.70563847
vt 0.9902187 0.75262451
vt 0.30938011 0.90754759
vt 0.30938011 0.90754759
vt 0.9902187 0.74935472
vt 0.31768224 0.90754759
vt 0.30611026 0.90754759
vt 0.99064994 0.75262451
vt 0.30981135 0.90754759
vt 0.30981135 0.90754759
vt 0.99140996 0.75166458
vt 0.31418115 0.90754759
vt 0.31418115 0.90754759
vt 0.30938008 0.93339896
vt 0.30938008 0.93339896
vt 0.62428409 0.98905557
vt 0.31768224 0.93339896
vt 0.30611026 0.93339896
vt 0.62428409 0.98578572
vt 0.30981135 0.93339896
vt 0.30981135 0.93339896
vt 0.62385279 0.98905557
vt 0.31418115 0.93339896
vt 0.31418115 0.93339896
vt 0.62309289 0.98809564
vt 0.31306776 0.93339896
vt 0.31306776 0.93339896
vt 0.62207043 0.9885366
vt 0.31649101 0.93339896
vt 0.31649101 0.93339896
vt 0.62309289 0.98578572
vt 0.99140996 0.74935472
vt 0.31649101 0.90754759
vt 0.31649101 0.90754759
vt 0.3120712 0.93339896
vt 0.3120712 0.93339896
vt 0.62207043 0.98953319
vt 0.99243224 0.75210547
vt 0.31306776 0.90754759
vt 0.31306776 0.90754759
vt 0.99243224 0.75310212
vt 0.3120712 0.90754759
vt 0.3120712 0.90754759
vt 0.99064994 0.75310212
vt 0.31028891 0.90754759
vt 0.31028891 0.90754759
vt 0.31028891 0.93339896
vt 0.31028891 0.93339896
vt 0.62385279 0.98953319
vt 0.992432 0.40382266
vt 0.39557362 0.89522225
vt 0.39557362 0.89522225
vt 0.992432 0.40709257
vt 0.40387577 0.89522225
vt 0.39230376 0.89522225
vt 0.99200076 0.40382266
vt 0.39600492 0.89522225
vt 0.39600492 0.89522225
vt 0.99124074 0.40478265
vt 0.40037465 0.89522225
vt 0.40037465 0.89522225
vt 0.39557362 0.92107362
vt 0.39557362 0.92107362
vt 0.66384715 0.98869067
vt 0.40387577 0.92107356
vt 0.39230376 0.92107356
vt 0.66384715 0.99196059
vt 0.39600492 0.92107362
vt 0.39600492 0.92107362
vt 0.66427839 0.98869067
vt 0.40037465 0.92107362
vt 0.40037465 0.92107362
vt 0.66503841 0.98965067
vt 0.3992613 0.92107362
vt 0.3992613 0.92107362
vt 0.66606075 0.98920971
vt 0.40268451 0.92107356
vt 0.40268451 0.92107356
vt 0.66503841 0.99196059
vt 0.9912408 0.40709257
vt 0.40268451 0.89522225
vt 0.40268451 0.89522225
vt 0.39826471 0.92107356
vt 0.39826471 0.92107356
vt 0.66606075 0.98821318
vt 0.99021846 0.40434176
vt 0.3992613 0.89522225
vt 0.3992613 0.89522225
vt 0.99021846 0.40334517
vt 0.39826471 0.89522225
vt 0.39826471 0.89522225
vt 0.99200076 0.40334517
vt 0.39648241 0.89522225
vt 0.39648241 0.89522225
vt 0.39648241 0.92107362
vt 0.39648241 0.92107362
vt 0.66427839 0.98821318
vt 0.99021864 0.56741655
vt 0.23351781 0.90678746
vt 0.23351781 0.90678746
vt 0.9902187 0.56414676
vt 0.24181995 0.90678751
vt 0.23024797 0.90678751
vt 0.99064994 0.56741655
vt 0.23394908 0.90678746
vt 0.23394908 0.90678746
vt 0.99140996 0.56645662
vt 0.23831886 0.90678746
vt 0.23831886 0.90678746
vt 0.23351781 0.93263882
vt 0.23351781 0.93263882
vt 0.99243224 0.59114838
vt 0.24181995 0.93263882
vt 0.23024796 0.93263882
vt 0.99243224 0.58787858
vt 0.23394908 0.93263882
vt 0.23394908 0.93263882
vt 0.99200094 0.59114838
vt 0.23831885 0.93263882
vt 0.23831885 0.93263882
vt 0.99124098 0.59018838
vt 0.23720546 0.93263882
vt 0.23720546 0.93263882
vt 0.99021864 0.59062934
vt 0.2406287 0.93263882
vt 0.2406287 0.93263882
vt 0.99124098 0.58787858
vt 0.99140996 0.56414676
vt 0.2406287 0.90678751
vt 0.2406287 0.90678751
vt 0.23620889 0.93263882
vt 0.23620889 0.93263882
vt 0.99021864 0.59162587
vt 0.99243224 0.56689751
vt 0.23720548 0.90678746
vt 0.23720548 0.90678746
vt 0.99243224 0.5678941
vt 0.23620889 0.90678751
vt 0.23620889 0.90678751
vt 0.99064988 0.5678941
vt 0.23442659 0.90678746
vt 0.23442659 0.90678746
vt 0.23442659 0.93263882
vt 0.23442659 0.93263882
vt 0.99200094 0.59162587
vt 0.88939977 0.99077439
vt 0.36537367 0.91798097
vt 0.36537367 0.91798097
vt 0.88939977 0.9875046
vt 0.37367582 0.91798097
vt 0.36210382 0.91798097
vt 0.88983113 0.99077439
vt 0.36580485 0.91798097
vt 0.36580485 0.91798097
vt 0.89059108 0.98981446
vt 0.37017459 0.91798097
vt 0.37017459 0.91798097
vt 0.36537367 0.94383228
vt 0.36537367 0.94383228
vt 0.9902187 0.76169819
vt 0.37367582 0.94383228
vt 0.36210382 0.94383228
vt 0.9902187 0.76496798
vt 0.36580497 0.94383228
vt 0.36580497 0.94383228
vt 0.99064994 0.76169819
vt 0.37017471 0.94383228
vt 0.37017471 0.94383228
vt 0.99140996 0.76265812
vt 0.36906129 0.94383228
vt 0.36906129 0.94383228
vt 0.99243224 0.76221722
vt 0.37248451 0.94383228
vt 0.37248451 0.94383228
vt 0.99140996 0.76496798
vt 0.89059114 0.9875046
vt 0.37248451 0.91798097
vt 0.37248451 0.91798097
vt 0.36806476 0.94383228
vt 0.36806476 0.94383228
vt 0.99243224 0.76122057
vt 0.89161342 0.99025536
vt 0.36906129 0.91798097
vt 0.36906129 0.91798097
vt 0.89161342 0.99125195
vt 0.36806476 0.91798097
vt 0.36806476 0.91798097
vt 0.88983107 0.99125195
vt 0.36628252 0.91798097
vt 0.36628252 0.91798097
vt 0.36628252 0.94383228
vt 0.36628252 0.94383228
vt 0.99064994 0.76122057
vt 0.29798681 0.98664165
vt 0.43216354 0.89522195
vt 0.43216354 0.89522195
vt 0.29798681 0.98991144
vt 0.44046569 0.89522195
vt 0.42889369 0.89522195
vt 0.29755557 0.98664165
vt 0.4325949 0.89522195
vt 0.4325949 0.89522195
vt 0.29679561 0.98760152
vt 0.43696457 0.89522195
vt 0.43696457 0.89522195
vt 0.43216354 0.92107332
vt 0.43216354 0.92107332
vt 0.99021858 0.63167393
vt 0.44046569 0.92107326
vt 0.42889369 0.92107326
vt 0.99021858 0.63494372
vt 0.4325949 0.92107332
vt 0.4325949 0.92107332
vt 0.99064982 0.63167393
vt 0.43696451 0.92107332
vt 0.43696451 0.92107332
vt 0.99140984 0.63263381
vt 0.43585116 0.92107332
vt 0.43585116 0.92107332
vt 0.99243212 0.63219297
vt 0.43927443 0.92107326
vt 0.43927443 0.92107326
vt 0.99140984 0.63494372
vt 0.29679561 0.98991144
vt 0.43927443 0.89522195
vt 0.43927443 0.89522195
vt 0.43485463 0.92107326
vt 0.43485463 0.92107326
vt 0.99243212 0.63119632
vt 0.29577321 0.98716068
vt 0.43585116 0.89522195
vt 0.43585116 0.89522195
vt 0.29577321 0.98616409
vt 0.43485463 0.89522195
vt 0.43485463 0.89522195
vt 0.29755557 0.98616397
vt 0.43307239 0.89522195
vt 0.43307239 0.89522195
vt 0.43307239 0.92107332
vt 0.43307239 0.92107332
vt 0.99064982 0.63119632
vt 0.99021882 0.35428983
vt 0.0073291063 0.89869237
vt 0.0073291063 0.89869237
vt 0.99021882 0.35101998
vt 0.015631258 0.89869237
vt 0.0040592551 0.89869237
vt 0.99065006 0.35428983
vt 0.0077604651 0.89869237
vt 0.0077604651 0.89869237
vt 0.99141008 0.3533299
vt 0.012130141 0.89869237
vt 0.012130141 0.89869237
vt 0.0073291063 0.92454374
vt 0.0073291063 0.92454374
vt 0.99021858 0.64353985
vt 0.015631258 0.92454374
vt 0.0040592551 0.92454374
vt 0.99021858 0.64680964
vt 0.0077604651 0.92454374
vt 0.0077604651 0.92454374
vt 0.99064982 0.64353985
vt 0.012130022 0.92454374
vt 0.012130022 0.92454374
vt 0.99140978 0.64449978
vt 0.011016726 0.92454374
vt 0.011016726 0.92454374
vt 0.99243212 0.64405888
vt 0.01443994 0.92454374
vt 0.01443994 0.92454374
vt 0.99140978 0.64680964
vt 0.99141008 0.35101998
vt 0.01443994 0.89869237
vt 0.01443994 0.89869237
vt 0.010020196 0.92454374
vt 0.010020196 0.92454374
vt 0.99243212 0.64306223
vt 0.99243236 0.35377079
vt 0.011016726 0.89869237
vt 0.011016726 0.89869237
vt 0.99243236 0.35476744
vt 0.010020196 0.89869237
vt 0.010020196 0.89869237
vt 0.99065006 0.35476744
vt 0.008237958 0.89869237
vt 0.008237958 0.89869237
vt 0.008237958 0.92454374
vt 0.008237958 0.92454374
vt 0.99064982 0.64306223
vt 0.99021882 0.29812151
vt 0.080323637 0.88590842
vt 0.080323637 0.88590842
vt 0.99021882 0.29485172
vt 0.088625789 0.88590842
vt 0.077053785 0.88590842
vt 0.99065006 0.29812151
vt 0.080754817 0.88590842
vt 0.080754817 0.88590842
vt 0.99141014 0.29716158
vt 0.085124552 0.88590842
vt 0.085124552 0.88590842
vt 0.080323637 0.91175985
vt 0.080323637 0.91175985
vt 0.49704778 0.98695624
vt 0.088625669 0.91175985
vt 0.077053785 0.91175985
vt 0.49704778 0.99022609
vt 0.080754817 0.91175985
vt 0.080754817 0.91175985
vt 0.49747908 0.98695624
vt 0.085124552 0.91175985
vt 0.085124552 0.91175985
vt 0.4982391 0.98791617
vt 0.084011316 0.91175985
vt 0.084011316 0.91175985
vt 0.49926138 0.98747528
vt 0.08743453 0.91175985
vt 0.08743453 0.91175985
vt 0.4982391 0.99022609
vt 0.99141014 0.29485172
vt 0.08743453 0.88590842
vt 0.08743453 0.88590842
vt 0.083014727 0.91175985
vt 0.083014727 0.91175985
vt 0.49926138 0.98647863
vt 0.99243242 0.29760247
vt 0.084011316 0.88590842
vt 0.084011316 0.88590842
vt 0.99243242 0.29859912
vt 0.083014727 0.88590842
vt 0.083014727 0.88590842
vt 0.99065006 0.29859912
vt 0.081232488 0.88590842
vt 0.081232488 0.88590842
vt 0.081232488 0.91175985
vt 0.081232488 0.91175985
vt 0.49747908 0.98647863
vt 0.33115113 0.99249071
vt 0.2695846 0.93401307
vt 0.2695846 0.93401307
vt 0.26958475 0.96052057
vt 0.26958475 0.96052057
vt 0.24119096 0.99296933
vt 0.33115113 0.99521291
vt 0.27230695 0.93401307
vt 0.27230695 0.93401307
vt 0.33174789 0.99249071
vt 0.26898786 0.93401307
vt 0.27562612 0.93401301
vt 0.26898798 0.96052057
vt 0.27562612 0.96052051
vt 0.24059425 0.99296933
vt 0.33174789 0.99521291
vt 0.27290371 0.93401301
vt 0.27290371 0.93401301
vt 0.27290383 0.96052057
vt 0.27290383 0.96052057
vt 0.24059425 0.9956916
vt 0.27230707 0.96052057
vt 0.27230707 0.96052057
vt 0.24119096 0.9956916
vt 0.17506731 0.99220538
vt 0.78940004 0.93318045
vt 0.78940004 0.93318045
vt 0.78940004 0.95968801
vt 0.78940004 0.95968801
vt 0.32146382 0.9923085
vt 0.17506731 0.9949277
vt 0.79212254 0.93318045
vt 0.79212254 0.93318045
vt 0.17566404 0.99220538
vt 0.7888034 0.93318045
vt 0.79544175 0.93318045
vt 0.7888034 0.95968801
vt 0.79544163 0.95968801
vt 0.32086709 0.9923085
vt 0.17566404 0.9949277
vt 0.79271924 0.93318045
vt 0.79271924 0.93318045
vt 0.79271924 0.95968795
vt 0.79271924 0.95968795
vt 0.32086709 0.99503082
vt 0.79212254 0.95968801
vt 0.79212254 0.95968801
vt 0.32146382 0.99503082
vt 0.99484938 0.014900148
vt 0.88999641 0.93705547
vt 0.88999641 0.93705547
vt 0.88999647 0.96356308
vt 0.88999647 0.96356308
vt 0.23084462 0.99259734
vt 0.99484938 0.017622411
vt 0.89271891 0.93705547
vt 0.89271891 0.93705547
vt 0.99544609 0.014900148
vt 0.88939977 0.93705547
vt 0.89603806 0.93705547
vt 0.88939983 0.96356308
vt 0.89603806 0.96356308
vt 0.23024791 0.99259734
vt 0.99544609 0.017622411
vt 0.89331549 0.93705547
vt 0.89331549 0.93705547
vt 0.89331555 0.96356308
vt 0.89331555 0.96356308
vt 0.23024791 0.99531966
vt 0.89271897 0.96356308
vt 0.89271897 0.96356308
vt 0.23084462 0.99531966
vt 0.99211168 0.21959078
vt 0.2308446 0.94075745
vt 0.2308446 0.94075745
vt 0.2308446 0.96726501
vt 0.2308446 0.96726501
vt 0.72717208 0.99035275
vt 0.99211168 0.22231317
vt 0.23356706 0.94075745
vt 0.23356706 0.94075745
vt 0.99270838 0.21959078
vt 0.23024796 0.94075745
vt 0.23688616 0.94075745
vt 0.23024796 0.96726501
vt 0.23688616 0.96726501
vt 0.72657537 0.99035275
vt 0.99270838 0.22231317
vt 0.2341637 0.94075745
vt 0.2341637 0.94075745
vt 0.2341637 0.96726501
vt 0.2341637 0.96726501
vt 0.72657537 0.99307513
vt 0.23356706 0.96726501
vt 0.23356706 0.96726501
vt 0.72717208 0.99307513
vt 0.99174309 0.8670488
vt 0.66767484 0.96596009
vt 0.66767484 0.96596009
vt 0.66767484 0.93945253
vt 0.66767484 0.93945253
vt 0.99270844 0.17622697
vt 0.99174309 0.8697713
vt 0.66495246 0.96596009
vt 0.66495246 0.96596009
vt 0.99233973 0.8670488
vt 0.66827154 0.96596009
vt 0.66163331 0.96596009
vt 0.66827154 0.93945253
vt 0.66163331 0.93945247
vt 0.99211174 0.17622697
vt 0.99233973 0.8697713
vt 0.66435575 0.96596009
vt 0.66435575 0.96596009
vt 0.66435575 0.93945247
vt 0.66435575 0.93945247
vt 0.99211174 0.17894942
vt 0.66495246 0.93945253
vt 0.66495246 0.93945253
vt 0.99270844 0.17894942
vt 0.99211174 0.18706793
vt 0.48500955 0.9651013
vt 0.48500955 0.9651013
vt 0.48500955 0.93859375
vt 0.48500955 0.93859375
vt 0.48008168 0.99095821
vt 0.99211174 0.18979031
vt 0.48228723 0.9651013
vt 0.48228723 0.9651013
vt 0.99270844 0.18706793
vt 0.48560631 0.9651013
vt 0.47896802 0.9651013
vt 0.48560631 0.93859375
vt 0.47896808 0.93859375
vt 0.47948498 0.99095821
vt 0.99270844 0.18979031
vt 0.48169053 0.9651013
vt 0.48169053 0.9651013
vt 0.48169053 0.93859375
vt 0.48169053 0.93859375
vt 0.47948498 0.9936806
vt 0.48228723 0.93859375
vt 0.48228723 0.93859375
vt 0.48008168 0.9936806
vt 0.99211174 0.19790888
vt 0.22087884 0.96833122
vt 0.22087884 0.96833122
vt 0.22087884 0.94182378
vt 0.22087884 0.94182378
vt 0.48879701 0.99113369
vt 0.99211174 0.20063126
vt 0.21815652 0.96833122
vt 0.21815652 0.96833122
vt 0.99270844 0.19790888
vt 0.22147554 0.96833122
vt 0.21483731 0.96833122
vt 0.22147554 0.94182378
vt 0.21483731 0.94182378
vt 0.48820031 0.99113369
vt 0.99270844 0.20063126
vt 0.21755975 0.96833122
vt 0.21755975 0.96833122
vt 0.21755975 0.94182378
vt 0.21755975 0.94182378
vt 0.48820031 0.99385607
vt 0.21815652 0.94182378
vt 0.21815652 0.94182378
vt 0.48879701 0.99385607
vt 0.99367374 0.38006049
vt 0.28978634 0.96052051
vt 0.28978634 0.96052051
vt 0.28978634 0.93401301
vt 0.28978634 0.93401301
vt 0.99427044 0.39090145
vt 0.99367374 0.38278282
vt 0.2870639 0.96052051
vt 0.2870639 0.96052051
vt 0.99427044 0.38006049
vt 0.29038304 0.96052051
vt 0.28374469 0.96052051
vt 0.29038304 0.93401301
vt 0.28374469 0.93401301
vt 0.99367374 0.39090145
vt 0.99427044 0.38278282
vt 0.28646719 0.96052051
vt 0.28646719 0.96052051
vt 0.28646719 0.93401301
vt 0.28646719 0.93401301
vt 0.99367374 0.39362383
vt 0.2870639 0.93401301
vt 0.2870639 0.93401301
vt 0.99427044 0.39362383
vt 0.52379906 0.98643082
vt 0.0095896721 0.93266231
vt 0.0095896721 0.93266231
vt 0.0095896721 0.95916981
vt 0.0095896721 0.95916981
vt 0.78159177 0.98705178
vt 0.52379906 0.98915333
vt 0.012312174 0.93266231
vt 0.012312174 0.93266231
vt 0.52439582 0.98643082
vt 0.00899297 0.93266231
vt 0.015631318 0.93266231
vt 0.00899297 0.95916981
vt 0.015631318 0.95916981
vt 0.78099501 0.98705178
vt 0.52439582 0.98915333
vt 0.012908816 0.93266225
vt 0.012908816 0.93266225
vt 0.012908816 0.95916975
vt 0.012908816 0.95916975
vt 0.78099501 0.98977429
vt 0.012312174 0.95916981
vt 0.012312174 0.95916981
vt 0.78159177 0.98977429
vt 0.22087882 0.98955166
vt 0.50308943 0.96439546
vt 0.50308943 0.96439546
vt 0.50308943 0.93788791
vt 0.50308943 0.93788791
vt 0.32146382 0.98146743
vt 0.22087882 0.99227411
vt 0.50036705 0.96439546
vt 0.50036705 0.96439546
vt 0.22147553 0.98955166
vt 0.50368613 0.96439546
vt 0.49704784 0.96439546
vt 0.50368613 0.93788791
vt 0.49704784 0.93788791
vt 0.32086706 0.98146743
vt 0.22147553 0.99227411
vt 0.49977028 0.96439546
vt 0.49977028 0.96439546
vt 0.49977028 0.93788791
vt 0.49977028 0.93788791
vt 0.32086706 0.98418993
vt 0.50036705 0.93788791
vt 0.50036705 0.93788791
vt 0.32146382 0.98418993
vt 0.99211174 0.15454507
vt 0.60902846 0.95142019
vt 0.60902846 0.95142019
vt 0.60902834 0.92491275
vt 0.60902834 0.92491275
vt 0.99270856 0.11516553
vt 0.99211174 0.15726745
vt 0.60630602 0.95142019
vt 0.60630602 0.95142019
vt 0.9927085 0.15454507
vt 0.6096251 0.95142019
vt 0.60298675 0.95142025
vt 0.6096251 0.92491275
vt 0.60298663 0.92491281
vt 0.9921118 0.11516553
vt 0.9927085 0.15726745
vt 0.60570931 0.95142019
vt 0.60570931 0.95142019
vt 0.6057092 0.92491275
vt 0.6057092 0.92491275
vt 0.9921118 0.11788791
vt 0.6063059 0.92491275
vt 0.6063059 0.92491275
vt 0.99270856 0.11788791
vt 0.35217792 0.99033856
vt 0.02434659 0.93266225
vt 0.02434659 0.93266225
vt 0.02434659 0.95916969
vt 0.02434659 0.95916969
vt 0.99234003 0.8254599
vt 0.35217792 0.99306089
vt 0.027069092 0.93266225
vt 0.027069092 0.93266225
vt 0.35277468 0.99033856
vt 0.023749828 0.93266225
vt 0.030388236 0.93266225
vt 0.023749828 0.95916969
vt 0.030388117 0.95916969
vt 0.99174327 0.8254599
vt 0.35277468 0.99306089
vt 0.027665794 0.93266225
vt 0.027665794 0.93266225
vt 0.027665794 0.95916969
vt 0.027665794 0.95916969
vt 0.99174327 0.82818228
vt 0.027069092 0.95916969
vt 0.027069092 0.95916969
vt 0.99234003 0.82818228
vt 0.99174303 0.8887307
vt 0.44918102 0.92919189
vt 0.44918102 0.92919189
vt 0.44918102 0.95569938
vt 0.44918102 0.95569938
vt 0.99233979 0.87788981
vt 0.99174303 0.89145309
vt 0.45190352 0.92919189
vt 0.45190352 0.92919189
vt 0.99233979 0.8887307
vt 0.44858426 0.92919189
vt 0.45522267 0.92919189
vt 0.44858426 0.95569938
vt 0.45522255 0.95569938
vt 0.99174303 0.87788981
vt 0.99233979 0.89145309
vt 0.45250022 0.92919195
vt 0.45250022 0.92919195
vt 0.45250022 0.95569938
vt 0.45250022 0.95569938
vt 0.99174303 0.88061219
vt 0.45190352 0.95569938
vt 0.45190352 0.95569938
vt 0.99233979 0.88061219
vt 0.8356002 0.98987627
vt 0.39290059 0.92919225
vt 0.39290059 0.92919225
vt 0.39290059 0.95569974
vt 0.39290059 0.95569974
vt 0.99270844 0.14370418
vt 0.8356002 0.99259865
vt 0.39562303 0.92919225
vt 0.39562303 0.92919225
vt 0.83619696 0.98987627
vt 0.39230382 0.92919225
vt 0.39894223 0.92919225
vt 0.39230382 0.95569974
vt 0.39894211 0.95569974
vt 0.99211168 0.14370418
vt 0.83619696 0.99259865
vt 0.39621973 0.9291923
vt 0.39621973 0.9291923
vt 0.39621973 0.95569974
vt 0.39621973 0.95569974
vt 0.99211168 0.14642656
vt 0.39562303 0.95569974
vt 0.39562303 0.95569974
vt 0.99270844 0.14642656
vt 0.58376825 0.93535024
vt 0.48820031 0.97321999
vt 0.58376825 0.93535024
vt 0.59356344 0.93535024
vt 0.59356344 0.93535024
vt 0.98491246 0.38985574
vt 0.58376825 0.93599272
vt 0.48884296 0.97321999
vt 0.58376825 0.93599272
vt 0.59356344 0.93599272
vt 0.59356344 0.93599272
vt 0.98555511 0.38985574
vt 0.48820031 0.98301518
vt 0.58376825 0.92555505
vt 0.58376825 0.92555505
vt 0.59356344 0.92555505
vt 0.98491246 0.38006055
vt 0.59356344 0.92555505
vt 0.48884296 0.98301518
vt 0.58376825 0.94578791
vt 0.58376825 0.92491239
vt 0.59356344 0.94578791
vt 0.98555511 0.38006055
vt 0.59356344 0.92491239
vt 0.56585449 0.93470758
vt 0.56585449 0.93470758
vt 0.98555517 0.6773873
vt 0.57564962 0.93470758
vt 0.9849124 0.8158111
vt 0.57564962 0.93470758
vt 0.56585449 0.93535012
vt 0.56585449 0.93535012
vt 0.98491251 0.6773873
vt 0.57564962 0.93535012
vt 0.98555505 0.8158111
vt 0.57564962 0.93535012
vt 0.56585455 0.92491245
vt 0.98555517 0.66759217
vt 0.56585455 0.94578785
vt 0.9849124 0.80601621
vt 0.57564968 0.92491245
vt 0.57564968 0.94578785
vt 0.56585449 0.94514519
vt 0.98491251 0.66759217
vt 0.56585449 0.94514519
vt 0.98555505 0.80601621
vt 0.57564962 0.94514519
vt 0.57564962 0.94514519
vn 0 -0.23549342 0.97187594
vn -1 0 0
vn 0 0.00019189092 -0.99999998
vn 0 -0.23549342 0.97187594
vn 1 0 0
vn 0 0.00019189092 -0.99999998
vn 0 0 -1
vn -1 0 0
vn 0 0.00019189092 -0.99999998
vn 0 -0.23549342 0.97187594
vn -1 0 0
vn 0 -0.23549342 0.97187594
vn -1 0 0
vn -1 0 0
vn 0 -0.23549342 0.97187594
vn 1 0 0
vn 0 -0.23549342 0.97187594
vn 1 0 0
vn 0 -0.23549342 0.97187594
vn 0 -0.1374422 -0.99050979
vn 1 0 0
vn 0 -0.23549342 0.97187594
vn 1 0 0
vn 0 0 -1
vn 1 0 0
vn 0 0.00019189092 -0.99999998
vn 0 -0.1374422 -0.99050979
vn 1 0 0
vn 0 0.23549342 -0.97187594
vn 0 -0.23549342 0.97187594
vn 0 -0.1374422 -0.99050979
vn 1 0 0
vn 0 -0.23549342 0.97187594
vn 1 0 0
vn 0 -0.1374422 -0.99050979
vn 1 0 0
vn 0 0.23549342 -0.97187594
vn 1 0 0
vn 0 0.23549342 -0.97187594
vn 1 0 0
vn 0 0.23282875 -0.97251775
vn 0 0.23549342 -0.97187594
vn 0 0.23549342 -0.97187594
vn 0 0.23282875 -0.97251775
vn 0 0.23549342 -0.97187594
vn -1 0 0
vn 0 0.23549342 -0.97187594
vn -1 0 0
vn 0 0.23282875 -0.97251775
vn 0 0.23549342 -0.97187594
vn -1 0 0
vn 0 0.23549342 -0.97187594
vn -1 0 0
vn -1 0 0
vn -1 0 0
vn 0 0.13740329 0.99051519
vn 0 0.1374422 0.99050979
vn 0 -0.23549342 0.97187594
vn 0 -0.10097256 0.99488921
vn -1 0 0
vn 0 -0.10097256 0.99488921
vn -1 0 0
vn 0 0.13740329 0.99051519
vn 0 -0.23549342 0.97187594
vn 0 -0.10097256 0.99488921
vn 1 0 0
vn 0 -0.10097256 0.99488921
vn 1 0 0
vn 0 0.13740329 0.99051519
vn 0 -0.23549342 0.97187594
vn 0 -0.23286614 0.9725088
vn 1 0 0
vn 0 -0.23286614 0.9725088
vn 1 0 0
vn 0 0.13740329 0.99051519
vn 0 0.13742495 0.99051218
vn 0 0.1374422 0.99050979
vn 0 -0.23549342 0.97187594
vn 0 -0.23286614 0.9725088
vn 1 0 0
vn 0 -0.23286614 0.9725088
vn 1 0 0
vn 0 0.13742495 0.99051218
vn 1 0 0
vn 0 0.13742495 0.99051218
vn 0 0.23282875 -0.97251775
vn 0 0.13742495 0.99051218
vn 0 0.1374422 0.99050979
vn 0 0.23282875 -0.97251775
vn -1 0 0
vn 0 0.1374422 0.99050979
vn 0 0.23282875 -0.97251775
vn 0 0 -1
vn -1 0 0
vn 0 0.23549342 -0.97187594
vn 0 0 -1
vn 1 0 0
vn 0 0.23549342 -0.97187594
vn 1 0 0
vn 1 0 0
vn 0 0.23549342 -0.97187594
vn 0 0.23549342 -0.97187594
vn 0 0.23549342 -0.97187594
vn 0 0.23549342 -0.97187594
vn -1 0 0
vn -1 0 0
vn 0 0.23549342 -0.97187594
vn 0 0.23549342 -0.97187594
vn -1 0 0
vn -1 0 0
vn 0 -0.23549342 0.97187594
vn 0 -0.23549342 0.97187594
vn -1 0 0
vn -1 0 0
vn 0 -0.23549342 0.97187594
vn 0 -0.23549342 0.97187594
vn 1 0 0
vn 1 0 0
vn 0 -0.23549342 0.97187594
vn 0 -0.23549342 0.97187594
vn 1 0 0
vn 1 0 0
vn 0 -0.23549342 0.97187594
vn 0 -0.23549342 0.97187594
vn 1 0 0
vn 1 0 0
vn 0 -0.57061935 -0.82121469
vn -1 0 0
vn 0 0 1
vn 0 -0.57061935 -0.82121469
vn 1 0 0
vn 0 0 1
vn 0 -0.57061935 -0.82121469
vn 0 0 -1
vn 1 0 0
vn 0 -0.57061935 -0.82121469
vn 0 0 -1
vn -1 0 0
vn 0 -0.57077741 -0.82110483
vn 0.01904167 0 -0.99981869
vn 0 -0.57077741 -0.82110483
vn -0.01904167 0 -0.99981869
vn 0 -0.57061935 -0.82121469
vn 0 0 -1
vn 0.092174407 0 -0.99574288
vn 0 -0.57061935 -0.82121469
vn 0.064739749 0 -0.99790218
vn 0 -0.57061935 -0.82121469
vn -0.092174407 0 -0.99574288
vn 0 1.744463e-05 -1
vn 0.016652145 0 -0.99986134
vn 0 0.57046134 0.82132445
vn 0 0 -1
vn 0.092174407 0 -0.99574288
vn 0 0.57077741 0.82110483
vn 0.058895938 0 -0.99826413
vn 0 0.57061935 0.82121469
vn 0 -0.57061935 -0.82121469
vn -0.064739749 0 -0.99790218
vn -0.016652145 0 -0.99986134
vn 0 0.57046134 0.82132445
vn 0 -1 0
vn 0 0 -1
vn 1 0 0
vn 0 0 -1
vn -0.092174407 0 -0.99574288
vn 0 0.57077741 0.82110483
vn -0.058895938 0 -0.99826413
vn 0 0.57061935 0.82121469
vn 0 -1 0
vn 0 0 -1
vn -1 0 0
vn 0 -1 0
vn 0 0 -1
vn -1 0 0
vn 0 -1 0
vn 0 0 -1
vn 1 0 0
vn 0 -1 0
vn 0 0 -1
vn 1 0 0
vn 0 0 -1
vn 0 0 -1
vn -1 0 0
vn 0 1 0
vn 0 -1 0
vn 0 0 -1
vn -1 0 0
vn 0 -1 0
vn 0 0 -1
vn 0 0 -1
vn 1 0 0
vn 0 -1 0
vn 0 0 -1
vn 1 0 0
vn -1 0 0
vn 0 0 1
vn 0 1 0
vn -1 0 0
vn 0 0 1
vn -1 0 0
vn 0 0.044764335 -0.99899757
vn 0 -1 0
vn 0 0 -1
vn -1 0 0
vn 0 0 -1
vn 0 0 -1
vn 1 0 0
vn 0 1 0
vn 0 -1 0
vn 0 0 -1
vn 1 0 0
vn 0 -1 0
vn 0 0 -1
vn 0 0 -1
vn -1 0 0
vn 0 -1 0
vn 0 0 -1
vn -1 0 0
vn 1 0 0
vn 0 0 1
vn 0 1 0
vn 1 0 0
vn 0 0 1
vn 1 0 0
vn 0 0.044764335 -0.99899757
vn -1 0 0
vn 0 0.044764335 -0.99899757
vn 1 0 0
vn 0 0.044764335 -0.99899757
vn 0 0 -1
vn 1 0 0
vn 1 0 0
vn 0 0.044764335 -0.99899757
vn -1 0 0
vn 0 0.044764335 -0.99899757
vn 1 0 0
vn 0 0.044764335 -0.99899757
vn -1 0 0
vn 0 0.044764335 -0.99899757
vn 0 0 -1
vn -1 0 0
vn 0 0 -1
vn 1 0 0
vn 0 0 -1
vn -1 0 0
vn 0 -0.072071636 -0.99739946
vn 1 0 0
vn 0 -0.072071636 -0.99739946
vn -1 0 0
vn 0 -0.17185106 -0.98512294
vn 1 0 0
vn 0 -0.17185106 -0.98512294
vn -1 0 0
vn 0 -0.38812676 -0.921606
vn 1 0 0
vn 0 -0.38812676 -0.921606
vn -1 0 0
vn 0 -1 0
vn 1 0 0
vn 0 -1 0
vn -1 0 0
vn 0 -0.38812676 0.921606
vn 1 0 0
vn 0 -0.38812676 0.921606
vn -1 0 0
vn 0 -0.17185106 0.98512294
vn 1 0 0
vn 0 -0.17185106 0.98512294
vn -1 0 0
vn 0 -0.072071636 0.99739946
vn 1 0 0
vn 0 -0.072071636 0.99739946
vn -1 0 0
vn 1 0 0
vn 0 0 1
vn 0 0 1
vn -1 0 0
vn 0 0 1
vn 0 0 1
vn 1 0 0
vn 0 0.072071636 0.99739946
vn -1 0 0
vn 0 0.072071636 0.99739946
vn 1 0 0
vn 0 0.17185106 0.98512294
vn -1 0 0
vn 0 0.17185106 0.98512294
vn 1 0 0
vn 0 0.38812676 0.921606
vn -1 0 0
vn 0 0.38812676 0.921606
vn 1 0 0
vn 0 1 0
vn -1 0 0
vn 0 1 0
vn 1 0 0
vn 0 0.38812676 -0.921606
vn -1 0 0
vn 0 0.38812676 -0.921606
vn 1 0 0
vn 0 0.17185106 -0.98512294
vn -1 0 0
vn 0 0.17185106 -0.98512294
vn 1 0 0
vn 0 0.072071636 -0.99739946
vn -1 0 0
vn 0 0.072071636 -0.99739946
vn -1 0 0
vn 0 0.072071636 0.99739946
vn -1 0 0
vn 0 0 1
vn -1 0 0
vn 0 0.17185106 0.98512294
vn -1 0 0
vn 0 0.38812676 0.921606
vn -1 0 0
vn 0 1 0
vn -1 0 0
vn 0 0.38812676 -0.921606
vn -1 0 0
vn 0 0.17185106 -0.98512294
vn -1 0 0
vn 0 0.072071636 -0.99739946
vn 0 0 -1
vn 0 0 -1
vn -1 0 0
vn 0 -0.072071636 -0.99739946
vn -1 0 0
vn 0 -0.17185106 -0.98512294
vn -1 0 0
vn 0 -0.38812676 -0.921606
vn -1 0 0
vn 0 -1 0
vn -1 0 0
vn 0 -0.38812676 0.921606
vn -1 0 0
vn 0 -0.17185106 0.98512294
vn -1 0 0
vn 0 -0.072071636 0.99739946
vn -1 0 0
vn -1 0 0
vn 0 -0.072071636 -0.99739946
vn -1 0 0
vn 0 -0.17185106 -0.98512294
vn -1 0 0
vn 0 -0.38812676 -0.921606
vn -1 0 0
vn 0 -0.072071636 0.99739946
vn -1 0 0
vn -1 0 0
vn 0 0 1
vn 0 0 1
vn 0 0 -1
vn -1 0 0
vn -1 0 0
vn 0 1 0
vn -1 0 0
vn 0 0.38812676 -0.921606
vn 0 -0.38812676 0.921606
vn -1 0 0
vn 0 -0.17185106 0.98512294
vn -1 0 0
vn -1 0 0
vn 0 0.17185106 0.98512294
vn -1 0 0
vn 0 0.38812676 0.921606
vn -1 0 0
vn 0 0.072071636 -0.99739946
vn 0 -1 0
vn -1 0 0
vn -1 0 0
vn 0 0.072071636 0.99739946
vn -1 0 0
vn 0 0.17185106 -0.98512294
vn 1 0 0
vn 0 0 1
vn 1 0 0
vn 0 0.072071636 0.99739946
vn 1 0 0
vn 0 0.17185106 0.98512294
vn 1 0 0
vn 0 0.38812676 0.921606
vn 1 0 0
vn 0 1 0
vn 1 0 0
vn 0 0.38812676 -0.921606
vn 1 0 0
vn 0 0.17185106 -0.98512294
vn 1 0 0
vn 0 0.072071636 -0.99739946
vn 0 0 -1
vn 0 0 -1
vn 1 0 0
vn 0 -0.072071636 -0.99739946
vn 1 0 0
vn 0 -0.17185106 -0.98512294
vn 1 0 0
vn 0 -0.38812676 -0.921606
vn 1 0 0
vn 0 -1 0
vn 1 0 0
vn 0 -0.38812676 0.921606
vn 1 0 0
vn 0 -0.17185106 0.98512294
vn 1 0 0
vn 0 -0.072071636 0.99739946
vn 1 0 0
vn 1 0 0
vn 0 0.17185106 -0.98512294
vn 1 0 0
vn 1 0 0
vn 0 1 0
vn 0 -0.072071636 0.99739946
vn 1 0 0
vn 0 -0.072071636 -0.99739946
vn 1 0 0
vn 0 -0.17185106 -0.98512294
vn 1 0 0
vn 1 0 0
vn 0 0.38812676 -0.921606
vn 1 0 0
vn 0 0 1
vn 0 0 1
vn 1 0 0
vn 0 0.072071636 0.99739946
vn 0 -0.38812676 -0.921606
vn 1 0 0
vn 0 -1 0
vn 1 0 0
vn 1 0 0
vn 0 0.072071636 -0.99739946
vn 0 0 -1
vn 1 0 0
vn 1 0 0
vn 0 0.17185106 0.98512294
vn 1 0 0
vn 0 0.38812676 0.921606
vn 0 -0.38812676 0.921606
vn 1 0 0
vn 0 -0.17185106 0.98512294
vn 1 0 0
vn 0 0 -1
vn 1 0 0
vn 0 -0.072071636 -0.99739946
vn 1 0 0
vn 0 -0.17185106 -0.98512294
vn 1 0 0
vn 0 -0.38812676 -0.921606
vn 1 0 0
vn 0 -1 0
vn 1 0 0
vn 0 -0.38812676 0.921606
vn 1 0 0
vn 0 -0.17185106 0.98512294
vn 1 0 0
vn 0 -0.072071636 0.99739946
vn 1 0 0
vn 1 0 0
vn 0 0 1
vn 0 0 1
vn 1 0 0
vn 0 0.072071636 0.99739946
vn 1 0 0
vn 0 0.17185106 0.98512294
vn 1 0 0
vn 0 0.38812676 0.921606
vn 1 0 0
vn 0 1 0
vn 1 0 0
vn 0 0.38812676 -0.921606
vn 1 0 0
vn 0 0.17185106 -0.98512294
vn 1 0 0
vn 0 0.072071636 -0.99739946
vn 1 0 0
vn 1 0 0
vn 1 0 0
vn 1 0 0
vn 1 0 0
vn 1 0 0
vn 1 0 0
vn 1 0 0
vn 1 0 0
vn 1 0 0
vn 1 0 0
vn 1 0 0
vn 1 0 0
vn 1 0 0
vn 1 0 0
vn 1 0 0
vn 1 0 0
vn 0 0.17185106 -0.98512294
vn 1 0 0
vn 1 0 0
vn 0 1 0
vn 0 -0.072071636 0.99739946
vn 1 0 0
vn 0 -0.072071636 -0.99739946
vn 1 0 0
vn 0 -0.17185106 -0.98512294
vn 1 0 0
vn 1 0 0
vn 0 0.38812676 -0.921606
vn 1 0 0
vn 0 0 1
vn 0 0 1
vn 1 0 0
vn 0 0.072071636 0.99739946
vn 0 -0.38812676 -0.921606
vn 1 0 0
vn 0 -1 0
vn 1 0 0
vn 1 0 0
vn 0 0.072071636 -0.99739946
vn 0 0 -1
vn 1 0 0
vn 1 0 0
vn 0 0.17185106 0.98512294
vn 1 0 0
vn 0 0.38812676 0.921606
vn 0 -0.38812676 0.921606
vn 1 0 0
vn 0 -0.17185106 0.98512294
vn 1 0 0
vn -0.058412648 0.0053957358 0.99827794
vn -0.013796939 0.0015773855 0.99990357
vn -0.013796939 0.0015773855 0.99990357
vn 0.013810348 -0.00078869337 0.99990432
vn 0.058351689 -0.0046218033 0.99828539
vn 0.99626715 -0.085523114 0.011728581
vn 0.058429763 -0.0053966493 -0.99827694
vn 0.013820719 -0.0015775508 -0.99990324
vn -0.013780657 0.00078852784 -0.99990473
vn -0.013780657 0.00078852784 -0.99990473
vn -0.05828072 0.0046178948 -0.99828955
vn -0.99616027 0.085513942 -0.018763716
vn -0.058535324 0.005224938 0.99827166
vn -0.013850422 0.0018530931 0.99990236
vn -0.013850422 0.0018530931 0.99990236
vn 0.013765818 -0.00023836717 0.99990522
vn 0.058298022 -0.0036120559 0.99829269
vn 0.9971124 -0.07535696 0.0093908248
vn 0.05835153 -0.005184701 -0.99828263
vn 0.013771708 -0.0018337832 -0.99990348
vn -0.013825202 0.00023846726 -0.9999044
vn -0.013825202 0.00023846726 -0.9999044
vn -0.05833216 0.0035836606 -0.9982908
vn -0.99685466 0.074928037 -0.025818093
vn -0.058587225 0.0035642957 0.99827593
vn -0.013880134 0.0021654532 0.99990132
vn -0.013880134 0.0021654532 0.99990132
vn 0.013752416 0.0012835148 0.99990461
vn 0.058339729 -0.00011846883 0.99829678
vn 0.99948178 -0.030782983 -0.0094112573
vn 0.058254056 -0.0035214491 -0.99829558
vn 0.013737559 -0.0021450751 -0.99990333
vn -0.013854901 -0.0013026705 -0.99990317
vn -0.013854901 -0.0013026705 -0.99990317
vn -0.058393689 5.9274552e-05 -0.99829363
vn -0.99923678 0.031185777 -0.023522378
vn -0.058587161 0.0038613162 0.99827483
vn -0.013842868 0.0037799537 0.99989704
vn -0.013842868 0.0037799537 0.99989704
vn 0.013833935 0.003724907 0.99989737
vn 0.058577245 0.0036824784 0.99827609
vn 0.99929069 -0.0012310839 -0.037637833
vn 0.058253988 -0.0038469565 -0.99829438
vn 0.013789373 -0.0037971071 -0.99989771
vn -0.013793842 -0.0037604205 -0.99989779
vn -0.013793842 -0.0037604205 -0.99989779
vn -0.058271076 -0.0036700272 -0.99829405
vn -0.9992901 0.0016414442 -0.03763781
vn -0.05887498 0.0083760111 0.99823022
vn -0.013889825 0.0083583606 0.9998686
vn -0.013889825 0.0083583606 0.9998686
vn 0.013889825 0.0083583606 0.9998686
vn 0.05887498 0.0083760111 0.99823022
vn 0.99642835 0 -0.084442552
vn 0.058162705 -0.0083686527 -0.99827204
vn 0.013785733 -0.0084256365 -0.99986947
vn -0.013785733 -0.0084256365 -0.99986947
vn -0.013785733 -0.0084256365 -0.99986947
vn -0.058162705 -0.0083686527 -0.99827204
vn -0.99642835 0 -0.084442552
vn -0.059816926 0.019944463 0.9980101
vn -0.014055431 0.019806259 0.99970503
vn -0.014055431 0.019806259 0.99970503
vn 0.014055431 0.019806259 0.99970503
vn 0.059816926 0.019944463 0.9980101
vn 0.97588822 -0.0036067592 -0.21824107
vn 0.05792964 -0.020272329 -0.99811482
vn 0.0137829 -0.020477775 -0.9996953
vn -0.0137829 -0.020477775 -0.9996953
vn -0.0137829 -0.020477775 -0.9996953
vn -0.05792964 -0.020272329 -0.99811482
vn -0.97588822 -0.0036067592 -0.21824107
vn -0.064994288 0.055747135 0.99632726
vn -0.015054367 0.05524361 0.99835941
vn -0.015054367 0.05524361 0.99835941
vn 0.015054367 0.05524361 0.99835941
vn 0.064994288 0.055747135 0.99632726
vn 0.8362918 -0.029202841 -0.54750637
vn 0.058957477 -0.056931455 -0.99663575
vn 0.014207128 -0.05743756 -0.99824801
vn -0.014207128 -0.05743756 -0.99824801
vn -0.014207128 -0.05743756 -0.99824801
vn -0.058957477 -0.056931455 -0.99663575
vn -0.8362918 -0.029202841 -0.54750637
vn -0.082733649 0.14145667 0.9864812
vn -0.019003194 0.14162116 0.98973851
vn -0.019003194 0.14162116 0.98973851
vn 0.019003194 0.14162116 0.98973851
vn 0.082733649 0.14145667 0.9864812
vn 0.78100656 -0.087957084 -0.61829791
vn 0.071125176 -0.14201321 -0.98730616
vn 0.017298713 -0.14259203 -0.98963037
vn -0.017298713 -0.14259203 -0.98963037
vn -0.017298713 -0.14259203 -0.98963037
vn -0.071125176 -0.14201321 -0.98730616
vn -0.78100656 -0.087957084 -0.61829791
vn -0.13198943 0.32519776 0.93638945
vn -0.030738136 0.32950608 0.94365296
vn -0.030738136 0.32950608 0.94365296
vn 0.030738136 0.32950608 0.94365296
vn 0.13198943 0.32519776 0.93638945
vn 0.92834084 -0.12551107 -0.34990035
vn 0.11596145 -0.32383187 -0.93898129
vn 0.028098513 -0.32461981 -0.94542713
vn -0.028098513 -0.32461981 -0.94542713
vn -0.028098513 -0.32461981 -0.94542713
vn -0.11596145 -0.32383187 -0.93898129
vn -0.92834084 -0.12551107 -0.34990035
vn -0.29571031 0.82199811 0.48669756
vn -0.071619671 0.86335826 0.49948287
vn -0.071619671 0.86335826 0.49948287
vn 0.071619671 0.86335826 0.49948287
vn 0.29571031 0.82199811 0.48669756
vn 0.98895925 -0.13816325 -0.053577161
vn 0.26496555 -0.82767555 -0.49471854
vn 0.065709158 -0.85096713 -0.52109237
vn -0.065709158 -0.85096713 -0.52109237
vn -0.065709158 -0.85096713 -0.52109237
vn -0.26496555 -0.82767555 -0.49471854
vn -0.98895925 -0.13816325 -0.053577161
vn -0.21760444 0.60701554 -0.76431698
vn -0.051236645 0.61689377 -0.7853769
vn -0.051236645 0.61689377 -0.7853769
vn 0.051236645 0.61689377 -0.7853769
vn 0.21760444 0.60701554 -0.76431698
vn 0.98088551 -0.11162113 0.15938739
vn 0.1997801 -0.61403573 0.76357582
vn 0.049224156 -0.62978101 0.7752115
vn -0.049224156 -0.62978101 0.7752115
vn -0.049224156 -0.62978101 0.7752115
vn -0.1997801 -0.61403573 0.76357582
vn -0.98088551 -0.11162113 0.15938739
vn -0.1276803 0.33773197 -0.93254215
vn -0.029953472 0.33943271 -0.9401533
vn -0.029953472 0.33943271 -0.9401533
vn 0.029953472 0.33943271 -0.9401533
vn 0.1276803 0.33773197 -0.93254215
vn 0.9811423 -0.063672296 0.18249826
vn 0.12096208 -0.33969667 0.93272415
vn 0.029135363 -0.34291895 0.93891306
vn -0.029135363 -0.34291895 0.93891306
vn -0.029135363 -0.34291895 0.93891306
vn -0.12096208 -0.33969667 0.93272415
vn -0.9811423 -0.063672296 0.18249826
vn -0.10406871 0.26411548 -0.95886011
vn -0.024594074 0.26530887 -0.96384975
vn -0.024594074 0.26530887 -0.96384975
vn 0.024594074 0.26530887 -0.96384975
vn 0.10406871 0.26411548 -0.95886011
vn 0.9973308 -0.019249155 0.070432528
vn 0.10226205 -0.26449313 0.95895039
vn 0.024355478 -0.26588518 0.96369699
vn -0.024355478 -0.26588518 0.96369699
vn -0.024355478 -0.26588518 0.96369699
vn -0.10226205 -0.26449313 0.95895039
vn -0.9973308 -0.019249155 0.070432528
vn -0.10177734 0.2599003 -0.96025684
vn -0.024019779 0.25769988 -0.96592641
vn -0.024019779 0.25769988 -0.96592641
vn 0.023689245 0.25557011 -0.96650025
vn 0.0990842 0.25097576 -0.96290887
vn 0.98776869 -0.0064900762 -0.15579117
vn 0.10225079 -0.26000983 0.96017689
vn 0.023936415 -0.25771457 0.96592456
vn -0.023990301 -0.25557116 0.96649255
vn -0.023990301 -0.25557116 0.96649255
vn -0.10010995 -0.25089591 0.96282358
vn -0.99490574 0.022062274 0.098365769
vn -0.10319125 0.2619382 -0.95955195
vn -0.023946188 0.25543479 -0.96652969
vn -0.023946188 0.25543479 -0.96652969
vn 0.023597056 0.25071349 -0.96777369
vn 0.097838378 0.24226185 -0.96526517
vn 0.97300668 -0.042758025 -0.2267813
vn 0.10186868 -0.26174058 0.95974717
vn 0.023736113 -0.25538881 0.96654703
vn -0.023472169 -0.25074485 0.96776861
vn -0.023472169 -0.25074485 0.96776861
vn -0.096796237 -0.24246874 0.96531829
vn -0.95023858 0.018732335 0.31095939
vn -0.09817752 0.24560957 -0.96438432
vn -0.022954824 0.24278952 -0.96980736
vn -0.022954824 0.24278952 -0.96980736
vn 0.02300684 0.24041131 -0.97039842
vn 0.095840613 0.23561536 -0.96710908
vn 0.99029572 -0.019926707 -0.13754022
vn 0.098299102 -0.2456716 0.96435613
vn 0.02314955 -0.2428521 0.96978707
vn -0.02274884 -0.24042665 0.9704007
vn -0.02274884 -0.24042665 0.9704007
vn -0.095207667 -0.23558615 0.96717872
vn -0.98659455 0.014180166 0.16257342
vn -0.096477158 0.23942598 -0.96610939
vn -0.022889302 0.24051611 -0.97037523
vn -0.022889302 0.24051611 -0.97037523
vn 0.022877684 0.2405039 -0.97037853
vn 0.096476026 0.23947243 -0.96609799
vn 0.99995356 0.0020531677 -0.0094156996
vn 0.096687201 -0.23947235 0.9660769
vn 0.022919533 -0.24048685 0.97038177
vn -0.022904331 -0.24051602 0.97037489
vn -0.022904331 -0.24051602 0.97037489
vn -0.096648901 -0.23940723 0.96609687
vn -0.99997372 0.0016425671 -0.0070619179
vn -0.096838268 0.24035093 -0.96584356
vn -0.022961605 0.24145794 -0.97013959
vn -0.022961605 0.24145794 -0.97013959
vn 0.022961605 0.24145794 -0.97013959
vn 0.096838268 0.24035093 -0.96584356
vn 0.99999714 -0.00041065141 0.0023540276
vn 0.096785647 -0.24037887 0.96584188
vn 0.022954071 -0.24145799 0.97013976
vn -0.022954071 -0.24145799 0.97013976
vn -0.022954071 -0.24145799 0.97013976
vn -0.096785647 -0.24037887 0.96584188
vn -0.99999714 -0.00041065141 0.0023540276
vn -0.096658829 0.2396589 -0.96603348
vn -0.022915798 0.24069821 -0.97032945
vn -0.022915798 0.24069821 -0.97032945
vn 0.022915798 0.24069821 -0.97032945
vn 0.096658829 0.2396589 -0.96603348
vn 0.99999714 -0.00041065141 0.0023540276
vn 0.096581122 -0.23957509 0.96606204
vn 0.02290828 -0.24069825 0.97032962
vn -0.02290828 -0.24069825 0.97032962
vn -0.02290828 -0.24069825 0.97032962
vn -0.096607501 -0.23964051 0.96604318
vn -0.99999714 -0.00041065141 0.0023540276
vn -0.096328015 0.23834704 -0.96639102
vn -0.022835918 0.23939737 -0.97065309
vn -0.022835918 0.23939737 -0.97065309
vn 0.022835918 0.23939737 -0.97065309
vn 0.096328015 0.23834704 -0.96639102
vn 0.99998816 -0.0012319432 0.0047080128
vn 0.096236627 -0.23835715 0.96639763
vn 0.022820761 -0.23942646 0.97064627
vn -0.022820761 -0.23942646 0.97064627
vn -0.022820761 -0.23942646 0.97064627
vn -0.096236627 -0.23835715 0.96639763
vn -0.99998816 -0.0012319432 0.0047080128
vn -0.09567355 0.23554604 -0.96714251
vn -0.022670185 0.23657369 -0.97134904
vn -0.022670185 0.23657369 -0.97134904
vn 0.022670185 0.23657369 -0.97134904
vn 0.09567355 0.23554604 -0.96714251
vn 0.99992661 -0.0028743571 0.011769309
vn 0.095427349 -0.23553432 0.96716969
vn 0.022636429 -0.23656246 0.97135256
vn -0.022636429 -0.23656246 0.97135256
vn -0.022636429 -0.23656246 0.97135256
vn -0.095427349 -0.23553432 0.96716969
vn -0.99992661 -0.0028743571 0.011769309
vn -0.094309157 0.22772317 -0.96914805
vn -0.022318526 0.22859057 -0.97326679
vn -0.022318526 0.22859057 -0.97326679
vn 0.022318526 0.22859057 -0.97326679
vn 0.094309157 0.22772317 -0.96914805
vn 0.99942371 -0.0082083187 0.032937487
vn 0.093688144 -0.22825726 0.96908264
vn 0.022248184 -0.22927555 0.97310726
vn -0.022248184 -0.22927555 0.97310726
vn -0.022248184 -0.22927555 0.97310726
vn -0.093688144 -0.22825726 0.96908264
vn -0.99942371 -0.0082083187 0.032937487
vn -0.091586102 0.21334204 -0.97267526
vn -0.021639257 0.21408622 -0.97657505
vn -0.021639257 0.21408622 -0.97657505
vn 0.021639257 0.21408622 -0.97657505
vn 0.091586102 0.21334204 -0.97267526
vn 0.99804093 -0.013524987 0.061084986
vn 0.090417013 -0.21378426 0.97268754
vn 0.021489983 -0.21470608 0.97644226
vn -0.021489983 -0.21470608 0.97644226
vn -0.021489983 -0.21470608 0.97644226
vn -0.090417013 -0.21378426 0.97268754
vn -0.99804638 -0.013115211 0.061085319
vn -0.085404714 0.1821178 -0.97956069
vn -0.020074382 0.18286853 -0.98293241
vn -0.020074382 0.18286853 -0.98293241
vn 0.020074382 0.18286853 -0.98293241
vn 0.085404714 0.1821178 -0.97956069
vn 0.98038525 -0.035432144 0.19387967
vn 0.081868909 -0.18174725 0.97993133
vn 0.019539313 -0.18229138 0.98305039
vn -0.019539313 -0.18229138 0.98305039
vn -0.019539313 -0.18229138 0.98305039
vn -0.081868909 -0.18174725 0.97993133
vn -0.98038525 -0.035432144 0.19387967
vn -0.075182972 0.12837238 -0.98887211
vn -0.017526806 0.128631 -0.99153763
vn -0.017526806 0.128631 -0.99153763
vn 0.017526806 0.128631 -0.99153763
vn 0.075182972 0.12837238 -0.98887211
vn 0.91951278 -0.050991338 0.38973853
vn 0.069669305 -0.12867464 0.98923659
vn 0.01672529 -0.1290096 0.99150229
vn -0.01672529 -0.1290096 0.99150229
vn -0.01672529 -0.1290096 0.99150229
vn -0.069669305 -0.12867464 0.98923659
vn -0.91951278 -0.050991338 0.38973853
vn -0.066459959 0.092037645 -0.99353518
vn -0.015644412 0.092146752 -0.99562253
vn -0.015644412 0.092146752 -0.99562253
vn 0.015644412 0.092146752 -0.99562253
vn 0.066459959 0.092037645 -0.99353518
vn 0.98941641 -0.014220725 0.14440546
vn 0.064957805 -0.092494845 0.99359206
vn 0.015437123 -0.092721243 0.99557243
vn -0.015437123 -0.092721243 0.99557243
vn -0.015437123 -0.092721243 0.99557243
vn -0.064957805 -0.092494845 0.99359206
vn -0.98941641 -0.014220725 0.14440546
vn -0.06434574 0.074137166 -0.99516999
vn -0.015121245 0.07431984 -0.99711981
vn -0.015121245 0.07431984 -0.99711981
vn 0.015121245 0.07431984 -0.99711981
vn 0.06434574 0.074137166 -0.99516999
vn 0.97817138 -0.015264168 0.2072384
vn 0.062245109 -0.074103083 0.99530612
vn 0.014812872 -0.074219077 0.99713194
vn -0.014812872 -0.074219077 0.99713194
vn -0.014812872 -0.074219077 0.99713194
vn -0.062245109 -0.074103083 0.99530612
vn -0.97817138 -0.015264168 0.2072384
vn -0.062145409 0.05304562 -0.99665647
vn -0.014588281 0.053140041 -0.9984805
vn -0.014588281 0.053140041 -0.9984805
vn 0.014588281 0.053140041 -0.9984805
vn 0.062145409 0.05304562 -0.99665647
vn 0.96853259 -0.013126416 0.2485404
vn 0.059789483 -0.053034096 0.99680118
vn 0.01424268 -0.05311347 0.99848691
vn -0.01424268 -0.05311347 0.99848691
vn -0.01424268 -0.05311347 0.99848691
vn -0.059789483 -0.053034096 0.99680118
vn -0.96853259 -0.013126416 0.2485404
vn -0.060459935 0.032105998 -0.99765415
vn -0.014192248 0.032135637 -0.99938275
vn -0.014192248 0.032135637 -0.99938275
vn 0.014192248 0.032135637 -0.99938275
vn 0.060459935 0.032105998 -0.99765415
vn 0.9691323 -0.0079603304 0.24641268
vn 0.058256474 -0.032139602 0.99778416
vn 0.013871742 -0.03219742 0.99938526
vn -0.013871742 -0.03219742 0.99938526
vn -0.013871742 -0.03219742 0.99938526
vn -0.058256474 -0.032139602 0.99778416
vn -0.9691323 -0.0079603304 0.24641268
vn -0.059264989 0.016362736 -0.99810817
vn -0.013953349 0.016384533 -0.9997684
vn -0.013953349 0.016384533 -0.9997684
vn 0.013953349 0.016384533 -0.9997684
vn 0.059264989 0.016362736 -0.99810817
vn 0.98849232 -0.0024355617 0.15125142
vn 0.057978669 -0.016426176 0.99818268
vn 0.013765373 -0.016437439 0.99977014
vn -0.013765373 -0.016437439 0.99977014
vn -0.013765373 -0.016437439 0.99977014
vn -0.057978669 -0.016426176 0.99818268
vn -0.98849232 -0.0024355617 0.15125142
vn -0.058741674 0.0077977469 -0.99824276
vn -0.013858673 0.0078048326 -0.9998735
vn -0.013858673 0.0078048326 -0.9998735
vn 0.013858673 0.0078048326 -0.9998735
vn 0.058741674 0.0077977469 -0.99824276
vn 0.9971747 -0.00040949238 0.075116272
vn 0.058109294 -0.0078015617 0.99827974
vn 0.013769496 -0.0078182666 0.99987463
vn -0.013769496 -0.0078182666 0.99987463
vn -0.013769496 -0.0078182666 0.99987463
vn -0.058109294 -0.0078015617 0.99827974
vn -0.9971747 -0.00040949238 0.075116272
vn -0.058525789 0.0036509241 -0.99827922
vn -0.013828018 0.003651127 -0.99989772
vn -0.013828018 0.003651127 -0.99989772
vn 0.013828018 0.003651127 -0.99989772
vn 0.058525789 0.0036509241 -0.99827922
vn 0.99937717 0 0.035288522
vn 0.058227125 -0.0036681664 0.99829662
vn 0.013783467 -0.0036683188 0.99989827
vn -0.013783467 -0.0036683188 0.99989827
vn -0.013783467 -0.0036683188 0.99989827
vn -0.058227125 -0.0036681664 0.99829662
vn -0.99937717 0 0.035288522
vn -0.058444923 0.0016901802 -0.9982892
vn -0.013811783 0.0016876123 -0.99990319
vn -0.013811783 0.0016876123 -0.99990319
vn 0.013811783 0.0016876123 -0.99990319
vn 0.058444923 0.0016901802 -0.9982892
vn 0.99986426 0 0.016476003
vn 0.058305506 -0.0016876079 0.99829736
vn 0.01379102 -0.001687258 0.99990348
vn -0.01379102 -0.001687258 0.99990348
vn -0.01379102 -0.001687258 0.99990348
vn -0.058305506 -0.0016876079 0.99829736
vn -0.99986426 0 0.016476003
vn -0.058400863 0.0007409314 -0.99829294
vn -0.013805883 0.00075201001 -0.99990441
vn -0.013805883 0.00075201001 -0.99990441
vn 0.013805883 0.00075201001 -0.99990441
vn 0.058400863 0.0007409314 -0.99829294
vn 0.99997506 0 0.0070619273
vn 0.058339708 -0.00074043001 0.99829651
vn 0.013795501 -0.000751931 0.99990455
vn -0.013795501 -0.000751931 0.99990455
vn -0.013795501 -0.000751931 0.99990455
vn -0.058339708 -0.00074043001 0.99829651
vn -0.99997506 0 0.0070619273
vn -0.058356805 5.9244431e-05 -0.99829579
vn -0.01379104 0.00029343657 -0.99990486
vn -0.01379104 0.00029343657 -0.99990486
vn 0.013814817 0.00044020103 -0.99990447
vn 0.058400866 0.00068165692 -0.99829298
vn 0.99998298 0.005338393 0.0023539943
vn 0.058383786 -5.9264499e-05 0.99829421
vn 0.013810352 -0.00029346736 0.99990459
vn -0.01379104 -0.00044015486 0.9999048
vn -0.01379104 -0.00044015486 0.9999048
vn -0.058349604 -0.00068131119 0.99829598
vn -0.99998298 -0.005338393 0.0023539943
vn 0.058693098 0.0035982715 -0.99826959
vn 0.99842016 0.054946007 -0.011752753
vn 0.058764596 0.0042561078 0.99826279
vn 0.011295264 0.0048930098 0.99992423
vn -0.096748073 0.24010753 -0.96591313
vn -0.096748073 0.24010753 -0.96591313
vn -1 0 0
vn -1 0 0
vn -0.022935016 0.24113382 -0.97022083
vn -0.022935016 0.24113382 -0.97022083
vn -0.022935016 0.24113382 -0.97022083
vn -0.022935016 0.24113382 -0.97022083
vn 0.022935016 0.24113382 -0.97022083
vn 0.022935016 0.24113382 -0.97022083
vn 0.096748073 0.24010753 -0.96591313
vn 0.096748073 0.24010753 -0.96591313
vn 1 0 0
vn 1 0 0
vn 0.096748073 -0.24010753 0.96591313
vn 0.096748073 -0.24010753 0.96591313
vn 0.022935016 -0.24113382 0.97022083
vn 0.022935016 -0.24113382 0.97022083
vn -0.022935016 -0.24113382 0.97022083
vn -0.022935016 -0.24113382 0.97022083
vn -0.022935016 -0.24113382 0.97022083
vn -0.022935016 -0.24113382 0.97022083
vn -0.096748073 -0.24010753 0.96591313
vn -0.096748073 -0.24010753 0.96591313
vn 0.11917765 0.10216452 0.9876027
vn -0.30199292 0.059376484 0.95145925
vn -0.037701458 0.18910426 0.98123299
vn -0.99966188 -0.0024630826 0.025885621
vn -0.027057278 0.082944516 0.99618679
vn -0.049795314 -0.0071754097 0.99873367
vn -0.32933515 -0.0066756066 0.94418949
vn -0.99933371 0.02790577 0.023524659
vn 0.32463643 0.065089671 0.94359659
vn 0.035673023 0.18892259 0.98134382
vn 0.99966188 -0.0024630826 0.025885621
vn 0.025343069 0.075960206 0.99678873
vn 0.050059516 -0.0061183359 0.9987275
vn 0.32933515 -0.0066756066 0.94418949
vn -0.4887579 0.87234639 0.011291
vn -0.016424114 0.99986512 0
vn -1 0 0
vn 0.99933371 0.02790577 0.023524659
vn -0.99745592 0.071286024 0
vn 0.14836998 0.98792652 0.044581746
vn 1 0 0
vn -0.94168499 0.13969843 0.30612699
vn -0.86511599 0.50157185 0
vn 0.99745592 0.071286024 0
vn 0.94168499 0.13969843 0.30612699
vn 0.86511599 0.50157185 0
vn -0.30199292 0.059376484 -0.95145925
vn -0.69532243 0.71869794 0
vn -0.03318323 0.02077795 0.99923328
vn -0.034500288 0.1805836 -0.98295437
vn -0.99998892 0 0.0047080164
vn -0.19099083 0.018790647 0.98141195
vn 0.69532243 0.71869794 0
vn -1 0 0
vn -0.99966188 -0.0024630826 -0.025885621
vn 0.032506324 0.02108635 0.99924907
vn -0.049795314 -0.0071754097 -0.99873367
vn -0.32933515 -0.0066756066 -0.94418949
vn 0.99998892 0 0.0047080164
vn 0.18737187 0.017345878 0.98213589
vn 1 0 0
vn -0.99933371 0.02790577 -0.023524659
vn 0.32463643 0.065089671 -0.94359659
vn 0.91746779 0.39778636 -0.00434339
vn -0.9247692 0.38052219 -0.0021878777
vn -0.063963821 0.021286396 0.99772517
vn -0.011403463 0.0047695809 0.9999236
vn -0.011403463 0.0047695809 0.9999236
vn 0.063936889 0.024104456 0.99766279
vn -0.063890484 -0.046028904 0.99689485
vn -1 0 0
vn 0.011275377 0.004242151 0.99992743
vn 0.06651115 -0.049856498 0.99653931
vn 1 0 0
vn -0.69827146 0.71583306 0
vn -0.091797904 0.067466287 0.99348953
vn -0.013177474 -0.00065747252 0.99991296
vn -0.013177474 -0.00065747252 0.99991296
vn 0.69827146 0.71583306 0
vn -0.99945662 0.0012312884 0.032938573
vn -0.99827528 0.05698796 0.014101256
vn 0.091797904 0.067466287 0.99348953
vn -0.73353617 0.57509774 0.36219783
vn 0.013177474 -0.00065747252 0.99991296
vn 0.034547294 0.18115316 -0.98284791
vn 0.99945662 0.0012312884 0.032938573
vn -0.065971143 0.38713148 0.91966136
vn -0.71868677 0.69522752 0.012166318
vn -0.99999992 -0.00041065255 0
vn 0.99827528 0.05698796 0.014101256
vn 0.73353617 0.57509774 0.36219783
vn 0.99966188 -0.0024630826 -0.025885621
vn -0.17765314 -0.038345353 0.98334582
vn 0.065971143 0.38713148 0.91966136
vn -0.91979676 0.38728515 -0.063119986
vn -0.64927295 -0.0058728113 0.76053281
vn 0.68878474 0.70953406 0.14878506
vn 0.99999992 -0.00041065255 0
vn 0.19819023 -0.028707317 0.97974309
vn 0.050059516 -0.0061183359 -0.9987275
vn 0.91979676 0.38728515 -0.063119986
vn 0.32933515 -0.0066756066 -0.94418949
vn 0.64927295 -0.0058728113 0.76053281
vn -0.60303856 0.79771204 0
vn 0.99933371 0.02790577 -0.023524659
vn 0.60303856 0.79771204 0
vn -0.94168499 0.13969843 -0.30612699
vn -0.17712929 0.12023471 0.97681566
vn -0.015291162 -0.036931828 0.99920079
vn -0.015291162 -0.036931828 0.99920079
vn 0.17712929 0.12023471 0.97681566
vn -0.039000628 -0.038696639 0.99848962
vn -0.1843718 0.161902 0.96943013
vn -0.13311196 0.076445767 0.9881484
vn 0.94168499 0.13969843 -0.30612699
vn 0.015291162 -0.036931828 0.99920079
vn 0.038469081 -0.033252745 0.99870636
vn -1 0 0
vn 0.16759101 0.16659332 0.97167892
vn -0.032539837 0.025045146 -0.99915659
vn 1 0 0
vn -0.99998892 0 -0.0047080164
vn -0.1880292 0.020334226 -0.98195292
vn 0.033299878 0.023188373 -0.99917637
vn 0.99998892 0 -0.0047080164
vn -0.0042319349 0.021705527 0.99975545
vn -0.0042319349 0.021705527 0.99975545
vn -0.0081623728 0.99996669 0
vn -0.0081623728 0.99996669 0
vn -0.0071918499 -0.0036275445 0.99996756
vn -0.0071918499 -0.0036275445 0.99996756
vn 0.1880292 0.020334226 -0.98195292
vn 0.0041721076 0.02214909 0.99974597
vn 0.0081623728 0.99996669 0
vn 0.0071918499 -0.0036275445 0.99996756
vn 0.0018927939 0.084321426 0.99643681
vn -0.013710933 -0.064176047 0.9978444
vn -0.013710933 -0.064176047 0.9978444
vn -0.002202319 0.18435408 0.98285743
vn -0.002202319 0.18435408 0.98285743
vn 0.013308999 -0.066042376 0.99772806
vn 0.0021266503 0.18402523 0.98291922
vn 0.12908785 0.0063572157 -0.99161278
vn -0.063922037 0.020896267 -0.9977361
vn -0.011654679 0.0052655315 -0.99991822
vn -0.011654679 0.0052655315 -0.99991822
vn 0.063887186 0.023933641 -0.99767009
vn -0.063882766 -0.046028925 -0.99689535
vn -1 0 0
vn 0.011590547 0.0059880534 -0.9999149
vn 0.06651115 -0.049856498 -0.99653931
vn 1 0 0
vn -0.091775929 0.067450135 -0.99349266
vn -0.013177475 -0.00063920946 -0.99991297
vn -0.013177475 -0.00063920946 -0.99991297
vn 0.044508715 0.018432064 0.99883894
vn -0.99945662 0.0012312884 -0.032938573
vn -0.99827528 0.05698796 -0.014101256
vn 0.091775929 0.067450135 -0.99349266
vn -0.73353617 0.57509774 -0.36219783
vn 0.013177475 -0.00063920946 -0.99991297
vn 0.14118531 0.058518942 0.98825211
vn 0.99945662 0.0012312884 -0.032938573
vn 0.032453118 0.0094894437 0.99942821
vn -0.044508715 0.018432064 0.99883894
vn -0.065527254 0.38753848 -0.91952167
vn -0.13941459 0.054032997 0.98875882
vn 0.20139433 0.19213153 0.96048207
vn -0.3483262 0.32831273 -0.8779975
vn 0.99999992 -0.00041065255 0
vn -0.033747354 0.0092508468 0.99938758
vn 0.99827528 0.05698796 -0.014101256
vn -0.20139433 0.19213153 0.96048207
vn 0.40531213 0.45936665 0.79038241
vn -0.99999992 -0.00041065255 0
vn 0.73353617 0.57509774 -0.36219783
vn -0.17765314 -0.038345353 -0.98334582
vn 0.062089796 0.0021613145 0.99806823
vn 0.059728029 0.38854625 -0.91949137
vn -0.91979676 0.38728515 0.063119986
vn -0.40531213 0.45936665 0.79038241
vn 0.054725665 -0.051734663 0.99716028
vn -0.64927295 -0.0058728113 -0.76053281
vn 0.27762613 0.34725227 -0.89573411
vn -0.062089796 0.0021613145 0.99806823
vn 0.19819023 -0.028707317 -0.97974309
vn -0.051366465 -0.051760442 0.99733763
vn 0.91979676 0.38728515 0.063119986
vn 0.64927295 -0.0058728113 -0.76053281
vn 0.35663837 0.32718073 0.87507819
vn -0.17712929 0.12023471 -0.97681566
vn -0.015286563 -0.036931829 -0.99920086
vn -0.015286563 -0.036931829 -0.99920086
vn 0.17712929 0.12023471 -0.97681566
vn -0.038994802 -0.038696653 -0.99848985
vn -0.025518891 0.075508858 -0.99681854
vn -0.15697348 0.15309878 -0.97566392
vn -0.1179706 0.096042424 -0.98836167
vn 0.015286563 -0.036931829 -0.99920086
vn 0.038469081 -0.033252745 -0.99870636
vn 0.027593035 0.068594795 -0.99726294
vn -1 0 0
vn 0.008561108 -0.020560143 0.99975196
vn -0.35663837 0.32718073 0.87507819
vn 0.14953284 0.14999601 -0.97731322
vn 0.1179706 0.096042424 -0.98836167
vn 1 0 0
vn 0.011200922 -0.051997286 0.99858441
vn -0.004309566 0.025704552 -0.99966029
vn -0.004309566 0.025704552 -0.99966029
vn 0.0033403627 0.38151458 0.92435678
vn -0.007196889 -0.0036279122 -0.99996752
vn -0.007196889 -0.0036279122 -0.99996752
vn -0.0087671989 -0.020852179 0.99974413
vn -0.0087671989 -0.020852179 0.99974413
vn -0.0020164724 0.083501845 0.99650558
vn -0.0020164724 0.083501845 0.99650558
vn -0.011923436 -0.050560955 0.9986498
vn -0.011923436 -0.050560955 0.9986498
vn -0.0033403627 0.38151458 0.92435678
vn -0.0033403627 0.38151458 0.92435678
vn 0.0044230295 0.024483257 -0.99969046
vn 0.007196889 -0.0036279122 -0.99996752
vn 0.0032753018 0.091767965 -0.99577503
vn -0.013709413 -0.064168933 -0.99784488
vn -0.013709413 -0.064168933 -0.99784488
vn -0.0027693595 0.17753378 -0.98411081
vn -0.0027693595 0.17753378 -0.98411081
vn 0.013304292 -0.06602306 -0.9977294
vn 0.0032722921 0.17971749 -0.98371282
vn 0.044508736 0.018406754 -0.99883941
vn 0.14113822 0.058317185 -0.98827077
vn 0.033469603 0.010757244 -0.99938184
vn -0.044508715 0.018432064 -0.99883894
vn -0.13936984 0.053655551 -0.98878568
vn 0.20139433 0.19213153 -0.96048207
vn 0.99999992 -0.00041065255 0
vn -0.033738841 0.0089142304 -0.99939093
vn -0.20139433 0.19213153 -0.96048207
vn 0.40531213 0.45936665 -0.79038241
vn -0.99999992 -0.00041065255 0
vn 0.062089796 0.0021613145 -0.99806823
vn -0.40531213 0.45936665 -0.79038241
vn 0.054709613 -0.051726139 -0.9971616
vn -0.062089796 0.0021613145 -0.99806823
vn -0.051351531 -0.051752224 -0.99733882
vn 0.008561108 -0.020560143 -0.99975196
vn 0.011200933 -0.05197859 -0.99858538
vn 0.0033403627 0.38151458 -0.92435678
vn -0.0087671989 -0.020852179 -0.99974413
vn -0.0087671989 -0.020852179 -0.99974413
vn -0.0024723999 0.082379728 -0.99659795
vn -0.0024723999 0.082379728 -0.99659795
vn -0.011923436 -0.050560955 -0.9986498
vn -0.011923436 -0.050560955 -0.9986498
vn -0.0033403627 0.38151458 -0.92435678
vn -0.0033403627 0.38151458 -0.92435678
vn 0.030951456 0.0029348053 -0.99951658
vn 0.12930555 0.0070375062 0.99157982
vn 0.028610575 0.0031543779 0.99958566
vn -0.098745605 0.11184364 0.98880752
vn -0.80507826 0.59316549 -0.0019254108
vn -0.078605047 0.043112982 0.99597315
vn -0.012707546 0.002239573 0.99991675
vn -0.012707546 0.002239573 0.99991675
vn 0.99486488 0.10053194 -0.011713244
vn 0.059912217 0.0057279624 0.99818722
vn 0.13518578 0.17574603 0.9751093
vn -0.078614482 0.042965578 -0.99597878
vn 0.012777561 0.0036074079 0.99991186
vn 0.10091253 0.097730194 0.99008357
vn -0.012711984 0.0021303259 -0.99991693
vn -0.012711984 0.0021303259 -0.99991693
vn -0.30199292 0.059376484 0.95145925
vn 0.79776904 0.60291477 -0.0076379285
vn -0.035967823 0.18400881 0.9822663
vn 0.078274646 0.045135907 0.99590955
vn -0.99966188 -0.0024630826 0.025885621
vn -0.049795305 -0.0072022823 0.99873348
vn -0.32957814 -0.0066805317 0.94410467
vn 0.059965305 0.0053991406 -0.99818586
vn 0.012635763 0.0026390449 0.99991668
vn -0.99933371 0.02790577 0.023524659
vn 0.12984711 0.16410825 -0.97785899
vn 0.32463643 0.065089671 0.94359659
vn 0.027656192 0.18661046 0.98204464
vn 0.99966188 -0.0024630826 0.025885621
vn 0.021039324 0.076054895 0.99688164
vn 0.050059509 -0.0061452878 0.99872733
vn 0.32957814 -0.0066805317 0.94410467
vn -0.14836998 0.98792652 0.044581746
vn -1 0 0
vn 0.99933371 0.02790577 0.023524659
vn -0.99745592 0.071286024 0
vn 0.49281871 0.87013201 0
vn 0.016448512 0.99986471 0
vn 1 0 0
vn -0.94168499 0.13969843 0.30612699
vn -0.86511599 0.50157185 0
vn 0.99745592 0.071286024 0
vn 0.94168499 0.13969843 0.30612699
vn 0.86511599 0.50157185 0
vn 0.012742534 0.0032237995 -0.99991361
vn -0.30199292 0.059376484 -0.95145925
vn -0.69532243 0.71869794 0
vn -0.033036263 0.014077743 0.999355
vn -0.031431191 0.17817989 -0.98349581
vn 0.078341999 0.045127558 -0.99590463
vn -0.99998892 0 0.0047080164
vn -0.1890756 0.011291993 0.98189761
vn 0.69532243 0.71869794 0
vn -1 0 0
vn -0.99966188 -0.0024630826 -0.025885621
vn 0.032398218 0.014064791 0.99937607
vn -0.049795305 -0.0072022823 -0.99873348
vn -0.32957814 -0.0066805317 -0.94410467
vn 0.012621154 0.0025477787 -0.9999171
vn 0.99998892 0 0.0047080164
vn 0.18962249 0.011162867 0.98179361
vn 1 0 0
vn -0.99933371 0.02790577 -0.023524659
vn 0.32463643 0.065089671 -0.94359659
vn 0.13258007 0.012855473 0.99108893
vn -0.17241353 0.11849533 0.97787138
vn -0.063890484 -0.046028904 0.99689485
vn -1 0 0
vn 0.17542647 0.12376835 0.9766816
vn 0.06651115 -0.049856498 0.99653931
vn -0.039336976 0.013352438 0.99913678
vn 1 0 0
vn 0.039118439 0.014366256 0.9991313
vn -0.99945662 0.0012312884 0.032938573
vn -0.99827528 0.05698796 0.014101256
vn -0.73353617 0.57509774 0.36219783
vn 0.033067913 0.18397378 -0.98237476
vn 0.99945662 0.0012312884 0.032938573
vn -0.065971143 0.38713148 0.91966136
vn -0.68861252 0.70935666 0.1504192
vn -0.99999992 -0.00041065255 0
vn 0.99827528 0.05698796 0.014101256
vn 0.73350168 0.57512925 0.36221766
vn 0.99966188 -0.0024630826 -0.025885621
vn -0.17765314 -0.038345353 0.98334582
vn 0.064045577 0.39288498 0.91735465
vn -0.91979676 0.38728515 -0.063119986
vn -0.64927295 -0.0058728113 0.76053281
vn 0.72047973 0.693476 0
vn 0.99999992 -0.00041065255 0
vn 0.19819023 -0.028707317 0.97974309
vn 0.050067227 -0.0061462356 -0.99872694
vn 0.91979676 0.38728515 -0.063119986
vn 0.32957814 -0.0066805317 -0.94410467
vn 0.64927295 -0.0058728113 0.76053281
vn -0.63637901 0.77137653 0
vn 0.99933371 0.02790577 -0.023524659
vn 0.63637901 0.77137653 0
vn -0.94168499 0.13969843 -0.30612699
vn -0.15019137 0.096729637 0.98391358
vn -0.014930002 -0.035311355 0.99926483
vn -0.014930002 -0.035311355 0.99926483
vn 0.15019137 0.096729637 0.98391358
vn -0.038994802 -0.038696653 0.99848985
vn -0.026247279 0.052697774 0.99826551
vn -0.13961919 0.15748715 0.97760129
vn 0.94168499 0.13969843 -0.30612699
vn 0.014930002 -0.035311355 0.99926483
vn 0.038469081 -0.033252745 0.99870636
vn -1 0 0
vn -0.032854992 0.014735803 -0.99935149
vn 1 0 0
vn -0.99998892 0 -0.0047080164
vn -0.19113511 0.011891227 -0.98149171
vn 0.033211256 0.014261537 -0.9993466
vn 0.99998892 0 -0.0047080164
vn -0.0041943682 0.015271375 0.99987459
vn -0.0041943682 0.015271375 0.99987459
vn -0.008186736 0.99996649 0
vn -0.008186736 0.99996649 0
vn -0.0071918499 -0.0036275445 0.99996756
vn -0.0071918499 -0.0036275445 0.99996756
vn -0.0031259089 0.082926533 0.99655076
vn -0.0031259089 0.082926533 0.99655076
vn 0.19113511 0.011891227 -0.98149171
vn 0.003896002 0.015278199 0.99987569
vn 0.008186736 0.99996649 0
vn 0.0071918499 -0.0036275445 0.99996756
vn -0.013710933 -0.064176047 0.9978444
vn -0.013710933 -0.064176047 0.9978444
vn -0.0032722921 0.17971749 0.98371282
vn -0.0032722921 0.17971749 0.98371282
vn 0.013308999 -0.066042376 0.99772806
vn 0.00069540119 0.17946107 0.98376483
vn 0.13233851 0.012492482 -0.99112585
vn -0.17234525 0.1183009 -0.97790695
vn -0.063882766 -0.046028925 -0.99689535
vn -1 0 0
vn 0.17513531 0.12341307 -0.97677881
vn 0.06651115 -0.049856498 -0.99653931
vn -0.039337047 0.013209655 -0.99913868
vn 1 0 0
vn 0.031555908 0.0025634619 -0.9994987
vn 0.039140671 0.014298917 -0.9991314
vn -0.99945662 0.0012312884 -0.032938573
vn -0.99827528 0.05698796 -0.014101256
vn -0.73353617 0.57509774 -0.36219783
vn 0.99945662 0.0012312884 -0.032938573
vn -0.059743356 0.38864596 -0.91944823
vn -0.27762613 0.34725227 -0.89573411
vn 0.99999992 -0.00041065255 0
vn 0.99827528 0.05698796 -0.014101256
vn 0.3339008 0.35104974 0.8747996
vn -0.99999992 -0.00041065255 0
vn 0.73353617 0.57509774 -0.36219783
vn -0.17765314 -0.038345353 -0.98334582
vn 0.058261465 0.0021602242 0.99829902
vn 0.064045577 0.39288498 -0.91735465
vn -0.91979676 0.38728515 0.063119986
vn -0.3339008 0.35104974 0.8747996
vn 0.054709613 -0.051726139 0.9971616
vn -0.64927295 -0.0058728113 -0.76053281
vn -0.058261465 0.0021602242 0.99829902
vn 0.19819023 -0.028707317 -0.97974309
vn -0.051359706 -0.051760464 0.99733797
vn 0.91966825 0.38723102 0.065287413
vn 0.64927295 -0.0058728113 -0.76053281
vn 0.35613239 0.35816442 0.86306893
vn -0.15019137 0.096729637 -0.98391358
vn -0.014925422 -0.035311357 -0.9992649
vn -0.014925422 -0.035311357 -0.9992649
vn 0.15019137 0.096729637 -0.98391358
vn -0.038994802 -0.038696653 -0.99848985
vn -0.024931537 0.064545178 -0.9976033
vn -0.14953284 0.14999601 -0.97731322
vn -0.11745334 0.091584025 -0.98884634
vn 0.014925422 -0.035311357 -0.9992649
vn 0.038469081 -0.033252745 -0.99870636
vn 0.025045743 0.057543574 -0.99802878
vn -1 0 0
vn 0.008561108 -0.020560143 0.99975196
vn -0.35663837 0.32718073 0.87507819
vn 0.10076513 0.090581898 -0.99077813
vn 1 0 0
vn 0.00087207449 0.064146092 0.99794014
vn 0.011200933 -0.05197859 0.99858538
vn -0.0041472205 0.015587989 -0.9998699
vn -0.0041472205 0.015587989 -0.9998699
vn 0.0033504544 0.3815146 0.92435674
vn -0.0071968883 -0.0036456091 -0.99996746
vn -0.0071968883 -0.0036456091 -0.99996746
vn -0.0087671989 -0.020852179 0.99974413
vn -0.0087671989 -0.020852179 0.99974413
vn -0.011923436 -0.050560955 0.9986498
vn -0.011923436 -0.050560955 0.9986498
vn -0.0033504544 0.3815146 0.92435674
vn -0.0033504544 0.3815146 0.92435674
vn 0.0041986519 0.015271374 -0.99987457
vn 0.0071968883 -0.0036456091 -0.99996746
vn 0.0031259089 0.082926533 -0.99655076
vn -0.013710933 -0.064176047 -0.9978444
vn -0.013710933 -0.064176047 -0.9978444
vn -0.0027693595 0.17753378 -0.98411081
vn -0.0027693595 0.17753378 -0.98411081
vn 0.013304292 -0.06602306 -0.9977294
vn 0.0032722921 0.17971749 -0.98371282
vn 0.99999992 -0.00041065255 0
vn 0.3339008 0.35104974 -0.8747996
vn -0.99999992 -0.00041065255 0
vn 0.058261465 0.0021602242 -0.99829902
vn -0.3339008 0.35104974 -0.8747996
vn 0.054709613 -0.051726139 -0.9971616
vn -0.058261465 0.0021602242 -0.99829902
vn -0.051351531 -0.051752224 -0.99733882
vn 0.35613239 0.35816442 -0.86306893
vn 0.0085654664 -0.020578047 -0.99975156
vn 0.011200933 -0.05197859 -0.99858538
vn 0.0033504544 0.3815146 -0.92435674
vn -0.0087671989 -0.020852179 -0.99974413
vn -0.0087671989 -0.020852179 -0.99974413
vn -0.0023095039 0.069994077 -0.99754473
vn -0.0023095039 0.069994077 -0.99754473
vn -0.011923436 -0.050560955 -0.9986498
vn -0.011923436 -0.050560955 -0.9986498
vn -0.0033504544 0.3815146 -0.92435674
vn -0.0033504544 0.3815146 -0.92435674
vn 0.031517683 0.0029533948 0.99949883
vn 0.013805874 -0.0013756271 -0.99990375
vn 0.013805874 -0.0013756271 -0.99990375
vn -0.013805874 0.0013939687 0.99990372
vn -0.013805874 0.0013939687 0.99990372
vn -0.013805874 0.0013939687 0.99990372
vn -0.013805874 0.0013939687 0.99990372
vn 0.058385793 -0.0049197302 -0.99828197
vn 0.058385793 -0.0049197302 -0.99828197
vn -0.9968294 0.079429896 -0.0046940797
vn -0.9968294 0.079429896 -0.0046940797
vn -0.013799964 0.00080695021 -0.99990445
vn -0.013799964 0.00080695021 -0.99990445
vn -0.013799964 0.00080695021 -0.99990445
vn -0.013799964 0.00080695021 -0.99990445
vn 0.013799964 -0.00082529 0.99990444
vn 0.013799964 -0.00082529 0.99990444
vn 0.9968294 -0.079429896 0.0046940797
vn 0.9968294 -0.079429896 0.0046940797
vn -0.05839545 0.0057208735 0.99827714
vn -0.05839545 0.0057208735 0.99827714
vn -0.058351537 0.0051550753 -0.99828279
vn -0.058351537 0.0051550753 -0.99828279
vn 0.058351757 -0.0043847929 0.99828645
vn 0.058351757 -0.0043847929 0.99828645
vn -0.013596637 0.0032790205 0.99990218
vn -0.013596637 0.0032790205 0.99990218
vn 0.058368698 -0.0049188979 -0.99828298
vn -0.99316556 0.11669064 -0.0023388813
vn -0.013599691 0.0027474983 -0.99990375
vn -0.013599691 0.0027474983 -0.99990375
vn 0.058331988 -0.0043536903 0.99828775
vn -0.12240052 0.015476511 -0.99236011
vn -0.032149651 0.0049659163 -0.99947073
vn 0.030854145 -0.0027375509 -0.99952015
vn 0.1296575 -0.010638759 -0.99150176
vn 0.12961701 -0.010075676 0.99151294
vn 0.030854189 -0.0021339995 0.99952162
vn -0.032134889 0.0054902455 0.99946846
vn -0.12247371 0.015964705 0.99234335
vn 0.013710949 -0.00053151902 -0.99990586
vn 0.013710949 -0.00053151902 -0.99990586
vn -0.013771725 0.00097190635 0.99990469
vn -0.013771725 0.00097190635 0.99990469
vn -0.013771725 0.00097190635 0.99990469
vn -0.013771725 0.00097190635 0.99990469
vn 0.058254299 -0.0020122649 -0.99829975
vn 0.058254299 -0.0020122649 -0.99829975
vn -0.99938069 0.034473455 0.0070577296
vn -0.99938069 0.034473455 0.0070577296
vn -0.013908436 0.00047718483 -0.99990316
vn -0.013908436 0.00047718483 -0.99990316
vn -0.013908436 0.00047718483 -0.99990316
vn -0.013908436 0.00047718483 -0.99990316
vn 0.013682737 0.00045815812 0.99990628
vn 0.013682737 0.00045815812 0.99990628
vn 0.99919567 -0.038980616 0.0094085634
vn 0.99919567 -0.038980616 0.0094085634
vn -0.058498852 0.0029375589 0.99828315
vn -0.058498852 0.0029375589 0.99828315
vn -0.058560228 0.0029395519 -0.99827955
vn -0.058560228 0.0029395519 -0.99827955
vn 0.058183489 -0.0020401321 0.99830382
vn 0.058183489 -0.0020401321 0.99830382
vn -0.013132883 0.0044378996 0.99990391
vn -0.013132883 0.0044378996 0.99990391
vn 0.058317013 -0.006278732 -0.99827837
vn -0.99208817 0.12554308 0
vn -0.013629308 0.0028030354 -0.99990319
vn -0.013629308 0.0028030354 -0.99990319
vn 0.058280481 -0.0054467256 0.99828539
vn -0.12164622 0.016662026 -0.99243366
vn -0.032235138 0.0052774586 -0.99946638
vn 0.030987722 -0.0035623617 -0.99951342
vn 0.12845582 -0.013494498 -0.99162342
vn 0.1285516 -0.01272518 0.99162118
vn 0.028852575 -0.00056922848 0.99958352
vn -0.032248442 0.0059139675 0.99946239
vn -0.12159564 0.017291405 0.99242909
vn -0.059974691 0.01098636 -0.99813944
vn -0.01281834 0.004775408 -0.99990644
vn -0.01281834 0.004775408 -0.99990644
vn -0.12810704 0.024502117 -0.99145763
vn -0.012809444 0.0051217084 0.99990484
vn -0.012809444 0.0051217084 0.99990484
vn -0.032334075 0.0064899423 0.99945605
vn -0.059984814 0.011350463 0.99813475
vn -0.12815947 0.024897723 0.991441
vn -0.032348874 0.0061399177 -0.99945778
vn -0.98030157 0.19749304 -0.0023104361
vn 0.013574593 0.00025638038 0.99990783
vn -0.012010478 0.006893015 0.99990411
vn -0.012010478 0.006893015 0.99990411
vn -0.98528577 0.17089928 -0.0023214857
vn -0.12512873 0.021161491 0.99191481
vn -0.012633262 0.0065554136 -0.99989871
vn -0.012633262 0.0065554136 -0.99989871
vn -0.031791667 0.0065592629 -0.99947299
vn 0.012581162 0.004949928 -0.9999086
vn 0.013553913 -0.00031125377 -0.99990809
vn -0.058654613 0.0097238767 -0.99823098
vn -0.058674183 0.010411292 0.99822289
vn -0.12518219 0.020462686 -0.99192273
vn -0.031795489 0.0072356714 0.9994682
vn 0.012396066 0.0032531073 0.99991787
vn 0.013667912 -0.00080627357 -0.99990626
vn 0.016494257 0.11625346 0.99308261
vn 0.01649152 -0.11646313 -0.99305809
vn -0.069943228 0.1167068 0.99070049
vn -0.069679497 -0.11551735 -0.99085847
vn 0.99980376 -0.0061585803 0.018828578
vn 0.036916446 -0.11656847 -0.99249633
vn 0.036828038 0.116008 0.99256528
vn -0.15438585 -0.11369557 -0.98144706
vn -0.15532651 0.11627796 0.98099598
vn 0.15532773 -0.11621181 -0.98100362
vn 0.15438585 0.11369557 0.98144706
vn -0.036822752 -0.1159656 -0.99257043
vn -0.036915479 0.11661105 0.99249137
vn -0.89308916 0.10458632 -0.43755394
vn -0.069069777 -0.10277705 -0.9923035
vn -0.073468885 0.12624221 0.9892751
vn -0.38687738 0.60623408 0.69484252
vn -0.015840813 0.11946517 0.99271201
vn -0.015840813 0.11946517 0.99271201
vn -0.01545196 -0.10980915 -0.99383258
vn -0.01545196 -0.10980915 -0.99383258
vn -0.080979329 -0.0046911145 -0.99670474
vn -0.43150523 0.23172142 -0.87184197
vn -0.090405357 0.1669883 0.98180537
vn -0.014784115 0.11984464 0.99268257
vn -0.014784115 0.11984464 0.99268257
vn 0.90757817 0.098068959 -0.40826994
vn 0.07353229 0.12545096 0.98937104
vn 0.28939244 0.55562301 0.77944537
vn -0.070841916 -0.069331137 -0.99507518
vn 0.01590503 0.11915974 0.9927477
vn -0.014319329 -0.10598873 -0.99426422
vn -0.014319329 -0.10598873 -0.99426422
vn -0.43355145 0.20141789 0.87833022
vn 0.43265011 0.23251609 -0.87106265
vn -0.096578733 0.73453756 0.67165998
vn 0.090674211 0.16723264 0.98173898
vn -0.99953174 0.0008209206 0.030588117
vn -0.032937197 0.22850694 0.97298495
vn -0.056392056 0.10316805 0.99306409
vn -0.3466972 0.097528918 0.9328929
vn 0.069197782 -0.10379443 -0.99218868
vn 0.014823393 0.1198163 0.99268541
vn -0.99734576 0.025802445 -0.068085797
vn 0.47288171 0.21019466 0.8556875
vn 0.072691026 0.6771429 0.73225235
vn 0.99953174 0.0008209206 0.030588117
vn 0.057041336 0.10452357 0.99288525
vn 0.3500221 0.097284505 0.93167605
vn -0.044438946 0.25884984 -0.96489478
vn -1 0 0
vn 0.99750247 0.025806499 -0.065748341
vn -0.22645282 0.25237444 -0.94075834
vn -0.97421848 0.058421224 -0.21791124
vn 0.040189761 0.25667513 -0.96566177
vn 1 0 0
vn -0.97103962 0.15083684 -0.1852844
vn -0.47047111 0.2286716 -0.85227122
vn 0.19701715 0.24274265 -0.94987381
vn 0.97421848 0.058421224 -0.21791124
vn 0.97103962 0.15083684 -0.1852844
vn 0.47047111 0.2286716 -0.85227122
vn 0.015464578 -0.10996907 -0.9938147
vn 0.080979329 -0.0046911145 -0.99670474
vn -0.29342471 -0.039556642 -0.95516345
vn -0.28643326 0.24815411 -0.9254056
vn -0.035668006 0.11884655 0.99227178
vn -0.023528348 0.041815639 -0.99884827
vn 0.070715309 -0.069455623 -0.99507551
vn -0.99999723 0 0.0023540278
vn -0.19951622 0.11494613 0.97312932
vn 0.28643326 0.24815411 -0.9254056
vn -1 0 0
vn -0.99985406 -0.0045165192 -0.016475835
vn 0.038550513 0.11812749 0.99224984
vn -0.059436966 -0.12241135 -0.99069809
vn -0.36597863 -0.11368387 -0.92365341
vn 0.014290123 -0.1059632 -0.99426736
vn 0.99999723 0 0.0023540278
vn 0.18259178 0.1164154 0.97627235
vn 1 0 0
vn -0.99396421 0.021225047 -0.10763199
vn 0.31014757 -0.03366194 -0.95009229
vn 0.16773039 0.13874109 0.97602122
vn -0.16894303 0.14118578 0.97546134
vn -0.25450962 0.28849878 0.92303484
vn -0.064990027 0.057207755 0.99624473
vn -1 0 0
vn 0.25403455 0.28809987 0.92329027
vn 0.066850661 0.053238816 0.99634162
vn -0.038007281 0.12042917 0.99199408
vn -0.043757426 0.13189185 0.99029785
vn 1 0 0
vn 0.038141446 0.11999113 0.99204202
vn -0.24325107 0.25134575 -0.93683202
vn -0.15692741 0.26725018 0.95076344
vn -0.015765945 0.11236452 0.99354197
vn -0.015765945 0.11236452 0.99354197
vn 0.04388985 0.13192183 0.99028799
vn 0.24325107 0.25134575 -0.93683202
vn -0.99971462 0.0041053543 0.023533627
vn -0.98515282 0.048551523 -0.16467141
vn 0.15692741 0.26725018 0.95076344
vn -0.42082196 0.2963189 -0.85738206
vn 0.015765945 0.11236452 0.99354197
vn 0.023528348 0.041815639 -0.99884827
vn 0.99971462 0.0041053543 0.023533627
vn -0.098200626 0.68902282 -0.71805585
vn -0.99999992 -0.00041065255 0
vn 0.98515282 0.048551523 -0.16467141
vn 0.42082196 0.2963189 -0.85738206
vn 0.99985406 -0.0045165192 -0.016475835
vn -0.18453103 0.063759028 0.98075638
vn 0.081506845 0.6847956 -0.7241627
vn -0.57637662 0.1996214 -0.79242747
vn -0.70215898 0.07274984 0.70829388
vn 0.40782142 0.68090201 -0.60832076
vn 0.99999992 -0.00041065255 0
vn 0.21198526 0.073960182 0.97447019
vn 0.059522626 -0.12090806 -0.99087754
vn 0.57637662 0.1996214 -0.79242747
vn 0.36597863 -0.11368387 -0.92365341
vn 0.70215898 0.07274984 0.70829388
vn -0.22744958 0.25220117 -0.94056433
vn 0.99396421 0.021225047 -0.10763199
vn 0.22756998 0.25233468 -0.9404994
vn -0.80258981 0.075198154 -0.59177262
vn -0.34406984 0.37627225 0.86025295
vn -0.016005962 0.067053754 0.99762097
vn -0.016005962 0.067053754 0.99762097
vn 0.34406984 0.37627225 0.86025295
vn -0.040586784 0.065081167 0.99705424
vn -0.15476764 0.21185243 0.96496919
vn 0.80258981 0.075198154 -0.59177262
vn 0.016005962 0.067053754 0.99762097
vn 0.040732989 0.071048081 0.99664085
vn 0.030210954 0.20112342 0.97909993
vn -1 0 0
vn 0.15511163 0.27007011 0.95026445
vn -0.03914004 -0.10759455 -0.99342411
vn 1 0 0
vn -0.99999714 -0.00041065141 -0.0023540276
vn -0.16535348 -0.10500512 -0.98062845
vn 0.03914004 -0.10759455 -0.99342411
vn 0.99999714 -0.00041065141 -0.0023540276
vn -0.0047488986 0.11986427 0.99277893
vn -0.0047488986 0.11986427 0.99277893
vn -0.0025300145 0.259059 -0.96585818
vn -0.0025300145 0.259059 -0.96585818
vn -0.0083801736 0.10827783 0.99408535
vn -0.0083801736 0.10827783 0.99408535
vn -0.0014956958 0.23139123 0.97285963
vn -0.0014956958 0.23139123 0.97285963
vn 0.16535348 -0.10500512 -0.98062845
vn 0.0043924343 0.11906955 0.9928762
vn 0.0025300145 0.259059 -0.96585818
vn 0.0082036603 0.108255 0.99408931
vn -0.013209211 0.039599591 0.99912831
vn -0.013209211 0.039599591 0.99912831
vn -0.0034566414 0.69118778 0.72266694
vn -0.0034566414 0.69118778 0.72266694
vn 0.012748378 0.037887943 0.99920067
vn 0.0076275568 0.66771956 0.74437384
vn 0.14816482 -0.090496827 -0.98481344
vn -0.14747684 -0.088687425 -0.98508128
vn -0.13349514 -0.016159084 -0.99091772
vn -0.090309929 -0.18853251 -0.97790573
vn -1 0 0
vn 0.13349514 -0.016159084 -0.99091772
vn 0.095515427 -0.19611829 -0.97591722
vn -0.037130287 -0.10862387 -0.99338925
vn -0.039993082 -0.095114522 -0.99466265
vn 1 0 0
vn 0.037058246 -0.10918528 -0.99333039
vn -0.087501587 -0.02410977 -0.99587258
vn -0.015794267 -0.11306511 -0.99346204
vn -0.015794267 -0.11306511 -0.99346204
vn 0.039913419 -0.095146891 -0.99466275
vn 0.058340456 0.14507437 0.98769926
vn -0.99952997 -0.002052298 -0.030588061
vn -0.98170164 0.04555919 -0.18489525
vn 0.087501587 -0.02410977 -0.99587258
vn -0.32313349 0.19726665 -0.92556502
vn 0.015794267 -0.11306511 -0.99346204
vn 0.99952997 -0.002052298 -0.030588061
vn -0.058340456 0.14507437 0.98769926
vn -0.030488589 0.1162974 -0.99274637
vn 0.58190993 0.8015841 0.13727259
vn 0.99999992 -0.00041065255 0
vn 0.98170164 0.04555919 -0.18489525
vn -0.58190993 0.8015841 0.13727259
vn 0.41060232 0.46623979 -0.78359824
vn -0.99999992 -0.00041065255 0
vn 0.32313349 0.19726665 -0.92556502
vn -0.24090817 -0.17034365 -0.95548223
vn 0.074106416 0.11545584 0.99054439
vn 0.030488589 0.1162974 -0.99274637
vn -0.60766607 0.21848517 -0.76354841
vn -0.41060232 0.46623979 -0.78359824
vn 0.054692288 0.05144991 0.99717685
vn -0.72154676 -0.085735037 -0.68703696
vn -0.074106416 0.11545584 0.99054439
vn 0.25836786 -0.15284133 -0.95387922
vn -0.05132785 0.051422435 0.9973571
vn 0.60766607 0.21848517 -0.76354841
vn 0.72154676 -0.085735037 -0.68703696
vn -0.14667299 0.0065789267 -0.98916316
vn -0.020853625 -0.17183869 -0.98490436
vn -0.020853625 -0.17183869 -0.98490436
vn 0.14667299 0.0065789267 -0.98916316
vn -0.053528995 -0.17489353 -0.98313117
vn -0.022169372 -0.056799723 -0.99813942
vn -0.10580326 0.029578086 -0.99394709
vn 0.020853625 -0.17183869 -0.98490436
vn 0.051667271 -0.16502343 -0.98493541
vn 0.022169372 -0.056799723 -0.99813942
vn -1 0 0
vn 0.00945233 0.085937526 0.99625569
vn -0.55180391 0.62886827 -0.54775647
vn 0.10580326 0.029578086 -0.99394709
vn 1 0 0
vn 0.002917655 0.21118282 0.97744223
vn 0.01119046 0.051349236 0.99861806
vn -0.0044268372 -0.10633648 -0.99432035
vn -0.0044268372 -0.10633648 -0.99432035
vn 0.0057418454 0.69877752 -0.71531602
vn -0.0084918227 -0.11732143 -0.99305769
vn -0.0084918227 -0.11732143 -0.99305769
vn -0.0096703833 0.085593693 0.99628319
vn -0.0096703833 0.085593693 0.99628319
vn -0.011963355 0.052766235 0.99853523
vn -0.011963355 0.052766235 0.99853523
vn -0.0057418454 0.69877752 -0.71531602
vn -0.0057418454 0.69877752 -0.71531602
vn 0.0044268372 -0.10633648 -0.99432035
vn 0.0084918227 -0.11732143 -0.99305769
vn -0.020988442 -0.2276426 -0.97351853
vn -0.020988442 -0.2276426 -0.97351853
vn -0.0014448161 0.038940927 -0.99924047
vn -0.0014448161 0.038940927 -0.99924047
vn 0.020536118 -0.23191326 -0.97251967
vn 0.0014448161 0.038940927 -0.99924047
vn 0.050026475 -0.084587573 -0.99515943
vn -0.050026475 -0.084587573 -0.99515943
vn 0.13514793 0.070368788 -0.98832346
vn 1 0 0
vn -0.13514793 0.070368788 -0.98832346
vn 0.18771135 0.14351498 -0.97168302
vn -0.99999723 0 0.0023540278
vn 0.072980723 -0.1094559 -0.99130884
vn -0.18771135 0.14351498 -0.97168302
vn 0.079249539 -0.20018407 -0.97654792
vn -0.072980723 -0.1094559 -0.99130884
vn -0.074408047 -0.20029226 -0.97690657
vn 0.18409456 0.099939022 -0.9778146
vn 0.010948495 -0.14365302 -0.98956755
vn -0.18409456 0.099939022 -0.9778146
vn 0.0015164261 -0.044562582 -0.99900544
vn 0.016261947 -0.20115705 -0.97942401
vn 0.0016913948 0.11707366 -0.99312179
vn -0.011224017 -0.14410547 -0.98949868
vn -0.011224017 -0.14410547 -0.98949868
vn -0.0015164261 -0.044562582 -0.99900544
vn -0.0015164261 -0.044562582 -0.99900544
vn -0.017204339 -0.19820515 -0.98000956
vn -0.017204339 -0.19820515 -0.98000956
vn -0.0016913948 0.11707366 -0.99312179
vn -0.0016913948 0.11707366 -0.99312179
vn -0.069815748 0.11623939 0.99076444
vn -0.069815748 0.11623939 0.99076444
vn -1 0 0
vn -1 0 0
vn -0.069815463 -0.11627434 -0.99076035
vn -0.069815463 -0.11627434 -0.99076035
vn 1 0 0
vn 1 0 0
vn 0.069815463 0.11627434 0.99076035
vn 0.069815463 0.11627434 0.99076035
vn 0.016516972 0.11651383 0.99305172
vn 0.016516972 0.11651383 0.99305172
vn -0.016516972 0.11651383 0.99305172
vn -0.016516972 0.11651383 0.99305172
vn -0.016516972 0.11651383 0.99305172
vn -0.016516972 0.11651383 0.99305172
vn -0.016516972 -0.11651383 -0.99305172
vn -0.016516972 -0.11651383 -0.99305172
vn -0.016516972 -0.11651383 -0.99305172
vn -0.016516972 -0.11651383 -0.99305172
vn 0.016516972 -0.11651383 -0.99305172
vn 0.016516972 -0.11651383 -0.99305172
vn 0.069815748 -0.11623939 -0.99076444
vn 0.069815748 -0.11623939 -0.99076444
vn -0.069815748 0.11623939 0.99076444
vn -0.99998816 0.0012319432 -0.0047080128
vn -0.069815463 -0.11627434 -0.99076035
vn 1 0 0
vn 0.069774188 0.11609935 0.99078378
vn 0.016517014 0.11649218 0.99305426
vn -0.016522359 0.11649217 0.99305417
vn -0.016522359 0.11649217 0.99305417
vn -0.016514993 -0.11645597 -0.99305854
vn -0.016514993 -0.11645597 -0.99305854
vn 0.016517014 -0.11649218 -0.99305426
vn 0.069815173 -0.1163093 -0.99075627
vn -0.069800484 0.11400436 0.99102518
vn -1 0 0
vn -0.070523886 -0.11785091 -0.99052387
vn 0.99601154 -0.020859751 0.086751881
vn 0.069815463 0.11627434 0.99076035
vn 0.016379151 0.1149213 0.99323956
vn -0.016522359 0.11649217 0.99305417
vn -0.016522359 0.11649217 0.99305417
vn -0.016516972 -0.11651383 -0.99305172
vn -0.016516972 -0.11651383 -0.99305172
vn 0.016488534 -0.11749261 -0.99293686
vn 0.069815748 -0.11623939 -0.99076444
vn 0.07276438 -0.12311436 -0.98972127
vn 0.15760643 0.25255599 -0.95465998
vn 0.013023253 -0.020745886 -0.99969996
vn 0.023925153 0.27163032 0.96210423
vn -0.016415817 -0.1206238 -0.99256255
vn -0.016415817 -0.1206238 -0.99256255
vn -0.023925153 0.27163032 0.96210423
vn -0.023925153 0.27163032 0.96210423
vn -0.013023253 -0.020745886 -0.99969996
vn -0.013023253 -0.020745886 -0.99969996
vn 0.069633983 0.10703964 0.9918133
vn -0.15752218 0.25259169 -0.95466444
vn -0.063367405 0.052977186 -0.99658316
vn -0.29492343 0.2431689 -0.92406118
vn -0.2816942 0.79028688 0.54414615
vn 0.063325256 0.05294841 -0.99658737
vn 0.29512711 0.24321218 -0.92398475
vn 0.28135357 0.78970766 0.54516234
vn -0.93980672 -0.081070476 0.33195017
vn 0 -0.028791325 -0.99958544
vn -0.015963366 0.10992467 0.99381172
vn -0.015963366 0.10992467 0.99381172
vn 0 0.24686848 0.96904899
vn -0.99452083 -0.028179777 0.10066886
vn -0.13496873 0.21660447 -0.96688466
vn -0.99382745 -0.026935776 0.10761719
vn -0.1670046 0.29729601 -0.94006625
vn -0.032867211 0.0011907177 -0.99945902
vn -0.17097012 0.25152801 -0.95262945
vn -0.14723332 0.3960496 -0.9063482
vn 0.083320225 0.17149765 -0.98165488
vn 0.13503344 0.21656038 -0.9668855
vn 0.1672334 0.29759346 -0.93993144
vn 0.075663064 0.36129814 0.92937547
vn 0.99453219 -0.027771691 0.10067001
vn 0.99382745 -0.026935776 0.10761719
vn 0.10216026 -0.25451452 0.96165776
vn 0.10216026 -0.25451452 0.96165776
vn 0.024237197 -0.25578417 0.96643004
vn 0.024237197 -0.25578417 0.96643004
vn -0.024237197 -0.25578417 0.96643004
vn -0.024237197 -0.25578417 0.96643004
vn -0.10216161 -0.25446605 0.96167044
vn -0.10216026 -0.25451452 0.96165776
vn -0.98674021 -0.037282814 0.15796759
vn -0.096288447 -0.23516885 0.96717328
vn -0.1353977 0.2646107 -0.95480293
vn -0.98997002 -0.041064016 0.13517808
vn -0.1284163 0.24467445 -0.96106382
vn -0.10759756 -0.27744461 0.95469747
vn -0.025600825 -0.27878708 0.96001165
vn -0.022902723 -0.23636446 0.97139452
vn 0.025592507 -0.27878714 0.96001185
vn 0.022902723 -0.23636446 0.97139452
vn 0.10759756 -0.27744461 0.95469747
vn 0.096288447 -0.23516885 0.96717328
vn 0.98997002 -0.041064016 0.13517808
vn 0.98675503 -0.036878119 0.15796996
vn 0.13535271 0.26445901 -0.95485134
vn 0.1284163 0.24467445 -0.96106382
vn 0.013776645 0.12146803 -0.99249973
vn 0.046333321 0.68463631 -0.72741071
vn -0.013776608 0.12148959 -0.9924971
vn -0.013776608 0.12148959 -0.9924971
vn -0.046333321 0.68463631 -0.72741071
vn -0.046333321 0.68463631 -0.72741071
vn -0.083319629 0.17153835 -0.98164782
vn -0.075683359 0.36139504 0.92933614
vn -0.52276557 0.79767206 0.30072486
vn -0.11857694 0.062031804 -0.99100533
vn -0.054377252 0.17623654 -0.98284475
vn -0.094379668 0.39193376 -0.91513956
vn 0.032867211 0.0011907177 -0.99945902
vn 0.17094876 0.25160036 -0.95261418
vn 0.14728994 0.39620191 -0.90627243
vn 0.5217222 0.79707961 0.30408887
vn 0.11844689 0.061977015 -0.99102431
vn 0.05436707 0.17620355 -0.98285123
vn 0.094408088 0.3920518 -0.91508606
vn 0.9521526 0.07626865 -0.29595357
vn 0.9521526 0.07626865 -0.29595357
vn 0.073398074 -0.085539455 -0.99362756
vn 0.073398074 -0.085539455 -0.99362756
vn -0.97259914 0.060720996 -0.22441899
vn -0.97259914 0.060720996 -0.22441899
vn -0.084933585 0.1451079 0.98576366
vn -0.084933585 0.1451079 0.98576366
vn -0.015369407 -0.10005963 -0.99486273
vn -0.015369407 -0.10005963 -0.99486273
vn -0.015369407 -0.10005963 -0.99486273
vn -0.015369407 -0.10005963 -0.99486273
vn -0.072658208 -0.084406927 -0.99377878
vn -0.072658208 -0.084406927 -0.99377878
vn 0.016530037 0.12693932 0.99177274
vn 0.016530037 0.12693932 0.99177274
vn 0.08493967 0.1428124 0.98609831
vn 0.08493967 0.1428124 0.98609831
vn 0.015418017 -0.099239536 -0.99494412
vn 0.015418017 -0.099239536 -0.99494412
vn -0.016412641 0.12538711 0.99197212
vn -0.016412641 0.12538711 0.99197212
vn -0.016412641 0.12538711 0.99197212
vn -0.016412641 0.12538711 0.99197212
vn -0.05712984 -0.27848094 0.95874113
vn -0.051109581 -0.23604203 0.97039784
vn 0 -0.23640615 0.97165433
vn 0.051119774 -0.23608909 0.97038586
vn 0.21015305 -0.23078725 0.95003839
vn 0.25649849 0.23112564 -0.93850384
vn 0.086051472 0.54354798 -0.83495553
vn -0.093460983 0.28710166 -0.95332979
vn -0.25649849 0.23112564 -0.93850384
vn 0 0.73955766 -0.67309321
vn -0.080041448 0.22894098 -0.97014401
vn -0.23395927 -0.27149708 0.93356971
vn 0 0.11590287 -0.99326055
vn 0.03344672 0.14006755 -0.98957688
vn 0.2806175 0.26440636 -0.92268255
vn 0.23395927 -0.27149708 0.93356971
vn 0.05712984 -0.27848094 0.95874113
vn 0 -0.27884329 0.96033662
vn -0.2806175 0.26440636 -0.92268255
vn -0.15929334 -0.084025147 -0.98364903
vn -0.15929334 -0.084025147 -0.98364903
vn 0.00034974216 -0.10401507 -0.99457566
vn 0.00034974216 -0.10401507 -0.99457566
vn -0.26566579 0.23823562 -0.93416566
vn -0.27748787 0.25449514 -0.9264085
vn 0.039773532 0.13573967 0.98994586
vn 0.039773532 0.13573967 0.98994586
vn -0.036396927 -0.091202703 -0.99516699
vn -0.036396927 -0.091202703 -0.99516699
vn 0.10204648 0.13560353 -0.98549389
vn 0.2560772 0.52721553 -0.81022729
vn 0.26566579 0.23823562 -0.93416566
vn 0.27748787 0.25449514 -0.9264085
vn 0.22379868 -0.2493019 0.94221161
vn 0.22379868 -0.2493019 0.94221161
vn 0.054128934 -0.25544638 0.96530679
vn 0.054140264 -0.25549986 0.965292
vn 0 -0.25585574 0.96671497
vn 0 -0.25585574 0.96671497
vn -0.054140264 -0.25549986 0.965292
vn -0.054140264 -0.25549986 0.965292
vn -0.22379868 -0.2493019 0.94221161
vn -0.22379868 -0.2493019 0.94221161
vn -0.21014864 -0.23087325 0.95001847
vn -0.25562447 0.52498242 -0.81181869
vn -0.1023648 0.13601258 -0.9854045
vn -0.033446597 0.14009316 -0.98957326
vn -0.086024118 0.54337515 -0.83507083
vn -0.18341872 0.14250838 0.97265047
vn -0.18341872 0.14250838 0.97265047
vn 0.16836469 -0.081952015 -0.98231217
vn 0.16836469 -0.081952015 -0.98231217
vn 0.080042244 0.22889978 -0.97015366
vn 0.093486909 0.28718127 -0.95330327
vn 0.19761182 0.14473006 0.9695374
vn 0.19761182 0.14473006 0.9695374
vn 0.00055630368 0.12145793 0.99259642
vn 0.00055630368 0.12145793 0.99259642
vn -0.041102732 0.13624036 0.98982278
vn -0.041102732 0.13624036 0.98982278
vn 0.035796152 -0.091508907 -0.99516067
vn 0.035796152 -0.091508907 -0.99516067
vn -0.00093132362 0.11680413 0.99315453
vn -0.00043845693 -0.11308186 -0.99358558
vn -0.0005157052 -0.11429656 -0.99344654
vn -0.0010918358 0.11416706 0.99346097
vn -0.00022501319 0.11873689 0.99292573
vn -9.053928e-05 -0.11232548 -0.99367146
vn 0.0002147848 0.1187576 0.99292325
vn 7.5440706e-05 -0.11229188 -0.99367526
vn 0.00092623442 0.11680412 0.99315454
vn 0.00042837745 -0.11308186 -0.99358558
vn 0.001086781 0.11416706 0.99346097
vn 0.00050553352 -0.11428306 -0.9934481
vn 0.0008925895 0.11105466 0.9938139
vn 0.00042123462 -0.11579311 -0.99327326
vn 0.00033921166 0.10906226 0.99403486
vn 0.00015770935 -0.11674188 -0.99316228
vn -0.00034918848 0.10906225 0.99403486
vn -0.00017297155 -0.11674188 -0.99316227
vn -0.00089760402 0.11105466 0.99381389
vn -0.00043133472 -0.11575881 -0.99327726
vn -0.00064842008 0.11808371 0.99300343
vn -0.00030703789 -0.11258853 -0.99364165
vn 0.00064842008 0.11808371 0.99300343
vn 0.00029697109 -0.11258851 -0.99364165
vn -0.0010470765 0.11256089 0.99364428
vn -0.00049638972 -0.1150469 -0.99335994
vn -0.00065481734 0.10983947 0.99394912
vn -0.00032017349 -0.11634942 -0.99320829
vn -4.9850267e-06 0.10878365 0.99406545
vn -1.0178305e-05 -0.11688663 -0.99314526
vn 0.00064981875 0.10983945 0.99394913
vn 0.00030496264 -0.11638385 -0.99320426
vn 0.0010420424 0.11256088 0.99364428
vn 0.00049138275 -0.11506052 -0.99335836
vn 0.0010451214 0.1155874 0.99329676
vn 0.00048447933 -0.11361028 -0.99352527
vn 0.00048026623 0.11835454 0.99297128
vn 0.00035241827 -0.11269667 -0.99362938
vn -0.00077534638 0.11770253 0.9930486
vn -0.00021638711 -0.11250079 -0.99365161
vn -0.0010501948 0.11558741 0.99329676
vn -0.00049462989 -0.11364416 -0.99352139
vn -5.1157065e-06 0.11888305 0.99290826
vn -1.0057624e-05 -0.1122379 -0.99368136
vn -0.00049048469 0.11835452 0.99297128
vn -0.00036756519 -0.11270994 -0.99362787
vn 0.00077024357 0.11772319 0.99304615
vn 0.0002012908 -0.1124804 -0.99365392
vn 0.18578586 -0.13842672 -0.97279065
vn 0.036119972 -0.12023914 -0.99208765
vn 0.001208154 -0.12227311 -0.99249576
vn -0.039609003 -0.12040067 -0.99193488
vn -0.15476109 -0.13460187 -0.97873967
vn -0.13827702 0.095000226 0.98582677
vn -0.038950664 0.10951195 0.99322202
vn 0.0014686135 0.10808598 0.99414046
vn 0.034710984 0.10969731 0.99335877
vn 0.16484461 0.090770208 0.98213391
vn -0.11609738 0.21971075 -0.96863233
vn -0.0009313213 0.11682474 0.99315211
vn -0.00043341721 -0.11308186 -0.99358558
vn -0.1424692 0.29821344 -0.9438068
vn -0.00051564419 -0.11428305 -0.9934481
vn -0.9999946 0.003285203 0
vn -0.99995559 -0.00041063434 -0.0094157189
vn -0.0010919622 0.11420105 0.99345706
vn -0.00021989872 0.11875761 0.99292325
vn -0.015486884 0.24861318 -0.96847904
vn -0.015486884 0.24861318 -0.96847904
vn -8.5509324e-05 -0.11232549 -0.99367146
vn -0.016191649 0.27293553 -0.96189606
vn -0.016191649 0.27293553 -0.96189606
vn 0.00020967087 0.1187576 0.99292325
vn 0.015486884 0.24861318 -0.96847904
vn 7.0411322e-05 -0.11229188 -0.99367526
vn 0.016191649 0.27293553 -0.96189606
vn 0.11609738 0.21971075 -0.96863233
vn 0.00092623215 0.11682475 0.99315211
vn 0.00042333871 -0.11306143 -0.99358791
vn 0.14241991 0.2980426 -0.9438682
vn 0.99995559 -0.00041063434 -0.0094157189
vn 0.0010869069 0.11420105 0.99345706
vn 0.00050553467 -0.11426257 -0.99345046
vn 0.99999587 0.0028745561 0
vn 0.093441124 -0.21768775 0.97153528
vn 0.00089760192 0.11107498 0.99381162
vn 0.00042118562 -0.11575882 -0.99327726
vn 0.11686876 -0.30287075 0.94583878
vn 0.022034161 -0.21856003 0.97557471
vn 0.00034420006 0.10906226 0.99403486
vn 0.027610389 -0.30480067 0.95201587
vn 0.00015770935 -0.11674188 -0.99316228
vn -0.02203402 -0.21858777 0.97556849
vn -0.00034918848 0.10906225 0.99403486
vn -0.027615893 -0.30486143 0.95199626
vn -0.00017297155 -0.11674188 -0.99316227
vn -0.093441124 -0.21768775 0.97153528
vn -0.00089760192 0.11107498 0.99381162
vn -0.00043133574 -0.11573826 -0.99327965
vn -0.11690622 -0.30296783 0.94580306
vn -0.00064842008 0.11808371 0.99300343
vn -0.056621901 0.25259705 -0.9659134
vn -0.00030703789 -0.11258853 -0.99364165
vn -0.057809025 0.26283494 -0.96310742
vn 0.00064331444 0.1180837 0.99300344
vn 0.0566339 0.25265056 -0.9658987
vn 0.00029193766 -0.11258852 -0.99364166
vn 0.057806624 0.26274146 -0.96313307
vn -0.20777504 -0.21386792 0.95451037
vn -0.0010471973 0.11259456 0.99364046
vn -0.0005014561 -0.11502637 -0.99336231
vn -0.25751818 -0.2946636 0.92024874
vn -0.049283603 -0.2183612 0.97462275
vn -0.0006598916 0.10987259 0.99394546
vn -0.061745241 -0.30440755 0.95053857
vn -0.00032017349 -0.11634942 -0.99320829
vn 0 -0.21863613 0.97580646
vn -4.9850267e-06 0.10878365 0.99406545
vn 0 -0.3049442 0.95237022
vn -1.0178305e-05 -0.11688663 -0.99314526
vn 0.049283603 -0.2183612 0.97462275
vn 0.00065481734 0.10983947 0.99394912
vn 0.061745241 -0.30440755 0.95053857
vn 0.00031004607 -0.11636326 -0.99320667
vn 0.20777504 -0.21386792 0.95451037
vn 0.0010421628 0.11259456 0.99364047
vn 0.00049132453 -0.1150469 -0.99335994
vn 0.25751818 -0.2946636 0.92024874
vn 0.23160107 0.21025236 -0.94981834
vn 0.0010401689 0.11562168 0.99329278
vn 0.00048447933 -0.11361028 -0.99352527
vn 0.28966923 0.29549884 -0.91036925
vn 0.00047515583 0.1183752 0.99296882
vn 0.038029447 0.25962303 -0.96496096
vn 0.0003524191 -0.11267627 -0.99363169
vn 0.084169046 0.28082252 -0.95606186
vn -0.074762364 0.23501838 -0.96911142
vn -0.00077024357 0.11772319 0.99304615
vn -0.00021135485 -0.1125008 -0.99365161
vn -0.037427786 0.25861149 -0.96525606
vn -0.23160107 0.21025236 -0.94981834
vn -0.0010451189 0.11560797 0.99329437
vn -0.000489526 -0.11361028 -0.99352527
vn -0.28984556 0.29580239 -0.91021454
vn 0 0.11888305 0.99290826
vn 0 0.2393319 -0.97093782
vn -1.0057624e-05 -0.1122379 -0.99368136
vn 0 0.28501816 -0.95852212
vn -0.00048026501 0.1183752 0.99296882
vn -0.038021023 0.25962313 -0.96496126
vn -0.00036253004 -0.11270994 -0.99362787
vn -0.084189856 0.28093952 -0.95602566
vn 0.074772574 0.23501818 -0.96911068
vn 0.00076514256 0.11772319 0.99304616
vn 0.00019623541 -0.11246715 -0.99365542
vn 0.037420649 0.25856216 -0.96526955
vn -0.14595624 0.25307459 -0.95637337
vn -0.99378243 -0.028566954 0.10761231
vn 0.99378243 -0.028566954 0.10761231
vn 0.10216026 -0.25451452 0.96165776
vn 0.024237197 -0.25578417 0.96643004
vn -0.024237197 -0.25578417 0.96643004
vn -0.10216161 -0.25446605 0.96167044
vn -0.27640534 0.24591723 -0.9290451
vn 0.27640534 0.24591723 -0.9290451
vn 0.22391554 -0.24943208 0.94214939
vn 0.054128934 -0.25544638 0.96530679
vn 0 -0.25585574 0.96671497
vn -0.054140264 -0.25549986 0.965292
vn -0.22379868 -0.2493019 0.94221161
vn 0.14603097 0.25304144 -0.95637074
vn -0.016466813 -0.11616671 -0.99309322
vn -0.016466813 -0.11616671 -0.99309322
vn -0.016495556 0.11653552 0.99304953
vn -0.016495556 0.11653552 0.99304953
vn -1 0 0
vn -1 0 0
vn -1 0 0
vn -1 0 0
vn -1 0 0
vn -1 0 0
vn -1 0 0
vn -1 0 0
vn -1 0 0
vn 0 -0.23549342 0.97187594
vn 1 0 0
vn 0 0.00019189092 -0.99999998
vn 0 -0.23549342 0.97187594
vn -1 0 0
vn 0 0.00019189092 -0.99999998
vn 0 0 -1
vn 1 0 0
vn 0 0.00019189092 -0.99999998
vn 0 -0.23549342 0.97187594
vn 1 0 0
vn 0 -0.23549342 0.97187594
vn 1 0 0
vn 1 0 0
vn 0 -0.23549342 0.97187594
vn -1 0 0
vn 0 -0.23549342 0.97187594
vn -1 0 0
vn 0 -0.23549342 0.97187594
vn 0 -0.1374422 -0.99050979
vn -1 0 0
vn 0 -0.23549342 0.97187594
vn -1 0 0
vn 0 0 -1
vn -1 0 0
vn 0 0.00019189092 -0.99999998
vn 0 -0.1374422 -0.99050979
vn -1 0 0
vn 0 0.23549342 -0.97187594
vn 0 -0.23549342 0.97187594
vn 0 -0.1374422 -0.99050979
vn -1 0 0
vn 0 -0.23549342 0.97187594
vn -1 0 0
vn 0 -0.1374422 -0.99050979
vn -1 0 0
vn 0 0.23549342 -0.97187594
vn -1 0 0
vn 0 0.23549342 -0.97187594
vn -1 0 0
vn 0 0.23286614 -0.9725088
vn 0 0.23549342 -0.97187594
vn 0 0.23549342 -0.97187594
vn 0 0.23282875 -0.97251775
vn 0 0.23286614 -0.9725088
vn 0 0.23549342 -0.97187594
vn 1 0 0
vn 0 0.23549342 -0.97187594
vn 1 0 0
vn 0 0.23282875 -0.97251775
vn 0 0.23549342 -0.97187594
vn 1 0 0
vn 0 0.23549342 -0.97187594
vn 1 0 0
vn 1 0 0
vn 1 0 0
vn 0 0.13740329 0.99051519
vn 0 0.1374422 0.99050979
vn 0 -0.23549342 0.97187594
vn 0 -0.10097256 0.99488921
vn 1 0 0
vn 0 -0.10097256 0.99488921
vn 1 0 0
vn 0 0.13740329 0.99051519
vn 0 -0.23549342 0.97187594
vn 0 -0.10097256 0.99488921
vn -1 0 0
vn 0 -0.10097256 0.99488921
vn -1 0 0
vn 0 0.13740329 0.99051519
vn 0 -0.23549342 0.97187594
vn 0 -0.23282875 0.97251775
vn -1 0 0
vn 0 -0.23282875 0.97251775
vn -1 0 0
vn 0 0.13740329 0.99051519
vn 0 0.13742495 0.99051218
vn 0 0.1374422 0.99050979
vn 0 -0.23549342 0.97187594
vn 0 -0.23282875 0.97251775
vn -1 0 0
vn 0 -0.23282875 0.97251775
vn -1 0 0
vn 0 0.13742495 0.99051218
vn -1 0 0
vn 0 0.13742495 0.99051218
vn 0 0.23286614 -0.9725088
vn 0 0.13742495 0.99051218
vn 0 0.1374422 0.99050979
vn 0 0.23282875 -0.97251775
vn 0 0.23286614 -0.9725088
vn 1 0 0
vn 0 0.1374422 0.99050979
vn 0 0.23282875 -0.97251775
vn 0 0 -1
vn 1 0 0
vn 0 0.23549342 -0.97187594
vn 0 0 -1
vn -1 0 0
vn 0 0.23549342 -0.97187594
vn -1 0 0
vn -1 0 0
vn 0 0.23549342 -0.97187594
vn 0 0.23549342 -0.97187594
vn 0 0.23549342 -0.97187594
vn 0 0.23549342 -0.97187594
vn 1 0 0
vn 1 0 0
vn 0 0.23549342 -0.97187594
vn 0 0.23549342 -0.97187594
vn 1 0 0
vn 1 0 0
vn 0 -0.23549342 0.97187594
vn 0 -0.23549342 0.97187594
vn 1 0 0
vn 1 0 0
vn 0 -0.23549342 0.97187594
vn 0 -0.23549342 0.97187594
vn -1 0 0
vn -1 0 0
vn 0 -0.23549342 0.97187594
vn 0 -0.23549342 0.97187594
vn -1 0 0
vn -1 0 0
vn 0 -0.23549342 0.97187594
vn 0 -0.23549342 0.97187594
vn -1 0 0
vn -1 0 0
vn 0 -1 0
vn -1 0 0
vn 0 0 1
vn 0 -1 0
vn 0 0 -1
vn -1 0 0
vn 0 -1 0
vn -1 0 0
vn 0 0 1
vn 0 -1 0
vn 0.018317754 0 -0.99983222
vn 1 0 0
vn -1 0 0
vn 0 0 1
vn 0 1 0
vn 0 0 -1
vn -1 0 0
vn 0 1 0
vn -1 0 0
vn 0 0 1
vn 0 1 0
vn 0.018317754 0 -0.99983222
vn 1 0 0
vn 0 1 0
vn 0.018317754 0 -0.99983222
vn 1 0 0
vn 0 1 0
vn 0 0 -1
vn 1 0 0
vn 0 1 0
vn 0 -1 0
vn 0 0 -1
vn 1 0 0
vn 1 0 0
vn 0 0 1
vn 0 1 0
vn 0 -1 0
vn 0.018317754 0 -0.99983222
vn 1 0 0
vn 0 -1 0
vn 1 0 0
vn 0 0 1
vn 0 -1 0
vn -1 0 0
vn 0 0 1
vn -1 0 0
vn 0 0 1
vn 0 1 0
vn 0 -1 0
vn 0 0 -1
vn -1 0 0
vn 0 0 -1
vn -1 0 0
vn 0 1 0
vn 0 -1 0
vn 0 0 -1
vn 1 0 0
vn 0 -1 0
vn -1 0 0
vn 0 0 1
vn -1 0 0
vn 0 0 1
vn 0 1 0
vn 0 -1 0
vn 1 0 0
vn 0 0 1
vn 1 0 0
vn 0 0 1
vn 0 1 0
vn 0 0 -1
vn 1 0 0
vn 0 1 0
vn 0 -1 0
vn 1 0 0
vn 0 0 1
vn 0 -1 0
vn 0 0 -1
vn 1 0 0
vn 0 -1 0
vn 1 0 0
vn 0 0 1
vn 0 -1 0
vn -0.018317754 0 -0.99983222
vn -1 0 0
vn 1 0 0
vn 0 0 1
vn 0 1 0
vn 0 0 -1
vn 1 0 0
vn 0 1 0
vn 1 0 0
vn 0 0 1
vn 0 1 0
vn -0.018317754 0 -0.99983222
vn -1 0 0
vn 0 1 0
vn -0.018317754 0 -0.99983222
vn -1 0 0
vn 0 1 0
vn 0 0 -1
vn -1 0 0
vn 0 1 0
vn 0 -1 0
vn 0 0 -1
vn -1 0 0
vn -1 0 0
vn 0 0 1
vn 0 1 0
vn 0 -1 0
vn -0.018317754 0 -0.99983222
vn -1 0 0
vn 0 -1 0
vn -1 0 0
vn 0 0 1
vn 0 -1 0
vn 1 0 0
vn 0 0 1
vn 1 0 0
vn 0 0 1
vn 0 1 0
vn 0 -1 0
vn 0 0 -1
vn -1 0 0
vn 0 0 -1
vn -1 0 0
vn 0 1 0
vn 0 -1 0
vn 0 0 -1
vn 1 0 0
vn 0 -1 0
vn -1 0 0
vn 0 0 1
vn -1 0 0
vn 0 0 1
vn 0 1 0
vn 0 -1 0
vn 1 0 0
vn 0 0 1
vn 1 0 0
vn 0 0 1
vn 0 1 0
vn 0 0 -1
vn 1 0 0
vn 0 1 0
vn 0 -0.57061935 -0.82121469
vn -1 0 0
vn 0 0 1
vn 0 -0.57061935 -0.82121469
vn 0 0 -1
vn -0.092174407 0 -0.99574288
vn -1 0 0
vn 0 0 1
vn 0 -0.57061935 -0.82121469
vn 0 0 -1
vn -1 0 0
vn 0 -0.57061935 -0.82121469
vn 1 0 0
vn 0 0 1
vn 1 0 0
vn 0 0 1
vn 0 -0.57061935 -0.82121469
vn 0 0 -1
vn 1 0 0
vn 0 -0.57061935 -0.82121469
vn 0 0 -1
vn 0.092174407 0 -0.99574288
vn 0 -0.57061935 -0.82121469
vn 0.064727983 0 -0.99790295
vn 0 0 -1
vn 0.092174407 0 -0.99574288
vn 0 0.57077741 0.82110483
vn 0 -1 0
vn 0 0 -1
vn -1 0 0
vn 0.05888589 0 -0.99826472
vn 0 0.57061935 0.82121469
vn 0 0 -1
vn -1 0 0
vn 0 0 -1
vn -0.092174407 0 -0.99574288
vn 0 0.57077741 0.82110483
vn 0 0 -1
vn 1 0 0
vn 0 -1 0
vn 0 0 -1
vn 1 0 0
vn -0.05888589 0 -0.99826472
vn 0 0.57061935 0.82121469
vn -0.016652145 0 -0.99986134
vn 0 0.57046134 0.82132445
vn 0 -0.57061935 -0.82121469
vn -0.064727983 0 -0.99790295
vn 0 -0.57077741 -0.82110483
vn -0.01904167 0 -0.99981869
vn 0 -0.57077741 -0.82110483
vn 0.01904167 0 -0.99981869
vn 0.016652145 0 -0.99986134
vn 0 0.57046134 0.82132445
vn 0 -1 0
vn 0 0 -1
vn -1 0 0
vn 0 -1 0
vn 0 0 -1
vn 1 0 0
vn 0 -1 0
vn 0 0 -1
vn -1 0 0
vn 1 0 0
vn 0 0.044746378 -0.99899838
vn -1 0 0
vn 0 0.044746378 -0.99899838
vn 1 0 0
vn 0 0.044746378 -0.99899838
vn -1 0 0
vn 0 0.044746378 -0.99899838
vn 0 -1 0
vn 0 0 -1
vn 0 0 -1
vn 1 0 0
vn 0 0 -1
vn 0 0 -1
vn -1 0 0
vn 0 1 0
vn 0 -1 0
vn 0 0 -1
vn 1 0 0
vn 0 -1 0
vn 0 0 -1
vn 0 0 -1
vn -1 0 0
vn 0 -1 0
vn 0 0 -1
vn -1 0 0
vn 0 0 -1
vn 0 0 -1
vn 1 0 0
vn 0 1 0
vn -1 0 0
vn 0 0.044746378 -0.99899838
vn -1 0 0
vn 0 0.044746378 -0.99899838
vn 1 0 0
vn 0 0.044746378 -0.99899838
vn 1 0 0
vn 0 0.044746378 -0.99899838
vn 0 -1 0
vn 0 0 -1
vn 1 0 0
vn 1 0 0
vn 0 0 1
vn 0 1 0
vn -1 0 0
vn 0 0 1
vn 0 1 0
vn 0 -1 0
vn 0 0 -1
vn 1 0 0
vn 0 -1 0
vn 0 0 -1
vn -1 0 0
vn 0 -0.57061935 -0.82121469
vn -1 0 0
vn 0 0 1
vn 0 -0.57061935 -0.82121469
vn 0 0 -1
vn -0.092174407 0 -0.99574288
vn -1 0 0
vn 0 0 1
vn 0 -0.57061935 -0.82121469
vn 0 0 -1
vn -1 0 0
vn 0 -0.57061935 -0.82121469
vn 1 0 0
vn 0 0 1
vn 1 0 0
vn 0 0 1
vn 0 -0.57061935 -0.82121469
vn 0 0 -1
vn 1 0 0
vn 0 -0.57061935 -0.82121469
vn 0 0 -1
vn 0.092174407 0 -0.99574288
vn 0 -0.57061935 -0.82121469
vn 0.064727983 0 -0.99790295
vn 0 0 -1
vn 0.092174407 0 -0.99574288
vn 0 0.57077741 0.82110483
vn 0 -1 0
vn 0 0 -1
vn -1 0 0
vn 0.05888589 0 -0.99826472
vn 0 0.57077741 0.82110483
vn 0 0 -1
vn -1 0 0
vn 0 0 -1
vn -0.092174407 0 -0.99574288
vn 0 0.57077741 0.82110483
vn 0 0 -1
vn 1 0 0
vn 0 -1 0
vn 0 0 -1
vn 1 0 0
vn -0.05888589 0 -0.99826472
vn 0 0.57077741 0.82110483
vn -0.016652145 0 -0.99986134
vn 0 0.57061935 0.82121469
vn 0 -0.57061935 -0.82121469
vn -0.064727983 0 -0.99790295
vn 0 -0.57077741 -0.82110483
vn -0.01904167 0 -0.99981869
vn 0 -0.57077741 -0.82110483
vn 0.01904167 0 -0.99981869
vn 0.016652145 0 -0.99986134
vn 0 0.57061935 0.82121469
vn 0 -1 0
vn 0 0 -1
vn -1 0 0
vn 0 -1 0
vn 0 0 -1
vn 1 0 0
vn 0 -1 0
vn 0 0 -1
vn -1 0 0
vn 1 0 0
vn 0 0.044764335 -0.99899757
vn -1 0 0
vn 0 0.044764335 -0.99899757
vn 1 0 0
vn 0 0.044764335 -0.99899757
vn -1 0 0
vn 0 0.044764335 -0.99899757
vn 0 -1 0
vn 0 0 -1
vn 0 0 -1
vn 1 0 0
vn 0 0 -1
vn 0 0 -1
vn -1 0 0
vn 0 1 0
vn 0 -1 0
vn 0 0 -1
vn 1 0 0
vn 0 -1 0
vn 0 0 -1
vn 0 0 -1
vn -1 0 0
vn 0 -1 0
vn 0 0 -1
vn -1 0 0
vn 0 0 -1
vn 0 0 -1
vn 1 0 0
vn 0 1 0
vn -1 0 0
vn 0 0.044764335 -0.99899757
vn -1 0 0
vn 0 0.044764335 -0.99899757
vn 1 0 0
vn 0 0.044764335 -0.99899757
vn 1 0 0
vn 0 0.044764335 -0.99899757
vn 0 -1 0
vn 0 0 -1
vn 1 0 0
vn 1 0 0
vn 0 0 1
vn 0 1 0
vn -1 0 0
vn 0 0 1
vn 0 1 0
vn 0 -1 0
vn 0 0 -1
vn 1 0 0
vn 0 -1 0
vn 0 0 -1
vn -1 0 0
vn 0 -0.57061935 -0.82121469
vn -1 0 0
vn 0 0 1
vn 0 -0.57061935 -0.82121469
vn 0 0 -1
vn -0.092164345 0 -0.99574381
vn -1 0 0
vn 0 0 1
vn 0 -0.57061935 -0.82121469
vn 0 0 -1
vn -1 0 0
vn 0 -0.57061935 -0.82121469
vn 1 0 0
vn 0 0 1
vn 1 0 0
vn 0 0 1
vn 0 -0.57061935 -0.82121469
vn 0 0 -1
vn 1 0 0
vn 0 -0.57061935 -0.82121469
vn 0 0 -1
vn 0.092164345 0 -0.99574381
vn 0 -0.57061935 -0.82121469
vn 0.064727983 0 -0.99790295
vn 0 0 -1
vn 0.092164345 0 -0.99574381
vn 0 0.57077741 0.82110483
vn 0 -1 0
vn 0 0 -1
vn -1 0 0
vn 0.05888589 0 -0.99826472
vn 0 0.57061935 0.82121469
vn 0 0 -1
vn -1 0 0
vn 0 0 -1
vn -0.092164345 0 -0.99574381
vn 0 0.57077741 0.82110483
vn 0 0 -1
vn 1 0 0
vn 0 -1 0
vn 0 0 -1
vn 1 0 0
vn -0.05888589 0 -0.99826472
vn 0 0.57061935 0.82121469
vn -0.016652145 0 -0.99986134
vn 0 0.57061935 0.82121469
vn 0 -0.57061935 -0.82121469
vn -0.064727983 0 -0.99790295
vn 0 -0.57077741 -0.82110483
vn -0.01904167 0 -0.99981869
vn 0 -0.57077741 -0.82110483
vn 0.01904167 0 -0.99981869
vn 0.016652145 0 -0.99986134
vn 0 0.57061935 0.82121469
vn 0 -1 0
vn 0 0 -1
vn -1 0 0
vn 0 -1 0
vn 0 0 -1
vn 1 0 0
vn 0 -1 0
vn 0 0 -1
vn -1 0 0
vn 1 0 0
vn 0 0.044764335 -0.99899757
vn -1 0 0
vn 0 0.044764335 -0.99899757
vn 1 0 0
vn 0 0.044764335 -0.99899757
vn -1 0 0
vn 0 0.044764335 -0.99899757
vn 0 -1 0
vn 0 0 -1
vn 0 0 -1
vn 1 0 0
vn 0 0 -1
vn 0 0 -1
vn -1 0 0
vn 0 1 0
vn 0 -1 0
vn 0 0 -1
vn 1 0 0
vn 0 -1 0
vn 0 0 -1
vn 0 0 -1
vn -1 0 0
vn 0 -1 0
vn 0 0 -1
vn -1 0 0
vn 0 0 -1
vn 0 0 -1
vn 1 0 0
vn 0 1 0
vn -1 0 0
vn 0 0.044768945 -0.99899737
vn -1 0 0
vn 0 0.044768945 -0.99899737
vn 1 0 0
vn 0 0.044768945 -0.99899737
vn 1 0 0
vn 0 0.044768945 -0.99899737
vn 0 -1 0
vn 0 0 -1
vn 1 0 0
vn 1 0 0
vn 0 0 1
vn 0 1 0
vn -1 0 0
vn 0 0 1
vn 0 1 0
vn 0 -1 0
vn 0 0 -1
vn 1 0 0
vn 0 -1 0
vn 0 0 -1
vn -1 0 0
vn 0 -0.57061935 -0.82121469
vn -1 0 0
vn 0 0 1
vn 0 -0.57061935 -0.82121469
vn 0 0 -1
vn -0.092164345 0 -0.99574381
vn -1 0 0
vn 0 0 1
vn 0 -0.57061935 -0.82121469
vn 0 0 -1
vn -1 0 0
vn 0 -0.57061935 -0.82121469
vn 1 0 0
vn 0 0 1
vn 1 0 0
vn 0 0 1
vn 0 -0.57061935 -0.82121469
vn 0 0 -1
vn 1 0 0
vn 0 -0.57061935 -0.82121469
vn 0 0 -1
vn 0.092174407 0 -0.99574288
vn 0 -0.57061935 -0.82121469
vn 0.064727983 0 -0.99790295
vn 0 0 -1
vn 0.092174407 0 -0.99574288
vn 0 0.57077741 0.82110483
vn 0 -1 0
vn 0 0 -1
vn -1 0 0
vn 0.05888589 0 -0.99826472
vn 0 0.57061935 0.82121469
vn 0 0 -1
vn -1 0 0
vn 0 0 -1
vn -0.092164345 0 -0.99574381
vn 0 0.57077741 0.82110483
vn 0 0 -1
vn 1 0 0
vn 0 -1 0
vn 0 0 -1
vn 1 0 0
vn -0.05888589 0 -0.99826472
vn 0 0.57061935 0.82121469
vn -0.016652145 0 -0.99986134
vn 0 0.57046134 0.82132445
vn 0 -0.57061935 -0.82121469
vn -0.064727983 0 -0.99790295
vn 0 -0.57077741 -0.82110483
vn -0.01904167 0 -0.99981869
vn 0 -0.57077741 -0.82110483
vn 0.01904167 0 -0.99981869
vn 0.016652145 0 -0.99986134
vn 0 0.57046134 0.82132445
vn 0 -1 0
vn 0 0 -1
vn -1 0 0
vn 0 -1 0
vn 0 0 -1
vn 1 0 0
vn 0 -1 0
vn 0 0 -1
vn -1 0 0
vn 1 0 0
vn 0 0.044764335 -0.99899757
vn -1 0 0
vn 0 0.044764335 -0.99899757
vn 1 0 0
vn 0 0.044764335 -0.99899757
vn -1 0 0
vn 0 0.044764335 -0.99899757
vn 0 -1 0
vn 0 0 -1
vn 0 0 -1
vn 1 0 0
vn 0 0 -1
vn 0 0 -1
vn -1 0 0
vn 0 1 0
vn 0 -1 0
vn 0 0 -1
vn 1 0 0
vn 0 -1 0
vn 0 0 -1
vn 0 0 -1
vn -1 0 0
vn 0 -1 0
vn 0 0 -1
vn -1 0 0
vn 0 0 -1
vn 0 0 -1
vn 1 0 0
vn 0 1 0
vn -1 0 0
vn 0 0.044764335 -0.99899757
vn -1 0 0
vn 0 0.044764335 -0.99899757
vn 1 0 0
vn 0 0.044764335 -0.99899757
vn 1 0 0
vn 0 0.044764335 -0.99899757
vn 0 -1 0
vn 0 0 -1
vn 1 0 0
vn 1 0 0
vn 0 0 1
vn 0 1 0
vn -1 0 0
vn 0 0 1
vn 0 1 0
vn 0 -1 0
vn 0 0 -1
vn 1 0 0
vn 0 -1 0
vn 0 0 -1
vn -1 0 0
vn 0 -0.57061935 -0.82121469
vn -1 0 0
vn 0 0 1
vn 0 -0.57061935 -0.82121469
vn 0 0 -1
vn -0.092164345 0 -0.99574381
vn -1 0 0
vn 0 0 1
vn 0 -0.57061935 -0.82121469
vn 0 0 -1
vn -1 0 0
vn 0 -0.57061935 -0.82121469
vn 1 0 0
vn 0 0 1
vn 1 0 0
vn 0 0 1
vn 0 -0.57061935 -0.82121469
vn 0 0 -1
vn 1 0 0
vn 0 -0.57061935 -0.82121469
vn 0 0 -1
vn 0.092174407 0 -0.99574288
vn 0 -0.57061935 -0.82121469
vn 0.064727983 0 -0.99790295
vn 0 0 -1
vn 0.092174407 0 -0.99574288
vn 0 0.57077741 0.82110483
vn 0 -1 0
vn 0 0 -1
vn -1 0 0
vn 0.05888589 0 -0.99826472
vn 0 0.57061935 0.82121469
vn 0 0 -1
vn -1 0 0
vn 0 0 -1
vn -0.092164345 0 -0.99574381
vn 0 0.57077741 0.82110483
vn 0 0 -1
vn 1 0 0
vn 0 -1 0
vn 0 0 -1
vn 1 0 0
vn -0.05888589 0 -0.99826472
vn 0 0.57061935 0.82121469
vn -0.016652145 0 -0.99986134
vn 0 0.57061935 0.82121469
vn 0 -0.57061935 -0.82121469
vn -0.064727983 0 -0.99790295
vn 0 -0.57077741 -0.82110483
vn -0.01904167 0 -0.99981869
vn 0 -0.57077741 -0.82110483
vn 0.01904167 0 -0.99981869
vn 0.016652145 0 -0.99986134
vn 0 0.57061935 0.82121469
vn 0 -1 0
vn 0 0 -1
vn -1 0 0
vn 0 -1 0
vn 0 0 -1
vn 1 0 0
vn 0 -1 0
vn 0 0 -1
vn -1 0 0
vn 1 0 0
vn 0 0.044764335 -0.99899757
vn -1 0 0
vn 0 0.044764335 -0.99899757
vn 1 0 0
vn 0 0.044764335 -0.99899757
vn -1 0 0
vn 0 0.044764335 -0.99899757
vn 0 -1 0
vn 0 0 -1
vn 0 0 -1
vn 1 0 0
vn 0 0 -1
vn 0 0 -1
vn -1 0 0
vn 0 1 0
vn 0 -1 0
vn 0 0 -1
vn 1 0 0
vn 0 -1 0
vn 0 0 -1
vn 0 0 -1
vn -1 0 0
vn 0 -1 0
vn 0 0 -1
vn -1 0 0
vn 0 0 -1
vn 0 0 -1
vn 1 0 0
vn 0 1 0
vn -1 0 0
vn 0 0.044764335 -0.99899757
vn -1 0 0
vn 0 0.044764335 -0.99899757
vn 1 0 0
vn 0 0.044764335 -0.99899757
vn 1 0 0
vn 0 0.044764335 -0.99899757
vn 0 -1 0
vn 0 0 -1
vn 1 0 0
vn 1 0 0
vn 0 0 1
vn 0 1 0
vn -1 0 0
vn 0 0 1
vn 0 1 0
vn 0 -1 0
vn 0 0 -1
vn 1 0 0
vn 0 -1 0
vn 0 0 -1
vn -1 0 0
vn 0 -0.57061935 -0.82121469
vn -1 0 0
vn 0 0 1
vn 0 -0.57061935 -0.82121469
vn 0 0 -1
vn -0.092164345 0 -0.99574381
vn -1 0 0
vn 0 0 1
vn 0 -0.57061935 -0.82121469
vn 0 0 -1
vn -1 0 0
vn 0 -0.57061935 -0.82121469
vn 1 0 0
vn 0 0 1
vn 1 0 0
vn 0 0 1
vn 0 -0.57061935 -0.82121469
vn 0 0 -1
vn 1 0 0
vn 0 -0.57061935 -0.82121469
vn 0 0 -1
vn 0.092174407 0 -0.99574288
vn 0 -0.57061935 -0.82121469
vn 0.064727983 0 -0.99790295
vn 0 0 -1
vn 0.092174407 0 -0.99574288
vn 0 0.57077741 0.82110483
vn 0 -1 0
vn 0 0 -1
vn -1 0 0
vn 0.05888589 0 -0.99826472
vn 0 0.57061935 0.82121469
vn 0 0 -1
vn -1 0 0
vn 0 0 -1
vn -0.092164345 0 -0.99574381
vn 0 0.57077741 0.82110483
vn 0 0 -1
vn 1 0 0
vn 0 -1 0
vn 0 0 -1
vn 1 0 0
vn -0.05888589 0 -0.99826472
vn 0 0.57061935 0.82121469
vn -0.016652145 0 -0.99986134
vn 0 0.57046134 0.82132445
vn 0 -0.57061935 -0.82121469
vn -0.064727983 0 -0.99790295
vn 0 -0.57077741 -0.82110483
vn -0.01904167 0 -0.99981869
vn 0 -0.57077741 -0.82110483
vn 0.01904167 0 -0.99981869
vn 0.016652145 0 -0.99986134
vn 0 0.57046134 0.82132445
vn 0 -1 0
vn 0 0 -1
vn -1 0 0
vn 0 -1 0
vn 0 0 -1
vn 1 0 0
vn 0 -1 0
vn 0 0 -1
vn -1 0 0
vn 1 0 0
vn 0 0.044764335 -0.99899757
vn -1 0 0
vn 0 0.044764335 -0.99899757
vn 1 0 0
vn 0 0.044764335 -0.99899757
vn -1 0 0
vn 0 0.044764335 -0.99899757
vn 0 -1 0
vn 0 0 -1
vn 0 0 -1
vn 1 0 0
vn 0 0 -1
vn 0 0 -1
vn -1 0 0
vn 0 1 0
vn 0 -1 0
vn 0 0 -1
vn 1 0 0
vn 0 -1 0
vn 0 0 -1
vn 0 0 -1
vn -1 0 0
vn 0 -1 0
vn 0 0 -1
vn -1 0 0
vn 0 0 -1
vn 0 0 -1
vn 1 0 0
vn 0 1 0
vn -1 0 0
vn 0 0.044764335 -0.99899757
vn -1 0 0
vn 0 0.044764335 -0.99899757
vn 1 0 0
vn 0 0.044764335 -0.99899757
vn 1 0 0
vn 0 0.044764335 -0.99899757
vn 0 -1 0
vn 0 0 -1
vn 1 0 0
vn 1 0 0
vn 0 0 1
vn 0 1 0
vn -1 0 0
vn 0 0 1
vn 0 1 0
vn 0 -1 0
vn 0 0 -1
vn 1 0 0
vn 0 -1 0
vn 0 0 -1
vn -1 0 0
vn 0 -0.57061935 -0.82121469
vn -1 0 0
vn 0 0 1
vn 0 -0.57061935 -0.82121469
vn 0 0 -1
vn -0.092164345 0 -0.99574381
vn -1 0 0
vn 0 0 1
vn 0 -0.57061935 -0.82121469
vn 0 0 -1
vn -1 0 0
vn 0 -0.57061935 -0.82121469
vn 1 0 0
vn 0 0 1
vn 1 0 0
vn 0 0 1
vn 0 -0.57061935 -0.82121469
vn 0 0 -1
vn 1 0 0
vn 0 -0.57061935 -0.82121469
vn 0 0 -1
vn 0.092174407 0 -0.99574288
vn 0 -0.57061935 -0.82121469
vn 0.064727983 0 -0.99790295
vn 0 0 -1
vn 0.092174407 0 -0.99574288
vn 0 0.57077741 0.82110483
vn 0 -1 0
vn 0 0 -1
vn -1 0 0
vn 0.05888589 0 -0.99826472
vn 0 0.57061935 0.82121469
vn 0 0 -1
vn -1 0 0
vn 0 0 -1
vn -0.092164345 0 -0.99574381
vn 0 0.57077741 0.82110483
vn 0 0 -1
vn 1 0 0
vn 0 -1 0
vn 0 0 -1
vn 1 0 0
vn -0.05888589 0 -0.99826472
vn 0 0.57061935 0.82121469
vn -0.016652145 0 -0.99986134
vn 0 0.57046134 0.82132445
vn 0 -0.57061935 -0.82121469
vn -0.064727983 0 -0.99790295
vn 0 -0.57077741 -0.82110483
vn -0.01904167 0 -0.99981869
vn 0 -0.57077741 -0.82110483
vn 0.01904167 0 -0.99981869
vn 0.016652145 0 -0.99986134
vn 0 0.57046134 0.82132445
vn 0 -1 0
vn 0 0 -1
vn -1 0 0
vn 0 -1 0
vn 0 0 -1
vn 1 0 0
vn 0 -1 0
vn 0 0 -1
vn -1 0 0
vn 1 0 0
vn 0 0.044764335 -0.99899757
vn -1 0 0
vn 0 0.044764335 -0.99899757
vn 1 0 0
vn 0 0.044764335 -0.99899757
vn -1 0 0
vn 0 0.044764335 -0.99899757
vn 0 -1 0
vn 0 0 -1
vn 0 0 -1
vn 1 0 0
vn 0 0 -1
vn 0 0 -1
vn -1 0 0
vn 0 1 0
vn 0 -1 0
vn 0 0 -1
vn 1 0 0
vn 0 -1 0
vn 0 0 -1
vn 0 0 -1
vn -1 0 0
vn 0 -1 0
vn 0 0 -1
vn -1 0 0
vn 0 0 -1
vn 0 0 -1
vn 1 0 0
vn 0 1 0
vn -1 0 0
vn 0 0.044764335 -0.99899757
vn -1 0 0
vn 0 0.044764335 -0.99899757
vn 1 0 0
vn 0 0.044764335 -0.99899757
vn 1 0 0
vn 0 0.044764335 -0.99899757
vn 0 -1 0
vn 0 0 -1
vn 1 0 0
vn 1 0 0
vn 0 0 1
vn 0 1 0
vn -1 0 0
vn 0 0 1
vn 0 1 0
vn 0 -1 0
vn 0 0 -1
vn 1 0 0
vn 0 -1 0
vn 0 0 -1
vn -1 0 0
vn 0 -0.57061935 -0.82121469
vn -1 0 0
vn 0 0 1
vn 0 -0.57061935 -0.82121469
vn 0 0 -1
vn -0.092164345 0 -0.99574381
vn -1 0 0
vn 0 0 1
vn 0 -0.57061935 -0.82121469
vn 0 0 -1
vn -1 0 0
vn 0 -0.57061935 -0.82121469
vn 1 0 0
vn 0 0 1
vn 1 0 0
vn 0 0 1
vn 0 -0.57061935 -0.82121469
vn 0 0 -1
vn 1 0 0
vn 0 -0.57061935 -0.82121469
vn 0 0 -1
vn 0.092174407 0 -0.99574288
vn 0 -0.57061935 -0.82121469
vn 0.064727983 0 -0.99790295
vn 0 0 -1
vn 0.092174407 0 -0.99574288
vn 0 0.57077741 0.82110483
vn 0 -1 0
vn 0 0 -1
vn -1 0 0
vn 0.05888589 0 -0.99826472
vn 0 0.57061935 0.82121469
vn 0 0 -1
vn -1 0 0
vn 0 0 -1
vn -0.092164345 0 -0.99574381
vn 0 0.57077741 0.82110483
vn 0 0 -1
vn 1 0 0
vn 0 -1 0
vn 0 0 -1
vn 1 0 0
vn -0.05888589 0 -0.99826472
vn 0 0.57061935 0.82121469
vn -0.016652145 0 -0.99986134
vn 0 0.57046134 0.82132445
vn 0 -0.57061935 -0.82121469
vn -0.064727983 0 -0.99790295
vn 0 -0.57077741 -0.82110483
vn -0.01904167 0 -0.99981869
vn 0 -0.57077741 -0.82110483
vn 0.01904167 0 -0.99981869
vn 0.016652145 0 -0.99986134
vn 0 0.57046134 0.82132445
vn 0 -1 0
vn 0 0 -1
vn -1 0 0
vn 0 -1 0
vn 0 0 -1
vn 1 0 0
vn 0 -1 0
vn 0 0 -1
vn -1 0 0
vn 1 0 0
vn 0 0.044764335 -0.99899757
vn -1 0 0
vn 0 0.044764335 -0.99899757
vn 1 0 0
vn 0 0.044764335 -0.99899757
vn -1 0 0
vn 0 0.044764335 -0.99899757
vn 0 -1 0
vn 0 0 -1
vn 0 0 -1
vn 1 0 0
vn 0 0 -1
vn 0 0 -1
vn -1 0 0
vn 0 1 0
vn 0 -1 0
vn 0 0 -1
vn 1 0 0
vn 0 -1 0
vn 0 0 -1
vn 0 0 -1
vn -1 0 0
vn 0 -1 0
vn 0 0 -1
vn -1 0 0
vn 0 0 -1
vn 0 0 -1
vn 1 0 0
vn 0 1 0
vn -1 0 0
vn 0 0.044764335 -0.99899757
vn -1 0 0
vn 0 0.044764335 -0.99899757
vn 1 0 0
vn 0 0.044764335 -0.99899757
vn 1 0 0
vn 0 0.044764335 -0.99899757
vn 0 -1 0
vn 0 0 -1
vn 1 0 0
vn 1 0 0
vn 0 0 1
vn 0 1 0
vn -1 0 0
vn 0 0 1
vn 0 1 0
vn 0 -1 0
vn 0 0 -1
vn 1 0 0
vn 0 -1 0
vn 0 0 -1
vn -1 0 0
vn 0 -0.57061935 -0.82121469
vn -1 0 0
vn 0 0 1
vn 0 -0.57061935 -0.82121469
vn 0 0 -1
vn -0.092174407 0 -0.99574288
vn -1 0 0
vn 0 0 1
vn 0 -0.57061935 -0.82121469
vn 0 0 -1
vn -1 0 0
vn 0 -0.57061935 -0.82121469
vn 1 0 0
vn 0 0 1
vn 1 0 0
vn 0 0 1
vn 0 -0.57061935 -0.82121469
vn 0 0 -1
vn 1 0 0
vn 0 -0.57061935 -0.82121469
vn 0 0 -1
vn 0.092174407 0 -0.99574288
vn 0 -0.57061935 -0.82121469
vn 0.064727983 0 -0.99790295
vn 0 0 -1
vn 0.092174407 0 -0.99574288
vn 0 0.57077741 0.82110483
vn 0 -1 0
vn 0 0 -1
vn -1 0 0
vn 0.05888589 0 -0.99826472
vn 0 0.57061935 0.82121469
vn 0 0 -1
vn -1 0 0
vn 0 0 -1
vn -0.092174407 0 -0.99574288
vn 0 0.57077741 0.82110483
vn 0 0 -1
vn 1 0 0
vn 0 -1 0
vn 0 0 -1
vn 1 0 0
vn -0.05888589 0 -0.99826472
vn 0 0.57061935 0.82121469
vn -0.016652145 0 -0.99986134
vn 0 0.57046134 0.82132445
vn 0 -0.57061935 -0.82121469
vn -0.064727983 0 -0.99790295
vn 0 -0.57061935 -0.82121469
vn -0.01904167 0 -0.99981869
vn 0 -0.57061935 -0.82121469
vn 0.01904167 0 -0.99981869
vn 0.016652145 0 -0.99986134
vn 0 0.57046134 0.82132445
vn 0 -1 0
vn 0 0 -1
vn -1 0 0
vn 0 -1 0
vn 0 0 -1
vn 1 0 0
vn 0 -1 0
vn 0 0 -1
vn -1 0 0
vn 1 0 0
vn 0 0.044764335 -0.99899757
vn -1 0 0
vn 0 0.044764335 -0.99899757
vn 1 0 0
vn 0 0.044764335 -0.99899757
vn -1 0 0
vn 0 0.044764335 -0.99899757
vn 0 -1 0
vn 0 0 -1
vn 0 0 -1
vn 1 0 0
vn 0 0 -1
vn 0 0 -1
vn -1 0 0
vn 0 1 0
vn 0 -1 0
vn 0 0 -1
vn 1 0 0
vn 0 -1 0
vn 0 0 -1
vn 0 0 -1
vn -1 0 0
vn 0 -1 0
vn 0 0 -1
vn -1 0 0
vn 0 0 -1
vn 0 0 -1
vn 1 0 0
vn 0 1 0
vn -1 0 0
vn 0 0.044764335 -0.99899757
vn -1 0 0
vn 0 0.044764335 -0.99899757
vn 1 0 0
vn 0 0.044764335 -0.99899757
vn 1 0 0
vn 0 0.044764335 -0.99899757
vn 0 -1 0
vn 0 0 -1
vn 1 0 0
vn 1 0 0
vn 0 0 1
vn 0 1 0
vn -1 0 0
vn 0 0 1
vn 0 1 0
vn 0 -1 0
vn 0 0 -1
vn 1 0 0
vn 0 -1 0
vn 0 0 -1
vn -1 0 0
vn 0 -0.57061935 -0.82121469
vn -1 0 0
vn 0 0 1
vn 0 -0.57061935 -0.82121469
vn -0.092174407 0 -0.99574288
vn 0 1.744463e-05 -1
vn -1 0 0
vn 0 0 1
vn 0 -0.57061935 -0.82121469
vn 0 0 -1
vn -1 0 0
vn 0 -0.57061935 -0.82121469
vn 1 0 0
vn 0 0 1
vn 1 0 0
vn 0 0 1
vn 0 -0.57061935 -0.82121469
vn 0 0 -1
vn 1 0 0
vn 0 -0.57061935 -0.82121469
vn 0 0 -1
vn 0.092174407 0 -0.99574288
vn 0 -0.57061935 -0.82121469
vn 0.064727983 0 -0.99790295
vn 0 0 -1
vn 0.092174407 0 -0.99574288
vn 0 0.57077741 0.82110483
vn 0 -1 0
vn 0 0 -1
vn -1 0 0
vn 0.05888589 0 -0.99826472
vn 0 0.57061935 0.82121469
vn 0 0 -1
vn -1 0 0
vn 0 0 -1
vn -0.092174407 0 -0.99574288
vn 0 0.57077741 0.82110483
vn 0 0 -1
vn 1 0 0
vn 0 -1 0
vn 0 0 -1
vn 1 0 0
vn -0.05888589 0 -0.99826472
vn 0 0.57061935 0.82121469
vn -0.016652145 0 -0.99986134
vn 0 0.57046134 0.82132445
vn 0 -0.57061935 -0.82121469
vn -0.064727983 0 -0.99790295
vn 0 -0.57061935 -0.82121469
vn -0.01904167 0 -0.99981869
vn 0 -0.57061935 -0.82121469
vn 0.01904167 0 -0.99981869
vn 0.016652145 0 -0.99986134
vn 0 0.57046134 0.82132445
vn 0 -1 0
vn 0 0 -1
vn -1 0 0
vn 0 -1 0
vn 0 0 -1
vn 1 0 0
vn 0 -1 0
vn 0 0 -1
vn -1 0 0
vn 1 0 0
vn 0 0.044764335 -0.99899757
vn -1 0 0
vn 0 0.044764335 -0.99899757
vn 1 0 0
vn 0 0.044764335 -0.99899757
vn -1 0 0
vn 0 0.044764335 -0.99899757
vn 0 -1 0
vn 0 0 -1
vn 0 0 -1
vn 1 0 0
vn 0 0 -1
vn 0 0 -1
vn -1 0 0
vn 0 1 0
vn 0 -1 0
vn 0 0 -1
vn 1 0 0
vn 0 -1 0
vn 0 0 -1
vn 0 0 -1
vn -1 0 0
vn 0 -1 0
vn 0 0 -1
vn -1 0 0
vn 0 0 -1
vn 0 0 -1
vn 1 0 0
vn 0 1 0
vn -1 0 0
vn 0 0.044764335 -0.99899757
vn -1 0 0
vn 0 0.044764335 -0.99899757
vn 1 0 0
vn 0 0.044764335 -0.99899757
vn 1 0 0
vn 0 0.044764335 -0.99899757
vn 0 -1 0
vn 0 0 -1
vn 1 0 0
vn 1 0 0
vn 0 0 1
vn 0 1 0
vn -1 0 0
vn 0 0 1
vn 0 1 0
vn 0 -1 0
vn 0 0 -1
vn 1 0 0
vn 0 -1 0
vn 0 0 -1
vn -1 0 0
vn 0 -0.57061935 -0.82121469
vn -1 0 0
vn 0 0 1
vn 0 -0.57061935 -0.82121469
vn 0 -1.744463e-05 -1
vn -0.092164345 0 -0.99574381
vn -1 0 0
vn 0 0 1
vn 0 -0.57061935 -0.82121469
vn 0 0 -1
vn -1 0 0
vn 0 -0.57061935 -0.82121469
vn 1 0 0
vn 0 0 1
vn 1 0 0
vn 0 0 1
vn 0 -0.57061935 -0.82121469
vn 0 0 -1
vn 1 0 0
vn 0 -0.57061935 -0.82121469
vn 0 0 -1
vn 0.092164345 0 -0.99574381
vn 0 -0.57061935 -0.82121469
vn 0.064727983 0 -0.99790295
vn 0 0 -1
vn 0.092164345 0 -0.99574381
vn 0 0.57077741 0.82110483
vn 0 -1 0
vn 0 0 -1
vn -1 0 0
vn 0.05888589 0 -0.99826472
vn 0 0.57061935 0.82121469
vn 0 0 -1
vn -1 0 0
vn 0 0 -1
vn -0.092164345 0 -0.99574381
vn 0 0.57077741 0.82110483
vn 0 0 -1
vn 1 0 0
vn 0 -1 0
vn 0 0 -1
vn 1 0 0
vn -0.05888589 0 -0.99826472
vn 0 0.57061935 0.82121469
vn -0.016652145 -1.8734921e-05 -0.99986134
vn 0 0.5703034 0.82143413
vn 0 -0.57061935 -0.82121469
vn -0.064727983 0 -0.99790295
vn 0 -0.57061935 -0.82121469
vn -0.01904167 0 -0.99981869
vn 0 -0.57061935 -0.82121469
vn 0.01904167 0 -0.99981869
vn 0.016652145 0 -0.99986134
vn 0 0.5703034 0.82143413
vn 0 -1 0
vn 0 0 -1
vn -1 0 0
vn 0 -1 0
vn 0 0 -1
vn 1 0 0
vn 0 -1 0
vn 0 0 -1
vn -1 0 0
vn 1 0 0
vn 0 0.044764335 -0.99899757
vn -1 0 0
vn 0 0.044764335 -0.99899757
vn 1 0 0
vn 0 0.044764335 -0.99899757
vn -1 0 0
vn 0 0.044764335 -0.99899757
vn 0 -1 0
vn 0 0 -1
vn 0 0 -1
vn 1 0 0
vn 0 0 -1
vn 0 0 -1
vn -1 0 0
vn 0 1 0
vn 0 -1 0
vn 0 0 -1
vn 1 0 0
vn 0 -1 0
vn 0 0 -1
vn 0 0 -1
vn -1 0 0
vn 0 -1 0
vn 0 0 -1
vn -1 0 0
vn 0 0 -1
vn 0 0 -1
vn 1 0 0
vn 0 1 0
vn -1 0 0
vn 0 0.044764335 -0.99899757
vn -1 0 0
vn 0 0.044764335 -0.99899757
vn 1 0 0
vn 0 0.044764335 -0.99899757
vn 1 0 0
vn 0 0.044764335 -0.99899757
vn 0 -1 0
vn 0 0 -1
vn 1 0 0
vn 1 0 0
vn 0 0 1
vn 0 1 0
vn -1 0 0
vn 0 0 1
vn 0 1 0
vn 0 -1 0
vn 0 0 -1
vn 1 0 0
vn 0 -1 0
vn 0 0 -1
vn -1 0 0
vn 0 -0.57061935 -0.82121469
vn -1 0 0
vn 0 0 1
vn 0 -0.57061935 -0.82121469
vn 0 0 -1
vn -0.092164345 0 -0.99574381
vn -1 0 0
vn 0 0 1
vn 0 -0.57061935 -0.82121469
vn 0 0 -1
vn -1 0 0
vn 0 -0.57061935 -0.82121469
vn 1 0 0
vn 0 0 1
vn 1 0 0
vn 0 0 1
vn 0 -0.57061935 -0.82121469
vn 0 0 -1
vn 1 0 0
vn 0 -0.57061935 -0.82121469
vn 0 0 -1
vn 0.092164345 0 -0.99574381
vn 0 -0.57061935 -0.82121469
vn 0.064727983 0 -0.99790295
vn 0 0 -1
vn 0.092164345 0 -0.99574381
vn 0 0.57077741 0.82110483
vn 0 -1 0
vn 0 0 -1
vn -1 0 0
vn 0.05888589 0 -0.99826472
vn 0 0.57061935 0.82121469
vn 0 0 -1
vn -1 0 0
vn 0 0 -1
vn -0.092164345 0 -0.99574381
vn 0 0.57077741 0.82110483
vn 0 0 -1
vn 1 0 0
vn 0 -1 0
vn 0 0 -1
vn 1 0 0
vn -0.05888589 0 -0.99826472
vn 0 0.57061935 0.82121469
vn -0.016652145 0 -0.99986134
vn 0 0.57026372 0.82146168
vn 0 -0.57061935 -0.82121469
vn -0.064727983 0 -0.99790295
vn 0 -0.57061935 -0.82121469
vn -0.01904167 0 -0.99981869
vn 0 -0.57061935 -0.82121469
vn 0.01904167 0 -0.99981869
vn 0.016652145 0 -0.99986134
vn 0 0.57026372 0.82146168
vn 0 -1 0
vn 0 0 -1
vn -1 0 0
vn 0 -1 0
vn 0 0 -1
vn 1 0 0
vn 0 -1 0
vn 0 0 -1
vn -1 0 0
vn 1 0 0
vn 0 0.044768945 -0.99899737
vn -1 0 0
vn 0 0.044768945 -0.99899737
vn 1 0 0
vn 0 0.044768945 -0.99899737
vn -1 0 0
vn 0 0.044768945 -0.99899737
vn 0 -1 0
vn 0 0 -1
vn 0 0 -1
vn 1 0 0
vn 0 0 -1
vn 0 0 -1
vn -1 0 0
vn 0 1 0
vn 0 -1 0
vn 0 0 -1
vn 1 0 0
vn 0 -1 0
vn 0 0 -1
vn 0 0 -1
vn -1 0 0
vn 0 -1 0
vn 0 0 -1
vn -1 0 0
vn 0 0 -1
vn 0 0 -1
vn 1 0 0
vn 0 1 0
vn -1 0 0
vn 0 0.044768945 -0.99899737
vn -1 0 0
vn 0 0.044768945 -0.99899737
vn 1 0 0
vn 0 0.044768945 -0.99899737
vn 1 0 0
vn 0 0.044768945 -0.99899737
vn 0 -1 0
vn 0 0 -1
vn 1 0 0
vn 1 0 0
vn 0 0 1
vn 0 1 0
vn -1 0 0
vn 0 0 1
vn 0 1 0
vn 0 -1 0
vn 0 0 -1
vn 1 0 0
vn 0 -1 0
vn 0 0 -1
vn -1 0 0
vn 0 -0.57061935 -0.82121469
vn -1 0 0
vn 0 0 1
vn 0 -0.57061935 -0.82121469
vn 0 0 -1
vn -0.092164345 0 -0.99574381
vn -1 0 0
vn 0 0 1
vn 0 -0.57061935 -0.82121469
vn 0 0 -1
vn -1 0 0
vn 0 -0.57061935 -0.82121469
vn 1 0 0
vn 0 0 1
vn 1 0 0
vn 0 0 1
vn 0 -0.57061935 -0.82121469
vn 0 0 -1
vn 1 0 0
vn 0 -0.57061935 -0.82121469
vn 0 0 -1
vn 0.092164345 0 -0.99574381
vn 0 -0.57061935 -0.82121469
vn 0.064727983 0 -0.99790295
vn 0 0 -1
vn 0.092164345 0 -0.99574381
vn 0 0.57077741 0.82110483
vn 0 -1 0
vn 0 0 -1
vn -1 0 0
vn 0.05888589 0 -0.99826472
vn 0 0.57061935 0.82121469
vn 0 0 -1
vn -1 0 0
vn 0 0 -1
vn -0.092164345 0 -0.99574381
vn 0 0.57077741 0.82110483
vn 0 0 -1
vn 1 0 0
vn 0 -1 0
vn 0 0 -1
vn 1 0 0
vn -0.05888589 0 -0.99826472
vn 0 0.57061935 0.82121469
vn -0.016652145 0 -0.99986134
vn 0 0.5703034 0.82143413
vn 0 -0.57061935 -0.82121469
vn -0.064727983 0 -0.99790295
vn 0 -0.57061935 -0.82121469
vn -0.01904167 0 -0.99981869
vn 0 -0.57061935 -0.82121469
vn 0.01904167 -1.9113936e-05 -0.99981869
vn 0.016652145 -1.8734921e-05 -0.99986134
vn 0 0.5703034 0.82143413
vn 0 -1 0
vn 0 0 -1
vn -1 0 0
vn 0 -1 0
vn 0 0 -1
vn 1 0 0
vn 0 -1 0
vn 0 0 -1
vn -1 0 0
vn 1 0 0
vn 0 0.044764335 -0.99899757
vn -1 0 0
vn 0 0.044764335 -0.99899757
vn 1 0 0
vn 0 0.044764335 -0.99899757
vn -1 0 0
vn 0 0.044764335 -0.99899757
vn 0 -1 0
vn 0 0 -1
vn 0 0 -1
vn 1 0 0
vn 0 0 -1
vn 0 0 -1
vn -1 0 0
vn 0 1 0
vn 0 -1 0
vn 0 0 -1
vn 1 0 0
vn 0 -1 0
vn 0 0 -1
vn 0 0 -1
vn -1 0 0
vn 0 -1 0
vn 0 0 -1
vn -1 0 0
vn 0 0 -1
vn 0 0 -1
vn 1 0 0
vn 0 1 0
vn -1 0 0
vn 0 0.044764335 -0.99899757
vn -1 0 0
vn 0 0.044764335 -0.99899757
vn 1 0 0
vn 0 0.044764335 -0.99899757
vn 1 0 0
vn 0 0.044764335 -0.99899757
vn 0 -1 0
vn 0 0 -1
vn 1 0 0
vn 1 0 0
vn 0 0 1
vn 0 1 0
vn -1 0 0
vn 0 0 1
vn 0 1 0
vn 0 -1 0
vn 0 0 -1
vn 1 0 0
vn 0 -1 0
vn 0 0 -1
vn -1 0 0
vn 0 -0.57061935 -0.82121469
vn -1 0 0
vn 0 0 1
vn 0 -0.57061935 -0.82121469
vn 0 0 -1
vn -0.092174407 0 -0.99574288
vn -1 0 0
vn 0 0 1
vn 0 -0.57061935 -0.82121469
vn 0 0 -1
vn -1 0 0
vn 0 -0.57061935 -0.82121469
vn 1 0 0
vn 0 0 1
vn 1 0 0
vn 0 0 1
vn 0 -0.57061935 -0.82121469
vn 0 0 -1
vn 1 0 0
vn 0 -0.57061935 -0.82121469
vn 0 0 -1
vn 0.092174407 0 -0.99574288
vn 0 -0.57061935 -0.82121469
vn 0.064727983 0 -0.99790295
vn 0 0 -1
vn 0.092174407 0 -0.99574288
vn 0 0.57077741 0.82110483
vn 0 -1 0
vn 0 0 -1
vn -1 0 0
vn 0.05888589 0 -0.99826472
vn 0 0.57061935 0.82121469
vn 0 0 -1
vn -1 0 0
vn 0 0 -1
vn -0.092174407 0 -0.99574288
vn 0 0.57077741 0.82110483
vn 0 0 -1
vn 1 0 0
vn 0 -1 0
vn 0 0 -1
vn 1 0 0
vn -0.05888589 0 -0.99826472
vn 0 0.57061935 0.82121469
vn -0.016652145 -1.8734921e-05 -0.99986134
vn 0 0.5703034 0.82143413
vn 0 -0.57061935 -0.82121469
vn -0.064727983 0 -0.99790295
vn 0 -0.57061935 -0.82121469
vn -0.01904167 -1.9113936e-05 -0.99981869
vn 0 -0.57061935 -0.82121469
vn 0.01904167 -1.9113936e-05 -0.99981869
vn 0.016652145 -1.8734921e-05 -0.99986134
vn 0 0.5703034 0.82143413
vn 0 -1 0
vn 0 0 -1
vn -1 0 0
vn 0 -1 0
vn 0 0 -1
vn 1 0 0
vn 0 -1 0
vn 0 0 -1
vn -1 0 0
vn 1 0 0
vn 0 0.044768945 -0.99899737
vn -1 0 0
vn 0 0.044768945 -0.99899737
vn 1 0 0
vn 0 0.044768945 -0.99899737
vn -1 0 0
vn 0 0.044768945 -0.99899737
vn 0 -1 0
vn 0 -1.744463e-05 -1
vn 0 -1.744463e-05 -1
vn 1 0 0
vn 0 -1.744463e-05 -1
vn 0 -1.744463e-05 -1
vn -1 0 0
vn 0 1 0
vn 0 -1 0
vn 0 0 -1
vn 1 0 0
vn 0 -1 0
vn 0 -1.744463e-05 -1
vn 0 -1.744463e-05 -1
vn -1 0 0
vn 0 -1 0
vn 0 0 -1
vn -1 0 0
vn 0 -1.744463e-05 -1
vn 0 -1.744463e-05 -1
vn 1 0 0
vn 0 1 0
vn -1 0 0
vn 0 0.044768945 -0.99899737
vn -1 0 0
vn 0 0.044768945 -0.99899737
vn 1 0 0
vn 0 0.044768945 -0.99899737
vn 1 0 0
vn 0 0.044768945 -0.99899737
vn 0 -1 0
vn 0 0 -1
vn 1 0 0
vn 1 0 0
vn 0 0 1
vn 0 1 0
vn -1 0 0
vn 0 0 1
vn 0 1 0
vn 0 -1 0
vn 0 0 -1
vn 1 0 0
vn 0 -1 0
vn 0 0 -1
vn -1 0 0
vn 0 -1 0
vn -1 0 0
vn 0 0 1
vn 0 -1 0
vn 0 0 -1
vn -1 0 0
vn 0 -1 0
vn -1 0 0
vn 0 0 1
vn 0 -1 0
vn 0.018317754 0 -0.99983222
vn 1 0 0
vn -1 0 0
vn 0 0 1
vn 0 1 0
vn 0 0 -1
vn -1 0 0
vn 0 1 0
vn -1 0 0
vn 0 0 1
vn 0 1 0
vn 0.018317754 0 -0.99983222
vn 1 0 0
vn 0 1 0
vn 0.018317754 0 -0.99983222
vn 1 0 0
vn 0 1 0
vn 0 0 -1
vn 1 0 0
vn 0 1 0
vn 0 -1 0
vn 0 0 -1
vn 1 0 0
vn 1 0 0
vn 0 0 1
vn 0 1 0
vn 0 -1 0
vn 0.018317754 0 -0.99983222
vn 1 0 0
vn 0 -1 0
vn 1 0 0
vn 0 0 1
vn 0 -1 0
vn -1 0 0
vn 0 0 1
vn -1 0 0
vn 0 0 1
vn 0 1 0
vn 0 -1 0
vn -1 0 0
vn 0 0 1
vn 0 -1 0
vn 0 0 -1
vn -1 0 0
vn 0 -1 0
vn -1 0 0
vn 0 0 1
vn 0 -1 0
vn 0.018317754 0 -0.99983222
vn 1 0 0
vn -1 0 0
vn 0 0 1
vn 0 1 0
vn 0 0 -1
vn -1 0 0
vn 0 1 0
vn -1 0 0
vn 0 0 1
vn 0 1 0
vn 0.018317754 0 -0.99983222
vn 1 0 0
vn 0 1 0
vn 0.018317754 0 -0.99983222
vn 1 0 0
vn 0 1 0
vn 0 0 -1
vn 1 0 0
vn 0 1 0
vn 0 -1 0
vn 0 0 -1
vn 1 0 0
vn 1 0 0
vn 0 0 1
vn 0 1 0
vn 0 -1 0
vn 0.018317754 0 -0.99983222
vn 1 0 0
vn 0 -1 0
vn 1 0 0
vn 0 0 1
vn 0 -1 0
vn -1 0 0
vn 0 0 1
vn -1 0 0
vn 0 0 1
vn 0 1 0
vn 0 -1 0
vn -1 0 0
vn 0 0 1
vn 0 -1 0
vn 0 0 -1
vn -1 0 0
vn 0 -1 0
vn -1 0 0
vn 0 0 1
vn 0 -1 0
vn 0.018317754 0 -0.99983222
vn 1 0 0
vn -1 0 0
vn 0 0 1
vn 0 1 0
vn 0 0 -1
vn -1 0 0
vn 0 1 0
vn -1 0 0
vn 0 0 1
vn 0 1 0
vn 0.018317754 0 -0.99983222
vn 1 0 0
vn 0 1 0
vn 0.018317754 0 -0.99983222
vn 1 0 0
vn 0 1 0
vn 0 0 -1
vn 1 0 0
vn 0 1 0
vn 0 -1 0
vn 0 0 -1
vn 1 0 0
vn 1 0 0
vn 0 0 1
vn 0 1 0
vn 0 -1 0
vn 0.018317754 0 -0.99983222
vn 1 0 0
vn 0 -1 0
vn 1 0 0
vn 0 0 1
vn 0 -1 0
vn -1 0 0
vn 0 0 1
vn -1 0 0
vn 0 0 1
vn 0 1 0
vn 0 -1 0
vn -1 0 0
vn 0 0 1
vn 0 -1 0
vn 0 0 -1
vn -1 0 0
vn 0 -1 0
vn -1 0 0
vn 0 0 1
vn 0 -1 0
vn 0.018315762 0 -0.99983225
vn 1 0 0
vn -1 0 0
vn 0 0 1
vn 0 1 0
vn 0 0 -1
vn -1 0 0
vn 0 1 0
vn -1 0 0
vn 0 0 1
vn 0 1 0
vn 0.018315762 0 -0.99983225
vn 1 0 0
vn 0 1 0
vn 0.018315762 0 -0.99983225
vn 1 0 0
vn 0 1 0
vn 0 0 -1
vn 1 0 0
vn 0 1 0
vn 0 -1 0
vn 0 0 -1
vn 1 0 0
vn 1 0 0
vn 0 0 1
vn 0 1 0
vn 0 -1 0
vn 0.018315762 0 -0.99983225
vn 1 0 0
vn 0 -1 0
vn 1 0 0
vn 0 0 1
vn 0 -1 0
vn -1 0 0
vn 0 0 1
vn -1 0 0
vn 0 0 1
vn 0 1 0
vn 0 -1 0
vn -1 0 0
vn 0 0 1
vn 0 -1 0
vn 0 0 -1
vn -1 0 0
vn 0 -1 0
vn -1 0 0
vn 0 0 1
vn 0 -1 0
vn 0.018317754 0 -0.99983222
vn 1 0 0
vn -1 0 0
vn 0 0 1
vn 0 1 0
vn 0 0 -1
vn -1 0 0
vn 0 1 0
vn -1 0 0
vn 0 0 1
vn 0 1 0
vn 0.018317754 0 -0.99983222
vn 1 0 0
vn 0 1 0
vn 0.018317754 0 -0.99983222
vn 1 0 0
vn 0 1 0
vn 0 0 -1
vn 1 0 0
vn 0 1 0
vn 0 -1 0
vn 0 0 -1
vn 1 0 0
vn 1 0 0
vn 0 0 1
vn 0 1 0
vn 0 -1 0
vn 0.018317754 0 -0.99983222
vn 1 0 0
vn 0 -1 0
vn 1 0 0
vn 0 0 1
vn 0 -1 0
vn -1 0 0
vn 0 0 1
vn -1 0 0
vn 0 0 1
vn 0 1 0
vn 0 -1 0
vn -1 0 0
vn 0 0 1
vn 0 -1 0
vn 0 0 -1
vn -1 0 0
vn 0 -1 0
vn -1 0 0
vn 0 0 1
vn 0 -1 0
vn 0.018317754 0 -0.99983222
vn 1 0 0
vn -1 0 0
vn 0 0 1
vn 0 1 0
vn 0 0 -1
vn -1 0 0
vn 0 1 0
vn -1 0 0
vn 0 0 1
vn 0 1 0
vn 0.018317754 0 -0.99983222
vn 1 0 0
vn 0 1 0
vn 0.018317754 0 -0.99983222
vn 1 0 0
vn 0 1 0
vn 0 0 -1
vn 1 0 0
vn 0 1 0
vn 0 -1 0
vn 0 0 -1
vn 1 0 0
vn 1 0 0
vn 0 0 1
vn 0 1 0
vn 0 -1 0
vn 0.018317754 0 -0.99983222
vn 1 0 0
vn 0 -1 0
vn 1 0 0
vn 0 0 1
vn 0 -1 0
vn -1 0 0
vn 0 0 1
vn -1 0 0
vn 0 0 1
vn 0 1 0
vn 0 -1 0
vn -1 0 0
vn 0 0 1
vn 0 -1 0
vn 0 0 -1
vn -1 0 0
vn 0 -1 0
vn -1 0 0
vn 0 0 1
vn 0 -1 0
vn 0.018317754 0 -0.99983222
vn 1 0 0
vn -1 0 0
vn 0 0 1
vn 0 1 0
vn 0 0 -1
vn -1 0 0
vn 0 1 0
vn -1 0 0
vn 0 0 1
vn 0 1 0
vn 0.018317754 0 -0.99983222
vn 1 0 0
vn 0 1 0
vn 0.018317754 0 -0.99983222
vn 1 0 0
vn 0 1 0
vn 0 0 -1
vn 1 0 0
vn 0 1 0
vn 0 -1 0
vn 0 0 -1
vn 1 0 0
vn 1 0 0
vn 0 0 1
vn 0 1 0
vn 0 -1 0
vn 0.018317754 0 -0.99983222
vn 1 0 0
vn 0 -1 0
vn 1 0 0
vn 0 0 1
vn 0 -1 0
vn -1 0 0
vn 0 0 1
vn -1 0 0
vn 0 0 1
vn 0 1 0
vn 0 -1 0
vn -1 0 0
vn 0 0 1
vn 0 -1 0
vn 0 0 -1
vn -1 0 0
vn 0 -1 0
vn -1 0 0
vn 0 0 1
vn 0 -1 0
vn 0.018317754 0 -0.99983222
vn 1 0 0
vn -1 0 0
vn 0 0 1
vn 0 1 0
vn 0 0 -1
vn -1 0 0
vn 0 1 0
vn -1 0 0
vn 0 0 1
vn 0 1 0
vn 0.018317754 0 -0.99983222
vn 1 0 0
vn 0 1 0
vn 0.018317754 0 -0.99983222
vn 1 0 0
vn 0 1 0
vn 0 0 -1
vn 1 0 0
vn 0 1 0
vn 0 -1 0
vn 0 0 -1
vn 1 0 0
vn 1 0 0
vn 0 0 1
vn 0 1 0
vn 0 -1 0
vn 0.018317754 0 -0.99983222
vn 1 0 0
vn 0 -1 0
vn 1 0 0
vn 0 0 1
vn 0 -1 0
vn -1 0 0
vn 0 0 1
vn -1 0 0
vn 0 0 1
vn 0 1 0
vn 0 -1 0
vn -1 0 0
vn 0 0 1
vn 0 -1 0
vn 0 0 -1
vn -1 0 0
vn 0 -1 0
vn -1 0 0
vn 0 0 1
vn 0 -1 0
vn 0.018317754 0 -0.99983222
vn 1 0 0
vn -1 0 0
vn 0 0 1
vn 0 1 0
vn 0 0 -1
vn -1 0 0
vn 0 1 0
vn -1 0 0
vn 0 0 1
vn 0 1 0
vn 0.018317754 0 -0.99983222
vn 1 0 0
vn 0 1 0
vn 0.018317754 0 -0.99983222
vn 1 0 0
vn 0 1 0
vn 0 0 -1
vn 1 0 0
vn 0 1 0
vn 0 -1 0
vn 0 0 -1
vn 1 0 0
vn 1 0 0
vn 0 0 1
vn 0 1 0
vn 0 -1 0
vn 0.018317754 0 -0.99983222
vn 1 0 0
vn 0 -1 0
vn 1 0 0
vn 0 0 1
vn 0 -1 0
vn -1 0 0
vn 0 0 1
vn -1 0 0
vn 0 0 1
vn 0 1 0
vn 0 -1 0
vn -1 0 0
vn 0 0 1
vn 0 -1 0
vn 0 0 -1
vn -1 0 0
vn 0 -1 0
vn -1 0 0
vn 0 0 1
vn 0 -1 0
vn 0.018317754 0 -0.99983222
vn 1 0 0
vn -1 0 0
vn 0 0 1
vn 0 1 0
vn 0 0 -1
vn -1 0 0
vn 0 1 0
vn -1 0 0
vn 0 0 1
vn 0 1 0
vn 0.018317754 0 -0.99983222
vn 1 0 0
vn 0 1 0
vn 0.018317754 0 -0.99983222
vn 1 0 0
vn 0 1 0
vn 0 0 -1
vn 1 0 0
vn 0 1 0
vn 0 -1 0
vn 0 0 -1
vn 1 0 0
vn 1 0 0
vn 0 0 1
vn 0 1 0
vn 0 -1 0
vn 0.018317754 0 -0.99983222
vn 1 0 0
vn 0 -1 0
vn 1 0 0
vn 0 0 1
vn 0 -1 0
vn -1 0 0
vn 0 0 1
vn -1 0 0
vn 0 0 1
vn 0 1 0
vn 0 -1 0
vn -1 0 0
vn 0 0 1
vn 0 -1 0
vn 0 0 -1
vn -1 0 0
vn 0 -1 0
vn -1 0 0
vn 0 0 1
vn 0 -1 0
vn 0.018317754 0 -0.99983222
vn 1 0 0
vn -1 0 0
vn 0 0 1
vn 0 1 0
vn 0 0 -1
vn -1 0 0
vn 0 1 0
vn -1 0 0
vn 0 0 1
vn 0 1 0
vn 0.018317754 0 -0.99983222
vn 1 0 0
vn 0 1 0
vn 0.018317754 0 -0.99983222
vn 1 0 0
vn 0 1 0
vn 0 0 -1
vn 1 0 0
vn 0 1 0
vn 0 -1 0
vn 0 0 -1
vn 1 0 0
vn 1 0 0
vn 0 0 1
vn 0 1 0
vn 0 -1 0
vn 0.018317754 0 -0.99983222
vn 1 0 0
vn 0 -1 0
vn 1 0 0
vn 0 0 1
vn 0 -1 0
vn -1 0 0
vn 0 0 1
vn -1 0 0
vn 0 0 1
vn 0 1 0
vn 0 -1 0
vn -1 0 0
vn 0 0 1
vn 0 -1 0
vn 0 0 -1
vn -1 0 0
vn 0 -1 0
vn -1 0 0
vn 0 0 1
vn 0 -1 0
vn 0.018317754 0 -0.99983222
vn 1 0 0
vn -1 0 0
vn 0 0 1
vn 0 1 0
vn 0 0 -1
vn -1 0 0
vn 0 1 0
vn -1 0 0
vn 0 0 1
vn 0 1 0
vn 0.018317754 0 -0.99983222
vn 1 0 0
vn 0 1 0
vn 0.018317754 0 -0.99983222
vn 1 0 0
vn 0 1 0
vn 0 0 -1
vn 1 0 0
vn 0 1 0
vn 0 -1 0
vn 0 0 -1
vn 1 0 0
vn 1 0 0
vn 0 0 1
vn 0 1 0
vn 0 -1 0
vn 0.018317754 0 -0.99983222
vn 1 0 0
vn 0 -1 0
vn 1 0 0
vn 0 0 1
vn 0 -1 0
vn -1 0 0
vn 0 0 1
vn -1 0 0
vn 0 0 1
vn 0 1 0
vn 0 -1 0
vn -1 0 0
vn 0 0 1
vn 0 -1 0
vn 0 0 -1
vn -1 0 0
vn 0 -1 0
vn -1 0 0
vn 0 0 1
vn 0 -1 0
vn 0.018317754 0 -0.99983222
vn 1 0 0
vn -1 0 0
vn 0 0 1
vn 0 1 0
vn 0 0 -1
vn -1 0 0
vn 0 1 0
vn -1 0 0
vn 0 0 1
vn 0 1 0
vn 0.018317754 0 -0.99983222
vn 1 0 0
vn 0 1 0
vn 0.018317754 0 -0.99983222
vn 1 0 0
vn 0 1 0
vn 0 0 -1
vn 1 0 0
vn 0 1 0
vn 0 -1 0
vn 0 0 -1
vn 1 0 0
vn 1 0 0
vn 0 0 1
vn 0 1 0
vn 0 -1 0
vn 0.018317754 0 -0.99983222
vn 1 0 0
vn 0 -1 0
vn 1 0 0
vn 0 0 1
vn 0 -1 0
vn -1 0 0
vn 0 0 1
vn -1 0 0
vn 0 0 1
vn 0 1 0
vn 0 -1 0
vn -1 0 0
vn 0 0 1
vn 0 -1 0
vn 0 0 -1
vn -1 0 0
vn 0 -1 0
vn -1 0 0
vn 0 0 1
vn 0 -1 0
vn 0.018317754 0 -0.99983222
vn 1 0 0
vn -1 0 0
vn 0 0 1
vn 0 1 0
vn 0 0 -1
vn -1 0 0
vn 0 1 0
vn -1 0 0
vn 0 0 1
vn 0 1 0
vn 0.018317754 0 -0.99983222
vn 1 0 0
vn 0 1 0
vn 0.018317754 0 -0.99983222
vn 1 0 0
vn 0 1 0
vn 0 0 -1
vn 1 0 0
vn 0 1 0
vn 0 -1 0
vn 0 0 -1
vn 1 0 0
vn 1 0 0
vn 0 0 1
vn 0 1 0
vn 0 -1 0
vn 0.018317754 0 -0.99983222
vn 1 0 0
vn 0 -1 0
vn 1 0 0
vn 0 0 1
vn 0 -1 0
vn -1 0 0
vn 0 0 1
vn -1 0 0
vn 0 0 1
vn 0 1 0
vn 0 -1 0
vn 0 0 -1
vn -1 0 0
vn 0 0 -1
vn -1 0 0
vn 0 1 0
vn 0 -1 0
vn 0 0 -1
vn 1 0 0
vn 0 -1 0
vn -1 0 0
vn 0 0 1
vn -1 0 0
vn 0 0 1
vn 0 1 0
vn 0 -1 0
vn 1 0 0
vn 0 0 1
vn 1 0 0
vn 0 0 1
vn 0 1 0
vn 0 0 -1
vn 1 0 0
vn 0 1 0
vn 0 -1 0
vn 0 0 -1
vn -1 0 0
vn 0 0 -1
vn -1 0 0
vn 0 1 0
vn 0 -1 0
vn 0 0 -1
vn 1 0 0
vn 0 -1 0
vn -1 0 0
vn 0 0 1
vn -1 0 0
vn 0 0 1
vn 0 1 0
vn 0 -1 0
vn 1 0 0
vn 0 0 1
vn 1 0 0
vn 0 0 1
vn 0 1 0
vn 0 0 -1
vn 1 0 0
vn 0 1 0
vn 0 -1 0
vn 0 0 -1
vn -1 0 0
vn 0 0 -1
vn -1 0 0
vn 0 1 0
vn 0 -1 0
vn 0 0 -1
vn 1 0 0
vn 0 -1 0
vn -1 0 0
vn 0 0 1
vn -1 0 0
vn 0 0 1
vn 0 1 0
vn 0 -1 0
vn 1 0 0
vn 0 0 1
vn 1 0 0
vn 0 0 1
vn 0 1 0
vn 0 0 -1
vn 1 0 0
vn 0 1 0
vn 0 -1 0
vn 0 0 -1
vn -1 0 0
vn 0 0 -1
vn -1 0 0
vn 0 1 0
vn 0 -1 0
vn 0 0 -1
vn 1 0 0
vn 0 -1 0
vn -1 0 0
vn 0 0 1
vn -1 0 0
vn 0 0 1
vn 0 1 0
vn 0 -1 0
vn 1 0 0
vn 0 0 1
vn 1 0 0
vn 0 0 1
vn 0 1 0
vn 0 0 -1
vn 1 0 0
vn 0 1 0
vn 0 -1 0
vn 0 0 -1
vn -1 0 0
vn 0 0 -1
vn -1 0 0
vn 0 1 0
vn 0 -1 0
vn 0 0 -1
vn 1 0 0
vn 0 -1 0
vn -1 0 0
vn 0 0 1
vn -1 0 0
vn 0 0 1
vn 0 1 0
vn 0 -1 0
vn 1 0 0
vn 0 0 1
vn 1 0 0
vn 0 0 1
vn 0 1 0
vn 0 0 -1
vn 1 0 0
vn 0 1 0
vn 0 -1 0
vn 0 0 -1
vn -1 0 0
vn 0 0 -1
vn -1 0 0
vn 0 1 0
vn 0 -1 0
vn 0 0 -1
vn 1 0 0
vn 0 -1 0
vn -1 0 0
vn 0 0 1
vn -1 0 0
vn 0 0 1
vn 0 1 0
vn 0 -1 0
vn 1 0 0
vn 0 0 1
vn 1 0 0
vn 0 0 1
vn 0 1 0
vn 0 0 -1
vn 1 0 0
vn 0 1 0
vn 0 -1 0
vn 0 0 -1
vn -1 0 0
vn 0 0 -1
vn -1 0 0
vn 0 1 0
vn 0 -1 0
vn 0 0 -1
vn 1 0 0
vn 0 -1 0
vn -1 0 0
vn 0 0 1
vn -1 0 0
vn 0 0 1
vn 0 1 0
vn 0 -1 0
vn 1 0 0
vn 0 0 1
vn 1 0 0
vn 0 0 1
vn 0 1 0
vn 0 0 -1
vn 1 0 0
vn 0 1 0
vn 0 -1 0
vn 0 0 -1
vn -1 0 0
vn 0 0 -1
vn -1 0 0
vn 0 1 0
vn 0 -1 0
vn 0 0 -1
vn 1 0 0
vn 0 -1 0
vn -1 0 0
vn 0 0 1
vn -1 0 0
vn 0 0 1
vn 0 1 0
vn 0 -1 0
vn 1 0 0
vn 0 0 1
vn 1 0 0
vn 0 0 1
vn 0 1 0
vn 0 0 -1
vn 1 0 0
vn 0 1 0
vn 0 -1 0
vn 0 0 -1
vn -1 0 0
vn 0 0 -1
vn -1 0 0
vn 0 1 0
vn 0 -1 0
vn 0 0 -1
vn 1 0 0
vn 0 -1 0
vn -1 0 0
vn 0 0 1
vn -1 0 0
vn 0 0 1
vn 0 1 0
vn 0 -1 0
vn 1 0 0
vn 0 0 1
vn 1 0 0
vn 0 0 1
vn 0 1 0
vn 0 0 -1
vn 1 0 0
vn 0 1 0
vn 0 -1 0
vn 0 0 -1
vn -1 0 0
vn 0 0 -1
vn -1 0 0
vn 0 1 0
vn 0 -1 0
vn 0 0 -1
vn 1 0 0
vn 0 -1 0
vn -1 0 0
vn 0 0 1
vn -1 0 0
vn 0 0 1
vn 0 1 0
vn 0 -1 0
vn 1 0 0
vn 0 0 1
vn 1 0 0
vn 0 0 1
vn 0 1 0
vn 0 0 -1
vn 1 0 0
vn 0 1 0
vn 0 -1 0
vn 0 0 -1
vn -1 0 0
vn 0 0 -1
vn -1 0 0
vn 0 1 0
vn 0 -1 0
vn 0 0 -1
vn 1 0 0
vn 0 -1 0
vn -1 0 0
vn 0 0 1
vn -1 0 0
vn 0 0 1
vn 0 1 0
vn 0 -1 0
vn 1 0 0
vn 0 0 1
vn 1 0 0
vn 0 0 1
vn 0 1 0
vn 0 0 -1
vn 1 0 0
vn 0 1 0
vn 0 -1 0
vn 0 0 -1
vn -1 0 0
vn 0 0 -1
vn -1 0 0
vn 0 1 0
vn 0 -1 0
vn 0 0 -1
vn 1 0 0
vn 0 -1 0
vn -1 0 0
vn 0 0 1
vn -1 0 0
vn 0 0 1
vn 0 1 0
vn 0 -1 0
vn 1 0 0
vn 0 0 1
vn 1 0 0
vn 0 0 1
vn 0 1 0
vn 0 0 -1
vn 1 0 0
vn 0 1 0
vn 0 -1 0
vn 0 0 -1
vn -1 0 0
vn 0 0 -1
vn -1 0 0
vn 0 1 0
vn 0 -1 0
vn 0 0 -1
vn 1 0 0
vn 0 -1 0
vn -1 0 0
vn 0 0 1
vn -1 0 0
vn 0 0 1
vn 0 1 0
vn 0 -1 0
vn 1 0 0
vn 0 0 1
vn 1 0 0
vn 0 0 1
vn 0 1 0
vn 0 0 -1
vn 1 0 0
vn 0 1 0
vn 0 -1 0
vn 0 0 -1
vn -1 0 0
vn 0 0 -1
vn -1 0 0
vn 0 1 0
vn 0 -1 0
vn 0 0 -1
vn 1 0 0
vn 0 -1 0
vn -1 0 0
vn 0 0 1
vn -1 0 0
vn 0 0 1
vn 0 1 0
vn 0 -1 0
vn 1 0 0
vn 0 0 1
vn 1 0 0
vn 0 0 1
vn 0 1 0
vn 0 0 -1
vn 1 0 0
vn 0 1 0
vn 0 -1 0
vn 1 0 0
vn 0 0 1
vn 0 -1 0
vn 0 0 -1
vn 1 0 0
vn 0 -1 0
vn 1 0 0
vn 0 0 1
vn 0 -1 0
vn -0.018317754 0 -0.99983222
vn -1 0 0
vn 1 0 0
vn 0 0 1
vn 0 1 0
vn 0 0 -1
vn 1 0 0
vn 0 1 0
vn 1 0 0
vn 0 0 1
vn 0 1 0
vn -0.018317754 0 -0.99983222
vn -1 0 0
vn 0 1 0
vn -0.018317754 0 -0.99983222
vn -1 0 0
vn 0 1 0
vn 0 0 -1
vn -1 0 0
vn 0 1 0
vn 0 -1 0
vn 0 0 -1
vn -1 0 0
vn -1 0 0
vn 0 0 1
vn 0 1 0
vn 0 -1 0
vn -0.018317754 0 -0.99983222
vn -1 0 0
vn 0 -1 0
vn -1 0 0
vn 0 0 1
vn 0 -1 0
vn 1 0 0
vn 0 0 1
vn 1 0 0
vn 0 0 1
vn 0 1 0
vn 0 -1 0
vn 1 0 0
vn 0 0 1
vn 0 -1 0
vn 0 0 -1
vn 1 0 0
vn 0 -1 0
vn 1 0 0
vn 0 0 1
vn 0 -1 0
vn -0.018317754 0 -0.99983222
vn -1 0 0
vn 1 0 0
vn 0 0 1
vn 0 1 0
vn 0 0 -1
vn 1 0 0
vn 0 1 0
vn 1 0 0
vn 0 0 1
vn 0 1 0
vn -0.018317754 0 -0.99983222
vn -1 0 0
vn 0 1 0
vn -0.018317754 0 -0.99983222
vn -1 0 0
vn 0 1 0
vn 0 0 -1
vn -1 0 0
vn 0 1 0
vn 0 -1 0
vn 0 0 -1
vn -1 0 0
vn -1 0 0
vn 0 0 1
vn 0 1 0
vn 0 -1 0
vn -0.018317754 0 -0.99983222
vn -1 0 0
vn 0 -1 0
vn -1 0 0
vn 0 0 1
vn 0 -1 0
vn 1 0 0
vn 0 0 1
vn 1 0 0
vn 0 0 1
vn 0 1 0
vn 0 -1 0
vn 1 0 0
vn 0 0 1
vn 0 -1 0
vn 0 0 -1
vn 1 0 0
vn 0 -1 0
vn 1 0 0
vn 0 0 1
vn 0 -1 0
vn -0.018317754 0 -0.99983222
vn -1 0 0
vn 1 0 0
vn 0 0 1
vn 0 1 0
vn 0 0 -1
vn 1 0 0
vn 0 1 0
vn 1 0 0
vn 0 0 1
vn 0 1 0
vn -0.018317754 0 -0.99983222
vn -1 0 0
vn 0 1 0
vn -0.018317754 0 -0.99983222
vn -1 0 0
vn 0 1 0
vn 0 0 -1
vn -1 0 0
vn 0 1 0
vn 0 -1 0
vn 0 0 -1
vn -1 0 0
vn -1 0 0
vn 0 0 1
vn 0 1 0
vn 0 -1 0
vn -0.018317754 0 -0.99983222
vn -1 0 0
vn 0 -1 0
vn -1 0 0
vn 0 0 1
vn 0 -1 0
vn 1 0 0
vn 0 0 1
vn 1 0 0
vn 0 0 1
vn 0 1 0
vn 0 -1 0
vn 1 0 0
vn 0 0 1
vn 0 -1 0
vn 0 0 -1
vn 1 0 0
vn 0 -1 0
vn 1 0 0
vn 0 0 1
vn 0 -1 0
vn -0.018315762 0 -0.99983225
vn -1 0 0
vn 1 0 0
vn 0 0 1
vn 0 1 0
vn 0 0 -1
vn 1 0 0
vn 0 1 0
vn 1 0 0
vn 0 0 1
vn 0 1 0
vn -0.018315762 0 -0.99983225
vn -1 0 0
vn 0 1 0
vn -0.018315762 0 -0.99983225
vn -1 0 0
vn 0 1 0
vn 0 0 -1
vn -1 0 0
vn 0 1 0
vn 0 -1 0
vn 0 0 -1
vn -1 0 0
vn -1 0 0
vn 0 0 1
vn 0 1 0
vn 0 -1 0
vn -0.018315762 0 -0.99983225
vn -1 0 0
vn 0 -1 0
vn -1 0 0
vn 0 0 1
vn 0 -1 0
vn 1 0 0
vn 0 0 1
vn 1 0 0
vn 0 0 1
vn 0 1 0
vn 0 -1 0
vn 1 0 0
vn 0 0 1
vn 0 -1 0
vn 0 0 -1
vn 1 0 0
vn 0 -1 0
vn 1 0 0
vn 0 0 1
vn 0 -1 0
vn -0.018317754 0 -0.99983222
vn -1 0 0
vn 1 0 0
vn 0 0 1
vn 0 1 0
vn 0 0 -1
vn 1 0 0
vn 0 1 0
vn 1 0 0
vn 0 0 1
vn 0 1 0
vn -0.018317754 0 -0.99983222
vn -1 0 0
vn 0 1 0
vn -0.018317754 0 -0.99983222
vn -1 0 0
vn 0 1 0
vn 0 0 -1
vn -1 0 0
vn 0 1 0
vn 0 -1 0
vn 0 0 -1
vn -1 0 0
vn -1 0 0
vn 0 0 1
vn 0 1 0
vn 0 -1 0
vn -0.018317754 0 -0.99983222
vn -1 0 0
vn 0 -1 0
vn -1 0 0
vn 0 0 1
vn 0 -1 0
vn 1 0 0
vn 0 0 1
vn 1 0 0
vn 0 0 1
vn 0 1 0
vn 0 -1 0
vn 1 0 0
vn 0 0 1
vn 0 -1 0
vn 0 0 -1
vn 1 0 0
vn 0 -1 0
vn 1 0 0
vn 0 0 1
vn 0 -1 0
vn -0.018317754 0 -0.99983222
vn -1 0 0
vn 1 0 0
vn 0 0 1
vn 0 1 0
vn 0 0 -1
vn 1 0 0
vn 0 1 0
vn 1 0 0
vn 0 0 1
vn 0 1 0
vn -0.018317754 0 -0.99983222
vn -1 0 0
vn 0 1 0
vn -0.018317754 0 -0.99983222
vn -1 0 0
vn 0 1 0
vn 0 0 -1
vn -1 0 0
vn 0 1 0
vn 0 -1 0
vn 0 0 -1
vn -1 0 0
vn -1 0 0
vn 0 0 1
vn 0 1 0
vn 0 -1 0
vn -0.018317754 0 -0.99983222
vn -1 0 0
vn 0 -1 0
vn -1 0 0
vn 0 0 1
vn 0 -1 0
vn 1 0 0
vn 0 0 1
vn 1 0 0
vn 0 0 1
vn 0 1 0
vn 0 -1 0
vn 1 0 0
vn 0 0 1
vn 0 -1 0
vn 0 0 -1
vn 1 0 0
vn 0 -1 0
vn 1 0 0
vn 0 0 1
vn 0 -1 0
vn -0.018317754 0 -0.99983222
vn -1 0 0
vn 1 0 0
vn 0 0 1
vn 0 1 0
vn 0 0 -1
vn 1 0 0
vn 0 1 0
vn 1 0 0
vn 0 0 1
vn 0 1 0
vn -0.018317754 0 -0.99983222
vn -1 0 0
vn 0 1 0
vn -0.018317754 0 -0.99983222
vn -1 0 0
vn 0 1 0
vn 0 0 -1
vn -1 0 0
vn 0 1 0
vn 0 -1 0
vn 0 0 -1
vn -1 0 0
vn -1 0 0
vn 0 0 1
vn 0 1 0
vn 0 -1 0
vn -0.018317754 0 -0.99983222
vn -1 0 0
vn 0 -1 0
vn -1 0 0
vn 0 0 1
vn 0 -1 0
vn 1 0 0
vn 0 0 1
vn 1 0 0
vn 0 0 1
vn 0 1 0
vn 0 -1 0
vn 1 0 0
vn 0 0 1
vn 0 -1 0
vn 0 0 -1
vn 1 0 0
vn 0 -1 0
vn 1 0 0
vn 0 0 1
vn 0 -1 0
vn -0.018317754 0 -0.99983222
vn -1 0 0
vn 1 0 0
vn 0 0 1
vn 0 1 0
vn 0 0 -1
vn 1 0 0
vn 0 1 0
vn 1 0 0
vn 0 0 1
vn 0 1 0
vn -0.018317754 0 -0.99983222
vn -1 0 0
vn 0 1 0
vn -0.018317754 0 -0.99983222
vn -1 0 0
vn 0 1 0
vn 0 0 -1
vn -1 0 0
vn 0 1 0
vn 0 -1 0
vn 0 0 -1
vn -1 0 0
vn -1 0 0
vn 0 0 1
vn 0 1 0
vn 0 -1 0
vn -0.018317754 0 -0.99983222
vn -1 0 0
vn 0 -1 0
vn -1 0 0
vn 0 0 1
vn 0 -1 0
vn 1 0 0
vn 0 0 1
vn 1 0 0
vn 0 0 1
vn 0 1 0
vn 0 -1 0
vn 1 0 0
vn 0 0 1
vn 0 -1 0
vn 0 0 -1
vn 1 0 0
vn 0 -1 0
vn 1 0 0
vn 0 0 1
vn 0 -1 0
vn -0.018317754 0 -0.99983222
vn -1 0 0
vn 1 0 0
vn 0 0 1
vn 0 1 0
vn 0 0 -1
vn 1 0 0
vn 0 1 0
vn 1 0 0
vn 0 0 1
vn 0 1 0
vn -0.018317754 0 -0.99983222
vn -1 0 0
vn 0 1 0
vn -0.018317754 0 -0.99983222
vn -1 0 0
vn 0 1 0
vn 0 0 -1
vn -1 0 0
vn 0 1 0
vn 0 -1 0
vn 0 0 -1
vn -1 0 0
vn -1 0 0
vn 0 0 1
vn 0 1 0
vn 0 -1 0
vn -0.018317754 0 -0.99983222
vn -1 0 0
vn 0 -1 0
vn -1 0 0
vn 0 0 1
vn 0 -1 0
vn 1 0 0
vn 0 0 1
vn 1 0 0
vn 0 0 1
vn 0 1 0
vn 0 -1 0
vn 1 0 0
vn 0 0 1
vn 0 -1 0
vn 0 0 -1
vn 1 0 0
vn 0 -1 0
vn 1 0 0
vn 0 0 1
vn 0 -1 0
vn -0.018317754 0 -0.99983222
vn -1 0 0
vn 1 0 0
vn 0 0 1
vn 0 1 0
vn 0 0 -1
vn 1 0 0
vn 0 1 0
vn 1 0 0
vn 0 0 1
vn 0 1 0
vn -0.018317754 0 -0.99983222
vn -1 0 0
vn 0 1 0
vn -0.018317754 0 -0.99983222
vn -1 0 0
vn 0 1 0
vn 0 0 -1
vn -1 0 0
vn 0 1 0
vn 0 -1 0
vn 0 0 -1
vn -1 0 0
vn -1 0 0
vn 0 0 1
vn 0 1 0
vn 0 -1 0
vn -0.018317754 0 -0.99983222
vn -1 0 0
vn 0 -1 0
vn -1 0 0
vn 0 0 1
vn 0 -1 0
vn 1 0 0
vn 0 0 1
vn 1 0 0
vn 0 0 1
vn 0 1 0
vn 0 -1 0
vn 1 0 0
vn 0 0 1
vn 0 -1 0
vn 0 0 -1
vn 1 0 0
vn 0 -1 0
vn 1 0 0
vn 0 0 1
vn 0 -1 0
vn -0.018317754 0 -0.99983222
vn -1 0 0
vn 1 0 0
vn 0 0 1
vn 0 1 0
vn 0 0 -1
vn 1 0 0
vn 0 1 0
vn 1 0 0
vn 0 0 1
vn 0 1 0
vn -0.018317754 0 -0.99983222
vn -1 0 0
vn 0 1 0
vn -0.018317754 0 -0.99983222
vn -1 0 0
vn 0 1 0
vn 0 0 -1
vn -1 0 0
vn 0 1 0
vn 0 -1 0
vn 0 0 -1
vn -1 0 0
vn -1 0 0
vn 0 0 1
vn 0 1 0
vn 0 -1 0
vn -0.018317754 0 -0.99983222
vn -1 0 0
vn 0 -1 0
vn -1 0 0
vn 0 0 1
vn 0 -1 0
vn 1 0 0
vn 0 0 1
vn 1 0 0
vn 0 0 1
vn 0 1 0
vn 0 -1 0
vn 1 0 0
vn 0 0 1
vn 0 -1 0
vn 0 0 -1
vn 1 0 0
vn 0 -1 0
vn 1 0 0
vn 0 0 1
vn 0 -1 0
vn -0.018317754 0 -0.99983222
vn -1 0 0
vn 1 0 0
vn 0 0 1
vn 0 1 0
vn 0 0 -1
vn 1 0 0
vn 0 1 0
vn 1 0 0
vn 0 0 1
vn 0 1 0
vn -0.018317754 0 -0.99983222
vn -1 0 0
vn 0 1 0
vn -0.018317754 0 -0.99983222
vn -1 0 0
vn 0 1 0
vn 0 0 -1
vn -1 0 0
vn 0 1 0
vn 0 -1 0
vn 0 0 -1
vn -1 0 0
vn -1 0 0
vn 0 0 1
vn 0 1 0
vn 0 -1 0
vn -0.018317754 0 -0.99983222
vn -1 0 0
vn 0 -1 0
vn -1 0 0
vn 0 0 1
vn 0 -1 0
vn 1 0 0
vn 0 0 1
vn 1 0 0
vn 0 0 1
vn 0 1 0
vn 0 -1 0
vn 1 0 0
vn 0 0 1
vn 0 -1 0
vn 0 0 -1
vn 1 0 0
vn 0 -1 0
vn 1 0 0
vn 0 0 1
vn 0 -1 0
vn -0.018317754 0 -0.99983222
vn -1 0 0
vn 1 0 0
vn 0 0 1
vn 0 1 0
vn 0 0 -1
vn 1 0 0
vn 0 1 0
vn 1 0 0
vn 0 0 1
vn 0 1 0
vn -0.018317754 0 -0.99983222
vn -1 0 0
vn 0 1 0
vn -0.018317754 0 -0.99983222
vn -1 0 0
vn 0 1 0
vn 0 0 -1
vn -1 0 0
vn 0 1 0
vn 0 -1 0
vn 0 0 -1
vn -1 0 0
vn -1 0 0
vn 0 0 1
vn 0 1 0
vn 0 -1 0
vn -0.018317754 0 -0.99983222
vn -1 0 0
vn 0 -1 0
vn -1 0 0
vn 0 0 1
vn 0 -1 0
vn 1 0 0
vn 0 0 1
vn 1 0 0
vn 0 0 1
vn 0 1 0
vn 0 -1 0
vn 1 0 0
vn 0 0 1
vn 0 -1 0
vn 0 0 -1
vn 1 0 0
vn 0 -1 0
vn 1 0 0
vn 0 0 1
vn 0 -1 0
vn -0.018317754 0 -0.99983222
vn -1 0 0
vn 1 0 0
vn 0 0 1
vn 0 1 0
vn 0 0 -1
vn 1 0 0
vn 0 1 0
vn 1 0 0
vn 0 0 1
vn 0 1 0
vn -0.018317754 0 -0.99983222
vn -1 0 0
vn 0 1 0
vn -0.018317754 0 -0.99983222
vn -1 0 0
vn 0 1 0
vn 0 0 -1
vn -1 0 0
vn 0 1 0
vn 0 -1 0
vn 0 0 -1
vn -1 0 0
vn -1 0 0
vn 0 0 1
vn 0 1 0
vn 0 -1 0
vn -0.018317754 0 -0.99983222
vn -1 0 0
vn 0 -1 0
vn -1 0 0
vn 0 0 1
vn 0 -1 0
vn 1 0 0
vn 0 0 1
vn 1 0 0
vn 0 0 1
vn 0 1 0
vn 0 -1 0
vn 0 0 -1
vn -1 0 0
vn 0 0 -1
vn -1 0 0
vn 0 1 0
vn 0 -1 0
vn 0 0 -1
vn 1 0 0
vn 0 -1 0
vn -1 0 0
vn 0 0 1
vn -1 0 0
vn 0 0 1
vn 0 1 0
vn 0 -1 0
vn 1 0 0
vn 0 0 1
vn 1 0 0
vn 0 0 1
vn 0 1 0
vn 0 0 -1
vn 1 0 0
vn 0 1 0
vn 0 -1 0
vn 0 0 -1
vn -1 0 0
vn 0 0 -1
vn -1 0 0
vn 0 1 0
vn 0 -1 0
vn 0 0 -1
vn 1 0 0
vn 0 -1 0
vn -1 0 0
vn 0 0 1
vn -1 0 0
vn 0 0 1
vn 0 1 0
vn 0 -1 0
vn 1 0 0
vn 0 0 1
vn 1 0 0
vn 0 0 1
vn 0 1 0
vn 0 0 -1
vn 1 0 0
vn 0 1 0
vn 0 -1 0
vn 0 0 -1
vn -1 0 0
vn 0 0 -1
vn -1 0 0
vn 0 1 0
vn 0 -1 0
vn 0 0 -1
vn 1 0 0
vn 0 -1 0
vn -1 0 0
vn 0 0 1
vn -1 0 0
vn 0 0 1
vn 0 1 0
vn 0 -1 0
vn 1 0 0
vn 0 0 1
vn 1 0 0
vn 0 0 1
vn 0 1 0
vn 0 0 -1
vn 1 0 0
vn 0 1 0
vn 0 -1 0
vn 0 0 -1
vn -1 0 0
vn 0 0 -1
vn -1 0 0
vn 0 1 0
vn 0 -1 0
vn 0 0 -1
vn 1 0 0
vn 0 -1 0
vn -1 0 0
vn 0 0 1
vn -1 0 0
vn 0 0 1
vn 0 1 0
vn 0 -1 0
vn 1 0 0
vn 0 0 1
vn 1 0 0
vn 0 0 1
vn 0 1 0
vn 0 0 -1
vn 1 0 0
vn 0 1 0
vn 0 -1 0
vn 0 0 -1
vn -1 0 0
vn 0 0 -1
vn -1 0 0
vn 0 1 0
vn 0 -1 0
vn 0 0 -1
vn 1 0 0
vn 0 -1 0
vn -1 0 0
vn 0 0 1
vn -1 0 0
vn 0 0 1
vn 0 1 0
vn 0 -1 0
vn 1 0 0
vn 0 0 1
vn 1 0 0
vn 0 0 1
vn 0 1 0
vn 0 0 -1
vn 1 0 0
vn 0 1 0
vn 0 -1 0
vn 0 0 -1
vn -1 0 0
vn 0 0 -1
vn -1 0 0
vn 0 1 0
vn 0 -1 0
vn 0 0 -1
vn 1 0 0
vn 0 -1 0
vn -1 0 0
vn 0 0 1
vn -1 0 0
vn 0 0 1
vn 0 1 0
vn 0 -1 0
vn 1 0 0
vn 0 0 1
vn 1 0 0
vn 0 0 1
vn 0 1 0
vn 0 0 -1
vn 1 0 0
vn 0 1 0
vn 0 -1 0
vn 0 0 -1
vn -1 0 0
vn 0 0 -1
vn -1 0 0
vn 0 1 0
vn 0 -1 0
vn 0 0 -1
vn 1 0 0
vn 0 -1 0
vn -1 0 0
vn 0 0 1
vn -1 0 0
vn 0 0 1
vn 0 1 0
vn 0 -1 0
vn 1 0 0
vn 0 0 1
vn 1 0 0
vn 0 0 1
vn 0 1 0
vn 0 0 -1
vn 1 0 0
vn 0 1 0
vn 0 -1 0
vn 0 0 -1
vn -1 0 0
vn 0 0 -1
vn -1 0 0
vn 0 1 0
vn 0 -1 0
vn 0 0 -1
vn 1 0 0
vn 0 -1 0
vn -1 0 0
vn 0 0 1
vn -1 0 0
vn 0 0 1
vn 0 1 0
vn 0 -1 0
vn 1 0 0
vn 0 0 1
vn 1 0 0
vn 0 0 1
vn 0 1 0
vn 0 0 -1
vn 1 0 0
vn 0 1 0
vn 0 -1 0
vn 0 0 -1
vn -1 0 0
vn 0 0 -1
vn -1 0 0
vn 0 1 0
vn 0 -1 0
vn 0 0 -1
vn 1 0 0
vn 0 -1 0
vn -1 0 0
vn 0 0 1
vn -1 0 0
vn 0 0 1
vn 0 1 0
vn 0 -1 0
vn 1 0 0
vn 0 0 1
vn 1 0 0
vn 0 0 1
vn 0 1 0
vn 0 0 -1
vn 1 0 0
vn 0 1 0
vn 0 -1 0
vn 0 0 -1
vn -1 0 0
vn 0 0 -1
vn -1 0 0
vn 0 1 0
vn 0 -1 0
vn 0 0 -1
vn 1 0 0
vn 0 -1 0
vn -1 0 0
vn 0 0 1
vn -1 0 0
vn 0 0 1
vn 0 1 0
vn 0 -1 0
vn 1 0 0
vn 0 0 1
vn 1 0 0
vn 0 0 1
vn 0 1 0
vn 0 0 -1
vn 1 0 0
vn 0 1 0
vn 0 -1 0
vn 0 0 -1
vn -1 0 0
vn 0 0 -1
vn -1 0 0
vn 0 1 0
vn 0 -1 0
vn 0 0 -1
vn 1 0 0
vn 0 -1 0
vn -1 0 0
vn 0 0 1
vn -1 0 0
vn 0 0 1
vn 0 1 0
vn 0 -1 0
vn 1 0 0
vn 0 0 1
vn 1 0 0
vn 0 0 1
vn 0 1 0
vn 0 0 -1
vn 1 0 0
vn 0 1 0
vn 0 -1 0
vn 0 0 -1
vn -1 0 0
vn 0 0 -1
vn -1 0 0
vn 0 1 0
vn 0 -1 0
vn 0 0 -1
vn 1 0 0
vn 0 -1 0
vn -1 0 0
vn 0 0 1
vn -1 0 0
vn 0 0 1
vn 0 1 0
vn 0 -1 0
vn 1 0 0
vn 0 0 1
vn 1 0 0
vn 0 0 1
vn 0 1 0
vn 0 0 -1
vn 1 0 0
vn 0 1 0
vn 0 -1 0
vn 0 0 -1
vn -1 0 0
vn 0 0 -1
vn -1 0 0
vn 0 1 0
vn 0 -1 0
vn 0 0 -1
vn 1 0 0
vn 0 -1 0
vn -1 0 0
vn 0 0 1
vn -1 0 0
vn 0 0 1
vn 0 1 0
vn 0 -1 0
vn 1 0 0
vn 0 0 1
vn 1 0 0
vn 0 0 1
vn 0 1 0
vn 0 0 -1
vn 1 0 0
vn 0 1 0
vn 0 -1 0
vn 0 0 -1
vn -1 0 0
vn 0 0 -1
vn -1 0 0
vn 0 1 0
vn 0 -1 0
vn 0 0 -1
vn 1 0 0
vn 0 -1 0
vn -1 0 0
vn 0 0 1
vn -1 0 0
vn 0 0 1
vn 0 1 0
vn 0 -1 0
vn 1 0 0
vn 0 0 1
vn 1 0 0
vn 0 0 1
vn 0 1 0
vn 0 0 -1
vn 1 0 0
vn 0 1 0
vn 0 -0.45975235 0.88804717
vn 0 -0.058679531 -0.99827687
vn -1 0 0
vn 0 -0.45975235 0.88804717
vn -1 0 0
vn 0 0.058679531 0.99827687
vn 0 -0.45975235 0.88804717
vn 0 -0.058679531 -0.99827687
vn 1 0 0
vn 0 -0.45975235 0.88804717
vn 1 0 0
vn 0 0.058679531 0.99827687
vn 0 -0.058679531 -0.99827687
vn -1 0 0
vn 0 0.45975235 -0.88804717
vn -1 0 0
vn 0 0.058679531 0.99827687
vn 0 0.45975235 -0.88804717
vn 0 -0.058679531 -0.99827687
vn 1 0 0
vn 0 0.45975235 -0.88804717
vn 1 0 0
vn 0 0.058679531 0.99827687
vn 0 0.45975235 -0.88804717
vn 0 -0.28523423 -0.95845784
vn -1 0 0
vn 0 0.10172697 -0.99481236
vn 0 -0.28523423 -0.95845784
vn 0 -0.10172697 0.99481236
vn -1 0 0
vn 0 -0.28523423 -0.95845784
vn 1 0 0
vn 0 0.10172697 -0.99481236
vn 0 -0.28523423 -0.95845784
vn 0 -0.10172697 0.99481236
vn 1 0 0
vn -1 0 0
vn 0 0.10172697 -0.99481236
vn 0 0.28523423 0.95845784
vn 0 -0.10172697 0.99481236
vn -1 0 0
vn 0 0.28523423 0.95845784
vn 1 0 0
vn 0 0.10172697 -0.99481236
vn 0 0.28523423 0.95845784
vn 0 -0.10172697 0.99481236
vn 1 0 0
vn 0 0.28523423 0.95845784
usemtl surface_0
f 26/26/26 3/3/3 9/9/9
f 26/26/26 6/6/6 3/3/3
f 10/10/10 4/4/4 15/15/15
f 10/10/10 1/1/1 4/4/4
f 11/11/11 8/8/8 2/2/2
f 11/11/11 14/14/14 8/8/8
f 12/12/12 15/15/15 17/17/17
f 12/12/12 10/10/10 15/15/15
f 13/13/13 14/14/14 11/11/11
f 13/13/13 53/53/53 14/14/14
f 16/16/16 23/23/23 18/18/18
f 16/16/16 21/21/21 23/23/23
f 5/5/5 21/21/21 16/16/16
f 5/5/5 25/25/25 21/21/21
f 22/22/22 30/30/30 33/33/33
f 22/22/22 19/19/19 30/30/30
f 25/25/25 28/28/28 21/21/21
f 25/25/25 97/97/97 28/28/28
f 20/20/20 35/35/35 31/31/31
f 20/20/20 27/27/27 35/35/35
f 32/32/32 38/38/38 34/34/34
f 32/32/32 36/36/36 38/38/38
f 29/29/29 39/39/39 37/37/37
f 29/29/29 43/43/43 39/39/39
f 126/126/126 40/40/40 80/80/80
f 126/126/126 100/100/100 40/40/40
f 104/104/104 42/42/42 102/102/102
f 104/104/104 45/45/45 42/42/42
f 108/108/108 45/45/45 104/104/104
f 108/108/108 50/50/50 45/45/45
f 52/52/52 43/43/43 29/29/29
f 52/52/52 47/47/47 43/43/43
f 109/109/109 46/46/46 53/53/53
f 109/109/109 105/105/105 46/46/46
f 53/53/53 51/51/51 14/14/14
f 53/53/53 46/46/46 51/51/51
f 113/113/113 53/53/53 13/13/13
f 113/113/113 109/109/109 53/53/53
f 60/60/60 55/55/55 54/54/54
f 60/60/60 62/62/62 55/55/55
f 55/55/55 48/48/48 54/54/54
f 55/55/55 90/90/90 48/48/48
f 59/59/59 67/67/67 61/61/61
f 59/59/59 65/65/65 67/67/67
f 111/111/111 17/17/17 115/115/115
f 111/111/111 12/12/12 17/17/17
f 66/66/66 74/74/74 68/68/68
f 66/66/66 72/72/72 74/74/74
f 118/118/118 72/72/72 66/66/66
f 118/118/118 122/122/122 72/72/72
f 73/73/73 79/79/79 81/81/81
f 73/73/73 71/71/71 79/79/79
f 119/119/119 33/33/33 123/123/123
f 119/119/119 22/22/22 33/33/33
f 80/80/80 84/84/84 82/82/82
f 80/80/80 40/40/40 84/84/84
f 87/87/87 83/83/83 85/85/85
f 87/87/87 76/76/76 83/83/83
f 44/44/44 86/86/86 41/41/41
f 44/44/44 89/89/89 86/86/86
f 91/91/91 77/77/77 88/88/88
f 91/91/91 57/57/57 77/77/77
f 49/49/49 89/89/89 44/44/44
f 49/49/49 92/92/92 89/89/89
f 56/56/56 69/69/69 75/75/75
f 56/56/56 63/63/63 69/69/69
f 95/95/95 29/29/29 98/98/98
f 95/95/95 52/52/52 29/29/29
f 14/14/14 94/94/94 8/8/8
f 14/14/14 51/51/51 94/94/94
f 96/96/96 7/7/7 93/93/93
f 96/96/96 24/24/24 7/7/7
f 70/70/70 124/124/124 78/78/78
f 70/70/70 120/120/120 124/124/124
f 18/18/18 121/121/121 117/117/117
f 18/18/18 23/23/23 121/121/121
f 58/58/58 116/116/116 64/64/64
f 58/58/58 112/112/112 116/116/116
f 60/60/60 110/110/110 114/114/114
f 60/60/60 54/54/54 110/110/110
f 54/54/54 106/106/106 110/110/110
f 54/54/54 48/48/48 106/106/106
f 47/47/47 103/103/103 43/43/43
f 47/47/47 107/107/107 103/103/103
f 43/43/43 101/101/101 39/39/39
f 43/43/43 103/103/103 101/101/101
f 34/34/34 99/99/99 125/125/125
f 34/34/34 38/38/38 99/99/99
f 223/223/223 233/233/233 220/220/220
f 223/223/223 164/164/164 233/233/233
f 206/206/206 191/191/191 183/183/183
f 206/206/206 214/214/214 191/191/191
f 173/173/173 189/189/189 213/213/213
f 173/173/173 176/176/176 189/189/189
f 205/205/205 239/239/239 219/219/219
f 205/205/205 242/242/242 239/239/239
f 132/132/132 200/200/200 129/129/129
f 132/132/132 224/224/224 200/200/200
f 135/135/135 223/223/223 131/131/131
f 135/135/135 164/164/164 223/223/223
f 153/153/153 241/241/241 204/204/204
f 130/130/130 143/143/143 133/133/133
f 153/153/153 134/134/134 144/144/144
f 153/153/153 204/204/204 134/134/134
f 180/180/180 231/231/231 165/165/165
f 145/145/145 156/156/156 154/154/154
f 145/145/145 147/147/147 156/156/156
f 138/138/138 199/199/199 172/172/172
f 138/138/138 128/128/128 199/199/199
f 165/165/165 241/241/241 153/153/153
f 165/165/165 231/231/231 241/241/241
f 221/221/221 200/200/200 224/224/224
f 221/221/221 197/197/197 200/200/200
f 207/207/207 236/236/236 215/215/215
f 207/207/207 234/234/234 236/236/236
f 162/162/162 217/217/217 210/210/210
f 162/162/162 203/203/203 217/217/217
f 204/204/204 163/163/163 134/134/134
f 182/182/182 226/226/226 202/202/202
f 182/182/182 190/190/190 226/226/226
f 151/151/151 147/147/147 140/140/140
f 151/151/151 156/156/156 147/147/147
f 202/202/202 230/230/230 228/228/228
f 202/202/202 226/226/226 230/230/230
f 130/130/130 148/148/148 143/143/143
f 130/130/130 127/127/127 148/148/148
f 143/143/143 158/158/158 146/146/146
f 143/143/143 148/148/148 158/158/158
f 157/157/157 161/161/161 169/169/169
f 157/157/157 152/152/152 161/161/161
f 209/209/209 198/198/198 222/222/222
f 209/209/209 185/185/185 198/198/198
f 180/180/180 137/137/137 171/171/171
f 174/174/174 231/231/231 177/177/177
f 174/174/174 241/241/241 231/231/231
f 194/194/194 228/228/228 230/230/230
f 194/194/194 187/187/187 228/228/228
f 234/234/234 240/240/240 236/236/236
f 234/234/234 238/238/238 240/240/240
f 242/242/242 216/216/216 235/235/235
f 242/242/242 175/175/175 216/216/216
f 242/242/242 235/235/235 239/239/239
f 140/140/140 160/160/160 151/151/151
f 140/140/140 142/142/142 160/160/160
f 232/232/232 229/229/229 225/225/225
f 160/160/160 159/159/159 168/168/168
f 160/160/160 142/142/142 159/159/159
f 232/232/232 192/192/192 178/178/178
f 232/232/232 225/225/225 192/192/192
f 164/164/164 237/237/237 233/233/233
f 164/164/164 212/212/212 237/237/237
f 218/218/218 238/238/238 211/211/211
f 218/218/218 240/240/240 238/238/238
f 170/170/170 193/193/193 179/179/179
f 170/170/170 186/186/186 193/193/193
f 165/165/165 137/137/137 180/180/180
f 165/165/165 150/150/150 137/137/137
f 139/139/139 158/158/158 141/141/141
f 139/139/139 146/146/146 158/158/158
f 172/172/172 227/227/227 188/188/188
f 172/172/172 201/201/201 227/227/227
f 220/220/220 233/233/233 208/208/208
f 167/167/167 157/157/157 169/169/169
f 167/167/167 155/155/155 157/157/157
f 196/196/196 184/184/184 201/201/201
f 149/149/149 168/168/168 159/159/159
f 149/149/149 166/166/166 168/168/168
f 181/181/181 229/229/229 232/232/232
f 181/181/181 195/195/195 229/229/229
f 127/127/127 136/136/136 148/148/148
f 199/199/199 201/201/201 172/172/172
f 199/199/199 196/196/196 201/201/201
f 377/377/377 310/310/310 312/312/312
f 377/377/377 379/379/379 310/310/310
f 379/379/379 314/314/314 310/310/310
f 379/379/379 381/381/381 314/314/314
f 381/381/381 316/316/316 314/314/314
f 381/381/381 383/383/383 316/316/316
f 383/383/383 318/318/318 316/316/316
f 383/383/383 385/385/385 318/318/318
f 385/385/385 320/320/320 318/318/318
f 385/385/385 387/387/387 320/320/320
f 387/387/387 322/322/322 320/320/320
f 387/387/387 389/389/389 322/322/322
f 389/389/389 324/324/324 322/322/322
f 389/389/389 391/391/391 324/324/324
f 391/391/391 326/326/326 324/324/324
f 391/391/391 393/393/393 326/326/326
f 392/392/392 328/328/328 325/325/325
f 392/392/392 395/395/395 328/328/328
f 395/395/395 330/330/330 328/328/328
f 395/395/395 397/397/397 330/330/330
f 397/397/397 332/332/332 330/330/330
f 397/397/397 399/399/399 332/332/332
f 399/399/399 334/334/334 332/332/332
f 399/399/399 401/401/401 334/334/334
f 401/401/401 336/336/336 334/334/334
f 401/401/401 403/403/403 336/336/336
f 403/403/403 338/338/338 336/336/336
f 403/403/403 405/405/405 338/338/338
f 273/273/273 362/362/362 269/269/269
f 273/273/273 349/349/349 362/362/362
f 405/405/405 340/340/340 338/338/338
f 405/405/405 407/407/407 340/340/340
f 407/407/407 312/312/312 340/340/340
f 407/407/407 377/377/377 312/312/312
f 247/247/247 418/418/418 251/251/251
f 247/247/247 416/416/416 418/418/418
f 276/276/276 426/426/426 282/282/282
f 276/276/276 423/423/423 426/426/426
f 304/304/304 359/359/359 300/300/300
f 304/304/304 375/375/375 359/359/359
f 269/269/269 360/360/360 265/265/265
f 269/269/269 362/362/362 360/360/360
f 300/300/300 357/357/357 296/296/296
f 300/300/300 359/359/359 357/357/357
f 265/265/265 370/370/370 261/261/261
f 265/265/265 360/360/360 370/370/370
f 296/296/296 367/367/367 292/292/292
f 296/296/296 357/357/357 367/367/367
f 261/261/261 347/347/347 257/257/257
f 261/261/261 370/370/370 347/347/347
f 292/292/292 365/365/365 288/288/288
f 292/292/292 367/367/367 365/365/365
f 257/257/257 345/345/345 253/253/253
f 257/257/257 347/347/347 345/345/345
f 288/288/288 373/373/373 284/284/284
f 288/288/288 365/365/365 373/373/373
f 253/253/253 343/343/343 249/249/249
f 253/253/253 345/345/345 343/343/343
f 284/284/284 353/353/353 280/280/280
f 284/284/284 373/373/373 353/353/353
f 245/245/245 369/369/369 308/308/308
f 245/245/245 354/354/354 369/369/369
f 249/249/249 354/354/354 245/245/245
f 249/249/249 343/343/343 354/354/354
f 279/279/279 349/349/349 273/273/273
f 279/279/279 352/352/352 349/349/349
f 308/308/308 375/375/375 304/304/304
f 308/308/308 369/369/369 375/375/375
f 306/306/306 433/433/433 243/243/243
f 306/306/306 432/432/432 433/433/433
f 243/243/243 416/416/416 247/247/247
f 243/243/243 433/433/433 416/416/416
f 271/271/271 424/424/424 277/277/277
f 271/271/271 414/414/414 424/424/424
f 302/302/302 432/432/432 306/306/306
f 302/302/302 410/410/410 432/432/432
f 267/267/267 414/414/414 271/271/271
f 267/267/267 441/441/441 414/414/414
f 298/298/298 410/410/410 302/302/302
f 298/298/298 421/421/421 410/410/410
f 263/263/263 441/441/441 267/267/267
f 263/263/263 439/439/439 441/441/441
f 294/294/294 421/421/421 298/298/298
f 294/294/294 413/413/413 421/421/421
f 259/259/259 439/439/439 263/263/263
f 259/259/259 429/429/429 439/439/439
f 290/290/290 413/413/413 294/294/294
f 290/290/290 438/438/438 413/413/413
f 255/255/255 429/429/429 259/259/259
f 255/255/255 427/427/427 429/429/429
f 286/286/286 438/438/438 290/290/290
f 286/286/286 436/436/436 438/438/438
f 251/251/251 427/427/427 255/255/255
f 251/251/251 418/418/418 427/427/427
f 282/282/282 436/436/436 286/286/286
f 282/282/282 426/426/426 436/436/436
f 246/246/246 309/309/309 250/250/250
f 246/246/246 311/311/311 309/309/309
f 250/250/250 313/313/313 254/254/254
f 250/250/250 309/309/309 313/313/313
f 254/254/254 315/315/315 258/258/258
f 254/254/254 313/313/313 315/315/315
f 258/258/258 317/317/317 262/262/262
f 258/258/258 315/315/315 317/317/317
f 262/262/262 319/319/319 266/266/266
f 262/262/262 317/317/317 319/319/319
f 266/266/266 321/321/321 270/270/270
f 266/266/266 319/319/319 321/321/321
f 270/270/270 323/323/323 274/274/274
f 270/270/270 321/321/321 323/323/323
f 274/274/274 327/327/327 278/278/278
f 274/274/274 323/323/323 327/327/327
f 278/278/278 329/329/329 283/283/283
f 278/278/278 327/327/327 329/329/329
f 283/283/283 331/331/331 287/287/287
f 283/283/283 329/329/329 331/331/331
f 287/287/287 333/333/333 291/291/291
f 287/287/287 331/331/331 333/333/333
f 291/291/291 335/335/335 295/295/295
f 291/291/291 333/333/333 335/335/335
f 295/295/295 337/337/337 299/299/299
f 295/295/295 335/335/335 337/337/337
f 299/299/299 339/339/339 303/303/303
f 299/299/299 337/337/337 339/339/339
f 303/303/303 341/341/341 307/307/307
f 303/303/303 339/339/339 341/341/341
f 307/307/307 311/311/311 246/246/246
f 307/307/307 341/341/341 311/311/311
f 348/348/348 342/342/342 346/346/346
f 351/351/351 342/342/342 350/350/350
f 344/344/344 342/342/342 355/355/355
f 358/358/358 342/342/342 356/356/356
f 363/363/363 342/342/342 361/361/361
f 366/366/366 342/342/342 364/364/364
f 355/355/355 342/342/342 368/368/368
f 371/371/371 342/342/342 348/348/348
f 372/372/372 342/342/342 351/351/351
f 374/374/374 342/342/342 358/358/358
f 346/346/346 342/342/342 344/344/344
f 350/350/350 342/342/342 363/363/363
f 356/356/356 342/342/342 366/366/366
f 361/361/361 342/342/342 371/371/371
f 364/364/364 342/342/342 372/372/372
f 368/368/368 342/342/342 374/374/374
f 248/248/248 376/376/376 244/244/244
f 248/248/248 378/378/378 376/376/376
f 252/252/252 378/378/378 248/248/248
f 252/252/252 380/380/380 378/378/378
f 256/256/256 380/380/380 252/252/252
f 256/256/256 382/382/382 380/380/380
f 260/260/260 382/382/382 256/256/256
f 260/260/260 384/384/384 382/382/382
f 264/264/264 384/384/384 260/260/260
f 264/264/264 386/386/386 384/384/384
f 268/268/268 386/386/386 264/264/264
f 268/268/268 388/388/388 386/386/386
f 272/272/272 388/388/388 268/268/268
f 272/272/272 390/390/390 388/388/388
f 275/275/275 390/390/390 272/272/272
f 275/275/275 394/394/394 390/390/390
f 281/281/281 394/394/394 275/275/275
f 281/281/281 396/396/396 394/394/394
f 285/285/285 396/396/396 281/281/281
f 285/285/285 398/398/398 396/396/396
f 289/289/289 398/398/398 285/285/285
f 289/289/289 400/400/400 398/398/398
f 293/293/293 400/400/400 289/289/289
f 293/293/293 402/402/402 400/400/400
f 297/297/297 402/402/402 293/293/293
f 297/297/297 404/404/404 402/402/402
f 301/301/301 404/404/404 297/297/297
f 301/301/301 406/406/406 404/404/404
f 305/305/305 406/406/406 301/301/301
f 305/305/305 408/408/408 406/406/406
f 244/244/244 408/408/408 305/305/305
f 244/244/244 376/376/376 408/408/408
f 440/440/440 411/411/411 442/442/442
f 415/415/415 411/411/411 422/422/422
f 419/419/419 411/411/411 428/428/428
f 409/409/409 411/411/411 431/431/431
f 425/425/425 411/411/411 435/435/435
f 430/430/430 411/411/411 440/440/440
f 437/437/437 411/411/411 412/412/412
f 442/442/442 411/411/411 415/415/415
f 417/417/417 411/411/411 419/419/419
f 420/420/420 411/411/411 409/409/409
f 422/422/422 411/411/411 425/425/425
f 428/428/428 411/411/411 430/430/430
f 431/431/431 411/411/411 434/434/434
f 435/435/435 411/411/411 437/437/437
f 434/434/434 411/411/411 417/417/417
f 412/412/412 411/411/411 420/420/420
f 445/445/445 501/501/501 447/447/447
f 445/445/445 499/499/499 501/501/501
f 461/461/461 509/509/509 463/463/463
f 461/461/461 507/507/507 509/509/509
f 475/475/475 516/516/516 443/443/443
f 475/475/475 515/515/515 516/516/516
f 443/443/443 499/499/499 445/445/445
f 443/443/443 516/516/516 499/499/499
f 457/457/457 506/506/506 460/460/460
f 457/457/457 497/497/497 506/506/506
f 473/473/473 515/515/515 475/475/475
f 473/473/473 493/493/493 515/515/515
f 455/455/455 497/497/497 457/457/457
f 455/455/455 524/524/524 497/497/497
f 471/471/471 493/493/493 473/473/473
f 471/471/471 504/504/504 493/493/493
f 453/453/453 524/524/524 455/455/455
f 453/453/453 522/522/522 524/524/524
f 469/469/469 504/504/504 471/471/471
f 469/469/469 496/496/496 504/504/504
f 451/451/451 522/522/522 453/453/453
f 451/451/451 512/512/512 522/522/522
f 467/467/467 496/496/496 469/469/469
f 467/467/467 521/521/521 496/496/496
f 449/449/449 512/512/512 451/451/451
f 449/449/449 510/510/510 512/512/512
f 465/465/465 521/521/521 467/467/467
f 465/465/465 519/519/519 521/521/521
f 447/447/447 510/510/510 449/449/449
f 447/447/447 501/501/501 510/510/510
f 463/463/463 519/519/519 465/465/465
f 463/463/463 509/509/509 519/519/519
f 446/446/446 476/476/476 444/444/444
f 446/446/446 477/477/477 476/476/476
f 448/448/448 477/477/477 446/446/446
f 448/448/448 478/478/478 477/477/477
f 450/450/450 478/478/478 448/448/448
f 450/450/450 479/479/479 478/478/478
f 452/452/452 479/479/479 450/450/450
f 452/452/452 480/480/480 479/479/479
f 454/454/454 480/480/480 452/452/452
f 454/454/454 481/481/481 480/480/480
f 456/456/456 481/481/481 454/454/454
f 456/456/456 482/482/482 481/481/481
f 458/458/458 482/482/482 456/456/456
f 458/458/458 483/483/483 482/482/482
f 459/459/459 483/483/483 458/458/458
f 459/459/459 484/484/484 483/483/483
f 462/462/462 484/484/484 459/459/459
f 462/462/462 485/485/485 484/484/484
f 464/464/464 485/485/485 462/462/462
f 464/464/464 486/486/486 485/485/485
f 466/466/466 486/486/486 464/464/464
f 466/466/466 487/487/487 486/486/486
f 468/468/468 487/487/487 466/466/466
f 468/468/468 488/488/488 487/487/487
f 470/470/470 488/488/488 468/468/468
f 470/470/470 489/489/489 488/488/488
f 472/472/472 489/489/489 470/470/470
f 472/472/472 490/490/490 489/489/489
f 474/474/474 490/490/490 472/472/472
f 474/474/474 491/491/491 490/490/490
f 444/444/444 491/491/491 474/474/474
f 444/444/444 476/476/476 491/491/491
f 523/523/523 494/494/494 525/525/525
f 498/498/498 494/494/494 505/505/505
f 502/502/502 494/494/494 511/511/511
f 492/492/492 494/494/494 514/514/514
f 508/508/508 494/494/494 518/518/518
f 513/513/513 494/494/494 523/523/523
f 520/520/520 494/494/494 495/495/495
f 525/525/525 494/494/494 498/498/498
f 500/500/500 494/494/494 502/502/502
f 503/503/503 494/494/494 492/492/492
f 505/505/505 494/494/494 508/508/508
f 511/511/511 494/494/494 513/513/513
f 514/514/514 494/494/494 517/517/517
f 518/518/518 494/494/494 520/520/520
f 517/517/517 494/494/494 500/500/500
f 495/495/495 494/494/494 503/503/503
f 1457/1457/1457 1466/1466/1466 1447/1447/1447
f 1457/1457/1457 1477/1477/1477 1466/1466/1466
f 1476/1476/1476 1521/1521/1521 1523/1523/1523
f 1476/1476/1476 1463/1463/1463 1521/1521/1521
f 1276/1276/1276 1230/1230/1230 1220/1220/1220
f 1276/1276/1276 1280/1280/1280 1230/1230/1230
f 1440/1440/1440 1465/1465/1465 1446/1446/1446
f 1440/1440/1440 1472/1472/1472 1465/1465/1465
f 1497/1497/1497 1505/1505/1505 1487/1487/1487
f 1497/1497/1497 1516/1516/1516 1505/1505/1505
f 1459/1459/1459 1467/1467/1467 1450/1450/1450
f 1459/1459/1459 1471/1471/1471 1467/1467/1467
f 526/526/526 549/549/549 538/538/538
f 526/526/526 537/537/537 549/549/549
f 528/528/528 538/538/538 540/540/540
f 528/528/528 526/526/526 538/538/538
f 529/529/529 539/539/539 541/541/541
f 529/529/529 527/527/527 539/539/539
f 530/530/530 541/541/541 542/542/542
f 530/530/530 529/529/529 541/541/541
f 531/531/531 542/542/542 543/543/543
f 531/531/531 530/530/530 542/542/542
f 532/532/532 543/543/543 544/544/544
f 532/532/532 531/531/531 543/543/543
f 533/533/533 544/544/544 545/545/545
f 533/533/533 532/532/532 544/544/544
f 534/534/534 545/545/545 546/546/546
f 534/534/534 533/533/533 545/545/545
f 536/536/536 547/547/547 548/548/548
f 536/536/536 535/535/535 547/547/547
f 537/537/537 548/548/548 549/549/549
f 537/537/537 536/536/536 548/548/548
f 538/538/538 561/561/561 550/550/550
f 538/538/538 549/549/549 561/561/561
f 540/540/540 550/550/550 552/552/552
f 540/540/540 538/538/538 550/550/550
f 541/541/541 551/551/551 553/553/553
f 541/541/541 539/539/539 551/551/551
f 542/542/542 553/553/553 554/554/554
f 542/542/542 541/541/541 553/553/553
f 543/543/543 554/554/554 555/555/555
f 543/543/543 542/542/542 554/554/554
f 544/544/544 555/555/555 556/556/556
f 544/544/544 543/543/543 555/555/555
f 545/545/545 556/556/556 557/557/557
f 545/545/545 544/544/544 556/556/556
f 546/546/546 557/557/557 558/558/558
f 546/546/546 545/545/545 557/557/557
f 548/548/548 559/559/559 560/560/560
f 548/548/548 547/547/547 559/559/559
f 549/549/549 560/560/560 561/561/561
f 549/549/549 548/548/548 560/560/560
f 550/550/550 573/573/573 562/562/562
f 550/550/550 561/561/561 573/573/573
f 552/552/552 562/562/562 564/564/564
f 552/552/552 550/550/550 562/562/562
f 553/553/553 563/563/563 565/565/565
f 553/553/553 551/551/551 563/563/563
f 554/554/554 565/565/565 566/566/566
f 554/554/554 553/553/553 565/565/565
f 555/555/555 566/566/566 567/567/567
f 555/555/555 554/554/554 566/566/566
f 556/556/556 567/567/567 568/568/568
f 556/556/556 555/555/555 567/567/567
f 557/557/557 568/568/568 569/569/569
f 557/557/557 556/556/556 568/568/568
f 558/558/558 569/569/569 570/570/570
f 558/558/558 557/557/557 569/569/569
f 560/560/560 571/571/571 572/572/572
f 560/560/560 559/559/559 571/571/571
f 561/561/561 572/572/572 573/573/573
f 561/561/561 560/560/560 572/572/572
f 562/562/562 585/585/585 574/574/574
f 562/562/562 573/573/573 585/585/585
f 564/564/564 574/574/574 576/576/576
f 564/564/564 562/562/562 574/574/574
f 565/565/565 575/575/575 577/577/577
f 565/565/565 563/563/563 575/575/575
f 566/566/566 577/577/577 578/578/578
f 566/566/566 565/565/565 577/577/577
f 567/567/567 578/578/578 579/579/579
f 567/567/567 566/566/566 578/578/578
f 568/568/568 579/579/579 580/580/580
f 568/568/568 567/567/567 579/579/579
f 569/569/569 580/580/580 581/581/581
f 569/569/569 568/568/568 580/580/580
f 570/570/570 581/581/581 582/582/582
f 570/570/570 569/569/569 581/581/581
f 572/572/572 583/583/583 584/584/584
f 572/572/572 571/571/571 583/583/583
f 573/573/573 584/584/584 585/585/585
f 573/573/573 572/572/572 584/584/584
f 574/574/574 597/597/597 586/586/586
f 574/574/574 585/585/585 597/597/597
f 576/576/576 586/586/586 588/588/588
f 576/576/576 574/574/574 586/586/586
f 577/577/577 587/587/587 589/589/589
f 577/577/577 575/575/575 587/587/587
f 578/578/578 589/589/589 590/590/590
f 578/578/578 577/577/577 589/589/589
f 579/579/579 590/590/590 591/591/591
f 579/579/579 578/578/578 590/590/590
f 580/580/580 591/591/591 592/592/592
f 580/580/580 579/579/579 591/591/591
f 581/581/581 592/592/592 593/593/593
f 581/581/581 580/580/580 592/592/592
f 582/582/582 593/593/593 594/594/594
f 582/582/582 581/581/581 593/593/593
f 584/584/584 595/595/595 596/596/596
f 584/584/584 583/583/583 595/595/595
f 585/585/585 596/596/596 597/597/597
f 585/585/585 584/584/584 596/596/596
f 586/586/586 609/609/609 598/598/598
f 586/586/586 597/597/597 609/609/609
f 588/588/588 598/598/598 600/600/600
f 588/588/588 586/586/586 598/598/598
f 589/589/589 599/599/599 601/601/601
f 589/589/589 587/587/587 599/599/599
f 590/590/590 601/601/601 602/602/602
f 590/590/590 589/589/589 601/601/601
f 591/591/591 602/602/602 603/603/603
f 591/591/591 590/590/590 602/602/602
f 592/592/592 603/603/603 604/604/604
f 592/592/592 591/591/591 603/603/603
f 593/593/593 604/604/604 605/605/605
f 593/593/593 592/592/592 604/604/604
f 594/594/594 605/605/605 606/606/606
f 594/594/594 593/593/593 605/605/605
f 596/596/596 607/607/607 608/608/608
f 596/596/596 595/595/595 607/607/607
f 597/597/597 608/608/608 609/609/609
f 597/597/597 596/596/596 608/608/608
f 598/598/598 621/621/621 610/610/610
f 598/598/598 609/609/609 621/621/621
f 600/600/600 610/610/610 612/612/612
f 600/600/600 598/598/598 610/610/610
f 601/601/601 611/611/611 613/613/613
f 601/601/601 599/599/599 611/611/611
f 602/602/602 613/613/613 614/614/614
f 602/602/602 601/601/601 613/613/613
f 603/603/603 614/614/614 615/615/615
f 603/603/603 602/602/602 614/614/614
f 604/604/604 615/615/615 616/616/616
f 604/604/604 603/603/603 615/615/615
f 605/605/605 616/616/616 617/617/617
f 605/605/605 604/604/604 616/616/616
f 606/606/606 617/617/617 618/618/618
f 606/606/606 605/605/605 617/617/617
f 608/608/608 619/619/619 620/620/620
f 608/608/608 607/607/607 619/619/619
f 609/609/609 620/620/620 621/621/621
f 609/609/609 608/608/608 620/620/620
f 610/610/610 633/633/633 622/622/622
f 610/610/610 621/621/621 633/633/633
f 612/612/612 622/622/622 624/624/624
f 612/612/612 610/610/610 622/622/622
f 613/613/613 623/623/623 625/625/625
f 613/613/613 611/611/611 623/623/623
f 614/614/614 625/625/625 626/626/626
f 614/614/614 613/613/613 625/625/625
f 615/615/615 626/626/626 627/627/627
f 615/615/615 614/614/614 626/626/626
f 616/616/616 627/627/627 628/628/628
f 616/616/616 615/615/615 627/627/627
f 617/617/617 628/628/628 629/629/629
f 617/617/617 616/616/616 628/628/628
f 618/618/618 629/629/629 630/630/630
f 618/618/618 617/617/617 629/629/629
f 620/620/620 631/631/631 632/632/632
f 620/620/620 619/619/619 631/631/631
f 621/621/621 632/632/632 633/633/633
f 621/621/621 620/620/620 632/632/632
f 622/622/622 645/645/645 634/634/634
f 622/622/622 633/633/633 645/645/645
f 624/624/624 634/634/634 636/636/636
f 624/624/624 622/622/622 634/634/634
f 625/625/625 635/635/635 637/637/637
f 625/625/625 623/623/623 635/635/635
f 626/626/626 637/637/637 638/638/638
f 626/626/626 625/625/625 637/637/637
f 627/627/627 638/638/638 639/639/639
f 627/627/627 626/626/626 638/638/638
f 628/628/628 639/639/639 640/640/640
f 628/628/628 627/627/627 639/639/639
f 629/629/629 640/640/640 641/641/641
f 629/629/629 628/628/628 640/640/640
f 630/630/630 641/641/641 642/642/642
f 630/630/630 629/629/629 641/641/641
f 632/632/632 643/643/643 644/644/644
f 632/632/632 631/631/631 643/643/643
f 633/633/633 644/644/644 645/645/645
f 633/633/633 632/632/632 644/644/644
f 634/634/634 657/657/657 646/646/646
f 634/634/634 645/645/645 657/657/657
f 636/636/636 646/646/646 648/648/648
f 636/636/636 634/634/634 646/646/646
f 637/637/637 647/647/647 649/649/649
f 637/637/637 635/635/635 647/647/647
f 638/638/638 649/649/649 650/650/650
f 638/638/638 637/637/637 649/649/649
f 639/639/639 650/650/650 651/651/651
f 639/639/639 638/638/638 650/650/650
f 640/640/640 651/651/651 652/652/652
f 640/640/640 639/639/639 651/651/651
f 641/641/641 652/652/652 653/653/653
f 641/641/641 640/640/640 652/652/652
f 642/642/642 653/653/653 654/654/654
f 642/642/642 641/641/641 653/653/653
f 644/644/644 655/655/655 656/656/656
f 644/644/644 643/643/643 655/655/655
f 645/645/645 656/656/656 657/657/657
f 645/645/645 644/644/644 656/656/656
f 646/646/646 669/669/669 658/658/658
f 646/646/646 657/657/657 669/669/669
f 648/648/648 658/658/658 660/660/660
f 648/648/648 646/646/646 658/658/658
f 649/649/649 659/659/659 661/661/661
f 649/649/649 647/647/647 659/659/659
f 650/650/650 661/661/661 662/662/662
f 650/650/650 649/649/649 661/661/661
f 651/651/651 662/662/662 663/663/663
f 651/651/651 650/650/650 662/662/662
f 652/652/652 663/663/663 664/664/664
f 652/652/652 651/651/651 663/663/663
f 653/653/653 664/664/664 665/665/665
f 653/653/653 652/652/652 664/664/664
f 654/654/654 665/665/665 666/666/666
f 654/654/654 653/653/653 665/665/665
f 656/656/656 667/667/667 668/668/668
f 656/656/656 655/655/655 667/667/667
f 657/657/657 668/668/668 669/669/669
f 657/657/657 656/656/656 668/668/668
f 658/658/658 681/681/681 670/670/670
f 658/658/658 669/669/669 681/681/681
f 660/660/660 670/670/670 672/672/672
f 660/660/660 658/658/658 670/670/670
f 661/661/661 671/671/671 673/673/673
f 661/661/661 659/659/659 671/671/671
f 662/662/662 673/673/673 674/674/674
f 662/662/662 661/661/661 673/673/673
f 663/663/663 674/674/674 675/675/675
f 663/663/663 662/662/662 674/674/674
f 664/664/664 675/675/675 676/676/676
f 664/664/664 663/663/663 675/675/675
f 665/665/665 676/676/676 677/677/677
f 665/665/665 664/664/664 676/676/676
f 666/666/666 677/677/677 678/678/678
f 666/666/666 665/665/665 677/677/677
f 668/668/668 679/679/679 680/680/680
f 668/668/668 667/667/667 679/679/679
f 669/669/669 680/680/680 681/681/681
f 669/669/669 668/668/668 680/680/680
f 670/670/670 693/693/693 682/682/682
f 670/670/670 681/681/681 693/693/693
f 672/672/672 682/682/682 684/684/684
f 672/672/672 670/670/670 682/682/682
f 673/673/673 683/683/683 685/685/685
f 673/673/673 671/671/671 683/683/683
f 674/674/674 685/685/685 686/686/686
f 674/674/674 673/673/673 685/685/685
f 675/675/675 686/686/686 687/687/687
f 675/675/675 674/674/674 686/686/686
f 676/676/676 687/687/687 688/688/688
f 676/676/676 675/675/675 687/687/687
f 677/677/677 688/688/688 689/689/689
f 677/677/677 676/676/676 688/688/688
f 678/678/678 689/689/689 690/690/690
f 678/678/678 677/677/677 689/689/689
f 680/680/680 691/691/691 692/692/692
f 680/680/680 679/679/679 691/691/691
f 681/681/681 692/692/692 693/693/693
f 681/681/681 680/680/680 692/692/692
f 682/682/682 705/705/705 694/694/694
f 682/682/682 693/693/693 705/705/705
f 684/684/684 694/694/694 696/696/696
f 684/684/684 682/682/682 694/694/694
f 685/685/685 695/695/695 697/697/697
f 685/685/685 683/683/683 695/695/695
f 686/686/686 697/697/697 698/698/698
f 686/686/686 685/685/685 697/697/697
f 687/687/687 698/698/698 699/699/699
f 687/687/687 686/686/686 698/698/698
f 688/688/688 699/699/699 700/700/700
f 688/688/688 687/687/687 699/699/699
f 689/689/689 700/700/700 701/701/701
f 689/689/689 688/688/688 700/700/700
f 690/690/690 701/701/701 702/702/702
f 690/690/690 689/689/689 701/701/701
f 692/692/692 703/703/703 704/704/704
f 692/692/692 691/691/691 703/703/703
f 693/693/693 704/704/704 705/705/705
f 693/693/693 692/692/692 704/704/704
f 694/694/694 717/717/717 706/706/706
f 694/694/694 705/705/705 717/717/717
f 696/696/696 706/706/706 708/708/708
f 696/696/696 694/694/694 706/706/706
f 697/697/697 707/707/707 709/709/709
f 697/697/697 695/695/695 707/707/707
f 698/698/698 709/709/709 710/710/710
f 698/698/698 697/697/697 709/709/709
f 699/699/699 710/710/710 711/711/711
f 699/699/699 698/698/698 710/710/710
f 700/700/700 711/711/711 712/712/712
f 700/700/700 699/699/699 711/711/711
f 701/701/701 712/712/712 713/713/713
f 701/701/701 700/700/700 712/712/712
f 702/702/702 713/713/713 714/714/714
f 702/702/702 701/701/701 713/713/713
f 704/704/704 715/715/715 716/716/716
f 704/704/704 703/703/703 715/715/715
f 705/705/705 716/716/716 717/717/717
f 705/705/705 704/704/704 716/716/716
f 706/706/706 729/729/729 718/718/718
f 706/706/706 717/717/717 729/729/729
f 708/708/708 718/718/718 720/720/720
f 708/708/708 706/706/706 718/718/718
f 709/709/709 719/719/719 721/721/721
f 709/709/709 707/707/707 719/719/719
f 710/710/710 721/721/721 722/722/722
f 710/710/710 709/709/709 721/721/721
f 711/711/711 722/722/722 723/723/723
f 711/711/711 710/710/710 722/722/722
f 712/712/712 723/723/723 724/724/724
f 712/712/712 711/711/711 723/723/723
f 713/713/713 724/724/724 725/725/725
f 713/713/713 712/712/712 724/724/724
f 714/714/714 725/725/725 726/726/726
f 714/714/714 713/713/713 725/725/725
f 716/716/716 727/727/727 728/728/728
f 716/716/716 715/715/715 727/727/727
f 717/717/717 728/728/728 729/729/729
f 717/717/717 716/716/716 728/728/728
f 718/718/718 741/741/741 730/730/730
f 718/718/718 729/729/729 741/741/741
f 720/720/720 730/730/730 732/732/732
f 720/720/720 718/718/718 730/730/730
f 721/721/721 731/731/731 733/733/733
f 721/721/721 719/719/719 731/731/731
f 722/722/722 733/733/733 734/734/734
f 722/722/722 721/721/721 733/733/733
f 723/723/723 734/734/734 735/735/735
f 723/723/723 722/722/722 734/734/734
f 724/724/724 735/735/735 736/736/736
f 724/724/724 723/723/723 735/735/735
f 725/725/725 736/736/736 737/737/737
f 725/725/725 724/724/724 736/736/736
f 726/726/726 737/737/737 738/738/738
f 726/726/726 725/725/725 737/737/737
f 728/728/728 739/739/739 740/740/740
f 728/728/728 727/727/727 739/739/739
f 729/729/729 740/740/740 741/741/741
f 729/729/729 728/728/728 740/740/740
f 732/732/732 951/951/951 957/957/957
f 732/732/732 730/730/730 951/951/951
f 730/730/730 952/952/952 951/951/951
f 730/730/730 741/741/741 952/952/952
f 733/733/733 956/956/956 959/959/959
f 733/733/733 731/731/731 956/956/956
f 734/734/734 959/959/959 961/961/961
f 734/734/734 733/733/733 959/959/959
f 735/735/735 961/961/961 963/963/963
f 735/735/735 734/734/734 961/961/961
f 736/736/736 963/963/963 965/965/965
f 736/736/736 735/735/735 963/963/963
f 737/737/737 965/965/965 967/967/967
f 737/737/737 736/736/736 965/965/965
f 738/738/738 967/967/967 970/970/970
f 738/738/738 737/737/737 967/967/967
f 740/740/740 971/971/971 973/973/973
f 740/740/740 739/739/739 971/971/971
f 741/741/741 973/973/973 952/952/952
f 741/741/741 740/740/740 973/973/973
f 742/742/742 765/765/765 754/754/754
f 742/742/742 753/753/753 765/765/765
f 744/744/744 754/754/754 756/756/756
f 744/744/744 742/742/742 754/754/754
f 745/745/745 755/755/755 757/757/757
f 745/745/745 743/743/743 755/755/755
f 746/746/746 757/757/757 758/758/758
f 746/746/746 745/745/745 757/757/757
f 747/747/747 758/758/758 759/759/759
f 747/747/747 746/746/746 758/758/758
f 748/748/748 759/759/759 760/760/760
f 748/748/748 747/747/747 759/759/759
f 749/749/749 760/760/760 761/761/761
f 749/749/749 748/748/748 760/760/760
f 750/750/750 761/761/761 762/762/762
f 750/750/750 749/749/749 761/761/761
f 752/752/752 763/763/763 764/764/764
f 752/752/752 751/751/751 763/763/763
f 753/753/753 764/764/764 765/765/765
f 753/753/753 752/752/752 764/764/764
f 754/754/754 777/777/777 766/766/766
f 754/754/754 765/765/765 777/777/777
f 756/756/756 766/766/766 768/768/768
f 756/756/756 754/754/754 766/766/766
f 757/757/757 767/767/767 769/769/769
f 757/757/757 755/755/755 767/767/767
f 758/758/758 769/769/769 770/770/770
f 758/758/758 757/757/757 769/769/769
f 759/759/759 770/770/770 771/771/771
f 759/759/759 758/758/758 770/770/770
f 760/760/760 771/771/771 772/772/772
f 760/760/760 759/759/759 771/771/771
f 761/761/761 772/772/772 773/773/773
f 761/761/761 760/760/760 772/772/772
f 762/762/762 773/773/773 774/774/774
f 762/762/762 761/761/761 773/773/773
f 764/764/764 775/775/775 776/776/776
f 764/764/764 763/763/763 775/775/775
f 765/765/765 776/776/776 777/777/777
f 765/765/765 764/764/764 776/776/776
f 766/766/766 789/789/789 778/778/778
f 766/766/766 777/777/777 789/789/789
f 768/768/768 778/778/778 780/780/780
f 768/768/768 766/766/766 778/778/778
f 769/769/769 779/779/779 781/781/781
f 769/769/769 767/767/767 779/779/779
f 770/770/770 781/781/781 782/782/782
f 770/770/770 769/769/769 781/781/781
f 771/771/771 782/782/782 783/783/783
f 771/771/771 770/770/770 782/782/782
f 772/772/772 783/783/783 784/784/784
f 772/772/772 771/771/771 783/783/783
f 773/773/773 784/784/784 785/785/785
f 773/773/773 772/772/772 784/784/784
f 774/774/774 785/785/785 786/786/786
f 774/774/774 773/773/773 785/785/785
f 776/776/776 787/787/787 788/788/788
f 776/776/776 775/775/775 787/787/787
f 777/777/777 788/788/788 789/789/789
f 777/777/777 776/776/776 788/788/788
f 778/778/778 801/801/801 790/790/790
f 778/778/778 789/789/789 801/801/801
f 780/780/780 790/790/790 792/792/792
f 780/780/780 778/778/778 790/790/790
f 781/781/781 791/791/791 793/793/793
f 781/781/781 779/779/779 791/791/791
f 782/782/782 793/793/793 794/794/794
f 782/782/782 781/781/781 793/793/793
f 783/783/783 794/794/794 795/795/795
f 783/783/783 782/782/782 794/794/794
f 784/784/784 795/795/795 796/796/796
f 784/784/784 783/783/783 795/795/795
f 785/785/785 796/796/796 797/797/797
f 785/785/785 784/784/784 796/796/796
f 786/786/786 797/797/797 798/798/798
f 786/786/786 785/785/785 797/797/797
f 788/788/788 799/799/799 800/800/800
f 788/788/788 787/787/787 799/799/799
f 789/789/789 800/800/800 801/801/801
f 789/789/789 788/788/788 800/800/800
f 790/790/790 813/813/813 802/802/802
f 790/790/790 801/801/801 813/813/813
f 792/792/792 802/802/802 804/804/804
f 792/792/792 790/790/790 802/802/802
f 793/793/793 803/803/803 805/805/805
f 793/793/793 791/791/791 803/803/803
f 794/794/794 805/805/805 806/806/806
f 794/794/794 793/793/793 805/805/805
f 795/795/795 806/806/806 807/807/807
f 795/795/795 794/794/794 806/806/806
f 796/796/796 807/807/807 808/808/808
f 796/796/796 795/795/795 807/807/807
f 797/797/797 808/808/808 809/809/809
f 797/797/797 796/796/796 808/808/808
f 798/798/798 809/809/809 810/810/810
f 798/798/798 797/797/797 809/809/809
f 800/800/800 811/811/811 812/812/812
f 800/800/800 799/799/799 811/811/811
f 801/801/801 812/812/812 813/813/813
f 801/801/801 800/800/800 812/812/812
f 802/802/802 825/825/825 814/814/814
f 802/802/802 813/813/813 825/825/825
f 804/804/804 814/814/814 816/816/816
f 804/804/804 802/802/802 814/814/814
f 805/805/805 815/815/815 817/817/817
f 805/805/805 803/803/803 815/815/815
f 806/806/806 817/817/817 818/818/818
f 806/806/806 805/805/805 817/817/817
f 807/807/807 818/818/818 819/819/819
f 807/807/807 806/806/806 818/818/818
f 808/808/808 819/819/819 820/820/820
f 808/808/808 807/807/807 819/819/819
f 809/809/809 820/820/820 821/821/821
f 809/809/809 808/808/808 820/820/820
f 810/810/810 821/821/821 822/822/822
f 810/810/810 809/809/809 821/821/821
f 812/812/812 823/823/823 824/824/824
f 812/812/812 811/811/811 823/823/823
f 813/813/813 824/824/824 825/825/825
f 813/813/813 812/812/812 824/824/824
f 814/814/814 837/837/837 826/826/826
f 814/814/814 825/825/825 837/837/837
f 816/816/816 826/826/826 828/828/828
f 816/816/816 814/814/814 826/826/826
f 817/817/817 827/827/827 829/829/829
f 817/817/817 815/815/815 827/827/827
f 818/818/818 829/829/829 830/830/830
f 818/818/818 817/817/817 829/829/829
f 819/819/819 830/830/830 831/831/831
f 819/819/819 818/818/818 830/830/830
f 820/820/820 831/831/831 832/832/832
f 820/820/820 819/819/819 831/831/831
f 821/821/821 832/832/832 833/833/833
f 821/821/821 820/820/820 832/832/832
f 822/822/822 833/833/833 834/834/834
f 822/822/822 821/821/821 833/833/833
f 824/824/824 835/835/835 836/836/836
f 824/824/824 823/823/823 835/835/835
f 825/825/825 836/836/836 837/837/837
f 825/825/825 824/824/824 836/836/836
f 826/826/826 849/849/849 838/838/838
f 826/826/826 837/837/837 849/849/849
f 828/828/828 838/838/838 840/840/840
f 828/828/828 826/826/826 838/838/838
f 829/829/829 839/839/839 841/841/841
f 829/829/829 827/827/827 839/839/839
f 830/830/830 841/841/841 842/842/842
f 830/830/830 829/829/829 841/841/841
f 831/831/831 842/842/842 843/843/843
f 831/831/831 830/830/830 842/842/842
f 832/832/832 843/843/843 844/844/844
f 832/832/832 831/831/831 843/843/843
f 833/833/833 844/844/844 845/845/845
f 833/833/833 832/832/832 844/844/844
f 834/834/834 845/845/845 846/846/846
f 834/834/834 833/833/833 845/845/845
f 836/836/836 847/847/847 848/848/848
f 836/836/836 835/835/835 847/847/847
f 837/837/837 848/848/848 849/849/849
f 837/837/837 836/836/836 848/848/848
f 838/838/838 861/861/861 850/850/850
f 838/838/838 849/849/849 861/861/861
f 840/840/840 850/850/850 852/852/852
f 840/840/840 838/838/838 850/850/850
f 841/841/841 851/851/851 853/853/853
f 841/841/841 839/839/839 851/851/851
f 842/842/842 853/853/853 854/854/854
f 842/842/842 841/841/841 853/853/853
f 843/843/843 854/854/854 855/855/855
f 843/843/843 842/842/842 854/854/854
f 844/844/844 855/855/855 856/856/856
f 844/844/844 843/843/843 855/855/855
f 845/845/845 856/856/856 857/857/857
f 845/845/845 844/844/844 856/856/856
f 846/846/846 857/857/857 858/858/858
f 846/846/846 845/845/845 857/857/857
f 848/848/848 859/859/859 860/860/860
f 848/848/848 847/847/847 859/859/859
f 849/849/849 860/860/860 861/861/861
f 849/849/849 848/848/848 860/860/860
f 850/850/850 873/873/873 862/862/862
f 850/850/850 861/861/861 873/873/873
f 852/852/852 862/862/862 864/864/864
f 852/852/852 850/850/850 862/862/862
f 853/853/853 863/863/863 865/865/865
f 853/853/853 851/851/851 863/863/863
f 854/854/854 865/865/865 866/866/866
f 854/854/854 853/853/853 865/865/865
f 855/855/855 866/866/866 867/867/867
f 855/855/855 854/854/854 866/866/866
f 856/856/856 867/867/867 868/868/868
f 856/856/856 855/855/855 867/867/867
f 857/857/857 868/868/868 869/869/869
f 857/857/857 856/856/856 868/868/868
f 858/858/858 869/869/869 870/870/870
f 858/858/858 857/857/857 869/869/869
f 860/860/860 871/871/871 872/872/872
f 860/860/860 859/859/859 871/871/871
f 861/861/861 872/872/872 873/873/873
f 861/861/861 860/860/860 872/872/872
f 862/862/862 885/885/885 874/874/874
f 862/862/862 873/873/873 885/885/885
f 864/864/864 874/874/874 876/876/876
f 864/864/864 862/862/862 874/874/874
f 865/865/865 875/875/875 877/877/877
f 865/865/865 863/863/863 875/875/875
f 866/866/866 877/877/877 878/878/878
f 866/866/866 865/865/865 877/877/877
f 867/867/867 878/878/878 879/879/879
f 867/867/867 866/866/866 878/878/878
f 868/868/868 879/879/879 880/880/880
f 868/868/868 867/867/867 879/879/879
f 869/869/869 880/880/880 881/881/881
f 869/869/869 868/868/868 880/880/880
f 870/870/870 881/881/881 882/882/882
f 870/870/870 869/869/869 881/881/881
f 872/872/872 883/883/883 884/884/884
f 872/872/872 871/871/871 883/883/883
f 873/873/873 884/884/884 885/885/885
f 873/873/873 872/872/872 884/884/884
f 874/874/874 897/897/897 886/886/886
f 874/874/874 885/885/885 897/897/897
f 876/876/876 886/886/886 888/888/888
f 876/876/876 874/874/874 886/886/886
f 877/877/877 887/887/887 889/889/889
f 877/877/877 875/875/875 887/887/887
f 878/878/878 889/889/889 890/890/890
f 878/878/878 877/877/877 889/889/889
f 879/879/879 890/890/890 891/891/891
f 879/879/879 878/878/878 890/890/890
f 880/880/880 891/891/891 892/892/892
f 880/880/880 879/879/879 891/891/891
f 881/881/881 892/892/892 893/893/893
f 881/881/881 880/880/880 892/892/892
f 882/882/882 893/893/893 894/894/894
f 882/882/882 881/881/881 893/893/893
f 884/884/884 895/895/895 896/896/896
f 884/884/884 883/883/883 895/895/895
f 885/885/885 896/896/896 897/897/897
f 885/885/885 884/884/884 896/896/896
f 886/886/886 909/909/909 898/898/898
f 886/886/886 897/897/897 909/909/909
f 888/888/888 898/898/898 900/900/900
f 888/888/888 886/886/886 898/898/898
f 889/889/889 899/899/899 901/901/901
f 889/889/889 887/887/887 899/899/899
f 890/890/890 901/901/901 902/902/902
f 890/890/890 889/889/889 901/901/901
f 891/891/891 902/902/902 903/903/903
f 891/891/891 890/890/890 902/902/902
f 892/892/892 903/903/903 904/904/904
f 892/892/892 891/891/891 903/903/903
f 893/893/893 904/904/904 905/905/905
f 893/893/893 892/892/892 904/904/904
f 894/894/894 905/905/905 906/906/906
f 894/894/894 893/893/893 905/905/905
f 896/896/896 907/907/907 908/908/908
f 896/896/896 895/895/895 907/907/907
f 897/897/897 908/908/908 909/909/909
f 897/897/897 896/896/896 908/908/908
f 898/898/898 921/921/921 910/910/910
f 898/898/898 909/909/909 921/921/921
f 900/900/900 910/910/910 912/912/912
f 900/900/900 898/898/898 910/910/910
f 901/901/901 911/911/911 913/913/913
f 901/901/901 899/899/899 911/911/911
f 902/902/902 913/913/913 914/914/914
f 902/902/902 901/901/901 913/913/913
f 903/903/903 914/914/914 915/915/915
f 903/903/903 902/902/902 914/914/914
f 904/904/904 915/915/915 916/916/916
f 904/904/904 903/903/903 915/915/915
f 905/905/905 916/916/916 917/917/917
f 905/905/905 904/904/904 916/916/916
f 906/906/906 917/917/917 918/918/918
f 906/906/906 905/905/905 917/917/917
f 908/908/908 919/919/919 920/920/920
f 908/908/908 907/907/907 919/919/919
f 909/909/909 920/920/920 921/921/921
f 909/909/909 908/908/908 920/920/920
f 910/910/910 933/933/933 922/922/922
f 910/910/910 921/921/921 933/933/933
f 912/912/912 922/922/922 924/924/924
f 912/912/912 910/910/910 922/922/922
f 913/913/913 923/923/923 925/925/925
f 913/913/913 911/911/911 923/923/923
f 914/914/914 925/925/925 926/926/926
f 914/914/914 913/913/913 925/925/925
f 915/915/915 926/926/926 927/927/927
f 915/915/915 914/914/914 926/926/926
f 916/916/916 927/927/927 928/928/928
f 916/916/916 915/915/915 927/927/927
f 917/917/917 928/928/928 929/929/929
f 917/917/917 916/916/916 928/928/928
f 918/918/918 929/929/929 930/930/930
f 918/918/918 917/917/917 929/929/929
f 920/920/920 931/931/931 932/932/932
f 920/920/920 919/919/919 931/931/931
f 921/921/921 932/932/932 933/933/933
f 921/921/921 920/920/920 932/932/932
f 922/922/922 945/945/945 934/934/934
f 922/922/922 933/933/933 945/945/945
f 924/924/924 934/934/934 936/936/936
f 924/924/924 922/922/922 934/934/934
f 925/925/925 935/935/935 937/937/937
f 925/925/925 923/923/923 935/935/935
f 926/926/926 937/937/937 938/938/938
f 926/926/926 925/925/925 937/937/937
f 927/927/927 938/938/938 939/939/939
f 927/927/927 926/926/926 938/938/938
f 928/928/928 939/939/939 940/940/940
f 928/928/928 927/927/927 939/939/939
f 929/929/929 940/940/940 941/941/941
f 929/929/929 928/928/928 940/940/940
f 930/930/930 941/941/941 942/942/942
f 930/930/930 929/929/929 941/941/941
f 932/932/932 943/943/943 944/944/944
f 932/932/932 931/931/931 943/943/943
f 933/933/933 944/944/944 945/945/945
f 933/933/933 932/932/932 944/944/944
f 958/958/958 743/743/743 745/745/745
f 958/958/958 954/954/954 743/743/743
f 972/972/972 751/751/751 752/752/752
f 972/972/972 969/969/969 751/751/751
f 968/968/968 749/749/749 750/750/750
f 968/968/968 966/966/966 749/749/749
f 966/966/966 748/748/748 749/749/749
f 966/966/966 964/964/964 748/748/748
f 964/964/964 747/747/747 748/748/748
f 964/964/964 962/962/962 747/747/747
f 962/962/962 746/746/746 747/747/747
f 962/962/962 960/960/960 746/746/746
f 960/960/960 745/745/745 746/746/746
f 960/960/960 958/958/958 745/745/745
f 953/953/953 752/752/752 753/753/753
f 953/953/953 972/972/972 752/752/752
f 950/950/950 753/753/753 742/742/742
f 950/950/950 953/953/953 753/753/753
f 953/953/953 973/973/973 972/972/972
f 953/953/953 952/952/952 973/973/973
f 972/972/972 971/971/971 969/969/969
f 972/972/972 973/973/973 971/971/971
f 968/968/968 967/967/967 966/966/966
f 968/968/968 970/970/970 967/967/967
f 966/966/966 965/965/965 964/964/964
f 966/966/966 967/967/967 965/965/965
f 964/964/964 963/963/963 962/962/962
f 964/964/964 965/965/965 963/963/963
f 962/962/962 961/961/961 960/960/960
f 962/962/962 963/963/963 961/961/961
f 960/960/960 959/959/959 958/958/958
f 960/960/960 961/961/961 959/959/959
f 958/958/958 956/956/956 954/954/954
f 958/958/958 959/959/959 956/956/956
f 955/955/955 951/951/951 950/950/950
f 955/955/955 957/957/957 951/951/951
f 950/950/950 952/952/952 953/953/953
f 950/950/950 951/951/951 952/952/952
f 955/955/955 742/742/742 744/744/744
f 955/955/955 950/950/950 742/742/742
f 1095/1095/1095 985/985/985 983/983/983
f 1095/1095/1095 1089/1089/1089 985/985/985
f 1143/1143/1143 983/983/983 1072/1072/1072
f 1143/1143/1143 1047/1047/1047 983/983/983
f 1213/1213/1213 1025/1025/1025 949/949/949
f 1213/1213/1213 1117/1117/1117 1025/1025/1025
f 978/978/978 1066/1066/1066 1067/1067/1067
f 978/978/978 976/976/976 1066/1066/1066
f 1202/1202/1202 1180/1180/1180 1209/1209/1209
f 1202/1202/1202 1183/1183/1183 1180/1180/1180
f 1125/1125/1125 1068/1068/1068 1058/1058/1058
f 1125/1125/1125 1141/1141/1141 1068/1068/1068
f 1124/1124/1124 1031/1031/1031 1118/1118/1118
f 1124/1124/1124 1021/1021/1021 1031/1031/1031
f 1138/1138/1138 1031/1031/1031 1063/1063/1063
f 1138/1138/1138 1118/1118/1118 1031/1031/1031
f 1147/1147/1147 1184/1184/1184 1195/1195/1195
f 1147/1147/1147 1112/1112/1112 1184/1184/1184
f 1017/1017/1017 1121/1121/1121 1115/1115/1115
f 1017/1017/1017 1032/1032/1032 1121/1121/1121
f 1160/1160/1160 994/994/994 1105/1105/1105
f 1160/1160/1160 1014/1014/1014 994/994/994
f 1019/1019/1019 1532/1532/1532 1539/1539/1539
f 1019/1019/1019 1120/1120/1120 1532/1532/1532
f 1120/1120/1120 1029/1029/1029 1126/1126/1126
f 1120/1120/1120 1019/1019/1019 1029/1029/1029
f 1019/1019/1019 1118/1118/1118 1029/1029/1029
f 1019/1019/1019 1124/1124/1124 1118/1118/1118
f 1499/1499/1499 1540/1540/1540 1538/1538/1538
f 1499/1499/1499 1509/1509/1509 1540/1540/1540
f 1010/1010/1010 1204/1204/1204 1148/1148/1148
f 1010/1010/1010 1166/1166/1166 1204/1204/1204
f 1069/1069/1069 1090/1090/1090 1062/1062/1062
f 1069/1069/1069 1094/1094/1094 1090/1090/1090
f 997/997/997 1123/1123/1123 1043/1043/1043
f 997/997/997 1051/1051/1051 1123/1123/1123
f 1032/1032/1032 1185/1185/1185 1189/1189/1189
f 1032/1032/1032 1017/1017/1017 1185/1185/1185
f 1054/1054/1054 991/991/991 998/998/998
f 1054/1054/1054 1043/1043/1043 991/991/991
f 1510/1510/1510 1534/1534/1534 1507/1507/1507
f 1510/1510/1510 1535/1535/1535 1534/1534/1534
f 1132/1132/1132 1183/1183/1183 1202/1202/1202
f 1132/1132/1132 1038/1038/1038 1183/1183/1183
f 1016/1016/1016 1195/1195/1195 1104/1104/1104
f 1016/1016/1016 1147/1147/1147 1195/1195/1195
f 1104/1104/1104 1152/1152/1152 1182/1182/1182
f 1104/1104/1104 1195/1195/1195 1152/1152/1152
f 1018/1018/1018 1540/1540/1540 1531/1531/1531
f 1018/1018/1018 1188/1188/1188 1540/1540/1540
f 1060/1060/1060 1130/1130/1130 1000/1000/1000
f 1060/1060/1060 1136/1136/1136 1130/1130/1130
f 1188/1188/1188 1106/1106/1106 1097/1097/1097
f 1188/1188/1188 1192/1192/1192 1106/1106/1106
f 983/983/983 974/974/974 1072/1072/1072
f 983/983/983 985/985/985 974/974/974
f 1042/1042/1042 1102/1102/1102 1194/1194/1194
f 1042/1042/1042 990/990/990 1102/1102/1102
f 1194/1194/1194 1008/1008/1008 1110/1110/1110
f 1194/1194/1194 1102/1102/1102 1008/1008/1008
f 1154/1154/1154 1183/1183/1183 1038/1038/1038
f 1154/1154/1154 1177/1177/1177 1183/1183/1183
f 1060/1060/1060 1111/1111/1111 1015/1015/1015
f 1060/1060/1060 1133/1133/1133 1111/1111/1111
f 979/979/979 1005/1005/1005 980/980/980
f 979/979/979 1002/1002/1002 1005/1005/1005
f 1184/1184/1184 1103/1103/1103 1114/1114/1114
f 1184/1184/1184 1186/1186/1186 1103/1103/1103
f 1004/1004/1004 1024/1024/1024 977/977/977
f 1004/1004/1004 1071/1071/1071 1024/1024/1024
f 979/979/979 1080/1080/1080 1002/1002/1002
f 979/979/979 1084/1084/1084 1080/1080/1080
f 1068/1068/1068 1116/1116/1116 1058/1058/1058
f 1068/1068/1068 1142/1142/1142 1116/1116/1116
f 1076/1076/1076 1150/1150/1150 1151/1151/1151
f 1076/1076/1076 1075/1075/1075 1150/1150/1150
f 1126/1126/1126 1061/1061/1061 1134/1134/1134
f 1126/1126/1126 1029/1029/1029 1061/1061/1061
f 1061/1061/1061 1118/1118/1118 1138/1138/1138
f 1061/1061/1061 1029/1029/1029 1118/1118/1118
f 1109/1109/1109 1069/1069/1069 1037/1037/1037
f 1109/1109/1109 1131/1131/1131 1069/1069/1069
f 1110/1110/1110 1060/1060/1060 1015/1015/1015
f 1110/1110/1110 1136/1136/1136 1060/1060/1060
f 1100/1100/1100 1184/1184/1184 1112/1112/1112
f 1100/1100/1100 1186/1186/1186 1184/1184/1184
f 1516/1516/1516 1531/1531/1531 1505/1505/1505
f 1516/1516/1516 1532/1532/1532 1531/1531/1531
f 994/994/994 1074/1074/1074 1027/1027/1027
f 994/994/994 1014/1014/1014 1074/1074/1074
f 992/992/992 1128/1128/1128 1042/1042/1042
f 992/992/992 1034/1034/1034 1128/1128/1128
f 1042/1042/1042 1024/1024/1024 990/990/990
f 1042/1042/1042 1128/1128/1128 1024/1024/1024
f 1128/1128/1128 977/977/977 1024/1024/1024
f 1128/1128/1128 1033/1033/1033 977/977/977
f 1034/1034/1034 1033/1033/1033 1128/1128/1128
f 1034/1034/1034 981/981/981 1033/1033/1033
f 1175/1175/1175 1053/1053/1053 1176/1176/1176
f 1175/1175/1175 1077/1077/1077 1053/1053/1053
f 1107/1107/1107 1103/1103/1103 1098/1098/1098
f 1107/1107/1107 1114/1114/1114 1103/1103/1103
f 1136/1136/1136 1008/1008/1008 1011/1011/1011
f 1136/1136/1136 1110/1110/1110 1008/1008/1008
f 1130/1130/1130 1011/1011/1011 1010/1010/1010
f 1130/1130/1130 1136/1136/1136 1011/1011/1011
f 1068/1068/1068 1139/1139/1139 1142/1142/1142
f 1068/1068/1068 1016/1016/1016 1139/1139/1139
f 1057/1057/1057 1113/1113/1113 1196/1196/1196
f 1057/1057/1057 1001/1001/1001 1113/1113/1113
f 1189/1189/1189 1147/1147/1147 1193/1193/1193
f 1189/1189/1189 1112/1112/1112 1147/1147/1147
f 1111/1111/1111 1110/1110/1110 1015/1015/1015
f 1111/1111/1111 1194/1194/1194 1110/1110/1110
f 1099/1099/1099 1187/1187/1187 1108/1108/1108
f 1099/1099/1099 1191/1191/1191 1187/1187/1187
f 1085/1085/1085 1158/1158/1158 1078/1078/1078
f 1085/1085/1085 1159/1159/1159 1158/1158/1158
f 1150/1150/1150 1155/1155/1155 1122/1122/1122
f 1150/1150/1150 1075/1075/1075 1155/1155/1155
f 1078/1078/1078 1105/1105/1105 1045/1045/1045
f 1078/1078/1078 1160/1160/1160 1105/1105/1105
f 1051/1051/1051 1027/1027/1027 1123/1123/1123
f 1051/1051/1051 994/994/994 1027/1027/1027
f 993/993/993 1164/1164/1164 1047/1047/1047
f 993/993/993 1087/1087/1087 1164/1164/1164
f 999/999/999 1125/1125/1125 997/997/997
f 999/999/999 1141/1141/1141 1125/1125/1125
f 1101/1101/1101 1146/1146/1146 1198/1198/1198
f 1101/1101/1101 1179/1179/1179 1146/1146/1146
f 1077/1077/1077 1055/1055/1055 1053/1053/1053
f 1077/1077/1077 1085/1085/1085 1055/1055/1055
f 1207/1207/1207 1200/1200/1200 1201/1201/1201
f 1207/1207/1207 1203/1203/1203 1200/1200/1200
f 1196/1196/1196 1000/1000/1000 1144/1144/1144
f 1196/1196/1196 1113/1113/1113 1000/1000/1000
f 1151/1151/1151 1073/1073/1073 1076/1076/1076
f 1151/1151/1151 1149/1149/1149 1073/1073/1073
f 1004/1004/1004 1067/1067/1067 1066/1066/1066
f 1004/1004/1004 1005/1005/1005 1067/1067/1067
f 1011/1011/1011 1073/1073/1073 1010/1010/1010
f 1011/1011/1011 1076/1076/1076 1073/1073/1073
f 947/947/947 1115/1115/1115 1212/1212/1212
f 947/947/947 1017/1017/1017 1115/1115/1115
f 1057/1057/1057 1036/1036/1036 1001/1001/1001
f 1057/1057/1057 1134/1134/1134 1036/1036/1036
f 1134/1134/1134 975/975/975 1036/1036/1036
f 1134/1134/1134 1061/1061/1061 975/975/975
f 1192/1192/1192 1144/1144/1144 1106/1106/1106
f 1192/1192/1192 1196/1196/1196 1144/1144/1144
f 1192/1192/1192 1018/1018/1018 1028/1028/1028
f 1192/1192/1192 1188/1188/1188 1018/1018/1018
f 1187/1187/1187 1146/1146/1146 1108/1108/1108
f 1187/1187/1187 1198/1198/1198 1146/1146/1146
f 1121/1121/1121 1064/1064/1064 1035/1035/1035
f 1121/1121/1121 1127/1127/1127 1064/1064/1064
f 1149/1149/1149 1181/1181/1181 1206/1206/1206
f 1149/1149/1149 1003/1003/1003 1181/1181/1181
f 1148/1148/1148 1208/1208/1208 1199/1199/1199
f 1148/1148/1148 1204/1204/1204 1208/1208/1208
f 1088/1088/1088 1009/1009/1009 1086/1086/1086
f 1088/1088/1088 986/986/986 1009/1009/1009
f 1053/1053/1053 1200/1200/1200 1176/1176/1176
f 1053/1053/1053 1153/1153/1153 1200/1200/1200
f 1001/1001/1001 1133/1133/1133 1113/1113/1113
f 1001/1001/1001 996/996/996 1133/1133/1133
f 1171/1171/1171 1094/1094/1094 1161/1161/1161
f 1171/1171/1171 1090/1090/1090 1094/1094/1094
f 1067/1067/1067 1002/1002/1002 978/978/978
f 1067/1067/1067 1005/1005/1005 1002/1002/1002
f 1171/1171/1171 1156/1156/1156 1167/1167/1167
f 1171/1171/1171 1161/1161/1161 1156/1156/1156
f 974/974/974 1009/1009/1009 1013/1013/1013
f 974/974/974 985/985/985 1009/1009/1009
f 975/975/975 1138/1138/1138 1023/1023/1023
f 975/975/975 1061/1061/1061 1138/1138/1138
f 1023/1023/1023 1063/1063/1063 1091/1091/1091
f 1023/1023/1023 1138/1138/1138 1063/1063/1063
f 1048/1048/1048 981/981/981 1034/1034/1034
f 1048/1048/1048 995/995/995 981/981/981
f 987/987/987 1039/1039/1039 984/984/984
f 987/987/987 1056/1056/1056 1039/1039/1039
f 982/982/982 1131/1131/1131 1064/1064/1064
f 982/982/982 1026/1026/1026 1131/1131/1131
f 1026/1026/1026 1069/1069/1069 1131/1131/1131
f 1026/1026/1026 1094/1094/1094 1069/1069/1069
f 1032/1032/1032 1127/1127/1127 1121/1121/1121
f 1032/1032/1032 1059/1059/1059 1127/1127/1127
f 1081/1081/1081 1164/1164/1164 1087/1087/1087
f 1081/1081/1081 1173/1173/1173 1164/1164/1164
f 1106/1106/1106 1198/1198/1198 1187/1187/1187
f 1106/1106/1106 1144/1144/1144 1198/1198/1198
f 1175/1175/1175 1205/1205/1205 1177/1177/1177
f 1175/1175/1175 1162/1162/1162 1205/1205/1205
f 1158/1158/1158 1160/1160/1160 1078/1078/1078
f 1158/1158/1158 1137/1137/1137 1160/1160/1160
f 949/949/949 1514/1514/1514 1213/1213/1213
f 949/949/949 1542/1542/1542 1514/1514/1514
f 1101/1101/1101 1208/1208/1208 1179/1179/1179
f 1101/1101/1101 1199/1199/1199 1208/1208/1208
f 1041/1041/1041 1040/1040/1040 988/988/988
f 1041/1041/1041 1157/1157/1157 1040/1040/1040
f 975/975/975 1140/1140/1140 1046/1046/1046
f 975/975/975 1023/1023/1023 1140/1140/1140
f 1046/1046/1046 1065/1065/1065 979/979/979
f 1046/1046/1046 1140/1140/1140 1065/1065/1065
f 1023/1023/1023 1172/1172/1172 1140/1140/1140
f 1023/1023/1023 1091/1091/1091 1172/1172/1172
f 992/992/992 1194/1194/1194 1111/1111/1111
f 992/992/992 1042/1042/1042 1194/1194/1194
f 1018/1018/1018 1126/1126/1126 1028/1028/1028
f 1018/1018/1018 1120/1120/1120 1126/1126/1126
f 1032/1032/1032 1193/1193/1193 1059/1059/1059
f 1032/1032/1032 1189/1189/1189 1193/1193/1193
f 1157/1157/1157 976/976/976 1040/1040/1040
f 1157/1157/1157 1066/1066/1066 976/976/976
f 995/995/995 1046/1046/1046 1049/1049/1049
f 995/995/995 975/975/975 1046/1046/1046
f 1049/1049/1049 977/977/977 1033/1033/1033
f 1049/1049/1049 980/980/980 977/977/977
f 1003/1003/1003 1151/1151/1151 1150/1150/1150
f 1003/1003/1003 1149/1149/1149 1151/1151/1151
f 1046/1046/1046 980/980/980 1049/1049/1049
f 1046/1046/1046 979/979/979 980/980/980
f 1203/1203/1203 1176/1176/1176 1200/1200/1200
f 1203/1203/1203 1165/1165/1165 1176/1176/1176
f 1072/1072/1072 1074/1074/1074 1143/1143/1143
f 1072/1072/1072 1012/1012/1012 1074/1074/1074
f 1016/1016/1016 1197/1197/1197 1139/1139/1139
f 1016/1016/1016 1104/1104/1104 1197/1197/1197
f 1081/1081/1081 1202/1202/1202 1209/1209/1209
f 1081/1081/1081 1087/1087/1087 1202/1202/1202
f 1007/1007/1007 1102/1102/1102 990/990/990
f 1007/1007/1007 1155/1155/1155 1102/1102/1102
f 992/992/992 1048/1048/1048 1034/1034/1034
f 992/992/992 996/996/996 1048/1048/1048
f 1064/1064/1064 1109/1109/1109 1035/1035/1035
f 1064/1064/1064 1131/1131/1131 1109/1109/1109
f 1123/1123/1123 984/984/984 1039/1039/1039
f 1123/1123/1123 1027/1027/1027 984/984/984
f 1047/1047/1047 1095/1095/1095 983/983/983
f 1047/1047/1047 1164/1164/1164 1095/1095/1095
f 1073/1073/1073 1206/1206/1206 1163/1163/1163
f 1073/1073/1073 1149/1149/1149 1206/1206/1206
f 1137/1137/1137 1014/1014/1014 1160/1160/1160
f 1137/1137/1137 1050/1050/1050 1014/1014/1014
f 1097/1097/1097 1187/1187/1187 1191/1191/1191
f 1097/1097/1097 1106/1106/1106 1187/1187/1187
f 997/997/997 1190/1190/1190 1051/1051/1051
f 997/997/997 1125/1125/1125 1190/1190/1190
f 1211/1211/1211 1103/1103/1103 1186/1186/1186
f 1211/1211/1211 1536/1536/1536 1103/1103/1103
f 982/982/982 1135/1135/1135 1026/1026/1026
f 982/982/982 1052/1052/1052 1135/1135/1135
f 1050/1050/1050 1047/1047/1047 1143/1143/1143
f 1050/1050/1050 993/993/993 1047/1047/1047
f 1071/1071/1071 990/990/990 1024/1024/1024
f 1071/1071/1071 1007/1007/1007 990/990/990
f 1008/1008/1008 1155/1155/1155 1075/1075/1075
f 1008/1008/1008 1102/1102/1102 1155/1155/1155
f 1001/1001/1001 1048/1048/1048 996/996/996
f 1001/1001/1001 1036/1036/1036 1048/1048/1048
f 1041/1041/1041 1119/1119/1119 1122/1122/1122
f 1041/1041/1041 988/988/988 1119/1119/1119
f 1008/1008/1008 1076/1076/1076 1011/1011/1011
f 1008/1008/1008 1075/1075/1075 1076/1076/1076
f 1096/1096/1096 1100/1100/1100 1185/1185/1185
f 1096/1096/1096 946/946/946 1100/1100/1100
f 1039/1039/1039 998/998/998 991/991/991
f 1039/1039/1039 1056/1056/1056 998/998/998
f 1028/1028/1028 1196/1196/1196 1192/1192/1192
f 1028/1028/1028 1057/1057/1057 1196/1196/1196
f 1193/1193/1193 1016/1016/1016 1129/1129/1129
f 1193/1193/1193 1147/1147/1147 1016/1016/1016
f 1000/1000/1000 1199/1199/1199 1101/1101/1101
f 1000/1000/1000 1130/1130/1130 1199/1199/1199
f 1026/1026/1026 1161/1161/1161 1094/1094/1094
f 1026/1026/1026 1135/1135/1135 1161/1161/1161
f 1052/1052/1052 1070/1070/1070 1135/1135/1135
f 1052/1052/1052 986/986/986 1070/1070/1070
f 1083/1083/1083 1086/1086/1086 1079/1079/1079
f 1083/1083/1083 1088/1088/1088 1086/1086/1086
f 1012/1012/1012 987/987/987 984/984/984
f 1012/1012/1012 1013/1013/1013 987/987/987
f 996/996/996 1111/1111/1111 1133/1133/1133
f 996/996/996 992/992/992 1111/1111/1111
f 1038/1038/1038 1159/1159/1159 1154/1154/1154
f 1038/1038/1038 1158/1158/1158 1159/1159/1159
f 1044/1044/1044 998/998/998 982/982/982
f 1044/1044/1044 1054/1054/1054 998/998/998
f 1037/1037/1037 1117/1117/1117 1109/1109/1109
f 1037/1037/1037 1025/1025/1025 1117/1117/1117
f 1036/1036/1036 995/995/995 1048/1048/1048
f 1036/1036/1036 975/975/975 995/995/995
f 1092/1092/1092 1089/1089/1089 1095/1095/1095
f 1092/1092/1092 1169/1169/1169 1089/1089/1089
f 1212/1212/1212 1022/1022/1022 948/948/948
f 1212/1212/1212 1115/1115/1115 1022/1022/1022
f 1030/1030/1030 1025/1025/1025 1037/1037/1037
f 1030/1030/1030 1020/1020/1020 1025/1025/1025
f 1143/1143/1143 1014/1014/1014 1050/1050/1050
f 1143/1143/1143 1074/1074/1074 1014/1014/1014
f 1022/1022/1022 1109/1109/1109 1117/1117/1117
f 1022/1022/1022 1035/1035/1035 1109/1109/1109
f 1035/1035/1035 1115/1115/1115 1121/1121/1121
f 1035/1035/1035 1022/1022/1022 1115/1115/1115
f 998/998/998 1052/1052/1052 982/982/982
f 998/998/998 1056/1056/1056 1052/1052/1052
f 1072/1072/1072 1013/1013/1013 1012/1012/1012
f 1072/1072/1072 974/974/974 1013/1013/1013
f 1139/1139/1139 1153/1153/1153 1053/1053/1053
f 1139/1139/1139 1197/1197/1197 1153/1153/1153
f 1130/1130/1130 1148/1148/1148 1199/1199/1199
f 1130/1130/1130 1010/1010/1010 1148/1148/1148
f 1189/1189/1189 1100/1100/1100 1112/1112/1112
f 1189/1189/1189 1185/1185/1185 1100/1100/1100
f 1085/1085/1085 1045/1045/1045 1055/1055/1055
f 1085/1085/1085 1078/1078/1078 1045/1045/1045
f 981/981/981 1049/1049/1049 1033/1033/1033
f 981/981/981 995/995/995 1049/1049/1049
f 1052/1052/1052 987/987/987 986/986/986
f 1052/1052/1052 1056/1056/1056 987/987/987
f 1066/1066/1066 1071/1071/1071 1004/1004/1004
f 1066/1066/1066 1157/1157/1157 1071/1071/1071
f 1157/1157/1157 1007/1007/1007 1071/1071/1071
f 1157/1157/1157 1041/1041/1041 1007/1007/1007
f 1030/1030/1030 1069/1069/1069 1062/1062/1062
f 1030/1030/1030 1037/1037/1037 1069/1069/1069
f 1065/1065/1065 1172/1172/1172 1168/1168/1168
f 1065/1065/1065 1140/1140/1140 1172/1172/1172
f 1059/1059/1059 1129/1129/1129 1006/1006/1006
f 1059/1059/1059 1193/1193/1193 1129/1129/1129
f 1178/1178/1178 1152/1152/1152 1145/1145/1145
f 1178/1178/1178 1182/1182/1182 1152/1152/1152
f 948/948/948 1117/1117/1117 1213/1213/1213
f 948/948/948 1022/1022/1022 1117/1117/1117
f 986/986/986 1156/1156/1156 1070/1070/1070
f 986/986/986 1088/1088/1088 1156/1156/1156
f 1139/1139/1139 1055/1055/1055 1142/1142/1142
f 1139/1139/1139 1053/1053/1053 1055/1055/1055
f 1137/1137/1137 1038/1038/1038 1132/1132/1132
f 1137/1137/1137 1158/1158/1158 1038/1038/1038
f 1122/1122/1122 1003/1003/1003 1150/1150/1150
f 1122/1122/1122 1119/1119/1119 1003/1003/1003
f 977/977/977 1005/1005/1005 1004/1004/1004
f 977/977/977 980/980/980 1005/1005/1005
f 1190/1190/1190 1045/1045/1045 1105/1105/1105
f 1190/1190/1190 1116/1116/1116 1045/1045/1045
f 1207/1207/1207 1182/1182/1182 1178/1178/1178
f 1207/1207/1207 1201/1201/1201 1182/1182/1182
f 1183/1183/1183 1205/1205/1205 1180/1180/1180
f 1183/1183/1183 1177/1177/1177 1205/1205/1205
f 1107/1107/1107 1152/1152/1152 1114/1114/1114
f 1107/1107/1107 1145/1145/1145 1152/1152/1152
f 1059/1059/1059 1044/1044/1044 1127/1127/1127
f 1059/1059/1059 1006/1006/1006 1044/1044/1044
f 1159/1159/1159 1077/1077/1077 1154/1154/1154
f 1159/1159/1159 1085/1085/1085 1077/1077/1077
f 1116/1116/1116 1055/1055/1055 1045/1045/1045
f 1116/1116/1116 1142/1142/1142 1055/1055/1055
f 987/987/987 1009/1009/1009 986/986/986
f 987/987/987 1013/1013/1013 1009/1009/1009
f 1195/1195/1195 1114/1114/1114 1152/1152/1152
f 1195/1195/1195 1184/1184/1184 1114/1114/1114
f 1079/1079/1079 1089/1089/1089 1169/1169/1169
f 1079/1079/1079 1086/1086/1086 1089/1089/1089
f 1127/1127/1127 982/982/982 1064/1064/1064
f 1127/1127/1127 1044/1044/1044 982/982/982
f 1104/1104/1104 1201/1201/1201 1197/1197/1197
f 1104/1104/1104 1182/1182/1182 1201/1201/1201
f 1006/1006/1006 1054/1054/1054 1044/1044/1044
f 1006/1006/1006 999/999/999 1054/1054/1054
f 1009/1009/1009 1089/1089/1089 1086/1086/1086
f 1009/1009/1009 985/985/985 1089/1089/1089
f 1070/1070/1070 1161/1161/1161 1135/1135/1135
f 1070/1070/1070 1156/1156/1156 1161/1161/1161
f 993/993/993 1202/1202/1202 1087/1087/1087
f 993/993/993 1132/1132/1132 1202/1202/1202
f 978/978/978 1093/1093/1093 976/976/976
f 978/978/978 1170/1170/1170 1093/1093/1093
f 1098/1098/1098 1536/1536/1536 1533/1533/1533
f 1098/1098/1098 1103/1103/1103 1536/1536/1536
f 1173/1173/1173 1095/1095/1095 1164/1164/1164
f 1173/1173/1173 1092/1092/1092 1095/1095/1095
f 1239/1239/1239 1224/1224/1224 1221/1221/1221
f 1239/1239/1239 1241/1241/1241 1224/1224/1224
f 1499/1499/1499 1535/1535/1535 1510/1510/1510
f 1499/1499/1499 1538/1538/1538 1535/1535/1535
f 1043/1043/1043 1039/1039/1039 991/991/991
f 1043/1043/1043 1123/1123/1123 1039/1039/1039
f 946/946/946 1186/1186/1186 1100/1100/1100
f 946/946/946 1211/1211/1211 1186/1186/1186
f 1000/1000/1000 1198/1198/1198 1144/1144/1144
f 1000/1000/1000 1101/1101/1101 1198/1198/1198
f 979/979/979 1168/1168/1168 1084/1084/1084
f 979/979/979 1065/1065/1065 1168/1168/1168
f 1113/1113/1113 1060/1060/1060 1000/1000/1000
f 1113/1113/1113 1133/1133/1133 1060/1060/1060
f 1166/1166/1166 1073/1073/1073 1163/1163/1163
f 1166/1166/1166 1010/1010/1010 1073/1073/1073
f 1006/1006/1006 1141/1141/1141 999/999/999
f 1006/1006/1006 1129/1129/1129 1141/1141/1141
f 1002/1002/1002 1170/1170/1170 978/978/978
f 1002/1002/1002 1080/1080/1080 1170/1170/1170
f 989/989/989 1174/1174/1174 1082/1082/1082
f 989/989/989 1040/1040/1040 1174/1174/1174
f 1040/1040/1040 1093/1093/1093 1174/1174/1174
f 1040/1040/1040 976/976/976 1093/1093/1093
f 1162/1162/1162 1176/1176/1176 1165/1165/1165
f 1162/1162/1162 1175/1175/1175 1176/1176/1176
f 1153/1153/1153 1201/1201/1201 1200/1200/1200
f 1153/1153/1153 1197/1197/1197 1201/1201/1201
f 1077/1077/1077 1177/1177/1177 1154/1154/1154
f 1077/1077/1077 1175/1175/1175 1177/1177/1177
f 1050/1050/1050 1132/1132/1132 993/993/993
f 1050/1050/1050 1137/1137/1137 1132/1132/1132
f 1051/1051/1051 1105/1105/1105 994/994/994
f 1051/1051/1051 1190/1190/1190 1105/1105/1105
f 1167/1167/1167 1088/1088/1088 1083/1083/1083
f 1167/1167/1167 1156/1156/1156 1088/1088/1088
f 1122/1122/1122 1007/1007/1007 1041/1041/1041
f 1122/1122/1122 1155/1155/1155 1007/1007/1007
f 947/947/947 1185/1185/1185 1017/1017/1017
f 947/947/947 1096/1096/1096 1185/1185/1185
f 1129/1129/1129 1068/1068/1068 1141/1141/1141
f 1129/1129/1129 1016/1016/1016 1068/1068/1068
f 989/989/989 1210/1210/1210 1119/1119/1119
f 989/989/989 1082/1082/1082 1210/1210/1210
f 1119/1119/1119 1181/1181/1181 1003/1003/1003
f 1119/1119/1119 1210/1210/1210 1181/1181/1181
f 1125/1125/1125 1116/1116/1116 1190/1190/1190
f 1125/1125/1125 1058/1058/1058 1116/1116/1116
f 945/945/945 1496/1496/1496 1486/1486/1486
f 945/945/945 944/944/944 1496/1496/1496
f 944/944/944 1482/1482/1482 1496/1496/1496
f 944/944/944 943/943/943 1482/1482/1482
f 942/942/942 1493/1493/1493 1481/1481/1481
f 942/942/942 941/941/941 1493/1493/1493
f 941/941/941 1501/1501/1501 1493/1493/1493
f 941/941/941 940/940/940 1501/1501/1501
f 940/940/940 1495/1495/1495 1501/1501/1501
f 940/940/940 939/939/939 1495/1495/1495
f 939/939/939 1485/1485/1485 1495/1495/1495
f 939/939/939 938/938/938 1485/1485/1485
f 938/938/938 1479/1479/1479 1485/1485/1485
f 938/938/938 937/937/937 1479/1479/1479
f 937/937/937 1489/1489/1489 1479/1479/1479
f 937/937/937 935/935/935 1489/1489/1489
f 936/936/936 1498/1498/1498 1490/1490/1490
f 936/936/936 934/934/934 1498/1498/1498
f 934/934/934 1486/1486/1486 1498/1498/1498
f 934/934/934 945/945/945 1486/1486/1486
f 1345/1345/1345 1241/1241/1241 1239/1239/1239
f 1345/1345/1345 1396/1396/1396 1241/1241/1241
f 1379/1379/1379 1239/1239/1239 1221/1221/1221
f 1379/1379/1379 1297/1297/1297 1239/1239/1239
f 1354/1354/1354 1270/1270/1270 1355/1355/1355
f 1354/1354/1354 1256/1256/1256 1270/1270/1270
f 1318/1318/1318 1359/1359/1359 1308/1308/1308
f 1318/1318/1318 1378/1378/1378 1359/1359/1359
f 1429/1429/1429 1415/1415/1415 1437/1437/1437
f 1429/1429/1429 1417/1417/1417 1415/1415/1415
f 1363/1363/1363 1318/1318/1318 1308/1308/1308
f 1363/1363/1363 1377/1377/1377 1318/1318/1318
f 1282/1282/1282 1312/1312/1312 1374/1374/1374
f 1282/1282/1282 1217/1217/1217 1312/1312/1312
f 1215/1215/1215 1371/1371/1371 1307/1307/1307
f 1215/1215/1215 1277/1277/1277 1371/1371/1371
f 1222/1222/1222 1422/1422/1422 1380/1380/1380
f 1222/1222/1222 1347/1347/1347 1422/1422/1422
f 1395/1395/1395 1250/1250/1250 1353/1353/1353
f 1395/1395/1395 1273/1273/1273 1250/1250/1250
f 1216/1216/1216 1525/1525/1525 1524/1524/1524
f 1216/1216/1216 1277/1277/1277 1525/1525/1525
f 1523/1523/1523 1216/1216/1216 1524/1524/1524
f 1523/1523/1523 1282/1282/1282 1216/1216/1216
f 1268/1268/1268 1430/1430/1430 1384/1384/1384
f 1268/1268/1268 1401/1401/1401 1430/1430/1430
f 1319/1319/1319 1341/1341/1341 1313/1313/1313
f 1319/1319/1319 1344/1344/1344 1341/1341/1341
f 1253/1253/1253 1362/1362/1362 1293/1293/1293
f 1253/1253/1253 1301/1301/1301 1362/1362/1362
f 1219/1219/1219 1350/1350/1350 1228/1228/1228
f 1219/1219/1219 1346/1346/1346 1350/1350/1350
f 1304/1304/1304 1246/1246/1246 1254/1254/1254
f 1304/1304/1304 1293/1293/1293 1246/1246/1246
f 1369/1369/1369 1417/1417/1417 1429/1429/1429
f 1369/1369/1369 1288/1288/1288 1417/1417/1417
f 1275/1275/1275 1421/1421/1421 1351/1351/1351
f 1275/1275/1275 1383/1383/1383 1421/1421/1421
f 1351/1351/1351 1388/1388/1388 1416/1416/1416
f 1351/1351/1351 1421/1421/1421 1388/1388/1388
f 1521/1521/1521 1282/1282/1282 1523/1523/1523
f 1521/1521/1521 1217/1217/1217 1282/1282/1282
f 1234/1234/1234 1355/1355/1355 1261/1261/1261
f 1234/1234/1234 1354/1354/1354 1355/1355/1355
f 1310/1310/1310 1367/1367/1367 1257/1257/1257
f 1310/1310/1310 1373/1373/1373 1367/1367/1367
f 1222/1222/1222 1424/1424/1424 1352/1352/1352
f 1222/1222/1222 1380/1380/1380 1424/1424/1424
f 1316/1316/1316 1317/1317/1317 1214/1214/1214
f 1316/1316/1316 1229/1229/1229 1317/1317/1317
f 1292/1292/1292 1349/1349/1349 1420/1420/1420
f 1292/1292/1292 1245/1245/1245 1349/1349/1349
f 1420/1420/1420 1266/1266/1266 1356/1356/1356
f 1420/1420/1420 1349/1349/1349 1266/1266/1266
f 1277/1277/1277 1311/1311/1311 1371/1371/1371
f 1277/1277/1277 1216/1216/1216 1311/1311/1311
f 1310/1310/1310 1357/1357/1357 1274/1274/1274
f 1310/1310/1310 1370/1370/1370 1357/1357/1357
f 1232/1232/1232 1263/1263/1263 1233/1233/1233
f 1232/1232/1232 1259/1259/1259 1263/1263/1263
f 1517/1517/1517 1352/1352/1352 1526/1526/1526
f 1517/1517/1517 1222/1222/1222 1352/1352/1352
f 1262/1262/1262 1279/1279/1279 1231/1231/1231
f 1262/1262/1262 1321/1321/1321 1279/1279/1279
f 1232/1232/1232 1328/1328/1328 1259/1259/1259
f 1232/1232/1232 1332/1332/1332 1328/1328/1328
f 1325/1325/1325 1386/1386/1386 1387/1387/1387
f 1325/1325/1325 1324/1324/1324 1386/1386/1386
f 1390/1390/1390 1417/1417/1417 1288/1288/1288
f 1390/1390/1390 1411/1411/1411 1417/1417/1417
f 1218/1218/1218 1319/1319/1319 1313/1313/1313
f 1218/1218/1218 1235/1235/1235 1319/1319/1319
f 1230/1230/1230 1368/1368/1368 1284/1284/1284
f 1230/1230/1230 1314/1314/1314 1368/1368/1368
f 1356/1356/1356 1310/1310/1310 1274/1274/1274
f 1356/1356/1356 1373/1373/1373 1310/1310/1310
f 1525/1525/1525 1215/1215/1215 1527/1527/1527
f 1525/1525/1525 1277/1277/1277 1215/1215/1215
f 1459/1459/1459 1526/1526/1526 1471/1471/1471
f 1459/1459/1459 1517/1517/1517 1526/1526/1526
f 1250/1250/1250 1323/1323/1323 1283/1283/1283
f 1250/1250/1250 1273/1273/1273 1323/1323/1323
f 1247/1247/1247 1365/1365/1365 1292/1292/1292
f 1247/1247/1247 1286/1286/1286 1365/1365/1365
f 1292/1292/1292 1279/1279/1279 1245/1245/1245
f 1292/1292/1292 1365/1365/1365 1279/1279/1279
f 1365/1365/1365 1231/1231/1231 1279/1279/1279
f 1365/1365/1365 1285/1285/1285 1231/1231/1231
f 1286/1286/1286 1285/1285/1285 1365/1365/1365
f 1286/1286/1286 1236/1236/1236 1285/1285/1285
f 1409/1409/1409 1303/1303/1303 1410/1410/1410
f 1409/1409/1409 1326/1326/1326 1303/1303/1303
f 1226/1226/1226 1256/1256/1256 1519/1519/1519
f 1226/1226/1226 1270/1270/1270 1256/1256/1256
f 1373/1373/1373 1266/1266/1266 1269/1269/1269
f 1373/1373/1373 1356/1356/1356 1266/1266/1266
f 1367/1367/1367 1269/1269/1269 1268/1268/1268
f 1367/1367/1367 1373/1373/1373 1269/1269/1269
f 1318/1318/1318 1375/1375/1375 1378/1378/1378
f 1318/1318/1318 1275/1275/1275 1375/1375/1375
f 1307/1307/1307 1358/1358/1358 1422/1422/1422
f 1307/1307/1307 1258/1258/1258 1358/1358/1358
f 1280/1280/1280 1314/1314/1314 1230/1230/1230
f 1280/1280/1280 1364/1364/1364 1314/1314/1314
f 1357/1357/1357 1356/1356/1356 1274/1274/1274
f 1357/1357/1357 1420/1420/1420 1356/1356/1356
f 1352/1352/1352 1381/1381/1381 1225/1225/1225
f 1352/1352/1352 1424/1424/1424 1381/1381/1381
f 1288/1288/1288 1394/1394/1394 1390/1390/1390
f 1288/1288/1288 1237/1237/1237 1394/1394/1394
f 1386/1386/1386 1391/1391/1391 1361/1361/1361
f 1386/1386/1386 1324/1324/1324 1391/1391/1391
f 1327/1327/1327 1353/1353/1353 1295/1295/1295
f 1327/1327/1327 1395/1395/1395 1353/1353/1353
f 1301/1301/1301 1283/1283/1283 1362/1362/1362
f 1301/1301/1301 1250/1250/1250 1283/1283/1283
f 1433/1433/1433 1417/1417/1417 1411/1411/1411
f 1433/1433/1433 1415/1415/1415 1417/1417/1417
f 1249/1249/1249 1400/1400/1400 1297/1297/1297
f 1249/1249/1249 1338/1338/1338 1400/1400/1400
f 1255/1255/1255 1363/1363/1363 1253/1253/1253
f 1255/1255/1255 1377/1377/1377 1363/1363/1363
f 1348/1348/1348 1381/1381/1381 1424/1424/1424
f 1348/1348/1348 1412/1412/1412 1381/1381/1381
f 1326/1326/1326 1305/1305/1305 1303/1303/1303
f 1326/1326/1326 1336/1336/1336 1305/1305/1305
f 1435/1435/1435 1427/1427/1427 1428/1428/1428
f 1435/1435/1435 1431/1431/1431 1427/1427/1427
f 1422/1422/1422 1257/1257/1257 1380/1380/1380
f 1422/1422/1422 1358/1358/1358 1257/1257/1257
f 1387/1387/1387 1322/1322/1322 1325/1325/1325
f 1387/1387/1387 1385/1385/1385 1322/1322/1322
f 1255/1255/1255 1293/1293/1293 1304/1304/1304
f 1255/1255/1255 1253/1253/1253 1293/1293/1293
f 1269/1269/1269 1322/1322/1322 1268/1268/1268
f 1269/1269/1269 1325/1325/1325 1322/1322/1322
f 1220/1220/1220 1284/1284/1284 1438/1438/1438
f 1220/1220/1220 1230/1230/1230 1284/1284/1284
f 1307/1307/1307 1287/1287/1287 1258/1258/1258
f 1307/1307/1307 1371/1371/1371 1287/1287/1287
f 1371/1371/1371 1227/1227/1227 1287/1287/1287
f 1371/1371/1371 1311/1311/1311 1227/1227/1227
f 1527/1527/1527 1347/1347/1347 1520/1520/1520
f 1527/1527/1527 1215/1215/1215 1347/1347/1347
f 1311/1311/1311 1282/1282/1282 1374/1374/1374
f 1311/1311/1311 1216/1216/1216 1282/1282/1282
f 1280/1280/1280 1309/1309/1309 1364/1364/1364
f 1280/1280/1280 1228/1228/1228 1309/1309/1309
f 1385/1385/1385 1414/1414/1414 1432/1432/1432
f 1385/1385/1385 1260/1260/1260 1414/1414/1414
f 1384/1384/1384 1434/1434/1434 1425/1425/1425
f 1384/1384/1384 1430/1430/1430 1434/1434/1434
f 1339/1339/1339 1267/1267/1267 1337/1337/1337
f 1339/1339/1339 1242/1242/1242 1267/1267/1267
f 1303/1303/1303 1427/1427/1427 1410/1410/1410
f 1303/1303/1303 1389/1389/1389 1427/1427/1427
f 1258/1258/1258 1370/1370/1370 1358/1358/1358
f 1258/1258/1258 1252/1252/1252 1370/1370/1370
f 1406/1406/1406 1344/1344/1344 1397/1397/1397
f 1406/1406/1406 1341/1341/1341 1344/1344/1344
f 1214/1214/1214 1259/1259/1259 1316/1316/1316
f 1214/1214/1214 1263/1263/1263 1259/1259/1259
f 1406/1406/1406 1392/1392/1392 1404/1404/1404
f 1406/1406/1406 1397/1397/1397 1392/1392/1392
f 1224/1224/1224 1267/1267/1267 1272/1272/1272
f 1224/1224/1224 1241/1241/1241 1267/1267/1267
f 1227/1227/1227 1374/1374/1374 1278/1278/1278
f 1227/1227/1227 1311/1311/1311 1374/1374/1374
f 1278/1278/1278 1312/1312/1312 1340/1340/1340
f 1278/1278/1278 1374/1374/1374 1312/1312/1312
f 1298/1298/1298 1236/1236/1236 1286/1286/1286
f 1298/1298/1298 1251/1251/1251 1236/1236/1236
f 1336/1336/1336 1237/1237/1237 1327/1327/1327
f 1336/1336/1336 1394/1394/1394 1237/1237/1237
f 1238/1238/1238 1368/1368/1368 1314/1314/1314
f 1238/1238/1238 1281/1281/1281 1368/1368/1368
f 1281/1281/1281 1319/1319/1319 1368/1368/1368
f 1281/1281/1281 1344/1344/1344 1319/1319/1319
f 1329/1329/1329 1396/1396/1396 1335/1335/1335
f 1329/1329/1329 1337/1337/1337 1396/1396/1396
f 1261/1261/1261 1421/1421/1421 1383/1383/1383
f 1261/1261/1261 1355/1355/1355 1421/1421/1421
f 1409/1409/1409 1433/1433/1433 1411/1411/1411
f 1409/1409/1409 1399/1399/1399 1433/1433/1433
f 1237/1237/1237 1395/1395/1395 1327/1327/1327
f 1237/1237/1237 1426/1426/1426 1395/1395/1395
f 1243/1243/1243 1289/1289/1289 1240/1240/1240
f 1243/1243/1243 1306/1306/1306 1289/1289/1289
f 1348/1348/1348 1434/1434/1434 1412/1412/1412
f 1348/1348/1348 1425/1425/1425 1434/1434/1434
f 1291/1291/1291 1290/1290/1290 1244/1244/1244
f 1291/1291/1291 1393/1393/1393 1290/1290/1290
f 1227/1227/1227 1376/1376/1376 1296/1296/1296
f 1227/1227/1227 1278/1278/1278 1376/1376/1376
f 1296/1296/1296 1315/1315/1315 1232/1232/1232
f 1296/1296/1296 1376/1376/1376 1315/1315/1315
f 1278/1278/1278 1405/1405/1405 1376/1376/1376
f 1278/1278/1278 1340/1340/1340 1405/1405/1405
f 1247/1247/1247 1420/1420/1420 1357/1357/1357
f 1247/1247/1247 1292/1292/1292 1420/1420/1420
f 1215/1215/1215 1422/1422/1422 1347/1347/1347
f 1215/1215/1215 1307/1307/1307 1422/1422/1422
f 1393/1393/1393 1229/1229/1229 1290/1290/1290
f 1393/1393/1393 1317/1317/1317 1229/1229/1229
f 1251/1251/1251 1296/1296/1296 1299/1299/1299
f 1251/1251/1251 1227/1227/1227 1296/1296/1296
f 1299/1299/1299 1231/1231/1231 1285/1285/1285
f 1299/1299/1299 1233/1233/1233 1231/1231/1231
f 1260/1260/1260 1387/1387/1387 1386/1386/1386
f 1260/1260/1260 1385/1385/1385 1387/1387/1387
f 1296/1296/1296 1233/1233/1233 1299/1299/1299
f 1296/1296/1296 1232/1232/1232 1233/1233/1233
f 1431/1431/1431 1410/1410/1410 1427/1427/1427
f 1431/1431/1431 1402/1402/1402 1410/1410/1410
f 1221/1221/1221 1323/1323/1323 1379/1379/1379
f 1221/1221/1221 1271/1271/1271 1323/1323/1323
f 1275/1275/1275 1423/1423/1423 1375/1375/1375
f 1275/1275/1275 1351/1351/1351 1423/1423/1423
f 1331/1331/1331 1429/1429/1429 1437/1437/1437
f 1331/1331/1331 1338/1338/1338 1429/1429/1429
f 1265/1265/1265 1349/1349/1349 1245/1245/1245
f 1265/1265/1265 1391/1391/1391 1349/1349/1349
f 1247/1247/1247 1298/1298/1298 1286/1286/1286
f 1247/1247/1247 1252/1252/1252 1298/1298/1298
f 1355/1355/1355 1388/1388/1388 1421/1421/1421
f 1355/1355/1355 1270/1270/1270 1388/1388/1388
f 1362/1362/1362 1240/1240/1240 1289/1289/1289
f 1362/1362/1362 1283/1283/1283 1240/1240/1240
f 1297/1297/1297 1345/1345/1345 1239/1239/1239
f 1297/1297/1297 1400/1400/1400 1345/1345/1345
f 1322/1322/1322 1432/1432/1432 1398/1398/1398
f 1322/1322/1322 1385/1385/1385 1432/1432/1432
f 1426/1426/1426 1273/1273/1273 1395/1395/1395
f 1426/1426/1426 1300/1300/1300 1273/1273/1273
f 1276/1276/1276 1228/1228/1228 1280/1280/1280
f 1276/1276/1276 1219/1219/1219 1228/1228/1228
f 1388/1388/1388 1226/1226/1226 1382/1382/1382
f 1388/1388/1388 1270/1270/1270 1226/1226/1226
f 1253/1253/1253 1418/1418/1418 1301/1301/1301
f 1253/1253/1253 1363/1363/1363 1418/1418/1418
f 1223/1223/1223 1218/1218/1218 1522/1522/1522
f 1223/1223/1223 1235/1235/1235 1218/1218/1218
f 1238/1238/1238 1372/1372/1372 1281/1281/1281
f 1238/1238/1238 1302/1302/1302 1372/1372/1372
f 1300/1300/1300 1297/1297/1297 1379/1379/1379
f 1300/1300/1300 1248/1248/1248 1297/1297/1297
f 1321/1321/1321 1245/1245/1245 1279/1279/1279
f 1321/1321/1321 1265/1265/1265 1245/1245/1245
f 1266/1266/1266 1391/1391/1391 1324/1324/1324
f 1266/1266/1266 1349/1349/1349 1391/1391/1391
f 1258/1258/1258 1298/1298/1298 1252/1252/1252
f 1258/1258/1258 1287/1287/1287 1298/1298/1298
f 1291/1291/1291 1360/1360/1360 1361/1361/1361
f 1291/1291/1291 1244/1244/1244 1360/1360/1360
f 1266/1266/1266 1325/1325/1325 1269/1269/1269
f 1266/1266/1266 1324/1324/1324 1325/1325/1325
f 1289/1289/1289 1254/1254/1254 1246/1246/1246
f 1289/1289/1289 1306/1306/1306 1254/1254/1254
f 1419/1419/1419 1275/1275/1275 1366/1366/1366
f 1419/1419/1419 1383/1383/1383 1275/1275/1275
f 1257/1257/1257 1425/1425/1425 1348/1348/1348
f 1257/1257/1257 1367/1367/1367 1425/1425/1425
f 1281/1281/1281 1397/1397/1397 1344/1344/1344
f 1281/1281/1281 1372/1372/1372 1397/1397/1397
f 1302/1302/1302 1320/1320/1320 1372/1372/1372
f 1302/1302/1302 1242/1242/1242 1320/1320/1320
f 1329/1329/1329 1339/1339/1339 1337/1337/1337
f 1329/1329/1329 1333/1333/1333 1339/1339/1339
f 1271/1271/1271 1243/1243/1243 1240/1240/1240
f 1271/1271/1271 1272/1272/1272 1243/1243/1243
f 1331/1331/1331 1400/1400/1400 1338/1338/1338
f 1331/1331/1331 1408/1408/1408 1400/1400/1400
f 1262/1262/1262 1214/1214/1214 1317/1317/1317
f 1262/1262/1262 1263/1263/1263 1214/1214/1214
f 1294/1294/1294 1254/1254/1254 1238/1238/1238
f 1294/1294/1294 1304/1304/1304 1254/1254/1254
f 1287/1287/1287 1251/1251/1251 1298/1298/1298
f 1287/1287/1287 1227/1227/1227 1251/1251/1251
f 1343/1343/1343 1396/1396/1396 1345/1345/1345
f 1343/1343/1343 1335/1335/1335 1396/1396/1396
f 1399/1399/1399 1410/1410/1410 1402/1402/1402
f 1399/1399/1399 1409/1409/1409 1410/1410/1410
f 1379/1379/1379 1273/1273/1273 1300/1300/1300
f 1379/1379/1379 1323/1323/1323 1273/1273/1273
f 1520/1520/1520 1222/1222/1222 1517/1517/1517
f 1520/1520/1520 1347/1347/1347 1222/1222/1222
f 1254/1254/1254 1302/1302/1302 1238/1238/1238
f 1254/1254/1254 1306/1306/1306 1302/1302/1302
f 1224/1224/1224 1271/1271/1271 1221/1221/1221
f 1224/1224/1224 1272/1272/1272 1271/1271/1271
f 1375/1375/1375 1389/1389/1389 1303/1303/1303
f 1375/1375/1375 1423/1423/1423 1389/1389/1389
f 1367/1367/1367 1384/1384/1384 1425/1425/1425
f 1367/1367/1367 1268/1268/1268 1384/1384/1384
f 1336/1336/1336 1295/1295/1295 1305/1305/1305
f 1336/1336/1336 1327/1327/1327 1295/1295/1295
f 1526/1526/1526 1225/1225/1225 1518/1518/1518
f 1526/1526/1526 1352/1352/1352 1225/1225/1225
f 1236/1236/1236 1299/1299/1299 1285/1285/1285
f 1236/1236/1236 1251/1251/1251 1299/1299/1299
f 1302/1302/1302 1243/1243/1243 1242/1242/1242
f 1302/1302/1302 1306/1306/1306 1243/1243/1243
f 1317/1317/1317 1321/1321/1321 1262/1262/1262
f 1317/1317/1317 1393/1393/1393 1321/1321/1321
f 1393/1393/1393 1265/1265/1265 1321/1321/1321
f 1393/1393/1393 1291/1291/1291 1265/1265/1265
f 1346/1346/1346 1261/1261/1261 1350/1350/1350
f 1346/1346/1346 1234/1234/1234 1261/1261/1261
f 1315/1315/1315 1405/1405/1405 1403/1403/1403
f 1315/1315/1315 1376/1376/1376 1405/1405/1405
f 1309/1309/1309 1366/1366/1366 1264/1264/1264
f 1309/1309/1309 1419/1419/1419 1366/1366/1366
f 1413/1413/1413 1388/1388/1388 1382/1382/1382
f 1413/1413/1413 1416/1416/1416 1388/1388/1388
f 1242/1242/1242 1392/1392/1392 1320/1320/1320
f 1242/1242/1242 1339/1339/1339 1392/1392/1392
f 1375/1375/1375 1305/1305/1305 1378/1378/1378
f 1375/1375/1375 1303/1303/1303 1305/1305/1305
f 1426/1426/1426 1288/1288/1288 1369/1369/1369
f 1426/1426/1426 1237/1237/1237 1288/1288/1288
f 1228/1228/1228 1419/1419/1419 1309/1309/1309
f 1228/1228/1228 1350/1350/1350 1419/1419/1419
f 1361/1361/1361 1260/1260/1260 1386/1386/1386
f 1361/1361/1361 1360/1360/1360 1260/1260/1260
f 1231/1231/1231 1263/1263/1263 1262/1262/1262
f 1231/1231/1231 1233/1233/1233 1263/1263/1263
f 1223/1223/1223 1284/1284/1284 1235/1235/1235
f 1223/1223/1223 1438/1438/1438 1284/1284/1284
f 1418/1418/1418 1295/1295/1295 1353/1353/1353
f 1418/1418/1418 1359/1359/1359 1295/1295/1295
f 1252/1252/1252 1357/1357/1357 1370/1370/1370
f 1252/1252/1252 1247/1247/1247 1357/1357/1357
f 1435/1435/1435 1416/1416/1416 1413/1413/1413
f 1435/1435/1435 1428/1428/1428 1416/1416/1416
f 1471/1471/1471 1518/1518/1518 1467/1467/1467
f 1471/1471/1471 1526/1526/1526 1518/1518/1518
f 1309/1309/1309 1294/1294/1294 1364/1364/1364
f 1309/1309/1309 1264/1264/1264 1294/1294/1294
f 1394/1394/1394 1326/1326/1326 1390/1390/1390
f 1394/1394/1394 1336/1336/1336 1326/1326/1326
f 1359/1359/1359 1305/1305/1305 1295/1295/1295
f 1359/1359/1359 1378/1378/1378 1305/1305/1305
f 1243/1243/1243 1267/1267/1267 1242/1242/1242
f 1243/1243/1243 1272/1272/1272 1267/1267/1267
f 1350/1350/1350 1383/1383/1383 1419/1419/1419
f 1350/1350/1350 1261/1261/1261 1383/1383/1383
f 1364/1364/1364 1238/1238/1238 1314/1314/1314
f 1364/1364/1364 1294/1294/1294 1238/1238/1238
f 1351/1351/1351 1428/1428/1428 1423/1423/1423
f 1351/1351/1351 1416/1416/1416 1428/1428/1428
f 1264/1264/1264 1304/1304/1304 1294/1294/1294
f 1264/1264/1264 1255/1255/1255 1304/1304/1304
f 1267/1267/1267 1396/1396/1396 1337/1337/1337
f 1267/1267/1267 1241/1241/1241 1396/1396/1396
f 1320/1320/1320 1397/1397/1397 1372/1372/1372
f 1320/1320/1320 1392/1392/1392 1397/1397/1397
f 1249/1249/1249 1429/1429/1429 1338/1338/1338
f 1249/1249/1249 1369/1369/1369 1429/1429/1429
f 1316/1316/1316 1342/1342/1342 1229/1229/1229
f 1316/1316/1316 1334/1334/1334 1342/1342/1342
f 1408/1408/1408 1345/1345/1345 1400/1400/1400
f 1408/1408/1408 1343/1343/1343 1345/1345/1345
f 1293/1293/1293 1289/1289/1289 1246/1246/1246
f 1293/1293/1293 1362/1362/1362 1289/1289/1289
f 1257/1257/1257 1424/1424/1424 1380/1380/1380
f 1257/1257/1257 1348/1348/1348 1424/1424/1424
f 1232/1232/1232 1403/1403/1403 1332/1332/1332
f 1232/1232/1232 1315/1315/1315 1403/1403/1403
f 1358/1358/1358 1310/1310/1310 1257/1257/1257
f 1358/1358/1358 1370/1370/1370 1310/1310/1310
f 1401/1401/1401 1322/1322/1322 1398/1398/1398
f 1401/1401/1401 1268/1268/1268 1322/1322/1322
f 1264/1264/1264 1377/1377/1377 1255/1255/1255
f 1264/1264/1264 1366/1366/1366 1377/1377/1377
f 1259/1259/1259 1334/1334/1334 1316/1316/1316
f 1259/1259/1259 1328/1328/1328 1334/1334/1334
f 1244/1244/1244 1407/1407/1407 1330/1330/1330
f 1244/1244/1244 1290/1290/1290 1407/1407/1407
f 1290/1290/1290 1342/1342/1342 1407/1407/1407
f 1290/1290/1290 1229/1229/1229 1342/1342/1342
f 1389/1389/1389 1428/1428/1428 1427/1427/1427
f 1389/1389/1389 1423/1423/1423 1428/1428/1428
f 1326/1326/1326 1411/1411/1411 1390/1390/1390
f 1326/1326/1326 1409/1409/1409 1411/1411/1411
f 1300/1300/1300 1369/1369/1369 1248/1248/1248
f 1300/1300/1300 1426/1426/1426 1369/1369/1369
f 1301/1301/1301 1353/1353/1353 1250/1250/1250
f 1301/1301/1301 1418/1418/1418 1353/1353/1353
f 1404/1404/1404 1339/1339/1339 1333/1333/1333
f 1404/1404/1404 1392/1392/1392 1339/1339/1339
f 1361/1361/1361 1265/1265/1265 1291/1291/1291
f 1361/1361/1361 1391/1391/1391 1265/1265/1265
f 1366/1366/1366 1318/1318/1318 1377/1377/1377
f 1366/1366/1366 1275/1275/1275 1318/1318/1318
f 1244/1244/1244 1436/1436/1436 1360/1360/1360
f 1244/1244/1244 1330/1330/1330 1436/1436/1436
f 1360/1360/1360 1414/1414/1414 1260/1260/1260
f 1360/1360/1360 1436/1436/1436 1414/1414/1414
f 1363/1363/1363 1359/1359/1359 1418/1418/1418
f 1363/1363/1363 1308/1308/1308 1359/1359/1359
f 1448/1448/1448 526/526/526 1458/1458/1458
f 1448/1448/1448 537/537/537 526/526/526
f 1439/1439/1439 534/534/534 1449/1449/1449
f 1439/1439/1439 533/533/533 534/534/534
f 1461/1461/1461 531/531/531 1455/1455/1455
f 1461/1461/1461 530/530/530 531/531/531
f 1458/1458/1458 528/528/528 1443/1443/1443
f 1458/1458/1458 526/526/526 528/528/528
f 1451/1451/1451 536/536/536 1460/1460/1460
f 1451/1451/1451 535/535/535 536/536/536
f 1455/1455/1455 532/532/532 1445/1445/1445
f 1455/1455/1455 531/531/531 532/532/532
f 1441/1441/1441 529/529/529 1453/1453/1453
f 1441/1441/1441 527/527/527 529/529/529
f 1460/1460/1460 537/537/537 1448/1448/1448
f 1460/1460/1460 536/536/536 537/537/537
f 1445/1445/1445 533/533/533 1439/1439/1439
f 1445/1445/1445 532/532/532 533/533/533
f 1453/1453/1453 530/530/530 1461/1461/1461
f 1453/1453/1453 529/529/529 530/530/530
f 1472/1472/1472 1256/1256/1256 1354/1354/1354
f 1472/1472/1472 1537/1537/1537 1256/1256/1256
f 1472/1472/1472 1234/1234/1234 1465/1465/1465
f 1472/1472/1472 1354/1354/1354 1234/1234/1234
f 1219/1219/1219 1474/1474/1474 1456/1456/1456
f 1219/1219/1219 1276/1276/1276 1474/1474/1474
f 1515/1515/1515 1530/1530/1530 1541/1541/1541
f 1515/1515/1515 1503/1503/1503 1530/1530/1530
f 1456/1456/1456 1346/1346/1346 1219/1219/1219
f 1456/1456/1456 1473/1473/1473 1346/1346/1346
f 1462/1462/1462 1474/1474/1474 1469/1469/1469
f 1462/1462/1462 1456/1456/1456 1474/1474/1474
f 1234/1234/1234 1473/1473/1473 1465/1465/1465
f 1234/1234/1234 1346/1346/1346 1473/1473/1473
f 1476/1476/1476 1442/1442/1442 1463/1463/1463
f 1476/1476/1476 1457/1457/1457 1442/1442/1442
f 1475/1475/1475 1220/1220/1220 1438/1438/1438
f 1475/1475/1475 1469/1469/1469 1220/1220/1220
f 1528/1528/1528 1438/1438/1438 1223/1223/1223
f 1528/1528/1528 1475/1475/1475 1438/1438/1438
f 1466/1466/1466 1459/1459/1459 1447/1447/1447
f 1466/1466/1466 1470/1470/1470 1459/1459/1459
f 1469/1469/1469 1276/1276/1276 1220/1220/1220
f 1469/1469/1469 1474/1474/1474 1276/1276/1276
f 1446/1446/1446 1473/1473/1473 1456/1456/1456
f 1446/1446/1446 1465/1465/1465 1473/1473/1473
f 1478/1478/1478 1504/1504/1504 1484/1484/1484
f 1478/1478/1478 1511/1511/1511 1504/1504/1504
f 1499/1499/1499 1507/1507/1507 1491/1491/1491
f 1499/1499/1499 1510/1510/1510 1507/1507/1507
f 1511/1511/1511 1536/1536/1536 1211/1211/1211
f 1511/1511/1511 1543/1543/1543 1536/1536/1536
f 1511/1511/1511 946/946/946 1504/1504/1504
f 1511/1511/1511 1211/1211/1211 946/946/946
f 947/947/947 1513/1513/1513 1494/1494/1494
f 947/947/947 1212/1212/1212 1513/1513/1513
f 1494/1494/1494 1096/1096/1096 947/947/947
f 1494/1494/1494 1512/1512/1512 1096/1096/1096
f 1500/1500/1500 1513/1513/1513 1508/1508/1508
f 1500/1500/1500 1494/1494/1494 1513/1513/1513
f 946/946/946 1512/1512/1512 1504/1504/1504
f 946/946/946 1096/1096/1096 1512/1512/1512
f 1515/1515/1515 1483/1483/1483 1503/1503/1503
f 1515/1515/1515 1497/1497/1497 1483/1483/1483
f 1514/1514/1514 948/948/948 1213/1213/1213
f 1514/1514/1514 1508/1508/1508 948/948/948
f 1505/1505/1505 1499/1499/1499 1487/1487/1487
f 1505/1505/1505 1509/1509/1509 1499/1499/1499
f 1508/1508/1508 1212/1212/1212 948/948/948
f 1508/1508/1508 1513/1513/1513 1212/1212/1212
f 1500/1500/1500 1514/1514/1514 1492/1492/1492
f 1500/1500/1500 1508/1508/1508 1514/1514/1514
f 1484/1484/1484 1512/1512/1512 1494/1494/1494
f 1484/1484/1484 1504/1504/1504 1512/1512/1512
f 1542/1542/1542 1492/1492/1492 1514/1514/1514
f 1480/1480/1480 1542/1542/1542 1502/1502/1502
f 1480/1480/1480 1492/1492/1492 1542/1542/1542
f 1478/1478/1478 1543/1543/1543 1511/1511/1511
f 1019/1019/1019 1541/1541/1541 1124/1124/1124
f 1019/1019/1019 1539/1539/1539 1541/1541/1541
f 1477/1477/1477 1527/1527/1527 1466/1466/1466
f 1477/1477/1477 1525/1525/1525 1527/1527/1527
f 999/999/999 1043/1043/1043 1054/1054/1054
f 999/999/999 997/997/997 1043/1043/1043
f 1028/1028/1028 1134/1134/1134 1057/1057/1057
f 1028/1028/1028 1126/1126/1126 1134/1134/1134
f 1074/1074/1074 984/984/984 1027/1027/1027
f 1074/1074/1074 1012/1012/1012 984/984/984
f 1284/1284/1284 1319/1319/1319 1235/1235/1235
f 1284/1284/1284 1368/1368/1368 1319/1319/1319
f 1323/1323/1323 1240/1240/1240 1283/1283/1283
f 1323/1323/1323 1271/1271/1271 1240/1240/1240
f 1462/1462/1462 1475/1475/1475 1454/1454/1454
f 1462/1462/1462 1469/1469/1469 1475/1475/1475
f 1524/1524/1524 1476/1476/1476 1523/1523/1523
f 1524/1524/1524 1457/1457/1457 1476/1476/1476
f 1520/1520/1520 1466/1466/1466 1527/1527/1527
f 1520/1520/1520 1470/1470/1470 1466/1466/1466
f 1525/1525/1525 1457/1457/1457 1524/1524/1524
f 1525/1525/1525 1477/1477/1477 1457/1457/1457
f 1517/1517/1517 1470/1470/1470 1520/1520/1520
f 1517/1517/1517 1459/1459/1459 1470/1470/1470
f 1522/1522/1522 1528/1528/1528 1223/1223/1223
f 1522/1522/1522 1464/1464/1464 1528/1528/1528
f 1454/1454/1454 1475/1475/1475 1528/1528/1528
f 1464/1464/1464 1454/1454/1454 1528/1528/1528
f 1464/1464/1464 1444/1444/1444 1454/1454/1454
f 1535/1535/1535 1099/1099/1099 1534/1534/1534
f 1535/1535/1535 1191/1191/1191 1099/1099/1099
f 1532/1532/1532 1018/1018/1018 1531/1531/1531
f 1532/1532/1532 1120/1120/1120 1018/1018/1018
f 1538/1538/1538 1191/1191/1191 1535/1535/1535
f 1538/1538/1538 1097/1097/1097 1191/1191/1191
f 949/949/949 1020/1020/1020 1529/1529/1529
f 949/949/949 1025/1025/1025 1020/1020/1020
f 1440/1440/1440 1537/1537/1537 1472/1472/1472
f 1530/1530/1530 1124/1124/1124 1541/1541/1541
f 1530/1530/1530 1021/1021/1021 1124/1124/1124
f 1540/1540/1540 1505/1505/1505 1531/1531/1531
f 1540/1540/1540 1509/1509/1509 1505/1505/1505
f 1540/1540/1540 1097/1097/1097 1538/1538/1538
f 1540/1540/1540 1188/1188/1188 1097/1097/1097
f 1539/1539/1539 1515/1515/1515 1541/1541/1541
f 1539/1539/1539 1497/1497/1497 1515/1515/1515
f 1532/1532/1532 1497/1497/1497 1539/1539/1539
f 1532/1532/1532 1516/1516/1516 1497/1497/1497
f 1536/1536/1536 1506/1506/1506 1533/1533/1533
f 1536/1536/1536 1543/1543/1543 1506/1506/1506
f 1502/1502/1502 949/949/949 1529/1529/1529
f 1502/1502/1502 1542/1542/1542 949/949/949
f 1543/1543/1543 1488/1488/1488 1506/1506/1506
f 1543/1543/1543 1478/1478/1478 1488/1488/1488
f 1256/1256/1256 1468/1468/1468 1519/1519/1519
f 1256/1256/1256 1537/1537/1537 1468/1468/1468
f 1468/1468/1468 1440/1440/1440 1452/1452/1452
f 1468/1468/1468 1537/1537/1537 1440/1440/1440
f 1839/1839/1839 1554/1554/1554 1840/1840/1840
f 1839/1839/1839 1548/1548/1548 1554/1554/1554
f 1839/1839/1839 1553/1553/1553 1548/1548/1548
f 1839/1839/1839 1847/1847/1847 1553/1553/1553
f 1846/1846/1846 1549/1549/1549 1847/1847/1847
f 1846/1846/1846 1545/1545/1545 1549/1549/1549
f 1634/1634/1634 2199/2199/2199 1562/1562/1562
f 1634/1634/1634 1556/1556/1556 2199/2199/2199
f 1838/1838/1838 1555/1555/1555 1845/1845/1845
f 1838/1838/1838 1547/1547/1547 1555/1555/1555
f 1836/1836/1836 1552/1552/1552 1837/1837/1837
f 1836/1836/1836 1546/1546/1546 1552/1552/1552
f 1637/1637/1637 1840/1840/1840 1571/1571/1571
f 1637/1637/1637 1550/1550/1550 1840/1840/1840
f 1706/1706/1706 1680/1680/1680 1589/1589/1589
f 1706/1706/1706 1765/1765/1765 1680/1680/1680
f 1660/1660/1660 1589/1589/1589 1572/1572/1572
f 1660/1660/1660 1657/1657/1657 1589/1589/1589
f 1717/1717/1717 1621/1621/1621 1721/1721/1721
f 1717/1717/1717 1606/1606/1606 1621/1621/1621
f 1677/1677/1677 1728/1728/1728 1668/1668/1668
f 1677/1677/1677 1749/1749/1749 1728/1728/1728
f 1803/1803/1803 1782/1782/1782 1810/1810/1810
f 1803/1803/1803 1785/1785/1785 1782/1782/1782
f 1686/1686/1686 1756/1756/1756 1565/1565/1565
f 1686/1686/1686 1685/1685/1685 1756/1756/1756
f 1567/1567/1567 1729/1729/1729 1639/1639/1639
f 1567/1567/1567 1635/1635/1635 1729/1729/1729
f 1745/1745/1745 1641/1641/1641 1673/1673/1673
f 1745/1745/1745 1729/1729/1729 1641/1641/1641
f 1753/1753/1753 1786/1786/1786 1793/1793/1793
f 1753/1753/1753 1725/1725/1725 1786/1786/1786
f 1635/1635/1635 1641/1641/1641 1729/1729/1729
f 1635/1635/1635 1569/1569/1569 1641/1641/1641
f 1764/1764/1764 1599/1599/1599 1716/1716/1716
f 1764/1764/1764 1624/1624/1624 1599/1599/1599
f 1628/1628/1628 1567/1567/1567 1629/1629/1629
f 1628/1628/1628 1559/1559/1559 1567/1567/1567
f 1567/1567/1567 1634/1634/1634 1635/1635/1635
f 1567/1567/1567 1559/1559/1559 1634/1634/1634
f 1619/1619/1619 1805/1805/1805 1754/1754/1754
f 1619/1619/1619 1771/1771/1771 1805/1805/1805
f 1678/1678/1678 1701/1701/1701 1672/1672/1672
f 1678/1678/1678 1705/1705/1705 1701/1701/1701
f 1603/1603/1603 1732/1732/1732 1653/1653/1653
f 1603/1603/1603 1661/1661/1661 1732/1732/1732
f 1570/1570/1570 1712/1712/1712 1578/1578/1578
f 1570/1570/1570 1707/1707/1707 1712/1712/1712
f 1664/1664/1664 1595/1595/1595 1604/1604/1604
f 1664/1664/1664 1653/1653/1653 1595/1595/1595
f 1557/1557/1557 1709/1709/1709 1708/1708/1708
f 1557/1557/1557 1566/1566/1566 1709/1709/1709
f 1740/1740/1740 1785/1785/1785 1803/1803/1803
f 1740/1740/1740 1649/1649/1649 1785/1785/1785
f 1626/1626/1626 1793/1793/1793 1713/1713/1713
f 1626/1626/1626 1753/1753/1753 1793/1793/1793
f 1713/1713/1713 1757/1757/1757 1784/1784/1784
f 1713/1713/1713 1793/1793/1793 1757/1757/1757
f 1634/1634/1634 1569/1569/1569 1635/1635/1635
f 1634/1634/1634 1562/1562/1562 1569/1569/1569
f 1585/1585/1585 1721/1721/1721 1612/1612/1612
f 1585/1585/1585 1717/1717/1717 1721/1721/1721
f 1670/1670/1670 1738/1738/1738 1608/1608/1608
f 1670/1670/1670 1744/1744/1744 1738/1738/1738
f 1578/1578/1578 1731/1731/1731 1632/1632/1632
f 1578/1578/1578 1643/1643/1643 1731/1731/1731
f 1572/1572/1572 1623/1623/1623 1622/1622/1622
f 1572/1572/1572 1682/1682/1682 1623/1623/1623
f 1652/1652/1652 1711/1711/1711 1792/1792/1792
f 1652/1652/1652 1594/1594/1594 1711/1711/1711
f 1792/1792/1792 1617/1617/1617 1723/1723/1723
f 1792/1792/1792 1711/1711/1711 1617/1617/1617
f 1759/1759/1759 1785/1785/1785 1649/1649/1649
f 1759/1759/1759 1801/1801/1801 1785/1785/1785
f 1670/1670/1670 1724/1724/1724 1625/1625/1625
f 1670/1670/1670 1741/1741/1741 1724/1724/1724
f 1583/1583/1583 1614/1614/1614 1584/1584/1584
f 1583/1583/1583 1610/1610/1610 1614/1614/1614
f 1714/1714/1714 1573/1573/1573 1715/1715/1715
f 1714/1714/1714 1558/1558/1558 1573/1573/1573
f 1613/1613/1613 1631/1631/1631 1581/1581/1581
f 1613/1613/1613 1681/1681/1681 1631/1631/1631
f 1583/1583/1583 1690/1690/1690 1610/1610/1610
f 1583/1583/1583 1694/1694/1694 1690/1690/1690
f 1697/1697/1697 1763/1763/1763 1688/1688/1688
f 1697/1697/1697 1607/1607/1607 1763/1763/1763
f 1649/1649/1649 1607/1607/1607 1759/1759/1759
f 1649/1649/1649 1763/1763/1763 1607/1607/1607
f 1566/1566/1566 1734/1734/1734 1638/1638/1638
f 1566/1566/1566 1629/1629/1629 1734/1734/1734
f 1734/1734/1734 1671/1671/1671 1742/1742/1742
f 1734/1734/1734 1639/1639/1639 1671/1671/1671
f 1671/1671/1671 1729/1729/1729 1745/1745/1745
f 1671/1671/1671 1639/1639/1639 1729/1729/1729
f 1629/1629/1629 1639/1639/1639 1734/1734/1734
f 1629/1629/1629 1567/1567/1567 1639/1639/1639
f 1722/1722/1722 1678/1678/1678 1648/1648/1648
f 1722/1722/1722 1739/1739/1739 1678/1678/1678
f 1723/1723/1723 1670/1670/1670 1625/1625/1625
f 1723/1723/1723 1744/1744/1744 1670/1670/1670
f 1566/1566/1566 1628/1628/1628 1629/1629/1629
f 1566/1566/1566 1557/1557/1557 1628/1628/1628
f 1599/1599/1599 1684/1684/1684 1636/1636/1636
f 1599/1599/1599 1624/1624/1624 1684/1684/1684
f 1597/1597/1597 1736/1736/1736 1652/1652/1652
f 1597/1597/1597 1645/1645/1645 1736/1736/1736
f 1652/1652/1652 1631/1631/1631 1594/1594/1594
f 1652/1652/1652 1736/1736/1736 1631/1631/1631
f 1736/1736/1736 1581/1581/1581 1631/1631/1631
f 1736/1736/1736 1644/1644/1644 1581/1581/1581
f 1645/1645/1645 1644/1644/1644 1736/1736/1736
f 1645/1645/1645 1587/1587/1587 1644/1644/1644
f 1778/1778/1778 1663/1663/1663 1779/1779/1779
f 1778/1778/1778 1687/1687/1687 1663/1663/1663
f 1621/1621/1621 1563/1563/1563 1575/1575/1575
f 1621/1621/1621 1606/1606/1606 1563/1563/1563
f 1744/1744/1744 1617/1617/1617 1620/1620/1620
f 1744/1744/1744 1723/1723/1723 1617/1617/1617
f 1738/1738/1738 1620/1620/1620 1619/1619/1619
f 1738/1738/1738 1744/1744/1744 1620/1620/1620
f 1677/1677/1677 1746/1746/1746 1749/1749/1749
f 1677/1677/1677 1626/1626/1626 1746/1746/1746
f 1667/1667/1667 1726/1726/1726 1794/1794/1794
f 1667/1667/1667 1609/1609/1609 1726/1726/1726
f 1788/1788/1788 1753/1753/1753 1791/1791/1791
f 1788/1788/1788 1725/1725/1725 1753/1753/1753
f 1724/1724/1724 1723/1723/1723 1625/1625/1625
f 1724/1724/1724 1792/1792/1792 1723/1723/1723
f 1709/1709/1709 1718/1718/1718 1573/1573/1573
f 1709/1709/1709 1790/1790/1790 1718/1718/1718
f 1582/1582/1582 1560/1560/1560 1676/1676/1676
f 1582/1582/1582 1579/1579/1579 1560/1560/1560
f 1756/1756/1756 1760/1760/1760 1800/1800/1800
f 1756/1756/1756 1685/1685/1685 1760/1760/1760
f 1688/1688/1688 1716/1716/1716 1655/1655/1655
f 1688/1688/1688 1764/1764/1764 1716/1716/1716
f 1661/1661/1661 1636/1636/1636 1732/1732/1732
f 1661/1661/1661 1599/1599/1599 1636/1636/1636
f 1598/1598/1598 1769/1769/1769 1657/1657/1657
f 1598/1598/1598 1699/1699/1699 1769/1769/1769
f 1605/1605/1605 1733/1733/1733 1603/1603/1603
f 1605/1605/1605 1748/1748/1748 1733/1733/1733
f 1710/1710/1710 1752/1752/1752 1796/1796/1796
f 1710/1710/1710 1781/1781/1781 1752/1752/1752
f 1687/1687/1687 1665/1665/1665 1663/1663/1663
f 1687/1687/1687 1697/1697/1697 1665/1665/1665
f 1808/1808/1808 1799/1799/1799 1802/1802/1802
f 1808/1808/1808 1804/1804/1804 1799/1799/1799
f 1794/1794/1794 1608/1608/1608 1750/1750/1750
f 1794/1794/1794 1726/1726/1726 1608/1608/1608
f 1565/1565/1565 1683/1683/1683 1686/1686/1686
f 1565/1565/1565 1755/1755/1755 1683/1683/1683
f 1650/1650/1650 1604/1604/1604 1595/1595/1595
f 1650/1650/1650 1666/1666/1666 1604/1604/1604
f 1620/1620/1620 1683/1683/1683 1619/1619/1619
f 1620/1620/1620 1686/1686/1686 1683/1683/1683
f 1571/1571/1571 1642/1642/1642 1637/1637/1637
f 1571/1571/1571 1580/1580/1580 1642/1642/1642
f 1667/1667/1667 1647/1647/1647 1609/1609/1609
f 1667/1667/1667 1742/1742/1742 1647/1647/1647
f 1742/1742/1742 1577/1577/1577 1647/1647/1647
f 1742/1742/1742 1671/1671/1671 1577/1577/1577
f 1790/1790/1790 1750/1750/1750 1718/1718/1718
f 1790/1790/1790 1794/1794/1794 1750/1750/1750
f 1787/1787/1787 1752/1752/1752 1720/1720/1720
f 1787/1787/1787 1796/1796/1796 1752/1752/1752
f 1731/1731/1731 1674/1674/1674 1646/1646/1646
f 1731/1731/1731 1735/1735/1735 1674/1674/1674
f 1755/1755/1755 1783/1783/1783 1807/1807/1807
f 1755/1755/1755 1611/1611/1611 1783/1783/1783
f 1754/1754/1754 1809/1809/1809 1797/1797/1797
f 1754/1754/1754 1805/1805/1805 1809/1809/1809
f 1566/1566/1566 1790/1790/1790 1709/1709/1709
f 1566/1566/1566 1638/1638/1638 1790/1790/1790
f 1700/1700/1700 1618/1618/1618 1698/1698/1698
f 1700/1700/1700 1591/1591/1591 1618/1618/1618
f 1663/1663/1663 1799/1799/1799 1779/1779/1779
f 1663/1663/1663 1758/1758/1758 1799/1799/1799
f 1609/1609/1609 1741/1741/1741 1726/1726/1726
f 1609/1609/1609 1601/1601/1601 1741/1741/1741
f 1774/1774/1774 1705/1705/1705 1766/1766/1766
f 1774/1774/1774 1701/1701/1701 1705/1705/1705
f 1676/1676/1676 1610/1610/1610 1582/1582/1582
f 1676/1676/1676 1614/1614/1614 1610/1610/1610
f 1774/1774/1774 1761/1761/1761 1772/1772/1772
f 1774/1774/1774 1766/1766/1766 1761/1761/1761
f 1682/1682/1682 1618/1618/1618 1623/1623/1623
f 1682/1682/1682 1680/1680/1680 1618/1618/1618
f 1577/1577/1577 1745/1745/1745 1630/1630/1630
f 1577/1577/1577 1671/1671/1671 1745/1745/1745
f 1630/1630/1630 1673/1673/1673 1702/1702/1702
f 1630/1630/1630 1745/1745/1745 1673/1673/1673
f 1658/1658/1658 1587/1587/1587 1645/1645/1645
f 1658/1658/1658 1600/1600/1600 1587/1587/1587
f 1592/1592/1592 1650/1650/1650 1590/1590/1590
f 1592/1592/1592 1666/1666/1666 1650/1650/1650
f 1588/1588/1588 1739/1739/1739 1674/1674/1674
f 1588/1588/1588 1633/1633/1633 1739/1739/1739
f 1633/1633/1633 1678/1678/1678 1739/1739/1739
f 1633/1633/1633 1705/1705/1705 1678/1678/1678
f 1643/1643/1643 1735/1735/1735 1731/1731/1731
f 1643/1643/1643 1669/1669/1669 1735/1735/1735
f 1689/1689/1689 1765/1765/1765 1695/1695/1695
f 1689/1689/1689 1698/1698/1698 1765/1765/1765
f 1718/1718/1718 1796/1796/1796 1787/1787/1787
f 1718/1718/1718 1750/1750/1750 1796/1796/1796
f 1778/1778/1778 1806/1806/1806 1801/1801/1801
f 1778/1778/1778 1767/1767/1767 1806/1806/1806
f 1763/1763/1763 1764/1764/1764 1688/1688/1688
f 1763/1763/1763 1798/1798/1798 1764/1764/1764
f 1714/1714/1714 1576/1576/1576 1564/1564/1564
f 1714/1714/1714 1715/1715/1715 1576/1576/1576
f 1710/1710/1710 1809/1809/1809 1781/1781/1781
f 1710/1710/1710 1797/1797/1797 1809/1809/1809
f 1596/1596/1596 1651/1651/1651 1593/1593/1593
f 1596/1596/1596 1762/1762/1762 1651/1651/1651
f 1577/1577/1577 1747/1747/1747 1656/1656/1656
f 1577/1577/1577 1630/1630/1630 1747/1747/1747
f 1656/1656/1656 1675/1675/1675 1583/1583/1583
f 1656/1656/1656 1747/1747/1747 1675/1675/1675
f 1630/1630/1630 1775/1775/1775 1747/1747/1747
f 1630/1630/1630 1702/1702/1702 1775/1775/1775
f 1597/1597/1597 1792/1792/1792 1724/1724/1724
f 1597/1597/1597 1652/1652/1652 1792/1792/1792
f 1643/1643/1643 1791/1791/1791 1669/1669/1669
f 1643/1643/1643 1788/1788/1788 1791/1791/1791
f 1762/1762/1762 1579/1579/1579 1651/1651/1651
f 1762/1762/1762 1560/1560/1560 1579/1579/1579
f 1600/1600/1600 1656/1656/1656 1659/1659/1659
f 1600/1600/1600 1577/1577/1577 1656/1656/1656
f 1659/1659/1659 1581/1581/1581 1644/1644/1644
f 1659/1659/1659 1584/1584/1584 1581/1581/1581
f 1611/1611/1611 1565/1565/1565 1756/1756/1756
f 1611/1611/1611 1755/1755/1755 1565/1565/1565
f 1656/1656/1656 1584/1584/1584 1659/1659/1659
f 1656/1656/1656 1583/1583/1583 1584/1584/1584
f 1804/1804/1804 1779/1779/1779 1799/1799/1799
f 1804/1804/1804 1770/1770/1770 1779/1779/1779
f 1572/1572/1572 1684/1684/1684 1660/1660/1660
f 1572/1572/1572 1622/1622/1622 1684/1684/1684
f 1626/1626/1626 1795/1795/1795 1746/1746/1746
f 1626/1626/1626 1713/1713/1713 1795/1795/1795
f 1691/1691/1691 1803/1803/1803 1810/1810/1810
f 1691/1691/1691 1699/1699/1699 1803/1803/1803
f 1616/1616/1616 1711/1711/1711 1594/1594/1594
f 1616/1616/1616 1760/1760/1760 1711/1711/1711
f 1601/1601/1601 1724/1724/1724 1741/1741/1741
f 1601/1601/1601 1597/1597/1597 1724/1724/1724
f 1597/1597/1597 1658/1658/1658 1645/1645/1645
f 1597/1597/1597 1601/1601/1601 1658/1658/1658
f 1674/1674/1674 1722/1722/1722 1646/1646/1646
f 1674/1674/1674 1739/1739/1739 1722/1722/1722
f 1732/1732/1732 1590/1590/1590 1650/1650/1650
f 1732/1732/1732 1636/1636/1636 1590/1590/1590
f 1657/1657/1657 1706/1706/1706 1589/1589/1589
f 1657/1657/1657 1769/1769/1769 1706/1706/1706
f 1683/1683/1683 1807/1807/1807 1768/1768/1768
f 1683/1683/1683 1755/1755/1755 1807/1807/1807
f 1612/1612/1612 1786/1786/1786 1725/1725/1725
f 1612/1612/1612 1721/1721/1721 1786/1786/1786
f 1798/1798/1798 1624/1624/1624 1764/1764/1764
f 1798/1798/1798 1602/1602/1602 1624/1624/1624
f 1627/1627/1627 1578/1578/1578 1632/1632/1632
f 1627/1627/1627 1570/1570/1570 1578/1578/1578
f 1640/1640/1640 1586/1586/1586 1648/1648/1648
f 1640/1640/1640 1568/1568/1568 1586/1586/1586
f 1603/1603/1603 1789/1789/1789 1661/1661/1661
f 1603/1603/1603 1733/1733/1733 1789/1789/1789
f 1588/1588/1588 1743/1743/1743 1633/1633/1633
f 1588/1588/1588 1662/1662/1662 1743/1743/1743
f 1602/1602/1602 1657/1657/1657 1660/1660/1660
f 1602/1602/1602 1598/1598/1598 1657/1657/1657
f 1681/1681/1681 1594/1594/1594 1631/1631/1631
f 1681/1681/1681 1616/1616/1616 1594/1594/1594
f 1617/1617/1617 1760/1760/1760 1685/1685/1685
f 1617/1617/1617 1711/1711/1711 1760/1760/1760
f 1609/1609/1609 1658/1658/1658 1601/1601/1601
f 1609/1609/1609 1647/1647/1647 1658/1658/1658
f 1596/1596/1596 1730/1730/1730 1800/1800/1800
f 1596/1596/1596 1593/1593/1593 1730/1730/1730
f 1617/1617/1617 1686/1686/1686 1620/1620/1620
f 1617/1617/1617 1685/1685/1685 1686/1686/1686
f 1589/1589/1589 1682/1682/1682 1572/1572/1572
f 1589/1589/1589 1680/1680/1680 1682/1682/1682
f 1638/1638/1638 1794/1794/1794 1790/1790/1790
f 1638/1638/1638 1667/1667/1667 1794/1794/1794
f 1578/1578/1578 1788/1788/1788 1643/1643/1643
f 1578/1578/1578 1712/1712/1712 1788/1788/1788
f 1791/1791/1791 1626/1626/1626 1737/1737/1737
f 1791/1791/1791 1753/1753/1753 1626/1626/1626
f 1608/1608/1608 1797/1797/1797 1710/1710/1710
f 1608/1608/1608 1738/1738/1738 1797/1797/1797
f 1633/1633/1633 1766/1766/1766 1705/1705/1705
f 1633/1633/1633 1743/1743/1743 1766/1766/1766
f 1662/1662/1662 1679/1679/1679 1743/1743/1743
f 1662/1662/1662 1591/1591/1591 1679/1679/1679
f 1693/1693/1693 1698/1698/1698 1689/1689/1689
f 1693/1693/1693 1700/1700/1700 1698/1698/1698
f 1622/1622/1622 1592/1592/1592 1590/1590/1590
f 1622/1622/1622 1623/1623/1623 1592/1592/1592
f 1691/1691/1691 1769/1769/1769 1699/1699/1699
f 1691/1691/1691 1776/1776/1776 1769/1769/1769
f 1613/1613/1613 1676/1676/1676 1560/1560/1560
f 1613/1613/1613 1614/1614/1614 1676/1676/1676
f 1654/1654/1654 1604/1604/1604 1588/1588/1588
f 1654/1654/1654 1664/1664/1664 1604/1604/1604
f 1580/1580/1580 1722/1722/1722 1642/1642/1642
f 1580/1580/1580 1646/1646/1646 1722/1722/1722
f 1647/1647/1647 1600/1600/1600 1658/1658/1658
f 1647/1647/1647 1577/1577/1577 1600/1600/1600
f 1695/1695/1695 1706/1706/1706 1703/1703/1703
f 1695/1695/1695 1765/1765/1765 1706/1706/1706
f 1660/1660/1660 1624/1624/1624 1602/1602/1602
f 1660/1660/1660 1684/1684/1684 1624/1624/1624
f 1708/1708/1708 1573/1573/1573 1558/1558/1558
f 1708/1708/1708 1709/1709/1709 1573/1573/1573
f 1604/1604/1604 1662/1662/1662 1588/1588/1588
f 1604/1604/1604 1666/1666/1666 1662/1662/1662
f 1733/1733/1733 1677/1677/1677 1668/1668/1668
f 1733/1733/1733 1748/1748/1748 1677/1677/1677
f 1746/1746/1746 1758/1758/1758 1663/1663/1663
f 1746/1746/1746 1795/1795/1795 1758/1758/1758
f 1738/1738/1738 1754/1754/1754 1797/1797/1797
f 1738/1738/1738 1619/1619/1619 1754/1754/1754
f 1573/1573/1573 1787/1787/1787 1715/1715/1715
f 1573/1573/1573 1718/1718/1718 1787/1787/1787
f 1697/1697/1697 1655/1655/1655 1665/1665/1665
f 1697/1697/1697 1688/1688/1688 1655/1655/1655
f 1587/1587/1587 1659/1659/1659 1644/1644/1644
f 1587/1587/1587 1600/1600/1600 1659/1659/1659
f 1662/1662/1662 1592/1592/1592 1591/1591/1591
f 1662/1662/1662 1666/1666/1666 1592/1592/1592
f 1560/1560/1560 1681/1681/1681 1613/1613/1613
f 1560/1560/1560 1762/1762/1762 1681/1681/1681
f 1762/1762/1762 1616/1616/1616 1681/1681/1681
f 1762/1762/1762 1596/1596/1596 1616/1616/1616
f 1640/1640/1640 1678/1678/1678 1672/1672/1672
f 1640/1640/1640 1648/1648/1648 1678/1678/1678
f 1707/1707/1707 1612/1612/1612 1712/1712/1712
f 1707/1707/1707 1585/1585/1585 1612/1612/1612
f 1675/1675/1675 1775/1775/1775 1773/1773/1773
f 1675/1675/1675 1747/1747/1747 1775/1775/1775
f 1669/1669/1669 1737/1737/1737 1615/1615/1615
f 1669/1669/1669 1791/1791/1791 1737/1737/1737
f 1780/1780/1780 1757/1757/1757 1751/1751/1751
f 1780/1780/1780 1784/1784/1784 1757/1757/1757
f 1591/1591/1591 1761/1761/1761 1679/1679/1679
f 1591/1591/1591 1700/1700/1700 1761/1761/1761
f 1746/1746/1746 1665/1665/1665 1749/1749/1749
f 1746/1746/1746 1663/1663/1663 1665/1665/1665
f 1798/1798/1798 1649/1649/1649 1740/1740/1740
f 1798/1798/1798 1763/1763/1763 1649/1649/1649
f 1719/1719/1719 1621/1621/1621 1575/1575/1575
f 1719/1719/1719 1727/1727/1727 1621/1621/1621
f 1800/1800/1800 1611/1611/1611 1756/1756/1756
f 1800/1800/1800 1730/1730/1730 1611/1611/1611
f 1581/1581/1581 1614/1614/1614 1613/1613/1613
f 1581/1581/1581 1584/1584/1584 1614/1614/1614
f 1574/1574/1574 1642/1642/1642 1586/1586/1586
f 1574/1574/1574 1637/1637/1637 1642/1642/1642
f 1789/1789/1789 1655/1655/1655 1716/1716/1716
f 1789/1789/1789 1728/1728/1728 1655/1655/1655
f 1808/1808/1808 1784/1784/1784 1780/1780/1780
f 1808/1808/1808 1802/1802/1802 1784/1784/1784
f 1719/1719/1719 1757/1757/1757 1727/1727/1727
f 1719/1719/1719 1751/1751/1751 1757/1757/1757
f 1669/1669/1669 1654/1654/1654 1735/1735/1735
f 1669/1669/1669 1615/1615/1615 1654/1654/1654
f 1607/1607/1607 1687/1687/1687 1759/1759/1759
f 1607/1607/1607 1697/1697/1697 1687/1687/1687
f 1728/1728/1728 1665/1665/1665 1655/1655/1655
f 1728/1728/1728 1749/1749/1749 1665/1665/1665
f 1592/1592/1592 1618/1618/1618 1591/1591/1591
f 1592/1592/1592 1623/1623/1623 1618/1618/1618
f 1793/1793/1793 1727/1727/1727 1757/1757/1757
f 1793/1793/1793 1786/1786/1786 1727/1727/1727
f 1735/1735/1735 1588/1588/1588 1674/1674/1674
f 1735/1735/1735 1654/1654/1654 1588/1588/1588
f 1713/1713/1713 1802/1802/1802 1795/1795/1795
f 1713/1713/1713 1784/1784/1784 1802/1802/1802
f 1615/1615/1615 1664/1664/1664 1654/1654/1654
f 1615/1615/1615 1605/1605/1605 1664/1664/1664
f 1642/1642/1642 1648/1648/1648 1586/1586/1586
f 1642/1642/1642 1722/1722/1722 1648/1648/1648
f 1865/1865/1865 1850/1850/1850 1857/1857/1857
f 1865/1865/1865 2076/2076/2076 1850/1850/1850
f 1870/1870/1870 2018/2018/2018 2082/2082/2082
f 1870/1870/1870 1956/1956/1956 2018/2018/2018
f 1878/1878/1878 1848/1848/1848 1849/1849/1849
f 1878/1878/1878 2078/2078/2078 1848/1848/1848
f 1618/1618/1618 1765/1765/1765 1698/1698/1698
f 1618/1618/1618 1680/1680/1680 1765/1765/1765
f 1679/1679/1679 1766/1766/1766 1743/1743/1743
f 1679/1679/1679 1761/1761/1761 1766/1766/1766
f 1598/1598/1598 1803/1803/1803 1699/1699/1699
f 1598/1598/1598 1740/1740/1740 1803/1803/1803
f 1632/1632/1632 1646/1646/1646 1580/1580/1580
f 1632/1632/1632 1731/1731/1731 1646/1646/1646
f 1944/1944/1944 2078/2078/2078 1878/1878/1878
f 1944/1944/1944 2012/2012/2012 2078/2078/2078
f 1582/1582/1582 1704/1704/1704 1579/1579/1579
f 1582/1582/1582 1696/1696/1696 1704/1704/1704
f 1776/1776/1776 1706/1706/1706 1769/1769/1769
f 1776/1776/1776 1703/1703/1703 1706/1706/1706
f 1653/1653/1653 1650/1650/1650 1595/1595/1595
f 1653/1653/1653 1732/1732/1732 1650/1650/1650
f 1608/1608/1608 1796/1796/1796 1750/1750/1750
f 1608/1608/1608 1710/1710/1710 1796/1796/1796
f 1715/1715/1715 1720/1720/1720 1576/1576/1576
f 1715/1715/1715 1787/1787/1787 1720/1720/1720
f 1583/1583/1583 1773/1773/1773 1694/1694/1694
f 1583/1583/1583 1675/1675/1675 1773/1773/1773
f 1726/1726/1726 1670/1670/1670 1608/1608/1608
f 1726/1726/1726 1741/1741/1741 1670/1670/1670
f 1771/1771/1771 1683/1683/1683 1768/1768/1768
f 1771/1771/1771 1619/1619/1619 1683/1683/1683
f 1615/1615/1615 1748/1748/1748 1605/1605/1605
f 1615/1615/1615 1737/1737/1737 1748/1748/1748
f 1610/1610/1610 1696/1696/1696 1582/1582/1582
f 1610/1610/1610 1690/1690/1690 1696/1696/1696
f 1721/1721/1721 1727/1727/1727 1786/1786/1786
f 1721/1721/1721 1621/1621/1621 1727/1727/1727
f 1593/1593/1593 1777/1777/1777 1692/1692/1692
f 1593/1593/1593 1651/1651/1651 1777/1777/1777
f 1651/1651/1651 1704/1704/1704 1777/1777/1777
f 1651/1651/1651 1579/1579/1579 1704/1704/1704
f 1767/1767/1767 1779/1779/1779 1770/1770/1770
f 1767/1767/1767 1778/1778/1778 1779/1779/1779
f 1758/1758/1758 1802/1802/1802 1799/1799/1799
f 1758/1758/1758 1795/1795/1795 1802/1802/1802
f 1687/1687/1687 1801/1801/1801 1759/1759/1759
f 1687/1687/1687 1778/1778/1778 1801/1801/1801
f 2074/2074/2074 1958/1958/1958 1858/1858/1858
f 2074/2074/2074 2024/2024/2024 1958/1958/1958
f 1602/1602/1602 1740/1740/1740 1598/1598/1598
f 1602/1602/1602 1798/1798/1798 1740/1740/1740
f 1661/1661/1661 1716/1716/1716 1599/1599/1599
f 1661/1661/1661 1789/1789/1789 1716/1716/1716
f 1785/1785/1785 1806/1806/1806 1782/1782/1782
f 1785/1785/1785 1801/1801/1801 1806/1806/1806
f 1772/1772/1772 1700/1700/1700 1693/1693/1693
f 1772/1772/1772 1761/1761/1761 1700/1700/1700
f 1800/1800/1800 1616/1616/1616 1596/1596/1596
f 1800/1800/1800 1760/1760/1760 1616/1616/1616
f 1737/1737/1737 1677/1677/1677 1748/1748/1748
f 1737/1737/1737 1626/1626/1626 1677/1677/1677
f 1712/1712/1712 1725/1725/1725 1788/1788/1788
f 1712/1712/1712 1612/1612/1612 1725/1725/1725
f 1870/1870/1870 1851/1851/1851 1852/1852/1852
f 1870/1870/1870 2082/2082/2082 1851/1851/1851
f 1593/1593/1593 1811/1811/1811 1730/1730/1730
f 1593/1593/1593 1692/1692/1692 1811/1811/1811
f 1730/1730/1730 1783/1783/1783 1611/1611/1611
f 1730/1730/1730 1811/1811/1811 1783/1783/1783
f 2080/2080/2080 1954/1954/1954 1853/1853/1853
f 2080/2080/2080 2020/2020/2020 1954/1954/1954
f 1860/1860/1860 1858/1858/1858 1859/1859/1859
f 1860/1860/1860 2074/2074/2074 1858/1858/1858
f 1733/1733/1733 1728/1728/1728 1789/1789/1789
f 1733/1733/1733 1668/1668/1668 1728/1728/1728
f 1717/1717/1717 1545/1545/1545 1606/1606/1606
f 1717/1717/1717 1549/1549/1549 1545/1545/1545
f 2196/2196/2196 1846/1846/1846 1844/1844/1844
f 2196/2196/2196 1545/1545/1545 1846/1846/1846
f 1585/1585/1585 1549/1549/1549 1717/1717/1717
f 1585/1585/1585 1847/1847/1847 1549/1549/1549
f 1714/1714/1714 1547/1547/1547 1558/1558/1558
f 1714/1714/1714 1555/1555/1555 1547/1547/1547
f 1558/1558/1558 1551/1551/1551 1708/1708/1708
f 1558/1558/1558 1547/1547/1547 1551/1551/1551
f 1837/1837/1837 1547/1547/1547 1838/1838/1838
f 1837/1837/1837 1551/1551/1551 1547/1547/1547
f 1628/1628/1628 1546/1546/1546 1559/1559/1559
f 1628/1628/1628 1552/1552/1552 1546/1546/1546
f 1559/1559/1559 1556/1556/1556 1634/1634/1634
f 1559/1559/1559 1546/1546/1546 1556/1556/1556
f 1557/1557/1557 1552/1552/1552 1628/1628/1628
f 1557/1557/1557 1837/1837/1837 1552/1552/1552
f 1574/1574/1574 1550/1550/1550 1637/1637/1637
f 1574/1574/1574 1544/1544/1544 1550/1550/1550
f 1627/1627/1627 1548/1548/1548 1570/1570/1570
f 1627/1627/1627 1554/1554/1554 1548/1548/1548
f 1570/1570/1570 1553/1553/1553 1707/1707/1707
f 1570/1570/1570 1548/1548/1548 1553/1553/1553
f 1841/1841/1841 1550/1550/1550 1544/1544/1544
f 1841/1841/1841 1840/1840/1840 1550/1550/1550
f 1707/1707/1707 1847/1847/1847 1585/1585/1585
f 1707/1707/1707 1553/1553/1553 1847/1847/1847
f 1852/1852/1852 1818/1818/1818 1820/1820/1820
f 1852/1852/1852 1851/1851/1851 1818/1818/1818
f 1853/1853/1853 1820/1820/1820 1822/1822/1822
f 1853/1853/1853 1852/1852/1852 1820/1820/1820
f 1854/1854/1854 1822/1822/1822 1824/1824/1824
f 1854/1854/1854 1853/1853/1853 1822/1822/1822
f 1848/1848/1848 1826/1826/1826 1812/1812/1812
f 1848/1848/1848 1855/1855/1855 1826/1826/1826
f 1849/1849/1849 1812/1812/1812 1814/1814/1814
f 1849/1849/1849 1848/1848/1848 1812/1812/1812
f 1850/1850/1850 1814/1814/1814 1816/1816/1816
f 1850/1850/1850 1849/1849/1849 1814/1814/1814
f 1857/1857/1857 1816/1816/1816 1830/1830/1830
f 1857/1857/1857 1850/1850/1850 1816/1816/1816
f 1858/1858/1858 1828/1828/1828 1832/1832/1832
f 1858/1858/1858 1856/1856/1856 1828/1828/1828
f 1859/1859/1859 1832/1832/1832 1834/1834/1834
f 1859/1859/1859 1858/1858/1858 1832/1832/1832
f 1851/1851/1851 1834/1834/1834 1818/1818/1818
f 1851/1851/1851 1859/1859/1859 1834/1834/1834
f 1821/1821/1821 1839/1839/1839 1840/1840/1840
f 1821/1821/1821 1819/1819/1819 1839/1839/1839
f 1823/1823/1823 1840/1840/1840 1841/1841/1841
f 1823/1823/1823 1821/1821/1821 1840/1840/1840
f 1825/1825/1825 1841/1841/1841 1842/1842/1842
f 1825/1825/1825 1823/1823/1823 1841/1841/1841
f 1813/1813/1813 1843/1843/1843 1836/1836/1836
f 1813/1813/1813 1827/1827/1827 1843/1843/1843
f 1815/1815/1815 1836/1836/1836 1837/1837/1837
f 1815/1815/1815 1813/1813/1813 1836/1836/1836
f 1817/1817/1817 1837/1837/1837 1838/1838/1838
f 1817/1817/1817 1815/1815/1815 1837/1837/1837
f 1831/1831/1831 1838/1838/1838 1845/1845/1845
f 1831/1831/1831 1817/1817/1817 1838/1838/1838
f 1833/1833/1833 1844/1844/1844 1846/1846/1846
f 1833/1833/1833 1829/1829/1829 1844/1844/1844
f 1835/1835/1835 1846/1846/1846 1847/1847/1847
f 1835/1835/1835 1833/1833/1833 1846/1846/1846
f 1819/1819/1819 1847/1847/1847 1839/1839/1839
f 1819/1819/1819 1835/1835/1835 1847/1847/1847
f 1836/1836/1836 1556/1556/1556 1546/1546/1546
f 1836/1836/1836 1843/1843/1843 1556/1556/1556
f 1556/1556/1556 1843/1843/1843 2199/2199/2199
f 1708/1708/1708 1837/1837/1837 1557/1557/1557
f 1708/1708/1708 1551/1551/1551 1837/1837/1837
f 2197/2197/2197 1845/1845/1845 1555/1555/1555
f 1571/1571/1571 1554/1554/1554 1627/1627/1627
f 1571/1571/1571 1840/1840/1840 1554/1554/1554
f 1851/1851/1851 1860/1860/1860 1859/1859/1859
f 1851/1851/1851 2073/2073/2073 1860/1860/1860
f 1942/1942/1942 2073/2073/2073 2014/2014/2014
f 1942/1942/1942 1860/1860/1860 2073/2073/2073
f 1858/1858/1858 1864/1864/1864 1856/1856/1856
f 1858/1858/1858 2075/2075/2075 1864/1864/1864
f 1944/1944/1944 2077/2077/2077 1983/1983/1983
f 1944/1944/1944 1878/1878/1878 2077/2077/2077
f 1850/1850/1850 1878/1878/1878 1849/1849/1849
f 1850/1850/1850 2077/2077/2077 1878/1878/1878
f 1848/1848/1848 1881/1881/1881 1855/1855/1855
f 1848/1848/1848 2079/2079/2079 1881/1881/1881
f 1880/1880/1880 2020/2020/2020 2080/2080/2080
f 1880/1880/1880 1961/1961/1961 2020/2020/2020
f 1853/1853/1853 1870/1870/1870 1852/1852/1852
f 1853/1853/1853 2081/2081/2081 1870/1870/1870
f 1962/1962/1962 2079/2079/2079 2022/2022/2022
f 1962/1962/1962 1881/1881/1881 2079/2079/2079
f 1902/1902/1902 1963/1963/1963 2002/2002/2002
f 1902/1902/1902 1909/1909/1909 1963/1963/1963
f 2002/2002/2002 1910/1910/1910 1900/1900/1900
f 2002/2002/2002 1963/1963/1963 1910/1910/1910
f 2148/2148/2148 2038/2038/2038 2111/2111/2111
f 2148/2148/2148 2056/2056/2056 2038/2038/2038
f 2162/2162/2162 2025/2025/2025 2063/2063/2063
f 2162/2162/2162 2084/2084/2084 2025/2025/2025
f 2133/2133/2133 1905/1905/1905 2121/2121/2121
f 2133/2133/2133 2006/2006/2006 1905/1905/1905
f 2114/2114/2114 2053/2053/2053 2142/2142/2142
f 2114/2114/2114 2039/2039/2039 2053/2053/2053
f 1964/1964/1964 1901/1901/1901 1911/1911/1911
f 1964/1964/1964 2003/2003/2003 1901/1901/1901
f 1905/1905/1905 2003/2003/2003 1964/1964/1964
f 1905/1905/1905 1903/1903/1903 2003/2003/2003
f 2137/2137/2137 1911/1911/1911 2117/2117/2117
f 2137/2137/2137 1964/1964/1964 1911/1911/1911
f 2110/2110/2110 2055/2055/2055 2146/2146/2146
f 2110/2110/2110 2037/2037/2037 2055/2055/2055
f 1965/1965/1965 1899/1899/1899 1913/1913/1913
f 1965/1965/1965 2001/2001/2001 1899/1899/1899
f 1911/1911/1911 2001/2001/2001 1965/1965/1965
f 1911/1911/1911 1901/1901/1901 2001/2001/2001
f 2141/2141/2141 1913/1913/1913 2113/2113/2113
f 2141/2141/2141 1965/1965/1965 1913/1913/1913
f 2106/2106/2106 2057/2057/2057 2150/2150/2150
f 2106/2106/2106 2035/2035/2035 2057/2057/2057
f 1966/1966/1966 1897/1897/1897 1915/1915/1915
f 1966/1966/1966 1999/1999/1999 1897/1897/1897
f 1913/1913/1913 1999/1999/1999 1966/1966/1966
f 1913/1913/1913 1899/1899/1899 1999/1999/1999
f 2145/2145/2145 1915/1915/1915 2109/2109/2109
f 2145/2145/2145 1966/1966/1966 1915/1915/1915
f 2102/2102/2102 2059/2059/2059 2154/2154/2154
f 2102/2102/2102 2033/2033/2033 2059/2059/2059
f 1967/1967/1967 1895/1895/1895 1917/1917/1917
f 1967/1967/1967 1997/1997/1997 1895/1895/1895
f 1915/1915/1915 1997/1997/1997 1967/1967/1967
f 1915/1915/1915 1897/1897/1897 1997/1997/1997
f 2149/2149/2149 1917/1917/1917 2105/2105/2105
f 2149/2149/2149 1967/1967/1967 1917/1917/1917
f 2101/2101/2101 2016/2016/2016 2177/2177/2177
f 2101/2101/2101 1919/1919/1919 2016/2016/2016
f 1968/1968/1968 1892/1892/1892 1919/1919/1919
f 1968/1968/1968 1995/1995/1995 1892/1892/1892
f 1917/1917/1917 1995/1995/1995 1968/1968/1968
f 1917/1917/1917 1895/1895/1895 1995/1995/1995
f 2135/2135/2135 2044/2044/2044 2123/2123/2123
f 2135/2135/2135 2050/2050/2050 2044/2044/2044
f 2091/2091/2091 2067/2067/2067 2169/2169/2169
f 2091/2091/2091 2029/2029/2029 2067/2067/2067
f 1969/1969/1969 1863/1863/1863 1921/1921/1921
f 1969/1969/1969 1893/1893/1893 1863/1863/1863
f 1938/1938/1938 1893/1893/1893 1969/1969/1969
f 1938/1938/1938 1877/1877/1877 1893/1893/1893
f 2178/2178/2178 2033/2033/2033 2102/2102/2102
f 2178/2178/2178 2071/2071/2071 2033/2033/2033
f 2090/2090/2090 2065/2065/2065 2166/2166/2166
f 2090/2090/2090 2028/2028/2028 2065/2065/2065
f 1970/1970/1970 1886/1886/1886 1908/1908/1908
f 1970/1970/1970 1889/1889/1889 1886/1886/1886
f 1931/1931/1931 1889/1889/1889 1970/1970/1970
f 1931/1931/1931 1874/1874/1874 1889/1889/1889
f 2161/2161/2161 1908/1908/1908 2083/2083/2083
f 2161/2161/2161 1970/1970/1970 1908/1908/1908
f 2173/2173/2173 2029/2029/2029 2091/2091/2091
f 2173/2173/2173 2069/2069/2069 2029/2029/2029
f 1971/1971/1971 1885/1885/1885 1904/1904/1904
f 1971/1971/1971 1987/1987/1987 1885/1885/1885
f 1908/1908/1908 1987/1987/1987 1971/1971/1971
f 1908/1908/1908 1886/1886/1886 1987/1987/1987
f 2158/2158/2158 1921/1921/1921 2098/2098/2098
f 2158/2158/2158 1969/1969/1969 1921/1921/1921
f 2092/2092/2092 2010/2010/2010 2174/2174/2174
f 2092/2092/2092 1924/1924/1924 2010/2010/2010
f 1972/1972/1972 1867/1867/1867 1925/1925/1925
f 1972/1972/1972 1882/1882/1882 1867/1867/1867
f 1921/1921/1921 1882/1882/1882 1972/1972/1972
f 1921/1921/1921 1863/1863/1863 1882/1882/1882
f 1872/1872/1872 1973/1973/1973 1926/1926/1926
f 1872/1872/1872 1930/1930/1930 1973/1973/1973
f 1926/1926/1926 1906/1906/1906 1884/1884/1884
f 1926/1926/1926 1973/1973/1973 1906/1906/1906
f 2127/2127/2127 2070/2070/2070 2175/2175/2175
f 2127/2127/2127 2046/2046/2046 2070/2070/2070
f 2097/2097/2097 2061/2061/2061 2157/2157/2157
f 2097/2097/2097 2031/2031/2031 2061/2061/2061
f 1883/1883/1883 1974/1974/1974 2004/2004/2004
f 1883/1883/1883 1907/1907/1907 1974/1974/1974
f 2004/2004/2004 1909/1909/1909 1902/1902/1902
f 2004/2004/2004 1974/1974/1974 1909/1909/1909
f 2144/2144/2144 2040/2040/2040 2116/2116/2116
f 2144/2144/2144 2054/2054/2054 2040/2040/2040
f 2085/2085/2085 2066/2066/2066 2167/2167/2167
f 2085/2085/2085 2026/2026/2026 2066/2066/2066
f 1862/1862/1862 1975/1975/1975 1879/1879/1879
f 1862/1862/1862 1920/1920/1920 1975/1975/1975
f 1879/1879/1879 1922/1922/1922 1868/1868/1868
f 1879/1879/1879 1975/1975/1975 1922/1922/1922
f 1923/1923/1923 2164/2164/2164 2009/2009/2009
f 1923/1923/1923 2096/2096/2096 2164/2164/2164
f 1976/1976/1976 2100/2100/2100 1920/1920/1920
f 1976/1976/1976 2180/2180/2180 2100/2100/2100
f 1875/1875/1875 1976/1976/1976 1932/1932/1932
f 1875/1875/1875 1937/1937/1937 1976/1976/1976
f 1932/1932/1932 1920/1920/1920 1862/1862/1862
f 1932/1932/1932 1976/1976/1976 1920/1920/1920
f 2131/2131/2131 2072/2072/2072 2179/2179/2179
f 2131/2131/2131 2048/2048/2048 2072/2072/2072
f 1894/1894/1894 1977/1977/1977 1994/1994/1994
f 1894/1894/1894 1916/1916/1916 1977/1977/1977
f 1994/1994/1994 1918/1918/1918 1891/1891/1891
f 1994/1994/1994 1977/1977/1977 1918/1918/1918
f 2163/2163/2163 2046/2046/2046 2127/2127/2127
f 2163/2163/2163 2064/2064/2064 2046/2046/2046
f 2150/2150/2150 2037/2037/2037 2110/2110/2110
f 2150/2150/2150 2057/2057/2057 2037/2037/2037
f 1896/1896/1896 1978/1978/1978 1996/1996/1996
f 1896/1896/1896 1914/1914/1914 1978/1978/1978
f 1996/1996/1996 1916/1916/1916 1894/1894/1894
f 1996/1996/1996 1978/1978/1978 1916/1916/1916
f 2159/2159/2159 2048/2048/2048 2131/2131/2131
f 2159/2159/2159 2062/2062/2062 2048/2048/2048
f 2146/2146/2146 2039/2039/2039 2114/2114/2114
f 2146/2146/2146 2055/2055/2055 2039/2039/2039
f 1898/1898/1898 1979/1979/1979 1998/1998/1998
f 1898/1898/1898 1912/1912/1912 1979/1979/1979
f 1998/1998/1998 1914/1914/1914 1896/1896/1896
f 1998/1998/1998 1979/1979/1979 1914/1914/1914
f 2155/2155/2155 2034/2034/2034 2103/2103/2103
f 2155/2155/2155 2060/2060/2060 2034/2034/2034
f 2142/2142/2142 2041/2041/2041 2118/2118/2118
f 2142/2142/2142 2053/2053/2053 2041/2041/2041
f 1900/1900/1900 1980/1980/1980 2000/2000/2000
f 1900/1900/1900 1910/1910/1910 1980/1980/1980
f 2000/2000/2000 1912/1912/1912 1898/1898/1898
f 2000/2000/2000 1980/1980/1980 1912/1912/1912
f 2151/2151/2151 2036/2036/2036 2107/2107/2107
f 2151/2151/2151 2058/2058/2058 2036/2036/2036
f 2138/2138/2138 2043/2043/2043 2122/2122/2122
f 2138/2138/2138 2051/2051/2051 2043/2043/2043
f 1884/1884/1884 1981/1981/1981 1986/1986/1986
f 1884/1884/1884 1906/1906/1906 1981/1981/1981
f 1986/1986/1986 1907/1907/1907 1883/1883/1883
f 1986/1986/1986 1981/1981/1981 1907/1907/1907
f 1907/1907/1907 2136/2136/2136 1974/1974/1974
f 1907/1907/1907 2088/2088/2088 2136/2136/2136
f 1973/1973/1973 2086/2086/2086 1906/1906/1906
f 1973/1973/1973 2176/2176/2176 2086/2086/2086
f 1873/1873/1873 1982/1982/1982 1929/1929/1929
f 1873/1873/1873 1943/1943/1943 1982/1982/1982
f 1929/1929/1929 1951/1951/1951 1872/1872/1872
f 1929/1929/1929 1982/1982/1982 1951/1951/1951
f 1868/1868/1868 1984/1984/1984 1879/1879/1879
f 1868/1868/1868 1947/1947/1947 1984/1984/1984
f 1879/1879/1879 1957/1957/1957 1862/1862/1862
f 1879/1879/1879 1984/1984/1984 1957/1957/1957
f 1860/1860/1860 2024/2024/2024 2074/2074/2074
f 1860/1860/1860 1942/1942/1942 2024/2024/2024
f 2188/2188/2188 1885/1885/1885 1987/1987/1987
f 2188/2188/2188 2182/2182/2182 1885/1885/1885
f 2183/2183/2183 1995/1995/1995 1895/1895/1895
f 2183/2183/2183 2189/2189/2189 1995/1995/1995
f 1877/1877/1877 1988/1988/1988 1893/1893/1893
f 1877/1877/1877 1955/1955/1955 1988/1988/1988
f 1893/1893/1893 1953/1953/1953 1863/1863/1863
f 1893/1893/1893 1988/1988/1988 1953/1953/1953
f 2014/2014/2014 1851/1851/1851 1940/1940/1940
f 2014/2014/2014 2073/2073/2073 1851/1851/1851
f 1872/1872/1872 1990/1990/1990 1887/1887/1887
f 1872/1872/1872 1951/1951/1951 1990/1990/1990
f 1887/1887/1887 1948/1948/1948 1869/1869/1869
f 1887/1887/1887 1990/1990/1990 1948/1948/1948
f 1858/1858/1858 1985/1985/1985 2075/2075/2075
f 1858/1858/1858 1958/1958/1958 1985/1985/1985
f 1875/1875/1875 1992/1992/1992 1890/1890/1890
f 1875/1875/1875 1936/1936/1936 1992/1992/1992
f 1936/1936/1936 1933/1933/1933 1992/1992/1992
f 1936/1936/1936 1876/1876/1876 1933/1933/1933
f 1876/1876/1876 1993/1993/1993 1933/1933/1933
f 1876/1876/1876 1935/1935/1935 1993/1993/1993
f 1890/1890/1890 1933/1933/1933 2195/2195/2195
f 1890/1890/1890 1992/1992/1992 1933/1933/1933
f 1935/1935/1935 1934/1934/1934 1993/1993/1993
f 1935/1935/1935 1877/1877/1877 1934/1934/1934
f 2189/2189/2189 1892/1892/1892 1995/1995/1995
f 2189/2189/2189 1861/1861/1861 1892/1892/1892
f 2184/2184/2184 1997/1997/1997 1897/1897/1897
f 2184/2184/2184 2190/2190/2190 1997/1997/1997
f 2190/2190/2190 1895/1895/1895 1997/1997/1997
f 2190/2190/2190 2183/2183/2183 1895/1895/1895
f 2185/2185/2185 1999/1999/1999 1899/1899/1899
f 2185/2185/2185 2191/2191/2191 1999/1999/1999
f 2191/2191/2191 1897/1897/1897 1999/1999/1999
f 2191/2191/2191 2184/2184/2184 1897/1897/1897
f 2186/2186/2186 2001/2001/2001 1901/1901/1901
f 2186/2186/2186 2192/2192/2192 2001/2001/2001
f 2192/2192/2192 1899/1899/1899 2001/2001/2001
f 2192/2192/2192 2185/2185/2185 1899/1899/1899
f 2187/2187/2187 2003/2003/2003 1903/1903/1903
f 2187/2187/2187 2193/2193/2193 2003/2003/2003
f 2193/2193/2193 1901/1901/1901 2003/2003/2003
f 2193/2193/2193 2186/2186/2186 1901/1901/1901
f 2182/2182/2182 2005/2005/2005 1885/1885/1885
f 2182/2182/2182 2194/2194/2194 2005/2005/2005
f 2194/2194/2194 1903/1903/1903 2005/2005/2005
f 2194/2194/2194 2187/2187/2187 1903/1903/1903
f 2169/2169/2169 2031/2031/2031 2097/2097/2097
f 2169/2169/2169 2067/2067/2067 2031/2031/2031
f 2118/2118/2118 2051/2051/2051 2138/2138/2138
f 2118/2118/2118 2041/2041/2041 2051/2051/2051
f 2006/2006/2006 1903/1903/1903 1905/1905/1905
f 2006/2006/2006 2005/2005/2005 1903/1903/1903
f 1904/1904/1904 2005/2005/2005 2006/2006/2006
f 1904/1904/1904 1885/1885/1885 2005/2005/2005
f 2008/2008/2008 2181/2181/2181 1888/1888/1888
f 2008/2008/2008 1926/1926/1926 2181/2181/2181
f 1888/1888/1888 1928/1928/1928 1873/1873/1873
f 1888/1888/1888 2007/2007/2007 1928/1928/1928
f 2007/2007/2007 1874/1874/1874 1928/1928/1928
f 2007/2007/2007 1889/1889/1889 1874/1874/1874
f 2007/2007/2007 2181/2181/2181 1889/1889/1889
f 2007/2007/2007 1888/1888/1888 2181/2181/2181
f 1889/1889/1889 1871/1871/1871 1886/1886/1886
f 1889/1889/1889 2181/2181/2181 1871/1871/1871
f 1926/1926/1926 1929/1929/1929 1872/1872/1872
f 1926/1926/1926 2008/2008/2008 1929/1929/1929
f 2008/2008/2008 1873/1873/1873 1929/1929/1929
f 2008/2008/2008 1888/1888/1888 1873/1873/1873
f 1869/1869/1869 2009/2009/2009 1887/1887/1887
f 1869/1869/1869 1923/1923/1923 2009/2009/2009
f 1887/1887/1887 1930/1930/1930 1872/1872/1872
f 1887/1887/1887 2009/2009/2009 1930/1930/1930
f 2179/2179/2179 2032/2032/2032 2099/2099/2099
f 2179/2179/2179 2072/2072/2072 2032/2032/2032
f 2099/2099/2099 2068/2068/2068 2171/2171/2171
f 2099/2099/2099 2032/2032/2032 2068/2068/2068
f 2125/2125/2125 2069/2069/2069 2173/2173/2173
f 2125/2125/2125 2045/2045/2045 2069/2069/2069
f 2094/2094/2094 2064/2064/2064 2163/2163/2163
f 2094/2094/2094 2030/2030/2030 2064/2064/2064
f 2010/2010/2010 1874/1874/1874 1931/1931/1931
f 2010/2010/2010 1927/1927/1927 1874/1874/1874
f 1924/1924/1924 1927/1927/1927 2010/2010/2010
f 1924/1924/1924 1866/1866/1866 1927/1927/1927
f 1874/1874/1874 2011/2011/2011 1928/1928/1928
f 1874/1874/1874 1945/1945/1945 2011/2011/2011
f 1928/1928/1928 1943/1943/1943 1873/1873/1873
f 1928/1928/1928 2011/2011/2011 1943/1943/1943
f 2078/2078/2078 1946/1946/1946 1848/1848/1848
f 2078/2078/2078 2012/2012/2012 1946/1946/1946
f 1949/1949/1949 2075/2075/2075 1985/1985/1985
f 1949/1949/1949 1864/1864/1864 2075/2075/2075
f 1875/1875/1875 2013/2013/2013 1936/1936/1936
f 1875/1875/1875 1941/1941/1941 2013/2013/2013
f 1936/1936/1936 1939/1939/1939 1876/1876/1876
f 1936/1936/1936 2013/2013/2013 1939/1939/1939
f 1891/1891/1891 2015/2015/2015 1890/1890/1890
f 1891/1891/1891 1918/1918/1918 2015/2015/2015
f 1890/1890/1890 1937/1937/1937 1875/1875/1875
f 1890/1890/1890 2015/2015/2015 1937/1937/1937
f 2154/2154/2154 2035/2035/2035 2106/2106/2106
f 2154/2154/2154 2059/2059/2059 2035/2035/2035
f 2129/2129/2129 2071/2071/2071 2178/2178/2178
f 2129/2129/2129 2047/2047/2047 2071/2071/2071
f 2103/2103/2103 2062/2062/2062 2159/2159/2159
f 2103/2103/2103 2034/2034/2034 2062/2062/2062
f 2016/2016/2016 1877/1877/1877 1938/1938/1938
f 2016/2016/2016 1934/1934/1934 1877/1877/1877
f 1919/1919/1919 1934/1934/1934 2016/2016/2016
f 1919/1919/1919 1892/1892/1892 1934/1934/1934
f 1876/1876/1876 2017/2017/2017 1935/1935/1935
f 1876/1876/1876 1939/1939/1939 2017/2017/2017
f 1935/1935/1935 1955/1955/1955 1877/1877/1877
f 1935/1935/1935 2017/2017/2017 1955/1955/1955
f 1940/1940/1940 2082/2082/2082 2018/2018/2018
f 1940/1940/1940 1851/1851/1851 2082/2082/2082
f 1863/1863/1863 2019/2019/2019 1882/1882/1882
f 1863/1863/1863 1953/1953/1953 2019/2019/2019
f 1882/1882/1882 1960/1960/1960 1867/1867/1867
f 1882/1882/1882 2019/2019/2019 1960/1960/1960
f 1946/1946/1946 2079/2079/2079 1848/1848/1848
f 1946/1946/1946 2022/2022/2022 2079/2079/2079
f 1952/1952/1952 2076/2076/2076 1991/1991/1991
f 1952/1952/1952 1850/1850/1850 2076/2076/2076
f 1866/1866/1866 2021/2021/2021 1927/1927/1927
f 1866/1866/1866 1959/1959/1959 2021/2021/2021
f 1927/1927/1927 1945/1945/1945 1874/1874/1874
f 1927/1927/1927 2021/2021/2021 1945/1945/1945
f 1865/1865/1865 1991/1991/1991 2076/2076/2076
f 1865/1865/1865 1950/1950/1950 1991/1991/1991
f 1862/1862/1862 2023/2023/2023 1932/1932/1932
f 1862/1862/1862 1957/1957/1957 2023/2023/2023
f 1932/1932/1932 1941/1941/1941 1875/1875/1875
f 1932/1932/1932 2023/2023/2023 1941/1941/1941
f 1956/1956/1956 2081/2081/2081 1989/1989/1989
f 1956/1956/1956 1870/1870/1870 2081/2081/2081
f 1983/1983/1983 1850/1850/1850 1952/1952/1952
f 1983/1983/1983 2077/2077/2077 1850/1850/1850
f 2089/2089/2089 2006/2006/2006 2133/2133/2133
f 2089/2089/2089 1904/1904/1904 2006/2006/2006
f 2121/2121/2121 1964/1964/1964 2137/2137/2137
f 2121/2121/2121 1905/1905/1905 1964/1964/1964
f 1974/1974/1974 2124/2124/2124 1909/1909/1909
f 1974/1974/1974 2136/2136/2136 2124/2124/2124
f 1981/1981/1981 2088/2088/2088 1907/1907/1907
f 1981/1981/1981 2168/2168/2168 2088/2088/2088
f 2087/2087/2087 2050/2050/2050 2135/2135/2135
f 2087/2087/2087 2027/2027/2027 2050/2050/2050
f 2117/2117/2117 1965/1965/1965 2141/2141/2141
f 2117/2117/2117 1911/1911/1911 1965/1965/1965
f 1963/1963/1963 2119/2119/2119 1910/1910/1910
f 1963/1963/1963 2139/2139/2139 2119/2119/2119
f 1909/1909/1909 2139/2139/2139 1963/1963/1963
f 1909/1909/1909 2124/2124/2124 2139/2139/2139
f 2123/2123/2123 2052/2052/2052 2140/2140/2140
f 2123/2123/2123 2044/2044/2044 2052/2052/2052
f 2113/2113/2113 1966/1966/1966 2145/2145/2145
f 2113/2113/2113 1913/1913/1913 1966/1966/1966
f 1980/1980/1980 2115/2115/2115 1912/1912/1912
f 1980/1980/1980 2143/2143/2143 2115/2115/2115
f 1910/1910/1910 2143/2143/2143 1980/1980/1980
f 1910/1910/1910 2119/2119/2119 2143/2143/2143
f 2120/2120/2120 2054/2054/2054 2144/2144/2144
f 2120/2120/2120 2042/2042/2042 2054/2054/2054
f 2109/2109/2109 1967/1967/1967 2149/2149/2149
f 2109/2109/2109 1915/1915/1915 1967/1967/1967
f 1979/1979/1979 2112/2112/2112 1914/1914/1914
f 1979/1979/1979 2147/2147/2147 2112/2112/2112
f 1912/1912/1912 2147/2147/2147 1979/1979/1979
f 1912/1912/1912 2115/2115/2115 2147/2147/2147
f 2116/2116/2116 2056/2056/2056 2148/2148/2148
f 2116/2116/2116 2040/2040/2040 2056/2056/2056
f 2105/2105/2105 1968/1968/1968 2153/2153/2153
f 2105/2105/2105 1917/1917/1917 1968/1968/1968
f 1978/1978/1978 2108/2108/2108 1916/1916/1916
f 1978/1978/1978 2152/2152/2152 2108/2108/2108
f 1914/1914/1914 2152/2152/2152 1978/1978/1978
f 1914/1914/1914 2112/2112/2112 2152/2152/2152
f 2111/2111/2111 2058/2058/2058 2151/2151/2151
f 2111/2111/2111 2038/2038/2038 2058/2058/2058
f 2153/2153/2153 1919/1919/1919 2101/2101/2101
f 2153/2153/2153 1968/1968/1968 1919/1919/1919
f 1977/1977/1977 2104/2104/2104 1918/1918/1918
f 1977/1977/1977 2156/2156/2156 2104/2104/2104
f 1916/1916/1916 2156/2156/2156 1977/1977/1977
f 1916/1916/1916 2108/2108/2108 2156/2156/2156
f 2130/2130/2130 1969/1969/1969 2158/2158/2158
f 2130/2130/2130 1938/1938/1938 1969/1969/1969
f 2098/2098/2098 1972/1972/1972 2170/2170/2170
f 2098/2098/2098 1921/1921/1921 1972/1972/1972
f 2015/2015/2015 2132/2132/2132 1937/1937/1937
f 2015/2015/2015 2160/2160/2160 2132/2132/2132
f 1918/1918/1918 2160/2160/2160 2015/2015/2015
f 1918/1918/1918 2104/2104/2104 2160/2160/2160
f 2126/2126/2126 1970/1970/1970 2161/2161/2161
f 2126/2126/2126 1931/1931/1931 1970/1970/1970
f 2083/2083/2083 1971/1971/1971 2165/2165/2165
f 2083/2083/2083 1908/1908/1908 1971/1971/1971
f 2009/2009/2009 2128/2128/2128 1930/1930/1930
f 2009/2009/2009 2164/2164/2164 2128/2128/2128
f 1975/1975/1975 2095/2095/2095 1922/1922/1922
f 1975/1975/1975 2172/2172/2172 2095/2095/2095
f 2171/2171/2171 2030/2030/2030 2094/2094/2094
f 2171/2171/2171 2068/2068/2068 2030/2030/2030
f 2165/2165/2165 1904/1904/1904 2089/2089/2089
f 2165/2165/2165 1971/1971/1971 1904/1904/1904
f 2122/2122/2122 2049/2049/2049 2134/2134/2134
f 2122/2122/2122 2043/2043/2043 2049/2049/2049
f 1906/1906/1906 2168/2168/2168 1981/1981/1981
f 1906/1906/1906 2086/2086/2086 2168/2168/2168
f 2175/2175/2175 2026/2026/2026 2085/2085/2085
f 2175/2175/2175 2070/2070/2070 2026/2026/2026
f 2170/2170/2170 1925/1925/1925 2093/2093/2093
f 2170/2170/2170 1972/1972/1972 1925/1925/1925
f 2162/2162/2162 2045/2045/2045 2125/2125/2125
f 2162/2162/2162 2063/2063/2063 2045/2045/2045
f 1920/1920/1920 2172/2172/2172 1975/1975/1975
f 1920/1920/1920 2100/2100/2100 2172/2172/2172
f 2167/2167/2167 2027/2027/2027 2087/2087/2087
f 2167/2167/2167 2066/2066/2066 2027/2027/2027
f 2174/2174/2174 1931/1931/1931 2126/2126/2126
f 2174/2174/2174 2010/2010/2010 1931/1931/1931
f 2140/2140/2140 2042/2042/2042 2120/2120/2120
f 2140/2140/2140 2052/2052/2052 2042/2042/2042
f 1930/1930/1930 2176/2176/2176 1973/1973/1973
f 1930/1930/1930 2128/2128/2128 2176/2176/2176
f 2107/2107/2107 2060/2060/2060 2155/2155/2155
f 2107/2107/2107 2036/2036/2036 2060/2060/2060
f 2177/2177/2177 1938/1938/1938 2130/2130/2130
f 2177/2177/2177 2016/2016/2016 1938/1938/1938
f 2157/2157/2157 2047/2047/2047 2129/2129/2129
f 2157/2157/2157 2061/2061/2061 2047/2047/2047
f 1937/1937/1937 2180/2180/2180 1976/1976/1976
f 1937/1937/1937 2132/2132/2132 2180/2180/2180
f 1880/1880/1880 1853/1853/1853 1854/1854/1854
f 1880/1880/1880 2080/2080/2080 1853/1853/1853
f 2166/2166/2166 2025/2025/2025 2084/2084/2084
f 2166/2166/2166 2065/2065/2065 2025/2025/2025
f 2134/2134/2134 2028/2028/2028 2090/2090/2090
f 2134/2134/2134 2049/2049/2049 2028/2028/2028
f 1853/1853/1853 1989/1989/1989 2081/2081/2081
f 1853/1853/1853 1954/1954/1954 1989/1989/1989
f 1871/1871/1871 1987/1987/1987 1886/1886/1886
f 1871/1871/1871 2188/2188/2188 1987/1987/1987
f 1926/1926/1926 1871/1871/1871 2181/2181/2181
f 1926/1926/1926 1884/1884/1884 1871/1871/1871
f 2004/2004/2004 2187/2187/2187 2194/2194/2194
f 2004/2004/2004 1902/1902/1902 2187/2187/2187
f 1883/1883/1883 2194/2194/2194 2182/2182/2182
f 1883/1883/1883 2004/2004/2004 2194/2194/2194
f 2002/2002/2002 2186/2186/2186 2193/2193/2193
f 2002/2002/2002 1900/1900/1900 2186/2186/2186
f 1902/1902/1902 2193/2193/2193 2187/2187/2187
f 1902/1902/1902 2002/2002/2002 2193/2193/2193
f 2000/2000/2000 2185/2185/2185 2192/2192/2192
f 2000/2000/2000 1898/1898/1898 2185/2185/2185
f 1900/1900/1900 2192/2192/2192 2186/2186/2186
f 1900/1900/1900 2000/2000/2000 2192/2192/2192
f 1998/1998/1998 2184/2184/2184 2191/2191/2191
f 1998/1998/1998 1896/1896/1896 2184/2184/2184
f 1898/1898/1898 2191/2191/2191 2185/2185/2185
f 1898/1898/1898 1998/1998/1998 2191/2191/2191
f 1996/1996/1996 2183/2183/2183 2190/2190/2190
f 1996/1996/1996 1894/1894/1894 2183/2183/2183
f 1896/1896/1896 2190/2190/2190 2184/2184/2184
f 1896/1896/1896 1996/1996/1996 2190/2190/2190
f 1894/1894/1894 2189/2189/2189 2183/2183/2183
f 1894/1894/1894 1994/1994/1994 2189/2189/2189
f 1986/1986/1986 2182/2182/2182 2188/2188/2188
f 1986/1986/1986 1883/1883/1883 2182/2182/2182
f 1884/1884/1884 2188/2188/2188 1871/1871/1871
f 1884/1884/1884 1986/1986/1986 2188/2188/2188
f 1994/1994/1994 1861/1861/1861 2189/2189/2189
f 1994/1994/1994 1891/1891/1891 1861/1861/1861
f 1934/1934/1934 1933/1933/1933 1993/1993/1993
f 1934/1934/1934 2195/2195/2195 1933/1933/1933
f 1892/1892/1892 2195/2195/2195 1934/1934/1934
f 1892/1892/1892 1861/1861/1861 2195/2195/2195
f 1891/1891/1891 2195/2195/2195 1861/1861/1861
f 1891/1891/1891 1890/1890/1890 2195/2195/2195
f 1605/1605/1605 1653/1653/1653 1664/1664/1664
f 1605/1605/1605 1603/1603/1603 1653/1653/1653
f 1638/1638/1638 1742/1742/1742 1667/1667/1667
f 1638/1638/1638 1734/1734/1734 1742/1742/1742
f 1627/1627/1627 1580/1580/1580 1571/1571/1571
f 1627/1627/1627 1632/1632/1632 1580/1580/1580
f 1684/1684/1684 1590/1590/1590 1636/1636/1636
f 1684/1684/1684 1622/1622/1622 1590/1590/1590
f 2198/2198/2198 1841/1841/1841 1544/1544/1544
f 2198/2198/2198 1842/1842/1842 1841/1841/1841
f 1564/1564/1564 1555/1555/1555 1714/1714/1714
f 1564/1564/1564 2197/2197/2197 1555/1555/1555
f 1561/1561/1561 1586/1586/1586 1568/1568/1568
f 1561/1561/1561 1574/1574/1574 1586/1586/1586
f 1563/1563/1563 1545/1545/1545 2196/2196/2196
f 1563/1563/1563 1606/1606/1606 1545/1545/1545
f 2198/2198/2198 1574/1574/1574 1561/1561/1561
f 2198/2198/2198 1544/1544/1544 1574/1574/1574
f 2200/2200/2200 2208/2208/2208 2201/2201/2201
f 2200/2200/2200 2203/2203/2203 2208/2208/2208
f 2207/2207/2207 2205/2205/2205 2208/2208/2208
f 2207/2207/2207 2206/2206/2206 2205/2205/2205
f 2203/2203/2203 2207/2207/2207 2208/2208/2208
f 2203/2203/2203 2202/2202/2202 2207/2207/2207
f 2205/2205/2205 2201/2201/2201 2208/2208/2208
f 2205/2205/2205 2204/2204/2204 2201/2201/2201
f 2234/2234/2234 2211/2211/2211 2214/2214/2214
f 2234/2234/2234 2217/2217/2217 2211/2211/2211
f 2218/2218/2218 2212/2212/2212 2209/2209/2209
f 2218/2218/2218 2223/2223/2223 2212/2212/2212
f 2219/2219/2219 2216/2216/2216 2222/2222/2222
f 2219/2219/2219 2210/2210/2210 2216/2216/2216
f 2220/2220/2220 2223/2223/2223 2218/2218/2218
f 2220/2220/2220 2225/2225/2225 2223/2223/2223
f 2221/2221/2221 2222/2222/2222 2262/2262/2262
f 2221/2221/2221 2219/2219/2219 2222/2222/2222
f 2224/2224/2224 2231/2231/2231 2229/2229/2229
f 2224/2224/2224 2226/2226/2226 2231/2231/2231
f 2213/2213/2213 2229/2229/2229 2233/2233/2233
f 2213/2213/2213 2224/2224/2224 2229/2229/2229
f 2230/2230/2230 2238/2238/2238 2227/2227/2227
f 2230/2230/2230 2241/2241/2241 2238/2238/2238
f 2233/2233/2233 2236/2236/2236 2307/2307/2307
f 2233/2233/2233 2229/2229/2229 2236/2236/2236
f 2228/2228/2228 2243/2243/2243 2235/2235/2235
f 2228/2228/2228 2239/2239/2239 2243/2243/2243
f 2240/2240/2240 2246/2246/2246 2244/2244/2244
f 2240/2240/2240 2242/2242/2242 2246/2246/2246
f 2237/2237/2237 2247/2247/2247 2251/2251/2251
f 2237/2237/2237 2245/2245/2245 2247/2247/2247
f 2336/2336/2336 2248/2248/2248 2310/2310/2310
f 2336/2336/2336 2289/2289/2289 2248/2248/2248
f 2314/2314/2314 2250/2250/2250 2254/2254/2254
f 2314/2314/2314 2312/2312/2312 2250/2250/2250
f 2318/2318/2318 2254/2254/2254 2259/2259/2259
f 2318/2318/2318 2314/2314/2314 2254/2254/2254
f 2261/2261/2261 2251/2251/2251 2256/2256/2256
f 2261/2261/2261 2237/2237/2237 2251/2251/2251
f 2319/2319/2319 2255/2255/2255 2315/2315/2315
f 2319/2319/2319 2262/2262/2262 2255/2255/2255
f 2262/2262/2262 2260/2260/2260 2255/2255/2255
f 2262/2262/2262 2222/2222/2222 2260/2260/2260
f 2323/2323/2323 2262/2262/2262 2319/2319/2319
f 2323/2323/2323 2221/2221/2221 2262/2262/2262
f 2269/2269/2269 2264/2264/2264 2271/2271/2271
f 2269/2269/2269 2263/2263/2263 2264/2264/2264
f 2264/2264/2264 2257/2257/2257 2300/2300/2300
f 2264/2264/2264 2263/2263/2263 2257/2257/2257
f 2268/2268/2268 2276/2276/2276 2274/2274/2274
f 2268/2268/2268 2270/2270/2270 2276/2276/2276
f 2321/2321/2321 2225/2225/2225 2220/2220/2220
f 2321/2321/2321 2325/2325/2325 2225/2225/2225
f 2275/2275/2275 2283/2283/2283 2281/2281/2281
f 2275/2275/2275 2277/2277/2277 2283/2283/2283
f 2328/2328/2328 2281/2281/2281 2332/2332/2332
f 2328/2328/2328 2275/2275/2275 2281/2281/2281
f 2282/2282/2282 2288/2288/2288 2280/2280/2280
f 2282/2282/2282 2290/2290/2290 2288/2288/2288
f 2329/2329/2329 2241/2241/2241 2230/2230/2230
f 2329/2329/2329 2333/2333/2333 2241/2241/2241
f 2289/2289/2289 2293/2293/2293 2248/2248/2248
f 2289/2289/2289 2291/2291/2291 2293/2293/2293
f 2296/2296/2296 2292/2292/2292 2285/2285/2285
f 2296/2296/2296 2294/2294/2294 2292/2292/2292
f 2253/2253/2253 2295/2295/2295 2299/2299/2299
f 2253/2253/2253 2249/2249/2249 2295/2295/2295
f 2301/2301/2301 2286/2286/2286 2266/2266/2266
f 2301/2301/2301 2297/2297/2297 2286/2286/2286
f 2258/2258/2258 2298/2298/2298 2302/2302/2302
f 2258/2258/2258 2252/2252/2252 2298/2298/2298
f 2265/2265/2265 2278/2278/2278 2272/2272/2272
f 2265/2265/2265 2284/2284/2284 2278/2278/2278
f 2305/2305/2305 2237/2237/2237 2261/2261/2261
f 2305/2305/2305 2308/2308/2308 2237/2237/2237
f 2222/2222/2222 2304/2304/2304 2260/2260/2260
f 2222/2222/2222 2216/2216/2216 2304/2304/2304
f 2306/2306/2306 2215/2215/2215 2232/2232/2232
f 2306/2306/2306 2303/2303/2303 2215/2215/2215
f 2279/2279/2279 2334/2334/2334 2330/2330/2330
f 2279/2279/2279 2287/2287/2287 2334/2334/2334
f 2226/2226/2226 2331/2331/2331 2231/2231/2231
f 2226/2226/2226 2327/2327/2327 2331/2331/2331
f 2267/2267/2267 2326/2326/2326 2322/2322/2322
f 2267/2267/2267 2273/2273/2273 2326/2326/2326
f 2269/2269/2269 2320/2320/2320 2263/2263/2263
f 2269/2269/2269 2324/2324/2324 2320/2320/2320
f 2263/2263/2263 2316/2316/2316 2257/2257/2257
f 2263/2263/2263 2320/2320/2320 2316/2316/2316
f 2256/2256/2256 2313/2313/2313 2317/2317/2317
f 2256/2256/2256 2251/2251/2251 2313/2313/2313
f 2251/2251/2251 2311/2311/2311 2313/2313/2313
f 2251/2251/2251 2247/2247/2247 2311/2311/2311
f 2242/2242/2242 2309/2309/2309 2246/2246/2246
f 2242/2242/2242 2335/2335/2335 2309/2309/2309
f 2340/2340/2340 2346/2346/2346 2337/2337/2337
f 2340/2340/2340 2367/2367/2367 2346/2346/2346
f 2342/2342/2342 2349/2349/2349 2353/2353/2353
f 2342/2342/2342 2338/2338/2338 2349/2349/2349
f 2337/2337/2337 2346/2346/2346 2343/2343/2343
f 2339/2339/2339 2356/2356/2356 2350/2350/2350
f 2339/2339/2339 2345/2345/2345 2356/2356/2356
f 2351/2351/2351 2366/2366/2366 2354/2354/2354
f 2351/2351/2351 2360/2360/2360 2366/2366/2366
f 2357/2357/2357 2360/2360/2360 2351/2351/2351
f 2347/2347/2347 2361/2361/2361 2374/2374/2374
f 2347/2347/2347 2358/2358/2358 2361/2361/2361
f 2363/2363/2363 2360/2360/2360 2357/2357/2357
f 2369/2369/2369 2359/2359/2359 2348/2348/2348
f 2369/2369/2369 2365/2365/2365 2359/2359/2359
f 2352/2352/2352 2368/2368/2368 2341/2341/2341
f 2352/2352/2352 2364/2364/2364 2368/2368/2368
f 2384/2384/2384 2363/2363/2363 2357/2357/2357
f 2384/2384/2384 2372/2372/2372 2363/2363/2363
f 2375/2375/2375 2370/2370/2370 2377/2377/2377
f 2375/2375/2375 2362/2362/2362 2370/2370/2370
f 2343/2343/2343 2346/2346/2346 2373/2373/2373
f 2343/2343/2343 2376/2376/2376 2379/2379/2379
f 2343/2343/2343 2373/2373/2373 2376/2376/2376
f 2381/2381/2381 2371/2371/2371 2383/2383/2383
f 2381/2381/2381 2378/2378/2378 2371/2371/2371
f 2344/2344/2344 2382/2382/2382 2355/2355/2355
f 2344/2344/2344 2380/2380/2380 2382/2382/2382
f 2387/2387/2387 2397/2397/2397 2389/2389/2389
f 2387/2387/2387 2395/2395/2395 2397/2397/2397
f 2386/2386/2386 2406/2406/2406 2392/2392/2392
f 2386/2386/2386 2388/2388/2388 2406/2406/2406
f 2391/2391/2391 2394/2394/2394 2385/2385/2385
f 2391/2391/2391 2400/2400/2400 2394/2394/2394
f 2396/2396/2396 2404/2404/2404 2398/2398/2398
f 2396/2396/2396 2402/2402/2402 2404/2404/2404
f 2407/2407/2407 2401/2401/2401 2393/2393/2393
f 2407/2407/2407 2403/2403/2403 2401/2401/2401
f 2390/2390/2390 2405/2405/2405 2408/2408/2408
f 2390/2390/2390 2399/2399/2399 2405/2405/2405
f 2412/2412/2412 2418/2418/2418 2439/2439/2439
f 2412/2412/2412 2409/2409/2409 2418/2418/2418
f 2414/2414/2414 2421/2421/2421 2410/2410/2410
f 2414/2414/2414 2425/2425/2425 2421/2421/2421
f 2409/2409/2409 2415/2415/2415 2418/2418/2418
f 2411/2411/2411 2428/2428/2428 2417/2417/2417
f 2411/2411/2411 2422/2422/2422 2428/2428/2428
f 2423/2423/2423 2438/2438/2438 2432/2432/2432
f 2423/2423/2423 2426/2426/2426 2438/2438/2438
f 2429/2429/2429 2423/2423/2423 2432/2432/2432
f 2419/2419/2419 2433/2433/2433 2430/2430/2430
f 2419/2419/2419 2446/2446/2446 2433/2433/2433
f 2435/2435/2435 2429/2429/2429 2432/2432/2432
f 2441/2441/2441 2431/2431/2431 2437/2437/2437
f 2441/2441/2441 2420/2420/2420 2431/2431/2431
f 2424/2424/2424 2440/2440/2440 2436/2436/2436
f 2424/2424/2424 2413/2413/2413 2440/2440/2440
f 2456/2456/2456 2435/2435/2435 2444/2444/2444
f 2456/2456/2456 2429/2429/2429 2435/2435/2435
f 2447/2447/2447 2442/2442/2442 2434/2434/2434
f 2447/2447/2447 2449/2449/2449 2442/2442/2442
f 2415/2415/2415 2445/2445/2445 2418/2418/2418
f 2415/2415/2415 2448/2448/2448 2445/2445/2445
f 2415/2415/2415 2451/2451/2451 2448/2448/2448
f 2453/2453/2453 2443/2443/2443 2450/2450/2450
f 2453/2453/2453 2455/2455/2455 2443/2443/2443
f 2416/2416/2416 2454/2454/2454 2452/2452/2452
f 2416/2416/2416 2427/2427/2427 2454/2454/2454
f 2459/2459/2459 2469/2469/2469 2461/2461/2461
f 2459/2459/2459 2467/2467/2467 2469/2469/2469
f 2458/2458/2458 2478/2478/2478 2464/2464/2464
f 2458/2458/2458 2460/2460/2460 2478/2478/2478
f 2463/2463/2463 2466/2466/2466 2457/2457/2457
f 2463/2463/2463 2472/2472/2472 2466/2466/2466
f 2468/2468/2468 2476/2476/2476 2470/2470/2470
f 2468/2468/2468 2474/2474/2474 2476/2476/2476
f 2479/2479/2479 2473/2473/2473 2465/2465/2465
f 2479/2479/2479 2475/2475/2475 2473/2473/2473
f 2462/2462/2462 2477/2477/2477 2480/2480/2480
f 2462/2462/2462 2471/2471/2471 2477/2477/2477
f 2481/2481/2481 2489/2489/2489 2484/2484/2484
f 2492/2492/2492 2484/2484/2484 2500/2500/2500
f 2492/2492/2492 2481/2481/2481 2484/2484/2484
f 2491/2491/2491 2487/2487/2487 2537/2537/2537
f 2491/2491/2491 2482/2482/2482 2487/2487/2487
f 2494/2494/2494 2488/2488/2488 2483/2483/2483
f 2494/2494/2494 2496/2496/2496 2488/2488/2488
f 2499/2499/2499 2495/2495/2495 2493/2493/2493
f 2499/2499/2499 2584/2584/2584 2495/2495/2495
f 2492/2492/2492 2500/2500/2500 2497/2497/2497
f 2500/2500/2500 2527/2527/2527 2503/2503/2503
f 2500/2500/2500 2484/2484/2484 2527/2527/2527
f 2502/2502/2502 2511/2511/2511 2506/2506/2506
f 2502/2502/2502 2504/2504/2504 2511/2511/2511
f 2505/2505/2505 2498/2498/2498 2501/2501/2501
f 2505/2505/2505 2509/2509/2509 2498/2498/2498
f 2505/2505/2505 2513/2513/2513 2509/2509/2509
f 2517/2517/2517 2512/2512/2512 2524/2524/2524
f 2517/2517/2517 2507/2507/2507 2512/2512/2512
f 2515/2515/2515 2513/2513/2513 2505/2505/2505
f 2515/2515/2515 2518/2518/2518 2513/2513/2513
f 2521/2521/2521 2518/2518/2518 2515/2515/2515
f 2515/2515/2515 2490/2490/2490 2521/2521/2521
f 2515/2515/2515 2485/2485/2485 2490/2490/2490
f 2486/2486/2486 2523/2523/2523 2528/2528/2528
f 2486/2486/2486 2516/2516/2516 2523/2523/2523
f 2525/2525/2525 2528/2528/2528 2523/2523/2523
f 2525/2525/2525 2530/2530/2530 2528/2528/2528
f 2512/2512/2512 2526/2526/2526 2524/2524/2524
f 2512/2512/2512 2534/2534/2534 2526/2526/2526
f 2531/2531/2531 2527/2527/2527 2529/2529/2529
f 2531/2531/2531 2503/2503/2503 2527/2527/2527
f 2532/2532/2532 2525/2525/2525 2533/2533/2533
f 2532/2532/2532 2530/2530/2530 2525/2525/2525
f 2533/2533/2533 2504/2504/2504 2532/2532/2532
f 2533/2533/2533 2511/2511/2511 2504/2504/2504
f 2535/2535/2535 2538/2538/2538 2520/2520/2520
f 2535/2535/2535 2541/2541/2541 2538/2538/2538
f 2521/2521/2521 2490/2490/2490 2536/2536/2536
f 2522/2522/2522 2544/2544/2544 2519/2519/2519
f 2522/2522/2522 2540/2540/2540 2544/2544/2544
f 2539/2539/2539 2547/2547/2547 2545/2545/2545
f 2539/2539/2539 2542/2542/2542 2547/2547/2547
f 2551/2551/2551 2545/2545/2545 2547/2547/2547
f 2551/2551/2551 2549/2549/2549 2545/2545/2545
f 2519/2519/2519 2544/2544/2544 2548/2548/2548
f 2519/2519/2519 2555/2555/2555 2562/2562/2562
f 2519/2519/2519 2548/2548/2548 2555/2555/2555
f 2557/2557/2557 2549/2549/2549 2551/2551/2551
f 2557/2557/2557 2554/2554/2554 2549/2549/2549
f 2571/2571/2571 2553/2553/2553 2556/2556/2556
f 2571/2571/2571 2565/2565/2565 2553/2553/2553
f 2567/2567/2567 2552/2552/2552 2563/2563/2563
f 2567/2567/2567 2560/2560/2560 2552/2552/2552
f 2514/2514/2514 2566/2566/2566 2574/2574/2574
f 2514/2514/2514 2569/2569/2569 2566/2566/2566
f 2570/2570/2570 2575/2575/2575 2564/2564/2564
f 2570/2570/2570 2579/2579/2579 2575/2575/2575
f 2514/2514/2514 2574/2574/2574 2576/2576/2576
f 2579/2579/2579 2577/2577/2577 2575/2575/2575
f 2579/2579/2579 2581/2581/2581 2577/2577/2577
f 2584/2584/2584 2580/2580/2580 2578/2578/2578
f 2584/2584/2584 2593/2593/2593 2580/2580/2580
f 2585/2585/2585 2578/2578/2578 2572/2572/2572
f 2495/2495/2495 2578/2578/2578 2585/2585/2585
f 2495/2495/2495 2584/2584/2584 2578/2578/2578
f 2573/2573/2573 2590/2590/2590 2587/2587/2587
f 2573/2573/2573 2559/2559/2559 2590/2590/2590
f 2586/2586/2586 2488/2488/2488 2496/2496/2496
f 2586/2586/2586 2589/2589/2589 2488/2488/2488
f 2487/2487/2487 2550/2550/2550 2537/2537/2537
f 2487/2487/2487 2588/2588/2588 2550/2550/2550
f 2588/2588/2588 2558/2558/2558 2550/2550/2550
f 2582/2582/2582 2594/2594/2594 2591/2591/2591
f 2582/2582/2582 2508/2508/2508 2594/2594/2594
f 2509/2509/2509 2583/2583/2583 2498/2498/2498
f 2595/2595/2595 2581/2581/2581 2592/2592/2592
f 2595/2595/2595 2577/2577/2577 2581/2581/2581
f 2510/2510/2510 2576/2576/2576 2596/2596/2596
f 2510/2510/2510 2514/2514/2514 2576/2576/2576
f 2568/2568/2568 2518/2518/2518 2561/2561/2561
f 2568/2568/2568 2513/2513/2513 2518/2518/2518
f 2537/2537/2537 2546/2546/2546 2543/2543/2543
f 2537/2537/2537 2550/2550/2550 2546/2546/2546
f 2597/2597/2597 2605/2605/2605 2600/2600/2600
f 2608/2608/2608 2600/2600/2600 2616/2616/2616
f 2608/2608/2608 2597/2597/2597 2600/2600/2600
f 2607/2607/2607 2603/2603/2603 2653/2653/2653
f 2607/2607/2607 2598/2598/2598 2603/2603/2603
f 2610/2610/2610 2604/2604/2604 2599/2599/2599
f 2610/2610/2610 2612/2612/2612 2604/2604/2604
f 2615/2615/2615 2611/2611/2611 2609/2609/2609
f 2615/2615/2615 2700/2700/2700 2611/2611/2611
f 2608/2608/2608 2616/2616/2616 2613/2613/2613
f 2616/2616/2616 2643/2643/2643 2619/2619/2619
f 2616/2616/2616 2600/2600/2600 2643/2643/2643
f 2618/2618/2618 2627/2627/2627 2622/2622/2622
f 2618/2618/2618 2620/2620/2620 2627/2627/2627
f 2621/2621/2621 2614/2614/2614 2617/2617/2617
f 2621/2621/2621 2625/2625/2625 2614/2614/2614
f 2621/2621/2621 2629/2629/2629 2625/2625/2625
f 2633/2633/2633 2628/2628/2628 2640/2640/2640
f 2633/2633/2633 2623/2623/2623 2628/2628/2628
f 2631/2631/2631 2629/2629/2629 2621/2621/2621
f 2631/2631/2631 2634/2634/2634 2629/2629/2629
f 2637/2637/2637 2634/2634/2634 2631/2631/2631
f 2631/2631/2631 2606/2606/2606 2637/2637/2637
f 2631/2631/2631 2601/2601/2601 2606/2606/2606
f 2602/2602/2602 2639/2639/2639 2644/2644/2644
f 2602/2602/2602 2632/2632/2632 2639/2639/2639
f 2641/2641/2641 2644/2644/2644 2639/2639/2639
f 2641/2641/2641 2646/2646/2646 2644/2644/2644
f 2628/2628/2628 2642/2642/2642 2640/2640/2640
f 2628/2628/2628 2650/2650/2650 2642/2642/2642
f 2647/2647/2647 2643/2643/2643 2645/2645/2645
f 2647/2647/2647 2619/2619/2619 2643/2643/2643
f 2648/2648/2648 2641/2641/2641 2649/2649/2649
f 2648/2648/2648 2646/2646/2646 2641/2641/2641
f 2649/2649/2649 2620/2620/2620 2648/2648/2648
f 2649/2649/2649 2627/2627/2627 2620/2620/2620
f 2651/2651/2651 2654/2654/2654 2636/2636/2636
f 2651/2651/2651 2657/2657/2657 2654/2654/2654
f 2637/2637/2637 2606/2606/2606 2652/2652/2652
f 2638/2638/2638 2660/2660/2660 2635/2635/2635
f 2638/2638/2638 2656/2656/2656 2660/2660/2660
f 2655/2655/2655 2663/2663/2663 2661/2661/2661
f 2655/2655/2655 2658/2658/2658 2663/2663/2663
f 2667/2667/2667 2661/2661/2661 2663/2663/2663
f 2667/2667/2667 2665/2665/2665 2661/2661/2661
f 2635/2635/2635 2660/2660/2660 2664/2664/2664
f 2635/2635/2635 2671/2671/2671 2678/2678/2678
f 2635/2635/2635 2664/2664/2664 2671/2671/2671
f 2673/2673/2673 2665/2665/2665 2667/2667/2667
f 2673/2673/2673 2670/2670/2670 2665/2665/2665
f 2686/2686/2686 2669/2669/2669 2672/2672/2672
f 2686/2686/2686 2680/2680/2680 2669/2669/2669
f 2683/2683/2683 2668/2668/2668 2679/2679/2679
f 2683/2683/2683 2676/2676/2676 2668/2668/2668
f 2630/2630/2630 2682/2682/2682 2690/2690/2690
f 2630/2630/2630 2685/2685/2685 2682/2682/2682
f 2687/2687/2687 2691/2691/2691 2681/2681/2681
f 2687/2687/2687 2695/2695/2695 2691/2691/2691
f 2630/2630/2630 2690/2690/2690 2692/2692/2692
f 2695/2695/2695 2693/2693/2693 2691/2691/2691
f 2695/2695/2695 2697/2697/2697 2693/2693/2693
f 2700/2700/2700 2696/2696/2696 2694/2694/2694
f 2700/2700/2700 2709/2709/2709 2696/2696/2696
f 2701/2701/2701 2694/2694/2694 2688/2688/2688
f 2611/2611/2611 2694/2694/2694 2701/2701/2701
f 2611/2611/2611 2700/2700/2700 2694/2694/2694
f 2689/2689/2689 2706/2706/2706 2703/2703/2703
f 2689/2689/2689 2675/2675/2675 2706/2706/2706
f 2702/2702/2702 2604/2604/2604 2612/2612/2612
f 2702/2702/2702 2705/2705/2705 2604/2604/2604
f 2603/2603/2603 2666/2666/2666 2653/2653/2653
f 2603/2603/2603 2704/2704/2704 2666/2666/2666
f 2704/2704/2704 2674/2674/2674 2666/2666/2666
f 2698/2698/2698 2710/2710/2710 2707/2707/2707
f 2698/2698/2698 2624/2624/2624 2710/2710/2710
f 2625/2625/2625 2699/2699/2699 2614/2614/2614
f 2711/2711/2711 2697/2697/2697 2708/2708/2708
f 2711/2711/2711 2693/2693/2693 2697/2697/2697
f 2626/2626/2626 2692/2692/2692 2712/2712/2712
f 2626/2626/2626 2630/2630/2630 2692/2692/2692
f 2684/2684/2684 2634/2634/2634 2677/2677/2677
f 2684/2684/2684 2629/2629/2629 2634/2634/2634
f 2653/2653/2653 2662/2662/2662 2659/2659/2659
f 2653/2653/2653 2666/2666/2666 2662/2662/2662
f 2713/2713/2713 2721/2721/2721 2716/2716/2716
f 2724/2724/2724 2716/2716/2716 2732/2732/2732
f 2724/2724/2724 2713/2713/2713 2716/2716/2716
f 2723/2723/2723 2719/2719/2719 2769/2769/2769
f 2723/2723/2723 2714/2714/2714 2719/2719/2719
f 2726/2726/2726 2720/2720/2720 2715/2715/2715
f 2726/2726/2726 2728/2728/2728 2720/2720/2720
f 2731/2731/2731 2727/2727/2727 2725/2725/2725
f 2731/2731/2731 2816/2816/2816 2727/2727/2727
f 2724/2724/2724 2732/2732/2732 2729/2729/2729
f 2732/2732/2732 2759/2759/2759 2735/2735/2735
f 2732/2732/2732 2716/2716/2716 2759/2759/2759
f 2734/2734/2734 2743/2743/2743 2738/2738/2738
f 2734/2734/2734 2736/2736/2736 2743/2743/2743
f 2737/2737/2737 2730/2730/2730 2733/2733/2733
f 2737/2737/2737 2741/2741/2741 2730/2730/2730
f 2737/2737/2737 2745/2745/2745 2741/2741/2741
f 2749/2749/2749 2744/2744/2744 2756/2756/2756
f 2749/2749/2749 2739/2739/2739 2744/2744/2744
f 2747/2747/2747 2745/2745/2745 2737/2737/2737
f 2747/2747/2747 2750/2750/2750 2745/2745/2745
f 2753/2753/2753 2750/2750/2750 2747/2747/2747
f 2747/2747/2747 2722/2722/2722 2753/2753/2753
f 2747/2747/2747 2717/2717/2717 2722/2722/2722
f 2718/2718/2718 2755/2755/2755 2760/2760/2760
f 2718/2718/2718 2748/2748/2748 2755/2755/2755
f 2757/2757/2757 2760/2760/2760 2755/2755/2755
f 2757/2757/2757 2762/2762/2762 2760/2760/2760
f 2744/2744/2744 2758/2758/2758 2756/2756/2756
f 2744/2744/2744 2766/2766/2766 2758/2758/2758
f 2763/2763/2763 2759/2759/2759 2761/2761/2761
f 2763/2763/2763 2735/2735/2735 2759/2759/2759
f 2764/2764/2764 2757/2757/2757 2765/2765/2765
f 2764/2764/2764 2762/2762/2762 2757/2757/2757
f 2765/2765/2765 2736/2736/2736 2764/2764/2764
f 2765/2765/2765 2743/2743/2743 2736/2736/2736
f 2767/2767/2767 2770/2770/2770 2752/2752/2752
f 2767/2767/2767 2773/2773/2773 2770/2770/2770
f 2753/2753/2753 2722/2722/2722 2768/2768/2768
f 2754/2754/2754 2776/2776/2776 2751/2751/2751
f 2754/2754/2754 2772/2772/2772 2776/2776/2776
f 2771/2771/2771 2779/2779/2779 2777/2777/2777
f 2771/2771/2771 2774/2774/2774 2779/2779/2779
f 2783/2783/2783 2777/2777/2777 2779/2779/2779
f 2783/2783/2783 2781/2781/2781 2777/2777/2777
f 2751/2751/2751 2776/2776/2776 2780/2780/2780
f 2751/2751/2751 2787/2787/2787 2794/2794/2794
f 2751/2751/2751 2780/2780/2780 2787/2787/2787
f 2788/2788/2788 2781/2781/2781 2783/2783/2783
f 2788/2788/2788 2785/2785/2785 2781/2781/2781
f 2803/2803/2803 2786/2786/2786 2789/2789/2789
f 2803/2803/2803 2797/2797/2797 2786/2786/2786
f 2799/2799/2799 2784/2784/2784 2795/2795/2795
f 2799/2799/2799 2792/2792/2792 2784/2784/2784
f 2746/2746/2746 2798/2798/2798 2806/2806/2806
f 2746/2746/2746 2801/2801/2801 2798/2798/2798
f 2802/2802/2802 2807/2807/2807 2796/2796/2796
f 2802/2802/2802 2811/2811/2811 2807/2807/2807
f 2746/2746/2746 2806/2806/2806 2808/2808/2808
f 2811/2811/2811 2809/2809/2809 2807/2807/2807
f 2811/2811/2811 2813/2813/2813 2809/2809/2809
f 2816/2816/2816 2812/2812/2812 2810/2810/2810
f 2816/2816/2816 2825/2825/2825 2812/2812/2812
f 2817/2817/2817 2810/2810/2810 2804/2804/2804
f 2727/2727/2727 2810/2810/2810 2817/2817/2817
f 2727/2727/2727 2816/2816/2816 2810/2810/2810
f 2805/2805/2805 2822/2822/2822 2819/2819/2819
f 2805/2805/2805 2791/2791/2791 2822/2822/2822
f 2818/2818/2818 2720/2720/2720 2728/2728/2728
f 2818/2818/2818 2821/2821/2821 2720/2720/2720
f 2719/2719/2719 2782/2782/2782 2769/2769/2769
f 2719/2719/2719 2820/2820/2820 2782/2782/2782
f 2820/2820/2820 2790/2790/2790 2782/2782/2782
f 2814/2814/2814 2826/2826/2826 2823/2823/2823
f 2814/2814/2814 2740/2740/2740 2826/2826/2826
f 2741/2741/2741 2815/2815/2815 2730/2730/2730
f 2827/2827/2827 2813/2813/2813 2824/2824/2824
f 2827/2827/2827 2809/2809/2809 2813/2813/2813
f 2742/2742/2742 2808/2808/2808 2828/2828/2828
f 2742/2742/2742 2746/2746/2746 2808/2808/2808
f 2800/2800/2800 2750/2750/2750 2793/2793/2793
f 2800/2800/2800 2745/2745/2745 2750/2750/2750
f 2769/2769/2769 2778/2778/2778 2775/2775/2775
f 2769/2769/2769 2782/2782/2782 2778/2778/2778
f 2829/2829/2829 2837/2837/2837 2832/2832/2832
f 2840/2840/2840 2832/2832/2832 2848/2848/2848
f 2840/2840/2840 2829/2829/2829 2832/2832/2832
f 2839/2839/2839 2835/2835/2835 2885/2885/2885
f 2839/2839/2839 2830/2830/2830 2835/2835/2835
f 2842/2842/2842 2836/2836/2836 2831/2831/2831
f 2842/2842/2842 2844/2844/2844 2836/2836/2836
f 2847/2847/2847 2843/2843/2843 2841/2841/2841
f 2847/2847/2847 2932/2932/2932 2843/2843/2843
f 2840/2840/2840 2848/2848/2848 2845/2845/2845
f 2848/2848/2848 2875/2875/2875 2851/2851/2851
f 2848/2848/2848 2832/2832/2832 2875/2875/2875
f 2850/2850/2850 2859/2859/2859 2854/2854/2854
f 2850/2850/2850 2852/2852/2852 2859/2859/2859
f 2853/2853/2853 2846/2846/2846 2849/2849/2849
f 2853/2853/2853 2857/2857/2857 2846/2846/2846
f 2853/2853/2853 2861/2861/2861 2857/2857/2857
f 2865/2865/2865 2860/2860/2860 2872/2872/2872
f 2865/2865/2865 2855/2855/2855 2860/2860/2860
f 2863/2863/2863 2861/2861/2861 2853/2853/2853
f 2863/2863/2863 2866/2866/2866 2861/2861/2861
f 2869/2869/2869 2866/2866/2866 2863/2863/2863
f 2863/2863/2863 2838/2838/2838 2869/2869/2869
f 2863/2863/2863 2833/2833/2833 2838/2838/2838
f 2834/2834/2834 2871/2871/2871 2876/2876/2876
f 2834/2834/2834 2864/2864/2864 2871/2871/2871
f 2873/2873/2873 2876/2876/2876 2871/2871/2871
f 2873/2873/2873 2878/2878/2878 2876/2876/2876
f 2860/2860/2860 2874/2874/2874 2872/2872/2872
f 2860/2860/2860 2882/2882/2882 2874/2874/2874
f 2879/2879/2879 2875/2875/2875 2877/2877/2877
f 2879/2879/2879 2851/2851/2851 2875/2875/2875
f 2880/2880/2880 2873/2873/2873 2881/2881/2881
f 2880/2880/2880 2878/2878/2878 2873/2873/2873
f 2881/2881/2881 2852/2852/2852 2880/2880/2880
f 2881/2881/2881 2859/2859/2859 2852/2852/2852
f 2883/2883/2883 2886/2886/2886 2868/2868/2868
f 2883/2883/2883 2889/2889/2889 2886/2886/2886
f 2869/2869/2869 2838/2838/2838 2884/2884/2884
f 2870/2870/2870 2892/2892/2892 2867/2867/2867
f 2870/2870/2870 2888/2888/2888 2892/2892/2892
f 2887/2887/2887 2895/2895/2895 2893/2893/2893
f 2887/2887/2887 2890/2890/2890 2895/2895/2895
f 2899/2899/2899 2893/2893/2893 2895/2895/2895
f 2899/2899/2899 2897/2897/2897 2893/2893/2893
f 2867/2867/2867 2892/2892/2892 2896/2896/2896
f 2867/2867/2867 2903/2903/2903 2910/2910/2910
f 2867/2867/2867 2896/2896/2896 2903/2903/2903
f 2904/2904/2904 2897/2897/2897 2899/2899/2899
f 2904/2904/2904 2901/2901/2901 2897/2897/2897
f 2918/2918/2918 2902/2902/2902 2905/2905/2905
f 2918/2918/2918 2912/2912/2912 2902/2902/2902
f 2915/2915/2915 2900/2900/2900 2911/2911/2911
f 2915/2915/2915 2908/2908/2908 2900/2900/2900
f 2862/2862/2862 2914/2914/2914 2922/2922/2922
f 2862/2862/2862 2917/2917/2917 2914/2914/2914
f 2919/2919/2919 2923/2923/2923 2913/2913/2913
f 2919/2919/2919 2927/2927/2927 2923/2923/2923
f 2862/2862/2862 2922/2922/2922 2924/2924/2924
f 2927/2927/2927 2925/2925/2925 2923/2923/2923
f 2927/2927/2927 2929/2929/2929 2925/2925/2925
f 2932/2932/2932 2928/2928/2928 2926/2926/2926
f 2932/2932/2932 2941/2941/2941 2928/2928/2928
f 2933/2933/2933 2926/2926/2926 2920/2920/2920
f 2843/2843/2843 2926/2926/2926 2933/2933/2933
f 2843/2843/2843 2932/2932/2932 2926/2926/2926
f 2921/2921/2921 2938/2938/2938 2935/2935/2935
f 2921/2921/2921 2907/2907/2907 2938/2938/2938
f 2934/2934/2934 2836/2836/2836 2844/2844/2844
f 2934/2934/2934 2937/2937/2937 2836/2836/2836
f 2835/2835/2835 2898/2898/2898 2885/2885/2885
f 2835/2835/2835 2936/2936/2936 2898/2898/2898
f 2936/2936/2936 2906/2906/2906 2898/2898/2898
f 2930/2930/2930 2942/2942/2942 2939/2939/2939
f 2930/2930/2930 2856/2856/2856 2942/2942/2942
f 2857/2857/2857 2931/2931/2931 2846/2846/2846
f 2943/2943/2943 2929/2929/2929 2940/2940/2940
f 2943/2943/2943 2925/2925/2925 2929/2929/2929
f 2858/2858/2858 2924/2924/2924 2944/2944/2944
f 2858/2858/2858 2862/2862/2862 2924/2924/2924
f 2916/2916/2916 2866/2866/2866 2909/2909/2909
f 2916/2916/2916 2861/2861/2861 2866/2866/2866
f 2885/2885/2885 2894/2894/2894 2891/2891/2891
f 2885/2885/2885 2898/2898/2898 2894/2894/2894
f 2945/2945/2945 2953/2953/2953 2948/2948/2948
f 2956/2956/2956 2948/2948/2948 2964/2964/2964
f 2956/2956/2956 2945/2945/2945 2948/2948/2948
f 2955/2955/2955 2951/2951/2951 3001/3001/3001
f 2955/2955/2955 2946/2946/2946 2951/2951/2951
f 2958/2958/2958 2952/2952/2952 2947/2947/2947
f 2958/2958/2958 2960/2960/2960 2952/2952/2952
f 2963/2963/2963 2959/2959/2959 2957/2957/2957
f 2963/2963/2963 3048/3048/3048 2959/2959/2959
f 2956/2956/2956 2964/2964/2964 2961/2961/2961
f 2964/2964/2964 2991/2991/2991 2967/2967/2967
f 2964/2964/2964 2948/2948/2948 2991/2991/2991
f 2966/2966/2966 2975/2975/2975 2970/2970/2970
f 2966/2966/2966 2968/2968/2968 2975/2975/2975
f 2969/2969/2969 2962/2962/2962 2965/2965/2965
f 2969/2969/2969 2973/2973/2973 2962/2962/2962
f 2969/2969/2969 2977/2977/2977 2973/2973/2973
f 2981/2981/2981 2976/2976/2976 2988/2988/2988
f 2981/2981/2981 2971/2971/2971 2976/2976/2976
f 2979/2979/2979 2977/2977/2977 2969/2969/2969
f 2979/2979/2979 2982/2982/2982 2977/2977/2977
f 2985/2985/2985 2982/2982/2982 2979/2979/2979
f 2979/2979/2979 2954/2954/2954 2985/2985/2985
f 2979/2979/2979 2949/2949/2949 2954/2954/2954
f 2950/2950/2950 2987/2987/2987 2992/2992/2992
f 2950/2950/2950 2980/2980/2980 2987/2987/2987
f 2989/2989/2989 2992/2992/2992 2987/2987/2987
f 2989/2989/2989 2994/2994/2994 2992/2992/2992
f 2976/2976/2976 2990/2990/2990 2988/2988/2988
f 2976/2976/2976 2998/2998/2998 2990/2990/2990
f 2995/2995/2995 2991/2991/2991 2993/2993/2993
f 2995/2995/2995 2967/2967/2967 2991/2991/2991
f 2996/2996/2996 2989/2989/2989 2997/2997/2997
f 2996/2996/2996 2994/2994/2994 2989/2989/2989
f 2997/2997/2997 2968/2968/2968 2996/2996/2996
f 2997/2997/2997 2975/2975/2975 2968/2968/2968
f 2999/2999/2999 3002/3002/3002 2984/2984/2984
f 2999/2999/2999 3005/3005/3005 3002/3002/3002
f 2985/2985/2985 2954/2954/2954 3000/3000/3000
f 2986/2986/2986 3008/3008/3008 2983/2983/2983
f 2986/2986/2986 3004/3004/3004 3008/3008/3008
f 3003/3003/3003 3011/3011/3011 3009/3009/3009
f 3003/3003/3003 3006/3006/3006 3011/3011/3011
f 3015/3015/3015 3009/3009/3009 3011/3011/3011
f 3015/3015/3015 3013/3013/3013 3009/3009/3009
f 2983/2983/2983 3008/3008/3008 3012/3012/3012
f 2983/2983/2983 3019/3019/3019 3026/3026/3026
f 2983/2983/2983 3012/3012/3012 3019/3019/3019
f 3021/3021/3021 3013/3013/3013 3015/3015/3015
f 3021/3021/3021 3018/3018/3018 3013/3013/3013
f 3035/3035/3035 3017/3017/3017 3020/3020/3020
f 3035/3035/3035 3029/3029/3029 3017/3017/3017
f 3031/3031/3031 3016/3016/3016 3027/3027/3027
f 3031/3031/3031 3024/3024/3024 3016/3016/3016
f 2978/2978/2978 3030/3030/3030 3038/3038/3038
f 2978/2978/2978 3033/3033/3033 3030/3030/3030
f 3034/3034/3034 3039/3039/3039 3028/3028/3028
f 3034/3034/3034 3043/3043/3043 3039/3039/3039
f 2978/2978/2978 3038/3038/3038 3040/3040/3040
f 3043/3043/3043 3041/3041/3041 3039/3039/3039
f 3043/3043/3043 3045/3045/3045 3041/3041/3041
f 3048/3048/3048 3044/3044/3044 3042/3042/3042
f 3048/3048/3048 3057/3057/3057 3044/3044/3044
f 3049/3049/3049 3042/3042/3042 3036/3036/3036
f 2959/2959/2959 3042/3042/3042 3049/3049/3049
f 2959/2959/2959 3048/3048/3048 3042/3042/3042
f 3037/3037/3037 3054/3054/3054 3051/3051/3051
f 3037/3037/3037 3023/3023/3023 3054/3054/3054
f 3050/3050/3050 2952/2952/2952 2960/2960/2960
f 3050/3050/3050 3053/3053/3053 2952/2952/2952
f 2951/2951/2951 3014/3014/3014 3001/3001/3001
f 2951/2951/2951 3052/3052/3052 3014/3014/3014
f 3052/3052/3052 3022/3022/3022 3014/3014/3014
f 3046/3046/3046 3058/3058/3058 3055/3055/3055
f 3046/3046/3046 2972/2972/2972 3058/3058/3058
f 2973/2973/2973 3047/3047/3047 2962/2962/2962
f 3059/3059/3059 3045/3045/3045 3056/3056/3056
f 3059/3059/3059 3041/3041/3041 3045/3045/3045
f 2974/2974/2974 3040/3040/3040 3060/3060/3060
f 2974/2974/2974 2978/2978/2978 3040/3040/3040
f 3032/3032/3032 2982/2982/2982 3025/3025/3025
f 3032/3032/3032 2977/2977/2977 2982/2982/2982
f 3001/3001/3001 3010/3010/3010 3007/3007/3007
f 3001/3001/3001 3014/3014/3014 3010/3010/3010
f 3061/3061/3061 3069/3069/3069 3064/3064/3064
f 3072/3072/3072 3064/3064/3064 3080/3080/3080
f 3072/3072/3072 3061/3061/3061 3064/3064/3064
f 3071/3071/3071 3067/3067/3067 3117/3117/3117
f 3071/3071/3071 3062/3062/3062 3067/3067/3067
f 3074/3074/3074 3068/3068/3068 3063/3063/3063
f 3074/3074/3074 3076/3076/3076 3068/3068/3068
f 3079/3079/3079 3075/3075/3075 3073/3073/3073
f 3079/3079/3079 3164/3164/3164 3075/3075/3075
f 3072/3072/3072 3080/3080/3080 3077/3077/3077
f 3080/3080/3080 3107/3107/3107 3083/3083/3083
f 3080/3080/3080 3064/3064/3064 3107/3107/3107
f 3082/3082/3082 3091/3091/3091 3086/3086/3086
f 3082/3082/3082 3084/3084/3084 3091/3091/3091
f 3085/3085/3085 3078/3078/3078 3081/3081/3081
f 3085/3085/3085 3089/3089/3089 3078/3078/3078
f 3085/3085/3085 3093/3093/3093 3089/3089/3089
f 3097/3097/3097 3092/3092/3092 3104/3104/3104
f 3097/3097/3097 3087/3087/3087 3092/3092/3092
f 3095/3095/3095 3093/3093/3093 3085/3085/3085
f 3095/3095/3095 3098/3098/3098 3093/3093/3093
f 3101/3101/3101 3098/3098/3098 3095/3095/3095
f 3095/3095/3095 3070/3070/3070 3101/3101/3101
f 3095/3095/3095 3065/3065/3065 3070/3070/3070
f 3066/3066/3066 3103/3103/3103 3108/3108/3108
f 3066/3066/3066 3096/3096/3096 3103/3103/3103
f 3105/3105/3105 3108/3108/3108 3103/3103/3103
f 3105/3105/3105 3110/3110/3110 3108/3108/3108
f 3092/3092/3092 3106/3106/3106 3104/3104/3104
f 3092/3092/3092 3114/3114/3114 3106/3106/3106
f 3111/3111/3111 3107/3107/3107 3109/3109/3109
f 3111/3111/3111 3083/3083/3083 3107/3107/3107
f 3112/3112/3112 3105/3105/3105 3113/3113/3113
f 3112/3112/3112 3110/3110/3110 3105/3105/3105
f 3113/3113/3113 3084/3084/3084 3112/3112/3112
f 3113/3113/3113 3091/3091/3091 3084/3084/3084
f 3115/3115/3115 3118/3118/3118 3100/3100/3100
f 3115/3115/3115 3121/3121/3121 3118/3118/3118
f 3101/3101/3101 3070/3070/3070 3116/3116/3116
f 3102/3102/3102 3124/3124/3124 3099/3099/3099
f 3102/3102/3102 3120/3120/3120 3124/3124/3124
f 3119/3119/3119 3127/3127/3127 3125/3125/3125
f 3119/3119/3119 3122/3122/3122 3127/3127/3127
f 3131/3131/3131 3125/3125/3125 3127/3127/3127
f 3131/3131/3131 3129/3129/3129 3125/3125/3125
f 3099/3099/3099 3124/3124/3124 3128/3128/3128
f 3099/3099/3099 3135/3135/3135 3142/3142/3142
f 3099/3099/3099 3128/3128/3128 3135/3135/3135
f 3136/3136/3136 3129/3129/3129 3131/3131/3131
f 3136/3136/3136 3133/3133/3133 3129/3129/3129
f 3151/3151/3151 3134/3134/3134 3137/3137/3137
f 3151/3151/3151 3145/3145/3145 3134/3134/3134
f 3147/3147/3147 3132/3132/3132 3143/3143/3143
f 3147/3147/3147 3140/3140/3140 3132/3132/3132
f 3094/3094/3094 3146/3146/3146 3154/3154/3154
f 3094/3094/3094 3149/3149/3149 3146/3146/3146
f 3150/3150/3150 3155/3155/3155 3144/3144/3144
f 3150/3150/3150 3159/3159/3159 3155/3155/3155
f 3094/3094/3094 3154/3154/3154 3156/3156/3156
f 3159/3159/3159 3157/3157/3157 3155/3155/3155
f 3159/3159/3159 3161/3161/3161 3157/3157/3157
f 3164/3164/3164 3160/3160/3160 3158/3158/3158
f 3164/3164/3164 3173/3173/3173 3160/3160/3160
f 3165/3165/3165 3158/3158/3158 3152/3152/3152
f 3075/3075/3075 3158/3158/3158 3165/3165/3165
f 3075/3075/3075 3164/3164/3164 3158/3158/3158
f 3153/3153/3153 3170/3170/3170 3167/3167/3167
f 3153/3153/3153 3139/3139/3139 3170/3170/3170
f 3166/3166/3166 3068/3068/3068 3076/3076/3076
f 3166/3166/3166 3169/3169/3169 3068/3068/3068
f 3067/3067/3067 3130/3130/3130 3117/3117/3117
f 3067/3067/3067 3168/3168/3168 3130/3130/3130
f 3168/3168/3168 3138/3138/3138 3130/3130/3130
f 3162/3162/3162 3174/3174/3174 3171/3171/3171
f 3162/3162/3162 3088/3088/3088 3174/3174/3174
f 3089/3089/3089 3163/3163/3163 3078/3078/3078
f 3175/3175/3175 3161/3161/3161 3172/3172/3172
f 3175/3175/3175 3157/3157/3157 3161/3161/3161
f 3090/3090/3090 3156/3156/3156 3176/3176/3176
f 3090/3090/3090 3094/3094/3094 3156/3156/3156
f 3148/3148/3148 3098/3098/3098 3141/3141/3141
f 3148/3148/3148 3093/3093/3093 3098/3098/3098
f 3117/3117/3117 3126/3126/3126 3123/3123/3123
f 3117/3117/3117 3130/3130/3130 3126/3126/3126
f 3177/3177/3177 3185/3185/3185 3180/3180/3180
f 3188/3188/3188 3180/3180/3180 3196/3196/3196
f 3188/3188/3188 3177/3177/3177 3180/3180/3180
f 3187/3187/3187 3183/3183/3183 3233/3233/3233
f 3187/3187/3187 3178/3178/3178 3183/3183/3183
f 3190/3190/3190 3184/3184/3184 3179/3179/3179
f 3190/3190/3190 3192/3192/3192 3184/3184/3184
f 3195/3195/3195 3191/3191/3191 3189/3189/3189
f 3195/3195/3195 3280/3280/3280 3191/3191/3191
f 3188/3188/3188 3196/3196/3196 3193/3193/3193
f 3196/3196/3196 3223/3223/3223 3199/3199/3199
f 3196/3196/3196 3180/3180/3180 3223/3223/3223
f 3198/3198/3198 3207/3207/3207 3202/3202/3202
f 3198/3198/3198 3200/3200/3200 3207/3207/3207
f 3201/3201/3201 3194/3194/3194 3197/3197/3197
f 3201/3201/3201 3205/3205/3205 3194/3194/3194
f 3201/3201/3201 3209/3209/3209 3205/3205/3205
f 3213/3213/3213 3208/3208/3208 3220/3220/3220
f 3213/3213/3213 3203/3203/3203 3208/3208/3208
f 3211/3211/3211 3209/3209/3209 3201/3201/3201
f 3211/3211/3211 3214/3214/3214 3209/3209/3209
f 3217/3217/3217 3214/3214/3214 3211/3211/3211
f 3211/3211/3211 3186/3186/3186 3217/3217/3217
f 3211/3211/3211 3181/3181/3181 3186/3186/3186
f 3182/3182/3182 3219/3219/3219 3224/3224/3224
f 3182/3182/3182 3212/3212/3212 3219/3219/3219
f 3221/3221/3221 3224/3224/3224 3219/3219/3219
f 3221/3221/3221 3226/3226/3226 3224/3224/3224
f 3208/3208/3208 3222/3222/3222 3220/3220/3220
f 3208/3208/3208 3230/3230/3230 3222/3222/3222
f 3227/3227/3227 3223/3223/3223 3225/3225/3225
f 3227/3227/3227 3199/3199/3199 3223/3223/3223
f 3228/3228/3228 3221/3221/3221 3229/3229/3229
f 3228/3228/3228 3226/3226/3226 3221/3221/3221
f 3229/3229/3229 3200/3200/3200 3228/3228/3228
f 3229/3229/3229 3207/3207/3207 3200/3200/3200
f 3231/3231/3231 3234/3234/3234 3216/3216/3216
f 3231/3231/3231 3237/3237/3237 3234/3234/3234
f 3217/3217/3217 3186/3186/3186 3232/3232/3232
f 3218/3218/3218 3240/3240/3240 3215/3215/3215
f 3218/3218/3218 3236/3236/3236 3240/3240/3240
f 3235/3235/3235 3243/3243/3243 3241/3241/3241
f 3235/3235/3235 3238/3238/3238 3243/3243/3243
f 3247/3247/3247 3241/3241/3241 3243/3243/3243
f 3247/3247/3247 3245/3245/3245 3241/3241/3241
f 3215/3215/3215 3240/3240/3240 3244/3244/3244
f 3215/3215/3215 3251/3251/3251 3258/3258/3258
f 3215/3215/3215 3244/3244/3244 3251/3251/3251
f 3252/3252/3252 3245/3245/3245 3247/3247/3247
f 3252/3252/3252 3249/3249/3249 3245/3245/3245
f 3266/3266/3266 3250/3250/3250 3253/3253/3253
f 3266/3266/3266 3260/3260/3260 3250/3250/3250
f 3263/3263/3263 3248/3248/3248 3259/3259/3259
f 3263/3263/3263 3256/3256/3256 3248/3248/3248
f 3210/3210/3210 3262/3262/3262 3270/3270/3270
f 3210/3210/3210 3265/3265/3265 3262/3262/3262
f 3267/3267/3267 3271/3271/3271 3261/3261/3261
f 3267/3267/3267 3275/3275/3275 3271/3271/3271
f 3210/3210/3210 3270/3270/3270 3272/3272/3272
f 3275/3275/3275 3273/3273/3273 3271/3271/3271
f 3275/3275/3275 3277/3277/3277 3273/3273/3273
f 3280/3280/3280 3276/3276/3276 3274/3274/3274
f 3280/3280/3280 3289/3289/3289 3276/3276/3276
f 3281/3281/3281 3274/3274/3274 3268/3268/3268
f 3191/3191/3191 3274/3274/3274 3281/3281/3281
f 3191/3191/3191 3280/3280/3280 3274/3274/3274
f 3269/3269/3269 3286/3286/3286 3283/3283/3283
f 3269/3269/3269 3255/3255/3255 3286/3286/3286
f 3282/3282/3282 3184/3184/3184 3192/3192/3192
f 3282/3282/3282 3285/3285/3285 3184/3184/3184
f 3183/3183/3183 3246/3246/3246 3233/3233/3233
f 3183/3183/3183 3284/3284/3284 3246/3246/3246
f 3284/3284/3284 3254/3254/3254 3246/3246/3246
f 3278/3278/3278 3290/3290/3290 3287/3287/3287
f 3278/3278/3278 3204/3204/3204 3290/3290/3290
f 3205/3205/3205 3279/3279/3279 3194/3194/3194
f 3291/3291/3291 3277/3277/3277 3288/3288/3288
f 3291/3291/3291 3273/3273/3273 3277/3277/3277
f 3206/3206/3206 3272/3272/3272 3292/3292/3292
f 3206/3206/3206 3210/3210/3210 3272/3272/3272
f 3264/3264/3264 3214/3214/3214 3257/3257/3257
f 3264/3264/3264 3209/3209/3209 3214/3214/3214
f 3233/3233/3233 3242/3242/3242 3239/3239/3239
f 3233/3233/3233 3246/3246/3246 3242/3242/3242
f 3293/3293/3293 3301/3301/3301 3296/3296/3296
f 3304/3304/3304 3296/3296/3296 3312/3312/3312
f 3304/3304/3304 3293/3293/3293 3296/3296/3296
f 3303/3303/3303 3299/3299/3299 3349/3349/3349
f 3303/3303/3303 3294/3294/3294 3299/3299/3299
f 3306/3306/3306 3300/3300/3300 3295/3295/3295
f 3306/3306/3306 3308/3308/3308 3300/3300/3300
f 3311/3311/3311 3307/3307/3307 3305/3305/3305
f 3311/3311/3311 3396/3396/3396 3307/3307/3307
f 3304/3304/3304 3312/3312/3312 3309/3309/3309
f 3312/3312/3312 3339/3339/3339 3315/3315/3315
f 3312/3312/3312 3296/3296/3296 3339/3339/3339
f 3314/3314/3314 3323/3323/3323 3318/3318/3318
f 3314/3314/3314 3316/3316/3316 3323/3323/3323
f 3317/3317/3317 3310/3310/3310 3313/3313/3313
f 3317/3317/3317 3321/3321/3321 3310/3310/3310
f 3317/3317/3317 3325/3325/3325 3321/3321/3321
f 3329/3329/3329 3324/3324/3324 3336/3336/3336
f 3329/3329/3329 3319/3319/3319 3324/3324/3324
f 3327/3327/3327 3325/3325/3325 3317/3317/3317
f 3327/3327/3327 3330/3330/3330 3325/3325/3325
f 3333/3333/3333 3330/3330/3330 3327/3327/3327
f 3327/3327/3327 3302/3302/3302 3333/3333/3333
f 3327/3327/3327 3297/3297/3297 3302/3302/3302
f 3298/3298/3298 3335/3335/3335 3340/3340/3340
f 3298/3298/3298 3328/3328/3328 3335/3335/3335
f 3337/3337/3337 3340/3340/3340 3335/3335/3335
f 3337/3337/3337 3342/3342/3342 3340/3340/3340
f 3324/3324/3324 3338/3338/3338 3336/3336/3336
f 3324/3324/3324 3346/3346/3346 3338/3338/3338
f 3343/3343/3343 3339/3339/3339 3341/3341/3341
f 3343/3343/3343 3315/3315/3315 3339/3339/3339
f 3344/3344/3344 3337/3337/3337 3345/3345/3345
f 3344/3344/3344 3342/3342/3342 3337/3337/3337
f 3345/3345/3345 3316/3316/3316 3344/3344/3344
f 3345/3345/3345 3323/3323/3323 3316/3316/3316
f 3347/3347/3347 3350/3350/3350 3332/3332/3332
f 3347/3347/3347 3353/3353/3353 3350/3350/3350
f 3333/3333/3333 3302/3302/3302 3348/3348/3348
f 3334/3334/3334 3356/3356/3356 3331/3331/3331
f 3334/3334/3334 3352/3352/3352 3356/3356/3356
f 3351/3351/3351 3359/3359/3359 3357/3357/3357
f 3351/3351/3351 3354/3354/3354 3359/3359/3359
f 3363/3363/3363 3357/3357/3357 3359/3359/3359
f 3363/3363/3363 3361/3361/3361 3357/3357/3357
f 3331/3331/3331 3356/3356/3356 3360/3360/3360
f 3331/3331/3331 3367/3367/3367 3374/3374/3374
f 3331/3331/3331 3360/3360/3360 3367/3367/3367
f 3369/3369/3369 3361/3361/3361 3363/3363/3363
f 3369/3369/3369 3366/3366/3366 3361/3361/3361
f 3383/3383/3383 3365/3365/3365 3368/3368/3368
f 3383/3383/3383 3377/3377/3377 3365/3365/3365
f 3379/3379/3379 3364/3364/3364 3375/3375/3375
f 3379/3379/3379 3372/3372/3372 3364/3364/3364
f 3326/3326/3326 3378/3378/3378 3386/3386/3386
f 3326/3326/3326 3381/3381/3381 3378/3378/3378
f 3382/3382/3382 3387/3387/3387 3376/3376/3376
f 3382/3382/3382 3391/3391/3391 3387/3387/3387
f 3326/3326/3326 3386/3386/3386 3388/3388/3388
f 3391/3391/3391 3389/3389/3389 3387/3387/3387
f 3391/3391/3391 3393/3393/3393 3389/3389/3389
f 3396/3396/3396 3392/3392/3392 3390/3390/3390
f 3396/3396/3396 3405/3405/3405 3392/3392/3392
f 3397/3397/3397 3390/3390/3390 3384/3384/3384
f 3307/3307/3307 3390/3390/3390 3397/3397/3397
f 3307/3307/3307 3396/3396/3396 3390/3390/3390
f 3385/3385/3385 3402/3402/3402 3399/3399/3399
f 3385/3385/3385 3371/3371/3371 3402/3402/3402
f 3398/3398/3398 3300/3300/3300 3308/3308/3308
f 3398/3398/3398 3401/3401/3401 3300/3300/3300
f 3299/3299/3299 3362/3362/3362 3349/3349/3349
f 3299/3299/3299 3400/3400/3400 3362/3362/3362
f 3400/3400/3400 3370/3370/3370 3362/3362/3362
f 3394/3394/3394 3406/3406/3406 3403/3403/3403
f 3394/3394/3394 3320/3320/3320 3406/3406/3406
f 3321/3321/3321 3395/3395/3395 3310/3310/3310
f 3407/3407/3407 3393/3393/3393 3404/3404/3404
f 3407/3407/3407 3389/3389/3389 3393/3393/3393
f 3322/3322/3322 3388/3388/3388 3408/3408/3408
f 3322/3322/3322 3326/3326/3326 3388/3388/3388
f 3380/3380/3380 3330/3330/3330 3373/3373/3373
f 3380/3380/3380 3325/3325/3325 3330/3330/3330
f 3349/3349/3349 3358/3358/3358 3355/3355/3355
f 3349/3349/3349 3362/3362/3362 3358/3358/3358
f 3409/3409/3409 3417/3417/3417 3412/3412/3412
f 3420/3420/3420 3412/3412/3412 3428/3428/3428
f 3420/3420/3420 3409/3409/3409 3412/3412/3412
f 3419/3419/3419 3415/3415/3415 3465/3465/3465
f 3419/3419/3419 3410/3410/3410 3415/3415/3415
f 3422/3422/3422 3416/3416/3416 3411/3411/3411
f 3422/3422/3422 3424/3424/3424 3416/3416/3416
f 3427/3427/3427 3423/3423/3423 3421/3421/3421
f 3427/3427/3427 3512/3512/3512 3423/3423/3423
f 3420/3420/3420 3428/3428/3428 3425/3425/3425
f 3428/3428/3428 3455/3455/3455 3431/3431/3431
f 3428/3428/3428 3412/3412/3412 3455/3455/3455
f 3430/3430/3430 3439/3439/3439 3434/3434/3434
f 3430/3430/3430 3432/3432/3432 3439/3439/3439
f 3433/3433/3433 3426/3426/3426 3429/3429/3429
f 3433/3433/3433 3437/3437/3437 3426/3426/3426
f 3433/3433/3433 3441/3441/3441 3437/3437/3437
f 3445/3445/3445 3440/3440/3440 3452/3452/3452
f 3445/3445/3445 3435/3435/3435 3440/3440/3440
f 3443/3443/3443 3441/3441/3441 3433/3433/3433
f 3443/3443/3443 3446/3446/3446 3441/3441/3441
f 3449/3449/3449 3446/3446/3446 3443/3443/3443
f 3443/3443/3443 3418/3418/3418 3449/3449/3449
f 3443/3443/3443 3413/3413/3413 3418/3418/3418
f 3414/3414/3414 3451/3451/3451 3456/3456/3456
f 3414/3414/3414 3444/3444/3444 3451/3451/3451
f 3453/3453/3453 3456/3456/3456 3451/3451/3451
f 3453/3453/3453 3458/3458/3458 3456/3456/3456
f 3440/3440/3440 3454/3454/3454 3452/3452/3452
f 3440/3440/3440 3462/3462/3462 3454/3454/3454
f 3459/3459/3459 3455/3455/3455 3457/3457/3457
f 3459/3459/3459 3431/3431/3431 3455/3455/3455
f 3460/3460/3460 3453/3453/3453 3461/3461/3461
f 3460/3460/3460 3458/3458/3458 3453/3453/3453
f 3461/3461/3461 3432/3432/3432 3460/3460/3460
f 3461/3461/3461 3439/3439/3439 3432/3432/3432
f 3463/3463/3463 3466/3466/3466 3448/3448/3448
f 3463/3463/3463 3469/3469/3469 3466/3466/3466
f 3449/3449/3449 3418/3418/3418 3464/3464/3464
f 3450/3450/3450 3472/3472/3472 3447/3447/3447
f 3450/3450/3450 3468/3468/3468 3472/3472/3472
f 3467/3467/3467 3475/3475/3475 3473/3473/3473
f 3467/3467/3467 3470/3470/3470 3475/3475/3475
f 3479/3479/3479 3473/3473/3473 3475/3475/3475
f 3479/3479/3479 3477/3477/3477 3473/3473/3473
f 3447/3447/3447 3472/3472/3472 3476/3476/3476
f 3447/3447/3447 3483/3483/3483 3490/3490/3490
f 3447/3447/3447 3476/3476/3476 3483/3483/3483
f 3485/3485/3485 3477/3477/3477 3479/3479/3479
f 3485/3485/3485 3482/3482/3482 3477/3477/3477
f 3498/3498/3498 3481/3481/3481 3484/3484/3484
f 3498/3498/3498 3492/3492/3492 3481/3481/3481
f 3495/3495/3495 3480/3480/3480 3491/3491/3491
f 3495/3495/3495 3488/3488/3488 3480/3480/3480
f 3442/3442/3442 3494/3494/3494 3502/3502/3502
f 3442/3442/3442 3497/3497/3497 3494/3494/3494
f 3499/3499/3499 3503/3503/3503 3493/3493/3493
f 3499/3499/3499 3507/3507/3507 3503/3503/3503
f 3442/3442/3442 3502/3502/3502 3504/3504/3504
f 3507/3507/3507 3505/3505/3505 3503/3503/3503
f 3507/3507/3507 3509/3509/3509 3505/3505/3505
f 3512/3512/3512 3508/3508/3508 3506/3506/3506
f 3512/3512/3512 3521/3521/3521 3508/3508/3508
f 3513/3513/3513 3506/3506/3506 3500/3500/3500
f 3423/3423/3423 3506/3506/3506 3513/3513/3513
f 3423/3423/3423 3512/3512/3512 3506/3506/3506
f 3501/3501/3501 3518/3518/3518 3515/3515/3515
f 3501/3501/3501 3487/3487/3487 3518/3518/3518
f 3514/3514/3514 3416/3416/3416 3424/3424/3424
f 3514/3514/3514 3517/3517/3517 3416/3416/3416
f 3415/3415/3415 3478/3478/3478 3465/3465/3465
f 3415/3415/3415 3516/3516/3516 3478/3478/3478
f 3516/3516/3516 3486/3486/3486 3478/3478/3478
f 3510/3510/3510 3522/3522/3522 3519/3519/3519
f 3510/3510/3510 3436/3436/3436 3522/3522/3522
f 3437/3437/3437 3511/3511/3511 3426/3426/3426
f 3523/3523/3523 3509/3509/3509 3520/3520/3520
f 3523/3523/3523 3505/3505/3505 3509/3509/3509
f 3438/3438/3438 3504/3504/3504 3524/3524/3524
f 3438/3438/3438 3442/3442/3442 3504/3504/3504
f 3496/3496/3496 3446/3446/3446 3489/3489/3489
f 3496/3496/3496 3441/3441/3441 3446/3446/3446
f 3465/3465/3465 3474/3474/3474 3471/3471/3471
f 3465/3465/3465 3478/3478/3478 3474/3474/3474
f 3525/3525/3525 3533/3533/3533 3528/3528/3528
f 3536/3536/3536 3528/3528/3528 3544/3544/3544
f 3536/3536/3536 3525/3525/3525 3528/3528/3528
f 3535/3535/3535 3531/3531/3531 3581/3581/3581
f 3535/3535/3535 3526/3526/3526 3531/3531/3531
f 3538/3538/3538 3532/3532/3532 3527/3527/3527
f 3538/3538/3538 3540/3540/3540 3532/3532/3532
f 3543/3543/3543 3539/3539/3539 3537/3537/3537
f 3543/3543/3543 3628/3628/3628 3539/3539/3539
f 3536/3536/3536 3544/3544/3544 3541/3541/3541
f 3544/3544/3544 3571/3571/3571 3547/3547/3547
f 3544/3544/3544 3528/3528/3528 3571/3571/3571
f 3546/3546/3546 3555/3555/3555 3550/3550/3550
f 3546/3546/3546 3548/3548/3548 3555/3555/3555
f 3549/3549/3549 3542/3542/3542 3545/3545/3545
f 3549/3549/3549 3553/3553/3553 3542/3542/3542
f 3549/3549/3549 3557/3557/3557 3553/3553/3553
f 3561/3561/3561 3556/3556/3556 3568/3568/3568
f 3561/3561/3561 3551/3551/3551 3556/3556/3556
f 3559/3559/3559 3557/3557/3557 3549/3549/3549
f 3559/3559/3559 3562/3562/3562 3557/3557/3557
f 3565/3565/3565 3562/3562/3562 3559/3559/3559
f 3559/3559/3559 3534/3534/3534 3565/3565/3565
f 3559/3559/3559 3530/3530/3530 3534/3534/3534
f 3529/3529/3529 3567/3567/3567 3572/3572/3572
f 3529/3529/3529 3560/3560/3560 3567/3567/3567
f 3569/3569/3569 3572/3572/3572 3567/3567/3567
f 3569/3569/3569 3574/3574/3574 3572/3572/3572
f 3556/3556/3556 3570/3570/3570 3568/3568/3568
f 3556/3556/3556 3578/3578/3578 3570/3570/3570
f 3575/3575/3575 3571/3571/3571 3573/3573/3573
f 3575/3575/3575 3547/3547/3547 3571/3571/3571
f 3576/3576/3576 3569/3569/3569 3577/3577/3577
f 3576/3576/3576 3574/3574/3574 3569/3569/3569
f 3577/3577/3577 3548/3548/3548 3576/3576/3576
f 3577/3577/3577 3555/3555/3555 3548/3548/3548
f 3579/3579/3579 3582/3582/3582 3564/3564/3564
f 3579/3579/3579 3585/3585/3585 3582/3582/3582
f 3565/3565/3565 3534/3534/3534 3580/3580/3580
f 3566/3566/3566 3588/3588/3588 3563/3563/3563
f 3566/3566/3566 3584/3584/3584 3588/3588/3588
f 3583/3583/3583 3591/3591/3591 3589/3589/3589
f 3583/3583/3583 3586/3586/3586 3591/3591/3591
f 3595/3595/3595 3589/3589/3589 3591/3591/3591
f 3595/3595/3595 3593/3593/3593 3589/3589/3589
f 3563/3563/3563 3588/3588/3588 3592/3592/3592
f 3563/3563/3563 3599/3599/3599 3606/3606/3606
f 3563/3563/3563 3592/3592/3592 3599/3599/3599
f 3601/3601/3601 3593/3593/3593 3595/3595/3595
f 3601/3601/3601 3598/3598/3598 3593/3593/3593
f 3614/3614/3614 3597/3597/3597 3600/3600/3600
f 3614/3614/3614 3608/3608/3608 3597/3597/3597
f 3611/3611/3611 3596/3596/3596 3607/3607/3607
f 3611/3611/3611 3604/3604/3604 3596/3596/3596
f 3558/3558/3558 3610/3610/3610 3618/3618/3618
f 3558/3558/3558 3613/3613/3613 3610/3610/3610
f 3615/3615/3615 3619/3619/3619 3609/3609/3609
f 3615/3615/3615 3623/3623/3623 3619/3619/3619
f 3558/3558/3558 3618/3618/3618 3620/3620/3620
f 3623/3623/3623 3621/3621/3621 3619/3619/3619
f 3623/3623/3623 3625/3625/3625 3621/3621/3621
f 3628/3628/3628 3624/3624/3624 3622/3622/3622
f 3628/3628/3628 3637/3637/3637 3624/3624/3624
f 3629/3629/3629 3622/3622/3622 3616/3616/3616
f 3539/3539/3539 3622/3622/3622 3629/3629/3629
f 3539/3539/3539 3628/3628/3628 3622/3622/3622
f 3617/3617/3617 3634/3634/3634 3631/3631/3631
f 3617/3617/3617 3603/3603/3603 3634/3634/3634
f 3630/3630/3630 3532/3532/3532 3540/3540/3540
f 3630/3630/3630 3633/3633/3633 3532/3532/3532
f 3531/3531/3531 3594/3594/3594 3581/3581/3581
f 3531/3531/3531 3632/3632/3632 3594/3594/3594
f 3632/3632/3632 3602/3602/3602 3594/3594/3594
f 3626/3626/3626 3638/3638/3638 3635/3635/3635
f 3626/3626/3626 3552/3552/3552 3638/3638/3638
f 3553/3553/3553 3627/3627/3627 3542/3542/3542
f 3639/3639/3639 3625/3625/3625 3636/3636/3636
f 3639/3639/3639 3621/3621/3621 3625/3625/3625
f 3554/3554/3554 3620/3620/3620 3640/3640/3640
f 3554/3554/3554 3558/3558/3558 3620/3620/3620
f 3612/3612/3612 3562/3562/3562 3605/3605/3605
f 3612/3612/3612 3557/3557/3557 3562/3562/3562
f 3581/3581/3581 3590/3590/3590 3587/3587/3587
f 3581/3581/3581 3594/3594/3594 3590/3590/3590
f 3641/3641/3641 3649/3649/3649 3644/3644/3644
f 3652/3652/3652 3644/3644/3644 3660/3660/3660
f 3652/3652/3652 3641/3641/3641 3644/3644/3644
f 3651/3651/3651 3647/3647/3647 3697/3697/3697
f 3651/3651/3651 3642/3642/3642 3647/3647/3647
f 3654/3654/3654 3648/3648/3648 3643/3643/3643
f 3654/3654/3654 3656/3656/3656 3648/3648/3648
f 3659/3659/3659 3655/3655/3655 3653/3653/3653
f 3659/3659/3659 3744/3744/3744 3655/3655/3655
f 3652/3652/3652 3660/3660/3660 3657/3657/3657
f 3660/3660/3660 3687/3687/3687 3663/3663/3663
f 3660/3660/3660 3644/3644/3644 3687/3687/3687
f 3662/3662/3662 3671/3671/3671 3666/3666/3666
f 3662/3662/3662 3664/3664/3664 3671/3671/3671
f 3665/3665/3665 3658/3658/3658 3661/3661/3661
f 3665/3665/3665 3669/3669/3669 3658/3658/3658
f 3665/3665/3665 3673/3673/3673 3669/3669/3669
f 3677/3677/3677 3672/3672/3672 3684/3684/3684
f 3677/3677/3677 3667/3667/3667 3672/3672/3672
f 3675/3675/3675 3673/3673/3673 3665/3665/3665
f 3675/3675/3675 3678/3678/3678 3673/3673/3673
f 3681/3681/3681 3678/3678/3678 3675/3675/3675
f 3675/3675/3675 3650/3650/3650 3681/3681/3681
f 3675/3675/3675 3645/3645/3645 3650/3650/3650
f 3646/3646/3646 3683/3683/3683 3688/3688/3688
f 3646/3646/3646 3676/3676/3676 3683/3683/3683
f 3685/3685/3685 3688/3688/3688 3683/3683/3683
f 3685/3685/3685 3690/3690/3690 3688/3688/3688
f 3672/3672/3672 3686/3686/3686 3684/3684/3684
f 3672/3672/3672 3694/3694/3694 3686/3686/3686
f 3691/3691/3691 3687/3687/3687 3689/3689/3689
f 3691/3691/3691 3663/3663/3663 3687/3687/3687
f 3692/3692/3692 3685/3685/3685 3693/3693/3693
f 3692/3692/3692 3690/3690/3690 3685/3685/3685
f 3693/3693/3693 3664/3664/3664 3692/3692/3692
f 3693/3693/3693 3671/3671/3671 3664/3664/3664
f 3695/3695/3695 3698/3698/3698 3680/3680/3680
f 3695/3695/3695 3701/3701/3701 3698/3698/3698
f 3681/3681/3681 3650/3650/3650 3696/3696/3696
f 3682/3682/3682 3704/3704/3704 3679/3679/3679
f 3682/3682/3682 3700/3700/3700 3704/3704/3704
f 3699/3699/3699 3707/3707/3707 3705/3705/3705
f 3699/3699/3699 3702/3702/3702 3707/3707/3707
f 3711/3711/3711 3705/3705/3705 3707/3707/3707
f 3711/3711/3711 3709/3709/3709 3705/3705/3705
f 3679/3679/3679 3704/3704/3704 3708/3708/3708
f 3679/3679/3679 3715/3715/3715 3722/3722/3722
f 3679/3679/3679 3708/3708/3708 3715/3715/3715
f 3717/3717/3717 3709/3709/3709 3711/3711/3711
f 3717/3717/3717 3714/3714/3714 3709/3709/3709
f 3730/3730/3730 3713/3713/3713 3716/3716/3716
f 3730/3730/3730 3724/3724/3724 3713/3713/3713
f 3727/3727/3727 3712/3712/3712 3723/3723/3723
f 3727/3727/3727 3720/3720/3720 3712/3712/3712
f 3674/3674/3674 3726/3726/3726 3734/3734/3734
f 3674/3674/3674 3729/3729/3729 3726/3726/3726
f 3731/3731/3731 3735/3735/3735 3725/3725/3725
f 3731/3731/3731 3739/3739/3739 3735/3735/3735
f 3674/3674/3674 3734/3734/3734 3736/3736/3736
f 3739/3739/3739 3737/3737/3737 3735/3735/3735
f 3739/3739/3739 3741/3741/3741 3737/3737/3737
f 3744/3744/3744 3740/3740/3740 3738/3738/3738
f 3744/3744/3744 3753/3753/3753 3740/3740/3740
f 3745/3745/3745 3738/3738/3738 3732/3732/3732
f 3655/3655/3655 3738/3738/3738 3745/3745/3745
f 3655/3655/3655 3744/3744/3744 3738/3738/3738
f 3733/3733/3733 3750/3750/3750 3747/3747/3747
f 3733/3733/3733 3719/3719/3719 3750/3750/3750
f 3746/3746/3746 3648/3648/3648 3656/3656/3656
f 3746/3746/3746 3749/3749/3749 3648/3648/3648
f 3647/3647/3647 3710/3710/3710 3697/3697/3697
f 3647/3647/3647 3748/3748/3748 3710/3710/3710
f 3748/3748/3748 3718/3718/3718 3710/3710/3710
f 3742/3742/3742 3754/3754/3754 3751/3751/3751
f 3742/3742/3742 3668/3668/3668 3754/3754/3754
f 3669/3669/3669 3743/3743/3743 3658/3658/3658
f 3755/3755/3755 3741/3741/3741 3752/3752/3752
f 3755/3755/3755 3737/3737/3737 3741/3741/3741
f 3670/3670/3670 3736/3736/3736 3756/3756/3756
f 3670/3670/3670 3674/3674/3674 3736/3736/3736
f 3728/3728/3728 3678/3678/3678 3721/3721/3721
f 3728/3728/3728 3673/3673/3673 3678/3678/3678
f 3697/3697/3697 3706/3706/3706 3703/3703/3703
f 3697/3697/3697 3710/3710/3710 3706/3706/3706
f 3757/3757/3757 3765/3765/3765 3760/3760/3760
f 3768/3768/3768 3760/3760/3760 3776/3776/3776
f 3768/3768/3768 3757/3757/3757 3760/3760/3760
f 3767/3767/3767 3763/3763/3763 3813/3813/3813
f 3767/3767/3767 3758/3758/3758 3763/3763/3763
f 3770/3770/3770 3764/3764/3764 3759/3759/3759
f 3770/3770/3770 3772/3772/3772 3764/3764/3764
f 3775/3775/3775 3771/3771/3771 3769/3769/3769
f 3775/3775/3775 3860/3860/3860 3771/3771/3771
f 3768/3768/3768 3776/3776/3776 3773/3773/3773
f 3776/3776/3776 3803/3803/3803 3779/3779/3779
f 3776/3776/3776 3760/3760/3760 3803/3803/3803
f 3778/3778/3778 3787/3787/3787 3782/3782/3782
f 3778/3778/3778 3780/3780/3780 3787/3787/3787
f 3781/3781/3781 3774/3774/3774 3777/3777/3777
f 3781/3781/3781 3785/3785/3785 3774/3774/3774
f 3781/3781/3781 3789/3789/3789 3785/3785/3785
f 3793/3793/3793 3788/3788/3788 3800/3800/3800
f 3793/3793/3793 3783/3783/3783 3788/3788/3788
f 3791/3791/3791 3789/3789/3789 3781/3781/3781
f 3791/3791/3791 3794/3794/3794 3789/3789/3789
f 3797/3797/3797 3794/3794/3794 3791/3791/3791
f 3791/3791/3791 3766/3766/3766 3797/3797/3797
f 3791/3791/3791 3761/3761/3761 3766/3766/3766
f 3762/3762/3762 3799/3799/3799 3804/3804/3804
f 3762/3762/3762 3792/3792/3792 3799/3799/3799
f 3801/3801/3801 3804/3804/3804 3799/3799/3799
f 3801/3801/3801 3806/3806/3806 3804/3804/3804
f 3788/3788/3788 3802/3802/3802 3800/3800/3800
f 3788/3788/3788 3810/3810/3810 3802/3802/3802
f 3807/3807/3807 3803/3803/3803 3805/3805/3805
f 3807/3807/3807 3779/3779/3779 3803/3803/3803
f 3808/3808/3808 3801/3801/3801 3809/3809/3809
f 3808/3808/3808 3806/3806/3806 3801/3801/3801
f 3809/3809/3809 3780/3780/3780 3808/3808/3808
f 3809/3809/3809 3787/3787/3787 3780/3780/3780
f 3811/3811/3811 3814/3814/3814 3796/3796/3796
f 3811/3811/3811 3817/3817/3817 3814/3814/3814
f 3797/3797/3797 3766/3766/3766 3812/3812/3812
f 3798/3798/3798 3820/3820/3820 3795/3795/3795
f 3798/3798/3798 3816/3816/3816 3820/3820/3820
f 3815/3815/3815 3823/3823/3823 3821/3821/3821
f 3815/3815/3815 3818/3818/3818 3823/3823/3823
f 3827/3827/3827 3821/3821/3821 3823/3823/3823
f 3827/3827/3827 3825/3825/3825 3821/3821/3821
f 3795/3795/3795 3820/3820/3820 3824/3824/3824
f 3795/3795/3795 3831/3831/3831 3838/3838/3838
f 3795/3795/3795 3824/3824/3824 3831/3831/3831
f 3833/3833/3833 3825/3825/3825 3827/3827/3827
f 3833/3833/3833 3830/3830/3830 3825/3825/3825
f 3846/3846/3846 3829/3829/3829 3832/3832/3832
f 3846/3846/3846 3840/3840/3840 3829/3829/3829
f 3843/3843/3843 3828/3828/3828 3839/3839/3839
f 3843/3843/3843 3836/3836/3836 3828/3828/3828
f 3790/3790/3790 3842/3842/3842 3850/3850/3850
f 3790/3790/3790 3845/3845/3845 3842/3842/3842
f 3847/3847/3847 3851/3851/3851 3841/3841/3841
f 3847/3847/3847 3855/3855/3855 3851/3851/3851
f 3790/3790/3790 3850/3850/3850 3852/3852/3852
f 3855/3855/3855 3853/3853/3853 3851/3851/3851
f 3855/3855/3855 3857/3857/3857 3853/3853/3853
f 3860/3860/3860 3856/3856/3856 3854/3854/3854
f 3860/3860/3860 3869/3869/3869 3856/3856/3856
f 3861/3861/3861 3854/3854/3854 3848/3848/3848
f 3771/3771/3771 3854/3854/3854 3861/3861/3861
f 3771/3771/3771 3860/3860/3860 3854/3854/3854
f 3849/3849/3849 3866/3866/3866 3863/3863/3863
f 3849/3849/3849 3835/3835/3835 3866/3866/3866
f 3862/3862/3862 3764/3764/3764 3772/3772/3772
f 3862/3862/3862 3865/3865/3865 3764/3764/3764
f 3763/3763/3763 3826/3826/3826 3813/3813/3813
f 3763/3763/3763 3864/3864/3864 3826/3826/3826
f 3864/3864/3864 3834/3834/3834 3826/3826/3826
f 3858/3858/3858 3870/3870/3870 3867/3867/3867
f 3858/3858/3858 3784/3784/3784 3870/3870/3870
f 3785/3785/3785 3859/3859/3859 3774/3774/3774
f 3871/3871/3871 3857/3857/3857 3868/3868/3868
f 3871/3871/3871 3853/3853/3853 3857/3857/3857
f 3786/3786/3786 3852/3852/3852 3872/3872/3872
f 3786/3786/3786 3790/3790/3790 3852/3852/3852
f 3844/3844/3844 3794/3794/3794 3837/3837/3837
f 3844/3844/3844 3789/3789/3789 3794/3794/3794
f 3813/3813/3813 3822/3822/3822 3819/3819/3819
f 3813/3813/3813 3826/3826/3826 3822/3822/3822
f 3873/3873/3873 3881/3881/3881 3876/3876/3876
f 3884/3884/3884 3876/3876/3876 3892/3892/3892
f 3884/3884/3884 3873/3873/3873 3876/3876/3876
f 3883/3883/3883 3879/3879/3879 3929/3929/3929
f 3883/3883/3883 3874/3874/3874 3879/3879/3879
f 3886/3886/3886 3880/3880/3880 3875/3875/3875
f 3886/3886/3886 3888/3888/3888 3880/3880/3880
f 3891/3891/3891 3887/3887/3887 3885/3885/3885
f 3891/3891/3891 3976/3976/3976 3887/3887/3887
f 3884/3884/3884 3892/3892/3892 3889/3889/3889
f 3892/3892/3892 3919/3919/3919 3895/3895/3895
f 3892/3892/3892 3876/3876/3876 3919/3919/3919
f 3894/3894/3894 3903/3903/3903 3898/3898/3898
f 3894/3894/3894 3896/3896/3896 3903/3903/3903
f 3897/3897/3897 3890/3890/3890 3893/3893/3893
f 3897/3897/3897 3901/3901/3901 3890/3890/3890
f 3897/3897/3897 3905/3905/3905 3901/3901/3901
f 3909/3909/3909 3904/3904/3904 3916/3916/3916
f 3909/3909/3909 3899/3899/3899 3904/3904/3904
f 3907/3907/3907 3905/3905/3905 3897/3897/3897
f 3907/3907/3907 3910/3910/3910 3905/3905/3905
f 3913/3913/3913 3910/3910/3910 3907/3907/3907
f 3907/3907/3907 3882/3882/3882 3913/3913/3913
f 3907/3907/3907 3877/3877/3877 3882/3882/3882
f 3878/3878/3878 3915/3915/3915 3920/3920/3920
f 3878/3878/3878 3908/3908/3908 3915/3915/3915
f 3917/3917/3917 3920/3920/3920 3915/3915/3915
f 3917/3917/3917 3922/3922/3922 3920/3920/3920
f 3904/3904/3904 3918/3918/3918 3916/3916/3916
f 3904/3904/3904 3926/3926/3926 3918/3918/3918
f 3923/3923/3923 3919/3919/3919 3921/3921/3921
f 3923/3923/3923 3895/3895/3895 3919/3919/3919
f 3924/3924/3924 3917/3917/3917 3925/3925/3925
f 3924/3924/3924 3922/3922/3922 3917/3917/3917
f 3925/3925/3925 3896/3896/3896 3924/3924/3924
f 3925/3925/3925 3903/3903/3903 3896/3896/3896
f 3927/3927/3927 3930/3930/3930 3912/3912/3912
f 3927/3927/3927 3933/3933/3933 3930/3930/3930
f 3913/3913/3913 3882/3882/3882 3928/3928/3928
f 3914/3914/3914 3936/3936/3936 3911/3911/3911
f 3914/3914/3914 3932/3932/3932 3936/3936/3936
f 3931/3931/3931 3939/3939/3939 3937/3937/3937
f 3931/3931/3931 3934/3934/3934 3939/3939/3939
f 3943/3943/3943 3937/3937/3937 3939/3939/3939
f 3943/3943/3943 3941/3941/3941 3937/3937/3937
f 3911/3911/3911 3936/3936/3936 3940/3940/3940
f 3911/3911/3911 3947/3947/3947 3954/3954/3954
f 3911/3911/3911 3940/3940/3940 3947/3947/3947
f 3948/3948/3948 3941/3941/3941 3943/3943/3943
f 3948/3948/3948 3945/3945/3945 3941/3941/3941
f 3963/3963/3963 3946/3946/3946 3949/3949/3949
f 3963/3963/3963 3957/3957/3957 3946/3946/3946
f 3959/3959/3959 3944/3944/3944 3955/3955/3955
f 3959/3959/3959 3952/3952/3952 3944/3944/3944
f 3906/3906/3906 3958/3958/3958 3966/3966/3966
f 3906/3906/3906 3961/3961/3961 3958/3958/3958
f 3962/3962/3962 3967/3967/3967 3956/3956/3956
f 3962/3962/3962 3971/3971/3971 3967/3967/3967
f 3906/3906/3906 3966/3966/3966 3968/3968/3968
f 3971/3971/3971 3969/3969/3969 3967/3967/3967
f 3971/3971/3971 3973/3973/3973 3969/3969/3969
f 3976/3976/3976 3972/3972/3972 3970/3970/3970
f 3976/3976/3976 3985/3985/3985 3972/3972/3972
f 3977/3977/3977 3970/3970/3970 3964/3964/3964
f 3887/3887/3887 3970/3970/3970 3977/3977/3977
f 3887/3887/3887 3976/3976/3976 3970/3970/3970
f 3965/3965/3965 3982/3982/3982 3979/3979/3979
f 3965/3965/3965 3951/3951/3951 3982/3982/3982
f 3978/3978/3978 3880/3880/3880 3888/3888/3888
f 3978/3978/3978 3981/3981/3981 3880/3880/3880
f 3879/3879/3879 3942/3942/3942 3929/3929/3929
f 3879/3879/3879 3980/3980/3980 3942/3942/3942
f 3980/3980/3980 3950/3950/3950 3942/3942/3942
f 3974/3974/3974 3986/3986/3986 3983/3983/3983
f 3974/3974/3974 3900/3900/3900 3986/3986/3986
f 3901/3901/3901 3975/3975/3975 3890/3890/3890
f 3987/3987/3987 3973/3973/3973 3984/3984/3984
f 3987/3987/3987 3969/3969/3969 3973/3973/3973
f 3902/3902/3902 3968/3968/3968 3988/3988/3988
f 3902/3902/3902 3906/3906/3906 3968/3968/3968
f 3960/3960/3960 3910/3910/3910 3953/3953/3953
f 3960/3960/3960 3905/3905/3905 3910/3910/3910
f 3929/3929/3929 3938/3938/3938 3935/3935/3935
f 3929/3929/3929 3942/3942/3942 3938/3938/3938
f 3989/3989/3989 3997/3997/3997 3992/3992/3992
f 4000/4000/4000 3992/3992/3992 4008/4008/4008
f 4000/4000/4000 3989/3989/3989 3992/3992/3992
f 3999/3999/3999 3995/3995/3995 4045/4045/4045
f 3999/3999/3999 3990/3990/3990 3995/3995/3995
f 4002/4002/4002 3996/3996/3996 3991/3991/3991
f 4002/4002/4002 4004/4004/4004 3996/3996/3996
f 4007/4007/4007 4003/4003/4003 4001/4001/4001
f 4007/4007/4007 4092/4092/4092 4003/4003/4003
f 4000/4000/4000 4008/4008/4008 4005/4005/4005
f 4008/4008/4008 4035/4035/4035 4011/4011/4011
f 4008/4008/4008 3992/3992/3992 4035/4035/4035
f 4010/4010/4010 4019/4019/4019 4014/4014/4014
f 4010/4010/4010 4012/4012/4012 4019/4019/4019
f 4013/4013/4013 4006/4006/4006 4009/4009/4009
f 4013/4013/4013 4017/4017/4017 4006/4006/4006
f 4013/4013/4013 4021/4021/4021 4017/4017/4017
f 4025/4025/4025 4020/4020/4020 4032/4032/4032
f 4025/4025/4025 4015/4015/4015 4020/4020/4020
f 4023/4023/4023 4021/4021/4021 4013/4013/4013
f 4023/4023/4023 4026/4026/4026 4021/4021/4021
f 4029/4029/4029 4026/4026/4026 4023/4023/4023
f 4023/4023/4023 3998/3998/3998 4029/4029/4029
f 4023/4023/4023 3993/3993/3993 3998/3998/3998
f 3994/3994/3994 4031/4031/4031 4036/4036/4036
f 3994/3994/3994 4024/4024/4024 4031/4031/4031
f 4033/4033/4033 4036/4036/4036 4031/4031/4031
f 4033/4033/4033 4038/4038/4038 4036/4036/4036
f 4020/4020/4020 4034/4034/4034 4032/4032/4032
f 4020/4020/4020 4042/4042/4042 4034/4034/4034
f 4039/4039/4039 4035/4035/4035 4037/4037/4037
f 4039/4039/4039 4011/4011/4011 4035/4035/4035
f 4040/4040/4040 4033/4033/4033 4041/4041/4041
f 4040/4040/4040 4038/4038/4038 4033/4033/4033
f 4041/4041/4041 4012/4012/4012 4040/4040/4040
f 4041/4041/4041 4019/4019/4019 4012/4012/4012
f 4043/4043/4043 4046/4046/4046 4028/4028/4028
f 4043/4043/4043 4049/4049/4049 4046/4046/4046
f 4029/4029/4029 3998/3998/3998 4044/4044/4044
f 4030/4030/4030 4052/4052/4052 4027/4027/4027
f 4030/4030/4030 4048/4048/4048 4052/4052/4052
f 4047/4047/4047 4055/4055/4055 4053/4053/4053
f 4047/4047/4047 4050/4050/4050 4055/4055/4055
f 4059/4059/4059 4053/4053/4053 4055/4055/4055
f 4059/4059/4059 4057/4057/4057 4053/4053/4053
f 4027/4027/4027 4052/4052/4052 4056/4056/4056
f 4027/4027/4027 4063/4063/4063 4070/4070/4070
f 4027/4027/4027 4056/4056/4056 4063/4063/4063
f 4064/4064/4064 4057/4057/4057 4059/4059/4059
f 4064/4064/4064 4061/4061/4061 4057/4057/4057
f 4078/4078/4078 4062/4062/4062 4065/4065/4065
f 4078/4078/4078 4072/4072/4072 4062/4062/4062
f 4075/4075/4075 4060/4060/4060 4071/4071/4071
f 4075/4075/4075 4068/4068/4068 4060/4060/4060
f 4022/4022/4022 4074/4074/4074 4082/4082/4082
f 4022/4022/4022 4077/4077/4077 4074/4074/4074
f 4079/4079/4079 4083/4083/4083 4073/4073/4073
f 4079/4079/4079 4087/4087/4087 4083/4083/4083
f 4022/4022/4022 4082/4082/4082 4084/4084/4084
f 4087/4087/4087 4085/4085/4085 4083/4083/4083
f 4087/4087/4087 4089/4089/4089 4085/4085/4085
f 4092/4092/4092 4088/4088/4088 4086/4086/4086
f 4092/4092/4092 4101/4101/4101 4088/4088/4088
f 4093/4093/4093 4086/4086/4086 4080/4080/4080
f 4003/4003/4003 4086/4086/4086 4093/4093/4093
f 4003/4003/4003 4092/4092/4092 4086/4086/4086
f 4081/4081/4081 4098/4098/4098 4095/4095/4095
f 4081/4081/4081 4067/4067/4067 4098/4098/4098
f 4094/4094/4094 3996/3996/3996 4004/4004/4004
f 4094/4094/4094 4097/4097/4097 3996/3996/3996
f 3995/3995/3995 4058/4058/4058 4045/4045/4045
f 3995/3995/3995 4096/4096/4096 4058/4058/4058
f 4096/4096/4096 4066/4066/4066 4058/4058/4058
f 4090/4090/4090 4102/4102/4102 4099/4099/4099
f 4090/4090/4090 4016/4016/4016 4102/4102/4102
f 4017/4017/4017 4091/4091/4091 4006/4006/4006
f 4103/4103/4103 4089/4089/4089 4100/4100/4100
f 4103/4103/4103 4085/4085/4085 4089/4089/4089
f 4018/4018/4018 4084/4084/4084 4104/4104/4104
f 4018/4018/4018 4022/4022/4022 4084/4084/4084
f 4076/4076/4076 4026/4026/4026 4069/4069/4069
f 4076/4076/4076 4021/4021/4021 4026/4026/4026
f 4045/4045/4045 4054/4054/4054 4051/4051/4051
f 4045/4045/4045 4058/4058/4058 4054/4054/4054
f 4110/4110/4110 4117/4117/4117 4121/4121/4121
f 4110/4110/4110 4106/4106/4106 4117/4117/4117
f 4108/4108/4108 4114/4114/4114 4105/4105/4105
f 4108/4108/4108 4135/4135/4135 4114/4114/4114
f 4107/4107/4107 4124/4124/4124 4118/4118/4118
f 4107/4107/4107 4113/4113/4113 4124/4124/4124
f 4105/4105/4105 4114/4114/4114 4111/4111/4111
f 4119/4119/4119 4134/4134/4134 4122/4122/4122
f 4119/4119/4119 4128/4128/4128 4134/4134/4134
f 4125/4125/4125 4128/4128/4128 4119/4119/4119
f 4131/4131/4131 4128/4128/4128 4125/4125/4125
f 4115/4115/4115 4129/4129/4129 4142/4142/4142
f 4115/4115/4115 4126/4126/4126 4129/4129/4129
f 4137/4137/4137 4127/4127/4127 4116/4116/4116
f 4137/4137/4137 4133/4133/4133 4127/4127/4127
f 4120/4120/4120 4136/4136/4136 4109/4109/4109
f 4120/4120/4120 4132/4132/4132 4136/4136/4136
f 4143/4143/4143 4138/4138/4138 4145/4145/4145
f 4143/4143/4143 4130/4130/4130 4138/4138/4138
f 4152/4152/4152 4131/4131/4131 4125/4125/4125
f 4152/4152/4152 4140/4140/4140 4131/4131/4131
f 4111/4111/4111 4114/4114/4114 4141/4141/4141
f 4111/4111/4111 4144/4144/4144 4147/4147/4147
f 4111/4111/4111 4141/4141/4141 4144/4144/4144
f 4149/4149/4149 4139/4139/4139 4151/4151/4151
f 4149/4149/4149 4146/4146/4146 4139/4139/4139
f 4112/4112/4112 4150/4150/4150 4123/4123/4123
f 4112/4112/4112 4148/4148/4148 4150/4150/4150
f 4158/4158/4158 4165/4165/4165 4169/4169/4169
f 4158/4158/4158 4154/4154/4154 4165/4165/4165
f 4156/4156/4156 4162/4162/4162 4153/4153/4153
f 4156/4156/4156 4183/4183/4183 4162/4162/4162
f 4155/4155/4155 4172/4172/4172 4166/4166/4166
f 4155/4155/4155 4161/4161/4161 4172/4172/4172
f 4153/4153/4153 4162/4162/4162 4159/4159/4159
f 4167/4167/4167 4182/4182/4182 4170/4170/4170
f 4167/4167/4167 4176/4176/4176 4182/4182/4182
f 4173/4173/4173 4176/4176/4176 4167/4167/4167
f 4179/4179/4179 4176/4176/4176 4173/4173/4173
f 4163/4163/4163 4177/4177/4177 4190/4190/4190
f 4163/4163/4163 4174/4174/4174 4177/4177/4177
f 4185/4185/4185 4175/4175/4175 4164/4164/4164
f 4185/4185/4185 4181/4181/4181 4175/4175/4175
f 4168/4168/4168 4184/4184/4184 4157/4157/4157
f 4168/4168/4168 4180/4180/4180 4184/4184/4184
f 4191/4191/4191 4186/4186/4186 4193/4193/4193
f 4191/4191/4191 4178/4178/4178 4186/4186/4186
f 4200/4200/4200 4179/4179/4179 4173/4173/4173
f 4200/4200/4200 4188/4188/4188 4179/4179/4179
f 4159/4159/4159 4162/4162/4162 4189/4189/4189
f 4159/4159/4159 4192/4192/4192 4195/4195/4195
f 4159/4159/4159 4189/4189/4189 4192/4192/4192
f 4197/4197/4197 4187/4187/4187 4199/4199/4199
f 4197/4197/4197 4194/4194/4194 4187/4187/4187
f 4160/4160/4160 4198/4198/4198 4171/4171/4171
f 4160/4160/4160 4196/4196/4196 4198/4198/4198
f 4206/4206/4206 4213/4213/4213 4217/4217/4217
f 4206/4206/4206 4202/4202/4202 4213/4213/4213
f 4204/4204/4204 4210/4210/4210 4201/4201/4201
f 4204/4204/4204 4231/4231/4231 4210/4210/4210
f 4203/4203/4203 4220/4220/4220 4214/4214/4214
f 4203/4203/4203 4209/4209/4209 4220/4220/4220
f 4201/4201/4201 4210/4210/4210 4207/4207/4207
f 4215/4215/4215 4230/4230/4230 4218/4218/4218
f 4215/4215/4215 4224/4224/4224 4230/4230/4230
f 4221/4221/4221 4224/4224/4224 4215/4215/4215
f 4227/4227/4227 4224/4224/4224 4221/4221/4221
f 4211/4211/4211 4225/4225/4225 4238/4238/4238
f 4211/4211/4211 4222/4222/4222 4225/4225/4225
f 4233/4233/4233 4223/4223/4223 4212/4212/4212
f 4233/4233/4233 4229/4229/4229 4223/4223/4223
f 4216/4216/4216 4232/4232/4232 4205/4205/4205
f 4216/4216/4216 4228/4228/4228 4232/4232/4232
f 4239/4239/4239 4234/4234/4234 4241/4241/4241
f 4239/4239/4239 4226/4226/4226 4234/4234/4234
f 4248/4248/4248 4227/4227/4227 4221/4221/4221
f 4248/4248/4248 4236/4236/4236 4227/4227/4227
f 4207/4207/4207 4210/4210/4210 4237/4237/4237
f 4207/4207/4207 4240/4240/4240 4243/4243/4243
f 4207/4207/4207 4237/4237/4237 4240/4240/4240
f 4245/4245/4245 4235/4235/4235 4247/4247/4247
f 4245/4245/4245 4242/4242/4242 4235/4235/4235
f 4208/4208/4208 4246/4246/4246 4219/4219/4219
f 4208/4208/4208 4244/4244/4244 4246/4246/4246
f 4254/4254/4254 4261/4261/4261 4265/4265/4265
f 4254/4254/4254 4250/4250/4250 4261/4261/4261
f 4252/4252/4252 4258/4258/4258 4249/4249/4249
f 4252/4252/4252 4279/4279/4279 4258/4258/4258
f 4251/4251/4251 4268/4268/4268 4262/4262/4262
f 4251/4251/4251 4257/4257/4257 4268/4268/4268
f 4249/4249/4249 4258/4258/4258 4255/4255/4255
f 4263/4263/4263 4278/4278/4278 4266/4266/4266
f 4263/4263/4263 4272/4272/4272 4278/4278/4278
f 4269/4269/4269 4272/4272/4272 4263/4263/4263
f 4275/4275/4275 4272/4272/4272 4269/4269/4269
f 4259/4259/4259 4273/4273/4273 4286/4286/4286
f 4259/4259/4259 4270/4270/4270 4273/4273/4273
f 4281/4281/4281 4271/4271/4271 4260/4260/4260
f 4281/4281/4281 4277/4277/4277 4271/4271/4271
f 4264/4264/4264 4280/4280/4280 4253/4253/4253
f 4264/4264/4264 4276/4276/4276 4280/4280/4280
f 4287/4287/4287 4282/4282/4282 4289/4289/4289
f 4287/4287/4287 4274/4274/4274 4282/4282/4282
f 4296/4296/4296 4275/4275/4275 4269/4269/4269
f 4296/4296/4296 4284/4284/4284 4275/4275/4275
f 4255/4255/4255 4258/4258/4258 4285/4285/4285
f 4255/4255/4255 4288/4288/4288 4291/4291/4291
f 4255/4255/4255 4285/4285/4285 4288/4288/4288
f 4293/4293/4293 4283/4283/4283 4295/4295/4295
f 4293/4293/4293 4290/4290/4290 4283/4283/4283
f 4256/4256/4256 4294/4294/4294 4267/4267/4267
f 4256/4256/4256 4292/4292/4292 4294/4294/4294
f 4302/4302/4302 4309/4309/4309 4313/4313/4313
f 4302/4302/4302 4298/4298/4298 4309/4309/4309
f 4300/4300/4300 4306/4306/4306 4297/4297/4297
f 4300/4300/4300 4327/4327/4327 4306/4306/4306
f 4299/4299/4299 4316/4316/4316 4310/4310/4310
f 4299/4299/4299 4305/4305/4305 4316/4316/4316
f 4297/4297/4297 4306/4306/4306 4303/4303/4303
f 4311/4311/4311 4326/4326/4326 4314/4314/4314
f 4311/4311/4311 4320/4320/4320 4326/4326/4326
f 4317/4317/4317 4320/4320/4320 4311/4311/4311
f 4323/4323/4323 4320/4320/4320 4317/4317/4317
f 4307/4307/4307 4321/4321/4321 4334/4334/4334
f 4307/4307/4307 4318/4318/4318 4321/4321/4321
f 4329/4329/4329 4319/4319/4319 4308/4308/4308
f 4329/4329/4329 4325/4325/4325 4319/4319/4319
f 4312/4312/4312 4328/4328/4328 4301/4301/4301
f 4312/4312/4312 4324/4324/4324 4328/4328/4328
f 4335/4335/4335 4330/4330/4330 4337/4337/4337
f 4335/4335/4335 4322/4322/4322 4330/4330/4330
f 4344/4344/4344 4323/4323/4323 4317/4317/4317
f 4344/4344/4344 4332/4332/4332 4323/4323/4323
f 4303/4303/4303 4306/4306/4306 4333/4333/4333
f 4303/4303/4303 4336/4336/4336 4339/4339/4339
f 4303/4303/4303 4333/4333/4333 4336/4336/4336
f 4341/4341/4341 4331/4331/4331 4343/4343/4343
f 4341/4341/4341 4338/4338/4338 4331/4331/4331
f 4304/4304/4304 4342/4342/4342 4315/4315/4315
f 4304/4304/4304 4340/4340/4340 4342/4342/4342
f 4350/4350/4350 4357/4357/4357 4361/4361/4361
f 4350/4350/4350 4346/4346/4346 4357/4357/4357
f 4348/4348/4348 4354/4354/4354 4345/4345/4345
f 4348/4348/4348 4375/4375/4375 4354/4354/4354
f 4347/4347/4347 4364/4364/4364 4358/4358/4358
f 4347/4347/4347 4353/4353/4353 4364/4364/4364
f 4345/4345/4345 4354/4354/4354 4351/4351/4351
f 4359/4359/4359 4374/4374/4374 4362/4362/4362
f 4359/4359/4359 4368/4368/4368 4374/4374/4374
f 4365/4365/4365 4368/4368/4368 4359/4359/4359
f 4371/4371/4371 4368/4368/4368 4365/4365/4365
f 4355/4355/4355 4369/4369/4369 4382/4382/4382
f 4355/4355/4355 4366/4366/4366 4369/4369/4369
f 4377/4377/4377 4367/4367/4367 4356/4356/4356
f 4377/4377/4377 4373/4373/4373 4367/4367/4367
f 4360/4360/4360 4376/4376/4376 4349/4349/4349
f 4360/4360/4360 4372/4372/4372 4376/4376/4376
f 4383/4383/4383 4378/4378/4378 4385/4385/4385
f 4383/4383/4383 4370/4370/4370 4378/4378/4378
f 4392/4392/4392 4371/4371/4371 4365/4365/4365
f 4392/4392/4392 4380/4380/4380 4371/4371/4371
f 4351/4351/4351 4354/4354/4354 4381/4381/4381
f 4351/4351/4351 4384/4384/4384 4387/4387/4387
f 4351/4351/4351 4381/4381/4381 4384/4384/4384
f 4389/4389/4389 4379/4379/4379 4391/4391/4391
f 4389/4389/4389 4386/4386/4386 4379/4379/4379
f 4352/4352/4352 4390/4390/4390 4363/4363/4363
f 4352/4352/4352 4388/4388/4388 4390/4390/4390
f 4398/4398/4398 4405/4405/4405 4409/4409/4409
f 4398/4398/4398 4394/4394/4394 4405/4405/4405
f 4396/4396/4396 4402/4402/4402 4393/4393/4393
f 4396/4396/4396 4423/4423/4423 4402/4402/4402
f 4395/4395/4395 4412/4412/4412 4406/4406/4406
f 4395/4395/4395 4401/4401/4401 4412/4412/4412
f 4393/4393/4393 4402/4402/4402 4399/4399/4399
f 4407/4407/4407 4422/4422/4422 4410/4410/4410
f 4407/4407/4407 4416/4416/4416 4422/4422/4422
f 4413/4413/4413 4416/4416/4416 4407/4407/4407
f 4419/4419/4419 4416/4416/4416 4413/4413/4413
f 4403/4403/4403 4417/4417/4417 4430/4430/4430
f 4403/4403/4403 4414/4414/4414 4417/4417/4417
f 4425/4425/4425 4415/4415/4415 4404/4404/4404
f 4425/4425/4425 4421/4421/4421 4415/4415/4415
f 4408/4408/4408 4424/4424/4424 4397/4397/4397
f 4408/4408/4408 4420/4420/4420 4424/4424/4424
f 4431/4431/4431 4426/4426/4426 4433/4433/4433
f 4431/4431/4431 4418/4418/4418 4426/4426/4426
f 4440/4440/4440 4419/4419/4419 4413/4413/4413
f 4440/4440/4440 4428/4428/4428 4419/4419/4419
f 4399/4399/4399 4402/4402/4402 4429/4429/4429
f 4399/4399/4399 4432/4432/4432 4435/4435/4435
f 4399/4399/4399 4429/4429/4429 4432/4432/4432
f 4437/4437/4437 4427/4427/4427 4439/4439/4439
f 4437/4437/4437 4434/4434/4434 4427/4427/4427
f 4400/4400/4400 4438/4438/4438 4411/4411/4411
f 4400/4400/4400 4436/4436/4436 4438/4438/4438
f 4446/4446/4446 4453/4453/4453 4457/4457/4457
f 4446/4446/4446 4442/4442/4442 4453/4453/4453
f 4444/4444/4444 4450/4450/4450 4441/4441/4441
f 4444/4444/4444 4471/4471/4471 4450/4450/4450
f 4443/4443/4443 4460/4460/4460 4454/4454/4454
f 4443/4443/4443 4449/4449/4449 4460/4460/4460
f 4441/4441/4441 4450/4450/4450 4447/4447/4447
f 4455/4455/4455 4470/4470/4470 4458/4458/4458
f 4455/4455/4455 4464/4464/4464 4470/4470/4470
f 4461/4461/4461 4464/4464/4464 4455/4455/4455
f 4467/4467/4467 4464/4464/4464 4461/4461/4461
f 4451/4451/4451 4465/4465/4465 4478/4478/4478
f 4451/4451/4451 4462/4462/4462 4465/4465/4465
f 4473/4473/4473 4463/4463/4463 4452/4452/4452
f 4473/4473/4473 4469/4469/4469 4463/4463/4463
f 4456/4456/4456 4472/4472/4472 4445/4445/4445
f 4456/4456/4456 4468/4468/4468 4472/4472/4472
f 4479/4479/4479 4474/4474/4474 4481/4481/4481
f 4479/4479/4479 4466/4466/4466 4474/4474/4474
f 4488/4488/4488 4467/4467/4467 4461/4461/4461
f 4488/4488/4488 4476/4476/4476 4467/4467/4467
f 4447/4447/4447 4450/4450/4450 4477/4477/4477
f 4447/4447/4447 4480/4480/4480 4483/4483/4483
f 4447/4447/4447 4477/4477/4477 4480/4480/4480
f 4485/4485/4485 4475/4475/4475 4487/4487/4487
f 4485/4485/4485 4482/4482/4482 4475/4475/4475
f 4448/4448/4448 4486/4486/4486 4459/4459/4459
f 4448/4448/4448 4484/4484/4484 4486/4486/4486
f 4494/4494/4494 4501/4501/4501 4505/4505/4505
f 4494/4494/4494 4490/4490/4490 4501/4501/4501
f 4492/4492/4492 4498/4498/4498 4489/4489/4489
f 4492/4492/4492 4519/4519/4519 4498/4498/4498
f 4491/4491/4491 4508/4508/4508 4502/4502/4502
f 4491/4491/4491 4497/4497/4497 4508/4508/4508
f 4489/4489/4489 4498/4498/4498 4495/4495/4495
f 4503/4503/4503 4518/4518/4518 4506/4506/4506
f 4503/4503/4503 4512/4512/4512 4518/4518/4518
f 4509/4509/4509 4512/4512/4512 4503/4503/4503
f 4515/4515/4515 4512/4512/4512 4509/4509/4509
f 4499/4499/4499 4513/4513/4513 4526/4526/4526
f 4499/4499/4499 4510/4510/4510 4513/4513/4513
f 4521/4521/4521 4511/4511/4511 4500/4500/4500
f 4521/4521/4521 4517/4517/4517 4511/4511/4511
f 4504/4504/4504 4520/4520/4520 4493/4493/4493
f 4504/4504/4504 4516/4516/4516 4520/4520/4520
f 4527/4527/4527 4522/4522/4522 4529/4529/4529
f 4527/4527/4527 4514/4514/4514 4522/4522/4522
f 4536/4536/4536 4515/4515/4515 4509/4509/4509
f 4536/4536/4536 4524/4524/4524 4515/4515/4515
f 4495/4495/4495 4498/4498/4498 4525/4525/4525
f 4495/4495/4495 4528/4528/4528 4531/4531/4531
f 4495/4495/4495 4525/4525/4525 4528/4528/4528
f 4533/4533/4533 4523/4523/4523 4535/4535/4535
f 4533/4533/4533 4530/4530/4530 4523/4523/4523
f 4496/4496/4496 4534/4534/4534 4507/4507/4507
f 4496/4496/4496 4532/4532/4532 4534/4534/4534
f 4542/4542/4542 4549/4549/4549 4553/4553/4553
f 4542/4542/4542 4538/4538/4538 4549/4549/4549
f 4540/4540/4540 4546/4546/4546 4537/4537/4537
f 4540/4540/4540 4567/4567/4567 4546/4546/4546
f 4539/4539/4539 4556/4556/4556 4550/4550/4550
f 4539/4539/4539 4545/4545/4545 4556/4556/4556
f 4537/4537/4537 4546/4546/4546 4543/4543/4543
f 4551/4551/4551 4566/4566/4566 4554/4554/4554
f 4551/4551/4551 4560/4560/4560 4566/4566/4566
f 4557/4557/4557 4560/4560/4560 4551/4551/4551
f 4563/4563/4563 4560/4560/4560 4557/4557/4557
f 4547/4547/4547 4561/4561/4561 4574/4574/4574
f 4547/4547/4547 4558/4558/4558 4561/4561/4561
f 4569/4569/4569 4559/4559/4559 4548/4548/4548
f 4569/4569/4569 4565/4565/4565 4559/4559/4559
f 4552/4552/4552 4568/4568/4568 4541/4541/4541
f 4552/4552/4552 4564/4564/4564 4568/4568/4568
f 4575/4575/4575 4570/4570/4570 4577/4577/4577
f 4575/4575/4575 4562/4562/4562 4570/4570/4570
f 4584/4584/4584 4563/4563/4563 4557/4557/4557
f 4584/4584/4584 4572/4572/4572 4563/4563/4563
f 4543/4543/4543 4546/4546/4546 4573/4573/4573
f 4543/4543/4543 4576/4576/4576 4579/4579/4579
f 4543/4543/4543 4573/4573/4573 4576/4576/4576
f 4581/4581/4581 4571/4571/4571 4583/4583/4583
f 4581/4581/4581 4578/4578/4578 4571/4571/4571
f 4544/4544/4544 4582/4582/4582 4555/4555/4555
f 4544/4544/4544 4580/4580/4580 4582/4582/4582
f 4590/4590/4590 4597/4597/4597 4601/4601/4601
f 4590/4590/4590 4586/4586/4586 4597/4597/4597
f 4588/4588/4588 4594/4594/4594 4585/4585/4585
f 4588/4588/4588 4615/4615/4615 4594/4594/4594
f 4587/4587/4587 4604/4604/4604 4598/4598/4598
f 4587/4587/4587 4593/4593/4593 4604/4604/4604
f 4585/4585/4585 4594/4594/4594 4591/4591/4591
f 4599/4599/4599 4614/4614/4614 4602/4602/4602
f 4599/4599/4599 4608/4608/4608 4614/4614/4614
f 4605/4605/4605 4608/4608/4608 4599/4599/4599
f 4611/4611/4611 4608/4608/4608 4605/4605/4605
f 4595/4595/4595 4609/4609/4609 4622/4622/4622
f 4595/4595/4595 4606/4606/4606 4609/4609/4609
f 4617/4617/4617 4607/4607/4607 4596/4596/4596
f 4617/4617/4617 4613/4613/4613 4607/4607/4607
f 4600/4600/4600 4616/4616/4616 4589/4589/4589
f 4600/4600/4600 4612/4612/4612 4616/4616/4616
f 4623/4623/4623 4618/4618/4618 4625/4625/4625
f 4623/4623/4623 4610/4610/4610 4618/4618/4618
f 4632/4632/4632 4611/4611/4611 4605/4605/4605
f 4632/4632/4632 4620/4620/4620 4611/4611/4611
f 4591/4591/4591 4594/4594/4594 4621/4621/4621
f 4591/4591/4591 4624/4624/4624 4627/4627/4627
f 4591/4591/4591 4621/4621/4621 4624/4624/4624
f 4629/4629/4629 4619/4619/4619 4631/4631/4631
f 4629/4629/4629 4626/4626/4626 4619/4619/4619
f 4592/4592/4592 4630/4630/4630 4603/4603/4603
f 4592/4592/4592 4628/4628/4628 4630/4630/4630
f 4638/4638/4638 4645/4645/4645 4649/4649/4649
f 4638/4638/4638 4634/4634/4634 4645/4645/4645
f 4636/4636/4636 4642/4642/4642 4633/4633/4633
f 4636/4636/4636 4663/4663/4663 4642/4642/4642
f 4635/4635/4635 4652/4652/4652 4646/4646/4646
f 4635/4635/4635 4641/4641/4641 4652/4652/4652
f 4633/4633/4633 4642/4642/4642 4639/4639/4639
f 4647/4647/4647 4662/4662/4662 4650/4650/4650
f 4647/4647/4647 4656/4656/4656 4662/4662/4662
f 4653/4653/4653 4656/4656/4656 4647/4647/4647
f 4659/4659/4659 4656/4656/4656 4653/4653/4653
f 4643/4643/4643 4657/4657/4657 4670/4670/4670
f 4643/4643/4643 4654/4654/4654 4657/4657/4657
f 4665/4665/4665 4655/4655/4655 4644/4644/4644
f 4665/4665/4665 4661/4661/4661 4655/4655/4655
f 4648/4648/4648 4664/4664/4664 4637/4637/4637
f 4648/4648/4648 4660/4660/4660 4664/4664/4664
f 4671/4671/4671 4666/4666/4666 4673/4673/4673
f 4671/4671/4671 4658/4658/4658 4666/4666/4666
f 4680/4680/4680 4659/4659/4659 4653/4653/4653
f 4680/4680/4680 4668/4668/4668 4659/4659/4659
f 4639/4639/4639 4642/4642/4642 4669/4669/4669
f 4639/4639/4639 4672/4672/4672 4675/4675/4675
f 4639/4639/4639 4669/4669/4669 4672/4672/4672
f 4677/4677/4677 4667/4667/4667 4679/4679/4679
f 4677/4677/4677 4674/4674/4674 4667/4667/4667
f 4640/4640/4640 4678/4678/4678 4651/4651/4651
f 4640/4640/4640 4676/4676/4676 4678/4678/4678
f 4686/4686/4686 4693/4693/4693 4697/4697/4697
f 4686/4686/4686 4682/4682/4682 4693/4693/4693
f 4684/4684/4684 4690/4690/4690 4681/4681/4681
f 4684/4684/4684 4711/4711/4711 4690/4690/4690
f 4683/4683/4683 4700/4700/4700 4694/4694/4694
f 4683/4683/4683 4689/4689/4689 4700/4700/4700
f 4681/4681/4681 4690/4690/4690 4687/4687/4687
f 4695/4695/4695 4710/4710/4710 4698/4698/4698
f 4695/4695/4695 4704/4704/4704 4710/4710/4710
f 4701/4701/4701 4704/4704/4704 4695/4695/4695
f 4707/4707/4707 4704/4704/4704 4701/4701/4701
f 4691/4691/4691 4705/4705/4705 4718/4718/4718
f 4691/4691/4691 4702/4702/4702 4705/4705/4705
f 4713/4713/4713 4703/4703/4703 4692/4692/4692
f 4713/4713/4713 4709/4709/4709 4703/4703/4703
f 4696/4696/4696 4712/4712/4712 4685/4685/4685
f 4696/4696/4696 4708/4708/4708 4712/4712/4712
f 4719/4719/4719 4714/4714/4714 4721/4721/4721
f 4719/4719/4719 4706/4706/4706 4714/4714/4714
f 4728/4728/4728 4707/4707/4707 4701/4701/4701
f 4728/4728/4728 4716/4716/4716 4707/4707/4707
f 4687/4687/4687 4690/4690/4690 4717/4717/4717
f 4687/4687/4687 4720/4720/4720 4723/4723/4723
f 4687/4687/4687 4717/4717/4717 4720/4720/4720
f 4725/4725/4725 4715/4715/4715 4727/4727/4727
f 4725/4725/4725 4722/4722/4722 4715/4715/4715
f 4688/4688/4688 4726/4726/4726 4699/4699/4699
f 4688/4688/4688 4724/4724/4724 4726/4726/4726
f 4734/4734/4734 4741/4741/4741 4745/4745/4745
f 4734/4734/4734 4730/4730/4730 4741/4741/4741
f 4732/4732/4732 4738/4738/4738 4729/4729/4729
f 4732/4732/4732 4759/4759/4759 4738/4738/4738
f 4731/4731/4731 4748/4748/4748 4742/4742/4742
f 4731/4731/4731 4737/4737/4737 4748/4748/4748
f 4729/4729/4729 4738/4738/4738 4735/4735/4735
f 4743/4743/4743 4758/4758/4758 4746/4746/4746
f 4743/4743/4743 4752/4752/4752 4758/4758/4758
f 4749/4749/4749 4752/4752/4752 4743/4743/4743
f 4755/4755/4755 4752/4752/4752 4749/4749/4749
f 4739/4739/4739 4753/4753/4753 4766/4766/4766
f 4739/4739/4739 4750/4750/4750 4753/4753/4753
f 4761/4761/4761 4751/4751/4751 4740/4740/4740
f 4761/4761/4761 4757/4757/4757 4751/4751/4751
f 4744/4744/4744 4760/4760/4760 4733/4733/4733
f 4744/4744/4744 4756/4756/4756 4760/4760/4760
f 4767/4767/4767 4762/4762/4762 4769/4769/4769
f 4767/4767/4767 4754/4754/4754 4762/4762/4762
f 4776/4776/4776 4755/4755/4755 4749/4749/4749
f 4776/4776/4776 4764/4764/4764 4755/4755/4755
f 4735/4735/4735 4738/4738/4738 4765/4765/4765
f 4735/4735/4735 4768/4768/4768 4771/4771/4771
f 4735/4735/4735 4765/4765/4765 4768/4768/4768
f 4773/4773/4773 4763/4763/4763 4775/4775/4775
f 4773/4773/4773 4770/4770/4770 4763/4763/4763
f 4736/4736/4736 4774/4774/4774 4747/4747/4747
f 4736/4736/4736 4772/4772/4772 4774/4774/4774
f 4778/4778/4778 4798/4798/4798 4784/4784/4784
f 4778/4778/4778 4780/4780/4780 4798/4798/4798
f 4779/4779/4779 4789/4789/4789 4781/4781/4781
f 4779/4779/4779 4787/4787/4787 4789/4789/4789
f 4783/4783/4783 4786/4786/4786 4777/4777/4777
f 4783/4783/4783 4792/4792/4792 4786/4786/4786
f 4788/4788/4788 4796/4796/4796 4790/4790/4790
f 4788/4788/4788 4794/4794/4794 4796/4796/4796
f 4799/4799/4799 4793/4793/4793 4785/4785/4785
f 4799/4799/4799 4795/4795/4795 4793/4793/4793
f 4782/4782/4782 4797/4797/4797 4800/4800/4800
f 4782/4782/4782 4791/4791/4791 4797/4797/4797
f 4802/4802/4802 4822/4822/4822 4808/4808/4808
f 4802/4802/4802 4804/4804/4804 4822/4822/4822
f 4803/4803/4803 4813/4813/4813 4805/4805/4805
f 4803/4803/4803 4811/4811/4811 4813/4813/4813
f 4807/4807/4807 4810/4810/4810 4801/4801/4801
f 4807/4807/4807 4816/4816/4816 4810/4810/4810
f 4812/4812/4812 4820/4820/4820 4814/4814/4814
f 4812/4812/4812 4818/4818/4818 4820/4820/4820
f 4823/4823/4823 4817/4817/4817 4809/4809/4809
f 4823/4823/4823 4819/4819/4819 4817/4817/4817
f 4806/4806/4806 4821/4821/4821 4824/4824/4824
f 4806/4806/4806 4815/4815/4815 4821/4821/4821
f 4826/4826/4826 4846/4846/4846 4832/4832/4832
f 4826/4826/4826 4828/4828/4828 4846/4846/4846
f 4827/4827/4827 4837/4837/4837 4829/4829/4829
f 4827/4827/4827 4835/4835/4835 4837/4837/4837
f 4831/4831/4831 4834/4834/4834 4825/4825/4825
f 4831/4831/4831 4840/4840/4840 4834/4834/4834
f 4836/4836/4836 4844/4844/4844 4838/4838/4838
f 4836/4836/4836 4842/4842/4842 4844/4844/4844
f 4847/4847/4847 4841/4841/4841 4833/4833/4833
f 4847/4847/4847 4843/4843/4843 4841/4841/4841
f 4830/4830/4830 4845/4845/4845 4848/4848/4848
f 4830/4830/4830 4839/4839/4839 4845/4845/4845
f 4850/4850/4850 4870/4870/4870 4856/4856/4856
f 4850/4850/4850 4852/4852/4852 4870/4870/4870
f 4851/4851/4851 4861/4861/4861 4853/4853/4853
f 4851/4851/4851 4859/4859/4859 4861/4861/4861
f 4855/4855/4855 4858/4858/4858 4849/4849/4849
f 4855/4855/4855 4864/4864/4864 4858/4858/4858
f 4860/4860/4860 4868/4868/4868 4862/4862/4862
f 4860/4860/4860 4866/4866/4866 4868/4868/4868
f 4871/4871/4871 4865/4865/4865 4857/4857/4857
f 4871/4871/4871 4867/4867/4867 4865/4865/4865
f 4854/4854/4854 4869/4869/4869 4872/4872/4872
f 4854/4854/4854 4863/4863/4863 4869/4869/4869
f 4874/4874/4874 4894/4894/4894 4880/4880/4880
f 4874/4874/4874 4876/4876/4876 4894/4894/4894
f 4875/4875/4875 4885/4885/4885 4877/4877/4877
f 4875/4875/4875 4883/4883/4883 4885/4885/4885
f 4879/4879/4879 4882/4882/4882 4873/4873/4873
f 4879/4879/4879 4888/4888/4888 4882/4882/4882
f 4884/4884/4884 4892/4892/4892 4886/4886/4886
f 4884/4884/4884 4890/4890/4890 4892/4892/4892
f 4895/4895/4895 4889/4889/4889 4881/4881/4881
f 4895/4895/4895 4891/4891/4891 4889/4889/4889
f 4878/4878/4878 4893/4893/4893 4896/4896/4896
f 4878/4878/4878 4887/4887/4887 4893/4893/4893
f 4898/4898/4898 4918/4918/4918 4904/4904/4904
f 4898/4898/4898 4900/4900/4900 4918/4918/4918
f 4899/4899/4899 4909/4909/4909 4901/4901/4901
f 4899/4899/4899 4907/4907/4907 4909/4909/4909
f 4903/4903/4903 4906/4906/4906 4897/4897/4897
f 4903/4903/4903 4912/4912/4912 4906/4906/4906
f 4908/4908/4908 4916/4916/4916 4910/4910/4910
f 4908/4908/4908 4914/4914/4914 4916/4916/4916
f 4919/4919/4919 4913/4913/4913 4905/4905/4905
f 4919/4919/4919 4915/4915/4915 4913/4913/4913
f 4902/4902/4902 4917/4917/4917 4920/4920/4920
f 4902/4902/4902 4911/4911/4911 4917/4917/4917
f 4922/4922/4922 4942/4942/4942 4928/4928/4928
f 4922/4922/4922 4924/4924/4924 4942/4942/4942
f 4923/4923/4923 4933/4933/4933 4925/4925/4925
f 4923/4923/4923 4931/4931/4931 4933/4933/4933
f 4927/4927/4927 4930/4930/4930 4921/4921/4921
f 4927/4927/4927 4936/4936/4936 4930/4930/4930
f 4932/4932/4932 4940/4940/4940 4934/4934/4934
f 4932/4932/4932 4938/4938/4938 4940/4940/4940
f 4943/4943/4943 4937/4937/4937 4929/4929/4929
f 4943/4943/4943 4939/4939/4939 4937/4937/4937
f 4926/4926/4926 4941/4941/4941 4944/4944/4944
f 4926/4926/4926 4935/4935/4935 4941/4941/4941
f 4946/4946/4946 4966/4966/4966 4952/4952/4952
f 4946/4946/4946 4948/4948/4948 4966/4966/4966
f 4947/4947/4947 4957/4957/4957 4949/4949/4949
f 4947/4947/4947 4955/4955/4955 4957/4957/4957
f 4951/4951/4951 4954/4954/4954 4945/4945/4945
f 4951/4951/4951 4960/4960/4960 4954/4954/4954
f 4956/4956/4956 4964/4964/4964 4958/4958/4958
f 4956/4956/4956 4962/4962/4962 4964/4964/4964
f 4967/4967/4967 4961/4961/4961 4953/4953/4953
f 4967/4967/4967 4963/4963/4963 4961/4961/4961
f 4950/4950/4950 4965/4965/4965 4968/4968/4968
f 4950/4950/4950 4959/4959/4959 4965/4965/4965
f 4970/4970/4970 4990/4990/4990 4976/4976/4976
f 4970/4970/4970 4972/4972/4972 4990/4990/4990
f 4971/4971/4971 4981/4981/4981 4973/4973/4973
f 4971/4971/4971 4979/4979/4979 4981/4981/4981
f 4975/4975/4975 4978/4978/4978 4969/4969/4969
f 4975/4975/4975 4984/4984/4984 4978/4978/4978
f 4980/4980/4980 4988/4988/4988 4982/4982/4982
f 4980/4980/4980 4986/4986/4986 4988/4988/4988
f 4991/4991/4991 4985/4985/4985 4977/4977/4977
f 4991/4991/4991 4987/4987/4987 4985/4985/4985
f 4974/4974/4974 4989/4989/4989 4992/4992/4992
f 4974/4974/4974 4983/4983/4983 4989/4989/4989
f 4994/4994/4994 5014/5014/5014 5000/5000/5000
f 4994/4994/4994 4996/4996/4996 5014/5014/5014
f 4995/4995/4995 5005/5005/5005 4997/4997/4997
f 4995/4995/4995 5003/5003/5003 5005/5005/5005
f 4999/4999/4999 5002/5002/5002 4993/4993/4993
f 4999/4999/4999 5008/5008/5008 5002/5002/5002
f 5004/5004/5004 5012/5012/5012 5006/5006/5006
f 5004/5004/5004 5010/5010/5010 5012/5012/5012
f 5015/5015/5015 5009/5009/5009 5001/5001/5001
f 5015/5015/5015 5011/5011/5011 5009/5009/5009
f 4998/4998/4998 5013/5013/5013 5016/5016/5016
f 4998/4998/4998 5007/5007/5007 5013/5013/5013
f 5018/5018/5018 5038/5038/5038 5024/5024/5024
f 5018/5018/5018 5020/5020/5020 5038/5038/5038
f 5019/5019/5019 5029/5029/5029 5021/5021/5021
f 5019/5019/5019 5027/5027/5027 5029/5029/5029
f 5023/5023/5023 5026/5026/5026 5017/5017/5017
f 5023/5023/5023 5032/5032/5032 5026/5026/5026
f 5028/5028/5028 5036/5036/5036 5030/5030/5030
f 5028/5028/5028 5034/5034/5034 5036/5036/5036
f 5039/5039/5039 5033/5033/5033 5025/5025/5025
f 5039/5039/5039 5035/5035/5035 5033/5033/5033
f 5022/5022/5022 5037/5037/5037 5040/5040/5040
f 5022/5022/5022 5031/5031/5031 5037/5037/5037
f 5042/5042/5042 5062/5062/5062 5048/5048/5048
f 5042/5042/5042 5044/5044/5044 5062/5062/5062
f 5043/5043/5043 5053/5053/5053 5045/5045/5045
f 5043/5043/5043 5051/5051/5051 5053/5053/5053
f 5047/5047/5047 5050/5050/5050 5041/5041/5041
f 5047/5047/5047 5056/5056/5056 5050/5050/5050
f 5052/5052/5052 5060/5060/5060 5054/5054/5054
f 5052/5052/5052 5058/5058/5058 5060/5060/5060
f 5063/5063/5063 5057/5057/5057 5049/5049/5049
f 5063/5063/5063 5059/5059/5059 5057/5057/5057
f 5046/5046/5046 5061/5061/5061 5064/5064/5064
f 5046/5046/5046 5055/5055/5055 5061/5061/5061
f 5066/5066/5066 5086/5086/5086 5072/5072/5072
f 5066/5066/5066 5068/5068/5068 5086/5086/5086
f 5067/5067/5067 5077/5077/5077 5069/5069/5069
f 5067/5067/5067 5075/5075/5075 5077/5077/5077
f 5071/5071/5071 5074/5074/5074 5065/5065/5065
f 5071/5071/5071 5080/5080/5080 5074/5074/5074
f 5076/5076/5076 5084/5084/5084 5078/5078/5078
f 5076/5076/5076 5082/5082/5082 5084/5084/5084
f 5087/5087/5087 5081/5081/5081 5073/5073/5073
f 5087/5087/5087 5083/5083/5083 5081/5081/5081
f 5070/5070/5070 5085/5085/5085 5088/5088/5088
f 5070/5070/5070 5079/5079/5079 5085/5085/5085
f 5090/5090/5090 5110/5110/5110 5096/5096/5096
f 5090/5090/5090 5092/5092/5092 5110/5110/5110
f 5091/5091/5091 5101/5101/5101 5093/5093/5093
f 5091/5091/5091 5099/5099/5099 5101/5101/5101
f 5095/5095/5095 5098/5098/5098 5089/5089/5089
f 5095/5095/5095 5104/5104/5104 5098/5098/5098
f 5100/5100/5100 5108/5108/5108 5102/5102/5102
f 5100/5100/5100 5106/5106/5106 5108/5108/5108
f 5111/5111/5111 5105/5105/5105 5097/5097/5097
f 5111/5111/5111 5107/5107/5107 5105/5105/5105
f 5094/5094/5094 5109/5109/5109 5112/5112/5112
f 5094/5094/5094 5103/5103/5103 5109/5109/5109
f 5118/5118/5118 5125/5125/5125 5114/5114/5114
f 5118/5118/5118 5129/5129/5129 5125/5125/5125
f 5116/5116/5116 5122/5122/5122 5143/5143/5143
f 5116/5116/5116 5113/5113/5113 5122/5122/5122
f 5115/5115/5115 5132/5132/5132 5121/5121/5121
f 5115/5115/5115 5126/5126/5126 5132/5132/5132
f 5113/5113/5113 5119/5119/5119 5122/5122/5122
f 5127/5127/5127 5142/5142/5142 5136/5136/5136
f 5127/5127/5127 5130/5130/5130 5142/5142/5142
f 5133/5133/5133 5127/5127/5127 5136/5136/5136
f 5139/5139/5139 5133/5133/5133 5136/5136/5136
f 5123/5123/5123 5137/5137/5137 5134/5134/5134
f 5123/5123/5123 5150/5150/5150 5137/5137/5137
f 5145/5145/5145 5135/5135/5135 5141/5141/5141
f 5145/5145/5145 5124/5124/5124 5135/5135/5135
f 5128/5128/5128 5144/5144/5144 5140/5140/5140
f 5128/5128/5128 5117/5117/5117 5144/5144/5144
f 5151/5151/5151 5146/5146/5146 5138/5138/5138
f 5151/5151/5151 5153/5153/5153 5146/5146/5146
f 5160/5160/5160 5139/5139/5139 5148/5148/5148
f 5160/5160/5160 5133/5133/5133 5139/5139/5139
f 5119/5119/5119 5149/5149/5149 5122/5122/5122
f 5119/5119/5119 5152/5152/5152 5149/5149/5149
f 5119/5119/5119 5155/5155/5155 5152/5152/5152
f 5157/5157/5157 5147/5147/5147 5154/5154/5154
f 5157/5157/5157 5159/5159/5159 5147/5147/5147
f 5120/5120/5120 5158/5158/5158 5156/5156/5156
f 5120/5120/5120 5131/5131/5131 5158/5158/5158
f 5166/5166/5166 5173/5173/5173 5162/5162/5162
f 5166/5166/5166 5177/5177/5177 5173/5173/5173
f 5164/5164/5164 5170/5170/5170 5191/5191/5191
f 5164/5164/5164 5161/5161/5161 5170/5170/5170
f 5163/5163/5163 5180/5180/5180 5169/5169/5169
f 5163/5163/5163 5174/5174/5174 5180/5180/5180
f 5161/5161/5161 5167/5167/5167 5170/5170/5170
f 5175/5175/5175 5190/5190/5190 5184/5184/5184
f 5175/5175/5175 5178/5178/5178 5190/5190/5190
f 5181/5181/5181 5175/5175/5175 5184/5184/5184
f 5187/5187/5187 5181/5181/5181 5184/5184/5184
f 5171/5171/5171 5185/5185/5185 5182/5182/5182
f 5171/5171/5171 5198/5198/5198 5185/5185/5185
f 5193/5193/5193 5183/5183/5183 5189/5189/5189
f 5193/5193/5193 5172/5172/5172 5183/5183/5183
f 5176/5176/5176 5192/5192/5192 5188/5188/5188
f 5176/5176/5176 5165/5165/5165 5192/5192/5192
f 5199/5199/5199 5194/5194/5194 5186/5186/5186
f 5199/5199/5199 5201/5201/5201 5194/5194/5194
f 5208/5208/5208 5187/5187/5187 5196/5196/5196
f 5208/5208/5208 5181/5181/5181 5187/5187/5187
f 5167/5167/5167 5197/5197/5197 5170/5170/5170
f 5167/5167/5167 5200/5200/5200 5197/5197/5197
f 5167/5167/5167 5203/5203/5203 5200/5200/5200
f 5205/5205/5205 5195/5195/5195 5202/5202/5202
f 5205/5205/5205 5207/5207/5207 5195/5195/5195
f 5168/5168/5168 5206/5206/5206 5204/5204/5204
f 5168/5168/5168 5179/5179/5179 5206/5206/5206
f 5214/5214/5214 5221/5221/5221 5210/5210/5210
f 5214/5214/5214 5225/5225/5225 5221/5221/5221
f 5212/5212/5212 5218/5218/5218 5239/5239/5239
f 5212/5212/5212 5209/5209/5209 5218/5218/5218
f 5211/5211/5211 5228/5228/5228 5217/5217/5217
f 5211/5211/5211 5222/5222/5222 5228/5228/5228
f 5209/5209/5209 5215/5215/5215 5218/5218/5218
f 5223/5223/5223 5238/5238/5238 5232/5232/5232
f 5223/5223/5223 5226/5226/5226 5238/5238/5238
f 5229/5229/5229 5223/5223/5223 5232/5232/5232
f 5235/5235/5235 5229/5229/5229 5232/5232/5232
f 5219/5219/5219 5233/5233/5233 5230/5230/5230
f 5219/5219/5219 5246/5246/5246 5233/5233/5233
f 5241/5241/5241 5231/5231/5231 5237/5237/5237
f 5241/5241/5241 5220/5220/5220 5231/5231/5231
f 5224/5224/5224 5240/5240/5240 5236/5236/5236
f 5224/5224/5224 5213/5213/5213 5240/5240/5240
f 5247/5247/5247 5242/5242/5242 5234/5234/5234
f 5247/5247/5247 5249/5249/5249 5242/5242/5242
f 5256/5256/5256 5235/5235/5235 5244/5244/5244
f 5256/5256/5256 5229/5229/5229 5235/5235/5235
f 5215/5215/5215 5245/5245/5245 5218/5218/5218
f 5215/5215/5215 5248/5248/5248 5245/5245/5245
f 5215/5215/5215 5251/5251/5251 5248/5248/5248
f 5253/5253/5253 5243/5243/5243 5250/5250/5250
f 5253/5253/5253 5255/5255/5255 5243/5243/5243
f 5216/5216/5216 5254/5254/5254 5252/5252/5252
f 5216/5216/5216 5227/5227/5227 5254/5254/5254
f 5262/5262/5262 5269/5269/5269 5258/5258/5258
f 5262/5262/5262 5273/5273/5273 5269/5269/5269
f 5260/5260/5260 5266/5266/5266 5287/5287/5287
f 5260/5260/5260 5257/5257/5257 5266/5266/5266
f 5259/5259/5259 5276/5276/5276 5265/5265/5265
f 5259/5259/5259 5270/5270/5270 5276/5276/5276
f 5257/5257/5257 5263/5263/5263 5266/5266/5266
f 5271/5271/5271 5286/5286/5286 5280/5280/5280
f 5271/5271/5271 5274/5274/5274 5286/5286/5286
f 5277/5277/5277 5271/5271/5271 5280/5280/5280
f 5283/5283/5283 5277/5277/5277 5280/5280/5280
f 5267/5267/5267 5281/5281/5281 5278/5278/5278
f 5267/5267/5267 5294/5294/5294 5281/5281/5281
f 5289/5289/5289 5279/5279/5279 5285/5285/5285
f 5289/5289/5289 5268/5268/5268 5279/5279/5279
f 5272/5272/5272 5288/5288/5288 5284/5284/5284
f 5272/5272/5272 5261/5261/5261 5288/5288/5288
f 5295/5295/5295 5290/5290/5290 5282/5282/5282
f 5295/5295/5295 5297/5297/5297 5290/5290/5290
f 5304/5304/5304 5283/5283/5283 5292/5292/5292
f 5304/5304/5304 5277/5277/5277 5283/5283/5283
f 5263/5263/5263 5293/5293/5293 5266/5266/5266
f 5263/5263/5263 5296/5296/5296 5293/5293/5293
f 5263/5263/5263 5299/5299/5299 5296/5296/5296
f 5301/5301/5301 5291/5291/5291 5298/5298/5298
f 5301/5301/5301 5303/5303/5303 5291/5291/5291
f 5264/5264/5264 5302/5302/5302 5300/5300/5300
f 5264/5264/5264 5275/5275/5275 5302/5302/5302
f 5310/5310/5310 5317/5317/5317 5306/5306/5306
f 5310/5310/5310 5321/5321/5321 5317/5317/5317
f 5308/5308/5308 5314/5314/5314 5335/5335/5335
f 5308/5308/5308 5305/5305/5305 5314/5314/5314
f 5307/5307/5307 5324/5324/5324 5313/5313/5313
f 5307/5307/5307 5318/5318/5318 5324/5324/5324
f 5305/5305/5305 5311/5311/5311 5314/5314/5314
f 5319/5319/5319 5334/5334/5334 5328/5328/5328
f 5319/5319/5319 5322/5322/5322 5334/5334/5334
f 5325/5325/5325 5319/5319/5319 5328/5328/5328
f 5331/5331/5331 5325/5325/5325 5328/5328/5328
f 5315/5315/5315 5329/5329/5329 5326/5326/5326
f 5315/5315/5315 5342/5342/5342 5329/5329/5329
f 5337/5337/5337 5327/5327/5327 5333/5333/5333
f 5337/5337/5337 5316/5316/5316 5327/5327/5327
f 5320/5320/5320 5336/5336/5336 5332/5332/5332
f 5320/5320/5320 5309/5309/5309 5336/5336/5336
f 5343/5343/5343 5338/5338/5338 5330/5330/5330
f 5343/5343/5343 5345/5345/5345 5338/5338/5338
f 5352/5352/5352 5331/5331/5331 5340/5340/5340
f 5352/5352/5352 5325/5325/5325 5331/5331/5331
f 5311/5311/5311 5341/5341/5341 5314/5314/5314
f 5311/5311/5311 5344/5344/5344 5341/5341/5341
f 5311/5311/5311 5347/5347/5347 5344/5344/5344
f 5349/5349/5349 5339/5339/5339 5346/5346/5346
f 5349/5349/5349 5351/5351/5351 5339/5339/5339
f 5312/5312/5312 5350/5350/5350 5348/5348/5348
f 5312/5312/5312 5323/5323/5323 5350/5350/5350
f 5358/5358/5358 5365/5365/5365 5354/5354/5354
f 5358/5358/5358 5369/5369/5369 5365/5365/5365
f 5356/5356/5356 5362/5362/5362 5383/5383/5383
f 5356/5356/5356 5353/5353/5353 5362/5362/5362
f 5355/5355/5355 5372/5372/5372 5361/5361/5361
f 5355/5355/5355 5366/5366/5366 5372/5372/5372
f 5353/5353/5353 5359/5359/5359 5362/5362/5362
f 5367/5367/5367 5382/5382/5382 5376/5376/5376
f 5367/5367/5367 5370/5370/5370 5382/5382/5382
f 5373/5373/5373 5367/5367/5367 5376/5376/5376
f 5379/5379/5379 5373/5373/5373 5376/5376/5376
f 5363/5363/5363 5377/5377/5377 5374/5374/5374
f 5363/5363/5363 5390/5390/5390 5377/5377/5377
f 5385/5385/5385 5375/5375/5375 5381/5381/5381
f 5385/5385/5385 5364/5364/5364 5375/5375/5375
f 5368/5368/5368 5384/5384/5384 5380/5380/5380
f 5368/5368/5368 5357/5357/5357 5384/5384/5384
f 5391/5391/5391 5386/5386/5386 5378/5378/5378
f 5391/5391/5391 5393/5393/5393 5386/5386/5386
f 5400/5400/5400 5379/5379/5379 5388/5388/5388
f 5400/5400/5400 5373/5373/5373 5379/5379/5379
f 5359/5359/5359 5389/5389/5389 5362/5362/5362
f 5359/5359/5359 5392/5392/5392 5389/5389/5389
f 5359/5359/5359 5395/5395/5395 5392/5392/5392
f 5397/5397/5397 5387/5387/5387 5394/5394/5394
f 5397/5397/5397 5399/5399/5399 5387/5387/5387
f 5360/5360/5360 5398/5398/5398 5396/5396/5396
f 5360/5360/5360 5371/5371/5371 5398/5398/5398
f 5406/5406/5406 5413/5413/5413 5402/5402/5402
f 5406/5406/5406 5417/5417/5417 5413/5413/5413
f 5404/5404/5404 5410/5410/5410 5431/5431/5431
f 5404/5404/5404 5401/5401/5401 5410/5410/5410
f 5403/5403/5403 5420/5420/5420 5409/5409/5409
f 5403/5403/5403 5414/5414/5414 5420/5420/5420
f 5401/5401/5401 5407/5407/5407 5410/5410/5410
f 5415/5415/5415 5430/5430/5430 5424/5424/5424
f 5415/5415/5415 5418/5418/5418 5430/5430/5430
f 5421/5421/5421 5415/5415/5415 5424/5424/5424
f 5427/5427/5427 5421/5421/5421 5424/5424/5424
f 5411/5411/5411 5425/5425/5425 5422/5422/5422
f 5411/5411/5411 5438/5438/5438 5425/5425/5425
f 5433/5433/5433 5423/5423/5423 5429/5429/5429
f 5433/5433/5433 5412/5412/5412 5423/5423/5423
f 5416/5416/5416 5432/5432/5432 5428/5428/5428
f 5416/5416/5416 5405/5405/5405 5432/5432/5432
f 5439/5439/5439 5434/5434/5434 5426/5426/5426
f 5439/5439/5439 5441/5441/5441 5434/5434/5434
f 5448/5448/5448 5427/5427/5427 5436/5436/5436
f 5448/5448/5448 5421/5421/5421 5427/5427/5427
f 5407/5407/5407 5437/5437/5437 5410/5410/5410
f 5407/5407/5407 5440/5440/5440 5437/5437/5437
f 5407/5407/5407 5443/5443/5443 5440/5440/5440
f 5445/5445/5445 5435/5435/5435 5442/5442/5442
f 5445/5445/5445 5447/5447/5447 5435/5435/5435
f 5408/5408/5408 5446/5446/5446 5444/5444/5444
f 5408/5408/5408 5419/5419/5419 5446/5446/5446
f 5454/5454/5454 5461/5461/5461 5450/5450/5450
f 5454/5454/5454 5465/5465/5465 5461/5461/5461
f 5452/5452/5452 5458/5458/5458 5479/5479/5479
f 5452/5452/5452 5449/5449/5449 5458/5458/5458
f 5451/5451/5451 5468/5468/5468 5457/5457/5457
f 5451/5451/5451 5462/5462/5462 5468/5468/5468
f 5449/5449/5449 5455/5455/5455 5458/5458/5458
f 5463/5463/5463 5478/5478/5478 5472/5472/5472
f 5463/5463/5463 5466/5466/5466 5478/5478/5478
f 5469/5469/5469 5463/5463/5463 5472/5472/5472
f 5475/5475/5475 5469/5469/5469 5472/5472/5472
f 5459/5459/5459 5473/5473/5473 5470/5470/5470
f 5459/5459/5459 5486/5486/5486 5473/5473/5473
f 5481/5481/5481 5471/5471/5471 5477/5477/5477
f 5481/5481/5481 5460/5460/5460 5471/5471/5471
f 5464/5464/5464 5480/5480/5480 5476/5476/5476
f 5464/5464/5464 5453/5453/5453 5480/5480/5480
f 5487/5487/5487 5482/5482/5482 5474/5474/5474
f 5487/5487/5487 5489/5489/5489 5482/5482/5482
f 5496/5496/5496 5475/5475/5475 5484/5484/5484
f 5496/5496/5496 5469/5469/5469 5475/5475/5475
f 5455/5455/5455 5485/5485/5485 5458/5458/5458
f 5455/5455/5455 5488/5488/5488 5485/5485/5485
f 5455/5455/5455 5491/5491/5491 5488/5488/5488
f 5493/5493/5493 5483/5483/5483 5490/5490/5490
f 5493/5493/5493 5495/5495/5495 5483/5483/5483
f 5456/5456/5456 5494/5494/5494 5492/5492/5492
f 5456/5456/5456 5467/5467/5467 5494/5494/5494
f 5502/5502/5502 5509/5509/5509 5498/5498/5498
f 5502/5502/5502 5513/5513/5513 5509/5509/5509
f 5500/5500/5500 5506/5506/5506 5527/5527/5527
f 5500/5500/5500 5497/5497/5497 5506/5506/5506
f 5499/5499/5499 5516/5516/5516 5505/5505/5505
f 5499/5499/5499 5510/5510/5510 5516/5516/5516
f 5497/5497/5497 5503/5503/5503 5506/5506/5506
f 5511/5511/5511 5526/5526/5526 5520/5520/5520
f 5511/5511/5511 5514/5514/5514 5526/5526/5526
f 5517/5517/5517 5511/5511/5511 5520/5520/5520
f 5523/5523/5523 5517/5517/5517 5520/5520/5520
f 5507/5507/5507 5521/5521/5521 5518/5518/5518
f 5507/5507/5507 5534/5534/5534 5521/5521/5521
f 5529/5529/5529 5519/5519/5519 5525/5525/5525
f 5529/5529/5529 5508/5508/5508 5519/5519/5519
f 5512/5512/5512 5528/5528/5528 5524/5524/5524
f 5512/5512/5512 5501/5501/5501 5528/5528/5528
f 5535/5535/5535 5530/5530/5530 5522/5522/5522
f 5535/5535/5535 5537/5537/5537 5530/5530/5530
f 5544/5544/5544 5523/5523/5523 5532/5532/5532
f 5544/5544/5544 5517/5517/5517 5523/5523/5523
f 5503/5503/5503 5533/5533/5533 5506/5506/5506
f 5503/5503/5503 5536/5536/5536 5533/5533/5533
f 5503/5503/5503 5539/5539/5539 5536/5536/5536
f 5541/5541/5541 5531/5531/5531 5538/5538/5538
f 5541/5541/5541 5543/5543/5543 5531/5531/5531
f 5504/5504/5504 5542/5542/5542 5540/5540/5540
f 5504/5504/5504 5515/5515/5515 5542/5542/5542
f 5550/5550/5550 5557/5557/5557 5546/5546/5546
f 5550/5550/5550 5561/5561/5561 5557/5557/5557
f 5548/5548/5548 5554/5554/5554 5575/5575/5575
f 5548/5548/5548 5545/5545/5545 5554/5554/5554
f 5547/5547/5547 5564/5564/5564 5553/5553/5553
f 5547/5547/5547 5558/5558/5558 5564/5564/5564
f 5545/5545/5545 5551/5551/5551 5554/5554/5554
f 5559/5559/5559 5574/5574/5574 5568/5568/5568
f 5559/5559/5559 5562/5562/5562 5574/5574/5574
f 5565/5565/5565 5559/5559/5559 5568/5568/5568
f 5571/5571/5571 5565/5565/5565 5568/5568/5568
f 5555/5555/5555 5569/5569/5569 5566/5566/5566
f 5555/5555/5555 5582/5582/5582 5569/5569/5569
f 5577/5577/5577 5567/5567/5567 5573/5573/5573
f 5577/5577/5577 5556/5556/5556 5567/5567/5567
f 5560/5560/5560 5576/5576/5576 5572/5572/5572
f 5560/5560/5560 5549/5549/5549 5576/5576/5576
f 5583/5583/5583 5578/5578/5578 5570/5570/5570
f 5583/5583/5583 5585/5585/5585 5578/5578/5578
f 5592/5592/5592 5571/5571/5571 5580/5580/5580
f 5592/5592/5592 5565/5565/5565 5571/5571/5571
f 5551/5551/5551 5581/5581/5581 5554/5554/5554
f 5551/5551/5551 5584/5584/5584 5581/5581/5581
f 5551/5551/5551 5587/5587/5587 5584/5584/5584
f 5589/5589/5589 5579/5579/5579 5586/5586/5586
f 5589/5589/5589 5591/5591/5591 5579/5579/5579
f 5552/5552/5552 5590/5590/5590 5588/5588/5588
f 5552/5552/5552 5563/5563/5563 5590/5590/5590
f 5598/5598/5598 5605/5605/5605 5594/5594/5594
f 5598/5598/5598 5609/5609/5609 5605/5605/5605
f 5596/5596/5596 5602/5602/5602 5623/5623/5623
f 5596/5596/5596 5593/5593/5593 5602/5602/5602
f 5595/5595/5595 5612/5612/5612 5601/5601/5601
f 5595/5595/5595 5606/5606/5606 5612/5612/5612
f 5593/5593/5593 5599/5599/5599 5602/5602/5602
f 5607/5607/5607 5622/5622/5622 5616/5616/5616
f 5607/5607/5607 5610/5610/5610 5622/5622/5622
f 5613/5613/5613 5607/5607/5607 5616/5616/5616
f 5619/5619/5619 5613/5613/5613 5616/5616/5616
f 5603/5603/5603 5617/5617/5617 5614/5614/5614
f 5603/5603/5603 5630/5630/5630 5617/5617/5617
f 5625/5625/5625 5615/5615/5615 5621/5621/5621
f 5625/5625/5625 5604/5604/5604 5615/5615/5615
f 5608/5608/5608 5624/5624/5624 5620/5620/5620
f 5608/5608/5608 5597/5597/5597 5624/5624/5624
f 5631/5631/5631 5626/5626/5626 5618/5618/5618
f 5631/5631/5631 5633/5633/5633 5626/5626/5626
f 5640/5640/5640 5619/5619/5619 5628/5628/5628
f 5640/5640/5640 5613/5613/5613 5619/5619/5619
f 5599/5599/5599 5629/5629/5629 5602/5602/5602
f 5599/5599/5599 5632/5632/5632 5629/5629/5629
f 5599/5599/5599 5635/5635/5635 5632/5632/5632
f 5637/5637/5637 5627/5627/5627 5634/5634/5634
f 5637/5637/5637 5639/5639/5639 5627/5627/5627
f 5600/5600/5600 5638/5638/5638 5636/5636/5636
f 5600/5600/5600 5611/5611/5611 5638/5638/5638
f 5646/5646/5646 5653/5653/5653 5642/5642/5642
f 5646/5646/5646 5657/5657/5657 5653/5653/5653
f 5644/5644/5644 5650/5650/5650 5671/5671/5671
f 5644/5644/5644 5641/5641/5641 5650/5650/5650
f 5643/5643/5643 5660/5660/5660 5649/5649/5649
f 5643/5643/5643 5654/5654/5654 5660/5660/5660
f 5641/5641/5641 5647/5647/5647 5650/5650/5650
f 5655/5655/5655 5670/5670/5670 5664/5664/5664
f 5655/5655/5655 5658/5658/5658 5670/5670/5670
f 5661/5661/5661 5655/5655/5655 5664/5664/5664
f 5667/5667/5667 5661/5661/5661 5664/5664/5664
f 5651/5651/5651 5665/5665/5665 5662/5662/5662
f 5651/5651/5651 5678/5678/5678 5665/5665/5665
f 5673/5673/5673 5663/5663/5663 5669/5669/5669
f 5673/5673/5673 5652/5652/5652 5663/5663/5663
f 5656/5656/5656 5672/5672/5672 5668/5668/5668
f 5656/5656/5656 5645/5645/5645 5672/5672/5672
f 5679/5679/5679 5674/5674/5674 5666/5666/5666
f 5679/5679/5679 5681/5681/5681 5674/5674/5674
f 5688/5688/5688 5667/5667/5667 5676/5676/5676
f 5688/5688/5688 5661/5661/5661 5667/5667/5667
f 5647/5647/5647 5677/5677/5677 5650/5650/5650
f 5647/5647/5647 5680/5680/5680 5677/5677/5677
f 5647/5647/5647 5683/5683/5683 5680/5680/5680
f 5685/5685/5685 5675/5675/5675 5682/5682/5682
f 5685/5685/5685 5687/5687/5687 5675/5675/5675
f 5648/5648/5648 5686/5686/5686 5684/5684/5684
f 5648/5648/5648 5659/5659/5659 5686/5686/5686
f 5694/5694/5694 5701/5701/5701 5690/5690/5690
f 5694/5694/5694 5705/5705/5705 5701/5701/5701
f 5692/5692/5692 5698/5698/5698 5719/5719/5719
f 5692/5692/5692 5689/5689/5689 5698/5698/5698
f 5691/5691/5691 5708/5708/5708 5697/5697/5697
f 5691/5691/5691 5702/5702/5702 5708/5708/5708
f 5689/5689/5689 5695/5695/5695 5698/5698/5698
f 5703/5703/5703 5718/5718/5718 5712/5712/5712
f 5703/5703/5703 5706/5706/5706 5718/5718/5718
f 5709/5709/5709 5703/5703/5703 5712/5712/5712
f 5715/5715/5715 5709/5709/5709 5712/5712/5712
f 5699/5699/5699 5713/5713/5713 5710/5710/5710
f 5699/5699/5699 5726/5726/5726 5713/5713/5713
f 5721/5721/5721 5711/5711/5711 5717/5717/5717
f 5721/5721/5721 5700/5700/5700 5711/5711/5711
f 5704/5704/5704 5720/5720/5720 5716/5716/5716
f 5704/5704/5704 5693/5693/5693 5720/5720/5720
f 5727/5727/5727 5722/5722/5722 5714/5714/5714
f 5727/5727/5727 5729/5729/5729 5722/5722/5722
f 5736/5736/5736 5715/5715/5715 5724/5724/5724
f 5736/5736/5736 5709/5709/5709 5715/5715/5715
f 5695/5695/5695 5725/5725/5725 5698/5698/5698
f 5695/5695/5695 5728/5728/5728 5725/5725/5725
f 5695/5695/5695 5731/5731/5731 5728/5728/5728
f 5733/5733/5733 5723/5723/5723 5730/5730/5730
f 5733/5733/5733 5735/5735/5735 5723/5723/5723
f 5696/5696/5696 5734/5734/5734 5732/5732/5732
f 5696/5696/5696 5707/5707/5707 5734/5734/5734
f 5742/5742/5742 5749/5749/5749 5738/5738/5738
f 5742/5742/5742 5753/5753/5753 5749/5749/5749
f 5740/5740/5740 5746/5746/5746 5767/5767/5767
f 5740/5740/5740 5737/5737/5737 5746/5746/5746
f 5739/5739/5739 5756/5756/5756 5745/5745/5745
f 5739/5739/5739 5750/5750/5750 5756/5756/5756
f 5737/5737/5737 5743/5743/5743 5746/5746/5746
f 5751/5751/5751 5766/5766/5766 5760/5760/5760
f 5751/5751/5751 5754/5754/5754 5766/5766/5766
f 5757/5757/5757 5751/5751/5751 5760/5760/5760
f 5763/5763/5763 5757/5757/5757 5760/5760/5760
f 5747/5747/5747 5761/5761/5761 5758/5758/5758
f 5747/5747/5747 5774/5774/5774 5761/5761/5761
f 5769/5769/5769 5759/5759/5759 5765/5765/5765
f 5769/5769/5769 5748/5748/5748 5759/5759/5759
f 5752/5752/5752 5768/5768/5768 5764/5764/5764
f 5752/5752/5752 5741/5741/5741 5768/5768/5768
f 5775/5775/5775 5770/5770/5770 5762/5762/5762
f 5775/5775/5775 5777/5777/5777 5770/5770/5770
f 5784/5784/5784 5763/5763/5763 5772/5772/5772
f 5784/5784/5784 5757/5757/5757 5763/5763/5763
f 5743/5743/5743 5773/5773/5773 5746/5746/5746
f 5743/5743/5743 5776/5776/5776 5773/5773/5773
f 5743/5743/5743 5779/5779/5779 5776/5776/5776
f 5781/5781/5781 5771/5771/5771 5778/5778/5778
f 5781/5781/5781 5783/5783/5783 5771/5771/5771
f 5744/5744/5744 5782/5782/5782 5780/5780/5780
f 5744/5744/5744 5755/5755/5755 5782/5782/5782
f 5786/5786/5786 5806/5806/5806 5792/5792/5792
f 5786/5786/5786 5788/5788/5788 5806/5806/5806
f 5787/5787/5787 5797/5797/5797 5789/5789/5789
f 5787/5787/5787 5795/5795/5795 5797/5797/5797
f 5791/5791/5791 5794/5794/5794 5785/5785/5785
f 5791/5791/5791 5800/5800/5800 5794/5794/5794
f 5796/5796/5796 5804/5804/5804 5798/5798/5798
f 5796/5796/5796 5802/5802/5802 5804/5804/5804
f 5807/5807/5807 5801/5801/5801 5793/5793/5793
f 5807/5807/5807 5803/5803/5803 5801/5801/5801
f 5790/5790/5790 5805/5805/5805 5808/5808/5808
f 5790/5790/5790 5799/5799/5799 5805/5805/5805
f 5810/5810/5810 5830/5830/5830 5816/5816/5816
f 5810/5810/5810 5812/5812/5812 5830/5830/5830
f 5811/5811/5811 5821/5821/5821 5813/5813/5813
f 5811/5811/5811 5819/5819/5819 5821/5821/5821
f 5815/5815/5815 5818/5818/5818 5809/5809/5809
f 5815/5815/5815 5824/5824/5824 5818/5818/5818
f 5820/5820/5820 5828/5828/5828 5822/5822/5822
f 5820/5820/5820 5826/5826/5826 5828/5828/5828
f 5831/5831/5831 5825/5825/5825 5817/5817/5817
f 5831/5831/5831 5827/5827/5827 5825/5825/5825
f 5814/5814/5814 5829/5829/5829 5832/5832/5832
f 5814/5814/5814 5823/5823/5823 5829/5829/5829
f 5834/5834/5834 5854/5854/5854 5840/5840/5840
f 5834/5834/5834 5836/5836/5836 5854/5854/5854
f 5835/5835/5835 5845/5845/5845 5837/5837/5837
f 5835/5835/5835 5843/5843/5843 5845/5845/5845
f 5839/5839/5839 5842/5842/5842 5833/5833/5833
f 5839/5839/5839 5848/5848/5848 5842/5842/5842
f 5844/5844/5844 5852/5852/5852 5846/5846/5846
f 5844/5844/5844 5850/5850/5850 5852/5852/5852
f 5855/5855/5855 5849/5849/5849 5841/5841/5841
f 5855/5855/5855 5851/5851/5851 5849/5849/5849
f 5838/5838/5838 5853/5853/5853 5856/5856/5856
f 5838/5838/5838 5847/5847/5847 5853/5853/5853
f 5858/5858/5858 5878/5878/5878 5864/5864/5864
f 5858/5858/5858 5860/5860/5860 5878/5878/5878
f 5859/5859/5859 5869/5869/5869 5861/5861/5861
f 5859/5859/5859 5867/5867/5867 5869/5869/5869
f 5863/5863/5863 5866/5866/5866 5857/5857/5857
f 5863/5863/5863 5872/5872/5872 5866/5866/5866
f 5868/5868/5868 5876/5876/5876 5870/5870/5870
f 5868/5868/5868 5874/5874/5874 5876/5876/5876
f 5879/5879/5879 5873/5873/5873 5865/5865/5865
f 5879/5879/5879 5875/5875/5875 5873/5873/5873
f 5862/5862/5862 5877/5877/5877 5880/5880/5880
f 5862/5862/5862 5871/5871/5871 5877/5877/5877
f 5882/5882/5882 5902/5902/5902 5888/5888/5888
f 5882/5882/5882 5884/5884/5884 5902/5902/5902
f 5883/5883/5883 5893/5893/5893 5885/5885/5885
f 5883/5883/5883 5891/5891/5891 5893/5893/5893
f 5887/5887/5887 5890/5890/5890 5881/5881/5881
f 5887/5887/5887 5896/5896/5896 5890/5890/5890
f 5892/5892/5892 5900/5900/5900 5894/5894/5894
f 5892/5892/5892 5898/5898/5898 5900/5900/5900
f 5903/5903/5903 5897/5897/5897 5889/5889/5889
f 5903/5903/5903 5899/5899/5899 5897/5897/5897
f 5886/5886/5886 5901/5901/5901 5904/5904/5904
f 5886/5886/5886 5895/5895/5895 5901/5901/5901
f 5906/5906/5906 5926/5926/5926 5912/5912/5912
f 5906/5906/5906 5908/5908/5908 5926/5926/5926
f 5907/5907/5907 5917/5917/5917 5909/5909/5909
f 5907/5907/5907 5915/5915/5915 5917/5917/5917
f 5911/5911/5911 5914/5914/5914 5905/5905/5905
f 5911/5911/5911 5920/5920/5920 5914/5914/5914
f 5916/5916/5916 5924/5924/5924 5918/5918/5918
f 5916/5916/5916 5922/5922/5922 5924/5924/5924
f 5927/5927/5927 5921/5921/5921 5913/5913/5913
f 5927/5927/5927 5923/5923/5923 5921/5921/5921
f 5910/5910/5910 5925/5925/5925 5928/5928/5928
f 5910/5910/5910 5919/5919/5919 5925/5925/5925
f 5930/5930/5930 5950/5950/5950 5936/5936/5936
f 5930/5930/5930 5932/5932/5932 5950/5950/5950
f 5931/5931/5931 5941/5941/5941 5933/5933/5933
f 5931/5931/5931 5939/5939/5939 5941/5941/5941
f 5935/5935/5935 5938/5938/5938 5929/5929/5929
f 5935/5935/5935 5944/5944/5944 5938/5938/5938
f 5940/5940/5940 5948/5948/5948 5942/5942/5942
f 5940/5940/5940 5946/5946/5946 5948/5948/5948
f 5951/5951/5951 5945/5945/5945 5937/5937/5937
f 5951/5951/5951 5947/5947/5947 5945/5945/5945
f 5934/5934/5934 5949/5949/5949 5952/5952/5952
f 5934/5934/5934 5943/5943/5943 5949/5949/5949
f 5954/5954/5954 5974/5974/5974 5960/5960/5960
f 5954/5954/5954 5956/5956/5956 5974/5974/5974
f 5955/5955/5955 5965/5965/5965 5957/5957/5957
f 5955/5955/5955 5963/5963/5963 5965/5965/5965
f 5959/5959/5959 5962/5962/5962 5953/5953/5953
f 5959/5959/5959 5968/5968/5968 5962/5962/5962
f 5964/5964/5964 5972/5972/5972 5966/5966/5966
f 5964/5964/5964 5970/5970/5970 5972/5972/5972
f 5975/5975/5975 5969/5969/5969 5961/5961/5961
f 5975/5975/5975 5971/5971/5971 5969/5969/5969
f 5958/5958/5958 5973/5973/5973 5976/5976/5976
f 5958/5958/5958 5967/5967/5967 5973/5973/5973
f 5978/5978/5978 5998/5998/5998 5984/5984/5984
f 5978/5978/5978 5980/5980/5980 5998/5998/5998
f 5979/5979/5979 5989/5989/5989 5981/5981/5981
f 5979/5979/5979 5987/5987/5987 5989/5989/5989
f 5983/5983/5983 5986/5986/5986 5977/5977/5977
f 5983/5983/5983 5992/5992/5992 5986/5986/5986
f 5988/5988/5988 5996/5996/5996 5990/5990/5990
f 5988/5988/5988 5994/5994/5994 5996/5996/5996
f 5999/5999/5999 5993/5993/5993 5985/5985/5985
f 5999/5999/5999 5995/5995/5995 5993/5993/5993
f 5982/5982/5982 5997/5997/5997 6000/6000/6000
f 5982/5982/5982 5991/5991/5991 5997/5997/5997
f 6002/6002/6002 6022/6022/6022 6008/6008/6008
f 6002/6002/6002 6004/6004/6004 6022/6022/6022
f 6003/6003/6003 6013/6013/6013 6005/6005/6005
f 6003/6003/6003 6011/6011/6011 6013/6013/6013
f 6007/6007/6007 6010/6010/6010 6001/6001/6001
f 6007/6007/6007 6016/6016/6016 6010/6010/6010
f 6012/6012/6012 6020/6020/6020 6014/6014/6014
f 6012/6012/6012 6018/6018/6018 6020/6020/6020
f 6023/6023/6023 6017/6017/6017 6009/6009/6009
f 6023/6023/6023 6019/6019/6019 6017/6017/6017
f 6006/6006/6006 6021/6021/6021 6024/6024/6024
f 6006/6006/6006 6015/6015/6015 6021/6021/6021
f 6026/6026/6026 6046/6046/6046 6032/6032/6032
f 6026/6026/6026 6028/6028/6028 6046/6046/6046
f 6027/6027/6027 6037/6037/6037 6029/6029/6029
f 6027/6027/6027 6035/6035/6035 6037/6037/6037
f 6031/6031/6031 6034/6034/6034 6025/6025/6025
f 6031/6031/6031 6040/6040/6040 6034/6034/6034
f 6036/6036/6036 6044/6044/6044 6038/6038/6038
f 6036/6036/6036 6042/6042/6042 6044/6044/6044
f 6047/6047/6047 6041/6041/6041 6033/6033/6033
f 6047/6047/6047 6043/6043/6043 6041/6041/6041
f 6030/6030/6030 6045/6045/6045 6048/6048/6048
f 6030/6030/6030 6039/6039/6039 6045/6045/6045
f 6050/6050/6050 6070/6070/6070 6056/6056/6056
f 6050/6050/6050 6052/6052/6052 6070/6070/6070
f 6051/6051/6051 6061/6061/6061 6053/6053/6053
f 6051/6051/6051 6059/6059/6059 6061/6061/6061
f 6055/6055/6055 6058/6058/6058 6049/6049/6049
f 6055/6055/6055 6064/6064/6064 6058/6058/6058
f 6060/6060/6060 6068/6068/6068 6062/6062/6062
f 6060/6060/6060 6066/6066/6066 6068/6068/6068
f 6071/6071/6071 6065/6065/6065 6057/6057/6057
f 6071/6071/6071 6067/6067/6067 6065/6065/6065
f 6054/6054/6054 6069/6069/6069 6072/6072/6072
f 6054/6054/6054 6063/6063/6063 6069/6069/6069
f 6074/6074/6074 6094/6094/6094 6080/6080/6080
f 6074/6074/6074 6076/6076/6076 6094/6094/6094
f 6075/6075/6075 6085/6085/6085 6077/6077/6077
f 6075/6075/6075 6083/6083/6083 6085/6085/6085
f 6079/6079/6079 6082/6082/6082 6073/6073/6073
f 6079/6079/6079 6088/6088/6088 6082/6082/6082
f 6084/6084/6084 6092/6092/6092 6086/6086/6086
f 6084/6084/6084 6090/6090/6090 6092/6092/6092
f 6095/6095/6095 6089/6089/6089 6081/6081/6081
f 6095/6095/6095 6091/6091/6091 6089/6089/6089
f 6078/6078/6078 6093/6093/6093 6096/6096/6096
f 6078/6078/6078 6087/6087/6087 6093/6093/6093
f 6098/6098/6098 6118/6118/6118 6104/6104/6104
f 6098/6098/6098 6100/6100/6100 6118/6118/6118
f 6099/6099/6099 6109/6109/6109 6101/6101/6101
f 6099/6099/6099 6107/6107/6107 6109/6109/6109
f 6103/6103/6103 6106/6106/6106 6097/6097/6097
f 6103/6103/6103 6112/6112/6112 6106/6106/6106
f 6108/6108/6108 6116/6116/6116 6110/6110/6110
f 6108/6108/6108 6114/6114/6114 6116/6116/6116
f 6119/6119/6119 6113/6113/6113 6105/6105/6105
f 6119/6119/6119 6115/6115/6115 6113/6113/6113
f 6102/6102/6102 6117/6117/6117 6120/6120/6120
f 6102/6102/6102 6111/6111/6111 6117/6117/6117
f 6121/6121/6121 6130/6130/6130 6124/6124/6124
f 6121/6121/6121 6127/6127/6127 6130/6130/6130
f 6129/6129/6129 6142/6142/6142 6131/6131/6131
f 6129/6129/6129 6140/6140/6140 6142/6142/6142
f 6141/6141/6141 6138/6138/6138 6144/6144/6144
f 6141/6141/6141 6135/6135/6135 6138/6138/6138
f 6134/6134/6134 6125/6125/6125 6136/6136/6136
f 6134/6134/6134 6123/6123/6123 6125/6125/6125
f 6128/6128/6128 6133/6133/6133 6139/6139/6139
f 6128/6128/6128 6122/6122/6122 6133/6133/6133
f 6143/6143/6143 6126/6126/6126 6132/6132/6132
f 6143/6143/6143 6137/6137/6137 6126/6126/6126
f 6145/6145/6145 6154/6154/6154 6148/6148/6148
f 6145/6145/6145 6151/6151/6151 6154/6154/6154
f 6152/6152/6152 6167/6167/6167 6156/6156/6156
f 6152/6152/6152 6163/6163/6163 6167/6167/6167
f 6165/6165/6165 6162/6162/6162 6168/6168/6168
f 6165/6165/6165 6159/6159/6159 6162/6162/6162
f 6157/6157/6157 6150/6150/6150 6161/6161/6161
f 6157/6157/6157 6146/6146/6146 6150/6150/6150
f 6153/6153/6153 6158/6158/6158 6164/6164/6164
f 6153/6153/6153 6147/6147/6147 6158/6158/6158
f 6166/6166/6166 6149/6149/6149 6155/6155/6155
f 6166/6166/6166 6160/6160/6160 6149/6149/6149
