# CC0 model adapted from https://polyhaven.com/a/wooden_crate_02
# Coordinates baked to Z-up; see SOURCES.json for source nodes and transforms.
mtllib wooden_crate.mtl
o wooden_crate_02_crate
v -0.24974187 0.47478572 -0.21785912
v -0.19936359 0.47596219 0.21330375
v -0.19936359 0.47596219 0.21330375
v -0.19884904 0.47478572 0.21213192
v -0.19884904 0.47478572 0.21213192
v -0.19896922 0.47513029 0.21296052
v -0.19896922 0.47513029 0.21296052
v -0.19896922 0.47513029 0.21296052
v -0.19896922 0.47513029 0.21296052
v -0.24707457 0.49999997 -0.21584366
v -0.24968083 0.49433693 -0.21695304
v -0.24886604 0.49834153 -0.21586547
v -0.24886604 0.49834153 -0.21586547
v -0.21976317 0.49999997 0.19033182
v -0.21290262 0.49115559 0.21330372
v -0.21290262 0.49115559 0.21330372
v -0.22225505 0.49445781 0.1901942
v -0.2136884 0.49909255 0.20881999
v -0.2136884 0.49909255 0.20881999
v -0.21790028 0.495671 0.20910899
v -0.21790028 0.495671 0.20910899
v -0.21790028 0.495671 0.20910899
v -0.21790028 0.495671 0.20910899
v -0.22013055 0.48342326 0.21065552
v -0.22013055 0.48342326 0.21065552
v -0.22161715 0.49838403 0.1887951
v -0.22161715 0.49838403 0.1887951
v -0.22606745 0.47478572 -0.22071088
v -0.22606745 0.47478572 -0.22071088
v -0.22612908 0.47576615 -0.22169127
v -0.22612908 0.47576615 -0.22169127
v -0.22611104 0.47507283 -0.22140412
v -0.22611104 0.47507283 -0.22140412
v -0.22612892 0.49882349 -0.22169127
v -0.22612892 0.49882349 -0.22169127
v -0.22681518 0.49999997 -0.22071088
v -0.22632991 0.4996554 -0.22140413
v -0.22632991 0.4996554 -0.22140413
v -0.22632991 0.4996554 -0.22140413
v -0.22632991 0.4996554 -0.22140413
v -0.19938882 0.49999997 0.20652068
v -0.19893245 0.49441561 0.21330375
v -0.19905828 0.49878785 0.21198467
v -0.19905828 0.49878785 0.21198467
v -0.21411054 0.47499552 0.21330375
v -0.2213694 0.47478566 0.20334215
v -0.2198216 0.47478566 0.21045981
v -0.2198216 0.47478566 0.21045981
v -0.22907986 0.46770462 -0.23197728
v -0.2261291 0.46770462 -0.22895369
v -0.22668821 0.46770462 -0.23104545
v -0.22668821 0.46770462 -0.23104545
v -0.24995071 0.47132394 -0.22586195
v -0.24638262 0.46685645 -0.23197726
v -0.24917929 0.46669427 -0.22904797
v -0.24917929 0.46669427 -0.22904797
v -0.22612892 0.49881598 -0.22660685
v -0.23042639 0.49999997 -0.22661047
v -0.22776936 0.49977508 -0.22694209
v -0.22776936 0.49977508 -0.22694209
v -0.2265227 0.48502871 -0.23029247
v -0.23109844 0.48951253 -0.23197726
v -0.22911817 0.48916873 -0.23177802
v -0.22911817 0.48916873 -0.23177802
v -0.22660188 0.49407908 -0.22917283
v -0.23264571 0.49864033 -0.23086524
v -0.23264571 0.49864033 -0.23086524
v -0.22965205 0.49692532 -0.23083311
v -0.22965205 0.49692532 -0.23083311
v -0.22965205 0.49692532 -0.23083311
v -0.25013512 0.47903511 -0.22648729
v -0.24491259 0.48559961 -0.23197726
v -0.24868172 0.48066184 -0.22914744
v -0.24868172 0.48066184 -0.22914744
v -0.24521479 0.49999997 -0.22364341
v -0.25001922 0.49435547 -0.22456601
v -0.24910177 0.49829385 -0.22382957
v -0.24910177 0.49829385 -0.22382957
v -0.25000361 0.48857293 -0.22659028
v -0.24072908 0.49864033 -0.23061758
v -0.24072908 0.49864033 -0.23061758
v -0.24584618 0.49607179 -0.22846912
v -0.24584618 0.49607179 -0.22846912
v -0.24584618 0.49607179 -0.22846912
v -0.22612908 0.47480801 -0.22169127
v -0.22612897 0.49185738 -0.22544208
v -0.20909856 0.49592701 0.21330372
v -0.21387605 0.4809514 0.21330375
v 0.24974187 0.47478572 -0.21785912
v 0.19936359 0.47596219 0.21330375
v 0.19936359 0.47596219 0.21330375
v 0.19884904 0.47478572 0.21213192
v 0.19884904 0.47478572 0.21213192
v 0.19896922 0.47513029 0.21296052
v 0.19896922 0.47513029 0.21296052
v 0.19896922 0.47513029 0.21296052
v 0.19896922 0.47513029 0.21296052
v 0.24707457 0.49999997 -0.21584366
v 0.24968083 0.49433693 -0.21695304
v 0.24886604 0.49834153 -0.21586547
v 0.24886604 0.49834153 -0.21586547
v 0.21976317 0.49999997 0.19033182
v 0.21290262 0.49115559 0.21330372
v 0.21290262 0.49115559 0.21330372
v 0.22225505 0.49445781 0.1901942
v 0.2136884 0.49909255 0.20881999
v 0.2136884 0.49909255 0.20881999
v 0.21790028 0.495671 0.20910899
v 0.21790028 0.495671 0.20910899
v 0.21790028 0.495671 0.20910899
v 0.21790028 0.495671 0.20910899
v 0.22013055 0.48342326 0.21065552
v 0.22013055 0.48342326 0.21065552
v 0.22161715 0.49838403 0.1887951
v 0.22161715 0.49838403 0.1887951
v 0.22606745 0.47478572 -0.22071088
v 0.22606745 0.47478572 -0.22071088
v 0.22612908 0.47576615 -0.22169127
v 0.22612908 0.47576615 -0.22169127
v 0.22611104 0.47507283 -0.22140412
v 0.22611104 0.47507283 -0.22140412
v 0.22612892 0.49882349 -0.22169127
v 0.22612892 0.49882349 -0.22169127
v 0.22681518 0.49999997 -0.22071088
v 0.22632991 0.4996554 -0.22140413
v 0.22632991 0.4996554 -0.22140413
v 0.22632991 0.4996554 -0.22140413
v 0.22632991 0.4996554 -0.22140413
v 0.19938882 0.49999997 0.20652068
v 0.19893245 0.49441561 0.21330375
v 0.19905828 0.49878785 0.21198467
v 0.19905828 0.49878785 0.21198467
v 0.21411054 0.47499552 0.21330375
v 0.2213694 0.47478566 0.20334215
v 0.2198216 0.47478566 0.21045981
v 0.2198216 0.47478566 0.21045981
v 0.22907986 0.46770462 -0.23197728
v 0.2261291 0.46770462 -0.22895369
v 0.22668821 0.46770462 -0.23104545
v 0.22668821 0.46770462 -0.23104545
v 0.24995071 0.47132394 -0.22586195
v 0.24638262 0.46685645 -0.23197726
v 0.24917929 0.46669427 -0.22904797
v 0.24917929 0.46669427 -0.22904797
v 0.22612892 0.49881598 -0.22660685
v 0.23042639 0.49999997 -0.22661047
v 0.22776936 0.49977508 -0.22694209
v 0.22776936 0.49977508 -0.22694209
v 0.2265227 0.48502871 -0.23029247
v 0.23109844 0.48951253 -0.23197726
v 0.22911817 0.48916873 -0.23177802
v 0.22911817 0.48916873 -0.23177802
v 0.22660188 0.49407908 -0.22917283
v 0.23264571 0.49864033 -0.23086524
v 0.23264571 0.49864033 -0.23086524
v 0.22965205 0.49692532 -0.23083311
v 0.22965205 0.49692532 -0.23083311
v 0.22965205 0.49692532 -0.23083311
v 0.25013512 0.47903511 -0.22648729
v 0.24491259 0.48559961 -0.23197726
v 0.24868172 0.48066184 -0.22914744
v 0.24868172 0.48066184 -0.22914744
v 0.24521479 0.49999997 -0.22364341
v 0.25001922 0.49435547 -0.22456601
v 0.24910177 0.49829385 -0.22441699
v 0.24910177 0.49829385 -0.22441699
v 0.25000361 0.48857293 -0.22659028
v 0.24072908 0.49864033 -0.23061758
v 0.24072908 0.49864033 -0.23061758
v 0.24650458 0.4974061 -0.22924536
v 0.24650458 0.4974061 -0.22924536
v 0.24650458 0.4974061 -0.22924536
v 0.22612908 0.47480801 -0.22169127
v 0.22612897 0.49185738 -0.22544208
v 0.20909856 0.49592701 0.21330372
v 0.21387605 0.4809514 0.21330375
v -0.24974187 -0.47478583 -0.21785912
v -0.19936359 -0.47596219 0.21330375
v -0.19936359 -0.47596219 0.21330375
v -0.19884904 -0.47478583 0.21213192
v -0.19884904 -0.47478583 0.21213192
v -0.19896922 -0.47513035 0.21296052
v -0.19896922 -0.47513035 0.21296052
v -0.19896922 -0.47513035 0.21296052
v -0.19896922 -0.47513035 0.21296052
v -0.24707457 -0.5 -0.21584366
v -0.24968083 -0.49433699 -0.21695304
v -0.24886604 -0.49834159 -0.21586547
v -0.24886604 -0.49834159 -0.21586547
v -0.21976317 -0.5 0.19033182
v -0.21290262 -0.49115565 0.21330372
v -0.21290262 -0.49115565 0.21330372
v -0.22225505 -0.49445787 0.1901942
v -0.2136884 -0.49909261 0.20881999
v -0.2136884 -0.49909261 0.20881999
v -0.21790028 -0.49567106 0.20910899
v -0.21790028 -0.49567106 0.20910899
v -0.21790028 -0.49567106 0.20910899
v -0.21790028 -0.49567106 0.20910899
v -0.22013055 -0.48342326 0.21065552
v -0.22013055 -0.48342326 0.21065552
v -0.22161715 -0.49838403 0.1887951
v -0.22161715 -0.49838403 0.1887951
v -0.22606745 -0.47478583 -0.22071088
v -0.22606745 -0.47478583 -0.22071088
v -0.22612908 -0.47576621 -0.22169127
v -0.22612908 -0.47576621 -0.22169127
v -0.22611104 -0.47507289 -0.22140412
v -0.22611104 -0.47507289 -0.22140412
v -0.22612892 -0.49882355 -0.22169127
v -0.22612892 -0.49882355 -0.22169127
v -0.22681518 -0.5 -0.22071088
v -0.22632991 -0.49965551 -0.22140413
v -0.22632991 -0.49965551 -0.22140413
v -0.22632991 -0.49965551 -0.22140413
v -0.22632991 -0.49965551 -0.22140413
v -0.19938882 -0.5 0.20652068
v -0.19893245 -0.49441567 0.21330375
v -0.19905828 -0.49878791 0.21198467
v -0.19905828 -0.49878791 0.21198467
v -0.21411054 -0.47499564 0.21330375
v -0.2213694 -0.47478572 0.20334215
v -0.2198216 -0.47478572 0.21045981
v -0.2198216 -0.47478572 0.21045981
v -0.22907986 -0.46770468 -0.23197728
v -0.2261291 -0.46770468 -0.22895369
v -0.22668821 -0.46770468 -0.23104545
v -0.22668821 -0.46770468 -0.23104545
v -0.24995071 -0.471324 -0.22586195
v -0.24638262 -0.46685651 -0.23197726
v -0.24917929 -0.46669438 -0.22904797
v -0.24917929 -0.46669438 -0.22904797
v -0.22612892 -0.49881604 -0.22660685
v -0.23042639 -0.5 -0.22661047
v -0.22776936 -0.4997752 -0.22694209
v -0.22776936 -0.4997752 -0.22694209
v -0.2265227 -0.48502877 -0.23029247
v -0.23109844 -0.48951259 -0.23197726
v -0.22911817 -0.48916879 -0.23177802
v -0.22911817 -0.48916879 -0.23177802
v -0.22660188 -0.49407914 -0.22917283
v -0.23264571 -0.49864033 -0.23086524
v -0.23264571 -0.49864033 -0.23086524
v -0.22965205 -0.49692538 -0.23083311
v -0.22965205 -0.49692538 -0.23083311
v -0.22965205 -0.49692538 -0.23083311
v -0.25013512 -0.47903517 -0.22648729
v -0.24491259 -0.48559967 -0.23197726
v -0.24868172 -0.4806619 -0.22914744
v -0.24868172 -0.4806619 -0.22914744
v -0.24521479 -0.5 -0.22364341
v -0.25001922 -0.49435547 -0.22456601
v -0.24910177 -0.49829391 -0.22382957
v -0.24910177 -0.49829391 -0.22382957
v -0.25000361 -0.48857298 -0.22659028
v -0.24255405 -0.49864033 -0.23061758
v -0.24255405 -0.49864033 -0.23061758
v -0.24800444 -0.49768844 -0.2289958
v -0.24800444 -0.49768844 -0.2289958
v -0.24800444 -0.49768844 -0.2289958
v -0.22612908 -0.47480801 -0.22169127
v -0.22612897 -0.49185744 -0.22544208
v -0.20909856 -0.49592713 0.21330372
v -0.21387605 -0.48095146 0.21330375
v 0.24974187 -0.47478583 -0.21785912
v 0.19936359 -0.47596219 0.21330375
v 0.19936359 -0.47596219 0.21330375
v 0.19884904 -0.47478583 0.21213192
v 0.19884904 -0.47478583 0.21213192
v 0.19896922 -0.47513035 0.21296052
v 0.19896922 -0.47513035 0.21296052
v 0.19896922 -0.47513035 0.21296052
v 0.19896922 -0.47513035 0.21296052
v 0.24707457 -0.5 -0.21584366
v 0.24968083 -0.49433699 -0.21695304
v 0.24886604 -0.49834159 -0.21586547
v 0.24886604 -0.49834159 -0.21586547
v 0.21976317 -0.5 0.19033182
v 0.21290262 -0.49115565 0.21330372
v 0.21290262 -0.49115565 0.21330372
v 0.22225505 -0.49445787 0.1901942
v 0.21586658 -0.49874917 0.20974312
v 0.21586658 -0.49874917 0.20974312
v 0.21927793 -0.4951562 0.20987371
v 0.21927793 -0.4951562 0.20987371
v 0.21927793 -0.4951562 0.20987371
v 0.21927793 -0.4951562 0.20987371
v 0.22013055 -0.48342326 0.21065552
v 0.22013055 -0.48342326 0.21065552
v 0.22161715 -0.49838403 0.1887951
v 0.22161715 -0.49838403 0.1887951
v 0.22606745 -0.47478583 -0.22071088
v 0.22606745 -0.47478583 -0.22071088
v 0.22612908 -0.47576621 -0.22169127
v 0.22612908 -0.47576621 -0.22169127
v 0.22611104 -0.47507289 -0.22140412
v 0.22611104 -0.47507289 -0.22140412
v 0.22612892 -0.49882355 -0.22169127
v 0.22612892 -0.49882355 -0.22169127
v 0.22681518 -0.5 -0.22071088
v 0.22632991 -0.49965551 -0.22140413
v 0.22632991 -0.49965551 -0.22140413
v 0.22632991 -0.49965551 -0.22140413
v 0.22632991 -0.49965551 -0.22140413
v 0.19938882 -0.5 0.20652068
v 0.19893245 -0.49441567 0.21330375
v 0.19905828 -0.49878791 0.21198467
v 0.19905828 -0.49878791 0.21198467
v 0.21411054 -0.47499564 0.21330375
v 0.2213694 -0.47478572 0.20334215
v 0.2198216 -0.47478572 0.21045981
v 0.2198216 -0.47478572 0.21045981
v 0.22907986 -0.46770468 -0.23197728
v 0.2261291 -0.46770468 -0.22895369
v 0.22668821 -0.46770468 -0.23104545
v 0.22668821 -0.46770468 -0.23104545
v 0.24995071 -0.471324 -0.22586195
v 0.24638262 -0.46685651 -0.23197726
v 0.24917929 -0.46669438 -0.22904797
v 0.24917929 -0.46669438 -0.22904797
v 0.22612892 -0.49881604 -0.22660685
v 0.23042639 -0.5 -0.22661047
v 0.22776936 -0.4997752 -0.22694209
v 0.22776936 -0.4997752 -0.22694209
v 0.2265227 -0.48502877 -0.23029247
v 0.23109844 -0.48951259 -0.23197726
v 0.22911817 -0.48916879 -0.23177802
v 0.22911817 -0.48916879 -0.23177802
v 0.22660188 -0.49407914 -0.22917283
v 0.23264571 -0.49864033 -0.23086524
v 0.23264571 -0.49864033 -0.23086524
v 0.22965205 -0.49692538 -0.23083311
v 0.22965205 -0.49692538 -0.23083311
v 0.22965205 -0.49692538 -0.23083311
v 0.25013512 -0.47903517 -0.22648729
v 0.24491259 -0.48559967 -0.23197726
v 0.24868172 -0.4806619 -0.22914744
v 0.24868172 -0.4806619 -0.22914744
v 0.24521479 -0.5 -0.22364341
v 0.25001922 -0.49435547 -0.22456601
v 0.24910177 -0.49829391 -0.22382957
v 0.24910177 -0.49829391 -0.22382957
v 0.25000361 -0.48857298 -0.22659028
v 0.24072908 -0.49864033 -0.23061758
v 0.24072908 -0.49864033 -0.23061758
v 0.24584618 -0.49607185 -0.22846912
v 0.24584618 -0.49607185 -0.22846912
v 0.24584618 -0.49607185 -0.22846912
v 0.22612908 -0.47480801 -0.22169127
v 0.22612897 -0.49185744 -0.22544208
v 0.21037856 -0.49606124 0.21330372
v 0.21387605 -0.48095146 0.21330375
v -0.24575794 0.49999997 -0.22294437
v -0.25 0.49573562 -0.22294437
v -0.24875753 0.49875095 -0.22294437
v -0.24875753 0.49875095 -0.22294437
v -0.25 -0.49573568 -0.22294437
v -0.24575795 -0.5 -0.22294437
v -0.24875751 -0.49875095 -0.22294437
v -0.24875751 -0.49875095 -0.22294437
v 0.24575795 -0.5 -0.22294437
v 0.25 -0.49573568 -0.22294437
v 0.24875751 -0.49875095 -0.22294437
v 0.24875751 -0.49875095 -0.22294437
v 0.25 0.49573562 -0.22294437
v 0.24575794 0.49999997 -0.22294437
v 0.24875753 0.49875095 -0.22294437
v 0.24875753 0.49875095 -0.22294437
v -0.24435107 0.4954606 -0.13131069
v -0.24002163 0.49999997 -0.13131069
v -0.24308302 0.49867043 -0.13131069
v -0.24308302 0.49867043 -0.13131069
v -0.24002163 -0.5 -0.13131069
v -0.24435107 -0.49546054 -0.13131069
v -0.24308302 -0.49867049 -0.13131069
v -0.24308302 -0.49867049 -0.13131069
v 0.24435107 -0.49546066 -0.13131069
v 0.24002163 -0.5 -0.13131069
v 0.24308302 -0.49867049 -0.13131069
v 0.24308302 -0.49867049 -0.13131069
v 0.24002163 0.49999997 -0.13131069
v 0.24435107 0.49546054 -0.13131069
v 0.24308302 0.49867043 -0.13131069
v 0.24308302 0.49867043 -0.13131069
v -0.25246871 -0.51328325 -0.15165538
v -0.25665319 -0.50904155 -0.15165538
v -0.2554276 -0.51204097 -0.15165538
v -0.2554276 -0.51204097 -0.15165538
v -0.24777572 -0.49947956 -0.13157823
v -0.24347371 -0.50395322 -0.13157823
v -0.24651568 -0.50264287 -0.13157823
v -0.24651568 -0.50264287 -0.13157823
v -0.255391 -0.50432825 -0.1397744
v -0.255391 -0.50432825 -0.1397744
v -0.24847138 -0.51225078 -0.13993964
v -0.24847138 -0.51225078 -0.13993964
v -0.25334108 -0.51061249 -0.14037121
v -0.25334108 -0.51061249 -0.14037121
v -0.25334108 -0.51061249 -0.14037121
v -0.25334108 -0.51061249 -0.14037121
v -0.25192186 -0.50172114 -0.13374653
v -0.24515228 -0.50863433 -0.13375638
v -0.25075674 -0.50743198 -0.13390034
v -0.25075674 -0.50743198 -0.13390034
v 0.25239328 0.51278377 -0.15134852
v 0.25738922 0.50564688 -0.15158739
v 0.25592974 0.51156384 -0.15207043
v 0.25592974 0.51156384 -0.15207043
v 0.2465912 0.49811873 -0.13131069
v 0.24227688 0.50261956 -0.13131069
v 0.24532753 0.50130129 -0.13131069
v 0.24532753 0.50130129 -0.13131069
v 0.25445953 0.50372875 -0.13991941
v 0.25445953 0.50372875 -0.13991941
v 0.24753085 0.51194137 -0.13941782
v 0.24753085 0.51194137 -0.13941782
v 0.25241271 0.50914407 -0.1405064
v 0.25241271 0.50914407 -0.1405064
v 0.25241271 0.50914407 -0.1405064
v 0.25241271 0.50914407 -0.1405064
v 0.25091368 0.49973199 -0.13354878
v 0.24340929 0.50833094 -0.13336162
v 0.24933363 0.50627887 -0.13341586
v 0.24933363 0.50627887 -0.13341586
v -0.24227685 0.5026195 -0.13131069
v -0.24659118 0.49811861 -0.13131069
v -0.24532753 0.50130123 -0.13131069
v -0.24532753 0.50130123 -0.13131069
v -0.25679475 0.50899881 -0.149682
v -0.25260988 0.51324052 -0.14968199
v -0.25565824 0.51197112 -0.1506827
v -0.25565824 0.51197112 -0.1506827
v -0.24012142 0.50803423 -0.13267025
v -0.25134796 0.49782184 -0.13267025
v -0.24920106 0.50760788 -0.13387056
v -0.24920106 0.50760788 -0.13387056
v -0.24650759 0.51193744 -0.13896129
v -0.24650759 0.51193744 -0.13896129
v -0.25503087 0.50295198 -0.13889027
v -0.25503087 0.50295198 -0.13889027
v -0.25345513 0.5105496 -0.13949227
v -0.25345513 0.5105496 -0.13949227
v -0.25345513 0.5105496 -0.13949227
v -0.25345513 0.5105496 -0.13949227
v 0.2429662 -0.50399375 -0.13165595
v 0.2478413 -0.49886325 -0.13164493
v 0.24638712 -0.50255334 -0.13171974
v 0.24638712 -0.50255334 -0.13171974
v 0.2572073 -0.50887132 -0.1491165
v 0.25302139 -0.51311302 -0.14911647
v 0.25601044 -0.51186466 -0.14948571
v 0.25601044 -0.51186466 -0.14948571
v 0.24530283 -0.50865185 -0.13391963
v 0.25207865 -0.50138724 -0.13387129
v 0.24928987 -0.50598347 -0.13362367
v 0.24928987 -0.50598347 -0.13362367
v 0.24850751 -0.51108479 -0.14075633
v 0.24850751 -0.51108479 -0.14075633
v 0.25483292 -0.50484598 -0.14012948
v 0.25483292 -0.50484598 -0.14012948
v 0.25301561 -0.50913465 -0.14010423
v 0.25301561 -0.50913465 -0.14010423
v 0.25301561 -0.50913465 -0.14010423
v 0.25301561 -0.50913465 -0.14010423
v 0.24950881 -0.50951922 -0.22294437
v 0.2577222 -0.51166487 -0.214251
v 0.25524607 -0.51014519 -0.21938772
v 0.25524607 -0.51014519 -0.21938772
v 0.26192036 -0.50742364 -0.21425136
v 0.26042199 -0.49888077 -0.22294437
v 0.26107651 -0.50355709 -0.2195466
v 0.26107651 -0.50355709 -0.2195466
v 0.26069185 -0.51044953 -0.21395882
v 0.26069185 -0.51044953 -0.21395882
v 0.25708523 -0.50635815 -0.22294437
v 0.25708523 -0.50635815 -0.22294437
v 0.25975385 -0.50887346 -0.21913298
v 0.25975385 -0.50887346 -0.21913298
v 0.25975385 -0.50887346 -0.21913298
v 0.25975385 -0.50887346 -0.21913298
v -0.25728622 -0.49889067 -0.22294437
v -0.26206613 -0.50740695 -0.21595025
v -0.26033771 -0.50426567 -0.21928027
v -0.26033771 -0.50426567 -0.21928027
v -0.25786778 -0.51164806 -0.21594987
v -0.24654771 -0.50685692 -0.22294437
v -0.2531949 -0.5095408 -0.22028903
v -0.2531949 -0.5095408 -0.22028903
v -0.26083642 -0.51040578 -0.21595004
v -0.26083642 -0.51040578 -0.21595004
v -0.25545096 -0.50486529 -0.22294437
v -0.25545096 -0.50486529 -0.22294437
v -0.25872383 -0.5081718 -0.21950187
v -0.25872383 -0.5081718 -0.21950187
v -0.25872383 -0.5081718 -0.21950187
v -0.25872383 -0.5081718 -0.21950187
v 0.26042196 0.50242984 -0.22294437
v 0.26218262 0.50620234 -0.2175538
v 0.26198682 0.50456697 -0.22068237
v 0.26198682 0.50456697 -0.22068237
v 0.25626969 0.51161259 -0.21756442
v 0.25228113 0.50951916 -0.22294437
v 0.25497797 0.51115716 -0.22066921
v 0.25497797 0.51115716 -0.22066921
v 0.25719368 0.50645727 -0.22294437
v 0.25719368 0.50645727 -0.22294437
v 0.26059058 0.51043576 -0.21740589
v 0.26059058 0.51043576 -0.21740589
v 0.25936374 0.50928903 -0.22068449
v 0.25936374 0.50928903 -0.22068449
v 0.25936374 0.50928903 -0.22068449
v 0.25936374 0.50928903 -0.22068449
v -0.2496718 0.50918126 -0.22294437
v -0.25819197 0.51154983 -0.21314261
v -0.25106236 0.5113883 -0.21916077
v -0.25106236 0.5113883 -0.21916077
v -0.26239115 0.50730872 -0.21314301
v -0.25543094 0.49882981 -0.22294437
v -0.25976121 0.50139827 -0.2193332
v -0.25976121 0.50139827 -0.2193332
v -0.25368261 0.50760281 -0.22266786
v -0.25368261 0.50760281 -0.22266786
v -0.26116121 0.51030767 -0.21285989
v -0.26116121 0.51030767 -0.21285989
v -0.25687322 0.50931501 -0.21865392
v -0.25687322 0.50931501 -0.21865392
v -0.25687322 0.50931501 -0.21865392
v -0.25687322 0.50931501 -0.21865392
v 0.25 -0.48341897 -0.22294437
v 0.24659118 -0.48341897 -0.13131069
v 0.25134796 -0.48341897 -0.13267025
v 0.26189148 -0.48341897 -0.2199977
v 0.26189148 -0.48341897 -0.2199977
v 0.26042196 -0.48341897 -0.22294437
v 0.24435107 -0.48341897 -0.13131069
v 0.25665319 -0.48341897 -0.14145859
v 0.25503087 -0.48341897 -0.13638464
v 0.25503087 -0.48341897 -0.13638464
v 0.26239115 -0.48341897 -0.21717109
v 0.24435107 0.48341891 -0.13131069
v 0.25665319 0.48341891 -0.14145859
v 0.25503087 0.48341891 -0.13638464
v 0.25503087 0.48341891 -0.13638464
v 0.26239115 0.48341891 -0.21717109
v 0.25 0.48341891 -0.22294437
v 0.2465912 0.48341891 -0.13131069
v 0.25134796 0.48341891 -0.13267025
v 0.26189145 0.48341891 -0.2199977
v 0.26189145 0.48341891 -0.2199977
v 0.26042196 0.48341891 -0.22294437
v -0.25 0.47960117 -0.22294437
v -0.24659118 0.48341891 -0.13131069
v -0.25134796 0.48341891 -0.13267025
v -0.26189148 0.47960117 -0.2199977
v -0.26189148 0.47960117 -0.2199977
v -0.26042196 0.47960117 -0.22294437
v -0.24435107 0.48341891 -0.13131069
v -0.25665319 0.48341891 -0.14145859
v -0.25503087 0.48341891 -0.13638464
v -0.25503087 0.48341891 -0.13638464
v -0.26239115 0.47960117 -0.21717109
v -0.24435107 -0.48341897 -0.13131069
v -0.25665319 -0.48341897 -0.14145859
v -0.25503087 -0.48341897 -0.13638464
v -0.25503087 -0.48341897 -0.13638464
v -0.26239115 -0.48341897 -0.21717109
v -0.25 -0.48341897 -0.22294437
v -0.2465912 -0.48341897 -0.13131069
v -0.25134796 -0.48341897 -0.13267025
v -0.26189148 -0.48341897 -0.2199977
v -0.26189148 -0.48341897 -0.2199977
v -0.26042196 -0.48341897 -0.22294437
v -0.22558449 0.49999997 -0.22294437
v 0.22558454 0.49999997 -0.22294437
v 0.22558454 0.49999997 -0.13131069
v -0.22558449 0.49999997 -0.13131069
v -0.22558449 0.5026195 -0.13131069
v 0.22558454 0.5026195 -0.13131069
v 0.22558454 0.51328331 -0.14145859
v -0.22558449 0.51328325 -0.14145859
v 0.22558454 0.5119375 -0.13638464
v 0.22558454 0.5119375 -0.13638464
v -0.22558449 0.5119375 -0.13638464
v -0.22558449 0.5119375 -0.13638464
v -0.22558449 0.50803429 -0.13267025
v 0.22558454 0.50803435 -0.13267025
v 0.22558454 0.51154983 -0.21717069
v -0.22558449 0.51154983 -0.21717069
v -0.22558449 0.51093179 -0.21999758
v -0.22558449 0.51093179 -0.21999758
v 0.22558454 0.51093179 -0.21999758
v 0.22558454 0.51093179 -0.21999758
v -0.22558449 0.50951916 -0.22294437
v 0.22558454 0.50951916 -0.22294437
v 0.22558448 -0.5 -0.22294437
v -0.22558454 -0.5 -0.22294437
v -0.22558454 -0.5 -0.13131069
v 0.22558448 -0.5 -0.13131069
v 0.22558448 -0.5026195 -0.13131069
v -0.22558454 -0.5026195 -0.13131069
v -0.22558454 -0.51328325 -0.14145859
v 0.22558448 -0.51328325 -0.14145859
v -0.22558454 -0.5119375 -0.13638464
v -0.22558454 -0.5119375 -0.13638464
v 0.22558448 -0.5119375 -0.13638464
v 0.22558448 -0.5119375 -0.13638464
v 0.22558448 -0.50803423 -0.13267025
v -0.22558454 -0.50803435 -0.13267025
v -0.22558454 -0.51154995 -0.21717069
v 0.22558448 -0.51154995 -0.21717069
v 0.22558448 -0.51093173 -0.21999758
v 0.22558448 -0.51093173 -0.21999758
v -0.22558454 -0.51093173 -0.21999758
v -0.22558454 -0.51093173 -0.21999758
v 0.22558448 -0.50951922 -0.22294437
v -0.22558454 -0.50951922 -0.22294437
v -0.23157889 0.47575536 -0.20680817
v -0.23157889 0.47575536 -0.18731654
v -0.23157889 -0.47575548 -0.20680817
v -0.23157889 -0.47575548 -0.18731654
v 0.23157889 0.47575536 -0.20680817
v 0.23157889 0.47575536 -0.18731654
v 0.23157889 -0.47575548 -0.20680817
v 0.23157889 -0.47575548 -0.18731654
v -0.034818046 -0.49734738 0.062932588
v -0.034818046 -0.49734738 0.062932588
v -0.034818046 -0.49734738 -0.0022466257
v -0.034818046 -0.50530815 -0.076553546
v -0.032857262 -0.50747371 -0.07851433
v -0.032857262 -0.50747371 -0.07851433
v -0.032857262 -0.50747371 -0.07851433
v -0.030112162 -0.5102129 -0.076714657
v -0.033441324 -0.50862145 -0.07701958
v -0.033441324 -0.50862145 -0.07701958
v -0.030112162 -0.5102129 0.13740063
v -0.032857262 -0.50747371 0.13920031
v -0.032857262 -0.50747371 0.13920031
v -0.032857262 -0.50747371 0.13920031
v -0.034818046 -0.50530815 0.13723952
v -0.033441328 -0.50862145 0.13770551
v -0.033441328 -0.50862145 0.13770551
v -0.032857262 -0.49734738 -0.07851433
v -0.032857262 -0.49734738 -0.07851433
v -0.034818046 -0.49734738 -0.076553546
v -0.034818046 -0.49734738 0.13723952
v -0.032857262 -0.49734738 0.13920031
v -0.032857262 -0.49734738 0.13920031
v -0.034818046 -0.53745186 -0.0022466257
v -0.030112159 -0.54219222 -0.0021994486
v -0.034818046 -0.53745186 0.062932588
v -0.030112159 -0.54219222 0.062885411
v -0.033438262 -0.54070735 0.062995382
v -0.033438262 -0.54070735 0.062995382
v -0.033438262 -0.54070735 -0.002309449
v -0.033438262 -0.54070735 -0.002309449
v 0.034818046 -0.49734738 0.062932588
v 0.034818046 -0.49734738 -0.0022466257
v 0.034818046 -0.50530815 -0.076553546
v 0.032857262 -0.50747371 -0.07851433
v 0.032857262 -0.50747371 -0.07851433
v 0.032857262 -0.50747371 -0.07851433
v 0.030112162 -0.5102129 -0.076714657
v 0.033441324 -0.50862145 -0.07701958
v 0.033441324 -0.50862145 -0.07701958
v 0.030112162 -0.5102129 0.13740063
v 0.032857262 -0.50747371 0.13920031
v 0.032857262 -0.50747371 0.13920031
v 0.032857262 -0.50747371 0.13920031
v 0.034818046 -0.50530815 0.13723952
v 0.033441328 -0.50862145 0.13770551
v 0.033441328 -0.50862145 0.13770551
v 0.032857262 -0.49734738 -0.07851433
v 0.032857262 -0.49734738 -0.07851433
v 0.034818046 -0.49734738 -0.076553546
v 0.034818046 -0.49734738 0.13723952
v 0.032857262 -0.49734738 0.13920031
v 0.032857262 -0.49734738 0.13920031
v 0.034818046 -0.53745186 -0.0022466257
v 0.030112159 -0.54219222 -0.0021994486
v 0.034818046 -0.53745186 0.062932588
v 0.030112159 -0.54219222 0.062885411
v 0.033438262 -0.54070735 0.062995382
v 0.033438262 -0.54070735 0.062995382
v 0.033438262 -0.54070735 -0.002309449
v 0.033438262 -0.54070735 -0.002309449
v 0 -0.49734738 -0.07851433
v 0 -0.49734738 0.13920031
v -0.034818046 -0.52785528 0.030342974
v -0.034818046 -0.52785528 0.030342974
v -0.034818046 -0.52441096 0.019773729
v -0.034818046 -0.52441096 0.019773729
v -0.034818046 -0.52697921 0.024871923
v -0.034818046 -0.52697921 0.024871923
v -0.034818046 -0.52697921 0.035814025
v -0.034818046 -0.52697921 0.035814025
v -0.034818046 -0.52032518 0.04529015
v -0.034818046 -0.52032518 0.04529015
v -0.034818046 -0.50601482 0.049266137
v -0.034818046 -0.50601482 0.049266137
v -0.034818046 -0.51420379 0.048089452
v -0.034818046 -0.51420379 0.048089452
v -0.034818046 -0.52441096 0.040912218
v -0.034818046 -0.52441096 0.040912218
v -0.034818046 -0.51420379 0.01259651
v -0.034818046 -0.51420379 0.01259651
v -0.034818046 -0.52032518 0.015395798
v -0.034818046 -0.52032518 0.015395798
v -0.034818046 -0.49734738 0.011419825
v -0.034818046 -0.49734738 0.011419825
v -0.034818046 -0.50601482 0.011419825
v -0.034818046 -0.50601482 0.011419825
v -0.034818046 -0.49734738 0.049266137
v -0.034818046 -0.49734738 0.049266137
v 0.034818046 -0.51420379 0.01259651
v 0.034818046 -0.51420379 0.01259651
v 0.034818046 -0.52032518 0.015395798
v 0.034818046 -0.52032518 0.015395798
v 0.034818046 -0.50601482 0.011419825
v 0.034818046 -0.50601482 0.011419825
v 0.034818046 -0.49734738 0.011419825
v 0.034818046 -0.49734738 0.011419825
v 0.034818046 -0.49734738 0.049266137
v 0.034818046 -0.49734738 0.049266137
v 0.034818046 -0.52785528 0.030342974
v 0.034818046 -0.52785528 0.030342974
v 0.034818046 -0.52441096 0.019773729
v 0.034818046 -0.52441096 0.019773729
v 0.034818046 -0.52697921 0.024871923
v 0.034818046 -0.52697921 0.024871923
v 0.034818046 -0.52697921 0.035814025
v 0.034818046 -0.52697921 0.035814025
v 0.034818046 -0.52032518 0.04529015
v 0.034818046 -0.52032518 0.04529015
v 0.034818046 -0.50601482 0.049266137
v 0.034818046 -0.50601482 0.049266137
v 0.034818046 -0.51420379 0.048089452
v 0.034818046 -0.51420379 0.048089452
v 0.034818046 -0.52441096 0.040912218
v 0.034818046 -0.52441096 0.040912218
v 0.017483804 -0.51091218 -0.07851433
v 0.017483804 -0.51091218 -0.07851433
v -0.017483801 -0.51091218 -0.07851433
v -0.017483801 -0.51091218 -0.07851433
v 0 -0.49739745 -0.07851433
v 1.8626451e-09 -0.51253188 -0.07851433
v 1.8626451e-09 -0.51253188 -0.07851433
v -0.017423864 -0.51330948 -0.076714657
v 0.017423864 -0.51330948 -0.076714657
v 0 -0.5150708 -0.076714657
v -0.017483804 -0.51091218 0.13920031
v -0.017483804 -0.51091218 0.13920031
v 0.017483803 -0.51091218 0.13920031
v 0.017483803 -0.51091218 0.13920031
v 0 -0.49739745 0.13920031
v -9.3132257e-10 -0.51253176 0.13920031
v -9.3132257e-10 -0.51253176 0.13920031
v -0.017423866 -0.51330948 0.13740063
v 0.017423864 -0.51330948 0.13740063
v -9.3132257e-10 -0.51507092 0.13740063
v 0 -0.54705524 -0.0021994486
v 0 -0.54705524 0.062885411
v -0.034818046 -0.53802896 0.030342974
v -0.033435442 -0.54153657 0.030343004
v -0.033435442 -0.54153657 0.030343004
v 0.033435442 -0.54153657 0.030343004
v 0.033435442 -0.54153657 0.030343004
v 0.03481805 -0.53802919 0.030342974
v -0.030112162 -0.54298031 0.030342974
v 0.030112162 -0.54298031 0.030342974
v 0 -0.54784465 0.030342974
v -0.034818046 0.49734733 0.062932588
v -0.034818046 0.49734733 0.062932588
v -0.034818046 0.49734733 -0.0022466257
v -0.034818046 0.49734733 -0.0022466257
v -0.034818046 0.50530815 -0.076553546
v -0.032857262 0.50747371 -0.07851433
v -0.032857262 0.50747371 -0.07851433
v -0.032857262 0.50747371 -0.07851433
v -0.030112162 0.5102129 -0.076714657
v -0.033441324 0.50862145 -0.07701958
v -0.033441324 0.50862145 -0.07701958
v -0.030112162 0.5102129 0.13740063
v -0.032857262 0.50747371 0.13920031
v -0.032857262 0.50747371 0.13920031
v -0.032857262 0.50747371 0.13920031
v -0.034818046 0.50530815 0.13723952
v -0.033441328 0.50862145 0.13770551
v -0.033441328 0.50862145 0.13770551
v -0.032857262 0.49734733 -0.07851433
v -0.032857262 0.49734733 -0.07851433
v -0.034818046 0.49734733 -0.076553546
v -0.034818046 0.49734733 0.13723952
v -0.032857262 0.49734733 0.13920031
v -0.032857262 0.49734733 0.13920031
v -0.034818046 0.53745186 -0.0022466257
v -0.030112159 0.54219222 -0.0021994486
v -0.034818046 0.53745186 0.062932588
v -0.030112159 0.54219222 0.062885411
v -0.033438262 0.54070735 0.062995382
v -0.033438262 0.54070735 0.062995382
v -0.033438262 0.54070735 -0.002309449
v -0.033438262 0.54070735 -0.002309449
v 0.034818046 0.49734733 0.062932588
v 0.034818046 0.49734733 -0.0022466257
v 0.034818046 0.50530815 -0.076553546
v 0.032857262 0.50747371 -0.07851433
v 0.032857262 0.50747371 -0.07851433
v 0.032857262 0.50747371 -0.07851433
v 0.030112162 0.5102129 -0.076714657
v 0.033441324 0.50862145 -0.07701958
v 0.033441324 0.50862145 -0.07701958
v 0.030112162 0.5102129 0.13740063
v 0.032857262 0.50747371 0.13920031
v 0.032857262 0.50747371 0.13920031
v 0.032857262 0.50747371 0.13920031
v 0.034818046 0.50530815 0.13723952
v 0.033441328 0.50862145 0.13770551
v 0.033441328 0.50862145 0.13770551
v 0.032857262 0.49734733 -0.07851433
v 0.032857262 0.49734733 -0.07851433
v 0.034818046 0.49734733 -0.076553546
v 0.034818046 0.49734733 0.13723952
v 0.032857262 0.49734733 0.13920031
v 0.032857262 0.49734733 0.13920031
v 0.034818046 0.53745186 -0.0022466257
v 0.030112159 0.54219222 -0.0021994486
v 0.034818046 0.53745186 0.062932588
v 0.030112159 0.54219222 0.062885411
v 0.033438262 0.54070735 0.062995382
v 0.033438262 0.54070735 0.062995382
v 0.033438262 0.54070735 -0.002309449
v 0.033438262 0.54070735 -0.002309449
v 0 0.49734733 -0.07851433
v 0 0.49734733 0.13920031
v -0.034818046 0.52785528 0.030342974
v -0.034818046 0.52785528 0.030342974
v -0.034818046 0.52441096 0.019773729
v -0.034818046 0.52441096 0.019773729
v -0.034818046 0.52697921 0.024871923
v -0.034818046 0.52697921 0.024871923
v -0.034818046 0.52697921 0.035814025
v -0.034818046 0.52697921 0.035814025
v -0.034818046 0.52032518 0.04529015
v -0.034818046 0.52032518 0.04529015
v -0.034818046 0.50601482 0.049266137
v -0.034818046 0.50601482 0.049266137
v -0.034818046 0.51420379 0.048089452
v -0.034818046 0.51420379 0.048089452
v -0.034818046 0.52441096 0.040912218
v -0.034818046 0.52441096 0.040912218
v -0.034818046 0.51420379 0.01259651
v -0.034818046 0.51420379 0.01259651
v -0.034818046 0.52032518 0.015395798
v -0.034818046 0.52032518 0.015395798
v -0.034818046 0.49734733 0.011419825
v -0.034818046 0.49734733 0.011419825
v -0.034818046 0.50601482 0.011419825
v -0.034818046 0.50601482 0.011419825
v -0.034818046 0.49734733 0.049266137
v -0.034818046 0.49734733 0.049266137
v 0.034818046 0.51420379 0.01259651
v 0.034818046 0.51420379 0.01259651
v 0.034818046 0.52032518 0.015395798
v 0.034818046 0.52032518 0.015395798
v 0.034818046 0.50601482 0.011419825
v 0.034818046 0.50601482 0.011419825
v 0.034818046 0.49734733 0.011419825
v 0.034818046 0.49734733 0.011419825
v 0.034818046 0.49734733 0.049266137
v 0.034818046 0.49734733 0.049266137
v 0.034818046 0.52785528 0.030342974
v 0.034818046 0.52785528 0.030342974
v 0.034818046 0.52441096 0.019773729
v 0.034818046 0.52441096 0.019773729
v 0.034818046 0.52697921 0.024871923
v 0.034818046 0.52697921 0.024871923
v 0.034818046 0.52697921 0.035814025
v 0.034818046 0.52697921 0.035814025
v 0.034818046 0.52032518 0.04529015
v 0.034818046 0.52032518 0.04529015
v 0.034818046 0.50601482 0.049266137
v 0.034818046 0.50601482 0.049266137
v 0.034818046 0.51420379 0.048089452
v 0.034818046 0.51420379 0.048089452
v 0.034818046 0.52441096 0.040912218
v 0.034818046 0.52441096 0.040912218
v 0.017483804 0.51091218 -0.07851433
v 0.017483804 0.51091218 -0.07851433
v -0.017483801 0.51091218 -0.07851433
v -0.017483801 0.51091218 -0.07851433
v 0 0.49739739 -0.07851433
v 1.8626451e-09 0.51253188 -0.07851433
v 1.8626451e-09 0.51253188 -0.07851433
v -0.017423864 0.51330948 -0.076714657
v 0.017423864 0.51330948 -0.076714657
v 0 0.5150708 -0.076714657
v -0.017483804 0.51091218 0.13920031
v -0.017483804 0.51091218 0.13920031
v 0.017483803 0.51091218 0.13920031
v 0.017483803 0.51091218 0.13920031
v 0 0.49739739 0.13920031
v -9.3132257e-10 0.51253176 0.13920031
v -9.3132257e-10 0.51253176 0.13920031
v -0.017423866 0.51330948 0.13740063
v 0.017423864 0.51330948 0.13740063
v -9.3132257e-10 0.51507092 0.13740063
v 0 0.54705524 -0.0021994486
v 0 0.54705524 0.062885411
v -0.034818046 0.53802896 0.030342974
v -0.033435442 0.54153657 0.030343004
v -0.033435442 0.54153657 0.030343004
v 0.033435442 0.54153657 0.030343004
v 0.033435442 0.54153657 0.030343004
v 0.03481805 0.53802919 0.030342974
v -0.030112162 0.54298031 0.030342974
v 0.030112162 0.54298031 0.030342974
v 0 0.54784465 0.030342974
v 0.013534869 0.54883796 -0.13847398
v 0.015394881 0.55168694 -0.13179322
v 0.01265238 0.55454051 -0.12545993
v 0.0063548987 0.55630863 -0.12189323
v -0.0010921208 0.55631584 -0.12245549
v -0.0068441895 0.55455953 -0.12693192
v -0.0087042022 0.55171055 -0.13361269
v -0.0059617008 0.54885697 -0.13994596
v -0.0059617008 0.54885697 -0.13994596
v 0.00033576321 0.54708886 -0.14351265
v 0.0077828006 0.54708159 -0.1429504
v -0.026562637 0.51320702 -0.16502267
v -0.026562637 0.51320702 -0.16502267
v -0.031932008 0.51549232 -0.16972977
v -0.031932008 0.51549232 -0.16972977
v -0.038399756 0.51919848 -0.17018497
v -0.038399756 0.51919848 -0.17018497
v -0.043495432 0.52290976 -0.1662144
v -0.043495432 0.52290976 -0.1662144
v -0.045272678 0.52520877 -0.15933467
v -0.045272678 0.52520877 -0.15933467
v -0.04305261 0.52521724 -0.15217364
v -0.04305261 0.52521724 -0.15217364
v -0.037683256 0.52293199 -0.14746655
v -0.037683256 0.52293199 -0.14746655
v -0.031215496 0.51922584 -0.14701135
v -0.031215496 0.51922584 -0.14701135
v -0.031215496 0.51922584 -0.14701135
v -0.026119821 0.51551449 -0.1509819
v -0.026119821 0.51551449 -0.1509819
v -0.024342587 0.51321554 -0.15786162
v -0.024342587 0.51321554 -0.15786162
v 0.010089853 0.56643057 -0.16171315
v 0.010459362 0.57375789 -0.16325696
v 0.006595992 0.58014905 -0.16321634
v -2.4547446e-05 0.5831629 -0.16160672
v -0.0068734395 0.58164817 -0.15904301
v -0.011334654 0.57618356 -0.15650441
v -0.011704146 0.5688563 -0.15496059
v -0.0078407936 0.56246507 -0.15500125
v -0.0078407936 0.56246507 -0.15500125
v -0.0012202536 0.55945122 -0.15661084
v 0.0056286561 0.5609659 -0.15917454
v 0.013334276 0.55780727 -0.14418381
v 0.015156491 0.56262445 -0.13873555
v 0.012384395 0.56700474 -0.13335941
v 0.0060768104 0.56927508 -0.13010893
v -0.0013569711 0.56856811 -0.13022567
v -0.0070774951 0.56515414 -0.133665
v -0.0088997092 0.56033695 -0.13911327
v -0.0061276136 0.5559566 -0.14448939
v -0.0061276136 0.5559566 -0.14448939
v 0.00017997122 0.55368632 -0.14773987
v 0.0076137525 0.55439323 -0.14762315
v 0.011356372 0.56633854 -0.15656777
v 0.012248416 0.56457359 -0.15205406
v 0.01377518 0.57108957 -0.14867464
v 0.012466977 0.57364011 -0.15527814
v 0.010768896 0.57681364 -0.14493688
v 0.0091273244 0.57999319 -0.15321428
v 0.0043778601 0.5795595 -0.14226844
v 0.002613036 0.5829711 -0.15116451
v -0.0029567413 0.57827824 -0.14168858
v -0.0045876531 0.5814364 -0.1499118
v -0.0084333736 0.57345933 -0.1434188
v -0.0097243143 0.57597536 -0.14993461
v -0.0099601373 0.56694341 -0.14679816
v -0.01083492 0.56867373 -0.15122426
v -0.0069538532 0.56121927 -0.15053596
v -0.0069538532 0.56121927 -0.15053596
v -0.0074952664 0.56232071 -0.15328811
v -0.0074952664 0.56232071 -0.15328811
v -0.0005628168 0.55847341 -0.15320441
v -0.00098097837 0.5593428 -0.15533789
v 0.0067718024 0.55975461 -0.15378427
v 0.0062197116 0.56087744 -0.1565906
v 0.00066712673 0.55904967 -0.17206722
v 0.0064737666 0.56361592 -0.16835422
v 0.0056365547 0.57004213 -0.17212407
v -0.0018517135 0.56415153 -0.17694948
v 0.0014685566 0.57621139 -0.172709
v -0.0063379258 0.57006991 -0.17773703
v -0.0044381996 0.57976729 -0.16988558
v -0.011077901 0.57454437 -0.17412909
v -0.0098275105 0.57935148 -0.16473225
v -0.014261138 0.57586581 -0.16750374
v -0.012640868 0.57512289 -0.15921742
v -0.01467175 0.57352942 -0.16039164
v -0.011803656 0.56869668 -0.15544758
v -0.012152893 0.56842762 -0.15550939
v -0.0076356586 0.56252742 -0.15486264
v -0.0076356586 0.56252742 -0.15486264
v -0.0076666982 0.56250918 -0.15472182
v -0.0076666982 0.56250918 -0.15472182
v -0.0017289022 0.55897152 -0.15768605
v -0.0029267038 0.55803466 -0.15832978
v 0.0036604081 0.55938733 -0.1628394
v 0.00025653082 0.55671328 -0.16495514
v -0.024177773 0.53889489 -0.12586211
v -0.025597313 0.54534304 -0.12941401
v -0.027249997 0.54835898 -0.13604325
v -0.028504552 0.5467909 -0.14321768
v -0.028881783 0.54123759 -0.14819693
v -0.028237585 0.53382027 -0.14907908
v -0.026818046 0.52737212 -0.14552719
v -0.025165362 0.52435613 -0.13889794
v -0.025165362 0.52435613 -0.13889794
v -0.023910826 0.52592432 -0.13172349
v -0.023533596 0.53147763 -0.12674425
v 0.012181209 0.52960002 -0.14219332
v 0.015474195 0.53450531 -0.1515568
v 0.020104589 0.53192145 -0.156857
v 0.013812204 0.52294022 -0.13916086
v 0.020439086 0.52802634 -0.16322029
v 0.011333047 0.51596075 -0.1382041
v 0.016349904 0.52430797 -0.16821606
v 0.005690698 0.51132756 -0.13968845
v 0.009399008 0.52218652 -0.16993613
v -0.00095966452 0.51081043 -0.14304697
v 0.0022413596 0.52247232 -0.16772347
v -0.0060778302 0.51460683 -0.1469968
v -0.0023890373 0.52505618 -0.16242326
v -0.007708827 0.52126664 -0.15002924
v -0.0027235164 0.52895123 -0.15605999
v -0.0027235164 0.52895123 -0.15605999
v -0.0052296687 0.52824605 -0.15098602
v -0.0052296687 0.52824605 -0.15098602
v 0.0013656488 0.53266966 -0.15106419
v 0.00041267957 0.53287923 -0.14950167
v 0.0083165634 0.53479111 -0.14934412
v 0.0070630428 0.53339642 -0.14614315
v -0.010630746 0.54154706 -0.13192758
v -0.017006611 0.54004037 -0.12792722
v -0.01971663 0.54628015 -0.13107853
v -0.014159793 0.54759938 -0.13459677
v -0.023041885 0.5490219 -0.13717769
v -0.018801272 0.55003911 -0.13991456
v -0.025712214 0.5472185 -0.14389503
v -0.022782288 0.54793423 -0.14584977
v -0.026707651 0.54155862 -0.14866474
v -0.024582257 0.54208887 -0.15013531
v -0.025647979 0.5342043 -0.14966497
v -0.023513651 0.53473568 -0.15113427
v -0.022937955 0.52796465 -0.14651364
v -0.019984605 0.5286833 -0.14846509
v -0.019612718 0.52522284 -0.14041448
v -0.019612718 0.52522284 -0.14041448
v -0.015343124 0.52624369 -0.14314727
v -0.015343124 0.52624369 -0.14314727
v -0.016942391 0.52702624 -0.13369714
v -0.011362088 0.52834851 -0.13721208
v -0.015946953 0.53268605 -0.12892745
v -0.0095621189 0.53419387 -0.13292654
v 0.0028405776 0.54427296 -0.14503299
v -0.0012681949 0.54375648 -0.14064439
v -0.0049819779 0.54976022 -0.14316868
v -0.00054476754 0.55031419 -0.14790574
v -0.010312578 0.55203432 -0.14787909
v -0.0057800193 0.5525974 -0.15271755
v -0.01522385 0.54970998 -0.1529764
v -0.010865456 0.55025059 -0.15763044
v -0.017839884 0.54367518 -0.15651363
v -0.01385863 0.5441702 -0.16076786
v -0.017161425 0.53623492 -0.15713965
v -0.013616254 0.53667855 -0.16093143
v -0.013447641 0.53023118 -0.15461537
v -0.010230892 0.53063738 -0.15805866
v -0.0081170583 0.52795714 -0.14990496
v -0.0081170583 0.52795714 -0.14990496
v -0.0049956562 0.52835411 -0.15324686
v -0.0049956562 0.52835411 -0.15324686
v -0.0032057688 0.53028142 -0.14480763
v 8.9780791e-05 0.53070092 -0.14833397
v -0.00058973621 0.53631622 -0.14127041
v 0.0030829706 0.53678137 -0.14519656
v 0.013984216 0.53909183 -0.15350156
v 0.01091869 0.5426501 -0.15270165
v 0.01074736 0.54758698 -0.15834139
v 0.017496761 0.53975379 -0.16009195
v 0.0076229041 0.54911184 -0.16495103
v 0.017025001 0.53819251 -0.16737989
v 0.0027387869 0.54664212 -0.17000586
v 0.012749128 0.53500444 -0.17258166
v -0.0020394425 0.54112124 -0.17157517
v 0.0063023693 0.53140724 -0.17371035
v -0.0048866458 0.53465796 -0.16905951
v 0.00014719511 0.52877486 -0.17033486
v -0.0047152983 0.52972108 -0.16341976
v -0.003365349 0.52811301 -0.16374446
v -0.0015908424 0.52819622 -0.15681015
v -0.0015908424 0.52819622 -0.15681015
v -0.0028935887 0.52967423 -0.15645651
v -0.0028935887 0.52967423 -0.15645651
v 0.0032932749 0.53066587 -0.1517553
v 0.0013822831 0.53286237 -0.15125474
v 0.0080715045 0.53618681 -0.15018598
v 0.0078290245 0.53645957 -0.15012604
v 0.013729307 0.52933991 -0.14495076
v 0.015220534 0.5308069 -0.14829962
v 0.019622961 0.52538508 -0.15102581
v 0.016691526 0.52247769 -0.14436468
v 0.019779131 0.51938164 -0.15546515
v 0.015607971 0.51526546 -0.1459726
v 0.01562942 0.51508957 -0.15992198
v 0.010892567 0.51045829 -0.14916029
v 0.0087588402 0.51414824 -0.16269393
v 0.0043464014 0.50989228 -0.15271019
v 0.0017917455 0.51691741 -0.16272221
v -0.0015300855 0.51378351 -0.15526637
v -0.0026106655 0.52233922 -0.15999602
v -0.004492288 0.52064586 -0.15585243
v -0.0027668525 0.52834272 -0.15555666
v -0.0027668525 0.52834272 -0.15555666
v -0.0034087496 0.52785796 -0.15424453
v -0.0034087496 0.52785796 -0.15424453
v 0.0013828755 0.53263485 -0.15109982
v 0.0013066706 0.53266525 -0.15105683
v 0.0082534393 0.53357607 -0.14832789
v 0.0078528197 0.53323126 -0.14750692
v 0.011404756 0.53373653 -0.13783458
v 0.0064478661 0.5370872 -0.14235015
v -0.0006992463 0.53885317 -0.14325698
v -0.0073066168 0.53835988 -0.14020868
v -0.0073066168 0.53835988 -0.14020868
v -0.010850444 0.53579587 -0.1343696
v -0.0099771228 0.53214037 -0.12797008
v -0.0050202496 0.52878976 -0.12345453
v 0.0021268625 0.52702373 -0.1225477
v 0.0087342327 0.52751696 -0.12559599
v 0.012278061 0.53008103 -0.13143507
v 0.013983692 0.53798753 -0.12904537
v 0.010935484 0.5380795 -0.12222817
v 0.0045448667 0.53900087 -0.11851106
v -0.0027471483 0.54039955 -0.1193139
v -0.0081552425 0.54174149 -0.12432995
v -0.0096137282 0.54251391 -0.13164333
v -0.006565521 0.54242188 -0.13846054
v -0.006565521 0.54242188 -0.13846054
v -0.00017490397 0.54150063 -0.14217763
v 0.0071170935 0.54010183 -0.14137482
v 0.012525205 0.53876001 -0.13635873
v -0.057651412 0.52313387 -0.061343305
v -0.063295014 0.52795434 -0.060284249
v -0.070680529 0.52850163 -0.059320413
v -0.076986946 0.52456665 -0.058819912
v -0.079805426 0.51765245 -0.058973931
v -0.078059383 0.51039988 -0.059723638
v -0.072415784 0.50557935 -0.060782664
v -0.065030269 0.50503212 -0.0617465
v -0.065030269 0.50503212 -0.0617465
v -0.058723848 0.5089671 -0.06224703
v -0.055905383 0.51588136 -0.062092982
v -0.049975272 0.53545564 -0.1155582
v -0.0590926 0.52702945 -0.092111431
v -0.064747155 0.53191692 -0.091521911
v -0.054260284 0.54132545 -0.11740018
v -0.072165281 0.53266358 -0.091955774
v -0.059756953 0.54362398 -0.12190329
v -0.078513503 0.52898425 -0.093247287
v -0.064365722 0.54147327 -0.12734746
v -0.081367001 0.52228427 -0.094903164
v -0.066326186 0.53569478 -0.13165324
v -0.079635836 0.51512283 -0.096290909
v -0.064889528 0.52849573 -0.13317596
v -0.073981278 0.51023531 -0.096880399
v -0.060604509 0.52262586 -0.13133397
v -0.066563159 0.5094887 -0.096446536
v -0.066563159 0.5094887 -0.096446536
v -0.055107847 0.52032739 -0.12683088
v -0.055107847 0.52032739 -0.12683088
v -0.060214926 0.51316798 -0.095155023
v -0.050499089 0.5224781 -0.12138668
v -0.057361431 0.51986802 -0.093499117
v -0.048538614 0.5282566 -0.11708091
v -0.059315793 0.5253107 -0.082231842
v -0.064977199 0.53015894 -0.081424139
v -0.07241568 0.53078872 -0.081208162
v -0.078790009 0.52695936 -0.081666492
v -0.081665389 0.52013367 -0.082623981
v -0.079943538 0.51291883 -0.083714984
v -0.074282117 0.50807059 -0.084522717
v -0.066843629 0.50744087 -0.084738664
v -0.066843629 0.50744087 -0.084738664
v -0.060469296 0.51127017 -0.084280364
v -0.057593923 0.51809585 -0.083322816
v -0.057740983 0.52936441 -0.10102107
v -0.063341372 0.53434259 -0.10077012
v -0.070598118 0.53535932 -0.10221251
v -0.076739348 0.53202617 -0.1047973
v -0.079419404 0.52561641 -0.10753717
v -0.077614509 0.51857829 -0.10938559
v -0.072014116 0.51360023 -0.10963653
v -0.064757377 0.51258349 -0.10819414
v -0.064757377 0.51258349 -0.10819414
v -0.058616132 0.51591653 -0.10560936
v -0.055936102 0.52232629 -0.10286949
v -0.054918133 0.53243172 -0.10873115
v -0.06023626 0.5376966 -0.1091869
v -0.066963524 0.53926748 -0.11202427
v -0.072530352 0.53654426 -0.1161595
v -0.074810401 0.53056717 -0.12001307
v -0.07293278 0.52361923 -0.12211302
v -0.067614675 0.5183543 -0.12165727
v -0.060887389 0.51678348 -0.11881988
v -0.060887389 0.51678348 -0.11881988
v -0.055320565 0.51950657 -0.11468466
v -0.053040516 0.52548379 -0.1108311
v -0.043109063 0.53731781 -0.1205986
v -0.045742553 0.54363739 -0.12365428
v -0.049290359 0.54646504 -0.12958656
v -0.052397329 0.54472077 -0.13612945
v -0.053876732 0.53907079 -0.14078386
v -0.053163454 0.53167319 -0.14177192
v -0.050529964 0.52535361 -0.13871622
v -0.046982162 0.52252597 -0.13278396
v -0.046982162 0.52252597 -0.13278396
v -0.043875191 0.52427024 -0.12624104
v -0.042395785 0.52992028 -0.12158664
v -0.035778876 0.54464799 -0.12734428
v -0.037677556 0.54765499 -0.13391142
v -0.039413147 0.54605842 -0.14097853
v -0.040322717 0.54046798 -0.14584621
v -0.040058829 0.53301913 -0.14665519
v -0.038722288 0.52655703 -0.14309645
v -0.036823589 0.52355003 -0.13652932
v -0.036823589 0.52355003 -0.13652932
v -0.035088018 0.52514666 -0.12946219
v -0.034178451 0.53073704 -0.12459453
v -0.034442339 0.53818589 -0.12378555
v -0.026152236 0.5193395 0.017455585
v -0.027411466 0.52388126 0.023286201
v -0.029070621 0.52405894 0.030565597
v -0.030495988 0.51980472 0.036513336
v -0.031143092 0.51274353 0.038857587
v -0.030764785 0.5055725 0.036702849
v -0.029505571 0.5010308 0.030872233
v -0.0278464 0.50085306 0.023592807
v -0.0278464 0.50085306 0.023592807
v -0.02642105 0.50510728 0.017645068
v -0.025773946 0.51216841 0.015300877
v -0.055254802 0.52221465 -0.045240037
v -0.060884386 0.52702951 -0.044084959
v -0.068228289 0.52755994 -0.042835943
v -0.07448139 0.52360338 -0.041970037
v -0.077255212 0.516671 -0.041817985
v -0.075490251 0.50941086 -0.042437933
v -0.069860652 0.50459594 -0.043593012
v -0.062516756 0.50406557 -0.044842027
v -0.062516756 0.50406557 -0.044842027
v -0.05626367 0.50802219 -0.045707934
v -0.053489845 0.51495451 -0.045859955
v -0.044172909 0.5201782 0.0044005886
v -0.042584103 0.51294351 0.0032488778
v -0.04513875 0.50597852 0.0040896013
v -0.050861083 0.50194359 0.0066015497
v -0.050861083 0.50194359 0.0066015497
v -0.057565317 0.50238001 0.0098252967
v -0.062690713 0.50712109 0.0125295
v -0.064279519 0.51435578 0.013681181
v -0.061724849 0.52132076 0.012840487
v -0.056002539 0.5253557 0.010328509
v -0.049298286 0.52491927 0.0071047619
v -0.040953957 0.5198639 0.0098503307
v -0.045310665 0.52453399 0.013776936
v -0.051026586 0.52487934 0.018571056
v -0.055918433 0.52076799 0.022401489
v -0.058117677 0.51377028 0.023805089
v -0.056784309 0.50655919 0.022245772
v -0.052427605 0.50188905 0.018319167
v -0.046711698 0.5015437 0.013525046
v -0.046711698 0.5015437 0.013525046
v -0.041819856 0.50565511 0.0096946135
v -0.039620589 0.51265281 0.0082910135
v -0.046706956 0.52052492 -0.0023163185
v -0.052164044 0.52530867 -0.00043316931
v -0.059289385 0.5257991 0.0017493144
v -0.065361336 0.52180904 0.0033975318
v -0.068060644 0.5148626 0.003881909
v -0.066356249 0.507613 0.003017433
v -0.060899161 0.50282931 0.001134254
v -0.053773835 0.50233883 -0.0010482594
v -0.053773835 0.50233883 -0.0010482594
v -0.047701869 0.50632888 -0.0026964769
v -0.045002561 0.51327533 -0.0031808242
v -0.051334236 0.52139962 -0.023408674
v -0.056947079 0.52621108 -0.022161327
v -0.064261913 0.52673519 -0.020749591
v -0.07048469 0.52277195 -0.019712679
v -0.073238544 0.51583511 -0.019446664
v -0.071471587 0.50857425 -0.020053141
v -0.065858744 0.5037629 -0.021300517
v -0.058543909 0.50323874 -0.022712253
v -0.058543909 0.50323874 -0.022712253
v -0.052321136 0.50720197 -0.023749165
v -0.049567275 0.51413882 -0.024015181
v 0.043970726 0.51884705 -0.0087466165
v 0.049877815 0.52326941 -0.0074207112
v 0.057171818 0.52329826 -0.0058172271
v 0.063066646 0.51892245 -0.0045486614
v 0.065310717 0.51181358 -0.0040995702
v 0.063046828 0.50468677 -0.0046414658
v 0.057139736 0.50026441 -0.0059674606
v 0.049845736 0.50023556 -0.0075709149
v 0.049845736 0.50023556 -0.0075709149
v 0.043950886 0.50461137 -0.0088394806
v 0.041706841 0.5117203 -0.009288542
v 0.0055395202 0.51924431 0.020249344
v 0.0054651648 0.52377898 0.026219286
v 0.0053740549 0.52394718 0.033685096
v 0.0053009717 0.51968467 0.039794989
v 0.0052738534 0.51261955 0.042215265
v 0.005303063 0.50545043 0.040021427
v 0.0053774188 0.50091577 0.034051485
v 0.0054685283 0.50074756 0.026585706
v 0.0054685283 0.50074756 0.026585706
v 0.0055416115 0.50501007 0.020475812
v 0.0055687302 0.51207525 0.018055506
v 0.030465079 0.51911908 0.017836131
v 0.032659035 0.52363455 0.023404486
v 0.035319313 0.52377933 0.030381329
v 0.037429813 0.51949817 0.036101706
v 0.03818436 0.51242632 0.03838072
v 0.037294757 0.50526494 0.036347754
v 0.035100803 0.50074953 0.030779429
v 0.03244051 0.50060469 0.023802586
v 0.03244051 0.50060469 0.023802586
v 0.030330021 0.50488585 0.018082179
v 0.029575476 0.51195771 0.015803196
v -0.036506835 0.51961809 0.013559617
v -0.035596889 0.51243067 0.011637636
v -0.037145991 0.50539684 0.013593592
v -0.040562462 0.50120318 0.018680371
v -0.040562462 0.50120318 0.018680371
v -0.044541292 0.50145161 0.024954982
v -0.04756273 0.50604713 0.030020721
v -0.048472676 0.5132345 0.031942733
v -0.04692357 0.52026838 0.029986776
v -0.043507099 0.52446204 0.024899997
v -0.039528269 0.52421361 0.018625356
v -0.016655814 0.52378076 0.024928458
v -0.017509723 0.52394974 0.032345779
v -0.01823202 0.51968801 0.0384138
v -0.018546799 0.51262319 0.040814705
v -0.018333843 0.505454 0.038631536
v -0.01767448 0.50091881 0.032698072
v -0.016820556 0.50074971 0.025280721
v -0.016820556 0.50074971 0.025280721
v -0.016098276 0.5050115 0.0192127
v -0.015783478 0.51207626 0.016811766
v -0.015996451 0.51924551 0.018994994
v 0.054736368 0.52727664 -0.10304939
v 0.0606668 0.53185129 -0.10271501
v 0.068046115 0.53227419 -0.10378333
v 0.074055649 0.52838373 -0.10584629
v 0.076400004 0.52166611 -0.10811588
v 0.074183665 0.51468706 -0.10972525
v 0.068253249 0.5101124 -0.11005962
v 0.060873933 0.50968951 -0.10899131
v 0.060873933 0.50968951 -0.10899131
v 0.054864395 0.51357991 -0.10692835
v 0.052520052 0.52029759 -0.10465874
v 0.051253784 0.51927185 -0.041343682
v 0.057163019 0.52369499 -0.040029936
v 0.064480446 0.52372622 -0.038537107
v 0.070411071 0.51935369 -0.037435405
v 0.072689623 0.51224744 -0.037145637
v 0.070445731 0.50512189 -0.037778489
v 0.064536482 0.50069869 -0.039092265
v 0.057219055 0.50066745 -0.040585093
v 0.057219055 0.50066745 -0.040585093
v 0.051288418 0.50504005 -0.041686796
v 0.049009901 0.51214623 -0.041976564
v 0.056158166 0.5227918 -0.08315032
v 0.062125243 0.52726519 -0.082380705
v 0.06959144 0.52743328 -0.08233317
v 0.075704858 0.52323192 -0.083025806
v 0.078130454 0.51626587 -0.084194116
v 0.075941712 0.5091958 -0.085391782
v 0.069974646 0.50472248 -0.086161368
v 0.062508449 0.50455445 -0.086208932
v 0.062508449 0.50455445 -0.086208932
v 0.056394991 0.5087558 -0.085516267
v 0.053969406 0.51572186 -0.084347986
v 0.054777972 0.52029604 -0.062444679
v 0.0607257 0.52473122 -0.061366193
v 0.068138637 0.52479297 -0.060461335
v 0.074185304 0.52045768 -0.060075663
v 0.076556101 0.51338136 -0.06035652
v 0.07434541 0.50626677 -0.061196618
v 0.068397678 0.50183165 -0.062275045
v 0.060984746 0.50176984 -0.063179933
v 0.060984746 0.50176984 -0.063179933
v 0.05493807 0.50610512 -0.063565634
v 0.052567303 0.51318157 -0.063284777
v 0.052276529 0.52338034 -0.018326126
v 0.059558429 0.52340865 -0.016668551
v 0.065448672 0.5190326 -0.015379749
v 0.067697391 0.51192379 -0.014952026
v 0.065445662 0.50479758 -0.015548699
v 0.059553552 0.50037587 -0.016941927
v 0.052271657 0.50034767 -0.018599503
v 0.052271657 0.50034767 -0.018599503
v 0.04638141 0.50472373 -0.019888334
v 0.044132676 0.51183248 -0.020316057
v 0.04638442 0.51895869 -0.019719355
v -0.016895726 0.52913362 -0.15488808
v -0.016522488 0.53594851 -0.15799087
v -0.012203041 0.54054385 -0.16199082
v -0.0055872761 0.54116434 -0.16536011
v 0.00079782086 0.53757298 -0.16681179
v 0.0045133629 0.53114164 -0.16579133
v 0.004140127 0.52432674 -0.16268855
v -0.00017930214 0.51973146 -0.15868859
v -0.00017930214 0.51973146 -0.15868859
v -0.0067950855 0.51911092 -0.1553193
v -0.013180182 0.52270216 -0.15386764
v 0.043633539 0.53539318 -0.12543369
v 0.016173635 0.54092234 -0.13321442
v -0.0051196143 0.53875107 -0.13940176
v -0.0052137626 0.54506373 -0.14344535
v 0.017185876 0.54735726 -0.1369262
v 0.047733463 0.54110318 -0.12804067
v -0.0025134145 0.54835647 -0.14958052
v 0.01826507 0.55033123 -0.14369116
v 0.05250974 0.54316837 -0.13339759
v 0.0019499754 0.54737163 -0.15546384
v 0.018998986 0.54870838 -0.15092536
v 0.056137994 0.54079998 -0.13945827
v 0.0064715613 0.54248524 -0.15884813
v 0.01910729 0.54310876 -0.15586555
v 0.057232365 0.53490263 -0.14390776
v 0.00932422 0.53556389 -0.15844067
v 0.018548632 0.53567088 -0.15662476
v 0.055374831 0.52772892 -0.14504652
v 0.0094183683 0.52925122 -0.15439709
v 0.017536376 0.52923608 -0.15291299
v 0.051274888 0.52201897 -0.14243954
v 0.0067180204 0.52595842 -0.14826193
v 0.0067180204 0.52595842 -0.14826193
v 0.016457196 0.52626204 -0.14614802
v 0.016457196 0.52626204 -0.14614802
v 0.04649863 0.51995379 -0.13708263
v 0.04649863 0.51995379 -0.13708263
v 0.0022546304 0.52694333 -0.14237858
v 0.015723284 0.52788478 -0.13891383
v 0.042870358 0.52232218 -0.13102194
v -0.0022669388 0.53182971 -0.13899431
v 0.015614962 0.53348452 -0.13397364
v 0.041776005 0.52821952 -0.12657244
v -0.010720422 0.53526676 -0.14447132
v -0.014301481 0.53185821 -0.14974962
v -0.014292235 0.53830671 -0.15357397
v -0.010896856 0.54153734 -0.14857712
v -0.01035768 0.54251236 -0.15832856
v -0.0074477307 0.5452916 -0.15403457
v -0.0040006805 0.54286867 -0.16219732
v -0.0016904947 0.54509532 -0.15875912
v 0.0023505904 0.5392397 -0.16370248
v 0.0041757817 0.54102379 -0.16094612
v 0.0062701879 0.53301138 -0.16226916
v 0.0079103792 0.53463191 -0.15976026
v 0.006260924 0.52656281 -0.15844482
v 0.0080868127 0.52836132 -0.15565445
v 0.0023263693 0.52235717 -0.15369023
v 0.0023263693 0.52235717 -0.15369023
v 0.0046376865 0.52460712 -0.150197
v 0.0046376865 0.52460712 -0.150197
v -0.0040306305 0.52200085 -0.14982149
v -0.0011195493 0.52480328 -0.14547245
v -0.010381901 0.52562988 -0.1483163
v -0.006985826 0.52887487 -0.14328545
v 0.0025505698 0.54105437 -0.13557721
v 0.0028709059 0.54748082 -0.13942513
v 0.0046037221 0.55049098 -0.14603657
v 0.0070871087 0.54893488 -0.15288617
v 0.0093725026 0.54340702 -0.15735762
v 0.010586974 0.53601879 -0.15774298
v 0.01026662 0.52959228 -0.15389506
v 0.0085338224 0.52658218 -0.14728362
v 0.0085338224 0.52658218 -0.14728362
v 0.0060504354 0.52813822 -0.14043402
v 0.0037650235 0.53366613 -0.13596258
v 0.026844932 0.53958672 -0.13175305
v 0.028548541 0.54593182 -0.13536499
v 0.030246625 0.54882282 -0.14203832
v 0.031290565 0.54715526 -0.14922407
v 0.031281646 0.54156613 -0.15417755
v 0.030223222 0.53419048 -0.15500667
v 0.028519632 0.52784526 -0.15139474
v 0.026821529 0.52495438 -0.14472142
v 0.026821529 0.52495438 -0.14472142
v 0.02577759 0.52662182 -0.13753566
v 0.025786527 0.53221095 -0.1325822
v 0.036131132 0.53769153 -0.12936462
v 0.038904965 0.54381335 -0.13268711
v 0.041908305 0.54643029 -0.13900422
v 0.04399398 0.54454297 -0.14590298
v 0.04436535 0.538872 -0.15074837
v 0.042880531 0.53158379 -0.15168957
v 0.040106714 0.52546203 -0.14836706
v 0.037103388 0.52284497 -0.14204998
v 0.037103388 0.52284497 -0.14204998
v 0.035017699 0.52473241 -0.1351512
v 0.034646343 0.53040326 -0.13030583
v 0.049118869 0.53282303 -0.11967257
v 0.05432301 0.53801942 -0.12112986
v 0.060638431 0.53936785 -0.12488106
v 0.065652885 0.53635323 -0.12949335
v 0.067450985 0.53012711 -0.133205
v 0.065345958 0.52306765 -0.13459825
v 0.060141832 0.51787114 -0.13314097
v 0.053826407 0.51652271 -0.12938979
v 0.053826407 0.51652271 -0.12938979
v 0.048811957 0.51953733 -0.12477747
v 0.047013838 0.52576345 -0.12106584
v 0.058586497 0.53484243 -0.11246233
v 0.065717287 0.53558379 -0.11455432
v 0.071480289 0.53201151 -0.11764165
v 0.07367418 0.52548987 -0.1205451
v 0.071461059 0.51851004 -0.12215561
v 0.065686151 0.5137381 -0.12185806
v 0.05855535 0.51299673 -0.11976608
v 0.05855535 0.51299673 -0.11976608
v 0.052792367 0.51656914 -0.11667872
v 0.05059845 0.52309066 -0.1137753
v 0.052811611 0.53007048 -0.11216477
v -0.039555974 0.5325405 -0.16453511
v -0.029132083 0.54107207 -0.15101096
v -0.026102494 0.54369414 -0.15734781
v -0.045811135 0.53467697 -0.16775054
v -0.025893269 0.54954815 -0.16198048
v -0.049290892 0.54043734 -0.17090268
v -0.049290892 0.54043734 -0.17090268
v -0.028584288 0.55639797 -0.16313945
v -0.048666079 0.54762155 -0.17278746
v -0.033147715 0.56162733 -0.16038201
v -0.04417539 0.55348539 -0.17268498
v -0.03784043 0.56323874 -0.15476143
v -0.037534069 0.55578911 -0.17063437
v -0.040870003 0.56061667 -0.14842457
v -0.031278931 0.5536527 -0.16741892
v -0.041079242 0.55476272 -0.1437919
v -0.041079242 0.55476272 -0.1437919
v -0.027799161 0.54789221 -0.16426681
v -0.038388208 0.54791284 -0.14263292
v -0.028423971 0.54070801 -0.16238202
v -0.033824805 0.54268348 -0.14539038
v -0.032914676 0.53484416 -0.16248451
v -0.039075781 0.53825182 -0.15167116
v -0.014569216 0.54378903 -0.14780027
v -0.01461389 0.54649162 -0.14082286
v -0.045356981 0.54210454 -0.15088377
v -0.0148575 0.55275208 -0.13677847
v -0.048916247 0.54830879 -0.15294749
v -0.048916247 0.54830879 -0.15294749
v -0.015206981 0.56017894 -0.1372119
v -0.015206981 0.56017894 -0.1372119
v -0.048394069 0.55449486 -0.15707402
v -0.015528874 0.56593561 -0.14195757
v -0.043989919 0.55829966 -0.1616872
v -0.015700186 0.56782323 -0.14920285
v -0.037386011 0.55827016 -0.16502492
v -0.015655514 0.56512064 -0.15618022
v -0.031104833 0.55441743 -0.16581228
v -0.015411903 0.55886018 -0.16022464
v -0.027545568 0.54821318 -0.16374857
v -0.015062405 0.55143327 -0.15979121
v -0.028067729 0.54202712 -0.15962203
v -0.01474053 0.54567653 -0.15504553
v -0.032471899 0.53822225 -0.15500887
v -0.029715208 0.52929813 -0.17336911
v -0.030450193 0.52958548 -0.18069223
v -0.02930399 0.5338378 -0.18653714
v -0.02930399 0.5338378 -0.18653714
v -0.026714418 0.54043072 -0.18867128
v -0.023670593 0.54684597 -0.18627949
v -0.021335149 0.55063319 -0.18027535
v -0.020600146 0.55034578 -0.17295221
v -0.02174635 0.54609346 -0.16710731
v -0.024335923 0.53950059 -0.16497318
v -0.027379766 0.53308535 -0.16736497
v -0.030152351 0.53387469 -0.16625741
v -0.027053781 0.54032171 -0.16401152
v -0.026443219 0.54760146 -0.165563
v -0.028553916 0.55293334 -0.17031926
v -0.032579608 0.55428064 -0.17646357
v -0.036982663 0.55112892 -0.18164903
v -0.040081251 0.54468185 -0.18389494
v -0.040691797 0.53740215 -0.18234345
v -0.040691797 0.53740215 -0.18234345
v -0.038581118 0.53207028 -0.17758718
v -0.034555413 0.53072298 -0.17144286
v -0.025030494 0.53165656 -0.16699959
v -0.021104887 0.53752255 -0.164472
v -0.015892791 0.54255021 -0.16629712
v -0.011385069 0.54481906 -0.17177781
v -0.0093034869 0.54346263 -0.17882064
v -0.010443167 0.5389989 -0.18473547
v -0.014368773 0.53313285 -0.18726306
v -0.019580871 0.52810514 -0.18543795
v -0.019580871 0.52810514 -0.18543795
v -0.02408861 0.52583623 -0.17995726
v -0.026170174 0.52719277 -0.17291445
v -0.018625902 0.53485078 -0.16246731
v -0.013257492 0.5396437 -0.16446302
v -0.0070012575 0.5403465 -0.16844686
v -0.002246842 0.53669071 -0.17289717
v -0.00081027276 0.53007275 -0.17611406
v -0.0032402764 0.52302045 -0.17686879
v -0.008608669 0.51822758 -0.17487306
v -0.008608669 0.51822758 -0.17487306
v -0.014864905 0.51752478 -0.17088921
v -0.019619334 0.52118057 -0.16643891
v -0.021055888 0.52779847 -0.16322203
v 0.036390755 0.54815775 -0.17233189
v 0.039730601 0.55417401 -0.16942948
v 0.035922941 0.53943193 -0.16913145
v 0.035922941 0.53943193 -0.16913145
v 0.032656714 0.54143125 -0.17557688
v 0.032656714 0.54143125 -0.17557688
v 0.031454626 0.54714894 -0.18022852
v 0.031454626 0.54714894 -0.18022852
v 0.032775834 0.55440092 -0.18130961
v 0.032775834 0.55440092 -0.18130961
v 0.036115665 0.56041718 -0.17840721
v 0.036115665 0.56041718 -0.17840721
v 0.040198438 0.56289983 -0.17262994
v 0.040198438 0.56289983 -0.17262994
v 0.043464657 0.56090039 -0.16618449
v 0.043464657 0.56090039 -0.16618449
v 0.04466673 0.55518281 -0.16153285
v 0.04466673 0.55518281 -0.16153285
v 0.04466673 0.55518281 -0.16153285
v 0.043345541 0.54793078 -0.16045175
v 0.043345541 0.54793078 -0.16045175
v 0.040005695 0.54191446 -0.16335415
v 0.040005695 0.54191446 -0.16335415
v 0.022867784 0.54202932 -0.16166672
v 0.019543575 0.54403782 -0.16807958
v 0.017727179 0.54986489 -0.17238312
v 0.018112401 0.55728477 -0.17293354
v 0.020552106 0.56346333 -0.16952062
v 0.024114404 0.56604052 -0.16344794
v 0.027438615 0.56403196 -0.15703509
v 0.029255029 0.55820489 -0.15273156
v 0.029255029 0.55820489 -0.15273156
v 0.028869791 0.55078506 -0.15218113
v 0.026430083 0.54460651 -0.15559405
v 0.0049893539 0.54491669 -0.16009078
v 0.0031804997 0.55074281 -0.16439874
v 0.0035039035 0.55816799 -0.16491639
v 0.0058360356 0.56435603 -0.16144599
v 0.0092861084 0.56694335 -0.15531311
v 0.012536308 0.56494159 -0.14886031
v 0.014345178 0.55911547 -0.14455234
v 0.014345178 0.55911547 -0.14455234
v 0.014021759 0.55169034 -0.14403468
v 0.011689626 0.54550231 -0.1475051
v 0.0082395533 0.54291499 -0.15363798
v -0.023779085 0.54273248 -0.14881818
v -0.022304703 0.54483449 -0.15584366
v -0.022279607 0.55063093 -0.16055206
v -0.023713391 0.55790776 -0.16114491
v -0.026058394 0.56388539 -0.15739582
v -0.028418913 0.56628066 -0.15073675
v -0.029893313 0.56417865 -0.14371127
v -0.029918408 0.55838221 -0.13900287
v -0.029918408 0.55838221 -0.13900287
v -0.028484607 0.55110544 -0.13840999
v -0.026139604 0.54512775 -0.14215911
v 0.011126866 0.53137541 -0.13953909
v 0.011884161 0.52615303 -0.13427209
v 0.0082154796 0.52129924 -0.1301458
v 0.0015221147 0.518668 -0.12873629
v -0.0056392811 0.5192644 -0.13058197
v -0.010533293 0.52286053 -0.13497788
v -0.011290588 0.52808285 -0.14024489
v -0.0076219062 0.53293663 -0.14437119
v -0.0076219062 0.53293663 -0.14437119
v -0.00092854165 0.53556794 -0.14578068
v 0.0062328544 0.53497159 -0.14393499
v -0.0076276567 0.55201697 -0.17229846
v -0.011790188 0.55573404 -0.17728451
v -0.016866723 0.56114823 -0.17808259
v -0.020918138 0.56619143 -0.17438786
v -0.022396997 0.56893742 -0.16761158
v -0.020738373 0.5683372 -0.16034207
v -0.016575823 0.56462008 -0.15535603
v -0.011499306 0.55920595 -0.15455796
v -0.011499306 0.55920595 -0.15455796
v -0.0074478737 0.55416274 -0.15825269
v -0.0059690326 0.55141675 -0.16502897
v 0.0393917 0.51888651 0.0086555257
v 0.044955116 0.52331722 0.010989375
v 0.051797565 0.52335668 0.013932653
v 0.057305485 0.5189898 0.016361125
v 0.059375037 0.51188457 0.017347194
v 0.057215713 0.50475496 0.016514249
v 0.051652301 0.50032425 0.014180399
v 0.044809848 0.50028479 0.011237122
v 0.044809848 0.50028479 0.011237122
v 0.039301913 0.50465167 0.0088086799
v 0.03723238 0.5117569 0.0078225806
v 0.039270759 0.52349305 0.019441463
v 0.044177085 0.52358931 0.02497796
v 0.048100967 0.51926893 0.029534049
v 0.049543656 0.51218218 0.031369485
v 0.04795403 0.50503588 0.029783137
v 0.043939326 0.50055969 0.025380976
v 0.039033022 0.50046343 0.01984448
v 0.039033022 0.50046343 0.01984448
v 0.035109121 0.50478381 0.01528839
v 0.033666451 0.51187056 0.013452984
v 0.035256058 0.51901686 0.015039332
v 0.024792515 0.52372605 0.0252764
v 0.026028205 0.52388841 0.032632448
v 0.02700196 0.51962119 0.038655706
v 0.027341845 0.51255441 0.041045435
v 0.026918041 0.50538737 0.038888909
v 0.025892399 0.50085759 0.033009805
v 0.024656726 0.50069529 0.025653757
v 0.024656726 0.50069529 0.025653757
v 0.023682971 0.5049625 0.019630529
v 0.023343086 0.51202923 0.01724077
v 0.02376689 0.51919633 0.019397296
v 0.013534869 -0.5488379 -0.13847398
v 0.015394881 -0.551687 -0.13179322
v 0.01265238 -0.55454051 -0.12545993
v 0.0063548987 -0.55630863 -0.12189323
v -0.0010921208 -0.5563159 -0.12245549
v -0.0068441895 -0.55455947 -0.12693192
v -0.0087042022 -0.55171061 -0.13361269
v -0.0059617008 -0.54885697 -0.13994596
v -0.0059617008 -0.54885697 -0.13994596
v 0.00033576321 -0.54708886 -0.14351265
v 0.0077828006 -0.54708159 -0.1429504
v -0.026562637 -0.51320696 -0.16502267
v -0.026562637 -0.51320696 -0.16502267
v -0.031932008 -0.51549232 -0.16972977
v -0.031932008 -0.51549232 -0.16972977
v -0.038399756 -0.51919842 -0.17018497
v -0.038399756 -0.51919842 -0.17018497
v -0.043495432 -0.52290976 -0.1662144
v -0.043495432 -0.52290976 -0.1662144
v -0.045272678 -0.52520871 -0.15933467
v -0.045272678 -0.52520871 -0.15933467
v -0.04305261 -0.52521729 -0.15217364
v -0.04305261 -0.52521729 -0.15217364
v -0.037683256 -0.52293205 -0.14746655
v -0.037683256 -0.52293205 -0.14746655
v -0.031215496 -0.51922584 -0.14701135
v -0.031215496 -0.51922584 -0.14701135
v -0.031215496 -0.51922584 -0.14701135
v -0.026119821 -0.51551449 -0.1509819
v -0.026119821 -0.51551449 -0.1509819
v -0.024342587 -0.51321554 -0.15786162
v -0.024342587 -0.51321554 -0.15786162
v 0.010089853 -0.56643057 -0.16171315
v 0.010459362 -0.57375789 -0.16325696
v 0.006595992 -0.58014905 -0.16321634
v -2.4547446e-05 -0.5831629 -0.16160672
v -0.0068734395 -0.58164811 -0.15904301
v -0.011334654 -0.57618356 -0.15650441
v -0.011704146 -0.56885624 -0.15496059
v -0.0078407936 -0.56246507 -0.15500125
v -0.0078407936 -0.56246507 -0.15500125
v -0.0012202536 -0.55945122 -0.15661084
v 0.0056286561 -0.5609659 -0.15917454
v 0.013334276 -0.55780721 -0.14418381
v 0.015156491 -0.56262445 -0.13873555
v 0.012384395 -0.56700468 -0.13335941
v 0.0060768104 -0.56927514 -0.13010893
v -0.0013569711 -0.56856811 -0.13022567
v -0.0070774951 -0.56515408 -0.133665
v -0.0088997092 -0.56033695 -0.13911327
v -0.0061276136 -0.5559566 -0.14448939
v -0.0061276136 -0.5559566 -0.14448939
v 0.00017997122 -0.55368638 -0.14773987
v 0.0076137525 -0.55439329 -0.14762315
v 0.011356372 -0.56633854 -0.15656777
v 0.012248416 -0.56457353 -0.15205406
v 0.01377518 -0.57108951 -0.14867464
v 0.012466977 -0.57364011 -0.15527814
v 0.010768896 -0.5768137 -0.14493688
v 0.0091273244 -0.57999325 -0.15321428
v 0.0043778601 -0.57955956 -0.14226844
v 0.002613036 -0.5829711 -0.15116451
v -0.0029567413 -0.5782783 -0.14168858
v -0.0045876531 -0.5814364 -0.1499118
v -0.0084333736 -0.57345939 -0.1434188
v -0.0097243143 -0.57597542 -0.14993461
v -0.0099601373 -0.56694341 -0.14679816
v -0.01083492 -0.56867373 -0.15122426
v -0.0069538532 -0.56121922 -0.15053596
v -0.0069538532 -0.56121922 -0.15053596
v -0.0074952664 -0.56232071 -0.15328811
v -0.0074952664 -0.56232071 -0.15328811
v -0.0005628168 -0.55847335 -0.15320441
v -0.00098097837 -0.55934286 -0.15533789
v 0.0067718024 -0.55975461 -0.15378427
v 0.0062197116 -0.56087744 -0.1565906
v 0.00066712673 -0.55904961 -0.17206722
v 0.0064737666 -0.56361592 -0.16835422
v 0.0056365547 -0.57004213 -0.17212407
v -0.0018517135 -0.56415153 -0.17694948
v 0.0014685566 -0.57621145 -0.172709
v -0.0063379258 -0.57006991 -0.17773703
v -0.0044381996 -0.57976723 -0.16988558
v -0.011077901 -0.57454443 -0.17412909
v -0.0098275105 -0.57935143 -0.16473225
v -0.014261138 -0.57586575 -0.16750374
v -0.012640868 -0.57512283 -0.15921742
v -0.01467175 -0.57352948 -0.16039164
v -0.011803656 -0.56869674 -0.15544758
v -0.012152893 -0.56842756 -0.15550939
v -0.0076356586 -0.56252742 -0.15486264
v -0.0076356586 -0.56252742 -0.15486264
v -0.0076666982 -0.56250918 -0.15472182
v -0.0076666982 -0.56250918 -0.15472182
v -0.0017289022 -0.55897152 -0.15768605
v -0.0029267038 -0.55803466 -0.15832978
v 0.0036604081 -0.55938733 -0.1628394
v 0.00025653082 -0.55671334 -0.16495514
v -0.024177773 -0.53889489 -0.12586211
v -0.025597313 -0.54534304 -0.12941401
v -0.027249997 -0.54835892 -0.13604325
v -0.028504552 -0.54679084 -0.14321768
v -0.028881783 -0.54123759 -0.14819693
v -0.028237585 -0.53382027 -0.14907908
v -0.026818046 -0.52737212 -0.14552719
v -0.025165362 -0.52435613 -0.13889794
v -0.025165362 -0.52435613 -0.13889794
v -0.023910826 -0.52592432 -0.13172349
v -0.023533596 -0.53147769 -0.12674425
v 0.012181209 -0.52960002 -0.14219332
v 0.015474195 -0.53450537 -0.1515568
v 0.020104589 -0.53192139 -0.156857
v 0.013812204 -0.52294016 -0.13916086
v 0.020439086 -0.52802634 -0.16322029
v 0.011333047 -0.51596069 -0.1382041
v 0.016349904 -0.52430797 -0.16821606
v 0.005690698 -0.51132751 -0.13968845
v 0.009399008 -0.52218652 -0.16993613
v -0.00095966452 -0.51081038 -0.14304697
v 0.0022413596 -0.52247238 -0.16772347
v -0.0060778302 -0.51460683 -0.1469968
v -0.0023890373 -0.52505612 -0.16242326
v -0.007708827 -0.5212667 -0.15002924
v -0.0027235164 -0.52895117 -0.15605999
v -0.0027235164 -0.52895117 -0.15605999
v -0.0052296687 -0.52824605 -0.15098602
v -0.0052296687 -0.52824605 -0.15098602
v 0.0013656488 -0.53266966 -0.15106419
v 0.00041267957 -0.53287923 -0.14950167
v 0.0083165634 -0.53479111 -0.14934412
v 0.0070630428 -0.53339648 -0.14614315
v -0.010630746 -0.54154706 -0.13192758
v -0.017006611 -0.54004037 -0.12792722
v -0.01971663 -0.54628015 -0.13107853
v -0.014159793 -0.54759932 -0.13459677
v -0.023041885 -0.54902196 -0.13717769
v -0.018801272 -0.55003905 -0.13991456
v -0.025712214 -0.54721856 -0.14389503
v -0.022782288 -0.54793429 -0.14584977
v -0.026707651 -0.54155862 -0.14866474
v -0.024582257 -0.54208887 -0.15013531
v -0.025647979 -0.53420424 -0.14966497
v -0.023513651 -0.53473568 -0.15113427
v -0.022937955 -0.52796459 -0.14651364
v -0.019984605 -0.5286833 -0.14846509
v -0.019612718 -0.52522278 -0.14041448
v -0.019612718 -0.52522278 -0.14041448
v -0.015343124 -0.52624369 -0.14314727
v -0.015343124 -0.52624369 -0.14314727
v -0.016942391 -0.52702618 -0.13369714
v -0.011362088 -0.52834845 -0.13721208
v -0.015946953 -0.532686 -0.12892745
v -0.0095621189 -0.53419387 -0.13292654
v 0.0028405776 -0.5442729 -0.14503299
v -0.0012681949 -0.54375648 -0.14064439
v -0.0049819779 -0.54976022 -0.14316868
v -0.00054476754 -0.55031419 -0.14790574
v -0.010312578 -0.55203438 -0.14787909
v -0.0057800193 -0.5525974 -0.15271755
v -0.01522385 -0.54971004 -0.1529764
v -0.010865456 -0.55025053 -0.15763044
v -0.017839884 -0.54367518 -0.15651363
v -0.01385863 -0.54417014 -0.16076786
v -0.017161425 -0.53623486 -0.15713965
v -0.013616254 -0.53667855 -0.16093143
v -0.013447641 -0.53023124 -0.15461537
v -0.010230892 -0.53063738 -0.15805866
v -0.0081170583 -0.5279572 -0.14990496
v -0.0081170583 -0.5279572 -0.14990496
v -0.0049956562 -0.52835417 -0.15324686
v -0.0049956562 -0.52835417 -0.15324686
v -0.0032057688 -0.53028142 -0.14480763
v 8.9780791e-05 -0.53070092 -0.14833397
v -0.00058973621 -0.53631616 -0.14127041
v 0.0030829706 -0.53678131 -0.14519656
v 0.013984216 -0.53909183 -0.15350156
v 0.01091869 -0.5426501 -0.15270165
v 0.01074736 -0.54758692 -0.15834139
v 0.017496761 -0.53975379 -0.16009195
v 0.0076229041 -0.54911184 -0.16495103
v 0.017025001 -0.53819251 -0.16737989
v 0.0027387869 -0.54664207 -0.17000586
v 0.012749128 -0.53500438 -0.17258166
v -0.0020394425 -0.54112124 -0.17157517
v 0.0063023693 -0.53140724 -0.17371035
v -0.0048866458 -0.53465796 -0.16905951
v 0.00014719511 -0.52877486 -0.17033486
v -0.0047152983 -0.52972102 -0.16341976
v -0.003365349 -0.52811301 -0.16374446
v -0.0015908424 -0.52819622 -0.15681015
v -0.0015908424 -0.52819622 -0.15681015
v -0.0028935887 -0.52967429 -0.15645651
v -0.0028935887 -0.52967429 -0.15645651
v 0.0032932749 -0.53066587 -0.1517553
v 0.0013822831 -0.53286242 -0.15125474
v 0.0080715045 -0.53618681 -0.15018598
v 0.0078290245 -0.53645957 -0.15012604
v 0.013729307 -0.52933991 -0.14495076
v 0.015220534 -0.5308069 -0.14829962
v 0.019622961 -0.52538514 -0.15102581
v 0.016691526 -0.52247763 -0.14436468
v 0.019779131 -0.51938164 -0.15546515
v 0.015607971 -0.51526546 -0.1459726
v 0.01562942 -0.51508951 -0.15992198
v 0.010892567 -0.51045823 -0.14916029
v 0.0087588402 -0.51414824 -0.16269393
v 0.0043464014 -0.50989223 -0.15271019
v 0.0017917455 -0.51691747 -0.16272221
v -0.0015300855 -0.51378345 -0.15526637
v -0.0026106655 -0.52233922 -0.15999602
v -0.004492288 -0.52064586 -0.15585243
v -0.0027668525 -0.52834272 -0.15555666
v -0.0027668525 -0.52834272 -0.15555666
v -0.0034087496 -0.52785802 -0.15424453
v -0.0034087496 -0.52785802 -0.15424453
v 0.0013828755 -0.53263485 -0.15109982
v 0.0013066706 -0.53266525 -0.15105683
v 0.0082534393 -0.53357601 -0.14832789
v 0.0078528197 -0.53323126 -0.14750692
v 0.011404756 -0.53373647 -0.13783458
v 0.0064478661 -0.5370872 -0.14235015
v -0.0006992463 -0.53885317 -0.14325698
v -0.0073066168 -0.53835988 -0.14020868
v -0.0073066168 -0.53835988 -0.14020868
v -0.010850444 -0.53579593 -0.1343696
v -0.0099771228 -0.53214037 -0.12797008
v -0.0050202496 -0.52878976 -0.12345453
v 0.0021268625 -0.52702379 -0.1225477
v 0.0087342327 -0.52751696 -0.12559599
v 0.012278061 -0.53008103 -0.13143507
v 0.013983692 -0.53798747 -0.12904537
v 0.010935484 -0.5380795 -0.12222817
v 0.0045448667 -0.53900087 -0.11851106
v -0.0027471483 -0.54039955 -0.1193139
v -0.0081552425 -0.54174149 -0.12432995
v -0.0096137282 -0.54251385 -0.13164333
v -0.006565521 -0.54242182 -0.13846054
v -0.006565521 -0.54242182 -0.13846054
v -0.00017490397 -0.54150057 -0.14217763
v 0.0071170935 -0.54010177 -0.14137482
v 0.012525205 -0.53875995 -0.13635873
v -0.057651412 -0.52313387 -0.061343305
v -0.063295014 -0.52795434 -0.060284249
v -0.070680529 -0.52850163 -0.059320413
v -0.076986946 -0.52456665 -0.058819912
v -0.079805426 -0.51765251 -0.058973931
v -0.078059383 -0.51039982 -0.059723638
v -0.072415784 -0.50557935 -0.060782664
v -0.065030269 -0.50503206 -0.0617465
v -0.065030269 -0.50503206 -0.0617465
v -0.058723848 -0.50896716 -0.06224703
v -0.055905383 -0.5158813 -0.062092982
v -0.049975272 -0.5354557 -0.1155582
v -0.0590926 -0.52702951 -0.092111431
v -0.064747155 -0.53191686 -0.091521911
v -0.054260284 -0.54132545 -0.11740018
v -0.072165281 -0.53266358 -0.091955774
v -0.059756953 -0.54362392 -0.12190329
v -0.078513503 -0.52898431 -0.093247287
v -0.064365722 -0.54147327 -0.12734746
v -0.081367001 -0.52228427 -0.094903164
v -0.066326186 -0.53569484 -0.13165324
v -0.079635836 -0.51512289 -0.096290909
v -0.064889528 -0.52849579 -0.13317596
v -0.073981278 -0.51023531 -0.096880399
v -0.060604509 -0.52262592 -0.13133397
v -0.066563159 -0.5094887 -0.096446536
v -0.066563159 -0.5094887 -0.096446536
v -0.055107847 -0.52032733 -0.12683088
v -0.055107847 -0.52032733 -0.12683088
v -0.060214926 -0.51316798 -0.095155023
v -0.050499089 -0.5224781 -0.12138668
v -0.057361431 -0.51986802 -0.093499117
v -0.048538614 -0.52825665 -0.11708091
v -0.059315793 -0.52531075 -0.082231842
v -0.064977199 -0.530159 -0.081424139
v -0.07241568 -0.53078866 -0.081208162
v -0.078790009 -0.52695942 -0.081666492
v -0.081665389 -0.52013373 -0.082623981
v -0.079943538 -0.51291883 -0.083714984
v -0.074282117 -0.50807059 -0.084522717
v -0.066843629 -0.50744081 -0.084738664
v -0.066843629 -0.50744081 -0.084738664
v -0.060469296 -0.51127017 -0.084280364
v -0.057593923 -0.51809585 -0.083322816
v -0.057740983 -0.52936435 -0.10102107
v -0.063341372 -0.53434253 -0.10077012
v -0.070598118 -0.53535938 -0.10221251
v -0.076739348 -0.53202617 -0.1047973
v -0.079419404 -0.52561641 -0.10753717
v -0.077614509 -0.51857829 -0.10938559
v -0.072014116 -0.51360023 -0.10963653
v -0.064757377 -0.51258349 -0.10819414
v -0.064757377 -0.51258349 -0.10819414
v -0.058616132 -0.51591659 -0.10560936
v -0.055936102 -0.52232623 -0.10286949
v -0.054918133 -0.53243172 -0.10873115
v -0.06023626 -0.5376966 -0.1091869
v -0.066963524 -0.53926754 -0.11202427
v -0.072530352 -0.53654432 -0.1161595
v -0.074810401 -0.53056717 -0.12001307
v -0.07293278 -0.52361917 -0.12211302
v -0.067614675 -0.5183543 -0.12165727
v -0.060887389 -0.51678348 -0.11881988
v -0.060887389 -0.51678348 -0.11881988
v -0.055320565 -0.51950657 -0.11468466
v -0.053040516 -0.52548385 -0.1108311
v -0.043109063 -0.53731775 -0.1205986
v -0.045742553 -0.54363739 -0.12365428
v -0.049290359 -0.54646504 -0.12958656
v -0.052397329 -0.54472077 -0.13612945
v -0.053876732 -0.53907084 -0.14078386
v -0.053163454 -0.53167319 -0.14177192
v -0.050529964 -0.52535367 -0.13871622
v -0.046982162 -0.52252603 -0.13278396
v -0.046982162 -0.52252603 -0.13278396
v -0.043875191 -0.5242703 -0.12624104
v -0.042395785 -0.52992034 -0.12158664
v -0.035778876 -0.54464793 -0.12734428
v -0.037677556 -0.54765499 -0.13391142
v -0.039413147 -0.54605842 -0.14097853
v -0.040322717 -0.54046798 -0.14584621
v -0.040058829 -0.53301907 -0.14665519
v -0.038722288 -0.52655697 -0.14309645
v -0.036823589 -0.52355003 -0.13652932
v -0.036823589 -0.52355003 -0.13652932
v -0.035088018 -0.52514672 -0.12946219
v -0.034178451 -0.53073704 -0.12459453
v -0.034442339 -0.53818583 -0.12378555
v -0.026152236 -0.51933956 0.017455585
v -0.027411466 -0.5238812 0.023286201
v -0.029070621 -0.52405894 0.030565597
v -0.030495988 -0.51980472 0.036513336
v -0.031143092 -0.51274347 0.038857587
v -0.030764785 -0.50557256 0.036702849
v -0.029505571 -0.5010308 0.030872233
v -0.0278464 -0.50085306 0.023592807
v -0.0278464 -0.50085306 0.023592807
v -0.02642105 -0.50510728 0.017645068
v -0.025773946 -0.51216841 0.015300877
v -0.055254802 -0.52221465 -0.045240037
v -0.060884386 -0.52702951 -0.044084959
v -0.068228289 -0.52756 -0.042835943
v -0.07448139 -0.52360344 -0.041970037
v -0.077255212 -0.51667094 -0.041817985
v -0.075490251 -0.50941086 -0.042437933
v -0.069860652 -0.50459599 -0.043593012
v -0.062516756 -0.50406551 -0.044842027
v -0.062516756 -0.50406551 -0.044842027
v -0.05626367 -0.50802219 -0.045707934
v -0.053489845 -0.51495457 -0.045859955
v -0.044172909 -0.5201782 0.0044005886
v -0.042584103 -0.51294351 0.0032488778
v -0.04513875 -0.50597858 0.0040896013
v -0.050861083 -0.50194359 0.0066015497
v -0.050861083 -0.50194359 0.0066015497
v -0.057565317 -0.50238001 0.0098252967
v -0.062690713 -0.50712109 0.0125295
v -0.064279519 -0.51435578 0.013681181
v -0.061724849 -0.52132082 0.012840487
v -0.056002539 -0.5253557 0.010328509
v -0.049298286 -0.52491927 0.0071047619
v -0.040953957 -0.51986384 0.0098503307
v -0.045310665 -0.52453399 0.013776936
v -0.051026586 -0.52487934 0.018571056
v -0.055918433 -0.52076793 0.022401489
v -0.058117677 -0.51377034 0.023805089
v -0.056784309 -0.50655913 0.022245772
v -0.052427605 -0.50188899 0.018319167
v -0.046711698 -0.50154376 0.013525046
v -0.046711698 -0.50154376 0.013525046
v -0.041819856 -0.50565505 0.0096946135
v -0.039620589 -0.51265287 0.0082910135
v -0.046706956 -0.52052498 -0.0023163185
v -0.052164044 -0.52530861 -0.00043316931
v -0.059289385 -0.52579904 0.0017493144
v -0.065361336 -0.5218091 0.0033975318
v -0.068060644 -0.51486254 0.003881909
v -0.066356249 -0.50761294 0.003017433
v -0.060899161 -0.50282931 0.001134254
v -0.053773835 -0.50233889 -0.0010482594
v -0.053773835 -0.50233889 -0.0010482594
v -0.047701869 -0.50632882 -0.0026964769
v -0.045002561 -0.51327538 -0.0031808242
v -0.051334236 -0.52139962 -0.023408674
v -0.056947079 -0.52621102 -0.022161327
v -0.064261913 -0.52673519 -0.020749591
v -0.07048469 -0.52277195 -0.019712679
v -0.073238544 -0.51583505 -0.019446664
v -0.071471587 -0.50857425 -0.020053141
v -0.065858744 -0.50376296 -0.021300517
v -0.058543909 -0.50323868 -0.022712253
v -0.058543909 -0.50323868 -0.022712253
v -0.052321136 -0.50720191 -0.023749165
v -0.049567275 -0.51413882 -0.024015181
v 0.043970726 -0.51884699 -0.0087466165
v 0.049877815 -0.52326941 -0.0074207112
v 0.057171818 -0.52329826 -0.0058172271
v 0.063066646 -0.51892245 -0.0045486614
v 0.065310717 -0.51181364 -0.0040995702
v 0.063046828 -0.50468683 -0.0046414658
v 0.057139736 -0.50026441 -0.0059674606
v 0.049845736 -0.50023556 -0.0075709149
v 0.049845736 -0.50023556 -0.0075709149
v 0.043950886 -0.50461137 -0.0088394806
v 0.041706841 -0.5117203 -0.009288542
v 0.0055395202 -0.51924431 0.020249344
v 0.0054651648 -0.52377892 0.026219286
v 0.0053740549 -0.52394724 0.033685096
v 0.0053009717 -0.51968467 0.039794989
v 0.0052738534 -0.5126195 0.042215265
v 0.005303063 -0.50545049 0.040021427
v 0.0053774188 -0.50091577 0.034051485
v 0.0054685283 -0.50074756 0.026585706
v 0.0054685283 -0.50074756 0.026585706
v 0.0055416115 -0.50501013 0.020475812
v 0.0055687302 -0.51207519 0.018055506
v 0.030465079 -0.51911902 0.017836131
v 0.032659035 -0.52363455 0.023404486
v 0.035319313 -0.52377939 0.030381329
v 0.037429813 -0.51949811 0.036101706
v 0.03818436 -0.51242638 0.03838072
v 0.037294757 -0.505265 0.036347754
v 0.035100803 -0.50074959 0.030779429
v 0.03244051 -0.50060463 0.023802586
v 0.03244051 -0.50060463 0.023802586
v 0.030330021 -0.50488591 0.018082179
v 0.029575476 -0.51195765 0.015803196
v -0.036506835 -0.51961803 0.013559617
v -0.035596889 -0.51243067 0.011637636
v -0.037145991 -0.50539684 0.013593592
v -0.040562462 -0.50120318 0.018680371
v -0.040562462 -0.50120318 0.018680371
v -0.044541292 -0.50145161 0.024954982
v -0.04756273 -0.50604713 0.030020721
v -0.048472676 -0.5132345 0.031942733
v -0.04692357 -0.52026844 0.029986776
v -0.043507099 -0.52446198 0.024899997
v -0.039528269 -0.52421355 0.018625356
v -0.016655814 -0.52378082 0.024928458
v -0.017509723 -0.52394974 0.032345779
v -0.01823202 -0.51968801 0.0384138
v -0.018546799 -0.51262319 0.040814705
v -0.018333843 -0.50545406 0.038631536
v -0.01767448 -0.50091887 0.032698072
v -0.016820556 -0.50074971 0.025280721
v -0.016820556 -0.50074971 0.025280721
v -0.016098276 -0.50501156 0.0192127
v -0.015783478 -0.51207626 0.016811766
v -0.015996451 -0.51924551 0.018994994
v 0.054736368 -0.52727664 -0.10304939
v 0.0606668 -0.53185129 -0.10271501
v 0.068046115 -0.53227425 -0.10378333
v 0.074055649 -0.52838373 -0.10584629
v 0.076400004 -0.52166605 -0.10811588
v 0.074183665 -0.51468706 -0.10972525
v 0.068253249 -0.5101124 -0.11005962
v 0.060873933 -0.50968957 -0.10899131
v 0.060873933 -0.50968957 -0.10899131
v 0.054864395 -0.51357985 -0.10692835
v 0.052520052 -0.52029753 -0.10465874
v 0.051253784 -0.51927185 -0.041343682
v 0.057163019 -0.52369499 -0.040029936
v 0.064480446 -0.52372622 -0.038537107
v 0.070411071 -0.51935363 -0.037435405
v 0.072689623 -0.51224744 -0.037145637
v 0.070445731 -0.50512195 -0.037778489
v 0.064536482 -0.50069869 -0.039092265
v 0.057219055 -0.50066745 -0.040585093
v 0.057219055 -0.50066745 -0.040585093
v 0.051288418 -0.50504005 -0.041686796
v 0.049009901 -0.51214623 -0.041976564
v 0.056158166 -0.52279186 -0.08315032
v 0.062125243 -0.52726519 -0.082380705
v 0.06959144 -0.52743328 -0.08233317
v 0.075704858 -0.52323198 -0.083025806
v 0.078130454 -0.51626587 -0.084194116
v 0.075941712 -0.5091958 -0.085391782
v 0.069974646 -0.50472248 -0.086161368
v 0.062508449 -0.50455451 -0.086208932
v 0.062508449 -0.50455451 -0.086208932
v 0.056394991 -0.5087558 -0.085516267
v 0.053969406 -0.5157218 -0.084347986
v 0.054777972 -0.5202961 -0.062444679
v 0.0607257 -0.52473116 -0.061366193
v 0.068138637 -0.52479291 -0.060461335
v 0.074185304 -0.52045774 -0.060075663
v 0.076556101 -0.51338136 -0.06035652
v 0.07434541 -0.50626683 -0.061196618
v 0.068397678 -0.50183165 -0.062275045
v 0.060984746 -0.50176978 -0.063179933
v 0.060984746 -0.50176978 -0.063179933
v 0.05493807 -0.50610518 -0.063565634
v 0.052567303 -0.51318157 -0.063284777
v 0.052276529 -0.52338028 -0.018326126
v 0.059558429 -0.52340865 -0.016668551
v 0.065448672 -0.5190326 -0.015379749
v 0.067697391 -0.51192379 -0.014952026
v 0.065445662 -0.50479758 -0.015548699
v 0.059553552 -0.50037587 -0.016941927
v 0.052271657 -0.50034761 -0.018599503
v 0.052271657 -0.50034761 -0.018599503
v 0.04638141 -0.50472379 -0.019888334
v 0.044132676 -0.51183248 -0.020316057
v 0.04638442 -0.51895869 -0.019719355
v -0.016895726 -0.52913356 -0.15488808
v -0.016522488 -0.53594851 -0.15799087
v -0.012203041 -0.54054379 -0.16199082
v -0.0055872761 -0.5411644 -0.16536011
v 0.00079782086 -0.53757298 -0.16681179
v 0.0045133629 -0.53114164 -0.16579133
v 0.004140127 -0.5243268 -0.16268855
v -0.00017930214 -0.51973152 -0.15868859
v -0.00017930214 -0.51973152 -0.15868859
v -0.0067950855 -0.51911092 -0.1553193
v -0.013180182 -0.52270222 -0.15386764
v 0.043633539 -0.53539324 -0.12543369
v 0.016173635 -0.5409224 -0.13321442
v -0.0051196143 -0.53875113 -0.13940176
v -0.0052137626 -0.54506373 -0.14344535
v 0.017185876 -0.54735732 -0.1369262
v 0.047733463 -0.54110312 -0.12804067
v -0.0025134145 -0.54835653 -0.14958052
v 0.01826507 -0.55033123 -0.14369116
v 0.05250974 -0.54316831 -0.13339759
v 0.0019499754 -0.54737163 -0.15546384
v 0.018998986 -0.54870844 -0.15092536
v 0.056137994 -0.54079998 -0.13945827
v 0.0064715613 -0.54248524 -0.15884813
v 0.01910729 -0.5431087 -0.15586555
v 0.057232365 -0.53490257 -0.14390776
v 0.00932422 -0.53556395 -0.15844067
v 0.018548632 -0.53567088 -0.15662476
v 0.055374831 -0.52772892 -0.14504652
v 0.0094183683 -0.52925122 -0.15439709
v 0.017536376 -0.52923608 -0.15291299
v 0.051274888 -0.52201891 -0.14243954
v 0.0067180204 -0.52595842 -0.14826193
v 0.0067180204 -0.52595842 -0.14826193
v 0.016457196 -0.52626204 -0.14614802
v 0.016457196 -0.52626204 -0.14614802
v 0.04649863 -0.51995373 -0.13708263
v 0.04649863 -0.51995373 -0.13708263
v 0.0022546304 -0.52694333 -0.14237858
v 0.015723284 -0.52788472 -0.13891383
v 0.042870358 -0.52232218 -0.13102194
v -0.0022669388 -0.53182971 -0.13899431
v 0.015614962 -0.53348446 -0.13397364
v 0.041776005 -0.52821946 -0.12657244
v -0.010720422 -0.53526676 -0.14447132
v -0.014301481 -0.53185821 -0.14974962
v -0.014292235 -0.53830671 -0.15357397
v -0.010896856 -0.54153728 -0.14857712
v -0.01035768 -0.54251242 -0.15832856
v -0.0074477307 -0.54529166 -0.15403457
v -0.0040006805 -0.54286861 -0.16219732
v -0.0016904947 -0.54509532 -0.15875912
v 0.0023505904 -0.53923965 -0.16370248
v 0.0041757817 -0.54102373 -0.16094612
v 0.0062701879 -0.53301144 -0.16226916
v 0.0079103792 -0.53463197 -0.15976026
v 0.006260924 -0.52656281 -0.15844482
v 0.0080868127 -0.52836132 -0.15565445
v 0.0023263693 -0.52235723 -0.15369023
v 0.0023263693 -0.52235723 -0.15369023
v 0.0046376865 -0.52460718 -0.150197
v 0.0046376865 -0.52460718 -0.150197
v -0.0040306305 -0.52200079 -0.14982149
v -0.0011195493 -0.52480328 -0.14547245
v -0.010381901 -0.52562988 -0.1483163
v -0.006985826 -0.52887487 -0.14328545
v 0.0025505698 -0.54105437 -0.13557721
v 0.0028709059 -0.54748082 -0.13942513
v 0.0046037221 -0.55049098 -0.14603657
v 0.0070871087 -0.54893494 -0.15288617
v 0.0093725026 -0.54340696 -0.15735762
v 0.010586974 -0.53601885 -0.15774298
v 0.01026662 -0.52959228 -0.15389506
v 0.0085338224 -0.52658224 -0.14728362
v 0.0085338224 -0.52658224 -0.14728362
v 0.0060504354 -0.52813816 -0.14043402
v 0.0037650235 -0.53366613 -0.13596258
v 0.026844932 -0.53958678 -0.13175305
v 0.028548541 -0.54593182 -0.13536499
v 0.030246625 -0.54882288 -0.14203832
v 0.031290565 -0.54715526 -0.14922407
v 0.031281646 -0.54156613 -0.15417755
v 0.030223222 -0.53419042 -0.15500667
v 0.028519632 -0.52784526 -0.15139474
v 0.026821529 -0.52495432 -0.14472142
v 0.026821529 -0.52495432 -0.14472142
v 0.02577759 -0.52662182 -0.13753566
v 0.025786527 -0.53221095 -0.1325822
v 0.036131132 -0.53769159 -0.12936462
v 0.038904965 -0.54381335 -0.13268711
v 0.041908305 -0.54643035 -0.13900422
v 0.04399398 -0.54454303 -0.14590298
v 0.04436535 -0.538872 -0.15074837
v 0.042880531 -0.53158379 -0.15168957
v 0.040106714 -0.52546203 -0.14836706
v 0.037103388 -0.52284503 -0.14204998
v 0.037103388 -0.52284503 -0.14204998
v 0.035017699 -0.52473235 -0.1351512
v 0.034646343 -0.53040326 -0.13030583
v 0.049118869 -0.53282309 -0.11967257
v 0.05432301 -0.53801942 -0.12112986
v 0.060638431 -0.53936791 -0.12488106
v 0.065652885 -0.53635323 -0.12949335
v 0.067450985 -0.53012705 -0.133205
v 0.065345958 -0.52306771 -0.13459825
v 0.060141832 -0.51787114 -0.13314097
v 0.053826407 -0.51652265 -0.12938979
v 0.053826407 -0.51652265 -0.12938979
v 0.048811957 -0.51953733 -0.12477747
v 0.047013838 -0.52576351 -0.12106584
v 0.058586497 -0.53484249 -0.11246233
v 0.065717287 -0.53558373 -0.11455432
v 0.071480289 -0.53201151 -0.11764165
v 0.07367418 -0.52548981 -0.1205451
v 0.071461059 -0.5185101 -0.12215561
v 0.065686151 -0.51373816 -0.12185806
v 0.05855535 -0.51299667 -0.11976608
v 0.05855535 -0.51299667 -0.11976608
v 0.052792367 -0.51656914 -0.11667872
v 0.05059845 -0.5230906 -0.1137753
v 0.052811611 -0.53007054 -0.11216477
v -0.039555974 -0.53254056 -0.16453511
v -0.029132083 -0.54107213 -0.15101096
v -0.026102494 -0.54369414 -0.15734781
v -0.045811135 -0.53467703 -0.16775054
v -0.025893269 -0.54954815 -0.16198048
v -0.049290892 -0.54043734 -0.17090268
v -0.049290892 -0.54043734 -0.17090268
v -0.028584288 -0.55639791 -0.16313945
v -0.048666079 -0.54762149 -0.17278746
v -0.033147715 -0.56162739 -0.16038201
v -0.04417539 -0.55348539 -0.17268498
v -0.03784043 -0.56323874 -0.15476143
v -0.037534069 -0.55578911 -0.17063437
v -0.040870003 -0.56061673 -0.14842457
v -0.031278931 -0.55365276 -0.16741892
v -0.041079242 -0.55476272 -0.1437919
v -0.041079242 -0.55476272 -0.1437919
v -0.027799161 -0.54789221 -0.16426681
v -0.038388208 -0.54791284 -0.14263292
v -0.028423971 -0.54070807 -0.16238202
v -0.033824805 -0.54268348 -0.14539038
v -0.032914676 -0.53484416 -0.16248451
v -0.039075781 -0.53825188 -0.15167116
v -0.014569216 -0.54378903 -0.14780027
v -0.01461389 -0.54649162 -0.14082286
v -0.045356981 -0.54210448 -0.15088377
v -0.0148575 -0.55275202 -0.13677847
v -0.048916247 -0.54830885 -0.15294749
v -0.048916247 -0.54830885 -0.15294749
v -0.015206981 -0.560179 -0.1372119
v -0.015206981 -0.560179 -0.1372119
v -0.048394069 -0.55449486 -0.15707402
v -0.015528874 -0.56593561 -0.14195757
v -0.043989919 -0.55829966 -0.1616872
v -0.015700186 -0.56782317 -0.14920285
v -0.037386011 -0.55827022 -0.16502492
v -0.015655514 -0.5651207 -0.15618022
v -0.031104833 -0.55441737 -0.16581228
v -0.015411903 -0.55886018 -0.16022464
v -0.027545568 -0.54821324 -0.16374857
v -0.015062405 -0.55143332 -0.15979121
v -0.028067729 -0.54202712 -0.15962203
v -0.01474053 -0.54567647 -0.15504553
v -0.032471899 -0.53822231 -0.15500887
v -0.029715208 -0.52929807 -0.17336911
v -0.030450193 -0.52958548 -0.18069223
v -0.02930399 -0.5338378 -0.18653714
v -0.02930399 -0.5338378 -0.18653714
v -0.026714418 -0.54043078 -0.18867128
v -0.023670593 -0.54684591 -0.18627949
v -0.021335149 -0.55063319 -0.18027535
v -0.020600146 -0.55034578 -0.17295221
v -0.02174635 -0.54609346 -0.16710731
v -0.024335923 -0.53950059 -0.16497318
v -0.027379766 -0.53308535 -0.16736497
v -0.030152351 -0.53387475 -0.16625741
v -0.027053781 -0.54032171 -0.16401152
v -0.026443219 -0.54760146 -0.165563
v -0.028553916 -0.55293334 -0.17031926
v -0.032579608 -0.55428064 -0.17646357
v -0.036982663 -0.55112886 -0.18164903
v -0.040081251 -0.54468179 -0.18389494
v -0.040691797 -0.53740215 -0.18234345
v -0.040691797 -0.53740215 -0.18234345
v -0.038581118 -0.53207028 -0.17758718
v -0.034555413 -0.53072298 -0.17144286
v -0.025030494 -0.5316565 -0.16699959
v -0.021104887 -0.53752255 -0.164472
v -0.015892791 -0.54255021 -0.16629712
v -0.011385069 -0.54481912 -0.17177781
v -0.0093034869 -0.54346263 -0.17882064
v -0.010443167 -0.53899884 -0.18473547
v -0.014368773 -0.53313279 -0.18726306
v -0.019580871 -0.52810514 -0.18543795
v -0.019580871 -0.52810514 -0.18543795
v -0.02408861 -0.52583623 -0.17995726
v -0.026170174 -0.52719283 -0.17291445
v -0.018625902 -0.53485084 -0.16246731
v -0.013257492 -0.53964376 -0.16446302
v -0.0070012575 -0.5403465 -0.16844686
v -0.002246842 -0.53669071 -0.17289717
v -0.00081027276 -0.53007269 -0.17611406
v -0.0032402764 -0.52302051 -0.17686879
v -0.008608669 -0.51822758 -0.17487306
v -0.008608669 -0.51822758 -0.17487306
v -0.014864905 -0.51752472 -0.17088921
v -0.019619334 -0.52118063 -0.16643891
v -0.021055888 -0.52779841 -0.16322203
v 0.036390755 -0.54815769 -0.17233189
v 0.039730601 -0.55417395 -0.16942948
v 0.035922941 -0.53943193 -0.16913145
v 0.035922941 -0.53943193 -0.16913145
v 0.032656714 -0.54143119 -0.17557688
v 0.032656714 -0.54143119 -0.17557688
v 0.031454626 -0.54714894 -0.18022852
v 0.031454626 -0.54714894 -0.18022852
v 0.032775834 -0.55440092 -0.18130961
v 0.032775834 -0.55440092 -0.18130961
v 0.036115665 -0.56041718 -0.17840721
v 0.036115665 -0.56041718 -0.17840721
v 0.040198438 -0.56289983 -0.17262994
v 0.040198438 -0.56289983 -0.17262994
v 0.043464657 -0.56090045 -0.16618449
v 0.043464657 -0.56090045 -0.16618449
v 0.04466673 -0.55518281 -0.16153285
v 0.04466673 -0.55518281 -0.16153285
v 0.04466673 -0.55518281 -0.16153285
v 0.043345541 -0.54793072 -0.16045175
v 0.043345541 -0.54793072 -0.16045175
v 0.040005695 -0.54191446 -0.16335415
v 0.040005695 -0.54191446 -0.16335415
v 0.022867784 -0.54202938 -0.16166672
v 0.019543575 -0.54403782 -0.16807958
v 0.017727179 -0.54986489 -0.17238312
v 0.018112401 -0.55728483 -0.17293354
v 0.020552106 -0.56346333 -0.16952062
v 0.024114404 -0.56604052 -0.16344794
v 0.027438615 -0.56403196 -0.15703509
v 0.029255029 -0.55820489 -0.15273156
v 0.029255029 -0.55820489 -0.15273156
v 0.028869791 -0.55078506 -0.15218113
v 0.026430083 -0.54460645 -0.15559405
v 0.0049893539 -0.54491663 -0.16009078
v 0.0031804997 -0.55074286 -0.16439874
v 0.0035039035 -0.55816793 -0.16491639
v 0.0058360356 -0.56435609 -0.16144599
v 0.0092861084 -0.56694341 -0.15531311
v 0.012536308 -0.56494164 -0.14886031
v 0.014345178 -0.55911541 -0.14455234
v 0.014345178 -0.55911541 -0.14455234
v 0.014021759 -0.55169034 -0.14403468
v 0.011689626 -0.54550231 -0.1475051
v 0.0082395533 -0.54291499 -0.15363798
v -0.023779085 -0.54273248 -0.14881818
v -0.022304703 -0.54483449 -0.15584366
v -0.022279607 -0.55063093 -0.16055206
v -0.023713391 -0.55790782 -0.16114491
v -0.026058394 -0.56388545 -0.15739582
v -0.028418913 -0.5662806 -0.15073675
v -0.029893313 -0.56417871 -0.14371127
v -0.029918408 -0.55838227 -0.13900287
v -0.029918408 -0.55838227 -0.13900287
v -0.028484607 -0.5511055 -0.13840999
v -0.026139604 -0.54512775 -0.14215911
v 0.011126866 -0.53137541 -0.13953909
v 0.011884161 -0.52615309 -0.13427209
v 0.0082154796 -0.52129924 -0.1301458
v 0.0015221147 -0.51866794 -0.12873629
v -0.0056392811 -0.51926446 -0.13058197
v -0.010533293 -0.52286053 -0.13497788
v -0.011290588 -0.52808285 -0.14024489
v -0.0076219062 -0.53293657 -0.14437119
v -0.0076219062 -0.53293657 -0.14437119
v -0.00092854165 -0.535568 -0.14578068
v 0.0062328544 -0.53497159 -0.14393499
v -0.0076276567 -0.55201697 -0.17229846
v -0.011790188 -0.55573404 -0.17728451
v -0.016866723 -0.56114817 -0.17808259
v -0.020918138 -0.56619143 -0.17438786
v -0.022396997 -0.56893742 -0.16761158
v -0.020738373 -0.5683372 -0.16034207
v -0.016575823 -0.56462002 -0.15535603
v -0.011499306 -0.55920601 -0.15455796
v -0.011499306 -0.55920601 -0.15455796
v -0.0074478737 -0.55416274 -0.15825269
v -0.0059690326 -0.55141675 -0.16502897
v 0.0393917 -0.51888657 0.0086555257
v 0.044955116 -0.52331722 0.010989375
v 0.051797565 -0.52335668 0.013932653
v 0.057305485 -0.5189898 0.016361125
v 0.059375037 -0.51188457 0.017347194
v 0.057215713 -0.50475502 0.016514249
v 0.051652301 -0.50032425 0.014180399
v 0.044809848 -0.50028479 0.011237122
v 0.044809848 -0.50028479 0.011237122
v 0.039301913 -0.50465167 0.0088086799
v 0.03723238 -0.5117569 0.0078225806
v 0.039270759 -0.52349305 0.019441463
v 0.044177085 -0.52358937 0.02497796
v 0.048100967 -0.51926899 0.029534049
v 0.049543656 -0.51218224 0.031369485
v 0.04795403 -0.50503588 0.029783137
v 0.043939326 -0.50055969 0.025380976
v 0.039033022 -0.50046349 0.01984448
v 0.039033022 -0.50046349 0.01984448
v 0.035109121 -0.50478387 0.01528839
v 0.033666451 -0.51187062 0.013452984
v 0.035256058 -0.51901686 0.015039332
v 0.024792515 -0.52372599 0.0252764
v 0.026028205 -0.52388835 0.032632448
v 0.02700196 -0.51962113 0.038655706
v 0.027341845 -0.51255441 0.041045435
v 0.026918041 -0.50538731 0.038888909
v 0.025892399 -0.50085759 0.033009805
v 0.024656726 -0.50069523 0.025653757
v 0.024656726 -0.50069523 0.025653757
v 0.023682971 -0.50496244 0.019630529
v 0.023343086 -0.51202917 0.01724077
v 0.02376689 -0.51919627 0.019397296
v -0.033697598 0.51921636 -0.15501763
v -0.035917655 0.51920789 -0.16217867
v -0.033697627 -0.51921642 -0.15501762
v -0.035917684 -0.51920795 -0.16217867
v 0.26180941 -0.50748444 -0.21241756
v 0.25741488 -0.50881147 -0.15194087
v 0.26057991 -0.51048326 -0.21241756
v 0.25616753 -0.51181722 -0.15164918
v 0.25322178 -0.51305509 -0.15184882
v 0.25761175 -0.51172566 -0.21241756
v 0.26180941 -0.45281032 -0.21241756
v 0.26180941 -0.45281032 -0.21241756
v 0.26108864 -0.45281032 -0.20249857
v 0.25948536 -0.45865718 -0.18043446
v 0.26026639 -0.45429066 -0.1911828
v 0.25878474 -0.465691 -0.1707925
v 0.25775939 -0.48623374 -0.15668197
v 0.25819963 -0.47503951 -0.16274041
v 0.2574861 -0.49871257 -0.15292096
v 0.19627215 -0.51194334 -0.20249857
v 0.1977524 -0.51219177 -0.1911828
v 0.20211892 -0.51242769 -0.18043446
v 0.21850121 -0.51281607 -0.16274041
v 0.24217433 -0.51303172 -0.15292096
v 0.22969551 -0.51294911 -0.15668197
v 0.20915276 -0.51263928 -0.1707925
v 0.19627215 -0.51172566 -0.21241756
v 0.19627215 -0.51172566 -0.21241756
v 0.188519 -0.50002027 -0.016330995
v 0.188519 -0.50002027 -0.016330995
v 0.188519 -0.50002027 0.012415268
v 0.188519 -0.50002027 0.012415268
v 0.1852517 -0.50002027 0.07006488
v 0.1852517 -0.50002027 0.07006488
v 0.18525168 -0.50002027 0.098968215
v 0.18525168 -0.50002027 0.098968215
v 0.23741917 -0.45646003 -0.016330995
v 0.23741917 -0.45646003 -0.016330995
v 0.235447 -0.45646003 0.012415268
v 0.235447 -0.45646003 0.012415268
v 0.23149189 -0.45646003 0.07006488
v 0.23149189 -0.45646003 0.07006488
v 0.22950895 -0.45646003 0.098968215
v 0.22950895 -0.45646003 0.098968215
v 0.23194143 -0.50002027 0.012415268
v 0.235447 -0.49650446 0.012415268
v 0.23442031 -0.49899057 0.012415268
v 0.23741917 -0.49651673 -0.016330995
v 0.23390232 -0.50002027 -0.016330995
v 0.23638904 -0.49899414 -0.016330995
v 0.22600292 -0.50002027 0.098968215
v 0.22950895 -0.49650446 0.098968215
v 0.22848198 -0.49899045 0.098968215
v 0.23149189 -0.49651673 0.07006488
v 0.22797449 -0.50002027 0.07006488
v 0.23046142 -0.4989939 0.07006488
v 0.18525894 -0.50228691 0.098967887
v 0.18525894 -0.50228691 0.098967887
v 0.18525894 -0.50228691 0.098967887
v 0.18525895 -0.50228691 0.070064552
v 0.18525895 -0.50228691 0.070064552
v 0.18525895 -0.50228691 0.070064552
v 0.18852586 -0.50228691 0.012414925
v 0.18852586 -0.50228691 0.012414925
v 0.18852586 -0.50228691 0.012414925
v 0.18852586 -0.50228691 -0.016331337
v 0.18852586 -0.50228691 -0.016331337
v 0.18852586 -0.50228691 -0.016331337
v 0.23968042 -0.45646754 -0.016175307
v 0.23968042 -0.45646754 -0.016175307
v 0.23968042 -0.45646754 -0.016175307
v 0.23770826 -0.45646754 0.012570955
v 0.23770826 -0.45646754 0.012570955
v 0.23770826 -0.45646754 0.012570955
v 0.23375314 -0.45646754 0.070220567
v 0.23375314 -0.45646754 0.070220567
v 0.23375314 -0.45646754 0.070220567
v 0.2317702 -0.45646754 0.099123903
v 0.2317702 -0.45646754 0.099123903
v 0.2317702 -0.45646754 0.099123903
v 0.23601069 -0.50063419 0.012522928
v 0.23601069 -0.50063419 0.012522928
v 0.23277797 -0.50206745 0.012467034
v 0.23277797 -0.50206745 0.012467034
v 0.23479545 -0.50204051 -0.016275935
v 0.23479545 -0.50204051 -0.016275935
v 0.23802993 -0.50058699 -0.016220026
v 0.23802993 -0.50058699 -0.016220026
v 0.23746692 -0.49739173 0.012554444
v 0.23746692 -0.49739173 0.012554444
v 0.23946118 -0.49736598 -0.016190298
v 0.23946118 -0.49736598 -0.016190298
v 0.23007321 -0.50063443 0.099075831
v 0.23007321 -0.50063443 0.099075831
v 0.22684069 -0.50206828 0.099019863
v 0.22684069 -0.50206828 0.099019863
v 0.22886892 -0.50204134 0.070119776
v 0.22886892 -0.50204134 0.070119776
v 0.23210271 -0.50058675 0.070175774
v 0.23210271 -0.50058675 0.070175774
v 0.23152888 -0.49739161 0.099107392
v 0.23152888 -0.49739161 0.099107392
v 0.23353392 -0.49736586 0.070205547
v 0.23353392 -0.49736586 0.070205547
v 0.26449931 -0.50801706 -0.21223388
v 0.26449931 -0.50801706 -0.21223388
v 0.2600939 -0.50939691 -0.15175913
v 0.2600939 -0.50939691 -0.15175913
v 0.26255661 -0.5123899 -0.21231589
v 0.26255661 -0.5123899 -0.21231589
v 0.25808129 -0.51378727 -0.1515535
v 0.25808129 -0.51378727 -0.1515535
v 0.25819191 -0.51441193 -0.2124347
v 0.25819191 -0.51441193 -0.2124347
v 0.26455048 -0.45281115 -0.21221865
v 0.26455048 -0.45281115 -0.21221865
v 0.26455048 -0.45281115 -0.21221865
v 0.26382971 -0.45281115 -0.20229967
v 0.26382971 -0.45281115 -0.20229967
v 0.26222643 -0.45865801 -0.18023556
v 0.26222643 -0.45865801 -0.18023556
v 0.26300746 -0.45429137 -0.1909839
v 0.26300746 -0.45429137 -0.1909839
v 0.26152581 -0.46569183 -0.1705936
v 0.26152581 -0.46569183 -0.1705936
v 0.26050046 -0.48623458 -0.15648307
v 0.26050046 -0.48623458 -0.15648307
v 0.2609407 -0.47504023 -0.16254151
v 0.2609407 -0.47504023 -0.16254151
v 0.26022717 -0.4987134 -0.15272206
v 0.26022717 -0.4987134 -0.15272206
v 0.19627294 -0.514691 -0.20255917
v 0.19627294 -0.514691 -0.20255917
v 0.19775319 -0.51493943 -0.19124341
v 0.19775319 -0.51493943 -0.19124341
v 0.20211971 -0.51517534 -0.18049506
v 0.20211971 -0.51517534 -0.18049506
v 0.2537795 -0.51574612 -0.1518677
v 0.2537795 -0.51574612 -0.1518677
v 0.24217512 -0.51577926 -0.15298157
v 0.24217512 -0.51577926 -0.15298157
v 0.218502 -0.51556373 -0.16280102
v 0.218502 -0.51556373 -0.16280102
v 0.2296963 -0.51569676 -0.15674258
v 0.2296963 -0.51569676 -0.15674258
v 0.20915355 -0.51538706 -0.1708531
v 0.20915355 -0.51538706 -0.1708531
v 0.19627294 -0.5144732 -0.21247816
v 0.19627294 -0.5144732 -0.21247816
v 0.19627294 -0.5144732 -0.21247816
v -0.26180941 -0.50748444 -0.21241756
v -0.25741488 -0.50881147 -0.15194087
v -0.26057991 -0.51048326 -0.21241756
v -0.25616753 -0.51181722 -0.15164918
v -0.25322178 -0.51305509 -0.15184882
v -0.25761175 -0.51172566 -0.21241756
v -0.26180941 -0.45281032 -0.21241756
v -0.26180941 -0.45281032 -0.21241756
v -0.26108864 -0.45281032 -0.20249857
v -0.25948536 -0.45865718 -0.18043446
v -0.26026639 -0.45429066 -0.1911828
v -0.25878474 -0.465691 -0.1707925
v -0.25775939 -0.48623374 -0.15668197
v -0.25819963 -0.47503951 -0.16274041
v -0.2574861 -0.49871257 -0.15292096
v -0.19627215 -0.51194334 -0.20249857
v -0.1977524 -0.51219177 -0.1911828
v -0.20211892 -0.51242769 -0.18043446
v -0.21850121 -0.51281607 -0.16274041
v -0.24217433 -0.51303172 -0.15292096
v -0.22969551 -0.51294911 -0.15668197
v -0.20915276 -0.51263928 -0.1707925
v -0.19627215 -0.51172566 -0.21241756
v -0.19627215 -0.51172566 -0.21241756
v -0.188519 -0.50002027 -0.016330995
v -0.188519 -0.50002027 -0.016330995
v -0.188519 -0.50002027 0.012415268
v -0.188519 -0.50002027 0.012415268
v -0.1852517 -0.50002027 0.07006488
v -0.1852517 -0.50002027 0.07006488
v -0.18525168 -0.50002027 0.098968215
v -0.18525168 -0.50002027 0.098968215
v -0.23741917 -0.45646003 -0.016330995
v -0.23741917 -0.45646003 -0.016330995
v -0.235447 -0.45646003 0.012415268
v -0.235447 -0.45646003 0.012415268
v -0.23149189 -0.45646003 0.07006488
v -0.23149189 -0.45646003 0.07006488
v -0.22950895 -0.45646003 0.098968215
v -0.22950895 -0.45646003 0.098968215
v -0.23194143 -0.50002027 0.012415268
v -0.235447 -0.49650446 0.012415268
v -0.23442031 -0.49899057 0.012415268
v -0.23741917 -0.49651673 -0.016330995
v -0.23390232 -0.50002027 -0.016330995
v -0.23638904 -0.49899414 -0.016330995
v -0.22600292 -0.50002027 0.098968215
v -0.22950895 -0.49650446 0.098968215
v -0.22848198 -0.49899045 0.098968215
v -0.23149189 -0.49651673 0.07006488
v -0.22797449 -0.50002027 0.07006488
v -0.23046142 -0.4989939 0.07006488
v -0.18525894 -0.50228691 0.098967887
v -0.18525894 -0.50228691 0.098967887
v -0.18525894 -0.50228691 0.098967887
v -0.18525895 -0.50228691 0.070064552
v -0.18525895 -0.50228691 0.070064552
v -0.18525895 -0.50228691 0.070064552
v -0.18852586 -0.50228691 0.012414925
v -0.18852586 -0.50228691 0.012414925
v -0.18852586 -0.50228691 0.012414925
v -0.18852586 -0.50228691 -0.016331337
v -0.18852586 -0.50228691 -0.016331337
v -0.18852586 -0.50228691 -0.016331337
v -0.23968042 -0.45646754 -0.016175307
v -0.23968042 -0.45646754 -0.016175307
v -0.23968042 -0.45646754 -0.016175307
v -0.23770826 -0.45646754 0.012570955
v -0.23770826 -0.45646754 0.012570955
v -0.23770826 -0.45646754 0.012570955
v -0.23375314 -0.45646754 0.070220567
v -0.23375314 -0.45646754 0.070220567
v -0.23375314 -0.45646754 0.070220567
v -0.2317702 -0.45646754 0.099123903
v -0.2317702 -0.45646754 0.099123903
v -0.2317702 -0.45646754 0.099123903
v -0.23601069 -0.50063419 0.012522928
v -0.23601069 -0.50063419 0.012522928
v -0.23277797 -0.50206745 0.012467034
v -0.23277797 -0.50206745 0.012467034
v -0.23479545 -0.50204051 -0.016275935
v -0.23479545 -0.50204051 -0.016275935
v -0.23802993 -0.50058699 -0.016220026
v -0.23802993 -0.50058699 -0.016220026
v -0.23746692 -0.49739173 0.012554444
v -0.23746692 -0.49739173 0.012554444
v -0.23946118 -0.49736598 -0.016190298
v -0.23946118 -0.49736598 -0.016190298
v -0.23007321 -0.50063443 0.099075831
v -0.23007321 -0.50063443 0.099075831
v -0.22684069 -0.50206828 0.099019863
v -0.22684069 -0.50206828 0.099019863
v -0.22886892 -0.50204134 0.070119776
v -0.22886892 -0.50204134 0.070119776
v -0.23210271 -0.50058675 0.070175774
v -0.23210271 -0.50058675 0.070175774
v -0.23152888 -0.49739161 0.099107392
v -0.23152888 -0.49739161 0.099107392
v -0.23353392 -0.49736586 0.070205547
v -0.23353392 -0.49736586 0.070205547
v -0.26449931 -0.50801706 -0.21223388
v -0.26449931 -0.50801706 -0.21223388
v -0.2600939 -0.50939691 -0.15175913
v -0.2600939 -0.50939691 -0.15175913
v -0.26255661 -0.5123899 -0.21231589
v -0.26255661 -0.5123899 -0.21231589
v -0.25808129 -0.51378727 -0.1515535
v -0.25808129 -0.51378727 -0.1515535
v -0.25819191 -0.51441193 -0.2124347
v -0.25819191 -0.51441193 -0.2124347
v -0.26455048 -0.45281115 -0.21221865
v -0.26455048 -0.45281115 -0.21221865
v -0.26455048 -0.45281115 -0.21221865
v -0.26382971 -0.45281115 -0.20229967
v -0.26382971 -0.45281115 -0.20229967
v -0.26222643 -0.45865801 -0.18023556
v -0.26222643 -0.45865801 -0.18023556
v -0.26300746 -0.45429137 -0.1909839
v -0.26300746 -0.45429137 -0.1909839
v -0.26152581 -0.46569183 -0.1705936
v -0.26152581 -0.46569183 -0.1705936
v -0.26050046 -0.48623458 -0.15648307
v -0.26050046 -0.48623458 -0.15648307
v -0.2609407 -0.47504023 -0.16254151
v -0.2609407 -0.47504023 -0.16254151
v -0.26022717 -0.4987134 -0.15272206
v -0.26022717 -0.4987134 -0.15272206
v -0.19627294 -0.514691 -0.20255917
v -0.19627294 -0.514691 -0.20255917
v -0.19775319 -0.51493943 -0.19124341
v -0.19775319 -0.51493943 -0.19124341
v -0.20211971 -0.51517534 -0.18049506
v -0.20211971 -0.51517534 -0.18049506
v -0.2537795 -0.51574612 -0.1518677
v -0.2537795 -0.51574612 -0.1518677
v -0.24217512 -0.51577926 -0.15298157
v -0.24217512 -0.51577926 -0.15298157
v -0.218502 -0.51556373 -0.16280102
v -0.218502 -0.51556373 -0.16280102
v -0.2296963 -0.51569676 -0.15674258
v -0.2296963 -0.51569676 -0.15674258
v -0.20915355 -0.51538706 -0.1708531
v -0.20915355 -0.51538706 -0.1708531
v -0.19627294 -0.5144732 -0.21247816
v -0.19627294 -0.5144732 -0.21247816
v -0.19627294 -0.5144732 -0.21247816
v 0.26180941 0.50748444 -0.21241756
v 0.25741488 0.50881153 -0.15194087
v 0.26057991 0.51048332 -0.21241756
v 0.25616753 0.51181716 -0.15164918
v 0.25322178 0.51305515 -0.15184882
v 0.25761175 0.5117256 -0.21241756
v 0.26180941 0.45281032 -0.21241756
v 0.26180941 0.45281032 -0.21241756
v 0.26108864 0.45281032 -0.20249857
v 0.25948536 0.45865712 -0.18043446
v 0.26026639 0.4542906 -0.1911828
v 0.25878474 0.46569094 -0.1707925
v 0.25775939 0.48623368 -0.15668197
v 0.25819963 0.47503939 -0.16274041
v 0.2574861 0.49871251 -0.15292096
v 0.19627215 0.51194334 -0.20249857
v 0.1977524 0.51219177 -0.1911828
v 0.20211892 0.51242769 -0.18043446
v 0.21850121 0.51281607 -0.16274041
v 0.24217433 0.51303166 -0.15292096
v 0.22969551 0.51294911 -0.15668197
v 0.20915276 0.51263934 -0.1707925
v 0.19627215 0.5117256 -0.21241756
v 0.19627215 0.5117256 -0.21241756
v 0.188519 0.50002024 -0.016330995
v 0.188519 0.50002024 -0.016330995
v 0.188519 0.50002024 0.012415268
v 0.188519 0.50002024 0.012415268
v 0.1852517 0.50002024 0.07006488
v 0.1852517 0.50002024 0.07006488
v 0.18525168 0.50002024 0.098968215
v 0.18525168 0.50002024 0.098968215
v 0.23741917 0.45645997 -0.016330995
v 0.23741917 0.45645997 -0.016330995
v 0.235447 0.45645997 0.012415268
v 0.235447 0.45645997 0.012415268
v 0.23149189 0.45645997 0.07006488
v 0.23149189 0.45645997 0.07006488
v 0.22950895 0.45645997 0.098968215
v 0.22950895 0.45645997 0.098968215
v 0.23194143 0.50002024 0.012415268
v 0.235447 0.4965044 0.012415268
v 0.23442031 0.49899051 0.012415268
v 0.23741917 0.49651667 -0.016330995
v 0.23390232 0.50002024 -0.016330995
v 0.23638904 0.49899402 -0.016330995
v 0.22600292 0.50002024 0.098968215
v 0.22950895 0.4965044 0.098968215
v 0.22848198 0.49899039 0.098968215
v 0.23149189 0.49651667 0.07006488
v 0.22797449 0.50002024 0.07006488
v 0.23046142 0.49899384 0.07006488
v 0.18525894 0.50228685 0.098967887
v 0.18525894 0.50228685 0.098967887
v 0.18525894 0.50228685 0.098967887
v 0.18525895 0.50228685 0.070064552
v 0.18525895 0.50228685 0.070064552
v 0.18525895 0.50228685 0.070064552
v 0.18852586 0.50228685 0.012414925
v 0.18852586 0.50228685 0.012414925
v 0.18852586 0.50228685 0.012414925
v 0.18852586 0.50228685 -0.016331337
v 0.18852586 0.50228685 -0.016331337
v 0.18852586 0.50228685 -0.016331337
v 0.23968042 0.45646748 -0.016175307
v 0.23968042 0.45646748 -0.016175307
v 0.23968042 0.45646748 -0.016175307
v 0.23770826 0.45646748 0.012570955
v 0.23770826 0.45646748 0.012570955
v 0.23770826 0.45646748 0.012570955
v 0.23375314 0.45646748 0.070220567
v 0.23375314 0.45646748 0.070220567
v 0.23375314 0.45646748 0.070220567
v 0.2317702 0.45646748 0.099123903
v 0.2317702 0.45646748 0.099123903
v 0.2317702 0.45646748 0.099123903
v 0.23601069 0.50063419 0.012522928
v 0.23601069 0.50063419 0.012522928
v 0.23277797 0.50206745 0.012467034
v 0.23277797 0.50206745 0.012467034
v 0.23479545 0.50204051 -0.016275935
v 0.23479545 0.50204051 -0.016275935
v 0.23802993 0.50058699 -0.016220026
v 0.23802993 0.50058699 -0.016220026
v 0.23746692 0.49739167 0.012554444
v 0.23746692 0.49739167 0.012554444
v 0.23946118 0.49736592 -0.016190298
v 0.23946118 0.49736592 -0.016190298
v 0.23007321 0.50063449 0.099075831
v 0.23007321 0.50063449 0.099075831
v 0.22684069 0.50206828 0.099019863
v 0.22684069 0.50206828 0.099019863
v 0.22886892 0.50204134 0.070119776
v 0.22886892 0.50204134 0.070119776
v 0.23210271 0.50058681 0.070175774
v 0.23210271 0.50058681 0.070175774
v 0.23152888 0.49739155 0.099107392
v 0.23152888 0.49739155 0.099107392
v 0.23353392 0.4973658 0.070205547
v 0.23353392 0.4973658 0.070205547
v 0.26449931 0.508017 -0.21223388
v 0.26449931 0.508017 -0.21223388
v 0.2600939 0.50939691 -0.15175913
v 0.2600939 0.50939691 -0.15175913
v 0.26255661 0.51238996 -0.21231589
v 0.26255661 0.51238996 -0.21231589
v 0.25808129 0.51378733 -0.1515535
v 0.25808129 0.51378733 -0.1515535
v 0.25819191 0.51441187 -0.2124347
v 0.25819191 0.51441187 -0.2124347
v 0.26455048 0.45281109 -0.21221865
v 0.26455048 0.45281109 -0.21221865
v 0.26455048 0.45281109 -0.21221865
v 0.26382971 0.45281109 -0.20229967
v 0.26382971 0.45281109 -0.20229967
v 0.26222643 0.45865795 -0.18023556
v 0.26222643 0.45865795 -0.18023556
v 0.26300746 0.45429137 -0.1909839
v 0.26300746 0.45429137 -0.1909839
v 0.26152581 0.46569178 -0.1705936
v 0.26152581 0.46569178 -0.1705936
v 0.26050046 0.48623452 -0.15648307
v 0.26050046 0.48623452 -0.15648307
v 0.2609407 0.47504017 -0.16254151
v 0.2609407 0.47504017 -0.16254151
v 0.26022717 0.49871334 -0.15272206
v 0.26022717 0.49871334 -0.15272206
v 0.19627294 0.514691 -0.20255917
v 0.19627294 0.514691 -0.20255917
v 0.19775319 0.51493943 -0.19124341
v 0.19775319 0.51493943 -0.19124341
v 0.20211971 0.51517534 -0.18049506
v 0.20211971 0.51517534 -0.18049506
v 0.2537795 0.51574618 -0.1518677
v 0.2537795 0.51574618 -0.1518677
v 0.24217512 0.51577932 -0.15298157
v 0.24217512 0.51577932 -0.15298157
v 0.218502 0.51556373 -0.16280102
v 0.218502 0.51556373 -0.16280102
v 0.2296963 0.51569676 -0.15674258
v 0.2296963 0.51569676 -0.15674258
v 0.20915355 0.515387 -0.1708531
v 0.20915355 0.515387 -0.1708531
v 0.19627294 0.51447326 -0.21247816
v 0.19627294 0.51447326 -0.21247816
v 0.19627294 0.51447326 -0.21247816
v -0.26180941 0.50748444 -0.21241756
v -0.25741488 0.50881153 -0.15194087
v -0.26057991 0.51048332 -0.21241756
v -0.25616753 0.51181716 -0.15164918
v -0.25322178 0.51305515 -0.15184882
v -0.25761175 0.5117256 -0.21241756
v -0.26180941 0.45281032 -0.21241756
v -0.26180941 0.45281032 -0.21241756
v -0.26108864 0.45281032 -0.20249857
v -0.25948536 0.45865712 -0.18043446
v -0.26026639 0.4542906 -0.1911828
v -0.25878474 0.46569094 -0.1707925
v -0.25775939 0.48623368 -0.15668197
v -0.25819963 0.47503939 -0.16274041
v -0.2574861 0.49871251 -0.15292096
v -0.19627215 0.51194334 -0.20249857
v -0.1977524 0.51219177 -0.1911828
v -0.20211892 0.51242769 -0.18043446
v -0.21850121 0.51281607 -0.16274041
v -0.24217433 0.51303166 -0.15292096
v -0.22969551 0.51294911 -0.15668197
v -0.20915276 0.51263934 -0.1707925
v -0.19627215 0.5117256 -0.21241756
v -0.19627215 0.5117256 -0.21241756
v -0.188519 0.50002024 -0.016330995
v -0.188519 0.50002024 -0.016330995
v -0.188519 0.50002024 0.012415268
v -0.188519 0.50002024 0.012415268
v -0.1852517 0.50002024 0.07006488
v -0.1852517 0.50002024 0.07006488
v -0.18525168 0.50002024 0.098968215
v -0.18525168 0.50002024 0.098968215
v -0.23741917 0.45645997 -0.016330995
v -0.23741917 0.45645997 -0.016330995
v -0.235447 0.45645997 0.012415268
v -0.235447 0.45645997 0.012415268
v -0.23149189 0.45645997 0.07006488
v -0.23149189 0.45645997 0.07006488
v -0.22950895 0.45645997 0.098968215
v -0.22950895 0.45645997 0.098968215
v -0.23194143 0.50002024 0.012415268
v -0.235447 0.4965044 0.012415268
v -0.23442031 0.49899051 0.012415268
v -0.23741917 0.49651667 -0.016330995
v -0.23390232 0.50002024 -0.016330995
v -0.23638904 0.49899402 -0.016330995
v -0.22600292 0.50002024 0.098968215
v -0.22950895 0.4965044 0.098968215
v -0.22848198 0.49899039 0.098968215
v -0.23149189 0.49651667 0.07006488
v -0.22797449 0.50002024 0.07006488
v -0.23046142 0.49899384 0.07006488
v -0.18525894 0.50228685 0.098967887
v -0.18525894 0.50228685 0.098967887
v -0.18525894 0.50228685 0.098967887
v -0.18525895 0.50228685 0.070064552
v -0.18525895 0.50228685 0.070064552
v -0.18525895 0.50228685 0.070064552
v -0.18852586 0.50228685 0.012414925
v -0.18852586 0.50228685 0.012414925
v -0.18852586 0.50228685 0.012414925
v -0.18852586 0.50228685 -0.016331337
v -0.18852586 0.50228685 -0.016331337
v -0.18852586 0.50228685 -0.016331337
v -0.23968042 0.45646748 -0.016175307
v -0.23968042 0.45646748 -0.016175307
v -0.23968042 0.45646748 -0.016175307
v -0.23770826 0.45646748 0.012570955
v -0.23770826 0.45646748 0.012570955
v -0.23770826 0.45646748 0.012570955
v -0.23375314 0.45646748 0.070220567
v -0.23375314 0.45646748 0.070220567
v -0.23375314 0.45646748 0.070220567
v -0.2317702 0.45646748 0.099123903
v -0.2317702 0.45646748 0.099123903
v -0.2317702 0.45646748 0.099123903
v -0.23601069 0.50063419 0.012522928
v -0.23601069 0.50063419 0.012522928
v -0.23277797 0.50206745 0.012467034
v -0.23277797 0.50206745 0.012467034
v -0.23479545 0.50204051 -0.016275935
v -0.23479545 0.50204051 -0.016275935
v -0.23802993 0.50058699 -0.016220026
v -0.23802993 0.50058699 -0.016220026
v -0.23746692 0.49739167 0.012554444
v -0.23746692 0.49739167 0.012554444
v -0.23946118 0.49736592 -0.016190298
v -0.23946118 0.49736592 -0.016190298
v -0.23007321 0.50063449 0.099075831
v -0.23007321 0.50063449 0.099075831
v -0.22684069 0.50206828 0.099019863
v -0.22684069 0.50206828 0.099019863
v -0.22886892 0.50204134 0.070119776
v -0.22886892 0.50204134 0.070119776
v -0.23210271 0.50058681 0.070175774
v -0.23210271 0.50058681 0.070175774
v -0.23152888 0.49739155 0.099107392
v -0.23152888 0.49739155 0.099107392
v -0.23353392 0.4973658 0.070205547
v -0.23353392 0.4973658 0.070205547
v -0.26449931 0.508017 -0.21223388
v -0.26449931 0.508017 -0.21223388
v -0.2600939 0.50939691 -0.15175913
v -0.2600939 0.50939691 -0.15175913
v -0.26255661 0.51238996 -0.21231589
v -0.26255661 0.51238996 -0.21231589
v -0.25808129 0.51378733 -0.1515535
v -0.25808129 0.51378733 -0.1515535
v -0.25819191 0.51441187 -0.2124347
v -0.25819191 0.51441187 -0.2124347
v -0.26455048 0.45281109 -0.21221865
v -0.26455048 0.45281109 -0.21221865
v -0.26455048 0.45281109 -0.21221865
v -0.26382971 0.45281109 -0.20229967
v -0.26382971 0.45281109 -0.20229967
v -0.26222643 0.45865795 -0.18023556
v -0.26222643 0.45865795 -0.18023556
v -0.26300746 0.45429137 -0.1909839
v -0.26300746 0.45429137 -0.1909839
v -0.26152581 0.46569178 -0.1705936
v -0.26152581 0.46569178 -0.1705936
v -0.26050046 0.48623452 -0.15648307
v -0.26050046 0.48623452 -0.15648307
v -0.2609407 0.47504017 -0.16254151
v -0.2609407 0.47504017 -0.16254151
v -0.26022717 0.49871334 -0.15272206
v -0.26022717 0.49871334 -0.15272206
v -0.19627294 0.514691 -0.20255917
v -0.19627294 0.514691 -0.20255917
v -0.19775319 0.51493943 -0.19124341
v -0.19775319 0.51493943 -0.19124341
v -0.20211971 0.51517534 -0.18049506
v -0.20211971 0.51517534 -0.18049506
v -0.2537795 0.51574618 -0.1518677
v -0.2537795 0.51574618 -0.1518677
v -0.24217512 0.51577932 -0.15298157
v -0.24217512 0.51577932 -0.15298157
v -0.218502 0.51556373 -0.16280102
v -0.218502 0.51556373 -0.16280102
v -0.2296963 0.51569676 -0.15674258
v -0.2296963 0.51569676 -0.15674258
v -0.20915355 0.515387 -0.1708531
v -0.20915355 0.515387 -0.1708531
v -0.19627294 0.51447326 -0.21247816
v -0.19627294 0.51447326 -0.21247816
v -0.19627294 0.51447326 -0.21247816
vt 0.20116937 0.012574494
vt 0.9446708 0.84444106
vt 0.94724536 0.011872768
vt 0.89122796 0.32075077
vt 0.3805097 0.432863
vt 0.89126873 0.32105452
vt 0.9468652 0.012039423
vt 0.38023558 0.43275023
vt 0.94439125 0.84399635
vt 0.22131494 0.77134299
vt 0.20155895 0.004249692
vt 0.20202863 0.0024953485
vt 0.22027072 0.77132225
vt 0.23296072 0.94453794
vt 0.95044428 0.85090822
vt 0.95375174 0.0060913563
vt 0.37556869 0.0042025447
vt 0.23552933 0.95244038
vt 0.95771509 0.0055965185
vt 0.23322889 0.95279026
vt 0.38383794 0.0035708547
vt 0.95314664 0.85294205
vt 0.95627117 0.0037133694
vt 0.38434613 0.0088995695
vt 0.95374084 0.84762806
vt 0.23187307 0.943955
vt 0.37500596 0.0024953485
vt 0.90051377 0.17308593
vt 0.52847433 0.43286037
vt 0.90053475 0.17257512
vt 0.52881694 0.43253565
vt 0.90052879 0.17283058
vt 0.52871346 0.43276298
vt 0.90053475 0.16470897
vt 0.52889192 0.42476803
vt 0.22995153 0.76926357
vt 0.23017663 0.76894456
vt 0.90060359 0.16440755
vt 0.23017663 0.76894456
vt 0.52883303 0.42443335
vt 0.24164453 0.95144463
vt 0.9551034 0.012061298
vt 0.24177688 0.95383346
vt 0.95706946 0.011984587
vt 0.95094985 0.84402758
vt 0.38118947 0.012590349
vt 0.38429517 0.012588918
vt 0.95366788 0.84394222
vt 0.54678386 0.85836875
vt 0.53128052 0.43527091
vt 0.5320282 0.43526977
vt 0.54788214 0.85837185
vt 0.19774258 0.014043927
vt 0.53941071 0.85800409
vt 0.19634962 0.016027212
vt 0.53768009 0.85794985
vt 0.53051269 0.4248482
vt 0.22840843 0.76673883
vt 0.22954869 0.76661271
vt 0.5308311 0.42431456
vt 0.53173149 0.42941463
vt 0.54589689 0.86765695
vt 0.53268111 0.42796773
vt 0.54674774 0.86752337
vt 0.53135467 0.4263944
vt 0.22742821 0.76484489
vt 0.54518431 0.87157309
vt 0.22885944 0.7645275
vt 0.53238487 0.42529929
vt 0.54647875 0.87086523
vt 0.19749546 0.010744512
vt 0.54005313 0.86594802
vt 0.19618899 0.010036349
vt 0.53795391 0.86395591
vt 0.22211649 0.76803392
vt 0.19834125 0.0042837858
vt 0.19856662 0.002551198
vt 0.22031397 0.76787066
vt 0.19751847 0.0067141652
vt 0.22397983 0.7649827
vt 0.54173005 0.8715378
vt 0.19599342 0.0032974482
vt 0.22139527 0.76547164
vt 0.53926384 0.87057948
vt 0.52880871 0.43285334
vt 0.53010225 0.42712283
vt 0.95567048 0.0077883601
vt 0.9508521 0.84656155
vt 0.18567944 0.012575746
vt 0.58188218 0.45513749
vt 0.9472456 0.1819548
vt 0.59736538 0.76882571
vt 0.75555277 0.32075053
vt 0.58165962 0.45549178
vt 0.59707975 0.76894325
vt 0.7555117 0.32105678
vt 0.94686168 0.18178666
vt 0.43202555 0.77134746
vt 0.18528941 0.0042474866
vt 0.18481663 0.0024974942
vt 0.43307185 0.77131063
vt 0.42037615 0.94454026
vt 0.58765566 0.4486711
vt 0.95375174 0.18773633
vt 0.011279792 0.0042051673
vt 0.41780737 0.95244288
vt 0.95771509 0.18823147
vt 0.0030105263 0.0035732388
vt 0.42010793 0.95279306
vt 0.59035796 0.44663799
vt 0.95627117 0.19011444
vt 0.0025022626 0.0089018941
vt 0.5909512 0.45195127
vt 0.011842787 0.0024974346
vt 0.42146477 0.94395679
vt 0.74533153 0.76882291
vt 0.74626732 0.17308575
vt 0.74567509 0.76914579
vt 0.7462464 0.1725738
vt 0.74557102 0.76892006
vt 0.74625242 0.17282987
vt 0.74575227 0.7768876
vt 0.74624652 0.16470778
vt 0.42338985 0.76926607
vt 0.42316583 0.76894873
vt 0.74569362 0.77722132
vt 0.42316583 0.76894873
vt 0.74617785 0.16440755
vt 0.41169211 0.95144689
vt 0.9551034 0.18176651
vt 0.41155988 0.95383567
vt 0.95706964 0.18184316
vt 0.58816093 0.45555079
vt 0.0056595653 0.012592793
vt 0.002552852 0.012591422
vt 0.59087759 0.45563602
vt 0.56198955 0.45948434
vt 0.74813169 0.76641786
vt 0.56308472 0.45948172
vt 0.74887002 0.76641893
vt 0.18910202 0.014045119
vt 0.55461287 0.45984918
vt 0.1904957 0.016030133
vt 0.55288112 0.45990288
vt 0.74736798 0.77680743
vt 0.42493463 0.76674056
vt 0.42379382 0.76661426
vt 0.74768567 0.7773391
vt 0.74858129 0.77225482
vt 0.56110895 0.4501881
vt 0.56196022 0.45032388
vt 0.74952883 0.7736963
vt 0.74820697 0.77526557
vt 0.42591611 0.76484537
vt 0.5604105 0.44626772
vt 0.42448381 0.7645275
vt 0.56170261 0.44698054
vt 0.74923444 0.77635694
vt 0.1893521 0.010749459
vt 0.55524743 0.4518863
vt 0.19065449 0.010046601
vt 0.55316246 0.45390552
vt 0.43123004 0.76804072
vt 0.18851656 0.0042670369
vt 0.18851632 0.0025441647
vt 0.43302163 0.76760125
vt 0.18934852 0.006711185
vt 0.42936724 0.76498437
vt 0.55695522 0.44629055
vt 0.19093236 0.0028176904
vt 0.43193862 0.7654466
vt 0.55438721 0.44676274
vt 0.74566627 0.76882982
vt 0.7469579 0.77454007
vt 0.95567048 0.18603945
vt 0.58806318 0.45301723
vt 0.20113337 0.41750205
vt 0.94467175 0.43913853
vt 0.95417547 0.36852175
vt 0.75483769 0.15884405
vt 0.38051543 0.75682825
vt 0.75479668 0.1591503
vt 0.95379168 0.36835313
vt 0.38022974 0.75694585
vt 0.94444931 0.43949258
vt 0.21425733 0.7713232
vt 0.20152181 0.42583287
vt 0.20199823 0.42757928
vt 0.21530148 0.7713024
vt 0.20260899 0.94451898
vt 0.95044518 0.4326722
vt 0.96067125 0.37431401
vt 0.37553197 0.42590433
vt 0.20004028 0.95242178
vt 0.96463323 0.37481582
vt 0.20234071 0.95277184
vt 0.38380128 0.42653787
vt 0.95314741 0.43063921
vt 0.9631862 0.37669599
vt 0.38431031 0.42120916
vt 0.95374084 0.43595237
vt 0.2036975 0.94393551
vt 0.37496877 0.42761195
vt 0.74555004 0.011179209
vt 0.52848017 0.75682569
vt 0.74552912 0.010667205
vt 0.52882373 0.7571488
vt 0.74553525 0.010923326
vt 0.52871966 0.75692308
vt 0.74552912 0.0028012991
vt 0.52890086 0.76489818
vt 0.20562033 0.76924348
vt 0.20539561 0.76892447
vt 0.74546021 0.0024998188
vt 0.20539561 0.76892447
vt 0.52884233 0.76523203
vt 0.19392484 0.95142585
vt 0.96203297 0.36834723
vt 0.19379272 0.95381451
vt 0.96399885 0.36842728
vt 0.95095056 0.43955195
vt 0.38115388 0.41751766
vt 0.38426054 0.41751981
vt 0.95366728 0.43963718
vt 0.54678714 0.4594897
vt 0.53128278 0.75441831
vt 0.5320214 0.75441945
vt 0.54788214 0.45948732
vt 0.19771266 0.41603041
vt 0.53941071 0.45985472
vt 0.19632059 0.41404641
vt 0.53768009 0.45990801
vt 0.53051829 0.76481771
vt 0.2071639 0.76671892
vt 0.20602366 0.7665925
vt 0.53083622 0.76535022
vt 0.53173268 0.76026082
vt 0.54590976 0.45019215
vt 0.53268111 0.76170367
vt 0.54676074 0.45032889
vt 0.531358 0.76327437
vt 0.20814407 0.76482499
vt 0.54521894 0.44627196
vt 0.20671263 0.76450747
vt 0.53238654 0.76436687
vt 0.54650927 0.44698691
vt 0.19745946 0.41932321
vt 0.54003984 0.45188385
vt 0.19616073 0.42001963
vt 0.537965 0.45391834
vt 0.21345559 0.76801378
vt 0.19828951 0.42581952
vt 0.19856542 0.42754769
vt 0.21525849 0.76785094
vt 0.19744235 0.42337132
vt 0.21237271 0.76497269
vt 0.54098624 0.44629437
vt 0.19626623 0.42731357
vt 0.21477245 0.76559865
vt 0.53853315 0.4466365
vt 0.52881491 0.75683266
vt 0.53010786 0.76254815
vt 0.96259278 0.37262052
vt 0.95085269 0.43701839
vt 0.1857177 0.41750199
vt 0.58188123 0.8604399
vt 0.95446956 0.19844764
vt 0.59735918 0.444857
vt 0.890513 0.15884209
vt 0.58160174 0.85999513
vt 0.59708512 0.44474423
vt 0.89055371 0.15914577
vt 0.95408899 0.19861358
vt 0.00354403 0.77132285
vt 0.18532944 0.42582679
vt 0.0024997978 0.77130228
vt 0.18486023 0.42758119
vt 0.015190447 0.94452035
vt 0.58765477 0.86690748
vt 0.96097261 0.19264764
vt 0.011319548 0.42590618
vt 0.016827472 0.95282245
vt 0.96463323 0.19134539
vt 0.0028326511 0.42623103
vt 0.01472476 0.95309752
vt 0.59072125 0.86864686
vt 0.96315223 0.18976557
vt 0.0025418997 0.42120957
vt 0.5909512 0.86362708
vt 0.011886716 0.42761207
vt 0.014109065 0.94392443
vt 0.74532533 0.44485426
vt 0.89979637 0.011177063
vt 0.74566776 0.44452965
vt 0.89981753 0.010666072
vt 0.74556434 0.44475698
vt 0.89981145 0.010921717
vt 0.74574268 0.43676865
vt 0.89981741 0.002800107
vt 0.012180613 0.76924348
vt 0.012404428 0.76892591
vt 0.74568403 0.43643427
vt 0.012404428 0.76892591
vt 0.89988589 0.0024998188
vt 0.023875954 0.95142573
vt 0.96233016 0.19864756
vt 0.0240066 0.95381403
vt 0.96429235 0.1985836
vt 0.58816016 0.8600266
vt 0.005698055 0.41751909
vt 0.0025925487 0.41752106
vt 0.59087831 0.85994136
vt 0.56198633 0.85835588
vt 0.74812925 0.44726264
vt 0.56308472 0.85835898
vt 0.74887663 0.44726157
vt 0.18914396 0.41603196
vt 0.55461395 0.85799134
vt 0.19053665 0.41404837
vt 0.55288315 0.8579374
vt 0.74736208 0.43684876
vt 0.010637594 0.76671892
vt 0.011777993 0.76659274
vt 0.74768031 0.43631554
vt 0.74858004 0.44141126
vt 0.56109953 0.86764389
vt 0.56195056 0.86751002
vt 0.74952883 0.43996561
vt 0.7482034 0.43839365
vt 0.0096575832 0.76482475
vt 0.56038713 0.8715598
vt 0.011088838 0.76450747
vt 0.56168151 0.87085193
vt 0.74923289 0.43729937
vt 0.18939188 0.41933131
vt 0.55525625 0.86593491
vt 0.19069856 0.42003918
vt 0.55315697 0.86394286
vt 0.0043457155 0.76801366
vt 0.18854716 0.42579204
vt 0.0025433146 0.76785028
vt 0.18832242 0.42752469
vt 0.18936959 0.42336166
vt 0.0062090605 0.76496243
vt 0.55693293 0.87152439
vt 0.003624524 0.76545143
vt 0.19089526 0.42677796
vt 0.55446696 0.87056607
vt 0.74565971 0.44484729
vt 0.74695212 0.43912148
vt 0.96297944 0.19381768
vt 0.5880627 0.86256075
vt 0.69378018 0.98942721
vt 0.88089436 0.97692436
vt 0.69327122 0.99073493
vt 0.88140899 0.97821158
vt 0.88089556 0.55711216
vt 0.70978886 0.98980987
vt 0.71030927 0.99109018
vt 0.88140899 0.5558176
vt 0.70982552 0.78175437
vt 0.97588921 0.87195468
vt 0.71030927 0.78039467
vt 0.97637248 0.87329471
vt 0.97585285 0.45194209
vt 0.69404066 0.78122288
vt 0.693519 0.77992618
vt 0.97637248 0.45064431
vt 0.97012556 0.43455744
vt 0.68189818 0.78021014
vt 0.6813693 0.77886945
vt 0.96963453 0.43597174
vt 0.65611368 0.98433501
vt 0.96971375 0.014538765
vt 0.65556556 0.98565966
vt 0.96919084 0.013154924
vt 0.95882452 0.85353267
vt 0.65617955 0.78081709
vt 0.65565068 0.77947009
vt 0.958323 0.85493743
vt 0.68180823 0.98347259
vt 0.95904392 0.43345654
vt 0.68127173 0.98481375
vt 0.95854121 0.43206263
vt 0.33510357 0.65150088
vt 0.76109391 0.32770717
vt 0.33506769 0.65286028
vt 0.76103038 0.32633483
vt 0.97119248 0.01285851
vt 0.65781707 0.98577255
vt 0.65731394 0.98709613
vt 0.97071582 0.011486769
vt 0.75602996 0.32968831
vt 0.97605616 0.010754943
vt 0.33012152 0.64982027
vt 0.66296381 0.9879446
vt 0.33020768 0.65201151
vt 0.66265172 0.9901219
vt 0.75613999 0.32687402
vt 0.97570825 0.0079518557
vt 0.97316211 0.011943102
vt 0.65999055 0.98644596
vt 0.65964562 0.9888413
vt 0.97284299 0.0095062852
vt 0.86904585 0.54177439
vt 0.91264987 0.0050871372
vt 0.8693251 0.54336286
vt 0.91276765 0.0025022626
vt 0.9600234 0.4323529
vt 0.68294311 0.98440236
vt 0.68245125 0.98574394
vt 0.95955223 0.43097103
vt 0.9075492 0.0058450699
vt 0.96508706 0.42988539
vt 0.68835878 0.98666102
vt 0.86397725 0.53972983
vt 0.68790108 0.98905712
vt 0.86421937 0.54215264
vt 0.90758455 0.0033639073
vt 0.96471947 0.42744029
vt 0.96208 0.43170232
vt 0.68548226 0.98481375
vt 0.68483174 0.98735654
vt 0.96153796 0.4289062
vt 0.68303257 0.77928364
vt 0.97111309 0.43564743
vt 0.68254942 0.77794892
vt 0.97068727 0.43705577
vt 0.76025826 0.75854027
vt 0.86876899 0.32807165
vt 0.76060545 0.75991178
vt 0.86914963 0.32666206
vt 0.68533844 0.78024673
vt 0.97314054 0.43543649
vt 0.68549269 0.77640635
vt 0.97280383 0.43960965
vt 0.68835878 0.77747566
vt 0.86417764 0.33061707
vt 0.75561398 0.75600749
vt 0.97605616 0.43767989
vt 0.68809533 0.77447075
vt 0.75573617 0.75931132
vt 0.86432004 0.3275969
vt 0.97572953 0.44093668
vt 0.65790784 0.77962768
vt 0.96034533 0.85492241
vt 0.65740889 0.77811742
vt 0.95985043 0.8565433
vt 0.91201806 0.43441892
vt 0.33437437 0.43759453
vt 0.33446115 0.43621868
vt 0.91208065 0.43579054
vt 0.66006023 0.7787441
vt 0.96233886 0.8558954
vt 0.65920085 0.77695209
vt 0.96143794 0.85793626
vt 0.33069772 0.43943357
vt 0.66296381 0.77720571
vt 0.90806371 0.43276274
vt 0.96508706 0.85749173
vt 0.33021289 0.43736863
vt 0.66221374 0.77522022
vt 0.90782261 0.43473876
vt 0.9645676 0.85940838
vt 0.70583963 0.78029495
vt 0.36193314 0.43564641
vt 0.364216 0.43665427
vt 0.70456171 0.7778002
vt 0.93963915 0.43378067
vt 0.97155625 0.87318075
vt 0.94193619 0.43218601
vt 0.97036767 0.87525904
vt 0.36188596 0.43428469
vt 0.93954778 0.43516397
vt 0.70687127 0.77706128
vt 0.97272569 0.87634593
vt 0.36424971 0.43463606
vt 0.70493507 0.77577049
vt 0.94185013 0.4345454
vt 0.97079813 0.8776204
vt 0.87778389 0.55581266
vt 0.78838021 0.32840919
vt 0.79002559 0.32965231
vt 0.87589908 0.55340022
vt 0.36230016 0.65382576
vt 0.70687783 0.99012047
vt 0.36438316 0.65190107
vt 0.70537996 0.99300164
vt 0.36241326 0.65517598
vt 0.78845024 0.32704818
vt 0.70768619 0.99390864
vt 0.87851733 0.55325592
vt 0.36434734 0.6543957
vt 0.70574415 0.99541801
vt 0.79037619 0.32783794
vt 0.87657642 0.55172366
vt 0.97145909 0.44915813
vt 0.94062871 0.0048174858
vt 0.94197065 0.0054789186
vt 0.97039211 0.44816792
vt 0.89706427 0.54347336
vt 0.69806772 0.77851421
vt 0.69916397 0.77730572
vt 0.89840019 0.54294646
vt 0.69686848 0.7764011
vt 0.97273606 0.44741493
vt 0.89701283 0.54537016
vt 0.94053853 0.0029036999
vt 0.69839519 0.77537984
vt 0.89853591 0.54497766
vt 0.94209874 0.0031666756
vt 0.97147304 0.4460662
vt 0.69764549 0.99102622
vt 0.89562827 0.32576162
vt 0.69943529 0.99172056
vt 0.89818347 0.32877088
vt 0.78719664 0.75781715
vt 0.87856436 0.97821194
vt 0.79010355 0.75539982
vt 0.87621719 0.97943306
vt 0.697115 0.99274904
vt 0.87927175 0.98196417
vt 0.78717417 0.75918466
vt 0.89556533 0.32439601
vt 0.69884455 0.9943701
vt 0.79037619 0.75900823
vt 0.87716973 0.98290944
vt 0.89817888 0.32612646
vt 0.97591925 0.86678648
vt 0.95972824 0.84844601
vt 0.96181875 0.84843826
vt 0.94209874 0.42362714
vt 0.97011894 0.8667959
vt 0.97152722 0.86678356
vt 0.95878083 0.84844947
vt 0.90875351 0.42365563
vt 0.90649754 0.42366683
vt 0.96402562 0.84844911
vt 0.94088584 0.42362487
vt 0.95899183 0.43856865
vt 0.9083569 0.014491498
vt 0.906102 0.014479935
vt 0.9642458 0.43857491
vt 0.94048971 0.014459491
vt 0.97586399 0.45714229
vt 0.95993632 0.43857431
vt 0.96203208 0.43858862
vt 0.94170654 0.014457643
vt 0.97005832 0.45714128
vt 0.97145653 0.45714396
vt 0.88097972 0.97007108
vt 0.97104418 0.42946863
vt 0.97313559 0.42946047
vt 0.79012746 0.74609643
vt 0.87518179 0.97013015
vt 0.87656814 0.97004437
vt 0.97009659 0.42947191
vt 0.75678092 0.74771661
vt 0.75452572 0.7477271
vt 0.97534615 0.42946506
vt 0.78891253 0.74610257
vt 0.96968973 0.019638538
vt 0.75678968 0.33855319
vt 0.75453627 0.3385427
vt 0.97494155 0.019635439
vt 0.78892165 0.33855307
vt 0.88094771 0.56234467
vt 0.97063327 0.019640565
vt 0.97272891 0.019645631
vt 0.79014039 0.3385576
vt 0.87514585 0.56229889
vt 0.87653697 0.56236643
vt 0.69377029 0.98092169
vt 0.69402176 0.78974265
vt 0.68177503 0.97736543
vt 0.68186074 0.78632921
vt 0.68297285 0.78633261
vt 0.68288362 0.97736269
vt 0.86487931 0.53042257
vt 0.86526293 0.33949715
vt 0.6875214 0.97736698
vt 0.86265695 0.53042984
vt 0.68762475 0.78633344
vt 0.86304039 0.33948433
vt 0.68533993 0.78633785
vt 0.68524343 0.97735578
vt 0.8969273 0.53048778
vt 0.89731067 0.33956093
vt 0.69917947 0.98093349
vt 0.89853591 0.33956403
vt 0.69943529 0.78974879
vt 0.89815354 0.5304895
vt 0.69779289 0.98092425
vt 0.69804853 0.78974825
vt 0.70985657 0.79023772
vt 0.70985079 0.9812569
vt 0.65607727 0.97821057
vt 0.65611571 0.78690648
vt 0.65722305 0.78691226
vt 0.65718812 0.97820753
vt 0.33080506 0.64012033
vt 0.33110946 0.44919407
vt 0.3285825 0.64012426
vt 0.6618365 0.97821015
vt 0.32888612 0.44917917
vt 0.66185319 0.78691024
vt 0.65958047 0.78692275
vt 0.65955365 0.97820055
vt 0.36285239 0.64017212
vt 0.36315686 0.4492442
vt 0.36438304 0.44924581
vt 0.70443076 0.79023343
vt 0.36407971 0.64017016
vt 0.7044394 0.98128557
vt 0.70583159 0.79023933
vt 0.70582145 0.98124188
vt 0.16054691 0.43427229
vt 0.16554308 0.43426591
vt 0.16054691 0.75896716
vt 0.16554308 0.75896078
vt 0.0024984777 0.43427229
vt 0.32359162 0.43426591
vt 0.0024984777 0.75896716
vt 0.32359162 0.75896078
vt 0.79995102 0.89669812
vt 0.79995102 0.89669812
vt 0.79995203 0.87077385
vt 0.79672563 0.8413198
vt 0.35563484 0.65830755
vt 0.52908087 0.3763833
vt 0.79577225 0.8403089
vt 0.35438636 0.65947443
vt 0.35581544 0.65909803
vt 0.79532516 0.84102845
vt 0.35438636 0.75011903
vt 0.35563484 0.75128573
vt 0.79576445 0.92716414
vt 0.79707646 0.67014778
vt 0.7967183 0.92615402
vt 0.35581544 0.75049543
vt 0.79531783 0.92644483
vt 0.53309774 0.37638342
vt 0.79985261 0.84015387
vt 0.79987943 0.84128183
vt 0.79987246 0.92619294
vt 0.79984534 0.92732126
vt 0.80109316 0.67014778
vt 0.7840488 0.87080812
vt 0.35419038 0.69170541
vt 0.78404635 0.89666057
vt 0.35418886 0.71788943
vt 0.3556352 0.71805847
vt 0.78264326 0.89670748
vt 0.35563678 0.69153655
vt 0.78264588 0.87076122
vt 0.75506121 0.88076782
vt 0.75506204 0.90669203
vt 0.75183594 0.93614614
vt 0.32878345 0.65829116
vt 0.52908134 0.35031652
vt 0.75088221 0.93715668
vt 0.33003077 0.65945959
vt 0.32860181 0.65908146
vt 0.75043541 0.93643749
vt 0.33002862 0.75015771
vt 0.32878053 0.75133878
vt 0.75087446 0.85030162
vt 0.79707646 0.69621491
vt 0.75182855 0.85131192
vt 0.32859632 0.75054067
vt 0.7504276 0.85102105
vt 0.5330981 0.35031641
vt 0.75496292 0.93731201
vt 0.75498927 0.93618405
vt 0.75498247 0.85127282
vt 0.75495535 0.85014439
vt 0.80109316 0.69621491
vt 0.73915887 0.90665746
vt 0.33018941 0.69169581
vt 0.73915631 0.88080537
vt 0.33018479 0.71789885
vt 0.32873744 0.71806902
vt 0.73775357 0.8807584
vt 0.32874268 0.69152558
vt 0.73775595 0.9067049
vt 0.5330981 0.36334991
vt 0.80109316 0.68318117
vt 0.78786689 0.88373429
vt 0.53036529 0.89425707
vt 0.78923088 0.87953621
vt 0.53036529 0.88979471
vt 0.78821391 0.88156128
vt 0.53036529 0.89205909
vt 0.78821355 0.88590735
vt 0.53036529 0.89645493
vt 0.790851 0.88967448
vt 0.53036529 0.90109456
vt 0.79652613 0.89126766
vt 0.53036529 0.90704644
vt 0.79327875 0.89079267
vt 0.53036529 0.90376461
vt 0.78923053 0.8879329
vt 0.53036529 0.89871919
vt 0.79327923 0.87667733
vt 0.53036529 0.88474929
vt 0.79085171 0.87779504
vt 0.53036529 0.88741934
vt 0.79996485 0.87619501
vt 0.53036529 0.87802923
vt 0.79652649 0.87620288
vt 0.53036529 0.88146758
vt 0.79996485 0.89127648
vt 0.53036529 0.91048443
vt 0.55798793 0.88474929
vt 0.74838924 0.90078866
vt 0.55798793 0.88741934
vt 0.74596161 0.89967072
vt 0.55798793 0.88146758
vt 0.75163662 0.90126288
vt 0.55798793 0.87802935
vt 0.7550748 0.90127087
vt 0.55798793 0.91048431
vt 0.7550748 0.88618934
vt 0.55798793 0.89425707
vt 0.74297702 0.89373159
vt 0.55798793 0.88979471
vt 0.74434078 0.89792955
vt 0.55798793 0.89205909
vt 0.74332374 0.89590454
vt 0.55798793 0.89645493
vt 0.74332362 0.89155853
vt 0.55798793 0.90109456
vt 0.74596107 0.88779128
vt 0.55798793 0.90704644
vt 0.75163633 0.88619804
vt 0.55798793 0.90376461
vt 0.74838889 0.88667321
vt 0.55798793 0.89871919
vt 0.74434054 0.88953316
vt 0.3350938 0.65872341
vt 0.52771735 0.35641468
vt 0.34932497 0.65873253
vt 0.52771711 0.37028515
vt 0.53307807 0.36334991
vt 0.34221092 0.65892261
vt 0.52707469 0.36334991
vt 0.3492116 0.65993094
vt 0.335206 0.65992206
vt 0.3422094 0.66017711
vt 0.34932497 0.75086093
vt 0.79571247 0.67624605
vt 0.33509958 0.75088227
vt 0.79571247 0.69011658
vt 0.80107331 0.68318117
vt 0.34221292 0.75066668
vt 0.79506987 0.68318117
vt 0.34921199 0.74966288
vt 0.33520821 0.74968308
vt 0.34221104 0.74941707
vt 0.34219071 0.69213367
vt 0.34218907 0.71746105
vt 0.78382969 0.88373399
vt 0.35578287 0.70479769
vt 0.78233171 0.88373387
vt 0.32858723 0.70479578
vt 0.7374419 0.89373231
vt 0.73893952 0.89373219
vt 0.35431528 0.70479763
vt 0.33005589 0.70479602
vt 0.34218764 0.70479709
vt 0.61174059 0.9006964
vt 0.61174059 0.9006964
vt 0.6117416 0.87477207
vt 0.6117416 0.87477207
vt 0.60851526 0.8453182
vt 0.5116514 0.76224947
vt 0.60756189 0.8443073
vt 0.95572686 0.4083637
vt 0.51040274 0.76341611
vt 0.5118323 0.76303977
vt 0.60711473 0.84502661
vt 0.51040274 0.85406083
vt 0.5116514 0.85522741
vt 0.52920926 0.38229805
vt 0.60755408 0.93116248
vt 0.60850805 0.9301523
vt 0.5118323 0.85443705
vt 0.60710734 0.93044329
vt 0.61164218 0.84415233
vt 0.95974374 0.40836382
vt 0.61166883 0.84528029
vt 0.61166191 0.93019116
vt 0.53322613 0.38229805
vt 0.61163497 0.93131971
vt 0.59583837 0.87480652
vt 0.51020706 0.79564726
vt 0.59583586 0.90065897
vt 0.51020563 0.82183117
vt 0.51165164 0.82200027
vt 0.59443301 0.9007057
vt 0.51165324 0.79547834
vt 0.59443545 0.87475944
vt 0.73246795 0.85677087
vt 0.73246896 0.8826952
vt 0.72924268 0.91214907
vt 0.48480028 0.76223308
vt 0.72828919 0.91315985
vt 0.95572734 0.38229692
vt 0.48604739 0.76340127
vt 0.48461857 0.7630232
vt 0.72784215 0.91244042
vt 0.48604503 0.85409939
vt 0.48479721 0.85528052
vt 0.52920926 0.40836531
vt 0.72828138 0.82630491
vt 0.72923541 0.82731497
vt 0.48461321 0.85448247
vt 0.72783458 0.8270241
vt 0.73236966 0.91331506
vt 0.95974433 0.3822968
vt 0.73239625 0.91218698
vt 0.73238921 0.82727599
vt 0.53322613 0.40836531
vt 0.73236227 0.82614732
vt 0.71656549 0.88266075
vt 0.48620594 0.79563767
vt 0.71656322 0.85680866
vt 0.48620138 0.82184088
vt 0.4847542 0.82201087
vt 0.71516031 0.85676157
vt 0.48475936 0.79546732
vt 0.71516275 0.88270795
vt 0.95974433 0.39533043
vt 0.53322613 0.39533162
vt 0.59965658 0.88773274
vt 0.937289 0.88226622
vt 0.60102051 0.88353467
vt 0.937289 0.8778038
vt 0.60000348 0.88555956
vt 0.937289 0.88006836
vt 0.60000312 0.88990593
vt 0.937289 0.8844642
vt 0.60264063 0.8936727
vt 0.937289 0.88910401
vt 0.60831583 0.89526618
vt 0.937289 0.89505571
vt 0.60506827 0.89479101
vt 0.937289 0.891774
vt 0.60101998 0.89193118
vt 0.937289 0.88672847
vt 0.6050688 0.88067567
vt 0.937289 0.87275857
vt 0.60264122 0.88179338
vt 0.937289 0.87542862
vt 0.61175436 0.88019347
vt 0.937289 0.86603868
vt 0.60831618 0.88020122
vt 0.937289 0.86947715
vt 0.61175436 0.89527476
vt 0.937289 0.89849383
vt 0.96491164 0.87275857
vt 0.72579604 0.87679183
vt 0.96491164 0.87542862
vt 0.72336859 0.87567401
vt 0.96491164 0.86947715
vt 0.72904348 0.87726605
vt 0.96491164 0.8660388
vt 0.73248178 0.87727404
vt 0.96491164 0.89849371
vt 0.73248178 0.86219251
vt 0.96491164 0.88226622
vt 0.72038394 0.86973476
vt 0.96491164 0.8778038
vt 0.72174776 0.87393272
vt 0.96491164 0.88006836
vt 0.72073066 0.87190759
vt 0.96491164 0.8844642
vt 0.72073048 0.86756158
vt 0.96491164 0.88910401
vt 0.72336811 0.86379457
vt 0.96491164 0.89505571
vt 0.72904313 0.86220121
vt 0.96491164 0.891774
vt 0.72579569 0.86267626
vt 0.96491164 0.88672847
vt 0.72174752 0.86553609
vt 0.49111044 0.76266503
vt 0.95436358 0.38839507
vt 0.50534165 0.76267427
vt 0.95436335 0.40226543
vt 0.95972419 0.39533043
vt 0.49822733 0.76286435
vt 0.95372093 0.39533031
vt 0.50522822 0.76387268
vt 0.49122259 0.7638638
vt 0.4982259 0.76411891
vt 0.50534165 0.85480273
vt 0.5278452 0.38839638
vt 0.49111614 0.85482407
vt 0.5278452 0.40226704
vt 0.53320611 0.39533162
vt 0.49822956 0.85460871
vt 0.52720279 0.39533162
vt 0.50522864 0.85360456
vt 0.49122486 0.85362494
vt 0.49822745 0.85335892
vt 0.49820748 0.7960757
vt 0.49820575 0.82140279
vt 0.5956192 0.88773227
vt 0.51179945 0.80873966
vt 0.5941214 0.88773215
vt 0.48460391 0.80873764
vt 0.71484876 0.86973524
vt 0.71634656 0.86973512
vt 0.51033199 0.80873954
vt 0.48607251 0.80873787
vt 0.49820441 0.80873907
vt 0.80399692 0.62343997
vt 0.80686772 0.62343997
vt 0.80972672 0.62343997
vt 0.81257892 0.62343997
vt 0.81543875 0.62343997
vt 0.8183102 0.62343997
vt 0.82118088 0.62343997
vt 0.79541385 0.62343997
vt 0.82404029 0.62343997
vt 0.79826605 0.62343997
vt 0.80112553 0.62343997
vt 0.4272911 0.35095119
vt 0.8039968 0.66323489
vt 0.4282409 0.35226202
vt 0.80686772 0.66323489
vt 0.4282409 0.35387474
vt 0.80972672 0.66323489
vt 0.4272911 0.35517305
vt 0.81257904 0.66323489
vt 0.42575413 0.35566109
vt 0.81543875 0.66323489
vt 0.42421702 0.35515273
vt 0.8183102 0.66323489
vt 0.42326739 0.35384172
vt 0.82118088 0.66323489
vt 0.42326739 0.35222924
vt 0.79541385 0.66323489
vt 0.82404029 0.66323489
vt 0.42421702 0.35093093
vt 0.79826605 0.66323489
vt 0.42575413 0.35044265
vt 0.80112565 0.66323489
vt 0.80399692 0.63714647
vt 0.80686772 0.63714647
vt 0.80972672 0.63714647
vt 0.81257892 0.63714647
vt 0.81543875 0.63714647
vt 0.8183102 0.63714647
vt 0.821181 0.63714647
vt 0.79541385 0.63714647
vt 0.82404029 0.63714647
vt 0.79826605 0.63714647
vt 0.80112553 0.63714647
vt 0.80399692 0.62794143
vt 0.80686772 0.62794143
vt 0.80972672 0.62794143
vt 0.81257892 0.62794143
vt 0.81543875 0.62794143
vt 0.8183102 0.62794143
vt 0.82118088 0.62794143
vt 0.79541385 0.62794143
vt 0.82404029 0.62794143
vt 0.79826605 0.62794143
vt 0.80112553 0.62794143
vt 0.80399692 0.63480335
vt 0.80399692 0.63246787
vt 0.80686772 0.63246787
vt 0.80686772 0.63480335
vt 0.80972672 0.63246787
vt 0.80972672 0.63480335
vt 0.81257892 0.63246787
vt 0.81257892 0.63480335
vt 0.81543875 0.63246787
vt 0.81543875 0.63480335
vt 0.8183102 0.63246787
vt 0.8183102 0.63480335
vt 0.82118088 0.63246787
vt 0.82118088 0.63480335
vt 0.79541385 0.63246787
vt 0.82404029 0.63246787
vt 0.79541385 0.63480335
vt 0.82404029 0.63480335
vt 0.79826605 0.63246787
vt 0.79826605 0.63480335
vt 0.80112553 0.63246787
vt 0.80112553 0.63480335
vt 0.80399692 0.64151472
vt 0.80399692 0.63935167
vt 0.80686772 0.63935167
vt 0.80686772 0.64151472
vt 0.80972672 0.63935167
vt 0.80972672 0.64151472
vt 0.81257892 0.63935167
vt 0.81257892 0.64151472
vt 0.81543875 0.63935167
vt 0.81543875 0.64151472
vt 0.8183102 0.63935167
vt 0.8183102 0.64151472
vt 0.82118088 0.63935167
vt 0.82118088 0.64151472
vt 0.79541385 0.63935167
vt 0.82404029 0.63935167
vt 0.79541385 0.64151472
vt 0.82404029 0.64151472
vt 0.79826605 0.63935167
vt 0.79826605 0.64151472
vt 0.80112565 0.63935167
vt 0.80112553 0.64151472
vt 0.80399704 0.58182961
vt 0.80686772 0.58182973
vt 0.80972672 0.58182973
vt 0.81257892 0.58182973
vt 0.81543875 0.58182961
vt 0.8183102 0.58182973
vt 0.82118088 0.58182973
vt 0.79541385 0.58182973
vt 0.82404029 0.58182973
vt 0.79826605 0.58182973
vt 0.80112565 0.58182973
vt 0.80399692 0.60937601
vt 0.80399692 0.60204202
vt 0.80686772 0.60204202
vt 0.80686772 0.60937601
vt 0.80972672 0.60204202
vt 0.80972672 0.60937601
vt 0.81257892 0.60204202
vt 0.81257892 0.60937601
vt 0.81543875 0.60204202
vt 0.81543875 0.60937601
vt 0.8183102 0.60204202
vt 0.8183102 0.60937601
vt 0.82118088 0.60204202
vt 0.82118088 0.60937601
vt 0.79541385 0.60204202
vt 0.82404029 0.60204202
vt 0.79541385 0.60937601
vt 0.82404029 0.60937601
vt 0.79826605 0.60204202
vt 0.79826605 0.60937601
vt 0.80112565 0.60204202
vt 0.80112553 0.60937601
vt 0.80399692 0.58581924
vt 0.80399692 0.58381587
vt 0.80686772 0.58381587
vt 0.80686772 0.58581924
vt 0.80972672 0.58381587
vt 0.80972672 0.58581924
vt 0.81257892 0.58381587
vt 0.81257892 0.58581924
vt 0.81543875 0.58381587
vt 0.81543875 0.58581924
vt 0.8183102 0.58381587
vt 0.8183102 0.58581924
vt 0.82118088 0.58381587
vt 0.82118088 0.58581924
vt 0.79541385 0.58381587
vt 0.82404029 0.58381587
vt 0.79541385 0.58581924
vt 0.82404029 0.58581924
vt 0.79826605 0.58381587
vt 0.79826605 0.58581924
vt 0.80112565 0.58381587
vt 0.80112553 0.58581924
vt 0.80399692 0.59224397
vt 0.80399692 0.59006107
vt 0.80686772 0.59006107
vt 0.80686772 0.59224397
vt 0.80972672 0.59006107
vt 0.80972672 0.59224397
vt 0.81257892 0.59006107
vt 0.81257892 0.59224397
vt 0.81543875 0.59006107
vt 0.81543875 0.59224397
vt 0.8183102 0.59006107
vt 0.8183102 0.59224397
vt 0.82118088 0.59006107
vt 0.82118088 0.59224397
vt 0.79541385 0.59006107
vt 0.82404029 0.59006107
vt 0.79541385 0.59224397
vt 0.82404029 0.59224397
vt 0.79826605 0.59006107
vt 0.79826605 0.59224397
vt 0.80112553 0.59006107
vt 0.80112553 0.59224397
vt 0.80399704 0.59964538
vt 0.80399692 0.59678376
vt 0.80686772 0.59678364
vt 0.80686772 0.59964538
vt 0.80972672 0.59678364
vt 0.80972672 0.59964538
vt 0.81257892 0.59678376
vt 0.81257892 0.59964538
vt 0.81543875 0.59678364
vt 0.81543875 0.59964538
vt 0.8183102 0.59678364
vt 0.8183102 0.59964538
vt 0.82118088 0.59678364
vt 0.82118088 0.59964538
vt 0.79541385 0.59678376
vt 0.82404029 0.59678376
vt 0.79541385 0.59964538
vt 0.82404029 0.59964538
vt 0.79826605 0.59678364
vt 0.79826605 0.59964538
vt 0.80112553 0.59678364
vt 0.80112553 0.59964538
vt 0.80399692 0.6069209
vt 0.80399692 0.60445535
vt 0.80686772 0.60445535
vt 0.80686772 0.6069209
vt 0.80972672 0.60445535
vt 0.80972672 0.6069209
vt 0.81257892 0.60445535
vt 0.81257892 0.6069209
vt 0.81543875 0.60445535
vt 0.81543875 0.6069209
vt 0.8183102 0.60445535
vt 0.8183102 0.6069209
vt 0.82118088 0.60445535
vt 0.82118088 0.6069209
vt 0.79541385 0.60445535
vt 0.82404029 0.60445535
vt 0.79541385 0.6069209
vt 0.82404029 0.6069209
vt 0.79826605 0.60445535
vt 0.79826605 0.6069209
vt 0.80112553 0.60445535
vt 0.80112553 0.6069209
vt 0.80399692 0.61581606
vt 0.80112553 0.61581606
vt 0.79826605 0.61581606
vt 0.79541385 0.61581606
vt 0.82404029 0.61581606
vt 0.82118088 0.61581606
vt 0.8183102 0.61581606
vt 0.81543875 0.61581606
vt 0.81257892 0.61581606
vt 0.8097266 0.61581606
vt 0.80686772 0.61581606
vt 0.80686772 0.61887956
vt 0.80972672 0.61887956
vt 0.81257892 0.61887956
vt 0.81543875 0.61887956
vt 0.8183102 0.61887956
vt 0.82118088 0.61887956
vt 0.79541385 0.61887956
vt 0.82404029 0.61887956
vt 0.79826605 0.61887956
vt 0.80112553 0.61887956
vt 0.80399692 0.61887956
vt 0.80399692 0.54158998
vt 0.80686772 0.54158998
vt 0.80972672 0.54158998
vt 0.81257892 0.54158998
vt 0.81543875 0.54158998
vt 0.8183102 0.54158998
vt 0.82118088 0.54158998
vt 0.79541385 0.54158998
vt 0.82404029 0.54158998
vt 0.79826605 0.54158998
vt 0.80112553 0.54158998
vt 0.80399692 0.56833506
vt 0.80399692 0.55480295
vt 0.80686772 0.55480295
vt 0.80686772 0.56833506
vt 0.80972672 0.55480295
vt 0.80972672 0.56833506
vt 0.81257892 0.55480295
vt 0.81257892 0.56833506
vt 0.81543875 0.55480295
vt 0.81543875 0.56833506
vt 0.8183102 0.55480295
vt 0.8183102 0.56833506
vt 0.82118088 0.55480295
vt 0.82118088 0.56833506
vt 0.79541385 0.55480295
vt 0.82404029 0.55480295
vt 0.79541385 0.56833506
vt 0.82404029 0.56833506
vt 0.79826605 0.55480295
vt 0.79826605 0.56833518
vt 0.80112553 0.55480295
vt 0.80112553 0.56833506
vt 0.80399692 0.55037653
vt 0.80686772 0.55037653
vt 0.80972672 0.55037653
vt 0.81257892 0.55037653
vt 0.81543875 0.55037653
vt 0.8183102 0.55037653
vt 0.82118088 0.55037653
vt 0.79541385 0.55037653
vt 0.82404029 0.55037653
vt 0.79826605 0.55037653
vt 0.80112553 0.55037653
vt 0.80399704 0.55926788
vt 0.80686772 0.55926788
vt 0.8097266 0.55926788
vt 0.81257892 0.55926788
vt 0.81543875 0.55926788
vt 0.8183102 0.55926788
vt 0.82118088 0.55926788
vt 0.79541385 0.55926788
vt 0.82404029 0.55926788
vt 0.79826605 0.55926788
vt 0.80112553 0.55926788
vt 0.80399692 0.56377798
vt 0.80686772 0.56377798
vt 0.80972672 0.56377798
vt 0.81257892 0.56377798
vt 0.81543875 0.56377798
vt 0.8183102 0.56377798
vt 0.82118088 0.56377798
vt 0.79541385 0.56377798
vt 0.82404029 0.56377798
vt 0.79826605 0.56377798
vt 0.80112553 0.56377798
vt 0.80399692 0.57291657
vt 0.80686772 0.57291657
vt 0.80972672 0.57291657
vt 0.81257892 0.57291657
vt 0.81543875 0.57291657
vt 0.8183102 0.57291657
vt 0.82118088 0.57291657
vt 0.79541385 0.57291657
vt 0.82404029 0.57291657
vt 0.79826605 0.57291657
vt 0.80112553 0.57291657
vt 0.80686772 0.57744443
vt 0.80972672 0.57744443
vt 0.81257892 0.57744443
vt 0.81543875 0.57744443
vt 0.8183102 0.57744443
vt 0.82118088 0.57744443
vt 0.79541385 0.57744455
vt 0.82404029 0.57744455
vt 0.79826605 0.57744443
vt 0.80112553 0.57744443
vt 0.80399692 0.57744443
vt 0.80399692 0.50156999
vt 0.80686772 0.50156999
vt 0.80972672 0.50156999
vt 0.81257892 0.50156999
vt 0.81543875 0.50156999
vt 0.8183102 0.50156999
vt 0.82118088 0.50156999
vt 0.79541385 0.50156999
vt 0.82404029 0.50156999
vt 0.79826605 0.50156999
vt 0.80112553 0.50156999
vt 0.80399692 0.53502673
vt 0.80686772 0.53502685
vt 0.80972672 0.53502685
vt 0.81257892 0.53502685
vt 0.81543875 0.53502685
vt 0.8183102 0.53502685
vt 0.821181 0.53502673
vt 0.79541385 0.53502685
vt 0.82404029 0.53502685
vt 0.79826605 0.53502685
vt 0.80112553 0.53502685
vt 0.80399692 0.51413745
vt 0.80112553 0.51413745
vt 0.79826605 0.51413745
vt 0.79541385 0.51413769
vt 0.82404029 0.51413769
vt 0.82118088 0.51413745
vt 0.8183102 0.51413757
vt 0.81543875 0.51413745
vt 0.81257892 0.51413745
vt 0.80972672 0.51413745
vt 0.80686772 0.51413745
vt 0.80399692 0.51069742
vt 0.80686772 0.51069742
vt 0.80972672 0.51069742
vt 0.81257892 0.51069742
vt 0.81543875 0.51069742
vt 0.8183102 0.51069742
vt 0.82118088 0.51069742
vt 0.79541385 0.51069742
vt 0.82404029 0.51069742
vt 0.79826605 0.51069742
vt 0.80112553 0.51069742
vt 0.80399692 0.51751387
vt 0.80686772 0.51751387
vt 0.80972672 0.51751387
vt 0.81257892 0.51751387
vt 0.81543875 0.51751399
vt 0.8183102 0.51751387
vt 0.82118088 0.51751387
vt 0.79541385 0.51751387
vt 0.82404029 0.51751387
vt 0.79826605 0.51751387
vt 0.80112553 0.51751387
vt 0.80399692 0.52630031
vt 0.80686772 0.52630031
vt 0.80972672 0.52630031
vt 0.81257892 0.52630031
vt 0.81543875 0.52630043
vt 0.8183102 0.52630031
vt 0.82118088 0.52630043
vt 0.79541385 0.52630031
vt 0.82404029 0.52630031
vt 0.79826605 0.52630031
vt 0.80112565 0.52630031
vt 0.80399692 0.46131742
vt 0.80686772 0.46131742
vt 0.80972672 0.46131742
vt 0.81257892 0.46131742
vt 0.81543875 0.46131742
vt 0.8183102 0.46131742
vt 0.82118088 0.46131742
vt 0.79541385 0.4613173
vt 0.82404029 0.4613173
vt 0.79826605 0.46131742
vt 0.80112553 0.46131742
vt 0.80399692 0.4883498
vt 0.80686772 0.4883498
vt 0.80972672 0.4883498
vt 0.81257892 0.4883498
vt 0.81543875 0.4883498
vt 0.8183102 0.4883498
vt 0.82118088 0.4883498
vt 0.79541385 0.4883498
vt 0.82404029 0.4883498
vt 0.79826605 0.4883498
vt 0.80112565 0.4883498
vt 0.80399692 0.47719675
vt 0.80686772 0.47719675
vt 0.80972672 0.47719675
vt 0.81257892 0.47719675
vt 0.81543875 0.47719663
vt 0.8183102 0.47719675
vt 0.82118088 0.47719675
vt 0.79541385 0.47719651
vt 0.82404029 0.47719663
vt 0.79826605 0.47719675
vt 0.80112553 0.47719675
vt 0.80399692 0.50722891
vt 0.80112553 0.50722891
vt 0.79826605 0.50722891
vt 0.79541385 0.50722891
vt 0.82404029 0.50722891
vt 0.82118088 0.50722891
vt 0.8183102 0.50722891
vt 0.81543875 0.50722891
vt 0.81257892 0.50722891
vt 0.80972672 0.50722891
vt 0.80686772 0.50722891
vt 0.80686772 0.49713385
vt 0.80972672 0.49713385
vt 0.81257892 0.49713385
vt 0.81543875 0.49713397
vt 0.8183102 0.49713385
vt 0.82118088 0.49713385
vt 0.79541385 0.49713385
vt 0.82404029 0.49713385
vt 0.79826605 0.49713385
vt 0.80112565 0.49713385
vt 0.80399704 0.49713397
vt 0.80399692 0.42184669
vt 0.80686772 0.42184669
vt 0.80972672 0.42184669
vt 0.81257892 0.42184669
vt 0.81543875 0.42184669
vt 0.8183102 0.42184669
vt 0.82118088 0.42184669
vt 0.79541385 0.42184669
vt 0.82404029 0.42184669
vt 0.79826605 0.42184669
vt 0.80112553 0.42184669
vt 0.80399692 0.44824123
vt 0.80686772 0.44824123
vt 0.80972672 0.44824123
vt 0.81257892 0.44824123
vt 0.81543875 0.44824123
vt 0.8183102 0.44824123
vt 0.82118088 0.44824123
vt 0.79541385 0.44824123
vt 0.82404029 0.44824123
vt 0.79826605 0.44824123
vt 0.80112553 0.44824123
vt 0.80399704 0.43067074
vt 0.80686772 0.43067074
vt 0.80972672 0.43067074
vt 0.81257892 0.43067074
vt 0.81543875 0.43067074
vt 0.8183102 0.43067074
vt 0.82118088 0.43067074
vt 0.79541385 0.43067074
vt 0.82404029 0.43067074
vt 0.79826605 0.43067074
vt 0.80112565 0.43067074
vt 0.80399692 0.43946946
vt 0.80686772 0.43946946
vt 0.80972672 0.43946946
vt 0.81257892 0.43946946
vt 0.81543875 0.43946946
vt 0.8183102 0.43946946
vt 0.82118088 0.43946946
vt 0.79541385 0.43946946
vt 0.82404029 0.43946946
vt 0.79826605 0.43946946
vt 0.80112553 0.43946946
vt 0.80686772 0.45696819
vt 0.80972672 0.45696819
vt 0.81257892 0.45696819
vt 0.81543875 0.45696813
vt 0.8183102 0.45696813
vt 0.82118088 0.45696819
vt 0.79541385 0.45696819
vt 0.82404029 0.45696819
vt 0.79826605 0.45696819
vt 0.80112565 0.45696819
vt 0.80399692 0.45696819
vt 0.80399692 0.38237435
vt 0.80686772 0.38237435
vt 0.80972672 0.38237435
vt 0.81257892 0.38237435
vt 0.81543875 0.38237435
vt 0.8183102 0.38237435
vt 0.82118088 0.38237435
vt 0.79541385 0.38237435
vt 0.82404029 0.38237435
vt 0.79826605 0.38237435
vt 0.80112553 0.38237435
vt 0.80399692 0.40826732
vt 0.80399692 0.39481622
vt 0.80399692 0.38855374
vt 0.80686772 0.38855374
vt 0.80686772 0.39481622
vt 0.80686772 0.40826732
vt 0.80972672 0.38855374
vt 0.80972672 0.39481622
vt 0.80972672 0.40826732
vt 0.81257892 0.38855374
vt 0.81257892 0.39481622
vt 0.81257892 0.40826732
vt 0.81543875 0.38855374
vt 0.81543875 0.39481622
vt 0.81543875 0.40826732
vt 0.8183102 0.38855374
vt 0.8183102 0.39481622
vt 0.8183102 0.40826732
vt 0.82118088 0.38855374
vt 0.821181 0.39481622
vt 0.82118088 0.40826732
vt 0.79541385 0.38855362
vt 0.82404029 0.38855362
vt 0.79541385 0.39481622
vt 0.82404029 0.39481622
vt 0.79541385 0.40826732
vt 0.82404029 0.40826732
vt 0.79826605 0.38855374
vt 0.79826605 0.39481622
vt 0.79826605 0.40826732
vt 0.80112553 0.38855374
vt 0.80112553 0.39481622
vt 0.80112553 0.40826732
vt 0.80399692 0.38652194
vt 0.80399692 0.38445646
vt 0.80686772 0.38445646
vt 0.80686772 0.38652194
vt 0.80972672 0.38445646
vt 0.8097266 0.38652194
vt 0.81257892 0.38445646
vt 0.81257892 0.38652194
vt 0.81543875 0.38445646
vt 0.81543875 0.38652194
vt 0.8183102 0.38445646
vt 0.8183102 0.38652194
vt 0.821181 0.38445646
vt 0.82118088 0.38652194
vt 0.79541385 0.38445646
vt 0.82404029 0.38445646
vt 0.79541385 0.38652182
vt 0.82404029 0.38652182
vt 0.79826605 0.38445646
vt 0.79826605 0.38652194
vt 0.80112553 0.38445646
vt 0.80112553 0.38652194
vt 0.80399692 0.39057004
vt 0.80686772 0.39057004
vt 0.80972672 0.39057004
vt 0.81257892 0.39057004
vt 0.81543875 0.39057004
vt 0.8183102 0.39057004
vt 0.82118088 0.39057004
vt 0.79541385 0.39057004
vt 0.82404029 0.39057004
vt 0.79826605 0.39057004
vt 0.80112553 0.39057004
vt 0.80399704 0.39922905
vt 0.80686772 0.39922905
vt 0.80972672 0.39922905
vt 0.81257892 0.39922905
vt 0.81543875 0.39922905
vt 0.8183102 0.39922905
vt 0.82118088 0.39922905
vt 0.79541385 0.39922905
vt 0.82404029 0.39922905
vt 0.79826605 0.39922905
vt 0.80112565 0.39922905
vt 0.80399692 0.40371639
vt 0.80686772 0.40371639
vt 0.80972672 0.40371639
vt 0.81257892 0.40371639
vt 0.81543875 0.40371639
vt 0.8183102 0.40371639
vt 0.82118088 0.40371639
vt 0.79541385 0.4037165
vt 0.82404029 0.4037165
vt 0.79826605 0.40371639
vt 0.80112553 0.40371639
vt 0.80399692 0.41283619
vt 0.80686772 0.41283619
vt 0.80972672 0.41283619
vt 0.81257892 0.41283619
vt 0.81543875 0.41283619
vt 0.8183102 0.41283619
vt 0.82118088 0.41283619
vt 0.79541385 0.41283619
vt 0.82404029 0.41283619
vt 0.79826605 0.41283619
vt 0.80112565 0.41283619
vt 0.80686772 0.41737932
vt 0.80972672 0.41737932
vt 0.81257892 0.41737932
vt 0.81543875 0.41737908
vt 0.8183102 0.41737932
vt 0.82118088 0.41737932
vt 0.79541385 0.41737932
vt 0.82404029 0.41737932
vt 0.79826605 0.41737932
vt 0.80112553 0.41737932
vt 0.80399692 0.41737932
vt 0.80112553 0.36371619
vt 0.80399692 0.3565979
vt 0.80686772 0.35659802
vt 0.79826605 0.36371619
vt 0.8097266 0.35659802
vt 0.79541385 0.36371619
vt 0.82404029 0.36371619
vt 0.81257892 0.3565979
vt 0.82118088 0.36371619
vt 0.81543875 0.3565979
vt 0.8183102 0.36371619
vt 0.8183102 0.3565979
vt 0.81543875 0.36371619
vt 0.82118088 0.3565979
vt 0.81257892 0.36371619
vt 0.79541385 0.3565979
vt 0.82404029 0.3565979
vt 0.8097266 0.36371619
vt 0.79826605 0.3565979
vt 0.80686772 0.36371619
vt 0.80112553 0.3565979
vt 0.80399692 0.36371619
vt 0.80112553 0.3597883
vt 0.80399704 0.34903955
vt 0.80112553 0.34903955
vt 0.79826605 0.3597883
vt 0.79826605 0.34903955
vt 0.79541385 0.3597883
vt 0.82404029 0.3597883
vt 0.79541385 0.34903944
vt 0.82404029 0.34903944
vt 0.82118088 0.3597883
vt 0.82118088 0.34903955
vt 0.8183102 0.3597883
vt 0.8183102 0.34903955
vt 0.81543875 0.35978842
vt 0.81543875 0.34903944
vt 0.81257892 0.3597883
vt 0.81257892 0.34903955
vt 0.80972672 0.3597883
vt 0.80972672 0.34903955
vt 0.80686772 0.3597883
vt 0.80686772 0.34903944
vt 0.80399692 0.3597883
vt 0.80112565 0.37038171
vt 0.79826605 0.37038171
vt 0.79541385 0.37038165
vt 0.82404029 0.37038165
vt 0.82118088 0.37038171
vt 0.8183102 0.37038171
vt 0.81543875 0.37038171
vt 0.81257892 0.37038171
vt 0.80972672 0.37038171
vt 0.80686772 0.37038171
vt 0.80399692 0.37038171
vt 0.80399704 0.36692262
vt 0.80686772 0.36692262
vt 0.80972672 0.36692262
vt 0.81257892 0.36692262
vt 0.81543875 0.36692262
vt 0.8183102 0.36692262
vt 0.82118088 0.36692262
vt 0.79541385 0.36692274
vt 0.82404029 0.36692274
vt 0.79826605 0.36692274
vt 0.80112553 0.36692262
vt 0.80399692 0.37392056
vt 0.80686772 0.37392056
vt 0.80972672 0.3739208
vt 0.81257892 0.37392056
vt 0.81543875 0.37392056
vt 0.8183102 0.3739208
vt 0.82118088 0.37392056
vt 0.79541385 0.3739208
vt 0.82404029 0.3739208
vt 0.79826605 0.37392056
vt 0.80112553 0.37392056
vt 0.80686772 0.37827861
vt 0.8097266 0.37827861
vt 0.81257892 0.37827861
vt 0.81543875 0.37827861
vt 0.8183102 0.37827861
vt 0.821181 0.37827861
vt 0.79541385 0.37827861
vt 0.82404029 0.37827861
vt 0.79826605 0.37827861
vt 0.80112553 0.37827861
vt 0.80399692 0.37827861
vt 0.7480185 0.32587624
vt 0.7480185 0.32426369
vt 0.74648154 0.32717067
vt 0.8039968 0.3263284
vt 0.7480185 0.32767928
vt 0.80686772 0.3263284
vt 0.74955547 0.32719111
vt 0.80972672 0.3263284
vt 0.75050521 0.32589281
vt 0.81257904 0.3263284
vt 0.75050521 0.32428032
vt 0.81543875 0.3263284
vt 0.74955547 0.32296932
vt 0.8183102 0.3263284
vt 0.7480185 0.32246089
vt 0.82118088 0.3263284
vt 0.74648154 0.32294881
vt 0.79541385 0.3263284
vt 0.82404029 0.3263284
vt 0.7455318 0.32424724
vt 0.79826605 0.3263284
vt 0.7455318 0.3258599
vt 0.80112565 0.3263284
vt 0.80399704 0.33293778
vt 0.80686772 0.33293778
vt 0.80972672 0.33293778
vt 0.81257892 0.33293778
vt 0.81543875 0.33293778
vt 0.8183102 0.33293778
vt 0.82118088 0.33293778
vt 0.79541385 0.33293778
vt 0.82404029 0.33293778
vt 0.79826605 0.33293778
vt 0.80112553 0.33293778
vt 0.80686772 0.33946955
vt 0.80972672 0.33946955
vt 0.81257892 0.33946955
vt 0.81543875 0.33946955
vt 0.8183102 0.33946955
vt 0.82118088 0.33946955
vt 0.79541385 0.33946955
vt 0.82404029 0.33946955
vt 0.79826605 0.33946955
vt 0.80112553 0.33946955
vt 0.8039968 0.33946955
vt 0.80399692 0.35335487
vt 0.80686772 0.35335493
vt 0.80972672 0.35335487
vt 0.81257892 0.35335487
vt 0.81543875 0.35335487
vt 0.8183102 0.35335487
vt 0.821181 0.35335487
vt 0.79541385 0.35335487
vt 0.82404029 0.35335487
vt 0.79826605 0.35335487
vt 0.80112553 0.35335487
vt 0.80399704 0.61298835
vt 0.80686772 0.61298835
vt 0.80972672 0.61298835
vt 0.81257892 0.61298835
vt 0.81543875 0.61298835
vt 0.8183102 0.61298835
vt 0.821181 0.61298835
vt 0.79541385 0.61298835
vt 0.82404029 0.61298835
vt 0.79826605 0.61298835
vt 0.80112565 0.61298835
vt 0.80399692 0.64517653
vt 0.80686772 0.64517653
vt 0.80972672 0.64517653
vt 0.81257892 0.64517653
vt 0.81543875 0.64517653
vt 0.8183102 0.64517653
vt 0.82118088 0.64517653
vt 0.79541385 0.64517653
vt 0.82404029 0.64517653
vt 0.79826605 0.64517653
vt 0.80112553 0.64517653
vt 0.80399692 0.46907061
vt 0.80686772 0.46907061
vt 0.80972672 0.46907061
vt 0.81257892 0.46907061
vt 0.81543875 0.46907061
vt 0.8183102 0.46907061
vt 0.82118088 0.46907061
vt 0.79541385 0.46907037
vt 0.82404029 0.46907037
vt 0.79826605 0.46907061
vt 0.80112553 0.46907061
vt 0.80686772 0.47368914
vt 0.80972672 0.47368914
vt 0.81257892 0.47368914
vt 0.81543875 0.47368914
vt 0.8183102 0.47368914
vt 0.82118088 0.47368914
vt 0.79541385 0.47368914
vt 0.82404029 0.47368914
vt 0.79826605 0.47368914
vt 0.80112553 0.47368926
vt 0.80399692 0.47368914
vt 0.80686772 0.4806059
vt 0.80972672 0.4806059
vt 0.81257892 0.4806059
vt 0.81543875 0.4806059
vt 0.8183102 0.4806059
vt 0.82118088 0.4806059
vt 0.79541385 0.48060578
vt 0.82404029 0.48060578
vt 0.79826605 0.4806059
vt 0.80112553 0.4806059
vt 0.80399692 0.4806059
vt 0.83762097 0.36612004
vt 0.84049177 0.36612004
vt 0.84335095 0.36612004
vt 0.84620315 0.36612004
vt 0.8490628 0.36612004
vt 0.85193431 0.36612004
vt 0.85480481 0.36612004
vt 0.8290379 0.36612004
vt 0.85766429 0.36612004
vt 0.83189017 0.36612004
vt 0.83474976 0.36612004
vt 0.46185544 0.35515618
vt 0.83762085 0.32632363
vt 0.46280542 0.35384518
vt 0.84049177 0.32632363
vt 0.46280542 0.35223246
vt 0.84335083 0.32632363
vt 0.46185544 0.35093427
vt 0.84620303 0.32632363
vt 0.46031854 0.35044616
vt 0.8490628 0.32632363
vt 0.45878169 0.35095465
vt 0.85193431 0.32632363
vt 0.4578318 0.35226548
vt 0.85480481 0.32632363
vt 0.4578318 0.35387808
vt 0.82903779 0.32632363
vt 0.85766429 0.32632363
vt 0.45878169 0.35517645
vt 0.83189017 0.32632363
vt 0.46031854 0.35566449
vt 0.83474976 0.32632363
vt 0.83762097 0.35241312
vt 0.84049177 0.35241312
vt 0.84335095 0.35241312
vt 0.84620315 0.35241312
vt 0.8490628 0.35241312
vt 0.85193431 0.35241312
vt 0.85480481 0.35241312
vt 0.8290379 0.35241312
vt 0.85766429 0.35241312
vt 0.83189017 0.35241312
vt 0.83474976 0.35241312
vt 0.83762097 0.3616184
vt 0.84049177 0.3616184
vt 0.84335095 0.3616184
vt 0.84620315 0.36161828
vt 0.8490628 0.3616184
vt 0.85193431 0.3616184
vt 0.85480481 0.3616184
vt 0.82903779 0.3616184
vt 0.85766429 0.3616184
vt 0.83189017 0.3616184
vt 0.83474976 0.3616184
vt 0.83762097 0.35475606
vt 0.83762097 0.35709167
vt 0.84049177 0.35709167
vt 0.84049177 0.35475606
vt 0.84335095 0.35709167
vt 0.84335095 0.35475606
vt 0.84620315 0.35709167
vt 0.84620303 0.35475606
vt 0.8490628 0.35709167
vt 0.8490628 0.35475606
vt 0.85193431 0.35709167
vt 0.85193431 0.35475606
vt 0.85480481 0.35709167
vt 0.85480481 0.35475606
vt 0.8290379 0.35709167
vt 0.85766429 0.35709167
vt 0.82903779 0.35475606
vt 0.85766429 0.35475606
vt 0.83189017 0.35709167
vt 0.83189017 0.35475606
vt 0.83474976 0.35709167
vt 0.83474976 0.35475606
vt 0.83762097 0.34804475
vt 0.83762097 0.35020792
vt 0.84049177 0.35020792
vt 0.84049177 0.34804475
vt 0.84335095 0.35020792
vt 0.84335095 0.34804475
vt 0.84620315 0.35020792
vt 0.84620315 0.34804475
vt 0.8490628 0.35020792
vt 0.8490628 0.34804475
vt 0.85193431 0.35020792
vt 0.85193431 0.34804475
vt 0.85480481 0.35020792
vt 0.85480481 0.34804475
vt 0.82903779 0.35020792
vt 0.85766429 0.35020792
vt 0.8290379 0.34804475
vt 0.85766429 0.34804475
vt 0.83189017 0.35020792
vt 0.83189017 0.34804475
vt 0.83474976 0.35020792
vt 0.83474976 0.34804475
vt 0.83762097 0.40773124
vt 0.84049177 0.40773124
vt 0.84335095 0.40773124
vt 0.84620315 0.40773124
vt 0.8490628 0.40773124
vt 0.85193431 0.40773124
vt 0.85480481 0.40773124
vt 0.8290379 0.40773124
vt 0.85766429 0.40773124
vt 0.83189017 0.40773124
vt 0.83474976 0.40773124
vt 0.83762097 0.38018459
vt 0.83762097 0.3875187
vt 0.84049177 0.3875187
vt 0.84049177 0.38018459
vt 0.84335095 0.3875187
vt 0.84335095 0.38018459
vt 0.84620315 0.3875187
vt 0.84620303 0.38018447
vt 0.8490628 0.3875187
vt 0.8490628 0.38018459
vt 0.85193431 0.3875187
vt 0.85193431 0.38018459
vt 0.85480481 0.3875187
vt 0.85480481 0.38018459
vt 0.82903779 0.3875187
vt 0.85766429 0.3875187
vt 0.8290379 0.38018447
vt 0.85766429 0.38018447
vt 0.83189017 0.3875187
vt 0.83189017 0.38018447
vt 0.83474976 0.3875187
vt 0.83474976 0.38018459
vt 0.83762097 0.40374166
vt 0.83762097 0.40574509
vt 0.84049177 0.40574509
vt 0.84049177 0.40374166
vt 0.84335095 0.40574509
vt 0.84335095 0.40374166
vt 0.84620315 0.40574509
vt 0.84620315 0.40374166
vt 0.8490628 0.40574509
vt 0.8490628 0.40374166
vt 0.85193431 0.40574509
vt 0.85193431 0.40374166
vt 0.85480481 0.40574509
vt 0.85480481 0.40374166
vt 0.82903779 0.40574509
vt 0.85766429 0.40574509
vt 0.8290379 0.40374166
vt 0.85766429 0.40374166
vt 0.83189017 0.40574509
vt 0.83189017 0.40374166
vt 0.83474976 0.40574509
vt 0.83474976 0.40374166
vt 0.83762097 0.39731717
vt 0.83762097 0.39949995
vt 0.84049177 0.39949995
vt 0.84049177 0.39731717
vt 0.84335095 0.39949995
vt 0.84335095 0.39731717
vt 0.84620315 0.39949995
vt 0.84620315 0.39731717
vt 0.8490628 0.39949995
vt 0.8490628 0.39731717
vt 0.85193431 0.39949995
vt 0.85193431 0.39731717
vt 0.85480481 0.39949995
vt 0.85480481 0.39731717
vt 0.8290379 0.39949995
vt 0.85766429 0.39949995
vt 0.8290379 0.39731717
vt 0.85766429 0.39731717
vt 0.83189017 0.39949995
vt 0.83189017 0.39731717
vt 0.83474976 0.39949995
vt 0.83474976 0.39731717
vt 0.83762097 0.38991541
vt 0.83762097 0.39277714
vt 0.84049177 0.39277714
vt 0.84049177 0.38991541
vt 0.84335095 0.39277714
vt 0.84335095 0.38991541
vt 0.84620303 0.39277714
vt 0.84620303 0.38991541
vt 0.8490628 0.39277714
vt 0.8490628 0.38991541
vt 0.85193431 0.39277714
vt 0.85193431 0.38991541
vt 0.85480481 0.39277714
vt 0.85480481 0.38991541
vt 0.82903779 0.39277714
vt 0.85766429 0.39277714
vt 0.8290379 0.38991529
vt 0.85766429 0.38991529
vt 0.83189017 0.39277714
vt 0.83189017 0.38991541
vt 0.83474976 0.39277714
vt 0.83474976 0.38991541
vt 0.83762097 0.38263959
vt 0.83762097 0.38510525
vt 0.84049177 0.38510507
vt 0.84049177 0.38263959
vt 0.84335095 0.38510525
vt 0.84335095 0.38263959
vt 0.84620315 0.38510525
vt 0.84620315 0.38263959
vt 0.8490628 0.38510525
vt 0.8490628 0.38263959
vt 0.85193431 0.38510507
vt 0.85193431 0.38263959
vt 0.85480481 0.38510525
vt 0.85480481 0.38263959
vt 0.8290379 0.38510507
vt 0.85766429 0.38510507
vt 0.82903779 0.38263959
vt 0.85766429 0.38263959
vt 0.83189017 0.38510525
vt 0.83189017 0.38263971
vt 0.83474976 0.38510525
vt 0.83474976 0.38263959
vt 0.83762097 0.37374437
vt 0.83474976 0.37374437
vt 0.83189017 0.37374437
vt 0.82903779 0.37374437
vt 0.85766429 0.37374437
vt 0.85480481 0.37374437
vt 0.85193431 0.37374437
vt 0.8490628 0.37374437
vt 0.84620315 0.37374437
vt 0.84335095 0.37374437
vt 0.84049177 0.37374437
vt 0.84049177 0.37068075
vt 0.84335095 0.37068075
vt 0.84620303 0.37068075
vt 0.8490628 0.37068075
vt 0.85193431 0.37068075
vt 0.85480481 0.37068075
vt 0.82903779 0.37068075
vt 0.85766429 0.37068075
vt 0.83189017 0.37068075
vt 0.83474976 0.37068075
vt 0.83762097 0.37068075
vt 0.83762097 0.44797105
vt 0.84049177 0.44797105
vt 0.84335095 0.44797105
vt 0.84620315 0.44797105
vt 0.8490628 0.44797105
vt 0.85193431 0.44797105
vt 0.85480481 0.44797105
vt 0.8290379 0.44797105
vt 0.85766429 0.44797105
vt 0.83189017 0.44797105
vt 0.83474976 0.44797105
vt 0.83762097 0.42122585
vt 0.83762097 0.43475783
vt 0.84049177 0.43475783
vt 0.84049177 0.42122585
vt 0.84335095 0.43475783
vt 0.84335095 0.42122585
vt 0.84620315 0.43475783
vt 0.84620303 0.42122585
vt 0.8490628 0.43475783
vt 0.8490628 0.42122585
vt 0.85193431 0.43475783
vt 0.85193431 0.42122585
vt 0.85480481 0.43475783
vt 0.85480481 0.42122585
vt 0.8290379 0.43475783
vt 0.85766429 0.43475783
vt 0.8290379 0.42122585
vt 0.85766429 0.42122585
vt 0.83189017 0.43475783
vt 0.83189017 0.42122585
vt 0.83474976 0.43475783
vt 0.83474976 0.42122585
vt 0.83762097 0.43918413
vt 0.84049177 0.43918413
vt 0.84335095 0.43918413
vt 0.84620315 0.43918413
vt 0.8490628 0.43918413
vt 0.85193431 0.43918413
vt 0.85480481 0.43918413
vt 0.8290379 0.43918413
vt 0.85766429 0.43918413
vt 0.83189017 0.43918413
vt 0.83474976 0.43918413
vt 0.83762097 0.43029279
vt 0.84049177 0.43029279
vt 0.84335095 0.43029279
vt 0.84620315 0.43029279
vt 0.8490628 0.43029279
vt 0.85193431 0.43029279
vt 0.85480481 0.43029279
vt 0.8290379 0.43029279
vt 0.85766429 0.43029279
vt 0.83189017 0.43029279
vt 0.83474976 0.43029279
vt 0.83762097 0.4257828
vt 0.84049177 0.4257828
vt 0.84335095 0.42578292
vt 0.84620315 0.4257828
vt 0.8490628 0.4257828
vt 0.85193431 0.4257828
vt 0.85480481 0.4257828
vt 0.8290379 0.42578292
vt 0.85766429 0.42578292
vt 0.83189017 0.4257828
vt 0.83474976 0.4257828
vt 0.83762097 0.41664428
vt 0.84049177 0.41664416
vt 0.84335095 0.41664428
vt 0.84620303 0.41664428
vt 0.8490628 0.41664428
vt 0.85193431 0.41664428
vt 0.85480481 0.41664428
vt 0.82903779 0.41664428
vt 0.85766429 0.41664428
vt 0.83189017 0.41664428
vt 0.83474976 0.41664416
vt 0.84049177 0.41211659
vt 0.84335095 0.41211659
vt 0.84620315 0.41211659
vt 0.8490628 0.41211653
vt 0.85193431 0.41211659
vt 0.85480481 0.41211659
vt 0.8290379 0.41211641
vt 0.85766429 0.41211641
vt 0.83189017 0.41211659
vt 0.83474976 0.41211659
vt 0.83762097 0.41211659
vt 0.83762097 0.48799098
vt 0.84049177 0.48799098
vt 0.84335095 0.48799098
vt 0.84620315 0.48799098
vt 0.8490628 0.48799098
vt 0.85193431 0.48799098
vt 0.85480481 0.48799098
vt 0.8290379 0.48799098
vt 0.85766429 0.48799098
vt 0.83189017 0.48799098
vt 0.83474976 0.48799098
vt 0.83762097 0.45453417
vt 0.84049177 0.45453405
vt 0.84335095 0.45453417
vt 0.84620315 0.45453417
vt 0.8490628 0.45453417
vt 0.85193431 0.45453405
vt 0.85480481 0.45453417
vt 0.8290379 0.45453417
vt 0.85766429 0.45453417
vt 0.83189017 0.45453417
vt 0.83474976 0.45453417
vt 0.83762097 0.47542328
vt 0.83474976 0.47542328
vt 0.83189017 0.47542328
vt 0.8290379 0.47542328
vt 0.85766429 0.47542328
vt 0.85480481 0.47542328
vt 0.85193431 0.47542328
vt 0.8490628 0.47542328
vt 0.84620315 0.47542328
vt 0.84335095 0.47542328
vt 0.84049177 0.47542328
vt 0.83762097 0.4788633
vt 0.84049177 0.4788633
vt 0.84335095 0.4788633
vt 0.84620315 0.4788633
vt 0.8490628 0.4788633
vt 0.85193431 0.4788633
vt 0.85480481 0.4788633
vt 0.82903779 0.4788633
vt 0.85766429 0.4788633
vt 0.83189017 0.4788633
vt 0.83474976 0.4788633
vt 0.83762097 0.47204691
vt 0.84049177 0.47204691
vt 0.84335095 0.47204691
vt 0.84620315 0.47204691
vt 0.8490628 0.47204691
vt 0.85193431 0.47204691
vt 0.85480481 0.47204691
vt 0.8290379 0.47204691
vt 0.85766429 0.47204691
vt 0.83189017 0.47204691
vt 0.83474976 0.47204691
vt 0.83762097 0.46326053
vt 0.84049177 0.46326053
vt 0.84335095 0.46326053
vt 0.84620315 0.46326053
vt 0.8490628 0.46326053
vt 0.85193431 0.46326053
vt 0.85480481 0.46326053
vt 0.82903779 0.46326053
vt 0.85766429 0.46326053
vt 0.83189017 0.46326053
vt 0.83474976 0.46326053
vt 0.83762097 0.52824402
vt 0.84049177 0.52824402
vt 0.84335095 0.52824402
vt 0.84620315 0.52824402
vt 0.8490628 0.52824402
vt 0.85193431 0.52824402
vt 0.85480481 0.52824402
vt 0.8290379 0.52824402
vt 0.85766429 0.52824402
vt 0.83189017 0.52824402
vt 0.83474976 0.52824402
vt 0.83762097 0.50121129
vt 0.84049177 0.50121129
vt 0.84335095 0.50121129
vt 0.84620315 0.50121129
vt 0.8490628 0.50121129
vt 0.85193431 0.50121129
vt 0.85480481 0.50121129
vt 0.82903779 0.50121129
vt 0.85766429 0.50121129
vt 0.83189017 0.50121129
vt 0.83474976 0.50121129
vt 0.83762097 0.51236463
vt 0.84049177 0.51236451
vt 0.84335095 0.51236463
vt 0.84620315 0.51236463
vt 0.8490628 0.51236463
vt 0.85193431 0.51236463
vt 0.85480481 0.51236463
vt 0.8290379 0.51236463
vt 0.85766429 0.51236463
vt 0.83189017 0.51236463
vt 0.83474976 0.51236463
vt 0.83762097 0.48233217
vt 0.83474976 0.48233217
vt 0.83189017 0.48233217
vt 0.8290379 0.48233217
vt 0.85766429 0.48233217
vt 0.85480481 0.48233217
vt 0.85193431 0.48233217
vt 0.8490628 0.48233217
vt 0.84620315 0.48233217
vt 0.84335095 0.48233217
vt 0.84049177 0.48233217
vt 0.84049177 0.49242717
vt 0.84335095 0.49242717
vt 0.84620315 0.49242717
vt 0.8490628 0.49242717
vt 0.85193431 0.49242717
vt 0.85480481 0.49242717
vt 0.8290379 0.49242717
vt 0.85766429 0.49242717
vt 0.83189017 0.49242717
vt 0.83474976 0.49242717
vt 0.83762097 0.49242717
vt 0.83762097 0.56771487
vt 0.84049177 0.56771487
vt 0.84335095 0.56771487
vt 0.84620315 0.56771487
vt 0.8490628 0.56771487
vt 0.85193431 0.56771487
vt 0.85480481 0.56771487
vt 0.8290379 0.56771475
vt 0.85766429 0.56771475
vt 0.83189017 0.56771487
vt 0.83474976 0.56771487
vt 0.83762097 0.54132026
vt 0.84049177 0.54132026
vt 0.84335095 0.54132026
vt 0.84620315 0.54132026
vt 0.8490628 0.54132026
vt 0.85193431 0.54132026
vt 0.85480481 0.54132026
vt 0.8290379 0.54132015
vt 0.85766429 0.54132015
vt 0.83189017 0.54132026
vt 0.83474976 0.54132026
vt 0.83762097 0.55889082
vt 0.84049177 0.55889082
vt 0.84335095 0.55889082
vt 0.84620315 0.55889082
vt 0.8490628 0.55889082
vt 0.85193431 0.55889082
vt 0.85480481 0.55889082
vt 0.8290379 0.55889082
vt 0.85766429 0.55889082
vt 0.83189017 0.55889082
vt 0.83474976 0.55889082
vt 0.83762097 0.55009192
vt 0.84049177 0.55009192
vt 0.84335095 0.55009192
vt 0.84620315 0.55009192
vt 0.8490628 0.55009192
vt 0.85193431 0.55009192
vt 0.85480481 0.55009192
vt 0.8290379 0.55009204
vt 0.85766429 0.55009204
vt 0.83189017 0.55009192
vt 0.83474976 0.55009192
vt 0.84049177 0.53259301
vt 0.84335095 0.53259301
vt 0.84620315 0.53259301
vt 0.8490628 0.53259301
vt 0.85193431 0.53259301
vt 0.85480481 0.53259301
vt 0.82903779 0.53259301
vt 0.85766429 0.53259301
vt 0.83189017 0.53259301
vt 0.83474976 0.53259301
vt 0.83762097 0.53259301
vt 0.83762097 0.60718673
vt 0.84049177 0.60718673
vt 0.84335095 0.60718673
vt 0.84620315 0.60718673
vt 0.8490628 0.60718673
vt 0.85193431 0.60718673
vt 0.85480481 0.60718673
vt 0.8290379 0.60718673
vt 0.85766429 0.60718673
vt 0.83189017 0.60718673
vt 0.83474976 0.60718673
vt 0.83762097 0.58129436
vt 0.83762097 0.59474516
vt 0.83762097 0.60100758
vt 0.84049177 0.60100758
vt 0.84049177 0.59474516
vt 0.84049177 0.58129436
vt 0.84335095 0.60100758
vt 0.84335095 0.59474516
vt 0.84335095 0.58129436
vt 0.84620315 0.60100758
vt 0.84620315 0.59474516
vt 0.84620303 0.58129436
vt 0.8490628 0.60100758
vt 0.8490628 0.59474516
vt 0.8490628 0.58129436
vt 0.85193431 0.60100758
vt 0.85193431 0.59474516
vt 0.85193431 0.58129436
vt 0.85480481 0.60100758
vt 0.85480481 0.59474516
vt 0.85480481 0.58129436
vt 0.8290379 0.60100758
vt 0.85766429 0.60100758
vt 0.8290379 0.59474516
vt 0.85766429 0.59474516
vt 0.82903779 0.58129436
vt 0.85766429 0.58129436
vt 0.83189017 0.60100758
vt 0.83189017 0.59474516
vt 0.83189017 0.58129436
vt 0.83474976 0.60100758
vt 0.83474976 0.59474516
vt 0.83474976 0.58129436
vt 0.83762097 0.60303938
vt 0.83762097 0.60510463
vt 0.84049177 0.60510463
vt 0.84049177 0.60303938
vt 0.84335095 0.60510463
vt 0.84335095 0.60303938
vt 0.84620315 0.60510463
vt 0.84620315 0.60303938
vt 0.8490628 0.60510463
vt 0.8490628 0.60303938
vt 0.85193431 0.60510463
vt 0.85193431 0.60303938
vt 0.85480481 0.60510463
vt 0.85480481 0.60303938
vt 0.8290379 0.60510463
vt 0.85766429 0.60510463
vt 0.8290379 0.60303938
vt 0.85766429 0.60303938
vt 0.83189017 0.60510463
vt 0.83189017 0.60303938
vt 0.83474976 0.60510463
vt 0.83474976 0.60303938
vt 0.83762097 0.59899133
vt 0.84049177 0.5989911
vt 0.84335095 0.59899133
vt 0.84620315 0.59899133
vt 0.8490628 0.59899133
vt 0.85193431 0.59899133
vt 0.85480481 0.59899133
vt 0.82903779 0.5989911
vt 0.85766429 0.5989911
vt 0.83189017 0.59899133
vt 0.83474976 0.59899133
vt 0.83762097 0.59033251
vt 0.84049177 0.59033239
vt 0.84335095 0.59033239
vt 0.84620315 0.59033239
vt 0.8490628 0.59033239
vt 0.85193431 0.59033239
vt 0.85480481 0.59033239
vt 0.8290379 0.59033239
vt 0.85766429 0.59033239
vt 0.83189017 0.59033239
vt 0.83474976 0.59033239
vt 0.83762097 0.58584511
vt 0.84049177 0.58584511
vt 0.84335095 0.58584511
vt 0.84620315 0.58584511
vt 0.8490628 0.58584511
vt 0.85193431 0.58584511
vt 0.85480481 0.58584511
vt 0.8290379 0.58584511
vt 0.85766429 0.58584511
vt 0.83189017 0.58584511
vt 0.83474976 0.58584511
vt 0.83762097 0.57672518
vt 0.84049177 0.57672518
vt 0.84335095 0.57672518
vt 0.84620315 0.57672518
vt 0.8490628 0.57672518
vt 0.85193431 0.57672518
vt 0.85480481 0.57672518
vt 0.82903779 0.57672518
vt 0.85766429 0.57672518
vt 0.83189017 0.57672518
vt 0.83474976 0.57672518
vt 0.84049177 0.57218236
vt 0.84335095 0.57218236
vt 0.84620315 0.57218236
vt 0.8490628 0.57218236
vt 0.85193431 0.57218236
vt 0.85480481 0.57218236
vt 0.82903779 0.57218236
vt 0.85766429 0.57218248
vt 0.83189017 0.57218236
vt 0.83474976 0.57218236
vt 0.83762097 0.57218236
vt 0.83474976 0.62584442
vt 0.83762097 0.63296241
vt 0.84049177 0.63296241
vt 0.83189017 0.62584442
vt 0.84335095 0.63296241
vt 0.8290379 0.62584442
vt 0.85766429 0.62584442
vt 0.84620315 0.63296241
vt 0.85480481 0.62584442
vt 0.8490628 0.63296241
vt 0.85193431 0.62584442
vt 0.85193431 0.63296241
vt 0.8490628 0.62584442
vt 0.85480481 0.63296241
vt 0.84620315 0.62584442
vt 0.82903779 0.63296241
vt 0.85766429 0.63296241
vt 0.84335095 0.62584442
vt 0.83189017 0.63296241
vt 0.84049177 0.62584442
vt 0.83474976 0.63296241
vt 0.83762097 0.62584442
vt 0.83474976 0.62977219
vt 0.83762097 0.64052069
vt 0.83474976 0.64052069
vt 0.83189017 0.62977219
vt 0.83189017 0.64052069
vt 0.82903779 0.62977219
vt 0.85766429 0.62977219
vt 0.8290379 0.64052069
vt 0.85766429 0.64052069
vt 0.85480481 0.62977219
vt 0.85480481 0.64052069
vt 0.85193431 0.62977219
vt 0.85193431 0.64052069
vt 0.8490628 0.62977219
vt 0.8490628 0.64052069
vt 0.84620315 0.62977219
vt 0.84620315 0.64052069
vt 0.84335095 0.62977219
vt 0.84335095 0.64052069
vt 0.84049177 0.62977219
vt 0.84049177 0.64052069
vt 0.83762097 0.62977219
vt 0.83474976 0.61917883
vt 0.83189017 0.61917883
vt 0.8290379 0.61917883
vt 0.85766429 0.61917883
vt 0.85480481 0.61917883
vt 0.85193431 0.61917883
vt 0.8490628 0.61917883
vt 0.84620315 0.61917883
vt 0.84335095 0.61917883
vt 0.84049177 0.61917883
vt 0.83762097 0.61917883
vt 0.83762097 0.62263787
vt 0.84049177 0.62263787
vt 0.84335095 0.62263787
vt 0.84620315 0.62263787
vt 0.8490628 0.62263787
vt 0.85193431 0.62263787
vt 0.85480481 0.62263787
vt 0.8290379 0.62263799
vt 0.85766429 0.62263799
vt 0.83189017 0.62263799
vt 0.83474976 0.62263787
vt 0.83762097 0.61563993
vt 0.84049177 0.61563993
vt 0.84335095 0.61563993
vt 0.84620315 0.61563993
vt 0.8490628 0.61563993
vt 0.85193431 0.61563993
vt 0.85480481 0.61563993
vt 0.82903779 0.61564004
vt 0.85766429 0.61564004
vt 0.83189017 0.61563993
vt 0.83474976 0.61563993
vt 0.84049177 0.61128223
vt 0.84335095 0.61128223
vt 0.84620315 0.61128223
vt 0.8490628 0.61128223
vt 0.85193431 0.61128223
vt 0.85480481 0.61128223
vt 0.8290379 0.61128223
vt 0.85766429 0.61128223
vt 0.83189017 0.61128223
vt 0.83474976 0.61128223
vt 0.83762097 0.61128223
vt 0.39126498 0.35240376
vt 0.39221108 0.35370946
vt 0.38926089 0.35225737
vt 0.83762097 0.66323131
vt 0.39020705 0.3509438
vt 0.84049177 0.66323131
vt 0.39173812 0.35043728
vt 0.84335083 0.66323131
vt 0.39326915 0.35093123
vt 0.84620303 0.66323131
vt 0.39421532 0.35223699
vt 0.84906292 0.66323131
vt 0.39421532 0.35385597
vt 0.85193431 0.66323131
vt 0.39326915 0.35516953
vt 0.85480481 0.66323131
vt 0.39173812 0.355676
vt 0.82903779 0.66323131
vt 0.85766429 0.66323131
vt 0.39020705 0.35518199
vt 0.83189017 0.66323131
vt 0.38926101 0.35387611
vt 0.83474976 0.66323131
vt 0.83762097 0.65662223
vt 0.84049177 0.65662223
vt 0.84335095 0.65662223
vt 0.84620315 0.65662223
vt 0.8490628 0.65662223
vt 0.85193431 0.65662223
vt 0.85480481 0.65662223
vt 0.82903779 0.65662223
vt 0.85766429 0.65662223
vt 0.83189017 0.65662223
vt 0.83474976 0.65662223
vt 0.84049177 0.65009058
vt 0.84335095 0.65009058
vt 0.84620315 0.65009058
vt 0.8490628 0.65009058
vt 0.85193431 0.65009058
vt 0.85480481 0.65009058
vt 0.82903779 0.65009058
vt 0.85766429 0.65009058
vt 0.83189017 0.65009058
vt 0.83474976 0.65009058
vt 0.83762097 0.65009058
vt 0.83762097 0.63620543
vt 0.84049177 0.63620543
vt 0.84335095 0.63620543
vt 0.84620315 0.63620543
vt 0.8490628 0.63620543
vt 0.85193431 0.63620543
vt 0.85480481 0.63620543
vt 0.8290379 0.63620543
vt 0.85766429 0.63620543
vt 0.83189017 0.63620543
vt 0.83474976 0.63620543
vt 0.83762097 0.37657183
vt 0.84049177 0.37657183
vt 0.84335095 0.37657183
vt 0.84620315 0.37657183
vt 0.8490628 0.37657183
vt 0.85193431 0.37657183
vt 0.85480481 0.37657183
vt 0.8290379 0.37657183
vt 0.85766429 0.37657183
vt 0.83189017 0.37657183
vt 0.83474976 0.37657183
vt 0.83762097 0.34438258
vt 0.84049177 0.34438246
vt 0.84335095 0.34438258
vt 0.84620315 0.34438258
vt 0.8490628 0.34438258
vt 0.85193431 0.34438258
vt 0.85480481 0.34438258
vt 0.82903779 0.34438258
vt 0.85766429 0.34438258
vt 0.83189017 0.34438258
vt 0.83474976 0.34438246
vt 0.83762097 0.52049077
vt 0.84049177 0.52049077
vt 0.84335095 0.52049077
vt 0.84620315 0.52049077
vt 0.8490628 0.52049077
vt 0.85193431 0.52049077
vt 0.85480481 0.52049077
vt 0.8290379 0.52049077
vt 0.85766429 0.52049077
vt 0.83189017 0.52049077
vt 0.83474976 0.52049077
vt 0.84049177 0.51587236
vt 0.84335095 0.51587248
vt 0.84620315 0.51587248
vt 0.8490628 0.51587248
vt 0.85193431 0.51587248
vt 0.85480481 0.51587248
vt 0.82903779 0.51587236
vt 0.85766429 0.51587224
vt 0.83189017 0.51587248
vt 0.83474976 0.51587248
vt 0.83762097 0.51587248
vt 0.84049177 0.5089553
vt 0.84335095 0.5089553
vt 0.84620315 0.5089553
vt 0.8490628 0.5089553
vt 0.85193431 0.5089553
vt 0.85480481 0.5089553
vt 0.8290379 0.50895542
vt 0.85766429 0.50895542
vt 0.83189017 0.5089553
vt 0.83474976 0.5089553
vt 0.83762097 0.5089553
vt 0.42498568 0.35279775
vt 0.42652249 0.35330623
vt 0.45955011 0.35330957
vt 0.46108702 0.35280114
vt 0.61279839 0.80964071
vt 0.72810692 0.810772
vt 0.61197573 0.81134373
vt 0.72735959 0.80901796
vt 0.72805476 0.80728412
vt 0.61259395 0.81311667
vt 0.63651693 0.78830343
vt 0.76664573 0.84918034
vt 0.76253623 0.84508258
vt 0.75300258 0.83557779
vt 0.75780785 0.84036833
vt 0.74806106 0.83065295
vt 0.73769057 0.82031971
vt 0.74295533 0.8255654
vt 0.73230141 0.8149507
vt 0.76257676 0.77235663
vt 0.75789547 0.7770949
vt 0.75313598 0.78191161
vt 0.74317765 0.791987
vt 0.73260832 0.80267811
vt 0.73795539 0.79726952
vt 0.74823964 0.78686571
vt 0.63651693 0.83974361
vt 0.76664573 0.76823807
vt 0.50398695 0.95828539
vt 0.89854956 0.30311924
vt 0.73595536 0.91994214
vt 0.89854956 0.28634441
vt 0.43983093 0.98109317
vt 0.74552506 0.28122115
vt 0.57072735 0.94395161
vt 0.74552506 0.26435483
vt 0.50398695 0.92004091
vt 0.96339148 0.063284934
vt 0.73595536 0.95733309
vt 0.96339148 0.046471238
vt 0.43983093 0.94399488
vt 0.963386 0.10735929
vt 0.57072735 0.98021472
vt 0.963386 0.090453207
vt 0.71872985 0.9385258
vt 0.71884263 0.94142127
vt 0.71818721 0.93999529
vt 0.48654753 0.93560535
vt 0.48638517 0.93849814
vt 0.48586804 0.93701601
vt 0.55405891 0.96091241
vt 0.55408692 0.96381032
vt 0.55347341 0.96236557
vt 0.42283151 0.96003771
vt 0.42275003 0.96293414
vt 0.42219201 0.96146679
vt 0.56978089 0.9430275
vt 0.74684781 0.26435512
vt 0.95823622 0.904585
vt 0.4388645 0.98199642
vt 0.74684781 0.28122145
vt 0.94418943 0.90409809
vt 0.73498273 0.91904593
vt 0.85095567 0.88258767
vt 0.89987224 0.28634459
vt 0.50299603 0.9591617
vt 0.83698475 0.88211751
vt 0.89987224 0.30311948
vt 0.50310284 0.91905689
vt 0.83695251 0.9279207
vt 0.96206874 0.063284695
vt 0.73505151 0.95829892
vt 0.85095567 0.92743289
vt 0.96206874 0.046470761
vt 0.43891999 0.94303596
vt 0.94415617 0.94860905
vt 0.96206337 0.10735893
vt 0.56979561 0.98115349
vt 0.95823622 0.9481324
vt 0.96206337 0.09045285
vt 0.71685117 0.94002354
vt 0.850236 0.9058156
vt 0.71752149 0.93807149
vt 0.85025686 0.90409565
vt 0.48515761 0.93889236
vt 0.83625454 0.9046061
vt 0.48453557 0.93691862
vt 0.83623368 0.90633047
vt 0.717659 0.94193399
vt 0.85026252 0.90754366
vt 0.48538244 0.93504423
vt 0.83625972 0.90804446
vt 0.55213678 0.96235526
vt 0.95753849 0.92651439
vt 0.55286348 0.96042329
vt 0.95756102 0.92479473
vt 0.4215329 0.96336234
vt 0.94348168 0.92529351
vt 0.42085692 0.96140635
vt 0.94345915 0.92701787
vt 0.55288881 0.96428835
vt 0.95756328 0.92824268
vt 0.42165139 0.95950925
vt 0.94348347 0.92873168
vt 0.48793635 0.37722409
vt 0.6115151 0.80867898
vt 0.45848134 0.37873125
vt 0.72676021 0.81164277
vt 0.48797777 0.37955087
vt 0.61037618 0.81122887
vt 0.45838192 0.38107979
vt 0.72575581 0.80900675
vt 0.48797777 0.38189065
vt 0.61120182 0.81391263
vt 0.4871693 0.35038924
vt 0.63544381 0.7871114
vt 0.76551348 0.85031623
vt 0.48233488 0.35052657
vt 0.7614041 0.84621829
vt 0.47166231 0.3536737
vt 0.75187039 0.83671361
vt 0.47684053 0.35140252
vt 0.75667566 0.84150404
vt 0.46706 0.35722613
vt 0.74692857 0.83178872
vt 0.46046641 0.36740685
vt 0.73655814 0.82145548
vt 0.46326473 0.36188173
vt 0.74182296 0.82670128
vt 0.45880556 0.37352455
vt 0.7311694 0.81608665
vt 0.48250607 0.41188681
vt 0.76143616 0.77122939
vt 0.47701958 0.41104513
vt 0.7567544 0.77596778
vt 0.47183993 0.4088062
vt 0.75199497 0.78078413
vt 0.4584778 0.38338166
vt 0.72670871 0.80641204
vt 0.4588933 0.38903522
vt 0.73146755 0.80155081
vt 0.46341279 0.40065038
vt 0.74203676 0.79085964
vt 0.46058747 0.39514256
vt 0.73681462 0.79614228
vt 0.46722725 0.40528226
vt 0.74709857 0.78573859
vt 0.48732951 0.41199386
vt 0.63532358 0.84081513
vt 0.76550508 0.76711082
vt 0.76365125 0.80629677
vt 0.73789388 0.8066659
vt 0.76282871 0.8045935
vt 0.73714638 0.80841982
vt 0.73784184 0.81015408
vt 0.76344717 0.80282044
vt 0.77643347 0.76825881
vt 0.78737044 0.82763445
vt 0.77232361 0.77235591
vt 0.76278937 0.78185999
vt 0.76759529 0.77706969
vt 0.75784802 0.78678453
vt 0.74747765 0.79711807
vt 0.75274229 0.79187226
vt 0.74208874 0.80248702
vt 0.77236474 0.84508085
vt 0.76768279 0.8403424
vt 0.76292324 0.83552623
vt 0.75296503 0.82545066
vt 0.74239552 0.81475961
vt 0.74774265 0.82016802
vt 0.7580269 0.83057177
vt 0.77643347 0.84919918
vt 0.78737044 0.77619481
vt 0.63558865 0.9139266
vt 0.74553376 0.13642746
vt 0.5980671 0.96340942
vt 0.74553376 0.15320194
vt 0.96206874 0.024482965
vt 0.9786315 0.93593383
vt 0.79163086 0.97824895
vt 0.96206874 0.041349471
vt 0.63558865 0.95217073
vt 0.90117174 0.092455029
vt 0.5980671 0.92601883
vt 0.90117174 0.10926878
vt 0.96338487 0.13442707
vt 0.9786315 0.97303212
vt 0.79163086 0.94198608
vt 0.96338487 0.15133274
vt 0.58084166 0.94482547
vt 0.58095437 0.94192994
vt 0.58029884 0.94335622
vt 0.61814946 0.93660676
vt 0.61798698 0.93371391
vt 0.61747003 0.9351958
vt 0.77496231 0.96128845
vt 0.77499032 0.95839095
vt 0.77437663 0.95983553
vt 0.96163201 0.95698905
vt 0.96155059 0.95409316
vt 0.96099234 0.95556015
vt 0.7906847 0.97917306
vt 0.96339148 0.041349173
vt 0.98450518 0.9281404
vt 0.96339148 0.024482846
vt 0.97045839 0.92862749
vt 0.97766519 0.93503052
vt 0.59709424 0.96430558
vt 0.6314382 0.907462
vt 0.74685645 0.15320194
vt 0.61746752 0.90793252
vt 0.63459796 0.91305053
vt 0.74685645 0.13642716
vt 0.6174351 0.86212879
vt 0.63470471 0.9531548
vt 0.89984894 0.092455208
vt 0.59716344 0.925053
vt 0.6314382 0.86261719
vt 0.89984894 0.10926914
vt 0.96206224 0.13442743
vt 0.97042495 0.88411653
vt 0.9777205 0.97399116
vt 0.79069924 0.94104707
vt 0.96206224 0.15133297
vt 0.98450518 0.88459295
vt 0.57896304 0.94332784
vt 0.63071859 0.88423437
vt 0.57963341 0.94527984
vt 0.63073957 0.8859539
vt 0.61673731 0.88544387
vt 0.61675948 0.93331957
vt 0.61613756 0.93529344
vt 0.61671627 0.88371933
vt 0.57977086 0.94141734
vt 0.63074505 0.88250607
vt 0.61674237 0.88200539
vt 0.61698443 0.93716788
vt 0.77304018 0.95984638
vt 0.98380721 0.90621114
vt 0.77376699 0.96177793
vt 0.98382968 0.90793097
vt 0.96033359 0.95366454
vt 0.96975046 0.9074319
vt 0.95965743 0.95562047
vt 0.96972787 0.90570766
vt 0.77379215 0.95791304
vt 0.98383206 0.90448278
vt 0.96045196 0.95751774
vt 0.96975225 0.90399361
vt 0.41879475 0.38513929
vt 0.7623682 0.80725813
vt 0.38933969 0.38363206
vt 0.73654729 0.80579495
vt 0.41883659 0.38281262
vt 0.76122934 0.80470818
vt 0.38924018 0.38128352
vt 0.73554265 0.80843103
vt 0.41883659 0.38047242
vt 0.76205492 0.8020246
vt 0.4180277 0.41197407
vt 0.77530146 0.76712286
vt 0.78629744 0.82882661
vt 0.41319332 0.4118368
vt 0.77119142 0.77121997
vt 0.40252084 0.40868962
vt 0.76165736 0.78072417
vt 0.40769887 0.41096103
vt 0.76646316 0.77593386
vt 0.39791849 0.40513718
vt 0.75671589 0.78564858
vt 0.39132485 0.39495671
vt 0.74634546 0.79598188
vt 0.39412308 0.4004817
vt 0.75161034 0.79073656
vt 0.38966379 0.38883889
vt 0.74095637 0.80135119
vt 0.41336435 0.3504765
vt 0.77122366 0.84620774
vt 0.4078778 0.3513183
vt 0.76654208 0.84146941
vt 0.40269822 0.35355729
vt 0.76178265 0.83665323
vt 0.38933605 0.37898201
vt 0.73649585 0.81102562
vt 0.38975173 0.37332779
vt 0.74125481 0.81588686
vt 0.39427125 0.36171287
vt 0.75182396 0.82657814
vt 0.39144588 0.36722064
vt 0.74660182 0.82129514
vt 0.3980855 0.35708112
vt 0.75688618 0.83169913
vt 0.41818795 0.35036933
vt 0.77529275 0.85032654
vt 0.78617716 0.7751233
vt 0.80719543 0.90223724
vt 0.74724168 0.8066746
vt 0.80637288 0.90053445
vt 0.74649423 0.80842853
vt 0.74718958 0.81016248
vt 0.80699122 0.89876139
vt 0.78578138 0.76826704
vt 0.83091426 0.92357635
vt 0.78167164 0.77236426
vt 0.7721374 0.78186828
vt 0.77694309 0.77707821
vt 0.76719612 0.78679305
vt 0.75682539 0.79712659
vt 0.76209027 0.79188079
vt 0.75143647 0.80249572
vt 0.78171235 0.84508944
vt 0.77703059 0.84035122
vt 0.77227116 0.83553457
vt 0.76231301 0.82545948
vt 0.75174332 0.81476837
vt 0.75709057 0.82017684
vt 0.76737499 0.83058029
vt 0.78578138 0.84920806
vt 0.83091426 0.87213671
vt 0.78031635 0.90593344
vt 0.96206647 0.11244267
vt 0.81584811 0.95940244
vt 0.96206647 0.12921715
vt 0.83906889 0.93593568
vt 0.89993137 0.26436144
vt 0.46701327 0.98422587
vt 0.89993137 0.28122771
vt 0.74685282 0.28634727
vt 0.78031635 0.94417763
vt 0.74685282 0.30316126
vt 0.81584811 0.92201149
vt 0.83906889 0.97303468
vt 0.89965564 0.11446279
vt 0.46701327 0.94796294
vt 0.89965564 0.13136852
vt 0.79862261 0.94081908
vt 0.7987355 0.93792367
vt 0.79807985 0.93934959
vt 0.76287746 0.92861378
vt 0.7627151 0.92572123
vt 0.76219785 0.92720342
vt 0.45034477 0.96726596
vt 0.45037255 0.96436816
vt 0.44975922 0.96581292
vt 0.82206917 0.95699114
vt 0.82198751 0.95409477
vt 0.82142937 0.95556223
vt 0.46606675 0.9851501
vt 0.57771873 0.93612754
vt 0.90125406 0.28122759
vt 0.56367195 0.93661475
vt 0.83810282 0.93503267
vt 0.90125406 0.26436126
vt 0.77476311 0.90146428
vt 0.81487525 0.96029854
vt 0.9633891 0.12921715
vt 0.76079226 0.9019345
vt 0.7793256 0.90505743
vt 0.9633891 0.11244226
vt 0.74553001 0.28634757
vt 0.76075983 0.85613078
vt 0.77943254 0.94516128
vt 0.74553001 0.30316174
vt 0.77476311 0.856619
vt 0.81494403 0.92104566
vt 0.56363845 0.89210391
vt 0.83815789 0.97399318
vt 0.89833313 0.11446315
vt 0.46608141 0.94702417
vt 0.57771873 0.89258033
vt 0.89833313 0.13136876
vt 0.77404368 0.87823629
vt 0.79674399 0.9393214
vt 0.77406454 0.87995601
vt 0.7974143 0.94127327
vt 0.76006222 0.87944585
vt 0.76148772 0.92532676
vt 0.76004124 0.87772107
vt 0.76086533 0.92730039
vt 0.77407014 0.87650806
vt 0.79755187 0.93741113
vt 0.76006746 0.8760075
vt 0.76171231 0.92917472
vt 0.44842264 0.96582341
vt 0.57702076 0.91419858
vt 0.44914934 0.9677549
vt 0.57704365 0.91591823
vt 0.5629642 0.91541928
vt 0.82077074 0.95366657
vt 0.56294155 0.91369516
vt 0.82009459 0.95562261
vt 0.44917455 0.96389008
vt 0.57704592 0.91247022
vt 0.56296599 0.91198081
vt 0.820889 0.95751959
vt 0.45336971 0.38513923
vt 0.80591202 0.90319914
vt 0.42391494 0.38363081
vt 0.74589491 0.80580389
vt 0.45341164 0.38281226
vt 0.80477315 0.90064943
vt 0.42381549 0.38128215
vt 0.74489027 0.80843973
vt 0.45341164 0.38047242
vt 0.80559891 0.89796567
vt 0.4526017 0.41197377
vt 0.78464919 0.76713097
vt 0.82984114 0.92476839
vt 0.44776744 0.4118365
vt 0.78053921 0.77122837
vt 0.43709481 0.40868884
vt 0.77100521 0.78073251
vt 0.44227299 0.4109602
vt 0.77581096 0.77594239
vt 0.43249285 0.40513635
vt 0.76606375 0.78565723
vt 0.4258996 0.39495528
vt 0.75569326 0.79599082
vt 0.42869765 0.40048063
vt 0.76095814 0.79074514
vt 0.42423889 0.3888374
vt 0.7503041 0.80135983
vt 0.44794104 0.35047615
vt 0.78057152 0.84621656
vt 0.44245446 0.35131794
vt 0.77588999 0.84147829
vt 0.43727475 0.35355639
vt 0.7711305 0.83666182
vt 0.42391136 0.3789804
vt 0.74584347 0.81103462
vt 0.42432722 0.37332678
vt 0.7506026 0.81589562
vt 0.42884704 0.3617118
vt 0.761172 0.82658666
vt 0.42602172 0.36721969
vt 0.75594985 0.82130402
vt 0.43266189 0.35707998
vt 0.76623422 0.8317076
vt 0.45276451 0.35036951
vt 0.78464049 0.8503353
vt 0.82972091 0.87106508
vt 0.48702559 0.88560069
vt 0.59817368 0.81877404
vt 0.48620322 0.88730395
vt 0.59742606 0.81702042
vt 0.59812152 0.8152864
vt 0.48682144 0.88907671
vt 0.51074475 0.86426401
vt 0.63671339 0.85718185
vt 0.63260382 0.85308439
vt 0.62306958 0.84358042
vt 0.62787509 0.84837061
vt 0.61812794 0.83865565
vt 0.60775745 0.82832205
vt 0.61302239 0.83356774
vt 0.6023683 0.82295305
vt 0.63264447 0.7803598
vt 0.62796289 0.78509796
vt 0.62320316 0.78991461
vt 0.61324489 0.79998958
vt 0.60267532 0.81068033
vt 0.60802263 0.80527186
vt 0.61830658 0.79486847
vt 0.51074475 0.91570431
vt 0.63671339 0.77624136
vt 0.54983389 0.95627272
vt 0.74553365 0.13121742
vt 0.74553353 0.11444253
vt 0.85648799 0.93194324
vt 0.22533637 0.97710228
vt 0.96268678 0.019360065
vt 0.76229811 0.93996811
vt 0.96268678 0.0024937391
vt 0.54983389 0.91802853
vt 0.96339101 0.085278273
vt 0.85648799 0.96933395
vt 0.96339101 0.068464279
vt 0.22533637 0.94000393
vt 0.96338481 0.17332053
vt 0.76229811 0.9762311
vt 0.96338481 0.15641439
vt 0.83926278 0.95052689
vt 0.8393755 0.95342249
vt 0.83871984 0.95199609
vt 0.53239465 0.93359327
vt 0.5322324 0.93648607
vt 0.53171515 0.93500388
vt 0.74562967 0.95692897
vt 0.74565792 0.95982659
vt 0.74504435 0.95838177
vt 0.20833671 0.95604724
vt 0.20825475 0.95894355
vt 0.20769686 0.9574759
vt 0.7613517 0.93904412
vt 0.911901 0.88659972
vt 0.9640094 0.0024939775
vt 0.22436988 0.97800541
vt 0.89785397 0.88611287
vt 0.9640094 0.019360244
vt 0.74685633 0.11444288
vt 0.855515 0.93104678
vt 0.9391095 0.90257049
vt 0.54884303 0.95714915
vt 0.74685633 0.13121766
vt 0.92513835 0.90209985
vt 0.54894972 0.9170447
vt 0.92510629 0.94790351
vt 0.96206856 0.085277915
vt 0.85558426 0.97029954
vt 0.9391095 0.94741547
vt 0.96206856 0.068463922
vt 0.2244252 0.93904501
vt 0.89782065 0.93062377
vt 0.9620623 0.17332011
vt 0.76136655 0.97716981
vt 0.911901 0.93014717
vt 0.9620623 0.15641403
vt 0.83738405 0.95202458
vt 0.93838972 0.92579818
vt 0.8380543 0.95007265
vt 0.93841076 0.92407846
vt 0.53100491 0.93688047
vt 0.92440838 0.92458904
vt 0.53038263 0.93490666
vt 0.9243874 0.92631292
vt 0.83819193 0.95393503
vt 0.93841648 0.92752659
vt 0.53122962 0.9330321
vt 0.9244135 0.92802715
vt 0.74370748 0.95837122
vt 0.91120303 0.90852904
vt 0.74443471 0.95643955
vt 0.91122556 0.90680933
vt 0.20703799 0.95937145
vt 0.89714634 0.90730804
vt 0.20636189 0.95741582
vt 0.89712363 0.90903258
vt 0.74445969 0.96030474
vt 0.91122794 0.91025746
vt 0.20715654 0.95551836
vt 0.89714819 0.91074657
vt 0.48574257 0.88463891
vt 0.52249783 0.37722391
vt 0.49304292 0.37873244
vt 0.59682703 0.81964493
vt 0.48460349 0.88718891
vt 0.52253962 0.37955117
vt 0.49294361 0.38108063
vt 0.59582239 0.81700897
vt 0.48542917 0.88987267
vt 0.52253962 0.38189065
vt 0.50967181 0.8630721
vt 0.52173012 0.35038924
vt 0.63558131 0.85831773
vt 0.51689577 0.35052657
vt 0.63147163 0.85422027
vt 0.50622314 0.35367405
vt 0.62193733 0.84471631
vt 0.51140124 0.35140282
vt 0.6267429 0.84950644
vt 0.50162101 0.35722673
vt 0.61699593 0.83979142
vt 0.49502775 0.36740744
vt 0.60662514 0.82945782
vt 0.4978258 0.36188233
vt 0.61189014 0.8347038
vt 0.49336705 0.3735255
vt 0.60123593 0.82408899
vt 0.51706898 0.41188693
vt 0.63150376 0.7792325
vt 0.51158243 0.41104531
vt 0.62682205 0.78397083
vt 0.50640285 0.40880644
vt 0.62206256 0.78878725
vt 0.4930394 0.38338244
vt 0.59677541 0.8144142
vt 0.49345541 0.38903618
vt 0.60153449 0.80955327
vt 0.49797499 0.40065104
vt 0.61210406 0.79886222
vt 0.49514967 0.39514345
vt 0.60688174 0.80414462
vt 0.50178993 0.4052828
vt 0.6171661 0.79374146
vt 0.50955141 0.91677588
vt 0.52189237 0.41199386
vt 0.63557279 0.77511412
vn -0.99779106 -2.097513e-06 0.066430357
vn 0.014592706 -0.006115191 0.99987482
vn 0.014592706 -0.006115191 0.99987482
vn 9.8198653e-06 -0.99999971 0.00076564914
vn 0.99805386 0 -0.062357747
vn -1.4491379e-06 -0.70551322 0.70869676
vn -1.4491379e-06 -0.70551322 0.70869676
vn 0.91553989 -1.1622906e-06 0.40222718
vn 0.91553989 -1.1622906e-06 0.40222718
vn -0.073601689 0.99727661 0.0047064943
vn -0.99727825 0.031003545 0.066894545
vn -0.90987224 0.4105359 0.059939854
vn -0.90987224 0.4105359 0.059939854
vn -0.077692472 0.99693963 0.0086747121
vn -0.21276004 0.11220911 0.97064014
vn -0.21276004 0.11220911 0.97064014
vn -0.99694459 0.033381687 0.070619735
vn -0.24892755 0.89750135 0.36404175
vn -0.24892755 0.89750135 0.36404175
vn -0.79826141 0.36322495 0.48046473
vn -0.79826141 0.36322495 0.48046473
vn -0.79826141 0.36322495 0.48046473
vn -0.79826141 0.36322495 0.48046473
vn -0.90420648 0.11320518 0.41181941
vn -0.90420648 0.11320518 0.41181941
vn -0.91059581 0.4064249 0.07506047
vn -0.91059581 0.4064249 0.07506047
vn -4.5308842e-06 -0.99999974 -0.00072707857
vn 0.99802938 -5.7050941e-06 -0.062748415
vn 2.1043233e-06 -0.012101041 -0.99992678
vn 1 -6.3183692e-06 -5.6104738e-05
vn 2.5017651e-07 -0.70710213 -0.70711143
vn 0.99803061 -2.7881402e-05 -0.0627288
vn -1.1885828e-06 0.012035384 -0.99992757
vn 0.99939283 0.034580712 -0.0042601229
vn 1.1289492e-05 0.99999966 -0.0008303681
vn -8.5122885e-07 0.64040436 -0.76803793
vn -8.5122885e-07 0.64040436 -0.76803793
vn 0.3864948 0.91929695 -0.074262227
vn 0.3864948 0.91929695 -0.074262227
vn -3.2383949e-05 0.99999667 0.0025804471
vn -0.00035294238 0.060269042 0.99818211
vn -0.0031553793 0.7867074 0.617318
vn -0.0031553793 0.7867074 0.617318
vn -0.1379852 -4.0524697e-05 0.99043429
vn -0.99757102 9.3472193e-06 0.069656776
vn -0.81073788 0.00024789167 0.58540928
vn -0.81073788 0.00024789167 0.58540928
vn 0.047032549 3.4783966e-05 -0.99889336
vn 0.99810264 0.00018469989 -0.061571857
vn 0.7118355 0.00032907724 -0.70234615
vn 0.7118355 0.00032907724 -0.70234615
vn -0.99872359 -6.2201177e-05 -0.050509241
vn -0.14373473 0.00013103149 -0.98961624
vn -0.86292591 0.00041755715 -0.50533028
vn -0.86292591 0.00041755715 -0.50533028
vn 0.92918074 0.2336883 -0.28637899
vn 0.014865291 0.99323438 -0.11517153
vn 0.45468191 0.76047135 -0.46362451
vn 0.45468191 0.76047135 -0.46362451
vn 0.89335566 0.042229556 -0.44736152
vn 0.020749747 0.033513846 -0.99922283
vn 0.47624942 0.055589437 -0.87755131
vn 0.47624942 0.055589437 -0.87755131
vn 0.82478101 0.14479137 -0.54660017
vn -0.001621932 0.48757696 -0.87307851
vn -0.001621932 0.48757696 -0.87307851
vn 0.4395111 0.32923977 -0.83572194
vn 0.4395111 0.32923977 -0.83572194
vn 0.4395111 0.32923977 -0.83572194
vn -0.96342835 0.029626814 -0.26632323
vn -0.16531734 0.054443474 -0.98473656
vn -0.71887186 0.097901853 -0.68821398
vn -0.71887186 0.097901853 -0.68821398
vn -0.12605483 0.98183417 -0.14181622
vn -0.99286153 0.082286382 -0.086341986
vn -0.75581326 0.55784064 -0.34287045
vn -0.75581326 0.55784064 -0.34287045
vn -0.94248056 0.085907285 -0.32303302
vn -0.25029793 0.47079395 -0.84599291
vn -0.25029793 0.47079395 -0.84599291
vn -0.64538698 0.29254397 -0.70561581
vn -0.64538698 0.29254397 -0.70561581
vn -0.64538698 0.29254397 -0.70561581
vn 0.99997179 -9.3824114e-07 -0.0075116533
vn 0.99918661 0.0039315742 -0.040133046
vn -0.085215508 0.2086873 0.97426276
vn -0.2332899 0.038194006 0.97165685
vn 0.99779106 -1.7972197e-06 0.06643035
vn -0.014591072 -0.0061151158 0.99987485
vn -0.014591072 -0.0061151158 0.99987485
vn -0.99805386 2.6077031e-08 -0.062357747
vn -9.8925084e-06 -0.99999971 0.00076564792
vn -0.91553447 -1.6093255e-06 0.40223952
vn -0.91553447 -1.6093255e-06 0.40223952
vn 1.4370306e-06 -0.70551322 0.70869676
vn 1.4370306e-06 -0.70551322 0.70869676
vn 0.073619309 0.99727547 0.0046731752
vn 0.99727791 0.031037293 0.066883962
vn 0.90977223 0.41076446 0.059892048
vn 0.90977223 0.41076446 0.059892048
vn 0.077693447 0.9969396 0.0086698681
vn 0.21276001 0.11220743 0.97064034
vn 0.21276001 0.11220743 0.97064034
vn 0.99694455 0.033382177 0.070620105
vn 0.24891509 0.89750153 0.36404984
vn 0.24891509 0.89750153 0.36404984
vn 0.79826013 0.36322404 0.48046755
vn 0.79826013 0.36322404 0.48046755
vn 0.79826013 0.36322404 0.48046755
vn 0.79826013 0.36322404 0.48046755
vn 0.90420596 0.1132066 0.41182016
vn 0.90420596 0.1132066 0.41182016
vn 0.91059443 0.40642969 0.075051186
vn 0.91059443 0.40642969 0.075051186
vn -0.99802938 -5.7050941e-06 -0.062748415
vn 8.1351025e-06 -0.99999974 -0.00072709172
vn -1 -6.3173938e-06 -5.6104269e-05
vn -1.3164682e-06 -0.012100994 -0.99992678
vn -0.99803061 -2.7881402e-05 -0.0627288
vn -2.6126507e-07 -0.70710219 -0.70711137
vn -0.99939291 0.034578245 -0.0042601903
vn 1.1846422e-06 0.012035386 -0.99992757
vn -1.1380761e-05 0.99999966 -0.00083022375
vn -0.38654772 0.91927444 -0.074265453
vn -0.38654772 0.91927444 -0.074265453
vn 8.121133e-07 0.64040436 -0.76803793
vn 8.121133e-07 0.64040436 -0.76803793
vn 4.3373553e-05 0.99999668 0.0025782807
vn 0.00035149608 0.060269205 0.9981821
vn 0.0031552392 0.78670794 0.61731731
vn 0.0031552392 0.78670794 0.61731731
vn 0.13798621 -3.8845464e-05 0.99043415
vn 0.99757097 4.4684859e-06 0.069657448
vn 0.81073837 0.00025014895 0.5854086
vn 0.81073837 0.00025014895 0.5854086
vn -0.047032635 3.1753208e-05 -0.99889335
vn -0.9981026 0.00016838311 -0.061572436
vn -0.71183539 0.00032736547 -0.70234627
vn -0.71183539 0.00032736547 -0.70234627
vn 0.9987236 -6.5193518e-05 -0.050509018
vn 0.143734 0.00014861672 -0.98961635
vn 0.86292651 0.00041710721 -0.50532926
vn 0.86292651 0.00041710721 -0.50532926
vn -0.92918133 0.23368676 -0.28637834
vn -0.014860876 0.99323398 -0.1151756
vn -0.45468291 0.76047049 -0.46362494
vn -0.45468291 0.76047049 -0.46362494
vn -0.89335585 0.042230721 -0.44736103
vn -0.02074778 0.033516473 -0.99922279
vn -0.47624899 0.055588001 -0.87755164
vn -0.47624899 0.055588001 -0.87755164
vn -0.82478135 0.14479403 -0.54659895
vn 0.0016436962 0.48758115 -0.87307612
vn 0.0016436962 0.48758115 -0.87307612
vn -0.43950671 0.32923434 -0.83572639
vn -0.43950671 0.32923434 -0.83572639
vn -0.43950671 0.32923434 -0.83572639
vn 0.96890659 0.019359171 -0.2466683
vn 0.15150231 0.047012414 -0.98733828
vn 0.69477637 0.072086172 -0.7156042
vn 0.69477637 0.072086172 -0.7156042
vn 0.10403259 0.98787854 -0.1152094
vn 0.9954717 0.072434108 -0.061558063
vn 0.76048289 0.59910213 -0.25048434
vn 0.76048289 0.59910213 -0.25048434
vn 0.96106701 0.061542469 -0.2693747
vn 0.20080419 0.47144017 -0.8587327
vn 0.20080419 0.47144017 -0.8587327
vn 0.6410019 0.2863974 -0.7121047
vn 0.6410019 0.2863974 -0.7121047
vn 0.6410019 0.2863974 -0.7121047
vn -0.99997179 7.3411505e-07 -0.0075116542
vn -0.99918662 0.0039298797 -0.04013296
vn 0.085223007 0.20868484 0.97426263
vn 0.23328836 0.038194673 0.9716572
vn -0.99779105 3.5645203e-06 0.066430624
vn 0.014606875 0.006114375 0.99987462
vn 0.014606875 0.006114375 0.99987462
vn 9.9446632e-06 0.99999972 0.00075060676
vn 0.99805376 -5.9604643e-08 -0.062359387
vn -1.0216609e-06 0.70558015 0.70863012
vn -1.0216609e-06 0.70558015 0.70863012
vn 0.91552256 4.74602e-06 0.40226664
vn 0.91552256 4.74602e-06 0.40226664
vn -0.073600437 -0.99727666 0.0047158521
vn -0.9972782 -0.031003808 0.066895134
vn -0.90987298 -0.41053571 0.059929835
vn -0.90987298 -0.41053571 0.059929835
vn -0.077693522 -0.99693961 0.008668229
vn -0.21275659 -0.11220764 0.97064107
vn -0.21275659 -0.11220764 0.97064107
vn -0.99694454 -0.033382207 0.070620186
vn -0.24891518 -0.89750208 0.36404843
vn -0.24891518 -0.89750208 0.36404843
vn -0.79826061 -0.36322444 0.48046644
vn -0.79826061 -0.36322444 0.48046644
vn -0.79826061 -0.36322444 0.48046644
vn -0.79826061 -0.36322444 0.48046644
vn -0.9042061 -0.11320623 0.41181996
vn -0.9042061 -0.11320623 0.41181996
vn -0.91059445 -0.40642973 0.07505077
vn -0.91059445 -0.40642973 0.07505077
vn -5.5655837e-06 0.99999975 -0.00070161547
vn 0.99802946 5.7054345e-06 -0.062747109
vn 1.3164669e-06 0.012096658 -0.99992683
vn 1 6.3176267e-06 -5.6408346e-05
vn 2.804445e-07 0.70707814 -0.70713542
vn 0.99803093 2.787782e-05 -0.062723735
vn -1.1920928e-06 -0.012028935 -0.99992765
vn 0.99939354 -0.034559913 -0.0042626858
vn 2.2631138e-06 -0.99999966 -0.00082538646
vn -1.6056001e-06 -0.64041758 -0.7680269
vn -1.6056001e-06 -0.64041758 -0.7680269
vn 0.38653039 -0.91928145 -0.074268964
vn 0.38653039 -0.91928145 -0.074268964
vn -4.2801721e-05 -0.99999667 0.0025792717
vn -0.00035330098 -0.060269324 0.99818209
vn -0.0031542072 -0.78670655 0.61731908
vn -0.0031542072 -0.78670655 0.61731908
vn -0.13798527 3.9584939e-05 0.99043428
vn -0.997571 -9.1353432e-06 0.069656999
vn -0.81073866 -0.000250682 0.5854082
vn -0.81073866 -0.000250682 0.5854082
vn 0.04703269 -2.877321e-05 -0.99889335
vn 0.99810263 -0.00018399953 -0.061571902
vn 0.71183565 -0.00033076388 -0.702346
vn 0.71183565 -0.00033076388 -0.702346
vn -0.99872364 6.5168363e-05 -0.05050834
vn -0.14373462 -0.00013086944 -0.98961626
vn -0.86292584 -0.00041751375 -0.50533041
vn -0.86292584 -0.00041751375 -0.50533041
vn 0.92918371 -0.233676 -0.28637939
vn 0.01437381 -0.99298918 -0.11732806
vn 0.45468501 -0.76046913 -0.46362511
vn 0.45468501 -0.76046913 -0.46362511
vn 0.89335598 -0.04223076 -0.44736076
vn 0.020274091 -0.034718065 -0.99919148
vn 0.47624969 -0.055588363 -0.87755123
vn 0.47624969 -0.055588363 -0.87755123
vn 0.82478236 -0.14479366 -0.54659753
vn -0.0015061806 -0.48856818 -0.87252442
vn -0.0015061806 -0.48856818 -0.87252442
vn 0.4395043 -0.32923768 -0.83572634
vn 0.4395043 -0.32923768 -0.83572634
vn 0.4395043 -0.32923768 -0.83572634
vn -0.97775201 -0.007291965 -0.20963739
vn -0.15170508 -0.042530512 -0.98751037
vn -0.70524493 -0.05053251 -0.70716056
vn -0.70524493 -0.05053251 -0.70716056
vn -0.099058233 -0.98968112 -0.10353135
vn -0.99775079 -0.06435887 -0.018742912
vn -0.78354582 -0.60159483 -0.15536926
vn -0.78354582 -0.60159483 -0.15536926
vn -0.98198465 -0.042777954 -0.18405488
vn -0.19861431 -0.46283709 -0.86390635
vn -0.19861431 -0.46283709 -0.86390635
vn -0.69326884 -0.2637319 -0.67068905
vn -0.69326884 -0.2637319 -0.67068905
vn -0.69326884 -0.2637319 -0.67068905
vn 0.9999718 9.4459391e-07 -0.0075104771
vn 0.99918661 -0.0039298815 -0.040133128
vn -0.085220539 -0.2086875 0.97426228
vn -0.2332885 -0.038194794 0.97165716
vn 0.99779105 3.5299454e-06 0.066430617
vn -0.014602014 0.0061096002 0.99987472
vn -0.014602014 0.0061096002 0.99987472
vn -0.99805376 0 -0.062359372
vn -9.9875035e-06 0.99999972 0.00075060643
vn -0.91553868 5.2005046e-06 0.40222995
vn -0.91553868 5.2005046e-06 0.40222995
vn 1.0021031e-06 0.70558015 0.70863012
vn 1.0021031e-06 0.70558015 0.70863012
vn 0.073599902 -0.99727675 0.004706092
vn 0.99727824 -0.031003715 0.066894489
vn 0.90987144 -0.41053763 0.059940117
vn 0.90987144 -0.41053763 0.059940117
vn 0.078285607 -0.99689261 0.0087461195
vn 0.19352133 -0.066308371 0.97885274
vn 0.19352133 -0.066308371 0.97885274
vn 0.99707111 -0.031807021 0.069552244
vn 0.24428596 -0.90265984 0.35430154
vn 0.24428596 -0.90265984 0.35430154
vn 0.83685519 -0.27811115 0.47151626
vn 0.83685519 -0.27811115 0.47151626
vn 0.83685519 -0.27811115 0.47151626
vn 0.83685519 -0.27811115 0.47151626
vn 0.91333462 -0.065103547 0.40197188
vn 0.91333462 -0.065103547 0.40197188
vn 0.91394637 -0.39977398 0.069876968
vn 0.91394637 -0.39977398 0.069876968
vn -0.99802946 5.7054343e-06 -0.062747102
vn 4.6547502e-06 0.99999975 -0.00070159108
vn -1 6.3183688e-06 -5.6409277e-05
vn -8.0140305e-07 0.012096646 -0.99992683
vn -0.99803093 2.787782e-05 -0.062723735
vn -2.8416979e-07 0.7070782 -0.70713536
vn -0.99939345 -0.034562351 -0.0042625067
vn 1.1885763e-06 -0.012028946 -0.99992765
vn -2.1494925e-06 -0.99999966 -0.00082397369
vn -0.3865286 -0.91928252 -0.074264995
vn -0.3865286 -0.91928252 -0.074264995
vn 1.5739352e-06 -0.64041758 -0.7680269
vn 1.5739352e-06 -0.64041758 -0.7680269
vn 6.9314616e-05 -0.99999651 0.0026419352
vn 0.0002026996 -0.060053236 0.99819516
vn 0.0036521797 -0.78896631 0.61442561
vn 0.0036521797 -0.78896631 0.61442561
vn 0.13798615 3.0688477e-05 0.99043416
vn 0.99757097 -6.163493e-06 0.069657411
vn 0.8107388 -0.00024996572 0.58540801
vn 0.8107388 -0.00024996572 0.58540801
vn -0.047032608 -3.1710369e-05 -0.99889335
vn -0.99810262 -0.00017261506 -0.061572224
vn -0.71183568 -0.00033132217 -0.70234597
vn -0.71183568 -0.00033132217 -0.70234597
vn 0.99872363 6.1545521e-05 -0.05050847
vn 0.14373347 -0.00015728094 -0.98961642
vn 0.86292624 -0.00041732343 -0.50532973
vn 0.86292624 -0.00041732343 -0.50532973
vn -0.92918328 -0.23367756 -0.28637954
vn -0.01485021 -0.99323425 -0.1151746
vn -0.45468545 -0.7604702 -0.46362292
vn -0.45468545 -0.7604702 -0.46362292
vn -0.89335575 -0.042229594 -0.44736133
vn -0.020749527 -0.033514126 -0.99922283
vn -0.47624988 -0.055589848 -0.87755104
vn -0.47624988 -0.055589848 -0.87755104
vn -0.82478193 -0.14479094 -0.54659889
vn 0.0016266071 -0.48757388 -0.87308022
vn 0.0016266071 -0.48757388 -0.87308022
vn -0.43950813 -0.32924264 -0.83572237
vn -0.43950813 -0.32924264 -0.83572237
vn -0.43950813 -0.32924264 -0.83572237
vn 0.96342886 -0.029635033 -0.26632048
vn 0.16531767 -0.054443861 -0.98473648
vn 0.71887237 -0.09790203 -0.68821341
vn 0.71887237 -0.09790203 -0.68821341
vn 0.12605082 -0.98183436 -0.1418185
vn 0.99286151 -0.082286986 -0.086341637
vn 0.75581127 -0.55784284 -0.34287125
vn 0.75581127 -0.55784284 -0.34287125
vn 0.94248065 -0.085907426 -0.32303272
vn 0.2502972 -0.47079148 -0.8459945
vn 0.2502972 -0.47079148 -0.8459945
vn 0.64538526 -0.29254576 -0.70561664
vn 0.64538526 -0.29254576 -0.70561664
vn 0.64538526 -0.29254576 -0.70561664
vn -0.9999718 9.3755584e-07 -0.0075104762
vn -0.9991866 -0.0039315746 -0.040133213
vn 0.067807962 -0.17156629 0.98283625
vn 0.21590168 -0.018823939 0.97623364
vn -0.0058983778 -0.00051732309 -0.99998247
vn 5.8904056e-05 0.0050066103 -0.99998747
vn -0.018504865 0.010300701 -0.99977571
vn -0.018504865 0.010300701 -0.99977571
vn -2.2665036e-08 -2.9121981e-08 -1
vn -2.3684791e-08 -3.0581251e-08 -1
vn -3.2913764e-08 -3.5140278e-08 -1
vn -3.2913764e-08 -3.5140278e-08 -1
vn 1.8902861e-08 -2.9898086e-08 -1
vn 2.4096042e-08 -2.8966067e-08 -1
vn 2.6011346e-08 -3.4100573e-08 -1
vn 2.6011346e-08 -3.4100573e-08 -1
vn 2.128194e-08 3.1213926e-08 -1
vn 2.7754567e-08 3.1775377e-08 -1
vn 3.6560802e-08 3.8426442e-08 -1
vn 3.6560802e-08 3.8426442e-08 -1
vn -2.532903e-06 0 1
vn 4.7292784e-07 0 1
vn -8.2245582e-07 0 1
vn -8.2245582e-07 0 1
vn -0.010280344 -0.040045241 0.99914498
vn -0.045254959 -0.011873246 0.99890491
vn -0.036917821 -0.035361607 0.99869246
vn -0.036917821 -0.035361607 0.99869246
vn 0.057344787 -0.018305525 0.9981866
vn 0.016033429 -0.052575138 0.99848825
vn 0.052907874 -0.051906642 0.99724945
vn 0.052907874 -0.051906642 0.99724945
vn -4.7291462e-07 0 1
vn 4.2350663e-07 0 1
vn 9.6683664e-08 0 1
vn 9.6683664e-08 0 1
vn -0.037146436 -0.99930238 -0.0038582927
vn -0.9936909 -0.065625533 0.090948797
vn -0.71426185 -0.69535103 0.079479303
vn -0.71426185 -0.69535103 0.079479303
vn -0.26296178 -0.032292579 0.96426567
vn -0.029060935 -0.23355451 0.97190933
vn -0.17140404 -0.16712742 0.97092177
vn -0.17140404 -0.16712742 0.97092177
vn -0.92843802 -0.11414363 0.35351671
vn -0.92843802 -0.11414363 0.35351671
vn -0.1002176 -0.93191459 0.3485565
vn -0.1002176 -0.93191459 0.3485565
vn -0.676298 -0.62535243 0.38930111
vn -0.676298 -0.62535243 0.38930111
vn -0.676298 -0.62535243 0.38930111
vn -0.676298 -0.62535243 0.38930111
vn -0.65927276 -0.083780568 0.74722168
vn -0.075710539 -0.62373695 0.77795895
vn -0.48218266 -0.45620216 0.74791676
vn -0.48218266 -0.45620216 0.74791676
vn 0.047803622 0.99885648 0.0007384568
vn 0.99294441 0.067463606 0.097519531
vn 0.75887851 0.64454726 0.093071086
vn 0.75887851 0.64454726 0.093071086
vn 0.27108074 0.036755172 0.96185461
vn 0.029504054 0.2135194 0.9764932
vn 0.18716358 0.15650566 0.9697813
vn 0.18716358 0.15650566 0.9697813
vn 0.90160101 0.14984845 0.40578451
vn 0.90160101 0.14984845 0.40578451
vn 0.14745509 0.92041576 0.36206604
vn 0.14745509 0.92041576 0.36206604
vn 0.71161725 0.55265763 0.43378616
vn 0.71161725 0.55265763 0.43378616
vn 0.71161725 0.55265763 0.43378616
vn 0.71161725 0.55265763 0.43378616
vn 0.65556175 0.11338551 0.74658055
vn 0.10465722 0.58895339 0.80136182
vn 0.51090756 0.41672823 0.7518717
vn 0.51090756 0.41672823 0.7518717
vn -0.029749481 0.18548262 0.98219711
vn -0.20993579 0.040581328 0.97687262
vn -0.17172226 0.18419097 0.9677733
vn -0.17172226 0.18419097 0.9677733
vn -0.99422316 0.047540187 0.096230111
vn -0.039941159 0.99920009 -0.0019728177
vn -0.71001356 0.69796066 0.093443341
vn -0.71001356 0.69796066 0.093443341
vn -0.067785688 0.5835802 0.80922139
vn -0.60807175 0.095799992 0.78808065
vn -0.40750958 0.42275585 0.80945255
vn -0.40750958 0.42275585 0.80945255
vn -0.094861737 0.91995812 0.38036602
vn -0.094861737 0.91995812 0.38036602
vn -0.90387273 0.11530765 0.41196874
vn -0.90387273 0.11530765 0.41196874
vn -0.61654526 0.61124176 0.49624133
vn -0.61654526 0.61124176 0.49624133
vn -0.61654526 0.61124176 0.49624133
vn -0.61654526 0.61124176 0.49624133
vn 0.038148293 -0.23723114 0.97070392
vn 0.26318799 -0.043420499 0.96376695
vn 0.18519355 -0.17790395 0.96646445
vn 0.18519355 -0.17790395 0.96646445
vn 0.99408259 -0.052725671 0.094972688
vn 0.042541111 -0.99908142 0.0051553401
vn 0.70585743 -0.70183233 0.095899215
vn 0.70585743 -0.70183233 0.095899215
vn 0.10965091 -0.66164889 0.74175294
vn 0.6616265 -0.10966478 0.74177086
vn 0.48276894 -0.48993515 0.72587719
vn 0.48276894 -0.48993515 0.72587719
vn 0.14090723 -0.90396566 0.40372173
vn 0.14090723 -0.90396566 0.40372173
vn 0.89591538 -0.13140315 0.42434519
vn 0.89591538 -0.13140315 0.42434519
vn 0.60825735 -0.62682652 0.48694096
vn 0.60825735 -0.62682652 0.48694096
vn 0.60825735 -0.62682652 0.48694096
vn 0.60825735 -0.62682652 0.48694096
vn 0.029796757 -0.32343084 -0.94578256
vn 0.036272151 -0.9986968 -0.035903005
vn 0.075855056 -0.93883747 -0.3359021
vn 0.075855056 -0.93883747 -0.3359021
vn 0.99716669 -0.048234495 0.057723637
vn 0.30391606 -0.039877708 -0.95186386
vn 0.9428273 -0.10676818 -0.31571701
vn 0.9428273 -0.10676818 -0.31571701
vn 0.71310791 -0.70104864 -0.0028114492
vn 0.71310791 -0.70104864 -0.0028114492
vn 0.18738899 -0.1860563 -0.96450424
vn 0.18738899 -0.1860563 -0.96450424
vn 0.60304639 -0.58111504 -0.54647997
vn 0.60304639 -0.58111504 -0.54647997
vn 0.60304639 -0.58111504 -0.54647997
vn 0.60304639 -0.58111504 -0.54647997
vn -0.31179201 -0.057981467 -0.94837961
vn -0.99647384 -0.061398785 0.057184506
vn -0.81908326 -0.12011104 -0.56095985
vn -0.81908326 -0.12011104 -0.56095985
vn -0.032786749 -0.99850015 -0.043846011
vn -0.03730034 -0.28291562 -0.95841924
vn -0.081010123 -0.82519874 -0.55900304
vn -0.081010123 -0.82519874 -0.55900304
vn -0.7085313 -0.70540968 -0.019508559
vn -0.7085313 -0.70540968 -0.019508559
vn -0.17283248 -0.18341277 -0.96772346
vn -0.17283248 -0.18341277 -0.96772346
vn -0.42796276 -0.46232826 -0.77659543
vn -0.42796276 -0.46232826 -0.77659543
vn -0.42796276 -0.46232826 -0.77659543
vn -0.42796276 -0.46232826 -0.77659543
vn 0.2352346 0.022424265 -0.9716799
vn 0.99628591 0.057987328 0.063654225
vn 0.91943623 0.082228543 -0.38454581
vn 0.91943623 0.082228543 -0.38454581
vn 0.037895678 0.99894439 -0.025961937
vn 0.013900616 0.24571447 -0.96924258
vn 0.04393697 0.91807399 -0.3939666
vn 0.04393697 0.91807399 -0.3939666
vn 0.11597896 0.12877879 -0.98486796
vn 0.11597896 0.12877879 -0.98486796
vn 0.75089311 0.66005749 0.021991998
vn 0.75089311 0.66005749 0.021991998
vn 0.51585901 0.56284959 -0.64582492
vn 0.51585901 0.56284959 -0.64582492
vn 0.51585901 0.56284959 -0.64582492
vn 0.51585901 0.56284959 -0.64582492
vn -0.030856225 0.3160468 -0.9482417
vn -0.035842096 0.99891357 -0.029782904
vn -0.071180605 0.94682988 -0.31376186
vn -0.071180605 0.94682988 -0.31376186
vn -0.9978288 0.048347419 0.044723673
vn -0.32412492 0.08033866 -0.94259681
vn -0.80102893 0.15705179 -0.57765681
vn -0.80102893 0.15705179 -0.57765681
vn -0.29306305 0.21686853 -0.93117243
vn -0.29306305 0.21686853 -0.93117243
vn -0.71370524 0.69866788 -0.049880054
vn -0.71370524 0.69866788 -0.049880054
vn -0.58537772 0.4886221 -0.64697864
vn -0.58537772 0.4886221 -0.64697864
vn -0.58537772 0.4886221 -0.64697864
vn -0.58537772 0.4886221 -0.64697864
vn 6.2830336e-09 -1.5715589e-08 -1
vn 0.19198845 -0.00030113349 0.98139714
vn 0.51834587 -0.00085883771 0.85517064
vn 0.94709121 -0.00086741551 -0.32096336
vn 0.94709121 -0.00086741551 -0.32096336
vn 0.24169525 -0.00015270383 -0.9703522
vn 0.0009316169 -0.00017357804 0.99999955
vn 0.99587005 -0.0002558101 0.090789765
vn 0.85781889 -0.0016317721 0.5139495
vn 0.85781889 -0.0016317721 0.5139495
vn 0.99779017 -0.00016435982 0.066443538
vn 0 0 1
vn 0.99586939 0.0002883002 0.090796904
vn 0.85787812 0.0024900512 0.51384719
vn 0.85787812 0.0024900512 0.51384719
vn 0.99778255 0.0013750698 0.06654386
vn 5.5712364e-09 1.5793175e-08 -1
vn 0.19185236 0.00033924913 0.98142374
vn 0.51770839 0.0013182276 0.85555612
vn 0.94658367 -0.00011524559 -0.32245828
vn 0.94658367 -0.00011524559 -0.32245828
vn 0.24089597 -6.0819441e-05 -0.97055094
vn -1.5788492e-08 1.6938564e-08 -1
vn -0.19083553 -2.5151211e-06 0.98162203
vn -0.51689297 0.00047534984 0.8560499
vn -0.94404339 0.0034742024 -0.32980297
vn -0.94404339 0.0034742024 -0.32980297
vn -0.2417054 0.0010332838 -0.97034913
vn -1.2146111e-06 0 1
vn -0.9958684 0.00018279254 0.090808059
vn -0.85812862 0.0012968052 0.51343313
vn -0.85812862 0.0012968052 0.51343313
vn -0.99779929 0.00019710139 0.066306339
vn -0.00071964043 -0.00013472652 0.99999973
vn -0.99587509 -0.00055653228 0.090733115
vn -0.85880335 -0.0013677105 0.51230356
vn -0.85880335 -0.0013677105 0.51230356
vn -0.99778869 -0.00053062102 0.066463915
vn -6.3413972e-09 -1.5464593e-08 -1
vn -0.19199351 -0.00024429803 0.98139616
vn -0.51791026 -0.00074031207 0.85543463
vn -0.94489667 -0.0020809024 -0.32736211
vn -0.94489667 -0.0020809024 -0.32736211
vn -0.24177914 -0.00070408735 -0.97033105
vn -1.2067773e-08 1.3065073e-08 -1
vn 1.1211595e-08 1.1457259e-08 -1
vn 0 0 1
vn 0 0 1
vn 1.9692787e-06 0.16684902 0.98598246
vn 0.00044099235 0.16838575 0.98572108
vn 0.00045144555 0.99998807 -0.0048643049
vn -0.00013922155 0.99998739 -0.0050201417
vn 0.0031328895 0.8645786 0.50248784
vn 0.0031328895 0.8645786 0.50248784
vn -0.0025369595 0.86323959 0.50478804
vn -0.0025369595 0.86323959 0.50478804
vn -0.0010185548 0.48166406 0.87635535
vn 0.0015962086 0.48283724 0.87570866
vn 0.00019818008 0.99955757 -0.029742482
vn 0.00037368061 0.9995547 -0.029837134
vn -0.00016799278 0.94502832 -0.32698844
vn -0.00016799278 0.94502832 -0.32698844
vn -0.00052958261 0.94321388 -0.33218563
vn -0.00052958261 0.94321388 -0.33218563
vn -0.0001272182 0.26290317 -0.96482222
vn -0.00014183635 0.26065112 -0.96543305
vn 1.0833109e-08 -1.0149114e-08 -1
vn -8.0753022e-09 -8.4162091e-09 -1
vn -0.00028438819 -0.0015651714 0.99999873
vn 0.00036843173 -0.002030399 0.99999787
vn 0.00069627353 -0.16960062 0.98551263
vn -0.00053296567 -0.16936531 0.9855532
vn 0.00011327118 -0.99998718 -0.0050630945
vn 0.00031102447 -0.99998938 -0.0045974252
vn -0.002711382 -0.8646065 0.50244228
vn -0.002711382 -0.8646065 0.50244228
vn 0.0047271138 -0.86263266 0.50580881
vn 0.0047271138 -0.86263266 0.50580881
vn 0.0023561326 -0.48649108 0.87368237
vn -0.0016330833 -0.48433631 0.87488037
vn 0.00020142227 -0.99952942 -0.030674018
vn 3.3717601e-05 -0.99954084 -0.030300452
vn 0.001622796 -0.94450059 -0.32850571
vn 0.001622796 -0.94450059 -0.32850571
vn -0.0028074811 -0.93933375 -0.34299303
vn -0.0028074811 -0.93933375 -0.34299303
vn 0.00032342374 -0.26409409 -0.96449687
vn -0.0010057967 -0.26163358 -0.96516675
vn 0 0 -1
vn 0 0 1
vn 0 0 -1
vn 0 0 1
vn 0 0 -1
vn 0 0 1
vn 0 0 -1
vn 0 0 1
vn -1 0 0
vn -1 0 0
vn -1 0 0
vn -0.99826037 -0.050229135 -0.030874872
vn -0.076777163 -0.080520156 -0.99379161
vn -0.076777163 -0.080520156 -0.99379161
vn -0.076777163 -0.080520156 -0.99379161
vn -0.19792885 -0.8996826 -0.38909561
vn -0.68635517 -0.66636127 -0.29134041
vn -0.68635517 -0.66636127 -0.29134041
vn -0.1979254 -0.89968496 0.3890919
vn -0.076730239 -0.080496493 0.99379715
vn -0.076730239 -0.080496493 0.99379715
vn -0.076730239 -0.080496493 0.99379715
vn -0.99826212 -0.0501889 0.030883752
vn -0.68635099 -0.66634731 0.29138219
vn -0.68635099 -0.66634731 0.29138219
vn -0.055535524 -0.00012678619 -0.9984567
vn -0.055535524 -0.00012678619 -0.9984567
vn -0.99995183 0 -0.0098156641
vn -0.99995179 1.4218931e-05 0.0098193289
vn -0.055532309 0 0.99845689
vn -0.055532309 0 0.99845689
vn -0.99855146 -0.051449879 -0.015744391
vn -0.19700445 -0.94567484 -0.25862782
vn -0.99855146 -0.051449745 0.015744771
vn -0.19699768 -0.9456794 0.25861629
vn -0.70154974 -0.68138024 0.2086838
vn -0.70154974 -0.68138024 0.2086838
vn -0.70155077 -0.68137943 -0.20868298
vn -0.70155077 -0.68137943 -0.20868298
vn 1 0 0
vn 1 0 0
vn 0.99826038 -0.050228991 -0.03087496
vn 0.076776209 -0.08052251 -0.9937915
vn 0.076776209 -0.08052251 -0.9937915
vn 0.076776209 -0.08052251 -0.9937915
vn 0.1979288 -0.89968302 -0.38909466
vn 0.68635973 -0.66635719 -0.291339
vn 0.68635973 -0.66635719 -0.291339
vn 0.1979252 -0.89968351 0.38909536
vn 0.076749325 -0.080574938 0.99378932
vn 0.076749325 -0.080574938 0.99378932
vn 0.076749325 -0.080574938 0.99378932
vn 0.99826051 -0.050226212 0.030875355
vn 0.68635268 -0.66634578 0.29138172
vn 0.68635268 -0.66634578 0.29138172
vn 0.055535079 0 -0.99845674
vn 0.055535079 0 -0.99845674
vn 0.99995182 1.4218931e-05 -0.0098160206
vn 0.99995181 0 0.0098176595
vn 0.055534214 2.8918081e-08 0.99845678
vn 0.055534214 2.8918081e-08 0.99845678
vn 0.99855127 -0.051449625 -0.015757299
vn 0.19700641 -0.94567367 -0.25863058
vn 0.99855126 -0.051449779 0.015757703
vn 0.197004 -0.94567559 0.2586254
vn 0.70154741 -0.68138256 0.20868405
vn 0.70154741 -0.68138256 0.20868405
vn 0.70154721 -0.68138272 -0.20868421
vn 0.70154721 -0.68138272 -0.20868421
vn 7.4752649e-08 0 -1
vn 3.8659954e-07 0 1
vn -1 0 0
vn 0 1 0
vn -1 0 0
vn -2.9929612e-10 0.81838757 0.57466668
vn -1 0 0
vn 1.0280264e-06 0.95078262 0.30985871
vn -1 0 0
vn 0 0.95078262 -0.30985871
vn -1 0 0
vn 0 0.57519434 -0.81801679
vn -1 0 0
vn 0 0.069627737 -0.99757304
vn -1 0 0
vn 0 0.26769218 -0.96350449
vn -1 -1.3167985e-07 0
vn 0 0.81838757 -0.57466668
vn -1 -5.4291892e-08 0
vn -1.2950235e-09 0.26769116 0.96350477
vn -1 -1.0104043e-07 0
vn -4.4002289e-07 0.5751935 0.81801738
vn -1 0 0
vn 0 0 1
vn -1 0 0
vn 5.1964052e-07 0.069627737 0.99757304
vn -1 0 0
vn 0 0 -1
vn 0 0.26769116 0.96350477
vn 1 0 0
vn 0 0.57519347 0.8180174
vn 1 0 0
vn 0 0.069627737 0.99757304
vn 1 0 0
vn 0 0 1
vn 1 0 0
vn 0 0 -1
vn 1 0 0
vn 0 1 0
vn 1 0 3.2865515e-14
vn 0 0.81838757 0.57466668
vn 1 0 -2.561584e-08
vn 0 0.95078262 0.30985871
vn 1 0 1.799884e-07
vn -1.0280264e-06 0.95078262 -0.30985871
vn 1 0 -1.7998884e-07
vn 1.0107331e-09 0.57519434 -0.81801679
vn 1 0 0
vn -5.1964052e-07 0.069627737 -0.99757304
vn 1 0 0
vn 5.6378888e-07 0.26769218 -0.96350449
vn 1 0 0
vn 2.9929612e-10 0.81838757 -0.57466668
vn 1 0 2.5615623e-08
vn 0.017472555 -0.11082647 -0.99368617
vn 0.017472555 -0.11082647 -0.99368617
vn -0.01747182 -0.11082585 -0.99368625
vn -0.01747182 -0.11082585 -0.99368625
vn 5.3034306e-08 0 -1
vn -7.4197505e-05 -0.17634124 -0.98432909
vn -7.4197505e-05 -0.17634124 -0.98432909
vn -0.14585346 -0.90414122 -0.40156622
vn 0.14584077 -0.90414365 -0.40156535
vn -1.8692575e-05 -0.90411065 -0.42729842
vn -0.017436754 -0.110833 0.99368607
vn -0.017436754 -0.110833 0.99368607
vn 0.017481448 -0.1108754 0.99368055
vn 0.017481448 -0.1108754 0.99368055
vn 2.7427839e-07 0 1
vn 1.4835618e-05 -0.17633587 0.98433006
vn 1.4835618e-05 -0.17633587 0.98433006
vn -0.14585459 -0.90414071 0.40156695
vn 0.14585436 -0.9041399 0.40156887
vn 1.7566608e-05 -0.90410967 0.42730049
vn -3.7960707e-06 -0.95750627 -0.28841244
vn 6.2058687e-06 -0.95750635 0.28841219
vn -0.99297763 -0.11830227 1.5869737e-06
vn -0.71743858 -0.69662177 6.2841008e-08
vn -0.71743858 -0.69662177 6.2841008e-08
vn 0.71743443 -0.69662603 -7.6637665e-08
vn 0.71743443 -0.69662603 -7.6637665e-08
vn 0.99297684 -0.11830893 -2.0372394e-08
vn -0.18595088 -0.98255904 0
vn 0.1859509 -0.98255904 -9.2419209e-06
vn -2.1680533e-08 -1 -5.4201332e-09
vn -1 0 0
vn -1 1.3365819e-08 0
vn -1 0 0
vn -1 1.336585e-08 0
vn -0.99826142 0.050207197 -0.030876842
vn -0.076710963 0.080524326 -0.99379639
vn -0.076710963 0.080524326 -0.99379639
vn -0.076710963 0.080524326 -0.99379639
vn -0.19793604 0.89968263 -0.38909187
vn -0.68635459 0.66634167 -0.29138661
vn -0.68635459 0.66634167 -0.29138661
vn -0.19793983 0.89968188 0.38909168
vn -0.076777219 0.080526456 0.9937911
vn -0.076777219 0.080526456 0.9937911
vn -0.076777219 0.080526456 0.9937911
vn -0.99826144 0.050207193 0.030876278
vn -0.68636093 0.66635809 0.29133414
vn -0.68636093 0.66635809 0.29133414
vn -0.055536809 0 -0.99845664
vn -0.055536809 0 -0.99845664
vn -0.99995184 -3.2660878e-08 -0.0098144412
vn -0.99995184 0 0.0098143816
vn -0.055536838 0.0001267862 0.99845663
vn -0.055536838 0.0001267862 0.99845663
vn -0.99855147 0.051449778 -0.015744437
vn -0.19700635 0.94567366 -0.25863069
vn -0.99855147 0.051449626 0.015744596
vn -0.19700556 0.94567447 0.25862832
vn -0.70154499 0.68138414 0.20868705
vn -0.70154499 0.68138414 0.20868705
vn -0.70154822 0.68138147 -0.20868491
vn -0.70154822 0.68138147 -0.20868491
vn 1 6.6829138e-09 0
vn 1 6.6829204e-09 0
vn 0.99826044 0.050229396 -0.030872317
vn 0.076702375 0.080538218 -0.99379593
vn 0.076702375 0.080538218 -0.99379593
vn 0.076702375 0.080538218 -0.99379593
vn 0.19792465 0.89968387 -0.38909481
vn 0.68635495 0.6663415 -0.29138616
vn 0.68635495 0.6663415 -0.29138616
vn 0.19792715 0.89968297 0.38909562
vn 0.076777157 0.080526215 0.99379112
vn 0.076777157 0.080526215 0.99379112
vn 0.076777157 0.080526215 0.99379112
vn 0.99826046 0.050229126 0.030872152
vn 0.68636081 0.66635821 0.29133411
vn 0.68636081 0.66635821 0.29133411
vn 0.055536775 0.00015856884 -0.99845663
vn 0.055536775 0.00015856884 -0.99845663
vn 0.99995184 0 -0.0098143816
vn 0.99995184 -3.2660878e-08 0.0098144412
vn 0.055536809 0 0.99845664
vn 0.055536809 0 0.99845664
vn 0.99855129 0.051450635 -0.015752792
vn 0.1970045 0.9456748 -0.25862793
vn 0.99855132 0.051452381 0.015745196
vn 0.19700565 0.94567448 0.2586282
vn 0.70154827 0.68138187 0.20868343
vn 0.70154827 0.68138187 0.20868343
vn 0.70154601 0.68138366 -0.20868517
vn 0.70154601 0.68138366 -0.20868517
vn -7.4751952e-08 0 -1
vn 0 0 1
vn -1 0 0
vn 0 -1 0
vn -1 0 0
vn 0 -0.81838944 0.57466401
vn -1 0 0
vn 0 -0.95078262 0.30985871
vn -1 0 0
vn 1.0280264e-06 -0.95078262 -0.30985871
vn -1 0 0
vn -1.010733e-09 -0.57519699 -0.81801493
vn -1 1.4485625e-08 0
vn 5.7800048e-07 -0.069627285 -0.99757308
vn -1 1.4804754e-08 0
vn -5.6378889e-07 -0.26769173 -0.96350461
vn -1 1.3167985e-07 0
vn -2.992961e-10 -0.81838944 -0.57466401
vn -1 6.9096683e-08 0
vn 0 -0.26769073 0.96350489
vn -1 1.0104043e-07 0
vn 0 -0.57519615 0.81801552
vn -1 0 0
vn 0 0 1
vn -1 1.4485658e-08 0
vn 0 -0.069627285 0.99757308
vn -1 0 0
vn 0 0 -1
vn -7.2317815e-06 -0.26769073 0.96350489
vn 1 1.4804788e-08 0
vn 1.0107326e-09 -0.57519615 0.81801552
vn 1 0 0
vn -5.7800048e-07 -0.069627285 0.99757308
vn 1 1.4485649e-08 0
vn 0 0 1
vn 1 0 0
vn 0 0 -1
vn 1 0 0
vn 0 -1 0
vn 1 0 3.2865515e-14
vn 2.992961e-10 -0.81838944 0.57466401
vn 1 0 -2.561584e-08
vn -1.0280264e-06 -0.95078262 0.30985871
vn 1 0 1.799884e-07
vn 0 -0.95078262 -0.30985871
vn 1 0 -1.7998884e-07
vn 0 -0.57519699 -0.81801493
vn 1 0 0
vn 0 -0.069627285 -0.99757308
vn 1 1.4485635e-08 0
vn 0 -0.26769173 -0.96350461
vn 1 1.4804764e-08 0
vn 0 -0.81838944 -0.57466401
vn 1 0 2.5615623e-08
vn 0.017472297 0.11082663 -0.99368616
vn 0.017472297 0.11082663 -0.99368616
vn -0.017472565 0.11082643 -0.99368617
vn -0.017472565 0.11082643 -0.99368617
vn 7.4787742e-08 0 -1
vn 7.8082082e-06 0.17634135 -0.98432908
vn 7.8082082e-06 0.17634135 -0.98432908
vn -0.14583532 0.90414458 -0.40156525
vn 0.14583317 0.90414498 -0.40156512
vn -2.1292282e-05 0.90411067 -0.42729837
vn -0.017481361 0.11087391 0.99368072
vn -0.017481361 0.11087391 0.99368072
vn 0.017481268 0.11087337 0.99368078
vn 0.017481268 0.11087337 0.99368078
vn 0 0 1
vn -8.664094e-06 0.17633051 0.98433102
vn -8.664094e-06 0.17633051 0.98433102
vn -0.14584187 0.90414123 0.4015704
vn 0.14583608 0.90414207 0.40157061
vn 2.1012198e-05 0.90410771 0.42730463
vn 6.2442853e-06 0.95750628 -0.28841241
vn -3.7699939e-06 0.95750628 0.28841243
vn -0.99297763 0.11830229 -2.0958636e-08
vn -0.71743857 0.69662177 3.7747668e-08
vn -0.71743857 0.69662177 3.7747668e-08
vn 0.71743443 0.69662603 7.0166453e-10
vn 0.71743443 0.69662603 7.0166453e-10
vn 0.99297684 0.11830891 2.2109599e-06
vn -0.1859509 0.98255904 -9.09646e-06
vn 0.18595091 0.98255904 -5.6739233e-08
vn 1.4453689e-08 1 3.3725275e-08
vn 0.86665065 -0.22319156 -0.44620866
vn 0.99425393 -0.0067667462 0.10683318
vn 0.75694445 0.20200744 0.62147252
vn 0.24463156 0.33726706 0.90906894
vn -0.35450834 0.35307938 0.86582839
vn -0.82584196 0.23948266 0.5105224
vn -0.99918671 0.023583537 -0.03270679
vn -0.7880285 -0.22644448 -0.57248055
vn -0.7880285 -0.22644448 -0.57248055
vn -0.24056882 -0.39078746 -0.88848849
vn 0.40417788 -0.37749669 -0.83314854
vn 0.61699663 -0.61204885 -0.49468309
vn 0.61699663 -0.61204885 -0.49468309
vn 0.20198355 -0.3841141 -0.9009212
vn 0.20198355 -0.3841141 -0.9009212
vn -0.35921703 -0.09154177 -0.92875359
vn -0.35921703 -0.09154177 -0.92875359
vn -0.78622461 0.19291794 -0.58705497
vn -0.78622461 0.19291794 -0.58705497
vn -0.9531935 0.30128037 -0.025540011
vn -0.9531935 0.30128037 -0.025540011
vn -0.78492158 0.31174785 0.53545439
vn -0.78492158 0.31174785 0.53545439
vn -0.31107473 0.22237909 0.92400219
vn -0.31107473 0.22237909 0.92400219
vn 0.26106346 -0.052846457 0.96387402
vn 0.26106346 -0.052846457 0.96387402
vn 0.26106346 -0.052846457 0.96387402
vn 0.70289952 -0.34113205 0.62414837
vn 0.70289952 -0.34113205 0.62414837
vn 0.80196718 -0.59232569 0.077452652
vn 0.80196718 -0.59232569 0.077452652
vn 0.89280438 -0.34761097 -0.28647329
vn 0.88872637 0.21938502 -0.40253652
vn 0.58400654 0.72378144 -0.36752795
vn 0.071906465 0.97788161 -0.19641035
vn -0.46442392 0.88500964 0.032685803
vn -0.84592484 0.48942994 0.21182422
vn -0.9667036 -0.079970365 0.24308206
vn -0.69487131 -0.70493913 0.14217837
vn -0.69487131 -0.70493913 0.14217837
vn 0.067794056 -0.99069031 0.11805367
vn 0.6066868 -0.79193041 -0.069118406
vn 0.86423718 -0.28584498 -0.41398882
vn 0.99337476 0.11059339 0.031236021
vn 0.75508392 0.46657548 0.46060351
vn 0.23948168 0.65106859 0.72024872
vn -0.36166346 0.59654098 0.71647638
vn -0.83069323 0.324909 0.45208727
vn -0.99755844 -0.068145001 0.015278008
vn -0.78056111 -0.4418097 -0.4421861
vn -0.78056111 -0.4418097 -0.4421861
vn -0.23734419 -0.64152357 -0.7294623
vn 0.40104151 -0.576895 -0.71158827
vn 0.90485392 -0.33004096 -0.26890955
vn 0.87601995 -0.31826157 -0.36235151
vn 0.98230305 0.18304858 -0.039672932
vn 0.95322195 0.24916487 -0.17112797
vn 0.72895669 0.62132863 0.28735497
vn 0.66765742 0.74431113 -0.015313717
vn 0.21050654 0.83430419 0.50953265
vn 0.14465509 0.97802406 0.15014607
vn -0.38201191 0.74333183 0.54911264
vn -0.42811293 0.8643858 0.26373569
vn -0.83560834 0.38601377 0.3908351
vn -0.84849984 0.44974521 0.27888576
vn -0.99075361 -0.11008776 0.079296717
vn -0.97664299 -0.12025836 0.17806288
vn -0.76933679 -0.56931499 -0.28982987
vn -0.76933679 -0.56931499 -0.28982987
vn -0.74610587 -0.66538032 -0.024393749
vn -0.74610587 -0.66538032 -0.024393749
vn -0.21543437 -0.8031337 -0.55548563
vn -0.13984035 -0.96358081 -0.22794013
vn 0.42926058 -0.69995445 -0.57078816
vn 0.52165174 -0.80098486 -0.29377323
vn 0.62519081 -0.57912989 -0.52320648
vn 0.79944628 -0.43168056 -0.41777691
vn 0.71593742 0.073033531 -0.69433401
vn 0.4068997 -0.17640286 -0.89627823
vn 0.38551494 0.56039589 -0.73303115
vn 0.039041466 0.28933471 -0.95643149
vn -0.079334318 0.85188878 -0.51767902
vn -0.34869491 0.64888028 -0.67628858
vn -0.51049033 0.84910627 -0.13571353
vn -0.60302609 0.782268 -0.15625723
vn -0.76781297 0.58316171 0.26530296
vn -0.60794952 0.66837427 0.42857113
vn -0.79967422 0.19601929 0.56753642
vn -0.31056384 0.34582475 0.88541253
vn -0.13695876 -0.63178885 0.76294505
vn -0.13695876 -0.63178885 0.76294505
vn 0.14636464 -0.16150539 0.97595768
vn 0.14636464 -0.16150539 0.97595768
vn 0.30079547 -0.86753078 0.39612175
vn 0.47331754 -0.63335883 0.61223125
vn 0.62701004 -0.77897847 -0.0071387967
vn 0.63949295 -0.7679592 0.035880969
vn 0.20529496 0.20361156 0.95728591
vn 0.08442697 0.73151469 0.6765784
vn -0.061604062 0.98946676 0.13099796
vn -0.17510692 0.86224035 -0.47526745
vn -0.21878359 0.39410171 -0.89264639
vn -0.18211134 -0.22281941 -0.95769879
vn -0.073615806 -0.75040562 -0.65686537
vn 0.073268925 -0.99148167 -0.10768364
vn 0.073268925 -0.99148167 -0.10768364
vn 0.20000777 -0.85399648 0.48029877
vn 0.25083962 -0.39668447 0.88301807
vn 0.82540173 0.53534007 0.17922887
vn 0.63453308 0.47667044 0.60840205
vn 0.94864665 0.25656289 0.18505408
vn 0.90156417 -0.013749335 0.43242687
vn 0.94929542 -0.057216459 -0.30913506
vn 0.6554453 -0.5483528 0.51932712
vn 0.62058451 -0.35478 -0.69928965
vn 0.16649398 -0.88462798 0.43556066
vn 0.079395082 -0.5279198 -0.84557502
vn -0.38405183 -0.89954007 0.20816302
vn -0.48024444 -0.51935692 -0.70684769
vn -0.79440551 -0.60115229 -0.086809082
vn -0.87346921 -0.33994461 -0.34855301
vn -0.92690811 -0.10180392 -0.36121644
vn -0.9931152 -0.043562983 0.10874039
vn -0.9931152 -0.043562983 0.10874039
vn -0.72620262 0.43228186 -0.53456725
vn -0.72620262 0.43228186 -0.53456725
vn -0.53645012 0.41322669 0.73584304
vn -0.23269391 0.81690735 -0.52774608
vn 0.13435153 0.54144274 0.82993339
vn 0.39794343 0.88616621 -0.23738253
vn 0.56108949 0.28663106 0.77654441
vn 0.35989769 0.22806504 0.90468779
vn 0.15505243 0.73223773 0.66316412
vn 0.27993445 0.77574429 0.56555947
vn -0.1105793 0.97678845 0.18345718
vn -0.11192934 0.98279566 0.14691669
vn -0.34337093 0.86038282 -0.3766136
vn -0.47737252 0.8159622 -0.32606927
vn -0.44041673 0.37981913 -0.81349279
vn -0.66702899 0.32396985 -0.67090675
vn -0.33860352 -0.28022398 -0.89823281
vn -0.58658366 -0.29990267 -0.7523151
vn -0.10840954 -0.79044101 -0.60286846
vn -0.26766363 -0.8007363 -0.5358895
vn 0.15093709 -0.98443199 -0.090064707
vn 0.15093709 -0.98443199 -0.090064707
vn 0.14505097 -0.98391616 -0.10425552
vn 0.14505097 -0.98391616 -0.10425552
vn 0.35611114 -0.81863486 0.45057943
vn 0.48700372 -0.79073899 0.37088978
vn 0.43540865 -0.35804815 0.8259666
vn 0.64026662 -0.30590646 0.70461329
vn 0.67825198 0.3560406 0.64281362
vn 0.6297739 0.31192013 0.71140049
vn 0.33270343 0.79763087 0.50308392
vn 0.44187103 0.83200147 0.33544529
vn -0.091468083 0.99017157 0.10580099
vn 0.063739476 0.99295087 -0.099929231
vn -0.4867257 0.80763403 -0.33290445
vn -0.33238132 0.80522057 -0.49106262
vn -0.69805894 0.31474318 -0.64315663
vn -0.62093076 0.33551093 -0.70843307
vn -0.64009678 -0.29979619 -0.7073884
vn -0.68402831 -0.26993748 -0.67767177
vn -0.33046379 -0.80107856 -0.49906595
vn -0.45391174 -0.7896091 -0.41289417
vn 0.11056959 -0.98958222 -0.092203028
vn 0.11056959 -0.98958222 -0.092203028
vn 0.0042242498 -0.99992167 -0.011781991
vn 0.0042242498 -0.99992167 -0.011781991
vn 0.50352298 -0.78900321 0.35204906
vn 0.4530535 -0.79413293 0.40508693
vn 0.69681252 -0.28917116 0.65637821
vn 0.6902563 -0.26764303 0.67224508
vn 0.6572855 0.46662942 0.59180466
vn 0.68383422 0.39901258 0.61086801
vn 0.59703888 0.77803513 0.19546334
vn 0.8508638 0.51890638 0.082261507
vn 0.34329617 0.88103872 -0.32545125
vn 0.7662268 0.42459624 -0.48230128
vn -0.039088088 0.67439954 -0.73733126
vn 0.42073889 0.18286341 -0.8885605
vn -0.41522246 0.23704581 -0.87829357
vn -0.063679945 -0.12424873 -0.99020559
vn -0.63368445 -0.27226751 -0.72409559
vn -0.5184241 -0.37980798 -0.76614774
vn -0.55791891 -0.72659741 -0.40097718
vn -0.81570105 -0.45443659 -0.35793739
vn 0.059890267 -0.98615933 -0.15460571
vn 0.059890267 -0.98615933 -0.15460571
vn -0.68861906 0.44778982 -0.57034031
vn -0.68861906 0.44778982 -0.57034031
vn 0.64646451 -0.75022695 0.1387197
vn 0.10903566 0.72960628 -0.67511917
vn 0.70299233 -0.19437214 0.68412079
vn 0.29339207 0.52498312 0.79894544
vn 0.70226014 0.55177975 0.4498553
vn 0.65119109 0.50396892 0.56742003
vn 0.941614 0.085974387 0.32553261
vn 0.89691451 0.010560363 0.44207786
vn 0.92375782 -0.3823318 -0.022223749
vn 0.79140484 -0.54197758 0.28273428
vn 0.58294014 -0.72751533 -0.36180415
vn 0.40556028 -0.91353475 0.031226968
vn 0.040750992 -0.81795621 -0.57383533
vn -0.1245672 -0.96601605 -0.2264862
vn -0.50432859 -0.62701308 -0.59372323
vn -0.60505427 -0.68385882 -0.4077333
vn -0.86952057 -0.23166355 -0.43619488
vn -0.8664453 -0.17131954 -0.46895859
vn -0.95520541 0.23546336 -0.17927527
vn -0.95520541 0.23546336 -0.17927527
vn -0.81159662 0.4058848 -0.42020049
vn -0.81159662 0.4058848 -0.42020049
vn -0.563028 0.74947784 0.34825628
vn -0.38419359 0.89346019 -0.23264601
vn 0.17760594 0.74385623 0.64430896
vn 0.27285673 0.93343914 0.23289606
vn 0.91805294 0.012353927 -0.39626529
vn 0.50608817 0.32102983 -0.80050897
vn -0.14602366 0.51309413 -0.84582002
vn -0.71358471 0.42357057 -0.55801867
vn -0.71358471 0.42357057 -0.55801867
vn -0.98395709 0.16320828 -0.072052063
vn -0.89173299 -0.12735157 0.43427393
vn -0.49401419 -0.35466199 0.79382923
vn 0.081179131 -0.46038349 0.88400056
vn 0.63721058 -0.41563751 0.6490055
vn 0.9569017 -0.24185213 0.16076904
vn 0.97901481 -0.14172619 0.14643665
vn 0.7182292 -0.10900057 0.68721589
vn 0.19237763 -0.048558567 0.98011883
vn -0.40066636 0.026939893 0.91582788
vn -0.84353146 0.09654909 0.52833034
vn -0.98980688 0.13557158 -0.043619859
vn -0.77423627 0.11104059 -0.6230796
vn -0.77423627 0.11104059 -0.6230796
vn -0.20877783 0.001460462 -0.97796201
vn 0.44973369 -0.10511456 -0.88695577
vn 0.88353598 -0.14390998 -0.44570628
vn 0.84874098 0.52653709 -0.048963605
vn 0.38275392 0.92316952 0.035460851
vn -0.23287128 0.9666434 0.10663728
vn -0.75929455 0.63635741 0.13609202
vn -0.99153628 0.064560668 0.11263981
vn -0.84869626 -0.52679769 0.046891959
vn -0.38816386 -0.92087964 -0.036187195
vn 0.22323987 -0.96895679 -0.10623885
vn 0.22323987 -0.96895679 -0.10623885
vn 0.75270276 -0.64407289 -0.13641358
vn 0.99089167 -0.070947217 -0.11445611
vn 0.60654923 0.311269 0.73158023
vn 0.85212447 0.49210478 0.17809207
vn 0.37937775 0.89715051 0.2262598
vn 0.24350145 0.78713052 0.56668561
vn -0.24122625 0.95244184 0.18618388
vn -0.2057125 0.96068173 0.18647513
vn -0.76561768 0.63928264 0.07174456
vn -0.57518986 0.7748182 -0.26232304
vn -0.99369731 0.087260167 -0.070365587
vn -0.73053879 0.30477301 -0.61108632
vn -0.85073864 -0.49184078 -0.18530089
vn -0.6201212 -0.27294863 -0.73549218
vn -0.39405741 -0.88950178 -0.23131222
vn -0.28368053 -0.753047 -0.59367127
vn 0.21427089 -0.95790945 -0.19104312
vn 0.21427089 -0.95790945 -0.19104312
vn 0.16606255 -0.95904631 -0.22946331
vn 0.16606255 -0.95904631 -0.22946331
vn 0.74709068 -0.66001336 -0.078980295
vn 0.56367889 -0.79264452 0.23233764
vn 0.99260169 -0.10458899 0.061668727
vn 0.73646439 -0.29896149 0.60682965
vn 0.85468072 0.51850965 0.025857518
vn 0.38590128 0.91726267 0.098536232
vn -0.23369604 0.96313387 0.13326404
vn -0.76267187 0.63642226 0.11531836
vn -0.99621845 0.069406361 0.052264288
vn -0.85436911 -0.51880207 -0.029963929
vn -0.39430985 -0.9134518 -0.10062581
vn 0.21859185 -0.96657974 -0.13394481
vn 0.21859185 -0.96657974 -0.13394481
vn 0.75222485 -0.6484264 -0.11705118
vn 0.99526956 -0.079277413 -0.05615683
vn 0.82246742 0.44656472 0.35231702
vn 0.3495719 0.86057982 0.37040769
vn -0.25700524 0.93597608 0.24061814
vn -0.75863347 0.65129969 0.016851512
vn -0.96931376 0.1258035 -0.21119734
vn -0.82231575 -0.44181347 -0.35860517
vn -0.37408048 -0.84839231 -0.37455878
vn 0.21857166 -0.94254936 -0.25264034
vn 0.21857166 -0.94254936 -0.25264034
vn 0.73531199 -0.67679989 -0.035470959
vn 0.96994083 -0.14453598 0.19576552
vn 0.74153265 0.37864096 0.55385951
vn 0.29470557 0.81374157 0.50097233
vn -0.257702 0.93336681 0.24983209
vn -0.70828723 0.69957774 -0.094446762
vn -0.89374225 0.20696811 -0.39798116
vn -0.7523379 -0.35878305 -0.55250557
vn -0.33487446 -0.79378481 -0.5077054
vn 0.21548108 -0.93610795 -0.27797446
vn 0.21548108 -0.93610795 -0.27797446
vn 0.69387239 -0.71757036 0.060281623
vn 0.89967904 -0.21095763 0.38219695
vn 0.41696252 0.25595874 0.87213954
vn 0.18795412 0.77085738 0.60864781
vn -0.11534072 0.98609236 0.11965939
vn -0.37642065 0.8305259 -0.41052921
vn -0.49608883 0.36943978 -0.78575449
vn -0.43339227 -0.22326795 -0.87311085
vn -0.21352969 -0.73661545 -0.64171859
vn 0.085301537 -0.98272498 -0.16424147
vn 0.085301537 -0.98272498 -0.16424147
vn 0.35284524 -0.85032055 0.39045511
vn 0.48141765 -0.37071123 0.79423563
vn 0.12039094 0.75265542 0.64731433
vn -0.056122858 0.99313927 0.10258955
vn -0.21516717 0.85179561 -0.4776477
vn -0.29191256 0.39106519 -0.8728431
vn -0.2579424 -0.21131852 -0.94276731
vn -0.12858963 -0.73709804 -0.66343891
vn 0.045998454 -0.99056682 -0.12907952
vn 0.045998454 -0.99056682 -0.12907952
vn 0.1989006 -0.86413754 0.46228224
vn 0.2736639 -0.39939101 0.8749828
vn 0.2446915 0.22034857 0.94423121
vn 0.2196781 0.57875027 -0.78535957
vn 0.099185808 0.9489436 -0.29944652
vn -0.067974869 0.95203168 0.29835398
vn -0.21585366 0.59232067 0.77624959
vn -0.28289181 0.016499462 0.9590099
vn -0.24390017 -0.56099539 0.79107325
vn -0.11499822 -0.93654634 0.33114401
vn 0.053284005 -0.96321507 -0.26339618
vn 0.053284005 -0.96321507 -0.26339618
vn 0.19347293 -0.61345499 -0.7656639
vn 0.2545518 -0.01962054 -0.96686008
vn 0.83940896 0.53110437 -0.11541555
vn 0.37639259 0.92623787 -0.020298154
vn -0.23333596 0.96883261 0.083172738
vn -0.75471346 0.63754635 0.15473282
vn -0.98402455 0.063304828 0.16639767
vn -0.83957243 -0.53092742 0.11504003
vn -0.3788863 -0.92521994 0.020327878
vn 0.22941466 -0.96981302 -0.082653629
vn 0.22941466 -0.96981302 -0.082653629
vn 0.75220467 -0.640553 -0.15453151
vn 0.9838122 -0.0656428 -0.16674704
vn 0.76269631 0.55545867 -0.33130049
vn 0.90206519 -0.053506552 -0.4282703
vn 0.67686708 -0.64393163 -0.35665531
vn 0.1852774 -0.97242742 -0.14162346
vn 0.1852774 -0.97242742 -0.14162346
vn -0.36538235 -0.92167605 0.13041855
vn -0.76986113 -0.53117798 0.35378496
vn -0.89285008 0.049917458 0.44757902
vn -0.6909887 0.61676846 0.37700303
vn -0.22866265 0.95930022 0.16569998
vn 0.32639349 0.93936625 -0.1051586
vn 0.64376221 0.57518379 -0.50471162
vn 0.26984976 0.94780391 -0.16984948
vn -0.19622818 0.95378274 0.22758071
vn -0.58385076 0.60522874 0.54112519
vn -0.75472604 0.037239272 0.65498232
vn -0.65261113 -0.54054278 0.53095406
vn -0.31520753 -0.92431189 0.21515516
vn 0.14518064 -0.97246874 -0.1822831
vn 0.14518064 -0.97246874 -0.1822831
vn 0.56501434 -0.64473669 -0.51485279
vn 0.76515733 -0.043069112 -0.6424012
vn 0.82111988 0.53888657 -0.18805163
vn 0.36234255 0.93053223 -0.053081514
vn -0.23481762 0.96625915 0.10584863
vn -0.74086218 0.63198709 0.22741054
vn -0.963018 0.060374565 0.2625857
vn -0.82438496 -0.53014781 0.19832482
vn -0.37762549 -0.92400954 0.060044637
vn 0.2183149 -0.97079038 -0.099522075
vn 0.2183149 -0.97079038 -0.099522075
vn 0.73586337 -0.64100247 -0.21822221
vn 0.96607431 -0.061078881 -0.25093784
vn 0.8333574 0.53339192 -0.14494308
vn 0.37186641 0.92752334 -0.037627437
vn -0.23423281 0.968433 0.08527904
vn -0.75093991 0.63647897 0.17602206
vn -0.97794451 0.06309819 0.19910587
vn -0.83498754 -0.53035572 0.14669227
vn -0.37742219 -0.92521443 0.03912479
vn 0.22802584 -0.97004753 -0.083737686
vn 0.22802584 -0.97004753 -0.083737686
vn 0.74857729 -0.63973337 -0.17427926
vn 0.97833182 -0.063365695 -0.19710819
vn -0.78527956 0.58853013 -0.19227141
vn -0.29947243 0.95136194 -0.072296114
vn 0.30371839 0.94946773 0.079159141
vn 0.7880174 0.58126939 0.20286563
vn 0.96848402 -0.0038291448 0.24904627
vn 0.78695523 -0.58336013 0.20097865
vn 0.31013561 -0.94752439 0.077546278
vn -0.29172629 -0.95360061 -0.074442171
vn -0.29172629 -0.95360061 -0.074442171
vn -0.78436599 -0.58881905 -0.19509516
vn -0.9710722 0.0020985906 -0.23877683
vn 0.0089255644 0.57535796 -0.81785301
vn 0.0042313377 0.94612195 -0.32378288
vn -0.00040370849 0.95519598 0.29597378
vn -0.0035051036 0.59759573 0.80178991
vn -0.0053051272 0.015842703 0.99986042
vn -0.0055702739 -0.56817299 0.82289029
vn -0.0034821793 -0.9413522 0.33740763
vn 0.0015082632 -0.95939539 -0.28206064
vn 0.0015082632 -0.95939539 -0.28206064
vn 0.0074856984 -0.60478889 -0.79635065
vn 0.01059745 -0.015937778 -0.99981682
vn -0.27765879 0.59760285 -0.75218112
vn -0.093406116 0.95645272 -0.27653842
vn 0.13992582 0.94656881 0.29056539
vn 0.32980175 0.58451564 0.74133142
vn 0.39844823 0.012218947 0.91710943
vn 0.32053689 -0.56082746 0.76336666
vn 0.12719709 -0.93420093 0.33330094
vn -0.10676469 -0.96674127 -0.23240616
vn -0.10676469 -0.96674127 -0.23240616
vn -0.28814751 -0.62130541 -0.72866357
vn -0.35014299 -0.012353906 -0.93661479
vn 0.38892911 0.5824922 -0.71374854
vn 0.45404008 -0.026321215 -0.89059239
vn 0.34023265 -0.62681295 -0.70096167
vn 0.088400909 -0.96776462 -0.23583238
vn 0.088400909 -0.96776462 -0.23583238
vn -0.20255407 -0.93086645 0.30407153
vn -0.42030216 -0.55268213 0.71964474
vn -0.48564839 0.022241117 0.87387126
vn -0.37325686 0.59313058 0.71335505
vn -0.12211314 0.95047659 0.28580174
vn 0.1699374 0.95107598 -0.2580228
vn 0.031573958 0.94601789 -0.32257285
vn -0.023798547 0.95533743 0.29455733
vn -0.071173721 0.59780205 0.79847793
vn -0.091566386 0.015307531 0.99568131
vn -0.077168202 -0.56911622 0.818628
vn -0.03373348 -0.94165641 0.33488095
vn 0.022017379 -0.95942231 -0.28111221
vn 0.022017379 -0.95942231 -0.28111221
vn 0.068393472 -0.60540178 -0.79297605
vn 0.087722119 -0.016591561 -0.9960068
vn 0.073694779 0.57511806 -0.81474432
vn -0.81230496 0.53655016 0.22863635
vn -0.31777119 0.9099947 0.26632896
vn 0.30058179 0.93268282 0.1993824
vn 0.80132832 0.59584863 0.053266664
vn 0.99302717 0.035952921 -0.11226943
vn 0.81353988 -0.53241898 -0.23384376
vn 0.33259433 -0.90404621 -0.26847992
vn -0.27899681 -0.93845405 -0.20362902
vn -0.27899681 -0.93845405 -0.20362902
vn -0.78949652 -0.61062786 -0.061877887
vn -0.99366716 -0.044461845 0.10319262
vn -0.79785449 0.58677835 -0.13827288
vn -0.31114434 0.94984882 -0.031247718
vn 0.29749205 0.95063542 0.088265388
vn 0.79275463 0.58431875 0.17352722
vn 0.98149506 -0.0040678018 0.19144427
vn 0.79829843 -0.58650775 0.1368513
vn 0.31494998 -0.94860196 0.030997152
vn -0.29176099 -0.95248258 -0.087478312
vn -0.29176099 -0.95248258 -0.087478312
vn -0.78922412 -0.58914187 -0.1733123
vn -0.98128022 0.00059993963 -0.19258444
vn -0.82069293 0.56294519 0.097753938
vn -0.32612343 0.93153607 0.16088525
vn 0.29603411 0.94137394 0.16179899
vn 0.80314377 0.58744123 0.099362451
vn 0.99992306 0.012358735 -0.0010632928
vn 0.82064528 -0.56257996 -0.1002253
vn 0.335553 -0.92801983 -0.16181277
vn -0.28046857 -0.94592798 -0.16296514
vn -0.28046857 -0.94592798 -0.16296514
vn -0.79333982 -0.60013967 -0.10219735
vn -0.99975473 -0.021998353 -0.0025607627
vn -0.81230446 0.58140514 -0.046146767
vn -0.32072466 0.94622996 0.042243979
vn 0.29636376 0.94814926 0.11481075
vn 0.79939742 0.58368211 0.14240423
vn 0.99338978 -0.0014069682 0.11478136
vn 0.81250892 -0.5812836 0.044029875
vn 0.3277607 -0.94379265 -0.042759266
vn -0.28509137 -0.95167163 -0.11421044
vn -0.28509137 -0.95167163 -0.11421044
vn -0.79230351 -0.59320416 -0.14270235
vn -0.99314869 -0.0058575013 -0.11671066
vn -0.30742887 0.94992122 -0.056010352
vn 0.29720049 0.95155302 0.078858872
vn 0.7892985 0.58581151 0.18393681
vn 0.97597817 -0.0033964649 0.21784187
vn 0.79148641 -0.58732307 0.16911795
vn 0.30809526 -0.94968528 0.056348712
vn -0.29595338 -0.95196869 -0.078531642
vn -0.29595338 -0.95196869 -0.078531642
vn -0.78836662 -0.58711656 -0.18377218
vn -0.97594758 0.0022033827 -0.21799419
vn -0.79147246 0.58729478 -0.16928137
vn -0.87474017 -0.12835948 0.46728309
vn -0.85982928 0.44699214 0.24676231
vn -0.51815129 0.84765339 -0.11403055
vn 0.083893958 0.91615645 -0.39194281
vn 0.63928042 0.58879189 -0.49461566
vn 0.88597526 0.019412347 -0.46332602
vn 0.78173669 -0.54916891 -0.29546787
vn 0.40781116 -0.9126296 -0.028235944
vn 0.40781116 -0.9126296 -0.028235944
vn -0.10156863 -0.96082462 0.25787568
vn -0.5866733 -0.66774968 0.45817552
vn -0.48001912 0.33527699 0.81066083
vn -0.13675239 0.23482447 0.96237012
vn -0.5954174 0.1527003 0.78877166
vn -0.59561268 0.65004591 0.47189602
vn -0.05723576 0.75083085 0.65800996
vn -0.13345908 0.80299612 0.5808493
vn -0.38911517 0.92108675 -0.01373231
vn 0.048038322 0.99283136 0.10944503
vn 0.26104175 0.95617056 0.13264639
vn -0.045334785 0.86689351 -0.49642764
vn 0.13570739 0.86311151 -0.48643811
vn 0.55652621 0.74836505 -0.36087162
vn 0.32382775 0.50762309 -0.7984074
vn 0.16292648 0.40419585 -0.90004482
vn 0.64496429 0.26555813 -0.71658911
vn 0.61328283 -0.054157262 -0.78800454
vn 0.11676361 -0.20736025 -0.97127133
vn 0.49800246 -0.31049224 -0.80968396
vn 0.65081031 -0.64783759 -0.39591969
vn 0.023624134 -0.74181373 -0.67018975
vn 0.16947468 -0.77471886 -0.60917076
vn 0.3587339 -0.92259248 0.14189115
vn 0.3587339 -0.92259248 0.14189115
vn -0.073164857 -0.99210541 -0.10185165
vn -0.073164857 -0.99210541 -0.10185165
vn -0.22588161 -0.957545 -0.17912307
vn -0.22588161 -0.957545 -0.17912307
vn -0.035241898 -0.8065822 0.59007048
vn -0.14215811 -0.84841489 0.50988552
vn -0.54000838 -0.77391417 0.33082897
vn -0.38783372 -0.3967056 0.83199139
vn -0.1663777 -0.37291285 0.91282773
vn -0.64001879 -0.27532471 0.71733692
vn -0.76183314 0.043223024 0.64632966
vn -0.84629472 -0.05054335 0.53031181
vn -0.85203439 0.47117078 0.22811291
vn -0.77208547 0.54539648 0.32623105
vn -0.54347112 0.82290284 -0.16574093
vn -0.50784943 0.85366204 -0.11554252
vn -0.018591184 0.86490178 -0.50159672
vn -0.054762699 0.85300511 -0.51902151
vn 0.52615811 0.56545861 -0.63514896
vn 0.43508988 0.5357474 -0.72365152
vn 0.85992388 0.037754694 -0.50902406
vn 0.77876671 -0.0013241796 -0.62731225
vn 0.8446328 -0.50129785 -0.18787204
vn 0.79207967 -0.55154756 -0.26154365
vn 0.50218411 -0.84145334 0.19941766
vn 0.50218411 -0.84145334 0.19941766
vn 0.46824726 -0.86210805 0.19368585
vn 0.46824726 -0.86210805 0.19368585
vn -0.024833513 -0.85850772 0.51219897
vn -0.019257843 -0.82347572 0.56702459
vn -0.53520717 -0.55465908 0.63710799
vn -0.48112164 -0.47521195 0.73667874
vn -0.29146988 0.22955546 0.92862781
vn -0.25411528 0.74147067 0.62100456
vn -0.11929514 0.98885638 0.089060264
vn 0.053887188 0.87677842 -0.47786585
vn 0.18060145 0.43977635 -0.87976126
vn 0.19938765 -0.18202267 -0.96286672
vn 0.13416751 -0.75311603 -0.64406158
vn 0.040833051 -0.9983379 -0.04067071
vn 0.040833051 -0.9983379 -0.04067071
vn -0.089216857 -0.83121723 0.54874245
vn -0.22269793 -0.36281497 0.90485962
vn -0.14751671 0.23559901 0.96058936
vn -0.0047863054 0.7541276 0.65671048
vn 0.14243197 0.98438838 0.10340523
vn 0.23796705 0.83968513 -0.48816039
vn 0.24410548 0.38004662 -0.89217547
vn 0.15849599 -0.21777369 -0.96304394
vn 0.013305041 -0.73679669 -0.67598344
vn -0.13679302 -0.98240857 -0.12712617
vn -0.13679302 -0.98240857 -0.12712617
vn -0.23187504 -0.84684648 0.47862825
vn -0.2345065 -0.3772231 0.89594053
vn -0.28055791 0.26883991 0.92141867
vn -0.048066819 0.77058663 0.63552012
vn 0.20515834 0.97252227 0.11004769
vn 0.38386308 0.80474214 -0.45281257
vn 0.41965297 0.33874059 -0.84210819
vn 0.30057496 -0.24783445 -0.92099554
vn 0.070396067 -0.74532915 -0.66296972
vn -0.18705021 -0.9706593 -0.15110504
vn -0.18705021 -0.9706593 -0.15110504
vn -0.37100396 -0.822739 0.43064672
vn -0.40565829 -0.34485594 0.84647252
vn -0.66072104 0.41649131 0.62448595
vn -0.2206345 0.84232291 0.49174438
vn 0.29745154 0.93960429 0.16931143
vn 0.69818185 0.68258195 -0.21592589
vn 0.8371044 0.17569159 -0.51806243
vn 0.67123653 -0.39167786 -0.62930913
vn 0.26105842 -0.81817067 -0.51229411
vn -0.25295034 -0.94565958 -0.20431368
vn -0.25295034 -0.94565958 -0.20431368
vn -0.68049181 -0.70857651 0.18668217
vn -0.84173859 -0.1827715 0.50800661
vn -0.28037892 0.87724903 0.38964317
vn 0.30821832 0.92930713 0.20344465
vn 0.77476267 0.62908499 -0.063205151
vn 0.94751394 0.096585259 -0.30477634
vn 0.77117988 -0.46814851 -0.43141462
vn 0.31159747 -0.86202188 -0.39978156
vn -0.27106535 -0.93682625 -0.22108855
vn -0.27106535 -0.93682625 -0.22108855
vn -0.75941348 -0.64932476 0.040847554
vn -0.9524733 -0.10125405 0.28730165
vn -0.76573756 0.48572529 0.42156486
vn -0.18106637 -0.93367043 0.30898949
vn 0.32203064 -0.92252966 0.2126859
vn 0.58310894 -0.7395448 -0.33624017
vn -0.68640644 -0.7212894 0.092670367
vn 0.58883177 -0.21309685 -0.77965818
vn -0.94842366 -0.2701846 -0.16580969
vn -0.94842366 -0.2701846 -0.16580969
vn 0.34990798 0.40003995 -0.84707287
vn -0.8875679 0.27309268 -0.37100351
vn -0.015893155 0.81377787 -0.58095868
vn -0.52393414 0.73098546 -0.43721079
vn -0.38475132 0.91474073 -0.12335242
vn 0.0032346994 0.94765127 -0.31929079
vn -0.62643705 0.6858993 0.37029552
vn 0.50652086 0.86163067 -0.032081075
vn -0.64745237 0.21045582 0.73247101
vn -0.64745237 0.21045582 0.73247101
vn 0.89784158 0.32442443 0.29770671
vn -0.434408 -0.3391278 0.83443515
vn 0.82132478 -0.42848776 0.37659506
vn -0.066066711 -0.76468586 0.64100759
vn 0.39199309 -0.82750519 0.4019659
vn -0.16387909 -0.8509436 0.4990377
vn 0.017593206 -0.99637737 0.083202299
vn 0.097097003 -0.75708873 0.64605636
vn -0.67420716 -0.55082982 0.49196668
vn 0.12997488 -0.23819685 0.96248054
vn -0.94441946 -0.064910241 0.32227092
vn -0.94441946 -0.064910241 0.32227092
vn 0.1105974 0.36512004 0.92436766
vn 0.1105974 0.36512004 0.92436766
vn -0.89408109 0.44541805 0.047135687
vn 0.052477039 0.83526569 0.54733663
vn -0.53750771 0.80393749 -0.25449944
vn -0.021746844 0.99918853 -0.033902024
vn -0.0052623545 0.86561074 -0.50068988
vn -0.090704872 0.78816389 -0.60874486
vn 0.51188799 0.56773807 -0.64470471
vn -0.13574677 0.26746919 -0.95395652
vn 0.85852601 -0.05649591 -0.50964821
vn -0.13522053 -0.36552346 -0.9209278
vn 0.8137252 -0.58026169 -0.03387729
vn -0.075938065 -0.85139023 -0.51900682
vn 0.4078391 -0.85510674 0.32009332
vn -0.3504752 -0.90866307 0.22693295
vn -0.41556131 -0.82839625 -0.3755908
vn -0.31708101 -0.45076425 -0.83442868
vn -0.31708101 -0.45076425 -0.83442868
vn -0.094256019 0.075513913 -0.99267993
vn 0.16372841 0.56543902 -0.80837598
vn 0.36394301 0.86475457 -0.34604194
vn 0.42856307 0.86858472 0.24878559
vn 0.32388708 0.55944753 0.76296502
vn 0.096162495 0.01364727 0.99527209
vn -0.15785704 -0.60326836 0.78175983
vn 0.24396472 -0.76971641 0.58993039
vn 0.49509579 -0.18535166 0.84883739
vn 0.51364581 0.49764211 0.69894228
vn 0.39252532 0.89186151 0.22473747
vn 0.11286793 0.94729001 -0.29983739
vn -0.24240631 0.682798 -0.68922135
vn -0.53616531 0.18212064 -0.82423227
vn -0.63991406 -0.38608389 -0.66441646
vn -0.63991406 -0.38608389 -0.66441646
vn -0.49953809 -0.81905298 -0.28215938
vn -0.16018608 -0.97070244 0.17910109
vn -0.66014117 -0.30255663 0.68751227
vn -0.26471523 0.19961375 0.94344062
vn 0.20180224 0.6155712 0.76180572
vn 0.51111324 0.81702849 0.2668852
vn 0.64038832 0.70065279 -0.31462432
vn 0.56727224 0.30583569 -0.76463504
vn 0.30608455 -0.20990304 -0.92857577
vn -0.065065593 -0.64157952 -0.76429195
vn -0.065065593 -0.64157952 -0.76429195
vn -0.43462995 -0.83056312 -0.34822652
vn -0.68427572 -0.70489183 0.18680002
vn -0.69320112 0.39501458 0.60285627
vn -0.14242614 0.86317602 0.48439856
vn 0.44444624 0.89196123 0.082901812
vn 0.74395692 0.58095705 -0.33017724
vn 0.80356844 0.074575202 -0.59052206
vn 0.61399076 -0.4790097 -0.62734763
vn 0.20688011 -0.88068223 -0.42614484
vn 0.20688011 -0.88068223 -0.42614484
vn -0.28200893 -0.95692134 -0.069083359
vn -0.67001574 -0.68374478 0.28908819
vn -0.83230445 -0.18201523 0.52358357
vn 0.83865014 -0.2266239 -0.49528532
vn 0.83865075 -0.22662534 -0.49528363
vn 0.1114923 -0.99345237 -0.024936987
vn 0.1114923 -0.99345237 -0.024936987
vn -0.16446195 -0.83774875 -0.52070078
vn -0.16446195 -0.83774875 -0.52070078
vn -0.26692463 -0.38004926 -0.88561493
vn -0.26692463 -0.38004926 -0.88561493
vn -0.013818608 0.15035785 -0.98853506
vn -0.013818608 0.15035785 -0.98853506
vn 0.19147607 0.62107517 -0.76000168
vn 0.19147607 0.62107517 -0.76000168
vn 0.32682912 0.91669207 -0.22990948
vn 0.32682912 0.91669207 -0.22990948
vn 0.57602703 0.7628439 0.29370403
vn 0.57602703 0.7628439 0.29370403
vn 0.7121402 0.28613895 0.64107787
vn 0.7121402 0.28613895 0.64107787
vn 0.7121402 0.28613895 0.64107787
vn 0.76953304 -0.33517122 0.54357994
vn 0.76953304 -0.33517122 0.54357994
vn 0.55540039 -0.77680052 0.29683558
vn 0.55540039 -0.77680052 0.29683558
vn -0.075369475 -0.99315753 0.089205158
vn -0.3502858 -0.82720799 -0.43934816
vn -0.49171831 -0.34140144 -0.80103568
vn -0.44190205 0.27713444 -0.85318174
vn -0.22178274 0.78510594 -0.57829152
vn 0.080465749 0.99287668 -0.087870121
vn 0.35191538 0.8286877 0.43523817
vn 0.49197884 0.34968468 0.79729383
vn 0.49197884 0.34968468 0.79729383
vn 0.44479119 -0.26645833 0.85507939
vn 0.22768851 -0.77969021 0.58330191
vn -0.22665358 -0.84125294 -0.49083771
vn -0.34782325 -0.35926594 -0.86599479
vn -0.32990612 0.26625444 -0.90568788
vn -0.18243829 0.78661579 -0.58987445
vn 0.027062241 0.99858218 -0.045839525
vn 0.21667146 0.83126857 0.51190433
vn 0.32291859 0.35747232 0.87632022
vn 0.32291859 0.35747232 0.87632022
vn 0.31221152 -0.25018779 0.91647697
vn 0.1838125 -0.76961588 0.61147719
vn -0.021350627 -0.99711618 0.072824957
vn 0.15714947 -0.98137498 0.11048612
vn 0.25044158 -0.83126791 -0.49625868
vn 0.24733014 -0.32826305 -0.91163105
vn 0.14871236 0.31012988 -0.938991
vn -0.019595619 0.80236623 -0.59651022
vn -0.19240943 0.98031318 -0.044324674
vn -0.29911586 0.80222735 0.51668267
vn -0.29668241 0.33673024 0.89363991
vn -0.29668241 0.33673024 0.89363991
vn -0.18466733 -0.25339548 0.94957291
vn -0.0088525309 -0.75471291 0.65599547
vn 0.92943498 0.33724337 -0.14972482
vn 0.94817147 -0.11745704 0.29525363
vn 0.61006064 -0.5177424 0.59980733
vn 0.05514793 -0.73035757 0.68083517
vn -0.50984093 -0.68353329 0.52234516
vn -0.89531493 -0.40354734 0.18857552
vn -0.97655983 0.018775051 -0.21442571
vn -0.70705837 0.44119534 -0.55264377
vn -0.70705837 0.44119534 -0.55264377
vn -0.16422968 0.69804755 -0.69696358
vn 0.48031565 0.67171078 -0.56400489
vn 0.69068247 -0.48938513 -0.53240955
vn 0.25709237 -0.29443596 -0.92044065
vn -0.27240773 0.0263393 -0.96182133
vn -0.69713273 0.33701519 -0.63279279
vn -0.85612827 0.51199928 -0.070008081
vn -0.69747675 0.49990763 0.51343797
vn -0.26437661 0.31251585 0.91238087
vn 0.29243041 0.0099871645 0.95623465
vn 0.29243041 0.0099871645 0.95623465
vn 0.72922491 -0.29440999 0.6177004
vn 0.87271209 -0.48566735 0.050008261
vn -0.75101572 0.5973261 -0.28138393
vn -0.27084526 0.95615423 -0.11140884
vn 0.30221773 0.94547146 0.121442
vn 0.7502694 0.57696365 0.32281383
vn 0.9147288 -0.0017398276 0.40406459
vn 0.74637417 -0.57672153 0.33214136
vn 0.30273817 -0.94288159 0.13901042
vn -0.26863356 -0.95860947 -0.094360436
vn -0.26863356 -0.95860947 -0.094360436
vn -0.75262933 -0.59918114 -0.27300377
vn -0.94084245 0.00094105764 -0.33884302
vn -0.18399073 0.96123233 -0.20537727
vn 0.24899789 0.94177507 0.22596407
vn 0.5841688 0.57480873 0.57301111
vn 0.70484165 0.0047597423 0.70934871
vn 0.57573719 -0.56332261 0.59261651
vn 0.23971392 -0.93429227 0.26388482
vn -0.19383456 -0.96709388 -0.16479558
vn -0.19383456 -0.96709388 -0.16479558
vn -0.56923933 -0.62328352 -0.53617557
vn -0.7196143 -0.0057618653 -0.6943501
vn -0.55926825 0.61125005 -0.55999322
vn -0.02665068 0.94865442 -0.31518968
vn 0.039164903 0.95313769 0.29999109
vn 0.094912278 0.59466244 0.79835345
vn 0.11500982 0.015888496 0.99323728
vn 0.090626047 -0.56522698 0.8199423
vn 0.033160254 -0.93916613 0.34185871
vn -0.032371761 -0.96140752 -0.27321721
vn -0.032371761 -0.96140752 -0.27321721
vn -0.079787962 -0.60839862 -0.78961067
vn -0.094932664 -0.015233511 -0.99536713
vn -0.075964999 0.58000842 -0.81106075
vn 0.8666746 0.22319013 -0.44616288
vn 0.99425238 0.0067142085 0.10685095
vn 0.75694426 -0.20200679 0.62147297
vn 0.24463283 -0.33726574 0.90906908
vn -0.35450854 -0.35307979 0.86582813
vn -0.82582985 -0.23953394 0.51051792
vn -0.99918673 -0.023584823 -0.032705152
vn -0.7880288 0.22644299 -0.57248073
vn -0.7880288 0.22644299 -0.57248073
vn -0.24056635 0.39078395 -0.88849071
vn 0.40417395 0.37749757 -0.83315005
vn 0.61702189 0.61205718 -0.49464128
vn 0.61702189 0.61205718 -0.49464128
vn 0.20200989 0.38412601 -0.90091021
vn 0.20200989 0.38412601 -0.90091021
vn -0.3592665 0.091511663 -0.92873742
vn -0.3592665 0.091511663 -0.92873742
vn -0.78875846 -0.1950433 -0.58293927
vn -0.78875846 -0.1950433 -0.58293927
vn -0.95324622 -0.30087731 -0.028186567
vn -0.95324622 -0.30087731 -0.028186567
vn -0.78494482 -0.31175658 0.53541523
vn -0.78494482 -0.31175658 0.53541523
vn -0.31107042 -0.2223823 0.92400287
vn -0.31107042 -0.2223823 0.92400287
vn 0.26108916 0.052863482 0.96386612
vn 0.26108916 0.052863482 0.96386612
vn 0.26108916 0.052863482 0.96386612
vn 0.70286954 0.34110668 0.624196
vn 0.70286954 0.34110668 0.624196
vn 0.80188433 0.59277573 0.074822795
vn 0.80188433 0.59277573 0.074822795
vn 0.89280248 0.34761286 -0.28647694
vn 0.88872716 -0.21938365 -0.40253554
vn 0.58398858 -0.72376887 -0.36758124
vn 0.071901907 -0.97788156 -0.19641223
vn -0.46442428 -0.88500964 0.032680593
vn -0.84592697 -0.48943071 0.21181392
vn -0.96670393 0.079958941 0.2430845
vn -0.694858 0.70495551 0.1421622
vn -0.694858 0.70495551 0.1421622
vn 0.067794149 0.99068924 0.1180626
vn 0.60668527 0.79193102 -0.069124832
vn 0.8642625 0.28581222 -0.41395857
vn 0.99336962 -0.11060925 0.031342992
vn 0.75506247 -0.46656304 0.46065128
vn 0.23949599 -0.65102536 0.72028304
vn -0.36166572 -0.59653861 0.71647721
vn -0.83065593 -0.32500706 0.45208531
vn -0.99755841 0.068145014 0.015279608
vn -0.78056159 0.44181175 -0.44218321
vn -0.78056159 0.44181175 -0.44218321
vn -0.2373423 0.64152685 -0.72946003
vn 0.40104092 0.5768966 -0.71158731
vn 0.90485329 0.33003947 -0.26891351
vn 0.87602143 0.31826174 -0.3623478
vn 0.98230323 -0.18304772 -0.039672383
vn 0.95322211 -0.2491636 -0.17112891
vn 0.72895791 -0.62132789 0.28735346
vn 0.66765804 -0.7443105 -0.015317253
vn 0.21035972 -0.83432163 0.50956473
vn 0.14464989 -0.97801732 0.15019499
vn -0.38200905 -0.74333285 0.54911325
vn -0.42811267 -0.86438713 0.26373173
vn -0.83560835 -0.38601213 0.39083668
vn -0.84850621 -0.44975481 0.2788509
vn -0.9907537 0.11008642 0.079297452
vn -0.97664452 0.12025686 0.17805554
vn -0.76933885 0.56931013 -0.28983393
vn -0.76933885 0.56931013 -0.28983393
vn -0.74610643 0.66537956 -0.024397365
vn -0.74610643 0.66537956 -0.024397365
vn -0.21543682 0.8031288 -0.55549178
vn -0.13984582 0.96357949 -0.22794234
vn 0.42926001 0.6999547 -0.57078828
vn 0.52165088 0.80098482 -0.29377489
vn 0.62518989 0.57912945 -0.52320807
vn 0.79944726 0.43167938 -0.41777624
vn 0.71593778 -0.073033985 -0.69433359
vn 0.40694217 0.17636973 -0.89626547
vn 0.38553426 -0.56043445 -0.73299152
vn 0.03906969 -0.28930146 -0.95644039
vn -0.079392718 -0.85188528 -0.51767583
vn -0.34869272 -0.64888043 -0.67628957
vn -0.51048975 -0.84910729 -0.13570931
vn -0.60302429 -0.78226994 -0.15625442
vn -0.76781419 -0.58316008 0.26530303
vn -0.60797062 -0.66833976 0.42859502
vn -0.79966681 -0.19602437 0.56754509
vn -0.31057438 -0.34584847 0.88539957
vn -0.13695866 0.6317496 0.76297757
vn -0.13695866 0.6317496 0.76297757
vn 0.14635934 0.16150452 0.97595862
vn 0.14635934 0.16150452 0.97595862
vn 0.30078784 0.86753679 0.39611438
vn 0.47331833 0.63336061 0.6122288
vn 0.62691892 0.77905084 -0.0072431155
vn 0.63949332 0.76795885 0.035881585
vn 0.20534323 -0.20362274 0.95727318
vn 0.084423198 -0.73151421 0.6765794
vn -0.061612399 -0.98946657 0.13099549
vn -0.17511716 -0.86223819 -0.4752676
vn -0.21878605 -0.39410154 -0.89264586
vn -0.18211146 0.22281622 -0.95769951
vn -0.073618451 0.75040688 -0.65686364
vn 0.073265788 0.99148315 -0.10767215
vn 0.073265788 0.99148315 -0.10767215
vn 0.20000296 0.85399481 0.48030374
vn 0.25078597 0.39667961 0.88303549
vn 0.82540281 -0.53533808 0.17922986
vn 0.63449173 -0.47669504 0.6084259
vn 0.94864685 -0.25656438 0.185051
vn 0.90156316 0.013751309 0.43242892
vn 0.94929574 0.057215652 -0.30913421
vn 0.65544529 0.54835142 0.5193286
vn 0.62058441 0.35477923 -0.69929013
vn 0.16649542 0.8846271 0.4355619
vn 0.079392019 0.52792104 -0.84557453
vn -0.38405856 0.89953826 0.20815843
vn -0.48024481 0.51935946 -0.70684558
vn -0.79438831 0.60116796 -0.086857941
vn -0.87346656 0.33995369 -0.3485508
vn -0.9269092 0.10180246 -0.36121406
vn -0.99311329 0.043590834 0.1087466
vn -0.99311329 0.043590834 0.1087466
vn -0.72620034 -0.43228513 -0.53456771
vn -0.72620034 -0.43228513 -0.53456771
vn -0.53645884 -0.41321045 0.7358458
vn -0.23269933 -0.81690662 -0.52774482
vn 0.1342995 -0.54144232 0.82994208
vn 0.39794756 -0.88616261 -0.23738907
vn 0.56114012 -0.2864885 0.77656043
vn 0.35989619 -0.22806596 0.90468815
vn 0.15505433 -0.73223905 0.66316221
vn 0.27993616 -0.77574438 0.56555849
vn -0.11058274 -0.97678787 0.18345822
vn -0.1119232 -0.98279539 0.14692319
vn -0.3433791 -0.86038119 -0.37660989
vn -0.47737145 -0.81596397 -0.3260664
vn -0.44042012 -0.37981793 -0.81349152
vn -0.66702942 -0.32396956 -0.67090646
vn -0.33860686 0.28022933 -0.89822988
vn -0.58657951 0.29990802 -0.75231619
vn -0.10840797 0.7904427 -0.60286653
vn -0.26765592 0.80073866 -0.53588982
vn 0.15093423 0.98443323 -0.090056007
vn 0.15093423 0.98443323 -0.090056007
vn 0.14505228 0.98391597 -0.10425544
vn 0.14505228 0.98391597 -0.10425544
vn 0.35610785 0.81863341 0.45058466
vn 0.48700484 0.79073893 0.37088844
vn 0.43540804 0.35804774 0.8259671
vn 0.64026892 0.30590624 0.7046113
vn 0.67825445 -0.35599322 0.64283725
vn 0.62977412 -0.3119211 0.71139988
vn 0.33270378 -0.7976302 0.50308475
vn 0.44187279 -0.83200011 0.33544634
vn -0.09146512 -0.9901716 0.10580325
vn 0.063738993 -0.9929506 -0.099932236
vn -0.48672535 -0.80763402 -0.33290498
vn -0.3323765 -0.80521963 -0.49106742
vn -0.69808664 -0.31470115 -0.64314713
vn -0.62092856 -0.33551245 -0.70843427
vn -0.64009713 0.29979547 -0.70738839
vn -0.68402996 0.26993708 -0.67767026
vn -0.33046312 0.80108127 -0.49906205
vn -0.45391277 0.7896111 -0.41288921
vn 0.11056842 0.98958204 -0.092206394
vn 0.11056842 0.98958204 -0.092206394
vn 0.0042207863 0.99992168 -0.011781781
vn 0.0042207863 0.99992168 -0.011781781
vn 0.5035218 0.78900683 0.35204264
vn 0.45304818 0.7941365 0.40508588
vn 0.69681286 0.2891713 0.65637778
vn 0.6902547 0.26764516 0.67224587
vn 0.65728591 -0.46663049 0.59180336
vn 0.68383475 -0.3990124 0.61086753
vn 0.59703699 -0.77803675 0.19546265
vn 0.85086459 -0.51890526 0.082260391
vn 0.34329742 -0.88103913 -0.32544881
vn 0.76622559 -0.42459629 -0.48230315
vn -0.039332045 -0.67416283 -0.73753473
vn 0.42073501 -0.18285929 -0.88856318
vn -0.4152214 -0.23704915 -0.87829317
vn -0.063681093 0.12424854 -0.99020554
vn -0.6336505 0.27230731 -0.72411033
vn -0.51842297 0.37980852 -0.76614823
vn -0.55791395 0.72659905 -0.40098111
vn -0.81568963 0.45445216 -0.35794366
vn 0.059914454 0.98615478 -0.1546254
vn 0.059914454 0.98615478 -0.1546254
vn -0.68860679 -0.44780182 -0.57034569
vn -0.68860679 -0.44780182 -0.57034569
vn 0.64644217 0.75024777 0.13871127
vn 0.10906944 -0.72961403 -0.67510534
vn 0.70298595 0.19435033 0.68413354
vn 0.2933895 -0.52498239 0.79894686
vn 0.7022606 -0.55177902 0.4498555
vn 0.65118921 -0.50396561 0.56742513
vn 0.94161338 -0.085976112 0.32553394
vn 0.89691222 -0.010557161 0.44208259
vn 0.92375807 0.38233112 -0.022224999
vn 0.79140583 0.54197626 0.28273406
vn 0.58294026 0.72751472 -0.36180516
vn 0.40556224 0.91353395 0.031224756
vn 0.040750006 0.81798666 -0.573792
vn -0.1245693 0.96601493 -0.22648983
vn -0.50432823 0.62700984 -0.59372696
vn -0.60505547 0.68385692 -0.4077347
vn -0.86951692 0.23165573 -0.43620632
vn -0.86644384 0.17131848 -0.46896167
vn -0.95520255 -0.23546483 -0.17928859
vn -0.95520255 -0.23546483 -0.17928859
vn -0.81159681 -0.40588781 -0.42019722
vn -0.81159681 -0.40588781 -0.42019722
vn -0.56301802 -0.74948621 0.34825441
vn -0.38420164 -0.89346937 -0.23259747
vn 0.17760904 -0.74384884 0.64431664
vn 0.2728683 -0.93343626 0.23289406
vn 0.91804968 -0.012349771 -0.39627298
vn 0.5060871 -0.32103054 -0.80050936
vn -0.14602574 -0.5130945 -0.84581944
vn -0.71358512 -0.4235658 -0.55802176
vn -0.71358512 -0.4235658 -0.55802176
vn -0.98395659 -0.16321052 -0.072053898
vn -0.89173291 0.12735185 0.43427401
vn -0.4940141 0.35466255 0.79382904
vn 0.081180613 0.46038182 0.88400129
vn 0.63720955 0.41563882 0.64900567
vn 0.95690172 0.2418504 0.1607715
vn 0.97901467 0.14172694 0.14643687
vn 0.71822994 0.1090009 0.68721508
vn 0.19237781 0.048558922 0.98011877
vn -0.40066744 -0.026939426 0.91582742
vn -0.84353148 -0.096549479 0.52833024
vn -0.98980674 -0.13557215 -0.043621232
vn -0.77425113 -0.11099904 -0.62306853
vn -0.77425113 -0.11099904 -0.62306853
vn -0.20876333 -0.0014610141 -0.9779651
vn 0.44973392 0.10511373 -0.88695575
vn 0.88353555 0.14390948 -0.44570729
vn 0.84874213 -0.52653533 -0.048962634
vn 0.38275218 -0.92317021 0.035461817
vn -0.23282497 -0.96665205 0.10665997
vn -0.75931893 -0.63632206 0.13612128
vn -0.99153164 -0.06454392 0.11269021
vn -0.84869653 0.52679718 0.04689277
vn -0.38816572 0.92087894 -0.036184942
vn 0.22327417 0.96894477 -0.10627647
vn 0.22327417 0.96894477 -0.10627647
vn 0.7527391 0.64403501 -0.13639193
vn 0.99088448 0.070970192 -0.11450409
vn 0.60655125 -0.31122283 0.73159821
vn 0.85212425 -0.49210586 0.1780901
vn 0.37938323 -0.89713638 0.22630659
vn 0.2434698 -0.78741143 0.56630883
vn -0.24135845 -0.95243961 0.18602389
vn -0.2057111 -0.96068263 0.18647207
vn -0.76563225 -0.63927701 0.071639042
vn -0.57518804 -0.7748196 -0.2623229
vn -0.99370198 -0.087249248 -0.070313177
vn -0.7305103 -0.30475623 -0.61112875
vn -0.85073504 0.49182768 -0.18535218
vn -0.62011998 0.27294745 -0.73549365
vn -0.39406045 0.88950119 -0.2313093
vn -0.28371993 0.75301542 -0.5936925
vn 0.21429826 0.95785219 -0.19129936
vn 0.21429826 0.95785219 -0.19129936
vn 0.166063 0.95904588 -0.22946477
vn 0.166063 0.95904588 -0.22946477
vn 0.74690007 0.66018128 -0.079378583
vn 0.56368288 0.79264196 0.23233669
vn 0.99260177 0.10458893 0.06166757
vn 0.73646513 0.29896157 0.60682872
vn 0.85473129 -0.51842693 0.025844605
vn 0.38589771 -0.91726431 0.098534982
vn -0.23371631 -0.96312262 0.13330983
vn -0.76266921 -0.63642509 0.11532029
vn -0.99621845 -0.069406499 0.05226409
vn -0.8544456 0.51867399 -0.030000208
vn -0.39431067 0.91345147 -0.10062553
vn 0.21859316 0.9665796 -0.13394369
vn 0.21859316 0.9665796 -0.13394369
vn 0.75222611 0.64842486 -0.11705161
vn 0.99526982 0.079274862 -0.056155908
vn 0.82246213 -0.44660183 0.35228234
vn 0.3495755 -0.86057744 0.37040983
vn -0.2570777 -0.93594012 0.24068058
vn -0.75863498 -0.65129798 0.016849428
vn -0.96932622 -0.12576042 -0.21116581
vn -0.82231631 0.4418139 -0.35860337
vn -0.37406178 0.84848718 -0.37436252
vn 0.21849849 0.94268824 -0.25218504
vn 0.21849849 0.94268824 -0.25218504
vn 0.73531193 0.67680002 -0.035469622
vn 0.96994003 0.14454831 0.19576039
vn 0.74153121 -0.37864048 0.55386176
vn 0.29470704 -0.81374059 0.50097307
vn -0.25774257 -0.93334981 0.24985376
vn -0.70828695 -0.699578 -0.094446899
vn -0.89371835 -0.20698535 -0.39802584
vn -0.7523358 0.35878433 -0.5525076
vn -0.33487329 0.79378421 -0.5077071
vn 0.21546839 0.93609648 -0.27802294
vn 0.21546839 0.93609648 -0.27802294
vn 0.69388086 0.71756614 0.060234535
vn 0.89967883 0.21095726 0.38219765
vn 0.41696241 -0.25595641 0.87214028
vn 0.18795385 -0.77085686 0.60864854
vn -0.11534065 -0.98609252 0.11965813
vn -0.37641819 -0.83052804 -0.41052712
vn -0.49608769 -0.36944033 -0.78575495
vn -0.43336761 0.22322685 -0.8731336
vn -0.21353192 0.73661652 -0.64171662
vn 0.085301801 0.98272508 -0.16424076
vn 0.085301801 0.98272508 -0.16424076
vn 0.35284816 0.85032049 0.39045261
vn 0.48141711 0.37071322 0.79423502
vn 0.12037629 -0.75268743 0.64727984
vn -0.056100001 -0.99315157 0.10248289
vn -0.21516485 -0.8517969 -0.47764646
vn -0.29191163 -0.39106473 -0.87284362
vn -0.2578943 0.21130146 -0.94278429
vn -0.12862771 0.73716524 -0.66335686
vn 0.045955374 0.99058208 -0.12897772
vn 0.045955374 0.99058208 -0.12897772
vn 0.19884921 0.86414162 0.46229671
vn 0.27366314 0.39939222 0.87498248
vn 0.24468808 -0.22035496 0.94423061
vn 0.21963052 -0.57873992 -0.78538051
vn 0.099182108 -0.94894469 -0.2994443
vn -0.067974999 -0.95203316 0.29834923
vn -0.21580366 -0.59231581 0.7762672
vn -0.28289107 -0.016501367 0.95901009
vn -0.24390512 0.56119303 0.79093152
vn -0.11495047 0.93654322 0.33116943
vn 0.053233144 0.96321935 -0.2633908
vn 0.053233144 0.96321935 -0.2633908
vn 0.19352284 0.61345916 -0.76564794
vn 0.25455109 0.019620695 -0.96686026
vn 0.83939821 -0.53111029 -0.11546642
vn 0.37639473 -0.92623702 -0.020297762
vn -0.23333272 -0.9688335 0.083171469
vn -0.75471456 -0.63754501 0.15473298
vn -0.98403376 -0.063297622 0.16634592
vn -0.83957072 0.53093003 0.11504043
vn -0.37887914 0.9252217 0.020381437
vn 0.22941129 0.96981376 -0.082654243
vn 0.22941129 0.96981376 -0.082654243
vn 0.7521517 0.64062624 -0.15448572
vn 0.98380741 0.065609278 -0.16678851
vn 0.7626969 -0.5554596 -0.33129757
vn 0.90206606 0.053507444 -0.42826835
vn 0.67686877 0.64392981 -0.35665538
vn 0.18527754 0.9724268 -0.14162752
vn 0.18527754 0.9724268 -0.14162752
vn -0.36538023 0.92167785 0.13041178
vn -0.7698626 0.53117782 0.353782
vn -0.89284997 -0.0499176 0.44757923
vn -0.69098142 -0.61680236 0.37696092
vn -0.22870345 -0.95928602 0.16572589
vn 0.32635039 -0.93938404 -0.1051335
vn 0.64376515 -0.57521689 -0.50467014
vn 0.26985186 -0.94780313 -0.16985051
vn -0.19620991 -0.95379818 0.22753175
vn -0.58384941 -0.60522847 0.54112694
vn -0.7547268 -0.037239002 0.65498146
vn -0.65261254 0.54054157 0.53095356
vn -0.31520796 0.9243365 0.21504879
vn 0.1451824 0.97246834 -0.18228382
vn 0.1451824 0.97246834 -0.18228382
vn 0.56501071 0.64473771 -0.51485549
vn 0.76515606 0.043069867 -0.64240267
vn 0.82111638 -0.53889255 -0.18804975
vn 0.36233812 -0.93053397 -0.05308128
vn -0.23479988 -0.9662692 0.1057963
vn -0.74086169 -0.63198778 0.22741022
vn -0.96301787 -0.060371793 0.26258679
vn -0.82438482 0.53014875 0.19832291
vn -0.37762403 0.92401057 0.060037982
vn 0.21831124 0.97079142 -0.099519904
vn 0.21831124 0.97079142 -0.099519904
vn 0.73586665 0.64099943 -0.21822008
vn 0.96607466 0.061077301 -0.25093688
vn 0.83329769 -0.53347863 -0.14496726
vn 0.37181895 -0.92754284 -0.037615795
vn -0.23412587 -0.96845962 0.085270402
vn -0.75099547 -0.63633627 0.17630072
vn -0.97794631 -0.063142987 0.19908284
vn -0.83492784 0.53044085 0.14672427
vn -0.377424 0.9252137 0.039124649
vn 0.22802028 0.97004902 -0.083735637
vn 0.22802028 0.97004902 -0.083735637
vn 0.74827222 0.64003776 -0.17447166
vn 0.97833196 0.063364896 -0.19710775
vn -0.78525937 -0.58854205 -0.19231741
vn -0.29947373 -0.95136153 -0.072296097
vn 0.30367627 -0.94948367 0.079129538
vn 0.78801652 -0.58127071 0.20286531
vn 0.96848388 0.0038290825 0.24904681
vn 0.78695585 0.58335884 0.20098
vn 0.31013951 0.94752312 0.077546328
vn -0.29172699 0.95360019 -0.074444887
vn -0.29172699 0.95360019 -0.074444887
vn -0.78436581 0.58881846 -0.19509768
vn -0.97107205 -0.0020986775 -0.23877745
vn 0.0089259123 -0.57535936 -0.81785202
vn 0.0042337528 -0.94612247 -0.32378134
vn -0.00040199867 -0.95519673 0.29597137
vn -0.003545984 -0.59762198 0.80177016
vn -0.0053060957 -0.015842532 0.99986042
vn -0.0055327872 0.56814254 0.82291157
vn -0.003503734 0.94136845 0.33736206
vn 0.0015069224 0.95939498 -0.28206205
vn 0.0015069224 0.95939498 -0.28206205
vn 0.0074850579 0.60479021 -0.79634966
vn 0.010596916 0.015937802 -0.99981683
vn -0.27766244 -0.59760109 -0.75218116
vn -0.093412503 -0.95645177 -0.27653953
vn 0.13992045 -0.94656736 0.29057272
vn 0.32979824 -0.5845159 0.74133277
vn 0.3984474 -0.012219072 0.91710979
vn 0.32053794 0.56082587 0.76336739
vn 0.12720024 0.93419992 0.33330258
vn -0.10675889 0.96674165 -0.23240725
vn -0.10675889 0.96674165 -0.23240725
vn -0.28814419 0.62130312 -0.72866683
vn -0.35014282 0.012352252 -0.93661488
vn 0.38892867 -0.58249437 -0.71374701
vn 0.45403696 0.026317545 -0.89059408
vn 0.34023161 0.62680844 -0.70096621
vn 0.088400932 0.96776535 -0.2358294
vn 0.088400932 0.96776535 -0.2358294
vn -0.20255166 0.93086684 0.30407194
vn -0.4202773 0.55279019 0.71957626
vn -0.48564812 -0.022240109 0.87387143
vn -0.37325484 -0.59313184 0.71335506
vn -0.12211054 -0.95047872 0.28579577
vn 0.16993894 -0.95107474 -0.25802635
vn 0.031572357 -0.94601958 -0.32256803
vn -0.023757057 -0.95534793 0.29452663
vn -0.071174476 -0.59780237 0.79847763
vn -0.09156632 -0.015307582 0.99568132
vn -0.077167698 0.5691166 0.81862778
vn -0.03373349 0.94165559 0.33488327
vn 0.022018012 0.9594225 -0.28111149
vn 0.022018012 0.9594225 -0.28111149
vn 0.068394036 0.6054017 -0.79297607
vn 0.08772233 0.016590436 -0.9960068
vn 0.073694933 -0.57512024 -0.81474276
vn -0.8123059 -0.53654826 0.22863746
vn -0.31777131 -0.90999457 0.26632926
vn 0.30054554 -0.93270234 0.19934576
vn 0.80132538 -0.59584801 0.053317748
vn 0.99302715 -0.035950212 -0.11227047
vn 0.81358711 0.53237341 -0.23378316
vn 0.33259239 0.9040465 -0.26848134
vn -0.27899421 0.93845491 -0.2036286
vn -0.27899421 0.93845491 -0.2036286
vn -0.78949356 0.61063165 -0.061878134
vn -0.99367298 0.044445355 0.10314363
vn -0.79783485 -0.58682674 -0.13818079
vn -0.31114275 -0.94984933 -0.03124806
vn 0.29749069 -0.95063579 0.088265978
vn 0.79275479 -0.58431844 0.17352753
vn 0.98151315 0.003876176 0.19135545
vn 0.79829862 0.58650735 0.13685189
vn 0.31495426 0.94860056 0.030996739
vn -0.2917129 0.95249821 -0.087468501
vn -0.2917129 0.95249821 -0.087468501
vn -0.78922541 0.5891402 -0.1733121
vn -0.98128151 -0.00054707218 -0.19257806
vn -0.82070711 -0.56291761 0.097793746
vn -0.32612116 -0.93153664 0.16088656
vn 0.29603078 -0.94137484 0.16179984
vn 0.80314314 -0.5874421 0.099362351
vn 0.99992308 -0.012357144 -0.0010632019
vn 0.82067239 0.56252454 -0.10031433
vn 0.33550216 0.92803601 -0.1618254
vn -0.2804694 0.94593423 -0.16292743
vn -0.2804694 0.94593423 -0.16292743
vn -0.79333815 0.60014811 -0.10216078
vn -0.9997558 0.021949705 -0.0025580803
vn -0.81230392 -0.58140591 -0.046146748
vn -0.32076858 -0.94621565 0.042230914
vn 0.29636758 -0.94815473 0.11475571
vn 0.79939832 -0.58368625 0.14238221
vn 0.99339044 0.0013551548 0.1147763
vn 0.812501 0.58129069 0.044082354
vn 0.32766871 0.94382291 -0.042796398
vn -0.28509245 0.9516712 -0.11421134
vn -0.28509245 0.9516712 -0.11421134
vn -0.7923046 0.59320251 -0.14270318
vn -0.9931488 0.0058074623 -0.11671215
vn -0.30749155 -0.94988927 -0.056207808
vn 0.29718212 -0.95156284 0.078809576
vn 0.78929837 -0.5858118 0.18393644
vn 0.97597005 0.0034346213 0.21787766
vn 0.79144439 0.58739718 0.1690572
vn 0.30814846 0.94966821 0.056345603
vn -0.29595416 0.95196831 -0.078533208
vn -0.29595416 0.95196831 -0.078533208
vn -0.78838761 0.58710268 -0.18372649
vn -0.9759474 -0.0022030528 -0.21799498
vn -0.79159859 -0.58714877 -0.16919808
vn -0.87473933 0.12836356 0.46728354
vn -0.85983118 -0.44698928 0.24676085
vn -0.51815139 -0.84765432 -0.11402326
vn 0.083895675 -0.91616145 -0.39193075
vn 0.63928189 -0.58879187 -0.49461379
vn 0.88597528 -0.019411175 -0.46332603
vn 0.78173556 0.54917011 -0.29546861
vn 0.40781166 0.91262923 -0.028240652
vn 0.40781166 0.91262923 -0.028240652
vn -0.10157432 0.96082412 0.2578753
vn -0.586667 0.66775221 0.45817989
vn -0.48006 -0.33525627 0.8106452
vn -0.13675258 -0.23482297 0.96237046
vn -0.59543178 -0.15264917 0.7887707
vn -0.59561332 -0.65004392 0.47189794
vn -0.057182087 -0.75083545 0.65800938
vn -0.13345879 -0.80299644 0.58084892
vn -0.38911626 -0.92108632 -0.013730576
vn 0.047995179 -0.99283014 0.10947501
vn 0.26104141 -0.95617036 0.1326485
vn -0.045330291 -0.86689499 -0.49642547
vn 0.13570609 -0.86308453 -0.48648633
vn 0.55652792 -0.74836307 -0.3608731
vn 0.32382414 -0.50762487 -0.79840774
vn 0.16292568 -0.40419226 -0.90004658
vn 0.64492253 -0.26556794 -0.71662305
vn 0.61328026 0.054155844 -0.78800664
vn 0.11676245 0.20736079 -0.97127135
vn 0.4980028 0.3104921 -0.80968381
vn 0.65080683 0.64784109 -0.39591968
vn 0.02362151 0.74181448 -0.670189
vn 0.16947609 0.77471923 -0.6091699
vn 0.35875112 0.92259326 0.14184256
vn 0.35875112 0.92259326 0.14184256
vn -0.073166795 0.99210491 -0.10185515
vn -0.073166795 0.99210491 -0.10185515
vn -0.22588396 0.95754419 -0.17912444
vn -0.22588396 0.95754419 -0.17912444
vn -0.035238659 0.80658104 0.59007225
vn -0.14215848 0.84841571 0.50988405
vn -0.54000905 0.77391384 0.33082865
vn -0.38783413 0.39670526 0.83199136
vn -0.1663785 0.37291208 0.9128279
vn -0.64001804 0.27532341 0.71733808
vn -0.76183273 -0.043222503 0.64633019
vn -0.84629435 0.050544001 0.53031234
vn -0.85203448 -0.47116957 0.22811507
vn -0.77210917 -0.5453901 0.32618563
vn -0.54347107 -0.82290463 -0.16573221
vn -0.50785211 -0.8536612 -0.11553696
vn -0.018587734 -0.8649043 -0.5015925
vn -0.054761713 -0.85300377 -0.51902382
vn 0.52615934 -0.56545722 -0.63514918
vn 0.43508954 -0.53574527 -0.7236533
vn 0.85992322 -0.037756534 -0.50902506
vn 0.77876727 0.0013247021 -0.62731156
vn 0.84463205 0.50129975 -0.1878703
vn 0.79207652 0.55155197 -0.26154389
vn 0.50218556 0.84145465 0.19940848
vn 0.50218556 0.84145465 0.19940848
vn 0.4682468 0.8621092 0.19368186
vn 0.4682468 0.8621092 0.19368186
vn -0.024830649 0.8585112 0.51219328
vn -0.019254814 0.82347671 0.56702324
vn -0.53520761 0.55465863 0.63710801
vn -0.48112169 0.4752121 0.73667861
vn -0.29146782 -0.22955051 0.92862968
vn -0.25411477 -0.74146631 0.62100998
vn -0.11929629 -0.98885587 0.089064328
vn 0.053888665 -0.87677743 -0.4778675
vn 0.18060389 -0.4397793 -0.87975929
vn 0.19938877 0.1820204 -0.96286691
vn 0.13416567 0.75313668 -0.64403783
vn 0.040838415 0.99833727 -0.040680746
vn 0.040838415 0.99833727 -0.040680746
vn -0.08921831 0.83121723 0.54874221
vn -0.22270064 0.36281263 0.90485989
vn -0.1475162 -0.23559875 0.96058951
vn -0.0046841525 -0.75411224 0.65672886
vn 0.14243115 -0.98438887 0.10340171
vn 0.23791464 -0.83968987 -0.48817778
vn 0.24405429 -0.38006274 -0.89218261
vn 0.15844566 0.21776091 -0.96305512
vn 0.013224229 0.73684342 -0.67593409
vn -0.13679105 0.98240836 -0.12712993
vn -0.13679105 0.98240836 -0.12712993
vn -0.23172394 0.8468881 0.47862779
vn -0.23450576 0.37722084 0.89594167
vn -0.28055687 -0.2688397 0.92141905
vn -0.048065223 -0.77058537 0.63552178
vn 0.20517816 -0.97252964 0.10994551
vn 0.38390344 -0.80474203 -0.45277855
vn 0.41970208 -0.338723 -0.84209078
vn 0.30061744 0.24786221 -0.9209742
vn 0.070395215 0.74532998 -0.66296887
vn -0.18705033 0.97065823 -0.15111179
vn -0.18705033 0.97065823 -0.15111179
vn -0.37096071 0.82276677 0.43063092
vn -0.40565782 0.34485309 0.84647391
vn -0.66071906 -0.41653513 0.62445881
vn -0.22063316 -0.8423236 0.4917438
vn 0.29745046 -0.93960459 0.16931166
vn 0.69818273 -0.68258086 -0.21592649
vn 0.83713467 -0.17567165 -0.51802028
vn 0.67123666 0.39167924 -0.62930813
vn 0.26111482 0.81815101 -0.51229677
vn -0.25294872 0.9456602 -0.20431284
vn -0.25294872 0.9456602 -0.20431284
vn -0.68049342 0.7085743 0.18668464
vn -0.84171206 0.1827779 0.50804826
vn -0.28028569 -0.87725579 0.38969502
vn 0.30817089 -0.9293209 0.20345361
vn 0.77476369 -0.62908362 -0.063206128
vn 0.94751339 -0.09650386 -0.30480384
vn 0.77117803 0.46815069 -0.43141554
vn 0.31160137 0.862019 -0.39978474
vn -0.27101086 0.9368399 -0.22109753
vn -0.27101086 0.9368399 -0.22109753
vn -0.75939843 0.64933942 0.040894429
vn -0.9524738 0.10125306 0.28730031
vn -0.765738 -0.48572314 0.42156654
vn -0.18106577 0.93366978 0.3089918
vn 0.32203052 0.92252942 0.21268714
vn 0.58310519 0.73954701 -0.33624181
vn -0.6864053 0.72129029 0.092671893
vn 0.58883086 0.21309682 -0.77965888
vn -0.94842241 0.27019037 -0.16580743
vn -0.94842241 0.27019037 -0.16580743
vn 0.34991038 -0.40003676 -0.84707338
vn -0.88756799 -0.27309191 -0.37100386
vn -0.015894869 -0.81377726 -0.58095949
vn -0.52393589 -0.73098328 -0.43721233
vn -0.38475076 -0.91474077 -0.12335387
vn 0.0032336427 -0.94765048 -0.31929314
vn -0.62643542 -0.68589927 0.37029833
vn 0.50655658 -0.86160911 -0.032096252
vn -0.64745194 -0.21045349 0.73247206
vn -0.64745194 -0.21045349 0.73247206
vn 0.89757258 -0.32588375 0.29692295
vn -0.43440856 0.33912758 0.83443495
vn 0.82132746 0.42848364 0.3765939
vn -0.066064822 0.76468649 0.64100703
vn 0.39199417 0.82750558 0.40196403
vn -0.16387586 0.85094576 0.49903508
vn 0.017592176 0.99637733 0.083202964
vn 0.097094064 0.75709341 0.64605132
vn -0.67421263 0.550826 0.49196346
vn 0.12997448 0.23820007 0.9624798
vn -0.94437267 0.065123644 0.32236497
vn -0.94437267 0.065123644 0.32236497
vn 0.11059761 -0.36512795 0.92436451
vn 0.11059761 -0.36512795 0.92436451
vn -0.8940801 -0.44542003 0.047135607
vn 0.052544285 -0.83506132 0.54764194
vn -0.53750983 -0.80393581 -0.25450031
vn -0.02174657 -0.99918868 -0.033897846
vn -0.0052633397 -0.86560916 -0.5006926
vn -0.090704178 -0.78816531 -0.60874313
vn 0.5118522 -0.5677483 -0.64472412
vn -0.13574666 -0.26746786 -0.95395691
vn 0.85852748 0.056503691 -0.50964487
vn -0.13522082 0.36551278 -0.92093199
vn 0.8137263 0.58026051 -0.033870872
vn -0.075938918 0.85138607 -0.51901352
vn 0.40783647 0.85511011 0.32008765
vn -0.35047117 0.90866418 0.2269347
vn -0.41556309 0.82839515 -0.37559126
vn -0.31711255 0.45072128 -0.83443991
vn -0.31711255 0.45072128 -0.83443991
vn -0.094256757 -0.075514591 -0.99267981
vn 0.16372859 -0.5654389 -0.80837603
vn 0.36398088 -0.86472605 -0.34607335
vn 0.42856142 -0.86858553 0.24878561
vn 0.32388022 -0.55944607 0.762969
vn 0.096159081 -0.013645568 0.99527244
vn -0.15785637 0.60326544 0.78176223
vn 0.24396251 0.76971026 0.58993932
vn 0.49509106 0.18534869 0.8488408
vn 0.51364758 -0.49764317 0.69894023
vn 0.39252578 -0.89186076 0.22473962
vn 0.11286687 -0.9472891 -0.29984067
vn -0.2424627 -0.68270371 -0.68929491
vn -0.53616566 -0.1821209 -0.82423198
vn -0.6399147 0.38608214 -0.66441686
vn -0.6399147 0.38608214 -0.66441686
vn -0.49953985 0.81905179 -0.28215971
vn -0.16018951 0.97070072 0.17910732
vn -0.66014303 0.30254913 0.68751378
vn -0.26471933 -0.1996118 0.94343988
vn 0.2018012 -0.61556914 0.76180766
vn 0.51111491 -0.81702772 0.26688434
vn 0.64038856 -0.70065113 -0.31462754
vn 0.56729902 -0.30586994 -0.76460146
vn 0.30608926 0.2099025 -0.92857434
vn -0.065067873 0.64157926 -0.76429198
vn -0.065067873 0.64157926 -0.76429198
vn -0.43461675 0.83054937 -0.34827579
vn -0.68427537 0.70488946 0.18681024
vn -0.69320007 -0.39501448 0.60285755
vn -0.14241382 -0.86317811 0.48439844
vn 0.44444895 -0.89195986 0.082901969
vn 0.74395787 -0.58095545 -0.3301779
vn 0.8035676 -0.074572246 -0.59052357
vn 0.6139888 0.47901081 -0.62734871
vn 0.20682686 0.88069294 -0.42614856
vn 0.20682686 0.88069294 -0.42614856
vn -0.28201873 0.95691454 -0.069137472
vn -0.67001581 0.68374246 0.2890935
vn -0.83230495 0.18201583 0.52358257
vn 0.83865012 0.22662414 -0.49528525
vn 0.8386511 0.22662432 -0.4952835
vn 0.11152424 0.99345012 -0.024883701
vn 0.11152424 0.99345012 -0.024883701
vn -0.1644788 0.83772207 -0.52073837
vn -0.1644788 0.83772207 -0.52073837
vn -0.2669243 0.38004211 -0.88561809
vn -0.2669243 0.38004211 -0.88561809
vn -0.013815969 -0.15036286 -0.98853433
vn -0.013815969 -0.15036286 -0.98853433
vn 0.19147705 -0.62107802 -0.7599991
vn 0.19147705 -0.62107802 -0.7599991
vn 0.32682777 -0.91669268 -0.229909
vn 0.32682777 -0.91669268 -0.229909
vn 0.57602657 -0.76283771 0.293721
vn 0.57602657 -0.76283771 0.293721
vn 0.71213995 -0.28612959 0.64108233
vn 0.71213995 -0.28612959 0.64108233
vn 0.71213995 -0.28612959 0.64108233
vn 0.76952387 0.3351971 0.54357696
vn 0.76952387 0.3351971 0.54357696
vn 0.55539152 0.77681146 0.29682355
vn 0.55539152 0.77681146 0.29682355
vn -0.075327469 0.99316339 0.089175446
vn -0.35032359 0.82717987 -0.43937097
vn -0.49171789 0.34139979 -0.80103664
vn -0.44190152 -0.27713473 -0.85318192
vn -0.22178127 -0.78510486 -0.57829354
vn 0.080466722 -0.9928771 -0.087864553
vn 0.3519159 -0.8286848 0.43524327
vn 0.49196971 -0.34973456 0.79727759
vn 0.49196971 -0.34973456 0.79727759
vn 0.44479149 0.26645799 0.85507934
vn 0.22768714 0.7796913 0.58330098
vn -0.22665369 0.84125235 -0.49083866
vn -0.34782135 0.35926431 -0.86599622
vn -0.3299056 -0.26625368 -0.90568829
vn -0.18246365 -0.78663817 -0.58983677
vn 0.027061484 -0.99858228 -0.045837906
vn 0.21667154 -0.83126633 0.51190794
vn 0.32291974 -0.35747231 0.8763198
vn 0.32291974 -0.35747231 0.8763198
vn 0.31221275 0.25018929 0.91647614
vn 0.18381208 0.76961726 0.61147559
vn -0.021335168 0.99711263 0.072878056
vn 0.15714471 0.98137645 0.11047992
vn 0.25043975 0.8312694 -0.4962571
vn 0.24728047 0.32826228 -0.9116448
vn 0.14870922 -0.3101283 -0.93899202
vn -0.019597524 -0.8023685 -0.5965071
vn -0.19236483 -0.98032344 -0.044291332
vn -0.29911351 -0.80222864 0.51668203
vn -0.29668215 -0.33673042 0.89363993
vn -0.29668215 -0.33673042 0.89363993
vn -0.18461766 0.25337774 0.9495873
vn -0.0088534451 0.75471266 0.65599574
vn 0.92943242 -0.33725142 -0.14972259
vn 0.94817255 0.11745175 0.29525227
vn 0.61006173 0.51774046 0.59980789
vn 0.055146056 0.73035624 0.68083675
vn -0.5098428 0.68353133 0.52234589
vn -0.89531444 0.40354871 0.1885749
vn -0.97656042 -0.01877465 -0.2144231
vn -0.70705987 -0.44119433 -0.55264265
vn -0.70705987 -0.44119433 -0.55264265
vn -0.16423228 -0.69804418 -0.69696634
vn 0.48031363 -0.6717102 -0.56400729
vn 0.69068134 0.48938418 -0.53241188
vn 0.25709068 0.29443481 -0.92044148
vn -0.27239936 -0.026333529 -0.96182386
vn -0.69712865 -0.33701071 -0.63279968
vn -0.8561278 -0.51200074 -0.070003011
vn -0.69748208 -0.499908 0.51343036
vn -0.26441118 -0.31254626 0.91236044
vn 0.29243005 -0.0099859911 0.95623478
vn 0.29243005 -0.0099859911 0.95623478
vn 0.72922908 0.29441698 0.61769215
vn 0.87271241 0.48566618 0.050014177
vn -0.7510143 -0.59732832 -0.28138302
vn -0.27084411 -0.95615447 -0.11140956
vn 0.30221885 -0.94547158 0.12143829
vn 0.75026922 -0.57696379 0.32281402
vn 0.91472686 0.0020247949 0.40406767
vn 0.74637532 0.57672053 0.3321405
vn 0.30274232 0.94288036 0.13900978
vn -0.2686364 0.95860874 -0.094359821
vn -0.2686364 0.95860874 -0.094359821
vn -0.75262952 0.5991813 -0.27300289
vn -0.94084213 -0.0009387296 -0.33884391
vn -0.1839933 -0.96123178 -0.20537755
vn 0.24899719 -0.94177483 0.22596585
vn 0.58416586 -0.57481073 0.5730121
vn 0.70484096 -0.004759796 0.7093494
vn 0.57569954 0.56331811 0.59265736
vn 0.2397133 0.93429243 0.2638848
vn -0.1938341 0.96709382 -0.16479649
vn -0.1938341 0.96709382 -0.16479649
vn -0.56924017 0.62328209 -0.53617634
vn -0.71964288 0.0053491155 -0.69432378
vn -0.55926945 -0.61125156 -0.55999037
vn -0.026651767 -0.94865507 -0.31518762
vn 0.03921619 -0.95313262 0.30000049
vn 0.094912228 -0.59466235 0.79835353
vn 0.11500948 -0.015890249 0.99323729
vn 0.090626999 0.56522684 0.8199423
vn 0.033162571 0.93916639 0.34185776
vn -0.032370838 0.96140727 -0.27321821
vn -0.032370838 0.96140727 -0.27321821
vn -0.079785301 0.60840314 -0.78960745
vn -0.094930927 0.015233988 -0.99536729
vn -0.075965159 -0.58000976 -0.81105978
vn -0.49933651 -0.85228258 0.15581228
vn -0.49933642 -0.8522821 0.15581512
vn -0.4993377 0.85228132 0.1558153
vn -0.49933579 0.85228257 0.15581457
vn 0.069260189 -0.00070651052 -0.99759838
vn -0.048471674 0.088534064 0.99489307
vn 0.036940057 -0.00993241 -0.99926812
vn -0.040673707 0.029469114 0.99873781
vn -0.087763584 -0.022561686 0.9958858
vn 0.0014627596 0.013071955 -0.99991349
vn 0.069432031 0.1798565 -0.98123944
vn 0.069432031 0.1798565 -0.98123944
vn -0.0047280649 0.99759216 0.069191963
vn -0.034987118 0.87342736 0.48569594
vn -0.018227055 0.9667815 0.25495355
vn -0.048879744 0.73472562 0.67660108
vn -0.066714109 0.38396106 0.92093601
vn -0.059446999 0.56716586 0.82145538
vn -0.065311552 0.20378439 0.97683485
vn -0.9975818 -0.0018182015 0.069478364
vn -0.96666268 -0.005920468 0.25598478
vn -0.8729003 -0.011004779 0.48777449
vn -0.56630904 -0.018341767 0.82398886
vn -0.20032302 -0.022795304 0.97946468
vn -0.38319446 -0.02048378 0.92344053
vn -0.73383738 -0.015188695 0.67915536
vn -0.16034146 0.014089779 -0.98696104
vn -0.16034146 0.014089779 -0.98696104
vn -0.55216401 -0.012205527 -0.83364617
vn -0.55216401 -0.012205527 -0.83364617
vn -0.56754822 0.0072203248 0.8233085
vn -0.56754822 0.0072203248 0.8233085
vn -0.57715739 -0.012133683 -0.81654279
vn -0.57715739 -0.012133683 -0.81654279
vn -0.59376821 0.0068756064 0.80460676
vn -0.59376821 0.0068756064 0.80460676
vn 0.057679132 0.59883397 -0.79879346
vn 0.057679132 0.59883397 -0.79879346
vn -0.052939263 0.60069842 0.79772103
vn -0.052939263 0.60069842 0.79772103
vn 0.05755738 0.60093061 -0.79722616
vn 0.05755738 0.60093061 -0.79722616
vn -0.052775737 0.60279163 0.79615135
vn -0.052775737 0.60279163 0.79615135
vn -0.0020385694 0.012904866 0.99991465
vn -0.067733771 0.0013533422 0.99770251
vn -0.03854793 0.023604879 0.99897791
vn 0.067778949 -0.0013541722 -0.99769944
vn 0.0020739653 -0.013754202 -0.99990326
vn 0.039110153 -0.024459107 -0.99893551
vn -0.002167352 0.012943191 0.99991388
vn -0.067725532 0.0013487819 0.99770308
vn -0.038852764 0.023469322 0.9989693
vn 0.067763161 -0.0013558937 -0.99770051
vn 0.0021651471 -0.01375201 -0.99990309
vn 0.039081693 -0.024413636 -0.99893773
vn -0.047725997 -0.99628697 0.071655429
vn -0.047725997 -0.99628697 0.071655429
vn -0.047725997 -0.99628697 0.071655429
vn -0.047517924 -0.99604409 -0.075088028
vn -0.047517924 -0.99604409 -0.075088028
vn -0.047517924 -0.99604409 -0.075088028
vn -0.04486439 -0.99637873 0.07222606
vn -0.04486439 -0.99637873 0.07222606
vn -0.04486439 -0.99637873 0.07222606
vn -0.044717293 -0.99614716 -0.075440094
vn -0.044717293 -0.99614716 -0.075440094
vn -0.044717293 -0.99614716 -0.075440094
vn 0.99875818 0.049563153 -0.0050592257
vn 0.99875818 0.049563153 -0.0050592257
vn 0.99875818 0.049563153 -0.0050592257
vn 0.98864389 0.049534768 0.14187867
vn 0.98864389 0.049534768 0.14187867
vn 0.98864389 0.049534768 0.14187867
vn 0.99875834 0.049600149 -0.0046481374
vn 0.99875834 0.049600149 -0.0046481374
vn 0.99875834 0.049600149 -0.0046481374
vn 0.98870899 0.049497195 0.14143747
vn 0.98870899 0.049497195 0.14143747
vn 0.98870899 0.049497195 0.14143747
vn 0.70095993 -0.70319635 0.11903813
vn 0.70095993 -0.70319635 0.11903813
vn 0.034339365 -0.99664571 0.074284188
vn 0.034339365 -0.99664571 0.074284188
vn 0.034611995 -0.99671295 -0.073248226
vn 0.034611995 -0.99671295 -0.073248226
vn 0.70687234 -0.70698928 -0.022308051
vn 0.70687234 -0.70698928 -0.022308051
vn 0.9891702 -0.037682153 0.14185336
vn 0.9891702 -0.037682153 0.14185336
vn 0.99927127 -0.037845217 -0.0049667954
vn 0.99927127 -0.037845217 -0.0049667954
vn 0.70105303 -0.7031631 0.11868571
vn 0.70105303 -0.7031631 0.11868571
vn 0.036351124 -0.9966062 0.073855845
vn 0.036351124 -0.9966062 0.073855845
vn 0.03659266 -0.99667255 -0.072834032
vn 0.03659266 -0.99667255 -0.072834032
vn 0.70695046 -0.70692227 -0.021953614
vn 0.70695046 -0.70692227 -0.021953614
vn 0.98922993 -0.037653268 0.14144388
vn 0.98922993 -0.037653268 0.14144388
vn 0.99927269 -0.037856042 -0.0045835971
vn 0.99927269 -0.037856042 -0.0045835971
vn 0.99899842 -0.040921573 0.018099249
vn 0.99899842 -0.040921573 0.018099249
vn 0.97186715 -0.19582577 0.13086827
vn 0.97186715 -0.19582577 0.13086827
vn 0.71044275 -0.70375022 -0.0025919805
vn 0.71044275 -0.70375022 -0.0025919805
vn 0.70779584 -0.70247213 0.074551677
vn 0.70779584 -0.70247213 0.074551677
vn 0.038576361 -0.99646917 -0.074572541
vn 0.038576361 -0.99646917 -0.074572541
vn 0.90689186 0.08644155 -0.41240152
vn 0.90689186 0.08644155 -0.41240152
vn 0.90689186 0.08644155 -0.41240152
vn 0.99216661 0.096938971 0.078792507
vn 0.99216661 0.096938971 0.078792507
vn 0.98983773 0.080531267 0.11720059
vn 0.98983773 0.080531267 0.11720059
vn 0.99116193 0.091310649 0.096230938
vn 0.99116193 0.091310649 0.096230938
vn 0.98871845 0.067049346 0.13394105
vn 0.98871845 0.067049346 0.13394105
vn 0.98722667 0.034564262 0.15552751
vn 0.98722667 0.034564262 0.15552751
vn 0.98783163 0.051497157 0.14675395
vn 0.98783163 0.051497157 0.14675395
vn 0.98718019 0.015349112 0.15887
vn 0.98718019 0.015349112 0.15887
vn -0.086491764 -0.99612815 -0.015744459
vn -0.086491764 -0.99612815 -0.015744459
vn -0.081935307 -0.99663764 -0.0001252815
vn -0.081935307 -0.99663764 -0.0001252815
vn -0.073318057 -0.99712926 0.018913005
vn -0.073318057 -0.99712926 0.018913005
vn 0.18885537 -0.98030111 0.057821957
vn 0.18885537 -0.98030111 0.057821957
vn -0.015052302 -0.99785936 0.063640647
vn -0.015052302 -0.99785936 0.063640647
vn -0.048609028 -0.99764763 0.048336072
vn -0.048609028 -0.99764763 0.048336072
vn -0.033299802 -0.99774689 0.058243241
vn -0.033299802 -0.99774689 0.058243241
vn -0.061945382 -0.99745516 0.035298239
vn -0.061945382 -0.99745516 0.035298239
vn -0.076407583 -0.86560826 -0.49485778
vn -0.076407583 -0.86560826 -0.49485778
vn -0.076407583 -0.86560826 -0.49485778
vn -0.069259648 -0.00070585967 -0.99759842
vn 0.048470849 0.088534038 0.99489311
vn -0.036939992 -0.0099324532 -0.99926812
vn 0.040673102 0.029469353 0.99873783
vn 0.087763482 -0.022561657 0.99588581
vn -0.0014942563 0.013036034 -0.99991391
vn -0.069193588 0.17985562 -0.98125644
vn -0.069193588 0.17985562 -0.98125644
vn 0.0047278545 0.99759224 0.069190817
vn 0.034997453 0.87335355 0.4858279
vn 0.018216341 0.96682001 0.25480823
vn 0.048885464 0.73465704 0.67667514
vn 0.066710797 0.38405339 0.92089775
vn 0.059449312 0.5671236 0.82148439
vn 0.065311461 0.20378423 0.97683489
vn 0.99758181 -0.0018176748 0.069478275
vn 0.96666237 -0.0059212313 0.25598592
vn 0.87290028 -0.011006492 0.4877745
vn 0.56622778 -0.018341416 0.82404471
vn 0.20032266 -0.022882717 0.97946272
vn 0.3832411 -0.020481945 0.92342122
vn 0.73383848 -0.015189907 0.67915414
vn 0.16034153 0.013871176 -0.98696412
vn 0.16034153 0.013871176 -0.98696412
vn 0.55216273 -0.013052527 -0.83363418
vn 0.55216273 -0.013052527 -0.83363418
vn 0.56754937 0.0080047523 0.82330045
vn 0.56754937 0.0080047523 0.82330045
vn 0.57715624 -0.012907215 -0.81653174
vn 0.57715624 -0.012907215 -0.81653174
vn 0.59376929 0.0075620017 0.80459981
vn 0.59376929 0.0075620017 0.80459981
vn -0.056946784 0.59883483 -0.79884536
vn -0.056946784 0.59883483 -0.79884536
vn 0.052287814 0.60069776 0.79776449
vn 0.052287814 0.60069776 0.79776449
vn -0.056855158 0.60093184 -0.79727562
vn -0.056855158 0.60093184 -0.79727562
vn 0.052175668 0.60279065 0.79619164
vn 0.052175668 0.60279065 0.79619164
vn 0.0020385722 0.012904928 0.99991465
vn 0.06773564 0.0013533289 0.99770239
vn 0.038867025 0.023507555 0.99896784
vn -0.067777506 -0.0013547195 -0.99769954
vn -0.0020360674 -0.013724459 -0.99990374
vn -0.039107921 -0.024459013 -0.9989356
vn 0.0022037642 0.012971806 0.99991343
vn 0.067726463 0.001348719 0.99770302
vn 0.03885073 0.023469311 0.99896938
vn -0.067766318 -0.001356476 -0.9977003
vn -0.0021651443 -0.013751986 -0.99990309
vn -0.039081693 -0.024413703 -0.99893773
vn 0.047703361 -0.99628654 0.071676524
vn 0.047703361 -0.99628654 0.071676524
vn 0.047703361 -0.99628654 0.071676524
vn 0.047518477 -0.99604426 -0.075085418
vn 0.047518477 -0.99604426 -0.075085418
vn 0.047518477 -0.99604426 -0.075085418
vn 0.044887825 -0.99637934 0.072203101
vn 0.044887825 -0.99637934 0.072203101
vn 0.044887825 -0.99637934 0.072203101
vn 0.044724046 -0.9961473 -0.075434176
vn 0.044724046 -0.9961473 -0.075434176
vn 0.044724046 -0.9961473 -0.075434176
vn -0.99875747 0.049579119 -0.0050434475
vn -0.99875747 0.049579119 -0.0050434475
vn -0.99875747 0.049579119 -0.0050434475
vn -0.98864972 0.049597204 0.14181623
vn -0.98864972 0.049597204 0.14181623
vn -0.98864972 0.049597204 0.14181623
vn -0.9987593 0.049579026 -0.0046666452
vn -0.9987593 0.049579026 -0.0046666452
vn -0.9987593 0.049579026 -0.0046666452
vn -0.98871469 0.049558395 0.14137621
vn -0.98871469 0.049558395 0.14137621
vn -0.98871469 0.049558395 0.14137621
vn -0.70091492 -0.70324146 0.11903666
vn -0.70091492 -0.70324146 0.11903666
vn -0.034294843 -0.99664661 0.074292628
vn -0.034294843 -0.99664661 0.074292628
vn -0.034571001 -0.99671364 -0.073258187
vn -0.034571001 -0.99671364 -0.073258187
vn -0.70686606 -0.70699553 -0.022309062
vn -0.70686606 -0.70699553 -0.022309062
vn -0.9891792 -0.037664833 0.14179514
vn -0.9891792 -0.037664833 0.14179514
vn -0.99927118 -0.037847311 -0.0049680249
vn -0.99927118 -0.037847311 -0.0049680249
vn -0.70106547 -0.70315074 0.11868543
vn -0.70106547 -0.70315074 0.11868543
vn -0.036328853 -0.99660667 0.073860416
vn -0.036328853 -0.99660667 0.073860416
vn -0.036546652 -0.99667342 -0.072845311
vn -0.036546652 -0.99667342 -0.072845311
vn -0.7069549 -0.70691782 -0.021953676
vn -0.7069549 -0.70691782 -0.021953676
vn -0.98922983 -0.037669319 0.14144032
vn -0.98922983 -0.037669319 0.14144032
vn -0.99927351 -0.037833958 -0.004587449
vn -0.99927351 -0.037833958 -0.004587449
vn -0.99899933 -0.04090129 0.018095084
vn -0.99899933 -0.04090129 0.018095084
vn -0.97187707 -0.19577827 0.13086573
vn -0.97187707 -0.19577827 0.13086573
vn -0.71046565 -0.70372711 -0.0025908946
vn -0.71046565 -0.70372711 -0.0025908946
vn -0.70775321 -0.70251528 0.074549827
vn -0.70775321 -0.70251528 0.074549827
vn -0.038591449 -0.99646886 -0.074568869
vn -0.038591449 -0.99646886 -0.074568869
vn -0.90686132 0.086405081 -0.41247631
vn -0.90686132 0.086405081 -0.41247631
vn -0.90686132 0.086405081 -0.41247631
vn -0.99215886 0.096932087 0.078898403
vn -0.99215886 0.096932087 0.078898403
vn -0.98985481 0.080661794 0.11696634
vn -0.98985481 0.080661794 0.11696634
vn -0.99117603 0.091361927 0.096036853
vn -0.99117603 0.091361927 0.096036853
vn -0.98871675 0.067028099 0.13396426
vn -0.98871675 0.067028099 0.13396426
vn -0.9872312 0.034712042 0.15546588
vn -0.9872312 0.034712042 0.15546588
vn -0.98783453 0.051555717 0.14671383
vn -0.98783453 0.051555717 0.14671383
vn -0.98718151 0.015433108 0.15885363
vn -0.98718151 0.015433108 0.15885363
vn 0.086495282 -0.99612703 -0.015796062
vn 0.086495282 -0.99612703 -0.015796062
vn 0.08195786 -0.99663577 -0.00021281439
vn 0.08195786 -0.99663577 -0.00021281439
vn 0.073267308 -0.9971313 0.019001692
vn 0.073267308 -0.9971313 0.019001692
vn -0.18877452 -0.98031696 0.057817367
vn -0.18877452 -0.98031696 0.057817367
vn 0.015067673 -0.9978593 0.063637908
vn 0.015067673 -0.9978593 0.063637908
vn 0.048322704 -0.99765192 0.048534062
vn 0.048322704 -0.99765192 0.048534062
vn 0.033099372 -0.99774866 0.058327022
vn 0.033099372 -0.99774866 0.058327022
vn 0.061858981 -0.99745725 0.035390675
vn 0.061858981 -0.99745725 0.035390675
vn 0.076400683 -0.86560095 -0.49487162
vn 0.076400683 -0.86560095 -0.49487162
vn 0.076400683 -0.86560095 -0.49487162
vn 0.069260204 0.00070657909 -0.99759838
vn -0.048471537 -0.088533209 0.99489315
vn 0.037274144 0.0099788157 -0.99925525
vn -0.040673212 -0.029470263 0.9987378
vn -0.087763619 0.022561192 0.99588581
vn 0.0014627018 -0.01307212 -0.99991349
vn 0.069189807 -0.17984798 -0.98125811
vn 0.069189807 -0.17984798 -0.98125811
vn -0.0047387603 -0.99759252 0.069186071
vn -0.034992212 -0.87335442 0.48582672
vn -0.018221718 -0.9667823 0.25495089
vn -0.048882073 -0.7346581 0.67667423
vn -0.066711031 -0.38396034 0.92093653
vn -0.05944111 -0.56716492 0.82145646
vn -0.065311407 -0.20378445 0.97683485
vn -0.99758188 0.0018176963 0.069477226
vn -0.96666347 0.0059212337 0.25598179
vn -0.87290093 0.011006397 0.48777334
vn -0.56626661 0.018341508 0.82401803
vn -0.20032488 0.022882594 0.97946227
vn -0.38319 0.02048259 0.92344241
vn -0.73383934 0.015190284 0.67915321
vn -0.16033918 -0.013871189 -0.98696451
vn -0.16033918 -0.013871189 -0.98696451
vn -0.55216291 0.01305262 -0.83363406
vn -0.55216291 0.01305262 -0.83363406
vn -0.56754937 -0.0080036786 0.82330046
vn -0.56754937 -0.0080036786 0.82330046
vn -0.57715591 0.012907332 -0.81653197
vn -0.57715591 0.012907332 -0.81653197
vn -0.59376929 -0.0075621772 0.80459981
vn -0.59376929 -0.0075621772 0.80459981
vn 0.057001918 -0.59883467 -0.79884155
vn 0.057001918 -0.59883467 -0.79884155
vn -0.052287814 -0.60069776 0.79776449
vn -0.052287814 -0.60069776 0.79776449
vn 0.056855158 -0.60093184 -0.79727562
vn 0.056855158 -0.60093184 -0.79727562
vn -0.052175739 -0.60279065 0.79619164
vn -0.052175739 -0.60279065 0.79619164
vn -0.0020383308 -0.012904532 0.99991466
vn -0.06773564 -0.0013533289 0.99770239
vn -0.038412289 -0.023646087 0.99898216
vn 0.06777659 0.0013553453 -0.9976996
vn 0.0020722455 0.013753341 -0.99990327
vn 0.039104014 0.024458631 -0.99893576
vn -0.0021656296 -0.012941946 0.9999139
vn -0.06775421 -0.0013103092 0.99770118
vn -0.038849554 -0.023468155 0.99896945
vn 0.067767583 0.001356259 -0.99770021
vn 0.0021629602 0.01374949 -0.99990313
vn 0.039078626 0.024412695 -0.99893788
vn -0.047704164 0.99628645 0.071677237
vn -0.047704164 0.99628645 0.071677237
vn -0.047704164 0.99628645 0.071677237
vn -0.047518574 0.99604426 -0.075085425
vn -0.047518574 0.99604426 -0.075085425
vn -0.047518574 0.99604426 -0.075085425
vn -0.04488825 0.9963793 0.072203493
vn -0.04488825 0.9963793 0.072203493
vn -0.04488825 0.9963793 0.072203493
vn -0.044724851 0.99614725 -0.075434392
vn -0.044724851 0.99614725 -0.075434392
vn -0.044724851 0.99614725 -0.075434392
vn 0.99875747 -0.049579083 -0.0050433873
vn 0.99875747 -0.049579083 -0.0050433873
vn 0.99875747 -0.049579083 -0.0050433873
vn 0.98864972 -0.049597204 0.14181623
vn 0.98864972 -0.049597204 0.14181623
vn 0.98864972 -0.049597204 0.14181623
vn 0.9987593 -0.049579026 -0.0046666452
vn 0.9987593 -0.049579026 -0.0046666452
vn 0.9987593 -0.049579026 -0.0046666452
vn 0.98871468 -0.04955843 0.14137625
vn 0.98871468 -0.04955843 0.14137625
vn 0.98871468 -0.04955843 0.14137625
vn 0.70090369 0.70325295 0.11903487
vn 0.70090369 0.70325295 0.11903487
vn 0.034294528 0.99664667 0.074291968
vn 0.034294528 0.99664667 0.074291968
vn 0.034568635 0.99671372 -0.073258282
vn 0.034568635 0.99671372 -0.073258282
vn 0.70684197 0.70701959 -0.022309835
vn 0.70684197 0.70701959 -0.022309835
vn 0.98917912 0.037664294 0.1417959
vn 0.98917912 0.037664294 0.1417959
vn 0.9992712 0.037846775 -0.0049698504
vn 0.9992712 0.037846775 -0.0049698504
vn 0.7011204 0.70309665 0.11868145
vn 0.7011204 0.70309665 0.11868145
vn 0.036323337 0.99660673 0.073862297
vn 0.036323337 0.99660673 0.073862297
vn 0.036523938 0.99667845 -0.07278779
vn 0.036523938 0.99667845 -0.07278779
vn 0.70700981 0.70686307 -0.021948418
vn 0.70700981 0.70686307 -0.021948418
vn 0.98922969 0.037665323 0.14144236
vn 0.98922969 0.037665323 0.14144236
vn 0.99927354 0.037833243 -0.0045877769
vn 0.99927354 0.037833243 -0.0045877769
vn 0.99900025 0.040881097 0.018089713
vn 0.99900025 0.040881097 0.018089713
vn 0.97188093 0.19575882 0.13086611
vn 0.97188093 0.19575882 0.13086611
vn 0.71045896 0.70373389 -0.0025848745
vn 0.71045896 0.70373389 -0.0025848745
vn 0.70775359 0.70251494 0.074549376
vn 0.70775359 0.70251494 0.074549376
vn 0.038588657 0.99646862 -0.074573463
vn 0.038588657 0.99646862 -0.074573463
vn 0.90685919 -0.086411472 -0.41247965
vn 0.90685919 -0.086411472 -0.41247965
vn 0.90685919 -0.086411472 -0.41247965
vn 0.99215856 -0.096936377 0.078896987
vn 0.99215856 -0.096936377 0.078896987
vn 0.98985499 -0.080659444 0.11696645
vn 0.98985499 -0.080659444 0.11696645
vn 0.99114894 -0.091262174 0.096410526
vn 0.99114894 -0.091262174 0.096410526
vn 0.98871705 -0.067027332 0.13396243
vn 0.98871705 -0.067027332 0.13396243
vn 0.98723138 -0.034711076 0.15546491
vn 0.98723138 -0.034711076 0.15546491
vn 0.98783413 -0.051541167 0.14672166
vn 0.98783413 -0.051541167 0.14672166
vn 0.98717951 -0.015308675 0.15887815
vn 0.98717951 -0.015308675 0.15887815
vn -0.086495876 0.99612694 -0.01579798
vn -0.086495876 0.99612694 -0.01579798
vn -0.081892027 0.99664121 3.6604615e-05
vn -0.081892027 0.99664121 3.6604615e-05
vn -0.073263974 0.99713148 0.01900518
vn -0.073263974 0.99713148 0.01900518
vn 0.18877416 0.98031708 0.057816499
vn 0.18877416 0.98031708 0.057816499
vn -0.015069549 0.99785946 0.063634964
vn -0.015069549 0.99785946 0.063634964
vn -0.048321227 0.99765206 0.048532719
vn -0.048321227 0.99765206 0.048532719
vn -0.033099281 0.99774864 0.058327468
vn -0.033099281 0.99774864 0.058327468
vn -0.06186273 0.99745704 0.035389986
vn -0.06186273 0.99745704 0.035389986
vn -0.076398689 0.86560187 -0.49487033
vn -0.076398689 0.86560187 -0.49487033
vn -0.076398689 0.86560187 -0.49487033
vn -0.069259844 0.00070642284 -0.9975984
vn 0.048471088 -0.088533376 0.99489316
vn -0.036939614 0.0099322982 -0.99926814
vn 0.040673125 -0.029470026 0.99873781
vn 0.087764102 0.022561134 0.99588577
vn -0.0014626979 -0.013072064 -0.99991349
vn -0.069410697 -0.17984843 -0.98124242
vn -0.069410697 -0.17984843 -0.98124242
vn 0.0047389614 -0.99759251 0.069186219
vn 0.03498896 -0.87337827 0.48578408
vn 0.018214717 -0.96680803 0.2548538
vn 0.048877264 -0.73472671 0.67660009
vn 0.066711137 -0.38396085 0.92093631
vn 0.059441622 -0.56716638 0.82145541
vn 0.065311541 -0.20378468 0.97683479
vn 0.99757844 0.0018192752 0.069526612
vn 0.96662422 0.0059236931 0.25612991
vn 0.87289998 0.011004915 0.48777507
vn 0.5662655 0.018342463 0.82401877
vn 0.20032433 0.02279459 0.97946443
vn 0.38323689 0.020482976 0.92342294
vn 0.73383758 0.015189025 0.67915514
vn 0.16033919 -0.014088615 -0.98696143
vn 0.16033919 -0.014088615 -0.98696143
vn 0.5521642 0.012204455 -0.83364606
vn 0.5521642 0.012204455 -0.83364606
vn 0.56754822 -0.0072201008 0.8233085
vn 0.56754822 -0.0072201008 0.8233085
vn 0.57715716 0.012133709 -0.81654295
vn 0.57715716 0.012133709 -0.81654295
vn 0.59376821 -0.0068757703 0.80460676
vn 0.59376821 -0.0068757703 0.80460676
vn -0.057679137 -0.59883356 -0.79879377
vn -0.057679137 -0.59883356 -0.79879377
vn 0.052900528 -0.60069865 0.79772343
vn 0.052900528 -0.60069865 0.79772343
vn -0.057557417 -0.60093061 -0.79722616
vn -0.057557417 -0.60093061 -0.79722616
vn 0.052842406 -0.60279182 0.79614678
vn 0.052842406 -0.60279182 0.79614678
vn 0.0020760177 -0.01293411 0.9999142
vn 0.067733893 -0.0013536155 0.9977025
vn 0.038865712 -0.023507106 0.9989679
vn -0.067776879 0.0013553218 -0.99769958
vn -0.0020736121 0.013753921 -0.99990326
vn -0.039106137 0.024458531 -0.99893568
vn 0.0021646185 -0.012941261 0.99991392
vn 0.067725518 -0.0013489846 0.99770308
vn 0.038529387 -0.023565396 0.99897956
vn -0.067763291 0.0013561998 -0.9977005
vn -0.002164309 0.013750261 -0.99990312
vn -0.039078767 0.024412758 -0.99893787
vn 0.04772674 0.99628688 0.071656257
vn 0.04772674 0.99628688 0.071656257
vn 0.04772674 0.99628688 0.071656257
vn 0.047519055 0.99604412 -0.075087012
vn 0.047519055 0.99604412 -0.075087012
vn 0.047519055 0.99604412 -0.075087012
vn 0.044864895 0.9963787 0.072226259
vn 0.044864895 0.9963787 0.072226259
vn 0.044864895 0.9963787 0.072226259
vn 0.044717775 0.9961471 -0.075440596
vn 0.044717775 0.9961471 -0.075440596
vn 0.044717775 0.9961471 -0.075440596
vn -0.99875817 -0.049563205 -0.0050593402
vn -0.99875817 -0.049563205 -0.0050593402
vn -0.99875817 -0.049563205 -0.0050593402
vn -0.9886439 -0.049534776 0.14187864
vn -0.9886439 -0.049534776 0.14187864
vn -0.9886439 -0.049534776 0.14187864
vn -0.99875834 -0.049600149 -0.0046481374
vn -0.99875834 -0.049600149 -0.0046481374
vn -0.99875834 -0.049600149 -0.0046481374
vn -0.98870899 -0.049497225 0.1414375
vn -0.98870899 -0.049497225 0.1414375
vn -0.98870899 -0.049497225 0.1414375
vn -0.70096182 0.70319473 0.11903652
vn -0.70096182 0.70319473 0.11903652
vn -0.034334776 0.99664584 0.074284488
vn -0.034334776 0.99664584 0.074284488
vn -0.03460723 0.99671305 -0.073249083
vn -0.03460723 0.99671305 -0.073249083
vn -0.7068746 0.70698701 -0.022308439
vn -0.7068746 0.70698701 -0.022308439
vn -0.98917929 0.037665063 0.14179448
vn -0.98917929 0.037665063 0.14179448
vn -0.99927131 0.03784364 -0.0049701332
vn -0.99927131 0.03784364 -0.0049701332
vn -0.70112837 0.70308876 0.1186811
vn -0.70112837 0.70308876 0.1186811
vn -0.036348378 0.99660616 0.073857728
vn -0.036348378 0.99660616 0.073857728
vn -0.036571831 0.99667754 -0.072776304
vn -0.036571831 0.99667754 -0.072776304
vn -0.7069532 0.70691964 -0.021949976
vn -0.7069532 0.70691964 -0.021949976
vn -0.98922978 0.037652226 0.14144523
vn -0.98922978 0.037652226 0.14144523
vn -0.99927283 0.037852101 -0.0045859218
vn -0.99927283 0.037852101 -0.0045859218
vn -0.99899855 0.040919197 0.018097282
vn -0.99899855 0.040919197 0.018097282
vn -0.97186801 0.19582125 0.1308687
vn -0.97186801 0.19582125 0.1308687
vn -0.71052463 0.70366759 -0.0025824155
vn -0.71052463 0.70366759 -0.0025824155
vn -0.70777562 0.70249268 0.074550074
vn -0.70777562 0.70249268 0.074550074
vn -0.038576185 0.99646888 -0.074576451
vn -0.038576185 0.99646888 -0.074576451
vn -0.90689308 -0.086451973 -0.41239665
vn -0.90689308 -0.086451973 -0.41239665
vn -0.90689308 -0.086451973 -0.41239665
vn -0.99215748 -0.096935269 0.078911868
vn -0.99215748 -0.096935269 0.078911868
vn -0.98983799 -0.08052948 0.11719962
vn -0.98983799 -0.08052948 0.11719962
vn -0.99116202 -0.091309151 0.096231406
vn -0.99116202 -0.091309151 0.096231406
vn -0.98871187 -0.066961854 0.13403339
vn -0.98871187 -0.066961854 0.13403339
vn -0.98722688 -0.034563742 0.15552632
vn -0.98722688 -0.034563742 0.15552632
vn -0.98783186 -0.051495562 0.14675291
vn -0.98783186 -0.051495562 0.14675291
vn -0.98718015 -0.0153495 0.15887022
vn -0.98718015 -0.0153495 0.15887022
vn 0.086500569 0.99612538 -0.015870534
vn 0.086500569 0.99612538 -0.015870534
vn 0.081934956 0.99663767 -0.00012464821
vn 0.081934956 0.99663767 -0.00012464821
vn 0.07331704 0.99712933 0.018913019
vn 0.07331704 0.99712933 0.018913019
vn -0.18885206 0.98030182 0.057820802
vn -0.18885206 0.98030182 0.057820802
vn 0.015052006 0.9978595 0.063638458
vn 0.015052006 0.9978595 0.063638458
vn 0.048396992 0.99765094 0.048480181
vn 0.048396992 0.99765094 0.048480181
vn 0.033299205 0.99774687 0.058243837
vn 0.033299205 0.99774687 0.058243837
vn 0.061947435 0.997455 0.035299221
vn 0.061947435 0.997455 0.035299221
vn 0.07640488 0.86560844 -0.49485789
vn 0.07640488 0.86560844 -0.49485789
vn 0.07640488 0.86560844 -0.49485789
usemtl surface_0
f 17/17/17 1/1/1 46/46/46
f 17/17/17 11/11/11 1/1/1
f 58/58/58 80/80/80 75/75/75
f 58/58/58 66/66/66 80/80/80
f 36/36/36 75/75/75 10/10/10
f 36/36/36 58/58/58 75/75/75
f 123/123/123 30/30/30 34/34/34
f 123/123/123 119/119/119 30/30/30
f 181/181/181 29/29/29 5/5/5
f 181/181/181 205/205/205 29/29/29
f 205/205/205 85/85/85 29/29/29
f 205/205/205 261/261/261 85/85/85
f 46/46/46 177/177/177 222/222/222
f 46/46/46 1/1/1 177/177/177
f 85/85/85 50/50/50 31/31/31
f 67/67/67 72/72/72 81/81/81
f 67/67/67 62/62/62 72/72/72
f 79/79/79 71/71/71 1/1/1
f 177/177/177 53/53/53 229/229/229
f 177/177/177 1/1/1 53/53/53
f 1/1/1 71/71/71 53/53/53
f 86/86/86 65/65/65 57/57/57
f 54/54/54 62/62/62 49/49/49
f 54/54/54 72/72/72 62/62/62
f 11/11/11 76/76/76 1/1/1
f 91/91/91 42/42/42 3/3/3
f 91/91/91 130/130/130 42/42/42
f 129/129/129 36/36/36 41/41/41
f 129/129/129 124/124/124 36/36/36
f 1/1/1 76/76/76 79/79/79
f 50/50/50 261/261/261 226/226/226
f 50/50/50 85/85/85 261/261/261
f 3/3/3 87/87/87 16/16/16
f 14/14/14 36/36/36 10/10/10
f 14/14/14 41/41/41 36/36/36
f 54/54/54 225/225/225 230/230/230
f 54/54/54 49/49/49 225/225/225
f 14/14/14 20/20/20 18/18/18
f 14/14/14 26/26/26 20/20/20
f 17/17/17 21/21/21 27/27/27
f 17/17/17 24/24/24 21/21/21
f 43/43/43 14/14/14 18/18/18
f 43/43/43 41/41/41 14/14/14
f 88/88/88 48/48/48 45/45/45
f 88/88/88 25/25/25 48/48/48
f 24/24/24 46/46/46 47/47/47
f 24/24/24 17/17/17 46/46/46
f 65/65/65 60/60/60 57/57/57
f 65/65/65 69/69/69 60/60/60
f 68/68/68 58/58/58 59/59/59
f 68/68/68 66/66/66 58/58/58
f 76/76/76 82/82/82 79/79/79
f 76/76/76 77/77/77 82/82/82
f 78/78/78 80/80/80 83/83/83
f 78/78/78 75/75/75 80/80/80
f 61/61/61 69/69/69 65/65/65
f 61/61/61 63/63/63 69/69/69
f 64/64/64 67/67/67 70/70/70
f 64/64/64 62/62/62 67/67/67
f 79/79/79 73/73/73 71/71/71
f 79/79/79 82/82/82 73/73/73
f 84/84/84 72/72/72 74/74/74
f 84/84/84 81/81/81 72/72/72
f 71/71/71 55/55/55 53/53/53
f 71/71/71 73/73/73 55/55/55
f 74/74/74 54/54/54 56/56/56
f 74/74/74 72/72/72 54/54/54
f 50/50/50 63/63/63 61/61/61
f 50/50/50 51/51/51 63/63/63
f 52/52/52 62/62/62 64/64/64
f 52/52/52 49/49/49 62/62/62
f 36/36/36 59/59/59 58/58/58
f 36/36/36 39/39/39 59/59/59
f 40/40/40 57/57/57 60/60/60
f 40/40/40 35/35/35 57/57/57
f 11/11/11 77/77/77 76/76/76
f 11/11/11 12/12/12 77/77/77
f 13/13/13 75/75/75 78/78/78
f 13/13/13 10/10/10 75/75/75
f 185/185/185 2/2/2 178/178/178
f 185/185/185 9/9/9 2/2/2
f 221/221/221 48/48/48 224/224/224
f 221/221/221 45/45/45 48/48/48
f 223/223/223 46/46/46 222/222/222
f 223/223/223 47/47/47 46/46/46
f 225/225/225 52/52/52 228/228/228
f 225/225/225 49/49/49 52/52/52
f 227/227/227 50/50/50 226/226/226
f 227/227/227 51/51/51 50/50/50
f 229/229/229 55/55/55 231/231/231
f 229/229/229 53/53/53 55/55/55
f 232/232/232 54/54/54 230/230/230
f 232/232/232 56/56/56 54/54/54
f 117/117/117 32/32/32 121/121/121
f 117/117/117 28/28/28 32/32/32
f 17/17/17 12/12/12 11/11/11
f 17/17/17 27/27/27 12/12/12
f 26/26/26 10/10/10 13/13/13
f 26/26/26 14/14/14 10/10/10
f 121/121/121 30/30/30 119/119/119
f 121/121/121 32/32/32 30/30/30
f 37/37/37 124/124/124 127/127/127
f 37/37/37 36/36/36 124/124/124
f 34/34/34 128/128/128 123/123/123
f 34/34/34 38/38/38 128/128/128
f 91/91/91 7/7/7 97/97/97
f 91/91/91 3/3/3 7/7/7
f 96/96/96 4/4/4 93/93/93
f 96/96/96 6/6/6 4/4/4
f 129/129/129 43/43/43 131/131/131
f 129/129/129 41/41/41 43/43/43
f 132/132/132 42/42/42 130/130/130
f 132/132/132 44/44/44 42/42/42
f 178/178/178 45/45/45 221/221/221
f 178/178/178 2/2/2 45/45/45
f 88/88/88 2/2/2 15/15/15
f 33/33/33 85/85/85 31/31/31
f 29/29/29 85/85/85 33/33/33
f 268/268/268 95/95/95 92/92/92
f 268/268/268 271/271/271 95/95/95
f 117/117/117 4/4/4 28/28/28
f 117/117/117 93/93/93 4/4/4
f 35/35/35 86/86/86 57/57/57
f 50/50/50 61/61/61 86/86/86
f 31/31/31 86/86/86 35/35/35
f 31/31/31 50/50/50 86/86/86
f 61/61/61 65/65/65 86/86/86
f 42/42/42 19/19/19 87/87/87
f 42/42/42 44/44/44 19/19/19
f 42/42/42 87/87/87 3/3/3
f 45/45/45 2/2/2 88/88/88
f 15/15/15 25/25/25 88/88/88
f 15/15/15 22/22/22 25/25/25
f 87/87/87 23/23/23 16/16/16
f 87/87/87 19/19/19 23/23/23
f 105/105/105 89/89/89 99/99/99
f 105/105/105 134/134/134 89/89/89
f 146/146/146 168/168/168 154/154/154
f 146/146/146 163/163/163 168/168/168
f 124/124/124 163/163/163 146/146/146
f 124/124/124 98/98/98 163/163/163
f 268/268/268 116/116/116 292/292/292
f 268/268/268 92/92/92 116/116/116
f 292/292/292 173/173/173 349/349/349
f 292/292/292 116/116/116 173/173/173
f 173/173/173 118/118/118 138/138/138
f 155/155/155 160/160/160 150/150/150
f 155/155/155 169/169/169 160/160/160
f 167/167/167 89/89/89 159/159/159
f 265/265/265 141/141/141 89/89/89
f 265/265/265 317/317/317 141/141/141
f 89/89/89 141/141/141 159/159/159
f 174/174/174 145/145/145 153/153/153
f 142/142/142 150/150/150 160/160/160
f 142/142/142 137/137/137 150/150/150
f 99/99/99 89/89/89 164/164/164
f 89/89/89 310/310/310 265/265/265
f 89/89/89 134/134/134 310/310/310
f 89/89/89 167/167/167 164/164/164
f 91/91/91 104/104/104 175/175/175
f 102/102/102 124/124/124 129/129/129
f 102/102/102 98/98/98 124/124/124
f 137/137/137 318/318/318 313/313/313
f 137/137/137 142/142/142 318/318/318
f 102/102/102 109/109/109 115/115/115
f 102/102/102 106/106/106 109/109/109
f 105/105/105 108/108/108 112/112/112
f 105/105/105 114/114/114 108/108/108
f 131/131/131 102/102/102 129/129/129
f 131/131/131 106/106/106 102/102/102
f 176/176/176 136/136/136 113/113/113
f 176/176/176 133/133/133 136/136/136
f 112/112/112 134/134/134 105/105/105
f 112/112/112 135/135/135 134/134/134
f 153/153/153 148/148/148 158/158/158
f 153/153/153 145/145/145 148/148/148
f 156/156/156 146/146/146 154/154/154
f 156/156/156 147/147/147 146/146/146
f 164/164/164 170/170/170 165/165/165
f 164/164/164 167/167/167 170/170/170
f 166/166/166 168/168/168 163/163/163
f 166/166/166 171/171/171 168/168/168
f 149/149/149 158/158/158 152/152/152
f 149/149/149 153/153/153 158/158/158
f 151/151/151 155/155/155 150/150/150
f 151/151/151 157/157/157 155/155/155
f 167/167/167 161/161/161 170/170/170
f 167/167/167 159/159/159 161/161/161
f 172/172/172 160/160/160 169/169/169
f 172/172/172 162/162/162 160/160/160
f 159/159/159 143/143/143 161/161/161
f 159/159/159 141/141/141 143/143/143
f 162/162/162 142/142/142 160/160/160
f 162/162/162 144/144/144 142/142/142
f 138/138/138 152/152/152 140/140/140
f 138/138/138 149/149/149 152/152/152
f 139/139/139 150/150/150 137/137/137
f 139/139/139 151/151/151 150/150/150
f 124/124/124 147/147/147 125/125/125
f 124/124/124 146/146/146 147/147/147
f 126/126/126 145/145/145 122/122/122
f 126/126/126 148/148/148 145/145/145
f 99/99/99 165/165/165 100/100/100
f 99/99/99 164/164/164 165/165/165
f 101/101/101 163/163/163 98/98/98
f 101/101/101 166/166/166 163/163/163
f 270/270/270 90/90/90 94/94/94
f 270/270/270 266/266/266 90/90/90
f 309/309/309 136/136/136 133/133/133
f 309/309/309 312/312/312 136/136/136
f 311/311/311 134/134/134 135/135/135
f 311/311/311 310/310/310 134/134/134
f 313/313/313 139/139/139 137/137/137
f 313/313/313 315/315/315 139/139/139
f 316/316/316 138/138/138 140/140/140
f 316/316/316 314/314/314 138/138/138
f 317/317/317 143/143/143 141/141/141
f 317/317/317 319/319/319 143/143/143
f 320/320/320 142/142/142 144/144/144
f 320/320/320 318/318/318 142/142/142
f 266/266/266 133/133/133 90/90/90
f 266/266/266 309/309/309 133/133/133
f 105/105/105 100/100/100 114/114/114
f 105/105/105 99/99/99 100/100/100
f 115/115/115 98/98/98 102/102/102
f 115/115/115 101/101/101 98/98/98
f 176/176/176 103/103/103 90/90/90
f 120/120/120 118/118/118 173/173/173
f 116/116/116 120/120/120 173/173/173
f 293/293/293 208/208/208 204/204/204
f 293/293/293 297/297/297 208/208/208
f 173/173/173 314/314/314 349/349/349
f 173/173/173 138/138/138 314/314/314
f 122/122/122 145/145/145 174/174/174
f 138/138/138 174/174/174 149/149/149
f 118/118/118 174/174/174 138/138/138
f 118/118/118 122/122/122 174/174/174
f 149/149/149 174/174/174 153/153/153
f 130/130/130 107/107/107 132/132/132
f 130/130/130 175/175/175 107/107/107
f 130/130/130 91/91/91 175/175/175
f 133/133/133 176/176/176 90/90/90
f 103/103/103 113/113/113 110/110/110
f 103/103/103 176/176/176 113/113/113
f 175/175/175 111/111/111 107/107/107
f 175/175/175 104/104/104 111/111/111
f 193/193/193 177/177/177 187/187/187
f 193/193/193 222/222/222 177/177/177
f 234/234/234 256/256/256 242/242/242
f 234/234/234 251/251/251 256/256/256
f 212/212/212 251/251/251 234/234/234
f 212/212/212 186/186/186 251/251/251
f 299/299/299 206/206/206 295/295/295
f 299/299/299 210/210/210 206/206/206
f 261/261/261 207/207/207 226/226/226
f 243/243/243 248/248/248 238/238/238
f 243/243/243 257/257/257 248/248/248
f 255/255/255 177/177/177 247/247/247
f 177/177/177 229/229/229 247/247/247
f 262/262/262 233/233/233 241/241/241
f 230/230/230 238/238/238 248/248/248
f 230/230/230 225/225/225 238/238/238
f 187/187/187 177/177/177 252/252/252
f 267/267/267 218/218/218 306/306/306
f 267/267/267 179/179/179 218/218/218
f 177/177/177 255/255/255 252/252/252
f 305/305/305 212/212/212 300/300/300
f 305/305/305 217/217/217 212/212/212
f 179/179/179 192/192/192 263/263/263
f 190/190/190 212/212/212 217/217/217
f 190/190/190 186/186/186 212/212/212
f 190/190/190 196/196/196 202/202/202
f 190/190/190 194/194/194 196/196/196
f 193/193/193 197/197/197 200/200/200
f 193/193/193 203/203/203 197/197/197
f 219/219/219 190/190/190 217/217/217
f 219/219/219 194/194/194 190/190/190
f 264/264/264 224/224/224 201/201/201
f 264/264/264 221/221/221 224/224/224
f 200/200/200 222/222/222 193/193/193
f 200/200/200 223/223/223 222/222/222
f 241/241/241 236/236/236 245/245/245
f 241/241/241 233/233/233 236/236/236
f 244/244/244 234/234/234 242/242/242
f 244/244/244 235/235/235 234/234/234
f 252/252/252 258/258/258 253/253/253
f 252/252/252 255/255/255 258/258/258
f 254/254/254 256/256/256 251/251/251
f 254/254/254 259/259/259 256/256/256
f 237/237/237 245/245/245 239/239/239
f 237/237/237 241/241/241 245/245/245
f 240/240/240 243/243/243 238/238/238
f 240/240/240 246/246/246 243/243/243
f 255/255/255 249/249/249 258/258/258
f 255/255/255 247/247/247 249/249/249
f 260/260/260 248/248/248 257/257/257
f 260/260/260 250/250/250 248/248/248
f 247/247/247 231/231/231 249/249/249
f 247/247/247 229/229/229 231/231/231
f 250/250/250 230/230/230 248/248/248
f 250/250/250 232/232/232 230/230/230
f 226/226/226 239/239/239 227/227/227
f 226/226/226 237/237/237 239/239/239
f 228/228/228 238/238/238 225/225/225
f 228/228/228 240/240/240 238/238/238
f 212/212/212 235/235/235 215/215/215
f 212/212/212 234/234/234 235/235/235
f 216/216/216 233/233/233 211/211/211
f 216/216/216 236/236/236 233/233/233
f 187/187/187 253/253/253 188/188/188
f 187/187/187 252/252/252 253/253/253
f 189/189/189 251/251/251 186/186/186
f 189/189/189 254/254/254 251/251/251
f 193/193/193 188/188/188 203/203/203
f 193/193/193 187/187/187 188/188/188
f 202/202/202 186/186/186 190/190/190
f 202/202/202 189/189/189 186/186/186
f 297/297/297 206/206/206 208/208/208
f 297/297/297 295/295/295 206/206/206
f 212/212/212 303/303/303 300/300/300
f 212/212/212 213/213/213 303/303/303
f 214/214/214 299/299/299 304/304/304
f 214/214/214 210/210/210 299/299/299
f 267/267/267 183/183/183 179/179/179
f 267/267/267 273/273/273 183/183/183
f 272/272/272 180/180/180 182/182/182
f 272/272/272 269/269/269 180/180/180
f 305/305/305 219/219/219 217/217/217
f 305/305/305 307/307/307 219/219/219
f 308/308/308 218/218/218 220/220/220
f 308/308/308 306/306/306 218/218/218
f 293/293/293 180/180/180 269/269/269
f 293/293/293 204/204/204 180/180/180
f 264/264/264 191/191/191 178/178/178
f 209/209/209 207/207/207 261/261/261
f 205/205/205 209/209/209 261/261/261
f 211/211/211 233/233/233 262/262/262
f 226/226/226 262/262/262 237/237/237
f 207/207/207 262/262/262 226/226/226
f 207/207/207 211/211/211 262/262/262
f 237/237/237 262/262/262 241/241/241
f 218/218/218 195/195/195 220/220/220
f 218/218/218 263/263/263 195/195/195
f 218/218/218 179/179/179 263/263/263
f 221/221/221 264/264/264 178/178/178
f 191/191/191 201/201/201 198/198/198
f 191/191/191 264/264/264 201/201/201
f 263/263/263 199/199/199 195/195/195
f 263/263/263 192/192/192 199/199/199
f 281/281/281 265/265/265 310/310/310
f 281/281/281 275/275/275 265/265/265
f 322/322/322 344/344/344 339/339/339
f 322/322/322 330/330/330 344/344/344
f 300/300/300 339/339/339 274/274/274
f 300/300/300 322/322/322 339/339/339
f 349/349/349 314/314/314 294/294/294
f 331/331/331 336/336/336 345/345/345
f 331/331/331 326/326/326 336/336/336
f 343/343/343 335/335/335 265/265/265
f 265/265/265 335/335/335 317/317/317
f 350/350/350 329/329/329 321/321/321
f 318/318/318 326/326/326 313/313/313
f 318/318/318 336/336/336 326/326/326
f 275/275/275 340/340/340 265/265/265
f 265/265/265 340/340/340 343/343/343
f 267/267/267 351/351/351 280/280/280
f 278/278/278 300/300/300 274/274/274
f 278/278/278 305/305/305 300/300/300
f 278/278/278 285/285/285 282/282/282
f 278/278/278 291/291/291 285/285/285
f 281/281/281 284/284/284 290/290/290
f 281/281/281 288/288/288 284/284/284
f 307/307/307 278/278/278 282/282/282
f 307/307/307 305/305/305 278/278/278
f 352/352/352 312/312/312 309/309/309
f 352/352/352 289/289/289 312/312/312
f 288/288/288 310/310/310 311/311/311
f 288/288/288 281/281/281 310/310/310
f 329/329/329 324/324/324 321/321/321
f 329/329/329 334/334/334 324/324/324
f 332/332/332 322/322/322 323/323/323
f 332/332/332 330/330/330 322/322/322
f 340/340/340 347/347/347 343/343/343
f 340/340/340 342/342/342 347/347/347
f 341/341/341 344/344/344 346/346/346
f 341/341/341 339/339/339 344/344/344
f 325/325/325 334/334/334 329/329/329
f 325/325/325 328/328/328 334/334/334
f 327/327/327 331/331/331 333/333/333
f 327/327/327 326/326/326 331/331/331
f 343/343/343 337/337/337 335/335/335
f 343/343/343 347/347/347 337/337/337
f 348/348/348 336/336/336 338/338/338
f 348/348/348 345/345/345 336/336/336
f 335/335/335 319/319/319 317/317/317
f 335/335/335 337/337/337 319/319/319
f 338/338/338 318/318/318 320/320/320
f 338/338/338 336/336/336 318/318/318
f 314/314/314 328/328/328 325/325/325
f 314/314/314 316/316/316 328/328/328
f 315/315/315 326/326/326 327/327/327
f 315/315/315 313/313/313 326/326/326
f 300/300/300 323/323/323 322/322/322
f 300/300/300 301/301/301 323/323/323
f 302/302/302 321/321/321 324/324/324
f 302/302/302 298/298/298 321/321/321
f 275/275/275 342/342/342 340/340/340
f 275/275/275 277/277/277 342/342/342
f 276/276/276 339/339/339 341/341/341
f 276/276/276 274/274/274 339/339/339
f 281/281/281 277/277/277 275/275/275
f 281/281/281 290/290/290 277/277/277
f 291/291/291 274/274/274 276/276/276
f 291/291/291 278/278/278 274/274/274
f 352/352/352 266/266/266 279/279/279
f 296/296/296 349/349/349 294/294/294
f 292/292/292 349/349/349 296/296/296
f 298/298/298 350/350/350 321/321/321
f 314/314/314 325/325/325 350/350/350
f 294/294/294 350/350/350 298/298/298
f 294/294/294 314/314/314 350/350/350
f 325/325/325 329/329/329 350/350/350
f 306/306/306 283/283/283 351/351/351
f 306/306/306 308/308/308 283/283/283
f 306/306/306 351/351/351 267/267/267
f 309/309/309 266/266/266 352/352/352
f 279/279/279 289/289/289 352/352/352
f 279/279/279 286/286/286 289/289/289
f 351/351/351 287/287/287 280/280/280
f 351/351/351 283/283/283 287/287/287
f 181/181/181 8/8/8 184/184/184
f 181/181/181 5/5/5 8/8/8
f 595/595/595 465/465/465 615/615/615
f 595/595/595 361/361/361 465/465/465
f 557/557/557 426/426/426 552/552/552
f 557/557/557 369/369/369 426/426/426
f 567/567/567 481/481/481 572/572/572
f 567/567/567 357/357/357 481/481/481
f 575/575/575 410/410/410 578/578/578
f 575/575/575 381/381/381 410/410/410
f 449/449/449 474/474/474 469/469/469
f 449/449/449 452/452/452 474/474/474
f 385/385/385 489/489/489 485/485/485
f 385/385/385 387/387/387 489/489/489
f 545/545/545 497/497/497 550/550/550
f 545/545/545 365/365/365 497/497/497
f 573/573/573 513/513/513 593/593/593
f 573/573/573 353/353/353 513/513/513
f 535/535/535 446/446/446 530/530/530
f 535/535/535 377/377/377 446/446/446
f 357/357/357 492/492/492 481/481/481
f 357/357/357 360/360/360 492/492/492
f 601/601/601 395/395/395 385/385/385
f 601/601/601 603/603/603 395/395/395
f 536/536/536 459/459/459 449/449/449
f 536/536/536 537/537/537 459/459/459
f 538/538/538 454/454/454 460/460/460
f 538/538/538 531/531/531 454/454/454
f 581/581/581 422/422/422 415/415/415
f 581/581/581 586/586/586 422/422/422
f 558/558/558 439/439/439 429/429/429
f 558/558/558 559/559/559 439/439/439
f 560/560/560 434/434/434 440/440/440
f 560/560/560 553/553/553 434/434/434
f 604/604/604 402/402/402 396/396/396
f 604/604/604 608/608/608 402/402/402
f 553/553/553 426/426/426 434/434/434
f 553/553/553 552/552/552 426/426/426
f 579/579/579 416/416/416 405/405/405
f 579/579/579 582/582/582 416/416/416
f 608/608/608 390/390/390 402/402/402
f 608/608/608 600/600/600 390/390/390
f 531/531/531 446/446/446 454/454/454
f 531/531/531 530/530/530 446/446/446
f 586/586/586 410/410/410 422/422/422
f 586/586/586 578/578/578 410/410/410
f 597/597/597 390/390/390 600/600/600
f 597/597/597 373/373/373 390/390/390
f 580/580/580 514/514/514 430/430/430
f 580/580/580 588/588/588 514/514/514
f 405/405/405 507/507/507 501/501/501
f 405/405/405 407/407/407 507/507/507
f 523/523/523 429/429/429 431/431/431
f 523/523/523 517/517/517 429/429/429
f 451/451/451 466/466/466 473/473/473
f 451/451/451 450/450/450 466/466/466
f 541/541/541 498/498/498 406/406/406
f 541/541/541 544/544/544 498/498/498
f 388/388/388 482/482/482 490/490/490
f 388/388/388 386/386/386 482/482/482
f 408/408/408 498/498/498 508/508/508
f 408/408/408 406/406/406 498/498/498
f 439/439/439 431/431/431 429/429/429
f 439/439/439 442/442/442 431/431/431
f 443/443/443 430/430/430 432/432/432
f 443/443/443 438/438/438 430/430/430
f 406/406/406 419/419/419 413/413/413
f 406/406/406 408/408/408 419/419/419
f 407/407/407 416/416/416 418/418/418
f 407/407/407 405/405/405 416/416/416
f 434/434/434 444/444/444 440/440/440
f 434/434/434 436/436/436 444/444/444
f 435/435/435 437/437/437 441/441/441
f 435/435/435 433/433/433 437/437/437
f 414/414/414 424/424/424 421/421/421
f 414/414/414 420/420/420 424/424/424
f 417/417/417 422/422/422 423/423/423
f 417/417/417 415/415/415 422/422/422
f 426/426/426 436/436/436 434/434/434
f 426/426/426 428/428/428 436/436/436
f 427/427/427 433/433/433 435/435/435
f 427/427/427 425/425/425 433/433/433
f 421/421/421 412/412/412 409/409/409
f 421/421/421 424/424/424 412/412/412
f 423/423/423 410/410/410 411/411/411
f 423/423/423 422/422/422 410/410/410
f 459/459/459 452/452/452 449/449/449
f 459/459/459 463/463/463 452/452/452
f 461/461/461 450/450/450 451/451/451
f 461/461/461 457/457/457 450/450/450
f 386/386/386 399/399/399 393/393/393
f 386/386/386 388/388/388 399/399/399
f 387/387/387 395/395/395 397/397/397
f 387/387/387 385/385/385 395/395/395
f 454/454/454 464/464/464 460/460/460
f 454/454/454 456/456/456 464/464/464
f 455/455/455 458/458/458 462/462/462
f 455/455/455 453/453/453 458/458/458
f 394/394/394 404/404/404 401/401/401
f 394/394/394 400/400/400 404/404/404
f 398/398/398 402/402/402 403/403/403
f 398/398/398 396/396/396 402/402/402
f 446/446/446 456/456/456 454/454/454
f 446/446/446 448/448/448 456/456/456
f 447/447/447 453/453/453 455/455/455
f 447/447/447 445/445/445 453/453/453
f 401/401/401 392/392/392 389/389/389
f 401/401/401 404/404/404 392/392/392
f 403/403/403 390/390/390 391/391/391
f 403/403/403 402/402/402 390/390/390
f 373/373/373 391/391/391 390/390/390
f 373/373/373 375/375/375 391/391/391
f 376/376/376 389/389/389 392/392/392
f 376/376/376 374/374/374 389/389/389
f 425/425/425 371/371/371 370/370/370
f 425/425/425 427/427/427 371/371/371
f 428/428/428 369/369/369 372/372/372
f 428/428/428 426/426/426 369/369/369
f 377/377/377 448/448/448 446/446/446
f 377/377/377 380/380/380 448/448/448
f 379/379/379 445/445/445 447/447/447
f 379/379/379 378/378/378 445/445/445
f 521/521/521 353/353/353 355/355/355
f 521/521/521 513/513/513 353/353/353
f 518/518/518 356/356/356 354/354/354
f 518/518/518 522/522/522 356/356/356
f 359/359/359 486/486/486 491/491/491
f 359/359/359 358/358/358 486/486/486
f 566/566/566 386/386/386 563/563/563
f 566/566/566 482/482/482 386/386/386
f 364/364/364 470/470/470 476/476/476
f 364/364/364 362/362/362 470/470/470
f 602/602/602 466/466/466 450/450/450
f 602/602/602 610/610/610 466/466/466
f 502/502/502 367/367/367 366/366/366
f 502/502/502 505/505/505 367/367/367
f 506/506/506 365/365/365 368/368/368
f 506/506/506 497/497/497 365/365/365
f 409/409/409 384/384/384 382/382/382
f 409/409/409 412/412/412 384/384/384
f 411/411/411 381/381/381 383/383/383
f 411/411/411 410/410/410 381/381/381
f 514/514/514 432/432/432 430/430/430
f 514/514/514 524/524/524 432/432/432
f 507/507/507 504/504/504 501/501/501
f 507/507/507 510/510/510 504/504/504
f 509/509/509 502/502/502 503/503/503
f 509/509/509 505/505/505 502/502/502
f 498/498/498 511/511/511 508/508/508
f 498/498/498 499/499/499 511/511/511
f 500/500/500 506/506/506 512/512/512
f 500/500/500 497/497/497 506/506/506
f 523/523/523 519/519/519 517/517/517
f 523/523/523 526/526/526 519/519/519
f 527/527/527 518/518/518 520/520/520
f 527/527/527 522/522/522 518/518/518
f 514/514/514 528/528/528 524/524/524
f 514/514/514 516/516/516 528/528/528
f 515/515/515 521/521/521 525/525/525
f 515/515/515 513/513/513 521/521/521
f 466/466/466 477/477/477 473/473/473
f 466/466/466 467/467/467 477/477/477
f 468/468/468 475/475/475 478/478/478
f 468/468/468 465/465/465 475/475/475
f 474/474/474 471/471/471 469/469/469
f 474/474/474 479/479/479 471/471/471
f 480/480/480 470/470/470 472/472/472
f 480/480/480 476/476/476 470/470/470
f 482/482/482 495/495/495 490/490/490
f 482/482/482 483/483/483 495/495/495
f 484/484/484 492/492/492 496/496/496
f 484/484/484 481/481/481 492/492/492
f 489/489/489 487/487/487 485/485/485
f 489/489/489 493/493/493 487/487/487
f 494/494/494 486/486/486 488/488/488
f 494/494/494 491/491/491 486/486/486
f 588/588/588 516/516/516 514/514/514
f 588/588/588 590/590/590 516/516/516
f 589/589/589 513/513/513 515/515/515
f 589/589/589 593/593/593 513/513/513
f 566/566/566 483/483/483 482/482/482
f 566/566/566 570/570/570 483/483/483
f 571/571/571 481/481/481 484/484/484
f 571/571/571 572/572/572 481/481/481
f 610/610/610 467/467/467 466/466/466
f 610/610/610 611/611/611 467/467/467
f 612/612/612 465/465/465 468/468/468
f 612/612/612 615/615/615 465/465/465
f 544/544/544 499/499/499 498/498/498
f 544/544/544 548/548/548 499/499/499
f 549/549/549 497/497/497 500/500/500
f 549/549/549 550/550/550 497/497/497
f 361/361/361 475/475/475 465/465/465
f 361/361/361 363/363/363 475/475/475
f 549/549/549 534/534/534 550/550/550
f 549/549/549 533/533/533 534/534/534
f 539/539/539 548/548/548 544/544/544
f 539/539/539 532/532/532 548/548/548
f 536/536/536 544/544/544 541/541/541
f 536/536/536 539/539/539 544/544/544
f 547/547/547 530/530/530 531/531/531
f 547/547/547 546/546/546 530/530/530
f 538/538/538 547/547/547 531/531/531
f 538/538/538 543/543/543 547/547/547
f 536/536/536 542/542/542 537/537/537
f 536/536/536 541/541/541 542/542/542
f 546/546/546 535/535/535 530/530/530
f 546/546/546 540/540/540 535/535/535
f 550/550/550 529/529/529 545/545/545
f 550/550/550 534/534/534 529/529/529
f 571/571/571 556/556/556 572/572/572
f 571/571/571 555/555/555 556/556/556
f 561/561/561 570/570/570 566/566/566
f 561/561/561 554/554/554 570/570/570
f 558/558/558 566/566/566 563/563/563
f 558/558/558 561/561/561 566/566/566
f 569/569/569 552/552/552 553/553/553
f 569/569/569 568/568/568 552/552/552
f 560/560/560 569/569/569 553/553/553
f 560/560/560 565/565/565 569/569/569
f 558/558/558 564/564/564 559/559/559
f 558/558/558 563/563/563 564/564/564
f 572/572/572 551/551/551 567/567/567
f 572/572/572 556/556/556 551/551/551
f 568/568/568 557/557/557 552/552/552
f 568/568/568 562/562/562 557/557/557
f 362/362/362 534/534/534 470/470/470
f 362/362/362 529/529/529 534/534/534
f 449/449/449 539/539/539 536/536/536
f 449/449/449 469/469/469 539/539/539
f 469/469/469 532/532/532 539/539/539
f 469/469/469 471/471/471 532/532/532
f 472/472/472 534/534/534 533/533/533
f 472/472/472 470/470/470 534/534/534
f 382/382/382 546/546/546 409/409/409
f 382/382/382 540/540/540 546/546/546
f 406/406/406 542/542/542 541/541/541
f 406/406/406 413/413/413 542/542/542
f 414/414/414 547/547/547 543/543/543
f 414/414/414 421/421/421 547/547/547
f 421/421/421 546/546/546 547/547/547
f 421/421/421 409/409/409 546/546/546
f 354/354/354 556/556/556 518/518/518
f 354/354/354 551/551/551 556/556/556
f 517/517/517 558/558/558 429/429/429
f 517/517/517 561/561/561 558/558/558
f 517/517/517 554/554/554 561/561/561
f 517/517/517 519/519/519 554/554/554
f 520/520/520 556/556/556 555/555/555
f 520/520/520 518/518/518 556/556/556
f 374/374/374 568/568/568 389/389/389
f 374/374/374 562/562/562 568/568/568
f 386/386/386 564/564/564 563/563/563
f 386/386/386 393/393/393 564/564/564
f 394/394/394 569/569/569 565/565/565
f 394/394/394 401/401/401 569/569/569
f 401/401/401 568/568/568 569/569/569
f 401/401/401 389/389/389 568/568/568
f 503/503/503 594/594/594 591/591/591
f 503/503/503 502/502/502 594/594/594
f 591/591/591 593/593/593 589/589/589
f 591/591/591 594/594/594 593/593/593
f 501/501/501 592/592/592 587/587/587
f 501/501/501 504/504/504 592/592/592
f 587/587/587 590/590/590 588/588/588
f 587/587/587 592/592/592 590/590/590
f 405/405/405 587/587/587 579/579/579
f 405/405/405 501/501/501 587/587/587
f 579/579/579 588/588/588 580/580/580
f 579/579/579 587/587/587 588/588/588
f 433/433/433 577/577/577 585/585/585
f 433/433/433 425/425/425 577/577/577
f 585/585/585 578/578/578 586/586/586
f 585/585/585 577/577/577 578/578/578
f 430/430/430 584/584/584 580/580/580
f 430/430/430 438/438/438 584/584/584
f 580/580/580 582/582/582 579/579/579
f 580/580/580 584/584/584 582/582/582
f 437/437/437 585/585/585 583/583/583
f 437/437/437 433/433/433 585/585/585
f 583/583/583 586/586/586 581/581/581
f 583/583/583 585/585/585 586/586/586
f 366/366/366 594/594/594 502/502/502
f 366/366/366 574/574/574 594/594/594
f 574/574/574 593/593/593 594/594/594
f 574/574/574 573/573/573 593/593/593
f 370/370/370 577/577/577 425/425/425
f 370/370/370 576/576/576 577/577/577
f 576/576/576 578/578/578 577/577/577
f 576/576/576 575/575/575 578/578/578
f 488/488/488 616/616/616 614/614/614
f 488/488/488 486/486/486 616/616/616
f 614/614/614 615/615/615 612/612/612
f 614/614/614 616/616/616 615/615/615
f 485/485/485 613/613/613 609/609/609
f 485/485/485 487/487/487 613/613/613
f 609/609/609 611/611/611 610/610/610
f 609/609/609 613/613/613 611/611/611
f 385/385/385 609/609/609 601/601/601
f 385/385/385 485/485/485 609/609/609
f 601/601/601 610/610/610 602/602/602
f 601/601/601 609/609/609 610/610/610
f 378/378/378 599/599/599 445/445/445
f 378/378/378 598/598/598 599/599/599
f 598/598/598 600/600/600 599/599/599
f 598/598/598 597/597/597 600/600/600
f 453/453/453 599/599/599 607/607/607
f 453/453/453 445/445/445 599/599/599
f 607/607/607 600/600/600 608/608/608
f 607/607/607 599/599/599 600/600/600
f 458/458/458 607/607/607 606/606/606
f 458/458/458 453/453/453 607/607/607
f 606/606/606 608/608/608 604/604/604
f 606/606/606 607/607/607 608/608/608
f 450/450/450 605/605/605 602/602/602
f 450/450/450 457/457/457 605/605/605
f 602/602/602 603/603/603 601/601/601
f 602/602/602 605/605/605 603/603/603
f 358/358/358 616/616/616 486/486/486
f 358/358/358 596/596/596 616/616/616
f 596/596/596 615/615/615 616/616/616
f 596/596/596 595/595/595 615/615/615
f 619/619/619 621/621/621 623/623/623
f 619/619/619 617/617/617 621/621/621
f 624/624/624 618/618/618 620/620/620
f 624/624/624 622/622/622 618/618/618
f 686/686/686 630/630/630 642/642/642
f 630/630/630 744/744/744 743/743/743
f 630/630/630 686/686/686 744/744/744
f 695/695/695 724/724/724 689/689/689
f 695/695/695 730/730/730 724/724/724
f 650/650/650 645/645/645 626/626/626
f 650/650/650 639/639/639 645/645/645
f 757/757/757 636/636/636 635/635/635
f 757/757/757 750/750/750 636/636/636
f 643/643/643 628/628/628 644/644/644
f 643/643/643 631/631/631 628/628/628
f 662/662/662 659/659/659 663/663/663
f 666/666/666 665/665/665 670/670/670
f 669/669/669 667/667/667 671/671/671
f 658/658/658 664/664/664 661/661/661
f 664/664/664 678/678/678 685/685/685
f 664/664/664 658/658/658 678/678/678
f 639/639/639 641/641/641 637/637/637
f 754/754/754 677/677/677 687/687/687
f 677/677/677 753/753/753 668/668/668
f 677/677/677 754/754/754 753/753/753
f 640/640/640 651/651/651 635/635/635
f 640/640/640 652/652/652 651/651/651
f 757/757/757 651/651/651 761/761/761
f 757/757/757 635/635/635 651/651/651
f 628/628/628 627/627/627 644/644/644
f 628/628/628 648/648/648 627/627/627
f 641/641/641 650/650/650 653/653/653
f 641/641/641 639/639/639 650/650/650
f 649/649/649 633/633/633 632/632/632
f 649/649/649 654/654/654 633/633/633
f 760/760/760 632/632/632 747/747/747
f 760/760/760 649/649/649 632/632/632
f 660/660/660 686/686/686 672/672/672
f 686/686/686 741/741/741 744/744/744
f 686/686/686 660/660/660 741/741/741
f 680/680/680 675/675/675 669/669/669
f 680/680/680 656/656/656 675/675/675
f 665/665/665 761/761/761 681/681/681
f 665/665/665 758/758/758 761/761/761
f 658/658/658 673/673/673 674/674/674
f 658/658/658 661/661/661 673/673/673
f 631/631/631 634/634/634 628/628/628
f 676/676/676 669/669/669 675/675/675
f 676/676/676 667/667/667 669/669/669
f 750/750/750 759/759/759 755/755/755
f 750/750/750 757/757/757 759/759/759
f 740/740/740 749/749/749 745/745/745
f 740/740/740 748/748/748 749/749/749
f 679/679/679 663/663/663 684/684/684
f 679/679/679 662/662/662 663/663/663
f 637/637/637 645/645/645 639/639/639
f 637/637/637 646/646/646 645/645/645
f 770/770/770 679/679/679 769/769/769
f 770/770/770 760/760/760 679/679/679
f 647/647/647 754/754/754 687/687/687
f 754/754/754 638/638/638 751/751/751
f 754/754/754 647/647/647 638/638/638
f 650/650/650 698/698/698 700/700/700
f 650/650/650 625/625/625 698/698/698
f 688/688/688 692/692/692 762/762/762
f 648/648/648 634/634/634 655/655/655
f 648/648/648 628/628/628 634/634/634
f 710/710/710 708/708/708 627/627/627
f 658/658/658 657/657/657 678/678/678
f 658/658/658 674/674/674 657/657/657
f 680/680/680 671/671/671 683/683/683
f 680/680/680 669/669/669 671/671/671
f 665/665/665 682/682/682 670/670/670
f 665/665/665 681/681/681 682/682/682
f 697/697/697 738/738/738 703/703/703
f 697/697/697 732/732/732 738/738/738
f 705/705/705 716/716/716 714/714/714
f 705/705/705 707/707/707 716/716/716
f 699/699/699 736/736/736 701/701/701
f 699/699/699 734/734/734 736/736/736
f 732/732/732 701/701/701 736/736/736
f 732/732/732 697/697/697 701/701/701
f 693/693/693 726/726/726 691/691/691
f 693/693/693 728/728/728 726/726/726
f 691/691/691 716/716/716 707/707/707
f 691/691/691 726/726/726 716/716/716
f 703/703/703 730/730/730 695/695/695
f 703/703/703 738/738/738 730/730/730
f 709/709/709 718/718/718 720/720/720
f 709/709/709 711/711/711 718/718/718
f 734/734/734 713/713/713 722/722/722
f 734/734/734 699/699/699 713/713/713
f 648/648/648 690/690/690 706/706/706
f 711/711/711 714/714/714 718/718/718
f 711/711/711 705/705/705 714/714/714
f 694/694/694 688/688/688 762/762/762
f 700/700/700 696/696/696 650/650/650
f 696/696/696 702/702/702 650/650/650
f 648/648/648 706/706/706 704/704/704
f 627/627/627 704/704/704 710/710/710
f 627/627/627 648/648/648 704/704/704
f 717/717/717 727/727/727 678/678/678
f 729/729/729 725/725/725 767/767/767
f 767/767/767 725/725/725 731/731/731
f 733/733/733 737/737/737 680/680/680
f 733/733/733 680/680/680 739/739/739
f 690/690/690 762/762/762 692/692/692
f 694/694/694 762/762/762 702/702/702
f 625/625/625 712/712/712 698/698/698
f 715/715/715 717/717/717 678/678/678
f 678/678/678 719/719/719 715/715/715
f 678/678/678 657/657/657 719/719/719
f 767/767/767 727/727/727 729/729/729
f 735/735/735 723/723/723 656/656/656
f 656/656/656 737/737/737 735/735/735
f 656/656/656 680/680/680 737/737/737
f 731/731/731 739/739/739 767/767/767
f 689/689/689 728/728/728 693/693/693
f 689/689/689 724/724/724 728/728/728
f 629/629/629 747/747/747 632/632/632
f 629/629/629 742/742/742 747/747/747
f 741/741/741 746/746/746 744/744/744
f 746/746/746 743/743/743 744/744/744
f 751/751/751 756/756/756 754/754/754
f 756/756/756 753/753/753 754/754/754
f 755/755/755 758/758/758 752/752/752
f 755/755/755 759/759/759 758/758/758
f 666/666/666 758/758/758 665/665/665
f 666/666/666 752/752/752 758/758/758
f 760/760/760 749/749/749 748/748/748
f 760/760/760 747/747/747 749/749/749
f 759/759/759 757/757/757 761/761/761
f 745/745/745 747/747/747 742/742/742
f 745/745/745 749/749/749 747/747/747
f 659/659/659 748/748/748 740/740/740
f 659/659/659 662/662/662 748/748/748
f 758/758/758 759/759/759 761/761/761
f 760/760/760 662/662/662 679/679/679
f 760/760/760 748/748/748 662/662/662
f 770/770/770 649/649/649 760/760/760
f 770/770/770 768/768/768 649/649/649
f 770/770/770 681/681/681 761/761/761
f 770/770/770 769/769/769 681/681/681
f 766/766/766 680/680/680 683/683/683
f 766/766/766 767/767/767 680/680/680
f 685/685/685 767/767/767 766/766/766
f 685/685/685 678/678/678 767/767/767
f 681/681/681 765/765/765 682/682/682
f 681/681/681 769/769/769 765/765/765
f 679/679/679 765/765/765 769/769/769
f 679/679/679 684/684/684 765/765/765
f 762/762/762 653/653/653 650/650/650
f 762/762/762 764/764/764 653/653/653
f 648/648/648 764/764/764 762/762/762
f 648/648/648 655/655/655 764/764/764
f 651/651/651 763/763/763 768/768/768
f 651/651/651 652/652/652 763/763/763
f 654/654/654 768/768/768 763/763/763
f 654/654/654 649/649/649 768/768/768
f 762/762/762 690/690/690 648/648/648
f 739/739/739 680/680/680 767/767/767
f 767/767/767 678/678/678 727/727/727
f 636/636/636 640/640/640 635/635/635
f 762/762/762 650/650/650 702/702/702
f 632/632/632 633/633/633 629/629/629
f 719/719/719 657/657/657 721/721/721
f 768/768/768 761/761/761 651/651/651
f 768/768/768 770/770/770 761/761/761
f 778/778/778 833/833/833 790/790/790
f 833/833/833 890/890/890 891/891/891
f 833/833/833 778/778/778 890/890/890
f 842/842/842 871/871/871 877/877/877
f 842/842/842 836/836/836 871/871/871
f 797/797/797 792/792/792 786/786/786
f 797/797/797 771/771/771 792/792/792
f 904/904/904 783/783/783 897/897/897
f 904/904/904 782/782/782 783/783/783
f 789/789/789 775/775/775 777/777/777
f 789/789/789 791/791/791 775/775/775
f 809/809/809 810/810/810 806/806/806
f 813/813/813 817/817/817 812/812/812
f 816/816/816 818/818/818 815/815/815
f 805/805/805 807/807/807 811/811/811
f 811/811/811 825/825/825 805/805/805
f 811/811/811 832/832/832 825/825/825
f 786/786/786 785/785/785 788/788/788
f 823/823/823 901/901/901 834/834/834
f 901/901/901 814/814/814 900/900/900
f 901/901/901 823/823/823 814/814/814
f 787/787/787 798/798/798 799/799/799
f 787/787/787 782/782/782 798/798/798
f 904/904/904 798/798/798 782/782/782
f 904/904/904 908/908/908 798/798/798
f 775/775/775 773/773/773 795/795/795
f 775/775/775 791/791/791 773/773/773
f 788/788/788 797/797/797 786/786/786
f 788/788/788 800/800/800 797/797/797
f 796/796/796 780/780/780 801/801/801
f 796/796/796 779/779/779 780/780/780
f 907/907/907 779/779/779 796/796/796
f 907/907/907 894/894/894 779/779/779
f 833/833/833 808/808/808 820/820/820
f 808/808/808 891/891/891 888/888/888
f 808/808/808 833/833/833 891/891/891
f 827/827/827 822/822/822 803/803/803
f 827/827/827 816/816/816 822/822/822
f 812/812/812 908/908/908 905/905/905
f 812/812/812 828/828/828 908/908/908
f 805/805/805 819/819/819 807/807/807
f 805/805/805 821/821/821 819/819/819
f 777/777/777 775/775/775 781/781/781
f 824/824/824 816/816/816 815/815/815
f 824/824/824 822/822/822 816/816/816
f 897/897/897 906/906/906 904/904/904
f 897/897/897 902/902/902 906/906/906
f 887/887/887 896/896/896 895/895/895
f 887/887/887 892/892/892 896/896/896
f 826/826/826 810/810/810 809/809/809
f 826/826/826 831/831/831 810/810/810
f 785/785/785 792/792/792 794/794/794
f 785/785/785 786/786/786 792/792/792
f 917/917/917 826/826/826 907/907/907
f 917/917/917 916/916/916 826/826/826
f 901/901/901 793/793/793 834/834/834
f 793/793/793 898/898/898 784/784/784
f 793/793/793 901/901/901 898/898/898
f 797/797/797 845/845/845 772/772/772
f 797/797/797 847/847/847 845/845/845
f 835/835/835 909/909/909 839/839/839
f 795/795/795 781/781/781 775/775/775
f 795/795/795 802/802/802 781/781/781
f 857/857/857 774/774/774 855/855/855
f 805/805/805 804/804/804 821/821/821
f 805/805/805 825/825/825 804/804/804
f 827/827/827 818/818/818 816/816/816
f 827/827/827 830/830/830 818/818/818
f 812/812/812 829/829/829 828/828/828
f 812/812/812 817/817/817 829/829/829
f 844/844/844 885/885/885 879/879/879
f 844/844/844 850/850/850 885/885/885
f 852/852/852 863/863/863 854/854/854
f 852/852/852 861/861/861 863/863/863
f 846/846/846 883/883/883 881/881/881
f 846/846/846 848/848/848 883/883/883
f 879/879/879 848/848/848 844/844/844
f 879/879/879 883/883/883 848/848/848
f 840/840/840 873/873/873 875/875/875
f 840/840/840 838/838/838 873/873/873
f 838/838/838 863/863/863 873/873/873
f 838/838/838 854/854/854 863/863/863
f 850/850/850 877/877/877 885/885/885
f 850/850/850 842/842/842 877/877/877
f 856/856/856 865/865/865 858/858/858
f 856/856/856 867/867/867 865/865/865
f 881/881/881 860/860/860 846/846/846
f 881/881/881 869/869/869 860/860/860
f 795/795/795 853/853/853 837/837/837
f 858/858/858 861/861/861 852/852/852
f 858/858/858 865/865/865 861/861/861
f 841/841/841 909/909/909 835/835/835
f 847/847/847 797/797/797 843/843/843
f 843/843/843 797/797/797 849/849/849
f 795/795/795 851/851/851 853/853/853
f 774/774/774 851/851/851 795/795/795
f 774/774/774 857/857/857 851/851/851
f 864/864/864 825/825/825 874/874/874
f 876/876/876 914/914/914 872/872/872
f 914/914/914 878/878/878 872/872/872
f 880/880/880 827/827/827 884/884/884
f 880/880/880 886/886/886 827/827/827
f 837/837/837 839/839/839 909/909/909
f 841/841/841 849/849/849 909/909/909
f 772/772/772 845/845/845 859/859/859
f 862/862/862 825/825/825 864/864/864
f 825/825/825 866/866/866 804/804/804
f 825/825/825 862/862/862 866/866/866
f 914/914/914 876/876/876 874/874/874
f 882/882/882 803/803/803 870/870/870
f 803/803/803 884/884/884 827/827/827
f 803/803/803 882/882/882 884/884/884
f 878/878/878 914/914/914 886/886/886
f 836/836/836 875/875/875 871/871/871
f 836/836/836 840/840/840 875/875/875
f 776/776/776 894/894/894 889/889/889
f 776/776/776 779/779/779 894/894/894
f 888/888/888 891/891/891 893/893/893
f 893/893/893 891/891/891 890/890/890
f 898/898/898 901/901/901 903/903/903
f 903/903/903 901/901/901 900/900/900
f 902/902/902 905/905/905 906/906/906
f 902/902/902 899/899/899 905/905/905
f 813/813/813 905/905/905 899/899/899
f 813/813/813 812/812/812 905/905/905
f 907/907/907 895/895/895 896/896/896
f 907/907/907 896/896/896 894/894/894
f 906/906/906 908/908/908 904/904/904
f 892/892/892 894/894/894 896/896/896
f 892/892/892 889/889/889 894/894/894
f 806/806/806 895/895/895 809/809/809
f 806/806/806 887/887/887 895/895/895
f 905/905/905 908/908/908 906/906/906
f 907/907/907 809/809/809 895/895/895
f 907/907/907 826/826/826 809/809/809
f 917/917/917 796/796/796 915/915/915
f 917/917/917 907/907/907 796/796/796
f 917/917/917 828/828/828 916/916/916
f 917/917/917 908/908/908 828/828/828
f 913/913/913 827/827/827 914/914/914
f 913/913/913 830/830/830 827/827/827
f 832/832/832 914/914/914 825/825/825
f 832/832/832 913/913/913 914/914/914
f 828/828/828 912/912/912 916/916/916
f 828/828/828 829/829/829 912/912/912
f 826/826/826 912/912/912 831/831/831
f 826/826/826 916/916/916 912/912/912
f 909/909/909 800/800/800 911/911/911
f 909/909/909 797/797/797 800/800/800
f 795/795/795 911/911/911 802/802/802
f 795/795/795 909/909/909 911/911/911
f 798/798/798 910/910/910 799/799/799
f 798/798/798 915/915/915 910/910/910
f 801/801/801 915/915/915 796/796/796
f 801/801/801 910/910/910 915/915/915
f 909/909/909 795/795/795 837/837/837
f 886/886/886 914/914/914 827/827/827
f 914/914/914 874/874/874 825/825/825
f 783/783/783 782/782/782 787/787/787
f 909/909/909 849/849/849 797/797/797
f 779/779/779 776/776/776 780/780/780
f 866/866/866 868/868/868 804/804/804
f 915/915/915 908/908/908 917/917/917
f 915/915/915 798/798/798 908/908/908
f 961/961/961 919/919/919 918/918/918
f 961/961/961 962/962/962 919/919/919
f 962/962/962 920/920/920 919/919/919
f 962/962/962 963/963/963 920/920/920
f 963/963/963 921/921/921 920/920/920
f 963/963/963 964/964/964 921/921/921
f 964/964/964 922/922/922 921/921/921
f 964/964/964 965/965/965 922/922/922
f 965/965/965 923/923/923 922/922/922
f 965/965/965 966/966/966 923/923/923
f 966/966/966 924/924/924 923/923/923
f 966/966/966 967/967/967 924/924/924
f 967/967/967 926/926/926 924/924/924
f 967/967/967 969/969/969 926/926/926
f 968/968/968 927/927/927 925/925/925
f 968/968/968 970/970/970 927/927/927
f 970/970/970 928/928/928 927/927/927
f 970/970/970 971/971/971 928/928/928
f 1013/1013/1013 1709/1709/1709 1015/1015/1015
f 1013/1013/1013 1708/1708/1708 1709/1709/1709
f 1014/1014/1014 950/950/950 960/960/960
f 1014/1014/1014 995/995/995 950/950/950
f 970/970/970 992/992/992 971/971/971
f 970/970/970 990/990/990 992/992/992
f 1010/1010/1010 1708/1708/1708 1013/1013/1013
f 1010/1010/1010 1706/1706/1706 1708/1708/1708
f 1012/1012/1012 960/960/960 959/959/959
f 1012/1012/1012 1014/1014/1014 960/960/960
f 968/968/968 990/990/990 970/970/970
f 968/968/968 986/986/986 990/990/990
f 1007/1007/1007 1707/1707/1707 1011/1011/1011
f 1007/1007/1007 1705/1705/1705 1707/1707/1707
f 1008/1008/1008 1012/1012/1012 957/957/957
f 957/957/957 1012/1012/1012 959/959/959
f 967/967/967 987/987/987 969/969/969
f 967/967/967 984/984/984 987/987/987
f 1005/1005/1005 1705/1705/1705 1007/1007/1007
f 1005/1005/1005 1704/1704/1704 1705/1705/1705
f 1006/1006/1006 1009/1009/1009 956/956/956
f 956/956/956 1009/1009/1009 958/958/958
f 966/966/966 984/984/984 967/967/967
f 966/966/966 982/982/982 984/984/984
f 1003/1003/1003 1704/1704/1704 1005/1005/1005
f 1003/1003/1003 1703/1703/1703 1704/1704/1704
f 1004/1004/1004 956/956/956 955/955/955
f 1004/1004/1004 1006/1006/1006 956/956/956
f 965/965/965 982/982/982 966/966/966
f 965/965/965 980/980/980 982/982/982
f 1001/1001/1001 1703/1703/1703 1003/1003/1003
f 1001/1001/1001 1702/1702/1702 1703/1703/1703
f 1002/1002/1002 955/955/955 954/954/954
f 1002/1002/1002 1004/1004/1004 955/955/955
f 964/964/964 980/980/980 965/965/965
f 964/964/964 978/978/978 980/980/980
f 999/999/999 1702/1702/1702 1001/1001/1001
f 999/999/999 1701/1701/1701 1702/1702/1702
f 1000/1000/1000 954/954/954 953/953/953
f 1000/1000/1000 1002/1002/1002 954/954/954
f 963/963/963 978/978/978 964/964/964
f 963/963/963 976/976/976 978/978/978
f 997/997/997 1701/1701/1701 999/999/999
f 997/997/997 1700/1700/1700 1701/1701/1701
f 998/998/998 953/953/953 952/952/952
f 998/998/998 1000/1000/1000 953/953/953
f 962/962/962 976/976/976 963/963/963
f 962/962/962 974/974/974 976/976/976
f 1699/1699/1699 997/997/997 994/994/994
f 1699/1699/1699 1700/1700/1700 997/997/997
f 996/996/996 952/952/952 951/951/951
f 996/996/996 998/998/998 952/952/952
f 973/973/973 962/962/962 961/961/961
f 973/973/973 974/974/974 962/962/962
f 995/995/995 951/951/951 950/950/950
f 995/995/995 996/996/996 951/951/951
f 971/971/971 918/918/918 928/928/928
f 971/971/971 961/961/961 918/918/918
f 950/950/950 975/975/975 972/972/972
f 950/950/950 951/951/951 975/975/975
f 972/972/972 974/974/974 973/973/973
f 972/972/972 975/975/975 974/974/974
f 951/951/951 977/977/977 975/975/975
f 951/951/951 952/952/952 977/977/977
f 975/975/975 976/976/976 974/974/974
f 975/975/975 977/977/977 976/976/976
f 952/952/952 979/979/979 977/977/977
f 952/952/952 953/953/953 979/979/979
f 977/977/977 978/978/978 976/976/976
f 977/977/977 979/979/979 978/978/978
f 953/953/953 981/981/981 979/979/979
f 953/953/953 954/954/954 981/981/981
f 979/979/979 980/980/980 978/978/978
f 979/979/979 981/981/981 980/980/980
f 954/954/954 983/983/983 981/981/981
f 954/954/954 955/955/955 983/983/983
f 981/981/981 982/982/982 980/980/980
f 981/981/981 983/983/983 982/982/982
f 955/955/955 985/985/985 983/983/983
f 955/955/955 956/956/956 985/985/985
f 983/983/983 984/984/984 982/982/982
f 983/983/983 985/985/985 984/984/984
f 956/956/956 989/989/989 985/985/985
f 956/956/956 958/958/958 989/989/989
f 985/985/985 987/987/987 984/984/984
f 985/985/985 989/989/989 987/987/987
f 957/957/957 991/991/991 988/988/988
f 957/957/957 959/959/959 991/991/991
f 988/988/988 990/990/990 986/986/986
f 988/988/988 991/991/991 990/990/990
f 959/959/959 993/993/993 991/991/991
f 959/959/959 960/960/960 993/993/993
f 991/991/991 992/992/992 990/990/990
f 991/991/991 993/993/993 992/992/992
f 960/960/960 972/972/972 993/993/993
f 960/960/960 950/950/950 972/972/972
f 993/993/993 973/973/973 992/992/992
f 993/993/993 972/972/972 973/973/973
f 994/994/994 996/996/996 995/995/995
f 994/994/994 997/997/997 996/996/996
f 997/997/997 998/998/998 996/996/996
f 997/997/997 999/999/999 998/998/998
f 999/999/999 1000/1000/1000 998/998/998
f 999/999/999 1001/1001/1001 1000/1000/1000
f 1001/1001/1001 1002/1002/1002 1000/1000/1000
f 1001/1001/1001 1003/1003/1003 1002/1002/1002
f 1003/1003/1003 1004/1004/1004 1002/1002/1002
f 1003/1003/1003 1005/1005/1005 1004/1004/1004
f 1005/1005/1005 1006/1006/1006 1004/1004/1004
f 1005/1005/1005 1007/1007/1007 1006/1006/1006
f 1007/1007/1007 1009/1009/1009 1006/1006/1006
f 1007/1007/1007 1011/1011/1011 1009/1009/1009
f 1010/1010/1010 1013/1013/1013 1008/1008/1008
f 1008/1008/1008 1013/1013/1013 1012/1012/1012
f 1013/1013/1013 1014/1014/1014 1012/1012/1012
f 1013/1013/1013 1015/1015/1015 1014/1014/1014
f 1015/1015/1015 995/995/995 1014/1014/1014
f 1015/1015/1015 994/994/994 995/995/995
f 930/930/930 1700/1700/1700 1699/1699/1699
f 930/930/930 932/932/932 1700/1700/1700
f 932/932/932 1701/1701/1701 1700/1700/1700
f 932/932/932 934/934/934 1701/1701/1701
f 934/934/934 1702/1702/1702 1701/1701/1701
f 934/934/934 936/936/936 1702/1702/1702
f 936/936/936 1703/1703/1703 1702/1702/1702
f 936/936/936 938/938/938 1703/1703/1703
f 938/938/938 1704/1704/1704 1703/1703/1703
f 938/938/938 940/940/940 1704/1704/1704
f 940/940/940 1705/1705/1705 1704/1704/1704
f 940/940/940 942/942/942 1705/1705/1705
f 942/942/942 1707/1707/1707 1705/1705/1705
f 942/942/942 945/945/945 1707/1707/1707
f 944/944/944 1708/1708/1708 1706/1706/1706
f 944/944/944 947/947/947 1708/1708/1708
f 947/947/947 1709/1709/1709 1708/1708/1708
f 947/947/947 949/949/949 1709/1709/1709
f 1050/1050/1050 1017/1017/1017 1016/1016/1016
f 1050/1050/1050 1051/1051/1051 1017/1017/1017
f 1051/1051/1051 1018/1018/1018 1017/1017/1017
f 1051/1051/1051 1053/1053/1053 1018/1018/1018
f 1053/1053/1053 1019/1019/1019 1018/1018/1018
f 1053/1053/1053 1055/1055/1055 1019/1019/1019
f 1055/1055/1055 1020/1020/1020 1019/1019/1019
f 1055/1055/1055 1057/1057/1057 1020/1020/1020
f 1057/1057/1057 1021/1021/1021 1020/1020/1020
f 1057/1057/1057 1059/1059/1059 1021/1021/1021
f 1059/1059/1059 1022/1022/1022 1021/1021/1021
f 1059/1059/1059 1061/1061/1061 1022/1022/1022
f 1061/1061/1061 1024/1024/1024 1022/1022/1022
f 1061/1061/1061 1064/1064/1064 1024/1024/1024
f 1063/1063/1063 1025/1025/1025 1023/1023/1023
f 1063/1063/1063 1067/1067/1067 1025/1025/1025
f 1067/1067/1067 1026/1026/1026 1025/1025/1025
f 1067/1067/1067 1069/1069/1069 1026/1026/1026
f 1069/1069/1069 1016/1016/1016 1026/1026/1026
f 1069/1069/1069 1050/1050/1050 1016/1016/1016
f 1135/1135/1135 1028/1028/1028 1047/1047/1047
f 1135/1135/1135 1116/1116/1116 1028/1028/1028
f 1090/1090/1090 1113/1113/1113 1092/1092/1092
f 1090/1090/1090 1111/1111/1111 1113/1113/1113
f 1068/1068/1068 1091/1091/1091 1070/1070/1070
f 1068/1068/1068 1089/1089/1089 1091/1091/1091
f 1138/1138/1138 1688/1688/1688 1698/1698/1698
f 1138/1138/1138 1137/1137/1137 1688/1688/1688
f 1133/1133/1133 1047/1047/1047 1045/1045/1045
f 1133/1133/1133 1135/1135/1135 1047/1047/1047
f 1087/1087/1087 1111/1111/1111 1090/1090/1090
f 1087/1087/1087 1107/1107/1107 1111/1111/1111
f 1065/1065/1065 1089/1089/1089 1068/1068/1068
f 1065/1065/1065 1085/1085/1085 1089/1089/1089
f 1139/1139/1139 1698/1698/1698 1697/1697/1697
f 1139/1139/1139 1138/1138/1138 1698/1698/1698
f 1129/1129/1129 1045/1045/1045 1041/1041/1041
f 1129/1129/1129 1133/1133/1133 1045/1045/1045
f 1084/1084/1084 1108/1108/1108 1088/1088/1088
f 1084/1084/1084 1105/1105/1105 1108/1108/1108
f 1062/1062/1062 1086/1086/1086 1066/1066/1066
f 1062/1062/1062 1083/1083/1083 1086/1086/1086
f 1140/1140/1140 1697/1697/1697 1695/1695/1695
f 1140/1140/1140 1139/1139/1139 1697/1697/1697
f 1127/1127/1127 1042/1042/1042 1039/1039/1039
f 1127/1127/1127 1130/1130/1130 1042/1042/1042
f 1082/1082/1082 1105/1105/1105 1084/1084/1084
f 1082/1082/1082 1103/1103/1103 1105/1105/1105
f 1060/1060/1060 1083/1083/1083 1062/1062/1062
f 1060/1060/1060 1081/1081/1081 1083/1083/1083
f 1142/1142/1142 1696/1696/1696 1694/1694/1694
f 1142/1142/1142 1141/1141/1141 1696/1696/1696
f 1125/1125/1125 1039/1039/1039 1037/1037/1037
f 1125/1125/1125 1127/1127/1127 1039/1039/1039
f 1080/1080/1080 1103/1103/1103 1082/1082/1082
f 1080/1080/1080 1101/1101/1101 1103/1103/1103
f 1058/1058/1058 1081/1081/1081 1060/1060/1060
f 1058/1058/1058 1079/1079/1079 1081/1081/1081
f 1143/1143/1143 1694/1694/1694 1693/1693/1693
f 1143/1143/1143 1142/1142/1142 1694/1694/1694
f 1123/1123/1123 1037/1037/1037 1035/1035/1035
f 1123/1123/1123 1125/1125/1125 1037/1037/1037
f 1078/1078/1078 1101/1101/1101 1080/1080/1080
f 1078/1078/1078 1099/1099/1099 1101/1101/1101
f 1056/1056/1056 1079/1079/1079 1058/1058/1058
f 1056/1056/1056 1077/1077/1077 1079/1079/1079
f 1144/1144/1144 1693/1693/1693 1692/1692/1692
f 1144/1144/1144 1143/1143/1143 1693/1693/1693
f 1121/1121/1121 1035/1035/1035 1033/1033/1033
f 1121/1121/1121 1123/1123/1123 1035/1035/1035
f 1076/1076/1076 1099/1099/1099 1078/1078/1078
f 1076/1076/1076 1097/1097/1097 1099/1099/1099
f 1054/1054/1054 1077/1077/1077 1056/1056/1056
f 1054/1054/1054 1075/1075/1075 1077/1077/1077
f 1145/1145/1145 1692/1692/1692 1691/1691/1691
f 1145/1145/1145 1144/1144/1144 1692/1692/1692
f 1119/1119/1119 1033/1033/1033 1031/1031/1031
f 1119/1119/1119 1121/1121/1121 1033/1033/1033
f 1074/1074/1074 1097/1097/1097 1076/1076/1076
f 1074/1074/1074 1095/1095/1095 1097/1097/1097
f 1052/1052/1052 1075/1075/1075 1054/1054/1054
f 1052/1052/1052 1073/1073/1073 1075/1075/1075
f 1146/1146/1146 1691/1691/1691 1690/1690/1690
f 1146/1146/1146 1145/1145/1145 1691/1691/1691
f 1117/1117/1117 1031/1031/1031 1029/1029/1029
f 1117/1117/1117 1119/1119/1119 1031/1031/1031
f 1094/1094/1094 1074/1074/1074 1071/1071/1071
f 1094/1094/1094 1095/1095/1095 1074/1074/1074
f 1072/1072/1072 1052/1052/1052 1049/1049/1049
f 1072/1072/1072 1073/1073/1073 1052/1052/1052
f 1152/1152/1152 1142/1142/1142 1143/1143/1143
f 1152/1152/1152 1153/1153/1153 1142/1142/1142
f 1147/1147/1147 1690/1690/1690 1689/1689/1689
f 1147/1147/1147 1146/1146/1146 1690/1690/1690
f 1116/1116/1116 1029/1029/1029 1028/1028/1028
f 1116/1116/1116 1117/1117/1117 1029/1029/1029
f 1567/1567/1567 1666/1666/1666 1676/1676/1676
f 1567/1567/1567 1586/1586/1586 1666/1666/1666
f 1070/1070/1070 1050/1050/1050 1069/1069/1069
f 1070/1070/1070 1049/1049/1049 1050/1050/1050
f 1068/1068/1068 1069/1069/1069 1067/1067/1067
f 1068/1068/1068 1070/1070/1070 1069/1069/1069
f 1065/1065/1065 1067/1067/1067 1063/1063/1063
f 1065/1065/1065 1068/1068/1068 1067/1067/1067
f 1062/1062/1062 1064/1064/1064 1061/1061/1061
f 1062/1062/1062 1066/1066/1066 1064/1064/1064
f 1060/1060/1060 1061/1061/1061 1059/1059/1059
f 1060/1060/1060 1062/1062/1062 1061/1061/1061
f 1058/1058/1058 1059/1059/1059 1057/1057/1057
f 1058/1058/1058 1060/1060/1060 1059/1059/1059
f 1056/1056/1056 1057/1057/1057 1055/1055/1055
f 1056/1056/1056 1058/1058/1058 1057/1057/1057
f 1054/1054/1054 1055/1055/1055 1053/1053/1053
f 1054/1054/1054 1056/1056/1056 1055/1055/1055
f 1052/1052/1052 1053/1053/1053 1051/1051/1051
f 1052/1052/1052 1054/1054/1054 1053/1053/1053
f 1049/1049/1049 1051/1051/1051 1050/1050/1050
f 1049/1049/1049 1052/1052/1052 1051/1051/1051
f 1071/1071/1071 1073/1073/1073 1072/1072/1072
f 1071/1071/1071 1074/1074/1074 1073/1073/1073
f 1074/1074/1074 1075/1075/1075 1073/1073/1073
f 1074/1074/1074 1076/1076/1076 1075/1075/1075
f 1076/1076/1076 1077/1077/1077 1075/1075/1075
f 1076/1076/1076 1078/1078/1078 1077/1077/1077
f 1078/1078/1078 1079/1079/1079 1077/1077/1077
f 1078/1078/1078 1080/1080/1080 1079/1079/1079
f 1080/1080/1080 1081/1081/1081 1079/1079/1079
f 1080/1080/1080 1082/1082/1082 1081/1081/1081
f 1082/1082/1082 1083/1083/1083 1081/1081/1081
f 1082/1082/1082 1084/1084/1084 1083/1083/1083
f 1084/1084/1084 1086/1086/1086 1083/1083/1083
f 1084/1084/1084 1088/1088/1088 1086/1086/1086
f 1087/1087/1087 1089/1089/1089 1085/1085/1085
f 1087/1087/1087 1090/1090/1090 1089/1089/1089
f 1090/1090/1090 1091/1091/1091 1089/1089/1089
f 1090/1090/1090 1092/1092/1092 1091/1091/1091
f 1092/1092/1092 1072/1072/1072 1091/1091/1091
f 1092/1092/1092 1071/1071/1071 1072/1072/1072
f 1028/1028/1028 1096/1096/1096 1093/1093/1093
f 1028/1028/1028 1029/1029/1029 1096/1096/1096
f 1093/1093/1093 1095/1095/1095 1094/1094/1094
f 1093/1093/1093 1096/1096/1096 1095/1095/1095
f 1029/1029/1029 1098/1098/1098 1096/1096/1096
f 1029/1029/1029 1031/1031/1031 1098/1098/1098
f 1096/1096/1096 1097/1097/1097 1095/1095/1095
f 1096/1096/1096 1098/1098/1098 1097/1097/1097
f 1031/1031/1031 1100/1100/1100 1098/1098/1098
f 1031/1031/1031 1033/1033/1033 1100/1100/1100
f 1098/1098/1098 1099/1099/1099 1097/1097/1097
f 1098/1098/1098 1100/1100/1100 1099/1099/1099
f 1033/1033/1033 1102/1102/1102 1100/1100/1100
f 1033/1033/1033 1035/1035/1035 1102/1102/1102
f 1100/1100/1100 1101/1101/1101 1099/1099/1099
f 1100/1100/1100 1102/1102/1102 1101/1101/1101
f 1035/1035/1035 1104/1104/1104 1102/1102/1102
f 1035/1035/1035 1037/1037/1037 1104/1104/1104
f 1102/1102/1102 1103/1103/1103 1101/1101/1101
f 1102/1102/1102 1104/1104/1104 1103/1103/1103
f 1037/1037/1037 1106/1106/1106 1104/1104/1104
f 1037/1037/1037 1039/1039/1039 1106/1106/1106
f 1104/1104/1104 1105/1105/1105 1103/1103/1103
f 1104/1104/1104 1106/1106/1106 1105/1105/1105
f 1039/1039/1039 1110/1110/1110 1106/1106/1106
f 1039/1039/1039 1042/1042/1042 1110/1110/1110
f 1106/1106/1106 1110/1110/1110 1105/1105/1105
f 1105/1105/1105 1110/1110/1110 1108/1108/1108
f 1041/1041/1041 1112/1112/1112 1109/1109/1109
f 1041/1041/1041 1045/1045/1045 1112/1112/1112
f 1109/1109/1109 1111/1111/1111 1107/1107/1107
f 1109/1109/1109 1112/1112/1112 1111/1111/1111
f 1045/1045/1045 1114/1114/1114 1112/1112/1112
f 1045/1045/1045 1047/1047/1047 1114/1114/1114
f 1112/1112/1112 1113/1113/1113 1111/1111/1111
f 1112/1112/1112 1114/1114/1114 1113/1113/1113
f 1047/1047/1047 1093/1093/1093 1114/1114/1114
f 1047/1047/1047 1028/1028/1028 1093/1093/1093
f 1114/1114/1114 1093/1093/1093 1113/1113/1113
f 1113/1113/1113 1093/1093/1093 1094/1094/1094
f 1027/1027/1027 1118/1118/1118 1115/1115/1115
f 1027/1027/1027 1030/1030/1030 1118/1118/1118
f 1115/1115/1115 1117/1117/1117 1116/1116/1116
f 1115/1115/1115 1118/1118/1118 1117/1117/1117
f 1030/1030/1030 1120/1120/1120 1118/1118/1118
f 1030/1030/1030 1032/1032/1032 1120/1120/1120
f 1118/1118/1118 1119/1119/1119 1117/1117/1117
f 1118/1118/1118 1120/1120/1120 1119/1119/1119
f 1032/1032/1032 1122/1122/1122 1120/1120/1120
f 1032/1032/1032 1034/1034/1034 1122/1122/1122
f 1120/1120/1120 1121/1121/1121 1119/1119/1119
f 1120/1120/1120 1122/1122/1122 1121/1121/1121
f 1034/1034/1034 1124/1124/1124 1122/1122/1122
f 1034/1034/1034 1036/1036/1036 1124/1124/1124
f 1122/1122/1122 1123/1123/1123 1121/1121/1121
f 1122/1122/1122 1124/1124/1124 1123/1123/1123
f 1036/1036/1036 1126/1126/1126 1124/1124/1124
f 1036/1036/1036 1038/1038/1038 1126/1126/1126
f 1124/1124/1124 1125/1125/1125 1123/1123/1123
f 1124/1124/1124 1126/1126/1126 1125/1125/1125
f 1038/1038/1038 1128/1128/1128 1126/1126/1126
f 1038/1038/1038 1040/1040/1040 1128/1128/1128
f 1126/1126/1126 1127/1127/1127 1125/1125/1125
f 1126/1126/1126 1128/1128/1128 1127/1127/1127
f 1040/1040/1040 1132/1132/1132 1128/1128/1128
f 1040/1040/1040 1044/1044/1044 1132/1132/1132
f 1128/1128/1128 1130/1130/1130 1127/1127/1127
f 1128/1128/1128 1132/1132/1132 1130/1130/1130
f 1043/1043/1043 1134/1134/1134 1131/1131/1131
f 1043/1043/1043 1046/1046/1046 1134/1134/1134
f 1131/1131/1131 1133/1133/1133 1129/1129/1129
f 1131/1131/1131 1134/1134/1134 1133/1133/1133
f 1046/1046/1046 1136/1136/1136 1134/1134/1134
f 1046/1046/1046 1048/1048/1048 1136/1136/1136
f 1134/1134/1134 1135/1135/1135 1133/1133/1133
f 1134/1134/1134 1136/1136/1136 1135/1135/1135
f 1048/1048/1048 1115/1115/1115 1136/1136/1136
f 1048/1048/1048 1027/1027/1027 1115/1115/1115
f 1136/1136/1136 1116/1116/1116 1135/1135/1135
f 1136/1136/1136 1115/1115/1115 1116/1116/1116
f 1688/1688/1688 1030/1030/1030 1027/1027/1027
f 1688/1688/1688 1689/1689/1689 1030/1030/1030
f 1689/1689/1689 1032/1032/1032 1030/1030/1030
f 1689/1689/1689 1690/1690/1690 1032/1032/1032
f 1690/1690/1690 1034/1034/1034 1032/1032/1032
f 1690/1690/1690 1691/1691/1691 1034/1034/1034
f 1691/1691/1691 1036/1036/1036 1034/1034/1034
f 1691/1691/1691 1692/1692/1692 1036/1036/1036
f 1692/1692/1692 1038/1038/1038 1036/1036/1036
f 1692/1692/1692 1693/1693/1693 1038/1038/1038
f 1693/1693/1693 1040/1040/1040 1038/1038/1038
f 1693/1693/1693 1694/1694/1694 1040/1040/1040
f 1151/1151/1151 1143/1143/1143 1144/1144/1144
f 1151/1151/1151 1152/1152/1152 1143/1143/1143
f 1694/1694/1694 1044/1044/1044 1040/1040/1040
f 1694/1694/1694 1696/1696/1696 1044/1044/1044
f 1150/1150/1150 1144/1144/1144 1145/1145/1145
f 1150/1150/1150 1151/1151/1151 1144/1144/1144
f 1695/1695/1695 1046/1046/1046 1043/1043/1043
f 1695/1695/1695 1697/1697/1697 1046/1046/1046
f 1149/1149/1149 1145/1145/1145 1146/1146/1146
f 1149/1149/1149 1150/1150/1150 1145/1145/1145
f 1697/1697/1697 1048/1048/1048 1046/1046/1046
f 1697/1697/1697 1698/1698/1698 1048/1048/1048
f 1148/1148/1148 1146/1146/1146 1147/1147/1147
f 1148/1148/1148 1149/1149/1149 1146/1146/1146
f 1698/1698/1698 1027/1027/1027 1048/1048/1048
f 1698/1698/1698 1688/1688/1688 1027/1027/1027
f 1147/1147/1147 1158/1158/1158 1148/1148/1148
f 1147/1147/1147 1137/1137/1137 1158/1158/1158
f 918/918/918 1148/1148/1148 1158/1158/1158
f 918/918/918 919/919/919 1148/1148/1148
f 919/919/919 1149/1149/1149 1148/1148/1148
f 919/919/919 920/920/920 1149/1149/1149
f 920/920/920 1150/1150/1150 1149/1149/1149
f 920/920/920 921/921/921 1150/1150/1150
f 921/921/921 1151/1151/1151 1150/1150/1150
f 921/921/921 922/922/922 1151/1151/1151
f 922/922/922 1152/1152/1152 1151/1151/1151
f 922/922/922 923/923/923 1152/1152/1152
f 923/923/923 1153/1153/1153 1152/1152/1152
f 923/923/923 924/924/924 1153/1153/1153
f 924/924/924 1155/1155/1155 1153/1153/1153
f 924/924/924 926/926/926 1155/1155/1155
f 925/925/925 1156/1156/1156 1154/1154/1154
f 925/925/925 927/927/927 1156/1156/1156
f 927/927/927 1157/1157/1157 1156/1156/1156
f 927/927/927 928/928/928 1157/1157/1157
f 928/928/928 1158/1158/1158 1157/1157/1157
f 928/928/928 918/918/918 1158/1158/1158
f 1234/1234/1234 1245/1245/1245 1235/1235/1235
f 1234/1234/1234 1244/1244/1244 1245/1245/1245
f 1235/1235/1235 1246/1246/1246 1225/1225/1225
f 1235/1235/1235 1245/1245/1245 1246/1246/1246
f 1212/1212/1212 1224/1224/1224 1213/1213/1213
f 1212/1212/1212 1223/1223/1223 1224/1224/1224
f 1170/1170/1170 1215/1215/1215 1214/1214/1214
f 1170/1170/1170 1173/1173/1173 1215/1215/1215
f 1232/1232/1232 1244/1244/1244 1234/1234/1234
f 1232/1232/1232 1242/1242/1242 1244/1244/1244
f 1235/1235/1235 1170/1170/1170 1191/1191/1191
f 1235/1235/1235 1225/1225/1225 1170/1170/1170
f 1210/1210/1210 1223/1223/1223 1212/1212/1212
f 1210/1210/1210 1221/1221/1221 1223/1223/1223
f 1213/1213/1213 1171/1171/1171 1190/1190/1190
f 1213/1213/1213 1203/1203/1203 1171/1171/1171
f 1231/1231/1231 1243/1243/1243 1233/1233/1233
f 1231/1231/1231 1241/1241/1241 1243/1243/1243
f 1234/1234/1234 1191/1191/1191 1189/1189/1189
f 1234/1234/1234 1235/1235/1235 1191/1191/1191
f 1209/1209/1209 1222/1222/1222 1211/1211/1211
f 1209/1209/1209 1220/1220/1220 1222/1222/1222
f 1212/1212/1212 1190/1190/1190 1188/1188/1188
f 1212/1212/1212 1213/1213/1213 1190/1190/1190
f 1230/1230/1230 1241/1241/1241 1231/1231/1231
f 1230/1230/1230 1240/1240/1240 1241/1241/1241
f 1232/1232/1232 1189/1189/1189 1186/1186/1186
f 1232/1232/1232 1234/1234/1234 1189/1189/1189
f 1208/1208/1208 1220/1220/1220 1209/1209/1209
f 1208/1208/1208 1219/1219/1219 1220/1220/1220
f 1210/1210/1210 1188/1188/1188 1184/1184/1184
f 1210/1210/1210 1212/1212/1212 1188/1188/1188
f 1229/1229/1229 1240/1240/1240 1230/1230/1230
f 1229/1229/1229 1239/1239/1239 1240/1240/1240
f 1231/1231/1231 1187/1187/1187 1183/1183/1183
f 1231/1231/1231 1233/1233/1233 1187/1187/1187
f 1207/1207/1207 1219/1219/1219 1208/1208/1208
f 1207/1207/1207 1218/1218/1218 1219/1219/1219
f 1209/1209/1209 1185/1185/1185 1182/1182/1182
f 1209/1209/1209 1211/1211/1211 1185/1185/1185
f 1228/1228/1228 1239/1239/1239 1229/1229/1229
f 1228/1228/1228 1238/1238/1238 1239/1239/1239
f 1230/1230/1230 1183/1183/1183 1181/1181/1181
f 1230/1230/1230 1231/1231/1231 1183/1183/1183
f 1206/1206/1206 1218/1218/1218 1207/1207/1207
f 1206/1206/1206 1217/1217/1217 1218/1218/1218
f 1208/1208/1208 1182/1182/1182 1180/1180/1180
f 1208/1208/1208 1209/1209/1209 1182/1182/1182
f 1227/1227/1227 1238/1238/1238 1228/1228/1228
f 1227/1227/1227 1237/1237/1237 1238/1238/1238
f 1229/1229/1229 1181/1181/1181 1179/1179/1179
f 1229/1229/1229 1230/1230/1230 1181/1181/1181
f 1205/1205/1205 1217/1217/1217 1206/1206/1206
f 1205/1205/1205 1216/1216/1216 1217/1217/1217
f 1207/1207/1207 1180/1180/1180 1178/1178/1178
f 1207/1207/1207 1208/1208/1208 1180/1180/1180
f 1226/1226/1226 1237/1237/1237 1227/1227/1227
f 1226/1226/1226 1236/1236/1236 1237/1237/1237
f 1228/1228/1228 1179/1179/1179 1177/1177/1177
f 1228/1228/1228 1229/1229/1229 1179/1179/1179
f 1204/1204/1204 1216/1216/1216 1205/1205/1205
f 1204/1204/1204 1215/1215/1215 1216/1216/1216
f 1206/1206/1206 1178/1178/1178 1176/1176/1176
f 1206/1206/1206 1207/1207/1207 1178/1178/1178
f 1246/1246/1246 1226/1226/1226 1225/1225/1225
f 1246/1246/1246 1236/1236/1236 1226/1226/1226
f 1227/1227/1227 1177/1177/1177 1175/1175/1175
f 1227/1227/1227 1228/1228/1228 1177/1177/1177
f 1214/1214/1214 1204/1204/1204 1203/1203/1203
f 1214/1214/1214 1215/1215/1215 1204/1204/1204
f 1205/1205/1205 1176/1176/1176 1174/1174/1174
f 1205/1205/1205 1206/1206/1206 1176/1176/1176
f 1070/1070/1070 1072/1072/1072 1049/1049/1049
f 1070/1070/1070 1091/1091/1091 1072/1072/1072
f 1226/1226/1226 1175/1175/1175 1173/1173/1173
f 1226/1226/1226 1227/1227/1227 1175/1175/1175
f 1171/1171/1171 1193/1193/1193 1192/1192/1192
f 1171/1171/1171 1172/1172/1172 1193/1193/1193
f 1204/1204/1204 1174/1174/1174 1172/1172/1172
f 1204/1204/1204 1205/1205/1205 1174/1174/1174
f 1169/1169/1169 1192/1192/1192 1159/1159/1159
f 1169/1169/1169 1202/1202/1202 1192/1192/1192
f 1168/1168/1168 1202/1202/1202 1169/1169/1169
f 1168/1168/1168 1201/1201/1201 1202/1202/1202
f 1166/1166/1166 1201/1201/1201 1168/1168/1168
f 1166/1166/1166 1199/1199/1199 1201/1201/1201
f 1165/1165/1165 1200/1200/1200 1167/1167/1167
f 1165/1165/1165 1198/1198/1198 1200/1200/1200
f 1164/1164/1164 1198/1198/1198 1165/1165/1165
f 1164/1164/1164 1197/1197/1197 1198/1198/1198
f 1163/1163/1163 1197/1197/1197 1164/1164/1164
f 1163/1163/1163 1196/1196/1196 1197/1197/1197
f 1162/1162/1162 1196/1196/1196 1163/1163/1163
f 1162/1162/1162 1195/1195/1195 1196/1196/1196
f 1161/1161/1161 1195/1195/1195 1162/1162/1162
f 1161/1161/1161 1194/1194/1194 1195/1195/1195
f 1160/1160/1160 1194/1194/1194 1161/1161/1161
f 1160/1160/1160 1193/1193/1193 1194/1194/1194
f 1192/1192/1192 1160/1160/1160 1159/1159/1159
f 1192/1192/1192 1193/1193/1193 1160/1160/1160
f 1172/1172/1172 1194/1194/1194 1193/1193/1193
f 1172/1172/1172 1174/1174/1174 1194/1194/1194
f 1174/1174/1174 1195/1195/1195 1194/1194/1194
f 1174/1174/1174 1176/1176/1176 1195/1195/1195
f 1176/1176/1176 1196/1196/1196 1195/1195/1195
f 1176/1176/1176 1178/1178/1178 1196/1196/1196
f 1178/1178/1178 1197/1197/1197 1196/1196/1196
f 1178/1178/1178 1180/1180/1180 1197/1197/1197
f 1180/1180/1180 1198/1198/1198 1197/1197/1197
f 1180/1180/1180 1182/1182/1182 1198/1198/1198
f 1182/1182/1182 1200/1200/1200 1198/1198/1198
f 1182/1182/1182 1185/1185/1185 1200/1200/1200
f 1184/1184/1184 1201/1201/1201 1199/1199/1199
f 1184/1184/1184 1188/1188/1188 1201/1201/1201
f 1188/1188/1188 1202/1202/1202 1201/1201/1201
f 1188/1188/1188 1190/1190/1190 1202/1202/1202
f 1190/1190/1190 1192/1192/1192 1202/1202/1202
f 1190/1190/1190 1171/1171/1171 1192/1192/1192
f 1203/1203/1203 1172/1172/1172 1171/1171/1171
f 1203/1203/1203 1204/1204/1204 1172/1172/1172
f 1173/1173/1173 1216/1216/1216 1215/1215/1215
f 1173/1173/1173 1175/1175/1175 1216/1216/1216
f 1175/1175/1175 1217/1217/1217 1216/1216/1216
f 1175/1175/1175 1177/1177/1177 1217/1217/1217
f 1177/1177/1177 1218/1218/1218 1217/1217/1217
f 1177/1177/1177 1179/1179/1179 1218/1218/1218
f 1179/1179/1179 1219/1219/1219 1218/1218/1218
f 1179/1179/1179 1181/1181/1181 1219/1219/1219
f 1181/1181/1181 1220/1220/1220 1219/1219/1219
f 1181/1181/1181 1183/1183/1183 1220/1220/1220
f 1183/1183/1183 1222/1222/1222 1220/1220/1220
f 1183/1183/1183 1187/1187/1187 1222/1222/1222
f 1186/1186/1186 1223/1223/1223 1221/1221/1221
f 1186/1186/1186 1189/1189/1189 1223/1223/1223
f 1189/1189/1189 1224/1224/1224 1223/1223/1223
f 1189/1189/1189 1191/1191/1191 1224/1224/1224
f 1191/1191/1191 1214/1214/1214 1224/1224/1224
f 1191/1191/1191 1170/1170/1170 1214/1214/1214
f 1225/1225/1225 1173/1173/1173 1170/1170/1170
f 1225/1225/1225 1226/1226/1226 1173/1173/1173
f 1016/1016/1016 1236/1236/1236 1246/1246/1246
f 1016/1016/1016 1017/1017/1017 1236/1236/1236
f 1017/1017/1017 1237/1237/1237 1236/1236/1236
f 1017/1017/1017 1018/1018/1018 1237/1237/1237
f 1018/1018/1018 1238/1238/1238 1237/1237/1237
f 1018/1018/1018 1019/1019/1019 1238/1238/1238
f 1019/1019/1019 1239/1239/1239 1238/1238/1238
f 1019/1019/1019 1020/1020/1020 1239/1239/1239
f 1020/1020/1020 1240/1240/1240 1239/1239/1239
f 1020/1020/1020 1021/1021/1021 1240/1240/1240
f 1021/1021/1021 1241/1241/1241 1240/1240/1240
f 1021/1021/1021 1022/1022/1022 1241/1241/1241
f 1022/1022/1022 1243/1243/1243 1241/1241/1241
f 1022/1022/1022 1024/1024/1024 1243/1243/1243
f 1023/1023/1023 1244/1244/1244 1242/1242/1242
f 1023/1023/1023 1025/1025/1025 1244/1244/1244
f 1025/1025/1025 1245/1245/1245 1244/1244/1244
f 1025/1025/1025 1026/1026/1026 1245/1245/1245
f 1026/1026/1026 1246/1246/1246 1245/1245/1245
f 1026/1026/1026 1016/1016/1016 1246/1246/1246
f 1346/1346/1346 1248/1248/1248 1247/1247/1247
f 1346/1346/1346 1356/1356/1356 1248/1248/1248
f 1249/1249/1249 1356/1356/1356 1355/1355/1355
f 1249/1249/1249 1248/1248/1248 1356/1356/1356
f 1250/1250/1250 1355/1355/1355 1354/1354/1354
f 1250/1250/1250 1249/1249/1249 1355/1355/1355
f 1251/1251/1251 1354/1354/1354 1353/1353/1353
f 1251/1251/1251 1250/1250/1250 1354/1354/1354
f 1252/1252/1252 1353/1353/1353 1352/1352/1352
f 1252/1252/1252 1251/1251/1251 1353/1353/1353
f 1253/1253/1253 1352/1352/1352 1351/1351/1351
f 1253/1253/1253 1252/1252/1252 1352/1352/1352
f 1255/1255/1255 1351/1351/1351 1350/1350/1350
f 1255/1255/1255 1253/1253/1253 1351/1351/1351
f 1256/1256/1256 1349/1349/1349 1348/1348/1348
f 1256/1256/1256 1254/1254/1254 1349/1349/1349
f 1257/1257/1257 1348/1348/1348 1347/1347/1347
f 1257/1257/1257 1256/1256/1256 1348/1348/1348
f 1271/1271/1271 1301/1301/1301 1270/1270/1270
f 1271/1271/1271 1300/1300/1300 1301/1301/1301
f 1348/1348/1348 1290/1290/1290 1347/1347/1347
f 1348/1348/1348 1289/1289/1289 1290/1290/1290
f 1169/1169/1169 1258/1258/1258 1268/1268/1268
f 1169/1169/1169 1159/1159/1159 1258/1258/1258
f 1272/1272/1272 1300/1300/1300 1271/1271/1271
f 1272/1272/1272 1298/1298/1298 1300/1300/1300
f 1349/1349/1349 1289/1289/1289 1348/1348/1348
f 1349/1349/1349 1287/1287/1287 1289/1289/1289
f 1168/1168/1168 1268/1268/1268 1267/1267/1267
f 1168/1168/1168 1169/1169/1169 1268/1268/1268
f 1274/1274/1274 1299/1299/1299 1273/1273/1273
f 1274/1274/1274 1297/1297/1297 1299/1299/1299
f 1351/1351/1351 1288/1288/1288 1350/1350/1350
f 1351/1351/1351 1286/1286/1286 1288/1288/1288
f 1166/1166/1166 1267/1267/1267 1265/1265/1265
f 1166/1166/1166 1168/1168/1168 1267/1267/1267
f 1275/1275/1275 1297/1297/1297 1274/1274/1274
f 1275/1275/1275 1296/1296/1296 1297/1297/1297
f 1352/1352/1352 1286/1286/1286 1351/1351/1351
f 1352/1352/1352 1285/1285/1285 1286/1286/1286
f 1165/1165/1165 1266/1266/1266 1264/1264/1264
f 1165/1165/1165 1167/1167/1167 1266/1266/1266
f 1276/1276/1276 1296/1296/1296 1275/1275/1275
f 1276/1276/1276 1295/1295/1295 1296/1296/1296
f 1353/1353/1353 1285/1285/1285 1352/1352/1352
f 1353/1353/1353 1284/1284/1284 1285/1285/1285
f 1164/1164/1164 1264/1264/1264 1263/1263/1263
f 1164/1164/1164 1165/1165/1165 1264/1264/1264
f 1277/1277/1277 1295/1295/1295 1276/1276/1276
f 1277/1277/1277 1294/1294/1294 1295/1295/1295
f 1354/1354/1354 1284/1284/1284 1353/1353/1353
f 1354/1354/1354 1283/1283/1283 1284/1284/1284
f 1163/1163/1163 1263/1263/1263 1262/1262/1262
f 1163/1163/1163 1164/1164/1164 1263/1263/1263
f 1278/1278/1278 1294/1294/1294 1277/1277/1277
f 1278/1278/1278 1293/1293/1293 1294/1294/1294
f 1355/1355/1355 1283/1283/1283 1354/1354/1354
f 1355/1355/1355 1282/1282/1282 1283/1283/1283
f 1162/1162/1162 1262/1262/1262 1261/1261/1261
f 1162/1162/1162 1163/1163/1163 1262/1262/1262
f 1279/1279/1279 1293/1293/1293 1278/1278/1278
f 1279/1279/1279 1292/1292/1292 1293/1293/1293
f 1356/1356/1356 1282/1282/1282 1355/1355/1355
f 1356/1356/1356 1281/1281/1281 1282/1282/1282
f 1161/1161/1161 1261/1261/1261 1260/1260/1260
f 1161/1161/1161 1162/1162/1162 1261/1261/1261
f 1291/1291/1291 1279/1279/1279 1269/1269/1269
f 1291/1291/1291 1292/1292/1292 1279/1279/1279
f 1280/1280/1280 1356/1356/1356 1346/1346/1346
f 1280/1280/1280 1281/1281/1281 1356/1356/1356
f 1160/1160/1160 1260/1260/1260 1259/1259/1259
f 1160/1160/1160 1161/1161/1161 1260/1260/1260
f 1269/1269/1269 1281/1281/1281 1280/1280/1280
f 1269/1269/1269 1279/1279/1279 1281/1281/1281
f 1270/1270/1270 1291/1291/1291 1269/1269/1269
f 1270/1270/1270 1301/1301/1301 1291/1291/1291
f 1247/1247/1247 1347/1347/1347 1346/1346/1346
f 1247/1247/1247 1257/1257/1257 1347/1347/1347
f 1281/1281/1281 1278/1278/1278 1282/1282/1282
f 1281/1281/1281 1279/1279/1279 1278/1278/1278
f 1282/1282/1282 1277/1277/1277 1283/1283/1283
f 1282/1282/1282 1278/1278/1278 1277/1277/1277
f 1283/1283/1283 1276/1276/1276 1284/1284/1284
f 1283/1283/1283 1277/1277/1277 1276/1276/1276
f 1284/1284/1284 1275/1275/1275 1285/1285/1285
f 1284/1284/1284 1276/1276/1276 1275/1275/1275
f 1285/1285/1285 1274/1274/1274 1286/1286/1286
f 1285/1285/1285 1275/1275/1275 1274/1274/1274
f 1286/1286/1286 1273/1273/1273 1288/1288/1288
f 1286/1286/1286 1274/1274/1274 1273/1273/1273
f 1287/1287/1287 1271/1271/1271 1289/1289/1289
f 1287/1287/1287 1272/1272/1272 1271/1271/1271
f 1289/1289/1289 1270/1270/1270 1290/1290/1290
f 1289/1289/1289 1271/1271/1271 1270/1270/1270
f 1290/1290/1290 1269/1269/1269 1280/1280/1280
f 1290/1290/1290 1270/1270/1270 1269/1269/1269
f 1302/1302/1302 1292/1292/1292 1291/1291/1291
f 1302/1302/1302 1303/1303/1303 1292/1292/1292
f 1292/1292/1292 1304/1304/1304 1293/1293/1293
f 1292/1292/1292 1303/1303/1303 1304/1304/1304
f 1293/1293/1293 1305/1305/1305 1294/1294/1294
f 1293/1293/1293 1304/1304/1304 1305/1305/1305
f 1294/1294/1294 1306/1306/1306 1295/1295/1295
f 1294/1294/1294 1305/1305/1305 1306/1306/1306
f 1295/1295/1295 1307/1307/1307 1296/1296/1296
f 1295/1295/1295 1306/1306/1306 1307/1307/1307
f 1296/1296/1296 1308/1308/1308 1297/1297/1297
f 1296/1296/1296 1307/1307/1307 1308/1308/1308
f 1297/1297/1297 1310/1310/1310 1299/1299/1299
f 1297/1297/1297 1308/1308/1308 1310/1310/1310
f 1298/1298/1298 1311/1311/1311 1300/1300/1300
f 1298/1298/1298 1309/1309/1309 1311/1311/1311
f 1300/1300/1300 1312/1312/1312 1301/1301/1301
f 1300/1300/1300 1311/1311/1311 1312/1312/1312
f 1301/1301/1301 1302/1302/1302 1291/1291/1291
f 1301/1301/1301 1312/1312/1312 1302/1302/1302
f 1159/1159/1159 1259/1259/1259 1258/1258/1258
f 1159/1159/1159 1160/1160/1160 1259/1259/1259
f 1258/1258/1258 1303/1303/1303 1302/1302/1302
f 1258/1258/1258 1259/1259/1259 1303/1303/1303
f 1259/1259/1259 1304/1304/1304 1303/1303/1303
f 1259/1259/1259 1260/1260/1260 1304/1304/1304
f 1260/1260/1260 1305/1305/1305 1304/1304/1304
f 1260/1260/1260 1261/1261/1261 1305/1305/1305
f 1261/1261/1261 1306/1306/1306 1305/1305/1305
f 1261/1261/1261 1262/1262/1262 1306/1306/1306
f 1262/1262/1262 1307/1307/1307 1306/1306/1306
f 1262/1262/1262 1263/1263/1263 1307/1307/1307
f 1263/1263/1263 1308/1308/1308 1307/1307/1307
f 1263/1263/1263 1264/1264/1264 1308/1308/1308
f 1264/1264/1264 1310/1310/1310 1308/1308/1308
f 1264/1264/1264 1266/1266/1266 1310/1310/1310
f 1265/1265/1265 1311/1311/1311 1309/1309/1309
f 1265/1265/1265 1267/1267/1267 1311/1311/1311
f 1267/1267/1267 1312/1312/1312 1311/1311/1311
f 1267/1267/1267 1268/1268/1268 1312/1312/1312
f 1268/1268/1268 1302/1302/1302 1312/1312/1312
f 1268/1268/1268 1258/1258/1258 1302/1302/1302
f 1323/1323/1323 1710/1710/1710 1313/1313/1313
f 1323/1323/1323 1720/1720/1720 1710/1710/1710
f 1729/1729/1729 1345/1345/1345 1730/1730/1730
f 1729/1729/1729 1344/1344/1344 1345/1345/1345
f 1322/1322/1322 1720/1720/1720 1323/1323/1323
f 1322/1322/1322 1719/1719/1719 1720/1720/1720
f 1727/1727/1727 1344/1344/1344 1729/1729/1729
f 1727/1727/1727 1342/1342/1342 1344/1344/1344
f 1320/1320/1320 1719/1719/1719 1322/1322/1322
f 1320/1320/1320 1717/1717/1717 1719/1719/1719
f 1726/1726/1726 1343/1343/1343 1728/1728/1728
f 1726/1726/1726 1341/1341/1341 1343/1343/1343
f 1347/1347/1347 1280/1280/1280 1346/1346/1346
f 1347/1347/1347 1290/1290/1290 1280/1280/1280
f 1319/1319/1319 1718/1718/1718 1321/1321/1321
f 1319/1319/1319 1716/1716/1716 1718/1718/1718
f 1725/1725/1725 1341/1341/1341 1726/1726/1726
f 1725/1725/1725 1340/1340/1340 1341/1341/1341
f 1318/1318/1318 1716/1716/1716 1319/1319/1319
f 1318/1318/1318 1715/1715/1715 1716/1716/1716
f 1724/1724/1724 1340/1340/1340 1725/1725/1725
f 1724/1724/1724 1339/1339/1339 1340/1340/1340
f 1317/1317/1317 1715/1715/1715 1318/1318/1318
f 1317/1317/1317 1714/1714/1714 1715/1715/1715
f 1723/1723/1723 1339/1339/1339 1724/1724/1724
f 1723/1723/1723 1338/1338/1338 1339/1339/1339
f 1316/1316/1316 1714/1714/1714 1317/1317/1317
f 1316/1316/1316 1713/1713/1713 1714/1714/1714
f 1722/1722/1722 1338/1338/1338 1723/1723/1723
f 1722/1722/1722 1337/1337/1337 1338/1338/1338
f 1315/1315/1315 1713/1713/1713 1316/1316/1316
f 1315/1315/1315 1712/1712/1712 1713/1713/1713
f 1721/1721/1721 1337/1337/1337 1722/1722/1722
f 1721/1721/1721 1336/1336/1336 1337/1337/1337
f 1314/1314/1314 1712/1712/1712 1315/1315/1315
f 1314/1314/1314 1711/1711/1711 1712/1712/1712
f 1335/1335/1335 1721/1721/1721 1731/1731/1731
f 1335/1335/1335 1336/1336/1336 1721/1721/1721
f 1742/1742/1742 1336/1336/1336 1335/1335/1335
f 1742/1742/1742 1732/1732/1732 1336/1336/1336
f 1710/1710/1710 1314/1314/1314 1313/1313/1313
f 1710/1710/1710 1711/1711/1711 1314/1314/1314
f 1731/1731/1731 1711/1711/1711 1710/1710/1710
f 1731/1731/1731 1721/1721/1721 1711/1711/1711
f 1711/1711/1711 1722/1722/1722 1712/1712/1712
f 1711/1711/1711 1721/1721/1721 1722/1722/1722
f 1712/1712/1712 1723/1723/1723 1713/1713/1713
f 1712/1712/1712 1722/1722/1722 1723/1723/1723
f 1713/1713/1713 1724/1724/1724 1714/1714/1714
f 1713/1713/1713 1723/1723/1723 1724/1724/1724
f 1714/1714/1714 1725/1725/1725 1715/1715/1715
f 1714/1714/1714 1724/1724/1724 1725/1725/1725
f 1715/1715/1715 1726/1726/1726 1716/1716/1716
f 1715/1715/1715 1725/1725/1725 1726/1726/1726
f 1716/1716/1716 1728/1728/1728 1718/1718/1718
f 1716/1716/1716 1726/1726/1726 1728/1728/1728
f 1717/1717/1717 1729/1729/1729 1719/1719/1719
f 1717/1717/1717 1727/1727/1727 1729/1729/1729
f 1719/1719/1719 1730/1730/1730 1720/1720/1720
f 1719/1719/1719 1729/1729/1729 1730/1730/1730
f 1720/1720/1720 1731/1731/1731 1710/1710/1710
f 1720/1720/1720 1730/1730/1730 1731/1731/1731
f 1336/1336/1336 1733/1733/1733 1337/1337/1337
f 1336/1336/1336 1732/1732/1732 1733/1733/1733
f 1337/1337/1337 1734/1734/1734 1338/1338/1338
f 1337/1337/1337 1733/1733/1733 1734/1734/1734
f 1338/1338/1338 1735/1735/1735 1339/1339/1339
f 1338/1338/1338 1734/1734/1734 1735/1735/1735
f 1339/1339/1339 1736/1736/1736 1340/1340/1340
f 1339/1339/1339 1735/1735/1735 1736/1736/1736
f 1340/1340/1340 1737/1737/1737 1341/1341/1341
f 1340/1340/1340 1736/1736/1736 1737/1737/1737
f 1341/1341/1341 1739/1739/1739 1343/1343/1343
f 1341/1341/1341 1737/1737/1737 1739/1739/1739
f 1342/1342/1342 1740/1740/1740 1344/1344/1344
f 1342/1342/1342 1738/1738/1738 1740/1740/1740
f 1344/1344/1344 1741/1741/1741 1345/1345/1345
f 1344/1344/1344 1740/1740/1740 1741/1741/1741
f 1345/1345/1345 1742/1742/1742 1335/1335/1335
f 1345/1345/1345 1741/1741/1741 1742/1742/1742
f 1324/1324/1324 1732/1732/1732 1742/1742/1742
f 1324/1324/1324 1325/1325/1325 1732/1732/1732
f 1325/1325/1325 1733/1733/1733 1732/1732/1732
f 1325/1325/1325 1326/1326/1326 1733/1733/1733
f 1326/1326/1326 1734/1734/1734 1733/1733/1733
f 1326/1326/1326 1327/1327/1327 1734/1734/1734
f 1327/1327/1327 1735/1735/1735 1734/1734/1734
f 1327/1327/1327 1328/1328/1328 1735/1735/1735
f 1328/1328/1328 1736/1736/1736 1735/1735/1735
f 1328/1328/1328 1329/1329/1329 1736/1736/1736
f 1329/1329/1329 1737/1737/1737 1736/1736/1736
f 1329/1329/1329 1330/1330/1330 1737/1737/1737
f 1330/1330/1330 1739/1739/1739 1737/1737/1737
f 1330/1330/1330 1332/1332/1332 1739/1739/1739
f 1331/1331/1331 1740/1740/1740 1738/1738/1738
f 1331/1331/1331 1333/1333/1333 1740/1740/1740
f 1333/1333/1333 1741/1741/1741 1740/1740/1740
f 1333/1333/1333 1334/1334/1334 1741/1741/1741
f 1334/1334/1334 1742/1742/1742 1741/1741/1741
f 1334/1334/1334 1324/1324/1324 1742/1742/1742
f 1367/1367/1367 1325/1325/1325 1324/1324/1324
f 1367/1367/1367 1357/1357/1357 1325/1325/1325
f 1325/1325/1325 1358/1358/1358 1326/1326/1326
f 1325/1325/1325 1357/1357/1357 1358/1358/1358
f 1326/1326/1326 1359/1359/1359 1327/1327/1327
f 1326/1326/1326 1358/1358/1358 1359/1359/1359
f 1327/1327/1327 1360/1360/1360 1328/1328/1328
f 1327/1327/1327 1359/1359/1359 1360/1360/1360
f 1328/1328/1328 1361/1361/1361 1329/1329/1329
f 1328/1328/1328 1360/1360/1360 1361/1361/1361
f 1329/1329/1329 1362/1362/1362 1330/1330/1330
f 1329/1329/1329 1361/1361/1361 1362/1362/1362
f 1330/1330/1330 1364/1364/1364 1332/1332/1332
f 1330/1330/1330 1362/1362/1362 1364/1364/1364
f 1331/1331/1331 1365/1365/1365 1333/1333/1333
f 1331/1331/1331 1363/1363/1363 1365/1365/1365
f 1333/1333/1333 1366/1366/1366 1334/1334/1334
f 1333/1333/1333 1365/1365/1365 1366/1366/1366
f 1334/1334/1334 1367/1367/1367 1324/1324/1324
f 1334/1334/1334 1366/1366/1366 1367/1367/1367
f 1247/1247/1247 1357/1357/1357 1367/1367/1367
f 1247/1247/1247 1248/1248/1248 1357/1357/1357
f 1248/1248/1248 1358/1358/1358 1357/1357/1357
f 1248/1248/1248 1249/1249/1249 1358/1358/1358
f 1249/1249/1249 1359/1359/1359 1358/1358/1358
f 1249/1249/1249 1250/1250/1250 1359/1359/1359
f 1250/1250/1250 1360/1360/1360 1359/1359/1359
f 1250/1250/1250 1251/1251/1251 1360/1360/1360
f 1251/1251/1251 1361/1361/1361 1360/1360/1360
f 1251/1251/1251 1252/1252/1252 1361/1361/1361
f 1252/1252/1252 1362/1362/1362 1361/1361/1361
f 1252/1252/1252 1253/1253/1253 1362/1362/1362
f 1253/1253/1253 1364/1364/1364 1362/1362/1362
f 1253/1253/1253 1255/1255/1255 1364/1364/1364
f 1254/1254/1254 1365/1365/1365 1363/1363/1363
f 1254/1254/1254 1256/1256/1256 1365/1365/1365
f 1256/1256/1256 1366/1366/1366 1365/1365/1365
f 1256/1256/1256 1257/1257/1257 1366/1366/1366
f 1257/1257/1257 1367/1367/1367 1366/1366/1366
f 1257/1257/1257 1247/1247/1247 1367/1367/1367
f 1378/1378/1378 1390/1390/1390 1368/1368/1368
f 1378/1378/1378 1400/1400/1400 1390/1390/1390
f 1377/1377/1377 1400/1400/1400 1378/1378/1378
f 1377/1377/1377 1399/1399/1399 1400/1400/1400
f 1375/1375/1375 1399/1399/1399 1377/1377/1377
f 1375/1375/1375 1397/1397/1397 1399/1399/1399
f 1374/1374/1374 1398/1398/1398 1376/1376/1376
f 1374/1374/1374 1396/1396/1396 1398/1398/1398
f 1373/1373/1373 1396/1396/1396 1374/1374/1374
f 1373/1373/1373 1395/1395/1395 1396/1396/1396
f 1372/1372/1372 1395/1395/1395 1373/1373/1373
f 1372/1372/1372 1394/1394/1394 1395/1395/1395
f 1371/1371/1371 1394/1394/1394 1372/1372/1372
f 1371/1371/1371 1393/1393/1393 1394/1394/1394
f 1370/1370/1370 1393/1393/1393 1371/1371/1371
f 1370/1370/1370 1392/1392/1392 1393/1393/1393
f 1369/1369/1369 1392/1392/1392 1370/1370/1370
f 1369/1369/1369 1391/1391/1391 1392/1392/1392
f 1390/1390/1390 1369/1369/1369 1368/1368/1368
f 1390/1390/1390 1391/1391/1391 1369/1369/1369
f 1401/1401/1401 1391/1391/1391 1390/1390/1390
f 1401/1401/1401 1402/1402/1402 1391/1391/1391
f 1391/1391/1391 1403/1403/1403 1392/1392/1392
f 1391/1391/1391 1402/1402/1402 1403/1403/1403
f 1392/1392/1392 1404/1404/1404 1393/1393/1393
f 1392/1392/1392 1403/1403/1403 1404/1404/1404
f 1393/1393/1393 1405/1405/1405 1394/1394/1394
f 1393/1393/1393 1404/1404/1404 1405/1405/1405
f 1394/1394/1394 1406/1406/1406 1395/1395/1395
f 1394/1394/1394 1405/1405/1405 1406/1406/1406
f 1395/1395/1395 1407/1407/1407 1396/1396/1396
f 1395/1395/1395 1406/1406/1406 1407/1407/1407
f 1396/1396/1396 1409/1409/1409 1398/1398/1398
f 1396/1396/1396 1407/1407/1407 1409/1409/1409
f 1397/1397/1397 1410/1410/1410 1399/1399/1399
f 1397/1397/1397 1408/1408/1408 1410/1410/1410
f 1399/1399/1399 1411/1411/1411 1400/1400/1400
f 1399/1399/1399 1410/1410/1410 1411/1411/1411
f 1400/1400/1400 1401/1401/1401 1390/1390/1390
f 1400/1400/1400 1411/1411/1411 1401/1401/1401
f 1379/1379/1379 1402/1402/1402 1401/1401/1401
f 1379/1379/1379 1380/1380/1380 1402/1402/1402
f 1380/1380/1380 1403/1403/1403 1402/1402/1402
f 1380/1380/1380 1381/1381/1381 1403/1403/1403
f 1381/1381/1381 1404/1404/1404 1403/1403/1403
f 1381/1381/1381 1382/1382/1382 1404/1404/1404
f 1382/1382/1382 1405/1405/1405 1404/1404/1404
f 1382/1382/1382 1383/1383/1383 1405/1405/1405
f 1383/1383/1383 1406/1406/1406 1405/1405/1405
f 1383/1383/1383 1384/1384/1384 1406/1406/1406
f 1384/1384/1384 1407/1407/1407 1406/1406/1406
f 1384/1384/1384 1385/1385/1385 1407/1407/1407
f 1385/1385/1385 1409/1409/1409 1407/1407/1407
f 1385/1385/1385 1387/1387/1387 1409/1409/1409
f 1386/1386/1386 1410/1410/1410 1408/1408/1408
f 1386/1386/1386 1388/1388/1388 1410/1410/1410
f 1388/1388/1388 1411/1411/1411 1410/1410/1410
f 1388/1388/1388 1389/1389/1389 1411/1411/1411
f 1389/1389/1389 1401/1401/1401 1411/1411/1411
f 1389/1389/1389 1379/1379/1379 1401/1401/1401
f 1422/1422/1422 1380/1380/1380 1379/1379/1379
f 1422/1422/1422 1412/1412/1412 1380/1380/1380
f 1380/1380/1380 1413/1413/1413 1381/1381/1381
f 1380/1380/1380 1412/1412/1412 1413/1413/1413
f 1381/1381/1381 1414/1414/1414 1382/1382/1382
f 1381/1381/1381 1413/1413/1413 1414/1414/1414
f 1382/1382/1382 1415/1415/1415 1383/1383/1383
f 1382/1382/1382 1414/1414/1414 1415/1415/1415
f 1383/1383/1383 1416/1416/1416 1384/1384/1384
f 1383/1383/1383 1415/1415/1415 1416/1416/1416
f 1384/1384/1384 1417/1417/1417 1385/1385/1385
f 1384/1384/1384 1416/1416/1416 1417/1417/1417
f 1385/1385/1385 1419/1419/1419 1387/1387/1387
f 1385/1385/1385 1417/1417/1417 1419/1419/1419
f 1386/1386/1386 1420/1420/1420 1388/1388/1388
f 1386/1386/1386 1418/1418/1418 1420/1420/1420
f 1388/1388/1388 1421/1421/1421 1389/1389/1389
f 1388/1388/1388 1420/1420/1420 1421/1421/1421
f 1389/1389/1389 1422/1422/1422 1379/1379/1379
f 1389/1389/1389 1421/1421/1421 1422/1422/1422
f 1313/1313/1313 1412/1412/1412 1422/1422/1422
f 1313/1313/1313 1314/1314/1314 1412/1412/1412
f 1314/1314/1314 1413/1413/1413 1412/1412/1412
f 1314/1314/1314 1315/1315/1315 1413/1413/1413
f 1315/1315/1315 1414/1414/1414 1413/1413/1413
f 1315/1315/1315 1316/1316/1316 1414/1414/1414
f 1316/1316/1316 1415/1415/1415 1414/1414/1414
f 1316/1316/1316 1317/1317/1317 1415/1415/1415
f 1317/1317/1317 1416/1416/1416 1415/1415/1415
f 1317/1317/1317 1318/1318/1318 1416/1416/1416
f 1318/1318/1318 1417/1417/1417 1416/1416/1416
f 1318/1318/1318 1319/1319/1319 1417/1417/1417
f 1319/1319/1319 1419/1419/1419 1417/1417/1417
f 1319/1319/1319 1321/1321/1321 1419/1419/1419
f 1320/1320/1320 1420/1420/1420 1418/1418/1418
f 1320/1320/1320 1322/1322/1322 1420/1420/1420
f 1322/1322/1322 1421/1421/1421 1420/1420/1420
f 1322/1322/1322 1323/1323/1323 1421/1421/1421
f 1323/1323/1323 1422/1422/1422 1421/1421/1421
f 1323/1323/1323 1313/1313/1313 1422/1422/1422
f 1468/1468/1468 1424/1424/1424 1423/1423/1423
f 1468/1468/1468 1469/1469/1469 1424/1424/1424
f 1469/1469/1469 1425/1425/1425 1424/1424/1424
f 1469/1469/1469 1471/1471/1471 1425/1425/1425
f 1471/1471/1471 1426/1426/1426 1425/1425/1425
f 1471/1471/1471 1473/1473/1473 1426/1426/1426
f 1473/1473/1473 1427/1427/1427 1426/1426/1426
f 1473/1473/1473 1475/1475/1475 1427/1427/1427
f 1475/1475/1475 1428/1428/1428 1427/1427/1427
f 1475/1475/1475 1477/1477/1477 1428/1428/1428
f 1477/1477/1477 1429/1429/1429 1428/1428/1428
f 1477/1477/1477 1479/1479/1479 1429/1429/1429
f 1479/1479/1479 1431/1431/1431 1429/1429/1429
f 1479/1479/1479 1482/1482/1482 1431/1431/1431
f 1481/1481/1481 1432/1432/1432 1430/1430/1430
f 1481/1481/1481 1485/1485/1485 1432/1432/1432
f 1485/1485/1485 1433/1433/1433 1432/1432/1432
f 1485/1485/1485 1487/1487/1487 1433/1433/1433
f 1487/1487/1487 1423/1423/1423 1433/1433/1433
f 1487/1487/1487 1468/1468/1468 1423/1423/1423
f 1510/1510/1510 1511/1511/1511 1500/1500/1500
f 1510/1510/1510 1521/1521/1521 1511/1511/1511
f 1531/1531/1531 1542/1542/1542 1532/1532/1532
f 1531/1531/1531 1541/1541/1541 1542/1542/1542
f 1434/1434/1434 1512/1512/1512 1511/1511/1511
f 1434/1434/1434 1439/1439/1439 1512/1512/1512
f 1499/1499/1499 1436/1436/1436 1464/1464/1464
f 1499/1499/1499 1489/1489/1489 1436/1436/1436
f 1509/1509/1509 1521/1521/1521 1510/1510/1510
f 1509/1509/1509 1520/1520/1520 1521/1521/1521
f 1532/1532/1532 1434/1434/1434 1466/1466/1466
f 1532/1532/1532 1522/1522/1522 1434/1434/1434
f 1529/1529/1529 1541/1541/1541 1531/1531/1531
f 1529/1529/1529 1539/1539/1539 1541/1541/1541
f 1510/1510/1510 1435/1435/1435 1465/1465/1465
f 1510/1510/1510 1500/1500/1500 1435/1435/1435
f 1498/1498/1498 1464/1464/1464 1461/1461/1461
f 1498/1498/1498 1499/1499/1499 1464/1464/1464
f 1507/1507/1507 1520/1520/1520 1509/1509/1509
f 1507/1507/1507 1518/1518/1518 1520/1520/1520
f 1531/1531/1531 1466/1466/1466 1463/1463/1463
f 1531/1531/1531 1532/1532/1532 1466/1466/1466
f 1528/1528/1528 1540/1540/1540 1530/1530/1530
f 1528/1528/1528 1538/1538/1538 1540/1540/1540
f 1509/1509/1509 1465/1465/1465 1462/1462/1462
f 1509/1509/1509 1510/1510/1510 1465/1465/1465
f 1496/1496/1496 1461/1461/1461 1455/1455/1455
f 1496/1496/1496 1498/1498/1498 1461/1461/1461
f 1506/1506/1506 1519/1519/1519 1508/1508/1508
f 1506/1506/1506 1517/1517/1517 1519/1519/1519
f 1529/1529/1529 1463/1463/1463 1459/1459/1459
f 1529/1529/1529 1531/1531/1531 1463/1463/1463
f 1527/1527/1527 1538/1538/1538 1528/1528/1528
f 1527/1527/1527 1537/1537/1537 1538/1538/1538
f 1507/1507/1507 1462/1462/1462 1457/1457/1457
f 1507/1507/1507 1509/1509/1509 1462/1462/1462
f 1495/1495/1495 1456/1456/1456 1452/1452/1452
f 1495/1495/1495 1497/1497/1497 1456/1456/1456
f 1505/1505/1505 1517/1517/1517 1506/1506/1506
f 1505/1505/1505 1516/1516/1516 1517/1517/1517
f 1528/1528/1528 1460/1460/1460 1454/1454/1454
f 1528/1528/1528 1530/1530/1530 1460/1460/1460
f 1526/1526/1526 1537/1537/1537 1527/1527/1527
f 1526/1526/1526 1536/1536/1536 1537/1537/1537
f 1506/1506/1506 1458/1458/1458 1453/1453/1453
f 1506/1506/1506 1508/1508/1508 1458/1458/1458
f 1494/1494/1494 1452/1452/1452 1449/1449/1449
f 1494/1494/1494 1495/1495/1495 1452/1452/1452
f 1504/1504/1504 1516/1516/1516 1505/1505/1505
f 1504/1504/1504 1515/1515/1515 1516/1516/1516
f 1527/1527/1527 1454/1454/1454 1451/1451/1451
f 1527/1527/1527 1528/1528/1528 1454/1454/1454
f 1525/1525/1525 1536/1536/1536 1526/1526/1526
f 1525/1525/1525 1535/1535/1535 1536/1536/1536
f 1505/1505/1505 1453/1453/1453 1450/1450/1450
f 1505/1505/1505 1506/1506/1506 1453/1453/1453
f 1493/1493/1493 1449/1449/1449 1446/1446/1446
f 1493/1493/1493 1494/1494/1494 1449/1449/1449
f 1503/1503/1503 1515/1515/1515 1504/1504/1504
f 1503/1503/1503 1514/1514/1514 1515/1515/1515
f 1526/1526/1526 1451/1451/1451 1448/1448/1448
f 1526/1526/1526 1527/1527/1527 1451/1451/1451
f 1524/1524/1524 1535/1535/1535 1525/1525/1525
f 1524/1524/1524 1534/1534/1534 1535/1535/1535
f 1504/1504/1504 1450/1450/1450 1447/1447/1447
f 1504/1504/1504 1505/1505/1505 1450/1450/1450
f 1492/1492/1492 1446/1446/1446 1443/1443/1443
f 1492/1492/1492 1493/1493/1493 1446/1446/1446
f 1502/1502/1502 1514/1514/1514 1503/1503/1503
f 1502/1502/1502 1513/1513/1513 1514/1514/1514
f 1525/1525/1525 1448/1448/1448 1445/1445/1445
f 1525/1525/1525 1526/1526/1526 1448/1448/1448
f 1523/1523/1523 1534/1534/1534 1524/1524/1524
f 1523/1523/1523 1533/1533/1533 1534/1534/1534
f 1503/1503/1503 1447/1447/1447 1444/1444/1444
f 1503/1503/1503 1504/1504/1504 1447/1447/1447
f 1491/1491/1491 1443/1443/1443 1440/1440/1440
f 1491/1491/1491 1492/1492/1492 1443/1443/1443
f 1501/1501/1501 1513/1513/1513 1502/1502/1502
f 1501/1501/1501 1512/1512/1512 1513/1513/1513
f 1524/1524/1524 1445/1445/1445 1442/1442/1442
f 1524/1524/1524 1525/1525/1525 1445/1445/1445
f 1543/1543/1543 1523/1523/1523 1522/1522/1522
f 1543/1543/1543 1533/1533/1533 1523/1523/1523
f 1502/1502/1502 1444/1444/1444 1441/1441/1441
f 1502/1502/1502 1503/1503/1503 1444/1444/1444
f 1490/1490/1490 1440/1440/1440 1437/1437/1437
f 1490/1490/1490 1491/1491/1491 1440/1440/1440
f 1511/1511/1511 1501/1501/1501 1500/1500/1500
f 1511/1511/1511 1512/1512/1512 1501/1501/1501
f 1523/1523/1523 1442/1442/1442 1439/1439/1439
f 1523/1523/1523 1524/1524/1524 1442/1442/1442
f 1435/1435/1435 1490/1490/1490 1489/1489/1489
f 1435/1435/1435 1438/1438/1438 1490/1490/1490
f 1501/1501/1501 1441/1441/1441 1438/1438/1438
f 1501/1501/1501 1502/1502/1502 1441/1441/1441
f 1489/1489/1489 1437/1437/1437 1436/1436/1436
f 1489/1489/1489 1490/1490/1490 1437/1437/1437
f 1464/1464/1464 1467/1467/1467 1488/1488/1488
f 1464/1464/1464 1436/1436/1436 1467/1467/1467
f 1488/1488/1488 1468/1468/1468 1487/1487/1487
f 1488/1488/1488 1467/1467/1467 1468/1468/1468
f 1461/1461/1461 1488/1488/1488 1486/1486/1486
f 1461/1461/1461 1464/1464/1464 1488/1488/1488
f 1486/1486/1486 1487/1487/1487 1485/1485/1485
f 1486/1486/1486 1488/1488/1488 1487/1487/1487
f 1455/1455/1455 1486/1486/1486 1483/1483/1483
f 1455/1455/1455 1461/1461/1461 1486/1486/1486
f 1483/1483/1483 1485/1485/1485 1481/1481/1481
f 1483/1483/1483 1486/1486/1486 1485/1485/1485
f 1452/1452/1452 1484/1484/1484 1480/1480/1480
f 1452/1452/1452 1456/1456/1456 1484/1484/1484
f 1480/1480/1480 1482/1482/1482 1479/1479/1479
f 1480/1480/1480 1484/1484/1484 1482/1482/1482
f 1449/1449/1449 1480/1480/1480 1478/1478/1478
f 1449/1449/1449 1452/1452/1452 1480/1480/1480
f 1478/1478/1478 1479/1479/1479 1477/1477/1477
f 1478/1478/1478 1480/1480/1480 1479/1479/1479
f 1446/1446/1446 1478/1478/1478 1476/1476/1476
f 1446/1446/1446 1449/1449/1449 1478/1478/1478
f 1476/1476/1476 1477/1477/1477 1475/1475/1475
f 1476/1476/1476 1478/1478/1478 1477/1477/1477
f 1443/1443/1443 1476/1476/1476 1474/1474/1474
f 1443/1443/1443 1446/1446/1446 1476/1476/1476
f 1474/1474/1474 1475/1475/1475 1473/1473/1473
f 1474/1474/1474 1476/1476/1476 1475/1475/1475
f 1440/1440/1440 1474/1474/1474 1472/1472/1472
f 1440/1440/1440 1443/1443/1443 1474/1474/1474
f 1472/1472/1472 1473/1473/1473 1471/1471/1471
f 1472/1472/1472 1474/1474/1474 1473/1473/1473
f 1437/1437/1437 1472/1472/1472 1470/1470/1470
f 1437/1437/1437 1440/1440/1440 1472/1472/1472
f 1470/1470/1470 1471/1471/1471 1469/1469/1469
f 1470/1470/1470 1472/1472/1472 1471/1471/1471
f 1436/1436/1436 1470/1470/1470 1467/1467/1467
f 1436/1436/1436 1437/1437/1437 1470/1470/1470
f 1467/1467/1467 1469/1469/1469 1468/1468/1468
f 1467/1467/1467 1470/1470/1470 1469/1469/1469
f 1438/1438/1438 1491/1491/1491 1490/1490/1490
f 1438/1438/1438 1441/1441/1441 1491/1491/1491
f 1441/1441/1441 1492/1492/1492 1491/1491/1491
f 1441/1441/1441 1444/1444/1444 1492/1492/1492
f 1444/1444/1444 1493/1493/1493 1492/1492/1492
f 1444/1444/1444 1447/1447/1447 1493/1493/1493
f 1447/1447/1447 1494/1494/1494 1493/1493/1493
f 1447/1447/1447 1450/1450/1450 1494/1494/1494
f 1450/1450/1450 1495/1495/1495 1494/1494/1494
f 1450/1450/1450 1453/1453/1453 1495/1495/1495
f 1453/1453/1453 1497/1497/1497 1495/1495/1495
f 1453/1453/1453 1458/1458/1458 1497/1497/1497
f 1457/1457/1457 1498/1498/1498 1496/1496/1496
f 1457/1457/1457 1462/1462/1462 1498/1498/1498
f 1462/1462/1462 1499/1499/1499 1498/1498/1498
f 1462/1462/1462 1465/1465/1465 1499/1499/1499
f 1465/1465/1465 1489/1489/1489 1499/1499/1499
f 1465/1465/1465 1435/1435/1435 1489/1489/1489
f 1500/1500/1500 1438/1438/1438 1435/1435/1435
f 1500/1500/1500 1501/1501/1501 1438/1438/1438
f 1439/1439/1439 1513/1513/1513 1512/1512/1512
f 1439/1439/1439 1442/1442/1442 1513/1513/1513
f 1442/1442/1442 1514/1514/1514 1513/1513/1513
f 1442/1442/1442 1445/1445/1445 1514/1514/1514
f 1445/1445/1445 1515/1515/1515 1514/1514/1514
f 1445/1445/1445 1448/1448/1448 1515/1515/1515
f 1448/1448/1448 1516/1516/1516 1515/1515/1515
f 1448/1448/1448 1451/1451/1451 1516/1516/1516
f 1451/1451/1451 1517/1517/1517 1516/1516/1516
f 1451/1451/1451 1454/1454/1454 1517/1517/1517
f 1454/1454/1454 1519/1519/1519 1517/1517/1517
f 1454/1454/1454 1460/1460/1460 1519/1519/1519
f 1459/1459/1459 1520/1520/1520 1518/1518/1518
f 1459/1459/1459 1463/1463/1463 1520/1520/1520
f 1463/1463/1463 1521/1521/1521 1520/1520/1520
f 1463/1463/1463 1466/1466/1466 1521/1521/1521
f 1466/1466/1466 1511/1511/1511 1521/1521/1521
f 1466/1466/1466 1434/1434/1434 1511/1511/1511
f 1522/1522/1522 1439/1439/1439 1434/1434/1434
f 1522/1522/1522 1523/1523/1523 1439/1439/1439
f 1368/1368/1368 1533/1533/1533 1543/1543/1543
f 1368/1368/1368 1369/1369/1369 1533/1533/1533
f 1369/1369/1369 1534/1534/1534 1533/1533/1533
f 1369/1369/1369 1370/1370/1370 1534/1534/1534
f 1370/1370/1370 1535/1535/1535 1534/1534/1534
f 1370/1370/1370 1371/1371/1371 1535/1535/1535
f 1371/1371/1371 1536/1536/1536 1535/1535/1535
f 1371/1371/1371 1372/1372/1372 1536/1536/1536
f 1372/1372/1372 1537/1537/1537 1536/1536/1536
f 1372/1372/1372 1373/1373/1373 1537/1537/1537
f 1373/1373/1373 1538/1538/1538 1537/1537/1537
f 1373/1373/1373 1374/1374/1374 1538/1538/1538
f 1374/1374/1374 1540/1540/1540 1538/1538/1538
f 1374/1374/1374 1376/1376/1376 1540/1540/1540
f 1375/1375/1375 1541/1541/1541 1539/1539/1539
f 1375/1375/1375 1377/1377/1377 1541/1541/1541
f 1377/1377/1377 1542/1542/1542 1541/1541/1541
f 1377/1377/1377 1378/1378/1378 1542/1542/1542
f 1378/1378/1378 1543/1543/1543 1542/1542/1542
f 1378/1378/1378 1368/1368/1368 1543/1543/1543
f 1615/1615/1615 1592/1592/1592 1593/1593/1593
f 1615/1615/1615 1616/1616/1616 1592/1592/1592
f 1617/1617/1617 1589/1589/1589 1590/1590/1590
f 1617/1617/1617 1619/1619/1619 1589/1589/1589
f 1620/1620/1620 1598/1598/1598 1588/1588/1588
f 1620/1620/1620 1610/1610/1610 1598/1598/1598
f 1610/1610/1610 1597/1597/1597 1598/1598/1598
f 1610/1610/1610 1611/1611/1611 1597/1597/1597
f 1619/1619/1619 1630/1630/1630 1620/1620/1620
f 1619/1619/1619 1629/1629/1629 1630/1630/1630
f 1608/1608/1608 1588/1588/1588 1609/1609/1609
f 1608/1608/1608 1589/1589/1589 1588/1588/1588
f 1569/1569/1569 1544/1544/1544 1566/1566/1566
f 1569/1569/1569 1547/1547/1547 1544/1544/1544
f 1611/1611/1611 1596/1596/1596 1597/1597/1597
f 1611/1611/1611 1612/1612/1612 1596/1596/1596
f 1617/1617/1617 1629/1629/1629 1619/1619/1619
f 1617/1617/1617 1627/1627/1627 1629/1629/1629
f 1606/1606/1606 1589/1589/1589 1608/1608/1608
f 1606/1606/1606 1590/1590/1590 1589/1589/1589
f 1571/1571/1571 1547/1547/1547 1569/1569/1569
f 1571/1571/1571 1549/1549/1549 1547/1547/1547
f 1564/1564/1564 1677/1677/1677 1687/1687/1687
f 1564/1564/1564 1545/1545/1545 1677/1677/1677
f 1616/1616/1616 1628/1628/1628 1618/1618/1618
f 1616/1616/1616 1626/1626/1626 1628/1628/1628
f 1605/1605/1605 1591/1591/1591 1607/1607/1607
f 1605/1605/1605 1592/1592/1592 1591/1591/1591
f 1575/1575/1575 1550/1550/1550 1572/1572/1572
f 1575/1575/1575 1552/1552/1552 1550/1550/1550
f 1562/1562/1562 1687/1687/1687 1686/1686/1686
f 1562/1562/1562 1564/1564/1564 1687/1687/1687
f 1615/1615/1615 1626/1626/1626 1616/1616/1616
f 1615/1615/1615 1625/1625/1625 1626/1626/1626
f 1604/1604/1604 1592/1592/1592 1605/1605/1605
f 1604/1604/1604 1593/1593/1593 1592/1592/1592
f 1577/1577/1577 1552/1552/1552 1575/1575/1575
f 1577/1577/1577 1554/1554/1554 1552/1552/1552
f 1559/1559/1559 1686/1686/1686 1684/1684/1684
f 1559/1559/1559 1562/1562/1562 1686/1686/1686
f 1614/1614/1614 1625/1625/1625 1615/1615/1615
f 1614/1614/1614 1624/1624/1624 1625/1625/1625
f 1603/1603/1603 1593/1593/1593 1604/1604/1604
f 1603/1603/1603 1594/1594/1594 1593/1593/1593
f 1579/1579/1579 1554/1554/1554 1577/1577/1577
f 1579/1579/1579 1556/1556/1556 1554/1554/1554
f 1557/1557/1557 1685/1685/1685 1683/1683/1683
f 1557/1557/1557 1560/1560/1560 1685/1685/1685
f 1613/1613/1613 1624/1624/1624 1614/1614/1614
f 1613/1613/1613 1623/1623/1623 1624/1624/1624
f 1602/1602/1602 1594/1594/1594 1603/1603/1603
f 1602/1602/1602 1595/1595/1595 1594/1594/1594
f 1581/1581/1581 1556/1556/1556 1579/1579/1579
f 1581/1581/1581 1558/1558/1558 1556/1556/1556
f 1555/1555/1555 1683/1683/1683 1682/1682/1682
f 1555/1555/1555 1557/1557/1557 1683/1683/1683
f 1612/1612/1612 1623/1623/1623 1613/1613/1613
f 1612/1612/1612 1622/1622/1622 1623/1623/1623
f 1601/1601/1601 1595/1595/1595 1602/1602/1602
f 1601/1601/1601 1596/1596/1596 1595/1595/1595
f 1583/1583/1583 1558/1558/1558 1581/1581/1581
f 1583/1583/1583 1561/1561/1561 1558/1558/1558
f 1553/1553/1553 1682/1682/1682 1681/1681/1681
f 1553/1553/1553 1555/1555/1555 1682/1682/1682
f 1611/1611/1611 1622/1622/1622 1612/1612/1612
f 1611/1611/1611 1621/1621/1621 1622/1622/1622
f 1600/1600/1600 1596/1596/1596 1601/1601/1601
f 1600/1600/1600 1597/1597/1597 1596/1596/1596
f 1585/1585/1585 1561/1561/1561 1583/1583/1583
f 1585/1585/1585 1563/1563/1563 1561/1561/1561
f 1551/1551/1551 1681/1681/1681 1680/1680/1680
f 1551/1551/1551 1553/1553/1553 1681/1681/1681
f 1631/1631/1631 1611/1611/1611 1610/1610/1610
f 1631/1631/1631 1621/1621/1621 1611/1611/1611
f 1598/1598/1598 1600/1600/1600 1599/1599/1599
f 1598/1598/1598 1597/1597/1597 1600/1600/1600
f 1565/1565/1565 1585/1585/1585 1587/1587/1587
f 1565/1565/1565 1563/1563/1563 1585/1585/1585
f 1548/1548/1548 1680/1680/1680 1679/1679/1679
f 1548/1548/1548 1551/1551/1551 1680/1680/1680
f 1600/1600/1600 1561/1561/1561 1563/1563/1563
f 1600/1600/1600 1601/1601/1601 1561/1561/1561
f 1599/1599/1599 1563/1563/1563 1565/1565/1565
f 1599/1599/1599 1600/1600/1600 1563/1563/1563
f 1546/1546/1546 1679/1679/1679 1678/1678/1678
f 1546/1546/1546 1548/1548/1548 1679/1679/1679
f 1568/1568/1568 1676/1676/1676 1675/1675/1675
f 1568/1568/1568 1567/1567/1567 1676/1676/1676
f 1687/1687/1687 1567/1567/1567 1568/1568/1568
f 1687/1687/1687 1677/1677/1677 1567/1567/1567
f 1570/1570/1570 1675/1675/1675 1674/1674/1674
f 1570/1570/1570 1568/1568/1568 1675/1675/1675
f 1686/1686/1686 1568/1568/1568 1570/1570/1570
f 1686/1686/1686 1687/1687/1687 1568/1568/1568
f 1573/1573/1573 1674/1674/1674 1672/1672/1672
f 1573/1573/1573 1570/1570/1570 1674/1674/1674
f 1684/1684/1684 1570/1570/1570 1573/1573/1573
f 1684/1684/1684 1686/1686/1686 1570/1570/1570
f 1576/1576/1576 1673/1673/1673 1671/1671/1671
f 1576/1576/1576 1574/1574/1574 1673/1673/1673
f 1683/1683/1683 1574/1574/1574 1576/1576/1576
f 1683/1683/1683 1685/1685/1685 1574/1574/1574
f 1578/1578/1578 1671/1671/1671 1670/1670/1670
f 1578/1578/1578 1576/1576/1576 1671/1671/1671
f 1682/1682/1682 1576/1576/1576 1578/1578/1578
f 1682/1682/1682 1683/1683/1683 1576/1576/1576
f 1580/1580/1580 1670/1670/1670 1669/1669/1669
f 1580/1580/1580 1578/1578/1578 1670/1670/1670
f 1681/1681/1681 1578/1578/1578 1580/1580/1580
f 1681/1681/1681 1682/1682/1682 1578/1578/1578
f 1582/1582/1582 1669/1669/1669 1668/1668/1668
f 1582/1582/1582 1580/1580/1580 1669/1669/1669
f 1680/1680/1680 1580/1580/1580 1582/1582/1582
f 1680/1680/1680 1681/1681/1681 1580/1580/1580
f 1584/1584/1584 1668/1668/1668 1667/1667/1667
f 1584/1584/1584 1582/1582/1582 1668/1668/1668
f 1679/1679/1679 1582/1582/1582 1584/1584/1584
f 1679/1679/1679 1680/1680/1680 1582/1582/1582
f 1586/1586/1586 1667/1667/1667 1666/1666/1666
f 1586/1586/1586 1584/1584/1584 1667/1667/1667
f 1678/1678/1678 1584/1584/1584 1586/1586/1586
f 1678/1678/1678 1679/1679/1679 1584/1584/1584
f 1613/1613/1613 1594/1594/1594 1595/1595/1595
f 1613/1613/1613 1614/1614/1614 1594/1594/1594
f 1677/1677/1677 1586/1586/1586 1567/1567/1567
f 1677/1677/1677 1678/1678/1678 1586/1586/1586
f 1587/1587/1587 1546/1546/1546 1545/1545/1545
f 1587/1587/1587 1585/1585/1585 1546/1546/1546
f 1585/1585/1585 1548/1548/1548 1546/1546/1546
f 1585/1585/1585 1583/1583/1583 1548/1548/1548
f 1583/1583/1583 1551/1551/1551 1548/1548/1548
f 1583/1583/1583 1581/1581/1581 1551/1551/1551
f 1581/1581/1581 1553/1553/1553 1551/1551/1551
f 1581/1581/1581 1579/1579/1579 1553/1553/1553
f 1579/1579/1579 1555/1555/1555 1553/1553/1553
f 1579/1579/1579 1577/1577/1577 1555/1555/1555
f 1577/1577/1577 1557/1557/1557 1555/1555/1555
f 1577/1577/1577 1575/1575/1575 1557/1557/1557
f 1609/1609/1609 1598/1598/1598 1599/1599/1599
f 1609/1609/1609 1588/1588/1588 1598/1598/1598
f 1575/1575/1575 1560/1560/1560 1557/1557/1557
f 1575/1575/1575 1572/1572/1572 1560/1560/1560
f 1619/1619/1619 1588/1588/1588 1589/1589/1589
f 1619/1619/1619 1620/1620/1620 1588/1588/1588
f 1571/1571/1571 1562/1562/1562 1559/1559/1559
f 1571/1571/1571 1569/1569/1569 1562/1562/1562
f 1616/1616/1616 1591/1591/1591 1592/1592/1592
f 1616/1616/1616 1618/1618/1618 1591/1591/1591
f 1569/1569/1569 1564/1564/1564 1562/1562/1562
f 1569/1569/1569 1566/1566/1566 1564/1564/1564
f 1614/1614/1614 1593/1593/1593 1594/1594/1594
f 1614/1614/1614 1615/1615/1615 1593/1593/1593
f 1566/1566/1566 1545/1545/1545 1564/1564/1564
f 1566/1566/1566 1587/1587/1587 1545/1545/1545
f 1612/1612/1612 1595/1595/1595 1596/1596/1596
f 1612/1612/1612 1613/1613/1613 1595/1595/1595
f 1601/1601/1601 1558/1558/1558 1561/1561/1561
f 1601/1601/1601 1602/1602/1602 1558/1558/1558
f 1602/1602/1602 1556/1556/1556 1558/1558/1558
f 1602/1602/1602 1603/1603/1603 1556/1556/1556
f 1603/1603/1603 1554/1554/1554 1556/1556/1556
f 1603/1603/1603 1604/1604/1604 1554/1554/1554
f 1604/1604/1604 1552/1552/1552 1554/1554/1554
f 1604/1604/1604 1605/1605/1605 1552/1552/1552
f 1605/1605/1605 1550/1550/1550 1552/1552/1552
f 1605/1605/1605 1607/1607/1607 1550/1550/1550
f 1606/1606/1606 1547/1547/1547 1549/1549/1549
f 1606/1606/1606 1608/1608/1608 1547/1547/1547
f 1608/1608/1608 1544/1544/1544 1547/1547/1547
f 1608/1608/1608 1609/1609/1609 1544/1544/1544
f 1609/1609/1609 1565/1565/1565 1544/1544/1544
f 1609/1609/1609 1599/1599/1599 1565/1565/1565
f 1620/1620/1620 1631/1631/1631 1610/1610/1610
f 1620/1620/1620 1630/1630/1630 1631/1631/1631
f 1566/1566/1566 1565/1565/1565 1587/1587/1587
f 1566/1566/1566 1544/1544/1544 1565/1565/1565
f 1423/1423/1423 1621/1621/1621 1631/1631/1631
f 1423/1423/1423 1424/1424/1424 1621/1621/1621
f 1424/1424/1424 1622/1622/1622 1621/1621/1621
f 1424/1424/1424 1425/1425/1425 1622/1622/1622
f 1425/1425/1425 1623/1623/1623 1622/1622/1622
f 1425/1425/1425 1426/1426/1426 1623/1623/1623
f 1426/1426/1426 1624/1624/1624 1623/1623/1623
f 1426/1426/1426 1427/1427/1427 1624/1624/1624
f 1427/1427/1427 1625/1625/1625 1624/1624/1624
f 1427/1427/1427 1428/1428/1428 1625/1625/1625
f 1428/1428/1428 1626/1626/1626 1625/1625/1625
f 1428/1428/1428 1429/1429/1429 1626/1626/1626
f 1429/1429/1429 1628/1628/1628 1626/1626/1626
f 1429/1429/1429 1431/1431/1431 1628/1628/1628
f 1430/1430/1430 1629/1629/1629 1627/1627/1627
f 1430/1430/1430 1432/1432/1432 1629/1629/1629
f 1432/1432/1432 1630/1630/1630 1629/1629/1629
f 1432/1432/1432 1433/1433/1433 1630/1630/1630
f 1433/1433/1433 1631/1631/1631 1630/1630/1630
f 1433/1433/1433 1423/1423/1423 1631/1631/1631
f 1655/1655/1655 1637/1637/1637 1635/1635/1635
f 1655/1655/1655 1656/1656/1656 1637/1637/1637
f 1636/1636/1636 1632/1632/1632 1634/1634/1634
f 1636/1636/1636 1638/1638/1638 1632/1632/1632
f 1642/1642/1642 1644/1644/1644 1633/1633/1633
f 1646/1646/1646 1648/1648/1648 1633/1633/1633
f 1653/1653/1653 1633/1633/1633 1651/1651/1651
f 1653/1653/1653 1632/1632/1632 1633/1633/1633
f 1634/1634/1634 1632/1632/1632 1653/1653/1653
f 1633/1633/1633 1644/1644/1644 1646/1646/1646
f 1632/1632/1632 1638/1638/1638 1640/1640/1640
f 1632/1632/1632 1642/1642/1642 1633/1633/1633
f 1632/1632/1632 1640/1640/1640 1642/1642/1642
f 1633/1633/1633 1648/1648/1648 1651/1651/1651
f 1637/1637/1637 1657/1657/1657 1639/1639/1639
f 1637/1637/1637 1656/1656/1656 1657/1657/1657
f 1639/1639/1639 1658/1658/1658 1641/1641/1641
f 1639/1639/1639 1657/1657/1657 1658/1658/1658
f 1641/1641/1641 1659/1659/1659 1643/1643/1643
f 1641/1641/1641 1658/1658/1658 1659/1659/1659
f 1643/1643/1643 1660/1660/1660 1645/1645/1645
f 1643/1643/1643 1659/1659/1659 1660/1660/1660
f 1645/1645/1645 1661/1661/1661 1647/1647/1647
f 1645/1645/1645 1660/1660/1660 1661/1661/1661
f 1647/1647/1647 1663/1663/1663 1650/1650/1650
f 1647/1647/1647 1661/1661/1661 1663/1663/1663
f 1649/1649/1649 1664/1664/1664 1652/1652/1652
f 1649/1649/1649 1662/1662/1662 1664/1664/1664
f 1652/1652/1652 1665/1665/1665 1654/1654/1654
f 1652/1652/1652 1664/1664/1664 1665/1665/1665
f 1654/1654/1654 1655/1655/1655 1635/1635/1635
f 1654/1654/1654 1665/1665/1665 1655/1655/1655
f 1676/1676/1676 1656/1656/1656 1655/1655/1655
f 1676/1676/1676 1666/1666/1666 1656/1656/1656
f 1656/1656/1656 1667/1667/1667 1657/1657/1657
f 1656/1656/1656 1666/1666/1666 1667/1667/1667
f 1657/1657/1657 1668/1668/1668 1658/1658/1658
f 1657/1657/1657 1667/1667/1667 1668/1668/1668
f 1658/1658/1658 1669/1669/1669 1659/1659/1659
f 1658/1658/1658 1668/1668/1668 1669/1669/1669
f 1659/1659/1659 1670/1670/1670 1660/1660/1660
f 1659/1659/1659 1669/1669/1669 1670/1670/1670
f 1660/1660/1660 1671/1671/1671 1661/1661/1661
f 1660/1660/1660 1670/1670/1670 1671/1671/1671
f 1661/1661/1661 1673/1673/1673 1663/1663/1663
f 1661/1661/1661 1671/1671/1671 1673/1673/1673
f 1662/1662/1662 1674/1674/1674 1664/1664/1664
f 1662/1662/1662 1672/1672/1672 1674/1674/1674
f 1664/1664/1664 1675/1675/1675 1665/1665/1665
f 1664/1664/1664 1674/1674/1674 1675/1675/1675
f 1665/1665/1665 1676/1676/1676 1655/1655/1655
f 1665/1665/1665 1675/1675/1675 1676/1676/1676
f 1545/1545/1545 1678/1678/1678 1677/1677/1677
f 1545/1545/1545 1546/1546/1546 1678/1678/1678
f 1153/1153/1153 1141/1141/1141 1142/1142/1142
f 1153/1153/1153 1155/1155/1155 1141/1141/1141
f 1154/1154/1154 1139/1139/1139 1140/1140/1140
f 1154/1154/1154 1156/1156/1156 1139/1139/1139
f 1156/1156/1156 1138/1138/1138 1139/1139/1139
f 1156/1156/1156 1157/1157/1157 1138/1138/1138
f 1157/1157/1157 1137/1137/1137 1138/1138/1138
f 1157/1157/1157 1158/1158/1158 1137/1137/1137
f 1137/1137/1137 1689/1689/1689 1688/1688/1688
f 1137/1137/1137 1147/1147/1147 1689/1689/1689
f 971/971/971 973/973/973 961/961/961
f 971/971/971 992/992/992 973/973/973
f 1015/1015/1015 1699/1699/1699 994/994/994
f 1015/1015/1015 1709/1709/1709 1699/1699/1699
f 949/949/949 1699/1699/1699 1709/1709/1709
f 949/949/949 930/930/930 1699/1699/1699
f 1532/1532/1532 1543/1543/1543 1522/1522/1522
f 1532/1532/1532 1542/1542/1542 1543/1543/1543
f 1730/1730/1730 1335/1335/1335 1731/1731/1731
f 1730/1730/1730 1345/1345/1345 1335/1335/1335
f 1213/1213/1213 1214/1214/1214 1203/1203/1203
f 1213/1213/1213 1224/1224/1224 1214/1214/1214
f 1092/1092/1092 1094/1094/1094 1071/1071/1071
f 1092/1092/1092 1113/1113/1113 1094/1094/1094
f 1786/1786/1786 1744/1744/1744 1787/1787/1787
f 1786/1786/1786 1743/1743/1743 1744/1744/1744
f 1787/1787/1787 1745/1745/1745 1788/1788/1788
f 1787/1787/1787 1744/1744/1744 1745/1745/1745
f 1788/1788/1788 1746/1746/1746 1789/1789/1789
f 1788/1788/1788 1745/1745/1745 1746/1746/1746
f 1789/1789/1789 1747/1747/1747 1790/1790/1790
f 1789/1789/1789 1746/1746/1746 1747/1747/1747
f 1790/1790/1790 1748/1748/1748 1791/1791/1791
f 1790/1790/1790 1747/1747/1747 1748/1748/1748
f 1791/1791/1791 1749/1749/1749 1792/1792/1792
f 1791/1791/1791 1748/1748/1748 1749/1749/1749
f 1792/1792/1792 1751/1751/1751 1794/1794/1794
f 1792/1792/1792 1749/1749/1749 1751/1751/1751
f 1793/1793/1793 1752/1752/1752 1795/1795/1795
f 1793/1793/1793 1750/1750/1750 1752/1752/1752
f 1795/1795/1795 1753/1753/1753 1796/1796/1796
f 1795/1795/1795 1752/1752/1752 1753/1753/1753
f 1838/1838/1838 2534/2534/2534 2533/2533/2533
f 1838/1838/1838 1840/1840/1840 2534/2534/2534
f 1839/1839/1839 1775/1775/1775 1820/1820/1820
f 1839/1839/1839 1785/1785/1785 1775/1775/1775
f 1795/1795/1795 1817/1817/1817 1815/1815/1815
f 1795/1795/1795 1796/1796/1796 1817/1817/1817
f 1835/1835/1835 2533/2533/2533 2531/2531/2531
f 1835/1835/1835 1838/1838/1838 2533/2533/2533
f 1837/1837/1837 1785/1785/1785 1839/1839/1839
f 1837/1837/1837 1784/1784/1784 1785/1785/1785
f 1793/1793/1793 1815/1815/1815 1811/1811/1811
f 1793/1793/1793 1795/1795/1795 1815/1815/1815
f 1832/1832/1832 2532/2532/2532 2530/2530/2530
f 1832/1832/1832 1836/1836/1836 2532/2532/2532
f 1833/1833/1833 1782/1782/1782 1837/1837/1837
f 1837/1837/1837 1782/1782/1782 1784/1784/1784
f 1792/1792/1792 1812/1812/1812 1809/1809/1809
f 1792/1792/1792 1794/1794/1794 1812/1812/1812
f 1830/1830/1830 2530/2530/2530 2529/2529/2529
f 1830/1830/1830 1832/1832/1832 2530/2530/2530
f 1831/1831/1831 1781/1781/1781 1834/1834/1834
f 1834/1834/1834 1781/1781/1781 1783/1783/1783
f 1791/1791/1791 1809/1809/1809 1807/1807/1807
f 1791/1791/1791 1792/1792/1792 1809/1809/1809
f 1828/1828/1828 2529/2529/2529 2528/2528/2528
f 1828/1828/1828 1830/1830/1830 2529/2529/2529
f 1829/1829/1829 1781/1781/1781 1831/1831/1831
f 1829/1829/1829 1780/1780/1780 1781/1781/1781
f 1790/1790/1790 1807/1807/1807 1805/1805/1805
f 1790/1790/1790 1791/1791/1791 1807/1807/1807
f 1826/1826/1826 2528/2528/2528 2527/2527/2527
f 1826/1826/1826 1828/1828/1828 2528/2528/2528
f 1827/1827/1827 1780/1780/1780 1829/1829/1829
f 1827/1827/1827 1779/1779/1779 1780/1780/1780
f 1789/1789/1789 1805/1805/1805 1803/1803/1803
f 1789/1789/1789 1790/1790/1790 1805/1805/1805
f 1824/1824/1824 2527/2527/2527 2526/2526/2526
f 1824/1824/1824 1826/1826/1826 2527/2527/2527
f 1825/1825/1825 1779/1779/1779 1827/1827/1827
f 1825/1825/1825 1778/1778/1778 1779/1779/1779
f 1788/1788/1788 1803/1803/1803 1801/1801/1801
f 1788/1788/1788 1789/1789/1789 1803/1803/1803
f 1822/1822/1822 2526/2526/2526 2525/2525/2525
f 1822/1822/1822 1824/1824/1824 2526/2526/2526
f 1823/1823/1823 1778/1778/1778 1825/1825/1825
f 1823/1823/1823 1777/1777/1777 1778/1778/1778
f 1787/1787/1787 1801/1801/1801 1799/1799/1799
f 1787/1787/1787 1788/1788/1788 1801/1801/1801
f 2524/2524/2524 1822/1822/1822 2525/2525/2525
f 2524/2524/2524 1819/1819/1819 1822/1822/1822
f 1821/1821/1821 1777/1777/1777 1823/1823/1823
f 1821/1821/1821 1776/1776/1776 1777/1777/1777
f 1798/1798/1798 1787/1787/1787 1799/1799/1799
f 1798/1798/1798 1786/1786/1786 1787/1787/1787
f 1820/1820/1820 1776/1776/1776 1821/1821/1821
f 1820/1820/1820 1775/1775/1775 1776/1776/1776
f 1796/1796/1796 1743/1743/1743 1786/1786/1786
f 1796/1796/1796 1753/1753/1753 1743/1743/1743
f 1775/1775/1775 1800/1800/1800 1776/1776/1776
f 1775/1775/1775 1797/1797/1797 1800/1800/1800
f 1797/1797/1797 1799/1799/1799 1800/1800/1800
f 1797/1797/1797 1798/1798/1798 1799/1799/1799
f 1776/1776/1776 1802/1802/1802 1777/1777/1777
f 1776/1776/1776 1800/1800/1800 1802/1802/1802
f 1800/1800/1800 1801/1801/1801 1802/1802/1802
f 1800/1800/1800 1799/1799/1799 1801/1801/1801
f 1777/1777/1777 1804/1804/1804 1778/1778/1778
f 1777/1777/1777 1802/1802/1802 1804/1804/1804
f 1802/1802/1802 1803/1803/1803 1804/1804/1804
f 1802/1802/1802 1801/1801/1801 1803/1803/1803
f 1778/1778/1778 1806/1806/1806 1779/1779/1779
f 1778/1778/1778 1804/1804/1804 1806/1806/1806
f 1804/1804/1804 1805/1805/1805 1806/1806/1806
f 1804/1804/1804 1803/1803/1803 1805/1805/1805
f 1779/1779/1779 1808/1808/1808 1780/1780/1780
f 1779/1779/1779 1806/1806/1806 1808/1808/1808
f 1806/1806/1806 1807/1807/1807 1808/1808/1808
f 1806/1806/1806 1805/1805/1805 1807/1807/1807
f 1780/1780/1780 1810/1810/1810 1781/1781/1781
f 1780/1780/1780 1808/1808/1808 1810/1810/1810
f 1808/1808/1808 1809/1809/1809 1810/1810/1810
f 1808/1808/1808 1807/1807/1807 1809/1809/1809
f 1781/1781/1781 1814/1814/1814 1783/1783/1783
f 1781/1781/1781 1810/1810/1810 1814/1814/1814
f 1810/1810/1810 1812/1812/1812 1814/1814/1814
f 1810/1810/1810 1809/1809/1809 1812/1812/1812
f 1782/1782/1782 1816/1816/1816 1784/1784/1784
f 1782/1782/1782 1813/1813/1813 1816/1816/1816
f 1813/1813/1813 1815/1815/1815 1816/1816/1816
f 1813/1813/1813 1811/1811/1811 1815/1815/1815
f 1784/1784/1784 1818/1818/1818 1785/1785/1785
f 1784/1784/1784 1816/1816/1816 1818/1818/1818
f 1816/1816/1816 1817/1817/1817 1818/1818/1818
f 1816/1816/1816 1815/1815/1815 1817/1817/1817
f 1785/1785/1785 1797/1797/1797 1775/1775/1775
f 1785/1785/1785 1818/1818/1818 1797/1797/1797
f 1818/1818/1818 1798/1798/1798 1797/1797/1797
f 1818/1818/1818 1817/1817/1817 1798/1798/1798
f 1819/1819/1819 1821/1821/1821 1822/1822/1822
f 1819/1819/1819 1820/1820/1820 1821/1821/1821
f 1822/1822/1822 1823/1823/1823 1824/1824/1824
f 1822/1822/1822 1821/1821/1821 1823/1823/1823
f 1824/1824/1824 1825/1825/1825 1826/1826/1826
f 1824/1824/1824 1823/1823/1823 1825/1825/1825
f 1826/1826/1826 1827/1827/1827 1828/1828/1828
f 1826/1826/1826 1825/1825/1825 1827/1827/1827
f 1828/1828/1828 1829/1829/1829 1830/1830/1830
f 1828/1828/1828 1827/1827/1827 1829/1829/1829
f 1830/1830/1830 1831/1831/1831 1832/1832/1832
f 1830/1830/1830 1829/1829/1829 1831/1831/1831
f 1832/1832/1832 1834/1834/1834 1836/1836/1836
f 1832/1832/1832 1831/1831/1831 1834/1834/1834
f 1835/1835/1835 1833/1833/1833 1838/1838/1838
f 1838/1838/1838 1833/1833/1833 1837/1837/1837
f 1838/1838/1838 1839/1839/1839 1840/1840/1840
f 1838/1838/1838 1837/1837/1837 1839/1839/1839
f 1840/1840/1840 1820/1820/1820 1819/1819/1819
f 1840/1840/1840 1839/1839/1839 1820/1820/1820
f 1755/1755/1755 2525/2525/2525 1757/1757/1757
f 1755/1755/1755 2524/2524/2524 2525/2525/2525
f 1757/1757/1757 2526/2526/2526 1759/1759/1759
f 1757/1757/1757 2525/2525/2525 2526/2526/2526
f 1759/1759/1759 2527/2527/2527 1761/1761/1761
f 1759/1759/1759 2526/2526/2526 2527/2527/2527
f 1761/1761/1761 2528/2528/2528 1763/1763/1763
f 1761/1761/1761 2527/2527/2527 2528/2528/2528
f 1763/1763/1763 2529/2529/2529 1765/1765/1765
f 1763/1763/1763 2528/2528/2528 2529/2529/2529
f 1765/1765/1765 2530/2530/2530 1767/1767/1767
f 1765/1765/1765 2529/2529/2529 2530/2530/2530
f 1767/1767/1767 2532/2532/2532 1770/1770/1770
f 1767/1767/1767 2530/2530/2530 2532/2532/2532
f 1769/1769/1769 2533/2533/2533 1772/1772/1772
f 1769/1769/1769 2531/2531/2531 2533/2533/2533
f 1772/1772/1772 2534/2534/2534 1774/1774/1774
f 1772/1772/1772 2533/2533/2533 2534/2534/2534
f 1875/1875/1875 1842/1842/1842 1876/1876/1876
f 1875/1875/1875 1841/1841/1841 1842/1842/1842
f 1876/1876/1876 1843/1843/1843 1878/1878/1878
f 1876/1876/1876 1842/1842/1842 1843/1843/1843
f 1878/1878/1878 1844/1844/1844 1880/1880/1880
f 1878/1878/1878 1843/1843/1843 1844/1844/1844
f 1880/1880/1880 1845/1845/1845 1882/1882/1882
f 1880/1880/1880 1844/1844/1844 1845/1845/1845
f 1882/1882/1882 1846/1846/1846 1884/1884/1884
f 1882/1882/1882 1845/1845/1845 1846/1846/1846
f 1884/1884/1884 1847/1847/1847 1886/1886/1886
f 1884/1884/1884 1846/1846/1846 1847/1847/1847
f 1886/1886/1886 1849/1849/1849 1889/1889/1889
f 1886/1886/1886 1847/1847/1847 1849/1849/1849
f 1888/1888/1888 1850/1850/1850 1892/1892/1892
f 1888/1888/1888 1848/1848/1848 1850/1850/1850
f 1892/1892/1892 1851/1851/1851 1894/1894/1894
f 1892/1892/1892 1850/1850/1850 1851/1851/1851
f 1894/1894/1894 1841/1841/1841 1875/1875/1875
f 1894/1894/1894 1851/1851/1851 1841/1841/1841
f 1960/1960/1960 1853/1853/1853 1941/1941/1941
f 1960/1960/1960 1872/1872/1872 1853/1853/1853
f 1915/1915/1915 1938/1938/1938 1936/1936/1936
f 1915/1915/1915 1917/1917/1917 1938/1938/1938
f 1893/1893/1893 1916/1916/1916 1914/1914/1914
f 1893/1893/1893 1895/1895/1895 1916/1916/1916
f 1963/1963/1963 2513/2513/2513 1962/1962/1962
f 1963/1963/1963 2523/2523/2523 2513/2513/2513
f 1958/1958/1958 1872/1872/1872 1960/1960/1960
f 1958/1958/1958 1870/1870/1870 1872/1872/1872
f 1912/1912/1912 1936/1936/1936 1932/1932/1932
f 1912/1912/1912 1915/1915/1915 1936/1936/1936
f 1890/1890/1890 1914/1914/1914 1910/1910/1910
f 1890/1890/1890 1893/1893/1893 1914/1914/1914
f 1964/1964/1964 2523/2523/2523 1963/1963/1963
f 1964/1964/1964 2522/2522/2522 2523/2523/2523
f 1954/1954/1954 1870/1870/1870 1958/1958/1958
f 1954/1954/1954 1866/1866/1866 1870/1870/1870
f 1909/1909/1909 1933/1933/1933 1930/1930/1930
f 1909/1909/1909 1913/1913/1913 1933/1933/1933
f 1887/1887/1887 1911/1911/1911 1908/1908/1908
f 1887/1887/1887 1891/1891/1891 1911/1911/1911
f 1965/1965/1965 2522/2522/2522 1964/1964/1964
f 1965/1965/1965 2520/2520/2520 2522/2522/2522
f 1952/1952/1952 1867/1867/1867 1955/1955/1955
f 1952/1952/1952 1864/1864/1864 1867/1867/1867
f 1907/1907/1907 1930/1930/1930 1928/1928/1928
f 1907/1907/1907 1909/1909/1909 1930/1930/1930
f 1885/1885/1885 1908/1908/1908 1906/1906/1906
f 1885/1885/1885 1887/1887/1887 1908/1908/1908
f 1967/1967/1967 2521/2521/2521 1966/1966/1966
f 1967/1967/1967 2519/2519/2519 2521/2521/2521
f 1950/1950/1950 1864/1864/1864 1952/1952/1952
f 1950/1950/1950 1862/1862/1862 1864/1864/1864
f 1905/1905/1905 1928/1928/1928 1926/1926/1926
f 1905/1905/1905 1907/1907/1907 1928/1928/1928
f 1883/1883/1883 1906/1906/1906 1904/1904/1904
f 1883/1883/1883 1885/1885/1885 1906/1906/1906
f 1968/1968/1968 2519/2519/2519 1967/1967/1967
f 1968/1968/1968 2518/2518/2518 2519/2519/2519
f 1948/1948/1948 1862/1862/1862 1950/1950/1950
f 1948/1948/1948 1860/1860/1860 1862/1862/1862
f 1903/1903/1903 1926/1926/1926 1924/1924/1924
f 1903/1903/1903 1905/1905/1905 1926/1926/1926
f 1881/1881/1881 1904/1904/1904 1902/1902/1902
f 1881/1881/1881 1883/1883/1883 1904/1904/1904
f 1969/1969/1969 2518/2518/2518 1968/1968/1968
f 1969/1969/1969 2517/2517/2517 2518/2518/2518
f 1946/1946/1946 1860/1860/1860 1948/1948/1948
f 1946/1946/1946 1858/1858/1858 1860/1860/1860
f 1901/1901/1901 1924/1924/1924 1922/1922/1922
f 1901/1901/1901 1903/1903/1903 1924/1924/1924
f 1879/1879/1879 1902/1902/1902 1900/1900/1900
f 1879/1879/1879 1881/1881/1881 1902/1902/1902
f 1970/1970/1970 2517/2517/2517 1969/1969/1969
f 1970/1970/1970 2516/2516/2516 2517/2517/2517
f 1944/1944/1944 1858/1858/1858 1946/1946/1946
f 1944/1944/1944 1856/1856/1856 1858/1858/1858
f 1899/1899/1899 1922/1922/1922 1920/1920/1920
f 1899/1899/1899 1901/1901/1901 1922/1922/1922
f 1877/1877/1877 1900/1900/1900 1898/1898/1898
f 1877/1877/1877 1879/1879/1879 1900/1900/1900
f 1971/1971/1971 2516/2516/2516 1970/1970/1970
f 1971/1971/1971 2515/2515/2515 2516/2516/2516
f 1942/1942/1942 1856/1856/1856 1944/1944/1944
f 1942/1942/1942 1854/1854/1854 1856/1856/1856
f 1919/1919/1919 1899/1899/1899 1920/1920/1920
f 1919/1919/1919 1896/1896/1896 1899/1899/1899
f 1897/1897/1897 1877/1877/1877 1898/1898/1898
f 1897/1897/1897 1874/1874/1874 1877/1877/1877
f 1977/1977/1977 1967/1967/1967 1978/1978/1978
f 1977/1977/1977 1968/1968/1968 1967/1967/1967
f 1972/1972/1972 2515/2515/2515 1971/1971/1971
f 1972/1972/1972 2514/2514/2514 2515/2515/2515
f 1941/1941/1941 1854/1854/1854 1942/1942/1942
f 1941/1941/1941 1853/1853/1853 1854/1854/1854
f 2392/2392/2392 2491/2491/2491 2411/2411/2411
f 2392/2392/2392 2501/2501/2501 2491/2491/2491
f 1895/1895/1895 1875/1875/1875 1874/1874/1874
f 1895/1895/1895 1894/1894/1894 1875/1875/1875
f 1893/1893/1893 1894/1894/1894 1895/1895/1895
f 1893/1893/1893 1892/1892/1892 1894/1894/1894
f 1890/1890/1890 1892/1892/1892 1893/1893/1893
f 1890/1890/1890 1888/1888/1888 1892/1892/1892
f 1887/1887/1887 1889/1889/1889 1891/1891/1891
f 1887/1887/1887 1886/1886/1886 1889/1889/1889
f 1885/1885/1885 1886/1886/1886 1887/1887/1887
f 1885/1885/1885 1884/1884/1884 1886/1886/1886
f 1883/1883/1883 1884/1884/1884 1885/1885/1885
f 1883/1883/1883 1882/1882/1882 1884/1884/1884
f 1881/1881/1881 1882/1882/1882 1883/1883/1883
f 1881/1881/1881 1880/1880/1880 1882/1882/1882
f 1879/1879/1879 1880/1880/1880 1881/1881/1881
f 1879/1879/1879 1878/1878/1878 1880/1880/1880
f 1877/1877/1877 1878/1878/1878 1879/1879/1879
f 1877/1877/1877 1876/1876/1876 1878/1878/1878
f 1874/1874/1874 1876/1876/1876 1877/1877/1877
f 1874/1874/1874 1875/1875/1875 1876/1876/1876
f 1896/1896/1896 1898/1898/1898 1899/1899/1899
f 1896/1896/1896 1897/1897/1897 1898/1898/1898
f 1899/1899/1899 1900/1900/1900 1901/1901/1901
f 1899/1899/1899 1898/1898/1898 1900/1900/1900
f 1901/1901/1901 1902/1902/1902 1903/1903/1903
f 1901/1901/1901 1900/1900/1900 1902/1902/1902
f 1903/1903/1903 1904/1904/1904 1905/1905/1905
f 1903/1903/1903 1902/1902/1902 1904/1904/1904
f 1905/1905/1905 1906/1906/1906 1907/1907/1907
f 1905/1905/1905 1904/1904/1904 1906/1906/1906
f 1907/1907/1907 1908/1908/1908 1909/1909/1909
f 1907/1907/1907 1906/1906/1906 1908/1908/1908
f 1909/1909/1909 1911/1911/1911 1913/1913/1913
f 1909/1909/1909 1908/1908/1908 1911/1911/1911
f 1912/1912/1912 1914/1914/1914 1915/1915/1915
f 1912/1912/1912 1910/1910/1910 1914/1914/1914
f 1915/1915/1915 1916/1916/1916 1917/1917/1917
f 1915/1915/1915 1914/1914/1914 1916/1916/1916
f 1917/1917/1917 1897/1897/1897 1896/1896/1896
f 1917/1917/1917 1916/1916/1916 1897/1897/1897
f 1853/1853/1853 1921/1921/1921 1854/1854/1854
f 1853/1853/1853 1918/1918/1918 1921/1921/1921
f 1918/1918/1918 1920/1920/1920 1921/1921/1921
f 1918/1918/1918 1919/1919/1919 1920/1920/1920
f 1854/1854/1854 1923/1923/1923 1856/1856/1856
f 1854/1854/1854 1921/1921/1921 1923/1923/1923
f 1921/1921/1921 1922/1922/1922 1923/1923/1923
f 1921/1921/1921 1920/1920/1920 1922/1922/1922
f 1856/1856/1856 1925/1925/1925 1858/1858/1858
f 1856/1856/1856 1923/1923/1923 1925/1925/1925
f 1923/1923/1923 1924/1924/1924 1925/1925/1925
f 1923/1923/1923 1922/1922/1922 1924/1924/1924
f 1858/1858/1858 1927/1927/1927 1860/1860/1860
f 1858/1858/1858 1925/1925/1925 1927/1927/1927
f 1925/1925/1925 1926/1926/1926 1927/1927/1927
f 1925/1925/1925 1924/1924/1924 1926/1926/1926
f 1860/1860/1860 1929/1929/1929 1862/1862/1862
f 1860/1860/1860 1927/1927/1927 1929/1929/1929
f 1927/1927/1927 1928/1928/1928 1929/1929/1929
f 1927/1927/1927 1926/1926/1926 1928/1928/1928
f 1862/1862/1862 1931/1931/1931 1864/1864/1864
f 1862/1862/1862 1929/1929/1929 1931/1931/1931
f 1929/1929/1929 1930/1930/1930 1931/1931/1931
f 1929/1929/1929 1928/1928/1928 1930/1930/1930
f 1864/1864/1864 1935/1935/1935 1867/1867/1867
f 1864/1864/1864 1931/1931/1931 1935/1935/1935
f 1931/1931/1931 1930/1930/1930 1935/1935/1935
f 1935/1935/1935 1930/1930/1930 1933/1933/1933
f 1866/1866/1866 1937/1937/1937 1870/1870/1870
f 1866/1866/1866 1934/1934/1934 1937/1937/1937
f 1934/1934/1934 1936/1936/1936 1937/1937/1937
f 1934/1934/1934 1932/1932/1932 1936/1936/1936
f 1870/1870/1870 1939/1939/1939 1872/1872/1872
f 1870/1870/1870 1937/1937/1937 1939/1939/1939
f 1937/1937/1937 1938/1938/1938 1939/1939/1939
f 1937/1937/1937 1936/1936/1936 1938/1938/1938
f 1872/1872/1872 1918/1918/1918 1853/1853/1853
f 1872/1872/1872 1939/1939/1939 1918/1918/1918
f 1939/1939/1939 1938/1938/1938 1918/1918/1918
f 1918/1918/1918 1938/1938/1938 1919/1919/1919
f 1852/1852/1852 1943/1943/1943 1855/1855/1855
f 1852/1852/1852 1940/1940/1940 1943/1943/1943
f 1940/1940/1940 1942/1942/1942 1943/1943/1943
f 1940/1940/1940 1941/1941/1941 1942/1942/1942
f 1855/1855/1855 1945/1945/1945 1857/1857/1857
f 1855/1855/1855 1943/1943/1943 1945/1945/1945
f 1943/1943/1943 1944/1944/1944 1945/1945/1945
f 1943/1943/1943 1942/1942/1942 1944/1944/1944
f 1857/1857/1857 1947/1947/1947 1859/1859/1859
f 1857/1857/1857 1945/1945/1945 1947/1947/1947
f 1945/1945/1945 1946/1946/1946 1947/1947/1947
f 1945/1945/1945 1944/1944/1944 1946/1946/1946
f 1859/1859/1859 1949/1949/1949 1861/1861/1861
f 1859/1859/1859 1947/1947/1947 1949/1949/1949
f 1947/1947/1947 1948/1948/1948 1949/1949/1949
f 1947/1947/1947 1946/1946/1946 1948/1948/1948
f 1861/1861/1861 1951/1951/1951 1863/1863/1863
f 1861/1861/1861 1949/1949/1949 1951/1951/1951
f 1949/1949/1949 1950/1950/1950 1951/1951/1951
f 1949/1949/1949 1948/1948/1948 1950/1950/1950
f 1863/1863/1863 1953/1953/1953 1865/1865/1865
f 1863/1863/1863 1951/1951/1951 1953/1953/1953
f 1951/1951/1951 1952/1952/1952 1953/1953/1953
f 1951/1951/1951 1950/1950/1950 1952/1952/1952
f 1865/1865/1865 1957/1957/1957 1869/1869/1869
f 1865/1865/1865 1953/1953/1953 1957/1957/1957
f 1953/1953/1953 1955/1955/1955 1957/1957/1957
f 1953/1953/1953 1952/1952/1952 1955/1955/1955
f 1868/1868/1868 1959/1959/1959 1871/1871/1871
f 1868/1868/1868 1956/1956/1956 1959/1959/1959
f 1956/1956/1956 1958/1958/1958 1959/1959/1959
f 1956/1956/1956 1954/1954/1954 1958/1958/1958
f 1871/1871/1871 1961/1961/1961 1873/1873/1873
f 1871/1871/1871 1959/1959/1959 1961/1961/1961
f 1959/1959/1959 1960/1960/1960 1961/1961/1961
f 1959/1959/1959 1958/1958/1958 1960/1960/1960
f 1873/1873/1873 1940/1940/1940 1852/1852/1852
f 1873/1873/1873 1961/1961/1961 1940/1940/1940
f 1961/1961/1961 1941/1941/1941 1940/1940/1940
f 1961/1961/1961 1960/1960/1960 1941/1941/1941
f 2513/2513/2513 1855/1855/1855 2514/2514/2514
f 2513/2513/2513 1852/1852/1852 1855/1855/1855
f 2514/2514/2514 1857/1857/1857 2515/2515/2515
f 2514/2514/2514 1855/1855/1855 1857/1857/1857
f 2515/2515/2515 1859/1859/1859 2516/2516/2516
f 2515/2515/2515 1857/1857/1857 1859/1859/1859
f 2516/2516/2516 1861/1861/1861 2517/2517/2517
f 2516/2516/2516 1859/1859/1859 1861/1861/1861
f 2517/2517/2517 1863/1863/1863 2518/2518/2518
f 2517/2517/2517 1861/1861/1861 1863/1863/1863
f 2518/2518/2518 1865/1865/1865 2519/2519/2519
f 2518/2518/2518 1863/1863/1863 1865/1865/1865
f 1976/1976/1976 1968/1968/1968 1977/1977/1977
f 1976/1976/1976 1969/1969/1969 1968/1968/1968
f 2519/2519/2519 1869/1869/1869 2521/2521/2521
f 2519/2519/2519 1865/1865/1865 1869/1869/1869
f 1975/1975/1975 1969/1969/1969 1976/1976/1976
f 1975/1975/1975 1970/1970/1970 1969/1969/1969
f 2520/2520/2520 1871/1871/1871 2522/2522/2522
f 2520/2520/2520 1868/1868/1868 1871/1871/1871
f 1974/1974/1974 1970/1970/1970 1975/1975/1975
f 1974/1974/1974 1971/1971/1971 1970/1970/1970
f 2522/2522/2522 1873/1873/1873 2523/2523/2523
f 2522/2522/2522 1871/1871/1871 1873/1873/1873
f 1973/1973/1973 1971/1971/1971 1974/1974/1974
f 1973/1973/1973 1972/1972/1972 1971/1971/1971
f 2523/2523/2523 1852/1852/1852 2513/2513/2513
f 2523/2523/2523 1873/1873/1873 1852/1852/1852
f 1972/1972/1972 1983/1983/1983 1962/1962/1962
f 1972/1972/1972 1973/1973/1973 1983/1983/1983
f 1743/1743/1743 1973/1973/1973 1744/1744/1744
f 1743/1743/1743 1983/1983/1983 1973/1973/1973
f 1744/1744/1744 1974/1974/1974 1745/1745/1745
f 1744/1744/1744 1973/1973/1973 1974/1974/1974
f 1745/1745/1745 1975/1975/1975 1746/1746/1746
f 1745/1745/1745 1974/1974/1974 1975/1975/1975
f 1746/1746/1746 1976/1976/1976 1747/1747/1747
f 1746/1746/1746 1975/1975/1975 1976/1976/1976
f 1747/1747/1747 1977/1977/1977 1748/1748/1748
f 1747/1747/1747 1976/1976/1976 1977/1977/1977
f 1748/1748/1748 1978/1978/1978 1749/1749/1749
f 1748/1748/1748 1977/1977/1977 1978/1978/1978
f 1749/1749/1749 1980/1980/1980 1751/1751/1751
f 1749/1749/1749 1978/1978/1978 1980/1980/1980
f 1750/1750/1750 1981/1981/1981 1752/1752/1752
f 1750/1750/1750 1979/1979/1979 1981/1981/1981
f 1752/1752/1752 1982/1982/1982 1753/1753/1753
f 1752/1752/1752 1981/1981/1981 1982/1982/1982
f 1753/1753/1753 1983/1983/1983 1743/1743/1743
f 1753/1753/1753 1982/1982/1982 1983/1983/1983
f 2059/2059/2059 2070/2070/2070 2069/2069/2069
f 2059/2059/2059 2060/2060/2060 2070/2070/2070
f 2060/2060/2060 2071/2071/2071 2070/2070/2070
f 2060/2060/2060 2050/2050/2050 2071/2071/2071
f 2037/2037/2037 2049/2049/2049 2048/2048/2048
f 2037/2037/2037 2038/2038/2038 2049/2049/2049
f 1995/1995/1995 2040/2040/2040 1998/1998/1998
f 1995/1995/1995 2039/2039/2039 2040/2040/2040
f 2057/2057/2057 2069/2069/2069 2067/2067/2067
f 2057/2057/2057 2059/2059/2059 2069/2069/2069
f 2060/2060/2060 1995/1995/1995 2050/2050/2050
f 2060/2060/2060 2016/2016/2016 1995/1995/1995
f 2035/2035/2035 2048/2048/2048 2046/2046/2046
f 2035/2035/2035 2037/2037/2037 2048/2048/2048
f 2038/2038/2038 1996/1996/1996 2028/2028/2028
f 2038/2038/2038 2015/2015/2015 1996/1996/1996
f 2056/2056/2056 2068/2068/2068 2066/2066/2066
f 2056/2056/2056 2058/2058/2058 2068/2068/2068
f 2059/2059/2059 2016/2016/2016 2060/2060/2060
f 2059/2059/2059 2014/2014/2014 2016/2016/2016
f 2034/2034/2034 2047/2047/2047 2045/2045/2045
f 2034/2034/2034 2036/2036/2036 2047/2047/2047
f 2037/2037/2037 2015/2015/2015 2038/2038/2038
f 2037/2037/2037 2013/2013/2013 2015/2015/2015
f 2055/2055/2055 2066/2066/2066 2065/2065/2065
f 2055/2055/2055 2056/2056/2056 2066/2066/2066
f 2057/2057/2057 2014/2014/2014 2059/2059/2059
f 2057/2057/2057 2011/2011/2011 2014/2014/2014
f 2033/2033/2033 2045/2045/2045 2044/2044/2044
f 2033/2033/2033 2034/2034/2034 2045/2045/2045
f 2035/2035/2035 2013/2013/2013 2037/2037/2037
f 2035/2035/2035 2009/2009/2009 2013/2013/2013
f 2054/2054/2054 2065/2065/2065 2064/2064/2064
f 2054/2054/2054 2055/2055/2055 2065/2065/2065
f 2056/2056/2056 2012/2012/2012 2058/2058/2058
f 2056/2056/2056 2008/2008/2008 2012/2012/2012
f 2032/2032/2032 2044/2044/2044 2043/2043/2043
f 2032/2032/2032 2033/2033/2033 2044/2044/2044
f 2034/2034/2034 2010/2010/2010 2036/2036/2036
f 2034/2034/2034 2007/2007/2007 2010/2010/2010
f 2053/2053/2053 2064/2064/2064 2063/2063/2063
f 2053/2053/2053 2054/2054/2054 2064/2064/2064
f 2055/2055/2055 2008/2008/2008 2056/2056/2056
f 2055/2055/2055 2006/2006/2006 2008/2008/2008
f 2031/2031/2031 2043/2043/2043 2042/2042/2042
f 2031/2031/2031 2032/2032/2032 2043/2043/2043
f 2033/2033/2033 2007/2007/2007 2034/2034/2034
f 2033/2033/2033 2005/2005/2005 2007/2007/2007
f 2052/2052/2052 2063/2063/2063 2062/2062/2062
f 2052/2052/2052 2053/2053/2053 2063/2063/2063
f 2054/2054/2054 2006/2006/2006 2055/2055/2055
f 2054/2054/2054 2004/2004/2004 2006/2006/2006
f 2030/2030/2030 2042/2042/2042 2041/2041/2041
f 2030/2030/2030 2031/2031/2031 2042/2042/2042
f 2032/2032/2032 2005/2005/2005 2033/2033/2033
f 2032/2032/2032 2003/2003/2003 2005/2005/2005
f 2051/2051/2051 2062/2062/2062 2061/2061/2061
f 2051/2051/2051 2052/2052/2052 2062/2062/2062
f 2053/2053/2053 2004/2004/2004 2054/2054/2054
f 2053/2053/2053 2002/2002/2002 2004/2004/2004
f 2029/2029/2029 2041/2041/2041 2040/2040/2040
f 2029/2029/2029 2030/2030/2030 2041/2041/2041
f 2031/2031/2031 2003/2003/2003 2032/2032/2032
f 2031/2031/2031 2001/2001/2001 2003/2003/2003
f 2071/2071/2071 2051/2051/2051 2061/2061/2061
f 2071/2071/2071 2050/2050/2050 2051/2051/2051
f 2052/2052/2052 2002/2002/2002 2053/2053/2053
f 2052/2052/2052 2000/2000/2000 2002/2002/2002
f 2039/2039/2039 2029/2029/2029 2040/2040/2040
f 2039/2039/2039 2028/2028/2028 2029/2029/2029
f 2030/2030/2030 2001/2001/2001 2031/2031/2031
f 2030/2030/2030 1999/1999/1999 2001/2001/2001
f 1895/1895/1895 1897/1897/1897 1916/1916/1916
f 1895/1895/1895 1874/1874/1874 1897/1897/1897
f 2051/2051/2051 2000/2000/2000 2052/2052/2052
f 2051/2051/2051 1998/1998/1998 2000/2000/2000
f 1996/1996/1996 2018/2018/2018 1997/1997/1997
f 1996/1996/1996 2017/2017/2017 2018/2018/2018
f 2029/2029/2029 1999/1999/1999 2030/2030/2030
f 2029/2029/2029 1997/1997/1997 1999/1999/1999
f 1994/1994/1994 2017/2017/2017 2027/2027/2027
f 1994/1994/1994 1984/1984/1984 2017/2017/2017
f 1993/1993/1993 2027/2027/2027 2026/2026/2026
f 1993/1993/1993 1994/1994/1994 2027/2027/2027
f 1991/1991/1991 2026/2026/2026 2024/2024/2024
f 1991/1991/1991 1993/1993/1993 2026/2026/2026
f 1990/1990/1990 2025/2025/2025 2023/2023/2023
f 1990/1990/1990 1992/1992/1992 2025/2025/2025
f 1989/1989/1989 2023/2023/2023 2022/2022/2022
f 1989/1989/1989 1990/1990/1990 2023/2023/2023
f 1988/1988/1988 2022/2022/2022 2021/2021/2021
f 1988/1988/1988 1989/1989/1989 2022/2022/2022
f 1987/1987/1987 2021/2021/2021 2020/2020/2020
f 1987/1987/1987 1988/1988/1988 2021/2021/2021
f 1986/1986/1986 2020/2020/2020 2019/2019/2019
f 1986/1986/1986 1987/1987/1987 2020/2020/2020
f 1985/1985/1985 2019/2019/2019 2018/2018/2018
f 1985/1985/1985 1986/1986/1986 2019/2019/2019
f 2017/2017/2017 1985/1985/1985 2018/2018/2018
f 2017/2017/2017 1984/1984/1984 1985/1985/1985
f 1997/1997/1997 2019/2019/2019 1999/1999/1999
f 1997/1997/1997 2018/2018/2018 2019/2019/2019
f 1999/1999/1999 2020/2020/2020 2001/2001/2001
f 1999/1999/1999 2019/2019/2019 2020/2020/2020
f 2001/2001/2001 2021/2021/2021 2003/2003/2003
f 2001/2001/2001 2020/2020/2020 2021/2021/2021
f 2003/2003/2003 2022/2022/2022 2005/2005/2005
f 2003/2003/2003 2021/2021/2021 2022/2022/2022
f 2005/2005/2005 2023/2023/2023 2007/2007/2007
f 2005/2005/2005 2022/2022/2022 2023/2023/2023
f 2007/2007/2007 2025/2025/2025 2010/2010/2010
f 2007/2007/2007 2023/2023/2023 2025/2025/2025
f 2009/2009/2009 2026/2026/2026 2013/2013/2013
f 2009/2009/2009 2024/2024/2024 2026/2026/2026
f 2013/2013/2013 2027/2027/2027 2015/2015/2015
f 2013/2013/2013 2026/2026/2026 2027/2027/2027
f 2015/2015/2015 2017/2017/2017 1996/1996/1996
f 2015/2015/2015 2027/2027/2027 2017/2017/2017
f 2028/2028/2028 1997/1997/1997 2029/2029/2029
f 2028/2028/2028 1996/1996/1996 1997/1997/1997
f 1998/1998/1998 2041/2041/2041 2000/2000/2000
f 1998/1998/1998 2040/2040/2040 2041/2041/2041
f 2000/2000/2000 2042/2042/2042 2002/2002/2002
f 2000/2000/2000 2041/2041/2041 2042/2042/2042
f 2002/2002/2002 2043/2043/2043 2004/2004/2004
f 2002/2002/2002 2042/2042/2042 2043/2043/2043
f 2004/2004/2004 2044/2044/2044 2006/2006/2006
f 2004/2004/2004 2043/2043/2043 2044/2044/2044
f 2006/2006/2006 2045/2045/2045 2008/2008/2008
f 2006/2006/2006 2044/2044/2044 2045/2045/2045
f 2008/2008/2008 2047/2047/2047 2012/2012/2012
f 2008/2008/2008 2045/2045/2045 2047/2047/2047
f 2011/2011/2011 2048/2048/2048 2014/2014/2014
f 2011/2011/2011 2046/2046/2046 2048/2048/2048
f 2014/2014/2014 2049/2049/2049 2016/2016/2016
f 2014/2014/2014 2048/2048/2048 2049/2049/2049
f 2016/2016/2016 2039/2039/2039 1995/1995/1995
f 2016/2016/2016 2049/2049/2049 2039/2039/2039
f 2050/2050/2050 1998/1998/1998 2051/2051/2051
f 2050/2050/2050 1995/1995/1995 1998/1998/1998
f 1841/1841/1841 2061/2061/2061 1842/1842/1842
f 1841/1841/1841 2071/2071/2071 2061/2061/2061
f 1842/1842/1842 2062/2062/2062 1843/1843/1843
f 1842/1842/1842 2061/2061/2061 2062/2062/2062
f 1843/1843/1843 2063/2063/2063 1844/1844/1844
f 1843/1843/1843 2062/2062/2062 2063/2063/2063
f 1844/1844/1844 2064/2064/2064 1845/1845/1845
f 1844/1844/1844 2063/2063/2063 2064/2064/2064
f 1845/1845/1845 2065/2065/2065 1846/1846/1846
f 1845/1845/1845 2064/2064/2064 2065/2065/2065
f 1846/1846/1846 2066/2066/2066 1847/1847/1847
f 1846/1846/1846 2065/2065/2065 2066/2066/2066
f 1847/1847/1847 2068/2068/2068 1849/1849/1849
f 1847/1847/1847 2066/2066/2066 2068/2068/2068
f 1848/1848/1848 2069/2069/2069 1850/1850/1850
f 1848/1848/1848 2067/2067/2067 2069/2069/2069
f 1850/1850/1850 2070/2070/2070 1851/1851/1851
f 1850/1850/1850 2069/2069/2069 2070/2070/2070
f 1851/1851/1851 2071/2071/2071 1841/1841/1841
f 1851/1851/1851 2070/2070/2070 2071/2071/2071
f 2171/2171/2171 2073/2073/2073 2181/2181/2181
f 2171/2171/2171 2072/2072/2072 2073/2073/2073
f 2074/2074/2074 2181/2181/2181 2073/2073/2073
f 2074/2074/2074 2180/2180/2180 2181/2181/2181
f 2075/2075/2075 2180/2180/2180 2074/2074/2074
f 2075/2075/2075 2179/2179/2179 2180/2180/2180
f 2076/2076/2076 2179/2179/2179 2075/2075/2075
f 2076/2076/2076 2178/2178/2178 2179/2179/2179
f 2077/2077/2077 2178/2178/2178 2076/2076/2076
f 2077/2077/2077 2177/2177/2177 2178/2178/2178
f 2078/2078/2078 2177/2177/2177 2077/2077/2077
f 2078/2078/2078 2176/2176/2176 2177/2177/2177
f 2080/2080/2080 2176/2176/2176 2078/2078/2078
f 2080/2080/2080 2175/2175/2175 2176/2176/2176
f 2081/2081/2081 2174/2174/2174 2079/2079/2079
f 2081/2081/2081 2173/2173/2173 2174/2174/2174
f 2082/2082/2082 2173/2173/2173 2081/2081/2081
f 2082/2082/2082 2172/2172/2172 2173/2173/2173
f 2096/2096/2096 2126/2126/2126 2125/2125/2125
f 2096/2096/2096 2095/2095/2095 2126/2126/2126
f 2173/2173/2173 2115/2115/2115 2114/2114/2114
f 2173/2173/2173 2172/2172/2172 2115/2115/2115
f 1994/1994/1994 2083/2083/2083 1984/1984/1984
f 1994/1994/1994 2093/2093/2093 2083/2083/2083
f 2097/2097/2097 2125/2125/2125 2123/2123/2123
f 2097/2097/2097 2096/2096/2096 2125/2125/2125
f 2174/2174/2174 2114/2114/2114 2112/2112/2112
f 2174/2174/2174 2173/2173/2173 2114/2114/2114
f 1993/1993/1993 2093/2093/2093 1994/1994/1994
f 1993/1993/1993 2092/2092/2092 2093/2093/2093
f 2099/2099/2099 2124/2124/2124 2122/2122/2122
f 2099/2099/2099 2098/2098/2098 2124/2124/2124
f 2176/2176/2176 2113/2113/2113 2111/2111/2111
f 2176/2176/2176 2175/2175/2175 2113/2113/2113
f 1991/1991/1991 2092/2092/2092 1993/1993/1993
f 1991/1991/1991 2090/2090/2090 2092/2092/2092
f 2100/2100/2100 2122/2122/2122 2121/2121/2121
f 2100/2100/2100 2099/2099/2099 2122/2122/2122
f 2177/2177/2177 2111/2111/2111 2110/2110/2110
f 2177/2177/2177 2176/2176/2176 2111/2111/2111
f 1990/1990/1990 2091/2091/2091 1992/1992/1992
f 1990/1990/1990 2089/2089/2089 2091/2091/2091
f 2101/2101/2101 2121/2121/2121 2120/2120/2120
f 2101/2101/2101 2100/2100/2100 2121/2121/2121
f 2178/2178/2178 2110/2110/2110 2109/2109/2109
f 2178/2178/2178 2177/2177/2177 2110/2110/2110
f 1989/1989/1989 2089/2089/2089 1990/1990/1990
f 1989/1989/1989 2088/2088/2088 2089/2089/2089
f 2102/2102/2102 2120/2120/2120 2119/2119/2119
f 2102/2102/2102 2101/2101/2101 2120/2120/2120
f 2179/2179/2179 2109/2109/2109 2108/2108/2108
f 2179/2179/2179 2178/2178/2178 2109/2109/2109
f 1988/1988/1988 2088/2088/2088 1989/1989/1989
f 1988/1988/1988 2087/2087/2087 2088/2088/2088
f 2103/2103/2103 2119/2119/2119 2118/2118/2118
f 2103/2103/2103 2102/2102/2102 2119/2119/2119
f 2180/2180/2180 2108/2108/2108 2107/2107/2107
f 2180/2180/2180 2179/2179/2179 2108/2108/2108
f 1987/1987/1987 2087/2087/2087 1988/1988/1988
f 1987/1987/1987 2086/2086/2086 2087/2087/2087
f 2104/2104/2104 2118/2118/2118 2117/2117/2117
f 2104/2104/2104 2103/2103/2103 2118/2118/2118
f 2181/2181/2181 2107/2107/2107 2106/2106/2106
f 2181/2181/2181 2180/2180/2180 2107/2107/2107
f 1986/1986/1986 2086/2086/2086 1987/1987/1987
f 1986/1986/1986 2085/2085/2085 2086/2086/2086
f 2116/2116/2116 2104/2104/2104 2117/2117/2117
f 2116/2116/2116 2094/2094/2094 2104/2104/2104
f 2105/2105/2105 2181/2181/2181 2106/2106/2106
f 2105/2105/2105 2171/2171/2171 2181/2181/2181
f 1985/1985/1985 2085/2085/2085 1986/1986/1986
f 1985/1985/1985 2084/2084/2084 2085/2085/2085
f 2094/2094/2094 2106/2106/2106 2104/2104/2104
f 2094/2094/2094 2105/2105/2105 2106/2106/2106
f 2095/2095/2095 2116/2116/2116 2126/2126/2126
f 2095/2095/2095 2094/2094/2094 2116/2116/2116
f 2072/2072/2072 2172/2172/2172 2082/2082/2082
f 2072/2072/2072 2171/2171/2171 2172/2172/2172
f 2106/2106/2106 2103/2103/2103 2104/2104/2104
f 2106/2106/2106 2107/2107/2107 2103/2103/2103
f 2107/2107/2107 2102/2102/2102 2103/2103/2103
f 2107/2107/2107 2108/2108/2108 2102/2102/2102
f 2108/2108/2108 2101/2101/2101 2102/2102/2102
f 2108/2108/2108 2109/2109/2109 2101/2101/2101
f 2109/2109/2109 2100/2100/2100 2101/2101/2101
f 2109/2109/2109 2110/2110/2110 2100/2100/2100
f 2110/2110/2110 2099/2099/2099 2100/2100/2100
f 2110/2110/2110 2111/2111/2111 2099/2099/2099
f 2111/2111/2111 2098/2098/2098 2099/2099/2099
f 2111/2111/2111 2113/2113/2113 2098/2098/2098
f 2112/2112/2112 2096/2096/2096 2097/2097/2097
f 2112/2112/2112 2114/2114/2114 2096/2096/2096
f 2114/2114/2114 2095/2095/2095 2096/2096/2096
f 2114/2114/2114 2115/2115/2115 2095/2095/2095
f 2115/2115/2115 2094/2094/2094 2095/2095/2095
f 2115/2115/2115 2105/2105/2105 2094/2094/2094
f 2127/2127/2127 2117/2117/2117 2128/2128/2128
f 2127/2127/2127 2116/2116/2116 2117/2117/2117
f 2117/2117/2117 2129/2129/2129 2128/2128/2128
f 2117/2117/2117 2118/2118/2118 2129/2129/2129
f 2118/2118/2118 2130/2130/2130 2129/2129/2129
f 2118/2118/2118 2119/2119/2119 2130/2130/2130
f 2119/2119/2119 2131/2131/2131 2130/2130/2130
f 2119/2119/2119 2120/2120/2120 2131/2131/2131
f 2120/2120/2120 2132/2132/2132 2131/2131/2131
f 2120/2120/2120 2121/2121/2121 2132/2132/2132
f 2121/2121/2121 2133/2133/2133 2132/2132/2132
f 2121/2121/2121 2122/2122/2122 2133/2133/2133
f 2122/2122/2122 2135/2135/2135 2133/2133/2133
f 2122/2122/2122 2124/2124/2124 2135/2135/2135
f 2123/2123/2123 2136/2136/2136 2134/2134/2134
f 2123/2123/2123 2125/2125/2125 2136/2136/2136
f 2125/2125/2125 2137/2137/2137 2136/2136/2136
f 2125/2125/2125 2126/2126/2126 2137/2137/2137
f 2126/2126/2126 2127/2127/2127 2137/2137/2137
f 2126/2126/2126 2116/2116/2116 2127/2127/2127
f 1984/1984/1984 2084/2084/2084 1985/1985/1985
f 1984/1984/1984 2083/2083/2083 2084/2084/2084
f 2083/2083/2083 2128/2128/2128 2084/2084/2084
f 2083/2083/2083 2127/2127/2127 2128/2128/2128
f 2084/2084/2084 2129/2129/2129 2085/2085/2085
f 2084/2084/2084 2128/2128/2128 2129/2129/2129
f 2085/2085/2085 2130/2130/2130 2086/2086/2086
f 2085/2085/2085 2129/2129/2129 2130/2130/2130
f 2086/2086/2086 2131/2131/2131 2087/2087/2087
f 2086/2086/2086 2130/2130/2130 2131/2131/2131
f 2087/2087/2087 2132/2132/2132 2088/2088/2088
f 2087/2087/2087 2131/2131/2131 2132/2132/2132
f 2088/2088/2088 2133/2133/2133 2089/2089/2089
f 2088/2088/2088 2132/2132/2132 2133/2133/2133
f 2089/2089/2089 2135/2135/2135 2091/2091/2091
f 2089/2089/2089 2133/2133/2133 2135/2135/2135
f 2090/2090/2090 2136/2136/2136 2092/2092/2092
f 2090/2090/2090 2134/2134/2134 2136/2136/2136
f 2092/2092/2092 2137/2137/2137 2093/2093/2093
f 2092/2092/2092 2136/2136/2136 2137/2137/2137
f 2093/2093/2093 2127/2127/2127 2083/2083/2083
f 2093/2093/2093 2137/2137/2137 2127/2127/2127
f 2148/2148/2148 2535/2535/2535 2545/2545/2545
f 2148/2148/2148 2138/2138/2138 2535/2535/2535
f 2554/2554/2554 2170/2170/2170 2169/2169/2169
f 2554/2554/2554 2555/2555/2555 2170/2170/2170
f 2147/2147/2147 2545/2545/2545 2544/2544/2544
f 2147/2147/2147 2148/2148/2148 2545/2545/2545
f 2552/2552/2552 2169/2169/2169 2167/2167/2167
f 2552/2552/2552 2554/2554/2554 2169/2169/2169
f 2145/2145/2145 2544/2544/2544 2542/2542/2542
f 2145/2145/2145 2147/2147/2147 2544/2544/2544
f 2551/2551/2551 2168/2168/2168 2166/2166/2166
f 2551/2551/2551 2553/2553/2553 2168/2168/2168
f 2172/2172/2172 2105/2105/2105 2115/2115/2115
f 2172/2172/2172 2171/2171/2171 2105/2105/2105
f 2144/2144/2144 2543/2543/2543 2541/2541/2541
f 2144/2144/2144 2146/2146/2146 2543/2543/2543
f 2550/2550/2550 2166/2166/2166 2165/2165/2165
f 2550/2550/2550 2551/2551/2551 2166/2166/2166
f 2143/2143/2143 2541/2541/2541 2540/2540/2540
f 2143/2143/2143 2144/2144/2144 2541/2541/2541
f 2549/2549/2549 2165/2165/2165 2164/2164/2164
f 2549/2549/2549 2550/2550/2550 2165/2165/2165
f 2142/2142/2142 2540/2540/2540 2539/2539/2539
f 2142/2142/2142 2143/2143/2143 2540/2540/2540
f 2548/2548/2548 2164/2164/2164 2163/2163/2163
f 2548/2548/2548 2549/2549/2549 2164/2164/2164
f 2141/2141/2141 2539/2539/2539 2538/2538/2538
f 2141/2141/2141 2142/2142/2142 2539/2539/2539
f 2547/2547/2547 2163/2163/2163 2162/2162/2162
f 2547/2547/2547 2548/2548/2548 2163/2163/2163
f 2140/2140/2140 2538/2538/2538 2537/2537/2537
f 2140/2140/2140 2141/2141/2141 2538/2538/2538
f 2546/2546/2546 2162/2162/2162 2161/2161/2161
f 2546/2546/2546 2547/2547/2547 2162/2162/2162
f 2139/2139/2139 2537/2537/2537 2536/2536/2536
f 2139/2139/2139 2140/2140/2140 2537/2537/2537
f 2160/2160/2160 2546/2546/2546 2161/2161/2161
f 2160/2160/2160 2556/2556/2556 2546/2546/2546
f 2567/2567/2567 2161/2161/2161 2557/2557/2557
f 2567/2567/2567 2160/2160/2160 2161/2161/2161
f 2535/2535/2535 2139/2139/2139 2536/2536/2536
f 2535/2535/2535 2138/2138/2138 2139/2139/2139
f 2556/2556/2556 2536/2536/2536 2546/2546/2546
f 2556/2556/2556 2535/2535/2535 2536/2536/2536
f 2536/2536/2536 2547/2547/2547 2546/2546/2546
f 2536/2536/2536 2537/2537/2537 2547/2547/2547
f 2537/2537/2537 2548/2548/2548 2547/2547/2547
f 2537/2537/2537 2538/2538/2538 2548/2548/2548
f 2538/2538/2538 2549/2549/2549 2548/2548/2548
f 2538/2538/2538 2539/2539/2539 2549/2549/2549
f 2539/2539/2539 2550/2550/2550 2549/2549/2549
f 2539/2539/2539 2540/2540/2540 2550/2550/2550
f 2540/2540/2540 2551/2551/2551 2550/2550/2550
f 2540/2540/2540 2541/2541/2541 2551/2551/2551
f 2541/2541/2541 2553/2553/2553 2551/2551/2551
f 2541/2541/2541 2543/2543/2543 2553/2553/2553
f 2542/2542/2542 2554/2554/2554 2552/2552/2552
f 2542/2542/2542 2544/2544/2544 2554/2554/2554
f 2544/2544/2544 2555/2555/2555 2554/2554/2554
f 2544/2544/2544 2545/2545/2545 2555/2555/2555
f 2545/2545/2545 2556/2556/2556 2555/2555/2555
f 2545/2545/2545 2535/2535/2535 2556/2556/2556
f 2161/2161/2161 2558/2558/2558 2557/2557/2557
f 2161/2161/2161 2162/2162/2162 2558/2558/2558
f 2162/2162/2162 2559/2559/2559 2558/2558/2558
f 2162/2162/2162 2163/2163/2163 2559/2559/2559
f 2163/2163/2163 2560/2560/2560 2559/2559/2559
f 2163/2163/2163 2164/2164/2164 2560/2560/2560
f 2164/2164/2164 2561/2561/2561 2560/2560/2560
f 2164/2164/2164 2165/2165/2165 2561/2561/2561
f 2165/2165/2165 2562/2562/2562 2561/2561/2561
f 2165/2165/2165 2166/2166/2166 2562/2562/2562
f 2166/2166/2166 2564/2564/2564 2562/2562/2562
f 2166/2166/2166 2168/2168/2168 2564/2564/2564
f 2167/2167/2167 2565/2565/2565 2563/2563/2563
f 2167/2167/2167 2169/2169/2169 2565/2565/2565
f 2169/2169/2169 2566/2566/2566 2565/2565/2565
f 2169/2169/2169 2170/2170/2170 2566/2566/2566
f 2170/2170/2170 2567/2567/2567 2566/2566/2566
f 2170/2170/2170 2160/2160/2160 2567/2567/2567
f 2149/2149/2149 2557/2557/2557 2150/2150/2150
f 2149/2149/2149 2567/2567/2567 2557/2557/2557
f 2150/2150/2150 2558/2558/2558 2151/2151/2151
f 2150/2150/2150 2557/2557/2557 2558/2558/2558
f 2151/2151/2151 2559/2559/2559 2152/2152/2152
f 2151/2151/2151 2558/2558/2558 2559/2559/2559
f 2152/2152/2152 2560/2560/2560 2153/2153/2153
f 2152/2152/2152 2559/2559/2559 2560/2560/2560
f 2153/2153/2153 2561/2561/2561 2154/2154/2154
f 2153/2153/2153 2560/2560/2560 2561/2561/2561
f 2154/2154/2154 2562/2562/2562 2155/2155/2155
f 2154/2154/2154 2561/2561/2561 2562/2562/2562
f 2155/2155/2155 2564/2564/2564 2157/2157/2157
f 2155/2155/2155 2562/2562/2562 2564/2564/2564
f 2156/2156/2156 2565/2565/2565 2158/2158/2158
f 2156/2156/2156 2563/2563/2563 2565/2565/2565
f 2158/2158/2158 2566/2566/2566 2159/2159/2159
f 2158/2158/2158 2565/2565/2565 2566/2566/2566
f 2159/2159/2159 2567/2567/2567 2149/2149/2149
f 2159/2159/2159 2566/2566/2566 2567/2567/2567
f 2192/2192/2192 2150/2150/2150 2182/2182/2182
f 2192/2192/2192 2149/2149/2149 2150/2150/2150
f 2150/2150/2150 2183/2183/2183 2182/2182/2182
f 2150/2150/2150 2151/2151/2151 2183/2183/2183
f 2151/2151/2151 2184/2184/2184 2183/2183/2183
f 2151/2151/2151 2152/2152/2152 2184/2184/2184
f 2152/2152/2152 2185/2185/2185 2184/2184/2184
f 2152/2152/2152 2153/2153/2153 2185/2185/2185
f 2153/2153/2153 2186/2186/2186 2185/2185/2185
f 2153/2153/2153 2154/2154/2154 2186/2186/2186
f 2154/2154/2154 2187/2187/2187 2186/2186/2186
f 2154/2154/2154 2155/2155/2155 2187/2187/2187
f 2155/2155/2155 2189/2189/2189 2187/2187/2187
f 2155/2155/2155 2157/2157/2157 2189/2189/2189
f 2156/2156/2156 2190/2190/2190 2188/2188/2188
f 2156/2156/2156 2158/2158/2158 2190/2190/2190
f 2158/2158/2158 2191/2191/2191 2190/2190/2190
f 2158/2158/2158 2159/2159/2159 2191/2191/2191
f 2159/2159/2159 2192/2192/2192 2191/2191/2191
f 2159/2159/2159 2149/2149/2149 2192/2192/2192
f 2072/2072/2072 2182/2182/2182 2073/2073/2073
f 2072/2072/2072 2192/2192/2192 2182/2182/2182
f 2073/2073/2073 2183/2183/2183 2074/2074/2074
f 2073/2073/2073 2182/2182/2182 2183/2183/2183
f 2074/2074/2074 2184/2184/2184 2075/2075/2075
f 2074/2074/2074 2183/2183/2183 2184/2184/2184
f 2075/2075/2075 2185/2185/2185 2076/2076/2076
f 2075/2075/2075 2184/2184/2184 2185/2185/2185
f 2076/2076/2076 2186/2186/2186 2077/2077/2077
f 2076/2076/2076 2185/2185/2185 2186/2186/2186
f 2077/2077/2077 2187/2187/2187 2078/2078/2078
f 2077/2077/2077 2186/2186/2186 2187/2187/2187
f 2078/2078/2078 2189/2189/2189 2080/2080/2080
f 2078/2078/2078 2187/2187/2187 2189/2189/2189
f 2079/2079/2079 2190/2190/2190 2081/2081/2081
f 2079/2079/2079 2188/2188/2188 2190/2190/2190
f 2081/2081/2081 2191/2191/2191 2082/2082/2082
f 2081/2081/2081 2190/2190/2190 2191/2191/2191
f 2082/2082/2082 2192/2192/2192 2072/2072/2072
f 2082/2082/2082 2191/2191/2191 2192/2192/2192
f 2203/2203/2203 2215/2215/2215 2225/2225/2225
f 2203/2203/2203 2193/2193/2193 2215/2215/2215
f 2202/2202/2202 2225/2225/2225 2224/2224/2224
f 2202/2202/2202 2203/2203/2203 2225/2225/2225
f 2200/2200/2200 2224/2224/2224 2222/2222/2222
f 2200/2200/2200 2202/2202/2202 2224/2224/2224
f 2199/2199/2199 2223/2223/2223 2221/2221/2221
f 2199/2199/2199 2201/2201/2201 2223/2223/2223
f 2198/2198/2198 2221/2221/2221 2220/2220/2220
f 2198/2198/2198 2199/2199/2199 2221/2221/2221
f 2197/2197/2197 2220/2220/2220 2219/2219/2219
f 2197/2197/2197 2198/2198/2198 2220/2220/2220
f 2196/2196/2196 2219/2219/2219 2218/2218/2218
f 2196/2196/2196 2197/2197/2197 2219/2219/2219
f 2195/2195/2195 2218/2218/2218 2217/2217/2217
f 2195/2195/2195 2196/2196/2196 2218/2218/2218
f 2194/2194/2194 2217/2217/2217 2216/2216/2216
f 2194/2194/2194 2195/2195/2195 2217/2217/2217
f 2215/2215/2215 2194/2194/2194 2216/2216/2216
f 2215/2215/2215 2193/2193/2193 2194/2194/2194
f 2226/2226/2226 2216/2216/2216 2227/2227/2227
f 2226/2226/2226 2215/2215/2215 2216/2216/2216
f 2216/2216/2216 2228/2228/2228 2227/2227/2227
f 2216/2216/2216 2217/2217/2217 2228/2228/2228
f 2217/2217/2217 2229/2229/2229 2228/2228/2228
f 2217/2217/2217 2218/2218/2218 2229/2229/2229
f 2218/2218/2218 2230/2230/2230 2229/2229/2229
f 2218/2218/2218 2219/2219/2219 2230/2230/2230
f 2219/2219/2219 2231/2231/2231 2230/2230/2230
f 2219/2219/2219 2220/2220/2220 2231/2231/2231
f 2220/2220/2220 2232/2232/2232 2231/2231/2231
f 2220/2220/2220 2221/2221/2221 2232/2232/2232
f 2221/2221/2221 2234/2234/2234 2232/2232/2232
f 2221/2221/2221 2223/2223/2223 2234/2234/2234
f 2222/2222/2222 2235/2235/2235 2233/2233/2233
f 2222/2222/2222 2224/2224/2224 2235/2235/2235
f 2224/2224/2224 2236/2236/2236 2235/2235/2235
f 2224/2224/2224 2225/2225/2225 2236/2236/2236
f 2225/2225/2225 2226/2226/2226 2236/2236/2236
f 2225/2225/2225 2215/2215/2215 2226/2226/2226
f 2204/2204/2204 2227/2227/2227 2205/2205/2205
f 2204/2204/2204 2226/2226/2226 2227/2227/2227
f 2205/2205/2205 2228/2228/2228 2206/2206/2206
f 2205/2205/2205 2227/2227/2227 2228/2228/2228
f 2206/2206/2206 2229/2229/2229 2207/2207/2207
f 2206/2206/2206 2228/2228/2228 2229/2229/2229
f 2207/2207/2207 2230/2230/2230 2208/2208/2208
f 2207/2207/2207 2229/2229/2229 2230/2230/2230
f 2208/2208/2208 2231/2231/2231 2209/2209/2209
f 2208/2208/2208 2230/2230/2230 2231/2231/2231
f 2209/2209/2209 2232/2232/2232 2210/2210/2210
f 2209/2209/2209 2231/2231/2231 2232/2232/2232
f 2210/2210/2210 2234/2234/2234 2212/2212/2212
f 2210/2210/2210 2232/2232/2232 2234/2234/2234
f 2211/2211/2211 2235/2235/2235 2213/2213/2213
f 2211/2211/2211 2233/2233/2233 2235/2235/2235
f 2213/2213/2213 2236/2236/2236 2214/2214/2214
f 2213/2213/2213 2235/2235/2235 2236/2236/2236
f 2214/2214/2214 2226/2226/2226 2204/2204/2204
f 2214/2214/2214 2236/2236/2236 2226/2226/2226
f 2247/2247/2247 2205/2205/2205 2237/2237/2237
f 2247/2247/2247 2204/2204/2204 2205/2205/2205
f 2205/2205/2205 2238/2238/2238 2237/2237/2237
f 2205/2205/2205 2206/2206/2206 2238/2238/2238
f 2206/2206/2206 2239/2239/2239 2238/2238/2238
f 2206/2206/2206 2207/2207/2207 2239/2239/2239
f 2207/2207/2207 2240/2240/2240 2239/2239/2239
f 2207/2207/2207 2208/2208/2208 2240/2240/2240
f 2208/2208/2208 2241/2241/2241 2240/2240/2240
f 2208/2208/2208 2209/2209/2209 2241/2241/2241
f 2209/2209/2209 2242/2242/2242 2241/2241/2241
f 2209/2209/2209 2210/2210/2210 2242/2242/2242
f 2210/2210/2210 2244/2244/2244 2242/2242/2242
f 2210/2210/2210 2212/2212/2212 2244/2244/2244
f 2211/2211/2211 2245/2245/2245 2243/2243/2243
f 2211/2211/2211 2213/2213/2213 2245/2245/2245
f 2213/2213/2213 2246/2246/2246 2245/2245/2245
f 2213/2213/2213 2214/2214/2214 2246/2246/2246
f 2214/2214/2214 2247/2247/2247 2246/2246/2246
f 2214/2214/2214 2204/2204/2204 2247/2247/2247
f 2138/2138/2138 2237/2237/2237 2139/2139/2139
f 2138/2138/2138 2247/2247/2247 2237/2237/2237
f 2139/2139/2139 2238/2238/2238 2140/2140/2140
f 2139/2139/2139 2237/2237/2237 2238/2238/2238
f 2140/2140/2140 2239/2239/2239 2141/2141/2141
f 2140/2140/2140 2238/2238/2238 2239/2239/2239
f 2141/2141/2141 2240/2240/2240 2142/2142/2142
f 2141/2141/2141 2239/2239/2239 2240/2240/2240
f 2142/2142/2142 2241/2241/2241 2143/2143/2143
f 2142/2142/2142 2240/2240/2240 2241/2241/2241
f 2143/2143/2143 2242/2242/2242 2144/2144/2144
f 2143/2143/2143 2241/2241/2241 2242/2242/2242
f 2144/2144/2144 2244/2244/2244 2146/2146/2146
f 2144/2144/2144 2242/2242/2242 2244/2244/2244
f 2145/2145/2145 2245/2245/2245 2147/2147/2147
f 2145/2145/2145 2243/2243/2243 2245/2245/2245
f 2147/2147/2147 2246/2246/2246 2148/2148/2148
f 2147/2147/2147 2245/2245/2245 2246/2246/2246
f 2148/2148/2148 2247/2247/2247 2138/2138/2138
f 2148/2148/2148 2246/2246/2246 2247/2247/2247
f 2293/2293/2293 2249/2249/2249 2294/2294/2294
f 2293/2293/2293 2248/2248/2248 2249/2249/2249
f 2294/2294/2294 2250/2250/2250 2296/2296/2296
f 2294/2294/2294 2249/2249/2249 2250/2250/2250
f 2296/2296/2296 2251/2251/2251 2298/2298/2298
f 2296/2296/2296 2250/2250/2250 2251/2251/2251
f 2298/2298/2298 2252/2252/2252 2300/2300/2300
f 2298/2298/2298 2251/2251/2251 2252/2252/2252
f 2300/2300/2300 2253/2253/2253 2302/2302/2302
f 2300/2300/2300 2252/2252/2252 2253/2253/2253
f 2302/2302/2302 2254/2254/2254 2304/2304/2304
f 2302/2302/2302 2253/2253/2253 2254/2254/2254
f 2304/2304/2304 2256/2256/2256 2307/2307/2307
f 2304/2304/2304 2254/2254/2254 2256/2256/2256
f 2306/2306/2306 2257/2257/2257 2310/2310/2310
f 2306/2306/2306 2255/2255/2255 2257/2257/2257
f 2310/2310/2310 2258/2258/2258 2312/2312/2312
f 2310/2310/2310 2257/2257/2257 2258/2258/2258
f 2312/2312/2312 2248/2248/2248 2293/2293/2293
f 2312/2312/2312 2258/2258/2258 2248/2248/2248
f 2335/2335/2335 2336/2336/2336 2346/2346/2346
f 2335/2335/2335 2325/2325/2325 2336/2336/2336
f 2356/2356/2356 2367/2367/2367 2366/2366/2366
f 2356/2356/2356 2357/2357/2357 2367/2367/2367
f 2259/2259/2259 2337/2337/2337 2264/2264/2264
f 2259/2259/2259 2336/2336/2336 2337/2337/2337
f 2324/2324/2324 2261/2261/2261 2314/2314/2314
f 2324/2324/2324 2289/2289/2289 2261/2261/2261
f 2334/2334/2334 2346/2346/2346 2345/2345/2345
f 2334/2334/2334 2335/2335/2335 2346/2346/2346
f 2357/2357/2357 2259/2259/2259 2347/2347/2347
f 2357/2357/2357 2291/2291/2291 2259/2259/2259
f 2354/2354/2354 2366/2366/2366 2364/2364/2364
f 2354/2354/2354 2356/2356/2356 2366/2366/2366
f 2335/2335/2335 2260/2260/2260 2325/2325/2325
f 2335/2335/2335 2290/2290/2290 2260/2260/2260
f 2323/2323/2323 2289/2289/2289 2324/2324/2324
f 2323/2323/2323 2286/2286/2286 2289/2289/2289
f 2332/2332/2332 2345/2345/2345 2343/2343/2343
f 2332/2332/2332 2334/2334/2334 2345/2345/2345
f 2356/2356/2356 2291/2291/2291 2357/2357/2357
f 2356/2356/2356 2288/2288/2288 2291/2291/2291
f 2353/2353/2353 2365/2365/2365 2363/2363/2363
f 2353/2353/2353 2355/2355/2355 2365/2365/2365
f 2334/2334/2334 2290/2290/2290 2335/2335/2335
f 2334/2334/2334 2287/2287/2287 2290/2290/2290
f 2321/2321/2321 2286/2286/2286 2323/2323/2323
f 2321/2321/2321 2280/2280/2280 2286/2286/2286
f 2331/2331/2331 2344/2344/2344 2342/2342/2342
f 2331/2331/2331 2333/2333/2333 2344/2344/2344
f 2354/2354/2354 2288/2288/2288 2356/2356/2356
f 2354/2354/2354 2284/2284/2284 2288/2288/2288
f 2352/2352/2352 2363/2363/2363 2362/2362/2362
f 2352/2352/2352 2353/2353/2353 2363/2363/2363
f 2332/2332/2332 2287/2287/2287 2334/2334/2334
f 2332/2332/2332 2282/2282/2282 2287/2287/2287
f 2320/2320/2320 2281/2281/2281 2322/2322/2322
f 2320/2320/2320 2277/2277/2277 2281/2281/2281
f 2330/2330/2330 2342/2342/2342 2341/2341/2341
f 2330/2330/2330 2331/2331/2331 2342/2342/2342
f 2353/2353/2353 2285/2285/2285 2355/2355/2355
f 2353/2353/2353 2279/2279/2279 2285/2285/2285
f 2351/2351/2351 2362/2362/2362 2361/2361/2361
f 2351/2351/2351 2352/2352/2352 2362/2362/2362
f 2331/2331/2331 2283/2283/2283 2333/2333/2333
f 2331/2331/2331 2278/2278/2278 2283/2283/2283
f 2319/2319/2319 2277/2277/2277 2320/2320/2320
f 2319/2319/2319 2274/2274/2274 2277/2277/2277
f 2329/2329/2329 2341/2341/2341 2340/2340/2340
f 2329/2329/2329 2330/2330/2330 2341/2341/2341
f 2352/2352/2352 2279/2279/2279 2353/2353/2353
f 2352/2352/2352 2276/2276/2276 2279/2279/2279
f 2350/2350/2350 2361/2361/2361 2360/2360/2360
f 2350/2350/2350 2351/2351/2351 2361/2361/2361
f 2330/2330/2330 2278/2278/2278 2331/2331/2331
f 2330/2330/2330 2275/2275/2275 2278/2278/2278
f 2318/2318/2318 2274/2274/2274 2319/2319/2319
f 2318/2318/2318 2271/2271/2271 2274/2274/2274
f 2328/2328/2328 2340/2340/2340 2339/2339/2339
f 2328/2328/2328 2329/2329/2329 2340/2340/2340
f 2351/2351/2351 2276/2276/2276 2352/2352/2352
f 2351/2351/2351 2273/2273/2273 2276/2276/2276
f 2349/2349/2349 2360/2360/2360 2359/2359/2359
f 2349/2349/2349 2350/2350/2350 2360/2360/2360
f 2329/2329/2329 2275/2275/2275 2330/2330/2330
f 2329/2329/2329 2272/2272/2272 2275/2275/2275
f 2317/2317/2317 2271/2271/2271 2318/2318/2318
f 2317/2317/2317 2268/2268/2268 2271/2271/2271
f 2327/2327/2327 2339/2339/2339 2338/2338/2338
f 2327/2327/2327 2328/2328/2328 2339/2339/2339
f 2350/2350/2350 2273/2273/2273 2351/2351/2351
f 2350/2350/2350 2270/2270/2270 2273/2273/2273
f 2348/2348/2348 2359/2359/2359 2358/2358/2358
f 2348/2348/2348 2349/2349/2349 2359/2359/2359
f 2328/2328/2328 2272/2272/2272 2329/2329/2329
f 2328/2328/2328 2269/2269/2269 2272/2272/2272
f 2316/2316/2316 2268/2268/2268 2317/2317/2317
f 2316/2316/2316 2265/2265/2265 2268/2268/2268
f 2326/2326/2326 2338/2338/2338 2337/2337/2337
f 2326/2326/2326 2327/2327/2327 2338/2338/2338
f 2349/2349/2349 2270/2270/2270 2350/2350/2350
f 2349/2349/2349 2267/2267/2267 2270/2270/2270
f 2368/2368/2368 2348/2348/2348 2358/2358/2358
f 2368/2368/2368 2347/2347/2347 2348/2348/2348
f 2327/2327/2327 2269/2269/2269 2328/2328/2328
f 2327/2327/2327 2266/2266/2266 2269/2269/2269
f 2315/2315/2315 2265/2265/2265 2316/2316/2316
f 2315/2315/2315 2262/2262/2262 2265/2265/2265
f 2336/2336/2336 2326/2326/2326 2337/2337/2337
f 2336/2336/2336 2325/2325/2325 2326/2326/2326
f 2348/2348/2348 2267/2267/2267 2349/2349/2349
f 2348/2348/2348 2264/2264/2264 2267/2267/2267
f 2260/2260/2260 2315/2315/2315 2263/2263/2263
f 2260/2260/2260 2314/2314/2314 2315/2315/2315
f 2326/2326/2326 2266/2266/2266 2327/2327/2327
f 2326/2326/2326 2263/2263/2263 2266/2266/2266
f 2314/2314/2314 2262/2262/2262 2315/2315/2315
f 2314/2314/2314 2261/2261/2261 2262/2262/2262
f 2289/2289/2289 2292/2292/2292 2261/2261/2261
f 2289/2289/2289 2313/2313/2313 2292/2292/2292
f 2313/2313/2313 2293/2293/2293 2292/2292/2292
f 2313/2313/2313 2312/2312/2312 2293/2293/2293
f 2286/2286/2286 2313/2313/2313 2289/2289/2289
f 2286/2286/2286 2311/2311/2311 2313/2313/2313
f 2311/2311/2311 2312/2312/2312 2313/2313/2313
f 2311/2311/2311 2310/2310/2310 2312/2312/2312
f 2280/2280/2280 2311/2311/2311 2286/2286/2286
f 2280/2280/2280 2308/2308/2308 2311/2311/2311
f 2308/2308/2308 2310/2310/2310 2311/2311/2311
f 2308/2308/2308 2306/2306/2306 2310/2310/2310
f 2277/2277/2277 2309/2309/2309 2281/2281/2281
f 2277/2277/2277 2305/2305/2305 2309/2309/2309
f 2305/2305/2305 2307/2307/2307 2309/2309/2309
f 2305/2305/2305 2304/2304/2304 2307/2307/2307
f 2274/2274/2274 2305/2305/2305 2277/2277/2277
f 2274/2274/2274 2303/2303/2303 2305/2305/2305
f 2303/2303/2303 2304/2304/2304 2305/2305/2305
f 2303/2303/2303 2302/2302/2302 2304/2304/2304
f 2271/2271/2271 2303/2303/2303 2274/2274/2274
f 2271/2271/2271 2301/2301/2301 2303/2303/2303
f 2301/2301/2301 2302/2302/2302 2303/2303/2303
f 2301/2301/2301 2300/2300/2300 2302/2302/2302
f 2268/2268/2268 2301/2301/2301 2271/2271/2271
f 2268/2268/2268 2299/2299/2299 2301/2301/2301
f 2299/2299/2299 2300/2300/2300 2301/2301/2301
f 2299/2299/2299 2298/2298/2298 2300/2300/2300
f 2265/2265/2265 2299/2299/2299 2268/2268/2268
f 2265/2265/2265 2297/2297/2297 2299/2299/2299
f 2297/2297/2297 2298/2298/2298 2299/2299/2299
f 2297/2297/2297 2296/2296/2296 2298/2298/2298
f 2262/2262/2262 2297/2297/2297 2265/2265/2265
f 2262/2262/2262 2295/2295/2295 2297/2297/2297
f 2295/2295/2295 2296/2296/2296 2297/2297/2297
f 2295/2295/2295 2294/2294/2294 2296/2296/2296
f 2261/2261/2261 2295/2295/2295 2262/2262/2262
f 2261/2261/2261 2292/2292/2292 2295/2295/2295
f 2292/2292/2292 2294/2294/2294 2295/2295/2295
f 2292/2292/2292 2293/2293/2293 2294/2294/2294
f 2263/2263/2263 2316/2316/2316 2266/2266/2266
f 2263/2263/2263 2315/2315/2315 2316/2316/2316
f 2266/2266/2266 2317/2317/2317 2269/2269/2269
f 2266/2266/2266 2316/2316/2316 2317/2317/2317
f 2269/2269/2269 2318/2318/2318 2272/2272/2272
f 2269/2269/2269 2317/2317/2317 2318/2318/2318
f 2272/2272/2272 2319/2319/2319 2275/2275/2275
f 2272/2272/2272 2318/2318/2318 2319/2319/2319
f 2275/2275/2275 2320/2320/2320 2278/2278/2278
f 2275/2275/2275 2319/2319/2319 2320/2320/2320
f 2278/2278/2278 2322/2322/2322 2283/2283/2283
f 2278/2278/2278 2320/2320/2320 2322/2322/2322
f 2282/2282/2282 2323/2323/2323 2287/2287/2287
f 2282/2282/2282 2321/2321/2321 2323/2323/2323
f 2287/2287/2287 2324/2324/2324 2290/2290/2290
f 2287/2287/2287 2323/2323/2323 2324/2324/2324
f 2290/2290/2290 2314/2314/2314 2260/2260/2260
f 2290/2290/2290 2324/2324/2324 2314/2314/2314
f 2325/2325/2325 2263/2263/2263 2326/2326/2326
f 2325/2325/2325 2260/2260/2260 2263/2263/2263
f 2264/2264/2264 2338/2338/2338 2267/2267/2267
f 2264/2264/2264 2337/2337/2337 2338/2338/2338
f 2267/2267/2267 2339/2339/2339 2270/2270/2270
f 2267/2267/2267 2338/2338/2338 2339/2339/2339
f 2270/2270/2270 2340/2340/2340 2273/2273/2273
f 2270/2270/2270 2339/2339/2339 2340/2340/2340
f 2273/2273/2273 2341/2341/2341 2276/2276/2276
f 2273/2273/2273 2340/2340/2340 2341/2341/2341
f 2276/2276/2276 2342/2342/2342 2279/2279/2279
f 2276/2276/2276 2341/2341/2341 2342/2342/2342
f 2279/2279/2279 2344/2344/2344 2285/2285/2285
f 2279/2279/2279 2342/2342/2342 2344/2344/2344
f 2284/2284/2284 2345/2345/2345 2288/2288/2288
f 2284/2284/2284 2343/2343/2343 2345/2345/2345
f 2288/2288/2288 2346/2346/2346 2291/2291/2291
f 2288/2288/2288 2345/2345/2345 2346/2346/2346
f 2291/2291/2291 2336/2336/2336 2259/2259/2259
f 2291/2291/2291 2346/2346/2346 2336/2336/2336
f 2347/2347/2347 2264/2264/2264 2348/2348/2348
f 2347/2347/2347 2259/2259/2259 2264/2264/2264
f 2193/2193/2193 2358/2358/2358 2194/2194/2194
f 2193/2193/2193 2368/2368/2368 2358/2358/2358
f 2194/2194/2194 2359/2359/2359 2195/2195/2195
f 2194/2194/2194 2358/2358/2358 2359/2359/2359
f 2195/2195/2195 2360/2360/2360 2196/2196/2196
f 2195/2195/2195 2359/2359/2359 2360/2360/2360
f 2196/2196/2196 2361/2361/2361 2197/2197/2197
f 2196/2196/2196 2360/2360/2360 2361/2361/2361
f 2197/2197/2197 2362/2362/2362 2198/2198/2198
f 2197/2197/2197 2361/2361/2361 2362/2362/2362
f 2198/2198/2198 2363/2363/2363 2199/2199/2199
f 2198/2198/2198 2362/2362/2362 2363/2363/2363
f 2199/2199/2199 2365/2365/2365 2201/2201/2201
f 2199/2199/2199 2363/2363/2363 2365/2365/2365
f 2200/2200/2200 2366/2366/2366 2202/2202/2202
f 2200/2200/2200 2364/2364/2364 2366/2366/2366
f 2202/2202/2202 2367/2367/2367 2203/2203/2203
f 2202/2202/2202 2366/2366/2366 2367/2367/2367
f 2203/2203/2203 2368/2368/2368 2193/2193/2193
f 2203/2203/2203 2367/2367/2367 2368/2368/2368
f 2440/2440/2440 2417/2417/2417 2441/2441/2441
f 2440/2440/2440 2418/2418/2418 2417/2417/2417
f 2442/2442/2442 2414/2414/2414 2444/2444/2444
f 2442/2442/2442 2415/2415/2415 2414/2414/2414
f 2445/2445/2445 2423/2423/2423 2435/2435/2435
f 2445/2445/2445 2413/2413/2413 2423/2423/2423
f 2435/2435/2435 2422/2422/2422 2436/2436/2436
f 2435/2435/2435 2423/2423/2423 2422/2422/2422
f 2444/2444/2444 2455/2455/2455 2454/2454/2454
f 2444/2444/2444 2445/2445/2445 2455/2455/2455
f 2433/2433/2433 2413/2413/2413 2414/2414/2414
f 2433/2433/2433 2434/2434/2434 2413/2413/2413
f 2394/2394/2394 2369/2369/2369 2372/2372/2372
f 2394/2394/2394 2391/2391/2391 2369/2369/2369
f 2436/2436/2436 2421/2421/2421 2437/2437/2437
f 2436/2436/2436 2422/2422/2422 2421/2421/2421
f 2442/2442/2442 2454/2454/2454 2452/2452/2452
f 2442/2442/2442 2444/2444/2444 2454/2454/2454
f 2431/2431/2431 2414/2414/2414 2415/2415/2415
f 2431/2431/2431 2433/2433/2433 2414/2414/2414
f 2396/2396/2396 2372/2372/2372 2374/2374/2374
f 2396/2396/2396 2394/2394/2394 2372/2372/2372
f 2389/2389/2389 2502/2502/2502 2370/2370/2370
f 2389/2389/2389 2512/2512/2512 2502/2502/2502
f 2441/2441/2441 2453/2453/2453 2451/2451/2451
f 2441/2441/2441 2443/2443/2443 2453/2453/2453
f 2430/2430/2430 2416/2416/2416 2417/2417/2417
f 2430/2430/2430 2432/2432/2432 2416/2416/2416
f 2400/2400/2400 2375/2375/2375 2377/2377/2377
f 2400/2400/2400 2397/2397/2397 2375/2375/2375
f 2387/2387/2387 2512/2512/2512 2389/2389/2389
f 2387/2387/2387 2511/2511/2511 2512/2512/2512
f 2440/2440/2440 2451/2451/2451 2450/2450/2450
f 2440/2440/2440 2441/2441/2441 2451/2451/2451
f 2429/2429/2429 2417/2417/2417 2418/2418/2418
f 2429/2429/2429 2430/2430/2430 2417/2417/2417
f 2402/2402/2402 2377/2377/2377 2379/2379/2379
f 2402/2402/2402 2400/2400/2400 2377/2377/2377
f 2384/2384/2384 2511/2511/2511 2387/2387/2387
f 2384/2384/2384 2509/2509/2509 2511/2511/2511
f 2439/2439/2439 2450/2450/2450 2449/2449/2449
f 2439/2439/2439 2440/2440/2440 2450/2450/2450
f 2428/2428/2428 2418/2418/2418 2419/2419/2419
f 2428/2428/2428 2429/2429/2429 2418/2418/2418
f 2404/2404/2404 2379/2379/2379 2381/2381/2381
f 2404/2404/2404 2402/2402/2402 2379/2379/2379
f 2382/2382/2382 2510/2510/2510 2385/2385/2385
f 2382/2382/2382 2508/2508/2508 2510/2510/2510
f 2438/2438/2438 2449/2449/2449 2448/2448/2448
f 2438/2438/2438 2439/2439/2439 2449/2449/2449
f 2427/2427/2427 2419/2419/2419 2420/2420/2420
f 2427/2427/2427 2428/2428/2428 2419/2419/2419
f 2406/2406/2406 2381/2381/2381 2383/2383/2383
f 2406/2406/2406 2404/2404/2404 2381/2381/2381
f 2380/2380/2380 2508/2508/2508 2382/2382/2382
f 2380/2380/2380 2507/2507/2507 2508/2508/2508
f 2437/2437/2437 2448/2448/2448 2447/2447/2447
f 2437/2437/2437 2438/2438/2438 2448/2448/2448
f 2426/2426/2426 2420/2420/2420 2421/2421/2421
f 2426/2426/2426 2427/2427/2427 2420/2420/2420
f 2408/2408/2408 2383/2383/2383 2386/2386/2386
f 2408/2408/2408 2406/2406/2406 2383/2383/2383
f 2378/2378/2378 2507/2507/2507 2380/2380/2380
f 2378/2378/2378 2506/2506/2506 2507/2507/2507
f 2436/2436/2436 2447/2447/2447 2446/2446/2446
f 2436/2436/2436 2437/2437/2437 2447/2447/2447
f 2425/2425/2425 2421/2421/2421 2422/2422/2422
f 2425/2425/2425 2426/2426/2426 2421/2421/2421
f 2410/2410/2410 2386/2386/2386 2388/2388/2388
f 2410/2410/2410 2408/2408/2408 2386/2386/2386
f 2376/2376/2376 2506/2506/2506 2378/2378/2378
f 2376/2376/2376 2505/2505/2505 2506/2506/2506
f 2456/2456/2456 2436/2436/2436 2446/2446/2446
f 2456/2456/2456 2435/2435/2435 2436/2436/2436
f 2423/2423/2423 2425/2425/2425 2422/2422/2422
f 2423/2423/2423 2424/2424/2424 2425/2425/2425
f 2390/2390/2390 2410/2410/2410 2388/2388/2388
f 2390/2390/2390 2412/2412/2412 2410/2410/2410
f 2373/2373/2373 2505/2505/2505 2376/2376/2376
f 2373/2373/2373 2504/2504/2504 2505/2505/2505
f 2425/2425/2425 2386/2386/2386 2426/2426/2426
f 2425/2425/2425 2388/2388/2388 2386/2386/2386
f 2424/2424/2424 2388/2388/2388 2425/2425/2425
f 2424/2424/2424 2390/2390/2390 2388/2388/2388
f 2371/2371/2371 2504/2504/2504 2373/2373/2373
f 2371/2371/2371 2503/2503/2503 2504/2504/2504
f 2393/2393/2393 2501/2501/2501 2392/2392/2392
f 2393/2393/2393 2500/2500/2500 2501/2501/2501
f 2512/2512/2512 2392/2392/2392 2502/2502/2502
f 2512/2512/2512 2393/2393/2393 2392/2392/2392
f 2395/2395/2395 2500/2500/2500 2393/2393/2393
f 2395/2395/2395 2499/2499/2499 2500/2500/2500
f 2511/2511/2511 2393/2393/2393 2512/2512/2512
f 2511/2511/2511 2395/2395/2395 2393/2393/2393
f 2398/2398/2398 2499/2499/2499 2395/2395/2395
f 2398/2398/2398 2497/2497/2497 2499/2499/2499
f 2509/2509/2509 2395/2395/2395 2511/2511/2511
f 2509/2509/2509 2398/2398/2398 2395/2395/2395
f 2401/2401/2401 2498/2498/2498 2399/2399/2399
f 2401/2401/2401 2496/2496/2496 2498/2498/2498
f 2508/2508/2508 2399/2399/2399 2510/2510/2510
f 2508/2508/2508 2401/2401/2401 2399/2399/2399
f 2403/2403/2403 2496/2496/2496 2401/2401/2401
f 2403/2403/2403 2495/2495/2495 2496/2496/2496
f 2507/2507/2507 2401/2401/2401 2508/2508/2508
f 2507/2507/2507 2403/2403/2403 2401/2401/2401
f 2405/2405/2405 2495/2495/2495 2403/2403/2403
f 2405/2405/2405 2494/2494/2494 2495/2495/2495
f 2506/2506/2506 2403/2403/2403 2507/2507/2507
f 2506/2506/2506 2405/2405/2405 2403/2403/2403
f 2407/2407/2407 2494/2494/2494 2405/2405/2405
f 2407/2407/2407 2493/2493/2493 2494/2494/2494
f 2505/2505/2505 2405/2405/2405 2506/2506/2506
f 2505/2505/2505 2407/2407/2407 2405/2405/2405
f 2409/2409/2409 2493/2493/2493 2407/2407/2407
f 2409/2409/2409 2492/2492/2492 2493/2493/2493
f 2504/2504/2504 2407/2407/2407 2505/2505/2505
f 2504/2504/2504 2409/2409/2409 2407/2407/2407
f 2411/2411/2411 2492/2492/2492 2409/2409/2409
f 2411/2411/2411 2491/2491/2491 2492/2492/2492
f 2503/2503/2503 2409/2409/2409 2504/2504/2504
f 2503/2503/2503 2411/2411/2411 2409/2409/2409
f 2438/2438/2438 2419/2419/2419 2439/2439/2439
f 2438/2438/2438 2420/2420/2420 2419/2419/2419
f 2502/2502/2502 2411/2411/2411 2503/2503/2503
f 2502/2502/2502 2392/2392/2392 2411/2411/2411
f 2412/2412/2412 2371/2371/2371 2410/2410/2410
f 2412/2412/2412 2370/2370/2370 2371/2371/2371
f 2410/2410/2410 2373/2373/2373 2408/2408/2408
f 2410/2410/2410 2371/2371/2371 2373/2373/2373
f 2408/2408/2408 2376/2376/2376 2406/2406/2406
f 2408/2408/2408 2373/2373/2373 2376/2376/2376
f 2406/2406/2406 2378/2378/2378 2404/2404/2404
f 2406/2406/2406 2376/2376/2376 2378/2378/2378
f 2404/2404/2404 2380/2380/2380 2402/2402/2402
f 2404/2404/2404 2378/2378/2378 2380/2380/2380
f 2402/2402/2402 2382/2382/2382 2400/2400/2400
f 2402/2402/2402 2380/2380/2380 2382/2382/2382
f 2434/2434/2434 2423/2423/2423 2413/2413/2413
f 2434/2434/2434 2424/2424/2424 2423/2423/2423
f 2400/2400/2400 2385/2385/2385 2397/2397/2397
f 2400/2400/2400 2382/2382/2382 2385/2385/2385
f 2444/2444/2444 2413/2413/2413 2445/2445/2445
f 2444/2444/2444 2414/2414/2414 2413/2413/2413
f 2396/2396/2396 2387/2387/2387 2394/2394/2394
f 2396/2396/2396 2384/2384/2384 2387/2387/2387
f 2441/2441/2441 2416/2416/2416 2443/2443/2443
f 2441/2441/2441 2417/2417/2417 2416/2416/2416
f 2394/2394/2394 2389/2389/2389 2391/2391/2391
f 2394/2394/2394 2387/2387/2387 2389/2389/2389
f 2439/2439/2439 2418/2418/2418 2440/2440/2440
f 2439/2439/2439 2419/2419/2419 2418/2418/2418
f 2391/2391/2391 2370/2370/2370 2412/2412/2412
f 2391/2391/2391 2389/2389/2389 2370/2370/2370
f 2437/2437/2437 2420/2420/2420 2438/2438/2438
f 2437/2437/2437 2421/2421/2421 2420/2420/2420
f 2426/2426/2426 2383/2383/2383 2427/2427/2427
f 2426/2426/2426 2386/2386/2386 2383/2383/2383
f 2427/2427/2427 2381/2381/2381 2428/2428/2428
f 2427/2427/2427 2383/2383/2383 2381/2381/2381
f 2428/2428/2428 2379/2379/2379 2429/2429/2429
f 2428/2428/2428 2381/2381/2381 2379/2379/2379
f 2429/2429/2429 2377/2377/2377 2430/2430/2430
f 2429/2429/2429 2379/2379/2379 2377/2377/2377
f 2430/2430/2430 2375/2375/2375 2432/2432/2432
f 2430/2430/2430 2377/2377/2377 2375/2375/2375
f 2431/2431/2431 2372/2372/2372 2433/2433/2433
f 2431/2431/2431 2374/2374/2374 2372/2372/2372
f 2433/2433/2433 2369/2369/2369 2434/2434/2434
f 2433/2433/2433 2372/2372/2372 2369/2369/2369
f 2434/2434/2434 2390/2390/2390 2424/2424/2424
f 2434/2434/2434 2369/2369/2369 2390/2390/2390
f 2445/2445/2445 2456/2456/2456 2455/2455/2455
f 2445/2445/2445 2435/2435/2435 2456/2456/2456
f 2391/2391/2391 2390/2390/2390 2369/2369/2369
f 2391/2391/2391 2412/2412/2412 2390/2390/2390
f 2248/2248/2248 2446/2446/2446 2249/2249/2249
f 2248/2248/2248 2456/2456/2456 2446/2446/2446
f 2249/2249/2249 2447/2447/2447 2250/2250/2250
f 2249/2249/2249 2446/2446/2446 2447/2447/2447
f 2250/2250/2250 2448/2448/2448 2251/2251/2251
f 2250/2250/2250 2447/2447/2447 2448/2448/2448
f 2251/2251/2251 2449/2449/2449 2252/2252/2252
f 2251/2251/2251 2448/2448/2448 2449/2449/2449
f 2252/2252/2252 2450/2450/2450 2253/2253/2253
f 2252/2252/2252 2449/2449/2449 2450/2450/2450
f 2253/2253/2253 2451/2451/2451 2254/2254/2254
f 2253/2253/2253 2450/2450/2450 2451/2451/2451
f 2254/2254/2254 2453/2453/2453 2256/2256/2256
f 2254/2254/2254 2451/2451/2451 2453/2453/2453
f 2255/2255/2255 2454/2454/2454 2257/2257/2257
f 2255/2255/2255 2452/2452/2452 2454/2454/2454
f 2257/2257/2257 2455/2455/2455 2258/2258/2258
f 2257/2257/2257 2454/2454/2454 2455/2455/2455
f 2258/2258/2258 2456/2456/2456 2248/2248/2248
f 2258/2258/2258 2455/2455/2455 2456/2456/2456
f 2480/2480/2480 2462/2462/2462 2481/2481/2481
f 2480/2480/2480 2460/2460/2460 2462/2462/2462
f 2461/2461/2461 2459/2459/2459 2457/2457/2457
f 2461/2461/2461 2457/2457/2457 2463/2463/2463
f 2467/2467/2467 2458/2458/2458 2469/2469/2469
f 2471/2471/2471 2458/2458/2458 2473/2473/2473
f 2478/2478/2478 2458/2458/2458 2457/2457/2457
f 2478/2478/2478 2476/2476/2476 2458/2458/2458
f 2459/2459/2459 2478/2478/2478 2457/2457/2457
f 2458/2458/2458 2471/2471/2471 2469/2469/2469
f 2457/2457/2457 2465/2465/2465 2463/2463/2463
f 2457/2457/2457 2467/2467/2467 2465/2465/2465
f 2457/2457/2457 2458/2458/2458 2467/2467/2467
f 2458/2458/2458 2476/2476/2476 2473/2473/2473
f 2462/2462/2462 2482/2482/2482 2481/2481/2481
f 2462/2462/2462 2464/2464/2464 2482/2482/2482
f 2464/2464/2464 2483/2483/2483 2482/2482/2482
f 2464/2464/2464 2466/2466/2466 2483/2483/2483
f 2466/2466/2466 2484/2484/2484 2483/2483/2483
f 2466/2466/2466 2468/2468/2468 2484/2484/2484
f 2468/2468/2468 2485/2485/2485 2484/2484/2484
f 2468/2468/2468 2470/2470/2470 2485/2485/2485
f 2470/2470/2470 2486/2486/2486 2485/2485/2485
f 2470/2470/2470 2472/2472/2472 2486/2486/2486
f 2472/2472/2472 2488/2488/2488 2486/2486/2486
f 2472/2472/2472 2475/2475/2475 2488/2488/2488
f 2474/2474/2474 2489/2489/2489 2487/2487/2487
f 2474/2474/2474 2477/2477/2477 2489/2489/2489
f 2477/2477/2477 2490/2490/2490 2489/2489/2489
f 2477/2477/2477 2479/2479/2479 2490/2490/2490
f 2479/2479/2479 2480/2480/2480 2490/2490/2490
f 2479/2479/2479 2460/2460/2460 2480/2480/2480
f 2501/2501/2501 2481/2481/2481 2491/2491/2491
f 2501/2501/2501 2480/2480/2480 2481/2481/2481
f 2481/2481/2481 2492/2492/2492 2491/2491/2491
f 2481/2481/2481 2482/2482/2482 2492/2492/2492
f 2482/2482/2482 2493/2493/2493 2492/2492/2492
f 2482/2482/2482 2483/2483/2483 2493/2493/2493
f 2483/2483/2483 2494/2494/2494 2493/2493/2493
f 2483/2483/2483 2484/2484/2484 2494/2494/2494
f 2484/2484/2484 2495/2495/2495 2494/2494/2494
f 2484/2484/2484 2485/2485/2485 2495/2495/2495
f 2485/2485/2485 2496/2496/2496 2495/2495/2495
f 2485/2485/2485 2486/2486/2486 2496/2496/2496
f 2486/2486/2486 2498/2498/2498 2496/2496/2496
f 2486/2486/2486 2488/2488/2488 2498/2498/2498
f 2487/2487/2487 2499/2499/2499 2497/2497/2497
f 2487/2487/2487 2489/2489/2489 2499/2499/2499
f 2489/2489/2489 2500/2500/2500 2499/2499/2499
f 2489/2489/2489 2490/2490/2490 2500/2500/2500
f 2490/2490/2490 2501/2501/2501 2500/2500/2500
f 2490/2490/2490 2480/2480/2480 2501/2501/2501
f 2370/2370/2370 2503/2503/2503 2371/2371/2371
f 2370/2370/2370 2502/2502/2502 2503/2503/2503
f 1978/1978/1978 1966/1966/1966 1980/1980/1980
f 1978/1978/1978 1967/1967/1967 1966/1966/1966
f 1979/1979/1979 1964/1964/1964 1981/1981/1981
f 1979/1979/1979 1965/1965/1965 1964/1964/1964
f 1981/1981/1981 1963/1963/1963 1982/1982/1982
f 1981/1981/1981 1964/1964/1964 1963/1963/1963
f 1982/1982/1982 1962/1962/1962 1983/1983/1983
f 1982/1982/1982 1963/1963/1963 1962/1962/1962
f 1962/1962/1962 2514/2514/2514 1972/1972/1972
f 1962/1962/1962 2513/2513/2513 2514/2514/2514
f 1796/1796/1796 1798/1798/1798 1817/1817/1817
f 1796/1796/1796 1786/1786/1786 1798/1798/1798
f 1840/1840/1840 2524/2524/2524 2534/2534/2534
f 1840/1840/1840 1819/1819/1819 2524/2524/2524
f 1774/1774/1774 2524/2524/2524 1755/1755/1755
f 1774/1774/1774 2534/2534/2534 2524/2524/2524
f 2357/2357/2357 2368/2368/2368 2367/2367/2367
f 2357/2357/2357 2347/2347/2347 2368/2368/2368
f 2555/2555/2555 2160/2160/2160 2170/2170/2170
f 2555/2555/2555 2556/2556/2556 2160/2160/2160
f 2038/2038/2038 2039/2039/2039 2049/2049/2049
f 2038/2038/2038 2028/2028/2028 2039/2039/2039
f 1917/1917/1917 1919/1919/1919 1938/1938/1938
f 1917/1917/1917 1896/1896/1896 1919/1919/1919
f 2569/2569/2569 935/935/935 933/933/933
f 2568/2568/2568 941/941/941 939/939/939
f 2568/2568/2568 937/937/937 2569/2569/2569
f 2568/2568/2568 939/939/939 937/937/937
f 948/948/948 2569/2569/2569 929/929/929
f 948/948/948 2568/2568/2568 2569/2569/2569
f 946/946/946 2568/2568/2568 948/948/948
f 931/931/931 2569/2569/2569 933/933/933
f 943/943/943 941/941/941 2568/2568/2568
f 943/943/943 2568/2568/2568 946/946/946
f 929/929/929 2569/2569/2569 931/931/931
f 937/937/937 935/935/935 2569/2569/2569
f 2571/2571/2571 1760/1760/1760 1762/1762/1762
f 2570/2570/2570 1766/1766/1766 1768/1768/1768
f 2571/2571/2571 1764/1764/1764 2570/2570/2570
f 2571/2571/2571 1762/1762/1762 1764/1764/1764
f 1754/1754/1754 2570/2570/2570 1773/1773/1773
f 1754/1754/1754 2571/2571/2571 2570/2570/2570
f 1771/1771/1771 2570/2570/2570 1768/1768/1768
f 2571/2571/2571 1756/1756/1756 1758/1758/1758
f 1758/1758/1758 1760/1760/1760 2571/2571/2571
f 1754/1754/1754 1756/1756/1756 2571/2571/2571
f 1764/1764/1764 1766/1766/1766 2570/2570/2570
f 1773/1773/1773 2570/2570/2570 1771/1771/1771
f 2576/2576/2576 2708/2708/2708 2706/2706/2706
f 2576/2576/2576 2591/2591/2591 2708/2708/2708
f 2582/2582/2582 2688/2688/2688 2690/2690/2690
f 2582/2582/2582 2581/2581/2581 2688/2688/2688
f 2580/2580/2580 2690/2690/2690 2686/2686/2686
f 2580/2580/2580 2582/2582/2582 2690/2690/2690
f 2592/2592/2592 2710/2710/2710 2712/2712/2712
f 2592/2592/2592 2590/2590/2590 2710/2710/2710
f 2581/2581/2581 2692/2692/2692 2688/2688/2688
f 2581/2581/2581 2583/2583/2583 2692/2692/2692
f 2590/2590/2590 2714/2714/2714 2710/2710/2710
f 2590/2590/2590 2593/2593/2593 2714/2714/2714
f 2593/2593/2593 2704/2704/2704 2714/2714/2714
f 2593/2593/2593 2589/2589/2589 2704/2704/2704
f 2585/2585/2585 2694/2694/2694 2696/2696/2696
f 2585/2585/2585 2584/2584/2584 2694/2694/2694
f 2591/2591/2591 2712/2712/2712 2708/2708/2708
f 2591/2591/2591 2592/2592/2592 2712/2712/2712
f 2573/2573/2573 2679/2679/2679 2675/2675/2675
f 2573/2573/2573 2575/2575/2575 2679/2679/2679
f 2594/2594/2594 2681/2681/2681 2716/2716/2716
f 2594/2594/2594 2577/2577/2577 2681/2681/2681
f 2586/2586/2586 2675/2675/2675 2698/2698/2698
f 2586/2586/2586 2573/2573/2573 2675/2675/2675
f 2584/2584/2584 2698/2698/2698 2694/2694/2694
f 2584/2584/2584 2586/2586/2586 2698/2698/2698
f 2588/2588/2588 2700/2700/2700 2702/2702/2702
f 2588/2588/2588 2587/2587/2587 2700/2700/2700
f 2577/2577/2577 2677/2677/2677 2681/2681/2681
f 2577/2577/2577 2574/2574/2574 2677/2677/2677
f 2575/2575/2575 2706/2706/2706 2679/2679/2679
f 2575/2575/2575 2576/2576/2576 2706/2706/2706
f 2589/2589/2589 2702/2702/2702 2704/2704/2704
f 2589/2589/2589 2588/2588/2588 2702/2702/2702
f 2572/2572/2572 2683/2683/2683 2673/2673/2673
f 2572/2572/2572 2578/2578/2578 2683/2683/2683
f 2583/2583/2583 2696/2696/2696 2692/2692/2692
f 2583/2583/2583 2585/2585/2585 2696/2696/2696
f 2579/2579/2579 2686/2686/2686 2684/2684/2684
f 2579/2579/2579 2580/2580/2580 2686/2686/2686
f 2587/2587/2587 2717/2717/2717 2700/2700/2700
f 2587/2587/2587 2595/2595/2595 2717/2717/2717
f 2611/2611/2611 2644/2644/2644 2609/2609/2609
f 2611/2611/2611 2647/2647/2647 2644/2644/2644
f 2608/2608/2608 2670/2670/2670 2621/2621/2621
f 2608/2608/2608 2642/2642/2642 2670/2670/2670
f 2619/2619/2619 2645/2645/2645 2610/2610/2610
f 2619/2619/2619 2668/2668/2668 2645/2645/2645
f 2612/2612/2612 2648/2648/2648 2614/2614/2614
f 2612/2612/2612 2650/2650/2650 2648/2648/2648
f 2597/2597/2597 2632/2632/2632 2599/2599/2599
f 2597/2597/2597 2635/2635/2635 2632/2632/2632
f 2604/2604/2604 2658/2658/2658 2615/2615/2615
f 2604/2604/2604 2636/2636/2636 2658/2658/2658
f 2616/2616/2616 2633/2633/2633 2596/2596/2596
f 2616/2616/2616 2652/2652/2652 2633/2633/2633
f 2602/2602/2602 2662/2662/2662 2618/2618/2618
f 2602/2602/2602 2624/2624/2624 2662/2662/2662
f 2607/2607/2607 2638/2638/2638 2605/2605/2605
f 2607/2607/2607 2641/2641/2641 2638/2638/2638
f 2622/2622/2622 2627/2627/2627 2600/2600/2600
f 2622/2622/2622 2664/2664/2664 2627/2627/2627
f 2621/2621/2621 2666/2666/2666 2623/2623/2623
f 2621/2621/2621 2670/2670/2670 2666/2666/2666
f 2623/2623/2623 2664/2664/2664 2622/2622/2622
f 2623/2623/2623 2666/2666/2666 2664/2664/2664
f 2618/2618/2618 2660/2660/2660 2620/2620/2620
f 2618/2618/2618 2662/2662/2662 2660/2660/2660
f 2614/2614/2614 2656/2656/2656 2613/2613/2613
f 2614/2614/2614 2648/2648/2648 2656/2656/2656
f 2615/2615/2615 2654/2654/2654 2617/2617/2617
f 2615/2615/2615 2658/2658/2658 2654/2654/2654
f 2617/2617/2617 2652/2652/2652 2616/2616/2616
f 2617/2617/2617 2654/2654/2654 2652/2652/2652
f 2598/2598/2598 2650/2650/2650 2612/2612/2612
f 2598/2598/2598 2630/2630/2630 2650/2650/2650
f 2620/2620/2620 2668/2668/2668 2619/2619/2619
f 2620/2620/2620 2660/2660/2660 2668/2668/2668
f 2613/2613/2613 2639/2639/2639 2606/2606/2606
f 2613/2613/2613 2656/2656/2656 2639/2639/2639
f 2646/2646/2646 2671/2671/2671 2643/2643/2643
f 2646/2646/2646 2669/2669/2669 2671/2671/2671
f 2653/2653/2653 2631/2631/2631 2634/2634/2634
f 2653/2653/2653 2651/2651/2651 2631/2631/2631
f 2665/2665/2665 2626/2626/2626 2629/2629/2629
f 2665/2665/2665 2663/2663/2663 2626/2626/2626
f 2640/2640/2640 2659/2659/2659 2637/2637/2637
f 2640/2640/2640 2657/2657/2657 2659/2659/2659
f 2651/2651/2651 2655/2655/2655 2649/2649/2649
f 2651/2651/2651 2653/2653/2653 2655/2655/2655
f 2649/2649/2649 2659/2659/2659 2657/2657/2657
f 2649/2649/2649 2655/2655/2655 2659/2659/2659
f 2663/2663/2663 2667/2667/2667 2661/2661/2661
f 2663/2663/2663 2665/2665/2665 2667/2667/2667
f 2661/2661/2661 2671/2671/2671 2669/2669/2669
f 2661/2661/2661 2667/2667/2667 2671/2671/2671
f 2601/2601/2601 2625/2625/2625 2603/2603/2603
f 2601/2601/2601 2628/2628/2628 2625/2625/2625
f 2676/2676/2676 2674/2674/2674 2678/2678/2678
f 2676/2676/2676 2672/2672/2672 2674/2674/2674
f 2697/2697/2697 2674/2674/2674 2672/2672/2672
f 2680/2680/2680 2705/2705/2705 2707/2707/2707
f 2678/2678/2678 2680/2680/2680 2676/2676/2676
f 2678/2678/2678 2705/2705/2705 2680/2680/2680
f 2574/2574/2574 2673/2673/2673 2677/2677/2677
f 2574/2574/2574 2572/2572/2572 2673/2673/2673
f 2680/2680/2680 2707/2707/2707 2711/2711/2711
f 2680/2680/2680 2711/2711/2711 2709/2709/2709
f 2680/2680/2680 2709/2709/2709 2713/2713/2713
f 2680/2680/2680 2713/2713/2713 2703/2703/2703
f 2680/2680/2680 2703/2703/2703 2701/2701/2701
f 2699/2699/2699 2680/2680/2680 2701/2701/2701
f 2715/2715/2715 2680/2680/2680 2699/2699/2699
f 2693/2693/2693 2697/2697/2697 2672/2672/2672
f 2695/2695/2695 2693/2693/2693 2672/2672/2672
f 2691/2691/2691 2695/2695/2695 2672/2672/2672
f 2687/2687/2687 2691/2691/2691 2672/2672/2672
f 2685/2685/2685 2672/2672/2672 2682/2682/2682
f 2687/2687/2687 2672/2672/2672 2689/2689/2689
f 2689/2689/2689 2672/2672/2672 2685/2685/2685
f 2722/2722/2722 2854/2854/2854 2737/2737/2737
f 2722/2722/2722 2852/2852/2852 2854/2854/2854
f 2728/2728/2728 2834/2834/2834 2727/2727/2727
f 2728/2728/2728 2836/2836/2836 2834/2834/2834
f 2726/2726/2726 2836/2836/2836 2728/2728/2728
f 2726/2726/2726 2832/2832/2832 2836/2836/2836
f 2738/2738/2738 2856/2856/2856 2736/2736/2736
f 2738/2738/2738 2858/2858/2858 2856/2856/2856
f 2727/2727/2727 2838/2838/2838 2729/2729/2729
f 2727/2727/2727 2834/2834/2834 2838/2838/2838
f 2736/2736/2736 2860/2860/2860 2739/2739/2739
f 2736/2736/2736 2856/2856/2856 2860/2860/2860
f 2739/2739/2739 2850/2850/2850 2735/2735/2735
f 2739/2739/2739 2860/2860/2860 2850/2850/2850
f 2731/2731/2731 2840/2840/2840 2730/2730/2730
f 2731/2731/2731 2842/2842/2842 2840/2840/2840
f 2737/2737/2737 2858/2858/2858 2738/2738/2738
f 2737/2737/2737 2854/2854/2854 2858/2858/2858
f 2719/2719/2719 2825/2825/2825 2721/2721/2721
f 2719/2719/2719 2821/2821/2821 2825/2825/2825
f 2741/2741/2741 2827/2827/2827 2723/2723/2723
f 2741/2741/2741 2863/2863/2863 2827/2827/2827
f 2732/2732/2732 2821/2821/2821 2719/2719/2719
f 2732/2732/2732 2844/2844/2844 2821/2821/2821
f 2730/2730/2730 2844/2844/2844 2732/2732/2732
f 2730/2730/2730 2840/2840/2840 2844/2844/2844
f 2734/2734/2734 2846/2846/2846 2733/2733/2733
f 2734/2734/2734 2848/2848/2848 2846/2846/2846
f 2723/2723/2723 2823/2823/2823 2720/2720/2720
f 2723/2723/2723 2827/2827/2827 2823/2823/2823
f 2721/2721/2721 2852/2852/2852 2722/2722/2722
f 2721/2721/2721 2825/2825/2825 2852/2852/2852
f 2735/2735/2735 2848/2848/2848 2734/2734/2734
f 2735/2735/2735 2850/2850/2850 2848/2848/2848
f 2718/2718/2718 2830/2830/2830 2725/2725/2725
f 2718/2718/2718 2819/2819/2819 2830/2830/2830
f 2729/2729/2729 2842/2842/2842 2731/2731/2731
f 2729/2729/2729 2838/2838/2838 2842/2842/2842
f 2724/2724/2724 2832/2832/2832 2726/2726/2726
f 2724/2724/2724 2829/2829/2829 2832/2832/2832
f 2733/2733/2733 2862/2862/2862 2740/2740/2740
f 2733/2733/2733 2846/2846/2846 2862/2862/2862
f 2757/2757/2757 2788/2788/2788 2792/2792/2792
f 2757/2757/2757 2754/2754/2754 2788/2788/2788
f 2755/2755/2755 2816/2816/2816 2790/2790/2790
f 2755/2755/2755 2767/2767/2767 2816/2816/2816
f 2765/2765/2765 2791/2791/2791 2814/2814/2814
f 2765/2765/2765 2756/2756/2756 2791/2791/2791
f 2758/2758/2758 2794/2794/2794 2796/2796/2796
f 2758/2758/2758 2760/2760/2760 2794/2794/2794
f 2743/2743/2743 2778/2778/2778 2781/2781/2781
f 2743/2743/2743 2745/2745/2745 2778/2778/2778
f 2750/2750/2750 2805/2805/2805 2783/2783/2783
f 2750/2750/2750 2761/2761/2761 2805/2805/2805
f 2762/2762/2762 2780/2780/2780 2799/2799/2799
f 2762/2762/2762 2742/2742/2742 2780/2780/2780
f 2748/2748/2748 2808/2808/2808 2770/2770/2770
f 2748/2748/2748 2764/2764/2764 2808/2808/2808
f 2753/2753/2753 2784/2784/2784 2787/2787/2787
f 2753/2753/2753 2751/2751/2751 2784/2784/2784
f 2768/2768/2768 2775/2775/2775 2810/2810/2810
f 2768/2768/2768 2747/2747/2747 2775/2775/2775
f 2767/2767/2767 2812/2812/2812 2816/2816/2816
f 2767/2767/2767 2769/2769/2769 2812/2812/2812
f 2769/2769/2769 2810/2810/2810 2812/2812/2812
f 2769/2769/2769 2768/2768/2768 2810/2810/2810
f 2764/2764/2764 2806/2806/2806 2808/2808/2808
f 2764/2764/2764 2766/2766/2766 2806/2806/2806
f 2760/2760/2760 2802/2802/2802 2794/2794/2794
f 2760/2760/2760 2759/2759/2759 2802/2802/2802
f 2761/2761/2761 2800/2800/2800 2805/2805/2805
f 2761/2761/2761 2763/2763/2763 2800/2800/2800
f 2763/2763/2763 2799/2799/2799 2800/2800/2800
f 2763/2763/2763 2762/2762/2762 2799/2799/2799
f 2744/2744/2744 2796/2796/2796 2776/2776/2776
f 2744/2744/2744 2758/2758/2758 2796/2796/2796
f 2766/2766/2766 2814/2814/2814 2806/2806/2806
f 2766/2766/2766 2765/2765/2765 2814/2814/2814
f 2759/2759/2759 2785/2785/2785 2802/2802/2802
f 2759/2759/2759 2752/2752/2752 2785/2785/2785
f 2793/2793/2793 2817/2817/2817 2815/2815/2815
f 2793/2793/2793 2789/2789/2789 2817/2817/2817
f 2798/2798/2798 2777/2777/2777 2797/2797/2797
f 2798/2798/2798 2779/2779/2779 2777/2777/2777
f 2811/2811/2811 2772/2772/2772 2809/2809/2809
f 2811/2811/2811 2774/2774/2774 2772/2772/2772
f 2786/2786/2786 2804/2804/2804 2803/2803/2803
f 2786/2786/2786 2782/2782/2782 2804/2804/2804
f 2797/2797/2797 2801/2801/2801 2798/2798/2798
f 2797/2797/2797 2795/2795/2795 2801/2801/2801
f 2795/2795/2795 2804/2804/2804 2801/2801/2801
f 2795/2795/2795 2803/2803/2803 2804/2804/2804
f 2809/2809/2809 2813/2813/2813 2811/2811/2811
f 2809/2809/2809 2807/2807/2807 2813/2813/2813
f 2807/2807/2807 2817/2817/2817 2813/2813/2813
f 2807/2807/2807 2815/2815/2815 2817/2817/2817
f 2746/2746/2746 2771/2771/2771 2773/2773/2773
f 2746/2746/2746 2749/2749/2749 2771/2771/2771
f 2822/2822/2822 2820/2820/2820 2818/2818/2818
f 2822/2822/2822 2824/2824/2824 2820/2820/2820
f 2843/2843/2843 2818/2818/2818 2820/2820/2820
f 2826/2826/2826 2853/2853/2853 2851/2851/2851
f 2824/2824/2824 2826/2826/2826 2851/2851/2851
f 2824/2824/2824 2822/2822/2822 2826/2826/2826
f 2720/2720/2720 2819/2819/2819 2718/2718/2718
f 2720/2720/2720 2823/2823/2823 2819/2819/2819
f 2826/2826/2826 2857/2857/2857 2853/2853/2853
f 2826/2826/2826 2855/2855/2855 2857/2857/2857
f 2826/2826/2826 2859/2859/2859 2855/2855/2855
f 2826/2826/2826 2849/2849/2849 2859/2859/2859
f 2826/2826/2826 2847/2847/2847 2849/2849/2849
f 2845/2845/2845 2847/2847/2847 2826/2826/2826
f 2861/2861/2861 2845/2845/2845 2826/2826/2826
f 2839/2839/2839 2818/2818/2818 2843/2843/2843
f 2841/2841/2841 2818/2818/2818 2839/2839/2839
f 2837/2837/2837 2818/2818/2818 2841/2841/2841
f 2833/2833/2833 2818/2818/2818 2837/2837/2837
f 2831/2831/2831 2828/2828/2828 2818/2818/2818
f 2833/2833/2833 2835/2835/2835 2818/2818/2818
f 2835/2835/2835 2831/2831/2831 2818/2818/2818
f 2868/2868/2868 3000/3000/3000 2883/2883/2883
f 2868/2868/2868 2998/2998/2998 3000/3000/3000
f 2874/2874/2874 2980/2980/2980 2873/2873/2873
f 2874/2874/2874 2982/2982/2982 2980/2980/2980
f 2872/2872/2872 2982/2982/2982 2874/2874/2874
f 2872/2872/2872 2978/2978/2978 2982/2982/2982
f 2884/2884/2884 3002/3002/3002 2882/2882/2882
f 2884/2884/2884 3004/3004/3004 3002/3002/3002
f 2873/2873/2873 2984/2984/2984 2875/2875/2875
f 2873/2873/2873 2980/2980/2980 2984/2984/2984
f 2882/2882/2882 3006/3006/3006 2885/2885/2885
f 2882/2882/2882 3002/3002/3002 3006/3006/3006
f 2885/2885/2885 2996/2996/2996 2881/2881/2881
f 2885/2885/2885 3006/3006/3006 2996/2996/2996
f 2877/2877/2877 2986/2986/2986 2876/2876/2876
f 2877/2877/2877 2988/2988/2988 2986/2986/2986
f 2883/2883/2883 3004/3004/3004 2884/2884/2884
f 2883/2883/2883 3000/3000/3000 3004/3004/3004
f 2865/2865/2865 2971/2971/2971 2867/2867/2867
f 2865/2865/2865 2967/2967/2967 2971/2971/2971
f 2887/2887/2887 2973/2973/2973 2869/2869/2869
f 2887/2887/2887 3009/3009/3009 2973/2973/2973
f 2878/2878/2878 2967/2967/2967 2865/2865/2865
f 2878/2878/2878 2990/2990/2990 2967/2967/2967
f 2876/2876/2876 2990/2990/2990 2878/2878/2878
f 2876/2876/2876 2986/2986/2986 2990/2990/2990
f 2880/2880/2880 2992/2992/2992 2879/2879/2879
f 2880/2880/2880 2994/2994/2994 2992/2992/2992
f 2869/2869/2869 2969/2969/2969 2866/2866/2866
f 2869/2869/2869 2973/2973/2973 2969/2969/2969
f 2867/2867/2867 2998/2998/2998 2868/2868/2868
f 2867/2867/2867 2971/2971/2971 2998/2998/2998
f 2881/2881/2881 2994/2994/2994 2880/2880/2880
f 2881/2881/2881 2996/2996/2996 2994/2994/2994
f 2864/2864/2864 2976/2976/2976 2871/2871/2871
f 2864/2864/2864 2965/2965/2965 2976/2976/2976
f 2875/2875/2875 2988/2988/2988 2877/2877/2877
f 2875/2875/2875 2984/2984/2984 2988/2988/2988
f 2870/2870/2870 2978/2978/2978 2872/2872/2872
f 2870/2870/2870 2975/2975/2975 2978/2978/2978
f 2879/2879/2879 3008/3008/3008 2886/2886/2886
f 2879/2879/2879 2992/2992/2992 3008/3008/3008
f 2903/2903/2903 2936/2936/2936 2939/2939/2939
f 2903/2903/2903 2901/2901/2901 2936/2936/2936
f 2900/2900/2900 2963/2963/2963 2935/2935/2935
f 2900/2900/2900 2913/2913/2913 2963/2963/2963
f 2911/2911/2911 2937/2937/2937 2960/2960/2960
f 2911/2911/2911 2902/2902/2902 2937/2937/2937
f 2904/2904/2904 2941/2941/2941 2943/2943/2943
f 2904/2904/2904 2906/2906/2906 2941/2941/2941
f 2889/2889/2889 2924/2924/2924 2927/2927/2927
f 2889/2889/2889 2891/2891/2891 2924/2924/2924
f 2897/2897/2897 2951/2951/2951 2930/2930/2930
f 2897/2897/2897 2907/2907/2907 2951/2951/2951
f 2908/2908/2908 2926/2926/2926 2945/2945/2945
f 2908/2908/2908 2888/2888/2888 2926/2926/2926
f 2894/2894/2894 2954/2954/2954 2916/2916/2916
f 2894/2894/2894 2910/2910/2910 2954/2954/2954
f 2898/2898/2898 2928/2928/2928 2931/2931/2931
f 2898/2898/2898 2896/2896/2896 2928/2928/2928
f 2914/2914/2914 2920/2920/2920 2957/2957/2957
f 2914/2914/2914 2892/2892/2892 2920/2920/2920
f 2913/2913/2913 2959/2959/2959 2963/2963/2963
f 2913/2913/2913 2915/2915/2915 2959/2959/2959
f 2915/2915/2915 2957/2957/2957 2959/2959/2959
f 2915/2915/2915 2914/2914/2914 2957/2957/2957
f 2910/2910/2910 2952/2952/2952 2954/2954/2954
f 2910/2910/2910 2912/2912/2912 2952/2952/2952
f 2906/2906/2906 2949/2949/2949 2941/2941/2941
f 2906/2906/2906 2905/2905/2905 2949/2949/2949
f 2907/2907/2907 2947/2947/2947 2951/2951/2951
f 2907/2907/2907 2909/2909/2909 2947/2947/2947
f 2909/2909/2909 2945/2945/2945 2947/2947/2947
f 2909/2909/2909 2908/2908/2908 2945/2945/2945
f 2890/2890/2890 2943/2943/2943 2923/2923/2923
f 2890/2890/2890 2904/2904/2904 2943/2943/2943
f 2912/2912/2912 2960/2960/2960 2952/2952/2952
f 2912/2912/2912 2911/2911/2911 2960/2960/2960
f 2905/2905/2905 2933/2933/2933 2949/2949/2949
f 2905/2905/2905 2899/2899/2899 2933/2933/2933
f 2938/2938/2938 2962/2962/2962 2961/2961/2961
f 2938/2938/2938 2934/2934/2934 2962/2962/2962
f 2944/2944/2944 2922/2922/2922 2942/2942/2942
f 2944/2944/2944 2925/2925/2925 2922/2922/2922
f 2956/2956/2956 2917/2917/2917 2955/2955/2955
f 2956/2956/2956 2919/2919/2919 2917/2917/2917
f 2932/2932/2932 2950/2950/2950 2948/2948/2948
f 2932/2932/2932 2929/2929/2929 2950/2950/2950
f 2942/2942/2942 2946/2946/2946 2944/2944/2944
f 2942/2942/2942 2940/2940/2940 2946/2946/2946
f 2940/2940/2940 2950/2950/2950 2946/2946/2946
f 2940/2940/2940 2948/2948/2948 2950/2950/2950
f 2955/2955/2955 2958/2958/2958 2956/2956/2956
f 2955/2955/2955 2953/2953/2953 2958/2958/2958
f 2953/2953/2953 2962/2962/2962 2958/2958/2958
f 2953/2953/2953 2961/2961/2961 2962/2962/2962
f 2893/2893/2893 2918/2918/2918 2921/2921/2921
f 2893/2893/2893 2895/2895/2895 2918/2918/2918
f 2968/2968/2968 2966/2966/2966 2964/2964/2964
f 2968/2968/2968 2970/2970/2970 2966/2966/2966
f 2989/2989/2989 2964/2964/2964 2966/2966/2966
f 2972/2972/2972 2999/2999/2999 2997/2997/2997
f 2970/2970/2970 2972/2972/2972 2997/2997/2997
f 2970/2970/2970 2968/2968/2968 2972/2972/2972
f 2866/2866/2866 2965/2965/2965 2864/2864/2864
f 2866/2866/2866 2969/2969/2969 2965/2965/2965
f 2972/2972/2972 3003/3003/3003 2999/2999/2999
f 2972/2972/2972 3001/3001/3001 3003/3003/3003
f 2972/2972/2972 3005/3005/3005 3001/3001/3001
f 2972/2972/2972 2995/2995/2995 3005/3005/3005
f 2972/2972/2972 2993/2993/2993 2995/2995/2995
f 2991/2991/2991 2993/2993/2993 2972/2972/2972
f 3007/3007/3007 2991/2991/2991 2972/2972/2972
f 2985/2985/2985 2964/2964/2964 2989/2989/2989
f 2987/2987/2987 2964/2964/2964 2985/2985/2985
f 2983/2983/2983 2964/2964/2964 2987/2987/2987
f 2979/2979/2979 2964/2964/2964 2983/2983/2983
f 2977/2977/2977 2974/2974/2974 2964/2964/2964
f 2979/2979/2979 2981/2981/2981 2964/2964/2964
f 2981/2981/2981 2977/2977/2977 2964/2964/2964
f 3014/3014/3014 3146/3146/3146 3144/3144/3144
f 3014/3014/3014 3029/3029/3029 3146/3146/3146
f 3020/3020/3020 3126/3126/3126 3128/3128/3128
f 3020/3020/3020 3019/3019/3019 3126/3126/3126
f 3018/3018/3018 3128/3128/3128 3124/3124/3124
f 3018/3018/3018 3020/3020/3020 3128/3128/3128
f 3030/3030/3030 3148/3148/3148 3150/3150/3150
f 3030/3030/3030 3028/3028/3028 3148/3148/3148
f 3019/3019/3019 3130/3130/3130 3126/3126/3126
f 3019/3019/3019 3021/3021/3021 3130/3130/3130
f 3028/3028/3028 3152/3152/3152 3148/3148/3148
f 3028/3028/3028 3031/3031/3031 3152/3152/3152
f 3031/3031/3031 3142/3142/3142 3152/3152/3152
f 3031/3031/3031 3027/3027/3027 3142/3142/3142
f 3023/3023/3023 3132/3132/3132 3134/3134/3134
f 3023/3023/3023 3022/3022/3022 3132/3132/3132
f 3029/3029/3029 3150/3150/3150 3146/3146/3146
f 3029/3029/3029 3030/3030/3030 3150/3150/3150
f 3011/3011/3011 3117/3117/3117 3113/3113/3113
f 3011/3011/3011 3013/3013/3013 3117/3117/3117
f 3032/3032/3032 3118/3118/3118 3153/3153/3153
f 3032/3032/3032 3015/3015/3015 3118/3118/3118
f 3024/3024/3024 3113/3113/3113 3136/3136/3136
f 3024/3024/3024 3011/3011/3011 3113/3113/3113
f 3022/3022/3022 3136/3136/3136 3132/3132/3132
f 3022/3022/3022 3024/3024/3024 3136/3136/3136
f 3026/3026/3026 3138/3138/3138 3140/3140/3140
f 3026/3026/3026 3025/3025/3025 3138/3138/3138
f 3015/3015/3015 3114/3114/3114 3118/3118/3118
f 3015/3015/3015 3012/3012/3012 3114/3114/3114
f 3013/3013/3013 3144/3144/3144 3117/3117/3117
f 3013/3013/3013 3014/3014/3014 3144/3144/3144
f 3027/3027/3027 3140/3140/3140 3142/3142/3142
f 3027/3027/3027 3026/3026/3026 3140/3140/3140
f 3010/3010/3010 3120/3120/3120 3110/3110/3110
f 3010/3010/3010 3016/3016/3016 3120/3120/3120
f 3021/3021/3021 3134/3134/3134 3130/3130/3130
f 3021/3021/3021 3023/3023/3023 3134/3134/3134
f 3017/3017/3017 3124/3124/3124 3122/3122/3122
f 3017/3017/3017 3018/3018/3018 3124/3124/3124
f 3025/3025/3025 3155/3155/3155 3138/3138/3138
f 3025/3025/3025 3033/3033/3033 3155/3155/3155
f 3049/3049/3049 3082/3082/3082 3047/3047/3047
f 3049/3049/3049 3085/3085/3085 3082/3082/3082
f 3046/3046/3046 3108/3108/3108 3059/3059/3059
f 3046/3046/3046 3080/3080/3080 3108/3108/3108
f 3057/3057/3057 3083/3083/3083 3048/3048/3048
f 3057/3057/3057 3106/3106/3106 3083/3083/3083
f 3050/3050/3050 3086/3086/3086 3052/3052/3052
f 3050/3050/3050 3088/3088/3088 3086/3086/3086
f 3035/3035/3035 3068/3068/3068 3036/3036/3036
f 3035/3035/3035 3072/3072/3072 3068/3068/3068
f 3042/3042/3042 3096/3096/3096 3053/3053/3053
f 3042/3042/3042 3074/3074/3074 3096/3096/3096
f 3054/3054/3054 3071/3071/3071 3034/3034/3034
f 3054/3054/3054 3090/3090/3090 3071/3071/3071
f 3040/3040/3040 3100/3100/3100 3056/3056/3056
f 3040/3040/3040 3062/3062/3062 3100/3100/3100
f 3045/3045/3045 3076/3076/3076 3043/3043/3043
f 3045/3045/3045 3079/3079/3079 3076/3076/3076
f 3060/3060/3060 3065/3065/3065 3038/3038/3038
f 3060/3060/3060 3102/3102/3102 3065/3065/3065
f 3059/3059/3059 3104/3104/3104 3061/3061/3061
f 3059/3059/3059 3108/3108/3108 3104/3104/3104
f 3061/3061/3061 3102/3102/3102 3060/3060/3060
f 3061/3061/3061 3104/3104/3104 3102/3102/3102
f 3056/3056/3056 3098/3098/3098 3058/3058/3058
f 3056/3056/3056 3100/3100/3100 3098/3098/3098
f 3052/3052/3052 3094/3094/3094 3051/3051/3051
f 3052/3052/3052 3086/3086/3086 3094/3094/3094
f 3053/3053/3053 3092/3092/3092 3055/3055/3055
f 3053/3053/3053 3096/3096/3096 3092/3092/3092
f 3055/3055/3055 3090/3090/3090 3054/3054/3054
f 3055/3055/3055 3092/3092/3092 3090/3090/3090
f 3037/3037/3037 3088/3088/3088 3050/3050/3050
f 3037/3037/3037 3069/3069/3069 3088/3088/3088
f 3058/3058/3058 3106/3106/3106 3057/3057/3057
f 3058/3058/3058 3098/3098/3098 3106/3106/3106
f 3051/3051/3051 3077/3077/3077 3044/3044/3044
f 3051/3051/3051 3094/3094/3094 3077/3077/3077
f 3084/3084/3084 3109/3109/3109 3081/3081/3081
f 3084/3084/3084 3107/3107/3107 3109/3109/3109
f 3091/3091/3091 3070/3070/3070 3073/3073/3073
f 3091/3091/3091 3089/3089/3089 3070/3070/3070
f 3103/3103/3103 3063/3063/3063 3066/3066/3066
f 3103/3103/3103 3101/3101/3101 3063/3063/3063
f 3078/3078/3078 3097/3097/3097 3075/3075/3075
f 3078/3078/3078 3095/3095/3095 3097/3097/3097
f 3089/3089/3089 3093/3093/3093 3087/3087/3087
f 3089/3089/3089 3091/3091/3091 3093/3093/3093
f 3087/3087/3087 3097/3097/3097 3095/3095/3095
f 3087/3087/3087 3093/3093/3093 3097/3097/3097
f 3101/3101/3101 3105/3105/3105 3099/3099/3099
f 3101/3101/3101 3103/3103/3103 3105/3105/3105
f 3099/3099/3099 3109/3109/3109 3107/3107/3107
f 3099/3099/3099 3105/3105/3105 3109/3109/3109
f 3039/3039/3039 3064/3064/3064 3041/3041/3041
f 3039/3039/3039 3067/3067/3067 3064/3064/3064
f 3115/3115/3115 3112/3112/3112 3116/3116/3116
f 3115/3115/3115 3111/3111/3111 3112/3112/3112
f 3135/3135/3135 3112/3112/3112 3111/3111/3111
f 3119/3119/3119 3143/3143/3143 3145/3145/3145
f 3116/3116/3116 3119/3119/3119 3115/3115/3115
f 3116/3116/3116 3143/3143/3143 3119/3119/3119
f 3012/3012/3012 3110/3110/3110 3114/3114/3114
f 3012/3012/3012 3010/3010/3010 3110/3110/3110
f 3119/3119/3119 3145/3145/3145 3149/3149/3149
f 3119/3119/3119 3149/3149/3149 3147/3147/3147
f 3119/3119/3119 3147/3147/3147 3151/3151/3151
f 3119/3119/3119 3151/3151/3151 3141/3141/3141
f 3119/3119/3119 3141/3141/3141 3139/3139/3139
f 3137/3137/3137 3119/3119/3119 3139/3139/3139
f 3154/3154/3154 3119/3119/3119 3137/3137/3137
f 3131/3131/3131 3135/3135/3135 3111/3111/3111
f 3133/3133/3133 3131/3131/3131 3111/3111/3111
f 3129/3129/3129 3133/3133/3133 3111/3111/3111
f 3125/3125/3125 3129/3129/3129 3111/3111/3111
f 3123/3123/3123 3111/3111/3111 3121/3121/3121
f 3125/3125/3125 3111/3111/3111 3127/3127/3127
f 3127/3127/3127 3111/3111/3111 3123/3123/3123
o wooden_crate_02_lid
v 0.2215861 0.49976271 0.20201676
v 0.2215861 0.49976271 0.20201676
v 0.2215861 0.49976271 0.20201676
v 0.2215861 0.49976271 0.20201676
v 0.23443591 0.51999646 0.21571871
v 0.2349098 0.51999646 0.21346378
v 0.2348228 0.51958042 0.21458944
v 0.2348228 0.51958042 0.21458944
v 0.23913037 0.51615554 0.21346124
v 0.23913037 0.51566499 0.21572226
v 0.23871478 0.51607436 0.21459018
v 0.23871478 0.51607436 0.21459018
v 0.23819896 0.51907998 0.21346127
v 0.23819896 0.51907998 0.21346127
v 0.23793568 0.5188871 0.21572229
v 0.23793568 0.5188871 0.21572229
v 0.2378993 0.51877815 0.21458756
v 0.2378993 0.51877815 0.21458756
v 0.2378993 0.51877815 0.21458756
v 0.2378993 0.51877815 0.21458756
v 0.22130372 0.49830538 0.20169916
v 0.22130372 0.49830538 0.20169916
v 0.2215861 0.49976271 0.21459176
v 0.2215861 0.49976271 0.21459176
v 0.2215861 0.49976271 0.21459176
v 0.23884799 0.49976271 0.21346124
v 0.23884799 0.49976271 0.21346124
v 0.23871451 0.49976259 0.21459024
v 0.23871451 0.49976259 0.21459024
v 0.23871451 0.49976259 0.21459024
v 0.23913037 0.49830562 0.21346124
v 0.23871448 0.4983055 0.21459024
v 0.23871448 0.4983055 0.21459024
v 0.23871451 0.50122029 0.21459024
v 0.23871451 0.50122029 0.21459024
v 0.23913037 0.50122029 0.21346124
v 0.21421167 0.49976271 0.20153954
v 0.21421167 0.49976271 0.20153954
v 0.01496248 0.49976271 0.16621374
v 0.01496248 0.49976271 0.16621374
v 0.0080976356 0.49976271 0.16540485
v 0.0080976356 0.49976271 0.16540485
v 0.22130369 0.51868421 0.20169916
v 0.22361358 0.51999646 0.2030687
v 0.22198024 0.51961213 0.2021003
v 0.22198024 0.51961213 0.2021003
v 0.21398651 0.51999646 0.20245942
v 0.21421167 0.51867348 0.20113727
v 0.21414571 0.51960903 0.20152452
v 0.21414571 0.51960903 0.20152452
v 0.014962479 0.51866823 0.16581144
v 0.014527394 0.51999646 0.16710754
v 0.014835046 0.51960748 0.16619106
v 0.014835046 0.51960748 0.16619106
v 0.0080976347 0.51866704 0.16500258
v 0.0078620063 0.51999646 0.16632309
v 0.0080286199 0.51960713 0.16538932
v 0.0080286199 0.51960713 0.16538932
v 0.23750206 0.51065379 0.20169916
v 0.23913037 0.51605088 0.20900875
v 0.23889651 0.51299149 0.20461639
v 0.23889651 0.51299149 0.20461639
v 0.23434453 0.51983482 0.20710205
v 0.23092639 0.5176478 0.20169916
v 0.23202299 0.51853687 0.20323866
v 0.23202299 0.51853687 0.20323866
v 0.23785289 0.51862127 0.20933598
v 0.23785289 0.51862127 0.20933598
v 0.23454761 0.51512462 0.20169916
v 0.23691057 0.51679641 0.20483115
v 0.23691057 0.51679641 0.20483115
v 0.23691057 0.51679641 0.20483115
v 0.23788726 0.50122017 0.20169916
v 0.23913037 0.50122017 0.20307171
v 0.23876628 0.50122017 0.20210119
v 0.23876628 0.50122017 0.20210119
v 0.23913037 0.4983055 0.20307457
v 0.23785367 0.4983055 0.20169916
v 0.23875641 0.4983055 0.20210203
v 0.23875641 0.4983055 0.20210203
v 0.23884799 0.49976283 0.20339303
v 0.23884799 0.49976283 0.20339303
v 0.23758223 0.49976283 0.20201676
v 0.23758223 0.49976283 0.20201676
v 0.23847725 0.49976283 0.2024199
v 0.23847725 0.49976283 0.2024199
v 0.23847725 0.49976283 0.2024199
v 0.23847725 0.49976283 0.2024199
v 0.23298686 0.51999646 0.2170366
v 0.23913037 0.51472098 0.2170366
v 0.23786014 0.51875931 0.2170366
v 0.23786014 0.51875931 0.2170366
v 0.22619345 0.51071149 0.2287462
v 0.22619345 0.51071149 0.2287462
v 0.22868874 0.5082081 0.22874617
v 0.22868874 0.5082081 0.22874617
v 0.22796088 0.50997525 0.2287462
v 0.22796088 0.50997525 0.2287462
v 0.22796088 0.50997525 0.2287462
v 0.22796088 0.50997525 0.2287462
v 0.22868874 0.5082081 0.23197728
v 0.22868874 0.5082081 0.23197728
v 0.22619345 0.51071149 0.23197728
v 0.22619345 0.51071149 0.23197728
v 0.22796088 0.50997525 0.23197728
v 0.22796088 0.50997525 0.23197728
v 0.22796088 0.50997525 0.23197728
v 0.23688292 0.51790351 0.22176155
v 0.23688292 0.51790351 0.22176155
v 0.23452806 0.51573974 0.22543224
v 0.23452806 0.51573974 0.22543224
v 0.23143738 0.51291496 0.22788491
v 0.23143738 0.51291496 0.22788491
v 0.22660243 0.514458 0.22788491
v 0.22914236 0.51726395 0.22543224
v 0.23019113 0.51923901 0.22176155
v 0.23836236 0.51228517 0.22176155
v 0.23617526 0.50917059 0.22543224
v 0.23290204 0.50799364 0.22788491
v -0.22158609 0.49976271 0.20201676
v -0.22158609 0.49976271 0.20201676
v -0.22158609 0.49976271 0.20201676
v -0.22158609 0.49976271 0.20201676
v 0 0.51999646 0.21401804
v 0 0.51999646 0.21516549
v 0 0.51957256 0.21459176
v 0 0.51957256 0.21459176
v -0.23443592 0.51999646 0.21571871
v -0.23490978 0.51999646 0.21346378
v -0.23482279 0.51958042 0.21458944
v -0.23482279 0.51958042 0.21458944
v -0.23913036 0.51615554 0.21346124
v -0.23913036 0.51566499 0.21572226
v -0.23871476 0.51607436 0.21459018
v -0.23871476 0.51607436 0.21459018
v -0.23819897 0.51907998 0.21346127
v -0.23819897 0.51907998 0.21346127
v -0.23793567 0.5188871 0.21572229
v -0.23793567 0.5188871 0.21572229
v -0.23789928 0.51877815 0.21458756
v -0.23789928 0.51877815 0.21458756
v -0.23789928 0.51877815 0.21458756
v -0.23789928 0.51877815 0.21458756
v -0.22130371 0.49830538 0.20169916
v -0.22130371 0.49830538 0.20169916
v 0 0.49976271 0.21459176
v 0 0.49976271 0.21459176
v -0.22158609 0.49976271 0.21459176
v -0.22158609 0.49976271 0.21459176
v -0.22158609 0.49976271 0.21459176
v -0.23884798 0.49976271 0.21346124
v -0.23884798 0.49976271 0.21346124
v -0.23871449 0.49976259 0.21459024
v -0.23871449 0.49976259 0.21459024
v -0.23871449 0.49976259 0.21459024
v -0.23913036 0.49830562 0.21346124
v -0.23871449 0.4983055 0.21459024
v -0.23871449 0.4983055 0.21459024
v -0.23871452 0.50122029 0.21459024
v -0.23871452 0.50122029 0.21459024
v -0.23913036 0.50122029 0.21346124
v -0.21421168 0.49976271 0.20153954
v -0.21421168 0.49976271 0.20153954
v -0.01496248 0.49976271 0.16621374
v -0.01496248 0.49976271 0.16621374
v -0.0080976356 0.49976271 0.16540485
v -0.0080976356 0.49976271 0.16540485
v 0 0.49976271 0.1651208
v 0 0.49976271 0.1651208
v -0.22130371 0.51868421 0.20169916
v -0.2236136 0.51999646 0.2030687
v -0.22198025 0.51961213 0.2021003
v -0.22198025 0.51961213 0.2021003
v -0.21398649 0.51999646 0.20245942
v -0.21421168 0.51867348 0.20113727
v -0.21414573 0.51960903 0.20152452
v -0.21414573 0.51960903 0.20152452
v -0.014962479 0.51866823 0.16581144
v -0.014527394 0.51999646 0.16710754
v -0.014835046 0.51960748 0.16619106
v -0.014835046 0.51960748 0.16619106
v 0 0.51866668 0.16471853
v 0 0.51999646 0.16604774
v 0 0.51960713 0.16510784
v 0 0.51960713 0.16510784
v -0.0080976347 0.51866704 0.16500258
v -0.0078620063 0.51999646 0.16632309
v -0.0080286199 0.51960713 0.16538932
v -0.0080286199 0.51960713 0.16538932
v -0.23750205 0.51065379 0.20169916
v -0.23913039 0.51605088 0.20900875
v -0.23889653 0.51299149 0.20461639
v -0.23889653 0.51299149 0.20461639
v -0.23434452 0.51983482 0.20802333
v -0.2309264 0.5176478 0.20169916
v -0.2342895 0.51979643 0.20384338
v -0.2342895 0.51979643 0.20384338
v -0.23785288 0.51862127 0.20933598
v -0.23785288 0.51862127 0.20933598
v -0.23615355 0.51659852 0.20169916
v -0.23799164 0.51875263 0.20483115
v -0.23799164 0.51875263 0.20483115
v -0.23799164 0.51875263 0.20483115
v -0.23788727 0.50122017 0.20169916
v -0.23913036 0.50122017 0.20307171
v -0.23876629 0.50122017 0.20210119
v -0.23876629 0.50122017 0.20210119
v -0.23913036 0.4983055 0.20307457
v -0.23785368 0.4983055 0.20169916
v -0.23875643 0.4983055 0.20210203
v -0.23875643 0.4983055 0.20210203
v -0.23884798 0.49976283 0.20339303
v -0.23884798 0.49976283 0.20339303
v -0.23758221 0.49976283 0.20201676
v -0.23758221 0.49976283 0.20201676
v -0.23847727 0.49976283 0.2024199
v -0.23847727 0.49976283 0.2024199
v -0.23847727 0.49976283 0.2024199
v -0.23847727 0.49976283 0.2024199
v 0 0.51999646 0.2170366
v -0.23298685 0.51999646 0.2170366
v -0.23913036 0.51472098 0.2170366
v -0.23786012 0.51875931 0.2170366
v -0.23786012 0.51875931 0.2170366
v 0 0.51071149 0.2287462
v 0 0.51071149 0.2287462
v -0.22619347 0.51071149 0.2287462
v -0.22619347 0.51071149 0.2287462
v -0.22868875 0.5082081 0.22874617
v -0.22868875 0.5082081 0.22874617
v -0.22796086 0.50997525 0.2287462
v -0.22796086 0.50997525 0.2287462
v -0.22796086 0.50997525 0.2287462
v -0.22796086 0.50997525 0.2287462
v 0 0.51071149 0.23197728
v 0 0.51071149 0.23197728
v -0.22868875 0.5082081 0.23197728
v -0.22868875 0.5082081 0.23197728
v -0.22619347 0.51071149 0.23197728
v -0.22619347 0.51071149 0.23197728
v -0.22796086 0.50997525 0.23197728
v -0.22796086 0.50997525 0.23197728
v -0.22796086 0.50997525 0.23197728
v -0.2368829 0.51790351 0.22176155
v -0.2368829 0.51790351 0.22176155
v -0.23452807 0.51573974 0.22543224
v -0.23452807 0.51573974 0.22543224
v -0.23143739 0.51291496 0.22788491
v -0.23143739 0.51291496 0.22788491
v -0.22660244 0.514458 0.22788491
v -0.22914238 0.51726395 0.22543224
v -0.23019115 0.51923901 0.22176155
v -0.23836238 0.51228517 0.22176155
v -0.23617528 0.50917059 0.22543224
v -0.23290206 0.50799364 0.22788491
v 0 0.51931351 0.22176155
v 0 0.51736861 0.22543224
v 0 0.514458 0.22788491
v 0.2215861 -0.49976277 0.20201676
v 0.2215861 -0.49976277 0.20201676
v 0.2215861 -0.49976277 0.20201676
v 0.2215861 -0.49976277 0.20201676
v 0.23443591 -0.51999664 0.21571871
v 0.2349098 -0.51999664 0.21346378
v 0.2348228 -0.51958048 0.21458944
v 0.2348228 -0.51958048 0.21458944
v 0.23913037 -0.51615548 0.21346124
v 0.23913037 -0.51566505 0.21572226
v 0.23871478 -0.51607442 0.21459018
v 0.23871478 -0.51607442 0.21459018
v 0.23819896 -0.51908016 0.21346127
v 0.23819896 -0.51908016 0.21346127
v 0.23793568 -0.51888728 0.21572229
v 0.23793568 -0.51888728 0.21572229
v 0.2378993 -0.51877809 0.21458756
v 0.2378993 -0.51877809 0.21458756
v 0.2378993 -0.51877809 0.21458756
v 0.2378993 -0.51877809 0.21458756
v 0.22130372 -0.49830544 0.20169916
v 0.22130372 -0.49830544 0.20169916
v 0.2215861 -0.49976277 0.21459176
v 0.2215861 -0.49976277 0.21459176
v 0.2215861 -0.49976277 0.21459176
v 0.23884799 -0.49976277 0.21346124
v 0.23884799 -0.49976277 0.21346124
v 0.23871451 -0.49976265 0.21459024
v 0.23871451 -0.49976265 0.21459024
v 0.23871451 -0.49976265 0.21459024
v 0.23913037 -0.49830556 0.21346124
v 0.23871448 -0.49830556 0.21459024
v 0.23871448 -0.49830556 0.21459024
v 0.23871451 -0.50122023 0.21459024
v 0.23871451 -0.50122023 0.21459024
v 0.23913037 -0.50122023 0.21346124
v 0.21421167 -0.49976277 0.20153954
v 0.21421167 -0.49976277 0.20153954
v 0.01496248 -0.49976277 0.16621374
v 0.01496248 -0.49976277 0.16621374
v 0.0080976356 -0.49976277 0.16540485
v 0.0080976356 -0.49976277 0.16540485
v 0.22130369 -0.51868427 0.20169916
v 0.22361358 -0.51999664 0.2030687
v 0.22198024 -0.51961207 0.2021003
v 0.22198024 -0.51961207 0.2021003
v 0.21398651 -0.51999664 0.20245942
v 0.21421167 -0.51867366 0.20113727
v 0.21414571 -0.51960909 0.20152452
v 0.21414571 -0.51960909 0.20152452
v 0.014962479 -0.51866841 0.16581144
v 0.014527394 -0.51999664 0.16710754
v 0.014835046 -0.51960754 0.16619106
v 0.014835046 -0.51960754 0.16619106
v 0.0080976347 -0.51866722 0.16500258
v 0.0078620063 -0.51999664 0.16632309
v 0.0080286199 -0.51960719 0.16538932
v 0.0080286199 -0.51960719 0.16538932
v 0.23750206 -0.51065373 0.20169916
v 0.23910674 -0.51574159 0.20788347
v 0.23949712 -0.5145905 0.20461639
v 0.23949712 -0.5145905 0.20461639
v 0.23434453 -0.519835 0.20710205
v 0.23092639 -0.51764798 0.20169916
v 0.23372065 -0.51945901 0.20323866
v 0.23372065 -0.51945901 0.20323866
v 0.23829596 -0.51908088 0.20933598
v 0.23829596 -0.51908088 0.20933598
v 0.23575615 -0.51603281 0.20169916
v 0.23799991 -0.51823437 0.20483115
v 0.23799991 -0.51823437 0.20483115
v 0.23799991 -0.51823437 0.20483115
v 0.23788726 -0.50122023 0.20169916
v 0.23913037 -0.50122023 0.20307171
v 0.23876628 -0.50122023 0.20210119
v 0.23876628 -0.50122023 0.20210119
v 0.23913037 -0.49830556 0.20307457
v 0.23785367 -0.49830556 0.20169916
v 0.23875641 -0.49830556 0.20210203
v 0.23875641 -0.49830556 0.20210203
v 0.23884799 -0.49976289 0.20339303
v 0.23884799 -0.49976289 0.20339303
v 0.23758223 -0.49976289 0.20201676
v 0.23758223 -0.49976289 0.20201676
v 0.23847725 -0.49976289 0.2024199
v 0.23847725 -0.49976289 0.2024199
v 0.23847725 -0.49976289 0.2024199
v 0.23847725 -0.49976289 0.2024199
v 0.23298686 -0.51999664 0.2170366
v 0.23913037 -0.51472116 0.2170366
v 0.23786014 -0.51875937 0.2170366
v 0.23786014 -0.51875937 0.2170366
v 0.22619345 -0.51071155 0.2287462
v 0.22619345 -0.51071155 0.2287462
v 0.22868874 -0.50820827 0.22874617
v 0.22868874 -0.50820827 0.22874617
v 0.22796088 -0.50997531 0.2287462
v 0.22796088 -0.50997531 0.2287462
v 0.22796088 -0.50997531 0.2287462
v 0.22796088 -0.50997531 0.2287462
v 0.22868874 -0.50820827 0.23197728
v 0.22868874 -0.50820827 0.23197728
v 0.22619345 -0.51071155 0.23197728
v 0.22619345 -0.51071155 0.23197728
v 0.22796088 -0.50997531 0.23197728
v 0.22796088 -0.50997531 0.23197728
v 0.22796088 -0.50997531 0.23197728
v 0.23688292 -0.51790357 0.22176155
v 0.23688292 -0.51790357 0.22176155
v 0.23452806 -0.51573992 0.22543224
v 0.23452806 -0.51573992 0.22543224
v 0.23143738 -0.51291513 0.22788491
v 0.23143738 -0.51291513 0.22788491
v 0.22660243 -0.51445818 0.22788491
v 0.22914236 -0.51726389 0.22543224
v 0.23019113 -0.51923907 0.22176155
v 0.23836236 -0.51228523 0.22176155
v 0.23617526 -0.50917053 0.22543224
v 0.23290204 -0.5079937 0.22788491
v -0.22158609 -0.49976277 0.20201676
v -0.22158609 -0.49976277 0.20201676
v -0.22158609 -0.49976277 0.20201676
v -0.22158609 -0.49976277 0.20201676
v 0 -0.51999664 0.21401804
v 0 -0.51999664 0.21516549
v 0 -0.5195725 0.21459176
v 0 -0.5195725 0.21459176
v -0.23443592 -0.51999664 0.21571871
v -0.23490978 -0.51999664 0.21346378
v -0.23482279 -0.51958048 0.21458944
v -0.23482279 -0.51958048 0.21458944
v -0.23913036 -0.51615548 0.21346124
v -0.23913036 -0.51566505 0.21572226
v -0.23871476 -0.51607442 0.21459018
v -0.23871476 -0.51607442 0.21459018
v -0.23819897 -0.51908016 0.21346127
v -0.23819897 -0.51908016 0.21346127
v -0.23793567 -0.51888728 0.21572229
v -0.23793567 -0.51888728 0.21572229
v -0.23789928 -0.51877809 0.21458756
v -0.23789928 -0.51877809 0.21458756
v -0.23789928 -0.51877809 0.21458756
v -0.23789928 -0.51877809 0.21458756
v -0.22130371 -0.49830544 0.20169916
v -0.22130371 -0.49830544 0.20169916
v 0 -0.49976277 0.21459176
v 0 -0.49976277 0.21459176
v -0.22158609 -0.49976277 0.21459176
v -0.22158609 -0.49976277 0.21459176
v -0.22158609 -0.49976277 0.21459176
v -0.23884798 -0.49976277 0.21346124
v -0.23884798 -0.49976277 0.21346124
v -0.23871449 -0.49976265 0.21459024
v -0.23871449 -0.49976265 0.21459024
v -0.23871449 -0.49976265 0.21459024
v -0.23913036 -0.49830556 0.21346124
v -0.23871449 -0.49830556 0.21459024
v -0.23871449 -0.49830556 0.21459024
v -0.23871452 -0.50122023 0.21459024
v -0.23871452 -0.50122023 0.21459024
v -0.23913036 -0.50122023 0.21346124
v -0.21421168 -0.49976277 0.20153954
v -0.21421168 -0.49976277 0.20153954
v -0.01496248 -0.49976277 0.16621374
v -0.01496248 -0.49976277 0.16621374
v -0.0080976356 -0.49976277 0.16540485
v -0.0080976356 -0.49976277 0.16540485
v 0 -0.49976277 0.1651208
v 0 -0.49976277 0.1651208
v -0.22130371 -0.51868427 0.20169916
v -0.2236136 -0.51999664 0.2030687
v -0.22198025 -0.51961207 0.2021003
v -0.22198025 -0.51961207 0.2021003
v -0.21398649 -0.51999664 0.20245942
v -0.21421168 -0.51867366 0.20113727
v -0.21414573 -0.51960909 0.20152452
v -0.21414573 -0.51960909 0.20152452
v -0.014962479 -0.51866841 0.16581144
v -0.014527394 -0.51999664 0.16710754
v -0.014835046 -0.51960754 0.16619106
v -0.014835046 -0.51960754 0.16619106
v 0 -0.51866674 0.16471853
v 0 -0.51999664 0.16604774
v 0 -0.51960707 0.16510784
v 0 -0.51960707 0.16510784
v -0.0080976347 -0.51866722 0.16500258
v -0.0078620063 -0.51999664 0.16632309
v -0.0080286199 -0.51960719 0.16538932
v -0.0080286199 -0.51960719 0.16538932
v -0.23750205 -0.51065373 0.20169916
v -0.23913039 -0.51605093 0.20900875
v -0.23889653 -0.51299155 0.20437818
v -0.23889653 -0.51299155 0.20437818
v -0.23434452 -0.519835 0.20710205
v -0.2309264 -0.51764798 0.20169916
v -0.23278824 -0.51954722 0.20323866
v -0.23278824 -0.51954722 0.20323866
v -0.23765672 -0.51868916 0.20921107
v -0.23765672 -0.51868916 0.20921107
v -0.23454759 -0.5151248 0.20169916
v -0.23638634 -0.5183332 0.20338058
v -0.23638634 -0.5183332 0.20338058
v -0.23638634 -0.5183332 0.20338058
v -0.23788727 -0.50122023 0.20169916
v -0.23913036 -0.50122023 0.20307171
v -0.23876629 -0.50122023 0.20210119
v -0.23876629 -0.50122023 0.20210119
v -0.23913036 -0.49830556 0.20307457
v -0.23785368 -0.49830556 0.20169916
v -0.23875643 -0.49830556 0.20210203
v -0.23875643 -0.49830556 0.20210203
v -0.23884798 -0.49976289 0.20339303
v -0.23884798 -0.49976289 0.20339303
v -0.23758221 -0.49976289 0.20201676
v -0.23758221 -0.49976289 0.20201676
v -0.23847727 -0.49976289 0.2024199
v -0.23847727 -0.49976289 0.2024199
v -0.23847727 -0.49976289 0.2024199
v -0.23847727 -0.49976289 0.2024199
v 0 -0.51999664 0.2170366
v -0.23298685 -0.51999664 0.2170366
v -0.23913036 -0.51472116 0.2170366
v -0.23786012 -0.51875937 0.2170366
v -0.23786012 -0.51875937 0.2170366
v 0 -0.51071155 0.2287462
v 0 -0.51071155 0.2287462
v -0.22619347 -0.51071155 0.2287462
v -0.22619347 -0.51071155 0.2287462
v -0.22868875 -0.50820827 0.22874617
v -0.22868875 -0.50820827 0.22874617
v -0.22796086 -0.50997531 0.2287462
v -0.22796086 -0.50997531 0.2287462
v -0.22796086 -0.50997531 0.2287462
v -0.22796086 -0.50997531 0.2287462
v 0 -0.51071155 0.23197728
v 0 -0.51071155 0.23197728
v -0.22868875 -0.50820827 0.23197728
v -0.22868875 -0.50820827 0.23197728
v -0.22619347 -0.51071155 0.23197728
v -0.22619347 -0.51071155 0.23197728
v -0.22796086 -0.50997531 0.23197728
v -0.22796086 -0.50997531 0.23197728
v -0.22796086 -0.50997531 0.23197728
v -0.2368829 -0.51790357 0.22176155
v -0.2368829 -0.51790357 0.22176155
v -0.23452807 -0.51573992 0.22543224
v -0.23452807 -0.51573992 0.22543224
v -0.23143739 -0.51291513 0.22788491
v -0.23143739 -0.51291513 0.22788491
v -0.22660244 -0.51445818 0.22788491
v -0.22914238 -0.51726389 0.22543224
v -0.23019115 -0.51923907 0.22176155
v -0.23836238 -0.51228523 0.22176155
v -0.23617528 -0.50917053 0.22543224
v -0.23290206 -0.5079937 0.22788491
v 0 -0.51931357 0.22176155
v 0 -0.51736879 0.22543224
v 0 -0.51445818 0.22788491
v -0.22619347 -0.50820827 0.23197728
v 0 -0.50820827 0.23197728
v 0.22619348 -0.50820827 0.23197728
v -0.22619347 0.50820822 0.23197728
v 0 0.50820822 0.23197728
v 0.22619345 0.50820822 0.23197728
v -0.23913036 -0.49976265 0.21572226
v -0.23913036 -0.49976277 0.2170366
v -0.23836238 -0.49976265 0.22176155
v -0.23617528 -0.49976265 0.22543224
v -0.23290206 -0.49976265 0.22788491
v -0.22868875 -0.49976277 0.22874617
v -0.22868875 -0.49976277 0.22874617
v -0.22868875 -0.49976277 0.23197728
v -0.22868875 -0.49976277 0.23197728
v -0.22619347 -0.49976265 0.23197728
v 0 -0.49976265 0.23197728
v 0.22619348 -0.49976277 0.23197728
v 0.22868874 -0.49976277 0.23197728
v 0.22868874 -0.49976277 0.23197728
v 0.22868874 -0.49976277 0.22874617
v 0.22868874 -0.49976277 0.22874617
v 0.23290204 -0.49976265 0.22788491
v 0.23617526 -0.49976265 0.22543224
v 0.23836236 -0.49976265 0.22176155
v 0.23913037 -0.49976277 0.2170366
v 0.23913037 -0.49976265 0.21572226
v -0.23913036 0.49976248 0.21572226
v -0.23913036 0.49976236 0.2170366
v -0.23836238 0.49976176 0.22176155
v -0.23617528 0.4997614 0.22543224
v -0.23290206 0.49976104 0.22788491
v -0.22868875 0.49976093 0.22874617
v -0.22868875 0.49976093 0.22874617
v -0.22868875 0.49976069 0.23197728
v -0.22868875 0.49976069 0.23197728
v -0.22619347 0.49976057 0.23197728
v 0 0.49976057 0.23197728
v 0.22619345 0.49976069 0.23197728
v 0.22868874 0.49976069 0.23197728
v 0.22868874 0.49976069 0.23197728
v 0.22868874 0.49976093 0.22874617
v 0.22868874 0.49976093 0.22874617
v 0.23290204 0.49976104 0.22788491
v 0.23617526 0.4997614 0.22543224
v 0.23836236 0.49976176 0.22176155
v 0.23913037 0.49976236 0.2170366
v 0.23913037 0.49976248 0.21572226
vt 0.88676119 0.55020928
vt 0.87002856 0.54845363
vt 0.4742406 0.95106798
vt 0.5255636 0.96995324
vt 0.6684379 0.77586091
vt 0.84079844 0.67163181
vt 0.84131414 0.67164141
vt 0.66793418 0.77565265
vt 0.46240869 0.41539431
vt 0.90424675 0.88109303
vt 0.46292508 0.41538608
vt 0.90375453 0.88132477
vt 0.46240532 0.41671896
vt 0.84077066 0.67015421
vt 0.66854841 0.77425611
vt 0.90438795 0.88257009
vt 0.46292722 0.41662991
vt 0.84129393 0.67023963
vt 0.66803533 0.77422297
vt 0.90387905 0.88257915
vt 0.88662452 0.55084199
vt 0.8701486 0.54909068
vt 0.89212304 0.55022061
vt 0.54050601 0.34346175
vt 0.47960266 0.95106798
vt 0.98209816 0.45237684
vt 0.46242094 0.40839684
vt 0.90357053 0.87432909
vt 0.98160487 0.45236802
vt 0.46291459 0.40838623
vt 0.9821071 0.4530111
vt 0.98159355 0.45300055
vt 0.90356916 0.87370455
vt 0.90358067 0.87495536
vt 0.46292722 0.40901989
vt 0.46241289 0.40903062
vt 0.47403693 0.94792336
vt 0.52556694 0.96680021
vt 0.45897394 0.86296219
vt 0.52525568 0.88027382
vt 0.45862901 0.86003518
vt 0.52524626 0.87731874
vt 0.51749659 0.96983886
vt 0.83637118 0.67644221
vt 0.51706254 0.97013766
vt 0.83590806 0.67712873
vt 0.83610415 0.68054831
vt 0.51748729 0.96680021
vt 0.51705432 0.96679431
vt 0.83567154 0.68047678
vt 0.51717174 0.8802731
vt 0.82101071 0.76558119
vt 0.51673567 0.88024414
vt 0.82058781 0.76544535
vt 0.51716733 0.87731862
vt 0.82067525 0.76842302
vt 0.51673162 0.87730235
vt 0.82024419 0.76834923
vt 0.52092004 0.97661817
vt 0.46052107 0.41533196
vt 0.45863748 0.41405201
vt 0.51968908 0.97778124
vt 0.83811295 0.67191428
vt 0.51796925 0.97392702
vt 0.51730204 0.9745506
vt 0.83632678 0.67278111
vt 0.46060356 0.41655803
vt 0.83896095 0.67028803
vt 0.51905477 0.97541219
vt 0.45856586 0.41589844
vt 0.51796103 0.97689843
vt 0.83681583 0.6704753
vt 0.52488363 0.9768641
vt 0.4579927 0.40903318
vt 0.45755136 0.4090246
vt 0.52488577 0.97730404
vt 0.98654038 0.45301121
vt 0.86309355 0.54909152
vt 0.86266094 0.54907644
vt 0.98698217 0.45299882
vt 0.45811993 0.40839887
vt 0.98641253 0.45237595
vt 0.86319977 0.54844999
vt 0.52552974 0.97675145
vt 0.86276805 0.54841429
vt 0.98686403 0.45235127
vt 0.45766786 0.40837449
vt 0.52556527 0.97719288
vt 0.66898584 0.77649432
vt 0.90477759 0.8806662
vt 0.66914093 0.77431303
vt 0.90496802 0.88247019
vt 0.67602038 0.77934861
vt 0.37103635 0.66675311
vt 0.91206223 0.87795895
vt 0.99364728 0.43725765
vt 0.67630106 0.77851766
vt 0.91232485 0.87877023
vt 0.37103635 0.66773337
vt 0.99364728 0.43627006
vt 0.54550385 0.43697262
vt 0.99197793 0.43725759
vt 0.36938256 0.66675311
vt 0.54656947 0.43803865
vt 0.36938268 0.66773337
vt 0.54581553 0.43772572
vt 0.99197793 0.43627006
vt 0.67123842 0.7747978
vt 0.90703791 0.88200408
vt 0.67313868 0.77578944
vt 0.90894216 0.88109899
vt 0.67485738 0.77706975
vt 0.91069728 0.87995231
vt 0.67436469 0.77922064
vt 0.67276657 0.77817148
vt 0.67100775 0.77772623
vt 0.90674704 0.87956756
vt 0.90851432 0.87826037
vt 0.91023135 0.87780297
vt 0.52553415 0.77806115
vt 0.47424042 0.7620967
vt 0.92494392 0.44045401
vt 0.98634619 0.0025047064
vt 0.84100926 0.77178013
vt 0.66814339 0.87592852
vt 0.66784036 0.87592852
vt 0.84131414 0.77178013
vt 0.66843712 0.97599465
vt 0.84074831 0.87194306
vt 0.66793346 0.97620296
vt 0.84126019 0.87192833
vt 0.90069616 0.14775044
vt 0.5687573 0.44779336
vt 0.5682658 0.4475621
vt 0.90121025 0.14776093
vt 0.84075177 0.87339681
vt 0.9007082 0.14643723
vt 0.56889838 0.44631857
vt 0.66854763 0.97759932
vt 0.56839007 0.44630969
vt 0.66803455 0.97763246
vt 0.84126353 0.87330395
vt 0.90122354 0.14653033
vt 0.9248234 0.44109064
vt 0.98648298 0.0031375289
vt 0.46491736 0.34346175
vt 0.47960266 0.85658234
vt 0.38932875 0.34346175
vt 0.47960266 0.7620967
vt 0.98098385 0.0025160313
vt 0.90071958 0.1547448
vt 0.99198753 0.42934489
vt 0.90121281 0.15475357
vt 0.99150389 0.42934775
vt 0.56808305 0.45454627
vt 0.99199563 0.42871743
vt 0.56807595 0.45518672
vt 0.99150008 0.42872792
vt 0.90122354 0.15412062
vt 0.5680986 0.45391858
vt 0.90070975 0.15411115
vt 0.52554309 0.78120005
vt 0.47403681 0.76524127
vt 0.52524447 0.86744869
vt 0.45897394 0.85020214
vt 0.52524078 0.87039775
vt 0.45862901 0.85312951
vt 0.52524126 0.87385744
vt 0.45850775 0.85658234
vt 0.51750815 0.77817523
vt 0.83631623 0.86712706
vt 0.51707292 0.77787983
vt 0.83586645 0.8664341
vt 0.83605719 0.86302078
vt 0.51749432 0.78120071
vt 0.5170635 0.78120625
vt 0.83562493 0.86309284
vt 0.5171814 0.86744976
vt 0.82100594 0.77796918
vt 0.51674664 0.86747843
vt 0.82058269 0.77810508
vt 0.51716709 0.87385756
vt 0.82055652 0.77177483
vt 0.51673162 0.87385744
vt 0.82012248 0.77177471
vt 0.51717222 0.87039846
vt 0.82067275 0.77512699
vt 0.51673698 0.87041432
vt 0.82024145 0.77520049
vt 0.52092087 0.77138877
vt 0.89880323 0.14780128
vt 0.5197444 0.77012998
vt 0.89692581 0.14909911
vt 0.83842611 0.87171149
vt 0.51799297 0.77410769
vt 0.51682484 0.77253014
vt 0.83664036 0.87168288
vt 0.83897293 0.87330347
vt 0.89892185 0.14657474
vt 0.51850939 0.772003
vt 0.51724911 0.77080226
vt 0.83704931 0.87332636
vt 0.89698654 0.14660561
vt 0.52489138 0.77117807
vt 0.89628565 0.1541183
vt 0.52490449 0.77075142
vt 0.89584416 0.15412748
vt 0.99642819 0.42871732
vt 0.93187773 0.44109184
vt 0.93229848 0.44107664
vt 0.99687243 0.42873001
vt 0.99629945 0.42935318
vt 0.8964144 0.15475285
vt 0.52552974 0.77129614
vt 0.93177205 0.44045466
vt 0.52556694 0.77086473
vt 0.89596188 0.154778
vt 0.93219846 0.44042331
vt 0.9967519 0.42937928
vt 0.66894269 0.87592852
vt 0.66898513 0.97536105
vt 0.5692873 0.4482193
vt 0.5694775 0.44641823
vt 0.66914004 0.97754258
vt 0.37103635 0.55097628
vt 0.67602038 0.87592852
vt 0.37103635 0.43524861
vt 0.67602015 0.97250664
vt 0.91772354 0.44323754
vt 0.57655865 0.45092446
vt 0.37103647 0.43426943
vt 0.91772354 0.44226289
vt 0.57682121 0.45011455
vt 0.67630106 0.97333771
vt 0.36938316 0.55097628
vt 0.64301836 0.43803561
vt 0.74053133 0.43696845
vt 0.9193716 0.44323754
vt 0.36938375 0.43524861
vt 0.73946762 0.43803537
vt 0.36938387 0.43426943
vt 0.7402209 0.43772167
vt 0.91937137 0.44226289
vt 0.57154417 0.44688445
vt 0.67123753 0.97705781
vt 0.5734452 0.4477886
vt 0.6731379 0.97606641
vt 0.57519698 0.44893396
vt 0.67485696 0.9747861
vt 0.67436439 0.97263449
vt 0.67276549 0.97368419
vt 0.6710068 0.97412938
vt 0.57125312 0.44931686
vt 0.57301712 0.4506222
vt 0.57473135 0.45107955
vt 0.67098117 0.87592852
vt 0.67275411 0.87592852
vt 0.67437881 0.87592852
vt 0.88676083 0.97644442
vt 0.87002808 0.97452557
vt 0.44817615 0.7620942
vt 0.85510254 0.67819238
vt 0.64286774 0.97605073
vt 0.81458771 0.87193692
vt 0.81510019 0.87192309
vt 0.64236408 0.97625893
vt 0.4274691 0.40959167
vt 0.90428585 0.4417932
vt 0.42798159 0.4096027
vt 0.90379584 0.44156277
vt 0.4274821 0.40828919
vt 0.81458497 0.87339425
vt 0.64297831 0.97765517
vt 0.9044261 0.44032311
vt 0.42799386 0.40838128
vt 0.81509864 0.8733027
vt 0.64246529 0.97768855
vt 0.90391964 0.44031441
vt 0.88662404 0.97581178
vt 0.87014848 0.97388923
vt 0.89212316 0.97643328
vt 0.54050601 0.0024988055
vt 0.45353818 0.7620942
vt 0.98209703 0.87905139
vt 0.42748979 0.41658503
vt 0.90361387 0.448524
vt 0.9816137 0.87905407
vt 0.42798325 0.41659373
vt 0.98210549 0.87842405
vt 0.98161 0.87843436
vt 0.90360618 0.44916403
vt 0.9036299 0.44789815
vt 0.42799386 0.41596073
vt 0.42747983 0.41595119
vt 0.44797271 0.76523882
vt 0.85510528 0.6813361
vt 0.43290973 0.85019964
vt 0.85479635 0.767591
vt 0.43256477 0.85312694
vt 0.85479093 0.77053934
vt 0.84705812 0.67830682
vt 0.81015688 0.8671211
vt 0.80970442 0.86642921
vt 0.84662539 0.67801183
vt 0.80989707 0.86301506
vt 0.84705025 0.6813361
vt 0.80946493 0.8630867
vt 0.84661877 0.68134189
vt 0.84673369 0.76759154
vt 0.79484791 0.77796841
vt 0.79442471 0.77810407
vt 0.84629887 0.76762015
vt 0.84672517 0.77053922
vt 0.79451436 0.77512634
vt 0.79408336 0.77519977
vt 0.84629017 0.7705552
vt 0.85047662 0.67151129
vt 0.42509064 0.40976059
vt 0.42368892 0.41026145
vt 0.84864205 0.67019546
vt 0.81187683 0.87169623
vt 0.84753054 0.67422384
vt 0.81021839 0.87144279
vt 0.84659851 0.67292535
vt 0.42572191 0.40829575
vt 0.81281507 0.87342238
vt 0.84826279 0.67225337
vt 0.42379183 0.40858912
vt 0.81084991 0.87336576
vt 0.84701085 0.67087114
vt 0.85444885 0.67129052
vt 0.42305085 0.41595948
vt 0.42260969 0.41597366
vt 0.85445774 0.6708588
vt 0.98653769 0.87842393
vt 0.86309439 0.9738884
vt 0.86267358 0.97390318
vt 0.98698217 0.87843645
vt 0.42318168 0.41659433
vt 0.98640907 0.87905955
vt 0.86320019 0.97452521
vt 0.85509068 0.67140675
vt 0.8627736 0.97455698
vt 0.98686171 0.87908596
vt 0.42273059 0.41662157
vt 0.85512727 0.67097139
vt 0.64341575 0.97541708
vt 0.90481412 0.44221771
vt 0.6435709 0.97759855
vt 0.90500331 0.44042242
vt 0.65045094 0.97256261
vt 0.94875526 0.19337809
vt 0.91206336 0.44491231
vt 0.99362636 0.95564854
vt 0.65073222 0.97339362
vt 0.91232485 0.44410491
vt 0.94875526 0.19239879
vt 0.99362636 0.9566232
vt 0.54550457 0.0035668015
vt 0.99197865 0.95564854
vt 0.54656845 0.0024995208
vt 0.94710279 0.19337797
vt 0.54581493 0.0028133988
vt 0.94710279 0.19239867
vt 0.99197853 0.9566232
vt 0.64566827 0.97711384
vt 0.90706348 0.44088662
vt 0.64756876 0.9761222
vt 0.90895861 0.44178736
vt 0.64928776 0.97484195
vt 0.91070527 0.44292843
vt 0.64879519 0.97269034
vt 0.64719629 0.9737401
vt 0.64543742 0.97418547
vt 0.90677392 0.44331121
vt 0.90853238 0.44461203
vt 0.91024137 0.44506752
vt 0.85510176 0.87000555
vt 0.44817632 0.95106536
vt 0.92493129 0.86652637
vt 0.98634619 0.42873967
vt 0.81485063 0.77177989
vt 0.64257437 0.87598467
vt 0.64227122 0.87598467
vt 0.81515551 0.77177989
vt 0.64286864 0.7759167
vt 0.81464243 0.67162347
vt 0.6423648 0.77570844
vt 0.81515551 0.67163754
vt 0.39404818 0.41539872
vt 0.56877124 0.88716853
vt 0.56828064 0.88739991
vt 0.39456478 0.41539025
vt 0.39404818 0.41672397
vt 0.81464028 0.6701628
vt 0.56891209 0.88864046
vt 0.6429792 0.77431208
vt 0.56840497 0.88864952
vt 0.64246613 0.77427882
vt 0.39457002 0.41663367
vt 0.81515503 0.67025459
vt 0.92481112 0.86588967
vt 0.98648286 0.4281069
vt 0.46491736 0.0024988055
vt 0.45353818 0.85657972
vt 0.38932863 0.0024988055
vt 0.45353818 0.95106536
vt 0.98098433 0.42872834
vt 0.39406368 0.40840018
vt 0.99198884 0.0026705265
vt 0.39455745 0.40838975
vt 0.99149519 0.0026615858
vt 0.56809455 0.88042772
vt 0.99199718 0.0033048391
vt 0.56809258 0.87980294
vt 0.99148363 0.0032944679
vt 0.39457002 0.40902323
vt 0.56810588 0.88105214
vt 0.39405543 0.40903389
vt 0.85510153 0.86685205
vt 0.44797283 0.94792092
vt 0.85480231 0.78040856
vt 0.43290973 0.86295992
vt 0.85479379 0.77745628
vt 0.43256477 0.8600328
vt 0.85479021 0.77399701
vt 0.43244365 0.85657972
vt 0.84702963 0.86988866
vt 0.81020927 0.67643666
vt 0.80975646 0.67712843
vt 0.84659851 0.87018663
vt 0.80994713 0.68054235
vt 0.84702516 0.86685079
vt 0.80951482 0.68047047
vt 0.84659237 0.86684453
vt 0.84672564 0.78040689
vt 0.79485136 0.7655803
vt 0.79442847 0.76544428
vt 0.84628981 0.78037763
vt 0.84672052 0.77399635
vt 0.79439783 0.77177429
vt 0.79396373 0.77177417
vt 0.84628528 0.77399611
vt 0.84672111 0.77745515
vt 0.79451615 0.76842225
vt 0.79408509 0.76834857
vt 0.8462857 0.77743852
vt 0.85046834 0.87671554
vt 0.39216071 0.41533351
vt 0.39017704 0.41405386
vt 0.84929222 0.87782091
vt 0.81193441 0.67186773
vt 0.84749049 0.87398493
vt 0.81027526 0.67251194
vt 0.84650189 0.87485737
vt 0.3921822 0.41662121
vt 0.81280071 0.67035246
vt 0.8485626 0.87551993
vt 0.38960445 0.41655242
vt 0.81028801 0.67087972
vt 0.84705395 0.87643373
vt 0.85444766 0.87693393
vt 0.38963544 0.40903449
vt 0.3891941 0.40902567
vt 0.85445219 0.87736756
vt 0.9964307 0.0033048391
vt 0.93186569 0.86588907
vt 0.93229848 0.86590403
vt 0.99687243 0.0032925606
vt 0.99630302 0.002669692
vt 0.38976297 0.40840018
vt 0.85509217 0.87681848
vt 0.9317596 0.8665303
vt 0.38931105 0.40837562
vt 0.85512727 0.87725747
vt 0.93219131 0.86656612
vt 0.99675423 0.0026450157
vt 0.64337361 0.87598467
vt 0.64341646 0.77655029
vt 0.56930017 0.88674325
vt 0.56949031 0.88854104
vt 0.64357173 0.77436882
vt 0.94875515 0.30910599
vt 0.65045124 0.87598467
vt 0.94875526 0.42488277
vt 0.650451 0.77940452
vt 0.91772258 0.96162862
vt 0.57655948 0.88404381
vt 0.91772258 0.96261609
vt 0.94875526 0.42586267
vt 0.57682121 0.88485229
vt 0.65073222 0.77857369
vt 0.64301783 0.0024995208
vt 0.94710207 0.30910599
vt 0.74053097 0.0035671592
vt 0.91939223 0.96162862
vt 0.73946732 0.0024995804
vt 0.94710147 0.42488277
vt 0.7402209 0.0028136373
vt 0.91939223 0.96261609
vt 0.94710147 0.42586267
vt 0.57155311 0.88807583
vt 0.64566916 0.77485371
vt 0.57345062 0.88717359
vt 0.64756954 0.77584553
vt 0.57519948 0.8860305
vt 0.64928818 0.7771256
vt 0.64879543 0.77927661
vt 0.64719719 0.77822721
vt 0.64543849 0.77778202
vt 0.57126284 0.88564783
vt 0.57302374 0.88434488
vt 0.57473481 0.88388878
vt 0.64541191 0.87598467
vt 0.64718479 0.87598467
vt 0.64880979 0.87598467
vt 0.73946726 0.0035668612
vt 0.64301789 0.0035665035
vt 0.54656845 0.0035668612
vt 0.73946762 0.43696845
vt 0.64301831 0.43696856
vt 0.54656881 0.43697107
vt 0.56860834 0.88042217
vt 0.56918293 0.88041669
vt 0.57121742 0.88040388
vt 0.57303429 0.88040143
vt 0.57477498 0.88040769
vt 0.91772258 0.95726454
vt 0.57661241 0.88042086
vt 0.74052972 0.007167697
vt 0.91939223 0.95726478
vt 0.73946726 0.0071677566
vt 0.64301783 0.0071677566
vt 0.54656845 0.0071679354
vt 0.54550451 0.0071679354
vt 0.99197876 0.95134163
vt 0.91211647 0.4485302
vt 0.99362659 0.95134163
vt 0.91028249 0.44854379
vt 0.90854323 0.44855022
vt 0.90672785 0.4485476
vt 0.90469521 0.44853437
vt 0.90413493 0.44852889
vt 0.56860501 0.45455128
vt 0.56916612 0.45455688
vt 0.57120645 0.45457047
vt 0.57302696 0.45457333
vt 0.57477391 0.45456666
vt 0.91772354 0.44754541
vt 0.57661015 0.45455289
vt 0.7405315 0.43336642
vt 0.9193716 0.44754553
vt 0.73946762 0.43336636
vt 0.64301831 0.43336642
vt 0.54656899 0.43336654
vt 0.54549569 0.43336654
vt 0.99197793 0.44162256
vt 0.91211611 0.87432247
vt 0.99364728 0.44162238
vt 0.91027272 0.87430894
vt 0.90852427 0.87430304
vt 0.90670252 0.87430549
vt 0.90466064 0.87431836
vt 0.90408486 0.87432384
vn -0.9817428 0.19021325 0
vn -1.5641434e-06 0.21292872 -0.97706774
vn 0 -1 0
vn 0.017125342 -0.018677193 -0.99967889
vn 0.0046639742 0.98608289 -0.16618902
vn 0.0011894838 0.99988804 0.014916358
vn 0.0047603949 0.89727457 0.44144727
vn 0.0052923509 0.8988696 -0.43818424
vn 0.99811414 0.040389075 0.046226481
vn 0.98945356 0.059557882 -0.13203982
vn 0.93731759 0.046221512 0.34539732
vn 0.94754151 0.051939565 -0.31538448
vn 0.63335224 0.77385035 0.0045356994
vn 0.63335224 0.77385035 0.0045356994
vn 0.66695775 0.74366161 0.046203514
vn 0.66695775 0.74366161 0.046203514
vn 0.62300993 0.68732602 0.37341875
vn 0.62300993 0.68732602 0.37341875
vn 0.66321456 0.72612214 -0.18136451
vn 0.66321456 0.72612214 -0.18136451
vn -0.99976055 0.00013428368 0.021882228
vn -7.4807948e-07 0.00031312554 -0.99999995
vn -0.9997606 0.00015818979 0.021879827
vn 0 0 -1
vn 0 -1 0
vn 0.98318785 0.18104444 0.023760455
vn 0.98319391 -0.18100653 0.023798524
vn 0.93866438 0 -0.3448321
vn 0.96737546 0.093718812 0.23537524
vn 0.96738521 -0.093702165 0.23534178
vn 0.99934815 0.00027196852 0.036099923
vn 0.93841798 0.00014344212 0.34550206
vn 0.93865835 0 -0.34484851
vn 0.93869256 -6.1203171e-06 -0.3447554
vn 0.94172953 -0.0081508382 0.33627229
vn 0.99872497 -0.021185279 0.04582169
vn 0 -1 0
vn 0.17101212 -0.020862816 -0.98504802
vn 0 -1 0
vn 0.1726644 -0.021054081 -0.98475567
vn 0 -1 0
vn 0.072821202 -0.021218332 -0.99711928
vn 0.047904415 0.031602543 -0.99835186
vn 0.043675445 0.99038247 -0.13128223
vn 0.11888734 0.79041892 -0.60091907
vn 0.11888734 0.79041892 -0.60091907
vn 0.0021433783 0.9999199 -0.012473828
vn 0.17102873 -2.9891728e-05 -0.98526604
vn 0.11976376 0.71294434 -0.69091751
vn 0.11976376 0.71294434 -0.69091751
vn 0.17269921 -0.00010993134 -0.9849746
vn 0.0021224695 0.99992394 -0.012149753
vn 0.12115197 0.71257692 -0.69105451
vn 0.12115197 0.71257692 -0.69105451
vn 0.072838586 -0.00061707196 -0.99734355
vn 0.001152724 0.99987685 -0.015650778
vn 0.051538748 0.70621564 -0.70611842
vn 0.051538748 0.70621564 -0.70611842
vn 0.16779509 0.056235719 -0.98421662
vn 0.99475762 0.080123486 -0.063541429
vn 0.87701707 0.21966643 -0.42730283
vn 0.87701707 0.21966643 -0.42730283
vn 0.21895083 0.94608574 -0.23870966
vn 0.044997242 0.099971049 -0.99397235
vn 0.30176442 0.77033232 -0.56171732
vn 0.30176442 0.77033232 -0.56171732
vn 0.65009881 0.70784784 -0.27626613
vn 0.65009881 0.70784784 -0.27626613
vn 0.14336445 0.1266625 -0.98153107
vn 0.61254521 0.56933959 -0.5483072
vn 0.61254521 0.56933959 -0.5483072
vn 0.61254521 0.56933959 -0.5483072
vn 0.14705216 -0.013169246 -0.98904107
vn 0.99949978 -0.014078075 -0.028319511
vn 0.93462769 0.038176299 -0.3535727
vn 0.93462769 0.038176299 -0.3535727
vn 0.99945827 0.00030947475 -0.032910025
vn 0.023077771 0.00032490305 -0.99973362
vn 0.73292694 0.00039477645 -0.68030724
vn 0.73292694 0.00039477645 -0.68030724
vn 0.97985666 -0.19709746 -0.032148393
vn 0.97988437 0.19688937 -0.03257595
vn 0.022911383 0.21700168 -0.97590232
vn 0.044121662 -0.22134369 -0.97419723
vn 0.70568355 0.27738685 -0.65197183
vn 0.70568355 0.27738685 -0.65197183
vn 0.70862651 -0.2819795 -0.64678901
vn 0.70862651 -0.2819795 -0.64678901
vn 0.0051707887 0.99324049 0.11595944
vn 0.98525277 0.070905956 0.15572192
vn 0.62654233 0.72876119 0.27631837
vn 0.62654233 0.72876119 0.27631837
vn 0.0010963231 0.22383305 0.97462688
vn 0.0032508227 0.99999472 -1.6862289e-08
vn 0.1992217 0.018686866 0.97977626
vn 0.9974718 0.071063344 0
vn 0.13731528 0.13463137 0.98133527
vn 0.13731528 0.13463137 0.98133527
vn 0.70816394 0.70604804 8.4517518e-09
vn 0.70816394 0.70604804 8.4517518e-09
vn 0.81574516 0.058118405 0.57548422
vn 0.81574516 0.058118405 0.57548422
vn 0.0025696903 0.791651 0.61096816
vn 0.0025696903 0.791651 0.61096816
vn 0.66082526 0.65819002 0.36068807
vn 0.66082526 0.65819002 0.36068807
vn 0.66082526 0.65819002 0.36068807
vn 0.59035826 0.64485455 0.48542737
vn 0.59035826 0.64485455 0.48542737
vn 0.47013219 0.45756154 0.75472721
vn 0.47013219 0.45756154 0.75472721
vn 0.2938626 0.27249866 0.91618189
vn 0.2938626 0.27249866 0.91618189
vn 0.0028188748 0.44884822 0.89360356
vn 0.0051787516 0.7845992 0.61998167
vn 0.0056684859 0.95195097 0.30619799
vn 0.92827907 0.075553906 0.36412852
vn 0.72763149 0.07071057 0.68231402
vn 0.41676991 0.043323079 0.90797905
vn -0.016696722 -0.018214977 -0.99969467
vn 0 -1 0
vn 1.5550446e-06 0.21293574 -0.97706621
vn 0.98174178 0.19021851 0
vn -1.7631798e-05 0.99989434 0.014536483
vn -1.6952876e-05 0.9855181 -0.16957024
vn 1.8898783e-09 0.89688463 -0.44226459
vn 3.4648122e-09 0.89646964 0.44310516
vn -0.0046666149 0.98608248 -0.16619133
vn -0.0011208057 0.99988753 0.014955404
vn -0.0052907712 0.89886304 -0.43819772
vn -0.0047692268 0.89725953 0.44147774
vn -0.99811108 0.040429389 0.046257338
vn -0.98945524 0.059554716 -0.13202868
vn -0.94754389 0.051939557 -0.31537732
vn -0.9371528 0.04621619 0.34584489
vn -0.64195795 0.76672525 0.0047304776
vn -0.64195795 0.76672525 0.0047304776
vn -0.66695821 0.74366122 0.046203188
vn -0.66695821 0.74366122 0.046203188
vn -0.66321509 0.7261198 -0.18137195
vn -0.66321509 0.7261198 -0.18137195
vn -0.62300947 0.68732705 0.37341763
vn -0.62300947 0.68732705 0.37341763
vn 7.0780512e-07 0.00031648947 -0.99999995
vn 0.99976055 0.00013656914 0.021882232
vn 0 0 -1
vn 0 -1 0
vn 0 0 -1
vn 0 -1 0
vn 0.9997606 0.00015857164 0.021879826
vn -0.98319418 -0.18100565 0.023794137
vn -0.98318736 0.18104181 0.023800842
vn -0.96738719 -0.093702315 0.2353336
vn -0.96737589 0.093735921 0.23536668
vn -0.93866444 -1.6556584e-05 -0.34483193
vn -0.99934827 0.00027332454 0.036096673
vn -0.93866461 0 -0.34483147
vn -0.93842557 0.00014422457 0.34548146
vn -0.94173281 -0.0081503908 0.33626311
vn -0.93869575 -1.3404705e-05 -0.34474669
vn -0.99872517 -0.021192564 0.045813803
vn -0.17101191 -0.02086164 -0.98504808
vn 0 -1 0
vn -0.17261641 -0.020953212 -0.98476624
vn 0 -1 0
vn -0.072821187 -0.021215734 -0.99711933
vn 0 -1 0
vn 0 -0.021274758 -0.99977367
vn 0 -1 0
vn -0.047741112 0.043113232 -0.99792887
vn -0.01597237 0.99798855 -0.06134923
vn -0.056825942 0.85095518 -0.52215524
vn -0.056825942 0.85095518 -0.52215524
vn -0.0021458938 0.99992015 -0.012453526
vn -0.17104132 -2.3528933e-05 -0.98526386
vn -0.11976485 0.71296599 -0.69089498
vn -0.11976485 0.71296599 -0.69089498
vn -0.17266528 -0.0001104623 -0.98498055
vn -0.00211717 0.99992408 -0.012139082
vn -0.12115002 0.71259387 -0.69103737
vn -0.12115002 0.71259387 -0.69103737
vn 1.2749557e-07 -0.00071580711 -0.99999974
vn -5.530659e-06 0.99987558 -0.015773877
vn -1.2643044e-07 0.70476788 -0.70943797
vn -1.2643044e-07 0.70476788 -0.70943797
vn -0.072844839 -0.00061768152 -0.99734309
vn -0.0011611283 0.99987608 -0.015699858
vn -0.051538237 0.70621622 -0.70611788
vn -0.051538237 0.70621622 -0.70611788
vn -0.19568405 0.031077425 -0.98017445
vn -0.9972815 0.063115921 -0.038026219
vn -0.93037478 0.12851724 -0.34334543
vn -0.93037478 0.12851724 -0.34334543
vn -0.13378893 0.98956634 -0.053469506
vn -0.030914675 0.11692129 -0.99265991
vn -0.15253992 0.88581965 -0.43824093
vn -0.15253992 0.88581965 -0.43824093
vn -0.69433698 0.71644977 -0.067792942
vn -0.69433698 0.71644977 -0.067792942
vn -0.15192478 0.098113391 -0.98351036
vn -0.71523301 0.55978009 -0.41843518
vn -0.71523301 0.55978009 -0.41843518
vn -0.71523301 0.55978009 -0.41843518
vn -0.14705488 -0.013167218 -0.98904069
vn -0.99949994 -0.014077197 -0.028314195
vn -0.93462818 0.038177942 -0.35357121
vn -0.93462818 0.038177942 -0.35357121
vn -0.99945862 0.00030462072 -0.032899321
vn -0.023077354 0.00032575429 -0.99973363
vn -0.73292336 0.00044822691 -0.68031106
vn -0.73292336 0.00044822691 -0.68031106
vn -0.97988405 0.19689348 -0.032560805
vn -0.97985773 -0.19709331 -0.032141238
vn -0.044118617 -0.22134975 -0.97419599
vn -0.022902514 0.21702056 -0.97589833
vn -0.70863257 -0.28198387 -0.64678047
vn -0.70863257 -0.28198387 -0.64678047
vn -0.70565536 0.27738763 -0.652002
vn -0.70565536 0.27738763 -0.652002
vn -3.6023617e-06 0.99359764 0.11297664
vn -0.0051736831 0.9932416 0.1159498
vn -0.98525403 0.070905726 0.15571406
vn -0.62654061 0.72876096 0.27632285
vn -0.62654061 0.72876096 0.27632285
vn 0 1 0
vn 0 0.2240476 0.9745782
vn -0.0032543093 0.9999947 0
vn -0.0010965395 0.22383284 0.97462693
vn -0.99747121 0.071071674 -1.9804767e-06
vn -0.19922136 0.018687254 0.97977632
vn -0.70851562 0.70569513 0
vn -0.70851562 0.70569513 0
vn -0.1373149 0.13463194 0.98133524
vn -0.1373149 0.13463194 0.98133524
vn 0 0.79051891 0.61243763
vn 0 0.79051891 0.61243763
vn -0.81574558 0.058125201 0.57548294
vn -0.81574558 0.058125201 0.57548294
vn -0.0025781094 0.79165802 0.61095903
vn -0.0025781094 0.79165802 0.61095903
vn -0.66059443 0.65842029 0.36069061
vn -0.66059443 0.65842029 0.36069061
vn -0.66059443 0.65842029 0.36069061
vn -0.59035681 0.64485494 0.48542862
vn -0.59035681 0.64485494 0.48542862
vn -0.47013075 0.45756797 0.75472421
vn -0.47013075 0.45756797 0.75472421
vn -0.29386224 0.27249923 0.91618183
vn -0.29386224 0.27249923 0.91618183
vn -0.0028189828 0.44884674 0.89360431
vn -0.0051749421 0.78459743 0.61998395
vn -0.0056690125 0.95195231 0.30619382
vn -0.92829472 0.075515419 0.36409661
vn -0.72766448 0.070688412 0.68228114
vn -0.41676987 0.043323614 0.90797904
vn -4.3330031e-10 0.95283639 0.30348447
vn 4.6682636e-07 0.78631504 0.61782576
vn -8.2223152e-08 0.44917642 0.89344308
vn -0.9817428 -0.19021325 0
vn -1.5551057e-06 -0.21294381 -0.97706445
vn 0 1 0
vn 0.016831572 0.018356698 -0.99968982
vn 0.0046234454 -0.98607246 -0.16625202
vn 0.00096876921 -0.99988575 0.015084503
vn 0.0047707514 -0.89718524 0.44162868
vn 0.0052725256 -0.89878345 -0.43836117
vn 0.99830043 -0.034824893 0.046727739
vn 0.98945441 -0.059551703 -0.1320362
vn 0.93714827 -0.046223768 0.34585617
vn 0.94754579 -0.051972201 -0.31536623
vn 0.65134402 -0.7569185 0.053154026
vn 0.65134402 -0.7569185 0.053154026
vn 0.66696432 -0.74365558 0.046205753
vn 0.66696432 -0.74365558 0.046205753
vn 0.62303166 -0.6872602 0.37350365
vn 0.62303166 -0.6872602 0.37350365
vn 0.66324243 -0.72607431 -0.18145404
vn 0.66324243 -0.72607431 -0.18145404
vn -0.99976055 -0.00013428183 0.021882231
vn -7.6927241e-07 -0.00032034934 -0.99999995
vn -0.9997606 -0.00015819072 0.021879825
vn 0 0 -1
vn 0 1 7.674165e-07
vn 0.98318668 -0.18105097 0.02375927
vn 0.9831902 0.18103202 0.023758067
vn 0.93866514 0 -0.34483003
vn 0.96737803 -0.093715186 0.23536612
vn 0.96738204 0.093709584 0.23535185
vn 0.99934823 -0.00027315315 0.036097768
vn 0.93841996 -0.00014790891 0.34549668
vn 0.93865829 0 -0.34484869
vn 0.93869293 6.7173692e-06 -0.34475437
vn 0.94172846 0.0081526072 0.33627525
vn 0.99890388 0.019417784 0.042590847
vn 0 1 7.9301338e-07
vn 0.17101217 0.020862943 -0.98504801
vn 0 1 6.2731357e-07
vn 0.17266462 0.020954098 -0.98475776
vn 0 1 0
vn 0.072821165 0.021215628 -0.99711934
vn 0.046076687 -0.032259633 -0.99841687
vn 0.021689411 -0.99672309 -0.077927282
vn 0.064576078 -0.82220911 -0.56551049
vn 0.064576078 -0.82220911 -0.56551049
vn 0.0021423848 -0.9999201 -0.012457953
vn 0.17103916 2.6226043e-06 -0.98526423
vn 0.11975707 -0.71294277 -0.69092029
vn 0.11975707 -0.71294277 -0.69092029
vn 0.17266452 9.1716646e-05 -0.98498069
vn 0.0021173583 -0.99992406 -0.012140871
vn 0.12114573 -0.71257652 -0.69105602
vn 0.12114573 -0.71257652 -0.69105602
vn 0.072844013 0.00059410783 -0.99734317
vn 0.0011559939 -0.99987673 -0.015658578
vn 0.051520565 -0.70623084 -0.70610454
vn 0.051520565 -0.70623084 -0.70610454
vn 0.16868649 -0.03885245 -0.98490373
vn 0.99891983 -0.046208836 -0.0048896409
vn 0.90517747 -0.13332363 -0.40358215
vn 0.90517747 -0.13332363 -0.40358215
vn 0.12818052 -0.98725155 -0.094361718
vn 0.034241546 -0.091987624 -0.99517124
vn 0.1852952 -0.83850793 -0.51241599
vn 0.1852952 -0.83850793 -0.51241599
vn 0.64979853 -0.7560912 -0.078025447
vn 0.64979853 -0.7560912 -0.078025447
vn 0.12962875 -0.096340932 -0.98687122
vn 0.61459587 -0.58535413 -0.52880285
vn 0.61459587 -0.58535413 -0.52880285
vn 0.61459587 -0.58535413 -0.52880285
vn 0.14480594 0.013808019 -0.98936372
vn 0.9996952 0.024604729 -0.0020265355
vn 0.93447018 0.0015093313 -0.35603821
vn 0.93447018 0.0015093313 -0.35603821
vn 0.99945839 -0.00030816349 -0.032906356
vn 0.023088486 -0.00030256809 -0.99973338
vn 0.73291436 -0.00044769042 -0.68032077
vn 0.73291436 -0.00044769042 -0.68032077
vn 0.97985555 0.19710228 -0.032152716
vn 0.97988462 -0.19688953 -0.032567581
vn 0.022901385 -0.21702086 -0.97589829
vn 0.044118582 0.22133198 -0.97420003
vn 0.70568424 -0.27738472 -0.65197199
vn 0.70568424 -0.27738472 -0.65197199
vn 0.70862132 0.28197657 -0.64679598
vn 0.70862132 0.28197657 -0.64679598
vn 0.0051745836 -0.99323853 0.11597604
vn 0.98525432 -0.070906588 0.15571187
vn 0.62654365 -0.72875542 0.27633059
vn 0.62654365 -0.72875542 0.27633059
vn 0.0010949825 -0.22382516 0.9746287
vn 0.0032508523 -0.99999472 0
vn 0.19922278 -0.018687829 0.97977602
vn 0.997471 -0.071074614 -6.6856976e-06
vn 0.13728389 -0.13466542 0.98133499
vn 0.13728389 -0.13466542 0.98133499
vn 0.70815549 -0.70605651 0
vn 0.70815549 -0.70605651 0
vn 0.81574659 -0.058128122 0.57548121
vn 0.81574659 -0.058128122 0.57548121
vn 0.00257954 -0.79166233 0.61095344
vn 0.00257954 -0.79166233 0.61095344
vn 0.66054201 -0.65847236 0.36069157
vn 0.66054201 -0.65847236 0.36069157
vn 0.66054201 -0.65847236 0.36069157
vn 0.59035965 -0.64485088 0.48543056
vn 0.59035965 -0.64485088 0.48543056
vn 0.4701334 -0.45757092 0.75472077
vn 0.4701334 -0.45757092 0.75472077
vn 0.29386134 -0.27250467 0.9161805
vn 0.29386134 -0.27250467 0.9161805
vn 0.0028154181 -0.44884544 0.89360497
vn 0.0051721188 -0.78460352 0.61997626
vn 0.0056655779 -0.95194881 0.30620476
vn 0.92827894 -0.075551365 0.36412938
vn 0.72766792 -0.07069157 0.68227714
vn 0.41677423 -0.043326479 0.9079769
vn -0.01712544 0.018677257 -0.99967889
vn 0 1 0
vn 1.5642605e-06 -0.21294497 -0.97706419
vn 0.9817428 -0.19021325 0
vn -3.9823351e-06 -0.99989385 0.014570172
vn -2.6463529e-06 -0.98550491 -0.16964692
vn -2.1492738e-09 -0.89681782 -0.44240005
vn 2.4086932e-10 -0.89638322 0.44327995
vn -0.0046237552 -0.98607372 -0.16624451
vn -0.0011832658 -0.9998877 0.014939748
vn -0.0052581341 -0.89879529 -0.43833705
vn -0.0047750466 -0.89718215 0.44163491
vn -0.9980582 -0.043798653 0.044288968
vn -0.98945375 -0.059555516 -0.13203949
vn -0.94754727 -0.05197477 -0.31536138
vn -0.93731722 -0.04622137 0.34539835
vn -0.63475784 -0.77270965 -0.0015140029
vn -0.63475784 -0.77270965 -0.0015140029
vn -0.66696261 -0.74365716 0.046205077
vn -0.66696261 -0.74365716 0.046205077
vn -0.66324242 -0.72607579 -0.18144817
vn -0.66324242 -0.72607579 -0.18144817
vn -0.62302705 -0.68726238 0.37350731
vn -0.62302705 -0.68726238 0.37350731
vn 7.4813625e-07 -0.00032091141 -0.99999995
vn 0.99976055 -0.00013428368 0.021882226
vn 0 0 -1
vn 0 1 4.6154992e-07
vn 0 0 -1
vn 0 1 0
vn 0.9997606 -0.00015818979 0.021879825
vn -0.9831926 0.18101435 0.02379317
vn -0.98318832 -0.18103716 0.023796538
vn -0.96738688 0.093710093 0.23533175
vn -0.96737842 -0.093732339 0.23535767
vn -0.93866251 1.6556901e-05 -0.34483721
vn -0.99934841 -0.0002757013 0.036092686
vn -0.93866339 0 -0.34483481
vn -0.93842792 -0.00014727935 0.34547505
vn -0.94172232 0.0081197325 0.33629323
vn -0.93869625 1.308388e-05 -0.34474533
vn -0.99872511 0.02118942 0.045816709
vn -0.17101206 0.020862705 -0.98504803
vn 0 1 0
vn -0.17266427 0.021053923 -0.9847557
vn 0 1 0
vn -0.072821173 0.021218113 -0.99711928
vn 0 1 0
vn -1.1859626e-09 0.021274694 -0.99977367
vn 0 1 0
vn -0.046077798 -0.031561332 -0.99843914
vn -0.020148777 -0.99707801 -0.073684872
vn -0.063388985 -0.81711089 -0.57298485
vn -0.063388985 -0.81711089 -0.57298485
vn -0.0021356585 -0.99992027 -0.012445946
vn -0.17104614 -5.1942626e-06 -0.98526302
vn -0.11976013 -0.71295278 -0.69090943
vn -0.11976013 -0.71295278 -0.69090943
vn -0.17269151 8.5532667e-05 -0.98497596
vn -0.0021226982 -0.9999241 -0.012136369
vn -0.12114277 -0.71258505 -0.69104774
vn -0.12114277 -0.71258505 -0.69104774
vn -1.2074365e-05 0.000748694 -0.99999972
vn -6.7912277e-09 -0.99987521 -0.015797511
vn 4.8203219e-08 -0.70476519 -0.70944064
vn 4.8203219e-08 -0.70476519 -0.70944064
vn -0.072843687 0.00059388433 -0.99734319
vn -0.0011555496 -0.99987599 -0.015705898
vn -0.051520384 -0.70623386 -0.70610154
vn -0.051520384 -0.70623386 -0.70610154
vn -0.15682995 -0.0385233 -0.98687402
vn -0.99355139 -0.093335246 -0.064375245
vn -0.88464246 -0.19790637 -0.42218574
vn -0.88464246 -0.19790637 -0.42218574
vn -0.15618436 -0.98250842 -0.10140836
vn -0.024249165 -0.078140254 -0.99664742
vn -0.18544994 -0.81920895 -0.54268316
vn -0.18544994 -0.81920895 -0.54268316
vn -0.68102199 -0.71092713 -0.17547552
vn -0.68102199 -0.71092713 -0.17547552
vn -0.11308479 -0.078159239 -0.99050642
vn -0.63664581 -0.53587993 -0.55454018
vn -0.63664581 -0.53587993 -0.55454018
vn -0.63664581 -0.53587993 -0.55454018
vn -0.13640478 0.014624681 -0.99054523
vn -0.99950764 0.014182024 -0.02798839
vn -0.9363232 -0.033961932 -0.34949314
vn -0.9363232 -0.033961932 -0.34949314
vn -0.99945845 -0.00029452146 -0.032904626
vn -0.02308741 -0.00030989197 -0.9997334
vn -0.73293154 -0.00044769048 -0.68030225
vn -0.73293154 -0.00044769048 -0.68030225
vn -0.97988514 -0.19688808 -0.03256056
vn -0.97985678 0.19709797 -0.032141668
vn -0.044164883 0.22134624 -0.9741947
vn -0.022900715 -0.21702446 -0.9758975
vn -0.70862893 0.28198086 -0.64678577
vn -0.70862893 0.28198086 -0.64678577
vn -0.70565482 -0.27738429 -0.65200402
vn -0.70565482 -0.27738429 -0.65200402
vn -1.7924563e-06 -0.99359091 0.11303586
vn -0.0051739705 -0.99323812 0.11597962
vn -0.98525438 -0.070908553 0.15571059
vn -0.62654322 -0.72875689 0.27632767
vn -0.62654322 -0.72875689 0.27632767
vn 0 -1 0
vn 0 -0.22404013 0.97457992
vn -0.0032542944 -0.9999947 -7.3410134e-06
vn -0.0010952055 -0.22382526 0.97462868
vn -0.99747041 -0.071082959 0
vn -0.19922284 -0.018688486 0.979776
vn -0.70815186 -0.70606015 -1.8443199e-07
vn -0.70815186 -0.70606015 -1.8443199e-07
vn -0.13731525 -0.13462809 0.98133572
vn -0.13731525 -0.13462809 0.98133572
vn -6.0399787e-06 -0.79051891 0.61243763
vn -6.0399787e-06 -0.79051891 0.61243763
vn -0.81574672 -0.058133978 0.57548044
vn -0.81574672 -0.058133978 0.57548044
vn -0.002567697 -0.79164609 0.61097453
vn -0.002567697 -0.79164609 0.61097453
vn -0.66056041 -0.65845285 0.36069348
vn -0.66056041 -0.65845285 0.36069348
vn -0.66056041 -0.65845285 0.36069348
vn -0.5903581 -0.64485356 0.48542889
vn -0.5903581 -0.64485356 0.48542889
vn -0.47013686 -0.45757208 0.75471791
vn -0.47013686 -0.45757208 0.75471791
vn -0.29386218 -0.2725044 0.91618032
vn -0.29386218 -0.2725044 0.91618032
vn -0.0028676116 -0.44884294 0.89360606
vn -0.0051739313 -0.78460557 0.61997365
vn -0.005666221 -0.95194917 0.30620363
vn -0.92828109 -0.075555481 0.36412304
vn -0.72766806 -0.070692323 0.68227691
vn -0.41677488 -0.043327791 0.90797654
vn 6.7913065e-07 -0.95283286 0.30349555
vn 4.8280879e-06 -0.78632251 0.61781625
vn -4.7964183e-10 -0.44918059 0.89344099
vn -2.0559155e-07 0 1
vn 9.6776187e-10 0 1
vn 9.6776198e-10 0 1
vn 2.5746269e-07 0 1
vn 0 0 1
vn -5.8611992e-08 0 1
vn -0.98585614 4.8434185e-06 -0.16759376
vn -0.99201746 1.1457002e-06 0.12610058
vn -0.94336656 5.3127387e-07 0.33175223
vn -0.74646705 4.2983822e-07 0.66542238
vn -0.40479691 2.6659757e-07 0.91440662
vn -1 0 0
vn -0.20027272 0 0.97974019
vn -0.79147216 3.6161904e-06 0.61120522
vn -0.79147216 3.6161904e-06 0.61120522
vn -2.8432298e-08 0 1
vn 1.2814074e-09 0 1
vn 1.2814079e-09 0 1
vn 0.79147211 0 0.61120529
vn 0.79147211 0 0.61120529
vn 0.20027262 0 0.97974021
vn 1 0 0
vn 0.40479679 -1.6074969e-06 0.91440667
vn 0.74646699 2.1360153e-07 0.66542244
vn 0.94336553 -2.807796e-07 0.33175515
vn 0.99201707 2.1995901e-06 0.12610368
vn 0.98585584 -1.3432236e-07 -0.16759553
vn -0.9858564 -6.2948142e-06 -0.16759226
vn -0.99201746 -5.7285008e-06 0.12610059
vn -0.94336642 -2.2400838e-06 0.33175262
vn -0.74650104 8.3861541e-07 0.66538425
vn -0.40479749 -2.6824205e-07 0.91440636
vn -1 0 0
vn -0.20027296 0 0.97974014
vn -0.79147204 1.3301622e-05 0.61120537
vn -0.79147204 1.3301622e-05 0.61120537
vn 2.2903041e-07 0 1
vn 3.1364594e-10 0 1
vn -2.5715835e-07 0 1
vn 0.791472 -6.1141071e-06 0.61120543
vn 0.791472 -6.1141071e-06 0.61120543
vn 0.20027289 0 0.97974015
vn 1 0 0
vn 0.40479747 -1.5887601e-07 0.91440637
vn 0.74650101 3.8662377e-07 0.66538428
vn 0.94336539 1.4038984e-06 0.33175554
vn 0.99201707 9.0167739e-06 0.12610367
vn 0.98585574 -5.1064545e-07 -0.16759613
usemtl surface_0
f 3214/3214/3214 3159/3159/3159 3224/3224/3224
f 3224/3224/3224 3159/3159/3159 3219/3219/3219
f 3205/3205/3205 3199/3199/3199 3201/3201/3201
f 3205/3205/3205 3202/3202/3202 3199/3199/3199
f 3317/3317/3317 3325/3325/3325 3330/3330/3330
f 3317/3317/3317 3275/3275/3275 3325/3325/3325
f 3219/3219/3219 3159/3159/3159 3198/3198/3198
f 3164/3164/3164 3229/3229/3229 3215/3215/3215
f 3164/3164/3164 3191/3191/3191 3229/3229/3229
f 3161/3161/3161 3218/3218/3218 3199/3199/3199
f 3195/3195/3195 3203/3203/3203 3193/3193/3193
f 3195/3195/3195 3206/3206/3206 3203/3203/3203
f 3197/3197/3197 3337/3337/3337 3210/3210/3210
f 3197/3197/3197 3323/3323/3323 3337/3337/3337
f 3560/3560/3560 3576/3576/3576 3562/3562/3562
f 3560/3560/3560 3578/3578/3578 3576/3576/3576
f 3168/3168/3168 3215/3215/3215 3222/3222/3222
f 3168/3168/3168 3164/3164/3164 3215/3215/3215
f 3211/3211/3211 3279/3279/3279 3207/3207/3207
f 3338/3338/3338 3279/3279/3279 3211/3211/3211
f 3214/3214/3214 3228/3228/3228 3159/3159/3159
f 3202/3202/3202 3161/3161/3161 3199/3199/3199
f 3161/3161/3161 3173/3173/3173 3169/3169/3169
f 3161/3161/3161 3162/3162/3162 3173/3173/3173
f 3163/3163/3163 3170/3170/3170 3174/3174/3174
f 3163/3163/3163 3160/3160/3160 3170/3170/3170
f 3168/3168/3168 3166/3166/3166 3164/3164/3164
f 3168/3168/3168 3172/3172/3172 3166/3166/3166
f 3175/3175/3175 3165/3165/3165 3167/3167/3167
f 3175/3175/3175 3171/3171/3171 3165/3165/3165
f 3279/3279/3279 3162/3162/3162 3161/3161/3161
f 3279/3279/3279 3282/3282/3282 3162/3162/3162
f 3281/3281/3281 3160/3160/3160 3163/3163/3163
f 3281/3281/3281 3280/3280/3280 3160/3160/3160
f 3164/3164/3164 3190/3190/3190 3191/3191/3191
f 3164/3164/3164 3166/3166/3166 3190/3190/3190
f 3445/3445/3445 3186/3186/3186 3187/3187/3187
f 3445/3445/3445 3444/3444/3444 3186/3186/3186
f 3582/3582/3582 3560/3560/3560 3454/3454/3454
f 3191/3191/3191 3236/3236/3236 3229/3229/3229
f 3191/3191/3191 3182/3182/3182 3236/3236/3236
f 3228/3228/3228 3239/3239/3239 3159/3159/3159
f 3580/3580/3580 3578/3578/3578 3560/3560/3560
f 3176/3176/3176 3178/3178/3178 3156/3156/3156
f 3238/3238/3238 3177/3177/3177 3157/3157/3157
f 3238/3238/3238 3233/3233/3233 3177/3177/3177
f 3184/3184/3184 3186/3186/3186 3181/3181/3181
f 3184/3184/3184 3187/3187/3187 3186/3186/3186
f 3491/3491/3491 3234/3234/3234 3492/3492/3492
f 3491/3491/3491 3233/3233/3233 3234/3234/3234
f 3190/3190/3190 3182/3182/3182 3191/3191/3191
f 3190/3190/3190 3185/3185/3185 3182/3182/3182
f 3181/3181/3181 3232/3232/3232 3237/3237/3237
f 3181/3181/3181 3186/3186/3186 3232/3232/3232
f 3444/3444/3444 3232/3232/3232 3186/3186/3186
f 3444/3444/3444 3490/3490/3490 3232/3232/3232
f 3302/3302/3302 3192/3192/3192 3180/3180/3180
f 3302/3302/3302 3194/3194/3194 3192/3192/3192
f 3161/3161/3161 3223/3223/3223 3218/3218/3218
f 3161/3161/3161 3169/3169/3169 3223/3223/3223
f 3714/3714/3714 3257/3257/3257 3712/3712/3712
f 3714/3714/3714 3251/3251/3251 3257/3257/3257
f 3203/3203/3203 3200/3200/3200 3198/3198/3198
f 3203/3203/3203 3204/3204/3204 3200/3200/3200
f 3202/3202/3202 3209/3209/3209 3207/3207/3207
f 3202/3202/3202 3205/3205/3205 3209/3209/3209
f 3204/3204/3204 3206/3206/3206 3208/3208/3208
f 3204/3204/3204 3203/3203/3203 3206/3206/3206
f 3195/3195/3195 3210/3210/3210 3206/3206/3206
f 3195/3195/3195 3197/3197/3197 3210/3210/3210
f 3337/3337/3337 3212/3212/3212 3210/3210/3210
f 3337/3337/3337 3339/3339/3339 3212/3212/3212
f 3340/3340/3340 3211/3211/3211 3213/3213/3213
f 3340/3340/3340 3338/3338/3338 3211/3211/3211
f 3210/3210/3210 3208/3208/3208 3206/3206/3206
f 3210/3210/3210 3212/3212/3212 3208/3208/3208
f 3213/3213/3213 3207/3207/3207 3209/3209/3209
f 3213/3213/3213 3211/3211/3211 3207/3207/3207
f 3215/3215/3215 3225/3225/3225 3222/3222/3222
f 3215/3215/3215 3216/3216/3216 3225/3225/3225
f 3217/3217/3217 3224/3224/3224 3226/3226/3226
f 3217/3217/3217 3214/3214/3214 3224/3224/3224
f 3223/3223/3223 3221/3221/3221 3218/3218/3218
f 3223/3223/3223 3227/3227/3227 3221/3221/3221
f 3226/3226/3226 3219/3219/3219 3220/3220/3220
f 3226/3226/3226 3224/3224/3224 3219/3219/3219
f 3198/3198/3198 3220/3220/3220 3219/3219/3219
f 3198/3198/3198 3200/3200/3200 3220/3220/3220
f 3201/3201/3201 3218/3218/3218 3221/3221/3221
f 3201/3201/3201 3199/3199/3199 3218/3218/3218
f 3214/3214/3214 3231/3231/3231 3228/3228/3228
f 3214/3214/3214 3217/3217/3217 3231/3231/3231
f 3216/3216/3216 3229/3229/3229 3230/3230/3230
f 3216/3216/3216 3215/3215/3215 3229/3229/3229
f 3493/3493/3493 3232/3232/3232 3490/3490/3490
f 3493/3493/3493 3235/3235/3235 3232/3232/3232
f 3177/3177/3177 3491/3491/3491 3435/3435/3435
f 3177/3177/3177 3233/3233/3233 3491/3491/3491
f 3238/3238/3238 3234/3234/3234 3233/3233/3233
f 3238/3238/3238 3240/3240/3240 3234/3234/3234
f 3241/3241/3241 3232/3232/3232 3235/3235/3235
f 3241/3241/3241 3237/3237/3237 3232/3232/3232
f 3228/3228/3228 3243/3243/3243 3239/3239/3239
f 3228/3228/3228 3231/3231/3231 3243/3243/3243
f 3230/3230/3230 3236/3236/3236 3242/3242/3242
f 3230/3230/3230 3229/3229/3229 3236/3236/3236
f 3160/3160/3160 3246/3246/3246 3170/3170/3170
f 3160/3160/3160 3244/3244/3244 3246/3246/3246
f 3280/3280/3280 3244/3244/3244 3160/3160/3160
f 3280/3280/3280 3375/3375/3375 3244/3244/3244
f 3171/3171/3171 3245/3245/3245 3165/3165/3165
f 3171/3171/3171 3247/3247/3247 3245/3245/3245
f 3272/3272/3272 3247/3247/3247 3264/3264/3264
f 3272/3272/3272 3245/3245/3245 3247/3247/3247
f 3271/3271/3271 3375/3375/3375 3411/3411/3411
f 3271/3271/3271 3244/3244/3244 3375/3375/3375
f 3263/3263/3263 3244/3244/3244 3271/3271/3271
f 3263/3263/3263 3246/3246/3246 3244/3244/3244
f 3255/3255/3255 3257/3257/3257 3251/3251/3251
f 3255/3255/3255 3262/3262/3262 3257/3257/3257
f 3249/3249/3249 3260/3260/3260 3254/3254/3254
f 3249/3249/3249 3258/3258/3258 3260/3260/3260
f 3710/3710/3710 3676/3676/3676 3709/3709/3709
f 3710/3710/3710 3677/3677/3677 3676/3676/3676
f 3380/3380/3380 3258/3258/3258 3249/3249/3249
f 3380/3380/3380 3390/3390/3390 3258/3258/3258
f 3269/3269/3269 3252/3252/3252 3267/3267/3267
f 3269/3269/3269 3248/3248/3248 3252/3252/3252
f 3268/3268/3268 3250/3250/3250 3274/3274/3274
f 3268/3268/3268 3253/3253/3253 3250/3250/3250
f 3413/3413/3413 3248/3248/3248 3269/3269/3269
f 3413/3413/3413 3381/3381/3381 3248/3248/3248
f 3697/3697/3697 3530/3530/3530 3503/3503/3503
f 3697/3697/3697 3696/3696/3696 3530/3530/3530
f 3695/3695/3695 3532/3532/3532 3531/3531/3531
f 3695/3695/3695 3694/3694/3694 3532/3532/3532
f 3397/3397/3397 3675/3675/3675 3395/3395/3395
f 3261/3261/3261 3677/3677/3677 3256/3256/3256
f 3652/3652/3652 3672/3672/3672 3654/3654/3654
f 3267/3267/3267 3270/3270/3270 3269/3269/3269
f 3267/3267/3267 3265/3265/3265 3270/3270/3270
f 3265/3265/3265 3271/3271/3271 3270/3270/3270
f 3265/3265/3265 3263/3263/3263 3271/3271/3271
f 3274/3274/3274 3266/3266/3266 3268/3268/3268
f 3274/3274/3274 3273/3273/3273 3266/3266/3266
f 3273/3273/3273 3264/3264/3264 3266/3266/3266
f 3273/3273/3273 3272/3272/3272 3264/3264/3264
f 3269/3269/3269 3412/3412/3412 3413/3413/3413
f 3269/3269/3269 3270/3270/3270 3412/3412/3412
f 3270/3270/3270 3411/3411/3411 3412/3412/3412
f 3270/3270/3270 3271/3271/3271 3411/3411/3411
f 3696/3696/3696 3531/3531/3531 3530/3530/3530
f 3696/3696/3696 3695/3695/3695 3531/3531/3531
f 3715/3715/3715 3250/3250/3250 3713/3713/3713
f 3715/3715/3715 3274/3274/3274 3250/3250/3250
f 3345/3345/3345 3355/3355/3355 3275/3275/3275
f 3355/3355/3355 3350/3350/3350 3275/3275/3275
f 3329/3329/3329 3328/3328/3328 3326/3326/3326
f 3329/3329/3329 3332/3332/3332 3328/3328/3328
f 3451/3451/3451 3456/3456/3456 3461/3461/3461
f 3451/3451/3451 3417/3417/3417 3456/3456/3456
f 3350/3350/3350 3325/3325/3325 3275/3275/3275
f 3287/3287/3287 3360/3360/3360 3316/3316/3316
f 3287/3287/3287 3346/3346/3346 3360/3360/3360
f 3284/3284/3284 3326/3326/3326 3349/3349/3349
f 3317/3317/3317 3333/3333/3333 3319/3319/3319
f 3317/3317/3317 3330/3330/3330 3333/3333/3333
f 3323/3323/3323 3341/3341/3341 3337/3337/3337
f 3323/3323/3323 3321/3321/3321 3341/3341/3341
f 3452/3452/3452 3438/3438/3438 3450/3450/3450
f 3452/3452/3452 3560/3560/3560 3438/3438/3438
f 3292/3292/3292 3346/3346/3346 3287/3287/3287
f 3292/3292/3292 3354/3354/3354 3346/3346/3346
f 3342/3342/3342 3334/3334/3334 3279/3279/3279
f 3338/3338/3338 3342/3342/3342 3279/3279/3279
f 3345/3345/3345 3275/3275/3275 3359/3359/3359
f 3329/3329/3329 3326/3326/3326 3284/3284/3284
f 3284/3284/3284 3297/3297/3297 3286/3286/3286
f 3284/3284/3284 3291/3291/3291 3297/3297/3297
f 3285/3285/3285 3294/3294/3294 3283/3283/3283
f 3285/3285/3285 3296/3296/3296 3294/3294/3294
f 3292/3292/3292 3290/3290/3290 3298/3298/3298
f 3292/3292/3292 3287/3287/3287 3290/3290/3290
f 3295/3295/3295 3288/3288/3288 3293/3293/3293
f 3295/3295/3295 3289/3289/3289 3288/3288/3288
f 3279/3279/3279 3286/3286/3286 3282/3282/3282
f 3279/3279/3279 3284/3284/3284 3286/3286/3286
f 3281/3281/3281 3283/3283/3283 3280/3280/3280
f 3281/3281/3281 3285/3285/3285 3283/3283/3283
f 3287/3287/3287 3314/3314/3314 3290/3290/3290
f 3287/3287/3287 3316/3316/3316 3314/3314/3314
f 3571/3571/3571 3311/3311/3311 3569/3569/3569
f 3571/3571/3571 3313/3313/3313 3311/3311/3311
f 3316/3316/3316 3368/3368/3368 3306/3306/3306
f 3316/3316/3316 3360/3360/3360 3368/3368/3368
f 3359/3359/3359 3275/3275/3275 3369/3369/3369
f 3179/3179/3179 3559/3559/3559 3301/3301/3301
f 3179/3179/3179 3437/3437/3437 3559/3559/3559
f 3305/3305/3305 3300/3300/3300 3278/3278/3278
f 3370/3370/3370 3299/3299/3299 3364/3364/3364
f 3370/3370/3370 3277/3277/3277 3299/3299/3299
f 3309/3309/3309 3311/3311/3311 3313/3313/3313
f 3309/3309/3309 3307/3307/3307 3311/3311/3311
f 3622/3622/3622 3365/3365/3365 3364/3364/3364
f 3622/3622/3622 3623/3623/3623 3365/3365/3365
f 3314/3314/3314 3306/3306/3306 3308/3308/3308
f 3314/3314/3314 3316/3316/3316 3306/3306/3306
f 3307/3307/3307 3363/3363/3363 3311/3311/3311
f 3307/3307/3307 3367/3367/3367 3363/3363/3363
f 3569/3569/3569 3363/3363/3363 3621/3621/3621
f 3569/3569/3569 3311/3311/3311 3363/3363/3363
f 3576/3576/3576 3534/3534/3534 3562/3562/3562
f 3284/3284/3284 3353/3353/3353 3291/3291/3291
f 3284/3284/3284 3349/3349/3349 3353/3353/3353
f 3704/3704/3704 3393/3393/3393 3384/3384/3384
f 3704/3704/3704 3707/3707/3707 3393/3393/3393
f 3331/3331/3331 3325/3325/3325 3327/3327/3327
f 3331/3331/3331 3330/3330/3330 3325/3325/3325
f 3332/3332/3332 3334/3334/3334 3336/3336/3336
f 3332/3332/3332 3329/3329/3329 3334/3334/3334
f 3330/3330/3330 3335/3335/3335 3333/3333/3333
f 3330/3330/3330 3331/3331/3331 3335/3335/3335
f 3321/3321/3321 3333/3333/3333 3341/3341/3341
f 3321/3321/3321 3319/3319/3319 3333/3333/3333
f 3337/3337/3337 3343/3343/3343 3339/3339/3339
f 3337/3337/3337 3341/3341/3341 3343/3343/3343
f 3340/3340/3340 3342/3342/3342 3338/3338/3338
f 3340/3340/3340 3344/3344/3344 3342/3342/3342
f 3341/3341/3341 3335/3335/3335 3343/3343/3343
f 3341/3341/3341 3333/3333/3333 3335/3335/3335
f 3344/3344/3344 3334/3334/3334 3342/3342/3342
f 3344/3344/3344 3336/3336/3336 3334/3334/3334
f 3346/3346/3346 3358/3358/3358 3348/3348/3348
f 3346/3346/3346 3354/3354/3354 3358/3358/3358
f 3347/3347/3347 3355/3355/3355 3345/3345/3345
f 3347/3347/3347 3356/3356/3356 3355/3355/3355
f 3353/3353/3353 3352/3352/3352 3357/3357/3357
f 3353/3353/3353 3349/3349/3349 3352/3352/3352
f 3356/3356/3356 3350/3350/3350 3355/3355/3355
f 3356/3356/3356 3351/3351/3351 3350/3350/3350
f 3325/3325/3325 3351/3351/3351 3327/3327/3327
f 3325/3325/3325 3350/3350/3350 3351/3351/3351
f 3328/3328/3328 3349/3349/3349 3326/3326/3326
f 3328/3328/3328 3352/3352/3352 3349/3349/3349
f 3345/3345/3345 3361/3361/3361 3347/3347/3347
f 3345/3345/3345 3359/3359/3359 3361/3361/3361
f 3348/3348/3348 3360/3360/3360 3346/3346/3346
f 3348/3348/3348 3362/3362/3362 3360/3360/3360
f 3624/3624/3624 3363/3363/3363 3366/3366/3366
f 3624/3624/3624 3621/3621/3621 3363/3363/3363
f 3364/3364/3364 3557/3557/3557 3622/3622/3622
f 3364/3364/3364 3299/3299/3299 3557/3557/3557
f 3370/3370/3370 3365/3365/3365 3373/3373/3373
f 3370/3370/3370 3364/3364/3364 3365/3365/3365
f 3374/3374/3374 3363/3363/3363 3367/3367/3367
f 3374/3374/3374 3366/3366/3366 3363/3363/3363
f 3359/3359/3359 3371/3371/3371 3361/3361/3361
f 3359/3359/3359 3369/3369/3369 3371/3371/3371
f 3362/3362/3362 3368/3368/3368 3360/3360/3360
f 3362/3362/3362 3372/3372/3372 3368/3368/3368
f 3283/3283/3283 3379/3379/3379 3376/3376/3376
f 3283/3283/3283 3294/3294/3294 3379/3379/3379
f 3280/3280/3280 3376/3376/3376 3375/3375/3375
f 3280/3280/3280 3283/3283/3283 3376/3376/3376
f 3293/3293/3293 3377/3377/3377 3378/3378/3378
f 3293/3293/3293 3288/3288/3288 3377/3377/3377
f 3685/3685/3685 3672/3672/3672 3687/3687/3687
f 3685/3685/3685 3650/3650/3650 3672/3672/3672
f 3408/3408/3408 3378/3378/3378 3377/3377/3377
f 3408/3408/3408 3399/3399/3399 3378/3378/3378
f 3407/3407/3407 3375/3375/3375 3376/3376/3376
f 3407/3407/3407 3411/3411/3411 3375/3375/3375
f 3400/3400/3400 3376/3376/3376 3379/3379/3379
f 3400/3400/3400 3407/3407/3407 3376/3376/3376
f 3387/3387/3387 3393/3393/3393 3398/3398/3398
f 3387/3387/3387 3384/3384/3384 3393/3393/3393
f 3382/3382/3382 3396/3396/3396 3394/3394/3394
f 3382/3382/3382 3386/3386/3386 3396/3396/3396
f 3709/3709/3709 3675/3675/3675 3708/3708/3708
f 3709/3709/3709 3676/3676/3676 3675/3675/3675
f 3380/3380/3380 3394/3394/3394 3390/3390/3390
f 3380/3380/3380 3382/3382/3382 3394/3394/3394
f 3405/3405/3405 3389/3389/3389 3383/3383/3383
f 3405/3405/3405 3404/3404/3404 3389/3389/3389
f 3403/3403/3403 3385/3385/3385 3388/3388/3388
f 3403/3403/3403 3410/3410/3410 3385/3385/3385
f 3413/3413/3413 3383/3383/3383 3381/3381/3381
f 3413/3413/3413 3405/3405/3405 3383/3383/3383
f 3680/3680/3680 3635/3635/3635 3666/3666/3666
f 3680/3680/3680 3679/3679/3679 3635/3635/3635
f 3682/3682/3682 3667/3667/3667 3668/3668/3668
f 3682/3682/3682 3681/3681/3681 3667/3667/3667
f 3711/3711/3711 3677/3677/3677 3710/3710/3710
f 3711/3711/3711 3256/3256/3256 3677/3677/3677
f 3391/3391/3391 3677/3677/3677 3259/3259/3259
f 3391/3391/3391 3676/3676/3676 3677/3677/3677
f 3395/3395/3395 3676/3676/3676 3391/3391/3391
f 3395/3395/3395 3675/3675/3675 3676/3676/3676
f 3404/3404/3404 3406/3406/3406 3402/3402/3402
f 3404/3404/3404 3405/3405/3405 3406/3406/3406
f 3402/3402/3402 3407/3407/3407 3400/3400/3400
f 3402/3402/3402 3406/3406/3406 3407/3407/3407
f 3410/3410/3410 3401/3401/3401 3409/3409/3409
f 3410/3410/3410 3403/3403/3403 3401/3401/3401
f 3409/3409/3409 3399/3399/3399 3408/3408/3408
f 3409/3409/3409 3401/3401/3401 3399/3399/3399
f 3405/3405/3405 3412/3412/3412 3406/3406/3406
f 3405/3405/3405 3413/3413/3413 3412/3412/3412
f 3406/3406/3406 3411/3411/3411 3407/3407/3407
f 3406/3406/3406 3412/3412/3412 3411/3411/3411
f 3681/3681/3681 3666/3666/3666 3667/3667/3667
f 3681/3681/3681 3680/3680/3680 3666/3666/3666
f 3703/3703/3703 3385/3385/3385 3410/3410/3410
f 3703/3703/3703 3705/3705/3705 3385/3385/3385
f 3472/3472/3472 3482/3482/3482 3417/3417/3417
f 3482/3482/3482 3477/3477/3477 3417/3417/3417
f 3460/3460/3460 3458/3458/3458 3457/3457/3457
f 3460/3460/3460 3462/3462/3462 3458/3458/3458
f 3533/3533/3533 3588/3588/3588 3583/3583/3583
f 3533/3533/3533 3575/3575/3575 3588/3588/3588
f 3477/3477/3477 3456/3456/3456 3417/3417/3417
f 3422/3422/3422 3487/3487/3487 3449/3449/3449
f 3422/3422/3422 3473/3473/3473 3487/3487/3487
f 3419/3419/3419 3457/3457/3457 3476/3476/3476
f 3451/3451/3451 3464/3464/3464 3453/3453/3453
f 3451/3451/3451 3461/3461/3461 3464/3464/3464
f 3581/3581/3581 3468/3468/3468 3595/3595/3595
f 3581/3581/3581 3455/3455/3455 3468/3468/3468
f 3438/3438/3438 3416/3416/3416 3450/3450/3450
f 3426/3426/3426 3473/3473/3473 3422/3422/3422
f 3426/3426/3426 3480/3480/3480 3473/3473/3473
f 3469/3469/3469 3465/3465/3465 3537/3537/3537
f 3596/3596/3596 3469/3469/3469 3537/3537/3537
f 3472/3472/3472 3417/3417/3417 3486/3486/3486
f 3460/3460/3460 3457/3457/3457 3419/3419/3419
f 3419/3419/3419 3431/3431/3431 3420/3420/3420
f 3419/3419/3419 3427/3427/3427 3431/3431/3431
f 3421/3421/3421 3428/3428/3428 3418/3418/3418
f 3421/3421/3421 3432/3432/3432 3428/3428/3428
f 3426/3426/3426 3424/3424/3424 3430/3430/3430
f 3426/3426/3426 3422/3422/3422 3424/3424/3424
f 3433/3433/3433 3423/3423/3423 3429/3429/3429
f 3433/3433/3433 3425/3425/3425 3423/3423/3423
f 3537/3537/3537 3420/3420/3420 3540/3540/3540
f 3537/3537/3537 3419/3419/3419 3420/3420/3420
f 3539/3539/3539 3418/3418/3418 3538/3538/3538
f 3539/3539/3539 3421/3421/3421 3418/3418/3418
f 3422/3422/3422 3448/3448/3448 3424/3424/3424
f 3422/3422/3422 3449/3449/3449 3448/3448/3448
f 3698/3698/3698 3503/3503/3503 3423/3423/3423
f 3698/3698/3698 3697/3697/3697 3503/3503/3503
f 3449/3449/3449 3494/3494/3494 3440/3440/3440
f 3449/3449/3449 3487/3487/3487 3494/3494/3494
f 3486/3486/3486 3417/3417/3417 3497/3497/3497
f 3178/3178/3178 3434/3434/3434 3436/3436/3436
f 3178/3178/3178 3176/3176/3176 3434/3434/3434
f 3436/3436/3436 3434/3434/3434 3414/3414/3414
f 3496/3496/3496 3435/3435/3435 3491/3491/3491
f 3496/3496/3496 3415/3415/3415 3435/3435/3435
f 3442/3442/3442 3444/3444/3444 3445/3445/3445
f 3442/3442/3442 3439/3439/3439 3444/3444/3444
f 3448/3448/3448 3440/3440/3440 3443/3443/3443
f 3448/3448/3448 3449/3449/3449 3440/3440/3440
f 3439/3439/3439 3490/3490/3490 3444/3444/3444
f 3439/3439/3439 3495/3495/3495 3490/3490/3490
f 3577/3577/3577 3599/3599/3599 3591/3591/3591
f 3577/3577/3577 3579/3579/3579 3599/3599/3599
f 3419/3419/3419 3481/3481/3481 3427/3427/3427
f 3419/3419/3419 3476/3476/3476 3481/3481/3481
f 3463/3463/3463 3456/3456/3456 3459/3459/3459
f 3463/3463/3463 3461/3461/3461 3456/3456/3456
f 3462/3462/3462 3465/3465/3465 3466/3466/3466
f 3462/3462/3462 3460/3460/3460 3465/3465/3465
f 3461/3461/3461 3467/3467/3467 3464/3464/3464
f 3461/3461/3461 3463/3463/3463 3467/3467/3467
f 3455/3455/3455 3464/3464/3464 3468/3468/3468
f 3455/3455/3455 3453/3453/3453 3464/3464/3464
f 3595/3595/3595 3471/3471/3471 3598/3598/3598
f 3595/3595/3595 3468/3468/3468 3471/3471/3471
f 3597/3597/3597 3469/3469/3469 3596/3596/3596
f 3597/3597/3597 3470/3470/3470 3469/3469/3469
f 3468/3468/3468 3467/3467/3467 3471/3471/3471
f 3468/3468/3468 3464/3464/3464 3467/3467/3467
f 3470/3470/3470 3465/3465/3465 3469/3469/3469
f 3470/3470/3470 3466/3466/3466 3465/3465/3465
f 3473/3473/3473 3483/3483/3483 3474/3474/3474
f 3473/3473/3473 3480/3480/3480 3483/3483/3483
f 3475/3475/3475 3482/3482/3482 3472/3472/3472
f 3475/3475/3475 3485/3485/3485 3482/3482/3482
f 3481/3481/3481 3478/3478/3478 3484/3484/3484
f 3481/3481/3481 3476/3476/3476 3478/3478/3478
f 3485/3485/3485 3477/3477/3477 3482/3482/3482
f 3485/3485/3485 3479/3479/3479 3477/3477/3477
f 3456/3456/3456 3479/3479/3479 3459/3459/3459
f 3456/3456/3456 3477/3477/3477 3479/3479/3479
f 3458/3458/3458 3476/3476/3476 3457/3457/3457
f 3458/3458/3458 3478/3478/3478 3476/3476/3476
f 3472/3472/3472 3489/3489/3489 3475/3475/3475
f 3472/3472/3472 3486/3486/3486 3489/3489/3489
f 3474/3474/3474 3487/3487/3487 3473/3473/3473
f 3474/3474/3474 3488/3488/3488 3487/3487/3487
f 3496/3496/3496 3492/3492/3492 3498/3498/3498
f 3496/3496/3496 3491/3491/3491 3492/3492/3492
f 3499/3499/3499 3490/3490/3490 3495/3495/3495
f 3499/3499/3499 3493/3493/3493 3490/3490/3490
f 3486/3486/3486 3501/3501/3501 3489/3489/3489
f 3486/3486/3486 3497/3497/3497 3501/3501/3501
f 3488/3488/3488 3494/3494/3494 3487/3487/3487
f 3488/3488/3488 3500/3500/3500 3494/3494/3494
f 3418/3418/3418 3504/3504/3504 3502/3502/3502
f 3418/3418/3418 3428/3428/3428 3504/3504/3504
f 3538/3538/3538 3502/3502/3502 3633/3633/3633
f 3538/3538/3538 3418/3418/3418 3502/3502/3502
f 3429/3429/3429 3503/3503/3503 3505/3505/3505
f 3429/3429/3429 3423/3423/3423 3503/3503/3503
f 3698/3698/3698 3447/3447/3447 3441/3441/3441
f 3530/3530/3530 3505/3505/3505 3503/3503/3503
f 3530/3530/3530 3522/3522/3522 3505/3505/3505
f 3529/3529/3529 3633/3633/3633 3502/3502/3502
f 3529/3529/3529 3669/3669/3669 3633/3633/3633
f 3521/3521/3521 3502/3502/3502 3504/3504/3504
f 3521/3521/3521 3529/3529/3529 3502/3502/3502
f 3513/3513/3513 3515/3515/3515 3520/3520/3520
f 3513/3513/3513 3509/3509/3509 3515/3515/3515
f 3507/3507/3507 3519/3519/3519 3517/3517/3517
f 3507/3507/3507 3512/3512/3512 3519/3519/3519
f 3638/3638/3638 3517/3517/3517 3649/3649/3649
f 3638/3638/3638 3507/3507/3507 3517/3517/3517
f 3527/3527/3527 3510/3510/3510 3506/3506/3506
f 3527/3527/3527 3525/3525/3525 3510/3510/3510
f 3526/3526/3526 3508/3508/3508 3511/3511/3511
f 3526/3526/3526 3532/3532/3532 3508/3508/3508
f 3671/3671/3671 3506/3506/3506 3639/3639/3639
f 3671/3671/3671 3527/3527/3527 3506/3506/3506
f 3516/3516/3516 3673/3673/3673 3648/3648/3648
f 3516/3516/3516 3674/3674/3674 3673/3673/3673
f 3518/3518/3518 3674/3674/3674 3516/3516/3516
f 3525/3525/3525 3528/3528/3528 3523/3523/3523
f 3525/3525/3525 3527/3527/3527 3528/3528/3528
f 3523/3523/3523 3529/3529/3529 3521/3521/3521
f 3523/3523/3523 3528/3528/3528 3529/3529/3529
f 3532/3532/3532 3524/3524/3524 3531/3531/3531
f 3532/3532/3532 3526/3526/3526 3524/3524/3524
f 3531/3531/3531 3522/3522/3522 3530/3530/3530
f 3531/3531/3531 3524/3524/3524 3522/3522/3522
f 3527/3527/3527 3670/3670/3670 3528/3528/3528
f 3527/3527/3527 3671/3671/3671 3670/3670/3670
f 3528/3528/3528 3669/3669/3669 3529/3529/3529
f 3528/3528/3528 3670/3670/3670 3669/3669/3669
f 3603/3603/3603 3533/3533/3533 3613/3613/3613
f 3613/3613/3613 3533/3533/3533 3608/3608/3608
f 3589/3589/3589 3584/3584/3584 3585/3585/3585
f 3589/3589/3589 3587/3587/3587 3584/3584/3584
f 3608/3608/3608 3533/3533/3533 3583/3583/3583
f 3545/3545/3545 3618/3618/3618 3604/3604/3604
f 3545/3545/3545 3574/3574/3574 3618/3618/3618
f 3542/3542/3542 3607/3607/3607 3584/3584/3584
f 3577/3577/3577 3588/3588/3588 3575/3575/3575
f 3577/3577/3577 3591/3591/3591 3588/3588/3588
f 3579/3579/3579 3595/3595/3595 3599/3599/3599
f 3579/3579/3579 3581/3581/3581 3595/3595/3595
f 3320/3320/3320 3304/3304/3304 3318/3318/3318
f 3320/3320/3320 3302/3302/3302 3304/3304/3304
f 3549/3549/3549 3604/3604/3604 3611/3611/3611
f 3549/3549/3549 3545/3545/3545 3604/3604/3604
f 3600/3600/3600 3537/3537/3537 3592/3592/3592
f 3596/3596/3596 3537/3537/3537 3600/3600/3600
f 3603/3603/3603 3617/3617/3617 3533/3533/3533
f 3587/3587/3587 3542/3542/3542 3584/3584/3584
f 3542/3542/3542 3556/3556/3556 3550/3550/3550
f 3542/3542/3542 3544/3544/3544 3556/3556/3556
f 3543/3543/3543 3552/3552/3552 3554/3554/3554
f 3543/3543/3543 3541/3541/3541 3552/3552/3552
f 3549/3549/3549 3548/3548/3548 3545/3545/3545
f 3549/3549/3549 3555/3555/3555 3548/3548/3548
f 3553/3553/3553 3546/3546/3546 3547/3547/3547
f 3553/3553/3553 3551/3551/3551 3546/3546/3546
f 3537/3537/3537 3544/3544/3544 3542/3542/3542
f 3537/3537/3537 3540/3540/3540 3544/3544/3544
f 3539/3539/3539 3541/3541/3541 3543/3543/3543
f 3539/3539/3539 3538/3538/3538 3541/3541/3541
f 3545/3545/3545 3572/3572/3572 3574/3574/3574
f 3545/3545/3545 3548/3548/3548 3572/3572/3572
f 3678/3678/3678 3635/3635/3635 3679/3679/3679
f 3678/3678/3678 3546/3546/3546 3635/3635/3635
f 3574/3574/3574 3626/3626/3626 3618/3618/3618
f 3574/3574/3574 3564/3564/3564 3626/3626/3626
f 3617/3617/3617 3627/3627/3627 3533/3533/3533
f 3305/3305/3305 3558/3558/3558 3300/3300/3300
f 3305/3305/3305 3563/3563/3563 3558/3558/3558
f 3558/3558/3558 3563/3563/3563 3536/3536/3536
f 3628/3628/3628 3557/3557/3557 3535/3535/3535
f 3628/3628/3628 3622/3622/3622 3557/3557/3557
f 3567/3567/3567 3569/3569/3569 3565/3565/3565
f 3567/3567/3567 3571/3571/3571 3569/3569/3569
f 3572/3572/3572 3564/3564/3564 3574/3574/3574
f 3572/3572/3572 3566/3566/3566 3564/3564/3564
f 3565/3565/3565 3621/3621/3621 3625/3625/3625
f 3565/3565/3565 3569/3569/3569 3621/3621/3621
f 3542/3542/3542 3612/3612/3612 3607/3607/3607
f 3542/3542/3542 3550/3550/3550 3612/3612/3612
f 3588/3588/3588 3586/3586/3586 3583/3583/3583
f 3588/3588/3588 3590/3590/3590 3586/3586/3586
f 3587/3587/3587 3593/3593/3593 3592/3592/3592
f 3587/3587/3587 3589/3589/3589 3593/3593/3593
f 3590/3590/3590 3591/3591/3591 3594/3594/3594
f 3590/3590/3590 3588/3588/3588 3591/3591/3591
f 3595/3595/3595 3602/3602/3602 3599/3599/3599
f 3595/3595/3595 3598/3598/3598 3602/3602/3602
f 3597/3597/3597 3600/3600/3600 3601/3601/3601
f 3597/3597/3597 3596/3596/3596 3600/3600/3600
f 3599/3599/3599 3594/3594/3594 3591/3591/3591
f 3599/3599/3599 3602/3602/3602 3594/3594/3594
f 3601/3601/3601 3592/3592/3592 3593/3593/3593
f 3601/3601/3601 3600/3600/3600 3592/3592/3592
f 3604/3604/3604 3614/3614/3614 3611/3611/3611
f 3604/3604/3604 3605/3605/3605 3614/3614/3614
f 3606/3606/3606 3613/3613/3613 3616/3616/3616
f 3606/3606/3606 3603/3603/3603 3613/3613/3613
f 3612/3612/3612 3609/3609/3609 3607/3607/3607
f 3612/3612/3612 3615/3615/3615 3609/3609/3609
f 3616/3616/3616 3608/3608/3608 3610/3610/3610
f 3616/3616/3616 3613/3613/3613 3608/3608/3608
f 3583/3583/3583 3610/3610/3610 3608/3608/3608
f 3583/3583/3583 3586/3586/3586 3610/3610/3610
f 3585/3585/3585 3607/3607/3607 3609/3609/3609
f 3585/3585/3585 3584/3584/3584 3607/3607/3607
f 3603/3603/3603 3620/3620/3620 3617/3617/3617
f 3603/3603/3603 3606/3606/3606 3620/3620/3620
f 3605/3605/3605 3618/3618/3618 3619/3619/3619
f 3605/3605/3605 3604/3604/3604 3618/3618/3618
f 3628/3628/3628 3623/3623/3623 3622/3622/3622
f 3628/3628/3628 3631/3631/3631 3623/3623/3623
f 3632/3632/3632 3621/3621/3621 3624/3624/3624
f 3632/3632/3632 3625/3625/3625 3621/3621/3621
f 3617/3617/3617 3630/3630/3630 3627/3627/3627
f 3617/3617/3617 3620/3620/3620 3630/3630/3630
f 3619/3619/3619 3626/3626/3626 3629/3629/3629
f 3619/3619/3619 3618/3618/3618 3626/3626/3626
f 3541/3541/3541 3637/3637/3637 3552/3552/3552
f 3541/3541/3541 3634/3634/3634 3637/3637/3637
f 3538/3538/3538 3634/3634/3634 3541/3541/3541
f 3538/3538/3538 3633/3633/3633 3634/3634/3634
f 3551/3551/3551 3635/3635/3635 3546/3546/3546
f 3551/3551/3551 3636/3636/3636 3635/3635/3635
f 3678/3678/3678 3547/3547/3547 3546/3546/3546
f 3678/3678/3678 3573/3573/3573 3547/3547/3547
f 3666/3666/3666 3636/3636/3636 3657/3657/3657
f 3666/3666/3666 3635/3635/3635 3636/3636/3636
f 3665/3665/3665 3633/3633/3633 3669/3669/3669
f 3665/3665/3665 3634/3634/3634 3633/3633/3633
f 3658/3658/3658 3634/3634/3634 3665/3665/3665
f 3658/3658/3658 3637/3637/3637 3634/3634/3634
f 3644/3644/3644 3651/3651/3651 3642/3642/3642
f 3644/3644/3644 3655/3655/3655 3651/3651/3651
f 3640/3640/3640 3656/3656/3656 3645/3645/3645
f 3640/3640/3640 3653/3653/3653 3656/3656/3656
f 3638/3638/3638 3653/3653/3653 3640/3640/3640
f 3638/3638/3638 3649/3649/3649 3653/3653/3653
f 3663/3663/3663 3647/3647/3647 3662/3662/3662
f 3663/3663/3663 3641/3641/3641 3647/3647/3647
f 3661/3661/3661 3643/3643/3643 3668/3668/3668
f 3661/3661/3661 3646/3646/3646 3643/3643/3643
f 3671/3671/3671 3641/3641/3641 3663/3663/3663
f 3671/3671/3671 3639/3639/3639 3641/3641/3641
f 3648/3648/3648 3672/3672/3672 3652/3652/3652
f 3648/3648/3648 3673/3673/3673 3672/3672/3672
f 3654/3654/3654 3672/3672/3672 3650/3650/3650
f 3662/3662/3662 3664/3664/3664 3663/3663/3663
f 3662/3662/3662 3660/3660/3660 3664/3664/3664
f 3660/3660/3660 3665/3665/3665 3664/3664/3664
f 3660/3660/3660 3658/3658/3658 3665/3665/3665
f 3668/3668/3668 3659/3659/3659 3661/3661/3661
f 3668/3668/3668 3667/3667/3667 3659/3659/3659
f 3667/3667/3667 3657/3657/3657 3659/3659/3659
f 3667/3667/3667 3666/3666/3666 3657/3657/3657
f 3663/3663/3663 3670/3670/3670 3671/3671/3671
f 3663/3663/3663 3664/3664/3664 3670/3670/3670
f 3664/3664/3664 3669/3669/3669 3670/3670/3670
f 3664/3664/3664 3665/3665/3665 3669/3669/3669
f 3514/3514/3514 3674/3674/3674 3518/3518/3518
f 3259/3259/3259 3677/3677/3677 3261/3261/3261
f 3392/3392/3392 3675/3675/3675 3397/3397/3397
f 3582/3582/3582 3580/3580/3580 3560/3560/3560
f 3719/3719/3719 3697/3697/3697 3698/3698/3698
f 3719/3719/3719 3718/3718/3718 3697/3697/3697
f 3718/3718/3718 3696/3696/3696 3697/3697/3697
f 3718/3718/3718 3717/3717/3717 3696/3696/3696
f 3717/3717/3717 3695/3695/3695 3696/3696/3696
f 3717/3717/3717 3716/3716/3716 3695/3695/3695
f 3716/3716/3716 3694/3694/3694 3695/3695/3695
f 3716/3716/3716 3715/3715/3715 3694/3694/3694
f 3532/3532/3532 3692/3692/3692 3508/3508/3508
f 3532/3532/3532 3694/3694/3694 3692/3692/3692
f 3509/3509/3509 3691/3691/3691 3515/3515/3515
f 3509/3509/3509 3693/3693/3693 3691/3691/3691
f 3514/3514/3514 3689/3689/3689 3674/3674/3674
f 3514/3514/3514 3690/3690/3690 3689/3689/3689
f 3674/3674/3674 3688/3688/3688 3673/3673/3673
f 3674/3674/3674 3689/3689/3689 3688/3688/3688
f 3673/3673/3673 3687/3687/3687 3672/3672/3672
f 3673/3673/3673 3688/3688/3688 3687/3687/3687
f 3706/3706/3706 3687/3687/3687 3708/3708/3708
f 3706/3706/3706 3685/3685/3685 3687/3687/3687
f 3642/3642/3642 3686/3686/3686 3683/3683/3683
f 3642/3642/3642 3651/3651/3651 3686/3686/3686
f 3668/3668/3668 3684/3684/3684 3682/3682/3682
f 3668/3668/3668 3643/3643/3643 3684/3684/3684
f 3703/3703/3703 3681/3681/3681 3682/3682/3682
f 3703/3703/3703 3702/3702/3702 3681/3681/3681
f 3702/3702/3702 3680/3680/3680 3681/3681/3681
f 3702/3702/3702 3701/3701/3701 3680/3680/3680
f 3701/3701/3701 3679/3679/3679 3680/3680/3680
f 3701/3701/3701 3700/3700/3700 3679/3679/3679
f 3699/3699/3699 3679/3679/3679 3700/3700/3700
f 3699/3699/3699 3678/3678/3678 3679/3679/3679
f 3570/3570/3570 3568/3568/3568 3678/3678/3678
f 3698/3698/3698 3441/3441/3441 3446/3446/3446
f 3699/3699/3699 3570/3570/3570 3678/3678/3678
f 3699/3699/3699 3312/3312/3312 3570/3570/3570
f 3568/3568/3568 3573/3573/3573 3678/3678/3678
f 3423/3423/3423 3447/3447/3447 3698/3698/3698
f 3423/3423/3423 3425/3425/3425 3447/3447/3447
f 3719/3719/3719 3188/3188/3188 3183/3183/3183
f 3165/3165/3165 3718/3718/3718 3719/3719/3719
f 3165/3165/3165 3245/3245/3245 3718/3718/3718
f 3245/3245/3245 3717/3717/3717 3718/3718/3718
f 3245/3245/3245 3272/3272/3272 3717/3717/3717
f 3272/3272/3272 3716/3716/3716 3717/3717/3717
f 3272/3272/3272 3273/3273/3273 3716/3716/3716
f 3273/3273/3273 3715/3715/3715 3716/3716/3716
f 3273/3273/3273 3274/3274/3274 3715/3715/3715
f 3694/3694/3694 3713/3713/3713 3692/3692/3692
f 3694/3694/3694 3715/3715/3715 3713/3713/3713
f 3693/3693/3693 3712/3712/3712 3691/3691/3691
f 3693/3693/3693 3714/3714/3714 3712/3712/3712
f 3690/3690/3690 3710/3710/3710 3689/3689/3689
f 3690/3690/3690 3711/3711/3711 3710/3710/3710
f 3689/3689/3689 3709/3709/3709 3688/3688/3688
f 3689/3689/3689 3710/3710/3710 3709/3709/3709
f 3688/3688/3688 3708/3708/3708 3687/3687/3687
f 3688/3688/3688 3709/3709/3709 3708/3708/3708
f 3392/3392/3392 3708/3708/3708 3675/3675/3675
f 3392/3392/3392 3706/3706/3706 3708/3708/3708
f 3683/3683/3683 3707/3707/3707 3704/3704/3704
f 3683/3683/3683 3686/3686/3686 3707/3707/3707
f 3682/3682/3682 3705/3705/3705 3703/3703/3703
f 3682/3682/3682 3684/3684/3684 3705/3705/3705
f 3410/3410/3410 3702/3702/3702 3703/3703/3703
f 3410/3410/3410 3409/3409/3409 3702/3702/3702
f 3409/3409/3409 3701/3701/3701 3702/3702/3702
f 3409/3409/3409 3408/3408/3408 3701/3701/3701
f 3408/3408/3408 3700/3700/3700 3701/3701/3701
f 3408/3408/3408 3377/3377/3377 3700/3700/3700
f 3288/3288/3288 3700/3700/3700 3377/3377/3377
f 3288/3288/3288 3699/3699/3699 3700/3700/3700
f 3315/3315/3315 3310/3310/3310 3699/3699/3699
f 3189/3189/3189 3719/3719/3719 3183/3183/3183
f 3289/3289/3289 3699/3699/3699 3288/3288/3288
f 3289/3289/3289 3315/3315/3315 3699/3699/3699
f 3310/3310/3310 3312/3312/3312 3699/3699/3699
f 3167/3167/3167 3719/3719/3719 3189/3189/3189
f 3167/3167/3167 3165/3165/3165 3719/3719/3719
f 3698/3698/3698 3188/3188/3188 3719/3719/3719
f 3698/3698/3698 3446/3446/3446 3188/3188/3188
f 3301/3301/3301 3561/3561/3561 3303/3303/3303
f 3301/3301/3301 3559/3559/3559 3561/3561/3561
f 3454/3454/3454 3560/3560/3560 3452/3452/3452
f 3192/3192/3192 3158/3158/3158 3180/3180/3180
f 3207/3207/3207 3161/3161/3161 3202/3202/3202
f 3207/3207/3207 3279/3279/3279 3161/3161/3161
f 3324/3324/3324 3302/3302/3302 3322/3322/3322
f 3322/3322/3322 3302/3302/3302 3320/3320/3320
f 3324/3324/3324 3196/3196/3196 3302/3302/3302
f 3196/3196/3196 3194/3194/3194 3302/3302/3302
f 3334/3334/3334 3284/3284/3284 3279/3279/3279
f 3334/3334/3334 3329/3329/3329 3284/3284/3284
f 3465/3465/3465 3419/3419/3419 3537/3537/3537
f 3465/3465/3465 3460/3460/3460 3419/3419/3419
f 3592/3592/3592 3542/3542/3542 3587/3587/3587
f 3592/3592/3592 3537/3537/3537 3542/3542/3542
f 3304/3304/3304 3276/3276/3276 3318/3318/3318
f 3193/3193/3193 3198/3198/3198 3159/3159/3159
f 3193/3193/3193 3203/3203/3203 3198/3198/3198
