# CC0 source: https://polyhaven.com/a/antique_ceramic_vase_01
# Converted from glTF: node transforms baked; Y-up retained; OBJ v = 1 - glTF v.
mtllib antique_ceramic_vase_01.mtl
o antique_ceramic_vase_01
v -1.12340786e-08 0.23976095 -0.11221581
v -1.12340786e-08 0.23976095 -0.11221581
v 0.0290435906 0.23976095 -0.108392149
v 0.0561079159 0.23976095 -0.0971817523
v 0.079348579 0.23976095 -0.0793485716
v 0.0971817449 0.23976095 -0.0561079122
v 0.108392149 0.23976095 -0.0290435944
v 0.11221581 0.23976095 -1.3737008e-08
v 0.108392164 0.23976095 0.0290435739
v 0.0971817523 0.23976095 0.0561078824
v 0.0793485865 0.23976095 0.0793485343
v 0.0561079383 0.23976095 0.09718173
v 0.0290436316 0.23976095 0.108392134
v 4.54601832e-08 0.23976095 0.11221581
v -0.0290435404 0.23976095 0.108392157
v -0.0561078601 0.23976095 0.0971817672
v -0.0793485269 0.23976095 0.0793486014
v -0.09718173 0.23976095 0.0561079346
v -0.108392134 0.23976095 0.0290436316
v -0.11221581 0.23976095 4.82541509e-08
v -0.108392157 0.23976095 -0.0290435385
v -0.0971817821 0.23976095 -0.0561078563
v -0.0793486163 0.23976095 -0.079348512
v -0.0561079718 0.23976095 -0.0971817225
v -0.0290436558 0.23976095 -0.108392134
v 0.0187043864 0.0461065285 -0.0698057041
v 0.0361340977 0.0461065322 -0.062586084
v 0.0511013269 0.0461065322 -0.0511013158
v 0.0625860915 0.0461065434 -0.0361340865
v 0.0698057041 0.0461065359 -0.0187043846
v 0.0722681805 0.0461065322 -5.00585884e-09
v 0.0698057041 0.0461065285 0.0187043753
v 0.0625860915 0.0461065322 0.0361340828
v 0.0511013381 0.0461065322 0.0511013083
v 0.0361341126 0.0461065322 0.0625860691
v 0.0187044106 0.0461065322 0.0698056966
v 3.10246833e-08 0.0461065322 0.072268188
v -0.0187043492 0.0461065285 0.0698057115
v -0.0361340605 0.0461065322 0.0625860989
v -0.0511012971 0.0461065322 0.0511013456
v -0.0625860691 0.0461065322 0.0361341201
v -0.0698057041 0.0461065322 0.0187044125
v -0.072268188 0.0461065322 3.3993274e-08
v -0.069805719 0.0461065322 -0.0187043473
v -0.0625861213 0.0461065285 -0.0361340642
v -0.0511013493 0.0461065285 -0.0511012971
v -0.0361341275 0.0461065322 -0.0625860617
v -0.0187044237 0.0461065322 -0.0698056892
v -5.29689714e-09 0.0461065322 -0.0722681805
v 0.026899863 0.313896269 -0.100391656
v 0.051966548 0.313896269 -0.0900087059
v 0.0734917969 0.313896269 -0.0734917969
v 0.0900086984 0.313896269 -0.0519665442
v 0.100391656 0.313896269 -0.0268998686
v 0.103933096 0.313896269 -1.10012479e-08
v 0.100391664 0.313896269 0.0268998481
v 0.0900087059 0.313896269 0.0519665331
v 0.0734918043 0.313896269 0.073491767
v 0.0519665703 0.313896269 0.0900086835
v 0.0268999022 0.313896269 0.100391641
v 4.29572538e-08 0.313896269 0.103933088
v -0.0268998183 0.313896269 0.100391664
v -0.0519665033 0.313896269 0.0900087282
v -0.0734917521 0.313896269 0.0734918267
v -0.0900086761 0.313896269 0.0519665703
v -0.100391634 0.313896269 0.0268999022
v -0.103933088 0.313896269 4.58676368e-08
v -0.100391671 0.313896269 -0.0268998109
v -0.0900087282 0.313896269 -0.0519664995
v -0.0734918341 0.313896269 -0.0734917447
v -0.0519666001 0.313896269 -0.0900086686
v -0.0268999189 0.313896269 -0.100391641
v -9.54605639e-09 0.313896269 -0.103933088
v -9.54605639e-09 0.313896269 -0.103933088
v 0.0232158378 0.3690373 -0.0866426677
v 0.0448495559 0.3690373 -0.0776817054
v 0.0634268373 0.3690373 -0.0634268299
v 0.0776816979 0.3690373 -0.0448495485
v 0.0866426826 0.3690373 -0.0232158341
v 0.0896991119 0.3690373 -7.7416189e-09
v 0.0866426826 0.3690373 0.0232158229
v 0.0776817054 0.3690373 0.0448495336
v 0.0634268597 0.3690373 0.0634268224
v 0.0448495708 0.3690373 0.077681683
v 0.0232158657 0.3690373 0.0866426677
v 3.80678102e-08 0.3690373 0.0896991044
v -0.0232157949 0.3690373 0.0866426826
v -0.0448495075 0.3690373 0.0776817203
v -0.0634268001 0.3690373 0.0634268746
v -0.0776816756 0.3690373 0.0448495746
v -0.0866426602 0.3690373 0.0232158694
v -0.0896990895 0.3690373 4.01050784e-08
v -0.08664269 0.3690373 -0.0232157893
v -0.0776817203 0.3690373 -0.0448495038
v -0.0634268671 0.3690373 -0.0634268001
v -0.0448495895 0.3690373 -0.0776816756
v -0.0232158825 0.3690373 -0.0866426602
v -7.39237294e-09 0.3690373 -0.0896991044
v -7.39237294e-09 0.3690373 -0.0896991044
v -5.99538907e-09 0.418257654 -0.0806640312
v -5.99538907e-09 0.418257654 -0.0806640312
v -5.76255843e-09 0.397233009 -0.0804900676
v -5.76255843e-09 0.397233009 -0.0804900676
v -6.28642738e-09 0.408279687 -0.0783806965
v -6.28642738e-09 0.408279687 -0.0783806965
v 0.0208323672 0.397233009 -0.0777474418
v 0.0208773911 0.418257654 -0.0779154822
v 0.0202864222 0.408279687 -0.0757099465
v 0.040245045 0.397233039 -0.06970644
v 0.0403320156 0.418257654 -0.0698570982
v 0.0391903631 0.408279687 -0.0678796768
v 0.056915082 0.397233009 -0.0569150709
v 0.0570380911 0.418257654 -0.0570380837
v 0.0554235354 0.408279687 -0.055423528
v 0.0697064549 0.397233009 -0.0402450338
v 0.0698571131 0.418257654 -0.0403320156
v 0.0678796992 0.408279687 -0.039190352
v 0.0777474344 0.397233039 -0.0208323635
v 0.0779154748 0.418257654 -0.0208773892
v 0.0757099539 0.408279687 -0.0202864185
v 0.0804900751 0.397233009 -5.99538907e-09
v 0.0806640387 0.418257654 -5.70435077e-09
v 0.0783807039 0.408279687 -5.47152013e-09
v 0.0777474418 0.397233039 0.0208323505
v 0.0779154822 0.418257654 0.0208773781
v 0.0757099465 0.408279717 0.020286411
v 0.0697064549 0.397233039 0.0402450189
v 0.0698571205 0.418257654 0.0403320007
v 0.0678796992 0.408279747 0.0391903371
v 0.0569150969 0.397233009 0.056915056
v 0.0570381023 0.418257654 0.057038065
v 0.0554235503 0.408279687 0.0554235205
v 0.0402450599 0.397233009 0.0697064325
v 0.040332038 0.418257654 0.0698570982
v 0.039190378 0.408279687 0.0678796768
v 0.0208323952 0.397233039 0.0777474344
v 0.0208774209 0.418257654 0.0779154673
v 0.0202864483 0.408279687 0.075709939
v 3.46917659e-08 0.397233009 0.0804900676
v 3.52156349e-08 0.418257654 0.0806640312
v 3.38768587e-08 0.408279687 0.0783807039
v -0.0208323281 0.397233039 0.0777474418
v -0.020877352 0.418257654 0.0779154822
v -0.0202863868 0.408279687 0.0757099465
v -0.0402449965 0.397233009 0.0697064623
v -0.0403319784 0.418257654 0.0698571205
v -0.0391903147 0.408279687 0.0678796992
v -0.0569150336 0.397233039 0.0569151007
v -0.0570380539 0.418257654 0.0570381135
v -0.0554234944 0.408279717 0.0554235578
v -0.0697064251 0.397233039 0.0402450562
v -0.0698570833 0.418257654 0.040332038
v -0.0678796545 0.408279747 0.0391903743
v -0.0777474269 0.397233039 0.0208323952
v -0.0779154599 0.418257654 0.0208774209
v -0.0757099316 0.408279747 0.0202864502
v -0.0804900676 0.397233009 3.69618647e-08
v -0.0806640238 0.418257654 3.71364877e-08
v -0.078380689 0.408279687 3.61469574e-08
v -0.0777474418 0.397233009 -0.0208323207
v -0.0779154897 0.418257654 -0.0208773483
v -0.0757099465 0.408279687 -0.0202863794
v -0.0697064623 0.397233039 -0.0402449928
v -0.0698571205 0.418257654 -0.0403319746
v -0.0678796917 0.408279687 -0.0391903147
v -0.0569151007 0.397233009 -0.0569150411
v -0.0570381172 0.418257654 -0.0570380464
v -0.0554235578 0.408279687 -0.0554234944
v -0.0402450673 0.397233039 -0.0697064251
v -0.0403320566 0.418257654 -0.0698570758
v -0.0391903967 0.408279687 -0.0678796619
v -0.0208324045 0.397233009 -0.0777474269
v -0.0208774321 0.418257654 -0.0779154599
v -0.0202864632 0.408279687 -0.075709939
v -1.08266249e-08 0.111759841 -0.101400204
v -1.08266249e-08 0.111759841 -0.101400204
v -1.08266249e-08 0.111759841 -0.101400204
v -8.09086487e-09 0.0677862614 -0.0861210898
v 0.0222897809 0.067786254 -0.0831865817
v 0.0262443032 0.111759841 -0.0979450718
v 0.0262443032 0.111759841 -0.0979450718
v 0.0430605486 0.0677862614 -0.0745830536
v 0.0507001057 0.111759856 -0.0878151581
v 0.0507001057 0.111759856 -0.0878151581
v 0.0608968176 0.0677862614 -0.0608968064
v 0.0717007741 0.111759856 -0.0717007741
v 0.0717007741 0.111759856 -0.0717007741
v 0.074583061 0.0677862614 -0.0430605486
v 0.0878151655 0.111759856 -0.0507001095
v 0.0878151655 0.111759856 -0.0507001095
v 0.0831865817 0.0677862614 -0.0222897828
v 0.0979450718 0.111759856 -0.0262443107
v 0.0979450718 0.111759856 -0.0262443107
v 0.0861210898 0.0677862614 -7.68341124e-09
v 0.101400204 0.111759841 -1.08266249e-08
v 0.101400204 0.111759841 -1.08266249e-08
v 0.0831865817 0.067786254 0.022289766
v 0.0979450718 0.111759841 0.0262442902
v 0.0979450718 0.111759841 0.0262442902
v 0.0745830685 0.0677862614 0.0430605263
v 0.0878151655 0.111759841 0.0507000759
v 0.0878151655 0.111759841 0.0507000759
v 0.0608968288 0.0677862614 0.0608967803
v 0.071700789 0.111759841 0.0717007443
v 0.071700789 0.111759841 0.0717007443
v 0.043060571 0.0677862614 0.0745830312
v 0.0507001281 0.111759841 0.0878151357
v 0.0507001281 0.111759841 0.0878151357
v 0.0222898107 0.0677862614 0.0831865817
v 0.0262443405 0.111759856 0.0979450643
v 0.0262443405 0.111759856 0.0979450643
v 3.64962034e-08 0.0677862614 0.0861210898
v 4.15020622e-08 0.111759856 0.101400204
v 4.15020622e-08 0.111759856 0.101400204
v -0.0222897399 0.067786254 0.0831865892
v -0.0262442566 0.111759827 0.0979450718
v -0.0262442566 0.111759827 0.0979450718
v -0.0430605039 0.0677862614 0.0745830685
v -0.0507000498 0.111759841 0.087815173
v -0.0507000498 0.111759841 0.087815173
v -0.0608967654 0.0677862614 0.0608968362
v -0.0717007294 0.111759849 0.0717008039
v -0.0717007294 0.111759849 0.0717008039
v -0.0745830312 0.0677862614 0.0430605784
v -0.0878151357 0.111759856 0.0507001393
v -0.0878151357 0.111759856 0.0507001393
v -0.0831865743 0.0677862614 0.0222898144
v -0.0979450643 0.111759856 0.0262443479
v -0.0979450643 0.111759856 0.0262443479
v -0.0861210898 0.0677862614 3.91737558e-08
v -0.101400204 0.111759856 4.44706529e-08
v -0.101400204 0.111759856 4.44706529e-08
v -0.0831865892 0.0677862614 -0.0222897381
v -0.0979450941 0.111759856 -0.0262442585
v -0.0979450941 0.111759856 -0.0262442585
v -0.0745830834 0.0677862689 -0.0430605076
v -0.0878151804 0.111759871 -0.0507000536
v -0.0878151804 0.111759871 -0.0507000536
v -0.0608968474 0.0677862689 -0.0608967729
v -0.0717008114 0.111759856 -0.0717007369
v -0.0717008114 0.111759856 -0.0717007369
v -0.0430605933 0.0677862614 -0.0745830312
v -0.0507001616 0.111759856 -0.0878151357
v -0.0507001616 0.111759856 -0.0878151357
v -0.0222898275 0.0677862614 -0.0831865668
v -0.0262443665 0.111759849 -0.0979450569
v -0.0262443665 0.111759849 -0.0979450569
v -1.18743628e-08 0.171022356 -0.11106772
v -1.18743628e-08 0.171022356 -0.11106772
v 0.028746441 0.17102237 -0.107283175
v 0.0555338636 0.171022385 -0.0961874649
v 0.0785367414 0.171022385 -0.0785367414
v 0.0961874798 0.171022385 -0.0555338636
v 0.107283175 0.171022385 -0.0287464503
v 0.11106772 0.17102237 -1.28056854e-08
v 0.107283175 0.171022356 0.0287464242
v 0.0961874798 0.17102237 0.0555338375
v 0.0785367563 0.171022356 0.0785367042
v 0.0555338934 0.17102237 0.09618745
v 0.0287464838 0.1710224 0.107283175
v 4.51109372e-08 0.171022385 0.11106772
v -0.0287463944 0.17102237 0.107283182
v -0.0555338115 0.171022385 0.0961874872
v -0.0785366893 0.17102237 0.0785367638
v -0.0961874425 0.171022385 0.0555338971
v -0.107283175 0.1710224 0.0287464838
v -0.11106772 0.1710224 4.66243364e-08
v -0.10728319 0.1710224 -0.0287463944
v -0.0961875021 0.1710224 -0.0555338115
v -0.0785367861 0.171022385 -0.0785366893
v -0.0555339269 0.171022385 -0.0961874351
v -0.0287465043 0.17102237 -0.107283168
v -3.7252903e-09 0.0391458161 -0.0592857897
v -0.0153443255 0.0391458161 -0.0572656691
v -0.0296429284 0.0391458161 -0.051342994
v -0.0419214144 0.0391458161 -0.041921366
v -0.0513430275 0.0391458161 -0.0296428706
v -0.0572656952 0.0391458161 -0.0153442612
v -0.0592858009 0.0391458161 2.93657649e-08
v -0.057265684 0.0391458161 0.0153443199
v -0.051342994 0.0391458161 0.0296429172
v -0.0419213697 0.0391458161 0.041921407
v -0.0296428706 0.0391458161 0.0513430201
v -0.0153442668 0.0391458161 0.0572656915
v 2.61352398e-08 0.0391458161 0.0592858046
v 0.0153443161 0.0391458161 0.0572656803
v 0.0296429154 0.0391458161 0.0513430052
v 0.0419213995 0.0391458161 0.0419213772
v 0.0513430201 0.0391458161 0.029642893
v 0.0572656877 0.0391458161 0.0153442901
v 0.0592857897 0.0391458161 -2.24099495e-09
v 0.0572656803 0.0391458161 -0.0153442938
v 0.0513430126 0.0391458273 -0.029642893
v 0.0419213921 0.0391458198 -0.0419213809
v 0.0296429042 0.0391458161 -0.0513430089
v 0.0153442975 0.0391458161 -0.057265684
v 4.46016202e-09 0.0426871665 9.39326128e-09
v 0.0108586913 0.0401887707 -0.0405251682
v 0.0209773779 0.0401887707 -0.0363338776
v 0.0296664909 0.0401887707 -0.0296664797
v 0.0363338813 0.0401887745 -0.0209773686
v 0.0405251756 0.0401887707 -0.0108586838
v 0.0419547409 0.0401887707 1.36060407e-09
v 0.0405251756 0.0401887707 0.0108586894
v 0.036333885 0.0401887707 0.0209773704
v 0.0296664909 0.0401887707 0.0296664815
v 0.0209773853 0.0401887707 0.0363338739
v 0.0108587043 0.0401887707 0.0405251719
v 1.96741894e-08 0.0401887707 0.0419547558
v -0.0108586671 0.0401887707 0.0405251831
v -0.0209773518 0.0401887707 0.0363338888
v -0.0296664666 0.0401887707 0.0296665076
v -0.0363338664 0.0401887707 0.0209773872
v -0.0405251682 0.0401887707 0.0108587071
v -0.0419547483 0.0401887707 2.32830644e-08
v -0.0405251719 0.0401887707 -0.0108586634
v -0.0363338888 0.0401887707 -0.0209773518
v -0.0296664983 0.0401887707 -0.0296664666
v -0.0209773928 0.0401887707 -0.0363338627
v -0.010858709 0.0401887707 -0.0405251607
v -1.43336365e-09 0.0401887707 -0.0419547372
v -1.21071935e-08 0.43857038 -0.095145233
v -1.21071935e-08 0.43857038 -0.095145233
v 0.0246254001 0.43857038 -0.0919032544
v 0.0475726202 0.43857038 -0.0823981911
v 0.0672778413 0.43857038 -0.0672778487
v 0.0823981985 0.43857038 -0.0475726239
v 0.0919032469 0.43857038 -0.0246254094
v 0.095145233 0.43857038 -9.60426405e-09
v 0.0919032544 0.43857038 0.024625387
v 0.082398206 0.43857038 0.0475726053
v 0.0672778636 0.43857038 0.0672778264
v 0.0475726463 0.43857038 0.0823981911
v 0.0246254355 0.43857038 0.091903232
v 3.7252903e-08 0.43857038 0.0951452404
v -0.024625361 0.43857038 0.0919032544
v -0.047572583 0.43857038 0.082398206
v -0.0672778189 0.43857038 0.067277886
v -0.0823981762 0.43857038 0.04757265
v -0.091903232 0.43857038 0.0246254392
v -0.0951452404 0.43857038 4.22005542e-08
v -0.0919032618 0.43857038 -0.0246253535
v -0.0823982283 0.43857038 -0.0475725792
v -0.0672778934 0.43857038 -0.0672778115
v -0.0475726835 0.43857038 -0.0823981762
v 0.0220142063 3.96738433e-05 -0.0821581334
v -0.0246254578 0.43857038 -0.091903232
v -1.16997398e-08 0.00639610179 -0.0912877992
v -1.16997398e-08 0.00639610179 -0.0912877992
v 0.0236270204 0.00639610179 -0.0881772488
v 0.0456439033 0.00639610179 -0.0790575594
v 0.064550221 0.00639610179 -0.0645502284
v 0.0790575519 0.00639610179 -0.0456438996
v 0.0881772414 0.00639610179 -0.0236270241
v 0.0912878066 0.00639610179 -7.91624188e-09
v 0.0881772563 0.00639610179 0.0236270111
v 0.0790575668 0.00639610179 0.0456438884
v 0.0645502433 0.00639610179 0.0645502135
v 0.0456439219 0.00639610179 0.0790575445
v 0.0236270558 0.00639610179 0.0881772414
v 3.54484655e-08 0.00639610179 0.0912878066
v -0.0236269813 0.00639610179 0.0881772563
v -0.0456438623 0.00639610179 0.0790575743
v -0.0645501912 0.00639610179 0.0645502508
v -0.0790575445 0.00639610179 0.0456439257
v -0.0881772339 0.00639610179 0.0236270558
v -0.0912878066 0.00639610179 4.10364009e-08
v -0.0881772563 0.00639610179 -0.0236269739
v -0.0790575743 0.00639610179 -0.0456438512
v -0.0645502657 0.00639610179 -0.0645501837
v -0.0456439592 0.00639610179 -0.0790575296
v -0.0236270763 0.00639610179 -0.0881772339
v 0.0232100245 0.00888133328 -0.0866210014
v 0.0448383279 0.00888133328 -0.0776622668
v 0.0634109676 0.00888133328 -0.063410975
v 0.0776622519 0.00888133328 -0.0448383354
v 0.0866209939 0.00888133328 -0.02321003
v 0.0896766633 0.00888133328 -8.20728019e-09
v 0.0866210014 0.00888133328 0.0232100133
v 0.0776622742 0.00888133328 0.044838313
v 0.0634109899 0.00888133328 0.0634109527
v 0.0448383503 0.00888133328 0.0776622444
v 0.0232100561 0.00888133328 0.0866209939
v 3.50410119e-08 0.00888133328 0.0896766484
v -0.0232099891 0.00888133328 0.0866210014
v -0.0448382832 0.00888133328 0.0776622891
v -0.0634109303 0.00888133328 0.0634109974
v -0.077662237 0.00888133328 0.0448383652
v -0.0866209865 0.00888133328 0.0232100617
v -0.0896766484 0.00888133328 4.05707397e-08
v -0.0866210014 0.00888133328 -0.0232099798
v -0.0776622891 0.00888133328 -0.0448382758
v -0.0634110123 0.00888133328 -0.0634109303
v -0.0448383801 0.00888133328 -0.0776622221
v -0.0232100822 0.00888133328 -0.086620979
v -1.21071935e-08 0.00888133328 -0.0896766484
v -1.21071935e-08 0.00888133328 -0.0896766484
v -1.75787136e-08 0.238501757 -0.127014339
v -1.75787136e-08 0.238501757 -0.127014339
v 0.0328737274 0.238501757 -0.122686446
v 0.0635071695 0.238501757 -0.109997652
v 0.0898127034 0.238501757 -0.0898127109
v 0.109997645 0.238501757 -0.0635071769
v 0.122686423 0.238501757 -0.0328737423
v 0.127014339 0.238501757 -1.50757842e-08
v 0.122686431 0.238501757 0.0328737125
v 0.10999766 0.238501757 0.0635071546
v 0.0898127258 0.238501757 0.0898126662
v 0.0635072067 0.238501757 0.10999763
v 0.0328737721 0.238501757 0.122686416
v 4.66825441e-08 0.238501757 0.127014339
v -0.0328736827 0.238501757 0.122686438
v -0.0635071248 0.238501757 0.109997682
v -0.0898126662 0.238501757 0.0898127481
v -0.10999763 0.238501757 0.0635072067
v -0.122686416 0.238501757 0.0328737721
v -0.127014339 0.238501757 5.27361408e-08
v -0.122686446 0.238501757 -0.0328736752
v -0.10999769 0.238501757 -0.0635071248
v -0.0898127556 0.238501757 -0.0898126513
v -0.063507244 0.238501757 -0.109997615
v -0.0328738093 0.238501757 -0.122686416
v -1.40862539e-08 0.347334862 -0.109038286
v -1.40862539e-08 0.347334862 -0.109038286
v 0.0282211825 0.347334862 -0.105322897
v 0.0545191392 0.347334862 -0.0944299325
v 0.0771017 0.347334862 -0.0771017075
v 0.0944299251 0.347334862 -0.0545191467
v 0.105322897 0.347334862 -0.0282211918
v 0.109038286 0.347334862 -1.14087015e-08
v 0.105322905 0.347334862 0.0282211639
v 0.09442994 0.347334862 0.0545191206
v 0.0771017298 0.347334862 0.0771016851
v 0.0545191728 0.347334862 0.0944299176
v 0.0282212235 0.347334862 0.105322897
v 4.12692316e-08 0.347334862 0.109038286
v -0.0282211397 0.347334862 0.105322905
v -0.0545190908 0.347334862 0.0944299549
v -0.0771016702 0.347334862 0.0771017522
v -0.0944299102 0.347334862 0.0545191728
v -0.105322883 0.347334862 0.0282212254
v -0.109038286 0.347334862 4.77884896e-08
v -0.105322905 0.347334862 -0.0282211322
v -0.0944299698 0.347334862 -0.0545190908
v -0.0771017596 0.347334862 -0.0771016628
v -0.0545192063 0.347334862 -0.0944299102
v -0.0282212496 0.347334862 -0.105322883
v -8.84756446e-09 0.0197260324 -0.0711677894
v -8.84756446e-09 0.0197260324 -0.0711677894
v 0.0184195787 0.0197260324 -0.0687428117
v 0.0355838984 0.0197260324 -0.0616331212
v 0.050323233 0.0197260324 -0.0503232293
v 0.0616331138 0.0197260324 -0.0355838947
v 0.0687428042 0.0197260324 -0.0184195787
v 0.0711677969 0.0197260324 -3.37604433e-09
v 0.0687428117 0.0197260324 0.0184195731
v 0.0616331249 0.0197260324 0.0355838872
v 0.0503232516 0.0197260324 0.0503232181
v 0.0355839171 0.0197260324 0.06163311
v 0.018419601 0.0197260324 0.0687428042
v 2.75322236e-08 0.0197260324 0.0711677969
v -0.0184195526 0.0197260324 0.0687428117
v -0.0355838686 0.0197260324 0.0616331398
v -0.0503232069 0.0197260324 0.0503232591
v -0.0616331026 0.0197260324 0.0355839245
v -0.0687427968 0.0197260324 0.0184196085
v -0.0711677894 0.0197260324 3.41096893e-08
v -0.0687428117 0.0197260324 -0.0184195433
v -0.0616331287 0.0197260324 -0.0355838612
v -0.0503232554 0.0197260324 -0.0503231995
v -0.0355839431 0.0197260324 -0.0616330914
v -0.0184196234 0.0197260324 -0.0687427893
v 0.0215249769 0.044486843 -0.080332309
v 0.0415830649 0.044486843 -0.0720239952
v 0.0588073395 0.0444868468 -0.0588073358
v 0.0720239803 0.0444868505 -0.0415830612
v 0.080332309 0.0444868468 -0.0215249788
v 0.0831661299 0.044486843 -6.51925802e-09
v 0.0803323165 0.044486843 0.0215249695
v 0.0720239952 0.044486843 0.04158305
v 0.058807347 0.044486843 0.0588073209
v 0.0415830836 0.044486843 0.0720239654
v 0.0215250049 0.044486843 0.0803323016
v 3.13739292e-08 0.0444868468 0.0831661299
v -0.0215249434 0.044486843 0.0803323239
v -0.0415830277 0.044486843 0.0720240027
v -0.058807306 0.0444868468 0.0588073619
v -0.0720239654 0.0444868468 0.0415830947
v -0.080332309 0.044486843 0.0215250105
v -0.0831661299 0.044486843 3.74857336e-08
v -0.0803323239 0.044486843 -0.0215249378
v -0.0720240176 0.0444868468 -0.0415830277
v -0.0588073693 0.0444868468 -0.0588073023
v -0.0415831134 0.0444868468 -0.072023958
v -0.0215250254 0.0444868468 -0.0803322941
v -1.06520019e-08 0.044486843 -0.0831661299
v -1.06520019e-08 0.044486843 -0.0831661299
v 0.0304270349 0.31611684 -0.113555253
v 0.0320830084 0.277608395 -0.119735427
v 0.0587805212 0.31611684 -0.101810858
v 0.0619796105 0.277608395 -0.107351854
v 0.0831282064 0.31611684 -0.0831282213
v 0.0876524225 0.277608395 -0.0876524225
v 0.10181085 0.31611684 -0.0587805249
v 0.107351832 0.277608395 -0.0619796142
v 0.113555238 0.31611684 -0.0304270424
v 0.11973542 0.277608395 -0.0320830159
v 0.117561042 0.31611684 -1.40862539e-08
v 0.123959236 0.277608395 -1.46683306e-08
v 0.113555253 0.31611684 0.0304270163
v 0.119735435 0.277608395 0.0320829935
v 0.101810858 0.31611684 0.0587804951
v 0.107351862 0.277608395 0.0619795918
v 0.0831282288 0.31611684 0.0831281766
v 0.0876524299 0.277608395 0.0876523703
v 0.058780551 0.31611684 0.101810835
v 0.061979644 0.277608395 0.107351817
v 0.0304270759 0.31611684 0.11355523
v 0.0320830457 0.277608395 0.119735412
v 4.47616912e-08 0.31611684 0.117561042
v 4.62168828e-08 0.277608395 0.123959228
v -0.0304269902 0.31611684 0.113555253
v -0.0320829637 0.277608395 0.119735435
v -0.058780469 0.31611684 0.101810887
v -0.0619795732 0.277608395 0.107351877
v -0.0831281617 0.31611684 0.0831282437
v -0.0876523703 0.277608395 0.0876524523
v -0.101810813 0.31611684 0.058780551
v -0.107351817 0.277608395 0.0619796477
v -0.113555223 0.31611684 0.0304270796
v -0.119735405 0.277608395 0.0320830531
v -0.117561042 0.31611684 5.0989911e-08
v -0.123959228 0.277608395 5.23286872e-08
v -0.11355526 0.31611684 -0.0304269791
v -0.119735427 0.277608395 -0.0320829526
v -0.101810887 0.31611684 -0.0587804615
v -0.107351862 0.277608395 -0.0619795546
v -0.0831282511 0.31611684 -0.0831281543
v -0.0876524672 0.277608395 -0.0876523554
v -0.0587805919 0.31611684 -0.101810805
v -0.0619796813 0.277608395 -0.107351802
v -0.0304271076 0.31611684 -0.11355523
v -0.0320830829 0.277608395 -0.119735412
v -1.47847459e-08 0.31611684 -0.117561042
v -1.47847459e-08 0.31611684 -0.117561042
v -1.61817297e-08 0.277608395 -0.123959236
v -1.61817297e-08 0.277608395 -0.123959236
v 0.0256101135 0.373938352 -0.0955782384
v 0.0494749472 0.373938382 -0.0856931135
v 0.0699681267 0.373938352 -0.0699681342
v 0.085693121 0.373938352 -0.0494749509
v 0.0955782458 0.373938382 -0.0256101191
v 0.0989498943 0.373938352 -9.42964107e-09
v 0.0955782458 0.373938382 0.0256101005
v 0.0856931284 0.373938382 0.0494749248
v 0.0699681491 0.373938352 0.0699681193
v 0.0494749732 0.373938352 0.0856931135
v 0.0256101489 0.373938382 0.0955782458
v 3.73693183e-08 0.373938352 0.0989499018
v -0.0256100744 0.373938382 0.0955782458
v -0.0494749062 0.373938352 0.0856931433
v -0.0699680969 0.373938382 0.0699681714
v -0.0856931061 0.373938382 0.0494749807
v -0.0955782309 0.373938382 0.0256101545
v -0.0989498943 0.373938352 4.37139533e-08
v -0.0955782607 0.373938352 -0.025610067
v -0.0856931508 0.373938382 -0.049474895
v -0.069968164 0.373938352 -0.0699680969
v -0.0494749956 0.373938382 -0.0856930912
v -0.0256101713 0.373938352 -0.0955782309
v -1.23982318e-08 0.373938352 -0.0989498943
v -1.23982318e-08 0.373938352 -0.0989498943
v -1.70548446e-08 0.139014229 -0.121436954
v -1.70548446e-08 0.139014229 -0.121436954
v 0.0314301886 0.139014244 -0.117299087
v 0.0607184693 0.139014274 -0.105167493
v 0.0858688951 0.139014259 -0.0858688951
v 0.105167486 0.139014244 -0.060718473
v 0.11729908 0.139014259 -0.0314302035
v 0.121436931 0.139014244 -1.39698386e-08
v 0.11729908 0.139014229 0.0314301811
v 0.105167493 0.139014229 0.0607184507
v 0.08586891 0.139014244 0.0858688504
v 0.0607185028 0.139014244 0.105167456
v 0.0314302295 0.139014259 0.117299072
v 4.45870683e-08 0.139014244 0.121436939
v -0.0314301513 0.139014229 0.117299087
v -0.0607184172 0.139014259 0.105167516
v -0.0858688354 0.139014244 0.0858689249
v -0.105167456 0.139014259 0.0607185103
v -0.117299087 0.139014274 0.031430237
v -0.121436968 0.139014274 5.14555722e-08
v -0.117299117 0.139014274 -0.0314301439
v -0.10516753 0.139014259 -0.0607184172
v -0.0858689398 0.139014244 -0.085868828
v -0.0607185438 0.139014259 -0.105167441
v -0.0314302668 0.139014259 -0.117299065
v -1.12922862e-08 0.418157607 -0.0896446258
v -1.12922862e-08 0.418157607 -0.0896446258
v -1.16997398e-08 0.397076517 -0.0900604874
v -1.16997398e-08 0.397076517 -0.0900604874
v -1.15833245e-08 0.408123165 -0.0877003223
v -1.15833245e-08 0.408123165 -0.0877003223
v 0.0233093705 0.397076547 -0.0869917572
v 0.0232017338 0.418157607 -0.0865900591
v 0.0226985123 0.408123165 -0.0847119987
v 0.0450302474 0.397076517 -0.0779946744
v 0.0448223092 0.418157607 -0.0776345208
v 0.0438501611 0.408123225 -0.075950712
v 0.0636823773 0.397076517 -0.0636823848
v 0.0633883178 0.418157607 -0.0633883178
v 0.0620134957 0.408123165 -0.0620134845
v 0.0779946744 0.397076547 -0.0450302437
v 0.0776345357 0.418157607 -0.0448223129
v 0.0759507194 0.408123165 -0.0438501611
v 0.0869917497 0.397076517 -0.0233093705
v 0.0865900442 0.418157607 -0.0232017394
v 0.0847119913 0.408123225 -0.0226985142
v 0.0900604874 0.397076547 -7.62520358e-09
v 0.0896446258 0.418157607 -7.4505806e-09
v 0.0877003223 0.408123165 -6.98491931e-09
v 0.0869917497 0.397076547 0.0233093593
v 0.0865900517 0.418157607 0.0232017245
v 0.0847119913 0.408123225 0.022698503
v 0.0779946819 0.397076517 0.0450302251
v 0.0776345357 0.418157607 0.0448222943
v 0.0759507194 0.408123225 0.0438501425
v 0.0636823922 0.397076517 0.0636823624
v 0.0633883327 0.418157607 0.0633883029
v 0.0620135069 0.408123165 0.0620134771
v 0.045030266 0.397076547 0.0779946595
v 0.0448223278 0.418157607 0.0776345059
v 0.0438501798 0.408123165 0.0759506971
v 0.0233094003 0.397076517 0.0869917497
v 0.0232017618 0.418157607 0.0865900442
v 0.0226985402 0.408123225 0.0847119838
v 3.45753506e-08 0.397076547 0.0900604874
v 3.42261046e-08 0.418157607 0.0896446258
v 3.3644028e-08 0.408123165 0.0877003223
v -0.0233093332 0.397076517 0.0869917572
v -0.0232017003 0.418157607 0.0865900591
v -0.0226984788 0.408123225 0.0847119987
v -0.0450302102 0.397076547 0.0779946968
v -0.0448222756 0.418157607 0.0776345506
v -0.0438501313 0.408123165 0.0759507343
v -0.0636823401 0.397076547 0.0636824146
v -0.063388288 0.418157607 0.0633883476
v -0.0620134585 0.408123225 0.0620135255
v -0.0779946521 0.397076547 0.045030266
v -0.0776344985 0.418157607 0.0448223352
v -0.0759506822 0.408123225 0.0438501798
v -0.0869917348 0.397076517 0.023309404
v -0.0865900367 0.418157607 0.0232017711
v -0.0847119838 0.408123225 0.0226985458
v -0.0900604874 0.397076517 4.15020622e-08
v -0.0896446258 0.418157607 4.09199856e-08
v -0.0877003297 0.408123165 4.02797014e-08
v -0.0869917646 0.397076547 -0.0233093239
v -0.0865900666 0.418157607 -0.0232016873
v -0.0847120211 0.408123165 -0.0226984657
v -0.0779947042 0.397076517 -0.045030199
v -0.0776345581 0.418157607 -0.0448222645
v -0.0759507343 0.408123225 -0.0438501164
v -0.0636824146 0.397076547 -0.0636823475
v -0.0633883625 0.418157607 -0.0633882806
v -0.0620135292 0.408123165 -0.062013451
v -0.0450302884 0.397076517 -0.0779946446
v -0.0448223613 0.418157607 -0.077634491
v -0.0438502096 0.408123225 -0.0759506822
v -0.0233094245 0.397076517 -0.0869917348
v -0.0232017897 0.418157607 -0.0865900367
v -0.0226985663 0.408123165 -0.0847119838
v -1.67055987e-08 0.110023022 -0.114522994
v -1.67055987e-08 0.110023022 -0.114522994
v -1.3213139e-08 0.0635156408 -0.0952988714
v -1.3213139e-08 0.0635156408 -0.0952988714
v -1.53086148e-08 0.0850791633 -0.105734177
v -1.53086148e-08 0.0850791633 -0.105734177
v 0.024665162 0.0635156408 -0.0920516327
v 0.029640723 0.110023022 -0.110620715
v 0.0273660086 0.0850791633 -0.102131344
v 0.0476494357 0.0635156482 -0.0825312436
v 0.0572614968 0.110023044 -0.0991798118
v 0.052867081 0.0850791782 -0.0915684551
v 0.0673864782 0.0635156557 -0.0673864782
v 0.0809799805 0.110023059 -0.0809799805
v 0.0747653395 0.0850791931 -0.074765332
v 0.0825312436 0.0635156557 -0.0476494394
v 0.0991798118 0.110023044 -0.0572615042
v 0.0915684626 0.0850792006 -0.052867081
v 0.0920516327 0.0635156482 -0.0246651657
v 0.110620707 0.110023052 -0.0296407361
v 0.102131337 0.0850791931 -0.0273660161
v 0.0952988714 0.0635156408 -8.32369551e-09
v 0.114522986 0.110023037 -1.23982318e-08
v 0.105734147 0.0850791708 -1.04191713e-08
v 0.0920516327 0.0635156333 0.0246651508
v 0.1106207 0.110023022 0.0296407137
v 0.102131337 0.0850791633 0.0273659993
v 0.082531251 0.0635156333 0.0476494171
v 0.0991798192 0.110023029 0.057261467
v 0.0915684551 0.0850791633 0.0528670587
v 0.0673864931 0.0635156333 0.0673864558
v 0.0809799954 0.110023037 0.0809799507
v 0.0747653544 0.0850791633 0.0747653022
v 0.0476494655 0.0635156408 0.0825312287
v 0.0572615154 0.110023037 0.0991797894
v 0.0528671071 0.0850791633 0.0915684476
v 0.0246651955 0.0635156482 0.0920516253
v 0.029640764 0.110023052 0.110620707
v 0.0273660477 0.0850791708 0.102131337
v 3.70200723e-08 0.0635156482 0.0952988788
v 4.26662154e-08 0.110023044 0.114522994
v 4.0337909e-08 0.0850791708 0.105734169
v -0.0246651229 0.0635156408 0.0920516476
v -0.0296406802 0.110023014 0.110620722
v -0.0273659676 0.0850791559 0.102131359
v -0.047649391 0.0635156482 0.0825312659
v -0.0572614372 0.110023037 0.0991798192
v -0.0528670214 0.0850791782 0.0915684775
v -0.0673864409 0.0635156557 0.0673865154
v -0.0809799358 0.110023044 0.0809800103
v -0.0747652873 0.0850791931 0.0747653693
v -0.0825312287 0.0635156482 0.047649473
v -0.0991797894 0.110023052 0.0572615266
v -0.0915684327 0.0850791931 0.0528671145
v -0.0920516253 0.0635156408 0.0246652048
v -0.110620707 0.110023044 0.0296407714
v -0.102131337 0.0850791708 0.027366057
v -0.0952988714 0.0635156408 4.22005542e-08
v -0.114522986 0.110023037 4.89526428e-08
v -0.105734155 0.0850791633 4.56930138e-08
v -0.0920516476 0.0635156482 -0.0246651191
v -0.110620737 0.110023052 -0.0296406765
v -0.102131374 0.0850791708 -0.0273659639
v -0.0825312883 0.0635156557 -0.0476493947
v -0.0991798639 0.110023059 -0.0572614335
v -0.0915685147 0.0850791782 -0.0528670251
v -0.0673865229 0.0635156557 -0.0673864484
v -0.0809800401 0.110023044 -0.0809799358
v -0.0747653991 0.0850791931 -0.0747652873
v -0.0476494879 0.0635156557 -0.0825312138
v -0.0572615601 0.110023059 -0.0991797894
v -0.0528671369 0.0850792006 -0.0915684327
v -0.0246652197 0.0635156482 -0.0920516253
v -0.0296407994 0.110023044 -0.110620692
v -0.0273660757 0.0850791931 -0.102131344
v -1.77533366e-08 0.20330438 -0.127422735
v -1.77533366e-08 0.20330438 -0.127422735
v -1.84518285e-08 0.170068473 -0.125541329
v -1.84518285e-08 0.170068473 -0.125541329
v 0.0324924849 0.170068502 -0.121263638
v 0.032979425 0.20330441 -0.123080902
v 0.0627706721 0.170068517 -0.108722001
v 0.0637113601 0.20330441 -0.110351332
v 0.0887711346 0.170068488 -0.0887711346
v 0.0901014805 0.203304395 -0.0901014879
v 0.108721994 0.170068488 -0.0627706721
v 0.110351324 0.203304395 -0.0637113675
v 0.121263608 0.170068488 -0.0324924998
v 0.123080902 0.203304395 -0.0329794362
v 0.125541329 0.170068488 -1.54832378e-08
v 0.12742272 0.203304395 -1.53668225e-08
v 0.121263623 0.170068473 0.0324924737
v 0.123080902 0.20330438 0.0329794101
v 0.108722001 0.170068488 0.0627706423
v 0.110351324 0.20330438 0.0637113377
v 0.0887711495 0.170068488 0.0887710974
v 0.0901014954 0.20330438 0.0901014507
v 0.0627707019 0.170068488 0.108721964
v 0.0637113973 0.20330441 0.110351294
v 0.0324925296 0.170068502 0.121263608
v 0.0329794623 0.20330441 0.123080887
v 4.66825441e-08 0.170068488 0.125541329
v 4.69153747e-08 0.203304395 0.12742272
v -0.0324924476 0.170068473 0.121263631
v -0.0329793803 0.20330438 0.123080909
v -0.06277062 0.170068488 0.108722016
v -0.0637113154 0.203304395 0.110351361
v -0.0887710825 0.170068488 0.0887711793
v -0.0901014358 0.20330438 0.0901015177
v -0.108721964 0.170068502 0.0627707019
v -0.110351294 0.20330441 0.0637113973
v -0.121263623 0.170068517 0.0324925371
v -0.123080902 0.20330444 0.0329794735
v -0.125541344 0.170068517 5.28525561e-08
v -0.127422735 0.20330444 5.27361408e-08
v -0.121263653 0.170068517 -0.0324924365
v -0.123080924 0.203304425 -0.0329793766
v -0.108722031 0.170068488 -0.0627706125
v -0.110351361 0.203304395 -0.0637113079
v -0.0887711942 0.170068488 -0.088771075
v -0.0901015326 0.203304395 -0.0901014209
v -0.0627707392 0.170068488 -0.108721949
v -0.0637114421 0.203304395 -0.110351279
v -0.0324925669 0.170068488 -0.121263608
v -0.032979507 0.203304395 -0.123080887
v -1.11176632e-08 3.96738433e-05 -0.0850563571
v -1.14087015e-08 0.000153120796 -0.088579312
v -1.15833245e-08 0.00235566916 -0.0910397843
v -1.15833245e-08 0.00235566916 -0.0910397843
v -1.15833245e-08 0.00235566916 -0.0910397843
v 0.0235628318 0.00235566916 -0.0879376903
v 0.0235628318 0.00235566916 -0.0879376903
v 0.0229260102 0.000153120796 -0.0855610445
v 0.0455198959 0.00235566916 -0.078842774
v 0.0455198959 0.00235566916 -0.078842774
v 0.0442896523 0.000153120796 -0.0767119303
v 0.0643748492 0.00235566916 -0.0643748567
v 0.0643748492 0.00235566916 -0.0643748567
v 0.0626350343 0.000153120796 -0.0626350418
v 0.0788427666 0.00235566916 -0.0455198959
v 0.0788427666 0.00235566916 -0.0455198959
v 0.0767119303 0.000153120796 -0.044289656
v 0.0879376829 0.00235566916 -0.0235628374
v 0.0879376829 0.00235566916 -0.0235628374
v 0.0855610371 0.000153120796 -0.0229260158
v 0.0910397917 0.00235566916 -7.62520358e-09
v 0.0910397917 0.00235566916 -7.62520358e-09
v 0.088579312 0.000153120796 -7.4505806e-09
v 0.0879376903 0.00235566916 0.0235628225
v 0.0879376903 0.00235566916 0.0235628225
v 0.0855610445 0.000153120796 0.0229260046
v 0.0788427815 0.00235566916 0.045519881
v 0.0788427815 0.00235566916 0.045519881
v 0.0767119378 0.000153120796 0.0442896411
v 0.0643748716 0.00235566916 0.0643748343
v 0.0643748716 0.00235566916 0.0643748343
v 0.0626350492 0.000153120796 0.0626350194
v 0.0455199182 0.00235566916 0.0788427591
v 0.0455199182 0.00235566916 0.0788427591
v 0.0442896746 0.000153120796 0.0767119229
v 0.0235628653 0.00235566916 0.0879376829
v 0.0235628653 0.00235566916 0.0879376829
v 0.0229260419 0.000153120796 0.0855610371
v 3.56812961e-08 0.00235566916 0.0910397917
v 3.56812961e-08 0.00235566916 0.0910397917
v 3.4167897e-08 0.000153120796 0.088579312
v -0.0235627927 0.00235566916 0.0879376903
v -0.0235627927 0.00235566916 0.0879376903
v -0.0229259785 0.000153120796 0.0855610445
v -0.0455198586 0.00235566916 0.0788427964
v -0.0455198586 0.00235566916 0.0788427964
v -0.0442896187 0.000153120796 0.0767119601
v -0.0643748194 0.00235566916 0.0643748865
v -0.0643748194 0.00235566916 0.0643748865
v -0.0626350045 0.000153120796 0.0626350641
v -0.0788427442 0.00235566916 0.0455199257
v -0.0788427442 0.00235566916 0.0455199257
v -0.076711908 0.000153120796 0.0442896783
v -0.087937668 0.00235566916 0.0235628653
v -0.087937668 0.00235566916 0.0235628653
v -0.0855610296 0.000153120796 0.0229260456
v -0.0910397843 0.00235566916 4.12692316e-08
v -0.0910397843 0.00235566916 4.12692316e-08
v -0.088579312 0.000153120796 3.95230018e-08
v -0.0879376978 0.00235566916 -0.0235627852
v -0.0879376978 0.00235566916 -0.0235627852
v -0.085561052 0.000153120796 -0.0229259692
v -0.0788427964 0.00235566916 -0.0455198474
v -0.0788427964 0.00235566916 -0.0455198474
v -0.0767119676 0.000153120796 -0.0442896113
v -0.0643748865 0.00235566916 -0.0643748119
v -0.0643748865 0.00235566916 -0.0643748119
v -0.0626350716 0.000153120796 -0.0626349971
v -0.0455199555 0.00235566916 -0.0788427442
v -0.0455199555 0.00235566916 -0.0788427442
v -0.0442897119 0.000153120796 -0.076711908
v -0.0235628877 0.00235566916 -0.087937668
v -0.0235628877 0.00235566916 -0.087937668
v -0.0229260661 0.000153120796 -0.0855610296
v 0.0425281748 3.96738433e-05 -0.0736609772
v 0.0601439364 3.96738433e-05 -0.0601439364
v 0.0736609772 3.96738433e-05 -0.0425281823
v 0.0821581259 3.96738433e-05 -0.02201421
v 0.0850563571 3.96738433e-05 -6.98491931e-09
v 0.0821581334 3.96738433e-05 0.022014197
v 0.0736609846 3.96738433e-05 0.0425281674
v 0.0601439513 3.96738433e-05 0.0601439178
v 0.0425282083 3.96738433e-05 0.0736609623
v 0.0220142361 3.96738433e-05 0.0821581334
v 3.3294782e-08 3.96738433e-05 0.0850563645
v -0.0220141727 3.96738433e-05 0.0821581408
v -0.0425281525 3.96738433e-05 0.0736609995
v -0.0601439066 3.96738433e-05 0.06014397
v -0.0736609548 3.96738433e-05 0.0425282121
v -0.0821581259 3.96738433e-05 0.0220142417
v -0.0850563571 3.96738433e-05 3.85916792e-08
v -0.0821581483 3.96738433e-05 -0.0220141653
v -0.0736609995 3.96738433e-05 -0.0425281413
v -0.0601439737 3.96738433e-05 -0.0601439029
v -0.0425282381 3.96738433e-05 -0.0736609474
v -0.0220142622 3.96738433e-05 -0.082158111
v 0.021153016 0.00151204667 -0.0789441168
v -1.07684173e-08 0.00151204667 -0.0817289725
v 0.0408644862 0.00151204667 -0.0707793757
v 0.0577911139 0.00151204667 -0.0577911101
v 0.0707793757 0.00151204667 -0.0408644825
v 0.0789441094 0.00151204667 -0.0211530179
v 0.0817289725 0.00151204667 -6.75208867e-09
v 0.0789441168 0.00151204667 0.0211530048
v 0.0707793832 0.00151204667 0.0408644788
v 0.0577911362 0.00151204667 0.0577911027
v 0.0408645049 0.00151204667 0.0707793683
v 0.021153044 0.00151204667 0.0789441243
v 3.21306288e-08 0.00151204667 0.0817289874
v -0.0211529825 0.00151204667 0.0789441317
v -0.0408644564 0.00151204667 0.0707793981
v -0.0577910803 0.00151204667 0.0577911474
v -0.0707793534 0.00151204667 0.0408645086
v -0.0789441094 0.00151204667 0.0211530477
v -0.0817289725 0.00151204667 3.74857336e-08
v -0.0789441317 0.00151204667 -0.0211529732
v -0.0707793981 0.00151204667 -0.040864449
v -0.0577911548 0.00151204667 -0.0577910803
v -0.0408645421 0.00151204667 -0.0707793459
v -0.0211530663 0.00151204667 -0.0789441019
v 0.0192620605 0.00616923533 -0.071886979
v -9.4587449e-09 0.00616923533 -0.0744228661
v 0.0372114442 0.00616923533 -0.0644521117
v 0.0526249334 0.00616923533 -0.052624926
v 0.0644521117 0.00616923533 -0.0372114405
v 0.071886979 0.00616923533 -0.0192620624
v 0.074422881 0.00616923533 -4.91854735e-09
v 0.0718869865 0.00616923533 0.0192620549
v 0.0644521266 0.00616923533 0.0372114368
v 0.0526249483 0.00616923533 0.0526249297
v 0.0372114629 0.00616923533 0.0644521192
v 0.0192620866 0.00616923533 0.0718869865
v 2.93948688e-08 0.00616923533 0.0744228959
v -0.0192620307 0.00616923533 0.0718869865
v -0.0372114182 0.00616923533 0.0644521415
v -0.0526249111 0.00616923533 0.0526249558
v -0.0644521117 0.00616923533 0.0372114666
v -0.071886979 0.00616923533 0.0192620885
v -0.074422881 0.00616923533 3.50701157e-08
v -0.0718869939 0.00616923533 -0.0192620251
v -0.0644521415 0.00616923533 -0.037211407
v -0.0526249669 0.00616923533 -0.0526249036
v -0.0372114889 0.00616923533 -0.0644520894
v -0.0192621071 0.00616923533 -0.0718869716
v 0.00619752705 0.016469866 -0.0231294651
v -5.12955012e-10 0.0164698679 -0.0239453819
v 0.0119727021 0.0164698679 -0.0207373127
v 0.0169319548 0.016469866 -0.0169319417
v 0.0207373258 0.0164698679 -0.0119726872
v 0.0231294762 0.0164698679 -0.00619751634
v 0.0239453949 0.0164698679 6.14454621e-09
v 0.0231294762 0.0164698679 0.00619752984
v 0.0207373276 0.0164698679 0.011972704
v 0.0169319622 0.0164698679 0.0169319585
v 0.0119727086 0.016469866 0.0207373276
v 0.00619753543 0.0164698679 0.0231294855
v 1.19252945e-08 0.0164698679 0.0239454061
v -0.00619751168 0.0164698679 0.0231294874
v -0.0119726844 0.0164698679 0.0207373388
v -0.0169319399 0.0164698679 0.0169319715
v -0.0207373127 0.0164698679 0.0119727142
v -0.0231294744 0.0164698679 0.00619754195
v -0.023945393 0.016469866 1.9048457e-08
v -0.0231294762 0.0164698679 -0.00619750377
v -0.0207373276 0.0164698679 -0.011972677
v -0.0169319622 0.0164698679 -0.0169319324
v -0.0119727096 0.0164698679 -0.0207373053
v -0.0061975359 0.016469866 -0.0231294613
v 0.00995403901 0.0177888796 -0.0371489674
v 0.0138009954 0.0156185906 -0.0515060052
v -5.47152013e-09 0.0156185906 -0.0533229411
v -2.8667273e-09 0.0177888814 -0.0384594426
v 0.0192297269 0.0177888814 -0.0333068557
v 0.0266614761 0.0156185906 -0.0461790189
v 0.0271949414 0.0177888814 -0.0271949284
v 0.0377050228 0.0156185906 -0.0377050117
v 0.0333068632 0.0177888814 -0.0192297157
v 0.0461790338 0.0156185906 -0.0266614687
v 0.0371489786 0.0177888814 -0.00995403156
v 0.0515060127 0.0156185906 -0.0138009936
v 0.0384594463 0.0177888814 2.6775524e-09
v 0.0533229411 0.0156185906 -6.1118044e-10
v 0.0371489748 0.0177888814 0.00995403714
v 0.0515060127 0.0156185906 0.0138009926
v 0.0333068743 0.0177888814 0.0192297287
v 0.0461790413 0.0156185906 0.0266614761
v 0.0271949526 0.0177888814 0.0271949414
v 0.0377050377 0.0156185906 0.0377050228
v 0.0192297399 0.0177888814 0.0333068706
v 0.0266614929 0.0156185906 0.0461790338
v 0.00995405391 0.0177888814 0.0371489823
v 0.0138010168 0.0156185906 0.0515060164
v 1.71567081e-08 0.0177888814 0.0384594575
v 2.22062226e-08 0.0156185906 0.0533229485
v -0.00995401945 0.0177888814 0.037148986
v -0.0138009721 0.0156185906 0.0515060201
v -0.0192297045 0.0177888814 0.0333068818
v -0.0266614538 0.0156185906 0.0461790487
v -0.0271949228 0.0177888814 0.02719496
v -0.0377050042 0.0156185906 0.0377050415
v -0.0333068483 0.0177888814 0.0192297455
v -0.0461790189 0.0156185906 0.0266614985
v -0.0371489674 0.0177888814 0.00995405857
v -0.051506009 0.0156185906 0.0138010187
v -0.0384594426 0.0177888814 2.3341272e-08
v -0.0533229411 0.0156185906 2.82016117e-08
v -0.0371489748 0.0177888814 -0.009954012
v -0.0515060164 0.0156185906 -0.0138009638
v -0.0333068706 0.0177888814 -0.0192296989
v -0.0461790413 0.0156185906 -0.0266614426
v -0.0271949545 0.0177888814 -0.0271949153
v -0.0377050452 0.0156185906 -0.037704993
v -0.0192297455 0.0177888814 -0.0333068408
v -0.0266615059 0.0156185906 -0.0461790115
v -0.0099540595 0.0177888814 -0.0371489637
v -0.0138010252 0.0156185906 -0.0515060015
v 0.0222119782 0.0102830045 -0.0828962252
v 0.0429102443 0.0102830045 -0.0743227303
v 0.0606842525 0.0102830045 -0.0606842563
v 0.0743227154 0.0102830045 -0.0429102443
v 0.0828962326 0.0102830045 -0.0222119763
v 0.0858204886 0.0102830045 -7.04312697e-09
v 0.0828962401 0.0102830045 0.0222119652
v 0.0743227378 0.0102830045 0.0429102257
v 0.06068426 0.0102830045 0.0606842339
v 0.0429102592 0.0102830045 0.074322708
v 0.0222120043 0.0102830045 0.0828962326
v 3.31201591e-08 0.0102830045 0.0858204886
v -0.022211941 0.0102830045 0.0828962326
v -0.0429102033 0.0102830045 0.0743227378
v -0.0606842116 0.0102830045 0.0606842823
v -0.074322693 0.0102830045 0.0429102741
v -0.0828962177 0.0102830045 0.0222120117
v -0.0858204812 0.0102830045 3.98722477e-08
v -0.0828962401 0.0102830045 -0.0222119335
v -0.0743227378 0.0102830045 -0.0429101959
v -0.0606842861 0.0102830045 -0.0606842116
v -0.0429102927 0.0102830045 -0.0743226856
v -0.0222120285 0.0102830045 -0.0828962103
v -1.12340786e-08 0.0102830045 -0.0858204812
v -1.12340786e-08 0.0102830045 -0.0858204812
v -8.7893568e-09 0.022186242 -0.0721669048
v -8.7893568e-09 0.022186242 -0.0721669048
v 0.0186641179 0.0247001126 -0.0696554407
v 0.0360563099 0.0247001126 -0.0624513589
v 0.0509913154 0.0247001126 -0.0509913191
v 0.0624513514 0.0247001126 -0.0360563025
v 0.0696554407 0.0247001126 -0.0186641179
v 0.0721126199 0.0247001126 -4.07453626e-09
v 0.0696554482 0.0247001126 0.0186641105
v 0.0624513663 0.0247001126 0.036056295
v 0.0509913377 0.0247001126 0.0509913042
v 0.0360563323 0.0247001126 0.0624513514
v 0.0186641403 0.0247001126 0.0696554407
v 2.77650543e-08 0.0247001126 0.0721126199
v -0.0186640881 0.0247001126 0.0696554482
v -0.0360562801 0.0247001126 0.0624513812
v -0.0509912968 0.0247001126 0.0509913452
v -0.062451344 0.0247001126 0.036056336
v -0.0696554258 0.0247001126 0.0186641496
v -0.0721126199 0.0247001126 3.42261046e-08
v -0.0696554482 0.0247001126 -0.0186640825
v -0.0624513775 0.0247001126 -0.0360562727
v -0.0509913489 0.0247001126 -0.0509912968
v -0.0360563509 0.0247001126 -0.0624513365
v -0.0186641626 0.0247001126 -0.0696554184
v -9.37143341e-09 0.0247001126 -0.072112605
v -9.37143341e-09 0.0247001126 -0.072112605
v 0.0186781678 0.022186242 -0.0697078779
v 0.0360834487 0.022186242 -0.062498372
v 0.0510297045 0.022186242 -0.051029712
v 0.0624983683 0.022186242 -0.0360834524
v 0.0697078705 0.022186242 -0.0186781678
v 0.0721669048 0.022186242 -3.49245965e-09
v 0.0697078854 0.022186242 0.0186781641
v 0.0624983832 0.022186242 0.0360834412
v 0.0510297269 0.022186242 0.0510296896
v 0.036083471 0.022186242 0.0624983683
v 0.0186781939 0.022186242 0.0697078705
v 2.79396772e-08 0.022186242 0.0721669048
v -0.0186781399 0.022186242 0.0697078854
v -0.0360834263 0.022186242 0.0624983981
v -0.0510296859 0.022186242 0.0510297343
v -0.0624983571 0.022186242 0.0360834785
v -0.0697078705 0.022186242 0.0186781995
v -0.0721669048 0.022186242 3.48081812e-08
v -0.0697078854 0.022186242 -0.0186781324
v -0.0624983981 0.022186242 -0.0360834152
v -0.0510297418 0.022186242 -0.0510296784
v -0.0360835008 0.022186242 -0.0624983534
v -0.0186782125 0.022186242 -0.0697078556
v -7.68341124e-09 0.438507617 -0.0900871903
v -7.68341124e-09 0.438507617 -0.0900871903
v 0.0233162846 0.438507617 -0.0870175511
v 0.0450435951 0.438507617 -0.0780178085
v 0.063701272 0.438507617 -0.063701272
v 0.0780178159 0.438507617 -0.0450435989
v 0.0870175585 0.438507617 -0.0233162884
v 0.0900871977 0.438507617 -9.0803951e-09
v 0.087017566 0.438507617 0.0233162697
v 0.0780178159 0.438507617 0.0450435877
v 0.0637012869 0.438507617 0.0637012646
v 0.0450436249 0.438507617 0.078017801
v 0.0233163163 0.438507617 0.0870175436
v 3.84752639e-08 0.438507617 0.0900871903
v -0.0233162437 0.438507617 0.0870175511
v -0.0450435579 0.438507617 0.0780178234
v -0.0637012348 0.438507617 0.0637013018
v -0.0780177787 0.438507617 0.0450436249
v -0.0870175362 0.438507617 0.0233163163
v -0.0900871903 0.438507617 4.07453626e-08
v -0.0870175585 0.438507617 -0.0233162362
v -0.0780178234 0.438507617 -0.0450435542
v -0.0637013093 0.438507617 -0.0637012273
v -0.045043651 0.438507617 -0.0780177787
v -0.0233163331 0.438507617 -0.0870175511
v -0.0245325007 0.433530241 -0.0915563181
v -1.20489858e-08 0.433530241 -0.0947860926
v -1.20489858e-08 0.433530241 -0.0947860926
v 0.0245324429 0.433530241 -0.0915563405
v 0.0473930463 0.433530241 -0.0820871741
v 0.0670238882 0.433530241 -0.0670238882
v 0.0820871666 0.433530241 -0.04739305
v 0.091556333 0.433530241 -0.0245324504
v 0.0947860926 0.433530241 -8.73114914e-09
v 0.0915563479 0.433530241 0.0245324336
v 0.0820871741 0.433530241 0.0473930314
v 0.0670238957 0.433530241 0.0670238733
v 0.0473930612 0.433530241 0.0820871443
v 0.0245324764 0.433530241 0.0915563181
v 3.69618647e-08 0.433530241 0.0947860926
v -0.0245324038 0.433530241 0.0915563479
v -0.0473930016 0.433530241 0.0820871815
v -0.0670238584 0.433530241 0.067023918
v -0.0820871368 0.433530241 0.0473930687
v -0.0915563181 0.433530241 0.024532482
v -0.0947860926 0.433530241 4.20259312e-08
v -0.0915563479 0.433530241 -0.0245323982
v -0.082087189 0.433530241 -0.0473929979
v -0.0670239255 0.433530241 -0.0670238584
v -0.0473930947 0.433530241 -0.0820871294
v 0.0239519551 0.439434946 -0.0893899128
v 0.0239519551 0.439434946 -0.0893899128
v -6.63567334e-09 0.433426887 -0.0876132697
v -6.63567334e-09 0.433426887 -0.0876132697
v 0.0462716259 0.439434975 -0.0801448151
v 0.0462716259 0.439434975 -0.0801448151
v 0.0226759855 0.433426887 -0.0846279189
v 0.0654379651 0.439434975 -0.0654379651
v 0.0654379651 0.439434975 -0.0654379651
v 0.0438066348 0.433426887 -0.0758753121
v 0.0801448226 0.439434975 -0.0462716296
v 0.0801448226 0.439434975 -0.0462716296
v 0.0619519316 0.433426887 -0.0619519353
v 0.0893899202 0.439434975 -0.0239519663
v 0.0893899202 0.439434975 -0.0239519663
v 0.075875327 0.433426887 -0.0438066348
v 0.0925432518 0.439434975 -9.02218744e-09
v 0.0925432518 0.439434975 -9.02218744e-09
v 0.0846279263 0.433426887 -0.0226759873
v 0.0893899277 0.439434975 0.0239519458
v 0.0893899277 0.439434975 0.0239519458
v 0.0876132771 0.433426887 -7.79982656e-09
v 0.08014483 0.439434975 0.0462716147
v 0.08014483 0.439434975 0.0462716147
v 0.0846279263 0.433426887 0.0226759706
v 0.06543798 0.439434975 0.0654379576
v 0.06543798 0.439434975 0.0654379576
v 0.075875327 0.433426887 0.0438066162
v 0.0462716557 0.439434975 0.0801448077
v 0.0462716557 0.439434975 0.0801448077
v 0.0619519539 0.433426887 0.0619519241
v 0.0239519887 0.439434975 0.0893899202
v 0.0239519887 0.439434975 0.0893899202
v 0.0438066646 0.433426887 0.0758753121
v 3.70200723e-08 0.439434975 0.0925432593
v 3.70200723e-08 0.439434975 0.0925432593
v 0.0226760153 0.433426887 0.0846279189
v -0.0239519179 0.439434975 0.0893899277
v -0.0239519179 0.439434975 0.0893899277
v 3.77767719e-08 0.433426887 0.0876132697
v -0.0462715887 0.439434975 0.08014483
v -0.0462715887 0.439434975 0.08014483
v -0.0226759408 0.433426887 0.0846279189
v -0.0654379353 0.439434975 0.0654379874
v -0.0654379353 0.439434975 0.0654379874
v -0.0438065939 0.433426887 0.0758753344
v -0.0801447928 0.439434975 0.0462716557
v -0.0801447928 0.439434975 0.0462716557
v -0.0619519018 0.433426887 0.0619519614
v -0.0893899053 0.439434975 0.0239519905
v -0.0893899053 0.439434975 0.0239519905
v -0.0758752972 0.433426887 0.0438066646
v -0.0925432518 0.439434975 4.13274392e-08
v -0.0925432518 0.439434975 4.13274392e-08
v -0.0846279114 0.433426887 0.0226760171
v -0.0893899351 0.439434975 -0.0239519086
v -0.0893899351 0.439434975 -0.0239519086
v -0.0876132622 0.433426887 3.9988663e-08
v -0.0801448375 0.439434975 -0.0462715812
v -0.0801448375 0.439434975 -0.0462715812
v -0.0846279263 0.433426887 -0.0226759352
v -0.0654380098 0.439434975 -0.0654379353
v -0.0654380098 0.439434975 -0.0654379353
v -0.0758753344 0.433426887 -0.0438065864
v -9.95351002e-09 0.439434975 -0.0925432518
v -9.95351002e-09 0.439434975 -0.0925432518
v -9.95351002e-09 0.439434975 -0.0925432518
v -9.95351002e-09 0.439434975 -0.0925432518
v -0.0619519651 0.433426887 -0.061951898
v -0.0438066758 0.433426887 -0.0758752972
v -0.023952011 0.439434975 -0.0893899128
v -0.023952011 0.439434975 -0.0893899128
v -0.0462716781 0.439434975 -0.0801447928
v -0.0462716781 0.439434975 -0.0801447928
v -0.022676032 0.433426887 -0.0846279114
v 0.0189423095 0.0309655257 -0.0706936643
v 0.0365937315 0.0309655257 -0.0633822009
v 0.0517513528 0.0309655275 -0.0517513528
v 0.0633822009 0.0309655257 -0.0365937278
v 0.0706936568 0.0309655257 -0.0189423095
v 0.073187463 0.0309655257 -4.0163286e-09
v 0.0706936643 0.0309655257 0.018942304
v 0.0633822158 0.0309655257 0.0365937203
v 0.0517513715 0.0309655257 0.0517513379
v 0.0365937501 0.0309655257 0.0633821934
v 0.0189423319 0.0309655257 0.0706936568
v 2.7474016e-08 0.0309655257 0.0731874704
v -0.0189422816 0.0309655257 0.0706936717
v -0.0365937054 0.0309655257 0.0633822307
v -0.0517513268 0.0309655257 0.0517513789
v -0.0633821934 0.0309655257 0.0365937576
v -0.0706936568 0.0309655257 0.0189423412
v -0.073187463 0.0309655257 3.40514816e-08
v -0.0706936717 0.0309655257 -0.0189422742
v -0.0633822307 0.0309655257 -0.036593698
v -0.0517513826 0.0309655257 -0.0517513268
v -0.0365937762 0.0309655257 -0.0633821785
v -0.0189423561 0.0309655257 -0.0706936494
v -9.37143341e-09 0.0309655257 -0.073187463
v -9.37143341e-09 0.0309655257 -0.073187463
v 2.83034751e-09 0.0153560536 1.22381607e-08
v -0.0146469604 0.239760965 -0.111254402
v -0.0429426692 0.239760965 -0.103672586
v -0.0683118626 0.239760965 -0.0890256464
v -0.0890257284 0.239760965 -0.0683117583
v -0.103672624 0.239760965 -0.04294255
v -0.111254402 0.239760965 -0.0146468701
v -0.111254402 0.239760965 0.014646966
v -0.103672586 0.239760965 0.0429426357
v -0.0890256539 0.239760965 0.0683118477
v -0.0683117583 0.239760965 0.089025721
v -0.04294255 0.239760965 0.103672624
v -0.0146468738 0.239760965 0.111254402
v 0.0146469641 0.239760965 0.111254402
v 0.0429426357 0.239760965 0.103672594
v 0.0683118403 0.239760965 0.0890256613
v 0.0890257061 0.239760965 0.0683117732
v 0.103672616 0.239760965 0.0429425836
v 0.111254416 0.239760965 0.0146469055
v 0.111254409 0.239760965 -0.0146469325
v 0.103672601 0.239760965 -0.0429426022
v 0.0890256912 0.239760965 -0.0683118179
v 0.0683118105 0.239760965 -0.0890256986
v 0.0429425985 0.239760965 -0.103672609
v 0.0146469222 0.239760965 -0.111254402
v 0.00943277683 0.0461065285 -0.0716490224
v 0.0276554991 0.0461065285 -0.0667662621
v 0.0439935476 0.0461065285 -0.0573334955
v 0.0573335029 0.0461065359 -0.0439935364
v 0.0667662695 0.0461065359 -0.0276554935
v 0.0716490299 0.0461065285 -0.00943277776
v 0.0716490224 0.0461065285 0.00943276752
v 0.066766277 0.0461065285 0.027655486
v 0.0573335066 0.0461065285 0.0439935252
v 0.0439935587 0.0461065285 0.0573334806
v 0.0276555195 0.0461065285 0.0667662546
v 0.00943280291 0.0461065285 0.0716490299
v -0.00943274051 0.0461065285 0.0716490224
v -0.0276554618 0.0461065285 0.066766277
v -0.0439935066 0.0461065285 0.0573335178
v -0.0573334731 0.0461065285 0.0439935625
v -0.0667662621 0.0461065285 0.0276555195
v -0.0716490373 0.0461065285 0.0094328057
v -0.0716490224 0.0461065285 -0.00943273772
v -0.0667662844 0.0461065285 -0.0276554618
v -0.0573335253 0.0461065322 -0.0439935103
v -0.0439935736 0.0461065285 -0.0573334731
v -0.0276555363 0.0461065285 -0.0667662546
v -0.00943279732 0.0461065285 -0.0716490299
v 0.0135658225 0.313896239 -0.103042647
v 0.0397729799 0.313896239 -0.096020475
v 0.0632696748 0.313896239 -0.0824546516
v 0.0824546516 0.313896239 -0.0632696748
v 0.096020475 0.313896239 -0.0397729799
v 0.103042655 0.313896239 -0.01356583
v 0.103042655 0.313896239 0.0135658076
v 0.096020475 0.313896239 0.039772965
v 0.082454659 0.313896239 0.0632696524
v 0.0632696971 0.313896239 0.0824546218
v 0.0397730097 0.313896239 0.0960204527
v 0.0135658626 0.313896239 0.103042647
v -0.0135657778 0.313896239 0.103042647
v -0.0397729315 0.313896239 0.096020475
v -0.0632696226 0.313896239 0.0824546814
v -0.0824546143 0.313896239 0.0632697046
v -0.0960204452 0.313896239 0.0397730097
v -0.10304264 0.313896239 0.0135658635
v -0.103042647 0.313896239 -0.0135657722
v -0.096020475 0.313896239 -0.0397729315
v -0.0824546888 0.313896239 -0.0632696226
v -0.0632697269 0.313896239 -0.0824546069
v -0.0397730432 0.313896239 -0.0960204452
v -0.0135658579 0.313896239 -0.10304264
v 0.0250701085 0.344837189 -0.0935629159
v 0.0484317318 0.344837189 -0.0838862136
v 0.0282673258 0.27756989 -0.105495103
v 0.0546082817 0.27756989 -0.0945843235
v -1.14159775e-08 0.27756989 -0.109216556
v -1.14159775e-08 0.27756989 -0.109216556
v 0.0684928074 0.344837189 -0.0684928074
v 0.0772277713 0.27756989 -0.0772277787
v 0.0838862136 0.344837189 -0.048431728
v 0.094584316 0.27756989 -0.0546082817
v 0.0935629085 0.344837189 -0.0250701085
v 0.105495095 0.27756989 -0.0282673333
v 0.0968634561 0.344837189 -9.29139787e-09
v 0.109216571 0.27756989 -1.23982318e-08
v 0.0935629159 0.344837189 0.0250700936
v 0.105495103 0.27756989 0.0282673072
v 0.0838862136 0.344837189 0.0484317169
v 0.0945843235 0.27756989 0.0546082556
v 0.0684928223 0.344837189 0.0684927776
v 0.0772277862 0.27756989 0.0772277415
v 0.0484317541 0.344837189 0.0838861987
v 0.0546083078 0.27756989 0.0945842937
v 0.0250701401 0.344837189 0.093562901
v 0.0282673631 0.27756989 0.105495073
v 4.03524609e-08 0.344837189 0.0968634561
v 4.50891093e-08 0.27756989 0.109216563
v -0.0250700619 0.344837189 0.0935629159
v -0.0282672793 0.27756989 0.105495103
v -0.0484316871 0.344837189 0.083886236
v -0.0546082295 0.27756989 0.0945843458
v -0.0684927553 0.344837189 0.0684928447
v -0.077227734 0.27756989 0.0772278085
v -0.0838861838 0.344837189 0.0484317541
v -0.0945842937 0.27756989 0.0546083078
v -0.0935628936 0.344837189 0.025070142
v -0.105495073 0.27756989 0.0282673631
v -0.0968634561 0.344837189 4.29281499e-08
v -0.109216563 0.27756989 4.74174158e-08
v -0.0935629159 0.344837189 -0.0250700582
v -0.105495103 0.27756989 -0.0282672718
v -0.083886236 0.344837189 -0.0484316833
v -0.0945843458 0.27756989 -0.0546082258
v -0.0684928373 0.344837189 -0.0684927627
v -0.077227816 0.27756989 -0.0772277266
v -0.0484317765 0.344837189 -0.0838861838
v -0.054608345 0.27756989 -0.0945842788
v -0.0250701588 0.344837189 -0.0935628936
v -0.0282673892 0.27756989 -0.105495065
v -8.76025297e-09 0.344837189 -0.0968634561
v -8.76025297e-09 0.344837189 -0.0968634561
v -0.0117079644 0.369037241 -0.0889305919
v -0.0343259797 0.369037241 -0.0828701034
v -0.0546047017 0.369037241 -0.0711621568
v -0.0711622238 0.369037241 -0.0546046346
v -0.0828701407 0.369037241 -0.0343258902
v -0.0889305994 0.369037241 -0.0117078936
v -0.0889305994 0.369037241 0.0117079737
v -0.0828701034 0.369037241 0.0343259647
v -0.0711621568 0.369037241 0.054604698
v -0.0546046346 0.369037241 0.0711622313
v -0.034325894 0.369037241 0.0828701332
v -0.0117078964 0.369037241 0.0889306068
v 0.0117079718 0.369037241 0.0889305994
v 0.034325961 0.369037241 0.0828701183
v 0.0546046942 0.369037241 0.0711621717
v 0.0711622164 0.369037241 0.0546046533
v 0.0828701258 0.369037241 0.03432592
v 0.0889306143 0.369037241 0.0117079262
v 0.0889306068 0.369037241 -0.0117079411
v 0.0828701258 0.369037241 -0.0343259349
v 0.0711621866 0.369037241 -0.0546046682
v 0.0546046793 0.369037241 -0.0711621866
v 0.0343259387 0.369037241 -0.0828701183
v 0.0117079373 0.369037241 -0.0889305994
v -0.020401869 0.412507802 -0.0761406273
v -0.010528666 0.418257654 -0.0799729377
v -6.57746568e-09 0.412507802 -0.0788265914
v -6.57746568e-09 0.412507802 -0.0788265914
v -0.0102306325 0.408279687 -0.0777091756
v -0.0203892812 0.403903365 -0.0760936588
v -6.351911e-09 0.403903335 -0.078777954
v -6.351911e-09 0.403903335 -0.078777954
v -0.0105059575 0.397233009 -0.0798004642
v -0.0394133404 0.412507832 -0.0682658032
v -0.030868452 0.418257654 -0.0745229051
v -0.0299946722 0.408279687 -0.0724134073
v -0.039389018 0.403903365 -0.0682236925
v -0.0308018774 0.397233039 -0.0743621811
v -0.0557388514 0.412507802 -0.0557387881
v -0.0491045825 0.418257654 -0.0639942512
v -0.0477145948 0.408279687 -0.0621827878
v -0.0557044595 0.403903365 -0.0557044037
v -0.0489986725 0.397233009 -0.0638562441
v -0.0682658479 0.412507832 -0.0394132584
v -0.0639943108 0.418257654 -0.0491045043
v -0.0621828474 0.408279687 -0.047714524
v -0.0682237446 0.403903365 -0.0393889435
v -0.0638562888 0.397233039 -0.0489986017
v -0.0761406571 0.412507802 -0.0204017833
v -0.0745229423 0.418257654 -0.0308683626
v -0.0724134371 0.408279687 -0.0299945809
v -0.0760936737 0.403903335 -0.0203891955
v -0.0743622109 0.397233009 -0.0308017917
v -0.0788265839 0.412507802 3.66489985e-08
v -0.0799729526 0.418257654 -0.010528597
v -0.0777091682 0.408279687 -0.0102305692
v -0.078777954 0.403903365 3.64307198e-08
v -0.0798004791 0.397233009 -0.0105058914
v -0.0761406198 0.412507832 0.0204018559
v -0.0799729377 0.418257654 0.0105286734
v -0.0777091533 0.408279687 0.0102306427
v -0.0760936588 0.403903365 0.02038927
v -0.0798004642 0.397233039 0.0105059668
v -0.0682657957 0.412507832 0.0394133255
v -0.0745229051 0.418257654 0.0308684316
v -0.0724133998 0.408279717 0.0299946517
v -0.0682236925 0.403903365 0.0393890105
v -0.0743621811 0.397233069 0.0308018588
v -0.0557387918 0.412507832 0.055738844
v -0.0639942512 0.418257654 0.0491045713
v -0.0621827953 0.408279717 0.0477145873
v -0.0557043999 0.403903365 0.0557044595
v -0.0638562366 0.397233069 0.0489986725
v -0.0394132622 0.412507802 0.0682658553
v -0.0491045043 0.418257654 0.0639943033
v -0.0477145277 0.408279687 0.0621828437
v -0.0393889472 0.403903365 0.0682237446
v -0.0489986055 0.397233009 0.0638562888
v -0.0204017889 0.412507832 0.0761406496
v -0.0308683682 0.418257654 0.0745229349
v -0.0299945902 0.408279687 0.0724134371
v -0.0203892048 0.403903365 0.0760936737
v -0.0308017973 0.397233039 0.0743622109
v 3.44152795e-08 0.412507802 0.0788265914
v -0.0105286008 0.418257654 0.0799729452
v -0.0102305748 0.408279687 0.0777091756
v 3.37386155e-08 0.403903365 0.0787779614
v -0.0105058951 0.397233009 0.0798004791
v 0.0204018559 0.412507832 0.0761406347
v 0.0105286706 0.418257654 0.0799729377
v 0.0102306418 0.408279687 0.0777091756
v 0.0203892682 0.403903365 0.0760936737
v 0.010505965 0.397233039 0.0798004642
v 0.0394133255 0.412507802 0.0682658255
v 0.0308684334 0.418257654 0.0745229125
v 0.0299946517 0.408279687 0.0724134222
v 0.0393890105 0.403903335 0.0682237074
v 0.0308018588 0.397233009 0.074362196
v 0.0557388403 0.412507802 0.0557388067
v 0.0491045676 0.418257654 0.0639942661
v 0.0477145799 0.408279687 0.0621828102
v 0.0557044521 0.403903365 0.0557044186
v 0.0489986651 0.397233009 0.063856259
v 0.0682658479 0.412507832 0.0394132845
v 0.0639943033 0.418257654 0.0491045266
v 0.0621828362 0.408279687 0.0477145426
v 0.0682237372 0.403903365 0.0393889658
v 0.0638562813 0.397233039 0.0489986204
v 0.0761406571 0.412507832 0.020401815
v 0.0745229349 0.418257654 0.0308683924
v 0.0724134371 0.408279717 0.0299946144
v 0.0760936663 0.403903365 0.0203892272
v 0.0743622035 0.397233069 0.0308018159
v 0.0788265988 0.412507802 -5.34055289e-09
v 0.0799729526 0.418257654 0.0105286315
v 0.0777091756 0.408279687 0.0102306008
v 0.0787779614 0.403903365 -5.46424417e-09
v 0.0798004791 0.397233009 0.0105059221
v 0.0761406422 0.412507832 -0.0204018261
v 0.0799729452 0.418257654 -0.0105286436
v 0.0777091831 0.408279687 -0.0102306111
v 0.0760936737 0.403903365 -0.0203892365
v 0.0798004717 0.397233039 -0.0105059352
v 0.0682658479 0.412507802 -0.0394132994
v 0.0745229274 0.418257654 -0.0308684073
v 0.0724134371 0.408279687 -0.0299946219
v 0.0682237297 0.403903335 -0.0393889807
v 0.0743622035 0.397233009 -0.0308018327
v 0.0557388291 0.412507802 -0.0557388142
v 0.0639942884 0.418257654 -0.0491045415
v 0.0621828325 0.408279687 -0.0477145612
v 0.0557044484 0.403903365 -0.0557044335
v 0.0638562813 0.397233009 -0.0489986427
v 0.0394133069 0.412507832 -0.068265833
v 0.0491045378 0.418257654 -0.063994281
v 0.0477145687 0.408279687 -0.0621828176
v 0.0393889919 0.403903365 -0.0682237223
v 0.0489986502 0.397233039 -0.0638562664
v 0.0204018261 0.412507802 -0.0761406496
v 0.0308684073 0.418257654 -0.0745229274
v 0.029994633 0.408279687 -0.0724134222
v 0.0203892421 0.403903335 -0.0760936663
v 0.0308018383 0.397233009 -0.0743622035
v 0.0105286408 0.418257654 -0.0799729452
v 0.0102306092 0.408279657 -0.0777091756
v 0.0105059333 0.397233009 -0.0798004791
v -0.00773827266 0.0391458161 -0.0587778613
v -0.0226874426 0.0391458161 -0.0547722429
v -6.19183993e-09 0.386139631 -0.0841104239
v -6.19183993e-09 0.386139631 -0.0841104239
v 0.0217693839 0.386139631 -0.081244424
v -0.036090482 0.0391458161 -0.0470339842
v -0.0217694212 0.386139631 -0.0812444165
v -0.0470340289 0.0391458161 -0.0360904336
v 0.0420552194 0.386139631 -0.072841756
v -0.054772269 0.0391458161 -0.0226873849
v 0.0594750531 0.386139631 -0.0594750457
v -0.0587778725 0.0391458161 -0.00773822283
v 0.072841756 0.386139631 -0.042055212
v -0.0587778687 0.0391458161 0.00773828058
v 0.0812444314 0.386139631 -0.0217693783
v -0.0547722504 0.0391458161 0.0226874333
v 0.0841104239 0.386139631 -6.62839739e-09
v -0.0470339879 0.0391458161 0.036090482
v 0.0812444314 0.386139631 0.0217693672
v -0.0360904336 0.0391458161 0.0470340252
v 0.0728417635 0.386139631 0.0420551933
v -0.0226873849 0.0391458161 0.054772269
v 0.059475068 0.386139631 0.059475027
v -0.00773822656 0.0391458161 0.0587778799
v 0.042055238 0.386139631 0.0728417411
v 0.00773827778 0.0391458161 0.0587778687
v 0.02176941 0.386139631 0.0812444314
v 0.0226874333 0.0391458161 0.0547722504
v 3.63215804e-08 0.386139631 0.0841104239
v 0.0360904783 0.0391458161 0.0470339917
v -0.0217693429 0.386139631 0.0812444389
v 0.047034014 0.0391458161 0.0360904485
v -0.0420551747 0.386139631 0.0728417709
v 0.054772269 0.0391458161 0.0226874091
v -0.0594750047 0.386139631 0.0594750792
v 0.0587778687 0.0391458161 0.00773825031
v -0.0728417337 0.386139631 0.042055238
v 0.058777865 0.0391458161 -0.0077382545
v -0.081244424 0.386139631 0.02176941
v 0.0547722578 0.0391458236 -0.0226874091
v -0.084110409 0.386139631 3.83515726e-08
v 0.0470340028 0.0391458273 -0.0360904559
v -0.0812444463 0.386139631 -0.0217693355
v 0.0360904597 0.0391458161 -0.0470339991
v -0.0728417709 0.386139631 -0.0420551673
v 0.0226874165 0.0391458161 -0.0547722541
v -0.0594750717 0.386139631 -0.0594750121
v 0.00773825636 0.0391458161 -0.058777865
v -0.0420552529 0.386139631 -0.0728417337
v -0.011240948 0.0677862614 -0.0853832513
v -0.0132352551 0.111759849 -0.100531459
v -0.0132352551 0.111759849 -0.100531459
v -0.0329567604 0.0677862614 -0.0795645118
v -0.03880376 0.111759864 -0.0936803967
v -0.03880376 0.111759864 -0.0936803967
v -0.0524265878 0.0677862614 -0.0683235824
v -0.0617278181 0.111759864 -0.0804451704
v -0.0617278181 0.111759864 -0.0804451704
v -0.0683236495 0.0677862614 -0.052426517
v -0.0804452375 0.111759879 -0.061727725
v -0.0804452375 0.111759879 -0.061727725
v -0.0795645639 0.0677862614 -0.0329566672
v -0.0936804339 0.111759871 -0.0388036519
v -0.0936804339 0.111759871 -0.0388036519
v -0.0853832662 0.0677862614 -0.0112408791
v -0.100531474 0.111759864 -0.0132351723
v -0.100531474 0.111759864 -0.0132351723
v -0.0853832513 0.0677862614 0.0112409564
v -0.100531459 0.111759864 0.0132352617
v -0.100531459 0.111759864 0.0132352617
v -0.0795645118 0.0677862614 0.032956738
v -0.0936804041 0.111759864 0.0388037339
v -0.0936804041 0.111759864 0.0388037339
v -0.0683235824 0.0677862614 0.0524265766
v -0.0804451704 0.111759856 0.0617277957
v -0.0804451704 0.111759856 0.0617277957
v -0.0524265058 0.0677862614 0.0683236346
v -0.0617277175 0.111759856 0.0804452226
v -0.0617277175 0.111759856 0.0804452226
v -0.0329566635 0.0677862614 0.0795645416
v -0.0388036519 0.111759849 0.0936804265
v -0.0388036519 0.111759849 0.0936804265
v -0.01124088 0.0677862614 0.0853832662
v -0.0132351751 0.111759864 0.100531474
v -0.0132351751 0.111759864 0.100531474
v 0.0112409526 0.0677862614 0.0853832588
v 0.013235257 0.111759871 0.100531459
v 0.013235257 0.111759871 0.100531459
v 0.0329567343 0.0677862614 0.0795645267
v 0.0388037264 0.111759864 0.0936804041
v 0.0388037264 0.111759864 0.0936804041
v 0.0524265729 0.0677862614 0.0683235973
v 0.061727792 0.111759856 0.0804451779
v 0.061727792 0.111759856 0.0804451779
v 0.0683236271 0.0677862614 0.0524265245
v 0.0804452226 0.111759849 0.0617277399
v 0.0804452226 0.111759849 0.0617277399
v 0.0795645341 0.0677862614 0.0329566896
v 0.093680419 0.111759849 0.038803678
v 0.093680419 0.111759849 0.038803678
v 0.0853832513 0.0677862614 0.0112409089
v 0.100531474 0.111759849 0.0132352049
v 0.100531474 0.111759849 0.0132352049
v 0.0853832513 0.0677862614 -0.0112409247
v 0.100531466 0.111759856 -0.0132352281
v 0.100531466 0.111759856 -0.0132352281
v 0.0795645341 0.0677862614 -0.0329567082
v 0.093680419 0.111759864 -0.0388037041
v 0.093680419 0.111759864 -0.0388037041
v 0.0683236197 0.0677862614 -0.052426558
v 0.0804452002 0.111759864 -0.0617277734
v 0.0804452002 0.111759864 -0.0617277734
v 0.052426558 0.0677862614 -0.0683236122
v 0.0617277734 0.111759864 -0.0804452002
v 0.0617277734 0.111759864 -0.0804452002
v 0.0329567119 0.0677862614 -0.0795645341
v 0.0388037004 0.111759856 -0.0936804116
v 0.0388037004 0.111759856 -0.0936804116
v 0.0112409182 0.0677862614 -0.0853832588
v 0.013235217 0.111759856 -0.100531474
v 0.013235217 0.111759856 -0.100531474
v -0.0204119645 0.0544591658 -0.0761783123
v -6.5410859e-09 0.0544591658 -0.0788656026
v 0.0204119235 0.0544591583 -0.0761783272
v 0.0394328088 0.0544591621 -0.0682996213
v 0.0557664149 0.0544591658 -0.0557664111
v 0.0682996288 0.0544591658 -0.039432805
v 0.0761783272 0.0544591658 -0.0204119217
v 0.0788656101 0.0544591658 -6.4028427e-09
v 0.0761783272 0.0544591583 0.0204119105
v 0.0682996288 0.0544591621 0.0394327901
v 0.055766426 0.0544591658 0.0557663888
v 0.0394328311 0.0544591658 0.0682996064
v 0.0204119496 0.0544591658 0.0761783123
v 3.40442057e-08 0.0544591658 0.0788656101
v -0.0204118863 0.0544591583 0.0761783421
v -0.0394327715 0.0544591621 0.0682996362
v -0.0557663701 0.0544591658 0.0557664335
v -0.068299599 0.0544591658 0.0394328311
v -0.0761783198 0.0544591658 0.0204119552
v -0.0788656101 0.0544591658 3.6212441e-08
v -0.0761783347 0.0544591658 -0.0204118825
v -0.0682996586 0.0544591658 -0.0394327715
v -0.0557664372 0.0544591658 -0.0557663776
v -0.039432846 0.0544591658 -0.068299599
v -0.014497105 0.17102237 -0.110116147
v -0.0425033234 0.171022385 -0.102611907
v -0.0676129609 0.171022385 -0.088114813
v -0.0881149098 0.171022385 -0.0676128492
v -0.102611959 0.171022385 -0.0425032005
v -0.110116169 0.171022385 -0.0144970184
v -0.110116147 0.1710224 0.0144971116
v -0.102611907 0.1710224 0.0425032899
v -0.0881148204 0.17102237 0.0676129311
v -0.0676128492 0.17102237 0.0881148949
v -0.0425032005 0.17102237 0.102611944
v -0.0144970212 0.17102237 0.110116154
v 0.0144971097 0.171022385 0.110116147
v 0.0425032899 0.17102237 0.102611922
v 0.0676129311 0.17102237 0.0881148502
v 0.08811488 0.171022356 0.067612879
v 0.102611937 0.171022356 0.0425032303
v 0.110116154 0.171022356 0.0144970519
v 0.110116154 0.17102237 -0.0144970771
v 0.102611937 0.171022385 -0.0425032601
v 0.0881148651 0.171022385 -0.0676129088
v 0.0676129162 0.171022385 -0.0881148726
v 0.0425032526 0.17102237 -0.102611937
v 0.0144970668 0.17102237 -0.110116154
v -1.2019882e-08 0.140018046 -0.107213162
v -1.2019882e-08 0.140018046 -0.107213162
v -0.0277488716 0.140018076 -0.103559949
v 0.0277488064 0.140018061 -0.103559963
v -1.19180186e-08 0.204155296 -0.11279428
v -1.19180186e-08 0.204155296 -0.11279428
v 0.0291933101 0.204155326 -0.108950913
v -0.0291933753 0.204155311 -0.108950891
v 0.0536065921 0.140018091 -0.0928493366
v 0.0563971475 0.204155326 -0.0976827294
v 0.0758111477 0.140018091 -0.0758111551
v 0.079757601 0.204155326 -0.079757601
v 0.0928493366 0.140018091 -0.0536065884
v 0.0976827219 0.204155326 -0.0563971475
v 0.103559971 0.140018091 -0.0277488157
v 0.108950913 0.204155311 -0.0291933175
v 0.107213177 0.140018076 -1.18016033e-08
v 0.112794295 0.204155296 -1.26092345e-08
v 0.103559971 0.140018076 0.0277487915
v 0.108950913 0.204155296 0.0291932877
v 0.092849344 0.140018076 0.0536065586
v 0.0976827294 0.204155296 0.0563971177
v 0.07581117 0.140018076 0.0758111253
v 0.0797576159 0.204155296 0.0797575638
v 0.0536066107 0.140018091 0.0928493217
v 0.0563971773 0.204155296 0.0976826996
v 0.0277488437 0.140018106 0.103559956
v 0.0291933492 0.204155326 0.108950898
v 4.31391527e-08 0.140018091 0.107213177
v 4.48562787e-08 0.204155311 0.11279428
v -0.0277487617 0.140018061 0.103559971
v -0.0291932616 0.204155296 0.108950913
v -0.0536065251 0.140018091 0.0928493515
v -0.0563970916 0.204155311 0.0976827443
v -0.075811103 0.140018091 0.0758111775
v -0.0797575563 0.204155296 0.0797576308
v -0.0928493068 0.140018091 0.0536066182
v -0.0976826847 0.204155326 0.0563971736
v -0.103559956 0.140018106 0.0277488492
v -0.108950898 0.204155326 0.0291933492
v -0.107213177 0.140018106 4.57512215e-08
v -0.11279428 0.204155326 4.74174158e-08
v -0.103559986 0.140018106 -0.0277487617
v -0.10895092 0.204155326 -0.0291932616
v -0.0928493515 0.140018106 -0.0536065288
v -0.0976827517 0.204155326 -0.0563970916
v -0.0758111924 0.140018091 -0.075811103
v -0.0797576383 0.204155326 -0.0797575563
v -0.0536066443 0.140018091 -0.0928492993
v -0.0563972071 0.204155326 -0.0976826847
v -0.0217880011 0.426192701 -0.0813137367
v -0.0420911461 0.426192701 -0.0729038939
v -0.0595258325 0.426192701 -0.0595257618
v -0.0729039311 0.426192701 -0.0420910493
v -0.081313774 0.426192701 -0.0217879117
v -0.0841821954 0.426192701 3.83442966e-08
v -0.0813137442 0.426192701 0.021787988
v -0.0729039013 0.426192701 0.0420911275
v -0.0595257618 0.426192701 0.0595258251
v -0.042091053 0.426192701 0.0729039386
v -0.0217879154 0.426192701 0.0813137665
v 3.63288564e-08 0.426192701 0.0841821954
v 0.0217879862 0.426192701 0.0813137516
v 0.0420911275 0.426192701 0.0729039162
v 0.0595258139 0.426192701 0.0595257878
v 0.0729039386 0.426192701 0.0420910828
v 0.081313774 0.426192701 0.0217879452
v 0.0841822028 0.426192701 -6.79574441e-09
v 0.0813137591 0.426192701 -0.0217879582
v 0.0729039311 0.426192701 -0.0420911014
v 0.059525799 0.426192701 -0.0595257953
v 0.0420910977 0.426192701 -0.0729039162
v 0.0217879582 0.426192701 -0.0813137665
v -7.05767889e-09 0.437162906 -0.0893003792
v -7.05767889e-09 0.437162906 -0.0893003792
v 0.0637530461 0.0412535965 -0.0170825794
v 2.88200681e-08 0.0412535928 0.0660020187
v -0.0637530684 0.0412535928 -0.0170825459
v 0.0571594276 0.0412536077 -0.0330010056
v 0.0170826036 0.0412535928 0.0637530461
v -0.0660020187 0.0412535928 3.12757038e-08
v 0.0466704778 0.0412535928 -0.0466704667
v 0.0330010317 0.0412535928 0.0571594089
v -0.0637530535 0.0412535928 0.0170826055
v 0.0330010131 0.0412535928 -0.0571594313
v 0.046670489 0.0412535928 0.0466704592
v -0.0571594127 0.0412535928 0.0330010355
v 0.0170825832 0.0412535928 -0.063753061
v -4.75847628e-09 0.0412535928 -0.0660020113
v -0.0170826148 0.0412535928 -0.0637530386
v 0.0571594425 0.0412535928 0.0330010056
v -0.046670448 0.0412535928 0.0466704965
v -0.0330010392 0.0412535928 -0.0571594089
v 0.0637530684 0.0412535928 0.0170825738
v 0.0660020113 0.0412535928 -3.71437636e-09
v -0.0330009833 0.0412535928 0.0571594425
v -0.0170825496 0.0412535928 0.0637530684
v -0.0466705002 0.0412535928 -0.0466704518
v -0.0571594499 0.0412535928 -0.0330009833
v -0.0103634112 0.0426350459 -0.00598330563
v -0.00846169051 0.0426350571 -0.00846167933
v 0.0115588875 0.0426350497 -0.00309718633
v 0.0119666401 0.0426350534 7.23957783e-09
v 8.52742232e-09 0.0426350459 0.0119666448
v -0.00309718493 0.0426350497 0.0115588931
v -0.011558881 0.0426350497 -0.00309718028
v 0.0103634167 0.0426350534 -0.00598331122
v 0.00309720146 0.0426350497 0.0115588903
v -0.0119666345 0.0426350459 1.34277798e-08
v 0.00846169516 0.0426350497 -0.00846168306
v 0.00598332565 0.0426350459 0.0103634186
v -0.0115588801 0.0426350497 0.00309720659
v 0.00598332286 0.0426350459 -0.0103634028
v 0.0084616961 0.0426350497 0.0084616961
v -0.0103634065 0.0426350459 0.00598332984
v -0.00309719611 0.0426350497 -0.0115588745
v 2.41561793e-09 0.0426350608 -0.011966629
v 0.0103634186 0.0426350459 0.00598332519
v -0.00846168306 0.0426350459 0.00846170168
v -0.005983321 0.0426350459 -0.0103634009
v 0.0115588885 0.0426350497 0.00309720077
v -0.00598330982 0.0426350459 0.0103634223
v 0.00309719797 0.0426350497 -0.0115588745
v -2.70483724e-09 0.0391238406 -0.051353503
v -0.0132912938 0.0391238406 -0.0496036708
v 2.32485036e-08 0.0391238406 0.0513535142
v 0.0132912714 0.0391238406 -0.0496036783
v -0.0444734357 0.0391238406 0.0256767739
v 0.0496036783 0.0391238444 -0.0132912649
v -0.0444734655 0.0391238406 -0.0256767329
v 0.0363124311 0.0391238406 0.0363124087
v -0.0132912425 0.0391238406 0.0496036932
v 0.025676759 0.0391238406 -0.0444734432
v -0.049603682 0.0391238406 0.01329129
v 0.051353503 0.0391238406 -4.29281499e-10
v -0.0256767794 0.0391238406 -0.0444734357
v -0.0363124385 0.0391238406 -0.0363123976
v 0.0132912863 0.0391238406 0.049603682
v 0.0256767739 0.0391238406 0.0444734432
v -0.0363123976 0.0391238406 0.0363124385
v -0.0256767329 0.0391238406 0.0444734618
v 0.0444734506 0.0391238481 -0.0256767496
v 0.0363124199 0.0391238406 -0.0363124087
v -0.0496036895 0.0391238406 -0.0132912397
v -0.0513535105 0.0391238406 2.64699338e-08
v 0.0444734581 0.0391238406 0.0256767515
v 0.0496036857 0.0391238406 0.0132912649
v 0.00547612831 0.0401887707 -0.0415952988
v 0.0160551909 0.0401887707 -0.0387606472
v 0.025540119 0.0401887707 -0.0332845189
v 0.03328453 0.0401887707 -0.0255401079
v 0.0387606584 0.0401887707 -0.0160551816
v 0.0415952951 0.0401887707 -0.00547612319
v 0.0415953025 0.0401887707 0.00547612645
v 0.0387606584 0.0401887707 0.0160551853
v 0.0332845338 0.0401887707 0.0255401097
v 0.0255401246 0.0401887707 0.0332845226
v 0.0160552021 0.0401887707 0.0387606509
v 0.00547614368 0.0401887707 0.0415953025
v -0.00547610503 0.0401887707 0.04159531
v -0.0160551649 0.0401887707 0.0387606584
v -0.025540093 0.0401887707 0.0332845412
v -0.0332845151 0.0401887707 0.0255401284
v -0.0387606509 0.0401887707 0.016055204
v -0.0415952988 0.0401887707 0.00547614787
v -0.0415953025 0.0401887707 -0.00547610084
v -0.0387606546 0.0401887707 -0.016055163
v -0.0332845375 0.0401887707 -0.025540093
v -0.0255401284 0.0401887707 -0.0332845077
v -0.0160552077 0.0401887707 -0.038760636
v -0.00547613669 0.0401887707 -0.0415952913
v 0.0124187917 0.43857038 -0.0943300948
v 0.0364100598 0.43857038 -0.0879016519
v 0.057920035 0.43857038 -0.0754828602
v 0.0754828677 0.43857038 -0.057920035
v 0.0879016519 0.43857038 -0.0364100635
v 0.0943300873 0.43857038 -0.012418801
v 0.0943300948 0.43857038 0.0124187823
v 0.0879016593 0.43857038 0.0364100449
v 0.0754828677 0.43857038 0.0579200238
v 0.0579200611 0.43857038 0.0754828528
v 0.0364100859 0.43857038 0.087901637
v 0.012418828 0.43857038 0.0943300873
v -0.0124187535 0.43857038 0.0943300948
v -0.0364100188 0.43857038 0.0879016668
v -0.0579200052 0.43857038 0.0754828826
v -0.0754828379 0.43857038 0.0579200722
v -0.087901637 0.43857038 0.0364100896
v -0.0943300873 0.43857038 0.0124188317
v -0.0943300948 0.43857038 -0.0124187479
v -0.0879016742 0.43857038 -0.0364100114
v -0.07548289 0.43857038 -0.0579200014
v -0.0579200909 0.43857038 -0.0754828379
v -0.0364101194 0.43857038 -0.0879016295
v -0.012418827 0.43857038 -0.0943300873
v 0.0234936047 0.00788650196 -0.0876793414
v 0.0453861617 0.00788650196 -0.0786111355
v 0.0641857311 0.00788650196 -0.0641857386
v 0.0786111429 0.00788650196 -0.0453861691
v 0.0876793265 0.00788650196 -0.0234936103
v 0.0907723382 0.00788650196 -8.06903699e-09
v 0.0876793489 0.00788650196 0.0234935973
v 0.0786111504 0.00788650196 0.0453861542
v 0.064185746 0.00788650196 0.0641857162
v 0.0453861877 0.00788650196 0.0786111429
v 0.0234936401 0.00788650196 0.0876793265
v 3.52883944e-08 0.00788650196 0.0907723382
v -0.0234935693 0.00788650196 0.0876793489
v -0.0453861244 0.00788650196 0.0786111653
v -0.0641857013 0.00788650196 0.0641857609
v -0.0786111206 0.00788650196 0.0453861915
v -0.0876793265 0.00788650196 0.0234936439
v -0.0907723382 0.00788650196 4.10145731e-08
v -0.0876793489 0.00788650196 -0.0234935582
v -0.0786111727 0.00788650196 -0.045386117
v -0.0641857684 0.00788650196 -0.0641856939
v -0.0453862175 0.00788650196 -0.0786111131
v -0.0234936625 0.00788650196 -0.0876793116
v -0.0119153364 0.00639610179 -0.0905056968
v -0.0349339545 0.00639610179 -0.0843378678
v -0.0555718541 0.00639610179 -0.0724225491
v -0.0724226087 0.00639610179 -0.0555717573
v -0.0843378976 0.00639610179 -0.0349338464
v -0.0905056968 0.00639610179 -0.0119152572
v -0.0905056968 0.00639610179 0.0119153401
v -0.0843378752 0.00639610179 0.0349339247
v -0.072422564 0.00639610179 0.0555718318
v -0.0555717647 0.00639610179 0.0724226013
v -0.0349338576 0.00639610179 0.0843378976
v -0.0119152637 0.00639610179 0.0905056968
v 0.0119153345 0.00639610179 0.0905056968
v 0.0349339247 0.00639610179 0.0843378827
v 0.0555718243 0.00639610179 0.072422564
v 0.0724225864 0.00639610179 0.0555717908
v 0.0843378901 0.00639610179 0.0349338837
v 0.0905057043 0.00639610179 0.0119152926
v 0.0905056968 0.00639610179 -0.0119153084
v 0.0843378827 0.00639610179 -0.0349338986
v 0.0724225864 0.00639610179 -0.055571802
v 0.0555718057 0.00639610179 -0.0724225715
v 0.0349338911 0.00639610179 -0.0843378827
v 0.0119152991 0.00639610179 -0.0905056968
v 0.0184355453 0.0281812306 -0.0688024014
v 0.0356147438 0.0281812306 -0.0616865419
v 0.050366845 0.0281812306 -0.0503668524
v 0.0616865382 0.0281812306 -0.0356147438
v 0.068802394 0.0281812306 -0.0184355453
v 0.0712294877 0.0281812306 -3.41242412e-09
v 0.0688024089 0.0281812306 0.0184355397
v 0.0616865531 0.0281812306 0.0356147327
v 0.0503668711 0.0281812306 0.0503668375
v 0.0356147587 0.0281812306 0.0616865307
v 0.0184355713 0.0281812306 0.068802394
v 2.70083547e-08 0.0281812306 0.0712294877
v -0.0184355173 0.0281812306 0.0688024089
v -0.0356147178 0.0281812306 0.061686568
v -0.0503668301 0.0281812306 0.050366886
v -0.061686527 0.0281812306 0.0356147625
v -0.068802394 0.0281812306 0.0184355751
v -0.0712294877 0.0281812306 3.34475772e-08
v -0.0688024089 0.0281812306 -0.0184355099
v -0.061686568 0.0281812306 -0.035614714
v -0.0503668897 0.0281812306 -0.0503668226
v -0.0356147885 0.0281812306 -0.0616865233
v -0.01843559 0.0281812325 -0.0688023865
v -9.14587872e-09 0.0266728625 -0.0706562921
v -9.14587872e-09 0.0266728625 -0.0706562921
v -9.14587872e-09 0.0266728625 -0.0706562921
v -9.14587872e-09 0.0266728625 -0.0706562921
v 0.0227442924 0.00959103741 -0.0848828629
v 0.0439385995 0.00959103741 -0.0761038885
v 0.0621385649 0.00959103741 -0.0621385686
v 0.0761038885 0.00959103741 -0.0439386033
v 0.0848828703 0.00959103741 -0.0227442961
v 0.0878772065 0.00959103741 -7.22502591e-09
v 0.0848828703 0.00959103741 0.0227442831
v 0.0761038959 0.00959103741 0.0439385884
v 0.0621385835 0.00959103741 0.0621385463
v 0.0439386219 0.00959103741 0.076103881
v 0.0227443222 0.00959103741 0.0848828629
v 3.39714461e-08 0.00959103741 0.0878771991
v -0.022744257 0.00959103741 0.0848828629
v -0.0439385623 0.00959103741 0.0761039034
v -0.0621385276 0.00959103741 0.0621385984
v -0.0761038736 0.00959103741 0.0439386293
v -0.0848828554 0.00959103741 0.0227443315
v -0.0878771991 0.00959103741 4.04033926e-08
v -0.0848828703 0.00959103741 -0.0227442458
v -0.0761039108 0.00959103741 -0.0439385548
v -0.0621386059 0.00959103741 -0.0621385202
v -0.0439386517 0.00959103741 -0.0761038586
v -0.0227443483 0.00959103741 -0.084882848
v -1.19907781e-08 0.00788650196 -0.0907723457
v -1.19907781e-08 0.00788650196 -0.0907723457
v 0.0117050037 0.00888133422 -0.088908352
v 0.0343173444 0.00888133422 -0.0828493983
v 0.0545910075 0.00888133422 -0.0711443871
v 0.0711443871 0.00888133422 -0.054591015
v 0.0828493983 0.00888133422 -0.0343173482
v 0.0889083594 0.00888133422 -0.0117050139
v 0.0889083669 0.00888133422 0.0117049981
v 0.0828494057 0.00888133422 0.0343173295
v 0.071144402 0.00888133422 0.0545909926
v 0.0545910299 0.00888133422 0.0711443797
v 0.0343173705 0.00888133422 0.0828493908
v 0.0117050391 0.00888133422 0.0889083594
v -0.0117049702 0.00888133422 0.0889083594
v -0.0343173072 0.00888133422 0.0828494057
v -0.0545909666 0.00888133422 0.0711444095
v -0.0711443648 0.00888133422 0.0545910373
v -0.0828493908 0.00888133422 0.0343173742
v -0.088908352 0.00888133422 0.0117050447
v -0.0889083669 0.00888133422 -0.0117049627
v -0.0828494057 0.00888133422 -0.0343172997
v -0.0711444169 0.00888133422 -0.0545909666
v -0.054591056 0.00888133422 -0.0711443573
v -0.034317404 0.00888133422 -0.0828493759
v -0.0117050409 0.00888133422 -0.0889083594
v -0.0165785402 0.238501742 -0.125926152
v -0.0486057661 0.238501742 -0.117344484
v -0.0773205385 0.238501742 -0.100765966
v -0.100766055 0.238501742 -0.0773204193
v -0.117344514 0.238501742 -0.0486056283
v -0.125926152 0.238501742 -0.0165784396
v -0.125926152 0.238501742 0.0165785421
v -0.117344484 0.238501742 0.0486057177
v -0.100765988 0.238501742 0.0773205161
v -0.0773204342 0.238501742 0.100766048
v -0.048605632 0.238501742 0.117344514
v -0.0165784452 0.238501742 0.125926152
v 0.0165785365 0.238501742 0.125926152
v 0.0486057177 0.238501742 0.117344484
v 0.0773205012 0.238501742 0.100765988
v 0.100766025 0.238501742 0.0773204416
v 0.117344499 0.238501742 0.0486056618
v 0.125926152 0.238501742 0.0165784769
v 0.125926167 0.238501742 -0.0165785067
v 0.117344499 0.238501742 -0.0486056879
v 0.100766003 0.238501742 -0.0773204714
v 0.077320464 0.238501742 -0.100766011
v 0.048605673 0.238501742 -0.117344506
v 0.0165784881 0.238501742 -0.125926152
v 0.026946798 0.360891789 -0.100566827
v 0.0520572215 0.360891789 -0.0901657492
v 0.0736200213 0.360891789 -0.0736200362
v 0.0901657417 0.360891789 -0.0520572178
v 0.100566819 0.360891789 -0.0269468054
v 0.104114436 0.360891789 -9.90985427e-09
v 0.100566834 0.360891789 0.0269467831
v 0.0901657566 0.360891789 0.0520572029
v 0.0736200511 0.360891789 0.0736200064
v 0.0520572476 0.360891789 0.0901657343
v 0.0269468352 0.360891789 0.100566834
v 3.91009962e-08 0.360891789 0.104114436
v -0.0269467589 0.360891789 0.100566834
v -0.0520571768 0.360891789 0.090165779
v -0.0736199841 0.360891789 0.073620066
v -0.0901657194 0.360891789 0.0520572513
v -0.100566819 0.360891789 0.0269468389
v -0.104114436 0.360891789 4.65879566e-08
v -0.100566842 0.360891789 -0.0269467477
v -0.0901657939 0.360891789 -0.0520571694
v -0.073620066 0.360891789 -0.0736199841
v -0.0520572737 0.360891789 -0.0901657194
v -0.0269468613 0.360891789 -0.100566819
v 0.0142321726 0.347334832 -0.108104117
v 0.0417266265 0.347334832 -0.100736998
v 0.0663774684 0.347334832 -0.086504817
v 0.0865048021 0.347334832 -0.0663774833
v 0.100736983 0.347334832 -0.0417266302
v 0.108104102 0.347334832 -0.0142321838
v 0.108104117 0.347334832 0.0142321596
v 0.100736998 0.347334832 0.0417266078
v 0.0865048245 0.347334832 0.0663774535
v 0.0663774982 0.347334832 0.0865047872
v 0.0417266637 0.347334832 0.100736991
v 0.0142322145 0.347334832 0.108104102
v -0.0142321326 0.347334832 0.108104117
v -0.041726578 0.347334832 0.100737005
v -0.0663774312 0.347334832 0.0865048543
v -0.0865047723 0.347334832 0.0663775131
v -0.100736976 0.347334832 0.04172666
v -0.108104102 0.347334832 0.0142322192
v -0.108104117 0.347334832 -0.0142321242
v -0.10073702 0.347334832 -0.0417265706
v -0.0865048543 0.347334832 -0.0663774312
v -0.066377528 0.347334832 -0.0865047723
v -0.0417266972 0.347334832 -0.100736976
v -0.0142322164 0.347334832 -0.108104102
v -9.16770659e-09 0.0187977795 -0.0722242147
v -9.16770659e-09 0.0187977795 -0.0722242147
v 0.018327849 0.0202612504 -0.068400465
v 0.018327849 0.0202612504 -0.068400465
v 0.0354066864 0.0202612504 -0.0613261759
v 0.0354066864 0.0202612504 -0.0613261759
v 0.0500726141 0.0202612504 -0.0500726141
v 0.0500726141 0.0202612504 -0.0500726141
v 0.0613261759 0.0202612504 -0.0354066826
v 0.0613261759 0.0202612504 -0.0354066826
v 0.0684004575 0.0202612504 -0.0183278453
v 0.0684004575 0.0202612504 -0.0183278453
v 0.0708133653 0.0202612504 -3.00497049e-09
v 0.0708133653 0.0202612504 -3.00497049e-09
v 0.068400465 0.0202612504 0.0183278434
v 0.068400465 0.0202612504 0.0183278434
v 0.0613261946 0.0202612504 0.0354066752
v 0.0613261946 0.0202612504 0.0354066752
v 0.050072629 0.0202612504 0.0500725992
v 0.050072629 0.0202612504 0.0500725992
v 0.0354067013 0.0202612504 0.0613261685
v 0.0354067013 0.0202612504 0.0613261685
v 0.0183278695 0.0202612504 0.0684004575
v 0.0183278695 0.0202612504 0.0684004575
v 2.71902536e-08 0.0202612504 0.0708133727
v 2.71902536e-08 0.0202612504 0.0708133727
v -0.0183278192 0.0202612504 0.068400465
v -0.0183278192 0.0202612504 0.068400465
v -0.0354066566 0.0202612504 0.0613261946
v -0.0354066566 0.0202612504 0.0613261946
v -0.050072588 0.0202612504 0.0500726402
v -0.050072588 0.0202612504 0.0500726402
v -0.0613261685 0.0202612504 0.0354067087
v -0.0613261685 0.0202612504 0.0354067087
v -0.0684004501 0.0202612504 0.0183278751
v -0.0684004501 0.0202612504 0.0183278751
v -0.0708133653 0.0202612504 3.38550308e-08
v -0.0708133653 0.0202612504 3.38550308e-08
v -0.068400465 0.0202612504 -0.0183278117
v -0.068400465 0.0202612504 -0.0183278117
v -0.0613261946 0.0202612504 -0.0354066491
v -0.0613261946 0.0202612504 -0.0354066491
v -0.0500726365 0.0202612504 -0.0500725806
v -0.0500726365 0.0202612504 -0.0500725806
v -0.0354067311 0.0202612504 -0.0613261536
v -0.0354067311 0.0202612504 -0.0613261536
v -0.0183278918 0.0202612504 -0.0684004426
v -0.0183278918 0.0202612504 -0.0684004426
v 0.00928914547 0.0197260343 -0.0705580637
v 0.0272343978 0.0197260343 -0.0657496527
v 0.0433236659 0.0197260343 -0.0564605109
v 0.0564605072 0.0197260343 -0.0433236696
v 0.0657496378 0.0197260343 -0.027234396
v 0.0705580637 0.0197260343 -0.00928914547
v 0.0705580786 0.0197260343 0.00928914081
v 0.0657496601 0.0197260343 0.0272343885
v 0.0564605184 0.0197260343 0.0433236547
v 0.0433236845 0.0197260343 0.0564604923
v 0.0272344165 0.0197260343 0.0657496378
v 0.00928916968 0.0197260343 0.0705580637
v -0.0092891166 0.0197260343 0.0705580786
v -0.027234368 0.0197260343 0.0657496676
v -0.0433236398 0.0197260343 0.0564605296
v -0.0564604849 0.0197260343 0.0433236957
v -0.0657496303 0.0197260343 0.027234422
v -0.0705580637 0.0197260343 0.00928917713
v -0.0705580786 0.0197260343 -0.00928910915
v -0.0657496676 0.0197260343 -0.0272343606
v -0.0564605258 0.0197260343 -0.0433236323
v -0.0433237031 0.0197260343 -0.0564604774
v -0.0272344444 0.0197260343 -0.0657496229
v -0.00928917248 0.0197260343 -0.0705580562
v -1.00335455e-08 0.0366190635 -0.0774312913
v -1.00335455e-08 0.0366190635 -0.0774312913
v 0.0108552212 0.044486843 -0.082453616
v 0.0318259001 0.044486843 -0.0768345371
v 0.0506276973 0.044486843 -0.0659793094
v 0.0659793168 0.0444868505 -0.050627701
v 0.0768345296 0.0444868505 -0.0318259038
v 0.082453616 0.0444868468 -0.0108552268
v 0.0824536085 0.044486843 0.0108552156
v 0.0768345371 0.044486843 0.0318258889
v 0.0659793243 0.044486843 0.0506276861
v 0.0506277159 0.044486843 0.0659793019
v 0.0318259299 0.044486843 0.0768345222
v 0.0108552529 0.044486843 0.0824536085
v -0.0108551923 0.044486843 0.0824536234
v -0.0318258703 0.044486843 0.076834552
v -0.0506276637 0.044486843 0.0659793392
v -0.0659792945 0.0444868468 0.0506277271
v -0.0768345222 0.0444868468 0.0318259336
v -0.082453616 0.044486843 0.0108552594
v -0.082453616 0.044486843 -0.0108551849
v -0.0768345594 0.044486843 -0.0318258666
v -0.0659793466 0.0444868468 -0.0506276637
v -0.050627742 0.0444868468 -0.0659792796
v -0.031825956 0.0444868468 -0.0768345073
v -0.0108552538 0.0444868468 -0.0824536085
v -1.57306204e-08 0.297467023 -0.121116452
v -1.57306204e-08 0.297467023 -0.121116452
v 0.0153446021 0.316116869 -0.11655385
v 0.0313472413 0.297467023 -0.116989516
v 0.0161797218 0.277608365 -0.12289723
v 0.0449881032 0.316116899 -0.108610891
v 0.0605582222 0.297467023 -0.104889929
v 0.047436554 0.277608365 -0.114521988
v 0.0715657398 0.316116869 -0.093266286
v 0.0856422633 0.297467023 -0.0856422707
v 0.0754606649 0.277608365 -0.0983422548
v 0.093266286 0.316116869 -0.0715657398
v 0.104889914 0.297467023 -0.060558226
v 0.0983422473 0.277608365 -0.0754606649
v 0.108610876 0.316116869 -0.0449881069
v 0.116989516 0.297467023 -0.0313472487
v 0.11452198 0.277608365 -0.0474365577
v 0.116553843 0.316116869 -0.0153446151
v 0.121116459 0.297467023 -1.40571501e-08
v 0.122897223 0.277608365 -0.0161797386
v 0.11655385 0.316116869 0.0153445881
v 0.116989516 0.297467023 0.0313472226
v 0.12289723 0.277608365 0.0161797088
v 0.108610898 0.316116869 0.0449880809
v 0.104889929 0.297467023 0.0605581924
v 0.114521988 0.277608365 0.0474365354
v 0.0932662934 0.316116869 0.07156571
v 0.0856422707 0.297467023 0.085642226
v 0.0983422697 0.277608365 0.0754606351
v 0.0715657622 0.316116869 0.0932662636
v 0.060558252 0.297467023 0.104889892
v 0.0754606947 0.277608365 0.0983422175
v 0.0449881367 0.316116869 0.108610861
v 0.0313472785 0.297467023 0.116989486
v 0.0474365875 0.277608365 0.114521965
v 0.015344644 0.316116869 0.116553836
v 4.54456313e-08 0.297467023 0.121116452
v 0.0161797684 0.277608365 0.122897215
v -0.0153445583 0.316116869 0.11655385
v -0.0313471928 0.297467023 0.116989516
v -0.0161796771 0.277608365 0.12289723
v -0.0449880548 0.316116869 0.108610906
v -0.0605581701 0.297467023 0.104889952
v -0.0474365093 0.277608365 0.114521995
v -0.0715656877 0.316116869 0.0932663232
v -0.0856422186 0.297467023 0.0856423005
v -0.0754606202 0.277608365 0.0983422846
v -0.0932662487 0.316116869 0.0715657771
v -0.104889885 0.297467023 0.0605582595
v -0.0983422175 0.277608365 0.0754607022
v -0.108610861 0.316116869 0.0449881405
v -0.116989486 0.297467023 0.0313472822
v -0.11452195 0.277608365 0.047436595
v -0.116553836 0.316116869 0.0153446496
v -0.121116452 0.297467023 5.13900886e-08
v -0.122897215 0.277608365 0.016179774
v -0.11655385 0.316116869 -0.0153445499
v -0.116989516 0.297467023 -0.0313471854
v -0.12289723 0.277608365 -0.0161796696
v -0.108610906 0.316116869 -0.0449880436
v -0.104889952 0.297467023 -0.0605581626
v -0.114521988 0.277608365 -0.0474364981
v -0.0932663158 0.316116869 -0.0715656877
v -0.0856423005 0.297467023 -0.0856422111
v -0.0983422846 0.277608365 -0.0754606128
v -0.0715657994 0.316116869 -0.0932662487
v -0.0605582967 0.297467023 -0.104889877
v -0.0754607245 0.277608365 -0.0983422101
v -0.0449881777 0.316116869 -0.108610846
v -0.031347312 0.297467023 -0.116989486
v -0.0474366359 0.277608365 -0.11452195
v -0.0153446468 0.316116869 -0.116553836
v -0.0161797702 0.277608365 -0.122897215
v 0.02938281 0.332627028 -0.109658144
v 0.056763228 0.332627028 -0.0983168036
v -1.41299097e-08 0.332627028 -0.113526464
v -1.41299097e-08 0.332627028 -0.113526464
v 0.0325814709 0.257694483 -0.121595718
v 0.0629425719 0.257694483 -0.109019749
v -1.69238774e-08 0.257694483 -0.125885144
v -1.69238774e-08 0.257694483 -0.125885144
v 0.080275327 0.332627028 -0.0802753344
v 0.0890142471 0.257694483 -0.0890142545
v 0.0983167961 0.332627028 -0.0567632318
v 0.109019741 0.257694483 -0.0629425794
v 0.109658115 0.332627028 -0.0293828193
v 0.121595718 0.257694483 -0.0325814821
v 0.113526464 0.332627028 -1.25437509e-08
v 0.125885144 0.257694483 -1.47483661e-08
v 0.109658144 0.332627028 0.0293827914
v 0.121595718 0.257694483 0.032581456
v 0.0983168036 0.332627028 0.0567632094
v 0.109019756 0.257694483 0.0629425496
v 0.0802753419 0.332627028 0.0802753046
v 0.0890142694 0.257694483 0.0890142173
v 0.0567632578 0.332627028 0.0983167738
v 0.0629426017 0.257694483 0.109019727
v 0.0293828472 0.332627028 0.109658115
v 0.0325815119 0.257694483 0.121595703
v 4.22078301e-08 0.332627028 0.113526464
v 4.66097845e-08 0.257694483 0.125885144
v -0.0293827634 0.332627028 0.109658152
v -0.0325814262 0.257694483 0.121595718
v -0.0567631833 0.332627028 0.0983168259
v -0.0629425347 0.257694483 0.109019771
v -0.0802752823 0.332627028 0.0802753642
v -0.0890142173 0.257694483 0.0890142918
v -0.0983167663 0.332627028 0.0567632578
v -0.109019727 0.257694483 0.0629426092
v -0.1096581 0.332627028 0.0293828491
v -0.121595696 0.257694483 0.0325815156
v -0.113526464 0.332627028 4.94546839e-08
v -0.125885144 0.257694483 5.25469659e-08
v -0.109658152 0.332627028 -0.0293827523
v -0.121595718 0.257694483 -0.0325814225
v -0.0983168185 0.332627028 -0.0567631759
v -0.109019756 0.257694483 -0.0629425198
v -0.0802753717 0.332627028 -0.0802752823
v -0.0890142992 0.257694483 -0.0890141949
v -0.0567632988 0.332627028 -0.0983167589
v -0.0629426464 0.257694483 -0.109019712
v -0.0293828752 0.332627028 -0.1096581
v -0.0325815454 0.257694483 -0.121595703
v -1.31331035e-08 0.360891789 -0.104114428
v -1.31331035e-08 0.360891789 -0.104114428
v -0.0129154287 0.373938382 -0.0981021225
v -0.0378660671 0.373938382 -0.0914166197
v -0.0602361709 0.373938382 -0.0785012171
v -0.0785012916 0.373938382 -0.0602360815
v -0.0914166644 0.373938382 -0.0378659628
v -0.0981021374 0.373938382 -0.0129153449
v -0.09810213 0.373938382 0.0129154325
v -0.0914166272 0.373938382 0.0378660448
v -0.0785012171 0.373938382 0.0602361597
v -0.0602360852 0.373938382 0.0785012916
v -0.0378659703 0.373938382 0.0914166495
v -0.0129153524 0.373938382 0.0981021374
v 0.012915425 0.373938382 0.0981021374
v 0.0378660411 0.373938382 0.0914166346
v 0.0602361448 0.373938382 0.078501232
v 0.0785012692 0.373938382 0.0602361038
v 0.0914166346 0.373938382 0.0378660001
v 0.0981021374 0.373938382 0.0129153803
v 0.0981021374 0.373938382 -0.012915398
v 0.0914166346 0.373938382 -0.037866015
v 0.0785012394 0.373938382 -0.0602361225
v 0.0602361225 0.373938382 -0.0785012394
v 0.0378660187 0.373938382 -0.0914166272
v 0.0129153896 0.373938382 -0.09810213
v -0.0158505514 0.139014244 -0.120396532
v -0.0464714095 0.139014259 -0.112191699
v -0.0739252716 0.139014259 -0.0963411629
v -0.0963412672 0.139014259 -0.073925145
v -0.112191752 0.139014259 -0.0464712754
v -0.120396562 0.139014259 -0.0158504527
v -0.120396554 0.139014259 0.0158505552
v -0.112191714 0.139014259 0.0464713685
v -0.0963411778 0.139014259 0.0739252493
v -0.073925145 0.139014259 0.0963412374
v -0.0464712791 0.139014244 0.112191737
v -0.0158504583 0.139014229 0.120396547
v 0.0158505458 0.139014259 0.120396532
v 0.0464713611 0.139014259 0.112191714
v 0.0739252418 0.139014244 0.0963411778
v 0.09634123 0.139014244 0.0739251748
v 0.112191722 0.139014229 0.0464713126
v 0.120396532 0.139014229 0.0158504881
v 0.120396532 0.139014259 -0.0158505179
v 0.112191729 0.139014259 -0.0464713387
v 0.0963412151 0.139014259 -0.0739252046
v 0.0739252046 0.139014259 -0.0963412151
v 0.0464713238 0.139014259 -0.112191722
v 0.0158504993 0.139014229 -0.120396547
v -0.0228079427 0.412358373 -0.0851201862
v -0.0117008584 0.418157637 -0.0888765752
v -1.14014256e-08 0.412358373 -0.0881229043
v -1.14014256e-08 0.412358373 -0.0881229043
v -0.0114470795 0.408123195 -0.0869489387
v -0.0228136107 0.403746843 -0.0851413384
v -1.13141141e-08 0.403746843 -0.0881448016
v -1.13141141e-08 0.403746843 -0.0881448016
v -0.0117551396 0.397076547 -0.0892888904
v -0.044061508 0.412358373 -0.0763166472
v -0.0343051404 0.418157637 -0.0828197673
v -0.0335610993 0.408123195 -0.0810234994
v -0.0440724567 0.403746873 -0.0763356164
v -0.0344642848 0.397076547 -0.0832039788
v -0.0623123497 0.412358373 -0.0623122752
v -0.0545715578 0.418157637 -0.0711189359
v -0.0533879511 0.408123195 -0.0695764497
v -0.062327832 0.403746843 -0.0623277575
v -0.0548247173 0.397076547 -0.07144887
v -0.0763167143 0.412358373 -0.0440614112
v -0.0711190104 0.418157637 -0.0545714684
v -0.0695765093 0.408123195 -0.0533878691
v -0.0763356686 0.403746873 -0.0440723673
v -0.0714489296 0.397076547 -0.0548246242
v -0.085120216 0.412358373 -0.022807844
v -0.0828198195 0.418157637 -0.0343050361
v -0.081023559 0.408123195 -0.0335609987
v -0.0851413608 0.403746843 -0.022813512
v -0.0832040161 0.397076547 -0.0344641842
v -0.0881229118 0.412358373 4.06580511e-08
v -0.0888765976 0.418157637 -0.0117007829
v -0.086948961 0.408123195 -0.0114470031
v -0.0881448016 0.403746843 4.04907041e-08
v -0.0892889053 0.397076547 -0.0117550632
v -0.0851201862 0.412358373 0.0228079241
v -0.0888765827 0.418157637 0.0117008639
v -0.0869489387 0.408123195 0.0114470841
v -0.085141331 0.403746873 0.0228135902
v -0.0892888904 0.397076547 0.0117551452
v -0.0763166547 0.412358403 0.044061482
v -0.0828197822 0.418157637 0.0343051143
v -0.0810234994 0.408123225 0.0335610695
v -0.0763356164 0.403746873 0.0440724306
v -0.0832039863 0.397076547 0.0344642587
v -0.0623122863 0.412358403 0.0623123422
v -0.0711189508 0.418157637 0.0545715392
v -0.0695764497 0.408123225 0.0533879325
v -0.0623277575 0.403746873 0.0623278283
v -0.07144887 0.397076547 0.0548247024
v -0.0440614261 0.412358373 0.0763167068
v -0.0545714796 0.418157637 0.071119003
v -0.0533878803 0.408123195 0.0695765167
v -0.0440723784 0.403746843 0.0763356686
v -0.0548246354 0.397076547 0.0714489222
v -0.0228078552 0.412358373 0.0851202086
v -0.0343050472 0.418157637 0.0828198269
v -0.0335610099 0.408123195 0.0810235441
v -0.0228135213 0.403746873 0.0851413459
v -0.0344641954 0.397076547 0.0832040235
v 3.38914106e-08 0.412358373 0.0881229043
v -0.0117007904 0.418157637 0.0888765827
v -0.0114470124 0.408123195 0.0869489461
v 3.40805855e-08 0.403746843 0.088144809
v -0.0117550716 0.397076547 0.0892888904
v 0.0228079166 0.412358373 0.0851201937
v 0.0117008574 0.418157637 0.0888765827
v 0.0114470785 0.408123195 0.0869489461
v 0.0228135865 0.403746873 0.0851413459
v 0.0117551396 0.397076547 0.0892888904
v 0.0440614745 0.412358373 0.0763166621
v 0.0343051068 0.418157637 0.0828197822
v 0.0335610658 0.408123195 0.0810235068
v 0.0440724269 0.403746843 0.0763356313
v 0.0344642513 0.397076547 0.0832039937
v 0.0623123273 0.412358373 0.0623122975
v 0.0545715243 0.418157637 0.0711189583
v 0.0533879213 0.408123195 0.0695764646
v 0.0623278096 0.403746843 0.0623277798
v 0.0548246913 0.397076547 0.0714488849
v 0.0763166845 0.412358373 0.044061441
v 0.0711189881 0.418157637 0.0545714945
v 0.0695765018 0.408123195 0.0533878878
v 0.0763356611 0.403746873 0.0440723933
v 0.0714489073 0.397076547 0.0548246466
v 0.0851202011 0.412358403 0.0228078775
v 0.0828198045 0.418157637 0.0343050733
v 0.0810235292 0.408123225 0.0335610323
v 0.0851413384 0.403746873 0.0228135455
v 0.0832040161 0.397076547 0.034464214
v 0.0881229043 0.412358373 -7.13043846e-09
v 0.0888765827 0.418157637 0.0117008165
v 0.0869489387 0.408123195 0.0114470366
v 0.088144809 0.403746843 -7.06495484e-09
v 0.0892888904 0.397076547 0.0117550977
v 0.0851201937 0.412358373 -0.0228078905
v 0.0888765827 0.418157637 -0.0117008304
v 0.0869489461 0.408123195 -0.0114470506
v 0.0851413459 0.403746873 -0.0228135586
v 0.0892888904 0.397076547 -0.0117551126
v 0.0763166845 0.412358373 -0.0440614596
v 0.0828198045 0.418157637 -0.0343050882
v 0.0810235217 0.408123195 -0.0335610434
v 0.0763356537 0.403746843 -0.0440724082
v 0.0832040086 0.397076547 -0.0344642289
v 0.0623123161 0.412358373 -0.0623123124
v 0.0711189806 0.418157637 -0.0545715131
v 0.0695764869 0.408123195 -0.0533879101
v 0.0623277985 0.403746843 -0.0623277947
v 0.0714488998 0.397076547 -0.0548246764
v 0.0440614559 0.412358373 -0.0763166845
v 0.0545715056 0.418157637 -0.0711189732
v 0.0533879139 0.408123195 -0.0695764795
v 0.044072412 0.403746873 -0.0763356462
v 0.0548246652 0.397076547 -0.0714488998
v 0.0228078868 0.412358373 -0.0851202086
v 0.0343050845 0.418157637 -0.0828198045
v 0.0335610434 0.408123195 -0.0810235292
v 0.0228135567 0.403746843 -0.0851413459
v 0.0344642326 0.397076547 -0.0832040012
v 0.0117008239 0.418157637 -0.0888765976
v 0.0114470432 0.408123195 -0.0869489461
v 0.0117551042 0.397076517 -0.0892888978
v -0.0247501042 0.437270105 -0.092368409
v -1.16924639e-08 0.426202655 -0.0923360586
v -1.16924639e-08 0.426202655 -0.0923360586
v -1.14450813e-08 0.386615336 -0.0939344689
v -1.14450813e-08 0.386615336 -0.0939344689
v 0.0243120324 0.386615336 -0.0907337293
v 0.0238983277 0.426202655 -0.0891897902
v -0.0243120864 0.386615336 -0.0907337219
v 0.0461680293 0.426202655 -0.0799653754
v 0.0469672419 0.386615336 -0.0813496336
v 0.0652914569 0.426202655 -0.0652914569
v 0.0664216951 0.386615336 -0.0664216951
v 0.0799653754 0.426202655 -0.0461680368
v 0.0813496485 0.386615336 -0.0469672382
v 0.0891897902 0.426202655 -0.0238983333
v 0.0907337368 0.386615336 -0.0243120324
v 0.0923360661 0.426202655 -7.552444e-09
v 0.0939344764 0.386615336 -8.08358891e-09
v 0.0891897976 0.426202655 0.0238983184
v 0.0907337442 0.386615336 0.0243120193
v 0.0799653903 0.426202655 0.0461680107
v 0.081349656 0.386615336 0.0469672233
v 0.0652914718 0.426202655 0.065291442
v 0.0664217174 0.386615336 0.0664216802
v 0.0461680517 0.426202655 0.0799653605
v 0.0469672643 0.386615336 0.0813496411
v 0.0238983613 0.426202655 0.0891897827
v 0.0243120641 0.386615336 0.0907337368
v 3.58195393e-08 0.426202655 0.0923360586
v 3.61033017e-08 0.386615336 0.0939344764
v -0.0238982923 0.426202655 0.0891897976
v -0.0243119933 0.386615336 0.0907337368
v -0.0461679883 0.426202655 0.0799653977
v -0.0469671972 0.386615336 0.0813496709
v -0.0652914271 0.426202655 0.0652914867
v -0.0664216653 0.386615336 0.0664217472
v -0.0799653456 0.426202655 0.0461680554
v -0.0813496262 0.386615336 0.046967268
v -0.0891897753 0.426202655 0.0238983668
v -0.0907337219 0.386615336 0.0243120696
v -0.0923360661 0.426202655 4.18949639e-08
v -0.0939344764 0.386615336 4.22078301e-08
v -0.0891898125 0.426202655 -0.0238982849
v -0.0907337591 0.386615336 -0.0243119858
v -0.0799653977 0.426202655 -0.0461679846
v -0.0813496783 0.386615336 -0.0469671898
v -0.0652915016 0.426202655 -0.0652914196
v -0.0664217398 0.386615336 -0.0664216653
v -0.0461680852 0.426202655 -0.0799653381
v -0.0469672866 0.386615336 -0.0813496187
v -1.45737431e-08 0.0739716887 -0.100761555
v -1.45737431e-08 0.0739716887 -0.100761555
v -0.0124388803 0.0635156482 -0.0944823995
v -0.026079068 0.0739717111 -0.0973281711
v -0.0138009461 0.0850791708 -0.104828283
v -1.64218363e-08 0.0970315412 -0.110320106
v -1.64218363e-08 0.0970315412 -0.110320106
v -0.0285530109 0.0970315635 -0.106561027
v -0.0149481082 0.110023037 -0.113541812
v -0.0364689082 0.0635156557 -0.0880435631
v -0.0503808334 0.0739717185 -0.0872620344
v -0.0404622741 0.0850791857 -0.0976843834
v -0.0551601164 0.097031571 -0.0955399796
v -0.0438255779 0.110023059 -0.105804116
v -0.0580136068 0.0635156557 -0.0756047145
v -0.0712492242 0.0739717111 -0.0712491274
v -0.0643661246 0.0850791857 -0.0838834718
v -0.0780081376 0.097031571 -0.0780080408
v -0.0697163716 0.110023052 -0.0908560306
v -0.075604789 0.0635156482 -0.0580135137
v -0.0872621015 0.0739716962 -0.0503807291
v -0.0838835537 0.0850791782 -0.0643660203
v -0.0955400541 0.0970315635 -0.0551599972
v -0.0908561125 0.110023059 -0.0697162598
v -0.0880436152 0.0635156482 -0.0364688076
v -0.097328186 0.0739716887 -0.0260789618
v -0.0976844281 0.0850791708 -0.0404621586
v -0.10656105 0.0970315561 -0.0285528935
v -0.105804153 0.110023059 -0.043825455
v -0.094482407 0.0635156408 -0.012438802
v -0.100761548 0.0739716813 4.38667485e-08
v -0.104828283 0.0850791633 -0.0138008595
v -0.110320099 0.0970315486 4.74028639e-08
v -0.113541834 0.110023052 -0.0149480132
v -0.0944823995 0.0635156333 0.0124388859
v -0.0973281637 0.0739716887 0.0260790493
v -0.104828268 0.0850791559 0.0138009489
v -0.106561027 0.0970315486 0.028552983
v -0.113541819 0.110023044 0.0149481101
v -0.0880435631 0.0635156408 0.0364688821
v -0.0872620419 0.0739717111 0.0503808074
v -0.0976843908 0.0850791708 0.040462248
v -0.0955399871 0.097031571 0.0551600829
v -0.105804116 0.110023052 0.043825537
v -0.075604707 0.0635156557 0.0580135882
v -0.0712491274 0.0739717111 0.0712492019
v -0.0838834718 0.0850791857 0.0643661097
v -0.0780080408 0.097031571 0.0780081153
v -0.090856038 0.110023052 0.0697163418
v -0.05801351 0.0635156482 0.0756047666
v -0.0503807254 0.0739716962 0.0872620717
v -0.0643660128 0.0850791782 0.0838835239
v -0.0551599935 0.0970315486 0.0955400243
v -0.0697162598 0.110023052 0.0908560827
v -0.0364688076 0.0635156408 0.0880435929
v -0.0260789655 0.0739716813 0.097328186
v -0.0404621623 0.0850791559 0.0976844132
v -0.0285528954 0.0970315337 0.106561035
v -0.0438254587 0.110023029 0.105804138
v -0.0124388058 0.0635156408 0.0944824144
v 3.90646164e-08 0.0739716887 0.100761563
v -0.0138008622 0.0850791559 0.104828291
v 4.14438546e-08 0.0970315635 0.110320114
v -0.0149480179 0.110023029 0.113541819
v 0.0124388803 0.0635156482 0.0944823995
v 0.0260790437 0.0739716887 0.0973281637
v 0.0138009423 0.0850791708 0.104828276
v 0.0285529755 0.0970315561 0.106561027
v 0.0149481017 0.110023052 0.113541819
v 0.0364688747 0.0635156408 0.0880435631
v 0.0503808036 0.0739716813 0.0872620419
v 0.0404622406 0.0850791633 0.0976843908
v 0.0551600754 0.0970315486 0.0955399871
v 0.0438255295 0.110023044 0.105804116
v 0.0580135807 0.0635156333 0.0756047219
v 0.071249187 0.0739716813 0.0712491497
v 0.0643660873 0.0850791559 0.0838834792
v 0.0780081004 0.0970315486 0.0780080631
v 0.0697163343 0.110023044 0.090856038
v 0.0756047517 0.0635156333 0.0580135323
v 0.0872620642 0.0739716813 0.0503807515
v 0.0838835016 0.0850791559 0.0643660426
v 0.0955400094 0.0970315486 0.0551600307
v 0.0908560678 0.110023044 0.0697162822
v 0.0880435854 0.0635156333 0.0364688337
v 0.0973281711 0.0739716887 0.0260789935
v 0.0976843983 0.0850791633 0.0404621959
v 0.10656102 0.0970315412 0.0285529252
v 0.105804123 0.110023029 0.0438254848
v 0.0944823995 0.0635156408 0.0124388337
v 0.100761548 0.0739716887 -9.80071491e-09
v 0.104828268 0.0850791633 0.013800892
v 0.110320091 0.0970315486 -1.14669092e-08
v 0.113541812 0.110023029 0.0149480505
v 0.0944823995 0.0635156408 -0.0124388505
v 0.0973281711 0.0739717111 -0.0260790121
v 0.104828268 0.0850791708 -0.0138009135
v 0.106561027 0.097031571 -0.0285529457
v 0.113541812 0.110023052 -0.0149480728
v 0.088043578 0.0635156557 -0.0364688486
v 0.0872620642 0.0739717185 -0.0503807738
v 0.0976843908 0.0850791857 -0.0404622108
v 0.0955400169 0.097031571 -0.0551600493
v 0.10580413 0.110023052 -0.0438255146
v 0.0756047443 0.0635156557 -0.0580135509
v 0.0712491795 0.0739717111 -0.0712491721
v 0.0838835016 0.0850791857 -0.0643660724
v 0.0780080929 0.097031571 -0.0780080855
v 0.0908560753 0.110023059 -0.069716312
v 0.0580135547 0.0635156482 -0.0756047368
v 0.0503807738 0.0739716962 -0.0872620568
v 0.0643660799 0.0850791782 -0.0838834941
v 0.0551600531 0.0970315635 -0.095540002
v 0.0697163194 0.110023052 -0.0908560604
v 0.0364688486 0.0635156408 -0.088043578
v 0.0260790046 0.0739716887 -0.0973281711
v 0.040462207 0.0850791708 -0.0976843983
v 0.0285529364 0.0970315486 -0.10656102
v 0.043825496 0.110023029 -0.105804123
v 0.0124388402 0.0635156408 -0.094482407
v 0.0138008986 0.0850791633 -0.104828276
v 0.0149480561 0.110023029 -0.113541819
v -0.0231164265 0.0536055081 -0.0862714648
v -1.19835022e-08 0.0536054932 -0.0893148184
v -1.19835022e-08 0.0536054932 -0.0893148184
v 0.0306155235 0.1241372 -0.114258721
v -1.74259185e-08 0.124137193 -0.118289329
v -1.74259185e-08 0.124137193 -0.118289329
v -0.0306156017 0.124137215 -0.114258714
v 0.0231163725 0.0536054969 -0.0862714872
v 0.0446574055 0.0536055006 -0.0773489028
v 0.0591446608 0.124137215 -0.102441564
v 0.0631551072 0.0536055006 -0.0631551072
v 0.0836431831 0.124137223 -0.0836431757
v 0.0773489028 0.0536055081 -0.0446574017
v 0.102441572 0.124137215 -0.0591446683
v 0.0862714723 0.0536055081 -0.0231163763
v 0.114258714 0.124137215 -0.0306155384
v 0.0893148109 0.0536054932 -7.58882379e-09
v 0.118289314 0.124137208 -1.22599886e-08
v 0.0862714797 0.0536054969 0.0231163613
v 0.114258714 0.124137186 0.0306155141
v 0.0773489177 0.0536054969 0.0446573943
v 0.102441564 0.124137208 0.0591446459
v 0.0631551296 0.0536054969 0.0631550923
v 0.0836432055 0.124137215 0.0836431533
v 0.0446574315 0.0536054969 0.0773488879
v 0.0591446906 0.124137215 0.102441542
v 0.0231164023 0.0536055006 0.0862714723
v 0.0306155626 0.124137215 0.114258714
v 3.42261046e-08 0.0536055006 0.0893148184
v 4.35757102e-08 0.124137215 0.118289322
v -0.0231163371 0.0536054969 0.0862714946
v -0.0306154825 0.124137186 0.114258721
v -0.0446573682 0.0536055006 0.0773489252
v -0.0591446124 0.124137208 0.102441587
v -0.0631550774 0.0536055006 0.0631551445
v -0.083643131 0.124137215 0.0836432129
v -0.0773488879 0.0536055081 0.0446574353
v -0.102441557 0.124137215 0.0591447018
v -0.0862714723 0.0536054969 0.0231164116
v -0.114258721 0.124137223 0.0306155737
v -0.0893148184 0.0536054969 4.00541467e-08
v -0.118289337 0.124137223 5.05897333e-08
v -0.0862715021 0.0536055006 -0.0231163315
v -0.114258736 0.124137223 -0.0306154788
v -0.0773489401 0.0536055006 -0.0446573645
v -0.102441601 0.12413723 -0.0591446124
v -0.0631551519 0.0536055081 -0.0631550774
v -0.0836432353 0.124137215 -0.083643131
v -0.0446574576 0.0536055081 -0.0773488805
v -0.0591447353 0.124137215 -0.102441542
v -0.032805156 0.18646048 -0.122430183
v -0.0166318454 0.20330441 -0.126331031
v -1.87501428e-08 0.186460465 -0.126749054
v -1.87501428e-08 0.186460465 -0.126749054
v -0.0163862798 0.170068473 -0.124465764
v -0.0633746162 0.18646048 -0.109767877
v -0.0487620495 0.20330441 -0.117721759
v -0.0480420738 0.170068488 -0.11598362
v -0.0896251872 0.18646048 -0.089625068
v -0.0775691345 0.20330441 -0.101089947
v -0.0764238462 0.170068488 -0.0995973572
v -0.109767966 0.18646048 -0.0633744746
v -0.101090036 0.20330441 -0.0775690228
v -0.0995974615 0.170068488 -0.076423727
v -0.12243022 0.186460495 -0.0328050219
v -0.117721811 0.20330441 -0.048761908
v -0.115983665 0.170068488 -0.0480419435
v -0.126749068 0.186460495 5.2525138e-08
v -0.126331046 0.20330444 -0.0166317429
v -0.124465778 0.170068488 -0.0163861793
v -0.122430205 0.186460495 0.0328051224
v -0.126331046 0.20330444 0.0166318435
v -0.124465771 0.170068488 0.0163862798
v -0.109767899 0.18646048 0.063374579
v -0.117721774 0.20330441 0.0487620048
v -0.115983635 0.170068488 0.0480420366
v -0.0896250904 0.186460465 0.0896251723
v -0.101089969 0.20330441 0.0775691196
v -0.0995973796 0.170068473 0.0764238164
v -0.0633744895 0.18646048 0.109767951
v -0.0775690302 0.20330441 0.101090021
v -0.076423727 0.170068458 0.0995974392
v -0.0328050256 0.186460465 0.122430205
v -0.0487619154 0.20330441 0.117721803
v -0.0480419435 0.170068473 0.11598365
v 4.703179e-08 0.18646048 0.126749054
v -0.0166317485 0.20330441 0.126331031
v -0.0163861811 0.170068458 0.124465778
v 0.032805115 0.186460495 0.122430198
v 0.0166318379 0.20330441 0.126331031
v 0.0163862724 0.170068488 0.124465764
v 0.0633745641 0.186460465 0.109767899
v 0.0487619899 0.20330441 0.117721774
v 0.0480420329 0.170068488 0.115983628
v 0.08962515 0.186460465 0.0896250978
v 0.0775691047 0.20330441 0.101089969
v 0.0764238015 0.170068458 0.099597387
v 0.109767929 0.186460465 0.0633745119
v 0.101089999 0.20330441 0.0775690526
v 0.0995974168 0.170068458 0.0764237493
v 0.122430198 0.186460465 0.0328050554
v 0.117721789 0.20330441 0.0487619415
v 0.115983635 0.170068458 0.0480419733
v 0.126749054 0.186460465 -1.47265382e-08
v 0.126331031 0.20330441 0.0166317802
v 0.124465771 0.170068458 0.0163862128
v 0.12243019 0.18646048 -0.0328050852
v 0.126331031 0.20330441 -0.01663181
v 0.124465764 0.170068458 -0.0163862407
v 0.109767921 0.18646048 -0.0633745492
v 0.117721789 0.20330441 -0.0487619713
v 0.115983635 0.170068488 -0.0480419993
v 0.0896251351 0.18646048 -0.0896251351
v 0.101089999 0.20330441 -0.0775690824
v 0.0995974168 0.170068488 -0.0764237717
v 0.0633745342 0.186460495 -0.109767929
v 0.0775690824 0.20330441 -0.101089992
v 0.0764237791 0.170068488 -0.0995974094
v 0.032805074 0.18646048 -0.12243022
v 0.0487619564 0.20330441 -0.117721803
v 0.0480419919 0.170068488 -0.115983643
v 0.0166317914 0.20330441 -0.126331046
v 0.016386224 0.170068473 -0.124465778
v -1.78770279e-08 0.154295251 -0.123816848
v -1.78770279e-08 0.154295251 -0.123816848
v -0.0320462361 0.154295266 -0.119597882
v 0.0320461504 0.154295266 -0.119597904
v -1.79861672e-08 0.220499322 -0.127514973
v -1.79861672e-08 0.220499322 -0.127514973
v 0.0330033004 0.220499322 -0.123170018
v -0.0330033861 0.220499322 -0.123169996
v 0.0619084165 0.154295281 -0.107228547
v 0.0637574941 0.220499337 -0.110431232
v 0.0875517428 0.154295281 -0.0875517279
v 0.0901667103 0.220499322 -0.0901667178
v 0.107228547 0.154295266 -0.0619084276
v 0.110431224 0.220499322 -0.0637575015
v 0.119597889 0.154295281 -0.032046169
v 0.123170011 0.220499322 -0.0330033153
v 0.12381684 0.154295251 -1.40862539e-08
v 0.127514973 0.220499322 -1.45446393e-08
v 0.119597904 0.154295251 0.032046143
v 0.123170011 0.220499322 0.0330032893
v 0.107228547 0.154295251 0.0619083978
v 0.110431232 0.220499322 0.0637574717
v 0.0875517577 0.154295251 0.0875517055
v 0.0901667252 0.220499322 0.0901666805
v 0.0619084574 0.154295266 0.107228525
v 0.0637575239 0.220499322 0.110431202
v 0.0320461988 0.154295281 0.119597889
v 0.0330033451 0.220499337 0.123170011
v 4.58530849e-08 0.154295251 0.12381684
v 4.70099621e-08 0.220499322 0.127514973
v -0.0320461132 0.154295251 0.119597912
v -0.0330032595 0.220499322 0.123170018
v -0.061908368 0.154295281 0.107228562
v -0.0637574494 0.220499322 0.110431261
v -0.0875516906 0.154295266 0.0875517651
v -0.0901666731 0.220499322 0.090166755
v -0.107228532 0.154295281 0.0619084612
v -0.110431202 0.220499322 0.0637575313
v -0.119597904 0.154295281 0.03204621
v -0.123170011 0.220499337 0.0330033526
v -0.123816863 0.154295281 5.24159987e-08
v -0.127514988 0.220499337 5.30926627e-08
v -0.119597919 0.154295281 -0.0320461057
v -0.123170018 0.220499337 -0.0330032557
v -0.107228585 0.154295281 -0.061908368
v -0.110431261 0.220499322 -0.0637574419
v -0.0875517875 0.154295266 -0.0875516757
v -0.090166755 0.220499322 -0.0901666582
v -0.0619085059 0.154295281 -0.107228518
v -0.0637575686 0.220499322 -0.110431187
v 0.0224783197 -0.000118078337 -0.0838902444
v -1.15251169e-08 0.000942475977 -0.0900461376
v 0.0118829291 0.00235566916 -0.0902598128
v 0.0118829291 0.00235566916 -0.0902598128
v 0.0233056527 0.000942475977 -0.0869779065
v 0.0115617756 0.000153120796 -0.0878204256
v 0.0348389857 0.00235566916 -0.084108755
v 0.0348389857 0.00235566916 -0.084108755
v 0.0450230688 0.000942475977 -0.077982232
v 0.0338974111 0.000153120796 -0.0818355978
v 0.0554208197 0.00235566916 -0.0722258165
v 0.0554208197 0.00235566916 -0.0722258165
v 0.0636722371 0.000942475977 -0.0636722371
v 0.0539229959 0.000153120796 -0.0702738166
v 0.072225824 0.00235566916 -0.0554208234
v 0.072225824 0.00235566916 -0.0554208234
v 0.077982232 0.000942475977 -0.0450230725
v 0.070273824 0.000153120796 -0.0539230034
v 0.0841087624 0.00235566916 -0.0348389894
v 0.0841087624 0.00235566916 -0.0348389894
v 0.0869778842 0.000942475977 -0.0233056583
v 0.0818355903 0.000153120796 -0.0338974185
v 0.0902598053 0.00235566916 -0.0118829366
v 0.0902598053 0.00235566916 -0.0118829366
v 0.0900461376 0.000942475977 -7.82893039e-09
v 0.0878204182 0.000153120796 -0.011561783
v 0.0902598128 0.00235566916 0.0118829207
v 0.0902598128 0.00235566916 0.0118829207
v 0.0869779065 0.000942475977 0.0233056433
v 0.0878204256 0.000153120796 0.0115617681
v 0.0841087624 0.00235566916 0.0348389782
v 0.0841087624 0.00235566916 0.0348389782
v 0.0779822469 0.000942475977 0.0450230576
v 0.0818356127 0.000153120796 0.0338973999
v 0.0722258314 0.00235566916 0.0554208122
v 0.0722258314 0.00235566916 0.0554208122
v 0.0636722445 0.000942475977 0.0636722222
v 0.0702738389 0.000153120796 0.053922981
v 0.055420842 0.00235566916 0.0722258091
v 0.055420842 0.00235566916 0.0722258091
v 0.0450230911 0.000942475977 0.077982232
v 0.0539230183 0.000153120796 0.0702738091
v 0.0348390117 0.00235566916 0.0841087475
v 0.0348390117 0.00235566916 0.0841087475
v 0.0233056843 0.000942475977 0.0869778916
v 0.0338974372 0.000153120796 0.0818355903
v 0.0118829636 0.00235566916 0.0902598053
v 0.0118829636 0.00235566916 0.0902598053
v 3.50337359e-08 0.000942475977 0.0900461376
v 0.0115618091 0.000153120796 0.0878204182
v -0.0118828928 0.00235566916 0.0902598128
v -0.0118828928 0.00235566916 0.0902598128
v -0.0233056173 0.000942475977 0.0869779065
v -0.0115617411 0.000153120796 0.0878204256
v -0.0348389521 0.00235566916 0.0841087699
v -0.0348389521 0.00235566916 0.0841087699
v -0.0450230315 0.000942475977 0.0779822618
v -0.0338973776 0.000153120796 0.0818356201
v -0.0554207861 0.00235566916 0.0722258464
v -0.0554207861 0.00235566916 0.0722258464
v -0.0636722073 0.000942475977 0.0636722594
v -0.0539229624 0.000153120796 0.0702738464
v -0.0722258016 0.00235566916 0.0554208495
v -0.0722258016 0.00235566916 0.0554208495
v -0.0779822171 0.000942475977 0.0450230949
v -0.0702738017 0.000153120796 0.0539230257
v -0.0841087475 0.00235566916 0.0348390117
v -0.0841087475 0.00235566916 0.0348390117
v -0.0869778842 0.000942475977 0.0233056862
v -0.0818355829 0.000153120796 0.0338974409
v -0.0902598053 0.00235566916 0.0118829673
v -0.0902598053 0.00235566916 0.0118829673
v -0.0900461376 0.000942475977 4.02724254e-08
v -0.0878204107 0.000153120796 0.0115618138
v -0.0902598128 0.00235566916 -0.0118828863
v -0.0902598128 0.00235566916 -0.0118828863
v -0.0869779065 0.000942475977 -0.0233056098
v -0.0878204256 0.000153120796 -0.0115617346
v -0.0841087699 0.00235566916 -0.0348389409
v -0.0841087699 0.00235566916 -0.0348389409
v -0.0779822618 0.000942475977 -0.0450230204
v -0.0818356201 0.000153120796 -0.0338973664
v -0.0722258538 0.00235566916 -0.0554207787
v -0.0722258538 0.00235566916 -0.0554207787
v -0.0636722744 0.000942475977 -0.0636721998
v -0.0702738538 0.000153120796 -0.0539229549
v -0.0554208755 0.00235566916 -0.0722257942
v -0.0554208755 0.00235566916 -0.0722257942
v -0.0450231284 0.000942475977 -0.0779822096
v -0.0539230518 0.000153120796 -0.0702737942
v -0.034839049 0.00235566916 -0.0841087401
v -0.034839049 0.00235566916 -0.0841087401
v -0.0233057104 0.000942475977 -0.0869778767
v -0.0338974744 0.000153120796 -0.0818355754
v -0.0118829636 0.00235566916 -0.0902598053
v -0.0118829636 0.00235566916 -0.0902598053
v -0.01156181 0.000153120796 -0.0878204107
v -0.0111019788 3.96738506e-05 -0.0843276232
v -0.0325493179 3.96738506e-05 -0.0785808414
v -0.0236597005 0.00436541811 -0.0882989764
v -1.15906005e-08 0.00436541811 -0.0914138481
v -1.15906005e-08 0.00436541811 -0.0914138481
v 0.0236596409 0.00436541811 -0.0882989988
v -0.0517784432 3.96738506e-05 -0.0674788877
v 0.0457069166 0.00436541811 -0.0791667104
v -0.0674789548 3.96738506e-05 -0.0517783612
v 0.0646393448 0.00436541811 -0.0646393523
v -0.0785808861 3.96738506e-05 -0.0325492173
v 0.0791667029 0.00436541811 -0.0457069278
v -0.0843276456 3.96738506e-05 -0.0111019071
v 0.0882989839 0.00436541811 -0.0236596465
v -0.0843276381 3.96738506e-05 0.0111019826
v 0.0914138556 0.00436541811 -7.88713805e-09
v -0.0785808489 3.96738506e-05 0.0325492844
v 0.0882989988 0.00436541811 0.0236596335
v -0.0674788952 3.96738506e-05 0.0517784208
v 0.0791667178 0.00436541811 0.0457069091
v -0.0517783649 3.96738506e-05 0.0674789399
v 0.0646393597 0.00436541811 0.0646393299
v -0.0325492248 3.96738506e-05 0.0785808712
v 0.0457069427 0.00436541811 0.0791667029
v -0.0111019108 3.96738506e-05 0.0843276456
v 0.0236596763 0.00436541811 0.0882989839
v 0.011101977 3.96738506e-05 0.0843276531
v 3.60378181e-08 0.00436541811 0.0914138556
v 0.0325492844 3.96738506e-05 0.0785808563
v -0.0236596055 0.00436541811 0.0882989988
v 0.0517784134 3.96738506e-05 0.0674789026
v -0.0457068831 0.00436541811 0.0791667327
v 0.0674789324 3.96738506e-05 0.0517783761
v -0.064639315 0.00436541811 0.0646393746
v 0.0785808712 3.96738506e-05 0.0325492471
v -0.079166688 0.00436541811 0.0457069464
v 0.0843276381 3.96738506e-05 0.011101936
v -0.0882989839 0.00436541811 0.0236596763
v 0.0843276381 3.96738506e-05 -0.0111019518
v -0.0914138481 0.00436541811 4.01414582e-08
v 0.0785808638 3.96738506e-05 -0.0325492583
v -0.0882989988 0.00436541811 -0.0236595962
v 0.067478925 3.96738506e-05 -0.051778391
v -0.0791667327 0.00436541811 -0.0457068756
v 0.0517783873 3.96738506e-05 -0.0674789175
v -0.0646393895 0.00436541811 -0.0646393076
v 0.0325492546 3.96738506e-05 -0.0785808712
v -0.0457069799 0.00436541811 -0.0791666731
v 0.0111019444 3.96738506e-05 -0.0843276381
v 0.0434247814 -0.000118078337 -0.0752139315
v 0.0868495628 -0.000118078337 -7.24685378e-09
v 0.0838902444 -0.000118078337 0.0224783123
v 0.0224783495 -0.000118078337 0.0838902369
v 3.37313395e-08 -0.000118078337 0.0868495628
v -0.0752139091 -0.000118078337 0.0434248075
v -0.0838902369 -0.000118078337 0.0224783532
v -0.0614119619 -0.000118078337 -0.0614118837
v -0.043424841 -0.000118078337 -0.0752139091
v 0.075213939 -0.000118078337 -0.0434247889
v 0.0838902369 -0.000118078337 -0.0224783234
v 0.0614119358 -0.000118078337 0.0614119098
v 0.0434248038 -0.000118078337 0.0752139241
v -0.0434247516 -0.000118078337 0.0752139539
v -0.0614118949 -0.000118078337 0.0614119507
v -0.0838902593 -0.000118078337 -0.0224782806
v -0.0752139688 -0.000118078337 -0.0434247404
v 0.0614119209 -0.000118078337 -0.0614119247
v 0.0752139464 -0.000118078337 0.0434247702
v -0.0224782862 -0.000118078337 0.0838902444
v -0.0868495628 -0.000118078337 3.90791683e-08
v -0.0224783737 -0.000118078337 -0.0838902295
v -1.11685949e-08 -0.000118078337 -0.0868495628
v -0.0106676705 0.00151204679 -0.081028752
v -0.0312759914 0.00151204679 -0.0755067766
v -0.0497528762 0.00151204679 -0.0648391247
v -0.0648391843 0.00151204679 -0.0497527905
v -0.0755068064 0.00151204679 -0.0312758982
v -0.0810287669 0.00151204679 -0.0106676016
v -0.0810287595 0.00151204679 0.0106676752
v -0.075506784 0.00151204679 0.0312759615
v -0.0648391321 0.00151204679 0.0497528575
v -0.0497528017 0.00151204679 0.0648391768
v -0.0312759019 0.00151204679 0.0755068064
v -0.0106676053 0.00151204679 0.0810287669
v 0.0106676714 0.00151204679 0.0810287669
v 0.0312759615 0.00151204679 0.0755067989
v 0.0497528538 0.00151204679 0.0648391396
v 0.0648391694 0.00151204679 0.0497528203
v 0.0755067989 0.00151204679 0.0312759243
v 0.0810287595 0.00151204679 0.0106676314
v 0.0810287595 0.00151204679 -0.0106676435
v 0.0755067989 0.00151204679 -0.0312759355
v 0.0648391619 0.00151204679 -0.0497528315
v 0.0497528315 0.00151204679 -0.0648391545
v 0.0312759317 0.00151204679 -0.0755067915
v 0.0106676389 0.00151204679 -0.0810287595
v -0.0721869022 0.000567586627 0.0416771621
v -0.0805140361 0.000567586627 0.0215737056
v 0.0215736721 0.000567586627 -0.080514051
v 0.041677136 0.000567586627 -0.0721869245
v 3.26544978e-08 0.000567586627 0.0833542645
v -0.0215736404 0.000567586627 0.080514051
v -0.0416771919 0.000567586627 -0.0721869022
v -0.021573728 0.000567586627 -0.0805140287
v 0.072186932 0.000567586627 0.0416771285
v 0.0589403957 0.000567586627 0.0589403659
v -0.0805140585 0.000567586627 -0.0215736348
v -0.0721869469 0.000567586627 -0.041677095
v 0.0721869245 0.000567586627 -0.0416771397
v 0.0805140361 0.000567586627 -0.0215736777
v -0.0589403473 0.000567586627 0.0589404032
v -1.08047971e-08 0.000567586627 -0.083354257
v 0.0215737019 0.000567586627 0.080514051
v 0.080514051 0.000567586627 0.0215736628
v -0.0833542645 0.000567586627 3.78931873e-08
v 0.0589403771 0.000567586627 -0.0589403734
v -0.0416771062 0.000567586627 0.0721869394
v 0.0416771621 0.000567586627 0.0721869171
v -0.0589404181 0.000567586627 -0.0589403473
v 0.083354257 0.000567586627 -6.75208867e-09
v -0.0097140437 0.00616923533 -0.0737852603
v -0.0284801014 0.00616923533 -0.0687569082
v -0.045305267 0.00616923533 -0.0590428971
v -0.0590429492 0.00616923533 -0.0453051887
v -0.0687569454 0.00616923533 -0.0284800138
v -0.0737852678 0.00616923533 -0.00971398037
v -0.0737852603 0.00616923533 0.00971404836
v -0.0687569156 0.00616923533 0.0284800809
v -0.0590429008 0.00616923533 0.0453052483
v -0.0453051962 0.00616923533 0.0590429455
v -0.028480025 0.00616923533 0.0687569454
v -0.00971398503 0.00616923533 0.0737852678
v 0.0097140437 0.00616923533 0.0737852678
v 0.0284800753 0.00616923533 0.0687569231
v 0.0453052409 0.00616923533 0.0590429157
v 0.0590429343 0.00616923533 0.0453052148
v 0.068756938 0.00616923533 0.0284800474
v 0.0737852603 0.00616923533 0.00971400924
v 0.0737852603 0.00616923533 -0.00971401948
v 0.0687569231 0.00616923533 -0.0284800529
v 0.0590429194 0.00616923533 -0.0453052223
v 0.0453052223 0.00616923533 -0.0590429194
v 0.0284800529 0.00616923533 -0.0687569305
v 0.00971401576 0.00616923533 -0.0737852603
v 0.076903604 0.00309922313 -0.0206062626
v 0.0796164647 0.00309922313 -6.05723471e-09
v 3.1410309e-08 0.00309922313 0.0796164721
v -0.0206062272 0.00309922313 0.0769036114
v -0.0769036189 0.00309922313 -0.0206062235
v -0.068949908 0.00309922313 -0.0398081951
v 0.0689498931 0.00309922313 -0.0398082361
v 0.0206062887 0.00309922313 0.0769036114
v -0.0796164647 0.00309922313 3.65434971e-08
v 0.0562973507 0.00309922313 -0.0562973544
v 0.0398082584 0.00309922313 0.0689498857
v -0.076903604 0.00309922313 0.0206062905
v 0.0398082398 0.00309922313 -0.0689498857
v 0.0562973693 0.00309922313 0.0562973432
v -0.0689498782 0.00309922313 0.0398082621
v 0.0206062607 0.00309922313 -0.0769036114
v -0.0206063073 0.00309922313 -0.0769035965
v -1.02336344e-08 0.00309922313 -0.0796164647
v 0.0689499006 0.00309922313 0.0398082323
v -0.0562973283 0.00309922313 0.0562973805
v -0.0398082919 0.00309922313 -0.0689498633
v 0.0769036114 0.00309922313 0.0206062533
v -0.0398082025 0.00309922313 0.068949908
v -0.0562973917 0.00309922313 -0.0562973209
v -0.00315609528 0.0164803565 -0.0239728652
v -0.00925319735 0.0164803565 -0.0223391522
v -0.0147197023 0.0164803565 -0.0191830602
v -0.0191830844 0.0164803565 -0.0147196716
v -0.0223391652 0.0164803565 -0.00925316382
v -0.0239728726 0.0164803565 -0.0031560692
v -0.0239728726 0.0164803565 0.00315610762
v -0.0223391596 0.0164803565 0.00925320201
v -0.0191830676 0.0164803565 0.0147197107
v -0.014719679 0.0164803565 0.0191830937
v -0.0092531722 0.0164803565 0.0223391801
v -0.00315607688 0.0164803565 0.0239728857
v 0.00315610087 0.0164803565 0.0239728857
v 0.00925319549 0.0164803565 0.0223391764
v 0.0147197023 0.0164803565 0.0191830844
v 0.0191830862 0.0164803565 0.0147196976
v 0.0223391689 0.0164803565 0.0092531899
v 0.0239728745 0.0164803565 0.00315609481
v 0.0239728764 0.0164803565 -0.00315608201
v 0.0223391689 0.0164803565 -0.00925317593
v 0.0191830806 0.0164803565 -0.0147196827
v 0.0147196958 0.0164803565 -0.0191830657
v 0.00925318804 0.0164803565 -0.0223391559
v 0.00315609132 0.0164803565 -0.0239728652
v -3.93629307e-09 0.0176474378 -0.045020923
v -0.00501991529 0.0177888814 -0.0381299369
v -0.0116522992 0.0176474378 -0.0434868708
v -0.00695997337 0.0156185916 -0.0528661013
v -0.0147176348 0.0177888814 -0.0355314389
v -0.0225104932 0.0176474378 -0.0389892533
v -0.0204055905 0.0156185916 -0.0492633581
v -0.0234123599 0.0177888814 -0.0305115338
v -0.0318346284 0.0176474378 -0.03183458
v -0.0324605815 0.0156185916 -0.0423033945
v -0.0305115692 0.0177888814 -0.0234123114
v -0.0389892794 0.0176474378 -0.0225104354
v -0.0423034392 0.0156185916 -0.0324605256
v -0.0355314612 0.0177888814 -0.0147175854
v -0.043486882 0.0176474378 -0.011652247
v -0.0492633805 0.0156185916 -0.0204055235
v -0.0381299406 0.0177888814 -0.0050198785
v -0.0450209267 0.0176474378 2.55531631e-08
v -0.052866105 0.0156185916 -0.00695992494
v -0.0381299406 0.0177888814 0.00501992553
v -0.0434868783 0.0176474378 0.0116522973
v -0.052866105 0.0156185916 0.00695998129
v -0.0355314501 0.0177888814 0.014717631
v -0.0389892645 0.0176474378 0.0225104876
v -0.0492633656 0.0156185916 0.0204055775
v -0.030511545 0.0177888814 0.0234123617
v -0.0318345949 0.0176474378 0.0318346322
v -0.0423034094 0.0156185916 0.0324605778
v -0.0234123208 0.0177888814 0.0305115785
v -0.0225104447 0.0176474378 0.0389892943
v -0.0324605331 0.0156185916 0.042303443
v -0.0147175919 0.0177888814 0.0355314724
v -0.0116522554 0.0176474378 0.0434868932
v -0.0204055328 0.0156185916 0.0492633879
v -0.00501988502 0.0177888814 0.0381299555
v 1.92667358e-08 0.0176474378 0.0450209342
v -0.00695993286 0.0156185916 0.0528661124
v 0.00501991902 0.0177888814 0.0381299518
v 0.0116522936 0.0176474378 0.0434868857
v 0.00695997709 0.0156185916 0.0528661124
v 0.0147176273 0.0177888814 0.035531465
v 0.0225104857 0.0176474378 0.0389892757
v 0.0204055756 0.0156185916 0.049263373
v 0.0234123543 0.0177888814 0.0305115599
v 0.0318346247 0.0176474378 0.0318346098
v 0.0324605703 0.0156185916 0.0423034206
v 0.0305115655 0.0177888814 0.0234123413
v 0.0389892831 0.0176474378 0.022510469
v 0.0423034318 0.0156185916 0.0324605554
v 0.0355314612 0.0177888814 0.0147176115
v 0.043486882 0.0176474378 0.0116522741
v 0.0492633767 0.0156185916 0.0204055551
v 0.0381299444 0.0177888814 0.00501990458
v 0.0450209267 0.0176474378 1.0477379e-09
v 0.052866105 0.0156185916 0.00695995335
v 0.0381299481 0.0177888814 -0.00501989853
v 0.0434868783 0.0176474378 -0.0116522713
v 0.052866105 0.0156185916 -0.00695995474
v 0.0355314612 0.0177888814 -0.014717604
v 0.038989272 0.0176474378 -0.0225104578
v 0.049263373 0.0156185916 -0.0204055533
v 0.0305115581 0.0177888814 -0.0234123301
v 0.0318346098 0.0176474378 -0.0318345986
v 0.0423034243 0.0156185916 -0.032460548
v 0.0234123413 0.0177888814 -0.030511545
v 0.022510469 0.0176474378 -0.0389892645
v 0.0324605554 0.0156185916 -0.0423034169
v 0.0147176133 0.0177888814 -0.0355314501
v 0.0116522759 0.0176474378 -0.0434868746
v 0.020405557 0.0156185916 -0.0492633656
v 0.00501990411 0.0177888814 -0.0381299406
v 0.00695995521 0.0156185916 -0.052866105
v 0.00819753949 0.0172101352 -0.0305936132
v 0.0158364289 0.0172101352 -0.0274294876
v -7.39237294e-09 0.0110764913 -0.064413853
v 0.0166715346 0.0110764913 -0.0622190088
v 0.0322069339 0.0110764913 -0.0557840392
v -1.79716153e-09 0.0172101352 -0.0316728391
v -0.00819755346 0.0172101352 -0.0305936113
v -0.0166715719 0.0110764913 -0.0622190014
v 0.0223960951 0.0172101352 -0.0223960765
v 0.0455474854 0.0110764913 -0.0455474779
v 0.0274294987 0.0172101352 -0.0158364158
v 0.0557840392 0.0110764913 -0.0322069302
v 0.0305936281 0.0172101352 -0.00819753017
v 0.0622190088 0.0110764913 -0.0166715346
v 0.031672854 0.0172101352 4.27826308e-09
v 0.0644138604 0.0110764913 -2.85581336e-09
v 0.0305936262 0.0172101352 0.00819753949
v 0.0622190163 0.0110764913 0.0166715309
v 0.0274295062 0.0172101352 0.0158364289
v 0.0557840541 0.0110764913 0.0322069302
v 0.0223961025 0.0172101352 0.0223960951
v 0.0455474965 0.0110764913 0.0455474779
v 0.0158364382 0.0172101352 0.0274295025
v 0.0322069526 0.0110764913 0.0557840392
v 0.00819754973 0.0172101352 0.0305936355
v 0.0166715588 0.0110764913 0.0622190163
v 1.48356776e-08 0.0172101352 0.0316728577
v 2.6087946e-08 0.0110764913 0.0644138604
v -0.00819752179 0.0172101352 0.0305936392
v -0.0166715067 0.0110764913 0.0622190237
v -0.0158364084 0.0172101352 0.0274295118
v -0.0322069079 0.0110764913 0.0557840653
v -0.0223960746 0.0172101352 0.02239611
v -0.045547463 0.0110764913 0.0455475114
v -0.0274294876 0.0172101352 0.0158364438
v -0.0557840317 0.0110764913 0.0322069563
v -0.0305936188 0.0172101352 0.00819755625
v -0.0622190088 0.0110764913 0.0166715607
v -0.0316728465 0.0172101352 2.1289452e-08
v -0.064413853 0.0110764913 3.17995728e-08
v -0.0305936262 0.0172101352 -0.00819751434
v -0.0622190237 0.0110764913 -0.0166714992
v -0.0274295025 0.0172101352 -0.0158364009
v -0.0557840578 0.0110764913 -0.0322068967
v -0.0223961025 0.0172101352 -0.0223960672
v -0.0455475152 0.0110764913 -0.0455474481
v -0.0158364419 0.0172101352 -0.0274294782
v -0.0322069712 0.0110764913 -0.0557840243
v 0.0217025802 0.0112436842 -0.080995135
v 0.0419261679 0.0112436842 -0.0726182535
v 0.0592925511 0.0112436842 -0.0592925586
v 0.0726182461 0.0112436842 -0.0419261754
v 0.0809951276 0.0112436842 -0.0217025802
v 0.0838523358 0.0112436842 -6.60656951e-09
v 0.0809951425 0.0112436842 0.0217025708
v 0.072618261 0.0112436842 0.0419261493
v 0.059292566 0.0112436842 0.0592925325
v 0.0419261828 0.0112436842 0.0726182386
v 0.0217026044 0.0112436842 0.0809951276
v 3.22979758e-08 0.0112436842 0.0838523358
v -0.0217025448 0.0112436842 0.0809951425
v -0.0419261232 0.0112436842 0.072618261
v -0.0592925176 0.0112436842 0.0592925772
v -0.0726182312 0.0112436842 0.0419261977
v -0.0809951201 0.0112436842 0.0217026155
v -0.0838523358 0.0112436842 3.87371983e-08
v -0.0809951425 0.0112436842 -0.0217025373
v -0.072618261 0.0112436842 -0.0419261195
v -0.0592925847 0.0112436842 -0.0592925139
v -0.0419262163 0.0112436842 -0.0726182237
v -0.0217026323 0.0112436842 -0.0809951052
v -1.1503289e-08 0.00959103741 -0.0878771991
v -1.1503289e-08 0.00959103741 -0.0878771991
v -0.0112017151 0.0102830036 -0.0850852057
v -0.0328417271 0.0102830036 -0.0792867839
v -0.0522435941 0.0102830036 -0.0680850893
v -0.0680851489 0.0102830036 -0.0522435084
v -0.0792868137 0.0102830036 -0.0328416266
v -0.0850852206 0.0102830036 -0.0112016406
v -0.0850852132 0.0102830036 0.0112017198
v -0.0792867914 0.0102830036 0.0328417011
v -0.0680850893 0.0102830036 0.0522435866
v -0.0522435158 0.0102830036 0.0680851489
v -0.032841634 0.0102830036 0.0792868137
v -0.0112016471 0.0102830036 0.0850852206
v 0.0112017132 0.0102830036 0.0850852132
v 0.0328416936 0.0102830036 0.0792867988
v 0.052243568 0.0102830036 0.0680851042
v 0.0680851415 0.0102830036 0.0522435419
v 0.0792868137 0.0102830036 0.0328416601
v 0.0850852206 0.0102830036 0.0112016732
v 0.0850852206 0.0102830036 -0.0112016872
v 0.0792868063 0.0102830036 -0.0328416713
v 0.0680851191 0.0102830036 -0.0522435568
v 0.0522435531 0.0102830036 -0.0680851266
v 0.0328416713 0.0102830036 -0.0792867988
v 0.0112016797 0.0102830036 -0.0850852206
v 0.0186930038 0.0187977795 -0.0697632357
v 0.0361121111 0.0187977795 -0.0625480041
v 0.0510702357 0.0187977795 -0.0510702357
v 0.0625480041 0.0187977795 -0.0361121111
v 0.0697632357 0.0187977795 -0.0186930038
v 0.0722242221 0.0187977795 -3.82715371e-09
v 0.0697632357 0.0187977795 0.0186929964
v 0.0625480264 0.0187977795 0.0361120962
v 0.0510702468 0.0187977795 0.0510702208
v 0.036112126 0.0187977795 0.0625480041
v 0.0186930243 0.0187977795 0.0697632357
v 2.77723302e-08 0.0187977795 0.0722242221
v -0.0186929721 0.0187977795 0.0697632357
v -0.0361120775 0.0187977795 0.0625480264
v -0.0510702096 0.0187977795 0.0510702655
v -0.0625479966 0.0187977795 0.0361121297
v -0.0697632283 0.0187977795 0.0186930317
v -0.0722242221 0.0187977795 3.47936293e-08
v -0.0697632357 0.0187977795 -0.0186929628
v -0.0625480264 0.0187977795 -0.0361120775
v -0.051070258 0.0187977795 -0.0510702059
v -0.036112152 0.0187977795 -0.0625479817
v -0.0186930448 0.0187977795 -0.0697632134
v 0.0715092495 0.0256098006 -4.03088052e-09
v -0.069072634 0.0256098006 -0.0185079183
v -0.0185284205 0.0212789122 0.0691491291
v 0.0690726191 0.0256098006 -0.0185079537
v -0.0715092495 0.0256098006 3.40223778e-08
v -0.0357941911 0.0212789122 0.0619974285
v 0.0619288199 0.0256098006 -0.0357546248
v 0.0185284503 0.0212789122 -0.0691491216
v -0.0690726191 0.0256098006 0.0185079835
v -0.0506206453 0.0212789122 0.0506206974
v 0.0505646653 0.0256098006 -0.0505646691
v 0.0357942134 0.0212789122 -0.0619974025
v -0.0619288124 0.0256098006 0.0357546508
v -0.0619973876 0.0212789122 0.0357942395
v 0.0357546285 0.0256098006 -0.061928831
v 0.0506206639 0.0212789122 -0.0506206714
v -0.050564643 0.0256098006 0.0505646989
v -0.0691491067 0.0212789122 0.0185284801
v 0.0185079556 0.0256098006 -0.0690726265
v 0.061997395 0.0212789122 -0.0357942134
v -0.0357545912 0.0256098006 0.0619288534
v -0.0715884343 0.0212789122 3.43570719e-08
v 0.0691491216 0.0212789122 -0.0185284484
v -0.0185079258 0.0256098006 0.0690726265
v -0.0691491291 0.0212789122 -0.018528413
v 0.018287193 0.0266728625 -0.0682487339
v 0.018287193 0.0266728625 -0.0682487339
v 0.0353281423 0.0266728625 -0.0611901432
v 0.0353281423 0.0266728625 -0.0611901432
v 0.0499615408 0.0266728625 -0.0499615408
v 0.0499615408 0.0266728625 -0.0499615408
v 0.0611901358 0.0266728625 -0.0353281498
v 0.0611901358 0.0266728625 -0.0353281498
v 0.0682487264 0.0266728625 -0.018287193
v 0.0682487264 0.0266728625 -0.018287193
v 0.0706562921 0.0266728625 -3.57249519e-09
v 0.0706562921 0.0266728625 -3.57249519e-09
v 0.0682487413 0.0266728625 0.0182871874
v 0.0682487413 0.0266728625 0.0182871874
v 0.0611901544 0.0266728625 0.0353281312
v 0.0611901544 0.0266728625 0.0353281312
v 0.0499615632 0.0266728625 0.0499615222
v 0.0499615632 0.0266728625 0.0499615222
v 0.0353281647 0.0266728625 0.0611901283
v 0.0353281647 0.0266728625 0.0611901283
v 0.0182872172 0.0266728625 0.0682487264
v 0.0182872172 0.0266728625 0.0682487264
v 2.71611498e-08 0.0266728625 0.0706562921
v 2.71611498e-08 0.0266728625 0.0706562921
v -0.0182871651 0.0266728625 0.0682487413
v -0.0182871651 0.0266728625 0.0682487413
v -0.0353281125 0.0266728625 0.0611901693
v -0.0353281125 0.0266728625 0.0611901693
v -0.049961511 0.0266728625 0.0499615707
v -0.049961511 0.0266728625 0.0499615707
v -0.0611901209 0.0266728625 0.0353281684
v -0.0611901209 0.0266728625 0.0353281684
v -0.068248719 0.0266728625 0.018287221
v -0.068248719 0.0266728625 0.018287221
v -0.0706562921 0.0266728625 3.35930963e-08
v -0.0706562921 0.0266728625 3.35930963e-08
v -0.0682487488 0.0266728625 -0.0182871576
v -0.0682487488 0.0266728625 -0.0182871576
v -0.0611901693 0.0266728625 -0.0353281088
v -0.0611901693 0.0266728625 -0.0353281088
v -0.0499615707 0.0266728625 -0.049961511
v -0.0499615707 0.0266728625 -0.049961511
v -0.035328187 0.0266728625 -0.0611901134
v -0.035328187 0.0266728625 -0.0611901134
v -0.0182872359 0.0266728625 -0.068248719
v -0.0182872359 0.0266728625 -0.068248719
v 0.0715884343 0.0212789122 -3.3469405e-09
v 2.74812919e-08 0.0256098006 0.0715092495
v -0.0619974211 0.0212789122 -0.0357941799
v 0.0691491291 0.0212789122 0.0185284466
v 0.0185079779 0.0256098006 0.0690726191
v -0.0506207049 0.0212789122 -0.0506206378
v -9.37870936e-09 0.0256098006 -0.0715092421
v -9.37870936e-09 0.0256098006 -0.0715092421
v 0.0619974174 0.0212789122 0.0357942097
v 0.0357546508 0.0256098006 0.0619288199
v -0.0357942618 0.0212789122 -0.0619973801
v -0.0185080003 0.0256098006 -0.0690726116
v 0.05062069 0.0212789122 0.0506206565
v 0.0505646914 0.0256098006 0.0505646542
v -8.69476935e-09 0.0212789122 -0.0715884268
v -8.69476935e-09 0.0212789122 -0.0715884268
v -0.0185284931 0.0212789122 -0.0691491067
v -0.0357546695 0.0256098006 -0.0619288087
v 0.0357942358 0.0212789122 0.061997395
v 0.0690726265 0.0256098006 0.0185079481
v 0.0619288385 0.0256098006 0.0357546173
v -0.0619288534 0.0256098006 -0.0357545875
v -0.0505647026 0.0256098006 -0.050564643
v 2.75904313e-08 0.0212789122 0.0715884343
v 0.0185284726 0.0212789122 0.0691491142
v -8.22910806e-09 0.0202612504 -0.0708133578
v -8.22910806e-09 0.0202612504 -0.0708133578
v -8.22910806e-09 0.0202612504 -0.0708133578
v -8.22910806e-09 0.0202612504 -0.0708133578
v -9.13860276e-09 0.0234431792 -0.0723613575
v -9.13860276e-09 0.0234431792 -0.0723613575
v 0.00941246655 0.0247001126 -0.0714947879
v 0.0275959596 0.0247001126 -0.0666225404
v 0.0438988283 0.0247001126 -0.0572100729
v 0.0572100691 0.0247001126 -0.0438988283
v 0.0666225329 0.0247001126 -0.0275959615
v 0.0714947879 0.0247001126 -0.00941247027
v 0.0714947954 0.0247001126 0.00941246282
v 0.0666225553 0.0247001126 0.0275959522
v 0.0572100878 0.0247001126 0.0438988172
v 0.0438988544 0.0247001126 0.0572100654
v 0.0275959838 0.0247001126 0.0666225329
v 0.00941249356 0.0247001126 0.0714947879
v -0.00941243768 0.0247001126 0.0714947954
v -0.0275959298 0.0247001126 0.0666225627
v -0.0438988023 0.0247001126 0.0572101027
v -0.0572100542 0.0247001126 0.0438988619
v -0.0666225329 0.0247001126 0.0275959875
v -0.0714947879 0.0247001126 0.00941250101
v -0.0714947954 0.0247001126 -0.00941243116
v -0.0666225627 0.0247001126 -0.0275959261
v -0.0572101027 0.0247001126 -0.0438988023
v -0.0438988693 0.0247001126 -0.0572100542
v -0.0275960099 0.0247001126 -0.066622518
v -0.00941249635 0.0247001126 -0.0714947805
v 0.0187284984 0.0234431792 -0.0698956996
v 0.036180675 0.0234431792 -0.0626667812
v 0.0511672013 0.0234431792 -0.051167205
v 0.0626667663 0.0234431792 -0.036180675
v 0.0698957071 0.0234431792 -0.0187284965
v 0.072361365 0.0234431792 -3.78349796e-09
v 0.0698957145 0.0234431792 0.0187284928
v 0.0626667887 0.0234431792 0.0361806676
v 0.0511672236 0.0234431792 0.0511671938
v 0.0361807011 0.0234431792 0.0626667663
v 0.0187285207 0.0234431792 0.0698957071
v 2.79178494e-08 0.0234431792 0.072361365
v -0.0187284686 0.0234431792 0.0698957145
v -0.036180649 0.0234431792 0.0626668036
v -0.0511671789 0.0234431792 0.0511672385
v -0.0626667589 0.0234431792 0.0361807048
v -0.0698956996 0.0234431792 0.0187285282
v -0.0723613575 0.0234431792 3.45899025e-08
v -0.0698957145 0.0234431792 -0.0187284611
v -0.0626667961 0.0234431792 -0.0361806452
v -0.0511672385 0.0234431792 -0.0511671789
v -0.0361807197 0.0234431792 -0.0626667589
v -0.0187285412 0.0234431792 -0.0698956773
v -0.00941958092 0.022186242 -0.0715486109
v -0.027616784 0.022186242 -0.0666726828
v -0.0439319275 0.022186242 -0.0572531223
v -0.0572531745 0.022186242 -0.043931853
v -0.0666727126 0.022186242 -0.0276167002
v -0.0715486258 0.022186242 -0.00941951852
v -0.0715486109 0.022186242 0.00941958651
v -0.0666726902 0.022186242 0.0276167635
v -0.0572531261 0.022186242 0.0439319126
v -0.0439318568 0.022186242 0.0572531745
v -0.0276167039 0.022186242 0.06667272
v -0.00941952597 0.022186242 0.0715486258
v 0.00941957999 0.022186242 0.0715486184
v 0.0276167579 0.022186242 0.0666726977
v 0.0439319015 0.022186242 0.0572531372
v 0.0572531596 0.022186242 0.0439318754
v 0.0666727051 0.022186242 0.0276167281
v 0.0715486258 0.022186242 0.00941954926
v 0.0715486184 0.022186242 -0.00941955578
v 0.0666726977 0.022186242 -0.0276167318
v 0.0572531447 0.022186242 -0.0439318866
v 0.0439318828 0.022186242 -0.0572531521
v 0.0276167374 0.022186242 -0.0666727051
v 0.00941955298 0.022186242 -0.0715486184
v 0.0117585948 0.438507617 -0.0893153846
v 0.0344744511 0.438507617 -0.0832286999
v 0.0548409335 0.438507617 -0.0714700967
v 0.0714701042 0.438507617 -0.0548409298
v 0.083228685 0.438507617 -0.0344744548
v 0.0893153921 0.438507617 -0.0117586022
v 0.0893153921 0.438507617 0.0117585817
v 0.0832287073 0.438507617 0.0344744362
v 0.0714701116 0.438507617 0.0548409149
v 0.0548409559 0.438507617 0.0714701042
v 0.0344744809 0.438507617 0.083228685
v 0.0117586292 0.438507617 0.0893153846
v -0.0117585538 0.438507646 0.0893153921
v -0.0344744101 0.438507617 0.0832287073
v -0.0548408926 0.438507617 0.0714701191
v -0.0714700744 0.438507617 0.0548409633
v -0.0832286701 0.438507617 0.0344744809
v -0.0893153772 0.438507617 0.0117586302
v -0.0893153921 0.438507617 -0.0117585482
v -0.0832287148 0.438507617 -0.0344744027
v -0.0714701116 0.438507646 -0.0548408888
v -0.0548409671 0.438507617 -0.0714700744
v -0.034474507 0.438507617 -0.0832286701
v -0.0117586236 0.438507646 -0.0893153846
v -0.0238983836 0.426202655 -0.0891897753
v -1.23109203e-08 0.437270105 -0.0956268385
v -1.23109203e-08 0.437270105 -0.0956268385
v 0.0247500464 0.437270105 -0.0923684388
v 0.0478134155 0.437270105 -0.0828152746
v 0.067618385 0.437270105 -0.0676183775
v 0.0828152746 0.437270105 -0.047813423
v 0.0923684239 0.437270105 -0.024750052
v 0.0956268385 0.437270105 -8.62200977e-09
v 0.0923684463 0.437270105 0.0247500371
v 0.082815282 0.437270105 0.0478134044
v 0.0676183999 0.437270105 0.0676183701
v 0.0478134416 0.437270105 0.0828152597
v 0.02475008 0.437270105 0.092368409
v 3.68745532e-08 0.437270105 0.0956268385
v -0.024750011 0.437270105 0.0923684463
v -0.0478133745 0.437270105 0.0828152895
v -0.0676183477 0.437270105 0.0676184148
v -0.0828152448 0.437270105 0.0478134491
v -0.092368409 0.437270105 0.02475008
v -0.0956268385 0.437270105 4.20332071e-08
v -0.0923684463 0.437270105 -0.0247499999
v -0.0828152969 0.437270105 -0.0478133671
v -0.0676184222 0.437270105 -0.0676183477
v -0.0478134789 0.437270105 -0.0828152373
v -0.012371948 0.433530241 -0.0939740166
v 0.0123719107 0.433530241 -0.0939740241
v 0.057701394 0.433530241 -0.0751979351
v 0.0751979277 0.433530241 -0.0577014014
v 0.0875698477 0.433530241 -0.0362726226
v 0.0939740166 0.433530241 -0.012371921
v 0.0939740241 0.433530241 0.0123719033
v 0.0875698403 0.433530241 0.0362725966
v 0.0751979575 0.433530241 0.0577013828
v 0.0577014163 0.433530241 0.0751979128
v 0.0362726413 0.433530241 0.0875698254
v 0.012371948 0.433530241 0.0939740166
v -0.0123718753 0.433530241 0.0939740241
v -0.0362725705 0.433530241 0.0875698477
v -0.0577013604 0.433530241 0.0751979575
v -0.0751978979 0.433530241 0.0577014275
v -0.0875698179 0.433530241 0.0362726413
v -0.0939740166 0.433530241 0.0123719526
v -0.0939740241 0.433530241 -0.0123718688
v -0.0875698552 0.433530241 -0.0362725668
v -0.0751979649 0.433530241 -0.057701353
v -0.0577014498 0.433530241 -0.075197883
v -0.0362726785 0.433530241 -0.0875698179
v 0.0362726115 0.433530241 -0.0875698403
v -0.0563360266 0.439434916 0.0734186172
v -0.0563360266 0.439434916 0.0734186172
v 0.0120791672 0.439434975 -0.0917503983
v 0.0120791672 0.439434975 -0.0917503983
v -0.0354142934 0.439434916 0.0854977667
v -0.0354142934 0.439434916 0.0854977667
v -0.0120791318 0.439434916 0.0917504057
v -0.0120791318 0.439434916 0.0917504057
v 0.0120792035 0.439434916 0.0917504057
v 0.0120792035 0.439434916 0.0917504057
v 0.0354143567 0.439434916 0.0854977593
v 0.0354143567 0.439434916 0.0854977593
v -0.0120791998 0.439434946 -0.0917503908
v -0.0120791998 0.439434946 -0.0917503908
v 0.0563360788 0.439434916 0.0734185874
v 0.0563360788 0.439434916 0.0734185874
v -0.0354143903 0.439434916 -0.0854977518
v -0.0354143903 0.439434916 -0.0854977518
v 0.0734186098 0.439434916 0.056336049
v 0.0734186098 0.439434916 0.056336049
v -0.0563361123 0.439434946 -0.0734185725
v -0.0563361123 0.439434946 -0.0734185725
v 0.0854977667 0.439434916 0.0354143158
v 0.0854977667 0.439434916 0.0354143158
v -0.0734186247 0.439434916 -0.0563360229
v -0.0734186247 0.439434916 -0.0563360229
v 0.0917504057 0.439434916 0.0120791579
v 0.0917504057 0.439434916 0.0120791579
v -0.0854977816 0.439434916 -0.035414286
v -0.0854977816 0.439434916 -0.035414286
v 0.0917504057 0.439434916 -0.0120791774
v 0.0917504057 0.439434916 -0.0120791774
v -0.0917504057 0.439434916 -0.0120791234
v -0.0917504057 0.439434916 -0.0120791234
v 0.0854977667 0.439434916 -0.0354143307
v 0.0854977667 0.439434916 -0.0354143307
v -0.0917503983 0.439434916 0.0120792072
v -0.0917503983 0.439434916 0.0120792072
v 0.0734185949 0.439434916 -0.0563360639
v 0.0734185949 0.439434916 -0.0563360639
v -0.0854977518 0.439434916 0.0354143605
v -0.0854977518 0.439434916 0.0354143605
v 0.0563360602 0.439434916 -0.0734185949
v 0.0563360602 0.439434916 -0.0734185949
v -0.0734185725 0.439434916 0.05633609
v -0.0734185725 0.439434916 0.05633609
v 0.0354143307 0.439434916 -0.0854977593
v 0.0354143307 0.439434916 -0.0854977593
v -0.0114357136 0.433426917 -0.0868626386
v -0.0231126864 0.437162906 -0.0862575248
v -0.0631449297 0.437162906 -0.0631448552
v -0.0773364156 0.437162906 -0.0446501374
v -0.086257562 0.437162906 -0.0231125914
v -0.0893003792 0.437162906 4.07380867e-08
v -0.0862575173 0.437162906 0.0231126714
v -0.0773363858 0.437162906 0.0446502194
v -0.0631448627 0.437162906 0.0631449223
v -0.0446501449 0.437162906 0.0773364156
v -0.0231125951 0.437162906 0.0862575397
v 3.8628059e-08 0.437162906 0.0893003792
v 0.0231126714 0.437162906 0.0862575248
v 0.0446502119 0.437162906 0.0773364007
v 0.0631449148 0.437162906 0.063144885
v 0.0773364156 0.437162906 0.044650171
v 0.0862575546 0.437162906 0.023112623
v 0.0893003866 0.437162906 -8.71659722e-09
v 0.0862575397 0.437162906 -0.0231126416
v 0.0773364082 0.437162906 -0.0446501896
v 0.0631448999 0.437162906 -0.0631448999
v 0.0446501821 0.437162906 -0.0773363933
v 0.0335277319 0.433426917 -0.0809431076
v 0.0231126416 0.437162906 -0.0862575471
v -0.0235929806 0.439179122 -0.0880500078
v -0.0335277803 0.433426917 -0.0809430853
v -0.0455780886 0.439179122 -0.0789434761
v -6.42467057e-09 0.426192701 -0.0841821954
v -6.42467057e-09 0.426192701 -0.0841821954
v -8.22910806e-09 0.439179122 -0.0911560953
v -8.22910806e-09 0.439179122 -0.0911560953
v -0.0446502343 0.437162906 -0.0773363784
v -0.0533349589 0.433426917 -0.0695073828
v -0.064457126 0.439179122 -0.0644570515
v -0.0695074424 0.433426917 -0.0533348732
v -0.0789435133 0.439179122 -0.0455779955
v -0.0809431225 0.433426917 -0.0335276835
v -0.0880500302 0.439179122 -0.0235928837
v -0.0868626609 0.433426917 -0.0114356419
v -0.0911560878 0.439179122 4.10509529e-08
v -0.0868626386 0.433426917 0.0114357211
v -0.0880500153 0.439179122 0.0235929638
v -0.0809430853 0.433426917 0.0335277617
v -0.0789434761 0.439179122 0.0455780737
v -0.0695073828 0.433426917 0.0533349477
v -0.0644570515 0.439179122 0.0644571185
v -0.0533348769 0.433426917 0.0695074424
v -0.0455780029 0.439179122 0.0789435059
v -0.0335276909 0.433426917 0.0809431151
v -0.023592893 0.439179122 0.0880500227
v -0.0114356447 0.433426917 0.0868626535
v 3.75730451e-08 0.439179122 0.0911560953
v 0.0114357192 0.433426917 0.086862646
v 0.023592962 0.439179122 0.0880500153
v 0.033527758 0.433426917 0.0809430927
v 0.0455780663 0.439179122 0.078943491
v 0.0533349402 0.433426917 0.0695074126
v 0.0644571036 0.439179122 0.0644570813
v 0.0695074424 0.433426917 0.053334903
v 0.0789435059 0.439179122 0.0455780253
v 0.0809431225 0.433426917 0.033527717
v 0.0880500302 0.439179122 0.0235929172
v 0.0868626609 0.433426917 0.0114356736
v 0.0911560953 0.439179122 -9.04401531e-09
v 0.0868626535 0.433426917 -0.0114356913
v 0.0880500227 0.439179122 -0.0235929359
v 0.0809431002 0.433426917 -0.0335277356
v 0.0789434984 0.439179122 -0.0455780439
v 0.0695074201 0.433426917 -0.0533349216
v 0.0644570887 0.439179122 -0.0644570887
v 0.0533349179 0.433426917 -0.0695074201
v 0.0455780365 0.439179122 -0.0789434984
v 0.0114356875 0.433426917 -0.0868626535
v 0.0235929303 0.439179122 -0.0880500227
v 0.0243245047 0.439205199 -0.090780288
v -1.09648681e-08 0.439205199 -0.0939826667
v -1.09648681e-08 0.439205199 -0.0939826667
v 0.0469913334 0.439205199 -0.0813913941
v -0.0243245624 0.439205199 -0.0907802731
v 0.0664557889 0.439205199 -0.0664557964
v 0.0813913867 0.439205199 -0.0469913408
v 0.090780288 0.439205199 -0.024324514
v 0.0939826667 0.439205199 -9.72795533e-09
v 0.090780288 0.439205199 0.0243244935
v 0.0813913941 0.439205199 0.0469913222
v 0.0664558113 0.439205199 0.066455774
v 0.0469913632 0.439205199 0.0813913867
v 0.02432454 0.439205199 0.0907802731
v 3.70491762e-08 0.439205199 0.0939826742
v -0.0243244674 0.439205199 0.090780288
v -0.0469912998 0.439205199 0.081391409
v -0.0664557591 0.439205199 0.0664558187
v -0.0813913718 0.439205199 0.0469913669
v -0.0907802731 0.439205199 0.0243245419
v -0.0939826667 0.439205199 4.18222044e-08
v -0.0907803029 0.439205199 -0.02432446
v -0.081391409 0.439205199 -0.0469912887
v -0.0664558262 0.439205199 -0.0664557591
v -0.046991393 0.439205199 -0.0813913569
v -1.12413545e-08 0.0112436842 -0.0838523358
v -1.12413545e-08 0.0112436842 -0.0838523358
v 0.0200406928 0.0366190635 -0.0747928917
v 0.0387156457 0.0366190635 -0.0670574754
v 0.0547521897 0.0366190635 -0.0547521934
v 0.067057468 0.0366190672 -0.0387156457
v 0.0747928768 0.0366190635 -0.0200406928
v 0.0774312913 0.0366190635 -5.15137799e-09
v 0.0747928917 0.0366190635 0.0200406853
v 0.0670574829 0.0366190635 0.0387156345
v 0.0547522083 0.0366190635 0.0547521785
v 0.0387156643 0.0366190635 0.0670574605
v 0.020040717 0.0366190635 0.0747928694
v 2.92420737e-08 0.0366190635 0.0774312913
v -0.020040663 0.0366190635 0.0747928992
v -0.0387156159 0.0366190635 0.0670574903
v -0.0547521673 0.0366190635 0.0547522195
v -0.0670574605 0.0366190635 0.0387156717
v -0.0747928768 0.0366190635 0.0200407244
v -0.0774312913 0.0366190635 3.56521923e-08
v -0.0747928992 0.0366190635 -0.0200406555
v -0.0670574978 0.0366190635 -0.0387156121
v -0.0547522269 0.0366190635 -0.0547521636
v -0.0387156941 0.0366190635 -0.0670574456
v -0.0200407393 0.0366190635 -0.0747928694
v -9.20408638e-09 0.0281812306 -0.0712294728
v -9.20408638e-09 0.0281812306 -0.0712294728
v -0.00955278892 0.0309655294 -0.0725604221
v -0.0280073304 0.0309655294 -0.0676155537
v -0.0445531867 0.0309655294 -0.0580627769
v -0.0580628328 0.0309655294 -0.0445531197
v -0.0676155835 0.0309655294 -0.0280072466
v -0.0725604445 0.0309655294 -0.00955272652
v -0.0725604296 0.0309655294 0.00955279451
v -0.0676155612 0.0309655294 0.0280073099
v -0.0580627844 0.0309655294 0.0445531793
v -0.0445531234 0.0309655294 0.0580628328
v -0.028007254 0.0309655294 0.0676155835
v -0.00955273397 0.0309655294 0.0725604445
v 0.00955278799 0.0309655294 0.072560437
v 0.0280073062 0.0309655294 0.0676155612
v 0.0445531718 0.0309655294 0.0580627881
v 0.0580628142 0.0309655294 0.0445531383
v 0.0676155686 0.0309655294 0.0280072745
v 0.0725604445 0.0309655294 0.00955275726
v 0.0725604296 0.0309655294 -0.00955276377
v 0.0676155686 0.0309655294 -0.0280072819
v 0.0580627993 0.0309655294 -0.0445531532
v 0.0445531532 0.0309655294 -0.0580628067
v 0.0280072838 0.0309655294 -0.0676155612
v 0.00955276005 0.0309655294 -0.072560437
v 0.00386084802 0.0158899259 -0.0144088613
v 0.00745858718 0.0158899259 0.012918652
v 0.00386085315 0.0158899259 0.0144088799
v -0.0144088659 0.0158899259 0.00386086083
v -0.0149171595 0.015889924 1.64654921e-08
v 0.00745858438 0.0158899259 -0.0129186306
v 0.01054803 0.0158899222 -0.0105480151
v 0.0105480328 0.0158899259 0.0105480356
v -0.0129186362 0.0158899259 0.00745859556
v -0.00386085059 0.0158899259 -0.0144088585
v 4.62023309e-10 0.015889924 -0.0149171501
v 0.0129186483 0.0158899259 0.00745858811
v -0.0105480198 0.0158899259 0.0105480421
v -0.00745858671 0.0158899259 -0.0129186269
v 0.0144088725 0.0158899259 0.00386085268
v -0.00745857088 0.0158899259 0.0129186558
v -0.010548031 0.0158899259 -0.0105480095
v 0.0149171622 0.0158899259 8.34916136e-09
v -0.00386083592 0.0158899259 0.0144088818
v -0.0129186437 0.0158899259 -0.0074585625
v 0.0144088725 0.0158899259 -0.00386083545
v 8.46921466e-09 0.0158899259 0.0149171706
v -0.0144088697 0.0158899259 -0.00386082754
v 0.0129186446 0.0158899259 -0.00745856948
v 0.0142554445 0.27756986 -0.108280845
v 0.0512025468 0.386139691 -0.0667284429
v 0.0667284578 0.386139661 -0.0512025394
v 0.0777069256 0.386139661 -0.0321872644
v 0.0833898038 0.386139691 -0.0109784799
v 0.0833898112 0.386139661 0.0109784659
v 0.0777069256 0.386139691 0.0321872495
v 0.0667284578 0.386139691 0.051202517
v 0.0512025617 0.386139661 0.0667284355
v 0.0321872868 0.386139661 0.0777069107
v 0.0109785087 0.386139691 0.0833898038
v -0.010978438 0.386139661 0.0833898038
v -0.0321872234 0.386139691 0.0777069256
v -0.0512024984 0.386139661 0.0667284802
v -0.0667284206 0.386139691 0.0512025692
v -0.0777069032 0.386139691 0.0321872905
v -0.0833897963 0.386139691 0.0109785106
v -0.0833898038 0.386139661 -0.0109784342
v -0.077706933 0.386139661 -0.0321872197
v -0.0667284727 0.386139691 -0.0512025021
v -0.0512025692 0.386139661 -0.066728428
v -0.0321873054 0.386139691 -0.0777069032
v -0.0109785004 0.386139661 -0.0833898038
v 0.0321872681 0.386139661 -0.0777069181
v -0.0523622967 0.0412535891 -0.0401789546
v -0.0109878713 0.426192731 -0.0834609643
v -0.0322147794 0.426192731 -0.0777732208
v -0.0512462705 0.426192731 -0.0667853653
v -0.0667854249 0.426192731 -0.0512461886
v -0.0777732506 0.426192731 -0.0322146825
v -0.0834609792 0.426192731 -0.0109878024
v -0.0834609643 0.426192731 0.0109878797
v -0.0777732208 0.426192731 0.0322147608
v -0.0667853728 0.426192731 0.0512462594
v -0.0512461886 0.426192731 0.0667854175
v -0.03221469 0.426192731 0.0777732506
v -0.0109878061 0.426192731 0.0834609717
v 0.0109878778 0.426192731 0.0834609643
v 0.0322147571 0.426192731 0.0777732283
v 0.0512462519 0.426192731 0.0667853877
v 0.0667854175 0.426192731 0.0512462147
v 0.0777732506 0.426192731 0.0322147161
v 0.0834609792 0.426192731 0.010987835
v 0.0834609717 0.426192731 -0.0109878499
v 0.0777732432 0.426192731 -0.032214731
v 0.06678541 0.426192731 -0.0512462333
v 0.0512462296 0.426192731 -0.0667853951
v 0.0768459886 0.344837129 -0.0589659996
v 0.066486001 0.27756986 -0.0866462439
v 0.0894890502 0.344837129 -0.0370675772
v 0.0960335881 0.344837129 -0.0126430653
v 0.0960335806 0.344837129 0.0126430476
v 0.0894890502 0.344837129 0.0370675623
v 0.0768459961 0.344837129 0.0589659847
v 0.0589660257 0.344837129 0.0768459663
v 0.0370676033 0.344837129 0.0894890428
v 0.0126430979 0.344837129 0.0960335806
v -0.0126430178 0.344837129 0.0960335806
v -0.0370675325 0.344837129 0.0894890577
v -0.0589659587 0.344837129 0.0768460184
v -0.0768459514 0.344837129 0.0589660369
v -0.0894890428 0.344837129 0.037067607
v -0.0960335806 0.344837129 0.0126430979
v -0.0960335806 0.344837129 -0.0126430131
v -0.0894890577 0.344837129 -0.0370675288
v -0.0768460184 0.344837129 -0.0589659587
v -0.0589660481 0.344837129 -0.0768459588
v -0.0370676331 0.344837129 -0.0894890353
v -0.0126430914 0.344837129 -0.0960335806
v 0.0109784761 0.386139661 -0.0833898038
v -0.0480097793 0.0544591583 -0.0625674874
v -0.062567547 0.0544591583 -0.0480097048
v 0.0102938991 0.0544591546 -0.0781899169
v -0.0781899244 0.0544591583 -0.0102938628
v -0.0781899169 0.0544591583 0.0102939336
v -0.0652664825 0.140018091 -0.0850568265
v -0.0625674874 0.0544591583 0.0480097719
v -0.0480097011 0.0544591583 0.0625675395
v -0.0728614405 0.0544591583 -0.0301801488
v -0.0102938656 0.0544591546 0.0781899244
v 0.0102939298 0.0544591583 0.0781899169
v -0.0728614032 0.0544591583 0.0301802121
v 0.0480097644 0.0544591583 0.0625674948
v 0.0625675321 0.0544591583 0.048009716
v -0.0301801469 0.0544591583 0.0728614256
v 0.0781899095 0.0544591546 0.0102938917
v 0.0781899095 0.0544591621 -0.0102939038
v 0.0301802102 0.0544591583 0.0728614032
v 0.0625675172 0.0544591658 -0.0480097421
v 0.0139939515 0.140018076 -0.106294625
v 0.0728614256 0.0544591583 0.0301801749
v 0.041794844 0.27756986 -0.100901701
v 0.0480097421 0.0544591583 -0.0625675172
v 0.0728614181 0.0544591658 -0.0301801842
v 0.0866462514 0.27756986 -0.066486001
v 0.0370675847 0.344837129 -0.0894890428
v 0.100901693 0.27756986 -0.0417948477
v 0.108280838 0.27756986 -0.0142554501
v 0.108280852 0.27756986 0.0142554287
v 0.100901701 0.27756986 0.0417948216
v 0.0866462588 0.27756986 0.0664859712
v 0.0664860234 0.27756986 0.0866462141
v 0.0417948775 0.27756986 0.100901671
v 0.0142554864 0.27756986 0.108280838
v -0.0142553989 0.27756986 0.108280852
v -0.0417947918 0.27756986 0.100901708
v -0.0664859489 0.27756986 0.0866462737
v -0.0866462067 0.27756986 0.0664860308
v -0.100901671 0.27756986 0.0417948812
v -0.108280823 0.27756986 0.0142554864
v -0.108280852 0.27756986 -0.0142553952
v -0.100901715 0.27756986 -0.0417947918
v -0.0866462961 0.27756986 -0.0664859489
v -0.0664860532 0.27756986 -0.0866462067
v -0.0417949148 0.27756986 -0.100901663
v -0.014255479 0.27756986 -0.108280838
v -0.0139939897 0.140018076 -0.10629461
v 0.0589660034 0.344837129 -0.0768459886
v -0.0850569084 0.140018106 -0.0652663782
v -0.0990508348 0.140018091 -0.0410281383
v -0.106294625 0.140018091 -0.0139939059
v -0.106294617 0.140018091 0.0139939962
v -0.0990507975 0.140018091 0.0410282314
v -0.0850568265 0.140018076 0.0652664602
v -0.0652663782 0.140018076 0.0850568935
v -0.0410281383 0.140018076 0.0990508199
v -0.0139939077 0.140018076 0.106294625
v 0.0139939915 0.140018091 0.106294617
v 0.0410282277 0.140018076 0.099050805
v 0.0652664453 0.140018076 0.0850568488
v 0.0850568712 0.140018061 0.0652664006
v 0.0990508124 0.140018061 0.0410281718
v 0.10629461 0.140018061 0.0139939366
v 0.106294617 0.140018076 -0.0139939608
v 0.0990508124 0.140018091 -0.0410281979
v 0.0850568712 0.140018091 -0.0652664378
v 0.0652664304 0.140018091 -0.0850568637
v 0.0410281941 0.140018076 -0.099050805
v 0.0301801898 0.0544591583 -0.0728614181
v -0.0301802307 0.0544591583 -0.0728613958
v -0.0410282612 0.140018091 -0.0990507826
v -0.0686640143 0.204155296 -0.089484565
v -0.0894846544 0.204155296 -0.0686638951
v -0.104207054 0.204155296 -0.0431639142
v -0.111827932 0.204155296 -0.0147223771
v -0.111827917 0.204155296 0.0147224693
v -0.104207009 0.204155296 0.0431640074
v -0.0894845799 0.204155296 0.0686639845
v -0.0686639026 0.204155281 0.089484632
v -0.0431639142 0.204155296 0.104207046
v -0.0147223789 0.204155281 0.111827917
v 0.0147224683 0.204155296 0.111827917
v 0.0431640036 0.204155296 0.104207009
v 0.0686639845 0.204155266 0.0894845873
v 0.0894846097 0.204155281 0.0686639175
v 0.104207039 0.204155266 0.043163944
v 0.111827925 0.204155281 0.0147224106
v 0.111827925 0.204155281 -0.0147224357
v 0.104207024 0.204155296 -0.0431639738
v 0.0894846097 0.204155296 -0.0686639547
v 0.0686639622 0.204155296 -0.0894846097
v 0.0431639664 0.204155296 -0.104207039
v 0.0147224246 0.204155296 -0.111827917
v -0.0431640372 0.204155296 -0.104207002
v -0.0102888327 0.412507832 -0.0781512409
v -0.0102824848 0.403903365 -0.0781030282
v -0.0301653016 0.412507862 -0.0728253573
v -0.0301466901 0.403903365 -0.0727804303
v -0.0479860269 0.412507832 -0.0625365376
v -0.0479564257 0.403903365 -0.0624979548
v -0.0625365898 0.412507862 -0.0479859598
v -0.062498007 0.403903365 -0.0479563549
v -0.0728253946 0.412507832 -0.0301652141
v -0.0727804676 0.403903365 -0.0301466044
v -0.0781512484 0.412507832 -0.0102887684
v -0.0781030431 0.403903365 -0.0102824215
v -0.0781512335 0.412507862 0.0102888411
v -0.0781030208 0.403903365 0.0102824923
v -0.0728253573 0.412507892 0.030165283
v -0.0727804303 0.403903395 0.0301466733
v -0.0625365376 0.412507892 0.0479860157
v -0.0624979548 0.403903395 0.0479564145
v -0.0479859561 0.412507832 0.0625365898
v -0.0479563549 0.403903365 0.0624980107
v -0.0301652215 0.412507862 0.0728253946
v -0.0301466137 0.403903365 0.0727804527
v -0.0102887722 0.412507832 0.0781512484
v -0.0102824261 0.403903365 0.0781030431
v 0.0102888411 0.412507862 0.0781512409
v 0.0102824913 0.403903365 0.0781030357
v 0.0301652849 0.412507832 0.0728253797
v 0.0301466733 0.403903365 0.0727804378
v 0.047986012 0.412507832 0.0625365525
v 0.0479564108 0.403903365 0.0624979697
v 0.0625365898 0.412507862 0.0479859821
v 0.0624980032 0.403903365 0.0479563773
v 0.0728253871 0.412507892 0.0301652458
v 0.0727804527 0.403903395 0.0301466342
v 0.0781512558 0.412507832 0.0102887992
v 0.0781030431 0.403903365 0.0102824513
v 0.0781512558 0.412507862 -0.0102888122
v 0.0781030357 0.403903365 -0.0102824634
v 0.0728253871 0.412507832 -0.0301652569
v 0.0727804527 0.403903365 -0.0301466435
v 0.0625365749 0.412507832 -0.0479859933
v 0.0624979995 0.403903365 -0.0479563922
v 0.0479860008 0.412507862 -0.0625365674
v 0.0479563996 0.403903365 -0.0624979846
v 0.0301652644 0.412507832 -0.0728253797
v 0.0301466528 0.403903365 -0.0727804452
v 0.0102888094 0.412507832 -0.0781512558
v 0.0102824606 0.403903365 -0.0781030506
v 0.0322147347 0.426192731 -0.0777732357
v -0.0147224637 0.204155281 -0.11182791
v -0.0102939252 0.0544591583 -0.0781899095
v 0.0474438705 0.0391238444 0.0196518898
v 0.0654365346 0.0412535891 -0.00861488748
v -0.00861485489 0.0412535891 0.065436542
v -0.0609771721 0.0412535891 -0.0252575334
v 0.0609771572 0.0412536003 -0.0252575614
v 0.0086149117 0.0412535891 0.0654365346
v -0.0654365495 0.0412535891 -0.00861485116
v 0.0523622707 0.0412536003 -0.0401789732
v 0.0252575874 0.0412535891 0.060977146
v -0.065436542 0.0412535891 0.00861491356
v 0.0401789844 0.0412535891 -0.0523622669
v 0.0401789993 0.0412535891 0.0523622558
v -0.0609771498 0.0412535891 0.0252575874
v 0.0252575669 0.0412535891 -0.0609771535
v -0.00861490518 0.0412535891 -0.0654365346
v 0.0523622818 0.0412535891 0.0401789695
v -0.052362252 0.0412535891 0.040179003
v 0.00861488748 0.0412535891 -0.065436542
v -0.0252575986 0.0412535891 -0.0609771386
v 0.0609771609 0.0412535891 0.0252575576
v -0.0401789546 0.0412535891 0.0523622893
v -0.0401790105 0.0412535891 -0.0523622446
v 0.0654365346 0.0412535891 0.00861488096
v -0.0252575334 0.0412535891 0.0609771609
v -0.00528825773 0.0426090471 0.0127670169
v 0.0137006901 0.0426090471 0.00180373644
v -0.00841242075 0.0426090471 -0.0109632667
v -0.00841240957 0.0426090471 0.01096329
v 0.0127670132 0.0426090471 0.00528827356
v -0.0052882717 0.0426090471 -0.0127669983
v 0.00180373352 0.0426090471 -0.013700678
v -0.0109632714 0.0426090471 0.00841242913
v 0.0109632853 0.0426090471 0.00841242354
v -0.0018037305 0.0426090471 -0.0137006789
v 0.00528827216 0.0426090471 -0.0127670011
v -0.012767002 0.0426090471 0.00528827962
v 0.00841242447 0.0426090471 0.0109632835
v 0.00841242354 0.0426090471 -0.0109632704
v -0.0137006836 0.0426090471 0.00180374307
v 0.00528827542 0.0426090471 0.0127670141
v 0.0109632844 0.0426090546 -0.00841240957
v -0.0137006836 0.0426090471 -0.00180371525
v 0.0018037383 0.0426090471 0.0137006938
v 0.0127670132 0.0426090509 -0.00528825959
v -0.0127670066 0.0426090471 -0.00528825354
v -0.00180372025 0.0426090471 0.0137006957
v 0.0137006901 0.0426090471 -0.00180372235
v -0.0109632798 0.0426090471 -0.00841240492
v 0.00670291716 0.0391238444 0.0509135388
v 0.00670289807 0.0391238444 -0.0509135351
v -0.0407409593 0.0391238444 0.0312616676
v -0.0196519215 0.0391238444 -0.0474438518
v 0.0474438705 0.0391238481 -0.0196518898
v -0.0474438742 0.0391238444 -0.0196518674
v 0.0407409817 0.0391238444 0.0312616415
v -0.00670291111 0.0391238444 -0.0509135313
v -0.00670287106 0.0391238444 0.0509135462
v 0.0196518973 0.0391238444 -0.0474438593
v -0.047443863 0.0391238444 0.019651914
v 0.0509135388 0.0391238444 -0.00670289434
v -0.0407409929 0.0391238444 -0.0312616229
v 0.0312616602 0.0391238444 0.0407409631
v -0.0196518693 0.0391238444 0.0474438742
v 0.031261649 0.0391238444 -0.0407409668
v -0.0509135388 0.0391238444 0.00670291949
v 0.0509135351 0.0391238444 0.00670289434
v -0.0312616713 0.0391238444 -0.0407409519
v 0.0196519122 0.0391238444 0.047443863
v -0.0312616229 0.0391238444 0.0407409929
v 0.0407409742 0.0391238481 -0.0312616415
v -0.0509135388 0.0391238444 -0.00670286734
v 0.0109878471 0.426192731 -0.0834609717
v 0.0571829788 0.386615336 -0.0745223016
v 0.0745223165 0.386615336 -0.0571829714
v 0.0867830664 0.386615336 -0.0359467231
v 0.0931296945 0.386615336 -0.012260763
v 0.0931296945 0.386615336 0.0122607481
v 0.0867830738 0.386615336 0.0359467082
v 0.0745223165 0.386615336 0.0571829528
v 0.0571830012 0.386615336 0.0745222867
v 0.0359467492 0.386615336 0.0867830589
v 0.0122607909 0.386615336 0.0931296945
v -0.0122607192 0.386615336 0.0931296945
v -0.0359466821 0.386615336 0.0867830813
v -0.0571829341 0.386615336 0.0745223314
v -0.0745222718 0.386615336 0.0571830086
v -0.0867830515 0.386615336 0.0359467492
v -0.093129687 0.386615336 0.0122607974
v -0.0931296945 0.386615336 -0.0122607118
v -0.0867830962 0.386615336 -0.0359466746
v -0.0745223388 0.386615336 -0.0571829304
v -0.0571830198 0.386615336 -0.0745222718
v -0.0359467752 0.386615336 -0.0867830366
v 0.0094270343 0.0187977795 -0.071605444
v -0.0122607918 0.386615336 -0.0931296796
v 0.0359467231 0.386615336 -0.0867830664
v -0.034982089 0.00436541764 0.0844543502
v 0.01193175 0.00436541764 -0.0906306654
v -0.0861054882 -0.000118078315 -0.0113359615
v -0.0332354419 -0.000118078315 0.0802375525
v 0.0689015463 -0.000118078315 0.0528699905
v 0.0689015388 -0.000118078315 -0.0528700091
v -0.0113360342 -0.000118078315 -0.0861054808
v -0.0689015687 -0.000118078315 -0.0528699718
v -0.0689015165 -0.000118078315 0.0528700352
v 0.0332354978 -0.000118078315 0.0802375376
v 0.0861054808 -0.000118078315 -0.0113360072
v 0.0113359997 -0.000118078315 -0.0861054808
v -0.0332355313 -0.000118078315 -0.0802375227
v -0.0861054808 -0.000118078315 0.0113360379
v -0.0113359671 -0.000118078315 0.0861054808
v 0.0802375451 -0.000118078315 0.0332354642
v 0.0528700054 -0.000118078315 -0.0689015388
v -0.08023756 -0.000118078315 -0.0332354344
v -0.0528699793 -0.000118078315 0.0689015612
v 0.0528700314 -0.000118078315 0.0689015314
v 0.0802375376 -0.000118078315 -0.0332354754
v -0.0528700575 -0.000118078315 -0.068901509
v -0.0802375227 -0.000118078315 0.0332354978
v 0.0113360342 -0.000118078315 0.0861054957
v 0.0861054808 -0.000118078315 0.0113359923
v 0.0365943536 0.437270105 -0.0883465856
v -0.0365944095 0.437270105 -0.0883465484
v -0.05821326 0.437270105 -0.0758648887
v -0.0758649632 0.437270105 -0.0582131594
v -0.0883465931 0.437270105 -0.0365943089
v -0.0948075578 0.437270105 -0.0124816066
v -0.0948075503 0.437270105 0.0124816904
v -0.0883465484 0.437270105 0.0365943797
v -0.0758648962 0.437270105 0.0582132377
v -0.0582131669 0.437270105 0.0758649558
v -0.0365943164 0.437270105 0.0883465856
v -0.0124816131 0.437270105 0.0948075503
v 0.0124816848 0.437270105 0.0948075429
v 0.0365943797 0.437270105 0.0883465633
v 0.0582132228 0.437270105 0.0758649111
v 0.0758649483 0.437270105 0.0582131818
v 0.0883465856 0.437270105 0.0365943387
v 0.0948075503 0.437270105 0.0124816401
v 0.0948075578 0.437270105 -0.0124816587
v 0.0883465707 0.437270105 -0.0365943536
v 0.075864926 0.437270105 -0.0582132004
v 0.0582131967 0.437270105 -0.0758649334
v 0.0124816485 0.437270105 -0.0948075503
v 0.0691096559 0.332627088 -0.0900654867
v 0.048173558 0.257694513 -0.116301253
v 0.0900654644 0.332627088 -0.0691096783
v 0.104883455 0.332627088 -0.0434441529
v 0.112553813 0.332627088 -0.0148180006
v 0.112553813 0.332627088 0.0148179736
v 0.104883477 0.332627088 0.0434441343
v 0.0900654867 0.332627088 0.0691096336
v 0.0691096932 0.332627088 0.0900654495
v 0.0434441864 0.332627088 0.104883455
v 0.0148180323 0.332627088 0.112553813
v -0.0148179466 0.332627088 0.112553813
v -0.0434441045 0.332627088 0.104883492
v -0.0691096112 0.332627088 0.0900655091
v -0.0900654346 0.332627088 0.0691097081
v -0.10488344 0.332627088 0.0434441864
v -0.112553798 0.332627088 0.0148180369
v -0.112553813 0.332627088 -0.0148179373
v -0.104883492 0.332627088 -0.0434441008
v -0.0900655165 0.332627088 -0.0691096038
v -0.069109723 0.332627088 -0.0900654271
v -0.0434442312 0.332627088 -0.10488344
v -0.0148180313 0.332627088 -0.112553813
v -0.00922240876 0.0266728662 -0.070050925
v -0.00922240876 0.0266728662 -0.070050925
v -0.027038699 0.0266728662 -0.0652770624
v -0.027038699 0.0266728662 -0.0652770624
v -0.0430123247 0.0266728662 -0.0560546778
v -0.0430123247 0.0266728662 -0.0560546778
v -0.0560547374 0.0266728662 -0.0430122502
v -0.0560547374 0.0266728662 -0.0430122502
v -0.0652770996 0.0266728662 -0.0270386171
v -0.0652770996 0.0266728662 -0.0270386171
v -0.0700509474 0.0266728662 -0.00922234636
v -0.0700509474 0.0266728662 -0.00922234636
v -0.0700509325 0.0266728662 0.00922241155
v -0.0700509325 0.0266728662 0.00922241155
v -0.0652770698 0.0266728662 0.0270386804
v -0.0652770698 0.0266728662 0.0270386804
v -0.0560546815 0.0266728662 0.0430123135
v -0.0560546815 0.0266728662 0.0430123135
v -0.0430122539 0.0266728662 0.0560547337
v -0.0430122539 0.0266728662 0.0560547337
v -0.0270386245 0.0266728662 0.0652770996
v -0.0270386245 0.0266728662 0.0652770996
v -0.00922235381 0.0266728662 0.0700509474
v -0.00922235381 0.0266728662 0.0700509474
v 0.00922240689 0.0266728662 0.0700509325
v 0.00922240689 0.0266728662 0.0700509325
v 0.0270386767 0.0266728662 0.0652770773
v 0.0270386767 0.0266728662 0.0652770773
v 0.0430123061 0.0266728662 0.0560546927
v 0.0430123061 0.0266728662 0.0560546927
v 0.0560547188 0.0266728662 0.0430122651
v 0.0560547188 0.0266728662 0.0430122651
v 0.0652770922 0.0266728662 0.0270386431
v 0.0652770922 0.0266728662 0.0270386431
v 0.0700509474 0.0266728662 0.00922237709
v 0.0700509474 0.0266728662 0.00922237709
v 0.0700509325 0.0266728662 -0.00922238361
v 0.0700509325 0.0266728662 -0.00922238361
v 0.0652770773 0.0266728662 -0.0270386562
v 0.0652770773 0.0266728662 -0.0270386562
v 0.0560546964 0.0266728662 -0.0430122875
v 0.0560546964 0.0266728662 -0.0430122875
v 0.0430122763 0.0266728662 -0.0560547002
v 0.0430122763 0.0266728662 -0.0560547002
v 0.0270386543 0.0266728662 -0.0652770773
v 0.0270386543 0.0266728662 -0.0652770773
v 0.00922237989 0.0266728662 -0.0700509399
v 0.00922237989 0.0266728662 -0.0700509399
v 0.0118480166 0.00788650196 -0.0899946466
v 0.0347366333 0.00788650196 -0.0838616565
v 0.0552579947 0.00788650196 -0.0720136389
v 0.0720136315 0.00788650196 -0.0552580133
v 0.0838616565 0.00788650196 -0.034736637
v 0.0899946392 0.00788650196 -0.011848025
v 0.0899946392 0.00788650196 0.0118480092
v 0.0838616714 0.00788650196 0.0347366221
v 0.0720136464 0.00788650196 0.0552579835
v 0.0552580282 0.00788650196 0.0720136166
v 0.0347366594 0.00788650196 0.083861649
v 0.011848052 0.00788650196 0.0899946392
v -0.0118479803 0.00788650196 0.0899946392
v -0.0347365886 0.00788650196 0.0838616714
v -0.0552579612 0.00788650196 0.0720136613
v -0.0720136017 0.00788650196 0.0552580357
v -0.0838616416 0.00788650196 0.0347366631
v -0.0899946392 0.00788650196 0.0118480558
v -0.0899946392 0.00788650196 -0.0118479738
v -0.0838616714 0.00788650196 -0.0347365811
v -0.0720136687 0.00788650196 -0.0552579537
v -0.055258058 0.00788650196 -0.0720135942
v -0.0347366929 0.00788650196 -0.0838616341
v -0.011848053 0.00788650196 -0.0899946317
v -0.0543707758 0.0536055006 -0.0708572939
v -0.0708573535 0.0536055006 -0.0543706976
v 0.0116577744 0.0536054932 -0.088549614
v -0.088549614 0.0536054969 -0.0116577363
v -0.0885495991 0.0536054969 0.0116578145
v -0.0452668741 0.12413723 -0.109283701
v -0.0708572939 0.0536055006 0.0543707684
v -0.0543706939 0.0536055006 0.0708573386
v -0.0825151205 0.0536055006 -0.0341788344
v -0.0116577428 0.0536054932 0.0885496214
v 0.011657808 0.0536055006 0.0885496065
v -0.0825150982 0.0536054969 0.0341789052
v 0.0543707609 0.0536054969 0.0708573088
v 0.0708573312 0.0536054969 0.0543707162
v -0.0341788381 0.0536054932 0.0825151056
v 0.088549614 0.0536054932 0.0116577689
v 0.0885495991 0.0536054969 -0.0116577828
v 0.0341788977 0.0536054969 0.0825150907
v 0.0708573237 0.0536055006 -0.0543707386
v 0.0473820642 0.154295295 -0.11439044
v 0.0825150907 0.0536054932 0.0341788605
v 0.0164311007 0.257694513 -0.124806635
v 0.0543707348 0.0536055006 -0.0708573237
v 0.0825151056 0.0536055006 -0.0341788754
v 0.0766330585 0.257694513 -0.0998701602
v 0.0148179885 0.332627088 -0.112553813
v 0.0998701602 0.257694513 -0.0766330585
v 0.116301253 0.257694513 -0.0481735654
v 0.12480662 0.257694513 -0.0164311193
v 0.124806635 0.257694513 0.0164310876
v 0.116301253 0.257694513 0.0481735393
v 0.0998701677 0.257694513 0.0766330287
v 0.0766330808 0.257694513 0.0998701304
v 0.0481735952 0.257694513 0.116301231
v 0.0164311472 0.257694513 0.124806605
v -0.0164310578 0.257694513 0.124806635
v -0.048173517 0.257694513 0.116301276
v -0.0766330212 0.257694513 0.09987019
v -0.0998701304 0.257694513 0.0766330957
v -0.116301231 0.257694513 0.0481735952
v -0.124806605 0.257694513 0.0164311547
v -0.124806635 0.257694513 -0.0164310504
v -0.116301268 0.257694513 -0.0481735058
v -0.0998702049 0.257694513 -0.0766330138
v -0.0766331181 0.257694513 -0.0998701155
v -0.0481736399 0.257694513 -0.116301224
v -0.0164311528 0.257694513 -0.124806605
v 0.0276386701 0.0187977795 -0.066725634
v 0.0439667739 0.0187977795 -0.0572986118
v 0.0572986081 0.0187977795 -0.0439667702
v 0.0667256489 0.0187977795 -0.0276386682
v 0.071605444 0.0187977795 -0.00942703616
v 0.071605444 0.0187977795 0.00942702964
v 0.0667256489 0.0187977795 0.027638657
v 0.057298623 0.0187977795 0.043966759
v 0.0439667888 0.0187977795 0.0572986007
v 0.0276386868 0.0187977795 0.0667256415
v 0.00942705851 0.0187977795 0.071605444
v -0.00942700449 0.0187977795 0.071605444
v -0.0276386365 0.0187977795 0.0667256564
v -0.0439667441 0.0187977795 0.0572986342
v -0.0572985895 0.0187977795 0.0439668037
v -0.066725634 0.0187977795 0.0276386924
v -0.0716054365 0.0187977795 0.00942706596
v -0.071605444 0.0187977795 -0.00942699704
v -0.0667256489 0.0187977795 -0.0276386309
v -0.0572986268 0.0187977795 -0.0439667404
v -0.0439668074 0.0187977795 -0.057298582
v -0.0276387129 0.0187977795 -0.0667256266
v -0.0094270613 0.0187977795 -0.0716054291
v 0.0101066846 0.0366190672 -0.0767679065
v 0.0296313036 0.0366190672 -0.0715362951
v 0.0471365973 0.0366190672 -0.0614296161
v 0.0614296086 0.0366190709 -0.0471365936
v 0.0715363026 0.0366190672 -0.0296313036
v 0.0767678916 0.0366190672 -0.0101066902
v 0.0767679065 0.0366190672 0.0101066791
v 0.0715363026 0.0366190672 0.0296312887
v 0.0614296235 0.0366190672 0.0471365824
v 0.047136616 0.0366190672 0.0614296012
v 0.0296313222 0.0366190672 0.0715362951
v 0.0101067126 0.0366190672 0.0767678916
v -0.0101066567 0.0366190672 0.076767914
v -0.029631272 0.0366190672 0.0715363249
v -0.0471365713 0.0366190672 0.0614296384
v -0.0614295937 0.0366190672 0.0471366234
v -0.0715363026 0.0366190672 0.0296313334
v -0.0767678916 0.0366190672 0.0101067182
v -0.0767679065 0.0366190672 -0.0101066492
v -0.0715363249 0.0366190672 -0.0296312645
v -0.0614296421 0.0366190672 -0.0471365638
v -0.0471366383 0.0366190672 -0.0614295863
v -0.0296313539 0.0366190672 -0.0715362877
v -0.0101067154 0.0366190672 -0.0767678916
v 0.015808668 0.297467083 -0.120078787
v 0.0463486724 0.297467083 -0.111895621
v 0.0737300962 0.297467083 -0.0960869417
v 0.0960869417 0.297467083 -0.0737301037
v 0.111895613 0.297467083 -0.0463486798
v 0.12007878 0.297467083 -0.015808681
v 0.120078787 0.297467083 0.0158086549
v 0.111895621 0.297467083 0.0463486537
v 0.0960869491 0.297467083 0.0737300664
v 0.0737301335 0.297467083 0.0960869044
v 0.0463487133 0.297467083 0.111895591
v 0.0158087127 0.297467083 0.120078772
v -0.0158086233 0.297467083 0.120078787
v -0.0463486314 0.297467083 0.111895628
v -0.0737300441 0.297467083 0.0960869715
v -0.096086897 0.297467083 0.0737301335
v -0.111895591 0.297467083 0.0463487133
v -0.120078772 0.297467083 0.0158087201
v -0.120078787 0.297467083 -0.0158086158
v -0.111895628 0.297467083 -0.0463486202
v -0.0960869715 0.297467083 -0.0737300366
v -0.0737301633 0.297467083 -0.0960868895
v -0.0463487543 0.297467083 -0.111895584
v -0.0158087164 0.297467083 -0.120078772
v 0.0434441492 0.332627088 -0.104883477
v -0.0135895293 0.360891789 -0.10322243
v -0.0398424417 0.360891789 -0.096187979
v -0.0633801073 0.360891789 -0.0825984776
v -0.0825985447 0.360891789 -0.0633800104
v -0.0961880311 0.360891789 -0.0398423262
v -0.103222445 0.360891789 -0.0135894436
v -0.103222437 0.360891789 0.013589534
v -0.0961879864 0.360891789 0.0398424082
v -0.0825984776 0.360891789 0.0633800998
v -0.0633800179 0.360891789 0.0825985372
v -0.0398423336 0.360891789 0.0961880162
v -0.013589452 0.360891789 0.103222445
v 0.0135895293 0.360891789 0.103222445
v 0.0398424082 0.360891789 0.0961879939
v 0.0633800849 0.360891789 0.0825984925
v 0.0825985223 0.360891789 0.0633800402
v 0.0961880088 0.360891789 0.0398423597
v 0.103222445 0.360891789 0.01358948
v 0.103222437 0.360891789 -0.0135894995
v 0.0961879939 0.360891789 -0.0398423746
v 0.0825985 0.360891789 -0.0633800626
v 0.0633800551 0.360891789 -0.0825985
v 0.0398423783 0.360891789 -0.0961880013
v 0.0135894911 0.360891789 -0.103222445
v 0.0161611345 0.154295266 -0.122756064
v -0.0720091462 0.124137215 -0.0938440189
v -0.0473821461 0.154295295 -0.11439041
v -0.0938441083 0.124137215 -0.0720090196
v -0.0753740445 0.154295281 -0.0982292444
v -0.10928376 0.12413723 -0.0452667475
v -0.0982293412 0.154295281 -0.0753739327
v -0.117275901 0.12413723 -0.0154396128
v -0.11439047 0.154295295 -0.0473820195
v -0.117275894 0.12413723 0.0154397106
v -0.122756079 0.15429531 -0.0161610879
v -0.109283715 0.12413723 0.0452668369
v -0.122756064 0.15429531 0.0161611922
v -0.0938440338 0.124137215 0.0720091239
v -0.114390425 0.154295295 0.0473821089
v -0.0720090196 0.124137215 0.0938440859
v -0.0982292593 0.154295281 0.0753740147
v -0.0452667512 0.1241372 0.109283745
v -0.0753739327 0.154295281 0.0982293263
v -0.0154396184 0.124137186 0.117275894
v -0.0473820195 0.154295281 0.114390448
v 0.0154397022 0.124137215 0.117275886
v -0.0161610916 0.154295266 0.122756056
v 0.0452668294 0.124137215 0.109283708
v 0.0161611829 0.154295295 0.122756042
v 0.072009109 0.124137215 0.0938440338
v 0.0473821051 0.154295281 0.11439041
v 0.093844071 0.124137215 0.0720090494
v 0.0753740072 0.154295266 0.0982292593
v 0.10928373 0.1241372 0.045266781
v 0.098229304 0.154295266 0.0753739476
v 0.117275879 0.1241372 0.0154396463
v 0.114390433 0.154295266 0.0473820455
v 0.117275886 0.124137215 -0.0154396724
v 0.122756034 0.154295266 0.0161611233
v 0.109283723 0.124137215 -0.0452668034
v 0.122756042 0.154295281 -0.016161155
v 0.093844071 0.124137215 -0.0720090866
v 0.114390425 0.154295281 -0.0473820753
v 0.0720090792 0.12413723 -0.0938440561
v 0.098229304 0.154295281 -0.0753739849
v 0.0452667922 0.124137208 -0.10928373
v 0.0753739849 0.154295295 -0.0982292965
v 0.0341788717 0.0536054932 -0.0825150907
v 0.0154396547 0.124137193 -0.117275894
v -0.0341789275 0.0536055006 -0.0825150833
v -0.0154397087 0.1241372 -0.117275886
v -0.0487973504 0.220499337 -0.117806993
v -0.077625297 0.220499337 -0.101163127
v -0.101163238 0.220499337 -0.0776251927
v -0.117807038 0.220499352 -0.0487972125
v -0.12642251 0.220499352 -0.0166437849
v -0.12642251 0.220499352 0.0166438874
v -0.117807001 0.220499352 0.0487973019
v -0.101163149 0.220499337 0.0776252747
v -0.0776252002 0.220499322 0.101163231
v -0.0487972163 0.220499337 0.117807031
v -0.0166437905 0.220499322 0.12642251
v 0.0166438799 0.220499352 0.126422495
v 0.0487972982 0.220499352 0.117807001
v 0.0776252598 0.220499337 0.101163149
v 0.101163194 0.220499322 0.0776252076
v 0.117807016 0.220499322 0.0487972423
v 0.12642251 0.220499322 0.0166438222
v 0.126422495 0.220499337 -0.016643852
v 0.117807023 0.220499337 -0.0487972721
v 0.101163171 0.220499337 -0.0776252374
v 0.0776252374 0.220499352 -0.101163194
v 0.048797261 0.220499352 -0.117807023
v 0.0166438352 0.220499337 -0.12642251
v -0.0166438892 0.220499322 -0.126422495
v -0.0115022399 0.412358344 -0.0873679146
v -0.0115050962 0.403746873 -0.0873896182
v -0.0337228142 0.412358344 -0.0814139172
v -0.0337311961 0.403746903 -0.0814341605
v -0.0536452048 0.412358344 -0.069911696
v -0.0536585338 0.403746873 -0.0699290782
v -0.0699117705 0.412358344 -0.0536451228
v -0.0699291453 0.403746903 -0.0536584556
v -0.0814139694 0.412358344 -0.0337227136
v -0.0814342052 0.403746873 -0.0337310955
v -0.087367937 0.412358344 -0.0115021626
v -0.0873896331 0.403746873 -0.0115050208
v -0.0873679146 0.412358344 0.0115022426
v -0.0873896182 0.403746903 0.0115051009
v -0.0814139172 0.412358344 0.0337227844
v -0.0814341605 0.403746903 0.0337311625
v -0.0699117035 0.412358344 0.0536451861
v -0.0699290782 0.403746903 0.0536585189
v -0.053645134 0.412358344 0.0699117705
v -0.0536584593 0.403746873 0.0699291453
v -0.0337227285 0.412358344 0.0814139619
v -0.0337311067 0.403746903 0.0814341977
v -0.0115021728 0.412358344 0.0873679295
v -0.0115050292 0.403746873 0.0873896256
v 0.0115022361 0.412358344 0.0873679221
v 0.0115050953 0.403746903 0.0873896256
v 0.0337227806 0.412358344 0.0814139247
v 0.0337311625 0.403746873 0.0814341828
v 0.0536451787 0.412358344 0.0699117184
v 0.0536585078 0.403746873 0.0699291006
v 0.0699117556 0.412358344 0.0536451489
v 0.0699291304 0.403746903 0.053658478
v 0.0814139545 0.412358344 0.0337227471
v 0.0814341903 0.403746903 0.0337311216
v 0.0873679221 0.412358344 0.011502197
v 0.0873896256 0.403746873 0.0115050543
v 0.0873679221 0.412358344 -0.011502211
v 0.0873896256 0.403746903 -0.0115050683
v 0.081413947 0.412358344 -0.033722762
v 0.0814341903 0.403746873 -0.0337311402
v 0.0699117482 0.412358344 -0.05364516
v 0.0699291229 0.403746873 -0.0536584891
v 0.0536451638 0.412358344 -0.0699117333
v 0.0536584966 0.403746903 -0.069929108
v 0.033722762 0.412358344 -0.081413947
v 0.0337311402 0.403746873 -0.0814341903
v 0.0115022035 0.412358344 -0.0873679295
v 0.0115050627 0.403746873 -0.0873896256
v -0.0124816867 0.437270105 -0.0948075429
v -0.0131518962 0.0739716962 -0.0998982862
v -0.0143995257 0.0970315486 -0.109374925
v -0.0385593586 0.0739717111 -0.0930903554
v -0.0422172211 0.0970315635 -0.101921186
v -0.0613390319 0.0739717111 -0.0799384862
v -0.0671578422 0.097031571 -0.0875216872
v -0.0799385756 0.0739717036 -0.0613389276
v -0.0875217766 0.0970315635 -0.067157723
v -0.0930904001 0.0739716962 -0.0385592468
v -0.101921238 0.0970315635 -0.0422170945
v -0.0998982936 0.0739716813 -0.0131518133
v -0.10937494 0.0970315561 -0.0143994344
v -0.0998982713 0.0739716813 0.0131518999
v -0.109374925 0.0970315486 0.0143995276
v -0.0930903628 0.0739716962 0.0385593325
v -0.101921186 0.0970315635 0.0422171839
v -0.0799384862 0.0739717111 0.061339017
v -0.0875216872 0.097031571 0.0671578124
v -0.0613389201 0.0739716962 0.0799385458
v -0.067157723 0.0970315635 0.0875217468
v -0.0385592468 0.0739716813 0.0930903777
v -0.0422170982 0.0970315412 0.101921216
v -0.013151817 0.0739716887 0.0998982936
v -0.01439944 0.0970315412 0.10937494
v 0.0131518925 0.0739716962 0.0998982862
v 0.0143995201 0.0970315635 0.109374925
v 0.0385593325 0.0739716813 0.0930903628
v 0.0422171801 0.0970315561 0.101921186
v 0.0613390096 0.0739716813 0.0799385011
v 0.0671577975 0.0970315486 0.0875217021
v 0.0799385235 0.0739716813 0.0613389537
v 0.0875217393 0.0970315486 0.0671577528
v 0.0930903703 0.0739716813 0.0385592766
v 0.101921208 0.0970315486 0.042217128
v 0.0998982787 0.0739716813 0.0131518459
v 0.109374925 0.0970315486 0.0143994698
v 0.0998982713 0.0739716962 -0.0131518636
v 0.109374925 0.0970315561 -0.0143994903
v 0.0930903703 0.0739717111 -0.0385593027
v 0.101921208 0.097031571 -0.0422171541
v 0.0799385309 0.0739717111 -0.061338976
v 0.0875217319 0.097031571 -0.0671577826
v 0.0613389798 0.0739716962 -0.079938516
v 0.0671577826 0.0970315635 -0.087521717
v 0.0385592952 0.0739716887 -0.0930903628
v 0.0422171503 0.0970315561 -0.101921201
v 0.0131518524 0.0739716813 -0.0998982787
v 0.0143994773 0.0970315412 -0.109374933
v -0.0116578108 0.0536054969 -0.0885496065
v -0.0165439155 0.186460465 -0.125663131
v -0.048504252 0.186460465 -0.117099389
v -0.0771590471 0.186460465 -0.100555487
v -0.100555591 0.186460465 -0.0771589205
v -0.117099449 0.186460495 -0.0485041142
v -0.125663161 0.186460495 -0.0165438149
v -0.125663146 0.186460495 0.0165439174
v -0.117099397 0.18646048 0.048504211
v -0.100555502 0.186460465 0.0771590173
v -0.0771589279 0.186460465 0.100555576
v -0.0485041216 0.186460465 0.117099427
v -0.0165438186 0.186460465 0.125663161
v 0.0165439099 0.186460495 0.125663131
v 0.0485042036 0.18646048 0.117099397
v 0.0771590024 0.18646045 0.100555509
v 0.100555554 0.18646045 0.0771589428
v 0.117099412 0.18646045 0.048504144
v 0.125663146 0.18646045 0.0165438484
v 0.125663131 0.186460465 -0.0165438782
v 0.117099404 0.186460465 -0.0485041812
v 0.100555547 0.186460465 -0.0771589875
v 0.0771589801 0.186460495 -0.100555554
v 0.04850417 0.18646048 -0.117099419
v 0.0165438615 0.186460465 -0.125663146
v -0.0161611885 0.154295281 -0.122756049
v -0.0906306654 0.00436541764 -0.0119317081
v -0.0119317863 0.00436541764 -0.0906306505
v 0.0906306654 0.00436541764 0.0119317425
v 0.0119317872 0.00436541764 0.0906306505
v -0.0844543278 0.00436541764 0.034982156
v -0.0556485839 0.00436541764 -0.0725225359
v 0.0844543278 0.00436541764 -0.0349821299
v 0.0556485541 0.00436541764 0.0725225434
v -0.0556484908 0.00436541764 0.0725225955
v -0.0844543502 0.00436541764 -0.0349820815
v 0.0349821225 0.00436541764 -0.0844543353
v 0.055648528 0.00436541764 -0.0725225732
v 0.0844543353 0.00436541764 0.034982115
v -0.0119317127 0.00436541764 0.0906306654
v -0.0906306505 0.00436541764 0.0119317891
v -0.0349821895 0.00436541764 -0.0844543204
v 0.0906306505 0.00436541764 -0.0119317565
v 0.034982156 0.00436541764 0.0844543278
v -0.0725225359 0.00436541764 0.0556485541
v -0.0725226104 0.00436541764 -0.0556484833
v 0.0725225583 0.00436541764 -0.0556485243
v 0.0725225881 0.00436541764 0.0556485131
v 0.0117532313 0.000942475686 -0.0892746747
v 0.0344587341 0.000942475686 -0.0831907541
v 0.0548159331 0.000942475686 -0.0714375153
v 0.0714375079 0.000942475686 -0.0548159368
v 0.0831907466 0.000942475686 -0.0344587341
v 0.0892746672 0.000942475686 -0.0117532387
v 0.0892746747 0.000942475686 0.0117532238
v 0.0831907541 0.000942475686 0.0344587229
v 0.0714375228 0.000942475686 0.0548159219
v 0.0548159555 0.000942475686 0.071437493
v 0.0344587602 0.000942475686 0.0831907317
v 0.0117532667 0.000942475686 0.0892746672
v -0.0117531968 0.000942475686 0.0892746747
v -0.0344586968 0.000942475686 0.083190769
v -0.0548158996 0.000942475686 0.0714375377
v -0.0714374855 0.000942475686 0.0548159592
v -0.0831907317 0.000942475686 0.0344587602
v -0.0892746598 0.000942475686 0.0117532695
v -0.0892746747 0.000942475686 -0.0117531894
v -0.083190769 0.000942475686 -0.0344586857
v -0.0714375451 0.000942475686 -0.0548158884
v -0.0548159778 0.000942475686 -0.0714374781
v -0.0344587937 0.000942475686 -0.0831907243
v -0.0117532657 0.000942475686 -0.0892746598
v 0.0332354717 -0.000118078315 -0.0802375451
v -0.0770083442 0.000567586569 0.0318979323
v 0.0318979025 0.000567586569 -0.0770083591
v -0.0108797457 0.000567586569 0.0826401412
v -0.0318979621 0.000567586569 -0.0770083293
v 0.0661285892 0.000567586569 0.0507422239
v -0.077008374 0.000567586569 -0.0318978652
v 0.0770083591 0.000567586569 -0.0318979025
v -0.066128552 0.000567586569 0.0507422648
v 0.0108797783 0.000567586569 -0.0826401263
v 0.0108798109 0.000567586569 0.0826401412
v 0.0770083666 0.000567586569 0.031897895
v -0.0826401412 0.000567586569 -0.010879742
v 0.0661285818 0.000567586569 -0.050742235
v -0.050742209 0.000567586569 0.0661285967
v 0.0318979286 0.000567586569 0.0770083591
v -0.0507422909 0.000567586569 -0.0661285371
v 0.0826401263 0.000567586569 0.0108797709
v -0.0826401263 0.000567586569 0.0108798146
v 0.050742235 0.000567586569 -0.0661285743
v -0.0318978727 0.000567586569 0.077008374
v 0.0507422574 0.000567586569 0.0661285669
v -0.0661286041 0.000567586569 -0.0507422015
v 0.0826401263 0.000567586569 -0.0108797848
v -0.0108798128 0.000567586569 -0.0826401263
v 0.0789343566 0.00309922313 -0.0103919087
v -0.0103918724 0.00309922313 0.078934364
v -0.0735551268 0.00309922313 -0.0304674879
v 0.0735551119 0.00309922313 -0.030467527
v 0.0103919366 0.00309922313 0.078934364
v -0.078934364 0.00309922313 -0.0103918677
v 0.063163206 0.00309922313 -0.0484668426
v 0.0304675512 0.00309922313 0.0735551119
v -0.0789343566 0.00309922313 0.0103919394
v 0.0484668463 0.00309922313 -0.0631632134
v 0.0484668575 0.00309922313 0.0631631985
v -0.073555097 0.00309922313 0.0304675512
v 0.0304675251 0.00309922313 -0.0735551119
v -0.0103919357 0.00309922313 -0.0789343491
v 0.0631632283 0.00309922313 0.0484668352
v -0.0631631836 0.00309922313 0.048466865
v 0.0103919031 0.00309922313 -0.0789343566
v -0.0304675791 0.00309922313 -0.073555097
v 0.0735551193 0.00309922313 0.0304675177
v -0.0484668128 0.00309922313 0.0631632358
v -0.0484668836 0.00309922313 -0.0631631762
v 0.0789343566 0.00309922313 0.0103918975
v -0.0304674953 0.00309922313 0.0735551268
v -0.0631632432 0.00309922313 -0.0484668054
v -0.0314305723 0.0172114465 0.00413793372
v 0.00413791509 0.0172114465 -0.0314305611
v 0.0192988291 0.0172114465 -0.0251507089
v 0.0192988403 0.0172114465 0.0251507293
v -0.0292886272 0.0172114465 0.0121317683
v 0.02464981 0.0110764895 -0.0595099032
v 0.0251507331 0.0172114465 0.019298831
v -0.0251507089 0.0172114465 0.019298844
v -0.0121317673 0.0172114465 -0.029288616
v 0.0292886402 0.0172114465 0.0121317515
v -0.0192988068 0.0172114465 0.0251507405
v -0.0192988422 0.0172114465 -0.0251506995
v 0.031430576 0.0172114465 0.00413791696
v -0.0121317329 0.0172114465 0.0292886496
v -0.0251507331 0.0172114465 -0.0192988012
v 0.031430576 0.0172114465 -0.00413790811
v -0.00413789833 0.0172114465 0.0314305797
v -0.0292886365 0.0172114465 -0.0121317264
v 0.0292886384 0.0172114465 -0.0121317394
v 0.00413792813 0.0172114465 0.0314305797
v -0.0314305723 0.0172114465 -0.00413789134
v 0.0251507238 0.0172114465 -0.0192988142
v 0.0121317636 0.0172114465 0.0292886421
v -0.0084075639 0.0110764895 0.0638619959
v -0.0595099181 0.0110764895 -0.0246497728
v 0.0595099032 0.0110764895 -0.0246498063
v 0.00840761699 0.0110764895 0.0638620034
v -0.0638619885 0.0110764895 -0.00840755831
v 0.0511023216 0.0110764895 -0.0392121859
v 0.0246498305 0.0110764895 0.0595099069
v -0.063861981 0.0110764895 0.00840762071
v 0.0392121933 0.0110764895 -0.0511023141
v 0.0392122082 0.0110764895 0.0511023141
v -0.0595099032 0.0110764895 0.0246498343
v 0.00840759091 0.0110764895 -0.063861981
v -0.00840761419 0.0110764895 -0.063861981
v 0.051102329 0.0110764895 0.0392121933
v -0.0511022992 0.0110764895 0.039212212
v -0.00413792301 0.0172114465 -0.0314305611
v -0.0246498492 0.0110764895 -0.059509892
v 0.0595099106 0.0110764895 0.0246498063
v -0.0392121635 0.0110764895 0.0511023402
v -0.0392122194 0.0110764895 -0.0511022918
v 0.063861981 0.0110764895 0.00840758719
v -0.0246497821 0.0110764895 0.0595099218
v -0.0511023402 0.0110764895 -0.0392121524
v 0.063861981 0.0110764895 -0.0084075937
v 0.00654813228 0.0159962606 0.0158085823
v -0.00587635208 0.017647434 -0.0446352027
v -0.0172285773 0.017647434 -0.0415933803
v -0.0274066906 0.017647434 -0.0357170366
v -0.0357170813 0.017647434 -0.0274066366
v -0.0415934026 0.017647434 -0.0172285177
v -0.0446352102 0.017647434 -0.00587631064
v -0.0446352139 0.017647434 0.00587636186
v -0.0415933914 0.017647434 0.0172285698
v -0.0357170478 0.017647434 0.0274066888
v -0.0274066459 0.017647434 0.035717085
v -0.0172285307 0.017647434 0.0415934101
v -0.00587631762 0.017647434 0.0446352176
v 0.00587635674 0.017647434 0.0446352176
v 0.0172285661 0.017647434 0.0415934026
v 0.0274066813 0.017647434 0.0357170664
v 0.0357170776 0.017647434 0.0274066683
v 0.0415934026 0.017647434 0.0172285493
v 0.0446352102 0.017647434 0.00587633764
v 0.0446352139 0.017647434 -0.00587633485
v 0.0415933989 0.017647434 -0.0172285456
v 0.0357170664 0.017647434 -0.0274066553
v 0.0274066683 0.017647434 -0.0357170552
v 0.0172285512 0.017647434 -0.0415933914
v 0.00587633811 0.017647434 -0.0446352065
v 0.0121317515 0.0172114465 -0.0292886253
v -0.011470167 0.00959103461 -0.0871243104
v -0.0336287878 0.00959103461 -0.0811869204
v -0.0534956343 0.00959103461 -0.0697167665
v -0.069716841 0.00959103461 -0.0534955375
v -0.0811869502 0.00959103461 -0.0336286835
v -0.0871243253 0.00959103461 -0.0114700915
v -0.0871243104 0.00959103461 0.0114701716
v -0.0811869279 0.00959103461 0.0336287618
v -0.0697167814 0.00959103461 0.0534956194
v -0.0534955449 0.00959103461 0.0697168335
v -0.0336286873 0.00959103461 0.0811869502
v -0.011470098 0.00959103461 0.0871243253
v 0.0114701651 0.00959103461 0.0871243104
v 0.033628758 0.00959103461 0.0811869353
v 0.0534956045 0.00959103461 0.0697167814
v 0.0697168186 0.00959103461 0.0534955636
v 0.0811869502 0.00959103461 0.0336287133
v 0.0871243253 0.00959103461 0.0114701241
v 0.0871243253 0.00959103461 -0.011470139
v 0.0811869428 0.00959103461 -0.033628732
v 0.0697167963 0.00959103461 -0.0534955896
v 0.0534955822 0.00959103461 -0.0697168112
v 0.0336287357 0.00959103461 -0.0811869353
v 0.0114701297 0.00959103461 -0.0871243253
v 0.0708965957 0.0256098025 0.00933370832
v -0.0660651252 0.0256098025 -0.0273650251
v -0.00934402086 0.0212789122 0.0709751099
v 0.0708965957 0.0256098025 -0.00933371484
v -0.0708965957 0.0256098025 -0.00933367852
v -0.0273953341 0.0212789122 0.0661382899
v 0.0660651103 0.0256098025 -0.0273650624
v 0.00934404787 0.0212789122 -0.0709751025
v -0.0708965957 0.0256098025 0.00933374371
v -0.0435797125 0.0212789122 0.0567942448
v 0.0567313917 0.0256098025 -0.0435315259
v 0.0273953658 0.0212789122 -0.066138275
v -0.0660651103 0.0256098025 0.0273650885
v -0.0567942001 0.0212789122 0.0435797609
v 0.0435315333 0.0256098025 -0.0567314029
v 0.0435797386 0.0212789122 -0.0567942224
v -0.0567313768 0.0256098025 0.0435315594
v -0.0661382526 0.0212789122 0.0273953918
v 0.0273650642 0.0256098025 -0.0660651103
v 0.0567942187 0.0212789122 -0.0435797386
v -0.0435315035 0.0256098025 0.056731429
v -0.070975095 0.0212789122 0.00934408139
v 0.00933371112 0.0256098025 -0.0708965883
v 0.0661382675 0.0212789122 -0.0273953658
v -0.0273650326 0.0256098025 0.0660651252
v -0.0709751099 0.0212789122 -0.00934401341
v 0.0709751025 0.0212789122 -0.00934405066
v -0.00933368597 0.0256098025 0.0708965957
v -0.0661382899 0.0212789122 -0.0273953285
v 0.0709751099 0.0212789122 0.00934404507
v 0.00933373813 0.0256098025 0.0708965957
v -0.0567942448 0.0212789122 -0.0435796976
v 0.0661382824 0.0212789122 0.0273953602
v 0.0273650866 0.0256098025 0.0660651103
v -0.0435797721 0.0212789122 -0.0567941889
v -0.00933374185 0.0256098025 -0.0708965883
v 0.0567942336 0.0212789122 0.0435797237
v 0.0435315557 0.0256098025 0.0567313842
v -0.0273954142 0.0212789122 -0.0661382377
v -0.0273651127 0.0256098025 -0.0660650954
v 0.0435797535 0.0212789122 0.0567942075
v 0.056731414 0.0256098025 0.0435315184
v -0.00934407674 0.0212789122 -0.0709750876
v -0.0435315669 0.0256098025 -0.0567313731
v 0.0273953844 0.0212789122 0.0661382601
v 0.0660651103 0.0256098025 0.0273650531
v -0.056731429 0.0256098025 -0.0435314961
v 0.00934407394 0.0212789122 0.0709751025
v -0.00924291089 0.0202612504 -0.070206672
v -0.00924291089 0.0202612504 -0.070206672
v -0.0270988159 0.0202612504 -0.0654221922
v -0.0270988159 0.0202612504 -0.0654221922
v -0.0431079529 0.0202612504 -0.0561792962
v -0.0431079529 0.0202612504 -0.0561792962
v -0.0561793447 0.0202612504 -0.0431078784
v -0.0561793447 0.0202612504 -0.0431078784
v -0.0654222146 0.0202612504 -0.0270987283
v -0.0654222146 0.0202612504 -0.0270987283
v -0.070206672 0.0202612504 -0.00924284849
v -0.070206672 0.0202612504 -0.00924284849
v -0.0702066794 0.0202612504 0.00924291462
v -0.0702066794 0.0202612504 0.00924291462
v -0.0654221997 0.0202612504 0.0270987898
v -0.0654221997 0.0202612504 0.0270987898
v -0.0561793074 0.0202612504 0.0431079455
v -0.0561793074 0.0202612504 0.0431079455
v -0.0431078859 0.0202612504 0.0561793521
v -0.0431078859 0.0202612504 0.0561793521
v -0.0270987358 0.0202612504 0.065422222
v -0.0270987358 0.0202612504 0.065422222
v -0.00924285688 0.0202612504 0.070206672
v -0.00924285688 0.0202612504 0.070206672
v 0.0092429081 0.0202612504 0.0702066869
v 0.0092429081 0.0202612504 0.0702066869
v 0.0270987824 0.0202612504 0.0654222071
v 0.0270987824 0.0202612504 0.0654222071
v 0.0431079343 0.0202612504 0.0561793149
v 0.0431079343 0.0202612504 0.0561793149
v 0.0561793447 0.0202612504 0.0431079008
v 0.0561793447 0.0202612504 0.0431079008
v 0.0654222146 0.0202612504 0.0270987544
v 0.0654222146 0.0202612504 0.0270987544
v 0.070206672 0.0202612504 0.00924288016
v 0.070206672 0.0202612504 0.00924288016
v 0.0702066794 0.0202612504 -0.00924288481
v 0.0702066794 0.0202612504 -0.00924288481
v 0.0654222071 0.0202612504 -0.0270987637
v 0.0654222071 0.0202612504 -0.0270987637
v 0.056179326 0.0202612504 -0.0431079119
v 0.056179326 0.0202612504 -0.0431079119
v 0.0431079119 0.0202612504 -0.056179326
v 0.0431079119 0.0202612504 -0.056179326
v 0.0270987637 0.0202612504 -0.0654222071
v 0.0270987637 0.0202612504 -0.0654222071
v 0.00924288388 0.0202612504 -0.0702066645
v 0.00924288388 0.0202612504 -0.0702066645
v 0.0276911464 0.0234431792 -0.0668523461
v 0.0440502539 0.0234431792 -0.057407409
v 0.0574074015 0.0234431792 -0.0440502577
v 0.0668523386 0.0234431792 -0.0276911464
v 0.0717414096 0.0234431792 -0.00944493618
v 0.0717414096 0.0234431792 0.00944492966
v 0.066852361 0.0234431792 0.0276911426
v 0.0574074201 0.0234431792 0.0440502428
v 0.0440502763 0.0234431792 0.0574073978
v 0.0276911706 0.0234431792 0.0668523386
v 0.00944495946 0.0234431792 0.0717414096
v -0.00944490544 0.0234431792 0.0717414096
v -0.0276911184 0.0234431792 0.0668523684
v -0.0440502241 0.0234431792 0.0574074388
v -0.0574073941 0.0234431792 0.0440502837
v -0.0668523386 0.0234431792 0.0276911743
v -0.0717414096 0.0234431792 0.00944496691
v -0.0717414096 0.0234431792 -0.00944489893
v -0.066852361 0.0234431792 -0.027691111
v -0.057407435 0.0234431792 -0.0440502204
v -0.0440502986 0.0234431792 -0.0574073829
v -0.0276911948 0.0234431792 -0.0668523312
v -0.00944496226 0.0234431792 -0.0717414021
v 0.00944493245 0.0234431773 -0.0717414021
v -0.0708458424 0.437162846 0.054361973
v -0.0341733024 0.437162846 0.0825017691
v -0.0118981386 0.439179122 -0.0903750882
v 0.0116559276 0.437162846 0.0885352939
v 0.0341733769 0.437162846 0.0825017542
v -0.0116559211 0.437162846 -0.0885352939
v 0.0543619655 0.437162846 0.0708458647
v -0.0341733992 0.437162846 -0.0825017467
v 0.0708458796 0.437162846 0.054361932
v -0.0543619879 0.437162846 -0.0708458424
v 0.0825017765 0.437162846 0.0341733359
v -0.034883447 0.439179093 0.0842162222
v -0.0825017765 0.437162846 -0.0341732949
v 0.0885353014 0.437162846 -0.0116558997
v -0.0122670811 0.43920517 -0.0931774601
v -0.0118980706 0.439179093 0.0903751105
v 0.0885353088 0.437162846 0.011655882
v 0.0118981423 0.439179093 0.0903750956
v -0.0885353163 0.437162846 -0.0116558475
v 0.0348835178 0.439179093 0.0842161924
v -0.0885352939 0.437162846 0.0116559286
v 0.0554916412 0.439179093 0.0723180845
v 0.0708458796 0.437162846 -0.0543619506
v -0.0348835476 0.439179093 -0.0842161849
v -0.0825017467 0.437162846 0.0341733806
v 0.0723180994 0.439179093 0.0554916114
v -0.0554916672 0.439179122 -0.0723180473
v -0.0543619059 0.437162846 0.0708458871
v 0.0842162222 0.439179093 0.0348834693
v -0.0723181218 0.439179093 -0.0554915741
v 0.0341733508 0.437162846 -0.0825017542
v 0.0903751105 0.439179093 0.0118980976
v -0.0708458871 0.437162846 -0.0543619022
v 0.0122670457 0.43920517 -0.093177475
v 0.0543619432 0.437162846 -0.0708458647
v 0.0825017691 0.437162846 -0.0341733508
v -0.0842162296 0.439179093 -0.0348834358
v 0.0903751031 0.439179093 -0.0118981153
v -0.0903751105 0.439179093 -0.011898065
v -0.0116558522 0.437162846 0.0885353014
v 0.0842161998 0.439179093 -0.0348834917
v -0.0903750882 0.439179093 0.0118981451
v 0.0723180845 0.439179093 -0.0554916188
v -0.0842161849 0.439179093 0.0348835178
v 0.0554916225 0.439179093 -0.0723180845
v -0.0723180622 0.439179093 0.0554916486
v 0.0348834842 0.439179093 -0.0842162073
v -0.0554915816 0.439179093 0.0723181069
v 0.0118981088 0.439179122 -0.0903751031
v -0.0120521579 0.426202655 -0.0915449634
v 0.0120521225 0.426202655 -0.0915449858
v 0.056209933 0.426202655 -0.0732542202
v 0.0732542202 0.426202655 -0.0562099367
v 0.0853063464 0.426202655 -0.0353350416
v 0.0915449709 0.426202655 -0.01205213
v 0.0915449858 0.426202655 0.0120521151
v 0.0853063464 0.426202655 0.0353350267
v 0.0732542276 0.426202655 0.0562099181
v 0.0562099479 0.426202655 0.0732541978
v 0.0353350677 0.426202655 0.0853063241
v 0.012052156 0.426202655 0.0915449634
v -0.0120520871 0.426202655 0.0915449858
v -0.0353350043 0.426202655 0.0853063464
v -0.0562098958 0.426202655 0.0732542425
v -0.0732541829 0.426202655 0.0562099665
v -0.0853063166 0.426202655 0.0353350714
v -0.0915449634 0.426202655 0.0120521626
v -0.0915449932 0.426202655 -0.0120520797
v -0.0853063613 0.426202655 -0.0353349969
v -0.0732542425 0.426202655 -0.0562098958
v -0.0562099814 0.426202655 -0.073254168
v -0.0353351012 0.426202655 -0.0853063092
v 0.0353350416 0.426202655 -0.0853063464
v -0.0359651223 0.43920517 0.0868275985
v 0.011655895 0.437162846 -0.0885353014
v -0.0122670094 0.43920517 0.0931774825
v 0.012267082 0.43920517 0.0931774676
v 0.0359651893 0.43920517 0.0868275762
v 0.0572123341 0.43920517 0.074560523
v -0.0359652266 0.43920517 -0.0868275687
v 0.0745605454 0.43920517 0.0572122931
v -0.0572123639 0.43920517 -0.0745605081
v 0.0868275911 0.43920517 0.0359651484
v -0.0745605677 0.43920517 -0.0572122671
v 0.093177475 0.43920517 0.0122670364
v -0.086827606 0.43920517 -0.0359651148
v 0.093177475 0.43920517 -0.0122670559
v -0.093177475 0.43920517 -0.0122670047
v 0.0868275836 0.43920517 -0.035965167
v -0.0931774676 0.43920517 0.0122670857
v 0.0745605305 0.43920517 -0.0572123118
v -0.0868275687 0.43920517 0.0359651893
v 0.057212308 0.43920517 -0.0745605379
v -0.0745605081 0.43920517 0.0572123453
v 0.0359651595 0.43920517 -0.0868275911
v -0.0572122745 0.43920517 0.0745605528
v 0.0126430616 0.344837129 -0.0960335881
v 0.0109447865 0.0112436833 -0.0831339285
v 0.0320884995 0.0112436833 -0.0774684921
v 0.051045429 0.0112436833 -0.0665237084
v 0.0665236935 0.0112436833 -0.051045429
v 0.0774684921 0.0112436833 -0.0320884995
v 0.0831339285 0.0112436833 -0.010944793
v 0.0831339359 0.0112436833 0.01094478
v 0.077468507 0.0112436833 0.0320884809
v 0.0665237233 0.0112436833 0.0510454066
v 0.0510454401 0.0112436833 0.0665236861
v 0.0320885181 0.0112436833 0.0774684846
v 0.0109448191 0.0112436833 0.0831339285
v -0.0109447548 0.0112436833 0.0831339434
v -0.0320884623 0.0112436833 0.077468507
v -0.051045388 0.0112436833 0.0665237308
v -0.0665236712 0.0112436833 0.051045455
v -0.0774684772 0.0112436833 0.0320885256
v -0.083133921 0.0112436833 0.0109448237
v -0.0831339434 0.0112436833 -0.0109447492
v -0.077468507 0.0112436833 -0.0320884548
v -0.0665237308 0.0112436833 -0.051045388
v -0.0510454699 0.0112436833 -0.0665236637
v -0.0320885554 0.0112436833 -0.0774684697
v -0.0109448209 0.0112436833 -0.0831339136
v -0.00929722469 0.0281812306 -0.0706192181
v -0.0272580516 0.0281812306 -0.0658066198
v -0.0433612652 0.0281812306 -0.056509424
v -0.0565094762 0.0281812306 -0.0433611907
v -0.0658066571 0.0281812306 -0.0272579677
v -0.0706192255 0.0281812306 -0.00929716136
v -0.0706192255 0.0281812306 0.00929722749
v -0.0658066273 0.0281812306 0.0272580311
v -0.0565094315 0.0281812306 0.0433612466
v -0.0433611982 0.0281812306 0.0565094762
v -0.0272579752 0.0281812306 0.0658066571
v -0.00929716974 0.0281812306 0.070619233
v 0.0092972219 0.0281812306 0.0706192255
v 0.0272580255 0.0281812306 0.0658066347
v 0.0433612391 0.0281812306 0.0565094352
v 0.0565094575 0.0281812306 0.0433612093
v 0.0658066496 0.0281812306 0.0272579957
v 0.0706192255 0.0281812306 0.00929719117
v 0.0706192255 0.0281812306 -0.00929719955
v 0.0658066347 0.0281812306 -0.0272580069
v 0.0565094426 0.0281812306 -0.0433612205
v 0.0433612242 0.0281812306 -0.0565094426
v 0.027258005 0.0281812306 -0.0658066347
v 0.00929719489 0.0281812306 -0.0706192181
v 0.0122607555 0.386615336 -0.0931296945
v -0.0169646833 0.0159962606 0.00223345938
v 0.0104165664 0.0159962606 -0.013575118
v 0.0104165701 0.0159962606 0.0135751367
v -0.0158085674 0.0159962606 0.00654813927
v 0.00654812716 0.0159962606 -0.0158085618
v -0.00223344681 0.0159962606 -0.0169646759
v 0.0135751357 0.0159962606 0.0104165701
v -0.0135751208 0.0159962606 0.0104165776
v 0.00223344564 0.0159962606 -0.0169646759
v -0.00654813228 0.0159962606 -0.0158085581
v 0.0158085767 0.0159962606 0.00654813088
v -0.0104165515 0.0159962606 0.0135751441
v -0.0104165683 0.0159962606 -0.0135751124
v 0.0169646852 0.0159962606 0.00223345053
v -0.00654811319 0.0159962606 0.0158085842
v -0.013575132 0.0159962606 -0.010416544
v 0.0169646852 0.0159962606 -0.00223343447
v -0.00223343354 0.0159962606 0.0169646963
v -0.015808573 0.0159962606 -0.00654810527
v 0.0158085749 0.0159962606 -0.00654811366
v 0.00223345216 0.0159962606 0.0169646963
v -0.0169646852 0.0159962606 -0.00223342539
v 0.0135751329 0.0159962606 -0.0104165506
vt 0.754679561 0.73261708
vt 0.754679561 0.00577968359
vt 0.754679561 0.0360645652
vt 0.754679561 0.066349566
vt 0.754679561 0.0966344476
vt 0.754679561 0.126919329
vt 0.754679561 0.157204211
vt 0.754679561 0.187489152
vt 0.754679561 0.217774034
vt 0.754679561 0.248058915
vt 0.754679561 0.278343797
vt 0.754679561 0.308628798
vt 0.754679561 0.338913679
vt 0.754679561 0.36919862
vt 0.754679561 0.399483562
vt 0.754679561 0.429768443
vt 0.754679561 0.460053325
vt 0.754679561 0.490338206
vt 0.754679561 0.520623028
vt 0.754679561 0.550907969
vt 0.754679561 0.581192851
vt 0.754679561 0.611477673
vt 0.754679561 0.641762614
vt 0.754679561 0.672047377
vt 0.754679561 0.702332258
vt 0.87615943 0.914632082
vt 0.88841784 0.908798039
vt 0.898748636 0.899989963
vt 0.906447768 0.88880825
vt 0.910990357 0.876014948
vt 0.912067175 0.862481833
vt 0.909604549 0.849131107
vt 0.903770447 0.836872697
vt 0.89496243 0.82654196
vt 0.883780837 0.818842888
vt 0.870987535 0.814300179
vt 0.857454419 0.813223541
vt 0.844103694 0.815686107
vt 0.831845164 0.82152009
vt 0.821514487 0.830328107
vt 0.813815355 0.84150964
vt 0.809272766 0.854303002
vt 0.808195949 0.867836237
vt 0.810658455 0.881186903
vt 0.816492558 0.893445253
vt 0.825300574 0.90377605
vt 0.836482286 0.911475182
vt 0.84927547 0.91601783
vt 0.862808704 0.917094588
vt 0.676673532 0.0360645652
vt 0.676673532 0.066349566
vt 0.676673532 0.0966344476
vt 0.676673532 0.126919329
vt 0.676673532 0.157204211
vt 0.676673532 0.187489152
vt 0.676673532 0.217774034
vt 0.676673532 0.248058915
vt 0.676673532 0.278343797
vt 0.676673532 0.308628798
vt 0.676673532 0.338913679
vt 0.676673532 0.36919862
vt 0.676673532 0.399483562
vt 0.676673532 0.429768443
vt 0.676673532 0.460053325
vt 0.676673532 0.490338206
vt 0.676673532 0.520623028
vt 0.676673532 0.550907969
vt 0.676673532 0.581192851
vt 0.676673532 0.611477673
vt 0.676673532 0.641762614
vt 0.676673532 0.672047377
vt 0.676673532 0.702332258
vt 0.676673532 0.73261708
vt 0.676673532 0.00577968359
vt 0.617124557 0.0360645652
vt 0.617124557 0.066349566
vt 0.617124557 0.0966344476
vt 0.617124557 0.126919329
vt 0.617124557 0.157204211
vt 0.617124557 0.187489152
vt 0.617124557 0.217774034
vt 0.617124557 0.248058915
vt 0.617124557 0.278343797
vt 0.617124557 0.308628798
vt 0.617124557 0.338913679
vt 0.617124557 0.36919862
vt 0.617124557 0.399483562
vt 0.617124557 0.429768443
vt 0.617124557 0.460053325
vt 0.617124557 0.490338206
vt 0.617124557 0.520623028
vt 0.617124557 0.550907969
vt 0.617124557 0.581192851
vt 0.617124557 0.611477673
vt 0.617124557 0.641762614
vt 0.617124557 0.672047377
vt 0.617124557 0.702332258
vt 0.617124557 0.73261708
vt 0.617124557 0.00577968359
vt 0.563581228 0.73261708
vt 0.563581228 0.00577968359
vt 0.586123943 0.73261708
vt 0.586123943 0.00577968359
vt 0.574333787 0.73261708
vt 0.574333787 0.00577968359
vt 0.586123943 0.0360645652
vt 0.563581228 0.0360645652
vt 0.574333787 0.0360645652
vt 0.586123943 0.066349566
vt 0.563581228 0.066349566
vt 0.574333787 0.066349566
vt 0.586123943 0.0966344476
vt 0.563581228 0.0966344476
vt 0.574333787 0.0966344476
vt 0.586123943 0.126919329
vt 0.563581228 0.126919329
vt 0.574333787 0.126919329
vt 0.586123943 0.157204211
vt 0.563581228 0.157204211
vt 0.574333787 0.157204211
vt 0.586123943 0.187489152
vt 0.563581228 0.187489152
vt 0.574333787 0.187489152
vt 0.586123943 0.217774034
vt 0.563581228 0.217774034
vt 0.574333787 0.217774034
vt 0.586123943 0.248058915
vt 0.563581228 0.248058915
vt 0.574333787 0.248058915
vt 0.586123943 0.278343797
vt 0.563581228 0.278343797
vt 0.574333787 0.278343797
vt 0.586123943 0.308628798
vt 0.563581228 0.308628798
vt 0.574333787 0.308628798
vt 0.586123943 0.338913679
vt 0.563581228 0.338913679
vt 0.574333787 0.338913679
vt 0.586123943 0.36919862
vt 0.563581228 0.36919862
vt 0.574333787 0.36919862
vt 0.586123943 0.399483562
vt 0.563581228 0.399483562
vt 0.574333787 0.399483562
vt 0.586123943 0.429768443
vt 0.563581228 0.429768443
vt 0.574333787 0.429768443
vt 0.586123943 0.460053325
vt 0.563581228 0.460053325
vt 0.574333787 0.460053325
vt 0.586123943 0.490338206
vt 0.563581228 0.490338206
vt 0.574333787 0.490338206
vt 0.586123943 0.520623028
vt 0.563581228 0.520623028
vt 0.574333787 0.520623028
vt 0.586123943 0.550907969
vt 0.563581228 0.550907969
vt 0.574333787 0.550907969
vt 0.586123943 0.581192851
vt 0.563581228 0.581192851
vt 0.574333787 0.581192851
vt 0.586123943 0.611477673
vt 0.563581228 0.611477673
vt 0.574333787 0.611477673
vt 0.586123943 0.641762614
vt 0.563581228 0.641762614
vt 0.574333787 0.641762614
vt 0.586123943 0.672047377
vt 0.563581228 0.672047377
vt 0.574333787 0.672047377
vt 0.586123943 0.702332258
vt 0.563581228 0.702332258
vt 0.574333787 0.702332258
vt 0.866196752 0.982816935
vt 0.889379382 0.73261708
vt 0.889379382 0.00577968359
vt 0.863835216 0.93700701
vt 0.882304668 0.933600187
vt 0.889379382 0.0360645652
vt 0.896442175 0.977238119
vt 0.899263024 0.92552942
vt 0.889379382 0.066349566
vt 0.924213052 0.964021266
vt 0.913554549 0.913344264
vt 0.889379382 0.0966344476
vt 0.947616935 0.944067121
vt 0.924205542 0.897875547
vt 0.889379382 0.126919329
vt 0.965058923 0.918735504
vt 0.930489898 0.880177259
vt 0.889379382 0.157204211
vt 0.975350142 0.889752686
vt 0.931979418 0.861455441
vt 0.889379382 0.187489152
vt 0.977789521 0.859093904
vt 0.928572774 0.842985988
vt 0.889379382 0.217774034
vt 0.972210765 0.828848481
vt 0.920501828 0.826027632
vt 0.889379382 0.248058915
vt 0.958993793 0.801077485
vt 0.908316851 0.811735988
vt 0.889379382 0.278343797
vt 0.939039588 0.777673602
vt 0.892848134 0.801085174
vt 0.889379382 0.308628798
vt 0.913707972 0.760231733
vt 0.875149727 0.794800699
vt 0.884725213 0.749940395
vt 0.889379382 0.338913679
vt 0.856427908 0.793311059
vt 0.854066372 0.747501016
vt 0.889379382 0.36919862
vt 0.837958574 0.796717763
vt 0.823820949 0.753079891
vt 0.889379382 0.399483562
vt 0.821000099 0.804788709
vt 0.796050072 0.766296744
vt 0.889379382 0.429768443
vt 0.806708455 0.816973686
vt 0.772646189 0.786250949
vt 0.889379382 0.460053325
vt 0.796057582 0.832442462
vt 0.755204201 0.811582506
vt 0.889379382 0.490338206
vt 0.789773226 0.850140929
vt 0.744912982 0.840565264
vt 0.889379382 0.520623028
vt 0.788283706 0.868862689
vt 0.742473602 0.871224046
vt 0.889379382 0.550907969
vt 0.79169035 0.887331963
vt 0.748052359 0.901469469
vt 0.889379382 0.581192851
vt 0.799761176 0.904290438
vt 0.761269212 0.929240465
vt 0.889379382 0.611477673
vt 0.811946273 0.918581963
vt 0.781223416 0.952644348
vt 0.889379382 0.641762614
vt 0.827414989 0.929232955
vt 0.806555033 0.970086336
vt 0.889379382 0.672047377
vt 0.845113277 0.935517311
vt 0.835537791 0.980377555
vt 0.889379382 0.702332258
vt 0.826573372 0.73261708
vt 0.826573372 0.00577968359
vt 0.826573372 0.0360645652
vt 0.826573372 0.066349566
vt 0.826573372 0.0966344476
vt 0.826573372 0.126919329
vt 0.826573372 0.157204211
vt 0.826573372 0.187489152
vt 0.826573372 0.217774034
vt 0.826573372 0.248058915
vt 0.826573372 0.278343797
vt 0.826573372 0.308628798
vt 0.826573372 0.338913679
vt 0.826573372 0.36919862
vt 0.826573372 0.399483562
vt 0.826573372 0.429768443
vt 0.826573372 0.460053325
vt 0.826573372 0.490338206
vt 0.826573372 0.520623028
vt 0.826573372 0.550907969
vt 0.826573372 0.581192851
vt 0.826573372 0.611477673
vt 0.826573372 0.641762614
vt 0.826573372 0.672047377
vt 0.826573372 0.702332258
vt 0.862264037 0.906529903
vt 0.851483941 0.905672252
vt 0.841292977 0.902053595
vt 0.832385898 0.895920634
vt 0.825369596 0.887691319
vt 0.820722222 0.877926528
vt 0.818760633 0.86729157
vt 0.819618344 0.856511354
vt 0.823236942 0.84632051
vt 0.829369903 0.837413311
vt 0.837599277 0.83039701
vt 0.847364068 0.825749874
vt 0.857999086 0.823788166
vt 0.868779182 0.824645877
vt 0.878970027 0.828264475
vt 0.887877107 0.834397435
vt 0.894893527 0.842626691
vt 0.899540901 0.852391481
vt 0.90150249 0.8630265
vt 0.900644779 0.873806715
vt 0.897026181 0.883997679
vt 0.890893102 0.892904639
vt 0.882663846 0.89992106
vt 0.872899055 0.904568315
vt 0.860131502 0.865158916
vt 0.869154453 0.893009782
vt 0.876055241 0.889725447
vt 0.881870866 0.884767056
vt 0.886205077 0.878472328
vt 0.888762355 0.871270418
vt 0.889368534 0.863651872
vt 0.887982249 0.856136143
vt 0.884697914 0.849235237
vt 0.879739523 0.843419671
vt 0.873444915 0.8390854
vt 0.866242886 0.836528122
vt 0.858624339 0.835921943
vt 0.85110867 0.837308288
vt 0.844207883 0.840592563
vt 0.838392138 0.845551014
vt 0.834058046 0.851845741
vt 0.831500649 0.859047651
vt 0.830894589 0.866666079
vt 0.832280874 0.874181926
vt 0.835565209 0.881082714
vt 0.840523601 0.886898518
vt 0.846818089 0.89123261
vt 0.854020119 0.893789947
vt 0.861638665 0.894395947
vt 0.506204486 0.752300918
vt 0.506204486 0.00320237875
vt 0.506204486 0.0344148278
vt 0.506204486 0.0656273365
vt 0.506204486 0.096839726
vt 0.506204486 0.128052235
vt 0.506204486 0.159264624
vt 0.506204486 0.190477014
vt 0.506204486 0.221689463
vt 0.506204486 0.252901912
vt 0.506204486 0.284114361
vt 0.506204486 0.31532681
vt 0.506204486 0.346539259
vt 0.506204486 0.377751708
vt 0.506204486 0.408964157
vt 0.506204486 0.440176606
vt 0.506204486 0.471388996
vt 0.506204486 0.502601445
vt 0.506204486 0.533813834
vt 0.506204486 0.565026283
vt 0.506204486 0.596238673
vt 0.506204486 0.627451181
vt 0.506204486 0.65866363
vt 0.506204486 0.68987602
vt 0.703501821 0.878787994
vt 0.506204486 0.721088469
vt 0.915644884 0.583930254
vt 0.915644884 0.00969225168
vt 0.915644884 0.0336188078
vt 0.915644884 0.0575453639
vt 0.915644884 0.0814718604
vt 0.915644884 0.105398536
vt 0.915644884 0.129325092
vt 0.915644884 0.153251588
vt 0.915644884 0.177178144
vt 0.915644884 0.20110476
vt 0.915644884 0.225031376
vt 0.915644884 0.248957872
vt 0.915644884 0.272884488
vt 0.915644884 0.296811104
vt 0.915644884 0.3207376
vt 0.915644884 0.344664156
vt 0.915644884 0.368590772
vt 0.915644884 0.392517328
vt 0.915644884 0.416443825
vt 0.915644884 0.44037044
vt 0.915644884 0.464297056
vt 0.915644884 0.488223553
vt 0.915644884 0.512150109
vt 0.915644884 0.536076903
vt 0.915644884 0.560003519
vt 0.919153452 0.0336188078
vt 0.919153452 0.0575453639
vt 0.919153452 0.0814718604
vt 0.919153452 0.105398536
vt 0.919153452 0.129325092
vt 0.919153452 0.153251588
vt 0.919153452 0.177178144
vt 0.919153452 0.20110476
vt 0.919153452 0.225031376
vt 0.919153452 0.248957872
vt 0.919153452 0.272884488
vt 0.919153452 0.296811104
vt 0.919153452 0.3207376
vt 0.919153452 0.344664156
vt 0.919153452 0.368590772
vt 0.919153452 0.392517328
vt 0.919153452 0.416443825
vt 0.919153452 0.44037044
vt 0.919153452 0.464297056
vt 0.919153452 0.488223553
vt 0.919153452 0.512150109
vt 0.919153452 0.536076903
vt 0.919153452 0.560003519
vt 0.919153452 0.583930254
vt 0.919153452 0.00969225168
vt 0.308578581 0.752300918
vt 0.308578581 0.00320237875
vt 0.308578581 0.0344148278
vt 0.308578581 0.0656273365
vt 0.308578581 0.096839726
vt 0.308578581 0.128052235
vt 0.308578581 0.159264624
vt 0.308578581 0.190477014
vt 0.308578581 0.221689463
vt 0.308578581 0.252901912
vt 0.308578581 0.284114361
vt 0.308578581 0.31532681
vt 0.308578581 0.346539259
vt 0.308578581 0.377751708
vt 0.308578581 0.408964157
vt 0.308578581 0.440176606
vt 0.308578581 0.471388996
vt 0.308578581 0.502601445
vt 0.308578581 0.533813834
vt 0.308578581 0.565026283
vt 0.308578581 0.596238673
vt 0.308578581 0.627451181
vt 0.308578581 0.65866363
vt 0.308578581 0.68987602
vt 0.308578581 0.721088469
vt 0.414263248 0.752300918
vt 0.414263248 0.00320237875
vt 0.414263248 0.0344148278
vt 0.414263248 0.0656273365
vt 0.414263248 0.096839726
vt 0.414263248 0.128052235
vt 0.414263248 0.159264624
vt 0.414263248 0.190477014
vt 0.414263248 0.221689463
vt 0.414263248 0.252901912
vt 0.414263248 0.284114361
vt 0.414263248 0.31532681
vt 0.414263248 0.346539259
vt 0.414263248 0.377751708
vt 0.414263248 0.408964157
vt 0.414263248 0.440176606
vt 0.414263248 0.471388996
vt 0.414263248 0.502601445
vt 0.414263248 0.533813834
vt 0.414263248 0.565026283
vt 0.414263248 0.596238673
vt 0.414263248 0.627451181
vt 0.414263248 0.65866363
vt 0.414263248 0.68987602
vt 0.414263248 0.721088469
vt 0.943911552 0.583930254
vt 0.943911552 0.00969225168
vt 0.943911552 0.0336188078
vt 0.943911552 0.0575453639
vt 0.943911552 0.0814718604
vt 0.943911552 0.105398536
vt 0.943911552 0.129325092
vt 0.943911552 0.153251588
vt 0.943911552 0.177178144
vt 0.943911552 0.20110476
vt 0.943911552 0.225031376
vt 0.943911552 0.248957872
vt 0.943911552 0.272884488
vt 0.943911552 0.296811104
vt 0.943911552 0.3207376
vt 0.943911552 0.344664156
vt 0.943911552 0.368590772
vt 0.943911552 0.392517328
vt 0.943911552 0.416443825
vt 0.943911552 0.44037044
vt 0.943911552 0.464297056
vt 0.943911552 0.488223553
vt 0.943911552 0.512150109
vt 0.943911552 0.536076903
vt 0.943911552 0.560003519
vt 0.115033686 0.0344148278
vt 0.115033686 0.0656273365
vt 0.115033686 0.096839726
vt 0.115033686 0.128052235
vt 0.115033686 0.159264624
vt 0.115033686 0.190477014
vt 0.115033686 0.221689463
vt 0.115033686 0.252901912
vt 0.115033686 0.284114361
vt 0.115033686 0.31532681
vt 0.115033686 0.346539259
vt 0.115033686 0.377751708
vt 0.115033686 0.408964157
vt 0.115033686 0.440176606
vt 0.115033686 0.471388996
vt 0.115033686 0.502601445
vt 0.115033686 0.533813834
vt 0.115033686 0.565026283
vt 0.115033686 0.596238673
vt 0.115033686 0.627451181
vt 0.115033686 0.65866363
vt 0.115033686 0.68987602
vt 0.115033686 0.721088469
vt 0.115033686 0.752300918
vt 0.115033686 0.00320237875
vt 0.383343428 0.0344148278
vt 0.346049845 0.0344148278
vt 0.383343428 0.0656273365
vt 0.346049845 0.0656273365
vt 0.383343428 0.096839726
vt 0.346049845 0.096839726
vt 0.383343428 0.128052235
vt 0.346049845 0.128052235
vt 0.383343428 0.159264624
vt 0.346049845 0.159264624
vt 0.383343428 0.190477014
vt 0.346049845 0.190477014
vt 0.383343428 0.221689463
vt 0.346049845 0.221689463
vt 0.383343428 0.252901912
vt 0.346049845 0.252901912
vt 0.383343428 0.284114361
vt 0.346049845 0.284114361
vt 0.383343428 0.31532681
vt 0.346049845 0.31532681
vt 0.383343428 0.346539259
vt 0.346049845 0.346539259
vt 0.383343428 0.377751708
vt 0.346049845 0.377751708
vt 0.383343428 0.408964157
vt 0.346049845 0.408964157
vt 0.383343428 0.440176606
vt 0.346049845 0.440176606
vt 0.383343428 0.471388996
vt 0.346049845 0.471388996
vt 0.383343428 0.502601445
vt 0.346049845 0.502601445
vt 0.383343428 0.533813834
vt 0.346049845 0.533813834
vt 0.383343428 0.565026283
vt 0.346049845 0.565026283
vt 0.383343428 0.596238673
vt 0.346049845 0.596238673
vt 0.383343428 0.627451181
vt 0.346049845 0.627451181
vt 0.383343428 0.65866363
vt 0.346049845 0.65866363
vt 0.383343428 0.68987602
vt 0.346049845 0.68987602
vt 0.383343428 0.721088469
vt 0.346049845 0.721088469
vt 0.383343428 0.752300918
vt 0.383343428 0.00320237875
vt 0.346049845 0.752300918
vt 0.346049845 0.00320237875
vt 0.441440612 0.0344148278
vt 0.441440612 0.0656273365
vt 0.441440612 0.096839726
vt 0.441440612 0.128052235
vt 0.441440612 0.159264624
vt 0.441440612 0.190477014
vt 0.441440612 0.221689463
vt 0.441440612 0.252901912
vt 0.441440612 0.284114361
vt 0.441440612 0.31532681
vt 0.441440612 0.346539259
vt 0.441440612 0.377751708
vt 0.441440612 0.408964157
vt 0.441440612 0.440176606
vt 0.441440612 0.471388996
vt 0.441440612 0.502601445
vt 0.441440612 0.533813834
vt 0.441440612 0.565026283
vt 0.441440612 0.596238673
vt 0.441440612 0.627451181
vt 0.441440612 0.65866363
vt 0.441440612 0.68987602
vt 0.441440612 0.721088469
vt 0.441440612 0.752300918
vt 0.441440612 0.00320237875
vt 0.213229895 0.752300918
vt 0.213229895 0.00320237875
vt 0.213229895 0.0344148278
vt 0.213229895 0.0656273365
vt 0.213229895 0.096839726
vt 0.213229895 0.128052235
vt 0.213229895 0.159264624
vt 0.213229895 0.190477014
vt 0.213229895 0.221689463
vt 0.213229895 0.252901912
vt 0.213229895 0.284114361
vt 0.213229895 0.31532681
vt 0.213229895 0.346539259
vt 0.213229895 0.377751708
vt 0.213229895 0.408964157
vt 0.213229895 0.440176606
vt 0.213229895 0.471388996
vt 0.213229895 0.502601445
vt 0.213229895 0.533813834
vt 0.213229895 0.565026283
vt 0.213229895 0.596238673
vt 0.213229895 0.627451181
vt 0.213229895 0.65866363
vt 0.213229895 0.68987602
vt 0.213229895 0.721088469
vt 0.485737234 0.752300918
vt 0.485737234 0.00320237875
vt 0.465116054 0.752300918
vt 0.465116054 0.00320237875
vt 0.475945741 0.752300918
vt 0.475945741 0.00320237875
vt 0.465116054 0.0344148278
vt 0.485737234 0.0344148278
vt 0.475945741 0.0344148278
vt 0.465116054 0.0656273365
vt 0.485737234 0.0656273365
vt 0.475945741 0.0656273365
vt 0.465116054 0.096839726
vt 0.485737234 0.096839726
vt 0.475945741 0.096839726
vt 0.465116054 0.128052235
vt 0.485737234 0.128052235
vt 0.475945741 0.128052235
vt 0.465116054 0.159264624
vt 0.485737234 0.159264624
vt 0.475945741 0.159264624
vt 0.465116054 0.190477014
vt 0.485737234 0.190477014
vt 0.475945741 0.190477014
vt 0.465116054 0.221689463
vt 0.485737234 0.221689463
vt 0.475945741 0.221689463
vt 0.465116054 0.252901912
vt 0.485737234 0.252901912
vt 0.475945741 0.252901912
vt 0.465116054 0.284114361
vt 0.485737234 0.284114361
vt 0.475945741 0.284114361
vt 0.465116054 0.31532681
vt 0.485737234 0.31532681
vt 0.475945741 0.31532681
vt 0.465116054 0.346539259
vt 0.485737234 0.346539259
vt 0.475945741 0.346539259
vt 0.465116054 0.377751708
vt 0.485737234 0.377751708
vt 0.475945741 0.377751708
vt 0.465116054 0.408964157
vt 0.485737234 0.408964157
vt 0.475945741 0.408964157
vt 0.465116054 0.440176606
vt 0.485737234 0.440176606
vt 0.475945741 0.440176606
vt 0.465116054 0.471388996
vt 0.485737234 0.471388996
vt 0.475945741 0.471388996
vt 0.465116054 0.502601445
vt 0.485737234 0.502601445
vt 0.475945741 0.502601445
vt 0.465116054 0.533813834
vt 0.485737234 0.533813834
vt 0.475945741 0.533813834
vt 0.465116054 0.565026283
vt 0.485737234 0.565026283
vt 0.475945741 0.565026283
vt 0.465116054 0.596238673
vt 0.485737234 0.596238673
vt 0.475945741 0.596238673
vt 0.465116054 0.627451181
vt 0.485737234 0.627451181
vt 0.475945741 0.627451181
vt 0.465116054 0.65866363
vt 0.485737234 0.65866363
vt 0.475945741 0.65866363
vt 0.465116054 0.68987602
vt 0.485737234 0.68987602
vt 0.475945741 0.68987602
vt 0.465116054 0.721088469
vt 0.485737234 0.721088469
vt 0.475945741 0.721088469
vt 0.184754044 0.752300918
vt 0.184754044 0.00320237875
vt 0.136594802 0.752300918
vt 0.136594802 0.00320237875
vt 0.159485519 0.752300918
vt 0.159485519 0.00320237875
vt 0.136594802 0.0344148278
vt 0.184754044 0.0344148278
vt 0.159485519 0.0344148278
vt 0.136594802 0.0656273365
vt 0.184754044 0.0656273365
vt 0.159485519 0.0656273365
vt 0.136594802 0.096839726
vt 0.184754044 0.096839726
vt 0.159485519 0.096839726
vt 0.136594802 0.128052235
vt 0.184754044 0.128052235
vt 0.159485519 0.128052235
vt 0.136594802 0.159264624
vt 0.184754044 0.159264624
vt 0.159485519 0.159264624
vt 0.136594802 0.190477014
vt 0.184754044 0.190477014
vt 0.159485519 0.190477014
vt 0.136594802 0.221689463
vt 0.184754044 0.221689463
vt 0.159485519 0.221689463
vt 0.136594802 0.252901912
vt 0.184754044 0.252901912
vt 0.159485519 0.252901912
vt 0.136594802 0.284114361
vt 0.184754044 0.284114361
vt 0.159485519 0.284114361
vt 0.136594802 0.31532681
vt 0.184754044 0.31532681
vt 0.159485519 0.31532681
vt 0.136594802 0.346539259
vt 0.184754044 0.346539259
vt 0.159485519 0.346539259
vt 0.136594802 0.377751708
vt 0.184754044 0.377751708
vt 0.159485519 0.377751708
vt 0.136594802 0.408964157
vt 0.184754044 0.408964157
vt 0.159485519 0.408964157
vt 0.136594802 0.440176606
vt 0.184754044 0.440176606
vt 0.159485519 0.440176606
vt 0.136594802 0.471388996
vt 0.184754044 0.471388996
vt 0.159485519 0.471388996
vt 0.136594802 0.502601445
vt 0.184754044 0.502601445
vt 0.159485519 0.502601445
vt 0.136594802 0.533813834
vt 0.184754044 0.533813834
vt 0.159485519 0.533813834
vt 0.136594802 0.565026283
vt 0.184754044 0.565026283
vt 0.159485519 0.565026283
vt 0.136594802 0.596238673
vt 0.184754044 0.596238673
vt 0.159485519 0.596238673
vt 0.136594802 0.627451181
vt 0.184754044 0.627451181
vt 0.159485519 0.627451181
vt 0.136594802 0.65866363
vt 0.184754044 0.65866363
vt 0.159485519 0.65866363
vt 0.136594802 0.68987602
vt 0.184754044 0.68987602
vt 0.159485519 0.68987602
vt 0.136594802 0.721088469
vt 0.184754044 0.721088469
vt 0.159485519 0.721088469
vt 0.274954617 0.752300918
vt 0.274954617 0.00320237875
vt 0.243155569 0.752300918
vt 0.243155569 0.00320237875
vt 0.243155569 0.0344148278
vt 0.274954617 0.0344148278
vt 0.243155569 0.0656273365
vt 0.274954617 0.0656273365
vt 0.243155569 0.096839726
vt 0.274954617 0.096839726
vt 0.243155569 0.128052235
vt 0.274954617 0.128052235
vt 0.243155569 0.159264624
vt 0.274954617 0.159264624
vt 0.243155569 0.190477014
vt 0.274954617 0.190477014
vt 0.243155569 0.221689463
vt 0.274954617 0.221689463
vt 0.243155569 0.252901912
vt 0.274954617 0.252901912
vt 0.243155569 0.284114361
vt 0.274954617 0.284114361
vt 0.243155569 0.31532681
vt 0.274954617 0.31532681
vt 0.243155569 0.346539259
vt 0.274954617 0.346539259
vt 0.243155569 0.377751708
vt 0.274954617 0.377751708
vt 0.243155569 0.408964157
vt 0.274954617 0.408964157
vt 0.243155569 0.440176606
vt 0.274954617 0.440176606
vt 0.243155569 0.471388996
vt 0.274954617 0.471388996
vt 0.243155569 0.502601445
vt 0.274954617 0.502601445
vt 0.243155569 0.533813834
vt 0.274954617 0.533813834
vt 0.243155569 0.565026283
vt 0.274954617 0.565026283
vt 0.243155569 0.596238673
vt 0.274954617 0.596238673
vt 0.243155569 0.627451181
vt 0.274954617 0.627451181
vt 0.243155569 0.65866363
vt 0.274954617 0.65866363
vt 0.243155569 0.68987602
vt 0.274954617 0.68987602
vt 0.243155569 0.721088469
vt 0.274954617 0.721088469
vt 0.70177412 0.852621436
vt 0.705892801 0.851800263
vt 0.70985055 0.851010919
vt 0.910963535 0.583930254
vt 0.910963535 0.00969225168
vt 0.711719751 0.879322767
vt 0.910963535 0.0336188078
vt 0.707692623 0.879060626
vt 0.706197739 0.907153487
vt 0.910963535 0.0575453639
vt 0.702375531 0.905858099
vt 0.693660736 0.932606876
vt 0.910963535 0.0814718604
vt 0.69030416 0.930366278
vt 0.674962997 0.953948021
vt 0.910963535 0.105398536
vt 0.672300696 0.950915158
vt 0.651378989 0.969722748
vt 0.910963535 0.129325092
vt 0.64959228 0.966104031
vt 0.624515653 0.978855729
vt 0.910963535 0.153251588
vt 0.623726487 0.9748981
vt 0.596204162 0.98072505
vt 0.910963535 0.177178144
vt 0.596466184 0.976697862
vt 0.568373322 0.975203037
vt 0.910963535 0.20110476
vt 0.569668651 0.971380949
vt 0.542919993 0.962665915
vt 0.910963535 0.225031376
vt 0.545160532 0.95930934
vt 0.521578908 0.943968296
vt 0.910963535 0.248957872
vt 0.524611831 0.941305995
vt 0.505804181 0.920384347
vt 0.910963535 0.272884488
vt 0.509422898 0.918597698
vt 0.496671021 0.89352107
vt 0.910963535 0.296811104
vt 0.500628769 0.892731905
vt 0.49480179 0.86520946
vt 0.910963535 0.3207376
vt 0.498828918 0.865471482
vt 0.500323832 0.837378621
vt 0.910963535 0.344664156
vt 0.50414592 0.838674009
vt 0.512860894 0.811925292
vt 0.910963535 0.368590772
vt 0.51621747 0.814165831
vt 0.531558514 0.790584207
vt 0.910963535 0.392517328
vt 0.534220815 0.79361701
vt 0.555142522 0.77480942
vt 0.910963535 0.416443825
vt 0.556929111 0.778428137
vt 0.582005739 0.765676379
vt 0.910963535 0.44037044
vt 0.582794905 0.769634008
vt 0.610317349 0.763806939
vt 0.910963535 0.464297056
vt 0.610055327 0.767834067
vt 0.638148189 0.769329011
vt 0.910963535 0.488223553
vt 0.636852741 0.77315104
vt 0.663601518 0.781866014
vt 0.910963535 0.512150109
vt 0.661360979 0.78522265
vt 0.684942722 0.800563693
vt 0.910963535 0.536076903
vt 0.6819098 0.803225994
vt 0.700717449 0.824147701
vt 0.910963535 0.560003519
vt 0.697098732 0.82593441
vt 0.698398232 0.90451014
vt 0.68681109 0.928034782
vt 0.669530153 0.947758913
vt 0.647732973 0.962338209
vt 0.622905254 0.970779419
vt 0.596738815 0.97250706
vt 0.571016788 0.967403412
vt 0.547492146 0.955816269
vt 0.527768016 0.938535392
vt 0.513188601 0.916738272
vt 0.50474745 0.891910553
vt 0.50301981 0.865744054
vt 0.508123457 0.840022087
vt 0.519710541 0.816497326
vt 0.536991417 0.796773314
vt 0.558788419 0.78219384
vt 0.583616138 0.773752749
vt 0.609782696 0.772024989
vt 0.635504723 0.777128577
vt 0.659029484 0.78871572
vt 0.678753614 0.805996597
vt 0.69333303 0.827793658
vt 0.699196577 0.878507912
vt 0.697543025 0.853465319
vt 0.694312215 0.903125167
vt 0.683222651 0.92563951
vt 0.666683912 0.944516659
vt 0.645823002 0.958469808
vt 0.622061491 0.966548443
vt 0.597018957 0.968201876
vt 0.572401524 0.963317394
vt 0.5498873 0.952228069
vt 0.53101033 0.935689211
vt 0.517057061 0.9148283
vt 0.508978486 0.891066909
vt 0.507325053 0.866024137
vt 0.512209415 0.841406941
vt 0.523298919 0.818892598
vt 0.539837599 0.80001545
vt 0.560698509 0.786062181
vt 0.584459901 0.777983665
vt 0.609502673 0.776330352
vt 0.634119868 0.781214654
vt 0.656634212 0.792304158
vt 0.675511241 0.808842778
vt 0.689464569 0.829703808
vt 0.689109087 0.877851605
vt 0.687629461 0.855442166
vt 0.684738159 0.899880409
vt 0.674814701 0.920027375
vt 0.660014987 0.93691951
vt 0.641347647 0.949405432
vt 0.620084643 0.9566347
vt 0.597675204 0.958114266
vt 0.5756464 0.953743339
vt 0.555499434 0.94382
vt 0.538607359 0.929020286
vt 0.526121378 0.910352826
vt 0.518892169 0.889090061
vt 0.517412663 0.866680503
vt 0.521783471 0.844651818
vt 0.53170687 0.824504733
vt 0.546506524 0.807612658
vt 0.565173864 0.795126438
vt 0.586436868 0.787897468
vt 0.608846307 0.786417842
vt 0.630874991 0.790788651
vt 0.651022077 0.800711989
vt 0.667914152 0.815511703
vt 0.680400252 0.834179163
vt 0.629844904 0.873995721
vt 0.629386663 0.86705637
vt 0.628491282 0.880817235
vt 0.625418425 0.887055993
vt 0.620835543 0.892286897
vt 0.615054846 0.89615345
vt 0.60847044 0.898391962
vt 0.601531148 0.898850143
vt 0.594709635 0.8974967
vt 0.588470817 0.894423723
vt 0.583239913 0.889840841
vt 0.57937336 0.884060264
vt 0.577134728 0.877475739
vt 0.576676607 0.870536447
vt 0.578030109 0.863714933
vt 0.581103086 0.857476115
vt 0.585686088 0.852245212
vt 0.591466665 0.848378658
vt 0.598050952 0.846140027
vt 0.604990482 0.845681846
vt 0.611811876 0.847035408
vt 0.618050694 0.850108266
vt 0.623281598 0.854691267
vt 0.627148032 0.860471904
vt 0.646041989 0.875049591
vt 0.662873983 0.876144648
vt 0.661846519 0.860583484
vt 0.64530468 0.863882065
vt 0.643863916 0.886027277
vt 0.659838796 0.891441584
vt 0.638918757 0.896067381
vt 0.652948022 0.905431628
vt 0.631543517 0.904485226
vt 0.642670989 0.917161584
vt 0.622240901 0.910707593
vt 0.629708409 0.925832033
vt 0.611644626 0.914309978
vt 0.614943266 0.930851877
vt 0.600477338 0.915047348
vt 0.599382162 0.931879282
vt 0.589499474 0.912869215
vt 0.584085345 0.928844213
vt 0.579459548 0.907924056
vt 0.570095301 0.921953321
vt 0.571041584 0.900548756
vt 0.558365345 0.911676407
vt 0.564819336 0.8912462
vt 0.549694896 0.898713708
vt 0.561216831 0.880650043
vt 0.544674993 0.883948565
vt 0.560479522 0.869482577
vt 0.543647528 0.868387401
vt 0.562657595 0.858504891
vt 0.546682715 0.853090525
vt 0.567602873 0.848464847
vt 0.553573489 0.83910048
vt 0.574977994 0.840046823
vt 0.563850403 0.827370524
vt 0.584280729 0.833824515
vt 0.576813221 0.818700194
vt 0.594876885 0.83022207
vt 0.591578245 0.813680291
vt 0.606044292 0.829484761
vt 0.607139349 0.812652707
vt 0.617022038 0.831662774
vt 0.622436166 0.815688014
vt 0.627061963 0.836608052
vt 0.63642633 0.822578788
vt 0.635479927 0.843983233
vt 0.648156285 0.832855821
vt 0.641702175 0.853285909
vt 0.656826615 0.8458184
vt 0.923864126 0.0336188078
vt 0.923864126 0.0575453639
vt 0.923864126 0.0814718604
vt 0.923864126 0.105398536
vt 0.923864126 0.129325092
vt 0.923864126 0.153251588
vt 0.923864126 0.177178144
vt 0.923864126 0.20110476
vt 0.923864126 0.225031376
vt 0.923864126 0.248957872
vt 0.923864126 0.272884488
vt 0.923864126 0.296811104
vt 0.923864126 0.3207376
vt 0.923864126 0.344664156
vt 0.923864126 0.368590772
vt 0.923864126 0.392517328
vt 0.923864126 0.416443825
vt 0.923864126 0.44037044
vt 0.923864126 0.464297056
vt 0.923864126 0.488223553
vt 0.923864126 0.512150109
vt 0.923864126 0.536076903
vt 0.923864126 0.560003519
vt 0.923864126 0.583930254
vt 0.923864126 0.00969225168
vt 0.969679832 0.527255237
vt 0.969679832 0.0131528974
vt 0.97259295 0.034573853
vt 0.97259295 0.0559948087
vt 0.97259295 0.0774157047
vt 0.97259295 0.0988366008
vt 0.97259295 0.120257556
vt 0.97259295 0.141678512
vt 0.97259295 0.163099408
vt 0.97259295 0.184520364
vt 0.97259295 0.20594126
vt 0.97259295 0.227362216
vt 0.97259295 0.248783171
vt 0.97259295 0.270204186
vt 0.97259295 0.291625023
vt 0.97259295 0.313045979
vt 0.97259295 0.334466934
vt 0.97259295 0.35588789
vt 0.97259295 0.377308846
vt 0.97259295 0.398729682
vt 0.97259295 0.420150638
vt 0.97259295 0.441571593
vt 0.97259295 0.462992549
vt 0.97259295 0.484413505
vt 0.97259295 0.505834341
vt 0.97259295 0.527255237
vt 0.97259295 0.0131528974
vt 0.969679832 0.034573853
vt 0.969679832 0.0559948087
vt 0.969679832 0.0774157047
vt 0.969679832 0.0988366008
vt 0.969679832 0.120257556
vt 0.969679832 0.141678512
vt 0.969679832 0.163099408
vt 0.969679832 0.184520364
vt 0.969679832 0.20594126
vt 0.969679832 0.227362216
vt 0.969679832 0.248783171
vt 0.969679832 0.270204186
vt 0.969679832 0.291625023
vt 0.969679832 0.313045979
vt 0.969679832 0.334466934
vt 0.969679832 0.35588789
vt 0.969679832 0.377308846
vt 0.969679832 0.398729682
vt 0.969679832 0.420150638
vt 0.969679832 0.441571593
vt 0.969679832 0.462992549
vt 0.969679832 0.484413505
vt 0.969679832 0.505834341
vt 0.540228307 0.73261708
vt 0.540228307 0.00577968359
vt 0.540228307 0.0360645652
vt 0.540228307 0.066349566
vt 0.540228307 0.0966344476
vt 0.540228307 0.126919329
vt 0.540228307 0.157204211
vt 0.540228307 0.187489152
vt 0.540228307 0.217774034
vt 0.540228307 0.248058915
vt 0.540228307 0.278343797
vt 0.540228307 0.308628798
vt 0.540228307 0.338913679
vt 0.540228307 0.36919862
vt 0.540228307 0.399483562
vt 0.540228307 0.429768443
vt 0.540228307 0.460053325
vt 0.540228307 0.490338206
vt 0.540228307 0.520623028
vt 0.540228307 0.550907969
vt 0.540228307 0.581192851
vt 0.540228307 0.611477673
vt 0.540228307 0.641762614
vt 0.540228307 0.672047377
vt 0.540228307 0.702332258
vt 0.501219034 0.721088469
vt 0.501219034 0.752300918
vt 0.501219034 0.00320237875
vt 0.501219034 0.0344148278
vt 0.501219034 0.0656273365
vt 0.501219034 0.096839726
vt 0.501219034 0.128052235
vt 0.501219034 0.159264624
vt 0.501219034 0.190477014
vt 0.501219034 0.221689463
vt 0.501219034 0.252901912
vt 0.501219034 0.284114361
vt 0.501219034 0.31532681
vt 0.501219034 0.346539259
vt 0.501219034 0.377751708
vt 0.501219034 0.408964157
vt 0.501219034 0.440176606
vt 0.501219034 0.471388996
vt 0.501219034 0.502601445
vt 0.501219034 0.533813834
vt 0.501219034 0.565026283
vt 0.501219034 0.596238673
vt 0.501219034 0.627451181
vt 0.501219034 0.65866363
vt 0.501219034 0.68987602
vt 0.50886178 0.0344148278
vt 0.537434697 0.0360645652
vt 0.546141028 0.73261708
vt 0.546141028 0.00577968359
vt 0.50886178 0.0656273365
vt 0.537434697 0.066349566
vt 0.546141028 0.0360645652
vt 0.50886178 0.096839726
vt 0.537434697 0.0966344476
vt 0.546141028 0.066349566
vt 0.50886178 0.128052235
vt 0.537434697 0.126919329
vt 0.546141028 0.0966344476
vt 0.50886178 0.159264624
vt 0.537434697 0.157204211
vt 0.546141028 0.126919329
vt 0.50886178 0.190477014
vt 0.537434697 0.187489152
vt 0.546141028 0.157204211
vt 0.50886178 0.221689463
vt 0.537434697 0.217774034
vt 0.546141028 0.187489152
vt 0.50886178 0.252901912
vt 0.537434697 0.248058915
vt 0.546141028 0.217774034
vt 0.50886178 0.284114361
vt 0.537434697 0.278343797
vt 0.546141028 0.248058915
vt 0.50886178 0.31532681
vt 0.537434697 0.308628798
vt 0.546141028 0.278343797
vt 0.50886178 0.346539259
vt 0.537434697 0.338913679
vt 0.546141028 0.308628798
vt 0.50886178 0.377751708
vt 0.537434697 0.36919862
vt 0.546141028 0.338913679
vt 0.50886178 0.408964157
vt 0.537434697 0.399483562
vt 0.546141028 0.36919862
vt 0.50886178 0.440176606
vt 0.537434697 0.429768443
vt 0.546141028 0.399483562
vt 0.50886178 0.471388996
vt 0.537434697 0.460053325
vt 0.546141028 0.429768443
vt 0.50886178 0.502601445
vt 0.537434697 0.490338206
vt 0.546141028 0.460053325
vt 0.50886178 0.533813834
vt 0.537434697 0.520623028
vt 0.546141028 0.490338206
vt 0.50886178 0.565026283
vt 0.537434697 0.550907969
vt 0.546141028 0.520623028
vt 0.50886178 0.596238673
vt 0.537434697 0.581192851
vt 0.546141028 0.550907969
vt 0.50886178 0.627451181
vt 0.537434697 0.611477673
vt 0.546141028 0.581192851
vt 0.50886178 0.65866363
vt 0.537434697 0.641762614
vt 0.546141028 0.611477673
vt 0.50886178 0.752300918
vt 0.50886178 0.00320237875
vt 0.537434697 0.73261708
vt 0.537434697 0.00577968359
vt 0.546141028 0.641762614
vt 0.546141028 0.672047377
vt 0.50886178 0.721088469
vt 0.537434697 0.702332258
vt 0.50886178 0.68987602
vt 0.537434697 0.672047377
vt 0.546141028 0.702332258
vt 0.0989830494 0.0344148278
vt 0.0989830494 0.0656273365
vt 0.0989830494 0.096839726
vt 0.0989830494 0.128052235
vt 0.0989830494 0.159264624
vt 0.0989830494 0.190477014
vt 0.0989830494 0.221689463
vt 0.0989830494 0.252901912
vt 0.0989830494 0.284114361
vt 0.0989830494 0.31532681
vt 0.0989830494 0.346539259
vt 0.0989830494 0.377751708
vt 0.0989830494 0.408964157
vt 0.0989830494 0.440176606
vt 0.0989830494 0.471388996
vt 0.0989830494 0.502601445
vt 0.0989830494 0.533813834
vt 0.0989830494 0.565026283
vt 0.0989830494 0.596238673
vt 0.0989830494 0.627451181
vt 0.0989830494 0.65866363
vt 0.0989830494 0.68987602
vt 0.0989830494 0.721088469
vt 0.0989830494 0.752300918
vt 0.0989830494 0.00320237875
vt 0.603260756 0.872265935
vt 0.754679561 0.71747458
vt 0.754679561 0.687189758
vt 0.754679561 0.656904936
vt 0.754679561 0.626620114
vt 0.754679561 0.596335292
vt 0.754679561 0.56605041
vt 0.754679561 0.535765469
vt 0.754679561 0.505480587
vt 0.754679561 0.475195765
vt 0.754679561 0.444910884
vt 0.754679561 0.414626002
vt 0.754679561 0.384341002
vt 0.754679561 0.35405612
vt 0.754679561 0.323771238
vt 0.754679561 0.293486238
vt 0.754679561 0.263201356
vt 0.754679561 0.232916534
vt 0.754679561 0.202631593
vt 0.754679561 0.172346711
vt 0.754679561 0.14206177
vt 0.754679561 0.111776888
vt 0.754679561 0.0814920068
vt 0.754679561 0.0512071252
vt 0.754679561 0.0209221244
vt 0.86955893 0.91626966
vt 0.882466078 0.912088156
vt 0.89385128 0.904708385
vt 0.902938485 0.894633472
vt 0.9091084 0.882549882
vt 0.911940575 0.869281173
vt 0.911242247 0.855731547
vt 0.907060742 0.842824399
vt 0.899680853 0.831439257
vt 0.889605999 0.822352052
vt 0.877522469 0.816182137
vt 0.864253759 0.813349903
vt 0.850704193 0.814048469
vt 0.837797046 0.818230033
vt 0.826411724 0.825609684
vt 0.817324638 0.835684538
vt 0.811154723 0.847768188
vt 0.80832243 0.861036897
vt 0.809020877 0.874586523
vt 0.813202381 0.887493551
vt 0.820582271 0.898878753
vt 0.830657005 0.907965958
vt 0.842740655 0.914135933
vt 0.856009364 0.916968107
vt 0.676673532 0.0209221244
vt 0.676673532 0.0512071252
vt 0.676673532 0.0814920068
vt 0.676673532 0.111776888
vt 0.676673532 0.14206177
vt 0.676673532 0.172346711
vt 0.676673532 0.202631593
vt 0.676673532 0.232916534
vt 0.676673532 0.263201356
vt 0.676673532 0.293486238
vt 0.676673532 0.323771238
vt 0.676673532 0.35405612
vt 0.676673532 0.384341002
vt 0.676673532 0.414626002
vt 0.676673532 0.444910884
vt 0.676673532 0.475195765
vt 0.676673532 0.505480587
vt 0.676673532 0.535765469
vt 0.676673532 0.56605041
vt 0.676673532 0.596335292
vt 0.676673532 0.626620114
vt 0.676673532 0.656904936
vt 0.676673532 0.687189758
vt 0.676673532 0.71747458
vt 0.643502355 0.0360645652
vt 0.643502355 0.066349566
vt 0.715039492 0.0360645652
vt 0.715039492 0.066349566
vt 0.715039492 0.73261708
vt 0.715039492 0.00577968359
vt 0.643502355 0.0966344476
vt 0.715039492 0.0966344476
vt 0.643502355 0.126919329
vt 0.715039492 0.126919329
vt 0.643502355 0.157204211
vt 0.715039492 0.157204211
vt 0.643502355 0.187489152
vt 0.715039492 0.187489152
vt 0.643502355 0.217774034
vt 0.715039492 0.217774034
vt 0.643502355 0.248058915
vt 0.715039492 0.248058915
vt 0.643502355 0.278343797
vt 0.715039492 0.278343797
vt 0.643502355 0.308628798
vt 0.715039492 0.308628798
vt 0.643502355 0.338913679
vt 0.715039492 0.338913679
vt 0.643502355 0.36919862
vt 0.715039492 0.36919862
vt 0.643502355 0.399483562
vt 0.715039492 0.399483562
vt 0.643502355 0.429768443
vt 0.715039492 0.429768443
vt 0.643502355 0.460053325
vt 0.715039492 0.460053325
vt 0.643502355 0.490338206
vt 0.715039492 0.490338206
vt 0.643502355 0.520623028
vt 0.715039492 0.520623028
vt 0.643502355 0.550907969
vt 0.715039492 0.550907969
vt 0.643502355 0.581192851
vt 0.715039492 0.581192851
vt 0.643502355 0.611477673
vt 0.715039492 0.611477673
vt 0.643502355 0.641762614
vt 0.715039492 0.641762614
vt 0.643502355 0.672047377
vt 0.715039492 0.672047377
vt 0.643502355 0.702332258
vt 0.715039492 0.702332258
vt 0.643502355 0.73261708
vt 0.643502355 0.00577968359
vt 0.617124557 0.71747458
vt 0.617124557 0.687189758
vt 0.617124557 0.656904936
vt 0.617124557 0.626620114
vt 0.617124557 0.596335292
vt 0.617124557 0.56605041
vt 0.617124557 0.535765469
vt 0.617124557 0.505480587
vt 0.617124557 0.475195765
vt 0.617124557 0.444910884
vt 0.617124557 0.414626002
vt 0.617124557 0.384341002
vt 0.617124557 0.35405612
vt 0.617124557 0.323771238
vt 0.617124557 0.293486238
vt 0.617124557 0.263201356
vt 0.617124557 0.232916534
vt 0.617124557 0.202631593
vt 0.617124557 0.172346711
vt 0.617124557 0.14206177
vt 0.617124557 0.111776888
vt 0.617124557 0.0814920068
vt 0.617124557 0.0512071252
vt 0.617124557 0.0209221244
vt 0.569890261 0.702332258
vt 0.563581228 0.71747458
vt 0.569890261 0.73261708
vt 0.569890261 0.00577968359
vt 0.574333787 0.71747458
vt 0.578926444 0.702332258
vt 0.578926444 0.73261708
vt 0.578926444 0.00577968359
vt 0.586123943 0.71747458
vt 0.569890261 0.672047377
vt 0.563581228 0.687189758
vt 0.574333787 0.687189758
vt 0.578926444 0.672047377
vt 0.586123943 0.687189758
vt 0.569890261 0.641762614
vt 0.563581228 0.656904936
vt 0.574333787 0.656904936
vt 0.578926444 0.641762614
vt 0.586123943 0.656904936
vt 0.569890261 0.611477673
vt 0.563581228 0.626620114
vt 0.574333787 0.626620114
vt 0.578926444 0.611477673
vt 0.586123943 0.626620114
vt 0.569890261 0.581192851
vt 0.563581228 0.596335292
vt 0.574333787 0.596335292
vt 0.578926444 0.581192851
vt 0.586123943 0.596335292
vt 0.569890261 0.550907969
vt 0.563581228 0.56605041
vt 0.574333787 0.56605041
vt 0.578926444 0.550907969
vt 0.586123943 0.56605041
vt 0.569890261 0.520623028
vt 0.563581228 0.535765469
vt 0.574333787 0.535765469
vt 0.578926444 0.520623028
vt 0.586123943 0.535765469
vt 0.569890261 0.490338206
vt 0.563581228 0.505480587
vt 0.574333787 0.505480587
vt 0.578926444 0.490338206
vt 0.586123943 0.505480587
vt 0.569890261 0.460053325
vt 0.563581228 0.475195765
vt 0.574333787 0.475195765
vt 0.578926444 0.460053325
vt 0.586123943 0.475195765
vt 0.569890261 0.429768443
vt 0.563581228 0.444910884
vt 0.574333787 0.444910884
vt 0.578926444 0.429768443
vt 0.586123943 0.444910884
vt 0.569890261 0.399483562
vt 0.563581228 0.414626002
vt 0.574333787 0.414626002
vt 0.578926444 0.399483562
vt 0.586123943 0.414626002
vt 0.569890261 0.36919862
vt 0.563581228 0.384341002
vt 0.574333787 0.384341002
vt 0.578926444 0.36919862
vt 0.586123943 0.384341002
vt 0.569890261 0.338913679
vt 0.563581228 0.35405612
vt 0.574333787 0.35405612
vt 0.578926444 0.338913679
vt 0.586123943 0.35405612
vt 0.569890261 0.308628798
vt 0.563581228 0.323771238
vt 0.574333787 0.323771238
vt 0.578926444 0.308628798
vt 0.586123943 0.323771238
vt 0.569890261 0.278343797
vt 0.563581228 0.293486238
vt 0.574333787 0.293486238
vt 0.578926444 0.278343797
vt 0.586123943 0.293486238
vt 0.569890261 0.248058915
vt 0.563581228 0.263201356
vt 0.574333787 0.263201356
vt 0.578926444 0.248058915
vt 0.586123943 0.263201356
vt 0.569890261 0.217774034
vt 0.563581228 0.232916534
vt 0.574333787 0.232916534
vt 0.578926444 0.217774034
vt 0.586123943 0.232916534
vt 0.569890261 0.187489152
vt 0.563581228 0.202631593
vt 0.574333787 0.202631593
vt 0.578926444 0.187489152
vt 0.586123943 0.202631593
vt 0.569890261 0.157204211
vt 0.563581228 0.172346711
vt 0.574333787 0.172346711
vt 0.578926444 0.157204211
vt 0.586123943 0.172346711
vt 0.569890261 0.126919329
vt 0.563581228 0.14206177
vt 0.574333787 0.14206177
vt 0.578926444 0.126919329
vt 0.586123943 0.14206177
vt 0.569890261 0.0966344476
vt 0.563581228 0.111776888
vt 0.574333787 0.111776888
vt 0.578926444 0.0966344476
vt 0.586123943 0.111776888
vt 0.569890261 0.066349566
vt 0.563581228 0.0814920068
vt 0.574333787 0.0814920068
vt 0.578926444 0.066349566
vt 0.586123943 0.0814920068
vt 0.569890261 0.0360645652
vt 0.563581228 0.0512071252
vt 0.574333787 0.0512071252
vt 0.578926444 0.0360645652
vt 0.586123943 0.0512071252
vt 0.563581228 0.0209221244
vt 0.574333787 0.0209221244
vt 0.586123943 0.0209221244
vt 0.856846571 0.90644598
vt 0.846272588 0.904188991
vt 0.598320007 0.73261708
vt 0.598320007 0.00577968359
vt 0.598320007 0.0360645652
vt 0.8366431 0.899272203
vt 0.598320007 0.702332258
vt 0.828614354 0.892030597
vt 0.598320007 0.066349566
vt 0.822733402 0.882957637
vt 0.598320007 0.0966344476
vt 0.819401145 0.872671843
vt 0.598320007 0.126919329
vt 0.818844438 0.861873984
vt 0.598320007 0.157204211
vt 0.821101546 0.85130012
vt 0.598320007 0.187489152
vt 0.826018333 0.841670632
vt 0.598320007 0.217774034
vt 0.833260059 0.833641768
vt 0.598320007 0.248058915
vt 0.842332959 0.827760816
vt 0.598320007 0.278343797
vt 0.852618575 0.824428558
vt 0.598320007 0.308628798
vt 0.863416553 0.82387197
vt 0.598320007 0.338913679
vt 0.873990536 0.82612896
vt 0.598320007 0.36919862
vt 0.883619905 0.831045866
vt 0.598320007 0.399483562
vt 0.891648769 0.838287473
vt 0.598320007 0.429768443
vt 0.897529721 0.847360373
vt 0.598320007 0.460053325
vt 0.900861979 0.857646108
vt 0.598320007 0.490338206
vt 0.901418567 0.868443966
vt 0.598320007 0.520623028
vt 0.899161577 0.879017949
vt 0.598320007 0.550907969
vt 0.894244552 0.888647556
vt 0.598320007 0.581192851
vt 0.887003064 0.896676183
vt 0.598320007 0.611477673
vt 0.877930164 0.902557135
vt 0.598320007 0.641762614
vt 0.867644548 0.905889392
vt 0.598320007 0.672047377
vt 0.85442853 0.93683672
vt 0.850770116 0.982816935
vt 0.889379382 0.71747458
vt 0.836071253 0.93291831
vt 0.820636988 0.976384938
vt 0.889379382 0.687189758
vt 0.8193537 0.92438221
vt 0.793195367 0.962373078
vt 0.889379382 0.656904936
vt 0.805415034 0.91181016
vt 0.770315289 0.941736221
vt 0.889379382 0.626620114
vt 0.795205355 0.896058917
vt 0.753556132 0.915880799
vt 0.889379382 0.596335292
vt 0.789420247 0.878201902
vt 0.74405992 0.886568725
vt 0.889379382 0.56605041
vt 0.788453817 0.859456062
vt 0.742473602 0.855797648
vt 0.889379382 0.535765469
vt 0.792372227 0.841098845
vt 0.748905659 0.82566452
vt 0.889379382 0.505480587
vt 0.800908327 0.824381292
vt 0.762917519 0.798222899
vt 0.889379382 0.475195765
vt 0.813480377 0.810442567
vt 0.783554316 0.775342882
vt 0.889379382 0.444910884
vt 0.829231739 0.800232708
vt 0.809409857 0.758583605
vt 0.889379382 0.414626002
vt 0.847088575 0.794447601
vt 0.838721752 0.749087214
vt 0.889379382 0.384341002
vt 0.865834594 0.79348129
vt 0.869493008 0.747501016
vt 0.889379382 0.35405612
vt 0.884191751 0.79739964
vt 0.889379382 0.323771238
vt 0.899626017 0.753932953
vt 0.900909305 0.80593574
vt 0.889379382 0.293486238
vt 0.927067757 0.767944932
vt 0.914847851 0.818507791
vt 0.889379382 0.263201356
vt 0.949947834 0.788581729
vt 0.925057888 0.834259093
vt 0.889379382 0.232916534
vt 0.966706991 0.814437211
vt 0.930842996 0.852116108
vt 0.889379382 0.202631593
vt 0.976203203 0.843749285
vt 0.931809306 0.870861948
vt 0.889379382 0.172346711
vt 0.977789521 0.874520361
vt 0.927890897 0.889219284
vt 0.889379382 0.14206177
vt 0.971357584 0.904653549
vt 0.919354796 0.905936718
vt 0.889379382 0.111776888
vt 0.957345605 0.93209517
vt 0.906782746 0.919875383
vt 0.889379382 0.0814920068
vt 0.936708808 0.954975247
vt 0.891031384 0.930085242
vt 0.889379382 0.0512071252
vt 0.910853267 0.971734405
vt 0.873174429 0.935870409
vt 0.881541252 0.981230617
vt 0.889379382 0.0209221244
vt 0.847633719 0.923709571
vt 0.863213658 0.924949288
vt 0.878583431 0.922114253
vt 0.892695904 0.915397763
vt 0.904588938 0.905257761
vt 0.913452387 0.892385006
vt 0.918682098 0.877656758
vt 0.919921756 0.862076938
vt 0.91708672 0.846707225
vt 0.91037035 0.832594633
vt 0.900230289 0.82070154
vt 0.887357473 0.81183815
vt 0.872629404 0.806608438
vt 0.857049465 0.805368781
vt 0.841679692 0.808203816
vt 0.82756722 0.814920306
vt 0.815674186 0.825060248
vt 0.806810737 0.837933064
vt 0.801581025 0.852661133
vt 0.800341368 0.868241072
vt 0.803176284 0.883611023
vt 0.809892774 0.897723198
vt 0.820032835 0.90961647
vt 0.83290565 0.91847986
vt 0.826573372 0.71747458
vt 0.826573372 0.687189758
vt 0.826573372 0.656904936
vt 0.826573372 0.626620114
vt 0.826573372 0.596335292
vt 0.826573372 0.56605041
vt 0.826573372 0.535765469
vt 0.826573372 0.505480587
vt 0.826573372 0.475195765
vt 0.826573372 0.444910884
vt 0.826573372 0.414626002
vt 0.826573372 0.384341002
vt 0.826573372 0.35405612
vt 0.826573372 0.323771238
vt 0.826573372 0.293486238
vt 0.826573372 0.263201356
vt 0.826573372 0.232916534
vt 0.826573372 0.202631593
vt 0.826573372 0.172346711
vt 0.826573372 0.14206177
vt 0.826573372 0.111776888
vt 0.826573372 0.0814920068
vt 0.826573372 0.0512071252
vt 0.826573372 0.0209221244
vt 0.859226942 0.73261708
vt 0.859226942 0.00577968359
vt 0.859226942 0.702332258
vt 0.859226942 0.0360645652
vt 0.791897535 0.73261708
vt 0.791897535 0.00577968359
vt 0.791897535 0.0360645652
vt 0.791897535 0.702332258
vt 0.859226942 0.066349566
vt 0.791897535 0.066349566
vt 0.859226942 0.0966344476
vt 0.791897535 0.0966344476
vt 0.859226942 0.126919329
vt 0.791897535 0.126919329
vt 0.859226942 0.157204211
vt 0.791897535 0.157204211
vt 0.859226942 0.187489152
vt 0.791897535 0.187489152
vt 0.859226942 0.217774034
vt 0.791897535 0.217774034
vt 0.859226942 0.248058915
vt 0.791897535 0.248058915
vt 0.859226942 0.278343797
vt 0.791897535 0.278343797
vt 0.859226942 0.308628798
vt 0.791897535 0.308628798
vt 0.859226942 0.338913679
vt 0.791897535 0.338913679
vt 0.859226942 0.36919862
vt 0.791897535 0.36919862
vt 0.859226942 0.399483562
vt 0.791897535 0.399483562
vt 0.859226942 0.429768443
vt 0.791897535 0.429768443
vt 0.859226942 0.460053325
vt 0.791897535 0.460053325
vt 0.859226942 0.490338206
vt 0.791897535 0.490338206
vt 0.859226942 0.520623028
vt 0.791897535 0.520623028
vt 0.859226942 0.550907969
vt 0.791897535 0.550907969
vt 0.859226942 0.581192851
vt 0.791897535 0.581192851
vt 0.859226942 0.611477673
vt 0.791897535 0.611477673
vt 0.859226942 0.641762614
vt 0.791897535 0.641762614
vt 0.859226942 0.672047377
vt 0.791897535 0.672047377
vt 0.554509282 0.702332258
vt 0.554509282 0.672047377
vt 0.554509282 0.641762614
vt 0.554509282 0.611477673
vt 0.554509282 0.581192851
vt 0.554509282 0.550907969
vt 0.554509282 0.520623028
vt 0.554509282 0.490338206
vt 0.554509282 0.460053325
vt 0.554509282 0.429768443
vt 0.554509282 0.399483562
vt 0.554509282 0.36919862
vt 0.554509282 0.338913679
vt 0.554509282 0.308628798
vt 0.554509282 0.278343797
vt 0.554509282 0.248058915
vt 0.554509282 0.217774034
vt 0.554509282 0.187489152
vt 0.554509282 0.157204211
vt 0.554509282 0.126919329
vt 0.554509282 0.0966344476
vt 0.554509282 0.066349566
vt 0.554509282 0.0360645652
vt 0.541856647 0.73261708
vt 0.541856647 0.00577968359
vt 0.90547502 0.874837756
vt 0.857744694 0.818855524
vt 0.816023588 0.879448771
vt 0.901425004 0.886243701
vt 0.869810224 0.819815516
vt 0.813827991 0.867545843
vt 0.894560814 0.896212816
vt 0.881216168 0.823865652
vt 0.814788103 0.855480313
vt 0.885350466 0.904065669
vt 0.891185284 0.830729783
vt 0.81883812 0.844074368
vt 0.874421239 0.909267008
vt 0.86251843 0.911462545
vt 0.850452781 0.910502553
vt 0.899038076 0.83994019
vt 0.82570219 0.834105253
vt 0.839046836 0.906452477
vt 0.904239535 0.850869298
vt 0.906435132 0.862772167
vt 0.834912658 0.826252341
vt 0.845841885 0.821051121
vt 0.82907784 0.899588406
vt 0.821224928 0.89037782
vt 0.853148937 0.869685173
vt 0.854558229 0.871338129
vt 0.868269444 0.866896033
vt 0.86844182 0.864730597
vt 0.859703064 0.856848836
vt 0.857566953 0.857242882
vt 0.852215528 0.867723703
vt 0.867542624 0.868943155
vt 0.86186862 0.857021093
vt 0.851821303 0.865587413
vt 0.866310596 0.870732248
vt 0.863915563 0.857747972
vt 0.85199368 0.863421917
vt 0.864657521 0.872141659
vt 0.865704894 0.858979881
vt 0.852720618 0.861374915
vt 0.858394504 0.873296976
vt 0.86055994 0.873469174
vt 0.867114186 0.860632956
vt 0.853952527 0.859585643
vt 0.856347561 0.872570038
vt 0.868047714 0.862594366
vt 0.855605602 0.858176291
vt 0.862696171 0.873075128
vt 0.86197865 0.900991678
vt 0.852641463 0.900248885
vt 0.858284473 0.829326332
vt 0.871189952 0.899292707
vt 0.828176022 0.848842323
vt 0.895221353 0.872649074
vt 0.83002305 0.884675026
vt 0.884163141 0.838515401
vt 0.849073172 0.831025362
vt 0.879647493 0.895267487
vt 0.825041771 0.857668877
vt 0.895964146 0.863311887
vt 0.84381485 0.897114575
vt 0.836099982 0.891802669
vt 0.867621541 0.830069184
vt 0.876448274 0.833203435
vt 0.833487868 0.841127515
vt 0.840615511 0.835050583
vt 0.892087102 0.881475687
vt 0.886775136 0.889190495
vt 0.825997949 0.876217365
vt 0.824298859 0.867006063
vt 0.890240073 0.845642924
vt 0.894265175 0.854100704
vt 0.865441799 0.893948317
vt 0.872712016 0.891592979
vt 0.879125118 0.887436211
vt 0.884243608 0.881761193
vt 0.887719035 0.874954879
vt 0.889314294 0.867480993
vt 0.888920903 0.859848738
vt 0.886565566 0.852578402
vt 0.882408619 0.846165538
vt 0.87673378 0.841046929
vt 0.869927406 0.837571561
vt 0.862453461 0.835976243
vt 0.854821324 0.836369693
vt 0.847550988 0.83872503
vt 0.841138005 0.842881799
vt 0.836019516 0.848556757
vt 0.832544088 0.855363131
vt 0.83094871 0.862837076
vt 0.83134222 0.870469332
vt 0.833697557 0.877739608
vt 0.837854385 0.884152472
vt 0.843529344 0.889271021
vt 0.850335717 0.892746449
vt 0.857809663 0.894341886
vt 0.506204486 0.0188085437
vt 0.506204486 0.0500210524
vt 0.506204486 0.0812335014
vt 0.506204486 0.112445951
vt 0.506204486 0.14365834
vt 0.506204486 0.174870849
vt 0.506204486 0.206083238
vt 0.506204486 0.237295747
vt 0.506204486 0.268508196
vt 0.506204486 0.299720645
vt 0.506204486 0.330932975
vt 0.506204486 0.362145543
vt 0.506204486 0.393357933
vt 0.506204486 0.424570322
vt 0.506204486 0.455782771
vt 0.506204486 0.48699522
vt 0.506204486 0.518207669
vt 0.506204486 0.549419999
vt 0.506204486 0.580632508
vt 0.506204486 0.611844957
vt 0.506204486 0.643057346
vt 0.506204486 0.674269795
vt 0.506204486 0.705482304
vt 0.506204486 0.736694694
vt 0.917454958 0.0336188078
vt 0.917454958 0.0575453639
vt 0.917454958 0.0814718604
vt 0.917454958 0.105398536
vt 0.917454958 0.129325092
vt 0.917454958 0.153251588
vt 0.917454958 0.177178144
vt 0.917454958 0.20110476
vt 0.917454958 0.225031376
vt 0.917454958 0.248957872
vt 0.917454958 0.272884488
vt 0.917454958 0.296811104
vt 0.917454958 0.3207376
vt 0.917454958 0.344664156
vt 0.917454958 0.368590772
vt 0.917454958 0.392517328
vt 0.917454958 0.416443825
vt 0.917454958 0.44037044
vt 0.917454958 0.464297056
vt 0.917454958 0.488223553
vt 0.917454958 0.512150109
vt 0.917454958 0.536076903
vt 0.917454958 0.560003519
vt 0.915644884 0.571966946
vt 0.915644884 0.548040211
vt 0.915644884 0.524113536
vt 0.915644884 0.500186861
vt 0.915644884 0.476260304
vt 0.915644884 0.452333748
vt 0.915644884 0.428407133
vt 0.915644884 0.404480577
vt 0.915644884 0.38055408
vt 0.915644884 0.356627464
vt 0.915644884 0.332700849
vt 0.915644884 0.308774352
vt 0.915644884 0.284847796
vt 0.915644884 0.260921121
vt 0.915644884 0.236994565
vt 0.915644884 0.213068068
vt 0.915644884 0.189141512
vt 0.915644884 0.165214896
vt 0.915644884 0.14128834
vt 0.915644884 0.117361784
vt 0.915644884 0.0934352279
vt 0.915644884 0.0695086122
vt 0.915644884 0.045582056
vt 0.915644884 0.0216554999
vt 0.0957320333 0.0344148278
vt 0.0957320333 0.0656273365
vt 0.0957320333 0.096839726
vt 0.0957320333 0.128052235
vt 0.0957320333 0.159264624
vt 0.0957320333 0.190477014
vt 0.0957320333 0.221689463
vt 0.0957320333 0.252901912
vt 0.0957320333 0.284114361
vt 0.0957320333 0.31532681
vt 0.0957320333 0.346539259
vt 0.0957320333 0.377751708
vt 0.0957320333 0.408964157
vt 0.0957320333 0.440176606
vt 0.0957320333 0.471388996
vt 0.0957320333 0.502601445
vt 0.0957320333 0.533813834
vt 0.0957320333 0.565026283
vt 0.0957320333 0.596238673
vt 0.0957320333 0.627451181
vt 0.0957320333 0.65866363
vt 0.0957320333 0.68987602
vt 0.0957320333 0.721088469
vt 0.0941718221 0.752300918
vt 0.0941718221 0.00320237875
vt 0.975406766 0.527255237
vt 0.975406766 0.0131528974
vt 0.921373606 0.0336188078
vt 0.921373606 0.0575453639
vt 0.921373606 0.0814718604
vt 0.921373606 0.105398536
vt 0.921373606 0.129325092
vt 0.921373606 0.153251588
vt 0.921373606 0.177178144
vt 0.921373606 0.20110476
vt 0.921373606 0.225031376
vt 0.921373606 0.248957872
vt 0.921373606 0.272884488
vt 0.921373606 0.296811104
vt 0.921373606 0.3207376
vt 0.921373606 0.344664156
vt 0.921373606 0.368590772
vt 0.921373606 0.392517328
vt 0.921373606 0.416443825
vt 0.921373606 0.44037044
vt 0.921373606 0.464297056
vt 0.921373606 0.488223553
vt 0.921373606 0.512150109
vt 0.921373606 0.536076903
vt 0.921373606 0.560003519
vt 0.917454958 0.583930254
vt 0.917454958 0.00969225168
vt 0.919153452 0.0216554999
vt 0.919153452 0.045582056
vt 0.919153452 0.0695086122
vt 0.919153452 0.0934352279
vt 0.919153452 0.117361784
vt 0.919153452 0.14128834
vt 0.919153452 0.165214896
vt 0.919153452 0.189141512
vt 0.919153452 0.213068068
vt 0.919153452 0.236994565
vt 0.919153452 0.260921121
vt 0.919153452 0.284847796
vt 0.919153452 0.308774352
vt 0.919153452 0.332700849
vt 0.919153452 0.356627464
vt 0.919153452 0.38055408
vt 0.919153452 0.404480577
vt 0.919153452 0.428407133
vt 0.919153452 0.452333748
vt 0.919153452 0.476260304
vt 0.919153452 0.500186861
vt 0.919153452 0.524113536
vt 0.919153452 0.548040211
vt 0.919153452 0.571966946
vt 0.308578581 0.736694694
vt 0.308578581 0.705482304
vt 0.308578581 0.674269795
vt 0.308578581 0.643057346
vt 0.308578581 0.611844957
vt 0.308578581 0.580632508
vt 0.308578581 0.549419999
vt 0.308578581 0.518207669
vt 0.308578581 0.48699522
vt 0.308578581 0.455782771
vt 0.308578581 0.424570322
vt 0.308578581 0.393357933
vt 0.308578581 0.362145543
vt 0.308578581 0.330932975
vt 0.308578581 0.299720645
vt 0.308578581 0.268508196
vt 0.308578581 0.237295747
vt 0.308578581 0.206083238
vt 0.308578581 0.174870849
vt 0.308578581 0.14365834
vt 0.308578581 0.112445951
vt 0.308578581 0.0812335014
vt 0.308578581 0.0500210524
vt 0.308578581 0.0188085437
vt 0.428039044 0.0344148278
vt 0.428039044 0.0656273365
vt 0.428039044 0.096839726
vt 0.428039044 0.128052235
vt 0.428039044 0.159264624
vt 0.428039044 0.190477014
vt 0.428039044 0.221689463
vt 0.428039044 0.252901912
vt 0.428039044 0.284114361
vt 0.428039044 0.31532681
vt 0.428039044 0.346539259
vt 0.428039044 0.377751708
vt 0.428039044 0.408964157
vt 0.428039044 0.440176606
vt 0.428039044 0.471388996
vt 0.428039044 0.502601445
vt 0.428039044 0.533813834
vt 0.428039044 0.565026283
vt 0.428039044 0.596238673
vt 0.428039044 0.627451181
vt 0.428039044 0.65866363
vt 0.428039044 0.68987602
vt 0.428039044 0.721088469
vt 0.414263248 0.0188085437
vt 0.414263248 0.0500210524
vt 0.414263248 0.0812335014
vt 0.414263248 0.112445951
vt 0.414263248 0.14365834
vt 0.414263248 0.174870849
vt 0.414263248 0.206083238
vt 0.414263248 0.237295747
vt 0.414263248 0.268508196
vt 0.414263248 0.299720645
vt 0.414263248 0.330932975
vt 0.414263248 0.362145543
vt 0.414263248 0.393357933
vt 0.414263248 0.424570322
vt 0.414263248 0.455782771
vt 0.414263248 0.48699522
vt 0.414263248 0.518207669
vt 0.414263248 0.549419999
vt 0.414263248 0.580632508
vt 0.414263248 0.611844957
vt 0.414263248 0.643057346
vt 0.414263248 0.674269795
vt 0.414263248 0.705482304
vt 0.414263248 0.736694694
vt 0.942297459 0.583930254
vt 0.942297459 0.00969225168
vt 0.944648266 0.0336188078
vt 0.966970563 0.034573853
vt 0.944648266 0.0575453639
vt 0.966970563 0.0559948087
vt 0.944648266 0.0814718604
vt 0.966970563 0.0774157047
vt 0.944648266 0.105398536
vt 0.966970563 0.0988366008
vt 0.944648266 0.129325092
vt 0.966970563 0.120257556
vt 0.944648266 0.153251588
vt 0.966970563 0.141678512
vt 0.944648266 0.177178144
vt 0.966970563 0.163099408
vt 0.944648266 0.20110476
vt 0.966970563 0.184520364
vt 0.944648266 0.225031376
vt 0.966970563 0.20594126
vt 0.944648266 0.248957872
vt 0.966970563 0.227362216
vt 0.944648266 0.272884488
vt 0.966970563 0.248783171
vt 0.944648266 0.296811104
vt 0.966970563 0.270204186
vt 0.944648266 0.3207376
vt 0.966970563 0.291625023
vt 0.944648266 0.344664156
vt 0.966970563 0.313045979
vt 0.944648266 0.368590772
vt 0.966970563 0.334466934
vt 0.944648266 0.392517328
vt 0.966970563 0.35588789
vt 0.944648266 0.416443825
vt 0.966970563 0.377308846
vt 0.944648266 0.44037044
vt 0.966970563 0.398729682
vt 0.944648266 0.464297056
vt 0.966970563 0.420150638
vt 0.944648266 0.488223553
vt 0.966970563 0.441571593
vt 0.944648266 0.512150109
vt 0.966970563 0.462992549
vt 0.944648266 0.536076903
vt 0.966970563 0.484413505
vt 0.944648266 0.560003519
vt 0.966970563 0.505834341
vt 0.943911552 0.0216554999
vt 0.943911552 0.045582056
vt 0.943911552 0.0695086122
vt 0.943911552 0.0934352279
vt 0.943911552 0.117361784
vt 0.943911552 0.14128834
vt 0.943911552 0.165214896
vt 0.943911552 0.189141512
vt 0.943911552 0.213068068
vt 0.943911552 0.236994565
vt 0.943911552 0.260921121
vt 0.943911552 0.284847796
vt 0.943911552 0.308774352
vt 0.943911552 0.332700849
vt 0.943911552 0.356627464
vt 0.943911552 0.38055408
vt 0.943911552 0.404480577
vt 0.943911552 0.428407133
vt 0.943911552 0.452333748
vt 0.943911552 0.476260304
vt 0.943911552 0.500186861
vt 0.943911552 0.524113536
vt 0.943911552 0.548040211
vt 0.943911552 0.571966946
vt 0.105734766 0.752300918
vt 0.105734766 0.00320237875
vt 0.115033686 0.0188085437
vt 0.115033686 0.0500210524
vt 0.115033686 0.0812335014
vt 0.115033686 0.112445951
vt 0.115033686 0.14365834
vt 0.115033686 0.174870849
vt 0.115033686 0.206083238
vt 0.115033686 0.237295747
vt 0.115033686 0.268508196
vt 0.115033686 0.299720645
vt 0.115033686 0.330932975
vt 0.115033686 0.362145543
vt 0.115033686 0.393357933
vt 0.115033686 0.424570322
vt 0.115033686 0.455782771
vt 0.115033686 0.48699522
vt 0.115033686 0.518207669
vt 0.115033686 0.549419999
vt 0.115033686 0.580632508
vt 0.115033686 0.611844957
vt 0.115033686 0.643057346
vt 0.115033686 0.674269795
vt 0.115033686 0.705482304
vt 0.115033686 0.736694694
vt 0.365210205 0.752300918
vt 0.365210205 0.00320237875
vt 0.383343428 0.0188085437
vt 0.365210205 0.0344148278
vt 0.346049845 0.0188085437
vt 0.383343428 0.0500210524
vt 0.365210205 0.0656273365
vt 0.346049845 0.0500210524
vt 0.383343428 0.0812335014
vt 0.365210205 0.096839726
vt 0.346049845 0.0812335014
vt 0.383343428 0.112445951
vt 0.365210205 0.128052235
vt 0.346049845 0.112445951
vt 0.383343428 0.14365834
vt 0.365210205 0.159264624
vt 0.346049845 0.14365834
vt 0.383343428 0.174870849
vt 0.365210205 0.190477014
vt 0.346049845 0.174870849
vt 0.383343428 0.206083238
vt 0.365210205 0.221689463
vt 0.346049845 0.206083238
vt 0.383343428 0.237295747
vt 0.365210205 0.252901912
vt 0.346049845 0.237295747
vt 0.383343428 0.268508196
vt 0.365210205 0.284114361
vt 0.346049845 0.268508196
vt 0.383343428 0.299720645
vt 0.365210205 0.31532681
vt 0.346049845 0.299720645
vt 0.383343428 0.330932975
vt 0.365210205 0.346539259
vt 0.346049845 0.330932975
vt 0.383343428 0.362145543
vt 0.365210205 0.377751708
vt 0.346049845 0.362145543
vt 0.383343428 0.393357933
vt 0.365210205 0.408964157
vt 0.346049845 0.393357933
vt 0.383343428 0.424570322
vt 0.365210205 0.440176606
vt 0.346049845 0.424570322
vt 0.383343428 0.455782771
vt 0.365210205 0.471388996
vt 0.346049845 0.455782771
vt 0.383343428 0.48699522
vt 0.365210205 0.502601445
vt 0.346049845 0.48699522
vt 0.383343428 0.518207669
vt 0.365210205 0.533813834
vt 0.346049845 0.518207669
vt 0.383343428 0.549419999
vt 0.365210205 0.565026283
vt 0.346049845 0.549419999
vt 0.383343428 0.580632508
vt 0.365210205 0.596238673
vt 0.346049845 0.580632508
vt 0.383343428 0.611844957
vt 0.365210205 0.627451181
vt 0.346049845 0.611844957
vt 0.383343428 0.643057346
vt 0.365210205 0.65866363
vt 0.346049845 0.643057346
vt 0.383343428 0.674269795
vt 0.365210205 0.68987602
vt 0.346049845 0.674269795
vt 0.383343428 0.705482304
vt 0.365210205 0.721088469
vt 0.346049845 0.705482304
vt 0.383343428 0.736694694
vt 0.346049845 0.736694694
vt 0.399576336 0.0344148278
vt 0.399576336 0.0656273365
vt 0.399576336 0.752300918
vt 0.399576336 0.00320237875
vt 0.326941341 0.0344148278
vt 0.326941341 0.0656273365
vt 0.326941341 0.752300918
vt 0.326941341 0.00320237875
vt 0.399576336 0.096839726
vt 0.326941341 0.096839726
vt 0.399576336 0.128052235
vt 0.326941341 0.128052235
vt 0.399576336 0.159264624
vt 0.326941341 0.159264624
vt 0.399576336 0.190477014
vt 0.326941341 0.190477014
vt 0.399576336 0.221689463
vt 0.326941341 0.221689463
vt 0.399576336 0.252901912
vt 0.326941341 0.252901912
vt 0.399576336 0.284114361
vt 0.326941341 0.284114361
vt 0.399576336 0.31532681
vt 0.326941341 0.31532681
vt 0.399576336 0.346539259
vt 0.326941341 0.346539259
vt 0.399576336 0.377751708
vt 0.326941341 0.377751708
vt 0.399576336 0.408964157
vt 0.326941341 0.408964157
vt 0.399576336 0.440176606
vt 0.326941341 0.440176606
vt 0.399576336 0.471388996
vt 0.326941341 0.471388996
vt 0.399576336 0.502601445
vt 0.326941341 0.502601445
vt 0.399576336 0.533813834
vt 0.326941341 0.533813834
vt 0.399576336 0.565026283
vt 0.326941341 0.565026283
vt 0.399576336 0.596238673
vt 0.326941341 0.596238673
vt 0.399576336 0.627451181
vt 0.326941341 0.627451181
vt 0.399576336 0.65866363
vt 0.326941341 0.65866363
vt 0.399576336 0.68987602
vt 0.326941341 0.68987602
vt 0.399576336 0.721088469
vt 0.326941341 0.721088469
vt 0.428039044 0.752300918
vt 0.428039044 0.00320237875
vt 0.441440612 0.736694694
vt 0.441440612 0.705482304
vt 0.441440612 0.674269795
vt 0.441440612 0.643057346
vt 0.441440612 0.611844957
vt 0.441440612 0.580632508
vt 0.441440612 0.549419999
vt 0.441440612 0.518207669
vt 0.441440612 0.48699522
vt 0.441440612 0.455782771
vt 0.441440612 0.424570322
vt 0.441440612 0.393357933
vt 0.441440612 0.362145543
vt 0.441440612 0.330932975
vt 0.441440612 0.299720645
vt 0.441440612 0.268508196
vt 0.441440612 0.237295747
vt 0.441440612 0.206083238
vt 0.441440612 0.174870849
vt 0.441440612 0.14365834
vt 0.441440612 0.112445951
vt 0.441440612 0.0812335014
vt 0.441440612 0.0500210524
vt 0.441440612 0.0188085437
vt 0.213229895 0.736694694
vt 0.213229895 0.705482304
vt 0.213229895 0.674269795
vt 0.213229895 0.643057346
vt 0.213229895 0.611844957
vt 0.213229895 0.580632508
vt 0.213229895 0.549419999
vt 0.213229895 0.518207669
vt 0.213229895 0.48699522
vt 0.213229895 0.455782771
vt 0.213229895 0.424570322
vt 0.213229895 0.393357933
vt 0.213229895 0.362145543
vt 0.213229895 0.330932975
vt 0.213229895 0.299720645
vt 0.213229895 0.268508196
vt 0.213229895 0.237295747
vt 0.213229895 0.206083238
vt 0.213229895 0.174870849
vt 0.213229895 0.14365834
vt 0.213229895 0.112445951
vt 0.213229895 0.0812335014
vt 0.213229895 0.0500210524
vt 0.213229895 0.0188085437
vt 0.480010837 0.721088469
vt 0.485737234 0.736694694
vt 0.480010837 0.752300918
vt 0.480010837 0.00320237875
vt 0.475945741 0.736694694
vt 0.471744448 0.721088469
vt 0.471744448 0.752300918
vt 0.471744448 0.00320237875
vt 0.465116054 0.736694694
vt 0.480010837 0.68987602
vt 0.485737234 0.705482304
vt 0.475945741 0.705482304
vt 0.471744448 0.68987602
vt 0.465116054 0.705482304
vt 0.480010837 0.65866363
vt 0.485737234 0.674269795
vt 0.475945741 0.674269795
vt 0.471744448 0.65866363
vt 0.465116054 0.674269795
vt 0.480010837 0.627451181
vt 0.485737234 0.643057346
vt 0.475945741 0.643057346
vt 0.471744448 0.627451181
vt 0.465116054 0.643057346
vt 0.480010837 0.596238673
vt 0.485737234 0.611844957
vt 0.475945741 0.611844957
vt 0.471744448 0.596238673
vt 0.465116054 0.611844957
vt 0.480010837 0.565026283
vt 0.485737234 0.580632508
vt 0.475945741 0.580632508
vt 0.471744448 0.565026283
vt 0.465116054 0.580632508
vt 0.480010837 0.533813834
vt 0.485737234 0.549419999
vt 0.475945741 0.549419999
vt 0.471744448 0.533813834
vt 0.465116054 0.549419999
vt 0.480010837 0.502601445
vt 0.485737234 0.518207669
vt 0.475945741 0.518207669
vt 0.471744448 0.502601445
vt 0.465116054 0.518207669
vt 0.480010837 0.471388996
vt 0.485737234 0.48699522
vt 0.475945741 0.48699522
vt 0.471744448 0.471388996
vt 0.465116054 0.48699522
vt 0.480010837 0.440176606
vt 0.485737234 0.455782771
vt 0.475945741 0.455782771
vt 0.471744448 0.440176606
vt 0.465116054 0.455782771
vt 0.480010837 0.408964157
vt 0.485737234 0.424570322
vt 0.475945741 0.424570322
vt 0.471744448 0.408964157
vt 0.465116054 0.424570322
vt 0.480010837 0.377751708
vt 0.485737234 0.393357933
vt 0.475945741 0.393357933
vt 0.471744448 0.377751708
vt 0.465116054 0.393357933
vt 0.480010837 0.346539259
vt 0.485737234 0.362145543
vt 0.475945741 0.362145543
vt 0.471744448 0.346539259
vt 0.465116054 0.362145543
vt 0.480010837 0.31532681
vt 0.485737234 0.330932975
vt 0.475945741 0.330932975
vt 0.471744448 0.31532681
vt 0.465116054 0.330932975
vt 0.480010837 0.284114361
vt 0.485737234 0.299720645
vt 0.475945741 0.299720645
vt 0.471744448 0.284114361
vt 0.465116054 0.299720645
vt 0.480010837 0.252901912
vt 0.485737234 0.268508196
vt 0.475945741 0.268508196
vt 0.471744448 0.252901912
vt 0.465116054 0.268508196
vt 0.480010837 0.221689463
vt 0.485737234 0.237295747
vt 0.475945741 0.237295747
vt 0.471744448 0.221689463
vt 0.465116054 0.237295747
vt 0.480010837 0.190477014
vt 0.485737234 0.206083238
vt 0.475945741 0.206083238
vt 0.471744448 0.190477014
vt 0.465116054 0.206083238
vt 0.480010837 0.159264624
vt 0.485737234 0.174870849
vt 0.475945741 0.174870849
vt 0.471744448 0.159264624
vt 0.465116054 0.174870849
vt 0.480010837 0.128052235
vt 0.485737234 0.14365834
vt 0.475945741 0.14365834
vt 0.471744448 0.128052235
vt 0.465116054 0.14365834
vt 0.480010837 0.096839726
vt 0.485737234 0.112445951
vt 0.475945741 0.112445951
vt 0.471744448 0.096839726
vt 0.465116054 0.112445951
vt 0.480010837 0.0656273365
vt 0.485737234 0.0812335014
vt 0.475945741 0.0812335014
vt 0.471744448 0.0656273365
vt 0.465116054 0.0812335014
vt 0.480010837 0.0344148278
vt 0.485737234 0.0500210524
vt 0.475945741 0.0500210524
vt 0.471744448 0.0344148278
vt 0.465116054 0.0500210524
vt 0.485737234 0.0188085437
vt 0.475945741 0.0188085437
vt 0.465116054 0.0188085437
vt 0.50488019 0.721088469
vt 0.493839651 0.752300918
vt 0.493839651 0.00320237875
vt 0.454461485 0.752300918
vt 0.454461485 0.00320237875
vt 0.454461485 0.0344148278
vt 0.493839651 0.0344148278
vt 0.454461485 0.721088469
vt 0.493839651 0.0656273365
vt 0.454461485 0.0656273365
vt 0.493839651 0.096839726
vt 0.454461485 0.096839726
vt 0.493839651 0.128052235
vt 0.454461485 0.128052235
vt 0.493839651 0.159264624
vt 0.454461485 0.159264624
vt 0.493839651 0.190477014
vt 0.454461485 0.190477014
vt 0.493839651 0.221689463
vt 0.454461485 0.221689463
vt 0.493839651 0.252901912
vt 0.454461485 0.252901912
vt 0.493839651 0.284114361
vt 0.454461485 0.284114361
vt 0.493839651 0.31532681
vt 0.454461485 0.31532681
vt 0.493839651 0.346539259
vt 0.454461485 0.346539259
vt 0.493839651 0.377751708
vt 0.454461485 0.377751708
vt 0.493839651 0.408964157
vt 0.454461485 0.408964157
vt 0.493839651 0.440176606
vt 0.454461485 0.440176606
vt 0.493839651 0.471388996
vt 0.454461485 0.471388996
vt 0.493839651 0.502601445
vt 0.454461485 0.502601445
vt 0.493839651 0.533813834
vt 0.454461485 0.533813834
vt 0.493839651 0.565026283
vt 0.454461485 0.565026283
vt 0.493839651 0.596238673
vt 0.454461485 0.596238673
vt 0.493839651 0.627451181
vt 0.454461485 0.627451181
vt 0.493839651 0.65866363
vt 0.454461485 0.65866363
vt 0.493839651 0.68987602
vt 0.454461485 0.68987602
vt 0.147862166 0.752300918
vt 0.147862166 0.00320237875
vt 0.136594802 0.736694694
vt 0.147862166 0.721088469
vt 0.159485519 0.736694694
vt 0.171712697 0.752300918
vt 0.171712697 0.00320237875
vt 0.171712697 0.721088469
vt 0.184754044 0.736694694
vt 0.136594802 0.705482304
vt 0.147862166 0.68987602
vt 0.159485519 0.705482304
vt 0.171712697 0.68987602
vt 0.184754044 0.705482304
vt 0.136594802 0.674269795
vt 0.147862166 0.65866363
vt 0.159485519 0.674269795
vt 0.171712697 0.65866363
vt 0.184754044 0.674269795
vt 0.136594802 0.643057346
vt 0.147862166 0.627451181
vt 0.159485519 0.643057346
vt 0.171712697 0.627451181
vt 0.184754044 0.643057346
vt 0.136594802 0.611844957
vt 0.147862166 0.596238673
vt 0.159485519 0.611844957
vt 0.171712697 0.596238673
vt 0.184754044 0.611844957
vt 0.136594802 0.580632508
vt 0.147862166 0.565026283
vt 0.159485519 0.580632508
vt 0.171712697 0.565026283
vt 0.184754044 0.580632508
vt 0.136594802 0.549419999
vt 0.147862166 0.533813834
vt 0.159485519 0.549419999
vt 0.171712697 0.533813834
vt 0.184754044 0.549419999
vt 0.136594802 0.518207669
vt 0.147862166 0.502601445
vt 0.159485519 0.518207669
vt 0.171712697 0.502601445
vt 0.184754044 0.518207669
vt 0.136594802 0.48699522
vt 0.147862166 0.471388996
vt 0.159485519 0.48699522
vt 0.171712697 0.471388996
vt 0.184754044 0.48699522
vt 0.136594802 0.455782771
vt 0.147862166 0.440176606
vt 0.159485519 0.455782771
vt 0.171712697 0.440176606
vt 0.184754044 0.455782771
vt 0.136594802 0.424570322
vt 0.147862166 0.408964157
vt 0.159485519 0.424570322
vt 0.171712697 0.408964157
vt 0.184754044 0.424570322
vt 0.136594802 0.393357933
vt 0.147862166 0.377751708
vt 0.159485519 0.393357933
vt 0.171712697 0.377751708
vt 0.184754044 0.393357933
vt 0.136594802 0.362145543
vt 0.147862166 0.346539259
vt 0.159485519 0.362145543
vt 0.171712697 0.346539259
vt 0.184754044 0.362145543
vt 0.136594802 0.330932975
vt 0.147862166 0.31532681
vt 0.159485519 0.330932975
vt 0.171712697 0.31532681
vt 0.184754044 0.330932975
vt 0.136594802 0.299720645
vt 0.147862166 0.284114361
vt 0.159485519 0.299720645
vt 0.171712697 0.284114361
vt 0.184754044 0.299720645
vt 0.136594802 0.268508196
vt 0.147862166 0.252901912
vt 0.159485519 0.268508196
vt 0.171712697 0.252901912
vt 0.184754044 0.268508196
vt 0.136594802 0.237295747
vt 0.147862166 0.221689463
vt 0.159485519 0.237295747
vt 0.171712697 0.221689463
vt 0.184754044 0.237295747
vt 0.136594802 0.206083238
vt 0.147862166 0.190477014
vt 0.159485519 0.206083238
vt 0.171712697 0.190477014
vt 0.184754044 0.206083238
vt 0.136594802 0.174870849
vt 0.147862166 0.159264624
vt 0.159485519 0.174870849
vt 0.171712697 0.159264624
vt 0.184754044 0.174870849
vt 0.136594802 0.14365834
vt 0.147862166 0.128052235
vt 0.159485519 0.14365834
vt 0.171712697 0.128052235
vt 0.184754044 0.14365834
vt 0.136594802 0.112445951
vt 0.147862166 0.096839726
vt 0.159485519 0.112445951
vt 0.171712697 0.096839726
vt 0.184754044 0.112445951
vt 0.136594802 0.0812335014
vt 0.147862166 0.0656273365
vt 0.159485519 0.0812335014
vt 0.171712697 0.0656273365
vt 0.184754044 0.0812335014
vt 0.136594802 0.0500210524
vt 0.147862166 0.0344148278
vt 0.159485519 0.0500210524
vt 0.171712697 0.0344148278
vt 0.184754044 0.0500210524
vt 0.136594802 0.0188085437
vt 0.159485519 0.0188085437
vt 0.184754044 0.0188085437
vt 0.125537872 0.721088469
vt 0.125537872 0.752300918
vt 0.125537872 0.00320237875
vt 0.198706299 0.0344148278
vt 0.198706299 0.752300918
vt 0.198706299 0.00320237875
vt 0.198706299 0.721088469
vt 0.125537872 0.0344148278
vt 0.125537872 0.0656273365
vt 0.198706299 0.0656273365
vt 0.125537872 0.096839726
vt 0.198706299 0.096839726
vt 0.125537872 0.128052235
vt 0.198706299 0.128052235
vt 0.125537872 0.159264624
vt 0.198706299 0.159264624
vt 0.125537872 0.190477014
vt 0.198706299 0.190477014
vt 0.125537872 0.221689463
vt 0.198706299 0.221689463
vt 0.125537872 0.252901912
vt 0.198706299 0.252901912
vt 0.125537872 0.284114361
vt 0.198706299 0.284114361
vt 0.125537872 0.31532681
vt 0.198706299 0.31532681
vt 0.125537872 0.346539259
vt 0.198706299 0.346539259
vt 0.125537872 0.377751708
vt 0.198706299 0.377751708
vt 0.125537872 0.408964157
vt 0.198706299 0.408964157
vt 0.125537872 0.440176606
vt 0.198706299 0.440176606
vt 0.125537872 0.471388996
vt 0.198706299 0.471388996
vt 0.125537872 0.502601445
vt 0.198706299 0.502601445
vt 0.125537872 0.533813834
vt 0.198706299 0.533813834
vt 0.125537872 0.565026283
vt 0.198706299 0.565026283
vt 0.125537872 0.596238673
vt 0.198706299 0.596238673
vt 0.125537872 0.627451181
vt 0.198706299 0.627451181
vt 0.125537872 0.65866363
vt 0.198706299 0.65866363
vt 0.125537872 0.68987602
vt 0.198706299 0.68987602
vt 0.258854061 0.721088469
vt 0.274954617 0.736694694
vt 0.258854061 0.752300918
vt 0.258854061 0.00320237875
vt 0.243155569 0.736694694
vt 0.258854061 0.68987602
vt 0.274954617 0.705482304
vt 0.243155569 0.705482304
vt 0.258854061 0.65866363
vt 0.274954617 0.674269795
vt 0.243155569 0.674269795
vt 0.258854061 0.627451181
vt 0.274954617 0.643057346
vt 0.243155569 0.643057346
vt 0.258854061 0.596238673
vt 0.274954617 0.611844957
vt 0.243155569 0.611844957
vt 0.258854061 0.565026283
vt 0.274954617 0.580632508
vt 0.243155569 0.580632508
vt 0.258854061 0.533813834
vt 0.274954617 0.549419999
vt 0.243155569 0.549419999
vt 0.258854061 0.502601445
vt 0.274954617 0.518207669
vt 0.243155569 0.518207669
vt 0.258854061 0.471388996
vt 0.274954617 0.48699522
vt 0.243155569 0.48699522
vt 0.258854061 0.440176606
vt 0.274954617 0.455782771
vt 0.243155569 0.455782771
vt 0.258854061 0.408964157
vt 0.274954617 0.424570322
vt 0.243155569 0.424570322
vt 0.258854061 0.377751708
vt 0.274954617 0.393357933
vt 0.243155569 0.393357933
vt 0.258854061 0.346539259
vt 0.274954617 0.362145543
vt 0.243155569 0.362145543
vt 0.258854061 0.31532681
vt 0.274954617 0.330932975
vt 0.243155569 0.330932975
vt 0.258854061 0.284114361
vt 0.274954617 0.299720645
vt 0.243155569 0.299720645
vt 0.258854061 0.252901912
vt 0.274954617 0.268508196
vt 0.243155569 0.268508196
vt 0.258854061 0.221689463
vt 0.274954617 0.237295747
vt 0.243155569 0.237295747
vt 0.258854061 0.190477014
vt 0.274954617 0.206083238
vt 0.243155569 0.206083238
vt 0.258854061 0.159264624
vt 0.274954617 0.174870849
vt 0.243155569 0.174870849
vt 0.258854061 0.128052235
vt 0.274954617 0.14365834
vt 0.243155569 0.14365834
vt 0.258854061 0.096839726
vt 0.274954617 0.112445951
vt 0.243155569 0.112445951
vt 0.258854061 0.0656273365
vt 0.274954617 0.0812335014
vt 0.243155569 0.0812335014
vt 0.258854061 0.0344148278
vt 0.274954617 0.0500210524
vt 0.243155569 0.0500210524
vt 0.274954617 0.0188085437
vt 0.243155569 0.0188085437
vt 0.22800079 0.752300918
vt 0.22800079 0.00320237875
vt 0.22800079 0.721088469
vt 0.22800079 0.0344148278
vt 0.291377753 0.752300918
vt 0.291377753 0.00320237875
vt 0.291377753 0.0344148278
vt 0.291377753 0.721088469
vt 0.22800079 0.0656273365
vt 0.291377753 0.0656273365
vt 0.22800079 0.096839726
vt 0.291377753 0.096839726
vt 0.22800079 0.128052235
vt 0.291377753 0.128052235
vt 0.22800079 0.159264624
vt 0.291377753 0.159264624
vt 0.22800079 0.190477014
vt 0.291377753 0.190477014
vt 0.22800079 0.221689463
vt 0.291377753 0.221689463
vt 0.22800079 0.252901912
vt 0.291377753 0.252901912
vt 0.22800079 0.284114361
vt 0.291377753 0.284114361
vt 0.22800079 0.31532681
vt 0.291377753 0.31532681
vt 0.22800079 0.346539259
vt 0.291377753 0.346539259
vt 0.22800079 0.377751708
vt 0.291377753 0.377751708
vt 0.22800079 0.408964157
vt 0.291377753 0.408964157
vt 0.22800079 0.440176606
vt 0.291377753 0.440176606
vt 0.22800079 0.471388996
vt 0.291377753 0.471388996
vt 0.22800079 0.502601445
vt 0.291377753 0.502601445
vt 0.22800079 0.533813834
vt 0.291377753 0.533813834
vt 0.22800079 0.565026283
vt 0.291377753 0.565026283
vt 0.22800079 0.596238673
vt 0.291377753 0.596238673
vt 0.22800079 0.627451181
vt 0.291377753 0.627451181
vt 0.22800079 0.65866363
vt 0.291377753 0.65866363
vt 0.22800079 0.68987602
vt 0.291377753 0.68987602
vt 0.705624223 0.878926158
vt 0.707836509 0.851412654
vt 0.711719751 0.865105093
vt 0.910963535 0.0216554999
vt 0.709670424 0.879189372
vt 0.707681179 0.865371704
vt 0.70987761 0.893420398
vt 0.910963535 0.045582056
vt 0.704252601 0.906494319
vt 0.705907464 0.892632723
vt 0.700769544 0.920294046
vt 0.910963535 0.0695086122
vt 0.691952467 0.931466579
vt 0.697138548 0.918505609
vt 0.685016394 0.943894744
vt 0.910963535 0.0934352279
vt 0.673608184 0.952404499
vt 0.681972146 0.941227436
vt 0.663691759 0.962614
vt 0.910963535 0.117361784
vt 0.65046978 0.967881203
vt 0.661441565 0.959249616
vt 0.638248801 0.975175977
vt 0.910963535 0.14128834
vt 0.624114156 0.976841688
vt 0.636946082 0.971343994
vt 0.610421658 0.98072505
vt 0.910963535 0.165214896
vt 0.596337438 0.978675663
vt 0.610154986 0.976686418
vt 0.582106471 0.97888279
vt 0.910963535 0.189141512
vt 0.56903255 0.973257959
vt 0.582894206 0.974912763
vt 0.555232882 0.969774723
vt 0.910963535 0.213068068
vt 0.54406023 0.960957766
vt 0.557021141 0.966143847
vt 0.531632185 0.954021692
vt 0.910963535 0.236994565
vt 0.52312237 0.942613482
vt 0.534299433 0.950977325
vt 0.512912989 0.932697058
vt 0.910963535 0.260921121
vt 0.507645786 0.919475019
vt 0.516277313 0.930446804
vt 0.500350833 0.907254219
vt 0.910963535 0.284847796
vt 0.498685181 0.893119514
vt 0.504182816 0.905951381
vt 0.49480179 0.879426956
vt 0.910963535 0.308774352
vt 0.496851236 0.865342736
vt 0.498840421 0.879160285
vt 0.49664405 0.85111171
vt 0.910963535 0.332700849
vt 0.50226891 0.838037729
vt 0.500614107 0.851899445
vt 0.505752087 0.824238122
vt 0.910963535 0.356627464
vt 0.514569044 0.813065469
vt 0.509382963 0.82602644
vt 0.521505117 0.800637484
vt 0.910963535 0.38055408
vt 0.532913327 0.792127609
vt 0.524549484 0.803304672
vt 0.542829752 0.781918228
vt 0.910963535 0.404480577
vt 0.556051731 0.776651025
vt 0.545079947 0.785282493
vt 0.568272591 0.769356132
vt 0.910963535 0.428407133
vt 0.582407355 0.76769042
vt 0.569575548 0.773188055
vt 0.596099854 0.763806939
vt 0.910963535 0.452333748
vt 0.610184073 0.765856504
vt 0.596366405 0.767845631
vt 0.62441504 0.765649259
vt 0.910963535 0.476260304
vt 0.637488842 0.771274209
vt 0.623627305 0.769619346
vt 0.651288748 0.774757266
vt 0.910963535 0.500186861
vt 0.662461281 0.783574283
vt 0.649500251 0.778388143
vt 0.674889326 0.790510356
vt 0.910963535 0.524113536
vt 0.6833992 0.801918507
vt 0.672222137 0.793554664
vt 0.693608642 0.811835051
vt 0.910963535 0.548040211
vt 0.698875904 0.82505703
vt 0.690244317 0.814085245
vt 0.706170797 0.837277889
vt 0.910963535 0.571966946
vt 0.702338815 0.838580668
vt 0.698369503 0.839930236
vt 0.686759591 0.816416025
vt 0.913309813 0.560003519
vt 0.913309813 0.583930254
vt 0.913309813 0.00969225168
vt 0.913309813 0.0336188078
vt 0.669459462 0.796707928
vt 0.913309813 0.0575453639
vt 0.647647858 0.782148957
vt 0.913309813 0.0814718604
vt 0.622811437 0.773731411
vt 0.913309813 0.105398536
vt 0.596642733 0.772028923
vt 0.913309813 0.129325092
vt 0.570924997 0.777157187
vt 0.913309813 0.153251588
vt 0.547410846 0.788767219
vt 0.913309813 0.177178144
vt 0.527702808 0.806067467
vt 0.913309813 0.20110476
vt 0.513143897 0.827878952
vt 0.913309813 0.225031376
vt 0.50472635 0.852715373
vt 0.913309813 0.248957872
vt 0.503023744 0.878884137
vt 0.913309813 0.272884488
vt 0.508152068 0.904601932
vt 0.913309813 0.296811104
vt 0.51976192 0.928115964
vt 0.913309813 0.3207376
vt 0.537062168 0.947824061
vt 0.913309813 0.344664156
vt 0.558873653 0.962382913
vt 0.913309813 0.368590772
vt 0.583710074 0.970800579
vt 0.913309813 0.392517328
vt 0.609878898 0.972503066
vt 0.913309813 0.416443825
vt 0.635596514 0.967374742
vt 0.913309813 0.44037044
vt 0.659110785 0.955765009
vt 0.913309813 0.464297056
vt 0.678818822 0.938464701
vt 0.913309813 0.488223553
vt 0.693377614 0.916653156
vt 0.913309813 0.512150109
vt 0.70179534 0.891816735
vt 0.913309813 0.536076903
vt 0.703497887 0.865648031
vt 0.700412512 0.905192733
vt 0.623321176 0.972865224
vt 0.596600652 0.974629462
vt 0.51128149 0.917680025
vt 0.502661586 0.892326474
vt 0.535588264 0.795174837
vt 0.557846785 0.78028667
vt 0.660210252 0.786946654
vt 0.680351973 0.804593563
vt 0.670933247 0.94935739
vt 0.648674607 0.964245439
vt 0.546311259 0.957585335
vt 0.526169538 0.939938426
vt 0.506109118 0.839339375
vt 0.517941475 0.815316558
vt 0.60992074 0.769902587
vt 0.636187434 0.775114238
vt 0.688580155 0.92921555
vt 0.570333958 0.969417691
vt 0.500897408 0.86560607
vt 0.583200336 0.771666884
vt 0.69524014 0.826852083
vt 0.703860164 0.852205634
vt 0.694285035 0.841318846
vt 0.683173776 0.818814516
vt 0.666616559 0.799952865
vt 0.645741701 0.786019206
vt 0.621971726 0.777963161
vt 0.596926928 0.77633369
vt 0.572313547 0.781241775
vt 0.549809337 0.792353153
vt 0.530947626 0.80891037
vt 0.517014027 0.829785109
vt 0.508957982 0.853554964
vt 0.507328391 0.878599882
vt 0.512236595 0.903213203
vt 0.523347855 0.925717473
vt 0.539905071 0.944579124
vt 0.560779929 0.958512783
vt 0.584549665 0.966568947
vt 0.609594584 0.968198478
vt 0.634207845 0.963290215
vt 0.656712174 0.952179134
vt 0.675573945 0.935621858
vt 0.689507604 0.91474694
vt 0.697563648 0.890977144
vt 0.69919312 0.865932226
vt 0.538378596 0.798353434
vt 0.559719324 0.784079313
vt 0.701403499 0.8786515
vt 0.696406603 0.903835058
vt 0.506809592 0.89149946
vt 0.505118132 0.865880609
vt 0.677173257 0.807383895
vt 0.691447616 0.828724623
vt 0.571691632 0.965411961
vt 0.548659444 0.954067469
vt 0.609646201 0.77412343
vt 0.63482976 0.779120088
vt 0.668142915 0.946178675
vt 0.646802068 0.960452974
vt 0.52145946 0.817664742
vt 0.699712038 0.853032708
vt 0.515074015 0.915807545
vt 0.59687531 0.970408738
vt 0.584027529 0.775814891
vt 0.685062051 0.926867366
vt 0.510114908 0.84069705
vt 0.529348254 0.937148154
vt 0.657862067 0.79046464
vt 0.622494102 0.968717277
vt 0.684700131 0.844577551
vt 0.674758792 0.824442983
vt 0.659945011 0.807567537
vt 0.641268373 0.795100987
vt 0.620001554 0.787893236
vt 0.597593904 0.786435425
vt 0.575572371 0.790826678
vt 0.555437803 0.800767899
vt 0.538562298 0.815581739
vt 0.526095867 0.834258437
vt 0.518888056 0.855525315
vt 0.517430186 0.877932906
vt 0.521821499 0.899954438
vt 0.531762719 0.920089126
vt 0.5465765 0.936964571
vt 0.565253139 0.949431062
vt 0.586519957 0.956638813
vt 0.608927608 0.958096743
vt 0.63094902 0.95370543
vt 0.651083708 0.943764269
vt 0.667959213 0.928950429
vt 0.680425763 0.910273671
vt 0.687633514 0.889006853
vt 0.689091444 0.866599202
vt 0.644452929 0.955695033
vt 0.621456385 0.963513494
vt 0.512013376 0.890461683
vt 0.51041317 0.866225004
vt 0.609301686 0.779418349
vt 0.633126616 0.784145474
vt 0.664642334 0.942190886
vt 0.519831896 0.913458347
vt 0.585065126 0.781018615
vt 0.680648804 0.923921525
vt 0.533336043 0.933647633
vt 0.562068462 0.788837075
vt 0.691381335 0.902131915
vt 0.551605344 0.949653983
vt 0.541879177 0.802341223
vt 0.696108341 0.878306985
vt 0.686689615 0.831073761
vt 0.694508195 0.854070425
vt 0.573395014 0.960386515
vt 0.525872827 0.820610642
vt 0.673185468 0.810884356
vt 0.597219825 0.965113699
vt 0.515140414 0.842400193
vt 0.654916286 0.794878006
vt 0.628730297 0.863606691
vt 0.6256212 0.857309699
vt 0.620988369 0.852032065
vt 0.615147352 0.848133206
vt 0.608496428 0.845879078
vt 0.601488471 0.845423102
vt 0.594601393 0.846796453
vt 0.58830452 0.849905491
vt 0.583026767 0.854538441
vt 0.579128027 0.860379457
vt 0.576873779 0.867030442
vt 0.576417804 0.874038398
vt 0.577791214 0.880925357
vt 0.580900192 0.887222409
vt 0.585533142 0.892500043
vt 0.591374159 0.896398783
vt 0.598025322 0.89865315
vt 0.605033159 0.899109006
vt 0.611920118 0.897735715
vt 0.618217111 0.894626558
vt 0.623494744 0.889993727
vt 0.627393603 0.88415271
vt 0.629647732 0.877501726
vt 0.630103707 0.87049377
vt 0.652481079 0.862451077
vt 0.64384973 0.858466327
vt 0.648263693 0.850046277
vt 0.659810424 0.853039861
vt 0.638894916 0.848431289
vt 0.64097929 0.839155793
vt 0.652907372 0.839058757
vt 0.631511927 0.840020657
vt 0.631124496 0.830521762
vt 0.64262104 0.827340841
vt 0.622203588 0.833807468
vt 0.619370818 0.824732542
vt 0.629652381 0.81868434
vt 0.611604214 0.830215156
vt 0.606519341 0.822182536
vt 0.614885211 0.813679516
vt 0.600436449 0.829488516
vt 0.593445778 0.823045731
vt 0.599325895 0.812667251
vt 0.589461088 0.831677198
vt 0.581041098 0.827263117
vt 0.584034562 0.815716386
vt 0.57942605 0.836631775
vt 0.570150614 0.83454752
vt 0.570053577 0.822619319
vt 0.571015477 0.844014883
vt 0.561516523 0.844402373
vt 0.558335543 0.83290565
vt 0.56480217 0.85332334
vt 0.555727243 0.856155992
vt 0.54967916 0.845874369
vt 0.561209917 0.863922477
vt 0.553177238 0.869007587
vt 0.544674277 0.860641539
vt 0.560483336 0.875090361
vt 0.554040551 0.882081032
vt 0.543661952 0.876200914
vt 0.5626719 0.886065841
vt 0.558257937 0.894485772
vt 0.546711087 0.891492248
vt 0.567626476 0.896100879
vt 0.565542221 0.905376315
vt 0.55361414 0.905473232
vt 0.575009584 0.904511452
vt 0.575397015 0.914010286
vt 0.563900471 0.917191267
vt 0.584317923 0.91072464
vt 0.587150693 0.919799566
vt 0.57686913 0.92584765
vt 0.594917297 0.914316893
vt 0.600002289 0.922349572
vt 0.591636419 0.930852592
vt 0.606085181 0.915043592
vt 0.613075733 0.921486378
vt 0.607195735 0.931864858
vt 0.617060542 0.912855029
vt 0.625480413 0.917268932
vt 0.622486949 0.928815842
vt 0.627095461 0.907900214
vt 0.636370897 0.909984589
vt 0.636467934 0.921912789
vt 0.635506153 0.900517225
vt 0.645004988 0.900129735
vt 0.648185968 0.911626399
vt 0.641719341 0.891208887
vt 0.650794387 0.888376236
vt 0.656842351 0.89865768
vt 0.645311713 0.880609632
vt 0.653344154 0.87552464
vt 0.661847234 0.88389051
vt 0.646038294 0.869441748
vt 0.662859559 0.868331134
vt 0.638467908 0.87455672
vt 0.636675358 0.883591056
vt 0.675102234 0.857940257
vt 0.676362157 0.877022266
vt 0.672640204 0.895780265
vt 0.637861133 0.865366459
vt 0.634896398 0.85664624
vt 0.668946505 0.839834332
vt 0.632605672 0.891853333
vt 0.664190292 0.912935793
vt 0.62653625 0.898781061
vt 0.651588082 0.927319646
vt 0.61888051 0.903901696
vt 0.635692477 0.937951744
vt 0.61016047 0.906866491
vt 0.617586613 0.944107473
vt 0.600970149 0.907473207
vt 0.598504663 0.945367336
vt 0.591935873 0.905680656
vt 0.579746604 0.941645503
vt 0.583673358 0.90161109
vt 0.562591076 0.933195591
vt 0.576745868 0.895541549
vt 0.548207283 0.920593381
vt 0.571625113 0.887885928
vt 0.537575126 0.904697776
vt 0.568660378 0.879165649
vt 0.531419396 0.886591911
vt 0.568053603 0.869975328
vt 0.530159473 0.867509961
vt 0.569846153 0.860941112
vt 0.533881307 0.848751903
vt 0.573915839 0.852678776
vt 0.542331219 0.831596375
vt 0.579985261 0.845751047
vt 0.554933429 0.817212462
vt 0.587641001 0.840630412
vt 0.570829034 0.806580305
vt 0.59636116 0.837665677
vt 0.588934898 0.800424695
vt 0.605551481 0.837058842
vt 0.608016968 0.799164653
vt 0.614585638 0.838851392
vt 0.626774907 0.802886486
vt 0.622848034 0.842921019
vt 0.643930435 0.811336517
vt 0.629775763 0.84899056
vt 0.658314347 0.823938608
vt 0.926377773 0.0336188078
vt 0.926377773 0.0575453639
vt 0.926377773 0.0814718604
vt 0.926377773 0.105398536
vt 0.926377773 0.129325092
vt 0.926377773 0.153251588
vt 0.926377773 0.177178144
vt 0.926377773 0.20110476
vt 0.926377773 0.225031376
vt 0.926377773 0.248957872
vt 0.926377773 0.272884488
vt 0.926377773 0.296811104
vt 0.926377773 0.3207376
vt 0.926377773 0.344664156
vt 0.926377773 0.368590772
vt 0.926377773 0.392517328
vt 0.926377773 0.416443825
vt 0.926377773 0.44037044
vt 0.926377773 0.464297056
vt 0.926377773 0.488223553
vt 0.926377773 0.512150109
vt 0.926377773 0.536076903
vt 0.926377773 0.560003519
vt 0.921373606 0.583930254
vt 0.921373606 0.00969225168
vt 0.923864126 0.571966946
vt 0.923864126 0.548040211
vt 0.923864126 0.524113536
vt 0.923864126 0.500186861
vt 0.923864126 0.476260304
vt 0.923864126 0.452333748
vt 0.923864126 0.428407133
vt 0.923864126 0.404480577
vt 0.923864126 0.38055408
vt 0.923864126 0.356627464
vt 0.923864126 0.332700849
vt 0.923864126 0.308774352
vt 0.923864126 0.284847796
vt 0.923864126 0.260921121
vt 0.923864126 0.236994565
vt 0.923864126 0.213068068
vt 0.923864126 0.189141512
vt 0.923864126 0.165214896
vt 0.923864126 0.14128834
vt 0.923864126 0.117361784
vt 0.923864126 0.0934352279
vt 0.923864126 0.0695086122
vt 0.923864126 0.045582056
vt 0.923864126 0.0216554999
vt 0.942297459 0.0336188078
vt 0.942297459 0.0575453639
vt 0.942297459 0.0814718604
vt 0.942297459 0.105398536
vt 0.942297459 0.129325092
vt 0.942297459 0.153251588
vt 0.942297459 0.177178144
vt 0.942297459 0.20110476
vt 0.942297459 0.225031376
vt 0.942297459 0.248957872
vt 0.942297459 0.272884488
vt 0.942297459 0.296811104
vt 0.942297459 0.3207376
vt 0.942297459 0.344664156
vt 0.942297459 0.368590772
vt 0.942297459 0.392517328
vt 0.942297459 0.416443825
vt 0.942297459 0.44037044
vt 0.942297459 0.464297056
vt 0.942297459 0.488223553
vt 0.942297459 0.512150109
vt 0.942297459 0.536076903
vt 0.942297459 0.560003519
vt 0.973838329 0.141678512
vt 0.973838329 0.420150638
vt 0.968452215 0.291625023
vt 0.973838329 0.120257556
vt 0.973838329 0.398729682
vt 0.968452215 0.313045979
vt 0.973838329 0.0988366008
vt 0.968452215 0.034573853
vt 0.973838329 0.377308846
vt 0.968452215 0.334466934
vt 0.973838329 0.0774157047
vt 0.968452215 0.0559948087
vt 0.973838329 0.35588789
vt 0.968452215 0.35588789
vt 0.973838329 0.0559948087
vt 0.968452215 0.0774157047
vt 0.973838329 0.334466934
vt 0.968452215 0.377308846
vt 0.973838329 0.034573853
vt 0.968452215 0.0988366008
vt 0.973838329 0.313045979
vt 0.968452215 0.398729682
vt 0.968452215 0.120257556
vt 0.973838329 0.291625023
vt 0.968452215 0.420150638
vt 0.0941718221 0.0344148278
vt 0.975406766 0.034573853
vt 0.0941718221 0.0656273365
vt 0.975406766 0.0559948087
vt 0.0941718221 0.096839726
vt 0.975406766 0.0774157047
vt 0.0941718221 0.128052235
vt 0.975406766 0.0988366008
vt 0.0941718221 0.159264624
vt 0.975406766 0.120257556
vt 0.0941718221 0.190477014
vt 0.975406766 0.141678512
vt 0.0941718221 0.221689463
vt 0.975406766 0.163099408
vt 0.0941718221 0.252901912
vt 0.975406766 0.184520364
vt 0.0941718221 0.284114361
vt 0.975406766 0.20594126
vt 0.0941718221 0.31532681
vt 0.975406766 0.227362216
vt 0.0941718221 0.346539259
vt 0.975406766 0.248783171
vt 0.0941718221 0.377751708
vt 0.975406766 0.270204186
vt 0.0941718221 0.408964157
vt 0.975406766 0.291625023
vt 0.0941718221 0.440176606
vt 0.975406766 0.313045979
vt 0.0941718221 0.471388996
vt 0.975406766 0.334466934
vt 0.0941718221 0.502601445
vt 0.975406766 0.35588789
vt 0.0941718221 0.533813834
vt 0.975406766 0.377308846
vt 0.0941718221 0.565026283
vt 0.975406766 0.398729682
vt 0.0941718221 0.596238673
vt 0.975406766 0.420150638
vt 0.0941718221 0.627451181
vt 0.975406766 0.441571593
vt 0.0941718221 0.65866363
vt 0.975406766 0.462992549
vt 0.0941718221 0.68987602
vt 0.975406766 0.484413505
vt 0.0941718221 0.721088469
vt 0.975406766 0.505834341
vt 0.968452215 0.141678512
vt 0.973838329 0.270204186
vt 0.968452215 0.441571593
vt 0.968452215 0.163099408
vt 0.973838329 0.248783171
vt 0.968452215 0.462992549
vt 0.973838329 0.527255237
vt 0.973838329 0.0131528974
vt 0.968452215 0.184520364
vt 0.973838329 0.227362216
vt 0.968452215 0.484413505
vt 0.973838329 0.505834341
vt 0.968452215 0.20594126
vt 0.973838329 0.20594126
vt 0.968452215 0.527255237
vt 0.968452215 0.0131528974
vt 0.968452215 0.505834341
vt 0.973838329 0.484413505
vt 0.968452215 0.227362216
vt 0.973838329 0.163099408
vt 0.973838329 0.184520364
vt 0.973838329 0.441571593
vt 0.973838329 0.462992549
vt 0.968452215 0.270204186
vt 0.968452215 0.248783171
vt 0.944648266 0.583930254
vt 0.944648266 0.00969225168
vt 0.966970563 0.527255237
vt 0.966970563 0.0131528974
vt 0.971130967 0.527255237
vt 0.971130967 0.0131528974
vt 0.97259295 0.0238634348
vt 0.97259295 0.0452842712
vt 0.97259295 0.0667052269
vt 0.97259295 0.0881261826
vt 0.97259295 0.109547138
vt 0.97259295 0.130968034
vt 0.97259295 0.15238893
vt 0.97259295 0.173809886
vt 0.97259295 0.195230782
vt 0.97259295 0.216651797
vt 0.97259295 0.238072693
vt 0.97259295 0.259493649
vt 0.97259295 0.280914605
vt 0.97259295 0.30233556
vt 0.97259295 0.323756456
vt 0.97259295 0.345177352
vt 0.97259295 0.366598368
vt 0.97259295 0.388019323
vt 0.97259295 0.40944016
vt 0.97259295 0.430861115
vt 0.97259295 0.452282071
vt 0.97259295 0.473702967
vt 0.97259295 0.495123923
vt 0.97259295 0.516544819
vt 0.971130967 0.034573853
vt 0.971130967 0.0559948087
vt 0.971130967 0.0774157047
vt 0.971130967 0.0988366008
vt 0.971130967 0.120257556
vt 0.971130967 0.141678512
vt 0.971130967 0.163099408
vt 0.971130967 0.184520364
vt 0.971130967 0.20594126
vt 0.971130967 0.227362216
vt 0.971130967 0.248783171
vt 0.971130967 0.270204186
vt 0.971130967 0.291625023
vt 0.971130967 0.313045979
vt 0.971130967 0.334466934
vt 0.971130967 0.35588789
vt 0.971130967 0.377308846
vt 0.971130967 0.398729682
vt 0.971130967 0.420150638
vt 0.971130967 0.441571593
vt 0.971130967 0.462992549
vt 0.971130967 0.484413505
vt 0.971130967 0.505834341
vt 0.969679832 0.516544819
vt 0.969679832 0.495123923
vt 0.969679832 0.473702967
vt 0.969679832 0.452282071
vt 0.969679832 0.430861115
vt 0.969679832 0.40944016
vt 0.969679832 0.388019323
vt 0.969679832 0.366598368
vt 0.969679832 0.345177352
vt 0.969679832 0.323756456
vt 0.969679832 0.30233556
vt 0.969679832 0.280914605
vt 0.969679832 0.259493649
vt 0.969679832 0.238072693
vt 0.969679832 0.216651797
vt 0.969679832 0.195230782
vt 0.969679832 0.173809886
vt 0.969679832 0.15238893
vt 0.969679832 0.130968034
vt 0.969679832 0.109547138
vt 0.969679832 0.0881261826
vt 0.969679832 0.0667052269
vt 0.969679832 0.0452842712
vt 0.969679832 0.0238634348
vt 0.540228307 0.0209221244
vt 0.540228307 0.0512071252
vt 0.540228307 0.0814920068
vt 0.540228307 0.111776888
vt 0.540228307 0.14206177
vt 0.540228307 0.172346711
vt 0.540228307 0.202631593
vt 0.540228307 0.232916534
vt 0.540228307 0.263201356
vt 0.540228307 0.293486238
vt 0.540228307 0.323771238
vt 0.540228307 0.35405612
vt 0.540228307 0.384341002
vt 0.540228307 0.414626002
vt 0.540228307 0.444910884
vt 0.540228307 0.475195765
vt 0.540228307 0.505480587
vt 0.540228307 0.535765469
vt 0.540228307 0.56605041
vt 0.540228307 0.596335292
vt 0.540228307 0.626620114
vt 0.540228307 0.656904936
vt 0.540228307 0.687189758
vt 0.540228307 0.71747458
vt 0.493839651 0.721088469
vt 0.50488019 0.752300918
vt 0.50488019 0.00320237875
vt 0.50488019 0.0344148278
vt 0.50488019 0.0656273365
vt 0.50488019 0.096839726
vt 0.50488019 0.128052235
vt 0.50488019 0.159264624
vt 0.50488019 0.190477014
vt 0.50488019 0.221689463
vt 0.50488019 0.252901912
vt 0.50488019 0.284114361
vt 0.50488019 0.31532681
vt 0.50488019 0.346539259
vt 0.50488019 0.377751708
vt 0.50488019 0.408964157
vt 0.50488019 0.440176606
vt 0.50488019 0.471388996
vt 0.50488019 0.502601445
vt 0.50488019 0.533813834
vt 0.50488019 0.565026283
vt 0.50488019 0.596238673
vt 0.50488019 0.627451181
vt 0.50488019 0.65866363
vt 0.50488019 0.68987602
vt 0.501219034 0.736694694
vt 0.501219034 0.0188085437
vt 0.501219034 0.0812335014
vt 0.501219034 0.112445951
vt 0.501219034 0.14365834
vt 0.501219034 0.174870849
vt 0.501219034 0.206083238
vt 0.501219034 0.237295747
vt 0.501219034 0.268508196
vt 0.501219034 0.299720645
vt 0.501219034 0.330932975
vt 0.501219034 0.362145543
vt 0.501219034 0.393357933
vt 0.501219034 0.424570322
vt 0.501219034 0.455782771
vt 0.501219034 0.48699522
vt 0.501219034 0.518207669
vt 0.501219034 0.549419999
vt 0.501219034 0.580632508
vt 0.501219034 0.611844957
vt 0.501219034 0.643057346
vt 0.501219034 0.674269795
vt 0.501219034 0.705482304
vt 0.501219034 0.0500210524
vt 0.50886178 0.455782771
vt 0.537434697 0.444910884
vt 0.50886178 0.0188085437
vt 0.537434697 0.0209221244
vt 0.50886178 0.424570322
vt 0.537434697 0.414626002
vt 0.50886178 0.393357933
vt 0.537434697 0.384341002
vt 0.50886178 0.362145543
vt 0.537434697 0.35405612
vt 0.50886178 0.330932975
vt 0.537434697 0.323771238
vt 0.50886178 0.736694694
vt 0.537434697 0.71747458
vt 0.50886178 0.299720645
vt 0.537434697 0.293486238
vt 0.50886178 0.705482304
vt 0.537434697 0.687189758
vt 0.50886178 0.268508196
vt 0.537434697 0.263201356
vt 0.50886178 0.674269795
vt 0.537434697 0.656904936
vt 0.50886178 0.237295747
vt 0.537434697 0.232916534
vt 0.50886178 0.643057346
vt 0.537434697 0.626620114
vt 0.50886178 0.206083238
vt 0.537434697 0.202631593
vt 0.50886178 0.611844957
vt 0.537434697 0.596335292
vt 0.50886178 0.174870849
vt 0.537434697 0.172346711
vt 0.50886178 0.580632508
vt 0.537434697 0.56605041
vt 0.50886178 0.14365834
vt 0.537434697 0.14206177
vt 0.50886178 0.549419999
vt 0.537434697 0.535765469
vt 0.50886178 0.112445951
vt 0.537434697 0.111776888
vt 0.50886178 0.518207669
vt 0.537434697 0.505480587
vt 0.50886178 0.0812335014
vt 0.537434697 0.0814920068
vt 0.50886178 0.48699522
vt 0.537434697 0.475195765
vt 0.50886178 0.0500210524
vt 0.537434697 0.0512071252
vt 0.546141028 0.71747458
vt 0.541856647 0.702332258
vt 0.541856647 0.641762614
vt 0.541856647 0.611477673
vt 0.541856647 0.581192851
vt 0.541856647 0.550907969
vt 0.541856647 0.520623028
vt 0.541856647 0.490338206
vt 0.541856647 0.460053325
vt 0.541856647 0.429768443
vt 0.541856647 0.399483562
vt 0.541856647 0.36919862
vt 0.541856647 0.338913679
vt 0.541856647 0.308628798
vt 0.541856647 0.278343797
vt 0.541856647 0.248058915
vt 0.541856647 0.217774034
vt 0.541856647 0.187489152
vt 0.541856647 0.157204211
vt 0.541856647 0.126919329
vt 0.541856647 0.0966344476
vt 0.541856647 0.066349566
vt 0.546141028 0.0512071252
vt 0.541856647 0.0360645652
vt 0.538908958 0.702332258
vt 0.546141028 0.687189758
vt 0.538908958 0.672047377
vt 0.554509282 0.73261708
vt 0.554509282 0.00577968359
vt 0.538908958 0.73261708
vt 0.538908958 0.00577968359
vt 0.541856647 0.672047377
vt 0.546141028 0.656904936
vt 0.538908958 0.641762614
vt 0.546141028 0.626620114
vt 0.538908958 0.611477673
vt 0.546141028 0.596335292
vt 0.538908958 0.581192851
vt 0.546141028 0.56605041
vt 0.538908958 0.550907969
vt 0.546141028 0.535765469
vt 0.538908958 0.520623028
vt 0.546141028 0.505480587
vt 0.538908958 0.490338206
vt 0.546141028 0.475195765
vt 0.538908958 0.460053325
vt 0.546141028 0.444910884
vt 0.538908958 0.429768443
vt 0.546141028 0.414626002
vt 0.538908958 0.399483562
vt 0.546141028 0.384341002
vt 0.538908958 0.36919862
vt 0.546141028 0.35405612
vt 0.538908958 0.338913679
vt 0.546141028 0.323771238
vt 0.538908958 0.308628798
vt 0.546141028 0.293486238
vt 0.538908958 0.278343797
vt 0.546141028 0.263201356
vt 0.538908958 0.248058915
vt 0.546141028 0.232916534
vt 0.538908958 0.217774034
vt 0.546141028 0.202631593
vt 0.538908958 0.187489152
vt 0.546141028 0.172346711
vt 0.538908958 0.157204211
vt 0.546141028 0.14206177
vt 0.538908958 0.126919329
vt 0.546141028 0.111776888
vt 0.538908958 0.0966344476
vt 0.546141028 0.0814920068
vt 0.538908958 0.066349566
vt 0.546141028 0.0209221244
vt 0.538908958 0.0360645652
vt 0.507469535 0.0344148278
vt 0.507469535 0.752300918
vt 0.507469535 0.00320237875
vt 0.507469535 0.0656273365
vt 0.507469535 0.721088469
vt 0.507469535 0.096839726
vt 0.507469535 0.128052235
vt 0.507469535 0.159264624
vt 0.507469535 0.190477014
vt 0.507469535 0.221689463
vt 0.507469535 0.252901912
vt 0.507469535 0.284114361
vt 0.507469535 0.31532681
vt 0.507469535 0.346539259
vt 0.507469535 0.377751708
vt 0.507469535 0.408964157
vt 0.507469535 0.440176606
vt 0.507469535 0.471388996
vt 0.507469535 0.502601445
vt 0.507469535 0.533813834
vt 0.507469535 0.565026283
vt 0.507469535 0.596238673
vt 0.507469535 0.627451181
vt 0.507469535 0.65866363
vt 0.507469535 0.68987602
vt 0.926377773 0.583930254
vt 0.926377773 0.00969225168
vt 0.105734766 0.0344148278
vt 0.105734766 0.0656273365
vt 0.105734766 0.096839726
vt 0.105734766 0.128052235
vt 0.105734766 0.159264624
vt 0.105734766 0.190477014
vt 0.105734766 0.221689463
vt 0.105734766 0.252901912
vt 0.105734766 0.284114361
vt 0.105734766 0.31532681
vt 0.105734766 0.346539259
vt 0.105734766 0.377751708
vt 0.105734766 0.408964157
vt 0.105734766 0.440176606
vt 0.105734766 0.471388996
vt 0.105734766 0.502601445
vt 0.105734766 0.533813834
vt 0.105734766 0.565026283
vt 0.105734766 0.596238673
vt 0.105734766 0.627451181
vt 0.105734766 0.65866363
vt 0.105734766 0.68987602
vt 0.105734766 0.721088469
vt 0.0957320333 0.752300918
vt 0.0957320333 0.00320237875
vt 0.0989830494 0.736694694
vt 0.0989830494 0.705482304
vt 0.0989830494 0.674269795
vt 0.0989830494 0.643057346
vt 0.0989830494 0.611844957
vt 0.0989830494 0.580632508
vt 0.0989830494 0.549419999
vt 0.0989830494 0.518207669
vt 0.0989830494 0.48699522
vt 0.0989830494 0.455782771
vt 0.0989830494 0.424570322
vt 0.0989830494 0.393357933
vt 0.0989830494 0.362145543
vt 0.0989830494 0.330932975
vt 0.0989830494 0.299720645
vt 0.0989830494 0.268508196
vt 0.0989830494 0.237295747
vt 0.0989830494 0.206083238
vt 0.0989830494 0.174870849
vt 0.0989830494 0.14365834
vt 0.0989830494 0.112445951
vt 0.0989830494 0.0812335014
vt 0.0989830494 0.0500210524
vt 0.0989830494 0.0188085437
vt 0.619806886 0.873342633
vt 0.590799689 0.883204699
vt 0.588393092 0.879606843
vt 0.595919967 0.857398391
vt 0.600018144 0.856005073
vt 0.618964434 0.877588391
vt 0.61705184 0.881471455
vt 0.594055414 0.886057198
vt 0.592322111 0.859804869
vt 0.618128419 0.864925146
vt 0.619521618 0.869023442
vt 0.597938418 0.887969732
vt 0.589469671 0.863060713
vt 0.615721822 0.86132741
vt 0.602184296 0.888812244
vt 0.587557077 0.866943836
vt 0.612466216 0.85847491
vt 0.606503487 0.888527036
vt 0.586714625 0.871189535
vt 0.608583093 0.856562257
vt 0.610601544 0.887133718
vt 0.586999774 0.875508606
vt 0.604337335 0.855719924
vt 0.6141994 0.88472712
vt 0.715039492 0.0209221244
vt 0.598320007 0.0814920068
vt 0.598320007 0.111776888
vt 0.598320007 0.14206177
vt 0.598320007 0.172346711
vt 0.598320007 0.202631593
vt 0.598320007 0.232916534
vt 0.598320007 0.263201356
vt 0.598320007 0.293486238
vt 0.598320007 0.323771238
vt 0.598320007 0.35405612
vt 0.598320007 0.384341002
vt 0.598320007 0.414626002
vt 0.598320007 0.444910884
vt 0.598320007 0.475195765
vt 0.598320007 0.505480587
vt 0.598320007 0.535765469
vt 0.598320007 0.56605041
vt 0.598320007 0.596335292
vt 0.598320007 0.626620114
vt 0.598320007 0.656904936
vt 0.598320007 0.687189758
vt 0.598320007 0.71747458
vt 0.598320007 0.0512071252
vt 0.824867368 0.895225227
vt 0.554509282 0.71747458
vt 0.554509282 0.687189758
vt 0.554509282 0.656904936
vt 0.554509282 0.626620114
vt 0.554509282 0.596335292
vt 0.554509282 0.56605041
vt 0.554509282 0.535765469
vt 0.554509282 0.505480587
vt 0.554509282 0.475195765
vt 0.554509282 0.444910884
vt 0.554509282 0.414626002
vt 0.554509282 0.384341002
vt 0.554509282 0.35405612
vt 0.554509282 0.323771238
vt 0.554509282 0.293486238
vt 0.554509282 0.263201356
vt 0.554509282 0.232916534
vt 0.554509282 0.202631593
vt 0.554509282 0.172346711
vt 0.554509282 0.14206177
vt 0.554509282 0.111776888
vt 0.554509282 0.0814920068
vt 0.643502355 0.111776888
vt 0.715039492 0.0814920068
vt 0.643502355 0.14206177
vt 0.643502355 0.172346711
vt 0.643502355 0.202631593
vt 0.643502355 0.232916534
vt 0.643502355 0.263201356
vt 0.643502355 0.293486238
vt 0.643502355 0.323771238
vt 0.643502355 0.35405612
vt 0.643502355 0.384341002
vt 0.643502355 0.414626002
vt 0.643502355 0.444910884
vt 0.643502355 0.475195765
vt 0.643502355 0.505480587
vt 0.643502355 0.535765469
vt 0.643502355 0.56605041
vt 0.643502355 0.596335292
vt 0.643502355 0.626620114
vt 0.643502355 0.656904936
vt 0.643502355 0.687189758
vt 0.643502355 0.71747458
vt 0.598320007 0.0209221244
vt 0.826199293 0.914440215
vt 0.814600706 0.903978646
vt 0.870984912 0.923999786
vt 0.80129087 0.876012325
vt 0.800486684 0.860413492
vt 0.859226942 0.656904936
vt 0.810850382 0.831226707
vt 0.821311831 0.819628119
vt 0.806104779 0.890871644
vt 0.849278212 0.806318283
vt 0.864877105 0.805514216
vt 0.803747296 0.845137835
vt 0.894063711 0.815877914
vt 0.905662417 0.826339364
vt 0.834419012 0.811132193
vt 0.918972135 0.854305625
vt 0.91977632 0.869904637
vt 0.880152583 0.808774829
vt 0.909412742 0.899091184
vt 0.859226942 0.0209221244
vt 0.914158225 0.839446306
vt 0.715039492 0.0512071252
vt 0.898951292 0.91068989
vt 0.916515827 0.885180116
vt 0.715039492 0.111776888
vt 0.643502355 0.0512071252
vt 0.715039492 0.14206177
vt 0.715039492 0.172346711
vt 0.715039492 0.202631593
vt 0.715039492 0.232916534
vt 0.715039492 0.263201356
vt 0.715039492 0.293486238
vt 0.715039492 0.323771238
vt 0.715039492 0.35405612
vt 0.715039492 0.384341002
vt 0.715039492 0.414626002
vt 0.715039492 0.444910884
vt 0.715039492 0.475195765
vt 0.715039492 0.505480587
vt 0.715039492 0.535765469
vt 0.715039492 0.56605041
vt 0.715039492 0.596335292
vt 0.715039492 0.626620114
vt 0.715039492 0.656904936
vt 0.715039492 0.687189758
vt 0.715039492 0.71747458
vt 0.859226942 0.71747458
vt 0.643502355 0.0814920068
vt 0.859226942 0.626620114
vt 0.859226942 0.596335292
vt 0.859226942 0.56605041
vt 0.859226942 0.535765469
vt 0.859226942 0.505480587
vt 0.859226942 0.475195765
vt 0.859226942 0.444910884
vt 0.859226942 0.414626002
vt 0.859226942 0.384341002
vt 0.859226942 0.35405612
vt 0.859226942 0.323771238
vt 0.859226942 0.293486238
vt 0.859226942 0.263201356
vt 0.859226942 0.232916534
vt 0.859226942 0.202631593
vt 0.859226942 0.172346711
vt 0.859226942 0.14206177
vt 0.859226942 0.111776888
vt 0.859226942 0.0814920068
vt 0.859226942 0.0512071252
vt 0.885844111 0.919185638
vt 0.840110421 0.921543181
vt 0.859226942 0.687189758
vt 0.791897535 0.656904936
vt 0.791897535 0.626620114
vt 0.791897535 0.596335292
vt 0.791897535 0.56605041
vt 0.791897535 0.535765469
vt 0.791897535 0.505480587
vt 0.791897535 0.475195765
vt 0.791897535 0.444910884
vt 0.791897535 0.414626002
vt 0.791897535 0.384341002
vt 0.791897535 0.35405612
vt 0.791897535 0.323771238
vt 0.791897535 0.293486238
vt 0.791897535 0.263201356
vt 0.791897535 0.232916534
vt 0.791897535 0.202631593
vt 0.791897535 0.172346711
vt 0.791897535 0.14206177
vt 0.791897535 0.111776888
vt 0.791897535 0.0814920068
vt 0.791897535 0.0512071252
vt 0.791897535 0.0209221244
vt 0.791897535 0.687189758
vt 0.569890261 0.71747458
vt 0.578926444 0.71747458
vt 0.569890261 0.687189758
vt 0.578926444 0.687189758
vt 0.569890261 0.656904936
vt 0.578926444 0.656904936
vt 0.569890261 0.626620114
vt 0.578926444 0.626620114
vt 0.569890261 0.596335292
vt 0.578926444 0.596335292
vt 0.569890261 0.56605041
vt 0.578926444 0.56605041
vt 0.569890261 0.535765469
vt 0.578926444 0.535765469
vt 0.569890261 0.505480587
vt 0.578926444 0.505480587
vt 0.569890261 0.475195765
vt 0.578926444 0.475195765
vt 0.569890261 0.444910884
vt 0.578926444 0.444910884
vt 0.569890261 0.414626002
vt 0.578926444 0.414626002
vt 0.569890261 0.384341002
vt 0.578926444 0.384341002
vt 0.569890261 0.35405612
vt 0.578926444 0.35405612
vt 0.569890261 0.323771238
vt 0.578926444 0.323771238
vt 0.569890261 0.293486238
vt 0.578926444 0.293486238
vt 0.569890261 0.263201356
vt 0.578926444 0.263201356
vt 0.569890261 0.232916534
vt 0.578926444 0.232916534
vt 0.569890261 0.202631593
vt 0.578926444 0.202631593
vt 0.569890261 0.172346711
vt 0.578926444 0.172346711
vt 0.569890261 0.14206177
vt 0.578926444 0.14206177
vt 0.569890261 0.111776888
vt 0.578926444 0.111776888
vt 0.569890261 0.0814920068
vt 0.578926444 0.0814920068
vt 0.569890261 0.0512071252
vt 0.578926444 0.0512071252
vt 0.569890261 0.0209221244
vt 0.578926444 0.0209221244
vt 0.554509282 0.0512071252
vt 0.791897535 0.71747458
vt 0.855386019 0.924803913
vt 0.892528892 0.849740326
vt 0.906327128 0.868834496
vt 0.851725698 0.819586158
vt 0.818287253 0.885073721
vt 0.90380168 0.880665541
vt 0.863807201 0.818963408
vt 0.814558744 0.873565078
vt 0.89830029 0.891439915
vt 0.875638127 0.821488857
vt 0.813935995 0.861483455
vt 0.890197754 0.900423288
vt 0.886412382 0.826990247
vt 0.816461325 0.849652529
vt 0.880046368 0.907003284
vt 0.856455922 0.911354542
vt 0.895395756 0.835092783
vt 0.821962833 0.838878214
vt 0.868537664 0.910731852
vt 0.844624877 0.908829212
vt 0.90197587 0.845244288
vt 0.83006537 0.829894781
vt 0.833850622 0.903327823
vt 0.905704379 0.856752992
vt 0.840216875 0.823314726
vt 0.856002092 0.856482625
vt 0.869581103 0.863415956
vt 0.854682207 0.873073339
vt 0.853897214 0.857846975
vt 0.868808031 0.861029625
vt 0.856916308 0.874214053
vt 0.86187458 0.874608636
vt 0.852217197 0.85970962
vt 0.867443562 0.858924747
vt 0.859369397 0.87473774
vt 0.864260793 0.873835564
vt 0.851076484 0.861943722
vt 0.865580916 0.857244611
vt 0.86636591 0.872471094
vt 0.850552797 0.86439693
vt 0.863346815 0.856103897
vt 0.868045926 0.870608449
vt 0.85068202 0.866901994
vt 0.860893726 0.85558033
vt 0.86918664 0.868374288
vt 0.851455092 0.869288445
vt 0.858388424 0.855709374
vt 0.869710207 0.86592108
vt 0.852819562 0.871393263
vt 0.862977147 0.829392672
vt 0.866639853 0.900443196
vt 0.830579877 0.84481132
vt 0.848125815 0.898970127
vt 0.893942595 0.877164721
vt 0.827734232 0.880577683
vt 0.887434363 0.84188056
vt 0.857285857 0.900925338
vt 0.853623271 0.829874814
vt 0.87555027 0.897556365
vt 0.82632041 0.853153348
vt 0.895897985 0.868004739
vt 0.83282876 0.88843739
vt 0.880479217 0.83560729
vt 0.844712853 0.832761586
vt 0.883409977 0.892461896
vt 0.824365139 0.86231333
vt 0.895415664 0.858650744
vt 0.839783788 0.89471066
vt 0.872137308 0.831347942
vt 0.836853147 0.837856233
vt 0.889683247 0.88550663
vt 0.82484746 0.871667266
vt 0.554509282 0.0209221244
vt 0.454461485 0.0812335014
vt 0.454461485 0.112445951
vt 0.454461485 0.14365834
vt 0.454461485 0.174870849
vt 0.454461485 0.206083238
vt 0.454461485 0.237295747
vt 0.454461485 0.268508196
vt 0.454461485 0.299720645
vt 0.454461485 0.330932975
vt 0.454461485 0.362145543
vt 0.454461485 0.393357933
vt 0.454461485 0.424570322
vt 0.454461485 0.455782771
vt 0.454461485 0.48699522
vt 0.454461485 0.518207669
vt 0.454461485 0.549419999
vt 0.454461485 0.580632508
vt 0.454461485 0.611844957
vt 0.454461485 0.643057346
vt 0.454461485 0.674269795
vt 0.454461485 0.705482304
vt 0.942297459 0.0216554999
vt 0.454461485 0.736694694
vt 0.454461485 0.0500210524
vt 0.913309813 0.332700849
vt 0.913309813 0.0216554999
vt 0.596502781 0.769909501
vt 0.50264287 0.852301955
vt 0.557935119 0.964288354
vt 0.680416465 0.939864516
vt 0.700380564 0.839246392
vt 0.648586392 0.780243516
vt 0.526105165 0.804667771
vt 0.51799643 0.929296911
vt 0.636280179 0.969385922
vt 0.705617309 0.86550796
vt 0.688525081 0.815235138
vt 0.570241213 0.775146365
vt 0.500904322 0.879024029
vt 0.583296657 0.97288394
vt 0.695283175 0.91759181
vt 0.623224735 0.77164799
vt 0.511238456 0.826940358
vt 0.535662413 0.949421585
vt 0.660291553 0.957530499
vt 0.670859098 0.795110345
vt 0.546229959 0.787001729
vt 0.506141067 0.905285478
vt 0.61001873 0.974622548
vt 0.50488019 0.0500210524
vt 0.50488019 0.705482304
vt 0.50488019 0.674269795
vt 0.50488019 0.643057346
vt 0.50488019 0.611844957
vt 0.50488019 0.580632508
vt 0.50488019 0.549419999
vt 0.50488019 0.518207669
vt 0.50488019 0.48699522
vt 0.50488019 0.455782771
vt 0.50488019 0.424570322
vt 0.50488019 0.393357933
vt 0.50488019 0.362145543
vt 0.50488019 0.330932975
vt 0.50488019 0.299720645
vt 0.50488019 0.268508196
vt 0.50488019 0.237295747
vt 0.50488019 0.206083238
vt 0.50488019 0.174870849
vt 0.50488019 0.14365834
vt 0.50488019 0.112445951
vt 0.50488019 0.0812335014
vt 0.50488019 0.0188085437
vt 0.399576336 0.0812335014
vt 0.326941341 0.0500210524
vt 0.399576336 0.112445951
vt 0.399576336 0.14365834
vt 0.399576336 0.174870849
vt 0.399576336 0.206083238
vt 0.399576336 0.237295747
vt 0.399576336 0.268508196
vt 0.399576336 0.299720645
vt 0.399576336 0.330932975
vt 0.399576336 0.362145543
vt 0.399576336 0.393357933
vt 0.399576336 0.424570322
vt 0.399576336 0.455782771
vt 0.399576336 0.48699522
vt 0.399576336 0.518207669
vt 0.399576336 0.549419999
vt 0.399576336 0.580632508
vt 0.399576336 0.611844957
vt 0.399576336 0.643057346
vt 0.399576336 0.674269795
vt 0.399576336 0.705482304
vt 0.399576336 0.736694694
vt 0.0941718221 0.736694694
vt 0.975406766 0.516544819
vt 0.0941718221 0.705482304
vt 0.975406766 0.495123923
vt 0.0941718221 0.674269795
vt 0.975406766 0.473702967
vt 0.0941718221 0.643057346
vt 0.975406766 0.452282071
vt 0.0941718221 0.611844957
vt 0.975406766 0.430861115
vt 0.0941718221 0.580632508
vt 0.975406766 0.40944016
vt 0.0941718221 0.549419999
vt 0.975406766 0.388019323
vt 0.0941718221 0.518207669
vt 0.975406766 0.366598368
vt 0.0941718221 0.48699522
vt 0.975406766 0.345177352
vt 0.0941718221 0.455782771
vt 0.975406766 0.323756456
vt 0.0941718221 0.424570322
vt 0.975406766 0.30233556
vt 0.0941718221 0.393357933
vt 0.975406766 0.280914605
vt 0.0941718221 0.362145543
vt 0.975406766 0.259493649
vt 0.0941718221 0.330932975
vt 0.975406766 0.238072693
vt 0.0941718221 0.299720645
vt 0.975406766 0.216651797
vt 0.0941718221 0.268508196
vt 0.975406766 0.195230782
vt 0.0941718221 0.237295747
vt 0.975406766 0.173809886
vt 0.0941718221 0.206083238
vt 0.975406766 0.15238893
vt 0.0941718221 0.174870849
vt 0.975406766 0.130968034
vt 0.0941718221 0.14365834
vt 0.975406766 0.109547138
vt 0.0941718221 0.112445951
vt 0.975406766 0.0881261826
vt 0.0941718221 0.0812335014
vt 0.975406766 0.0667052269
vt 0.0941718221 0.0500210524
vt 0.975406766 0.0452842712
vt 0.0941718221 0.0188085437
vt 0.975406766 0.0238634348
vt 0.917454958 0.0216554999
vt 0.917454958 0.045582056
vt 0.917454958 0.0695086122
vt 0.917454958 0.0934352279
vt 0.917454958 0.117361784
vt 0.917454958 0.14128834
vt 0.917454958 0.165214896
vt 0.917454958 0.189141512
vt 0.917454958 0.213068068
vt 0.917454958 0.236994565
vt 0.917454958 0.260921121
vt 0.917454958 0.284847796
vt 0.917454958 0.308774352
vt 0.917454958 0.332700849
vt 0.917454958 0.356627464
vt 0.917454958 0.38055408
vt 0.917454958 0.404480577
vt 0.917454958 0.428407133
vt 0.917454958 0.452333748
vt 0.917454958 0.476260304
vt 0.917454958 0.500186861
vt 0.917454958 0.524113536
vt 0.917454958 0.548040211
vt 0.917454958 0.571966946
vt 0.125537872 0.674269795
vt 0.125537872 0.643057346
vt 0.125537872 0.0188085437
vt 0.125537872 0.580632508
vt 0.125537872 0.549419999
vt 0.198706299 0.705482304
vt 0.125537872 0.48699522
vt 0.125537872 0.455782771
vt 0.125537872 0.611844957
vt 0.125537872 0.393357933
vt 0.125537872 0.362145543
vt 0.125537872 0.518207669
vt 0.125537872 0.299720645
vt 0.125537872 0.268508196
vt 0.125537872 0.424570322
vt 0.125537872 0.206083238
vt 0.125537872 0.174870849
vt 0.125537872 0.330932975
vt 0.125537872 0.112445951
vt 0.22800079 0.0500210524
vt 0.125537872 0.237295747
vt 0.326941341 0.0188085437
vt 0.125537872 0.0812335014
vt 0.125537872 0.14365834
vt 0.326941341 0.0812335014
vt 0.399576336 0.0188085437
vt 0.326941341 0.112445951
vt 0.326941341 0.14365834
vt 0.326941341 0.174870849
vt 0.326941341 0.206083238
vt 0.326941341 0.237295747
vt 0.326941341 0.268508196
vt 0.326941341 0.299720645
vt 0.326941341 0.330932975
vt 0.326941341 0.362145543
vt 0.326941341 0.393357933
vt 0.326941341 0.424570322
vt 0.326941341 0.455782771
vt 0.326941341 0.48699522
vt 0.326941341 0.518207669
vt 0.326941341 0.549419999
vt 0.326941341 0.580632508
vt 0.326941341 0.611844957
vt 0.326941341 0.643057346
vt 0.326941341 0.674269795
vt 0.326941341 0.705482304
vt 0.326941341 0.736694694
vt 0.942297459 0.045582056
vt 0.942297459 0.0695086122
vt 0.942297459 0.0934352279
vt 0.942297459 0.117361784
vt 0.942297459 0.14128834
vt 0.942297459 0.165214896
vt 0.942297459 0.189141512
vt 0.942297459 0.213068068
vt 0.942297459 0.236994565
vt 0.942297459 0.260921121
vt 0.942297459 0.284847796
vt 0.942297459 0.308774352
vt 0.942297459 0.332700849
vt 0.942297459 0.356627464
vt 0.942297459 0.38055408
vt 0.942297459 0.404480577
vt 0.942297459 0.428407133
vt 0.942297459 0.452333748
vt 0.942297459 0.476260304
vt 0.942297459 0.500186861
vt 0.942297459 0.524113536
vt 0.942297459 0.548040211
vt 0.942297459 0.571966946
vt 0.105734766 0.0188085437
vt 0.105734766 0.0500210524
vt 0.105734766 0.0812335014
vt 0.105734766 0.112445951
vt 0.105734766 0.14365834
vt 0.105734766 0.174870849
vt 0.105734766 0.206083238
vt 0.105734766 0.237295747
vt 0.105734766 0.268508196
vt 0.105734766 0.299720645
vt 0.105734766 0.330932975
vt 0.105734766 0.362145543
vt 0.105734766 0.393357933
vt 0.105734766 0.424570322
vt 0.105734766 0.455782771
vt 0.105734766 0.48699522
vt 0.105734766 0.518207669
vt 0.105734766 0.549419999
vt 0.105734766 0.580632508
vt 0.105734766 0.611844957
vt 0.105734766 0.643057346
vt 0.105734766 0.674269795
vt 0.105734766 0.705482304
vt 0.105734766 0.736694694
vt 0.365210205 0.0188085437
vt 0.365210205 0.0500210524
vt 0.365210205 0.0812335014
vt 0.365210205 0.112445951
vt 0.365210205 0.14365834
vt 0.365210205 0.174870849
vt 0.365210205 0.206083238
vt 0.365210205 0.237295747
vt 0.365210205 0.268508196
vt 0.365210205 0.299720645
vt 0.365210205 0.330932975
vt 0.365210205 0.362145543
vt 0.365210205 0.393357933
vt 0.365210205 0.424570322
vt 0.365210205 0.455782771
vt 0.365210205 0.48699522
vt 0.365210205 0.518207669
vt 0.365210205 0.549419999
vt 0.365210205 0.580632508
vt 0.365210205 0.611844957
vt 0.365210205 0.643057346
vt 0.365210205 0.674269795
vt 0.365210205 0.705482304
vt 0.365210205 0.736694694
vt 0.399576336 0.0500210524
vt 0.428039044 0.736694694
vt 0.428039044 0.705482304
vt 0.428039044 0.674269795
vt 0.428039044 0.643057346
vt 0.428039044 0.611844957
vt 0.428039044 0.580632508
vt 0.428039044 0.549419999
vt 0.428039044 0.518207669
vt 0.428039044 0.48699522
vt 0.428039044 0.455782771
vt 0.428039044 0.424570322
vt 0.428039044 0.393357933
vt 0.428039044 0.362145543
vt 0.428039044 0.330932975
vt 0.428039044 0.299720645
vt 0.428039044 0.268508196
vt 0.428039044 0.237295747
vt 0.428039044 0.206083238
vt 0.428039044 0.174870849
vt 0.428039044 0.14365834
vt 0.428039044 0.112445951
vt 0.428039044 0.0812335014
vt 0.428039044 0.0500210524
vt 0.428039044 0.0188085437
vt 0.22800079 0.0188085437
vt 0.198706299 0.674269795
vt 0.22800079 0.705482304
vt 0.198706299 0.643057346
vt 0.22800079 0.674269795
vt 0.198706299 0.611844957
vt 0.22800079 0.643057346
vt 0.198706299 0.580632508
vt 0.22800079 0.611844957
vt 0.198706299 0.549419999
vt 0.22800079 0.580632508
vt 0.198706299 0.518207669
vt 0.22800079 0.549419999
vt 0.198706299 0.48699522
vt 0.22800079 0.518207669
vt 0.198706299 0.455782771
vt 0.22800079 0.48699522
vt 0.198706299 0.424570322
vt 0.22800079 0.455782771
vt 0.198706299 0.393357933
vt 0.22800079 0.424570322
vt 0.198706299 0.362145543
vt 0.22800079 0.393357933
vt 0.198706299 0.330932975
vt 0.22800079 0.362145543
vt 0.198706299 0.299720645
vt 0.22800079 0.330932975
vt 0.198706299 0.268508196
vt 0.22800079 0.299720645
vt 0.198706299 0.237295747
vt 0.22800079 0.268508196
vt 0.198706299 0.206083238
vt 0.22800079 0.237295747
vt 0.198706299 0.174870849
vt 0.22800079 0.206083238
vt 0.198706299 0.14365834
vt 0.22800079 0.174870849
vt 0.198706299 0.112445951
vt 0.22800079 0.14365834
vt 0.198706299 0.0812335014
vt 0.22800079 0.112445951
vt 0.198706299 0.0500210524
vt 0.22800079 0.0812335014
vt 0.125537872 0.0500210524
vt 0.198706299 0.0188085437
vt 0.125537872 0.705482304
vt 0.198706299 0.736694694
vt 0.291377753 0.705482304
vt 0.291377753 0.674269795
vt 0.291377753 0.643057346
vt 0.291377753 0.611844957
vt 0.291377753 0.580632508
vt 0.291377753 0.549419999
vt 0.291377753 0.518207669
vt 0.291377753 0.48699522
vt 0.291377753 0.455782771
vt 0.291377753 0.424570322
vt 0.291377753 0.393357933
vt 0.291377753 0.362145543
vt 0.291377753 0.330932975
vt 0.291377753 0.299720645
vt 0.291377753 0.268508196
vt 0.291377753 0.237295747
vt 0.291377753 0.206083238
vt 0.291377753 0.174870849
vt 0.291377753 0.14365834
vt 0.291377753 0.112445951
vt 0.291377753 0.0812335014
vt 0.291377753 0.0500210524
vt 0.291377753 0.0188085437
vt 0.291377753 0.736694694
vt 0.480010837 0.736694694
vt 0.471744448 0.736694694
vt 0.480010837 0.705482304
vt 0.471744448 0.705482304
vt 0.480010837 0.674269795
vt 0.471744448 0.674269795
vt 0.480010837 0.643057346
vt 0.471744448 0.643057346
vt 0.480010837 0.611844957
vt 0.471744448 0.611844957
vt 0.480010837 0.580632508
vt 0.471744448 0.580632508
vt 0.480010837 0.549419999
vt 0.471744448 0.549419999
vt 0.480010837 0.518207669
vt 0.471744448 0.518207669
vt 0.480010837 0.48699522
vt 0.471744448 0.48699522
vt 0.480010837 0.455782771
vt 0.471744448 0.455782771
vt 0.480010837 0.424570322
vt 0.471744448 0.424570322
vt 0.480010837 0.393357933
vt 0.471744448 0.393357933
vt 0.480010837 0.362145543
vt 0.471744448 0.362145543
vt 0.480010837 0.330932975
vt 0.471744448 0.330932975
vt 0.480010837 0.299720645
vt 0.471744448 0.299720645
vt 0.480010837 0.268508196
vt 0.471744448 0.268508196
vt 0.480010837 0.237295747
vt 0.471744448 0.237295747
vt 0.480010837 0.206083238
vt 0.471744448 0.206083238
vt 0.480010837 0.174870849
vt 0.471744448 0.174870849
vt 0.480010837 0.14365834
vt 0.471744448 0.14365834
vt 0.480010837 0.112445951
vt 0.471744448 0.112445951
vt 0.480010837 0.0812335014
vt 0.471744448 0.0812335014
vt 0.480010837 0.0500210524
vt 0.471744448 0.0500210524
vt 0.480010837 0.0188085437
vt 0.471744448 0.0188085437
vt 0.50488019 0.736694694
vt 0.147862166 0.736694694
vt 0.171712697 0.736694694
vt 0.147862166 0.705482304
vt 0.171712697 0.705482304
vt 0.147862166 0.674269795
vt 0.171712697 0.674269795
vt 0.147862166 0.643057346
vt 0.171712697 0.643057346
vt 0.147862166 0.611844957
vt 0.171712697 0.611844957
vt 0.147862166 0.580632508
vt 0.171712697 0.580632508
vt 0.147862166 0.549419999
vt 0.171712697 0.549419999
vt 0.147862166 0.518207669
vt 0.171712697 0.518207669
vt 0.147862166 0.48699522
vt 0.171712697 0.48699522
vt 0.147862166 0.455782771
vt 0.171712697 0.455782771
vt 0.147862166 0.424570322
vt 0.171712697 0.424570322
vt 0.147862166 0.393357933
vt 0.171712697 0.393357933
vt 0.147862166 0.362145543
vt 0.171712697 0.362145543
vt 0.147862166 0.330932975
vt 0.171712697 0.330932975
vt 0.147862166 0.299720645
vt 0.171712697 0.299720645
vt 0.147862166 0.268508196
vt 0.171712697 0.268508196
vt 0.147862166 0.237295747
vt 0.171712697 0.237295747
vt 0.147862166 0.206083238
vt 0.171712697 0.206083238
vt 0.147862166 0.174870849
vt 0.171712697 0.174870849
vt 0.147862166 0.14365834
vt 0.171712697 0.14365834
vt 0.147862166 0.112445951
vt 0.171712697 0.112445951
vt 0.147862166 0.0812335014
vt 0.171712697 0.0812335014
vt 0.147862166 0.0500210524
vt 0.171712697 0.0500210524
vt 0.147862166 0.0188085437
vt 0.171712697 0.0188085437
vt 0.125537872 0.736694694
vt 0.258854061 0.736694694
vt 0.258854061 0.705482304
vt 0.258854061 0.674269795
vt 0.258854061 0.643057346
vt 0.258854061 0.611844957
vt 0.258854061 0.580632508
vt 0.258854061 0.549419999
vt 0.258854061 0.518207669
vt 0.258854061 0.48699522
vt 0.258854061 0.455782771
vt 0.258854061 0.424570322
vt 0.258854061 0.393357933
vt 0.258854061 0.362145543
vt 0.258854061 0.330932975
vt 0.258854061 0.299720645
vt 0.258854061 0.268508196
vt 0.258854061 0.237295747
vt 0.258854061 0.206083238
vt 0.258854061 0.174870849
vt 0.258854061 0.14365834
vt 0.258854061 0.112445951
vt 0.258854061 0.0812335014
vt 0.258854061 0.0500210524
vt 0.258854061 0.0188085437
vt 0.22800079 0.736694694
vt 0.913309813 0.452333748
vt 0.913309813 0.571966946
vt 0.913309813 0.165214896
vt 0.913309813 0.284847796
vt 0.913309813 0.404480577
vt 0.913309813 0.524113536
vt 0.913309813 0.117361784
vt 0.913309813 0.236994565
vt 0.913309813 0.356627464
vt 0.913309813 0.476260304
vt 0.913309813 0.045582056
vt 0.913309813 0.0695086122
vt 0.913309813 0.189141512
vt 0.913309813 0.308774352
vt 0.913309813 0.428407133
vt 0.913309813 0.548040211
vt 0.913309813 0.14128834
vt 0.913309813 0.260921121
vt 0.913309813 0.38055408
vt 0.913309813 0.500186861
vt 0.913309813 0.0934352279
vt 0.913309813 0.213068068
vt 0.709652424 0.865241647
vt 0.70784533 0.893017173
vt 0.698910952 0.919378638
vt 0.68345809 0.94252938
vt 0.66253984 0.960891783
vt 0.637581944 0.973214388
vt 0.610285163 0.978657603
vt 0.582509637 0.97685051
vt 0.556148291 0.967916071
vt 0.532997608 0.952463329
vt 0.514635205 0.931545258
vt 0.502312422 0.906587362
vt 0.496869177 0.879290521
vt 0.49867633 0.851514876
vt 0.507610738 0.825153589
vt 0.52306354 0.802002907
vt 0.543981671 0.783640385
vt 0.568939567 0.77131772
vt 0.596236348 0.765874267
vt 0.624011874 0.767681539
vt 0.65037322 0.776615858
vt 0.673524022 0.79206872
vt 0.691886425 0.81298697
vt 0.704209208 0.837944746
vt 0.703878641 0.892230153
vt 0.54857862 0.790513158
vt 0.699735045 0.891407967
vt 0.505119562 0.878745675
vt 0.685013652 0.817583799
vt 0.559801698 0.960498691
vt 0.622402668 0.775791764
vt 0.657942891 0.954019129
vt 0.529282689 0.807451546
vt 0.701401949 0.865786374
vt 0.510140777 0.903925776
vt 0.584118843 0.968740284
vt 0.596781135 0.774124861
vt 0.677238941 0.937080622
vt 0.515028119 0.828806996
vt 0.521507859 0.92694819
vt 0.668075204 0.798287868
vt 0.609740376 0.970407367
vt 0.571601033 0.779145896
vt 0.691493392 0.915725112
vt 0.506786585 0.853124142
vt 0.538446248 0.94624418
vt 0.646719813 0.784033298
vt 0.634920478 0.965386093
vt 0.696380854 0.840606332
vt 0.633208275 0.960350275
vt 0.510427058 0.878395319
vt 0.621367335 0.781008959
vt 0.654985666 0.949597836
vt 0.515176654 0.902213693
vt 0.597131491 0.779432178
vt 0.673238277 0.933575332
vt 0.525929093 0.923990965
vt 0.573313236 0.784181833
vt 0.686721921 0.913374841
vt 0.541951537 0.942243516
vt 0.551535726 0.794934273
vt 0.694517612 0.890372872
vt 0.691344976 0.842318475
vt 0.562152028 0.955726981
vt 0.533283353 0.810956657
vt 0.696094632 0.866136909
vt 0.680592537 0.820540905
vt 0.585154057 0.963522851
vt 0.519799769 0.831157207
vt 0.664570093 0.802288532
vt 0.60939002 0.965099812
vt 0.512003899 0.854159296
vt 0.644369602 0.788804829
vt 0.591893554 0.838831663
vt 0.638497829 0.869939566
vt 0.634940267 0.887869835
vt 0.579989433 0.898827553
vt 0.583627343 0.842912912
vt 0.675104141 0.886520982
vt 0.587657094 0.903945565
vt 0.576699257 0.848994613
vt 0.632613778 0.852632642
vt 0.596387982 0.906904697
vt 0.571581244 0.856662273
vt 0.626532078 0.845704436
vt 0.605587244 0.907503247
vt 0.568622112 0.865393281
vt 0.618864536 0.840586364
vt 0.614628077 0.905700386
vt 0.568023562 0.874592543
vt 0.610133529 0.837627411
vt 0.622894168 0.901619136
vt 0.569826365 0.883633316
vt 0.600934267 0.837028861
vt 0.629822254 0.895537436
vt 0.573907733 0.891899407
vt 0.530176044 0.877091408
vt 0.617515445 0.800422609
vt 0.643981934 0.933146775
vt 0.533915162 0.895842791
vt 0.598435402 0.799181283
vt 0.658351541 0.920532823
vt 0.542380214 0.912987351
vt 0.579684138 0.802920461
vt 0.668966651 0.904629588
vt 0.554994106 0.927356839
vt 0.562539577 0.811385393
vt 0.676345587 0.867440701
vt 0.672606349 0.848689437
vt 0.570897222 0.937972009
vt 0.548169971 0.823999345
vt 0.636695027 0.860898674
vt 0.664141417 0.831544697
vt 0.589005947 0.94410944
vt 0.537554801 0.83990252
vt 0.651527524 0.81717521
vt 0.608086109 0.945350885
vt 0.531417429 0.858011186
vt 0.63562429 0.80656004
vt 0.626837373 0.941611528
vt 0.587449074 0.882841945
vt 0.650773883 0.856112123
vt 0.644973993 0.844365299
vt 0.636331439 0.834519744
vt 0.625434995 0.827246547
vt 0.613027573 0.823041439
vt 0.599954605 0.82219094
vt 0.587106824 0.824752748
vt 0.57536006 0.830552816
vt 0.565514445 0.839195371
vt 0.558241367 0.850091696
vt 0.55403626 0.862499237
vt 0.553185701 0.875572205
vt 0.555747628 0.888419867
vt 0.561547518 0.900166869
vt 0.570190072 0.910012364
vt 0.581086397 0.917285502
vt 0.593493819 0.921490729
vt 0.606567025 0.922341228
vt 0.619414568 0.919779181
vt 0.631161451 0.913979292
vt 0.641006947 0.905336738
vt 0.648280144 0.894440413
vt 0.652485371 0.882032931
vt 0.65333581 0.868959904
vt 0.63789928 0.879138947
vt 0.921373606 0.571966946
vt 0.921373606 0.548040211
vt 0.921373606 0.524113536
vt 0.921373606 0.500186861
vt 0.921373606 0.476260304
vt 0.921373606 0.452333748
vt 0.921373606 0.428407133
vt 0.921373606 0.404480577
vt 0.921373606 0.38055408
vt 0.921373606 0.356627464
vt 0.921373606 0.332700849
vt 0.921373606 0.308774352
vt 0.921373606 0.284847796
vt 0.921373606 0.260921121
vt 0.921373606 0.236994565
vt 0.921373606 0.213068068
vt 0.921373606 0.189141512
vt 0.921373606 0.165214896
vt 0.921373606 0.14128834
vt 0.921373606 0.117361784
vt 0.921373606 0.0934352279
vt 0.921373606 0.0695086122
vt 0.921373606 0.045582056
vt 0.921373606 0.0216554999
vt 0.973838329 0.15238893
vt 0.973838329 0.430861115
vt 0.968452215 0.280914605
vt 0.973838329 0.130968034
vt 0.973838329 0.40944016
vt 0.968452215 0.30233556
vt 0.973838329 0.109547138
vt 0.968452215 0.0238634348
vt 0.973838329 0.388019323
vt 0.968452215 0.323756456
vt 0.973838329 0.0881261826
vt 0.968452215 0.0452842712
vt 0.973838329 0.366598368
vt 0.968452215 0.345177352
vt 0.973838329 0.0667052269
vt 0.968452215 0.0667052269
vt 0.973838329 0.345177352
vt 0.968452215 0.366598368
vt 0.973838329 0.0452842712
vt 0.968452215 0.0881261826
vt 0.973838329 0.323756456
vt 0.968452215 0.388019323
vt 0.973838329 0.0238634348
vt 0.968452215 0.109547138
vt 0.973838329 0.30233556
vt 0.968452215 0.40944016
vt 0.968452215 0.130968034
vt 0.973838329 0.280914605
vt 0.968452215 0.430861115
vt 0.968452215 0.15238893
vt 0.973838329 0.259493649
vt 0.968452215 0.452282071
vt 0.968452215 0.173809886
vt 0.973838329 0.238072693
vt 0.968452215 0.473702967
vt 0.973838329 0.516544819
vt 0.968452215 0.195230782
vt 0.973838329 0.216651797
vt 0.968452215 0.495123923
vt 0.973838329 0.495123923
vt 0.968452215 0.216651797
vt 0.973838329 0.195230782
vt 0.968452215 0.516544819
vt 0.973838329 0.473702967
vt 0.968452215 0.238072693
vt 0.973838329 0.173809886
vt 0.973838329 0.452282071
vt 0.968452215 0.259493649
vt 0.944648266 0.571966946
vt 0.966970563 0.516544819
vt 0.944648266 0.548040211
vt 0.966970563 0.495123923
vt 0.944648266 0.524113536
vt 0.966970563 0.473702967
vt 0.944648266 0.500186861
vt 0.966970563 0.452282071
vt 0.944648266 0.476260304
vt 0.966970563 0.430861115
vt 0.944648266 0.452333748
vt 0.966970563 0.40944016
vt 0.944648266 0.428407133
vt 0.966970563 0.388019323
vt 0.944648266 0.404480577
vt 0.966970563 0.366598368
vt 0.944648266 0.38055408
vt 0.966970563 0.345177352
vt 0.944648266 0.356627464
vt 0.966970563 0.323756456
vt 0.944648266 0.332700849
vt 0.966970563 0.30233556
vt 0.944648266 0.308774352
vt 0.966970563 0.280914605
vt 0.944648266 0.284847796
vt 0.966970563 0.259493649
vt 0.944648266 0.260921121
vt 0.966970563 0.238072693
vt 0.944648266 0.236994565
vt 0.966970563 0.216651797
vt 0.944648266 0.213068068
vt 0.966970563 0.195230782
vt 0.944648266 0.189141512
vt 0.966970563 0.173809886
vt 0.944648266 0.165214896
vt 0.966970563 0.15238893
vt 0.944648266 0.14128834
vt 0.966970563 0.130968034
vt 0.944648266 0.117361784
vt 0.966970563 0.109547138
vt 0.944648266 0.0934352279
vt 0.966970563 0.0881261826
vt 0.944648266 0.0695086122
vt 0.966970563 0.0667052269
vt 0.944648266 0.045582056
vt 0.966970563 0.0452842712
vt 0.944648266 0.0216554999
vt 0.966970563 0.0238634348
vt 0.971130967 0.0452842712
vt 0.971130967 0.0667052269
vt 0.971130967 0.0881261826
vt 0.971130967 0.109547138
vt 0.971130967 0.130968034
vt 0.971130967 0.15238893
vt 0.971130967 0.173809886
vt 0.971130967 0.195230782
vt 0.971130967 0.216651797
vt 0.971130967 0.238072693
vt 0.971130967 0.259493649
vt 0.971130967 0.280914605
vt 0.971130967 0.30233556
vt 0.971130967 0.323756456
vt 0.971130967 0.345177352
vt 0.971130967 0.366598368
vt 0.971130967 0.388019323
vt 0.971130967 0.40944016
vt 0.971130967 0.430861115
vt 0.971130967 0.452282071
vt 0.971130967 0.473702967
vt 0.971130967 0.495123923
vt 0.971130967 0.516544819
vt 0.971130967 0.0238634348
vt 0.541856647 0.475195765
vt 0.541856647 0.414626002
vt 0.538908958 0.71747458
vt 0.541856647 0.35405612
vt 0.541856647 0.323771238
vt 0.541856647 0.71747458
vt 0.541856647 0.293486238
vt 0.541856647 0.687189758
vt 0.541856647 0.263201356
vt 0.541856647 0.656904936
vt 0.541856647 0.232916534
vt 0.538908958 0.414626002
vt 0.541856647 0.596335292
vt 0.541856647 0.172346711
vt 0.507469535 0.736694694
vt 0.538908958 0.384341002
vt 0.541856647 0.202631593
vt 0.538908958 0.35405612
vt 0.541856647 0.56605041
vt 0.538908958 0.323771238
vt 0.541856647 0.535765469
vt 0.538908958 0.293486238
vt 0.541856647 0.111776888
vt 0.538908958 0.687189758
vt 0.541856647 0.505480587
vt 0.538908958 0.263201356
vt 0.538908958 0.656904936
vt 0.541856647 0.444910884
vt 0.538908958 0.232916534
vt 0.538908958 0.626620114
vt 0.541856647 0.0512071252
vt 0.538908958 0.202631593
vt 0.541856647 0.626620114
vt 0.507469535 0.0188085437
vt 0.541856647 0.0814920068
vt 0.541856647 0.14206177
vt 0.538908958 0.596335292
vt 0.538908958 0.172346711
vt 0.538908958 0.56605041
vt 0.541856647 0.384341002
vt 0.538908958 0.14206177
vt 0.538908958 0.535765469
vt 0.538908958 0.111776888
vt 0.538908958 0.505480587
vt 0.538908958 0.0814920068
vt 0.538908958 0.475195765
vt 0.538908958 0.0512071252
vt 0.538908958 0.444910884
vt 0.538908958 0.0209221244
vt 0.493839651 0.736694694
vt 0.493839651 0.0188085437
vt 0.493839651 0.0812335014
vt 0.493839651 0.112445951
vt 0.493839651 0.14365834
vt 0.493839651 0.174870849
vt 0.493839651 0.206083238
vt 0.493839651 0.237295747
vt 0.493839651 0.268508196
vt 0.493839651 0.299720645
vt 0.493839651 0.330932975
vt 0.493839651 0.362145543
vt 0.493839651 0.393357933
vt 0.493839651 0.424570322
vt 0.493839651 0.455782771
vt 0.493839651 0.48699522
vt 0.493839651 0.518207669
vt 0.493839651 0.549419999
vt 0.493839651 0.580632508
vt 0.493839651 0.611844957
vt 0.493839651 0.643057346
vt 0.493839651 0.674269795
vt 0.493839651 0.705482304
vt 0.493839651 0.0500210524
vt 0.507469535 0.424570322
vt 0.541856647 0.0209221244
vt 0.507469535 0.393357933
vt 0.507469535 0.362145543
vt 0.507469535 0.330932975
vt 0.507469535 0.299720645
vt 0.507469535 0.705482304
vt 0.507469535 0.268508196
vt 0.507469535 0.674269795
vt 0.507469535 0.237295747
vt 0.507469535 0.643057346
vt 0.507469535 0.206083238
vt 0.507469535 0.611844957
vt 0.507469535 0.174870849
vt 0.507469535 0.580632508
vt 0.507469535 0.14365834
vt 0.507469535 0.549419999
vt 0.507469535 0.112445951
vt 0.507469535 0.518207669
vt 0.507469535 0.0812335014
vt 0.507469535 0.48699522
vt 0.507469535 0.0500210524
vt 0.507469535 0.455782771
vt 0.643502355 0.0209221244
vt 0.926377773 0.0216554999
vt 0.926377773 0.045582056
vt 0.926377773 0.0695086122
vt 0.926377773 0.0934352279
vt 0.926377773 0.117361784
vt 0.926377773 0.14128834
vt 0.926377773 0.165214896
vt 0.926377773 0.189141512
vt 0.926377773 0.213068068
vt 0.926377773 0.236994565
vt 0.926377773 0.260921121
vt 0.926377773 0.284847796
vt 0.926377773 0.308774352
vt 0.926377773 0.332700849
vt 0.926377773 0.356627464
vt 0.926377773 0.38055408
vt 0.926377773 0.404480577
vt 0.926377773 0.428407133
vt 0.926377773 0.452333748
vt 0.926377773 0.476260304
vt 0.926377773 0.500186861
vt 0.926377773 0.524113536
vt 0.926377773 0.548040211
vt 0.926377773 0.571966946
vt 0.0957320333 0.736694694
vt 0.0957320333 0.705482304
vt 0.0957320333 0.674269795
vt 0.0957320333 0.643057346
vt 0.0957320333 0.611844957
vt 0.0957320333 0.580632508
vt 0.0957320333 0.549419999
vt 0.0957320333 0.518207669
vt 0.0957320333 0.48699522
vt 0.0957320333 0.455782771
vt 0.0957320333 0.424570322
vt 0.0957320333 0.393357933
vt 0.0957320333 0.362145543
vt 0.0957320333 0.330932975
vt 0.0957320333 0.299720645
vt 0.0957320333 0.268508196
vt 0.0957320333 0.237295747
vt 0.0957320333 0.206083238
vt 0.0957320333 0.174870849
vt 0.0957320333 0.14365834
vt 0.0957320333 0.112445951
vt 0.0957320333 0.0812335014
vt 0.0957320333 0.0500210524
vt 0.0957320333 0.0188085437
vt 0.454461485 0.0188085437
vt 0.59713757 0.854255915
vt 0.620325565 0.880671501
vt 0.590725183 0.88657403
vt 0.592684746 0.856454372
vt 0.621919632 0.875968218
vt 0.621270895 0.866142809
vt 0.594855428 0.889330983
vt 0.588952899 0.859730422
vt 0.622241974 0.871012807
vt 0.619072437 0.861690044
vt 0.599558592 0.890924931
vt 0.586195827 0.863860726
vt 0.615796328 0.857958078
vt 0.604514003 0.891247272
vt 0.584601879 0.86856389
vt 0.611666083 0.855201244
vt 0.60938406 0.890276253
vt 0.584279537 0.873519301
vt 0.606963038 0.853607237
vt 0.613836646 0.888077736
vt 0.585250616 0.878389359
vt 0.602007627 0.853284717
vt 0.617568612 0.884801745
vn 0 -0.0476101008 0.998865996
vn 0 -0.0476101008 0.998865996
vn -0.258527099 -0.0476097582 0.964830063
vn -0.499423451 -0.0476106453 0.86504881
vn -0.706304927 -0.0476098885 0.706304927
vn -0.86504881 -0.0476106453 0.499423451
vn -0.964830063 -0.0476097582 0.258527099
vn -0.998865996 -0.0476101008 0
vn -0.964830063 -0.0476097582 -0.258527099
vn -0.86504881 -0.0476106453 -0.499423451
vn -0.706304927 -0.0476098885 -0.706304927
vn -0.499423451 -0.0476106453 -0.86504881
vn -0.258527099 -0.0476097582 -0.964830063
vn 0 -0.0476101008 -0.998865996
vn 0.258527099 -0.0476097582 -0.964830063
vn 0.499423451 -0.0476106453 -0.86504881
vn 0.706304927 -0.0476098885 -0.706304927
vn 0.86504881 -0.0476106453 -0.499423451
vn 0.964830063 -0.0476097582 -0.258527099
vn 0.998865996 -0.0476101008 0
vn 0.964830063 -0.0476097582 0.258527099
vn 0.86504881 -0.0476106453 0.499423451
vn 0.706304927 -0.0476098885 0.706304927
vn 0.499423451 -0.0476106453 0.86504881
vn 0.258527099 -0.0476097582 0.964830063
vn -0.182779674 0.707954591 0.682196371
vn -0.353110505 0.707960567 0.611641077
vn -0.499392967 0.707964215 0.499392967
vn -0.611641077 0.707960567 0.353110505
vn -0.682196371 0.707954591 0.182779674
vn -0.706251745 0.707960785 0
vn -0.682196371 0.707954591 -0.182779674
vn -0.611641077 0.707960567 -0.353110505
vn -0.499392967 0.707964215 -0.499392967
vn -0.353110505 0.707960567 -0.611641077
vn -0.182779674 0.707954591 -0.682196371
vn 0 0.707960785 -0.706251745
vn 0.182779674 0.707954591 -0.682196371
vn 0.353110505 0.707960567 -0.611641077
vn 0.499392967 0.707964215 -0.499392967
vn 0.611634486 0.707952937 -0.353137217
vn 0.682196371 0.707954591 -0.182779674
vn 0.706251745 0.707960785 0
vn 0.682196371 0.707954591 0.182779674
vn 0.611641077 0.707960567 0.353110505
vn 0.499392967 0.707964215 0.499392967
vn 0.353137217 0.707952937 0.611634486
vn 0.182779674 0.707954591 0.682196371
vn 0 0.707960785 0.706251745
vn -0.254440616 -0.183177699 0.949581962
vn -0.491545349 -0.183177401 0.851369021
vn -0.695142372 -0.183177962 0.695142372
vn -0.851369021 -0.183177401 0.491545349
vn -0.949581962 -0.183177699 0.254440616
vn -0.983080238 -0.183175451 0
vn -0.949581962 -0.183177699 -0.254440616
vn -0.851369021 -0.183177401 -0.491545349
vn -0.695142372 -0.183177962 -0.695142372
vn -0.491545349 -0.183177401 -0.851369021
vn -0.254440616 -0.183177699 -0.949581962
vn 0 -0.183175451 -0.983080238
vn 0.254440616 -0.183177699 -0.949581962
vn 0.491545349 -0.183177401 -0.851369021
vn 0.695142372 -0.183177962 -0.695142372
vn 0.851369021 -0.183177401 -0.491545349
vn 0.949581962 -0.183177699 -0.254440616
vn 0.983080238 -0.183175451 0
vn 0.949581962 -0.183177699 0.254440616
vn 0.851369021 -0.183177401 0.491545349
vn 0.695142372 -0.183177962 0.695142372
vn 0.491545349 -0.183177401 0.851369021
vn 0.254440616 -0.183177699 0.949581962
vn 0 -0.183175451 0.983080238
vn 0 -0.183175451 0.983080238
vn -0.247112495 -0.297102642 0.922315258
vn -0.477415195 -0.297106487 0.826923495
vn -0.675177277 -0.297104844 0.675177277
vn -0.826923495 -0.297106487 0.477415195
vn -0.922315258 -0.297102642 0.247112495
vn -0.954845813 -0.29710179 0
vn -0.922315258 -0.297102642 -0.247112495
vn -0.826923495 -0.297106487 -0.477415195
vn -0.675177277 -0.297104844 -0.675177277
vn -0.477415195 -0.297106487 -0.826923495
vn -0.247112495 -0.297102642 -0.922315258
vn 0 -0.29710179 -0.954845813
vn 0.247112495 -0.297102642 -0.922315258
vn 0.477415195 -0.297106487 -0.826923495
vn 0.675177277 -0.297104844 -0.675177277
vn 0.826923495 -0.297106487 -0.477415195
vn 0.922315258 -0.297102642 -0.247112495
vn 0.954845813 -0.29710179 0
vn 0.922315258 -0.297102642 0.247112495
vn 0.826923495 -0.297106487 0.477415195
vn 0.675177277 -0.297104844 0.675177277
vn 0.477415195 -0.297106487 0.826923495
vn 0.247112495 -0.297102642 0.922315258
vn 0 -0.29710179 0.954845813
vn 0 -0.29710179 0.954845813
vn 0 0.356128598 0.934436954
vn 0 0.356128598 0.934436954
vn 0 -0.279924997 0.960021873
vn 0 -0.279924997 0.960021873
vn 0 0.00729395232 0.999973399
vn 0 0.00729395232 0.999973399
vn -0.248454262 -0.279919243 0.927316395
vn -0.241833208 0.356127187 0.902601865
vn -0.258802927 0.00729409193 0.965902604
vn -0.480007225 -0.279922832 0.831406202
vn -0.467218082 0.356128297 0.809246502
vn -0.499989199 0.00729398879 0.866000923
vn -0.678838572 -0.279922105 0.678838572
vn -0.660745951 0.356131405 0.660745951
vn -0.707087971 0.00729397148 0.707087971
vn -0.831406202 -0.279922832 0.480007225
vn -0.809246502 0.356128297 0.467218082
vn -0.866000923 0.00729398879 0.499989199
vn -0.927316395 -0.279919243 0.248454262
vn -0.902601865 0.356127187 0.241833208
vn -0.965902604 0.00729409193 0.258802927
vn -0.960021873 -0.279924997 0
vn -0.934436954 0.356128598 0
vn -0.999973399 0.00729395232 0
vn -0.927316395 -0.279919243 -0.248454262
vn -0.902601865 0.356127187 -0.241833208
vn -0.965902604 0.00729409193 -0.258802927
vn -0.831406202 -0.279922832 -0.480007225
vn -0.809246502 0.356128297 -0.467218082
vn -0.866000923 0.00729398879 -0.499989199
vn -0.678838572 -0.279922105 -0.678838572
vn -0.660745951 0.356131405 -0.660745951
vn -0.707087971 0.00729397148 -0.707087971
vn -0.480007225 -0.279922832 -0.831406202
vn -0.467218082 0.356128297 -0.809246502
vn -0.499989199 0.00729398879 -0.866000923
vn -0.248454262 -0.279919243 -0.927316395
vn -0.241833208 0.356127187 -0.902601865
vn -0.258802927 0.00729409193 -0.965902604
vn 0 -0.279924997 -0.960021873
vn 0 0.356128598 -0.934436954
vn 0 0.00729395232 -0.999973399
vn 0.248454262 -0.279919243 -0.927316395
vn 0.241833208 0.356127187 -0.902601865
vn 0.258802927 0.00729409193 -0.965902604
vn 0.480007225 -0.279922832 -0.831406202
vn 0.467218082 0.356128297 -0.809246502
vn 0.499989199 0.00729398879 -0.866000923
vn 0.678838572 -0.279922105 -0.678838572
vn 0.660745951 0.356131405 -0.660745951
vn 0.707087971 0.00729397148 -0.707087971
vn 0.831406202 -0.279922832 -0.480007225
vn 0.809246502 0.356128297 -0.467218082
vn 0.866000923 0.00729398879 -0.499989199
vn 0.927316395 -0.279919243 -0.248454262
vn 0.902601865 0.356127187 -0.241833208
vn 0.965902604 0.00729409193 -0.258802927
vn 0.960021873 -0.279924997 0
vn 0.934436954 0.356128598 0
vn 0.999973399 0.00729395232 0
vn 0.927316395 -0.279919243 0.248454262
vn 0.902601865 0.356127187 0.241833208
vn 0.965902604 0.00729409193 0.258802927
vn 0.831406202 -0.279922832 0.480007225
vn 0.809246502 0.356128297 0.467218082
vn 0.866000923 0.00729398879 0.499989199
vn 0.678838572 -0.279922105 0.678838572
vn 0.660745951 0.356131405 0.660745951
vn 0.707087971 0.00729397148 0.707087971
vn 0.480007225 -0.279922832 0.831406202
vn 0.467218082 0.356128297 0.809246502
vn 0.499989199 0.00729398879 0.866000923
vn 0.248454262 -0.279919243 0.927316395
vn 0.241833208 0.356127187 0.902601865
vn 0.258802927 0.00729409193 0.965902604
vn 0 0.264725879 0.964323705
vn 0 0.264725879 0.964323705
vn 0 0.264725879 0.964323705
vn 0 0.403287786 0.9150732
vn -0.236829302 0.403281238 0.883898255
vn -0.249583493 0.264720863 0.931467093
vn -0.249583493 0.264720863 0.931467093
vn -0.457513893 0.403281222 0.792493087
vn -0.482147736 0.264726507 0.835136777
vn -0.482147736 0.264726507 0.835136777
vn -0.647058523 0.403274766 0.647058523
vn -0.681881 0.264719859 0.681881
vn -0.681881 0.264719859 0.681881
vn -0.792493087 0.403281222 0.457513893
vn -0.835136777 0.264726507 0.482147736
vn -0.835136777 0.264726507 0.482147736
vn -0.883898255 0.403281238 0.236829302
vn -0.931467093 0.264720863 0.249583493
vn -0.931467093 0.264720863 0.249583493
vn -0.9150732 0.403287786 0
vn -0.964323705 0.264725879 0
vn -0.964323705 0.264725879 0
vn -0.883898255 0.403281238 -0.236829302
vn -0.931467093 0.264720863 -0.249583493
vn -0.931467093 0.264720863 -0.249583493
vn -0.792493087 0.403281222 -0.457513893
vn -0.835136777 0.264726507 -0.482147736
vn -0.835136777 0.264726507 -0.482147736
vn -0.647058523 0.403274766 -0.647058523
vn -0.681881 0.264719859 -0.681881
vn -0.681881 0.264719859 -0.681881
vn -0.457513893 0.403281222 -0.792493087
vn -0.48217116 0.264722611 -0.835124489
vn -0.48217116 0.264722611 -0.835124489
vn -0.236829302 0.403281238 -0.883898255
vn -0.249583493 0.264720863 -0.931467093
vn -0.249583493 0.264720863 -0.931467093
vn 0 0.403287786 -0.9150732
vn 0 0.264725879 -0.964323705
vn 0 0.264725879 -0.964323705
vn 0.236829302 0.403281238 -0.883898255
vn 0.249583493 0.264720863 -0.931467093
vn 0.249583493 0.264720863 -0.931467093
vn 0.457513893 0.403281222 -0.792493087
vn 0.482147736 0.264726507 -0.835136777
vn 0.482147736 0.264726507 -0.835136777
vn 0.647058523 0.403274766 -0.647058523
vn 0.681881 0.264719859 -0.681881
vn 0.681881 0.264719859 -0.681881
vn 0.792493087 0.403281222 -0.457513893
vn 0.835124489 0.264722611 -0.48217116
vn 0.835124489 0.264722611 -0.48217116
vn 0.883898255 0.403281238 -0.236829302
vn 0.931467093 0.264720863 -0.249583493
vn 0.931467093 0.264720863 -0.249583493
vn 0.9150732 0.403287786 0
vn 0.964323705 0.264725879 0
vn 0.964323705 0.264725879 0
vn 0.883898255 0.403281238 0.236829302
vn 0.931467093 0.264720863 0.249583493
vn 0.931467093 0.264720863 0.249583493
vn 0.792493087 0.403281222 0.457513893
vn 0.835136777 0.264726507 0.482147736
vn 0.835136777 0.264726507 0.482147736
vn 0.647058523 0.403274766 0.647058523
vn 0.681881 0.264719859 0.681881
vn 0.681881 0.264719859 0.681881
vn 0.457513893 0.403281222 0.792493087
vn 0.48217116 0.264722611 0.835124489
vn 0.48217116 0.264722611 0.835124489
vn 0.236829302 0.403281238 0.883898255
vn 0.249583493 0.264720863 0.931467093
vn 0.249583493 0.264720863 0.931467093
vn 0 0.0876212551 0.996153861
vn 0 0.0876212551 0.996153861
vn -0.257826385 0.0876206865 0.962210045
vn -0.49807783 0.0876214132 0.862694015
vn -0.704387159 0.0876211218 0.704387159
vn -0.862694015 0.0876214132 0.49807783
vn -0.962210045 0.0876206865 0.257826385
vn -0.996153861 0.0876212551 0
vn -0.962210045 0.0876206865 -0.257826385
vn -0.862694015 0.0876214132 -0.49807783
vn -0.704387159 0.0876211218 -0.704387159
vn -0.49807783 0.0876214132 -0.862694015
vn -0.257826385 0.0876206865 -0.962210045
vn 0 0.0876212551 -0.996153861
vn 0.257826385 0.0876206865 -0.962210045
vn 0.49807783 0.0876214132 -0.862694015
vn 0.704387159 0.0876211218 -0.704387159
vn 0.862694015 0.0876214132 -0.49807783
vn 0.962210045 0.0876206865 -0.257826385
vn 0.996153861 0.0876212551 0
vn 0.962210045 0.0876206865 0.257826385
vn 0.862694015 0.0876214132 0.49807783
vn 0.704387159 0.0876211218 0.704387159
vn 0.49807783 0.0876214132 0.862694015
vn 0.257826385 0.0876206865 0.962210045
vn 0 0.987292605 0.158912907
vn 0.041109171 0.987291474 0.153510852
vn 0.0794410883 0.987291289 0.137640924
vn 0.112371222 0.987291961 0.112371222
vn 0.137640924 0.987291289 0.0794410883
vn 0.153510852 0.987291474 0.041109171
vn 0.158912907 0.987292605 0
vn 0.153510852 0.987291474 -0.041109171
vn 0.137640924 0.987291289 -0.0794410883
vn 0.112371222 0.987291961 -0.112371222
vn 0.0794410883 0.987291289 -0.137640924
vn 0.041109171 0.987291474 -0.153510852
vn 0 0.987292605 -0.158912907
vn -0.041109171 0.987291474 -0.153510852
vn -0.0794410883 0.987291289 -0.137640924
vn -0.112371222 0.987291961 -0.112371222
vn -0.137640924 0.987291289 -0.0794410883
vn -0.153510852 0.987291474 -0.041109171
vn -0.158912907 0.987292605 0
vn -0.153510852 0.987291474 0.041109171
vn -0.137640924 0.987291289 0.0794410883
vn -0.112371222 0.987291961 0.112371222
vn -0.0794410883 0.987291289 0.137640924
vn -0.041109171 0.987291474 0.153510852
vn 0 1 0
vn 0.0256359978 0.995073434 -0.0957687613
vn 0.0495628522 0.995071892 -0.0858804613
vn 0.0701022528 0.995073539 -0.0701022528
vn 0.0858804613 0.995071892 -0.0495628522
vn 0.0957687613 0.995073434 -0.0256359978
vn 0.0991562212 0.995071879 0
vn 0.0957687613 0.995073434 0.0256359978
vn 0.0858804613 0.995071892 0.0495628522
vn 0.0701022528 0.995073539 0.0701022528
vn 0.0495628522 0.995071892 0.0858804613
vn 0.0256359978 0.995073434 0.0957687613
vn 0 0.995071879 0.0991562212
vn -0.0256359978 0.995073434 0.0957687613
vn -0.0495628522 0.995071892 0.0858804613
vn -0.0701022528 0.995073539 0.0701022528
vn -0.0858804613 0.995071892 0.0495628522
vn -0.0957687613 0.995073434 0.0256359978
vn -0.0991562212 0.995071879 0
vn -0.0957687613 0.995073434 -0.0256359978
vn -0.0858804613 0.995071892 -0.0495628522
vn -0.0701022528 0.995073539 -0.0701022528
vn -0.0495628522 0.995071892 -0.0858804613
vn -0.0256359978 0.995073434 -0.0957687613
vn 0 0.995071879 -0.0991562212
vn 0 0.646854311 -0.762613599
vn 0 0.646854311 -0.762613599
vn 0.197366087 0.646849267 -0.736636038
vn 0.381308661 0.64685747 -0.66043858
vn 0.5392469 0.646858224 -0.5392469
vn 0.66043858 0.64685747 -0.381308661
vn 0.736636038 0.646849267 -0.197366087
vn 0.762613599 0.646854311 0
vn 0.736636038 0.646849267 0.197366087
vn 0.66043858 0.64685747 0.381308661
vn 0.5392469 0.646858224 0.5392469
vn 0.381308661 0.64685747 0.66043858
vn 0.197366087 0.646849267 0.736636038
vn 0 0.646854311 0.762613599
vn -0.197366087 0.646849267 0.736636038
vn -0.381308661 0.64685747 0.66043858
vn -0.5392469 0.646858224 0.5392469
vn -0.66043858 0.64685747 0.381308661
vn -0.736636038 0.646849267 0.197366087
vn -0.762613599 0.646854311 0
vn -0.736636038 0.646849267 -0.197366087
vn -0.66043858 0.64685747 -0.381308661
vn -0.5392469 0.646858224 -0.5392469
vn -0.381308661 0.64685747 -0.66043858
vn -0.0488297039 -0.982026396 0.182317901
vn -0.197366087 0.646849267 -0.736636038
vn 0 0.195106572 -0.980782048
vn 0 0.195106572 -0.980782048
vn 0.253825707 0.195107344 -0.94736774
vn 0.490385255 0.195110348 -0.849384632
vn 0.693517299 0.195108971 -0.693517299
vn 0.849384632 0.195110348 -0.490385255
vn 0.94736774 0.195107344 -0.253825707
vn 0.980782048 0.195106572 0
vn 0.94736774 0.195107344 0.253825707
vn 0.849384632 0.195110348 0.490385255
vn 0.693517299 0.195108971 0.693517299
vn 0.490385255 0.195110348 0.849384632
vn 0.253825707 0.195107344 0.94736774
vn 0 0.195106572 0.980782048
vn -0.253825707 0.195107344 0.94736774
vn -0.490385255 0.195110348 0.849384632
vn -0.693517299 0.195108971 0.693517299
vn -0.849384632 0.195110348 0.490385255
vn -0.94736774 0.195107344 0.253825707
vn -0.980782048 0.195106572 0
vn -0.94736774 0.195107344 -0.253825707
vn -0.849384632 0.195110348 -0.490385255
vn -0.693517299 0.195108971 -0.693517299
vn -0.490385255 0.195110348 -0.849384632
vn -0.253825707 0.195107344 -0.94736774
vn 0.138069749 0.845784006 -0.515350521
vn 0.266771173 0.845787625 -0.462035102
vn 0.377252867 0.845789897 -0.377252867
vn 0.462035102 0.845787625 -0.266771173
vn 0.515350521 0.845784006 -0.138069749
vn 0.533535905 0.845777416 0
vn 0.515350521 0.845784006 0.138069749
vn 0.462035102 0.845787625 0.266771173
vn 0.377252867 0.845789897 0.377252867
vn 0.266771173 0.845787625 0.462035102
vn 0.138069749 0.845784006 0.515350521
vn 0 0.845777416 0.533535905
vn -0.138069749 0.845784006 0.515350521
vn -0.266771173 0.845787625 0.462035102
vn -0.377252867 0.845789897 0.377252867
vn -0.462035102 0.845787625 0.266771173
vn -0.515350521 0.845784006 0.138069749
vn -0.533535905 0.845777416 0
vn -0.515350521 0.845784006 -0.138069749
vn -0.462035102 0.845787625 -0.266771173
vn -0.377252867 0.845789897 -0.377252867
vn -0.266771173 0.845787625 -0.462035102
vn -0.138069749 0.845784006 -0.515350521
vn 0 0.845777416 -0.533535905
vn 0 0.845777416 -0.533535905
vn 0 0.0432147221 -0.999065808
vn 0 0.0432147221 -0.999065808
vn 0.258561496 0.0432156595 -0.965027647
vn 0.499535653 0.0432149599 -0.86521477
vn 0.706446216 0.0432144382 -0.706446216
vn 0.86521477 0.0432149599 -0.499535653
vn 0.965027647 0.0432156595 -0.258561496
vn 0.999065808 0.0432147221 0
vn 0.965027647 0.0432156595 0.258561496
vn 0.86521477 0.0432149599 0.499535653
vn 0.706446216 0.0432144382 0.706446216
vn 0.499535653 0.0432149599 0.86521477
vn 0.258561496 0.0432156595 0.965027647
vn 0 0.0432147221 0.999065808
vn -0.258561496 0.0432156595 0.965027647
vn -0.499535653 0.0432149599 0.86521477
vn -0.706446216 0.0432144382 0.706446216
vn -0.86521477 0.0432149599 0.499535653
vn -0.965027647 0.0432156595 0.258561496
vn -0.999065808 0.0432147221 0
vn -0.965027647 0.0432156595 -0.258561496
vn -0.86521477 0.0432149599 -0.499535653
vn -0.706446216 0.0432144382 -0.706446216
vn -0.499535653 0.0432149599 -0.86521477
vn -0.258561496 0.0432156595 -0.965027647
vn 0 0.31639256 -0.948628351
vn 0 0.31639256 -0.948628351
vn 0.245525872 0.316391137 -0.916304368
vn 0.474298394 0.316392211 -0.821545496
vn 0.670781536 0.316392577 -0.670781536
vn 0.821545496 0.316392211 -0.474298394
vn 0.916304368 0.316391137 -0.245525872
vn 0.948628351 0.31639256 0
vn 0.916304368 0.316391137 0.245525872
vn 0.821545496 0.316392211 0.474298394
vn 0.670781536 0.316392577 0.670781536
vn 0.474298394 0.316392211 0.821545496
vn 0.245525872 0.316391137 0.916304368
vn 0 0.31639256 0.948628351
vn -0.245525872 0.316391137 0.916304368
vn -0.474298394 0.316392211 0.821545496
vn -0.670781536 0.316392577 0.670781536
vn -0.821545496 0.316392211 0.474298394
vn -0.916304368 0.316391137 0.245525872
vn -0.948628351 0.31639256 0
vn -0.916311233 0.316393507 -0.245497193
vn -0.821545496 0.316392211 -0.474298394
vn -0.670781536 0.316392577 -0.670781536
vn -0.474298394 0.316392211 -0.821545496
vn -0.245525872 0.316391137 -0.916304368
vn 0 0.660168864 -0.751117215
vn 0 0.660168864 -0.751117215
vn 0.194406864 0.660159327 -0.725531278
vn 0.375543652 0.660169398 -0.650494683
vn 0.531125324 0.66016042 -0.531125324
vn 0.650494683 0.660169398 -0.375543652
vn 0.725531278 0.660159327 -0.194406864
vn 0.751117215 0.660168864 0
vn 0.725531278 0.660159327 0.194406864
vn 0.650494683 0.660169398 0.375543652
vn 0.531125324 0.66016042 0.531125324
vn 0.375543652 0.660169398 0.650494683
vn 0.194406864 0.660159327 0.725531278
vn 0 0.660168864 0.751117215
vn -0.194406864 0.660159327 0.725531278
vn -0.375543652 0.660169398 0.650494683
vn -0.531125324 0.66016042 0.531125324
vn -0.650494683 0.660169398 0.375543652
vn -0.725531278 0.660159327 0.194406864
vn -0.751117215 0.660168864 0
vn -0.725531278 0.660159327 -0.194406864
vn -0.650494683 0.660169398 -0.375543652
vn -0.531125324 0.66016042 -0.531125324
vn -0.375543652 0.660169398 -0.650494683
vn -0.194406864 0.660159327 -0.725531278
vn 0.211957701 -0.573796523 -0.791095117
vn 0.409508482 -0.573794107 -0.709269431
vn 0.579114982 -0.573804563 -0.579114982
vn 0.709269431 -0.573794107 -0.409508482
vn 0.791095117 -0.573796523 -0.211957701
vn 0.819005308 -0.573785941 0
vn 0.791095117 -0.573796523 0.211957701
vn 0.709269431 -0.573794107 0.409508482
vn 0.579114982 -0.573804563 0.579114982
vn 0.409508482 -0.573794107 0.709269431
vn 0.211957701 -0.573796523 0.791095117
vn 0 -0.573785941 0.819005308
vn -0.211957701 -0.573796523 0.791095117
vn -0.409508482 -0.573794107 0.709269431
vn -0.579114982 -0.573804563 0.579114982
vn -0.709269431 -0.573794107 0.409508482
vn -0.791095117 -0.573796523 0.211957701
vn -0.819005308 -0.573785941 0
vn -0.791095117 -0.573796523 -0.211957701
vn -0.709269431 -0.573794107 -0.409508482
vn -0.579114982 -0.573804563 -0.579114982
vn -0.409508482 -0.573794107 -0.709269431
vn -0.211957701 -0.573796523 -0.791095117
vn 0 -0.573785941 -0.819005308
vn 0 -0.573785941 -0.819005308
vn 0.252916608 0.212142305 -0.943943236
vn 0.256974277 0.118904014 -0.959075626
vn 0.488621109 0.212142741 -0.846312513
vn 0.496456512 0.11890297 -0.859879652
vn 0.691012824 0.212138058 -0.691012824
vn 0.702090546 0.11890219 -0.702090546
vn 0.846312513 0.212142741 -0.488621109
vn 0.859879652 0.11890297 -0.496456512
vn 0.943943236 0.212142305 -0.252916608
vn 0.959075626 0.118904014 -0.256974277
vn 0.977238849 0.21214201 0
vn 0.99290598 0.118902126 0
vn 0.943943236 0.212142305 0.252916608
vn 0.959075626 0.118904014 0.256974277
vn 0.846312513 0.212142741 0.488621109
vn 0.859879652 0.11890297 0.496456512
vn 0.691012824 0.212138058 0.691012824
vn 0.702090546 0.11890219 0.702090546
vn 0.488621109 0.212142741 0.846312513
vn 0.496456512 0.11890297 0.859879652
vn 0.252916608 0.212142305 0.943943236
vn 0.256974277 0.118904014 0.959075626
vn 0 0.21214201 0.977238849
vn 0 0.118902126 0.99290598
vn -0.252916608 0.212142305 0.943943236
vn -0.256974277 0.118904014 0.959075626
vn -0.488621109 0.212142741 0.846312513
vn -0.496456512 0.11890297 0.859879652
vn -0.691012824 0.212138058 0.691012824
vn -0.702090546 0.11890219 0.702090546
vn -0.846312513 0.212142741 0.488621109
vn -0.859879652 0.11890297 0.496456512
vn -0.943943236 0.212142305 0.252916608
vn -0.959075626 0.118904014 0.256974277
vn -0.977238849 0.21214201 0
vn -0.99290598 0.118902126 0
vn -0.943943236 0.212142305 -0.252916608
vn -0.959075626 0.118904014 -0.256974277
vn -0.846312513 0.212142741 -0.488621109
vn -0.859879652 0.11890297 -0.496456512
vn -0.691012824 0.212138058 -0.691012824
vn -0.702090546 0.11890219 -0.702090546
vn -0.488621109 0.212142741 -0.846312513
vn -0.496456512 0.11890297 -0.859879652
vn -0.252916608 0.212142305 -0.943943236
vn -0.256974277 0.118904014 -0.959075626
vn 0 0.21214201 -0.977238849
vn 0 0.21214201 -0.977238849
vn 0 0.118902126 -0.99290598
vn 0 0.118902126 -0.99290598
vn 0.240645818 0.367972942 -0.898156726
vn 0.464908492 0.367977535 -0.805265564
vn 0.657496026 0.367964605 -0.657496026
vn 0.805265564 0.367977535 -0.464908492
vn 0.898156726 0.367972942 -0.240645818
vn 0.929836417 0.367973148 0
vn 0.898156726 0.367972942 0.240645818
vn 0.805265564 0.367977535 0.464908492
vn 0.657496026 0.367964605 0.657496026
vn 0.464908492 0.367977535 0.805265564
vn 0.240645818 0.367972942 0.898156726
vn 0 0.367973148 0.929836417
vn -0.240645818 0.367972942 0.898156726
vn -0.464908492 0.367977535 0.805265564
vn -0.657496026 0.367964605 0.657496026
vn -0.805265564 0.367977535 0.464908492
vn -0.898156726 0.367972942 0.240645818
vn -0.929836417 0.367973148 0
vn -0.898156726 0.367972942 -0.240645818
vn -0.805265564 0.367977535 -0.464908492
vn -0.657496026 0.367964605 -0.657496026
vn -0.464908492 0.367977535 -0.805265564
vn -0.240645818 0.367972942 -0.898156726
vn 0 0.367973148 -0.929836417
vn 0 0.367973148 -0.929836417
vn 0 -0.180308668 -0.983610077
vn 0 -0.180308668 -0.983610077
vn 0.254562062 -0.180308425 -0.950098431
vn 0.491795179 -0.180310648 -0.851836588
vn 0.695518005 -0.180303656 -0.695518005
vn 0.851836588 -0.180310648 -0.491795179
vn 0.950098431 -0.180308425 -0.254562062
vn 0.983610077 -0.180308668 0
vn 0.950098431 -0.180308425 0.254562062
vn 0.851836588 -0.180310648 0.491795179
vn 0.695518005 -0.180303656 0.695518005
vn 0.491795179 -0.180310648 0.851836588
vn 0.254562062 -0.180308425 0.950098431
vn 0 -0.180308668 0.983610077
vn -0.254562062 -0.180308425 0.950098431
vn -0.491795179 -0.180310648 0.851836588
vn -0.695518005 -0.180303656 0.695518005
vn -0.851823802 -0.180307942 0.491818316
vn -0.950098431 -0.180308425 0.254562062
vn -0.983610077 -0.180308668 0
vn -0.950098431 -0.180308425 -0.254562062
vn -0.851836588 -0.180310648 -0.491795179
vn -0.695518005 -0.180303656 -0.695518005
vn -0.491818316 -0.180307942 -0.851823802
vn -0.254562062 -0.180308425 -0.950098431
vn 0 -0.286056852 -0.958212647
vn 0 -0.286056852 -0.958212647
vn 0 0.312333914 -0.949972382
vn 0 0.312333914 -0.949972382
vn 0 0.000885063437 -0.999999608
vn 0 0.000885063437 -0.999999608
vn 0.245859167 0.312329032 -0.917607676
vn 0.24800084 -0.286058563 -0.925562576
vn 0.258802081 0.000885054288 -0.965929966
vn 0.474971661 0.312334394 -0.822708422
vn 0.479089714 -0.286056046 -0.829846362
vn 0.499989089 0.000885044471 -0.866031251
vn 0.671731579 0.31233535 -0.671731579
vn 0.677558581 -0.286057231 -0.677558581
vn 0.707106504 0.000885065762 -0.707106504
vn 0.822708422 0.312334394 -0.474971661
vn 0.829846362 -0.286056046 -0.479089714
vn 0.866031251 0.000885044471 -0.499989089
vn 0.917607676 0.312329032 -0.245859167
vn 0.925562576 -0.286058563 -0.24800084
vn 0.965929966 0.000885054288 -0.258802081
vn 0.949972382 0.312333914 0
vn 0.958212647 -0.286056852 0
vn 0.999999608 0.000885063437 0
vn 0.917607676 0.312329032 0.245859167
vn 0.925562576 -0.286058563 0.24800084
vn 0.965929966 0.000885054288 0.258802081
vn 0.822708422 0.312334394 0.474971661
vn 0.829846362 -0.286056046 0.479089714
vn 0.866031251 0.000885044471 0.499989089
vn 0.671731579 0.31233535 0.671731579
vn 0.677558581 -0.286057231 0.677558581
vn 0.707106504 0.000885065762 0.707106504
vn 0.474971661 0.312334394 0.822708422
vn 0.479089714 -0.286056046 0.829846362
vn 0.499989089 0.000885044471 0.866031251
vn 0.245859167 0.312329032 0.917607676
vn 0.24800084 -0.286058563 0.925562576
vn 0.258802081 0.000885054288 0.965929966
vn 0 0.312333914 0.949972382
vn 0 -0.286056852 0.958212647
vn 0 0.000885063437 0.999999608
vn -0.245859167 0.312329032 0.917607676
vn -0.24800084 -0.286058563 0.925562576
vn -0.258802081 0.000885054288 0.965929966
vn -0.474971661 0.312334394 0.822708422
vn -0.479089714 -0.286056046 0.829846362
vn -0.499989089 0.000885044471 0.866031251
vn -0.671731579 0.31233535 0.671731579
vn -0.677558581 -0.286057231 0.677558581
vn -0.707106504 0.000885065762 0.707106504
vn -0.822708422 0.312334394 0.474971661
vn -0.829846362 -0.286056046 0.479089714
vn -0.866031251 0.000885044471 0.499989089
vn -0.917607676 0.312329032 0.245859167
vn -0.925562576 -0.286058563 0.24800084
vn -0.965929966 0.000885054288 0.258802081
vn -0.949972382 0.312333914 0
vn -0.958212647 -0.286056852 0
vn -0.999999608 0.000885063437 0
vn -0.917607676 0.312329032 -0.245859167
vn -0.925562576 -0.286058563 -0.24800084
vn -0.965929966 0.000885054288 -0.258802081
vn -0.822708422 0.312334394 -0.474971661
vn -0.829846362 -0.286056046 -0.479089714
vn -0.866031251 0.000885044471 -0.499989089
vn -0.671731579 0.31233535 -0.671731579
vn -0.677558581 -0.286057231 -0.677558581
vn -0.707106504 0.000885065762 -0.707106504
vn -0.474971661 0.312334394 -0.822708422
vn -0.479089714 -0.286056046 -0.829846362
vn -0.499989089 0.000885044471 -0.866031251
vn -0.245859167 0.312329032 -0.917607676
vn -0.24800084 -0.286058563 -0.925562576
vn -0.258802081 0.000885054288 -0.965929966
vn 0 -0.282604143 -0.959236623
vn 0 -0.282604143 -0.959236623
vn 0 -0.489656889 -0.871915209
vn 0 -0.489656889 -0.871915209
vn 0 -0.383136962 -0.923691544
vn 0 -0.383136962 -0.923691544
vn 0.225659735 -0.489651709 -0.842210714
vn 0.24824185 -0.282606281 -0.926557971
vn 0.23905508 -0.383135111 -0.892222032
vn 0.435940004 -0.489654259 -0.755112587
vn 0.479607108 -0.282606533 -0.830728938
vn 0.461847172 -0.383138123 -0.799938978
vn 0.616534724 -0.489663014 -0.616534724
vn 0.678282541 -0.282605005 -0.678282541
vn 0.653147234 -0.383141464 -0.653147234
vn 0.755112587 -0.489654259 -0.435940004
vn 0.830728938 -0.282606533 -0.479607108
vn 0.799938978 -0.383138123 -0.461847172
vn 0.842210714 -0.489651709 -0.225659735
vn 0.926557971 -0.282606281 -0.24824185
vn 0.892222032 -0.383135111 -0.23905508
vn 0.871915209 -0.489656889 0
vn 0.959236623 -0.282604143 0
vn 0.923691544 -0.383136962 0
vn 0.842210714 -0.489651709 0.225659735
vn 0.926557971 -0.282606281 0.24824185
vn 0.892222032 -0.383135111 0.23905508
vn 0.755112587 -0.489654259 0.435940004
vn 0.830728938 -0.282606533 0.479607108
vn 0.799938978 -0.383138123 0.461847172
vn 0.616534724 -0.489663014 0.616534724
vn 0.678282541 -0.282605005 0.678282541
vn 0.653147234 -0.383141464 0.653147234
vn 0.435940004 -0.489654259 0.755112587
vn 0.479607108 -0.282606533 0.830728938
vn 0.461847172 -0.383138123 0.799938978
vn 0.225659735 -0.489651709 0.842210714
vn 0.248270487 -0.28260414 0.926550952
vn 0.23905508 -0.383135111 0.892222032
vn 0 -0.489656889 0.871915209
vn 0 -0.282604143 0.959236623
vn 0 -0.383136962 0.923691544
vn -0.225659735 -0.489651709 0.842210714
vn -0.24824185 -0.282606281 0.926557971
vn -0.23905508 -0.383135111 0.892222032
vn -0.435940004 -0.489654259 0.755112587
vn -0.479607108 -0.282606533 0.830728938
vn -0.461847172 -0.383138123 0.799938978
vn -0.616534724 -0.489663014 0.616534724
vn -0.678282541 -0.282605005 0.678282541
vn -0.653147234 -0.383141464 0.653147234
vn -0.755112587 -0.489654259 0.435940004
vn -0.830728938 -0.282606533 0.479607108
vn -0.799938978 -0.383138123 0.461847172
vn -0.842210714 -0.489651709 0.225659735
vn -0.926550952 -0.28260414 0.248270487
vn -0.892222032 -0.383135111 0.23905508
vn -0.871915209 -0.489656889 0
vn -0.959236623 -0.282604143 0
vn -0.923691544 -0.383136962 0
vn -0.842210714 -0.489651709 -0.225659735
vn -0.926557971 -0.282606281 -0.24824185
vn -0.892222032 -0.383135111 -0.23905508
vn -0.755112587 -0.489654259 -0.435940004
vn -0.830728938 -0.282606533 -0.479607108
vn -0.799938978 -0.383138123 -0.461847172
vn -0.616534724 -0.489663014 -0.616534724
vn -0.678282541 -0.282605005 -0.678282541
vn -0.653147234 -0.383141464 -0.653147234
vn -0.435940004 -0.489654259 -0.755112587
vn -0.479607108 -0.282606533 -0.830728938
vn -0.461847172 -0.383138123 -0.799938978
vn -0.225659735 -0.489651709 -0.842210714
vn -0.248270487 -0.28260414 -0.926550952
vn -0.23905508 -0.383135111 -0.892222032
vn 0 -0.0226451468 -0.999743566
vn 0 -0.0226451468 -0.999743566
vn 0 -0.0910090387 -0.995850066
vn 0 -0.0910090387 -0.995850066
vn 0.257731052 -0.091006987 -0.96192122
vn 0.258739917 -0.0226450834 -0.96568155
vn 0.497917279 -0.0910076213 -0.862436083
vn 0.49987523 -0.022645303 -0.865801331
vn 0.704172362 -0.0910086222 -0.704172362
vn 0.706925448 -0.0226455416 -0.706925448
vn 0.862436083 -0.0910076213 -0.497917279
vn 0.865801331 -0.022645303 -0.49987523
vn 0.96192122 -0.091006987 -0.257731052
vn 0.96568155 -0.0226450834 -0.258739917
vn 0.995850066 -0.0910090387 0
vn 0.999743566 -0.0226451468 0
vn 0.96192122 -0.091006987 0.257731052
vn 0.96568155 -0.0226450834 0.258739917
vn 0.862436083 -0.0910076213 0.497917279
vn 0.865801331 -0.022645303 0.49987523
vn 0.704172362 -0.0910086222 0.704172362
vn 0.706925448 -0.0226455416 0.706925448
vn 0.497917279 -0.0910076213 0.862436083
vn 0.49987523 -0.022645303 0.865801331
vn 0.257731052 -0.091006987 0.96192122
vn 0.258739917 -0.0226450834 0.96568155
vn 0 -0.0910090387 0.995850066
vn 0 -0.0226451468 0.999743566
vn -0.257731052 -0.091006987 0.96192122
vn -0.258739917 -0.0226450834 0.96568155
vn -0.497917279 -0.0910076213 0.862436083
vn -0.49987523 -0.022645303 0.865801331
vn -0.704172362 -0.0910086222 0.704172362
vn -0.706925448 -0.0226455416 0.706925448
vn -0.862436083 -0.0910076213 0.497917279
vn -0.865801331 -0.022645303 0.49987523
vn -0.96192122 -0.091006987 0.257731052
vn -0.96568155 -0.0226450834 0.258739917
vn -0.995850066 -0.0910090387 0
vn -0.999743566 -0.0226451468 0
vn -0.96192122 -0.091006987 -0.257731052
vn -0.96568155 -0.0226450834 -0.258739917
vn -0.862436083 -0.0910076213 -0.497917279
vn -0.865801331 -0.022645303 -0.49987523
vn -0.704172362 -0.0910086222 -0.704172362
vn -0.706925448 -0.0226455416 -0.706925448
vn -0.497917279 -0.0910076213 -0.862436083
vn -0.49987523 -0.022645303 -0.865801331
vn -0.257731052 -0.091006987 -0.96192122
vn -0.258739917 -0.0226450834 -0.96568155
vn 0 -0.982035171 0.188697967
vn 0 -0.945640557 -0.32521368
vn 0 -0.3848169 -0.922992932
vn 0 -0.3848169 -0.922992932
vn 0 -0.3848169 -0.922992932
vn 0.238871504 -0.384812932 -0.891548884
vn 0.238871504 -0.384812932 -0.891548884
vn 0.0841721544 -0.945639639 -0.314134878
vn 0.461486793 -0.384821558 -0.799338669
vn 0.461486793 -0.384821558 -0.799338669
vn 0.162607353 -0.94564354 -0.281632994
vn 0.65265442 -0.38481738 -0.65265442
vn 0.65265442 -0.38481738 -0.65265442
vn 0.229962713 -0.945639625 -0.229962713
vn 0.799338669 -0.384821558 -0.461486793
vn 0.799338669 -0.384821558 -0.461486793
vn 0.281632994 -0.94564354 -0.162607353
vn 0.891548884 -0.384812932 -0.238871504
vn 0.891548884 -0.384812932 -0.238871504
vn 0.314134878 -0.945639639 -0.0841721544
vn 0.922992932 -0.3848169 0
vn 0.922992932 -0.3848169 0
vn 0.32521368 -0.945640557 0
vn 0.891548884 -0.384812932 0.238871504
vn 0.891548884 -0.384812932 0.238871504
vn 0.314134878 -0.945639639 0.0841721544
vn 0.799338669 -0.384821558 0.461486793
vn 0.799338669 -0.384821558 0.461486793
vn 0.281632994 -0.94564354 0.162607353
vn 0.65265442 -0.38481738 0.65265442
vn 0.65265442 -0.38481738 0.65265442
vn 0.229962713 -0.945639625 0.229962713
vn 0.461486793 -0.384821558 0.799338669
vn 0.461486793 -0.384821558 0.799338669
vn 0.162607353 -0.94564354 0.281632994
vn 0.238871504 -0.384812932 0.891548884
vn 0.238871504 -0.384812932 0.891548884
vn 0.0841721544 -0.945639639 0.314134878
vn 0 -0.3848169 0.922992932
vn 0 -0.3848169 0.922992932
vn 0 -0.945640557 0.32521368
vn -0.238871504 -0.384812932 0.891548884
vn -0.238871504 -0.384812932 0.891548884
vn -0.0841721544 -0.945639639 0.314134878
vn -0.461486793 -0.384821558 0.799338669
vn -0.461486793 -0.384821558 0.799338669
vn -0.162607353 -0.94564354 0.281632994
vn -0.65265442 -0.38481738 0.65265442
vn -0.65265442 -0.38481738 0.65265442
vn -0.229962713 -0.945639625 0.229962713
vn -0.799338669 -0.384821558 0.461486793
vn -0.799338669 -0.384821558 0.461486793
vn -0.281632994 -0.94564354 0.162607353
vn -0.891548884 -0.384812932 0.238871504
vn -0.891548884 -0.384812932 0.238871504
vn -0.314134878 -0.945639639 0.0841721544
vn -0.922992932 -0.3848169 0
vn -0.922992932 -0.3848169 0
vn -0.32521368 -0.945640557 0
vn -0.891548884 -0.384812932 -0.238871504
vn -0.891548884 -0.384812932 -0.238871504
vn -0.314134878 -0.945639639 -0.0841721544
vn -0.799338669 -0.384821558 -0.461486793
vn -0.799338669 -0.384821558 -0.461486793
vn -0.281632994 -0.94564354 -0.162607353
vn -0.65265442 -0.38481738 -0.65265442
vn -0.65265442 -0.38481738 -0.65265442
vn -0.229962713 -0.945639625 -0.229962713
vn -0.461486793 -0.384821558 -0.799338669
vn -0.461486793 -0.384821558 -0.799338669
vn -0.162607353 -0.94564354 -0.281632994
vn -0.238871504 -0.384812932 -0.891548884
vn -0.238871504 -0.384812932 -0.891548884
vn -0.0841721544 -0.945639639 -0.314134878
vn -0.0943332178 -0.982029897 0.16345802
vn -0.13345783 -0.982027502 0.13345783
vn -0.16345802 -0.982029897 0.0943332178
vn -0.182317901 -0.982026396 0.0488297039
vn -0.188697967 -0.982035171 0
vn -0.182317901 -0.982026396 -0.0488297039
vn -0.16345802 -0.982029897 -0.0943332178
vn -0.13345783 -0.982027502 -0.13345783
vn -0.0943332178 -0.982029897 -0.16345802
vn -0.0488297039 -0.982026396 -0.182317901
vn 0 -0.982035171 -0.188697967
vn 0.0488297039 -0.982026396 -0.182317901
vn 0.0943332178 -0.982029897 -0.16345802
vn 0.13345783 -0.982027502 -0.13345783
vn 0.16345802 -0.982029897 -0.0943332178
vn 0.182317901 -0.982026396 -0.0488297039
vn 0.188697967 -0.982035171 0
vn 0.182317901 -0.982026396 0.0488297039
vn 0.16345802 -0.982029897 0.0943332178
vn 0.13345783 -0.982027502 0.13345783
vn 0.0943332178 -0.982029897 0.16345802
vn 0.0488297039 -0.982026396 0.182317901
vn -0.142554316 -0.834633983 0.532037952
vn 0 -0.834632972 0.550806502
vn -0.275403359 -0.834633299 0.477011789
vn -0.389460665 -0.834650095 0.389460665
vn -0.477011789 -0.834633299 0.275403359
vn -0.532037952 -0.834633983 0.142554316
vn -0.550806502 -0.834632972 0
vn -0.532037952 -0.834633983 -0.142554316
vn -0.477011789 -0.834633299 -0.275403359
vn -0.389460665 -0.834650095 -0.389460665
vn -0.275403359 -0.834633299 -0.477011789
vn -0.142554316 -0.834633983 -0.532037952
vn 0 -0.834632972 -0.550806502
vn 0.142554316 -0.834633983 -0.532037952
vn 0.275403359 -0.834633299 -0.477011789
vn 0.389460665 -0.834650095 -0.389460665
vn 0.477011789 -0.834633299 -0.275403359
vn 0.532037952 -0.834633983 -0.142554316
vn 0.550806502 -0.834632972 0
vn 0.532037952 -0.834633983 0.142554316
vn 0.477011789 -0.834633299 0.275403359
vn 0.389460665 -0.834650095 0.389460665
vn 0.275403359 -0.834633299 0.477011789
vn 0.142554316 -0.834633983 0.532037952
vn -0.123238162 -0.879361333 0.459930431
vn 0 -0.879356389 0.476164195
vn -0.238081285 -0.87935339 0.412377154
vn -0.336692322 -0.879361451 0.336692322
vn -0.412377154 -0.87935339 0.238081285
vn -0.459930431 -0.879361333 0.123238162
vn -0.476164195 -0.879356389 0
vn -0.459930431 -0.879361333 -0.123238162
vn -0.412377154 -0.87935339 -0.238081285
vn -0.336692322 -0.879361451 -0.336692322
vn -0.238081285 -0.87935339 -0.412377154
vn -0.123238162 -0.879361333 -0.459930431
vn 0 -0.879356389 -0.476164195
vn 0.123238162 -0.879361333 -0.459930431
vn 0.238081285 -0.87935339 -0.412377154
vn 0.336692322 -0.879361451 -0.336692322
vn 0.412377154 -0.87935339 -0.238081285
vn 0.459930431 -0.879361333 -0.123238162
vn 0.476164195 -0.879356389 0
vn 0.459930431 -0.879361333 0.123238162
vn 0.412377154 -0.87935339 0.238081285
vn 0.336692322 -0.879361451 0.336692322
vn 0.238081285 -0.87935339 0.412377154
vn 0.123238162 -0.879361333 0.459930431
vn 0.0209972539 -0.99669812 -0.0784345077
vn 0 -0.996696877 -0.0812116641
vn 0.0405601692 -0.996699785 -0.0703165027
vn 0.0574067868 -0.996699013 -0.0574067868
vn 0.0703165027 -0.996699785 -0.0405601692
vn 0.0784345077 -0.99669812 -0.0209972539
vn 0.0812116641 -0.996696877 0
vn 0.0784345077 -0.99669812 0.0209972539
vn 0.0703165027 -0.996699785 0.0405601692
vn 0.0574067868 -0.996699013 0.0574067868
vn 0.0405601692 -0.996699785 0.0703165027
vn 0.0209972539 -0.99669812 0.0784345077
vn 0 -0.996696877 0.0812116641
vn -0.0209972539 -0.99669812 0.0784345077
vn -0.0405601692 -0.996699785 0.0703165027
vn -0.0574067868 -0.996699013 0.0574067868
vn -0.0703165027 -0.996699785 0.0405601692
vn -0.0784345077 -0.99669812 0.0209972539
vn -0.0812116641 -0.996696877 0
vn -0.0784345077 -0.99669812 -0.0209972539
vn -0.0703165027 -0.996699785 -0.0405601692
vn -0.0574067868 -0.996699013 -0.0574067868
vn -0.0405601692 -0.996699785 -0.0703165027
vn -0.0209972539 -0.99669812 -0.0784345077
vn 0.00762978427 -0.999562792 -0.0285659123
vn -0.0806631441 -0.950134325 0.301227857
vn 0 -0.950132034 0.311847909
vn 0 -0.999563524 -0.0295425463
vn 0.0147712652 -0.999562987 -0.0256055619
vn -0.155924015 -0.950132401 0.270066886
vn 0.0208751178 -0.999564134 -0.0208751178
vn -0.220503802 -0.950134805 0.220503802
vn 0.0256055619 -0.999562987 -0.0147712652
vn -0.270066886 -0.950132401 0.155924015
vn 0.0285659123 -0.999562792 -0.00762978427
vn -0.301227857 -0.950134325 0.0806631441
vn 0.0295425463 -0.999563524 0
vn -0.311847909 -0.950132034 0
vn 0.0285659123 -0.999562792 0.00762978427
vn -0.301227857 -0.950134325 -0.0806631441
vn 0.0256055619 -0.999562987 0.0147712652
vn -0.270066886 -0.950132401 -0.155924015
vn 0.0208751178 -0.999564134 0.0208751178
vn -0.220503802 -0.950134805 -0.220503802
vn 0.0147712652 -0.999562987 0.0256055619
vn -0.155924015 -0.950132401 -0.270066886
vn 0.00762978427 -0.999562792 0.0285659123
vn -0.0806631441 -0.950134325 -0.301227857
vn 0 -0.999563524 0.0295425463
vn 0 -0.950132034 -0.311847909
vn -0.00762978427 -0.999562792 0.0285659123
vn 0.0806631441 -0.950134325 -0.301227857
vn -0.0147712652 -0.999562987 0.0256055619
vn 0.155924015 -0.950132401 -0.270066886
vn -0.0208751178 -0.999564134 0.0208751178
vn 0.220503802 -0.950134805 -0.220503802
vn -0.0256055619 -0.999562987 0.0147712652
vn 0.270066886 -0.950132401 -0.155924015
vn -0.0285659123 -0.999562792 0.00762978427
vn 0.301227857 -0.950134325 -0.0806631441
vn -0.0295425463 -0.999563524 0
vn 0.311847909 -0.950132034 0
vn -0.0285659123 -0.999562792 -0.00762978427
vn 0.301227857 -0.950134325 0.0806631441
vn -0.0256055619 -0.999562987 -0.0147712652
vn 0.270066886 -0.950132401 0.155924015
vn -0.0208751178 -0.999564134 -0.0208751178
vn 0.220503802 -0.950134805 0.220503802
vn -0.0147712652 -0.999562987 -0.0256055619
vn 0.155924015 -0.950132401 0.270066886
vn -0.00762978427 -0.999562792 -0.0285659123
vn 0.0806631441 -0.950134325 0.301227857
vn 0.0976325302 0.926120373 -0.364374729
vn 0.188610344 0.926113423 -0.326710981
vn 0.266741966 0.926119564 -0.266741966
vn 0.326710981 0.926113423 -0.188610344
vn 0.364364431 0.926124716 -0.0976297708
vn 0.377250349 0.926111318 0
vn 0.364374729 0.926120373 0.0976325302
vn 0.326710981 0.926113423 0.188610344
vn 0.266741966 0.926119564 0.266741966
vn 0.188610344 0.926113423 0.326710981
vn 0.0976325302 0.926120373 0.364374729
vn 0 0.926111318 0.377250349
vn -0.0976325302 0.926120373 0.364374729
vn -0.188610344 0.926113423 0.326710981
vn -0.266741966 0.926119564 0.266741966
vn -0.326710981 0.926113423 0.188610344
vn -0.364364431 0.926124716 0.0976297708
vn -0.377250349 0.926111318 0
vn -0.364374729 0.926120373 -0.0976325302
vn -0.326710981 0.926113423 -0.188610344
vn -0.266741966 0.926119564 -0.266741966
vn -0.188610344 0.926113423 -0.326710981
vn -0.0976297708 0.926124716 -0.364364431
vn 0 0.926111318 -0.377250349
vn 0 0.926111318 -0.377250349
vn 0 -0.349965928 -0.93676243
vn 0 -0.349965928 -0.93676243
vn 0.239635084 0.377825054 -0.894328382
vn 0.462944485 0.377826672 -0.80182879
vn 0.654693819 0.377825364 -0.654693819
vn 0.801840119 0.37783201 -0.462920507
vn 0.894328382 0.377825054 -0.239635084
vn 0.92587379 0.377832932 0
vn 0.894328382 0.377825054 0.239635084
vn 0.801840119 0.37783201 0.462920507
vn 0.654693819 0.377825364 0.654693819
vn 0.462944485 0.377826672 0.80182879
vn 0.239635084 0.377825054 0.894328382
vn 0 0.377832932 0.92587379
vn -0.239635084 0.377825054 0.894328382
vn -0.462920507 0.37783201 0.801840119
vn -0.654693819 0.377825364 0.654693819
vn -0.80182879 0.377826672 0.462944485
vn -0.894328382 0.377825054 0.239635084
vn -0.92587379 0.377832932 0
vn -0.894328382 0.377825054 -0.239635084
vn -0.801840119 0.37783201 -0.462920507
vn -0.654693819 0.377825364 -0.654693819
vn -0.462944485 0.377826672 -0.80182879
vn -0.239635084 0.377825054 -0.894328382
vn 0 0.377832932 -0.92587379
vn 0 0.377832932 -0.92587379
vn 0.242418572 -0.349970257 -0.904850294
vn 0.468378723 -0.349964066 -0.811262303
vn 0.662391304 -0.349965027 -0.662391304
vn 0.811262303 -0.349964066 -0.468378723
vn 0.904850294 -0.349970257 -0.242418572
vn 0.93676243 -0.349965928 0
vn 0.904850294 -0.349970257 0.242418572
vn 0.811262303 -0.349964066 0.468378723
vn 0.662391304 -0.349965027 0.662391304
vn 0.468378723 -0.349964066 0.811262303
vn 0.242418572 -0.349970257 0.904850294
vn 0 -0.349965928 0.93676243
vn -0.242418572 -0.349970257 0.904850294
vn -0.468378723 -0.349964066 0.811262303
vn -0.662391304 -0.349965027 0.662391304
vn -0.811262303 -0.349964066 0.468378723
vn -0.904850294 -0.349970257 0.242418572
vn -0.93676243 -0.349965928 0
vn -0.904850294 -0.349970257 -0.242418572
vn -0.811262303 -0.349964066 -0.468378723
vn -0.662391304 -0.349965027 -0.662391304
vn -0.468378723 -0.349964066 -0.811262303
vn -0.242418572 -0.349970257 -0.904850294
vn 0 0.7008689 0.713290113
vn 0 0.7008689 0.713290113
vn -0.184611965 0.70087847 0.688975902
vn -0.356650072 0.700878756 0.61771328
vn -0.504364782 0.700879686 0.504364782
vn -0.61771328 0.700878756 0.356650072
vn -0.688975902 0.70087847 0.184611965
vn -0.713290113 0.7008689 0
vn -0.688975902 0.70087847 -0.184611965
vn -0.61771328 0.700878756 -0.356650072
vn -0.504364782 0.700879686 -0.504364782
vn -0.356650072 0.700878756 -0.61771328
vn -0.184611965 0.70087847 -0.688975902
vn 0 0.7008689 -0.713290113
vn 0.184611965 0.70087847 -0.688975902
vn 0.356650072 0.700878756 -0.61771328
vn 0.504364782 0.700879686 -0.504364782
vn 0.61771328 0.700878756 -0.356650072
vn 0.688975902 0.70087847 -0.184611965
vn 0.713290113 0.7008689 0
vn 0.688975902 0.70087847 0.184611965
vn 0.61771328 0.700878756 0.356650072
vn 0.504364782 0.700879686 0.504364782
vn 0.356650072 0.700878756 0.61771328
vn 0.184611965 0.70087847 0.688975902
vn -0.249341088 -0.268018762 -0.930588505
vn 0 -0.268015307 -0.963414654
vn 0 -0.268015307 -0.963414654
vn 0.249341088 -0.268018762 -0.930588505
vn 0.481715788 -0.268020015 -0.834335167
vn 0.681237153 -0.268014706 -0.681237153
vn 0.834335167 -0.268020015 -0.481715788
vn 0.930588505 -0.268018762 -0.249341088
vn 0.963414654 -0.268015307 0
vn 0.930588505 -0.268018762 0.249341088
vn 0.834335167 -0.268020015 0.481715788
vn 0.681237153 -0.268014706 0.681237153
vn 0.481715788 -0.268020015 0.834335167
vn 0.249341088 -0.268018762 0.930588505
vn 0 -0.268015307 0.963414654
vn -0.249341088 -0.268018762 0.930588505
vn -0.481715788 -0.268020015 0.834335167
vn -0.681237153 -0.268014706 0.681237153
vn -0.834335167 -0.268020015 0.481715788
vn -0.930588505 -0.268018762 0.249341088
vn -0.963414654 -0.268015307 0
vn -0.930588505 -0.268018762 -0.249341088
vn -0.834335167 -0.268020015 -0.481715788
vn -0.681237153 -0.268014706 -0.681237153
vn -0.481715788 -0.268020015 -0.834335167
vn -0.00128180075 0.999987699 0.00479149327
vn -0.00128180075 0.999987699 0.00479149327
vn 0 0.419907599 0.907566861
vn 0 0.419907599 0.907566861
vn -0.00247204427 0.999987686 0.00430318817
vn -0.00247204427 0.999987686 0.00430318817
vn -0.234878061 0.419917782 0.876642089
vn -0.00350969246 0.999987682 0.00350969246
vn -0.00350969246 0.999987682 0.00350969246
vn -0.453792844 0.41991631 0.785965869
vn -0.00430318817 0.999987686 0.00247204427
vn -0.00430318817 0.999987686 0.00247204427
vn -0.641729049 0.419914854 0.641759568
vn -0.00479149327 0.999987699 0.00128180075
vn -0.00479149327 0.999987699 0.00128180075
vn -0.785965869 0.41991631 0.453792844
vn -0.0049746073 0.999987627 0
vn -0.0049746073 0.999987627 0
vn -0.876642089 0.419917782 0.234878061
vn -0.00479149327 0.999987699 -0.00128180075
vn -0.00479149327 0.999987699 -0.00128180075
vn -0.907566861 0.419907599 0
vn -0.00430318817 0.999987686 -0.00247204427
vn -0.00430318817 0.999987686 -0.00247204427
vn -0.876642089 0.419917782 -0.234878061
vn -0.00350969246 0.999987682 -0.00350969246
vn -0.00350969246 0.999987682 -0.00350969246
vn -0.785965869 0.41991631 -0.453792844
vn -0.00247204427 0.999987686 -0.00430318817
vn -0.00247204427 0.999987686 -0.00430318817
vn -0.641746999 0.41990663 -0.641746999
vn -0.00128180075 0.999987699 -0.00479149327
vn -0.00128180075 0.999987699 -0.00479149327
vn -0.453792844 0.41991631 -0.785965869
vn 0 0.999987778 -0.00494408899
vn 0 0.999987778 -0.00494408899
vn -0.234878061 0.419917782 -0.876642089
vn 0.00128180075 0.999987699 -0.00479149327
vn 0.00128180075 0.999987699 -0.00479149327
vn 0 0.419907599 -0.907566861
vn 0.00247204427 0.999987686 -0.00430318817
vn 0.00247204427 0.999987686 -0.00430318817
vn 0.234878061 0.419917782 -0.876642089
vn 0.00350969246 0.999987682 -0.00350969246
vn 0.00350969246 0.999987682 -0.00350969246
vn 0.453792844 0.41991631 -0.785965869
vn 0.00430318817 0.999987686 -0.00247204427
vn 0.00430318817 0.999987686 -0.00247204427
vn 0.641746999 0.41990663 -0.641746999
vn 0.00479149327 0.999987699 -0.00128180075
vn 0.00479149327 0.999987699 -0.00128180075
vn 0.785965869 0.41991631 -0.453792844
vn 0.00494408899 0.999987778 0
vn 0.00494408899 0.999987778 0
vn 0.876642089 0.419917782 -0.234878061
vn 0.00479149327 0.999987699 0.00128180075
vn 0.00479149327 0.999987699 0.00128180075
vn 0.907566861 0.419907599 0
vn 0.00430318817 0.999987686 0.00247204427
vn 0.00430318817 0.999987686 0.00247204427
vn 0.876642089 0.419917782 0.234878061
vn 0.00350969246 0.999987682 0.00350969246
vn 0.00350969246 0.999987682 0.00350969246
vn 0.785965869 0.41991631 0.453792844
vn 0 0.999987778 0.00494408899
vn 0 0.999987778 0.00494408899
vn 0 0.999987778 0.00494408899
vn 0 0.999987778 0.00494408899
vn 0.641759568 0.419914854 0.641729049
vn 0.453792844 0.41991631 0.785965869
vn 0.00128180075 0.999987699 0.00479149327
vn 0.00128180075 0.999987699 0.00479149327
vn 0.00247204427 0.999987686 0.00430318817
vn 0.00247204427 0.999987686 0.00430318817
vn 0.234878061 0.419917782 0.876642089
vn 0.209298647 -0.588160304 -0.781192379
vn 0.404379133 -0.588165629 -0.700384687
vn 0.571866761 -0.588163936 -0.571866761
vn 0.700384687 -0.588165629 -0.404379133
vn 0.781192379 -0.588160304 -0.209298647
vn 0.808746644 -0.588157177 0
vn 0.781192379 -0.588160304 0.209298647
vn 0.700384687 -0.588165629 0.404379133
vn 0.571866761 -0.588163936 0.571866761
vn 0.404379133 -0.588165629 0.700384687
vn 0.209298647 -0.588160304 0.781192379
vn 0 -0.588157177 0.808746644
vn -0.209298647 -0.588160304 0.781192379
vn -0.404379133 -0.588165629 0.700384687
vn -0.571866761 -0.588163936 0.571866761
vn -0.700384687 -0.588165629 0.404379133
vn -0.781192379 -0.588160304 0.209298647
vn -0.808746644 -0.588157177 0
vn -0.781192379 -0.588160304 -0.209298647
vn -0.700384687 -0.588165629 -0.404379133
vn -0.571866761 -0.588163936 -0.571866761
vn -0.404379133 -0.588165629 -0.700384687
vn -0.209298647 -0.588160304 -0.781192379
vn 0 -0.588157177 -0.808746644
vn 0 -0.588157177 -0.808746644
vn 0 -1 0
vn 0.130378418 -0.0476100966 0.990320527
vn 0.382249746 -0.0476095507 0.922831763
vn 0.608063154 -0.0476098449 0.792459781
vn 0.792459781 -0.0476098449 0.608063154
vn 0.922831763 -0.0476095507 0.382249746
vn 0.990320527 -0.0476100966 0.130378418
vn 0.990320527 -0.0476100966 -0.130378418
vn 0.922831763 -0.0476095507 -0.382249746
vn 0.792459781 -0.0476098449 -0.608063154
vn 0.608063154 -0.0476098449 -0.792459781
vn 0.382249746 -0.0476095507 -0.922831763
vn 0.130378418 -0.0476100966 -0.990320527
vn -0.130378418 -0.0476100966 -0.990320527
vn -0.382249746 -0.0476095507 -0.922831763
vn -0.608063154 -0.0476098449 -0.792459781
vn -0.792459781 -0.0476098449 -0.608063154
vn -0.922831763 -0.0476095507 -0.382249746
vn -0.990320527 -0.0476100966 -0.130378418
vn -0.990320527 -0.0476100966 0.130378418
vn -0.922831763 -0.0476095507 0.382249746
vn -0.792459781 -0.0476098449 0.608063154
vn -0.608063154 -0.0476098449 0.792459781
vn -0.382249746 -0.0476095507 0.922831763
vn -0.130378418 -0.0476100966 0.990320527
vn -0.092169075 0.707962207 0.700210237
vn -0.270277262 0.707951811 0.652498608
vn -0.429930067 0.707963906 0.560309955
vn -0.560309955 0.707963906 0.429930067
vn -0.652498608 0.707951811 0.270277262
vn -0.700210237 0.707962207 0.092169075
vn -0.700210237 0.707962207 -0.092169075
vn -0.652498608 0.707951811 -0.270277262
vn -0.560309955 0.707963906 -0.429930067
vn -0.429930067 0.707963906 -0.560309955
vn -0.270277262 0.707951811 -0.652498608
vn -0.092169075 0.707962207 -0.700210237
vn 0.092169075 0.707962207 -0.700210237
vn 0.270277262 0.707951811 -0.652498608
vn 0.429930067 0.707963906 -0.560309955
vn 0.560309955 0.707963906 -0.429930067
vn 0.652498608 0.707951811 -0.270277262
vn 0.700210237 0.707962207 -0.092169075
vn 0.700210237 0.707962207 0.092169075
vn 0.65250399 0.707957651 0.270248973
vn 0.560309955 0.707963906 0.429930067
vn 0.429930067 0.707963906 0.560309955
vn 0.270277262 0.707951811 0.652498608
vn 0.092169075 0.707962207 0.700210237
vn -0.128304034 -0.183178112 0.974671152
vn -0.376208626 -0.183175484 0.90824766
vn -0.598460126 -0.183179039 0.779930072
vn -0.779930072 -0.183179039 0.598460126
vn -0.90824766 -0.183175484 0.376208626
vn -0.974671152 -0.183178112 0.128304034
vn -0.974671152 -0.183178112 -0.128304034
vn -0.90824766 -0.183175484 -0.376208626
vn -0.779930072 -0.183179039 -0.598460126
vn -0.598460126 -0.183179039 -0.779930072
vn -0.376208626 -0.183175484 -0.90824766
vn -0.128304034 -0.183178112 -0.974671152
vn 0.128304034 -0.183178112 -0.974671152
vn 0.376208626 -0.183175484 -0.90824766
vn 0.598460126 -0.183179039 -0.779930072
vn 0.779930072 -0.183179039 -0.598460126
vn 0.90824766 -0.183175484 -0.376208626
vn 0.974671152 -0.183178112 -0.128304034
vn 0.974671152 -0.183178112 0.128304034
vn 0.90824766 -0.183175484 0.376208626
vn 0.779930072 -0.183179039 0.598460126
vn 0.598460126 -0.183179039 0.779930072
vn 0.376208626 -0.183175484 0.90824766
vn 0.128304034 -0.183178112 0.974671152
vn -0.250382437 -0.253098684 0.934478299
vn -0.483721235 -0.253091496 0.837829613
vn -0.257185256 -0.111395064 0.959920249
vn -0.496881758 -0.111394777 0.860639136
vn 0 -0.111396185 0.993776076
vn 0 -0.111396185 0.993776076
vn -0.684084492 -0.253094477 0.684084492
vn -0.702705874 -0.111395281 0.702705874
vn -0.837829613 -0.253091496 0.483721235
vn -0.860639136 -0.111394777 0.496881758
vn -0.934478299 -0.253098684 0.250382437
vn -0.959920249 -0.111395064 0.257185256
vn -0.967442355 -0.253091465 0
vn -0.993776076 -0.111396185 0
vn -0.934478299 -0.253098684 -0.250382437
vn -0.959920249 -0.111395064 -0.257185256
vn -0.837841981 -0.253095232 -0.483697858
vn -0.860639136 -0.111394777 -0.496881758
vn -0.684084492 -0.253094477 -0.684084492
vn -0.702705874 -0.111395281 -0.702705874
vn -0.483721235 -0.253091496 -0.837829613
vn -0.496881758 -0.111394777 -0.860639136
vn -0.250382437 -0.253098684 -0.934478299
vn -0.257185256 -0.111395064 -0.959920249
vn 0 -0.253091465 -0.967442355
vn 0 -0.111396185 -0.993776076
vn 0.250382437 -0.253098684 -0.934478299
vn 0.257185256 -0.111395064 -0.959920249
vn 0.483697858 -0.253095232 -0.837841981
vn 0.496881758 -0.111394777 -0.860639136
vn 0.684084492 -0.253094477 -0.684084492
vn 0.702705874 -0.111395281 -0.702705874
vn 0.837829613 -0.253091496 -0.483721235
vn 0.860639136 -0.111394777 -0.496881758
vn 0.934478299 -0.253098684 -0.250382437
vn 0.959920249 -0.111395064 -0.257185256
vn 0.967442355 -0.253091465 0
vn 0.993776076 -0.111396185 0
vn 0.934478299 -0.253098684 0.250382437
vn 0.959920249 -0.111395064 0.257185256
vn 0.837841981 -0.253095232 0.483697858
vn 0.860639136 -0.111394777 0.496881758
vn 0.684084492 -0.253094477 0.684084492
vn 0.702705874 -0.111395281 0.702705874
vn 0.483733604 -0.253097967 0.837820518
vn 0.496881758 -0.111394777 0.860639136
vn 0.250382437 -0.253098684 0.934478299
vn 0.257185256 -0.111395064 0.959920249
vn 0 -0.253091465 0.967442355
vn 0 -0.253091465 0.967442355
vn 0.124610366 -0.297105539 0.946678697
vn 0.365407346 -0.297105193 0.882159836
vn 0.581275551 -0.297107903 0.757525992
vn 0.757525992 -0.297107903 0.581275551
vn 0.882159836 -0.297105193 0.365407346
vn 0.946678697 -0.297105539 0.124610366
vn 0.946678697 -0.297105539 -0.124610366
vn 0.882159836 -0.297105193 -0.365407346
vn 0.757525992 -0.297107903 -0.581275551
vn 0.581275551 -0.297107903 -0.757525992
vn 0.365407346 -0.297105193 -0.882159836
vn 0.124610366 -0.297105539 -0.946678697
vn -0.124610366 -0.297105539 -0.946678697
vn -0.365407346 -0.297105193 -0.882159836
vn -0.581275551 -0.297107903 -0.757525992
vn -0.757525992 -0.297107903 -0.581275551
vn -0.882159836 -0.297105193 -0.365407346
vn -0.946678697 -0.297105539 -0.124610366
vn -0.946678697 -0.297105539 0.124610366
vn -0.882159836 -0.297105193 0.365407346
vn -0.757525992 -0.297107903 0.581275551
vn -0.581275551 -0.297107903 0.757525992
vn -0.365407346 -0.297105193 0.882159836
vn -0.124610366 -0.297105539 0.946678697
vn 0.253220927 0.206556501 0.945099769
vn 0.121956474 0.356103137 0.926454086
vn 0 0.206551856 0.978435655
vn 0 0.206551856 0.978435655
vn 0.130500772 0.00729412661 0.991421376
vn 0.255017281 -0.170601553 0.951767459
vn 0 -0.170601835 0.98534005
vn 0 -0.170601835 0.98534005
vn 0.125282615 -0.279925002 0.951812093
vn 0.489214971 0.20655065 0.847352076
vn 0.357587318 0.356122436 0.863312296
vn 0.382682145 0.00729412486 0.923851271
vn 0.492676378 -0.170604035 0.853325407
vn 0.367388215 -0.279920659 0.886944375
vn 0.69185869 0.206550494 0.69185869
vn 0.568852771 0.356101427 0.741348972
vn 0.608732478 0.00729404679 0.793342024
vn 0.696740943 -0.170599284 0.696740943
vn 0.584416499 -0.279924197 0.761642829
vn 0.847352076 0.20655065 0.489214971
vn 0.741348972 0.356101427 0.568852771
vn 0.793342024 0.00729404679 0.608732478
vn 0.853325407 -0.170604035 0.492676378
vn 0.761642829 -0.279924197 0.584416499
vn 0.945099769 0.206556501 0.253220927
vn 0.863321678 0.356095788 0.357591204
vn 0.923851271 0.00729412486 0.382682145
vn 0.951767459 -0.170601553 0.255017281
vn 0.886944375 -0.279920659 0.367388215
vn 0.978435655 0.206551856 0
vn 0.926444018 0.356129786 0.121955148
vn 0.991421376 0.00729412661 0.130500772
vn 0.98534005 -0.170601835 0
vn 0.951812093 -0.279925002 0.125282615
vn 0.945099769 0.206556501 -0.253220927
vn 0.926444018 0.356129786 -0.121955148
vn 0.991421376 0.00729412661 -0.130500772
vn 0.951767459 -0.170601553 -0.255017281
vn 0.951812093 -0.279925002 -0.125282615
vn 0.84734347 0.206555991 -0.489227622
vn 0.863312296 0.356122436 -0.357587318
vn 0.923851271 0.00729412486 -0.382682145
vn 0.853325407 -0.170604035 -0.492676378
vn 0.886944375 -0.279920659 -0.367388215
vn 0.69185869 0.206550494 -0.69185869
vn 0.741340915 0.356128075 -0.568846588
vn 0.793342024 0.00729404679 -0.608732478
vn 0.696740943 -0.170599284 -0.696740943
vn 0.761642829 -0.279924197 -0.584416499
vn 0.489214971 0.20655065 -0.847352076
vn 0.568852771 0.356101427 -0.741348972
vn 0.608732478 0.00729404679 -0.793342024
vn 0.492676378 -0.170604035 -0.853325407
vn 0.584416499 -0.279924197 -0.761642829
vn 0.253220927 0.206556501 -0.945099769
vn 0.357591204 0.356095788 -0.863321678
vn 0.382682145 0.00729412486 -0.923851271
vn 0.255017281 -0.170601553 -0.951767459
vn 0.367388215 -0.279920659 -0.886944375
vn 0 0.206551856 -0.978435655
vn 0.121955148 0.356129786 -0.926444018
vn 0.130500772 0.00729412661 -0.991421376
vn 0 -0.170601835 -0.98534005
vn 0.125282615 -0.279925002 -0.951812093
vn -0.253220927 0.206556501 -0.945099769
vn -0.121955148 0.356129786 -0.926444018
vn -0.130500772 0.00729412661 -0.991421376
vn -0.255017281 -0.170601553 -0.951767459
vn -0.125282615 -0.279925002 -0.951812093
vn -0.489214971 0.20655065 -0.847352076
vn -0.357591204 0.356095788 -0.863321678
vn -0.382682145 0.00729412486 -0.923851271
vn -0.492676378 -0.170604035 -0.853325407
vn -0.367388215 -0.279920659 -0.886944375
vn -0.69185869 0.206550494 -0.69185869
vn -0.568852771 0.356101427 -0.741348972
vn -0.608732478 0.00729404679 -0.793342024
vn -0.696740943 -0.170599284 -0.696740943
vn -0.584416499 -0.279924197 -0.761642829
vn -0.847352076 0.20655065 -0.489214971
vn -0.741348972 0.356101427 -0.568852771
vn -0.793342024 0.00729404679 -0.608732478
vn -0.853325407 -0.170604035 -0.492676378
vn -0.761642829 -0.279924197 -0.584416499
vn -0.945099769 0.206556501 -0.253220927
vn -0.863312296 0.356122436 -0.357587318
vn -0.923851271 0.00729412486 -0.382682145
vn -0.951767459 -0.170601553 -0.255017281
vn -0.886944375 -0.279920659 -0.367388215
vn -0.978435655 0.206551856 0
vn -0.926444018 0.356129786 -0.121955148
vn -0.991421376 0.00729412661 -0.130500772
vn -0.98534005 -0.170601835 0
vn -0.951812093 -0.279925002 -0.125282615
vn -0.945099769 0.206556501 0.253220927
vn -0.926444018 0.356129786 0.121955148
vn -0.991421376 0.00729412661 0.130500772
vn -0.951767459 -0.170601553 0.255017281
vn -0.951812093 -0.279925002 0.125282615
vn -0.847352076 0.20655065 0.489214971
vn -0.863321678 0.356095788 0.357591204
vn -0.923851271 0.00729412486 0.382682145
vn -0.853325407 -0.170604035 0.492676378
vn -0.886944375 -0.279920659 0.367388215
vn -0.69185869 0.206550494 0.69185869
vn -0.741348972 0.356101427 0.568852771
vn -0.793342024 0.00729404679 0.608732478
vn -0.696740943 -0.170599284 0.696740943
vn -0.761642829 -0.279924197 0.584416499
vn -0.489214971 0.20655065 0.847352076
vn -0.568852771 0.356101427 0.741348972
vn -0.608732478 0.00729404679 0.793342024
vn -0.492676378 -0.170604035 0.853325407
vn -0.584416499 -0.279924197 0.761642829
vn -0.253220927 0.206556501 0.945099769
vn -0.357591204 0.356095788 0.863321678
vn -0.382682145 0.00729412486 0.923851271
vn -0.255017281 -0.170601553 0.951767459
vn -0.367388215 -0.279920659 0.886944375
vn -0.121956474 0.356103137 0.926454086
vn -0.130500772 0.00729412661 0.991421376
vn -0.125282615 -0.279925002 0.951812093
vn 0.0207225182 0.987295161 0.157539967
vn 0.0607940051 0.987292173 0.146827293
vn 0 -0.310407971 0.950603435
vn 0 -0.310407971 0.950603435
vn -0.246018866 -0.31041532 0.918214053
vn 0.0967454658 0.987292047 0.126074296
vn 0.246018866 -0.31041532 0.918214053
vn 0.126074296 0.987292047 0.0967454658
vn -0.475301249 -0.310407665 0.82324711
vn 0.146827293 0.987292173 0.0607940051
vn -0.672178245 -0.310407497 0.672178245
vn 0.157539967 0.987295161 0.0207225182
vn -0.82324711 -0.310407665 0.475301249
vn 0.157539967 0.987295161 -0.0207225182
vn -0.918214053 -0.31041532 0.246018866
vn 0.146827293 0.987292173 -0.0607940051
vn -0.950603435 -0.310407971 0
vn 0.126074296 0.987292047 -0.0967454658
vn -0.918214053 -0.31041532 -0.246018866
vn 0.0967454658 0.987292047 -0.126074296
vn -0.82324711 -0.310407665 -0.475301249
vn 0.0607940051 0.987292173 -0.146827293
vn -0.672178245 -0.310407497 -0.672178245
vn 0.0207225182 0.987295161 -0.157539967
vn -0.475301249 -0.310407665 -0.82324711
vn -0.0207225182 0.987295161 -0.157539967
vn -0.246018866 -0.31041532 -0.918214053
vn -0.0607940051 0.987292173 -0.146827293
vn 0 -0.310407971 -0.950603435
vn -0.0967454658 0.987292047 -0.126074296
vn 0.246018866 -0.31041532 -0.918214053
vn -0.126074296 0.987292047 -0.0967454658
vn 0.475301249 -0.310407665 -0.82324711
vn -0.146827293 0.987292173 -0.0607940051
vn 0.672178245 -0.310407497 -0.672178245
vn -0.157539967 0.987295161 -0.0207225182
vn 0.82324711 -0.310407665 -0.475301249
vn -0.157539967 0.987295161 0.0207225182
vn 0.918214053 -0.31041532 -0.246018866
vn -0.146827293 0.987292173 0.0607940051
vn 0.950603435 -0.310407971 0
vn -0.126074296 0.987292047 0.0967454658
vn 0.918214053 -0.31041532 0.246018866
vn -0.0967454658 0.987292047 0.126074296
vn 0.82324711 -0.310407665 0.475301249
vn -0.0607940051 0.987292173 0.146827293
vn 0.672178245 -0.310407497 0.672178245
vn -0.0207225182 0.987295161 0.157539967
vn 0.475301249 -0.310407665 0.82324711
vn 0.119422289 0.403282939 0.907249243
vn 0.125861254 0.264723685 0.956075476
vn 0.125861254 0.264723685 0.956075476
vn 0.350180543 0.40328443 0.845420165
vn 0.369038189 0.264723553 0.890916525
vn 0.369038189 0.264723553 0.890916525
vn 0.557060963 0.40327638 0.725982951
vn 0.587036706 0.264723479 0.765055151
vn 0.587036706 0.264723479 0.765055151
vn 0.725982951 0.40327638 0.557060963
vn 0.765055151 0.264723479 0.587036706
vn 0.765055151 0.264723479 0.587036706
vn 0.845420165 0.40328443 0.350180543
vn 0.890916525 0.264723553 0.369038189
vn 0.890916525 0.264723553 0.369038189
vn 0.907249243 0.403282939 0.119422289
vn 0.956075476 0.264723685 0.125861254
vn 0.956075476 0.264723685 0.125861254
vn 0.907249243 0.403282939 -0.119422289
vn 0.956075476 0.264723685 -0.125861254
vn 0.956075476 0.264723685 -0.125861254
vn 0.845420165 0.40328443 -0.350180543
vn 0.890916525 0.264723553 -0.369038189
vn 0.890916525 0.264723553 -0.369038189
vn 0.725982951 0.40327638 -0.557060963
vn 0.765055151 0.264723479 -0.587036706
vn 0.765055151 0.264723479 -0.587036706
vn 0.557060963 0.40327638 -0.725982951
vn 0.587036706 0.264723479 -0.765055151
vn 0.587036706 0.264723479 -0.765055151
vn 0.350180543 0.40328443 -0.845420165
vn 0.369038189 0.264723553 -0.890916525
vn 0.369038189 0.264723553 -0.890916525
vn 0.119422289 0.403282939 -0.907249243
vn 0.125861254 0.264723685 -0.956075476
vn 0.125861254 0.264723685 -0.956075476
vn -0.119422289 0.403282939 -0.907249243
vn -0.125861254 0.264723685 -0.956075476
vn -0.125861254 0.264723685 -0.956075476
vn -0.350180543 0.40328443 -0.845420165
vn -0.369038189 0.264723553 -0.890916525
vn -0.369038189 0.264723553 -0.890916525
vn -0.557060963 0.40327638 -0.725982951
vn -0.587036706 0.264723479 -0.765055151
vn -0.587036706 0.264723479 -0.765055151
vn -0.725982951 0.40327638 -0.557060963
vn -0.765055151 0.264723479 -0.587036706
vn -0.765055151 0.264723479 -0.587036706
vn -0.845420165 0.40328443 -0.350180543
vn -0.890916525 0.264723553 -0.369038189
vn -0.890916525 0.264723553 -0.369038189
vn -0.907249243 0.403282939 -0.119422289
vn -0.956075476 0.264723685 -0.125861254
vn -0.956075476 0.264723685 -0.125861254
vn -0.907249243 0.403282939 0.119422289
vn -0.956075476 0.264723685 0.125861254
vn -0.956075476 0.264723685 0.125861254
vn -0.845420165 0.40328443 0.350180543
vn -0.890916525 0.264723553 0.369038189
vn -0.890916525 0.264723553 0.369038189
vn -0.725982951 0.40327638 0.557060963
vn -0.765055151 0.264723479 0.587036706
vn -0.765055151 0.264723479 0.587036706
vn -0.557060963 0.40327638 0.725982951
vn -0.587036706 0.264723479 0.765055151
vn -0.587036706 0.264723479 0.765055151
vn -0.350180543 0.40328443 0.845420165
vn -0.369038189 0.264723553 0.890916525
vn -0.369038189 0.264723553 0.890916525
vn -0.119422289 0.403282939 0.907249243
vn -0.125861254 0.264723685 0.956075476
vn -0.125861254 0.264723685 0.956075476
vn 0.216261614 0.549352091 0.807120309
vn 0 0.549350205 0.835592216
vn -0.216261614 0.549352091 0.807120309
vn -0.417782689 0.549352625 0.723649996
vn -0.590844837 0.549367597 0.590844837
vn -0.723649996 0.549352625 0.417782689
vn -0.807120309 0.549352091 0.216261614
vn -0.835592216 0.549350205 0
vn -0.807120309 0.549352091 -0.216261614
vn -0.723649996 0.549352625 -0.417782689
vn -0.590844837 0.549367597 -0.590844837
vn -0.417782689 0.549352625 -0.723649996
vn -0.216261614 0.549352091 -0.807120309
vn 0 0.549350205 -0.835592216
vn 0.216261614 0.549352091 -0.807120309
vn 0.417782689 0.549352625 -0.723649996
vn 0.590844837 0.549367597 -0.590844837
vn 0.723649996 0.549352625 -0.417782689
vn 0.807120309 0.549352091 -0.216261614
vn 0.835592216 0.549350205 0
vn 0.807120309 0.549352091 0.216261614
vn 0.723649996 0.549352625 0.417782689
vn 0.590844837 0.549367597 0.590844837
vn 0.417782689 0.549352625 0.723649996
vn 0.130011976 0.0876207505 0.987633277
vn 0.381210999 0.0876196316 0.920326559
vn 0.606421315 0.0876213233 0.790301014
vn 0.790301014 0.0876213233 0.606421315
vn 0.920326559 0.0876196316 0.381210999
vn 0.987633277 0.0876207505 0.130011976
vn 0.987633277 0.0876207505 -0.130011976
vn 0.920326559 0.0876196316 -0.381210999
vn 0.790301014 0.0876213233 -0.606421315
vn 0.606421315 0.0876213233 -0.790301014
vn 0.381210999 0.0876196316 -0.920326559
vn 0.130011976 0.0876207505 -0.987633277
vn -0.130011976 0.0876207505 -0.987633277
vn -0.381210999 0.0876196316 -0.920326559
vn -0.606421315 0.0876213233 -0.790301014
vn -0.790301014 0.0876213233 -0.606421315
vn -0.920326559 0.0876196316 -0.381210999
vn -0.987633277 0.0876207505 -0.130011976
vn -0.987633277 0.0876207505 0.130011976
vn -0.920326559 0.0876196316 0.381210999
vn -0.790301014 0.0876213233 0.606421315
vn -0.606421315 0.0876213233 0.790301014
vn -0.381210999 0.0876196316 0.920326559
vn -0.130011976 0.0876207505 0.987633277
vn 0 0.162270507 0.986746311
vn 0 0.162270507 0.986746311
vn 0.255387164 0.16227216 0.953123886
vn -0.255387164 0.16227216 0.953123886
vn 0 0.017823242 0.999841153
vn 0 0.017823242 0.999841153
vn -0.25877076 0.0178231069 0.965774317
vn 0.25877076 0.0178231069 0.965774317
vn -0.493377428 0.162271913 0.854544639
vn -0.499907269 0.0178233115 0.86589552
vn -0.697734866 0.162271728 0.697734866
vn -0.706994464 0.0178228769 0.706994464
vn -0.854544639 0.162271913 0.493377428
vn -0.86589552 0.0178233115 0.499907269
vn -0.953123886 0.16227216 0.255387164
vn -0.965774317 0.0178231069 0.25877076
vn -0.986746311 0.162270507 0
vn -0.999841153 0.017823242 0
vn -0.953123886 0.16227216 -0.255387164
vn -0.965774317 0.0178231069 -0.25877076
vn -0.854544639 0.162271913 -0.493377428
vn -0.86589552 0.0178233115 -0.499907269
vn -0.697734866 0.162271728 -0.697734866
vn -0.706994464 0.0178228769 -0.706994464
vn -0.493377428 0.162271913 -0.854544639
vn -0.499907269 0.0178233115 -0.86589552
vn -0.255387164 0.16227216 -0.953123886
vn -0.25877076 0.0178231069 -0.965774317
vn 0 0.162270507 -0.986746311
vn 0 0.017823242 -0.999841153
vn 0.255387164 0.16227216 -0.953123886
vn 0.25877076 0.0178231069 -0.965774317
vn 0.493377428 0.162271913 -0.854544639
vn 0.499907269 0.0178233115 -0.86589552
vn 0.697734866 0.162271728 -0.697734866
vn 0.706994464 0.0178228769 -0.706994464
vn 0.854544639 0.162271913 -0.493377428
vn 0.86589552 0.0178233115 -0.499907269
vn 0.953123886 0.16227216 -0.255387164
vn 0.965774317 0.0178231069 -0.25877076
vn 0.986746311 0.162270507 0
vn 0.999841153 0.017823242 0
vn 0.953123886 0.16227216 0.255387164
vn 0.965774317 0.0178231069 0.25877076
vn 0.854544639 0.162271913 0.493377428
vn 0.86589552 0.0178233115 0.499907269
vn 0.697734866 0.162271728 0.697734866
vn 0.706994464 0.0178228769 0.706994464
vn 0.493377428 0.162271913 0.854544639
vn 0.499907269 0.0178233115 0.86589552
vn 0.235207439 0.417159776 0.877869684
vn 0.454406986 0.417173023 0.787071128
vn 0.642640295 0.417165318 0.642640295
vn 0.78708274 0.417163002 0.454396071
vn 0.877869684 0.417159776 0.235207439
vn 0.908830113 0.417166423 0
vn 0.877869684 0.417159776 -0.235207439
vn 0.787071128 0.417173023 -0.454406986
vn 0.642640295 0.417165318 -0.642640295
vn 0.454396071 0.417163002 -0.78708274
vn 0.235207439 0.417159776 -0.877869684
vn 0 0.417166423 -0.908830113
vn -0.235207439 0.417159776 -0.877869684
vn -0.454396071 0.417163002 -0.78708274
vn -0.642640295 0.417165318 -0.642640295
vn -0.78708274 0.417163002 -0.454396071
vn -0.877869684 0.417159776 -0.235207439
vn -0.908830113 0.417166423 0
vn -0.877869684 0.417159776 0.235207439
vn -0.78708274 0.417163002 0.454396071
vn -0.642640295 0.417165318 0.642640295
vn -0.454396071 0.417163002 0.78708274
vn -0.235207439 0.417159776 0.877869684
vn 0 0.459803963 0.888020448
vn 0 0.459803963 0.888020448
vn -0.45290748 0.883261117 0.121345021
vn 0 0.883253586 -0.468895621
vn 0.45290748 0.883261117 0.121345021
vn -0.406059871 0.883260306 0.234449594
vn -0.121345021 0.883261117 -0.45290748
vn 0.468895621 0.883253586 0
vn -0.331559559 0.883253371 0.331559559
vn -0.234449594 0.883260306 -0.406059871
vn 0.45290748 0.883261117 -0.121345021
vn -0.234449594 0.883260306 0.406059871
vn -0.331559559 0.883253371 -0.331559559
vn 0.406059871 0.883260306 -0.234449594
vn -0.121345021 0.883261117 0.45290748
vn 0 0.883253586 0.468895621
vn 0.121345021 0.883261117 0.45290748
vn -0.406059871 0.883260306 -0.234449594
vn 0.331559559 0.883253371 -0.331559559
vn 0.234449594 0.883260306 0.406059871
vn -0.45290748 0.883261117 -0.121345021
vn -0.468895621 0.883253586 0
vn 0.234449594 0.883260306 -0.406059871
vn 0.121345021 0.883261117 -0.45290748
vn 0.331559559 0.883253371 0.331559559
vn 0.406059871 0.883260306 0.234449594
vn -0.0224006089 0.99966533 -0.0129398613
vn -0.0182806147 0.999665763 -0.0182806147
vn 0.0249946836 0.999665242 -0.00668355982
vn 0.0258797156 0.999665064 0
vn 0 0.999665064 0.0258797156
vn -0.00668355982 0.999665242 0.0249946836
vn -0.0249946836 0.999665242 -0.00668355982
vn 0.0224006089 0.99966533 -0.0129398613
vn 0.00668355982 0.999665242 0.0249946836
vn -0.0258797156 0.999665064 0
vn 0.0182806147 0.999665763 -0.0182806147
vn 0.0129398613 0.99966533 0.0224006089
vn -0.0249946836 0.999665242 0.00668355982
vn 0.0129398613 0.99966533 -0.0224006089
vn 0.0182806147 0.999665763 0.0182806147
vn -0.0224006089 0.99966533 0.0129398613
vn -0.00668355982 0.999665242 -0.0249946836
vn 0 0.999665064 -0.0258797156
vn 0.0224006089 0.99966533 0.0129398613
vn -0.0182806147 0.999665763 0.0182806147
vn -0.0129398613 0.99966533 -0.0224006089
vn 0.0249946836 0.999665242 0.00668355982
vn -0.0129398613 0.99966533 0.0224006089
vn 0.00668355982 0.999665242 -0.0249946836
vn 0 0.99861648 -0.0525844642
vn -0.0136115384 0.998616907 -0.0507838562
vn 0 0.99861648 0.0525844642
vn 0.0136115384 0.998616907 -0.0507838562
vn -0.0455346089 0.998617905 0.0262464904
vn 0.0507838562 0.998616907 -0.0136115384
vn -0.0455346089 0.998617905 -0.0262464904
vn 0.0371418952 0.998619527 0.0371418952
vn -0.0136115384 0.998616907 0.0507838562
vn 0.0262464904 0.998617905 -0.0455346089
vn -0.0507838562 0.998616907 0.0136115384
vn 0.0525844642 0.99861648 0
vn -0.0262464904 0.998617905 -0.0455346089
vn -0.0371418952 0.998619527 -0.0371418952
vn 0.0136115384 0.998616907 0.0507838562
vn 0.0262464904 0.998617905 0.0455346089
vn -0.0371418952 0.998619527 0.0371418952
vn -0.0262464904 0.998617905 0.0455346089
vn 0.0455346089 0.998617905 -0.0262464904
vn 0.0371418952 0.998619527 -0.0371418952
vn -0.0507838562 0.998616907 -0.0136115384
vn -0.0525844642 0.99861648 0
vn 0.0455346089 0.998617905 0.0262464904
vn 0.0507838562 0.998616907 0.0136115384
vn 0.0127873124 0.995182535 -0.0972018845
vn 0.0375074198 0.995182684 -0.0905793529
vn 0.0596642458 0.995187426 -0.0777313689
vn 0.0777313689 0.995187426 -0.0596642458
vn 0.0905793529 0.995182684 -0.0375074198
vn 0.0972018845 0.995182535 -0.0127873124
vn 0.0972018845 0.995182535 0.0127873124
vn 0.0905793529 0.995182684 0.0375074198
vn 0.0777313689 0.995187426 0.0596642458
vn 0.0596642458 0.995187426 0.0777313689
vn 0.0375074198 0.995182684 0.0905793529
vn 0.0127873124 0.995182535 0.0972018845
vn -0.0127873124 0.995182535 0.0972018845
vn -0.0375074198 0.995182684 0.0905793529
vn -0.0596642458 0.995187426 0.0777313689
vn -0.0777313689 0.995187426 0.0596642458
vn -0.0905793529 0.995182684 0.0375074198
vn -0.0972018845 0.995182535 0.0127873124
vn -0.0972018845 0.995182535 -0.0127873124
vn -0.0905793529 0.995182684 -0.0375074198
vn -0.0777313689 0.995187426 -0.0596642458
vn -0.0596642458 0.995187426 -0.0777313689
vn -0.0375074198 0.995182684 -0.0905793529
vn -0.0127873124 0.995182535 -0.0972018845
vn 0.0995237863 0.646858803 -0.756087763
vn 0.291825197 0.646855767 -0.70456772
vn 0.464234932 0.646864733 -0.605022268
vn 0.605022268 0.646864733 -0.464234932
vn 0.70456772 0.646855767 -0.291825197
vn 0.756087763 0.646858803 -0.0995237863
vn 0.756087763 0.646858803 0.0995237863
vn 0.70456772 0.646855767 0.291825197
vn 0.605022268 0.646864733 0.464234932
vn 0.464234932 0.646864733 0.605022268
vn 0.291825197 0.646855767 0.70456772
vn 0.0995237863 0.646858803 0.756087763
vn -0.0995237863 0.646858803 0.756087763
vn -0.291825197 0.646855767 0.70456772
vn -0.464234932 0.646864733 0.605022268
vn -0.605022268 0.646864733 0.464234932
vn -0.70456772 0.646855767 0.291825197
vn -0.756087763 0.646858803 0.0995237863
vn -0.756087763 0.646858803 -0.0995237863
vn -0.70456772 0.646855767 -0.291825197
vn -0.605022268 0.646864733 -0.464234932
vn -0.464234932 0.646864733 -0.605022268
vn -0.291825197 0.646855767 -0.70456772
vn -0.0995237863 0.646858803 -0.756087763
vn 0.21680933 0.546082421 -0.809189535
vn 0.418873029 0.546076168 -0.725497211
vn 0.59236995 0.546072967 -0.59236995
vn 0.725497211 0.546076168 -0.418873029
vn 0.809189535 0.546082421 -0.21680933
vn 0.83773867 0.546071352 0
vn 0.809189535 0.546082421 0.21680933
vn 0.725497211 0.546076168 0.418873029
vn 0.59236995 0.546072967 0.59236995
vn 0.418873029 0.546076168 0.725497211
vn 0.21680933 0.546082421 0.809189535
vn 0 0.546071352 0.83773867
vn -0.21680933 0.546082421 0.809189535
vn -0.418873029 0.546076168 0.725497211
vn -0.59236995 0.546072967 0.59236995
vn -0.725497211 0.546076168 0.418873029
vn -0.809189535 0.546082421 0.21680933
vn -0.83773867 0.546071352 0
vn -0.809189535 0.546082421 -0.21680933
vn -0.725497211 0.546076168 -0.418873029
vn -0.59236995 0.546072967 -0.59236995
vn -0.418873029 0.546076168 -0.725497211
vn -0.21680933 0.546082421 -0.809189535
vn -0.127996364 0.195107485 -0.972393953
vn -0.375328668 0.195111101 -0.906123639
vn -0.597047207 0.195109278 -0.778117602
vn -0.778117602 0.195109278 -0.597047207
vn -0.906123639 0.195111101 -0.375328668
vn -0.972393953 0.195107485 -0.127996364
vn -0.972393953 0.195107485 0.127996364
vn -0.906123639 0.195111101 0.375328668
vn -0.778117602 0.195109278 0.597047207
vn -0.597047207 0.195109278 0.778117602
vn -0.375328668 0.195111101 0.906123639
vn -0.127996364 0.195107485 0.972393953
vn 0.127996364 0.195107485 0.972393953
vn 0.375328668 0.195111101 0.906123639
vn 0.597047207 0.195109278 0.778117602
vn 0.778117602 0.195109278 0.597047207
vn 0.906123639 0.195111101 0.375328668
vn 0.972393953 0.195107485 0.127996364
vn 0.972393953 0.195107485 -0.127996364
vn 0.906123639 0.195111101 -0.375328668
vn 0.778117602 0.195109278 -0.597047207
vn 0.597047207 0.195109278 -0.778117602
vn 0.375328668 0.195111101 -0.906123639
vn 0.127996364 0.195107485 -0.972393953
vn 0.228283455 -0.471032976 -0.852064903
vn 0.441065152 -0.471035099 -0.763928968
vn 0.623750147 -0.471032386 -0.623750147
vn 0.763928968 -0.471035099 -0.441065152
vn 0.852064903 -0.471032976 -0.228283455
vn 0.882117982 -0.471028519 0
vn 0.852064903 -0.471032976 0.228283455
vn 0.763928968 -0.471035099 0.441065152
vn 0.623750147 -0.471032386 0.623750147
vn 0.441065152 -0.471035099 0.763928968
vn 0.228283455 -0.471032976 0.852064903
vn 0 -0.471028519 0.882117982
vn -0.228283455 -0.471032976 0.852064903
vn -0.441065152 -0.471035099 0.763928968
vn -0.623750147 -0.471032386 0.623750147
vn -0.763928968 -0.471035099 0.441065152
vn -0.852064903 -0.471032976 0.228283455
vn -0.882117982 -0.471028519 0
vn -0.852064903 -0.471032976 -0.228283455
vn -0.763928968 -0.471035099 -0.441065152
vn -0.623750147 -0.471032386 -0.623750147
vn -0.441065152 -0.471035099 -0.763928968
vn -0.228283455 -0.471032976 -0.852064903
vn 0 0.159155682 -0.987253498
vn 0 0.159155682 -0.987253498
vn 0 0.159155682 -0.987253498
vn 0 0.159155682 -0.987253498
vn 0.0889650784 0.93900127 -0.332207511
vn 0.171948322 0.939001449 -0.297842331
vn 0.243210381 0.938995349 -0.243179862
vn 0.297842331 0.939001449 -0.171948322
vn 0.332207511 0.93900127 -0.0889650784
vn 0.343925509 0.938996935 0
vn 0.332207511 0.93900127 0.0889650784
vn 0.297842331 0.939001449 0.171948322
vn 0.243181667 0.939002318 0.243181667
vn 0.171948322 0.939001449 0.297842331
vn 0.0889650784 0.93900127 0.332207511
vn 0 0.938996935 0.343925509
vn -0.0889650784 0.93900127 0.332207511
vn -0.171948322 0.939001449 0.297842331
vn -0.243179862 0.938995349 0.243210381
vn -0.297842331 0.939001449 0.171948322
vn -0.332207511 0.93900127 0.0889650784
vn -0.343925509 0.938996935 0
vn -0.332207511 0.93900127 -0.0889650784
vn -0.297842331 0.939001449 -0.171948322
vn -0.243181667 0.939002318 -0.243181667
vn -0.171948322 0.939001449 -0.297842331
vn -0.0889650784 0.93900127 -0.332207511
vn 0 0.546071352 -0.83773867
vn 0 0.546071352 -0.83773867
vn 0.0696130206 0.845793632 -0.528949108
vn 0.204139542 0.845795077 -0.492907431
vn 0.324787762 0.845784896 -0.423273929
vn 0.423263004 0.845793583 -0.324779378
vn 0.492907431 0.845795077 -0.204139542
vn 0.528962761 0.845784946 -0.0696148175
vn 0.528962761 0.845784946 0.0696148175
vn 0.492884327 0.845807799 0.204142612
vn 0.423263004 0.845793583 0.324779378
vn 0.324779378 0.845793583 0.423263004
vn 0.204142612 0.845807799 0.492884327
vn 0.0696130206 0.845793632 0.528949108
vn -0.0696130206 0.845793632 0.528949108
vn -0.204142612 0.845807799 0.492884327
vn -0.324779378 0.845793583 0.423263004
vn -0.423273929 0.845784896 0.324787762
vn -0.492920154 0.84578639 0.204144811
vn -0.528949108 0.845793632 0.0696130206
vn -0.528949108 0.845793632 -0.0696130206
vn -0.492884327 0.845807799 -0.204142612
vn -0.423263004 0.845793583 -0.324779378
vn -0.324779378 0.845793583 -0.423263004
vn -0.204142612 0.845807799 -0.492884327
vn -0.0696130206 0.845793632 -0.528949108
vn -0.130376853 0.0432147997 -0.990522265
vn -0.382313531 0.0432151337 -0.923021569
vn -0.608187907 0.0432152804 -0.792615865
vn -0.792615865 0.0432152804 -0.608187907
vn -0.923021569 0.0432151337 -0.382313531
vn -0.990522265 0.0432147997 -0.130376853
vn -0.990522265 0.0432147997 0.130376853
vn -0.923021569 0.0432151337 0.382313531
vn -0.792615865 0.0432152804 0.608187907
vn -0.608187907 0.0432152804 0.792615865
vn -0.382313531 0.0432151337 0.923021569
vn -0.130376853 0.0432147997 0.990522265
vn 0.130376853 0.0432147997 0.990522265
vn 0.382313531 0.0432151337 0.923021569
vn 0.608187907 0.0432152804 0.792615865
vn 0.792615865 0.0432152804 0.608187907
vn 0.923021569 0.0432151337 0.382313531
vn 0.990522265 0.0432147997 0.130376853
vn 0.990522265 0.0432147997 -0.130376853
vn 0.923021569 0.0432151337 -0.382313531
vn 0.792615865 0.0432152804 -0.608187907
vn 0.608187907 0.0432152804 -0.792615865
vn 0.382313531 0.0432151337 -0.923021569
vn 0.130376853 0.0432147997 -0.990522265
vn 0.241986651 0.35454141 -0.903184837
vn 0.467523876 0.354541729 -0.809766379
vn 0.661168796 0.354558382 -0.661168796
vn 0.809766379 0.354541729 -0.467523876
vn 0.903184837 0.35454141 -0.241986651
vn 0.935041143 0.354539224 0
vn 0.903184837 0.35454141 0.241986651
vn 0.809766379 0.354541729 0.467523876
vn 0.661168796 0.354558382 0.661168796
vn 0.467523876 0.354541729 0.809766379
vn 0.241986651 0.35454141 0.903184837
vn 0 0.354539224 0.935041143
vn -0.241986651 0.35454141 0.903184837
vn -0.467523876 0.354541729 0.809766379
vn -0.661168796 0.354558382 0.661168796
vn -0.809766379 0.354541729 0.467523876
vn -0.903184837 0.35454141 0.241986651
vn -0.935041143 0.354539224 0
vn -0.903184837 0.35454141 -0.241986651
vn -0.809766379 0.354541729 -0.467523876
vn -0.661168796 0.354558382 -0.661168796
vn -0.467523876 0.354541729 -0.809766379
vn -0.241986651 0.35454141 -0.903184837
vn 0.123816752 0.316393464 -0.940512939
vn 0.363025193 0.316391937 -0.876418194
vn 0.577483068 0.31639186 -0.752601818
vn 0.752601818 0.31639186 -0.577483068
vn 0.876418194 0.316391937 -0.363025193
vn 0.940512939 0.316393464 -0.123816752
vn 0.940512939 0.316393464 0.123816752
vn 0.876418194 0.316391937 0.363025193
vn 0.752601818 0.31639186 0.577483068
vn 0.577483068 0.31639186 0.752601818
vn 0.363025193 0.316391937 0.876418194
vn 0.123816752 0.316393464 0.940512939
vn -0.123816752 0.316393464 0.940512939
vn -0.363025193 0.316391937 0.876418194
vn -0.577483068 0.31639186 0.752601818
vn -0.752601818 0.31639186 0.577483068
vn -0.876418194 0.316391937 0.363025193
vn -0.940512939 0.316393464 0.123816752
vn -0.940512939 0.316393464 -0.123816752
vn -0.876418194 0.316391937 -0.363025193
vn -0.752601818 0.31639186 -0.577483068
vn -0.577483068 0.31639186 -0.752601818
vn -0.363025193 0.316391937 -0.876418194
vn -0.123816752 0.316393464 -0.940512939
vn 0 0.798437178 -0.602078129
vn 0 0.798437178 -0.602078129
vn 0.25864941 -0.0337846489 -0.965380278
vn 0.25864941 -0.0337846489 -0.965380278
vn 0.499722503 -0.0337848306 -0.865526432
vn 0.499722503 -0.0337848306 -0.865526432
vn 0.706703116 -0.0337847797 -0.706703116
vn 0.706703116 -0.0337847797 -0.706703116
vn 0.865526432 -0.0337848306 -0.499722503
vn 0.865526432 -0.0337848306 -0.499722503
vn 0.965379282 -0.0338151322 -0.258649143
vn 0.965379282 -0.0338151322 -0.258649143
vn 0.999429148 -0.0337842945 0
vn 0.999429148 -0.0337842945 0
vn 0.965380278 -0.0337846489 0.25864941
vn 0.965380278 -0.0337846489 0.25864941
vn 0.86552554 -0.033815314 0.499721988
vn 0.86552554 -0.033815314 0.499721988
vn 0.706703116 -0.0337847797 0.706703116
vn 0.706703116 -0.0337847797 0.706703116
vn 0.499722503 -0.0337848306 0.865526432
vn 0.499722503 -0.0337848306 0.865526432
vn 0.25864941 -0.0337846489 0.965380278
vn 0.25864941 -0.0337846489 0.965380278
vn 0 -0.0337842945 0.999429148
vn 0 -0.0337842945 0.999429148
vn -0.25864941 -0.0337846489 0.965380278
vn -0.25864941 -0.0337846489 0.965380278
vn -0.499722503 -0.0337848306 0.865526432
vn -0.499722503 -0.0337848306 0.865526432
vn -0.706703116 -0.0337847797 0.706703116
vn -0.706703116 -0.0337847797 0.706703116
vn -0.865526432 -0.0337848306 0.499722503
vn -0.865526432 -0.0337848306 0.499722503
vn -0.965380278 -0.0337846489 0.25864941
vn -0.965380278 -0.0337846489 0.25864941
vn -0.999429148 -0.0337842945 0
vn -0.999429148 -0.0337842945 0
vn -0.965380278 -0.0337846489 -0.25864941
vn -0.965380278 -0.0337846489 -0.25864941
vn -0.865526432 -0.0337848306 -0.499722503
vn -0.865526432 -0.0337848306 -0.499722503
vn -0.706703116 -0.0337847797 -0.706703116
vn -0.706703116 -0.0337847797 -0.706703116
vn -0.499722503 -0.0337848306 -0.865526432
vn -0.499722503 -0.0337848306 -0.865526432
vn -0.25864941 -0.0337846489 -0.965380278
vn -0.25864941 -0.0337846489 -0.965380278
vn 0.0980277573 0.660161376 -0.744699615
vn 0.28743145 0.660164568 -0.693949497
vn 0.457239193 0.660161601 -0.595918602
vn 0.595918602 0.660161601 -0.457239193
vn 0.693949497 0.660164568 -0.28743145
vn 0.744699615 0.660161376 -0.0980277573
vn 0.744699615 0.660161376 0.0980277573
vn 0.693949497 0.660164568 0.28743145
vn 0.595910287 0.660152389 0.45726333
vn 0.457239193 0.660161601 0.595918602
vn 0.28743145 0.660164568 0.693949497
vn 0.0980277573 0.660161376 0.744699615
vn -0.0980277573 0.660161376 0.744699615
vn -0.28743145 0.660164568 0.693949497
vn -0.457239193 0.660161601 0.595918602
vn -0.595910287 0.660152389 0.45726333
vn -0.693949497 0.660164568 0.28743145
vn -0.744699615 0.660161376 0.0980277573
vn -0.744699615 0.660161376 -0.0980277573
vn -0.693949497 0.660164568 -0.28743145
vn -0.595918602 0.660161601 -0.457239193
vn -0.457239193 0.660161601 -0.595918602
vn -0.28743145 0.660164568 -0.693949497
vn -0.0980277573 0.660161376 -0.744699615
vn 0 -0.594546345 -0.804061343
vn 0 -0.594546345 -0.804061343
vn 0.10687858 -0.573793315 -0.811996429
vn 0.313402384 -0.573792806 -0.756664233
vn 0.498543597 -0.573805856 -0.649770053
vn 0.649770053 -0.573805856 -0.498543597
vn 0.756664233 -0.573792806 -0.313402384
vn 0.811996429 -0.573793315 -0.10687858
vn 0.811996429 -0.573793315 0.10687858
vn 0.756664233 -0.573792806 0.313402384
vn 0.649770053 -0.573805856 0.498543597
vn 0.498543597 -0.573805856 0.649770053
vn 0.313402384 -0.573792806 0.756664233
vn 0.10687858 -0.573793315 0.811996429
vn -0.10687858 -0.573793315 0.811996429
vn -0.313402384 -0.573792806 0.756664233
vn -0.498543597 -0.573805856 0.649770053
vn -0.649770053 -0.573805856 0.498543597
vn -0.756664233 -0.573792806 0.313402384
vn -0.811996429 -0.573793315 0.10687858
vn -0.811996429 -0.573793315 -0.10687858
vn -0.756664233 -0.573792806 -0.313402384
vn -0.649770053 -0.573805856 -0.498543597
vn -0.498543597 -0.573805856 -0.649770053
vn -0.313402384 -0.573792806 -0.756664233
vn -0.10687858 -0.573793315 -0.811996429
vn 0 0.164374248 -0.986398047
vn 0 0.164374248 -0.986398047
vn 0.127538265 0.212136509 -0.968881878
vn 0.255295415 0.16437791 -0.95278757
vn 0.129582758 0.118901188 -0.984413946
vn 0.373955493 0.21214107 -0.902858491
vn 0.493185004 0.164374661 -0.854253781
vn 0.379957488 0.118900754 -0.917330321
vn 0.594916833 0.212141107 -0.775287116
vn 0.697488419 0.164377036 -0.697488419
vn 0.604433632 0.118902981 -0.78773223
vn 0.775287116 0.212141107 -0.594916833
vn 0.854253781 0.164374661 -0.493185004
vn 0.78773223 0.118902981 -0.604433632
vn 0.902858491 0.21214107 -0.373955493
vn 0.95278757 0.16437791 -0.255295415
vn 0.917330321 0.118900754 -0.379957488
vn 0.968881878 0.212136509 -0.127538265
vn 0.986398047 0.164374248 0
vn 0.984413946 0.118901188 -0.129582758
vn 0.968881878 0.212136509 0.127538265
vn 0.95278757 0.16437791 0.255295415
vn 0.984413946 0.118901188 0.129582758
vn 0.902858491 0.21214107 0.373955493
vn 0.854253781 0.164374661 0.493185004
vn 0.917330321 0.118900754 0.379957488
vn 0.775287116 0.212141107 0.594916833
vn 0.697488419 0.164377036 0.697488419
vn 0.78773223 0.118902981 0.604433632
vn 0.594916833 0.212141107 0.775287116
vn 0.493185004 0.164374661 0.854253781
vn 0.604433632 0.118902981 0.78773223
vn 0.373955493 0.21214107 0.902858491
vn 0.255295415 0.16437791 0.95278757
vn 0.379957488 0.118900754 0.917330321
vn 0.127538265 0.212136509 0.968881878
vn 0 0.164374248 0.986398047
vn 0.129582758 0.118901188 0.984413946
vn -0.127538265 0.212136509 0.968881878
vn -0.255295415 0.16437791 0.95278757
vn -0.129582758 0.118901188 0.984413946
vn -0.373955493 0.21214107 0.902858491
vn -0.493185004 0.164374661 0.854253781
vn -0.379957488 0.118900754 0.917330321
vn -0.594916833 0.212141107 0.775287116
vn -0.697488419 0.164377036 0.697488419
vn -0.604433632 0.118902981 0.78773223
vn -0.775287116 0.212141107 0.594916833
vn -0.854253781 0.164374661 0.493185004
vn -0.78773223 0.118902981 0.604433632
vn -0.902858491 0.21214107 0.373955493
vn -0.95278757 0.16437791 0.255295415
vn -0.917330321 0.118900754 0.379957488
vn -0.968881878 0.212136509 0.127538265
vn -0.986398047 0.164374248 0
vn -0.984413946 0.118901188 0.129582758
vn -0.968881878 0.212136509 -0.127538265
vn -0.95278757 0.16437791 -0.255295415
vn -0.984413946 0.118901188 -0.129582758
vn -0.902858491 0.21214107 -0.373955493
vn -0.854253781 0.164374661 -0.493185004
vn -0.917330321 0.118900754 -0.379957488
vn -0.775287116 0.212141107 -0.594916833
vn -0.697488419 0.164377036 -0.697488419
vn -0.78773223 0.118902981 -0.604433632
vn -0.594916833 0.212141107 -0.775287116
vn -0.493185004 0.164374661 -0.854253781
vn -0.604433632 0.118902981 -0.78773223
vn -0.373955493 0.21214107 -0.902858491
vn -0.255295415 0.16437791 -0.95278757
vn -0.379968125 0.118904082 -0.917325484
vn -0.127538265 0.212136509 -0.968881878
vn -0.129582758 0.118901188 -0.984413946
vn 0.249589454 0.264421999 -0.93155038
vn 0.482208936 0.26442141 -0.835198096
vn 0 0.264418698 -0.96440798
vn 0 0.264418698 -0.96440798
vn 0.258038182 0.0774267153 -0.963027206
vn 0.498503181 0.0774276103 -0.863423155
vn 0 0.0774269631 -0.996998027
vn 0 0.0774269631 -0.996998027
vn 0.68194033 0.264414019 -0.68194033
vn 0.704984109 0.0774261755 -0.704984109
vn 0.835198096 0.26442141 -0.482208936
vn 0.863423155 0.0774276103 -0.498503181
vn 0.93155038 0.264421999 -0.249589454
vn 0.963027206 0.0774267153 -0.258038182
vn 0.96440798 0.264418698 0
vn 0.996998027 0.0774269631 0
vn 0.93155038 0.264421999 0.249589454
vn 0.963027206 0.0774267153 0.258038182
vn 0.835198096 0.26442141 0.482208936
vn 0.863423155 0.0774276103 0.498503181
vn 0.68194033 0.264414019 0.68194033
vn 0.704984109 0.0774261755 0.704984109
vn 0.482208936 0.26442141 0.835198096
vn 0.498503181 0.0774276103 0.863423155
vn 0.249589454 0.264421999 0.93155038
vn 0.258038182 0.0774267153 0.963027206
vn 0 0.264418698 0.96440798
vn 0 0.0774269631 0.996998027
vn -0.249589454 0.264421999 0.93155038
vn -0.258038182 0.0774267153 0.963027206
vn -0.482208936 0.26442141 0.835198096
vn -0.498503181 0.0774276103 0.863423155
vn -0.68194033 0.264414019 0.68194033
vn -0.704984109 0.0774261755 0.704984109
vn -0.835198096 0.26442141 0.482208936
vn -0.863423155 0.0774276103 0.498503181
vn -0.93155038 0.264421999 0.249589454
vn -0.963027206 0.0774267153 0.258038182
vn -0.96440798 0.264418698 0
vn -0.996998027 0.0774269631 0
vn -0.93155038 0.264421999 -0.249589454
vn -0.963027206 0.0774267153 -0.258038182
vn -0.835198096 0.26442141 -0.482208936
vn -0.863423155 0.0774276103 -0.498503181
vn -0.68194033 0.264414019 -0.68194033
vn -0.704984109 0.0774261755 -0.704984109
vn -0.482208936 0.26442141 -0.835198096
vn -0.498503181 0.0774276103 -0.863423155
vn -0.249589454 0.264421999 -0.93155038
vn -0.258038182 0.0774267153 -0.963027206
vn 0 0.354539224 -0.935041143
vn 0 0.354539224 -0.935041143
vn -0.121343493 0.367967434 -0.921887045
vn -0.355825704 0.367972443 -0.859060155
vn -0.566046984 0.367974791 -0.737689206
vn -0.737689206 0.367974791 -0.566046984
vn -0.859060155 0.367972443 -0.355825704
vn -0.921887045 0.367967434 -0.121343493
vn -0.921887045 0.367967434 0.121343493
vn -0.859060155 0.367972443 0.355825704
vn -0.737689206 0.367974791 0.566046984
vn -0.566046984 0.367974791 0.737689206
vn -0.355825704 0.367972443 0.859060155
vn -0.121343493 0.367967434 0.921887045
vn 0.121343493 0.367967434 0.921887045
vn 0.355825704 0.367972443 0.859060155
vn 0.566046984 0.367974791 0.737689206
vn 0.737689206 0.367974791 0.566046984
vn 0.859060155 0.367972443 0.355825704
vn 0.921887045 0.367967434 0.121343493
vn 0.921887045 0.367967434 -0.121343493
vn 0.859060155 0.367972443 -0.355825704
vn 0.737689206 0.367974791 -0.566046984
vn 0.566046984 0.367974791 -0.737689206
vn 0.355825704 0.367972443 -0.859060155
vn 0.121343493 0.367967434 -0.921887045
vn -0.128362246 -0.180305307 -0.975199021
vn -0.376395072 -0.180308288 -0.908744007
vn -0.598788124 -0.18030785 -0.78034727
vn -0.78034727 -0.18030785 -0.598788124
vn -0.908744007 -0.180308288 -0.376395072
vn -0.975199021 -0.180305307 -0.128362246
vn -0.975199021 -0.180305307 0.128362246
vn -0.908744007 -0.180308288 0.376395072
vn -0.78034727 -0.18030785 0.598788124
vn -0.598788124 -0.18030785 0.78034727
vn -0.376395072 -0.180308288 0.908744007
vn -0.128362246 -0.180305307 0.975199021
vn 0.128362246 -0.180305307 0.975199021
vn 0.376395072 -0.180308288 0.908744007
vn 0.598788124 -0.18030785 0.78034727
vn 0.78034727 -0.18030785 0.598788124
vn 0.908744007 -0.180308288 0.376395072
vn 0.975199021 -0.180305307 0.128362246
vn 0.975199021 -0.180305307 -0.128362246
vn 0.908744007 -0.180308288 -0.376395072
vn 0.78034727 -0.18030785 -0.598788124
vn 0.598788124 -0.18030785 -0.78034727
vn 0.376395072 -0.180308288 -0.908744007
vn 0.128362246 -0.180305307 -0.975199021
vn -0.25468644 -0.177654854 -0.950564869
vn -0.125065721 -0.286051985 -0.950017277
vn 0 -0.177652565 -0.984093271
vn 0 -0.177652565 -0.984093271
vn -0.130500244 0.000885057806 -0.991447882
vn -0.254098271 0.189978593 -0.948336545
vn 0 0.1899792 -0.981788115
vn 0 0.1899792 -0.981788115
vn -0.123968519 0.312332306 -0.941849424
vn -0.492034944 -0.177653853 -0.852256254
vn -0.366689598 -0.286057575 -0.885273857
vn -0.382681386 0.000885059419 -0.923879956
vn -0.490894547 0.189979389 -0.850253124
vn -0.363540416 0.312329816 -0.877660784
vn -0.695859354 -0.177649991 -0.695859354
vn -0.583316076 -0.286057732 -0.76020611
vn -0.608767642 0.000885058457 -0.793348079
vn -0.694228344 0.189984243 -0.694228344
vn -0.57830436 0.312331362 -0.753666496
vn -0.852256254 -0.177653853 -0.492034944
vn -0.76020611 -0.286057732 -0.583316076
vn -0.793348079 0.000885058457 -0.608767642
vn -0.850253124 0.189979389 -0.490894547
vn -0.753666496 0.312331362 -0.57830436
vn -0.950564869 -0.177654854 -0.25468644
vn -0.885273857 -0.286057575 -0.366689598
vn -0.923879956 0.000885059419 -0.382681386
vn -0.948336545 0.189978593 -0.254098271
vn -0.877660784 0.312329816 -0.363540416
vn -0.984093271 -0.177652565 0
vn -0.950017277 -0.286051985 -0.125065721
vn -0.991447882 0.000885057806 -0.130500244
vn -0.981788115 0.1899792 0
vn -0.941849424 0.312332306 -0.123968519
vn -0.950564869 -0.177654854 0.25468644
vn -0.950017277 -0.286051985 0.125065721
vn -0.991447882 0.000885057806 0.130500244
vn -0.948336545 0.189978593 0.254098271
vn -0.94184586 0.312331124 0.123998568
vn -0.852256254 -0.177653853 0.492034944
vn -0.885273857 -0.286057575 0.366689598
vn -0.923879956 0.000885059419 0.382681386
vn -0.850253124 0.189979389 0.490894547
vn -0.877660784 0.312329816 0.363540416
vn -0.695859354 -0.177649991 0.695859354
vn -0.76020611 -0.286057732 0.583316076
vn -0.793348079 0.000885058457 0.608767642
vn -0.694228344 0.189984243 0.694228344
vn -0.753666496 0.312331362 0.57830436
vn -0.492034944 -0.177653853 0.852256254
vn -0.583316076 -0.286057732 0.76020611
vn -0.608767642 0.000885058457 0.793348079
vn -0.490894547 0.189979389 0.850253124
vn -0.57830436 0.312331362 0.753666496
vn -0.25468644 -0.177654854 0.950564869
vn -0.366689598 -0.286057575 0.885273857
vn -0.382681386 0.000885059419 0.923879956
vn -0.254098271 0.189978593 0.948336545
vn -0.363540416 0.312329816 0.877660784
vn 0 -0.177652565 0.984093271
vn -0.125065721 -0.286051985 0.950017277
vn -0.130500244 0.000885057806 0.991447882
vn 0 0.1899792 0.981788115
vn -0.123968519 0.312332306 0.941849424
vn 0.25468644 -0.177654854 0.950564869
vn 0.125065721 -0.286051985 0.950017277
vn 0.130500244 0.000885057806 0.991447882
vn 0.254098271 0.189978593 0.948336545
vn 0.123968519 0.312332306 0.941849424
vn 0.492034944 -0.177653853 0.852256254
vn 0.366689598 -0.286057575 0.885273857
vn 0.382681386 0.000885059419 0.923879956
vn 0.490894547 0.189979389 0.850253124
vn 0.363540416 0.312329816 0.877660784
vn 0.695859354 -0.177649991 0.695859354
vn 0.583316076 -0.286057732 0.76020611
vn 0.608767642 0.000885058457 0.793348079
vn 0.694228344 0.189984243 0.694228344
vn 0.57830436 0.312331362 0.753666496
vn 0.852256254 -0.177653853 0.492034944
vn 0.76020611 -0.286057732 0.583316076
vn 0.793348079 0.000885058457 0.608767642
vn 0.850253124 0.189979389 0.490894547
vn 0.753666496 0.312331362 0.57830436
vn 0.950564869 -0.177654854 0.25468644
vn 0.885273857 -0.286057575 0.366689598
vn 0.923879956 0.000885059419 0.382681386
vn 0.948336545 0.189978593 0.254098271
vn 0.877660784 0.312329816 0.363540416
vn 0.984093271 -0.177652565 0
vn 0.950017277 -0.286051985 0.125065721
vn 0.991447882 0.000885057806 0.130500244
vn 0.981788115 0.1899792 0
vn 0.941849424 0.312332306 0.123968519
vn 0.950564869 -0.177654854 -0.25468644
vn 0.950017277 -0.286051985 -0.125065721
vn 0.991447882 0.000885057806 -0.130500244
vn 0.948336545 0.189978593 -0.254098271
vn 0.941849424 0.312332306 -0.123968519
vn 0.852256254 -0.177653853 -0.492034944
vn 0.885273857 -0.286057575 -0.366689598
vn 0.923879956 0.000885059419 -0.382681386
vn 0.850253124 0.189979389 -0.490894547
vn 0.877660784 0.312329816 -0.363540416
vn 0.695859354 -0.177649991 -0.695859354
vn 0.76020611 -0.286057732 -0.583316076
vn 0.793348079 0.000885058457 -0.608767642
vn 0.694228344 0.189984243 -0.694228344
vn 0.753666496 0.312331362 -0.57830436
vn 0.492034944 -0.177653853 -0.852256254
vn 0.583316076 -0.286057732 -0.76020611
vn 0.608767642 0.000885058457 -0.793348079
vn 0.490894547 0.189979389 -0.850253124
vn 0.57830436 0.312331362 -0.753666496
vn 0.25468644 -0.177654854 -0.950564869
vn 0.366689598 -0.286057575 -0.885273857
vn 0.382681386 0.000885059419 -0.923879956
vn 0.254098271 0.189978593 -0.948336545
vn 0.363540416 0.312329816 -0.877660784
vn 0.125065721 -0.286051985 -0.950017277
vn 0.130500244 0.000885057806 -0.991447882
vn 0.123968519 0.312332306 -0.941849424
vn -0.258252596 0.0659517704 -0.963823615
vn 0 -0.317179785 -0.948365428
vn 0 -0.317179785 -0.948365428
vn 0 0.357743526 -0.933819881
vn 0 0.357743526 -0.933819881
vn 0.241683101 0.357748355 -0.902000772
vn 0.245433038 -0.317182984 -0.916055445
vn -0.241683101 0.357748355 -0.902000772
vn 0.474179695 -0.317187972 -0.821307134
vn 0.466917376 0.357749223 -0.808704926
vn 0.670594567 -0.317184257 -0.670594567
vn 0.660310162 0.357744295 -0.660310162
vn 0.821307134 -0.317187972 -0.474179695
vn 0.808704926 0.357749223 -0.466917376
vn 0.916055445 -0.317182984 -0.245433038
vn 0.902000772 0.357748355 -0.241683101
vn 0.948365428 -0.317179785 0
vn 0.933819881 0.357743526 0
vn 0.916055445 -0.317182984 0.245433038
vn 0.902000772 0.357748355 0.241683101
vn 0.821307134 -0.317187972 0.474179695
vn 0.808704926 0.357749223 0.466917376
vn 0.670594567 -0.317184257 0.670594567
vn 0.660310162 0.357744295 0.660310162
vn 0.474179695 -0.317187972 0.821307134
vn 0.466917376 0.357749223 0.808704926
vn 0.245433038 -0.317182984 0.916055445
vn 0.241683101 0.357748355 0.902000772
vn 0 -0.317179785 0.948365428
vn 0 0.357743526 0.933819881
vn -0.245433038 -0.317182984 0.916055445
vn -0.241683101 0.357748355 0.902000772
vn -0.474179695 -0.317187972 0.821307134
vn -0.466917376 0.357749223 0.808704926
vn -0.670594567 -0.317184257 0.670594567
vn -0.660310162 0.357744295 0.660310162
vn -0.821307134 -0.317187972 0.474179695
vn -0.808704926 0.357749223 0.466917376
vn -0.916055445 -0.317182984 0.245433038
vn -0.902000772 0.357748355 0.241683101
vn -0.948365428 -0.317179785 0
vn -0.933819881 0.357743526 0
vn -0.916055445 -0.317182984 -0.245433038
vn -0.902000772 0.357748355 -0.241683101
vn -0.821307134 -0.317187972 -0.474179695
vn -0.808704926 0.357749223 -0.466917376
vn -0.670594567 -0.317184257 -0.670594567
vn -0.660310162 0.357744295 -0.660310162
vn -0.474179695 -0.317187972 -0.821307134
vn -0.466917376 0.357749223 -0.808704926
vn 0 -0.43554178 -0.900168516
vn 0 -0.43554178 -0.900168516
vn -0.113806449 -0.489651554 -0.864459049
vn -0.232984463 -0.435541172 -0.869495329
vn -0.120550967 -0.383138425 -0.915790594
vn 0 -0.332778614 -0.943004981
vn 0 -0.332778614 -0.943004981
vn -0.244061454 -0.332780558 -0.910873815
vn -0.125188788 -0.282605603 -0.951031987
vn -0.333665072 -0.48964805 -0.805550996
vn -0.450065877 -0.435538759 -0.779581103
vn -0.353474795 -0.383139565 -0.8533813
vn -0.471494378 -0.332783659 -0.816668897
vn -0.367085257 -0.282608024 -0.886217309
vn -0.530787113 -0.489647424 -0.691744491
vn -0.636514599 -0.435543717 -0.636514599
vn -0.562320472 -0.383140893 -0.732801981
vn -0.666805577 -0.332777172 -0.666805577
vn -0.583945134 -0.282603309 -0.761014751
vn -0.691744491 -0.489647424 -0.530787113
vn -0.779581103 -0.435538759 -0.450065877
vn -0.732801981 -0.383140893 -0.562320472
vn -0.816668897 -0.332783659 -0.471494378
vn -0.761014751 -0.282603309 -0.583945134
vn -0.805550996 -0.48964805 -0.333665072
vn -0.869495329 -0.435541172 -0.232984463
vn -0.8533813 -0.383139565 -0.353474795
vn -0.910873815 -0.332780558 -0.244061454
vn -0.886217309 -0.282608024 -0.367085257
vn -0.864459049 -0.489651554 -0.113806449
vn -0.900168516 -0.43554178 0
vn -0.915790594 -0.383138425 -0.120550967
vn -0.943004981 -0.332778614 0
vn -0.951031987 -0.282605603 -0.125188788
vn -0.864459049 -0.489651554 0.113806449
vn -0.869495329 -0.435541172 0.232984463
vn -0.915790594 -0.383138425 0.120550967
vn -0.910873815 -0.332780558 0.244061454
vn -0.951031987 -0.282605603 0.125188788
vn -0.805550996 -0.48964805 0.333665072
vn -0.779581103 -0.435538759 0.450065877
vn -0.8533813 -0.383139565 0.353474795
vn -0.816668897 -0.332783659 0.471494378
vn -0.886217309 -0.282608024 0.367085257
vn -0.691744491 -0.489647424 0.530787113
vn -0.636514599 -0.435543717 0.636514599
vn -0.732801981 -0.383140893 0.562320472
vn -0.666805577 -0.332777172 0.666805577
vn -0.761014751 -0.282603309 0.583945134
vn -0.530787113 -0.489647424 0.691744491
vn -0.450065877 -0.435538759 0.779581103
vn -0.562320472 -0.383140893 0.732801981
vn -0.471494378 -0.332783659 0.816668897
vn -0.583945134 -0.282603309 0.761014751
vn -0.333665072 -0.48964805 0.805550996
vn -0.232984463 -0.435541172 0.869495329
vn -0.353474795 -0.383139565 0.8533813
vn -0.244061454 -0.332780558 0.910873815
vn -0.367085257 -0.282608024 0.886217309
vn -0.113806449 -0.489651554 0.864459049
vn 0 -0.43554178 0.900168516
vn -0.120550967 -0.383138425 0.915790594
vn 0 -0.332778614 0.943004981
vn -0.125188788 -0.282605603 0.951031987
vn 0.113806449 -0.489651554 0.864459049
vn 0.232984463 -0.435541172 0.869495329
vn 0.120550967 -0.383138425 0.915790594
vn 0.244061454 -0.332780558 0.910873815
vn 0.125188788 -0.282605603 0.951031987
vn 0.333665072 -0.48964805 0.805550996
vn 0.450065877 -0.435538759 0.779581103
vn 0.353474795 -0.383139565 0.8533813
vn 0.471494378 -0.332783659 0.816668897
vn 0.367085257 -0.282608024 0.886217309
vn 0.530787113 -0.489647424 0.691744491
vn 0.636514599 -0.435543717 0.636514599
vn 0.562320472 -0.383140893 0.732801981
vn 0.666805577 -0.332777172 0.666805577
vn 0.583945134 -0.282603309 0.761014751
vn 0.691744491 -0.489647424 0.530787113
vn 0.779581103 -0.435538759 0.450065877
vn 0.732801981 -0.383140893 0.562320472
vn 0.816668897 -0.332783659 0.471494378
vn 0.761014751 -0.282603309 0.583945134
vn 0.805550996 -0.48964805 0.333665072
vn 0.869495329 -0.435541172 0.232984463
vn 0.8533813 -0.383139565 0.353474795
vn 0.910873815 -0.332780558 0.244061454
vn 0.886217309 -0.282608024 0.367085257
vn 0.864459049 -0.489651554 0.113806449
vn 0.900168516 -0.43554178 0
vn 0.915790594 -0.383138425 0.120550967
vn 0.943004981 -0.332778614 0
vn 0.951031987 -0.282605603 0.125188788
vn 0.864459049 -0.489651554 -0.113806449
vn 0.869495329 -0.435541172 -0.232984463
vn 0.915790594 -0.383138425 -0.120550967
vn 0.910873815 -0.332780558 -0.244061454
vn 0.951031987 -0.282605603 -0.125188788
vn 0.805550996 -0.48964805 -0.333665072
vn 0.779581103 -0.435538759 -0.450065877
vn 0.8533813 -0.383139565 -0.353474795
vn 0.816668897 -0.332783659 -0.471494378
vn 0.886217309 -0.282608024 -0.367085257
vn 0.691744491 -0.489647424 -0.530787113
vn 0.636514599 -0.435543717 -0.636514599
vn 0.732801981 -0.383140893 -0.562320472
vn 0.666805577 -0.332777172 -0.666805577
vn 0.761014751 -0.282603309 -0.583945134
vn 0.530787113 -0.489647424 -0.691744491
vn 0.450065877 -0.435538759 -0.779581103
vn 0.562320472 -0.383140893 -0.732801981
vn 0.471494378 -0.332783659 -0.816668897
vn 0.583945134 -0.282603309 -0.761014751
vn 0.333665072 -0.48964805 -0.805550996
vn 0.232984463 -0.435541172 -0.869495329
vn 0.353474795 -0.383139565 -0.8533813
vn 0.244061454 -0.332780558 -0.910873815
vn 0.367085257 -0.282608024 -0.886217309
vn 0.113806449 -0.489651554 -0.864459049
vn 0.120550967 -0.383138425 -0.915790594
vn 0.125188788 -0.282605603 -0.951031987
vn -0.218214525 -0.537692775 -0.814413225
vn 0 -0.537682901 -0.843147139
vn 0 -0.537682901 -0.843147139
vn 0.251720621 -0.232218987 -0.939527047
vn 0 -0.232217374 -0.972663915
vn 0 -0.232217374 -0.972663915
vn -0.251720621 -0.232218987 -0.939527047
vn 0.218214525 -0.537692775 -0.814413225
vn 0.421558055 -0.537682574 -0.73019604
vn 0.48632151 -0.232219672 -0.842357058
vn 0.596192943 -0.537687596 -0.596192943
vn 0.68777692 -0.232219329 -0.68777692
vn 0.73019604 -0.537682574 -0.421558055
vn 0.842357058 -0.232219672 -0.48632151
vn 0.814413225 -0.537692775 -0.218214525
vn 0.939527047 -0.232218987 -0.251720621
vn 0.843147139 -0.537682901 0
vn 0.972663915 -0.232217374 0
vn 0.814413225 -0.537692775 0.218214525
vn 0.939527047 -0.232218987 0.251720621
vn 0.73019604 -0.537682574 0.421558055
vn 0.842357058 -0.232219672 0.48632151
vn 0.596192943 -0.537687596 0.596192943
vn 0.68777692 -0.232219329 0.68777692
vn 0.421558055 -0.537682574 0.73019604
vn 0.48632151 -0.232219672 0.842357058
vn 0.218214525 -0.537692775 0.814413225
vn 0.251720621 -0.232218987 0.939527047
vn 0 -0.537682901 0.843147139
vn 0 -0.232217374 0.972663915
vn -0.218214525 -0.537692775 0.814413225
vn -0.251720621 -0.232218987 0.939527047
vn -0.421558055 -0.537682574 0.73019604
vn -0.48632151 -0.232219672 0.842357058
vn -0.596192943 -0.537687596 0.596192943
vn -0.68777692 -0.232219329 0.68777692
vn -0.730181793 -0.537694556 0.421567449
vn -0.842357058 -0.232219672 0.48632151
vn -0.814413225 -0.537692775 0.218214525
vn -0.939527047 -0.232218987 0.251720621
vn -0.843147139 -0.537682901 0
vn -0.972663915 -0.232217374 0
vn -0.814413225 -0.537692775 -0.218214525
vn -0.939527047 -0.232218987 -0.251720621
vn -0.73019604 -0.537682574 -0.421558055
vn -0.842357058 -0.232219672 -0.48632151
vn -0.596192943 -0.537687596 -0.596192943
vn -0.68777692 -0.232219329 -0.68777692
vn -0.421567449 -0.537694556 -0.730181793
vn -0.48632151 -0.232219672 -0.842357058
vn -0.258405155 -0.0566739509 -0.96437277
vn -0.130468428 -0.022645047 -0.991193821
vn 0 -0.0566734535 -0.998392768
vn 0 -0.0566734535 -0.998392768
vn -0.129981824 -0.0910086445 -0.987330822
vn -0.499198415 -0.056673684 -0.864632313
vn -0.382591572 -0.0226454165 -0.923640013
vn -0.381087673 -0.091006926 -0.920048871
vn -0.705970268 -0.0566741663 -0.705970268
vn -0.608604169 -0.0226448839 -0.793150789
vn -0.606239067 -0.0910091121 -0.790057931
vn -0.864632313 -0.056673684 -0.499198415
vn -0.793150789 -0.0226448839 -0.608604169
vn -0.790057931 -0.0910091121 -0.606239067
vn -0.96437277 -0.0566739509 -0.258405155
vn -0.923644496 -0.0226447782 -0.382580788
vn -0.920048871 -0.091006926 -0.381087673
vn -0.998392768 -0.0566734535 0
vn -0.991193821 -0.022645047 -0.130468428
vn -0.987330822 -0.0910086445 -0.129981824
vn -0.96437277 -0.0566739509 0.258405155
vn -0.991193821 -0.022645047 0.130468428
vn -0.987330822 -0.0910086445 0.129981824
vn -0.864632313 -0.056673684 0.499198415
vn -0.923640013 -0.0226454165 0.382591572
vn -0.920048871 -0.091006926 0.381087673
vn -0.705970268 -0.0566741663 0.705970268
vn -0.793150789 -0.0226448839 0.608604169
vn -0.790057931 -0.0910091121 0.606239067
vn -0.499198415 -0.056673684 0.864632313
vn -0.608604169 -0.0226448839 0.793150789
vn -0.606239067 -0.0910091121 0.790057931
vn -0.258405155 -0.0566739509 0.96437277
vn -0.382580788 -0.0226447782 0.923644496
vn -0.381087673 -0.091006926 0.920048871
vn 0 -0.0566734535 0.998392768
vn -0.130468428 -0.022645047 0.991193821
vn -0.129981824 -0.0910086445 0.987330822
vn 0.258405155 -0.0566739509 0.96437277
vn 0.130468428 -0.022645047 0.991193821
vn 0.129981824 -0.0910086445 0.987330822
vn 0.499198415 -0.056673684 0.864632313
vn 0.382591572 -0.0226454165 0.923640013
vn 0.381087673 -0.091006926 0.920048871
vn 0.705970268 -0.0566741663 0.705970268
vn 0.608604169 -0.0226448839 0.793150789
vn 0.606239067 -0.0910091121 0.790057931
vn 0.864632313 -0.056673684 0.499198415
vn 0.793150789 -0.0226448839 0.608604169
vn 0.790057931 -0.0910091121 0.606239067
vn 0.96437277 -0.0566739509 0.258405155
vn 0.923640013 -0.0226454165 0.382591572
vn 0.920048871 -0.091006926 0.381087673
vn 0.998392768 -0.0566734535 0
vn 0.991193821 -0.022645047 0.130468428
vn 0.987330822 -0.0910086445 0.129981824
vn 0.96437277 -0.0566739509 -0.258405155
vn 0.991193821 -0.022645047 -0.130468428
vn 0.987330822 -0.0910086445 -0.129981824
vn 0.864632313 -0.056673684 -0.499198415
vn 0.923640013 -0.0226454165 -0.382591572
vn 0.920048871 -0.091006926 -0.381087673
vn 0.705970268 -0.0566741663 -0.705970268
vn 0.793150789 -0.0226448839 -0.608604169
vn 0.790057931 -0.0910091121 -0.606239067
vn 0.499198415 -0.056673684 -0.864632313
vn 0.608604169 -0.0226448839 -0.793150789
vn 0.606239067 -0.0910091121 -0.790057931
vn 0.258405155 -0.0566739509 -0.96437277
vn 0.382591572 -0.0226454165 -0.923640013
vn 0.381087673 -0.091006926 -0.920048871
vn 0.130468428 -0.022645047 -0.991193821
vn 0.129981824 -0.0910086445 -0.987330822
vn 0 -0.131172111 -0.991359611
vn 0 -0.131172111 -0.991359611
vn -0.256577779 -0.131172987 -0.957581062
vn 0.256577779 -0.131172987 -0.957581062
vn 0 0.0112006158 -0.999937271
vn 0 0.0112006158 -0.999937271
vn 0.25880885 0.0112008076 -0.965863614
vn -0.25880885 0.0112008076 -0.965863614
vn 0.495669634 -0.131173457 -0.858548274
vn 0.499961462 0.0112004551 -0.865975222
vn 0.700997129 -0.13117183 -0.700997129
vn 0.707062427 0.011200445 -0.707062427
vn 0.858548274 -0.131173457 -0.495669634
vn 0.865975222 0.0112004551 -0.499961462
vn 0.957581062 -0.131172987 -0.256577779
vn 0.965863614 0.0112008076 -0.25880885
vn 0.991359611 -0.131172111 0
vn 0.999937271 0.0112006158 0
vn 0.957581062 -0.131172987 0.256577779
vn 0.965863614 0.0112008076 0.25880885
vn 0.858548274 -0.131173457 0.495669634
vn 0.865975222 0.0112004551 0.499961462
vn 0.700997129 -0.13117183 0.700997129
vn 0.707062427 0.011200445 0.707062427
vn 0.495669634 -0.131173457 0.858548274
vn 0.499961462 0.0112004551 0.865975222
vn 0.256577779 -0.131172987 0.957581062
vn 0.25880885 0.0112008076 0.965863614
vn 0 -0.131172111 0.991359611
vn 0 0.0112006158 0.999937271
vn -0.256577779 -0.131172987 0.957581062
vn -0.25880885 0.0112008076 0.965863614
vn -0.495669634 -0.131173457 0.858548274
vn -0.499961462 0.0112004551 0.865975222
vn -0.700997129 -0.13117183 0.700997129
vn -0.707062427 0.011200445 0.707062427
vn -0.858548274 -0.131173457 0.495669634
vn -0.865975222 0.0112004551 0.499961462
vn -0.957581062 -0.131172987 0.256577779
vn -0.965863614 0.0112008076 0.25880885
vn -0.991359611 -0.131172111 0
vn -0.999937271 0.0112006158 0
vn -0.957581062 -0.131172987 -0.256577779
vn -0.965863614 0.0112008076 -0.25880885
vn -0.858548274 -0.131173457 -0.495669634
vn -0.865975222 0.0112004551 -0.499961462
vn -0.700997129 -0.13117183 -0.700997129
vn -0.707062427 0.011200445 -0.707062427
vn -0.495669634 -0.131173457 -0.858548274
vn -0.499961462 0.0112004551 -0.865975222
vn 0.0100711595 -0.999242156 -0.0375989954
vn 0 -0.743186364 -0.669084471
vn 0.120463868 -0.384831249 -0.915091999
vn 0.120463868 -0.384831249 -0.915091999
vn 0.173169115 -0.743186607 -0.646286411
vn 0.0424222293 -0.945649428 -0.322408925
vn 0.353199857 -0.384817839 -0.852739756
vn 0.353199857 -0.384817839 -0.852739756
vn 0.33453386 -0.743201658 -0.579429368
vn 0.124428591 -0.945651154 -0.300435385
vn 0.561892104 -0.38481871 -0.732251203
vn 0.561892104 -0.38481871 -0.732251203
vn 0.473115801 -0.743184282 -0.473115801
vn 0.197950853 -0.9456533 -0.25798313
vn 0.732251203 -0.38481871 -0.561892104
vn 0.732251203 -0.38481871 -0.561892104
vn 0.579429368 -0.743201658 -0.33453386
vn 0.25798313 -0.9456533 -0.197950853
vn 0.852739756 -0.384817839 -0.353199857
vn 0.852739756 -0.384817839 -0.353199857
vn 0.646286411 -0.743186607 -0.173169115
vn 0.300435385 -0.945651154 -0.124428591
vn 0.915091999 -0.384831249 -0.120463868
vn 0.915091999 -0.384831249 -0.120463868
vn 0.669084471 -0.743186364 0
vn 0.322408925 -0.945649428 -0.0424222293
vn 0.915091999 -0.384831249 0.120463868
vn 0.915091999 -0.384831249 0.120463868
vn 0.646286411 -0.743186607 0.173169115
vn 0.322408925 -0.945649428 0.0424222293
vn 0.852739756 -0.384817839 0.353199857
vn 0.852739756 -0.384817839 0.353199857
vn 0.579429368 -0.743201658 0.33453386
vn 0.300435385 -0.945651154 0.124428591
vn 0.732251203 -0.38481871 0.561892104
vn 0.732251203 -0.38481871 0.561892104
vn 0.473098944 -0.743205744 0.473098944
vn 0.25798313 -0.9456533 0.197950853
vn 0.561892104 -0.38481871 0.732251203
vn 0.561892104 -0.38481871 0.732251203
vn 0.33453386 -0.743201658 0.579429368
vn 0.197950853 -0.9456533 0.25798313
vn 0.353199857 -0.384817839 0.852739756
vn 0.353199857 -0.384817839 0.852739756
vn 0.173169115 -0.743186607 0.646286411
vn 0.124428591 -0.945651154 0.300435385
vn 0.120463868 -0.384831249 0.915091999
vn 0.120463868 -0.384831249 0.915091999
vn 0 -0.743186364 0.669084471
vn 0.0424222293 -0.945649428 0.322408925
vn -0.120463868 -0.384831249 0.915091999
vn -0.120463868 -0.384831249 0.915091999
vn -0.173169115 -0.743186607 0.646286411
vn -0.0424222293 -0.945649428 0.322408925
vn -0.353199857 -0.384817839 0.852739756
vn -0.353199857 -0.384817839 0.852739756
vn -0.33453386 -0.743201658 0.579429368
vn -0.124428591 -0.945651154 0.300435385
vn -0.561892104 -0.38481871 0.732251203
vn -0.561892104 -0.38481871 0.732251203
vn -0.473098944 -0.743205744 0.473098944
vn -0.197950853 -0.9456533 0.25798313
vn -0.732251203 -0.38481871 0.561892104
vn -0.732251203 -0.38481871 0.561892104
vn -0.579429368 -0.743201658 0.33453386
vn -0.25798313 -0.9456533 0.197950853
vn -0.852739756 -0.384817839 0.353199857
vn -0.852739756 -0.384817839 0.353199857
vn -0.646286411 -0.743186607 0.173169115
vn -0.300435385 -0.945651154 0.124428591
vn -0.915091999 -0.384831249 0.120463868
vn -0.915091999 -0.384831249 0.120463868
vn -0.669084471 -0.743186364 0
vn -0.322408925 -0.945649428 0.0424222293
vn -0.915091999 -0.384831249 -0.120463868
vn -0.915091999 -0.384831249 -0.120463868
vn -0.646286411 -0.743186607 -0.173169115
vn -0.322408925 -0.945649428 -0.0424222293
vn -0.852739756 -0.384817839 -0.353199857
vn -0.852739756 -0.384817839 -0.353199857
vn -0.579429368 -0.743201658 -0.33453386
vn -0.300435385 -0.945651154 -0.124428591
vn -0.732251203 -0.38481871 -0.561892104
vn -0.732251203 -0.38481871 -0.561892104
vn -0.473122632 -0.743195013 -0.473092113
vn -0.25798313 -0.9456533 -0.197950853
vn -0.561892104 -0.38481871 -0.732251203
vn -0.561892104 -0.38481871 -0.732251203
vn -0.33453386 -0.743201658 -0.579429368
vn -0.197950853 -0.9456533 -0.25798313
vn -0.353199857 -0.384817839 -0.852739756
vn -0.353199857 -0.384817839 -0.852739756
vn -0.173169115 -0.743186607 -0.646286411
vn -0.124428591 -0.945651154 -0.300435385
vn -0.120463868 -0.384831249 -0.915091999
vn -0.120463868 -0.384831249 -0.915091999
vn -0.0424222293 -0.945649428 -0.322408925
vn 0.0246291751 -0.982023481 0.187145097
vn 0.0722091216 -0.982025731 0.174388379
vn -0.258341287 -0.06064077 -0.964148576
vn 0 -0.0606415695 -0.998159606
vn 0 -0.0606415695 -0.998159606
vn 0.258341287 -0.06064077 -0.964148576
vn 0.114905565 -0.98202293 0.149758728
vn 0.499082778 -0.060641931 -0.864429833
vn 0.149758728 -0.98202293 0.114905565
vn 0.705805467 -0.0606406161 -0.705805467
vn 0.174388379 -0.982025731 0.0722091216
vn 0.864429833 -0.060641931 -0.499082778
vn 0.187145097 -0.982023481 0.0246291751
vn 0.964148576 -0.06064077 -0.258341287
vn 0.187145097 -0.982023481 -0.0246291751
vn 0.998159606 -0.0606415695 0
vn 0.174387995 -0.982023566 -0.0722394809
vn 0.964148576 -0.06064077 0.258341287
vn 0.149758728 -0.98202293 -0.114905565
vn 0.864429833 -0.060641931 0.499082778
vn 0.114905565 -0.98202293 -0.149758728
vn 0.705805467 -0.0606406161 0.705805467
vn 0.0722091216 -0.982025731 -0.174388379
vn 0.499082778 -0.060641931 0.864429833
vn 0.0246291751 -0.982023481 -0.187145097
vn 0.258341287 -0.06064077 0.964148576
vn -0.0246291751 -0.982023481 -0.187145097
vn 0 -0.0606415695 0.998159606
vn -0.0722394809 -0.982023566 -0.174387995
vn -0.258341287 -0.06064077 0.964148576
vn -0.114905565 -0.98202293 -0.149758728
vn -0.499082778 -0.060641931 0.864429833
vn -0.149758728 -0.98202293 -0.114905565
vn -0.705805467 -0.0606406161 0.705805467
vn -0.174388379 -0.982025731 -0.0722091216
vn -0.864429833 -0.060641931 0.499082778
vn -0.187145097 -0.982023481 -0.0246291751
vn -0.964148576 -0.06064077 0.258341287
vn -0.187145097 -0.982023481 0.0246291751
vn -0.998159606 -0.0606415695 0
vn -0.174388379 -0.982025731 0.0722091216
vn -0.964148576 -0.06064077 -0.258341287
vn -0.149758728 -0.98202293 0.114905565
vn -0.864429833 -0.060641931 -0.499082778
vn -0.114905565 -0.98202293 0.149758728
vn -0.705805467 -0.0606406161 -0.705805467
vn -0.0722091216 -0.982025731 0.174388379
vn -0.499082778 -0.060641931 -0.864429833
vn -0.0246291751 -0.982023481 0.187145097
vn 0.0194099018 -0.999243744 -0.0336926598
vn 0.0389113188 -0.999242668 0
vn 0.0375989954 -0.999242156 0.0100711595
vn 0.0100711595 -0.999242156 0.0375989954
vn 0 -0.999242668 0.0389113188
vn -0.0336926598 -0.999243744 0.0194099018
vn -0.0375989954 -0.999242156 0.0100711595
vn -0.0275278297 -0.999241931 -0.0275278297
vn -0.0194099018 -0.999243744 -0.0336926598
vn 0.0336926598 -0.999243744 -0.0194099018
vn 0.0375989954 -0.999242156 -0.0100711595
vn 0.0275278297 -0.999241931 0.0275278297
vn 0.0194099018 -0.999243744 0.0336926598
vn -0.0194099018 -0.999243744 0.0336926598
vn -0.0275278297 -0.999241931 0.0275278297
vn -0.0375989954 -0.999242156 -0.0100711595
vn -0.0336926598 -0.999243744 -0.0194099018
vn 0.0275278297 -0.999241931 -0.0275278297
vn 0.0336926598 -0.999243744 0.0194099018
vn -0.0100711595 -0.999242156 0.0375989954
vn -0.0389113188 -0.999242668 0
vn -0.0100711595 -0.999242156 -0.0375989954
vn 0 -0.999242668 -0.0389113188
vn 0.071871821 -0.834628702 0.54610381
vn 0.210765551 -0.834638864 0.508877047
vn 0.335313716 -0.834637259 0.436972948
vn 0.436972948 -0.834637259 0.335313716
vn 0.508877047 -0.834638864 0.210765551
vn 0.54610381 -0.834628702 0.071871821
vn 0.54610381 -0.834628702 -0.071871821
vn 0.508877047 -0.834638864 -0.210765551
vn 0.436972948 -0.834637259 -0.335313716
vn 0.335313716 -0.834637259 -0.436972948
vn 0.210765551 -0.834638864 -0.508877047
vn 0.071871821 -0.834628702 -0.54610381
vn -0.071871821 -0.834628702 -0.54610381
vn -0.210765551 -0.834638864 -0.508877047
vn -0.335313716 -0.834637259 -0.436972948
vn -0.436972948 -0.834637259 -0.335313716
vn -0.508877047 -0.834638864 -0.210765551
vn -0.54610381 -0.834628702 -0.071871821
vn -0.54610381 -0.834628702 0.071871821
vn -0.508877047 -0.834638864 0.210765551
vn -0.436972948 -0.834637259 0.335313716
vn -0.335313716 -0.834637259 0.436972948
vn -0.210765551 -0.834638864 0.508877047
vn -0.071871821 -0.834628702 0.54610381
vn 0.34462561 -0.917414623 -0.198956274
vn 0.384364429 -0.917420562 -0.102973286
vn -0.102973286 -0.917420562 0.384364429
vn -0.198956274 -0.917414623 0.34462561
vn 0 -0.917410827 -0.397941421
vn 0.102973286 -0.917420562 -0.384364429
vn 0.198956274 -0.917414623 0.34462561
vn 0.102973286 -0.917420562 0.384364429
vn -0.34462561 -0.917414623 -0.198956274
vn -0.281387973 -0.917410277 -0.281387973
vn 0.384364429 -0.917420562 0.102973286
vn 0.34462561 -0.917414623 0.198956274
vn -0.34462561 -0.917414623 0.198956274
vn -0.384364429 -0.917420562 0.102973286
vn 0.281387973 -0.917410277 -0.281387973
vn 0 -0.917410827 0.397941421
vn -0.102973286 -0.917420562 -0.384364429
vn -0.384364429 -0.917420562 -0.102973286
vn 0.397941421 -0.917410827 0
vn -0.281387973 -0.917410277 0.281387973
vn 0.198956274 -0.917414623 -0.34462561
vn -0.198956274 -0.917414623 -0.34462561
vn 0.281387973 -0.917410277 0.281387973
vn -0.397941421 -0.917410827 0
vn 0.0621380881 -0.879363805 0.472078548
vn 0.182202547 -0.879363816 0.439910799
vn 0.289872968 -0.879354555 0.37776875
vn 0.37776875 -0.879354555 0.289872968
vn 0.439910799 -0.879363816 0.182202547
vn 0.472078548 -0.879363805 0.0621380881
vn 0.472078548 -0.879363805 -0.0621380881
vn 0.439910799 -0.879363816 -0.182202547
vn 0.37776875 -0.879354555 -0.289872968
vn 0.289872968 -0.879354555 -0.37776875
vn 0.182202547 -0.879363816 -0.439910799
vn 0.0621380881 -0.879363805 -0.472078548
vn -0.0621380881 -0.879363805 -0.472078548
vn -0.182202547 -0.879363816 -0.439910799
vn -0.289872968 -0.879354555 -0.37776875
vn -0.37776875 -0.879354555 -0.289872968
vn -0.439910799 -0.879363816 -0.182202547
vn -0.472078548 -0.879363805 -0.0621380881
vn -0.472078548 -0.879363805 0.0621380881
vn -0.439910799 -0.879363816 0.182202547
vn -0.37776875 -0.879354555 0.289872968
vn -0.289872968 -0.879354555 0.37776875
vn -0.182202547 -0.879363816 0.439910799
vn -0.0621380881 -0.879363805 0.472078548
vn -0.538214534 -0.83037937 0.14420547
vn -0.557197951 -0.830379698 0
vn 0 -0.830379698 -0.557197951
vn 0.14420547 -0.83037937 -0.538214534
vn 0.538214534 -0.83037937 0.14420547
vn 0.482549036 -0.830383539 0.278585005
vn -0.482549036 -0.830383539 0.278585005
vn -0.14420547 -0.83037937 -0.538214534
vn 0.557197951 -0.830379698 0
vn -0.394005845 -0.83037268 0.394005845
vn -0.278585005 -0.830383539 -0.482549036
vn 0.538214534 -0.83037937 -0.14420547
vn -0.278585005 -0.830383539 0.482549036
vn -0.394005845 -0.83037268 -0.394005845
vn 0.482549036 -0.830383539 -0.278585005
vn -0.14420547 -0.83037937 0.538214534
vn 0.14420547 -0.83037937 0.538214534
vn 0 -0.830379698 0.557197951
vn -0.482549036 -0.830383539 -0.278585005
vn 0.394005845 -0.83037268 -0.394005845
vn 0.278585005 -0.830383539 0.482549036
vn -0.538214534 -0.83037937 -0.14420547
vn 0.278585005 -0.830383539 -0.482549036
vn 0.394005845 -0.83037268 0.394005845
vn -0.0106817167 -0.99663467 -0.0812726052
vn -0.0313736834 -0.996633259 -0.0757485217
vn -0.04989887 -0.996634523 -0.0650363825
vn -0.0650363825 -0.996634523 -0.04989887
vn -0.0757485217 -0.996633259 -0.0313736834
vn -0.0812726052 -0.99663467 -0.0106817167
vn -0.0812726052 -0.99663467 0.0106817167
vn -0.0757485217 -0.996633259 0.0313736834
vn -0.0650363825 -0.996634523 0.04989887
vn -0.04989887 -0.996634523 0.0650363825
vn -0.0313736834 -0.996633259 0.0757485217
vn -0.0106817167 -0.99663467 0.0812726052
vn 0.0106817167 -0.99663467 0.0812726052
vn 0.0313736834 -0.996633259 0.0757485217
vn 0.04989887 -0.996634523 0.0650363825
vn 0.0650363825 -0.996634523 0.04989887
vn 0.0757485217 -0.996633259 0.0313736834
vn 0.0812726052 -0.99663467 0.0106817167
vn 0.0812726052 -0.99663467 -0.0106817167
vn 0.0757485217 -0.996633259 -0.0313736834
vn 0.0650363825 -0.996634523 -0.04989887
vn 0.04989887 -0.996634523 -0.0650363825
vn 0.0313736834 -0.996633259 -0.0757485217
vn 0.0106817167 -0.99663467 -0.0812726052
vn 0 -0.99088913 0.134680113
vn -0.00384541328 -0.999563313 -0.0292983869
vn 0.0348525937 -0.990887855 0.130102094
vn 0.0406815295 -0.950141072 0.309155229
vn -0.0112920842 -0.999563104 -0.0273146371
vn 0.0673248115 -0.990889337 0.116643439
vn 0.119327983 -0.950137576 0.288096199
vn -0.0179452779 -0.999564202 -0.0234387303
vn 0.0952493327 -0.990886032 0.0952493327
vn 0.189826637 -0.950140257 0.247385004
vn -0.0234387303 -0.999564202 -0.0179452779
vn 0.116643439 -0.990889337 0.0673248115
vn 0.247385004 -0.950140257 0.189826637
vn -0.0273146371 -0.999563104 -0.0112920842
vn 0.130102094 -0.990887855 0.0348525937
vn 0.288096199 -0.950137576 0.119327983
vn -0.0292983869 -0.999563313 -0.00384541328
vn 0.134680113 -0.99088913 0
vn 0.309155229 -0.950141072 0.0406815295
vn -0.0292983869 -0.999563313 0.00384541328
vn 0.130102094 -0.990887855 -0.0348525937
vn 0.309155229 -0.950141072 -0.0406815295
vn -0.0273146371 -0.999563104 0.0112920842
vn 0.116643439 -0.990889337 -0.0673248115
vn 0.288096199 -0.950137576 -0.119327983
vn -0.0234387303 -0.999564202 0.0179452779
vn 0.0952493327 -0.990886032 -0.0952493327
vn 0.247385004 -0.950140257 -0.189826637
vn -0.0179452779 -0.999564202 0.0234387303
vn 0.0673248115 -0.990889337 -0.116643439
vn 0.189826637 -0.950140257 -0.247385004
vn -0.0112920842 -0.999563104 0.0273146371
vn 0.0348525937 -0.990887855 -0.130102094
vn 0.119327983 -0.950137576 -0.288096199
vn -0.00384541328 -0.999563313 0.0292983869
vn 0 -0.99088913 -0.134680113
vn 0.0406815295 -0.950141072 -0.309155229
vn 0.00384541328 -0.999563313 0.0292983869
vn -0.0348525937 -0.990887855 -0.130102094
vn -0.0406815295 -0.950141072 -0.309155229
vn 0.0112920842 -0.999563104 0.0273146371
vn -0.0673248115 -0.990889337 -0.116643439
vn -0.119327983 -0.950137576 -0.288096199
vn 0.0179452779 -0.999564202 0.0234387303
vn -0.0952493327 -0.990886032 -0.0952493327
vn -0.189826637 -0.950140257 -0.247385004
vn 0.0234387303 -0.999564202 0.0179452779
vn -0.116643439 -0.990889337 -0.0673248115
vn -0.247385004 -0.950140257 -0.189826637
vn 0.0273146371 -0.999563104 0.0112920842
vn -0.130102094 -0.990887855 -0.0348525937
vn -0.288096199 -0.950137576 -0.119327983
vn 0.0292983869 -0.999563313 0.00384541328
vn -0.134680113 -0.99088913 0
vn -0.309155229 -0.950141072 -0.0406815295
vn 0.0292983869 -0.999563313 -0.00384541328
vn -0.130102094 -0.990887855 0.0348525937
vn -0.309155229 -0.950141072 0.0406815295
vn 0.0273146371 -0.999563104 -0.0112920842
vn -0.116643439 -0.990889337 0.0673248115
vn -0.288096199 -0.950137576 0.119327983
vn 0.0234387303 -0.999564202 -0.0179452779
vn -0.0952493327 -0.990886032 0.0952493327
vn -0.247385004 -0.950140257 0.189826637
vn 0.0179452779 -0.999564202 -0.0234387303
vn -0.0673248115 -0.990889337 0.116643439
vn -0.189826637 -0.950140257 0.247385004
vn 0.0112920842 -0.999563104 -0.0273146371
vn -0.0348525937 -0.990887855 0.130102094
vn -0.119327983 -0.950137576 0.288096199
vn 0.00384541328 -0.999563313 -0.0292983869
vn -0.0406815295 -0.950141072 0.309155229
vn 0.0233777963 -0.995906339 -0.0873157669
vn 0.0451990959 -0.995906103 -0.0782820307
vn 0 -0.911635192 0.411000337
vn -0.106360592 -0.911649131 0.396967615
vn -0.20548726 -0.911645623 0.355917468
vn 0 -0.995905705 -0.0903981557
vn -0.0233777963 -0.995906339 -0.0873157669
vn 0.106360592 -0.911649131 0.396967615
vn 0.0639075219 -0.995907454 -0.0639075219
vn -0.290605737 -0.911645003 0.290605737
vn 0.0782820307 -0.995906103 -0.0451990959
vn -0.355917468 -0.911645623 0.20548726
vn 0.0873157669 -0.995906339 -0.0233777963
vn -0.396967615 -0.911649131 0.106360592
vn 0.0903981557 -0.995905705 0
vn -0.411000337 -0.911635192 0
vn 0.0873157669 -0.995906339 0.0233777963
vn -0.396967615 -0.911649131 -0.106360592
vn 0.0782820307 -0.995906103 0.0451990959
vn -0.355917468 -0.911645623 -0.20548726
vn 0.0639075219 -0.995907454 0.0639075219
vn -0.290605737 -0.911645003 -0.290605737
vn 0.0451990959 -0.995906103 0.0782820307
vn -0.20548726 -0.911645623 -0.355917468
vn 0.0233777963 -0.995906339 0.0873157669
vn -0.106360592 -0.911649131 -0.396967615
vn 0 -0.995905705 0.0903981557
vn 0 -0.911635192 -0.411000337
vn -0.0233777963 -0.995906339 0.0873157669
vn 0.106360592 -0.911649131 -0.396967615
vn -0.0451990959 -0.995906103 0.0782820307
vn 0.20548726 -0.911645623 -0.355917468
vn -0.0639075219 -0.995907454 0.0639075219
vn 0.290605737 -0.911645003 -0.290605737
vn -0.0782820307 -0.995906103 0.0451990959
vn 0.355917468 -0.911645623 -0.20548726
vn -0.0873157669 -0.995906339 0.0233777963
vn 0.396967615 -0.911649131 -0.106360592
vn -0.0903981557 -0.995905705 0
vn 0.411000337 -0.911635192 0
vn -0.0873157669 -0.995906339 -0.0233777963
vn 0.396967615 -0.911649131 0.106360592
vn -0.0782820307 -0.995906103 -0.0451990959
vn 0.355917468 -0.911645623 0.20548726
vn -0.0639075219 -0.995907454 -0.0639075219
vn 0.290605737 -0.911645003 0.290605737
vn -0.0451990959 -0.995906103 -0.0782820307
vn 0.20548726 -0.911645623 0.355917468
vn 0.126992188 0.871335492 -0.473969878
vn 0.245346347 0.871332051 -0.424953676
vn 0.346975508 0.871330014 -0.346975508
vn 0.424953676 0.871332051 -0.245346347
vn 0.473969878 0.871335492 -0.126992188
vn 0.490692973 0.871332546 0
vn 0.473969878 0.871335492 0.126992188
vn 0.424953676 0.871332051 0.245346347
vn 0.346975508 0.871330014 0.346975508
vn 0.245346347 0.871332051 0.424953676
vn 0.126992188 0.871335492 0.473969878
vn 0 0.871332546 0.490692973
vn -0.126992188 0.871335492 0.473969878
vn -0.245346347 0.871332051 0.424953676
vn -0.346975508 0.871330014 0.346975508
vn -0.424953676 0.871332051 0.245346347
vn -0.473969878 0.871335492 0.126992188
vn -0.490692973 0.871332546 0
vn -0.473969878 0.871335492 -0.126992188
vn -0.424953676 0.871332051 -0.245346347
vn -0.346975508 0.871330014 -0.346975508
vn -0.245346347 0.871332051 -0.424953676
vn -0.126992188 0.871335492 -0.473969878
vn 0 0.938996935 -0.343925509
vn 0 0.938996935 -0.343925509
vn -0.0492279708 0.926114562 -0.374016612
vn -0.144357125 0.926113479 -0.348532415
vn -0.229657599 0.926107631 -0.299302593
vn -0.299302593 0.926107631 -0.229657599
vn -0.348532415 0.926113479 -0.144357125
vn -0.374016612 0.926114562 -0.0492279708
vn -0.374016612 0.926114562 0.0492279708
vn -0.348532415 0.926113479 0.144357125
vn -0.299274809 0.92611609 0.229659697
vn -0.229657599 0.926107631 0.299302593
vn -0.144357125 0.926113479 0.348532415
vn -0.0492279708 0.926114562 0.374016612
vn 0.0492279708 0.926114562 0.374016612
vn 0.144357125 0.926113479 0.348532415
vn 0.229657599 0.926107631 0.299302593
vn 0.299302593 0.926107631 0.229657599
vn 0.348532415 0.926113479 0.144357125
vn 0.374016612 0.926114562 0.0492279708
vn 0.374016612 0.926114562 -0.0492279708
vn 0.348532415 0.926113479 -0.144357125
vn 0.299302593 0.926107631 -0.229657599
vn 0.229657599 0.926107631 -0.299302593
vn 0.144357125 0.926113479 -0.348532415
vn 0.0492279708 0.926114562 -0.374016612
vn 0.155829223 0.798434045 -0.581567132
vn 0.301038818 0.798436526 -0.521416095
vn 0.425737376 0.798433073 -0.425737376
vn 0.521416095 0.798436526 -0.301038818
vn 0.581567132 0.798434045 -0.155829223
vn 0.602078129 0.798437178 0
vn 0.581567132 0.798434045 0.155829223
vn 0.521416095 0.798436526 0.301038818
vn 0.425737376 0.798433073 0.425737376
vn 0.301038818 0.798436526 0.521416095
vn 0.155829223 0.798434045 0.581567132
vn 0 0.798437178 0.602078129
vn -0.155829223 0.798434045 0.581567132
vn -0.301038818 0.798436526 0.521416095
vn -0.425737376 0.798433073 0.425737376
vn -0.521416095 0.798436526 0.301038818
vn -0.581567132 0.798434045 0.155829223
vn -0.602078129 0.798437178 0
vn -0.581567132 0.798434045 -0.155829223
vn -0.521416095 0.798436526 -0.301038818
vn -0.425737376 0.798433073 -0.425737376
vn -0.301038818 0.798436526 -0.521416095
vn -0.155829223 0.798434045 -0.581567132
vn 0.808143103 0.588986185 0
vn -0.780612318 0.588984182 -0.209145983
vn -0.21238317 -0.57141116 0.79270592
vn 0.780612318 0.588984182 -0.209145983
vn -0.808143103 0.588986185 0
vn -0.410335329 -0.571417539 0.710708741
vn 0.699866949 0.588990635 -0.404074604
vn 0.21238317 -0.57141116 -0.79270592
vn -0.780612318 0.588984182 0.209145983
vn -0.580295459 -0.571414352 0.580295459
vn 0.571441488 0.588990027 -0.571441488
vn 0.410335329 -0.571417539 -0.710708741
vn -0.699866949 0.588990635 0.404074604
vn -0.710708741 -0.571417539 0.410335329
vn 0.404074604 0.588990635 -0.699866949
vn 0.580295459 -0.571414352 -0.580295459
vn -0.571441488 0.588990027 0.571441488
vn -0.79270592 -0.57141116 0.21238317
vn 0.209145983 0.588984182 -0.780612318
vn 0.710708741 -0.571417539 -0.410335329
vn -0.404074604 0.588990635 0.699866949
vn -0.820663135 -0.571412301 0
vn 0.79270592 -0.57141116 -0.21238317
vn -0.209145983 0.588984182 0.780612318
vn -0.79270592 -0.57141116 -0.21238317
vn 0.255502721 0.159155117 -0.953618377
vn 0.255502721 0.159155117 -0.953618377
vn 0.49361591 0.159157107 -0.854992602
vn 0.49361591 0.159157107 -0.854992602
vn 0.69809349 0.159157021 -0.69809349
vn 0.69809349 0.159157021 -0.69809349
vn 0.854992602 0.159157107 -0.49361591
vn 0.854992602 0.159157107 -0.49361591
vn 0.953618377 0.159155117 -0.255502721
vn 0.953618377 0.159155117 -0.255502721
vn 0.987253498 0.159155682 0
vn 0.987253498 0.159155682 0
vn 0.953618377 0.159155117 0.255502721
vn 0.953618377 0.159155117 0.255502721
vn 0.854992602 0.159157107 0.49361591
vn 0.854992602 0.159157107 0.49361591
vn 0.69809349 0.159157021 0.69809349
vn 0.69809349 0.159157021 0.69809349
vn 0.49361591 0.159157107 0.854992602
vn 0.49361591 0.159157107 0.854992602
vn 0.255502721 0.159155117 0.953618377
vn 0.255502721 0.159155117 0.953618377
vn 0 0.159155682 0.987253498
vn 0 0.159155682 0.987253498
vn -0.255502721 0.159155117 0.953618377
vn -0.255502721 0.159155117 0.953618377
vn -0.49361591 0.159157107 0.854992602
vn -0.49361591 0.159157107 0.854992602
vn -0.69809349 0.159157021 0.69809349
vn -0.69809349 0.159157021 0.69809349
vn -0.854992602 0.159157107 0.49361591
vn -0.854992602 0.159157107 0.49361591
vn -0.953618377 0.159155117 0.255502721
vn -0.953618377 0.159155117 0.255502721
vn -0.987253498 0.159155682 0
vn -0.987253498 0.159155682 0
vn -0.953618377 0.159155117 -0.255502721
vn -0.953618377 0.159155117 -0.255502721
vn -0.854992602 0.159157107 -0.49361591
vn -0.854992602 0.159157107 -0.49361591
vn -0.69809349 0.159157021 -0.69809349
vn -0.69809349 0.159157021 -0.69809349
vn -0.49361591 0.159157107 -0.854992602
vn -0.49361591 0.159157107 -0.854992602
vn -0.255502721 0.159155117 -0.953618377
vn -0.255502721 0.159155117 -0.953618377
vn 0.820663135 -0.571412301 0
vn 0 0.588986185 0.808143103
vn -0.710708741 -0.571417539 -0.410335329
vn 0.79270592 -0.57141116 0.21238317
vn 0.209145983 0.588984182 0.780612318
vn -0.580295459 -0.571414352 -0.580295459
vn 0 0.588986185 -0.808143103
vn 0 0.588986185 -0.808143103
vn 0.710708741 -0.571417539 0.410335329
vn 0.404074604 0.588990635 0.699866949
vn -0.410335329 -0.571417539 -0.710708741
vn -0.209145983 0.588984182 -0.780612318
vn 0.580295459 -0.571414352 0.580295459
vn 0.571441488 0.588990027 0.571441488
vn 0 -0.571412301 -0.820663135
vn 0 -0.571412301 -0.820663135
vn -0.21238317 -0.57141116 -0.79270592
vn -0.404074604 0.588990635 -0.699866949
vn 0.410335329 -0.571417539 0.710708741
vn 0.780612318 0.588984182 0.209145983
vn 0.699866949 0.588990635 0.404074604
vn -0.699866949 0.588990635 -0.404074604
vn -0.571441488 0.588990027 -0.571441488
vn 0 -0.571412301 0.820663135
vn 0.21238317 -0.57141116 0.79270592
vn 0 -0.0337842945 -0.999429148
vn 0 -0.0337842945 -0.999429148
vn 0 -0.0337842945 -0.999429148
vn 0 -0.0337842945 -0.999429148
vn 0 0.0207531836 -0.999784629
vn 0 0.0207531836 -0.999784629
vn 0.120825712 0.377828321 -0.917958009
vn 0.354301627 0.377832209 -0.855402349
vn 0.563635864 0.377832561 -0.734545553
vn 0.734545553 0.377832561 -0.563635864
vn 0.855402349 0.377832209 -0.354301627
vn 0.917958009 0.377828321 -0.120825712
vn 0.917958009 0.377828321 0.120825712
vn 0.855392485 0.37785837 0.354297542
vn 0.734545553 0.377832561 0.563635864
vn 0.563635864 0.377832561 0.734545553
vn 0.354301627 0.377832209 0.855402349
vn 0.120825712 0.377828321 0.917958009
vn -0.120825712 0.377828321 0.917958009
vn -0.354301627 0.377832209 0.855402349
vn -0.563635864 0.377832561 0.734545553
vn -0.734545553 0.377832561 0.563635864
vn -0.855402349 0.377832209 0.354301627
vn -0.917958009 0.377828321 0.120825712
vn -0.917958009 0.377828321 -0.120825712
vn -0.855402349 0.377832209 -0.354301627
vn -0.734545553 0.377832561 -0.563635864
vn -0.563635864 0.377832561 -0.734545553
vn -0.354301627 0.377832209 -0.855402349
vn -0.120825712 0.377828321 -0.917958009
vn 0.258742915 0.0207531471 -0.965723258
vn 0.499882546 0.0207534116 -0.865844522
vn 0.70695449 0.0207532831 -0.70695449
vn 0.865844522 0.0207534116 -0.499882546
vn 0.965723258 0.0207531471 -0.258742915
vn 0.999784629 0.0207531836 0
vn 0.965723258 0.0207531471 0.258742915
vn 0.865844522 0.0207534116 0.499882546
vn 0.70695449 0.0207532831 0.70695449
vn 0.499882546 0.0207534116 0.865844522
vn 0.258742915 0.0207531471 0.965723258
vn 0 0.0207531836 0.999784629
vn -0.258742915 0.0207531471 0.965723258
vn -0.499882546 0.0207534116 0.865844522
vn -0.70695449 0.0207532831 0.70695449
vn -0.865844522 0.0207534116 0.499882546
vn -0.965723258 0.0207531471 0.258742915
vn -0.999784629 0.0207531836 0
vn -0.965723258 0.0207531471 -0.258742915
vn -0.865844522 0.0207534116 -0.499882546
vn -0.70695449 0.0207532831 -0.70695449
vn -0.499882546 0.0207534116 -0.865844522
vn -0.258742915 0.0207531471 -0.965723258
vn -0.12225883 -0.349960544 -0.928752064
vn -0.358477011 -0.349962182 -0.865459822
vn -0.570260614 -0.3499694 -0.743185207
vn -0.743185207 -0.3499694 -0.570260614
vn -0.865459822 -0.349962182 -0.358477011
vn -0.928752064 -0.349960544 -0.12225883
vn -0.928752064 -0.349960544 0.12225883
vn -0.865459822 -0.349962182 0.358477011
vn -0.743185207 -0.3499694 0.570260614
vn -0.570260614 -0.3499694 0.743185207
vn -0.358477011 -0.349962182 0.865459822
vn -0.12225883 -0.349960544 0.928752064
vn 0.12225883 -0.349960544 0.928752064
vn 0.358477011 -0.349962182 0.865459822
vn 0.570260614 -0.3499694 0.743185207
vn 0.743185207 -0.3499694 0.570260614
vn 0.865459822 -0.349962182 0.358477011
vn 0.928752064 -0.349960544 0.12225883
vn 0.928752064 -0.349960544 -0.12225883
vn 0.865459822 -0.349962182 -0.358477011
vn 0.743185207 -0.3499694 -0.570260614
vn 0.570260614 -0.3499694 -0.743185207
vn 0.358477011 -0.349962182 -0.865459822
vn 0.12225883 -0.349960544 -0.928752064
vn -0.0930852191 0.700855425 0.707203517
vn -0.272961668 0.700868119 0.658996061
vn -0.434226114 0.700871703 0.565885622
vn -0.565897726 0.700856176 0.434235402
vn -0.659010156 0.700852591 0.272967506
vn -0.707203517 0.700855425 0.0930852191
vn -0.707203517 0.700855425 -0.0930852191
vn -0.659010156 0.700852591 -0.272967506
vn -0.565885622 0.700871703 -0.434226114
vn -0.434226114 0.700871703 -0.565885622
vn -0.272961668 0.700868119 -0.658996061
vn -0.0930852191 0.700855425 -0.707203517
vn 0.093083228 0.700870953 -0.707188391
vn 0.272961668 0.700868119 -0.658996061
vn 0.434226114 0.700871703 -0.565885622
vn 0.565885622 0.700871703 -0.434226114
vn 0.659010156 0.700852591 -0.272967506
vn 0.707203517 0.700855425 -0.0930852191
vn 0.707203517 0.700855425 0.0930852191
vn 0.658996061 0.700868119 0.272961668
vn 0.565885622 0.700871703 0.434226114
vn 0.434235402 0.700856176 0.565897726
vn 0.272961668 0.700868119 0.658996061
vn 0.0930852191 0.700855425 0.707203517
vn -0.245433038 -0.317182984 -0.916055445
vn 0 0.0659518287 -0.997822808
vn 0 0.0659518287 -0.997822808
vn 0.258252596 0.0659517704 -0.963823615
vn 0.498896017 0.0659518118 -0.864148785
vn 0.705567293 0.0659514222 -0.705567293
vn 0.864148785 0.0659518118 -0.498896017
vn 0.963823615 0.0659517704 -0.258252596
vn 0.997822808 0.0659518287 0
vn 0.963823615 0.0659517704 0.258252596
vn 0.864148785 0.0659518118 0.498896017
vn 0.705567293 0.0659514222 0.705567293
vn 0.498896017 0.0659518118 0.864148785
vn 0.258252596 0.0659517704 0.963823615
vn 0 0.0659518287 0.997822808
vn -0.258252596 0.0659517704 0.963823615
vn -0.498896017 0.0659518118 0.864148785
vn -0.705567293 0.0659514222 0.705567293
vn -0.864148785 0.0659518118 0.498896017
vn -0.963823615 0.0659517704 0.258252596
vn -0.997822808 0.0659518287 0
vn -0.963823615 0.0659517704 -0.258252596
vn -0.864148785 0.0659518118 -0.498896017
vn -0.705567293 0.0659514222 -0.705567293
vn -0.498896017 0.0659518118 -0.864148785
vn -0.125737061 -0.268015231 -0.955174344
vn 0.125737061 -0.268015231 -0.955174344
vn 0.586489967 -0.268020751 -0.764326106
vn 0.764326106 -0.268020751 -0.586489967
vn 0.890084409 -0.268017169 -0.368668606
vn 0.955174344 -0.268015231 -0.125737061
vn 0.955174344 -0.268015231 0.125737061
vn 0.890084409 -0.268017169 0.368668606
vn 0.764326106 -0.268020751 0.586489967
vn 0.586489967 -0.268020751 0.764326106
vn 0.368668606 -0.268017169 0.890084409
vn 0.125737061 -0.268015231 0.955174344
vn -0.125737061 -0.268015231 0.955174344
vn -0.368668606 -0.268017169 0.890084409
vn -0.586489967 -0.268020751 0.764326106
vn -0.764326106 -0.268020751 0.586489967
vn -0.890084409 -0.268017169 0.368668606
vn -0.955174344 -0.268015231 0.125737061
vn -0.955174344 -0.268015231 -0.125737061
vn -0.890084409 -0.268017169 -0.368668606
vn -0.764326106 -0.268020751 -0.586489967
vn -0.586489967 -0.268020751 -0.764326106
vn -0.368668606 -0.268017169 -0.890084409
vn 0.368668606 -0.268017169 -0.890084409
vn 0.00302138744 0.999987686 -0.00393695939
vn 0.00302138744 0.999987686 -0.00393695939
vn -0.000640900293 0.999987573 0.00494408797
vn -0.000640900293 0.999987573 0.00494408797
vn 0.00189218185 0.999987591 -0.00460837838
vn 0.00189218185 0.999987591 -0.00460837838
vn 0.000640900293 0.999987573 -0.00494408797
vn 0.000640900293 0.999987573 -0.00494408797
vn -0.000640900293 0.999987573 -0.00494408797
vn -0.000640900293 0.999987573 -0.00494408797
vn -0.00189218185 0.999987591 -0.00460837838
vn -0.00189218185 0.999987591 -0.00460837838
vn 0.000640900293 0.999987573 0.00494408797
vn 0.000640900293 0.999987573 0.00494408797
vn -0.00302138744 0.999987686 -0.00393695939
vn -0.00302138744 0.999987686 -0.00393695939
vn 0.00189218185 0.999987591 0.00460837838
vn 0.00189218185 0.999987591 0.00460837838
vn -0.00393695939 0.999987686 -0.00302138744
vn -0.00393695939 0.999987686 -0.00302138744
vn 0.00302138744 0.999987686 0.00393695939
vn 0.00302138744 0.999987686 0.00393695939
vn -0.00460837838 0.999987591 -0.00189218185
vn -0.00460837838 0.999987591 -0.00189218185
vn 0.00393695939 0.999987686 0.00302138744
vn 0.00393695939 0.999987686 0.00302138744
vn -0.00494408797 0.999987573 -0.000640900293
vn -0.00494408797 0.999987573 -0.000640900293
vn 0.00460837838 0.999987591 0.00189218185
vn 0.00460837838 0.999987591 0.00189218185
vn -0.00494408797 0.999987573 0.000640900293
vn -0.00494408797 0.999987573 0.000640900293
vn 0.00494408797 0.999987573 0.000640900293
vn 0.00494408797 0.999987573 0.000640900293
vn -0.00460837838 0.999987591 0.00189218185
vn -0.00460837838 0.999987591 0.00189218185
vn 0.00494408797 0.999987573 -0.000640900293
vn 0.00494408797 0.999987573 -0.000640900293
vn -0.00393695939 0.999987686 0.00302138744
vn -0.00393695939 0.999987686 0.00302138744
vn 0.00460837838 0.999987591 -0.00189218185
vn 0.00460837838 0.999987591 -0.00189218185
vn -0.00302138744 0.999987686 0.00393695939
vn -0.00302138744 0.999987686 0.00393695939
vn 0.00393695939 0.999987686 -0.00302138744
vn 0.00393695939 0.999987686 -0.00302138744
vn -0.00189218185 0.999987591 0.00460837838
vn -0.00189218185 0.999987591 0.00460837838
vn 0.118445463 0.419915264 0.899801002
vn 0.229811861 0.459837352 0.857750615
vn 0.627930518 0.459831332 0.6279
vn 0.769045912 0.459828351 0.443989046
vn 0.857770717 0.459801249 0.22980907
vn 0.888020448 0.459803963 0
vn 0.857750615 0.459837352 -0.229811861
vn 0.769056703 0.459804286 -0.443995277
vn 0.627912033 0.459840144 -0.627912033
vn 0.443989046 0.459828351 -0.769045912
vn 0.229815086 0.459813286 -0.857762653
vn 0 0.459803963 -0.888020448
vn -0.229811861 0.459837352 -0.857750615
vn -0.443989046 0.459828351 -0.769045912
vn -0.627912033 0.459840144 -0.627912033
vn -0.769045912 0.459828351 -0.443989046
vn -0.857750615 0.459837352 -0.229811861
vn -0.888020448 0.459803963 0
vn -0.857750615 0.459837352 0.229811861
vn -0.769056703 0.459804286 0.443995277
vn -0.6279 0.459831332 0.627930518
vn -0.443989046 0.459828351 0.769045912
vn -0.347307305 0.41991222 0.838481582
vn -0.229811861 0.459837352 0.857750615
vn 0.0921981252 0.934371946 0.344163585
vn 0.347307305 0.41991222 0.838481582
vn 0.17814104 0.934378251 0.308549922
vn 0 0.417166423 0.908830113
vn 0 0.417166423 0.908830113
vn 0 0.934378421 0.356282144
vn 0 0.934378421 0.356282144
vn 0.443989046 0.459828351 0.769045912
vn 0.552493333 0.419916901 0.720014523
vn 0.251935791 0.93437504 0.251935791
vn 0.720014523 0.419916901 0.552493333
vn 0.308549922 0.934378251 0.17814104
vn 0.838481582 0.41991222 0.347307305
vn 0.344136681 0.934381759 0.0921990935
vn 0.899801002 0.419915264 0.118445463
vn 0.356282144 0.934378421 0
vn 0.899801002 0.419915264 -0.118445463
vn 0.344136681 0.934381759 -0.0921990935
vn 0.838481582 0.41991222 -0.347307305
vn 0.308549922 0.934378251 -0.17814104
vn 0.720014523 0.419916901 -0.552493333
vn 0.251935791 0.93437504 -0.251935791
vn 0.552493333 0.419916901 -0.720014523
vn 0.17814104 0.934378251 -0.308549922
vn 0.347307305 0.41991222 -0.838481582
vn 0.0921990935 0.934381759 -0.344136681
vn 0.118445463 0.419915264 -0.899801002
vn 0 0.934378421 -0.356282144
vn -0.118445463 0.419915264 -0.899801002
vn -0.0921990935 0.934381759 -0.344136681
vn -0.347307305 0.41991222 -0.838481582
vn -0.17814104 0.934378251 -0.308549922
vn -0.552493333 0.419916901 -0.720014523
vn -0.251935791 0.93437504 -0.251935791
vn -0.720014523 0.419916901 -0.552493333
vn -0.308549922 0.934378251 -0.17814104
vn -0.838481582 0.41991222 -0.347307305
vn -0.344136681 0.934381759 -0.0921990935
vn -0.899801002 0.419915264 -0.118445463
vn -0.356282144 0.934378421 0
vn -0.899801002 0.419915264 0.118445463
vn -0.344136681 0.934381759 0.0921990935
vn -0.838481582 0.41991222 0.347307305
vn -0.308549922 0.934378251 0.17814104
vn -0.720014523 0.419916901 0.552493333
vn -0.251935791 0.93437504 0.251935791
vn -0.552493333 0.419916901 0.720014523
vn -0.17814104 0.934378251 0.308549922
vn -0.118445463 0.419915264 0.899801002
vn -0.0921990935 0.934381759 0.344136681
vn 0.0852706832 0.944172913 -0.318223853
vn 0 0.944171484 -0.329454411
vn 0 0.944171484 -0.329454411
vn 0.164713427 0.944179974 -0.285295746
vn -0.0852706832 0.944172913 -0.318223853
vn 0.232953531 0.944174404 -0.232953531
vn 0.285295746 0.944179974 -0.164713427
vn 0.318223853 0.944172913 -0.0852706832
vn 0.329454411 0.944171484 0
vn 0.318223853 0.944172913 0.0852706832
vn 0.285295746 0.944179974 0.164713427
vn 0.232953531 0.944174404 0.232953531
vn 0.164713427 0.944179974 0.285295746
vn 0.0852706832 0.944172913 0.318223853
vn 0 0.944171484 0.329454411
vn -0.0852706832 0.944172913 0.318223853
vn -0.164713427 0.944179974 0.285295746
vn -0.232953531 0.944174404 0.232953531
vn -0.285295746 0.944179974 0.164713427
vn -0.318223853 0.944172913 0.0852706832
vn -0.329454411 0.944171484 0
vn -0.318223853 0.944172913 -0.0852706832
vn -0.285295746 0.944179974 -0.164713427
vn -0.232953531 0.944174404 -0.232953531
vn -0.164711993 0.944171753 -0.28532378
vn 0 0.871332546 -0.490692973
vn 0 0.871332546 -0.490692973
vn 0.208083054 -0.594553513 -0.776664382
vn 0.402041837 -0.594562857 -0.696317004
vn 0.568552526 -0.594555339 -0.568552526
vn 0.696317004 -0.594562857 -0.402041837
vn 0.776664382 -0.594553513 -0.208083054
vn 0.804061343 -0.594546345 0
vn 0.776664382 -0.594553513 0.208083054
vn 0.696317004 -0.594562857 0.402041837
vn 0.568552526 -0.594555339 0.568552526
vn 0.402041837 -0.594562857 0.696317004
vn 0.208083054 -0.594553513 0.776664382
vn 0 -0.594546345 0.804061343
vn -0.208083054 -0.594553513 0.776664382
vn -0.402041837 -0.594562857 0.696317004
vn -0.568552526 -0.594555339 0.568552526
vn -0.696317004 -0.594562857 0.402041837
vn -0.776664382 -0.594553513 0.208083054
vn -0.804061343 -0.594546345 0
vn -0.776664382 -0.594553513 -0.208083054
vn -0.696317004 -0.594562857 -0.402041837
vn -0.568552526 -0.594555339 -0.568552526
vn -0.402041837 -0.594562857 -0.696317004
vn -0.208083054 -0.594553513 -0.776664382
vn 0 -0.471028519 -0.882117982
vn 0 -0.471028519 -0.882117982
vn -0.10553487 -0.588163108 -0.801827007
vn -0.309489519 -0.588155199 -0.747187861
vn -0.492337982 -0.588168705 -0.641608047
vn -0.641608047 -0.588168705 -0.492337982
vn -0.747187861 -0.588155199 -0.309489519
vn -0.801827007 -0.588163108 -0.10553487
vn -0.801827007 -0.588163108 0.10553487
vn -0.747187861 -0.588155199 0.309489519
vn -0.641608047 -0.588168705 0.492337982
vn -0.492337982 -0.588168705 0.641608047
vn -0.309489519 -0.588155199 0.747187861
vn -0.10553487 -0.588163108 0.801827007
vn 0.10553487 -0.588163108 0.801827007
vn 0.309489519 -0.588155199 0.747187861
vn 0.492337982 -0.588168705 0.641608047
vn 0.641608047 -0.588168705 0.492337982
vn 0.747187861 -0.588155199 0.309489519
vn 0.801827007 -0.588163108 0.10553487
vn 0.801827007 -0.588163108 -0.10553487
vn 0.747187861 -0.588155199 -0.309489519
vn 0.641608047 -0.588168705 -0.492337982
vn 0.492337982 -0.588168705 -0.641608047
vn 0.309489519 -0.588155199 -0.747187861
vn 0.10553487 -0.588163108 -0.801827007
vn 0.0115970838 -0.99899719 -0.0432449144
vn 0.0224006631 -0.998996302 0.0387891601
vn 0.0115970838 -0.99899719 0.0432449144
vn -0.0432449144 -0.99899719 0.0115970838
vn -0.044801309 -0.998995917 0
vn 0.0224006631 -0.998996302 -0.0387891601
vn 0.0316783136 -0.99899598 -0.0316783136
vn 0.0316783136 -0.99899598 0.0316783136
vn -0.0387891601 -0.998996302 0.0224006631
vn -0.0115970838 -0.99899719 -0.0432449144
vn 0 -0.998995917 -0.044801309
vn 0.0387891601 -0.998996302 0.0224006631
vn -0.0316783136 -0.99899598 0.0316783136
vn -0.0224006631 -0.998996302 -0.0387891601
vn 0.0432449144 -0.99899719 0.0115970838
vn -0.0224006631 -0.998996302 0.0387891601
vn -0.0316783136 -0.99899598 -0.0316783136
vn 0.044801309 -0.998995917 0
vn -0.0115970838 -0.99899719 0.0432449144
vn -0.0387891601 -0.998996302 -0.0224006631
vn 0.0432449144 -0.99899719 -0.0115970838
vn 0 -0.998995917 0.044801309
vn -0.0432449144 -0.99899719 -0.0115970838
vn 0.0387891601 -0.998996302 -0.0224006631
vn -0.129705766 -0.111394357 0.98527545
vn -0.578681394 -0.310414467 0.754168883
vn -0.754168883 -0.310414467 0.578681394
vn -0.878251097 -0.310410808 0.363758355
vn -0.942471351 -0.310413392 0.124061588
vn -0.942471351 -0.310413392 -0.124061588
vn -0.878251097 -0.310410808 -0.363758355
vn -0.754168883 -0.310414467 -0.578681394
vn -0.578681394 -0.310414467 -0.754168883
vn -0.363758355 -0.310410808 -0.878251097
vn -0.124061588 -0.310413392 -0.942471351
vn 0.124061588 -0.310413392 -0.942471351
vn 0.363758355 -0.310410808 -0.878251097
vn 0.578681394 -0.310414467 -0.754168883
vn 0.754168883 -0.310414467 -0.578681394
vn 0.878251097 -0.310410808 -0.363758355
vn 0.942471351 -0.310413392 -0.124061588
vn 0.942471351 -0.310413392 0.124061588
vn 0.878251097 -0.310410808 0.363758355
vn 0.754168883 -0.310414467 0.578681394
vn 0.578681394 -0.310414467 0.754168883
vn 0.363758355 -0.310410808 0.878251097
vn 0.124061588 -0.310413392 0.942471351
vn -0.363758355 -0.310410808 0.878251097
vn 0.371974769 0.883272198 0.285420735
vn 0.118626978 0.417132367 0.901070601
vn 0.34780239 0.417143127 0.839657734
vn 0.553264541 0.417145845 0.721032379
vn 0.721032379 0.417145845 0.553264541
vn 0.839657734 0.417143127 0.34780239
vn 0.901070601 0.417132367 0.118626978
vn 0.901070601 0.417132367 -0.118626978
vn 0.839657734 0.417143127 -0.34780239
vn 0.721032379 0.417145845 -0.553264541
vn 0.553264541 0.417145845 -0.721032379
vn 0.34780239 0.417143127 -0.839657734
vn 0.118626978 0.417132367 -0.901070601
vn -0.118626978 0.417132367 -0.901070601
vn -0.34780239 0.417143127 -0.839657734
vn -0.553264541 0.417145845 -0.721032379
vn -0.721032379 0.417145845 -0.553264541
vn -0.839657734 0.417143127 -0.34780239
vn -0.901070601 0.417132367 -0.118626978
vn -0.901070601 0.417132367 0.118626978
vn -0.839657734 0.417143127 0.34780239
vn -0.721032379 0.417145845 0.553264541
vn -0.553264541 0.417145845 0.721032379
vn -0.767530011 -0.253096594 0.588931063
vn -0.604984915 -0.111395593 0.788406161
vn -0.893800967 -0.253091511 0.370222255
vn -0.959166308 -0.253098068 0.126259108
vn -0.959166308 -0.253098068 -0.126259108
vn -0.893800967 -0.253091511 -0.370222255
vn -0.767530011 -0.253096594 -0.588931063
vn -0.588931063 -0.253096594 -0.767530011
vn -0.370232353 -0.253098415 -0.893794829
vn -0.126259108 -0.253098068 -0.959166308
vn 0.126259108 -0.253098068 -0.959166308
vn 0.370222255 -0.253091511 -0.893800967
vn 0.588931063 -0.253096594 -0.767530011
vn 0.767530011 -0.253096594 -0.588931063
vn 0.893794829 -0.253098415 -0.370232353
vn 0.959166308 -0.253098068 -0.126259108
vn 0.959166308 -0.253098068 0.126259108
vn 0.893800967 -0.253091511 0.370222255
vn 0.767530011 -0.253096594 0.588931063
vn 0.588931063 -0.253096594 0.767530011
vn 0.370222255 -0.253091511 0.893800967
vn 0.126259108 -0.253098068 0.959166308
vn -0.124061588 -0.310413392 0.942471351
vn 0.508672259 0.549355065 0.662918959
vn 0.662918959 0.549355065 0.508672259
vn -0.109045632 0.549348241 0.828447681
vn 0.828447681 0.549348241 0.109045632
vn 0.828447681 0.549348241 -0.109045632
vn 0.600679548 0.162270751 0.782848826
vn 0.662918959 0.549355065 -0.508672259
vn 0.508672259 0.549355065 -0.662918959
vn 0.771991491 0.54935152 0.319753101
vn 0.109045632 0.549348241 -0.828447681
vn -0.109045632 0.549348241 -0.828447681
vn 0.771991491 0.54935152 -0.319753101
vn -0.508672259 0.549355065 -0.662918959
vn -0.662918959 0.549355065 -0.508672259
vn 0.319753101 0.54935152 -0.771991491
vn -0.828447681 0.549348241 -0.109045632
vn -0.828447681 0.549348241 0.109045632
vn -0.319753101 0.54935152 -0.771991491
vn -0.662918959 0.549355065 0.508672259
vn -0.128792574 0.162272529 0.978304707
vn -0.771991491 0.54935152 -0.319753101
vn -0.380296488 -0.111394126 0.918131761
vn -0.508672259 0.549355065 0.662918959
vn -0.771991491 0.54935152 0.319753101
vn -0.788406161 -0.111395593 0.604984915
vn -0.370222255 -0.253091511 0.893800967
vn -0.918131761 -0.111394126 0.380296488
vn -0.98527545 -0.111394357 0.129705766
vn -0.98527545 -0.111394357 -0.129705766
vn -0.918131761 -0.111394126 -0.380296488
vn -0.788406161 -0.111395593 -0.604984915
vn -0.604984915 -0.111395593 -0.788406161
vn -0.380296488 -0.111394126 -0.918131761
vn -0.129705766 -0.111394357 -0.98527545
vn 0.129705766 -0.111394357 -0.98527545
vn 0.380296488 -0.111394126 -0.918131761
vn 0.604984915 -0.111395593 -0.788406161
vn 0.788406161 -0.111395593 -0.604984915
vn 0.918131761 -0.111394126 -0.380296488
vn 0.98527545 -0.111394357 -0.129705766
vn 0.98527545 -0.111394357 0.129705766
vn 0.918131761 -0.111394126 0.380296488
vn 0.788406161 -0.111395593 0.604984915
vn 0.604984915 -0.111395593 0.788406161
vn 0.380296488 -0.111394126 0.918131761
vn 0.129705766 -0.111394357 0.98527545
vn 0.128792574 0.162272529 0.978304707
vn -0.588931063 -0.253096594 0.767530011
vn 0.782848826 0.162270751 0.600679548
vn 0.911634542 0.162269781 0.377612209
vn 0.978304707 0.162272529 0.128792574
vn 0.978304707 0.162272529 -0.128792574
vn 0.911634542 0.162269781 -0.377612209
vn 0.782848826 0.162270751 -0.600679548
vn 0.600679548 0.162270751 -0.782848826
vn 0.377612209 0.162269781 -0.911634542
vn 0.128792574 0.162272529 -0.978304707
vn -0.128792574 0.162272529 -0.978304707
vn -0.377612209 0.162269781 -0.911634542
vn -0.600679548 0.162270751 -0.782848826
vn -0.782848826 0.162270751 -0.600679548
vn -0.911634542 0.162269781 -0.377612209
vn -0.978304707 0.162272529 -0.128792574
vn -0.978304707 0.162272529 0.128792574
vn -0.911634542 0.162269781 0.377612209
vn -0.782848826 0.162270751 0.600679548
vn -0.600679548 0.162270751 0.782848826
vn -0.377612209 0.162269781 0.911634542
vn -0.319753101 0.54935152 0.771991491
vn 0.319753101 0.54935152 0.771991491
vn 0.377612209 0.162269781 0.911634542
vn 0.608672513 0.0178231415 0.793221348
vn 0.793221348 0.0178231415 0.608672513
vn 0.923732794 0.0178233703 0.382622598
vn 0.991288186 0.0178231053 0.130499308
vn 0.991288186 0.0178231053 -0.130499308
vn 0.923732794 0.0178233703 -0.382622598
vn 0.793221348 0.0178231415 -0.608672513
vn 0.608672513 0.0178231415 -0.793221348
vn 0.382622598 0.0178233703 -0.923732794
vn 0.130499308 0.0178231053 -0.991288186
vn -0.130499308 0.0178231053 -0.991288186
vn -0.382622598 0.0178233703 -0.923732794
vn -0.608672513 0.0178231415 -0.793221348
vn -0.793221348 0.0178231415 -0.608672513
vn -0.923732794 0.0178233703 -0.382622598
vn -0.991288186 0.0178231053 -0.130499308
vn -0.991288186 0.0178231053 0.130499308
vn -0.923732794 0.0178233703 0.382622598
vn -0.793221348 0.0178231415 0.608672513
vn -0.608672513 0.0178231415 0.793221348
vn -0.382622598 0.0178233703 0.923732794
vn -0.130499308 0.0178231053 0.991288186
vn 0.382622598 0.0178233703 0.923732794
vn 0.127690329 0.206550693 0.970068034
vn 0.128606809 -0.170600871 0.976911271
vn 0.374415268 0.206557109 0.903962039
vn 0.377068929 -0.17060423 0.910336872
vn 0.595634742 0.206551003 0.776244766
vn 0.599830755 -0.170604144 0.781727121
vn 0.776244766 0.206551003 0.595634742
vn 0.781727121 -0.170604144 0.599830755
vn 0.903962039 0.206557109 0.374415268
vn 0.910336872 -0.17060423 0.377068929
vn 0.970068034 0.206550693 0.127690329
vn 0.976911271 -0.170600871 0.128606809
vn 0.970068034 0.206550693 -0.127690329
vn 0.976911271 -0.170600871 -0.128606809
vn 0.903962039 0.206557109 -0.374415268
vn 0.910336872 -0.17060423 -0.377068929
vn 0.776244766 0.206551003 -0.595634742
vn 0.781727121 -0.170604144 -0.599830755
vn 0.595634742 0.206551003 -0.776244766
vn 0.599830755 -0.170604144 -0.781727121
vn 0.374415268 0.206557109 -0.903962039
vn 0.377068929 -0.17060423 -0.910336872
vn 0.127690329 0.206550693 -0.970068034
vn 0.128606809 -0.170600871 -0.976911271
vn -0.127690329 0.206550693 -0.970068034
vn -0.128606809 -0.170600871 -0.976911271
vn -0.374415268 0.206557109 -0.903962039
vn -0.377068929 -0.17060423 -0.910336872
vn -0.595634742 0.206551003 -0.776244766
vn -0.599830755 -0.170604144 -0.781727121
vn -0.776244766 0.206551003 -0.595634742
vn -0.781727121 -0.170604144 -0.599830755
vn -0.903962039 0.206557109 -0.374415268
vn -0.910336872 -0.17060423 -0.377068929
vn -0.970068034 0.206550693 -0.127690329
vn -0.976911271 -0.170600871 -0.128606809
vn -0.970068034 0.206550693 0.127690329
vn -0.976911271 -0.170600871 0.128606809
vn -0.903962039 0.206557109 0.374415268
vn -0.910336872 -0.17060423 0.377068929
vn -0.776244766 0.206551003 0.595634742
vn -0.781727121 -0.170604144 0.599830755
vn -0.595634742 0.206551003 0.776244766
vn -0.599830755 -0.170604144 0.781727121
vn -0.374415268 0.206557109 0.903962039
vn -0.377068929 -0.17060423 0.910336872
vn -0.127690329 0.206550693 0.970068034
vn -0.128606809 -0.170600871 0.976911271
vn -0.34780239 0.417143127 0.839657734
vn 0.130499308 0.0178231053 0.991288186
vn 0.109045632 0.549348241 0.828447681
vn 0.0485864567 0.998616473 0.0201121083
vn -0.464871138 0.883261254 0.0611913483
vn 0.0611913483 0.883261254 -0.464871138
vn 0.433192354 0.883261897 0.179423537
vn -0.433192354 0.883261897 0.179423537
vn -0.0611913483 0.883261254 -0.464871138
vn 0.464871138 0.883261254 0.0611913483
vn -0.371974769 0.883272198 0.285420735
vn -0.179423537 0.883261897 -0.433192354
vn 0.464871138 0.883261254 -0.0611913483
vn -0.285420735 0.883272198 0.371974769
vn -0.285420735 0.883272198 -0.371974769
vn 0.433192354 0.883261897 -0.179423537
vn -0.179423537 0.883261897 0.433192354
vn 0.0611913483 0.883261254 0.464871138
vn -0.371974769 0.883272198 -0.285420735
vn 0.371974769 0.883272198 -0.285420735
vn -0.0611913483 0.883261254 0.464871138
vn 0.179423537 0.883261897 0.433192354
vn -0.433192354 0.883261897 -0.179423537
vn 0.285420735 0.883272198 -0.371974769
vn 0.285420735 0.883272198 0.371974769
vn -0.464871138 0.883261254 -0.0611913483
vn 0.179423537 0.883261897 -0.433192354
vn -0.0251480272 0.997833441 0.0607947453
vn 0.0652504931 0.997832063 0.00857595374
vn -0.0400415487 0.997834182 -0.0521883009
vn -0.0400415487 0.997834182 0.0521883009
vn 0.0607947453 0.997833441 0.0251480272
vn -0.0251480272 0.997833441 -0.0607947453
vn 0.00857595374 0.997832063 -0.0652504931
vn -0.0521883009 0.997834182 0.0400415487
vn 0.0521883009 0.997834182 0.0400415487
vn -0.00857595374 0.997832063 -0.0652504931
vn 0.0251480272 0.997833441 -0.0607947453
vn -0.0607947453 0.997833441 0.0251480272
vn 0.0400415487 0.997834182 0.0521883009
vn 0.0400415487 0.997834182 -0.0521883009
vn -0.0652504931 0.997832063 0.00857595374
vn 0.0251480272 0.997833441 0.0607947453
vn 0.0521883009 0.997834182 -0.0400415487
vn -0.0652504931 0.997832063 -0.00857595374
vn 0.00857595374 0.997832063 0.0652504931
vn 0.0607947453 0.997833441 -0.0251480272
vn -0.0607947453 0.997833441 -0.0251480272
vn -0.00857595374 0.997832063 0.0652504931
vn 0.0652504931 0.997832063 -0.00857595374
vn -0.0521883009 0.997834182 -0.0400415487
vn 0.00683628952 0.99861708 0.0521267076
vn 0.00683628952 0.99861708 -0.0521267076
vn -0.0417196464 0.998616312 0.0320145624
vn -0.0201121083 0.998616473 -0.0485864567
vn 0.0485864567 0.998616473 -0.0201121083
vn -0.0485864567 0.998616473 -0.0201121083
vn 0.0417196464 0.998616312 0.0320145624
vn -0.00683628952 0.99861708 -0.0521267076
vn -0.00683628952 0.99861708 0.0521267076
vn 0.0201121083 0.998616473 -0.0485864567
vn -0.0485864567 0.998616473 0.0201121083
vn 0.0521267076 0.99861708 -0.00683628952
vn -0.0417196464 0.998616312 -0.0320145624
vn 0.0320145624 0.998616312 0.0417196464
vn -0.0201121083 0.998616473 0.0485864567
vn 0.0320145624 0.998616312 -0.0417196464
vn -0.0521267076 0.99861708 0.00683628952
vn 0.0521267076 0.99861708 0.00683628952
vn -0.0320145624 0.998616312 -0.0417196464
vn 0.0201121083 0.998616473 0.0485864567
vn -0.0320145624 0.998616312 0.0417196464
vn 0.0417196464 0.998616312 -0.0320145624
vn -0.0521267076 0.99861708 -0.00683628952
vn -0.118626978 0.417132367 0.901070601
vn 0.568476292 0.357743005 -0.74084725
vn 0.74084725 0.357743005 -0.568476292
vn 0.862741396 0.357743612 -0.357346878
vn 0.925832815 0.357746966 -0.121863476
vn 0.925832815 0.357746966 0.121863476
vn 0.862741396 0.357743612 0.357346878
vn 0.74084725 0.357743005 0.568476292
vn 0.568476292 0.357743005 0.74084725
vn 0.357346878 0.357743612 0.862741396
vn 0.121863476 0.357746966 0.925832815
vn -0.121863476 0.357746966 0.925832815
vn -0.357346878 0.357743612 0.862741396
vn -0.568476292 0.357743005 0.74084725
vn -0.74084725 0.357743005 0.568476292
vn -0.862741396 0.357743612 0.357346878
vn -0.925832815 0.357746966 0.121863476
vn -0.925832815 0.357746966 -0.121863476
vn -0.862741396 0.357743612 -0.357346878
vn -0.74084725 0.357743005 -0.568476292
vn -0.568476292 0.357743005 -0.74084725
vn -0.357346878 0.357743612 -0.862741396
vn 0.0785866592 0.798440461 -0.596922916
vn -0.121863476 0.357746966 -0.925832815
vn 0.357346878 0.357743612 -0.862741396
vn -0.381971581 -0.0606405841 0.922182428
vn 0.130287053 -0.060641924 -0.989620049
vn -0.0385756191 -0.999242841 -0.00506610188
vn -0.0148931311 -0.999243669 0.0359205223
vn 0.0308544062 -0.999243286 0.0236825109
vn 0.0308544062 -0.999243286 -0.0236825109
vn -0.00506610188 -0.999242841 -0.0385756191
vn -0.0308544062 -0.999243286 -0.0236825109
vn -0.0308544062 -0.999243286 0.0236825109
vn 0.0148931311 -0.999243669 0.0359205223
vn 0.0385756191 -0.999242841 -0.00506610188
vn 0.00506610188 -0.999242841 -0.0385756191
vn -0.0148931311 -0.999243669 -0.0359205223
vn -0.0385756191 -0.999242841 0.00506610188
vn -0.00506610188 -0.999242841 0.0385756191
vn 0.0359205223 -0.999243669 0.0148931311
vn 0.0236825109 -0.999243286 -0.0308544062
vn -0.0359205223 -0.999243669 -0.0148931311
vn -0.0236825109 -0.999243286 0.0308544062
vn 0.0236825109 -0.999243286 0.0308544062
vn 0.0359205223 -0.999243669 -0.0148931311
vn -0.0236825109 -0.999243286 -0.0308544062
vn -0.0359205223 -0.999243669 0.0148931311
vn 0.00506610188 -0.999242841 0.0385756191
vn 0.0385756191 -0.999242841 0.00506610188
vn 0.381857155 0.06595215 -0.921865189
vn -0.381857155 0.06595215 -0.921865189
vn -0.6074227 0.0659518884 -0.791636288
vn -0.791636288 0.0659518884 -0.6074227
vn -0.921865189 0.06595215 -0.381857155
vn -0.989288284 0.0659525532 -0.130226543
vn -0.989288284 0.0659525532 0.130226543
vn -0.921865189 0.06595215 0.381857155
vn -0.791636288 0.0659518884 0.6074227
vn -0.6074227 0.0659518884 0.791636288
vn -0.381857155 0.06595215 0.921865189
vn -0.130226543 0.0659525532 0.989288284
vn 0.130226543 0.0659525532 0.989288284
vn 0.381857155 0.06595215 0.921865189
vn 0.6074227 0.0659518884 0.791636288
vn 0.791636288 0.0659518884 0.6074227
vn 0.921865189 0.06595215 0.381857155
vn 0.989288284 0.0659525532 0.130226543
vn 0.989288284 0.0659525532 -0.130226543
vn 0.921865189 0.06595215 -0.381857155
vn 0.791636288 0.0659518884 -0.6074227
vn 0.6074227 0.0659518884 -0.791636288
vn 0.130226543 0.0659525532 -0.989288284
vn 0.587096693 0.264417824 -0.76511482
vn 0.381524708 0.0774280574 -0.921110088
vn 0.76511482 0.264417824 -0.587096693
vn 0.890997306 0.264415173 -0.369064245
vn 0.956160539 0.26441669 -0.125860391
vn 0.956160539 0.26441669 0.125860391
vn 0.890997306 0.264415173 0.369064245
vn 0.76511482 0.264417824 0.587096693
vn 0.587096693 0.264417824 0.76511482
vn 0.369064245 0.264415173 0.890997306
vn 0.125860391 0.26441669 0.956160539
vn -0.125860391 0.26441669 0.956160539
vn -0.369064245 0.264415173 0.890997306
vn -0.587096693 0.264417824 0.76511482
vn -0.76511482 0.264417824 0.587096693
vn -0.890997306 0.264415173 0.369064245
vn -0.956160539 0.26441669 0.125860391
vn -0.956160539 0.26441669 -0.125860391
vn -0.890997306 0.264415173 -0.369064245
vn -0.76511482 0.264417824 -0.587096693
vn -0.587096693 0.264417824 -0.76511482
vn -0.369064245 0.264415173 -0.890997306
vn -0.125860391 0.26441669 -0.956160539
vn -0.128852272 0.159127367 -0.97881335
vn -0.128852272 0.159127367 -0.97881335
vn -0.37780233 0.159129279 -0.912109243
vn -0.37780233 0.159129279 -0.912109243
vn -0.601010912 0.159126128 -0.783239912
vn -0.601010912 0.159126128 -0.783239912
vn -0.783239912 0.159126128 -0.601010912
vn -0.783239912 0.159126128 -0.601010912
vn -0.912109243 0.159129279 -0.37780233
vn -0.912109243 0.159129279 -0.37780233
vn -0.97881335 0.159127367 -0.128852272
vn -0.97881335 0.159127367 -0.128852272
vn -0.97881335 0.159127367 0.128852272
vn -0.97881335 0.159127367 0.128852272
vn -0.912109243 0.159129279 0.37780233
vn -0.912109243 0.159129279 0.37780233
vn -0.783239912 0.159126128 0.601010912
vn -0.783239912 0.159126128 0.601010912
vn -0.601010912 0.159126128 0.783239912
vn -0.601010912 0.159126128 0.783239912
vn -0.37780233 0.159129279 0.912109243
vn -0.37780233 0.159129279 0.912109243
vn -0.128852272 0.159127367 0.97881335
vn -0.128852272 0.159127367 0.97881335
vn 0.128852272 0.159127367 0.97881335
vn 0.128852272 0.159127367 0.97881335
vn 0.37780233 0.159129279 0.912109243
vn 0.37780233 0.159129279 0.912109243
vn 0.601010912 0.159126128 0.783239912
vn 0.601010912 0.159126128 0.783239912
vn 0.783239912 0.159126128 0.601010912
vn 0.783239912 0.159126128 0.601010912
vn 0.912109243 0.159129279 0.37780233
vn 0.912109243 0.159129279 0.37780233
vn 0.97881335 0.159127367 0.128852272
vn 0.97881335 0.159127367 0.128852272
vn 0.97881335 0.159127367 -0.128852272
vn 0.97881335 0.159127367 -0.128852272
vn 0.912109243 0.159129279 -0.37780233
vn 0.912109243 0.159129279 -0.37780233
vn 0.783239912 0.159126128 -0.601010912
vn 0.783239912 0.159126128 -0.601010912
vn 0.601010912 0.159126128 -0.783239912
vn 0.601010912 0.159126128 -0.783239912
vn 0.37780233 0.159129279 -0.912109243
vn 0.37780233 0.159129279 -0.912109243
vn 0.128852272 0.159127367 -0.97881335
vn 0.128852272 0.159127367 -0.97881335
vn 0.109318824 0.546075315 -0.830572781
vn 0.320574362 0.546081251 -0.773968569
vn 0.509977352 0.546081705 -0.664618591
vn 0.664618591 0.546081705 -0.509977352
vn 0.773968569 0.546081251 -0.320574362
vn 0.830572781 0.546075315 -0.109318824
vn 0.830572781 0.546075315 0.109318824
vn 0.773968569 0.546081251 0.320574362
vn 0.664618591 0.546081705 0.509977352
vn 0.509977352 0.546081705 0.664618591
vn 0.320574362 0.546081251 0.773968569
vn 0.109318824 0.546075315 0.830572781
vn -0.109318824 0.546075315 0.830572781
vn -0.320574362 0.546081251 0.773968569
vn -0.509977352 0.546081705 0.664618591
vn -0.664618591 0.546081705 0.509977352
vn -0.773968569 0.546081251 0.320574362
vn -0.830572781 0.546075315 0.109318824
vn -0.830572781 0.546075315 -0.109318824
vn -0.773968569 0.546081251 -0.320574362
vn -0.664618591 0.546081705 -0.509977352
vn -0.509977352 0.546081705 -0.664618591
vn -0.320574362 0.546081251 -0.773968569
vn -0.109318824 0.546075315 -0.830572781
vn -0.513269523 -0.537684739 -0.668916675
vn -0.668916675 -0.537684739 -0.513269523
vn 0.110050376 -0.537678154 -0.835937269
vn -0.835937269 -0.537678154 -0.110050376
vn -0.835937269 -0.537678154 0.110050376
vn -0.37220876 -0.232218479 -0.898629633
vn -0.668916675 -0.537684739 0.513269523
vn -0.513269523 -0.537684739 0.668916675
vn -0.77896918 -0.537685253 -0.322647773
vn -0.110050376 -0.537678154 0.835937269
vn 0.110050376 -0.537678154 0.835937269
vn -0.77896918 -0.537685253 0.322647773
vn 0.513269523 -0.537684739 0.668916675
vn 0.668916675 -0.537684739 0.513269523
vn -0.322647773 -0.537685253 0.77896918
vn 0.835937269 -0.537678154 0.110050376
vn 0.835937269 -0.537678154 -0.110050376
vn 0.322647773 -0.537685253 0.77896918
vn 0.668916675 -0.537684739 -0.513269523
vn 0.379377981 -0.13116939 -0.915896795
vn 0.77896918 -0.537685253 0.322647773
vn 0.130101577 0.0774261586 -0.988472948
vn 0.513269523 -0.537684739 -0.668916675
vn 0.77896918 -0.537685253 -0.322647773
vn 0.606937509 0.0774274854 -0.790968928
vn 0.125860391 0.26441669 -0.956160539
vn 0.790968928 0.0774274854 -0.606937509
vn 0.921110088 0.0774280574 -0.381524708
vn 0.988472948 0.0774261586 -0.130101577
vn 0.988472948 0.0774261586 0.130101577
vn 0.921110088 0.0774280574 0.381524708
vn 0.790968928 0.0774274854 0.606937509
vn 0.606937509 0.0774274854 0.790968928
vn 0.381524708 0.0774280574 0.921110088
vn 0.130101577 0.0774261586 0.988472948
vn -0.130101577 0.0774261586 0.988472948
vn -0.381524708 0.0774280574 0.921110088
vn -0.606937509 0.0774274854 0.790968928
vn -0.790968928 0.0774274854 0.606937509
vn -0.921110088 0.0774280574 0.381524708
vn -0.988472948 0.0774261586 0.130101577
vn -0.988472948 0.0774261586 -0.130101577
vn -0.921110088 0.0774280574 -0.381524708
vn -0.790968928 0.0774274854 -0.606937509
vn -0.606937509 0.0774274854 -0.790968928
vn -0.381524708 0.0774280574 -0.921110088
vn -0.130101577 0.0774261586 -0.988472948
vn 0.230389759 0.798444418 -0.556243715
vn 0.366532774 0.798437205 -0.477652336
vn 0.477652336 0.798437205 -0.366532774
vn 0.556243715 0.798444418 -0.230389759
vn 0.596922916 0.798440461 -0.0785866592
vn 0.596922916 0.798440461 0.0785866592
vn 0.556243715 0.798444418 0.230389759
vn 0.477652336 0.798437205 0.366532774
vn 0.366532774 0.798437205 0.477652336
vn 0.230389759 0.798444418 0.556243715
vn 0.0785866592 0.798440461 0.596922916
vn -0.0785866592 0.798440461 0.596922916
vn -0.230389759 0.798444418 0.556243715
vn -0.366532774 0.798437205 0.477652336
vn -0.477652336 0.798437205 0.366532774
vn -0.556243715 0.798444418 0.230389759
vn -0.596922916 0.798440461 0.0785866592
vn -0.596922916 0.798440461 -0.0785866592
vn -0.556243715 0.798444418 -0.230389759
vn -0.477652336 0.798437205 -0.366532774
vn -0.366532774 0.798437205 -0.477652336
vn -0.230389759 0.798444418 -0.556243715
vn -0.0785866592 0.798440461 -0.596922916
vn 0.104924616 -0.59454227 -0.797189008
vn 0.307692767 -0.594541023 -0.742863469
vn 0.489468587 -0.594546532 -0.637914511
vn 0.637914511 -0.594546532 -0.489468587
vn 0.742863469 -0.594541023 -0.307692767
vn 0.797189008 -0.59454227 -0.104924616
vn 0.797189008 -0.59454227 0.104924616
vn 0.742863469 -0.594541023 0.307692767
vn 0.637914511 -0.594546532 0.489468587
vn 0.489468587 -0.594546532 0.637914511
vn 0.307692767 -0.594541023 0.742863469
vn 0.104924616 -0.59454227 0.797189008
vn -0.104924616 -0.59454227 0.797189008
vn -0.307692767 -0.594541023 0.742863469
vn -0.489468587 -0.594546532 0.637914511
vn -0.637914511 -0.594546532 0.489468587
vn -0.742863469 -0.594541023 0.307692767
vn -0.797189008 -0.59454227 0.104924616
vn -0.797189008 -0.59454227 -0.104924616
vn -0.742863469 -0.594541023 -0.307692767
vn -0.637914511 -0.594546532 -0.489468587
vn -0.489468587 -0.594546532 -0.637914511
vn -0.307692767 -0.594541023 -0.742863469
vn -0.104924616 -0.59454227 -0.797189008
vn 0.128730543 0.164377121 -0.977961456
vn 0.377440842 0.164380733 -0.911327266
vn 0.600465491 0.164376487 -0.78257368
vn 0.78257368 0.164376487 -0.600465491
vn 0.911327266 0.164380733 -0.377440842
vn 0.977961456 0.164377121 -0.128730543
vn 0.977961456 0.164377121 0.128730543
vn 0.911327266 0.164380733 0.377440842
vn 0.78257368 0.164376487 0.600465491
vn 0.600465491 0.164376487 0.78257368
vn 0.377440842 0.164380733 0.911327266
vn 0.128730543 0.164377121 0.977961456
vn -0.128730543 0.164377121 0.977961456
vn -0.377430345 0.164376161 0.911332438
vn -0.600465491 0.164376487 0.78257368
vn -0.78257368 0.164376487 0.600465491
vn -0.911327266 0.164380733 0.377440842
vn -0.977961456 0.164377121 0.128730543
vn -0.977961456 0.164377121 -0.128730543
vn -0.911332438 0.164376161 -0.377430345
vn -0.78257368 0.164376487 -0.600465491
vn -0.600465491 0.164376487 -0.78257368
vn -0.377440842 0.164380733 -0.911327266
vn -0.128730543 0.164377121 -0.977961456
vn 0.369064245 0.264415173 -0.890997306
vn -0.122045122 0.354538176 -0.927042432
vn -0.35780563 0.3545401 -0.863872935
vn -0.569221948 0.354546761 -0.741810601
vn -0.741810601 0.354546761 -0.569221948
vn -0.863872935 0.3545401 -0.35780563
vn -0.927042432 0.354538176 -0.122045122
vn -0.927042432 0.354538176 0.122045122
vn -0.863872935 0.3545401 0.35780563
vn -0.741810601 0.354546761 0.569221948
vn -0.569221948 0.354546761 0.741810601
vn -0.35780563 0.3545401 0.863872935
vn -0.122045122 0.354538176 0.927042432
vn 0.122045122 0.354538176 0.927042432
vn 0.35780563 0.3545401 0.863872935
vn 0.569221948 0.354546761 0.741810601
vn 0.741810601 0.354546761 0.569221948
vn 0.863872935 0.3545401 0.35780563
vn 0.927042432 0.354538176 0.122045122
vn 0.927042432 0.354538176 -0.122045122
vn 0.863872935 0.3545401 -0.35780563
vn 0.741810601 0.354546761 -0.569221948
vn 0.569221948 0.354546761 -0.741810601
vn 0.35780563 0.3545401 -0.863872935
vn 0.122045122 0.354538176 -0.927042432
vn 0.129372322 -0.13117298 -0.982881708
vn -0.592103215 -0.232220687 -0.771678259
vn -0.379377981 -0.13116939 -0.915896795
vn -0.771678259 -0.232220687 -0.592103215
vn -0.603486479 -0.131171487 -0.786510083
vn -0.898629633 -0.232218479 -0.37220876
vn -0.786510083 -0.131171487 -0.603486479
vn -0.964345653 -0.232220588 -0.126929348
vn -0.915907399 -0.131170909 -0.379351855
vn -0.964341917 -0.232219689 0.126959374
vn -0.982881708 -0.13117298 -0.129372322
vn -0.898629633 -0.232218479 0.37220876
vn -0.982881708 -0.13117298 0.129372322
vn -0.771678259 -0.232220687 0.592103215
vn -0.915896795 -0.13116939 0.379377981
vn -0.592103215 -0.232220687 0.771678259
vn -0.786510083 -0.131171487 0.603486479
vn -0.37220876 -0.232218479 0.898629633
vn -0.603486479 -0.131171487 0.786510083
vn -0.126929348 -0.232220588 0.964345653
vn -0.379377981 -0.13116939 0.915896795
vn 0.126959374 -0.232219689 0.964341917
vn -0.129372322 -0.13117298 0.982881708
vn 0.37220876 -0.232218479 0.898629633
vn 0.129372322 -0.13117298 0.982881708
vn 0.592103215 -0.232220687 0.771678259
vn 0.379377981 -0.13116939 0.915896795
vn 0.771678259 -0.232220687 0.592103215
vn 0.603486479 -0.131171487 0.786510083
vn 0.898629633 -0.232218479 0.37220876
vn 0.786510083 -0.131171487 0.603486479
vn 0.964341917 -0.232219689 0.126959374
vn 0.915896795 -0.13116939 0.379377981
vn 0.964341917 -0.232219689 -0.126959374
vn 0.982881708 -0.13117298 0.129372322
vn 0.898629633 -0.232218479 -0.37220876
vn 0.982881708 -0.13117298 -0.129372322
vn 0.771678259 -0.232220687 -0.592103215
vn 0.915907399 -0.131170909 -0.379351855
vn 0.592103215 -0.232220687 -0.771678259
vn 0.786510083 -0.131171487 -0.603486479
vn 0.37220876 -0.232218479 -0.898629633
vn 0.603486479 -0.131171487 -0.786510083
vn 0.322647773 -0.537685253 -0.77896918
vn 0.126959374 -0.232219689 -0.964341917
vn -0.322647773 -0.537685253 -0.77896918
vn -0.126959374 -0.232219689 -0.964341917
vn -0.382653061 0.0112006437 -0.923824215
vn -0.608725226 0.0112003485 -0.793302056
vn -0.793302056 0.0112003485 -0.608725226
vn -0.923824215 0.0112006437 -0.382653061
vn -0.991385039 0.0112005387 -0.130500006
vn -0.991385039 0.0112005387 0.130500006
vn -0.923824215 0.0112006437 0.382653061
vn -0.793302056 0.0112003485 0.608725226
vn -0.608725226 0.0112003485 0.793302056
vn -0.382653061 0.0112006437 0.923824215
vn -0.130500006 0.0112005387 0.991385039
vn 0.130500006 0.0112005387 0.991385039
vn 0.382653061 0.0112006437 0.923824215
vn 0.608725226 0.0112003485 0.793302056
vn 0.793302056 0.0112003485 0.608725226
vn 0.923824215 0.0112006437 0.382653061
vn 0.991385039 0.0112005387 0.130500006
vn 0.991385039 0.0112005387 -0.130500006
vn 0.923824215 0.0112006437 -0.382653061
vn 0.793302056 0.0112003485 -0.608725226
vn 0.608725226 0.0112003485 -0.793302056
vn 0.382653061 0.0112006437 -0.923824215
vn 0.130500006 0.0112005387 -0.991385039
vn -0.130500006 0.0112005387 -0.991385039
vn -0.128425952 -0.177653869 -0.975677138
vn -0.128151206 0.189983637 -0.973387634
vn -0.37657451 -0.177651365 -0.909192846
vn -0.375718127 0.189980122 -0.907052061
vn -0.599063416 -0.177652865 -0.780744826
vn -0.597680085 0.189979499 -0.778900704
vn -0.780744826 -0.177652865 -0.599063416
vn -0.778914911 0.189982964 -0.597660468
vn -0.909192846 -0.177651365 -0.37657451
vn -0.907062462 0.1899823 -0.375691917
vn -0.975677138 -0.177653869 -0.128425952
vn -0.973389237 0.189977993 -0.128147399
vn -0.975677138 -0.177653869 0.128425952
vn -0.973389237 0.189977993 0.128147399
vn -0.909192846 -0.177651365 0.37657451
vn -0.907052061 0.189980122 0.375718127
vn -0.780744826 -0.177652865 0.599063416
vn -0.778914911 0.189982964 0.597660468
vn -0.599063416 -0.177652865 0.780744826
vn -0.597660468 0.189982964 0.778914911
vn -0.37657451 -0.177651365 0.909192846
vn -0.375691917 0.1899823 0.907062462
vn -0.128425952 -0.177653869 0.975677138
vn -0.128151206 0.189983637 0.973387634
vn 0.128425952 -0.177653869 0.975677138
vn 0.128151206 0.189983637 0.973387634
vn 0.37657451 -0.177651365 0.909192846
vn 0.375718127 0.189980122 0.907052061
vn 0.599063416 -0.177652865 0.780744826
vn 0.597660468 0.189982964 0.778914911
vn 0.780744826 -0.177652865 0.599063416
vn 0.778914911 0.189982964 0.597660468
vn 0.909192846 -0.177651365 0.37657451
vn 0.907062462 0.1899823 0.375691917
vn 0.975677138 -0.177653869 0.128425952
vn 0.973387634 0.189983637 0.128151206
vn 0.975677138 -0.177653869 -0.128425952
vn 0.973389237 0.189977993 -0.128147399
vn 0.909192846 -0.177651365 -0.37657451
vn 0.907062462 0.1899823 -0.375691917
vn 0.780744826 -0.177652865 -0.599063416
vn 0.778914911 0.189982964 -0.597660468
vn 0.599063416 -0.177652865 -0.780744826
vn 0.597680085 0.189979499 -0.778900704
vn 0.37657451 -0.177651365 -0.909192846
vn 0.375691917 0.1899823 -0.907062462
vn 0.128425952 -0.177653869 -0.975677138
vn 0.128147399 0.189977993 -0.973389237
vn -0.130226543 0.0659525532 -0.989288284
vn -0.117498409 -0.435537619 -0.892469107
vn -0.123081762 -0.332775495 -0.934939222
vn -0.3444714 -0.435540998 -0.831651065
vn -0.36085774 -0.33278017 -0.871228472
vn -0.547999785 -0.435537123 -0.714145398
vn -0.574060325 -0.332777983 -0.748140065
vn -0.714145398 -0.435537123 -0.547999785
vn -0.748140065 -0.332777983 -0.574060325
vn -0.831651065 -0.435540998 -0.3444714
vn -0.871228472 -0.33278017 -0.36085774
vn -0.892472307 -0.43553918 -0.117468313
vn -0.934939222 -0.332775495 -0.123081762
vn -0.892469107 -0.435537619 0.117498409
vn -0.934939222 -0.332775495 0.123081762
vn -0.831651065 -0.435540998 0.3444714
vn -0.871228472 -0.33278017 0.36085774
vn -0.714145398 -0.435537123 0.547999785
vn -0.748140065 -0.332777983 0.574060325
vn -0.547999785 -0.435537123 0.714145398
vn -0.574060325 -0.332777983 0.748140065
vn -0.3444714 -0.435540998 0.831651065
vn -0.36085774 -0.33278017 0.871228472
vn -0.117498409 -0.435537619 0.892469107
vn -0.123081762 -0.332775495 0.934939222
vn 0.117498409 -0.435537619 0.892469107
vn 0.123081762 -0.332775495 0.934939222
vn 0.3444714 -0.435540998 0.831651065
vn 0.36085774 -0.33278017 0.871228472
vn 0.547999785 -0.435537123 0.714145398
vn 0.574060325 -0.332777983 0.748140065
vn 0.714145398 -0.435537123 0.547999785
vn 0.748140065 -0.332777983 0.574060325
vn 0.831651065 -0.435540998 0.3444714
vn 0.871228472 -0.33278017 0.36085774
vn 0.892469107 -0.435537619 0.117498409
vn 0.934939222 -0.332775495 0.123081762
vn 0.892469107 -0.435537619 -0.117498409
vn 0.934939222 -0.332775495 -0.123081762
vn 0.831651065 -0.435540998 -0.3444714
vn 0.871228472 -0.33278017 -0.36085774
vn 0.714145398 -0.435537123 -0.547999785
vn 0.748140065 -0.332777983 -0.574060325
vn 0.547999785 -0.435537123 -0.714145398
vn 0.574060325 -0.332777983 -0.748140065
vn 0.3444714 -0.435540998 -0.831651065
vn 0.36085774 -0.33278017 -0.871228472
vn 0.117498409 -0.435537619 -0.892469107
vn 0.123081762 -0.332775495 -0.934939222
vn -0.110050376 -0.537678154 -0.835937269
vn -0.130315892 -0.0566736776 -0.989851435
vn -0.382063409 -0.0566731968 -0.922396715
vn -0.60779376 -0.0566745173 -0.792069911
vn -0.792081283 -0.0566731474 -0.607779068
vn -0.922396715 -0.0566731968 -0.382063409
vn -0.989851435 -0.0566736776 -0.130315892
vn -0.989851435 -0.0566736776 0.130315892
vn -0.922396715 -0.0566731968 0.382063409
vn -0.792069911 -0.0566745173 0.60779376
vn -0.607779068 -0.0566731474 0.792081283
vn -0.382063409 -0.0566731968 0.922396715
vn -0.130315892 -0.0566736776 0.989851435
vn 0.130315892 -0.0566736776 0.989851435
vn 0.382063409 -0.0566731968 0.922396715
vn 0.60779376 -0.0566745173 0.792069911
vn 0.792081283 -0.0566731474 0.607779068
vn 0.922396715 -0.0566731968 0.382063409
vn 0.989851435 -0.0566736776 0.130315892
vn 0.989851435 -0.0566736776 -0.130315892
vn 0.922396715 -0.0566731968 -0.382063409
vn 0.792081283 -0.0566731474 -0.607779068
vn 0.607779068 -0.0566731474 -0.792081283
vn 0.382063409 -0.0566731968 -0.922396715
vn 0.130315892 -0.0566736776 -0.989851435
vn -0.129372322 -0.13117298 -0.982881708
vn -0.989620049 -0.060641924 -0.130287053
vn -0.130287053 -0.060641924 -0.989620049
vn 0.989620049 -0.060641924 0.130287053
vn 0.130287053 -0.060641924 0.989620049
vn -0.922177863 -0.0606422907 0.381982331
vn -0.607644249 -0.0606423482 -0.791890758
vn 0.922182428 -0.0606405841 -0.381971581
vn 0.607644249 -0.0606423482 0.791890758
vn -0.607644249 -0.0606423482 0.791890758
vn -0.922182428 -0.0606405841 -0.381971581
vn 0.381971581 -0.0606405841 -0.922182428
vn 0.607644249 -0.0606423482 -0.791890758
vn 0.922182428 -0.0606405841 0.381971581
vn -0.130287053 -0.060641924 0.989620049
vn -0.989620049 -0.060641924 0.130287053
vn -0.381982331 -0.0606422907 -0.922177863
vn 0.989620049 -0.060641924 -0.130287053
vn 0.381982331 -0.0606422907 0.922177863
vn -0.791890758 -0.0606423482 0.607644249
vn -0.791890758 -0.0606423482 -0.607644249
vn 0.791890758 -0.0606423482 -0.607644249
vn 0.791890758 -0.0606423482 0.607644249
vn 0.0873179133 -0.743194113 -0.663353671
vn 0.256025535 -0.743234022 -0.618105261
vn 0.407276512 -0.743230072 -0.53078706
vn 0.53078706 -0.743230072 -0.407276512
vn 0.618105261 -0.743234022 -0.256025535
vn 0.66332355 -0.743221462 -0.0873139485
vn 0.663353671 -0.743194113 0.0873179133
vn 0.618105261 -0.743234022 0.256025535
vn 0.53078706 -0.743230072 0.407276512
vn 0.407276512 -0.743230072 0.53078706
vn 0.256025535 -0.743234022 0.618105261
vn 0.0873139485 -0.743221462 0.66332355
vn -0.0873179133 -0.743194113 0.663353671
vn -0.256025535 -0.743234022 0.618105261
vn -0.407276512 -0.743230072 0.53078706
vn -0.53078706 -0.743230072 0.407276512
vn -0.618105261 -0.743234022 0.256025535
vn -0.66332355 -0.743221462 0.0873139485
vn -0.663353671 -0.743194113 -0.0873179133
vn -0.618105261 -0.743234022 -0.256025535
vn -0.530811163 -0.743202723 -0.407295006
vn -0.407276512 -0.743230072 -0.53078706
vn -0.256025535 -0.743234022 -0.618105261
vn -0.0873139485 -0.743221462 -0.66332355
vn 0.0148931311 -0.999243669 -0.0359205223
vn 0.367663721 -0.917404508 -0.152290368
vn -0.152290368 -0.917404508 0.367663721
vn 0.051943537 -0.917404641 -0.39455113
vn 0.152290368 -0.917404508 0.367663721
vn -0.315720116 -0.917404267 -0.242260641
vn 0.367663721 -0.917404508 0.152290368
vn -0.367663721 -0.917404508 0.152290368
vn 0.315720116 -0.917404267 -0.242260641
vn -0.051943537 -0.917404641 0.39455113
vn -0.051943537 -0.917404641 -0.39455113
vn -0.367663721 -0.917404508 -0.152290368
vn 0.394551755 -0.917406095 0.0519130974
vn -0.315720116 -0.917404267 0.242260641
vn 0.242260641 -0.917404267 -0.315720116
vn -0.152290368 -0.917404508 -0.367663721
vn 0.242260641 -0.917404267 0.315720116
vn -0.39455113 -0.917404641 -0.051943537
vn 0.39455113 -0.917404641 -0.051943537
vn -0.242260641 -0.917404267 0.315720116
vn 0.152290368 -0.917404508 -0.367663721
vn -0.242260641 -0.917404267 -0.315720116
vn 0.315722451 -0.91741105 0.242231914
vn -0.39455113 -0.917404641 0.051943537
vn 0.051943537 -0.917404641 0.39455113
vn -0.552435138 -0.830377041 0.0727281877
vn 0.0727281877 -0.830377041 -0.552435138
vn 0.514799049 -0.830368254 0.213238135
vn -0.514799049 -0.830368254 0.213238135
vn -0.0727281877 -0.830377041 -0.552435138
vn 0.552435138 -0.830377041 0.0727281877
vn -0.442073963 -0.830372662 0.339192943
vn -0.213238135 -0.830368254 -0.514799049
vn 0.552435138 -0.830377041 -0.0727281877
vn -0.339192943 -0.830372662 0.442073963
vn -0.339192943 -0.830372662 -0.442073963
vn 0.514799049 -0.830368254 -0.213238135
vn -0.213238135 -0.830368254 0.514799049
vn 0.0727281877 -0.830377041 0.552435138
vn -0.442073963 -0.830372662 -0.339192943
vn 0.442073963 -0.830372662 -0.339192943
vn -0.0727281877 -0.830377041 0.552435138
vn 0.213238135 -0.830368254 0.514799049
vn -0.514799049 -0.830368254 -0.213238135
vn 0.339192943 -0.830372662 -0.442073963
vn 0.339192943 -0.830372662 0.442073963
vn -0.552435138 -0.830377041 -0.0727281877
vn 0.213238135 -0.830368254 -0.514799049
vn 0.442073963 -0.830372662 0.339192943
vn -0.0894507733 -0.995921936 0.0117497608
vn 0.0117497608 -0.995921936 -0.0894507733
vn 0.0549035195 -0.995923587 -0.0715668423
vn 0.0549035195 -0.995923587 0.0715668423
vn -0.0833470583 -0.995922615 0.0345168541
vn -0.157265016 -0.9116366 0.379718876
vn 0.0715668423 -0.995923587 0.0549035195
vn -0.0715668423 -0.995923587 0.0549035195
vn -0.0345168541 -0.995922615 -0.0833470583
vn 0.0833470583 -0.995922615 0.0345168541
vn -0.0549035195 -0.995923587 0.0715668423
vn -0.0549035195 -0.995923587 -0.0715668423
vn 0.0894507733 -0.995921936 0.0117497608
vn -0.0345168541 -0.995922615 0.0833470583
vn -0.0715668423 -0.995923587 -0.0549035195
vn 0.0894507733 -0.995921936 -0.0117497608
vn -0.0117497608 -0.995921936 0.0894507733
vn -0.0833470583 -0.995922615 -0.0345168541
vn 0.0833470583 -0.995922615 -0.0345168541
vn 0.0117497608 -0.995921936 0.0894507733
vn -0.0894507733 -0.995921936 -0.0117497608
vn 0.0715668423 -0.995923587 -0.0549035195
vn 0.0345168541 -0.995922615 0.0833470583
vn 0.0536226028 -0.911645317 -0.407464639
vn 0.379718876 -0.9116366 0.157265016
vn -0.379718876 -0.9116366 0.157265016
vn -0.0536226028 -0.911645317 -0.407464639
vn 0.407464639 -0.911645317 0.0536226028
vn -0.326066525 -0.911637329 0.250195927
vn -0.157265016 -0.9116366 -0.379718876
vn 0.407464639 -0.911645317 -0.0536226028
vn -0.250195927 -0.911637329 0.326066525
vn -0.250195927 -0.911637329 -0.326066525
vn 0.379718876 -0.9116366 -0.157265016
vn -0.0536226028 -0.911645317 0.407464639
vn 0.0536226028 -0.911645317 0.407464639
vn -0.326066525 -0.911637329 -0.250195927
vn 0.326066525 -0.911637329 -0.250195927
vn -0.0117497608 -0.995921936 -0.0894507733
vn 0.157265016 -0.9116366 0.379718876
vn -0.379718876 -0.9116366 -0.157265016
vn 0.250195927 -0.911637329 -0.326066525
vn 0.250195927 -0.911637329 0.326066525
vn -0.407464639 -0.911645317 -0.0536226028
vn 0.157265016 -0.9116366 -0.379718876
vn 0.326066525 -0.911637329 0.250195927
vn -0.407464639 -0.911645317 0.0536226028
vn 0.0225841799 -0.998251268 0.054629302
vn 0.0175789308 -0.990890131 0.133520518
vn 0.0515160604 -0.990890651 0.124425938
vn 0.0819740051 -0.990890501 0.106846982
vn 0.106846982 -0.990890501 0.0819740051
vn 0.124425938 -0.990890651 0.0515160604
vn 0.133520518 -0.990890131 0.0175789308
vn 0.133520518 -0.990890131 -0.0175789308
vn 0.124425938 -0.990890651 -0.0515160604
vn 0.106846982 -0.990890501 -0.0819740051
vn 0.0819740051 -0.990890501 -0.106846982
vn 0.0515160604 -0.990890651 -0.124425938
vn 0.0175789308 -0.990890131 -0.133520518
vn -0.0175789308 -0.990890131 -0.133520518
vn -0.0515160604 -0.990890651 -0.124425938
vn -0.0819740051 -0.990890501 -0.106846982
vn -0.106846982 -0.990890501 -0.0819740051
vn -0.124425938 -0.990890651 -0.0515160604
vn -0.133520518 -0.990890131 -0.0175789308
vn -0.133520518 -0.990890131 0.0175789308
vn -0.124425938 -0.990890651 0.0515160604
vn -0.106846982 -0.990890501 0.0819740051
vn -0.0819740051 -0.990890501 0.106846982
vn -0.0515160604 -0.990890651 0.124425938
vn -0.0175789308 -0.990890131 0.133520518
vn 0.0345168541 -0.995922615 -0.0833470583
vn -0.0448941543 0.93899282 -0.340994132
vn -0.131599797 0.93899137 -0.317768311
vn -0.209365244 0.939000067 -0.272846235
vn -0.272874482 0.938992248 -0.209363501
vn -0.317768311 0.93899137 -0.131599797
vn -0.340994132 0.93899282 -0.0448941543
vn -0.340994132 0.93899282 0.0448941543
vn -0.317768311 0.93899137 0.131599797
vn -0.272874482 0.938992248 0.209363501
vn -0.209363501 0.938992248 0.272874482
vn -0.131599797 0.93899137 0.317768311
vn -0.0448941543 0.93899282 0.340994132
vn 0.0448941543 0.93899282 0.340994132
vn 0.131599797 0.93899137 0.317768311
vn 0.209365244 0.939000067 0.272846235
vn 0.272874482 0.938992248 0.209363501
vn 0.317768311 0.93899137 0.131599797
vn 0.340994132 0.93899282 0.0448941543
vn 0.340994132 0.93899282 -0.0448941543
vn 0.317768311 0.93899137 -0.131599797
vn 0.272874482 0.938992248 -0.209363501
vn 0.209363501 0.938992248 -0.272874482
vn 0.131599797 0.93899137 -0.317768311
vn 0.0448941543 0.93899282 -0.340994132
vn 0.801225152 0.588993454 0.105474962
vn -0.746625623 0.588993168 -0.309252691
vn -0.107092285 -0.571413195 0.813645011
vn 0.801225152 0.588993454 -0.105474962
vn -0.801225152 0.588993454 -0.105474962
vn -0.314045243 -0.571415852 0.758194902
vn 0.746625623 0.588993168 -0.309252691
vn 0.107092285 -0.571413195 -0.813645011
vn -0.801225152 0.588993454 0.105474962
vn -0.499577152 -0.571420563 0.651076961
vn 0.641143104 0.588986178 -0.491966262
vn 0.314045243 -0.571415852 -0.758194902
vn -0.746625623 0.588993168 0.309252691
vn -0.651076961 -0.571420563 0.499577152
vn 0.491966262 0.588986178 -0.641143104
vn 0.499577152 -0.571420563 -0.651076961
vn -0.641143104 0.588986178 0.491966262
vn -0.758194902 -0.571415852 0.314045243
vn 0.309252691 0.588993168 -0.746625623
vn 0.651076961 -0.571420563 -0.499577152
vn -0.491966262 0.588986178 0.641143104
vn -0.813645011 -0.571413195 0.107092285
vn 0.105474962 0.588993454 -0.801225152
vn 0.758194902 -0.571415852 -0.314045243
vn -0.309252691 0.588993168 0.746625623
vn -0.813645011 -0.571413195 -0.107092285
vn 0.813645011 -0.571413195 -0.107092285
vn -0.105474962 0.588993454 0.801225152
vn -0.758194902 -0.571415852 -0.314045243
vn 0.813645011 -0.571413195 0.107092285
vn 0.105474962 0.588993454 0.801225152
vn -0.651076961 -0.571420563 -0.499577152
vn 0.758194902 -0.571415852 0.314045243
vn 0.309252691 0.588993168 0.746625623
vn -0.499577152 -0.571420563 -0.651076961
vn -0.105474962 0.588993454 -0.801225152
vn 0.651076961 -0.571420563 0.499577152
vn 0.491966262 0.588986178 0.641143104
vn -0.314045243 -0.571415852 -0.758194902
vn -0.309252691 0.588993168 -0.746625623
vn 0.499577152 -0.571420563 0.651076961
vn 0.641143104 0.588986178 0.491966262
vn -0.107092285 -0.571413195 -0.813645011
vn -0.491966262 0.588986178 -0.641143104
vn 0.314045243 -0.571415852 0.758194902
vn 0.746625623 0.588993168 0.309252691
vn -0.641143104 0.588986178 -0.491966262
vn 0.107092285 -0.571413195 0.813645011
vn -0.130436884 -0.033784192 -0.990880844
vn -0.130436884 -0.033784192 -0.990880844
vn -0.382464161 -0.0337845377 -0.923352463
vn -0.382464161 -0.0337845377 -0.923352463
vn -0.608410894 -0.0337853479 -0.792902727
vn -0.608410894 -0.0337853479 -0.792902727
vn -0.792902727 -0.0337853479 -0.608410894
vn -0.792902727 -0.0337853479 -0.608410894
vn -0.923352463 -0.0337845377 -0.382464161
vn -0.923352463 -0.0337845377 -0.382464161
vn -0.990880844 -0.033784192 -0.130436884
vn -0.990880844 -0.033784192 -0.130436884
vn -0.990880844 -0.033784192 0.130436884
vn -0.990880844 -0.033784192 0.130436884
vn -0.923352463 -0.0337845377 0.382464161
vn -0.923352463 -0.0337845377 0.382464161
vn -0.792902727 -0.0337853479 0.608410894
vn -0.792902727 -0.0337853479 0.608410894
vn -0.608410894 -0.0337853479 0.792902727
vn -0.608410894 -0.0337853479 0.792902727
vn -0.382464161 -0.0337845377 0.923352463
vn -0.382464161 -0.0337845377 0.923352463
vn -0.130436884 -0.033784192 0.990880844
vn -0.130436884 -0.033784192 0.990880844
vn 0.130436884 -0.033784192 0.990880844
vn 0.130436884 -0.033784192 0.990880844
vn 0.382464161 -0.0337845377 0.923352463
vn 0.382464161 -0.0337845377 0.923352463
vn 0.608410894 -0.0337853479 0.792902727
vn 0.608410894 -0.0337853479 0.792902727
vn 0.792902727 -0.0337853479 0.608410894
vn 0.792902727 -0.0337853479 0.608410894
vn 0.923352463 -0.0337845377 0.382464161
vn 0.923352463 -0.0337845377 0.382464161
vn 0.990880844 -0.033784192 0.130436884
vn 0.990880844 -0.033784192 0.130436884
vn 0.990880844 -0.033784192 -0.130436884
vn 0.990880844 -0.033784192 -0.130436884
vn 0.923352463 -0.0337845377 -0.382464161
vn 0.923352463 -0.0337845377 -0.382464161
vn 0.792902727 -0.0337853479 -0.608410894
vn 0.792902727 -0.0337853479 -0.608410894
vn 0.608410894 -0.0337853479 -0.792902727
vn 0.608410894 -0.0337853479 -0.792902727
vn 0.382464161 -0.0337845377 -0.923352463
vn 0.382464161 -0.0337845377 -0.923352463
vn 0.130436884 -0.033784192 -0.990880844
vn 0.130436884 -0.033784192 -0.990880844
vn 0.382585711 0.020752894 -0.923686901
vn 0.608614426 0.0207530736 -0.793194674
vn 0.793194674 0.0207530736 -0.608614426
vn 0.923686901 0.020752894 -0.382585711
vn 0.991231106 0.0207530149 -0.130499837
vn 0.991231106 0.0207530149 0.130499837
vn 0.923686901 0.020752894 0.382585711
vn 0.793194674 0.0207530736 0.608614426
vn 0.608614426 0.0207530736 0.793194674
vn 0.382585711 0.020752894 0.923686901
vn 0.130499837 0.0207530149 0.991231106
vn -0.130499837 0.0207530149 0.991231106
vn -0.382585711 0.020752894 0.923686901
vn -0.608614426 0.0207530736 0.793194674
vn -0.793194674 0.0207530736 0.608614426
vn -0.923686901 0.020752894 0.382585711
vn -0.991231106 0.0207530149 0.130499837
vn -0.991231106 0.0207530149 -0.130499837
vn -0.923686901 0.020752894 -0.382585711
vn -0.793194674 0.0207530736 -0.608614426
vn -0.608633639 0.0207526881 -0.793179941
vn -0.382585711 0.020752894 -0.923686901
vn -0.130499837 0.0207530149 -0.991231106
vn 0.130499837 0.0207530149 -0.991231106
vn 0.704512408 0.459806957 -0.54059211
vn 0.339833381 0.459805099 -0.820422174
vn 0.0464804856 0.934370641 0.353257796
vn -0.115912539 0.459804715 -0.880422573
vn -0.339833381 0.459805099 -0.820422174
vn 0.115912539 0.459804715 0.880422573
vn -0.54059211 0.459806957 -0.704512408
vn 0.339833381 0.459805099 0.820422174
vn -0.704512408 0.459806957 -0.54059211
vn 0.54059211 0.459806957 0.704512408
vn -0.820422174 0.459805099 -0.339833381
vn 0.136358986 0.934370355 -0.329178169
vn 0.820422174 0.459805099 0.339833381
vn -0.880425687 0.459806341 0.115882431
vn -0.0430017863 0.944177615 -0.326618246
vn 0.0464804856 0.934370641 -0.353257796
vn -0.880425687 0.459806341 -0.115882431
vn -0.0464804856 0.934370641 -0.353257796
vn 0.880425687 0.459806341 0.115882431
vn -0.136358986 0.934370355 -0.329178169
vn 0.880422573 0.459804715 -0.115912539
vn -0.216899367 0.934373285 -0.282668055
vn -0.704512408 0.459806957 0.54059211
vn 0.136358986 0.934370355 0.329178169
vn 0.820422174 0.459805099 -0.339833381
vn -0.282668055 0.934373285 -0.216899367
vn 0.216899367 0.934373285 0.282668055
vn 0.54059211 0.459806957 -0.704512408
vn -0.329178169 0.934370355 -0.136358986
vn 0.282668055 0.934373285 0.216899367
vn -0.339833381 0.459805099 0.820422174
vn -0.353257796 0.934370641 -0.0464804856
vn 0.704512408 0.459806957 0.54059211
vn 0.0430017863 0.944177615 -0.326618246
vn -0.54059211 0.459806957 0.704512408
vn -0.820422174 0.459805099 0.339833381
vn 0.329178169 0.934370355 0.136358986
vn -0.353257796 0.934370641 0.0464804856
vn 0.353257796 0.934370641 0.0464804856
vn 0.115882431 0.459806341 -0.880425687
vn -0.329178169 0.934370355 0.136358986
vn 0.353257796 0.934370641 -0.0464804856
vn -0.282668055 0.934373285 0.216899367
vn 0.329178169 0.934370355 -0.136358986
vn -0.216899367 0.934373285 0.282668055
vn 0.282668055 0.934373285 -0.216899367
vn -0.136358986 0.934370355 0.329178169
vn 0.216899367 0.934373285 -0.282668055
vn -0.0464804856 0.934370641 0.353257796
vn -0.12378521 -0.31715383 -0.940260958
vn 0.12378521 -0.31715383 -0.940260958
vn 0.577334615 -0.317157118 -0.752393584
vn 0.752393584 -0.317157118 -0.577334615
vn 0.876188557 -0.317160174 -0.362909129
vn 0.940260958 -0.31715383 -0.12378521
vn 0.940260958 -0.31715383 0.12378521
vn 0.876188557 -0.317160174 0.362909129
vn 0.752393584 -0.317157118 0.577334615
vn 0.577334615 -0.317157118 0.752393584
vn 0.362909129 -0.317160174 0.876188557
vn 0.12378521 -0.31715383 0.940260958
vn -0.12378521 -0.31715383 0.940260958
vn -0.362909129 -0.317160174 0.876188557
vn -0.577334615 -0.317157118 0.752393584
vn -0.752393584 -0.317157118 0.577334615
vn -0.876188557 -0.317160174 0.362909129
vn -0.940260958 -0.31715383 0.12378521
vn -0.940260958 -0.31715383 -0.12378521
vn -0.876188557 -0.317160174 -0.362909129
vn -0.752393584 -0.317157118 -0.577334615
vn -0.577334615 -0.317157118 -0.752393584
vn -0.362909129 -0.317160174 -0.876188557
vn 0.362909129 -0.317160174 -0.876188557
vn -0.126045007 0.944177808 0.304369714
vn -0.115882431 0.459806341 0.880425687
vn -0.0430017863 0.944177615 0.326618246
vn 0.0430017863 0.944177615 0.326618246
vn 0.126045007 0.944177808 0.304369714
vn 0.200542568 0.944176705 0.261367613
vn -0.126045007 0.944177808 -0.304369714
vn 0.261367613 0.944176705 0.200542568
vn -0.200542568 0.944176705 -0.261367613
vn 0.304369714 0.944177808 0.126045007
vn -0.261367613 0.944176705 -0.200542568
vn 0.326618674 0.944178853 0.0429713242
vn -0.304369714 0.944177808 -0.126045007
vn 0.326618246 0.944177615 -0.0430017863
vn -0.326618674 0.944178853 -0.0429713242
vn 0.304369714 0.944177808 -0.126045007
vn -0.326618246 0.944177615 0.0430017863
vn 0.261367613 0.944176705 -0.200542568
vn -0.304369714 0.944177808 0.126045007
vn 0.200542568 0.944176705 -0.261367613
vn -0.261367613 0.944176705 0.200542568
vn 0.126045007 0.944177808 -0.304369714
vn -0.200542568 0.944176705 0.261367613
vn -0.126259108 -0.253098068 0.959166308
vn 0.0640295223 0.871326455 -0.486508406
vn 0.187784188 0.871321038 -0.453361608
vn 0.29872259 0.871325071 -0.389303783
vn 0.389303783 0.871325071 -0.29872259
vn 0.453361608 0.871321038 -0.187784188
vn 0.486508406 0.871326455 -0.0640295223
vn 0.486508406 0.871326455 0.0640295223
vn 0.453361608 0.871321038 0.187784188
vn 0.389303783 0.871325071 0.29872259
vn 0.29872259 0.871325071 0.389303783
vn 0.187784188 0.871321038 0.453361608
vn 0.0640295223 0.871326455 0.486508406
vn -0.0640295223 0.871326455 0.486508406
vn -0.187784188 0.871321038 0.453361608
vn -0.29872259 0.871325071 0.389303783
vn -0.389303783 0.871325071 0.29872259
vn -0.453361608 0.871321038 0.187784188
vn -0.486508406 0.871326455 0.0640295223
vn -0.486508406 0.871326455 -0.0640295223
vn -0.453361608 0.871321038 -0.187784188
vn -0.389303783 0.871325071 -0.29872259
vn -0.29872259 0.871325071 -0.389303783
vn -0.187784188 0.871321038 -0.453361608
vn -0.0640295223 0.871326455 -0.486508406
vn -0.115116694 -0.471026238 -0.874575572
vn -0.337568171 -0.471026751 -0.81497333
vn -0.536986477 -0.471034331 -0.699837254
vn -0.699837254 -0.471034331 -0.536986477
vn -0.81497333 -0.471026751 -0.337568171
vn -0.874575572 -0.471026238 -0.115116694
vn -0.874568396 -0.47103881 0.115119767
vn -0.81497333 -0.471026751 0.337568171
vn -0.699837254 -0.471034331 0.536986477
vn -0.536986477 -0.471034331 0.699837254
vn -0.337568171 -0.471026751 0.81497333
vn -0.115116694 -0.471026238 0.874575572
vn 0.115119767 -0.47103881 0.874568396
vn 0.337568171 -0.471026751 0.81497333
vn 0.536986477 -0.471034331 0.699837254
vn 0.699837254 -0.471034331 0.536986477
vn 0.81497333 -0.471026751 0.337568171
vn 0.874575572 -0.471026238 0.115116694
vn 0.874568396 -0.47103881 -0.115119767
vn 0.81497333 -0.471026751 -0.337568171
vn 0.699837254 -0.471034331 -0.536986477
vn 0.536986477 -0.471034331 -0.699837254
vn 0.337568171 -0.471026751 -0.81497333
vn 0.115116694 -0.471026238 -0.874575572
vn 0.121863476 0.357746966 -0.925832815
vn -0.0586272536 -0.998250318 0.00769082152
vn 0.0359820811 -0.998250938 -0.0469079357
vn 0.0359820811 -0.998250938 0.0469079357
vn -0.054629302 -0.998251268 0.0225841799
vn 0.0225841799 -0.998251268 -0.054629302
vn -0.00769082152 -0.998250318 -0.0586272536
vn 0.0469079357 -0.998250938 0.0359820811
vn -0.0469079357 -0.998250938 0.0359820811
vn 0.00769082152 -0.998250318 -0.0586272536
vn -0.0225841799 -0.998251268 -0.054629302
vn 0.054629302 -0.998251268 0.0225841799
vn -0.0359820811 -0.998250938 0.0469079357
vn -0.0359820811 -0.998250938 -0.0469079357
vn 0.0586272536 -0.998250318 0.00769082152
vn -0.0225841799 -0.998251268 0.054629302
vn -0.0469079357 -0.998250938 -0.0359820811
vn 0.0586272536 -0.998250318 -0.00769082152
vn -0.00769082152 -0.998250318 0.0586272536
vn -0.054629302 -0.998251268 -0.0225841799
vn 0.054629302 -0.998251268 -0.0225841799
vn 0.00769082152 -0.998250318 0.0586272536
vn -0.0586272536 -0.998250318 -0.00769082152
vn 0.0469079357 -0.998250938 -0.0359820811
usemtl surface_0
f 74/74/74 1317/1317/1317 3753/3753/3753
f 74/74/74 3753/3753/3753 1288/1288/1288
f 1317/1317/1317 2/2/2 1263/1263/1263
f 1317/1317/1317 1263/1263/1263 3753/3753/3753
f 3753/3753/3753 1263/1263/1263 3/3/3
f 3753/3753/3753 3/3/3 1314/1314/1314
f 1288/1288/1288 3753/3753/3753 1314/1314/1314
f 1288/1288/1288 1314/1314/1314 50/50/50
f 76/76/76 1383/1383/1383 3754/3754/3754
f 76/76/76 3754/3754/3754 1516/1516/1516
f 1383/1383/1383 77/77/77 1518/1518/1518
f 1383/1383/1383 1518/1518/1518 3754/3754/3754
f 3754/3754/3754 1518/1518/1518 112/112/112
f 3754/3754/3754 112/112/112 1499/1499/1499
f 1516/1516/1516 3754/3754/3754 1499/1499/1499
f 1516/1516/1516 1499/1499/1499 109/109/109
f 77/77/77 1382/1382/1382 3755/3755/3755
f 77/77/77 3755/3755/3755 1518/1518/1518
f 1382/1382/1382 78/78/78 1520/1520/1520
f 1382/1382/1382 1520/1520/1520 3755/3755/3755
f 3755/3755/3755 1520/1520/1520 115/115/115
f 3755/3755/3755 115/115/115 1494/1494/1494
f 1518/1518/1518 3755/3755/3755 1494/1494/1494
f 1518/1518/1518 1494/1494/1494 112/112/112
f 78/78/78 1381/1381/1381 3756/3756/3756
f 78/78/78 3756/3756/3756 1520/1520/1520
f 1381/1381/1381 79/79/79 1522/1522/1522
f 1381/1381/1381 1522/1522/1522 3756/3756/3756
f 3756/3756/3756 1522/1522/1522 118/118/118
f 3756/3756/3756 118/118/118 1489/1489/1489
f 1520/1520/1520 3756/3756/3756 1489/1489/1489
f 1520/1520/1520 1489/1489/1489 115/115/115
f 79/79/79 1380/1380/1380 3757/3757/3757
f 79/79/79 3757/3757/3757 1522/1522/1522
f 1380/1380/1380 80/80/80 1524/1524/1524
f 1380/1380/1380 1524/1524/1524 3757/3757/3757
f 3757/3757/3757 1524/1524/1524 121/121/121
f 3757/3757/3757 121/121/121 1484/1484/1484
f 1522/1522/1522 3757/3757/3757 1484/1484/1484
f 1522/1522/1522 1484/1484/1484 118/118/118
f 80/80/80 1379/1379/1379 3758/3758/3758
f 80/80/80 3758/3758/3758 1524/1524/1524
f 1379/1379/1379 81/81/81 1526/1526/1526
f 1379/1379/1379 1526/1526/1526 3758/3758/3758
f 3758/3758/3758 1526/1526/1526 124/124/124
f 3758/3758/3758 124/124/124 1479/1479/1479
f 1524/1524/1524 3758/3758/3758 1479/1479/1479
f 1524/1524/1524 1479/1479/1479 121/121/121
f 81/81/81 1378/1378/1378 3759/3759/3759
f 81/81/81 3759/3759/3759 1526/1526/1526
f 1378/1378/1378 82/82/82 1528/1528/1528
f 1378/1378/1378 1528/1528/1528 3759/3759/3759
f 3759/3759/3759 1528/1528/1528 127/127/127
f 3759/3759/3759 127/127/127 1474/1474/1474
f 1526/1526/1526 3759/3759/3759 1474/1474/1474
f 1526/1526/1526 1474/1474/1474 124/124/124
f 82/82/82 1377/1377/1377 3760/3760/3760
f 82/82/82 3760/3760/3760 1528/1528/1528
f 1377/1377/1377 83/83/83 1530/1530/1530
f 1377/1377/1377 1530/1530/1530 3760/3760/3760
f 3760/3760/3760 1530/1530/1530 130/130/130
f 3760/3760/3760 130/130/130 1469/1469/1469
f 1528/1528/1528 3760/3760/3760 1469/1469/1469
f 1528/1528/1528 1469/1469/1469 127/127/127
f 83/83/83 1376/1376/1376 3761/3761/3761
f 83/83/83 3761/3761/3761 1530/1530/1530
f 1376/1376/1376 84/84/84 1532/1532/1532
f 1376/1376/1376 1532/1532/1532 3761/3761/3761
f 3761/3761/3761 1532/1532/1532 133/133/133
f 3761/3761/3761 133/133/133 1464/1464/1464
f 1530/1530/1530 3761/3761/3761 1464/1464/1464
f 1530/1530/1530 1464/1464/1464 130/130/130
f 84/84/84 1375/1375/1375 3762/3762/3762
f 84/84/84 3762/3762/3762 1532/1532/1532
f 1375/1375/1375 85/85/85 1534/1534/1534
f 1375/1375/1375 1534/1534/1534 3762/3762/3762
f 3762/3762/3762 1534/1534/1534 136/136/136
f 3762/3762/3762 136/136/136 1459/1459/1459
f 1532/1532/1532 3762/3762/3762 1459/1459/1459
f 1532/1532/1532 1459/1459/1459 133/133/133
f 85/85/85 1374/1374/1374 3763/3763/3763
f 85/85/85 3763/3763/3763 1534/1534/1534
f 1374/1374/1374 86/86/86 1536/1536/1536
f 1374/1374/1374 1536/1536/1536 3763/3763/3763
f 3763/3763/3763 1536/1536/1536 139/139/139
f 3763/3763/3763 139/139/139 1454/1454/1454
f 1534/1534/1534 3763/3763/3763 1454/1454/1454
f 1534/1534/1534 1454/1454/1454 136/136/136
f 86/86/86 1373/1373/1373 3764/3764/3764
f 86/86/86 3764/3764/3764 1536/1536/1536
f 1373/1373/1373 87/87/87 1538/1538/1538
f 1373/1373/1373 1538/1538/1538 3764/3764/3764
f 3764/3764/3764 1538/1538/1538 142/142/142
f 3764/3764/3764 142/142/142 1449/1449/1449
f 1536/1536/1536 3764/3764/3764 1449/1449/1449
f 1536/1536/1536 1449/1449/1449 139/139/139
f 87/87/87 1372/1372/1372 3765/3765/3765
f 87/87/87 3765/3765/3765 1538/1538/1538
f 1372/1372/1372 88/88/88 1540/1540/1540
f 1372/1372/1372 1540/1540/1540 3765/3765/3765
f 3765/3765/3765 1540/1540/1540 145/145/145
f 3765/3765/3765 145/145/145 1444/1444/1444
f 1538/1538/1538 3765/3765/3765 1444/1444/1444
f 1538/1538/1538 1444/1444/1444 142/142/142
f 88/88/88 1371/1371/1371 3766/3766/3766
f 88/88/88 3766/3766/3766 1540/1540/1540
f 1371/1371/1371 89/89/89 1542/1542/1542
f 1371/1371/1371 1542/1542/1542 3766/3766/3766
f 3766/3766/3766 1542/1542/1542 148/148/148
f 3766/3766/3766 148/148/148 1439/1439/1439
f 1540/1540/1540 3766/3766/3766 1439/1439/1439
f 1540/1540/1540 1439/1439/1439 145/145/145
f 89/89/89 1370/1370/1370 3767/3767/3767
f 89/89/89 3767/3767/3767 1542/1542/1542
f 1370/1370/1370 90/90/90 1544/1544/1544
f 1370/1370/1370 1544/1544/1544 3767/3767/3767
f 3767/3767/3767 1544/1544/1544 151/151/151
f 3767/3767/3767 151/151/151 1434/1434/1434
f 1542/1542/1542 3767/3767/3767 1434/1434/1434
f 1542/1542/1542 1434/1434/1434 148/148/148
f 90/90/90 1369/1369/1369 3768/3768/3768
f 90/90/90 3768/3768/3768 1544/1544/1544
f 1369/1369/1369 91/91/91 1546/1546/1546
f 1369/1369/1369 1546/1546/1546 3768/3768/3768
f 3768/3768/3768 1546/1546/1546 154/154/154
f 3768/3768/3768 154/154/154 1429/1429/1429
f 1544/1544/1544 3768/3768/3768 1429/1429/1429
f 1544/1544/1544 1429/1429/1429 151/151/151
f 91/91/91 1368/1368/1368 3769/3769/3769
f 91/91/91 3769/3769/3769 1546/1546/1546
f 1368/1368/1368 92/92/92 1548/1548/1548
f 1368/1368/1368 1548/1548/1548 3769/3769/3769
f 3769/3769/3769 1548/1548/1548 157/157/157
f 3769/3769/3769 157/157/157 1424/1424/1424
f 1546/1546/1546 3769/3769/3769 1424/1424/1424
f 1546/1546/1546 1424/1424/1424 154/154/154
f 92/92/92 1367/1367/1367 3770/3770/3770
f 92/92/92 3770/3770/3770 1548/1548/1548
f 1367/1367/1367 93/93/93 1550/1550/1550
f 1367/1367/1367 1550/1550/1550 3770/3770/3770
f 3770/3770/3770 1550/1550/1550 160/160/160
f 3770/3770/3770 160/160/160 1419/1419/1419
f 1548/1548/1548 3770/3770/3770 1419/1419/1419
f 1548/1548/1548 1419/1419/1419 157/157/157
f 93/93/93 1366/1366/1366 3771/3771/3771
f 93/93/93 3771/3771/3771 1550/1550/1550
f 1366/1366/1366 94/94/94 1552/1552/1552
f 1366/1366/1366 1552/1552/1552 3771/3771/3771
f 3771/3771/3771 1552/1552/1552 163/163/163
f 3771/3771/3771 163/163/163 1414/1414/1414
f 1550/1550/1550 3771/3771/3771 1414/1414/1414
f 1550/1550/1550 1414/1414/1414 160/160/160
f 94/94/94 1365/1365/1365 3772/3772/3772
f 94/94/94 3772/3772/3772 1552/1552/1552
f 1365/1365/1365 95/95/95 1554/1554/1554
f 1365/1365/1365 1554/1554/1554 3772/3772/3772
f 3772/3772/3772 1554/1554/1554 166/166/166
f 3772/3772/3772 166/166/166 1409/1409/1409
f 1552/1552/1552 3772/3772/3772 1409/1409/1409
f 1552/1552/1552 1409/1409/1409 163/163/163
f 95/95/95 1364/1364/1364 3773/3773/3773
f 95/95/95 3773/3773/3773 1554/1554/1554
f 1364/1364/1364 96/96/96 1556/1556/1556
f 1364/1364/1364 1556/1556/1556 3773/3773/3773
f 3773/3773/3773 1556/1556/1556 169/169/169
f 3773/3773/3773 169/169/169 1404/1404/1404
f 1554/1554/1554 3773/3773/3773 1404/1404/1404
f 1554/1554/1554 1404/1404/1404 166/166/166
f 96/96/96 1363/1363/1363 3774/3774/3774
f 96/96/96 3774/3774/3774 1556/1556/1556
f 1363/1363/1363 97/97/97 1514/1514/1514
f 1363/1363/1363 1514/1514/1514 3774/3774/3774
f 3774/3774/3774 1514/1514/1514 172/172/172
f 3774/3774/3774 172/172/172 1399/1399/1399
f 1556/1556/1556 3774/3774/3774 1399/1399/1399
f 1556/1556/1556 1399/1399/1399 169/169/169
f 97/97/97 1362/1362/1362 3775/3775/3775
f 97/97/97 3775/3775/3775 1514/1514/1514
f 1362/1362/1362 98/98/98 1510/1510/1510
f 1362/1362/1362 1510/1510/1510 3775/3775/3775
f 3775/3775/3775 1510/1510/1510 102/102/102
f 3775/3775/3775 102/102/102 1394/1394/1394
f 1514/1514/1514 3775/3775/3775 1394/1394/1394
f 1514/1514/1514 1394/1394/1394 172/172/172
f 75/75/75 1384/1384/1384 3776/3776/3776
f 75/75/75 3776/3776/3776 1512/1512/1512
f 1384/1384/1384 76/76/76 1516/1516/1516
f 1384/1384/1384 1516/1516/1516 3776/3776/3776
f 3776/3776/3776 1516/1516/1516 109/109/109
f 3776/3776/3776 109/109/109 1504/1504/1504
f 1512/1512/1512 3776/3776/3776 1504/1504/1504
f 1512/1512/1512 1504/1504/1504 106/106/106
f 45/45/45 1775/1775/1775 3777/3777/3777
f 45/45/45 3777/3777/3777 1284/1284/1284
f 1775/1775/1775 277/277/277 1515/1515/1515
f 1775/1775/1775 1515/1515/1515 3777/3777/3777
f 3777/3777/3777 1515/1515/1515 276/276/276
f 3777/3777/3777 276/276/276 1774/1774/1774
f 1284/1284/1284 3777/3777/3777 1774/1774/1774
f 1284/1284/1284 1774/1774/1774 46/46/46
f 1213/1213/1213 1727/1727/1727 3778/3778/3778
f 1213/1213/1213 3778/3778/3778 3579/3579/3579
f 1727/1727/1727 173/173/173 1387/1387/1387
f 1727/1727/1727 1387/1387/1387 3778/3778/3778
f 3778/3778/3778 1387/1387/1387 100/100/100
f 3778/3778/3778 100/100/100 3606/3606/3606
f 3579/3579/3579 3778/3778/3778 3606/3606/3606
f 3579/3579/3579 3606/3606/3606 1141/1141/1141
f 1208/1208/1208 1728/1728/1728 3779/3779/3779
f 1208/1208/1208 3779/3779/3779 3604/3604/3604
f 1728/1728/1728 170/170/170 1396/1396/1396
f 1728/1728/1728 1396/1396/1396 3779/3779/3779
f 3779/3779/3779 1396/1396/1396 173/173/173
f 3779/3779/3779 173/173/173 1727/1727/1727
f 3604/3604/3604 3779/3779/3779 1727/1727/1727
f 3604/3604/3604 1727/1727/1727 1213/1213/1213
f 1207/1207/1207 1729/1729/1729 3780/3780/3780
f 1207/1207/1207 3780/3780/3780 3611/3611/3611
f 1729/1729/1729 167/167/167 1401/1401/1401
f 1729/1729/1729 1401/1401/1401 3780/3780/3780
f 3780/3780/3780 1401/1401/1401 170/170/170
f 3780/3780/3780 170/170/170 1728/1728/1728
f 3611/3611/3611 3780/3780/3780 1728/1728/1728
f 3611/3611/3611 1728/1728/1728 1208/1208/1208
f 1202/1202/1202 1730/1730/1730 3781/3781/3781
f 1202/1202/1202 3781/3781/3781 3613/3613/3613
f 1730/1730/1730 164/164/164 1406/1406/1406
f 1730/1730/1730 1406/1406/1406 3781/3781/3781
f 3781/3781/3781 1406/1406/1406 167/167/167
f 3781/3781/3781 167/167/167 1729/1729/1729
f 3613/3613/3613 3781/3781/3781 1729/1729/1729
f 3613/3613/3613 1729/1729/1729 1207/1207/1207
f 1199/1199/1199 1731/1731/1731 3782/3782/3782
f 1199/1199/1199 3782/3782/3782 3615/3615/3615
f 1731/1731/1731 161/161/161 1411/1411/1411
f 1731/1731/1731 1411/1411/1411 3782/3782/3782
f 3782/3782/3782 1411/1411/1411 164/164/164
f 3782/3782/3782 164/164/164 1730/1730/1730
f 3615/3615/3615 3782/3782/3782 1730/1730/1730
f 3615/3615/3615 1730/1730/1730 1202/1202/1202
f 1196/1196/1196 1732/1732/1732 3783/3783/3783
f 1196/1196/1196 3783/3783/3783 3617/3617/3617
f 1732/1732/1732 158/158/158 1416/1416/1416
f 1732/1732/1732 1416/1416/1416 3783/3783/3783
f 3783/3783/3783 1416/1416/1416 161/161/161
f 3783/3783/3783 161/161/161 1731/1731/1731
f 3617/3617/3617 3783/3783/3783 1731/1731/1731
f 3617/3617/3617 1731/1731/1731 1199/1199/1199
f 1193/1193/1193 1733/1733/1733 3784/3784/3784
f 1193/1193/1193 3784/3784/3784 3619/3619/3619
f 1733/1733/1733 155/155/155 1421/1421/1421
f 1733/1733/1733 1421/1421/1421 3784/3784/3784
f 3784/3784/3784 1421/1421/1421 158/158/158
f 3784/3784/3784 158/158/158 1732/1732/1732
f 3619/3619/3619 3784/3784/3784 1732/1732/1732
f 3619/3619/3619 1732/1732/1732 1196/1196/1196
f 1190/1190/1190 1734/1734/1734 3785/3785/3785
f 1190/1190/1190 3785/3785/3785 3621/3621/3621
f 1734/1734/1734 152/152/152 1426/1426/1426
f 1734/1734/1734 1426/1426/1426 3785/3785/3785
f 3785/3785/3785 1426/1426/1426 155/155/155
f 3785/3785/3785 155/155/155 1733/1733/1733
f 3621/3621/3621 3785/3785/3785 1733/1733/1733
f 3621/3621/3621 1733/1733/1733 1193/1193/1193
f 1187/1187/1187 1735/1735/1735 3786/3786/3786
f 1187/1187/1187 3786/3786/3786 3623/3623/3623
f 1735/1735/1735 149/149/149 1431/1431/1431
f 1735/1735/1735 1431/1431/1431 3786/3786/3786
f 3786/3786/3786 1431/1431/1431 152/152/152
f 3786/3786/3786 152/152/152 1734/1734/1734
f 3623/3623/3623 3786/3786/3786 1734/1734/1734
f 3623/3623/3623 1734/1734/1734 1190/1190/1190
f 1184/1184/1184 1736/1736/1736 3787/3787/3787
f 1184/1184/1184 3787/3787/3787 3625/3625/3625
f 1736/1736/1736 146/146/146 1436/1436/1436
f 1736/1736/1736 1436/1436/1436 3787/3787/3787
f 3787/3787/3787 1436/1436/1436 149/149/149
f 3787/3787/3787 149/149/149 1735/1735/1735
f 3625/3625/3625 3787/3787/3787 1735/1735/1735
f 3625/3625/3625 1735/1735/1735 1187/1187/1187
f 1181/1181/1181 1737/1737/1737 3788/3788/3788
f 1181/1181/1181 3788/3788/3788 3627/3627/3627
f 1737/1737/1737 143/143/143 1441/1441/1441
f 1737/1737/1737 1441/1441/1441 3788/3788/3788
f 3788/3788/3788 1441/1441/1441 146/146/146
f 3788/3788/3788 146/146/146 1736/1736/1736
f 3627/3627/3627 3788/3788/3788 1736/1736/1736
f 3627/3627/3627 1736/1736/1736 1184/1184/1184
f 1178/1178/1178 1738/1738/1738 3789/3789/3789
f 1178/1178/1178 3789/3789/3789 3629/3629/3629
f 1738/1738/1738 140/140/140 1446/1446/1446
f 1738/1738/1738 1446/1446/1446 3789/3789/3789
f 3789/3789/3789 1446/1446/1446 143/143/143
f 3789/3789/3789 143/143/143 1737/1737/1737
f 3629/3629/3629 3789/3789/3789 1737/1737/1737
f 3629/3629/3629 1737/1737/1737 1181/1181/1181
f 1175/1175/1175 1739/1739/1739 3790/3790/3790
f 1175/1175/1175 3790/3790/3790 3631/3631/3631
f 1739/1739/1739 137/137/137 1451/1451/1451
f 1739/1739/1739 1451/1451/1451 3790/3790/3790
f 3790/3790/3790 1451/1451/1451 140/140/140
f 3790/3790/3790 140/140/140 1738/1738/1738
f 3631/3631/3631 3790/3790/3790 1738/1738/1738
f 3631/3631/3631 1738/1738/1738 1178/1178/1178
f 1172/1172/1172 1740/1740/1740 3791/3791/3791
f 1172/1172/1172 3791/3791/3791 3633/3633/3633
f 1740/1740/1740 134/134/134 1456/1456/1456
f 1740/1740/1740 1456/1456/1456 3791/3791/3791
f 3791/3791/3791 1456/1456/1456 137/137/137
f 3791/3791/3791 137/137/137 1739/1739/1739
f 3633/3633/3633 3791/3791/3791 1739/1739/1739
f 3633/3633/3633 1739/1739/1739 1175/1175/1175
f 1169/1169/1169 1741/1741/1741 3792/3792/3792
f 1169/1169/1169 3792/3792/3792 3635/3635/3635
f 1741/1741/1741 131/131/131 1461/1461/1461
f 1741/1741/1741 1461/1461/1461 3792/3792/3792
f 3792/3792/3792 1461/1461/1461 134/134/134
f 3792/3792/3792 134/134/134 1740/1740/1740
f 3635/3635/3635 3792/3792/3792 1740/1740/1740
f 3635/3635/3635 1740/1740/1740 1172/1172/1172
f 1166/1166/1166 1742/1742/1742 3793/3793/3793
f 1166/1166/1166 3793/3793/3793 3637/3637/3637
f 1742/1742/1742 128/128/128 1466/1466/1466
f 1742/1742/1742 1466/1466/1466 3793/3793/3793
f 3793/3793/3793 1466/1466/1466 131/131/131
f 3793/3793/3793 131/131/131 1741/1741/1741
f 3637/3637/3637 3793/3793/3793 1741/1741/1741
f 3637/3637/3637 1741/1741/1741 1169/1169/1169
f 1163/1163/1163 1743/1743/1743 3794/3794/3794
f 1163/1163/1163 3794/3794/3794 3639/3639/3639
f 1743/1743/1743 125/125/125 1471/1471/1471
f 1743/1743/1743 1471/1471/1471 3794/3794/3794
f 3794/3794/3794 1471/1471/1471 128/128/128
f 3794/3794/3794 128/128/128 1742/1742/1742
f 3639/3639/3639 3794/3794/3794 1742/1742/1742
f 3639/3639/3639 1742/1742/1742 1166/1166/1166
f 1160/1160/1160 1744/1744/1744 3795/3795/3795
f 1160/1160/1160 3795/3795/3795 3641/3641/3641
f 1744/1744/1744 122/122/122 1476/1476/1476
f 1744/1744/1744 1476/1476/1476 3795/3795/3795
f 3795/3795/3795 1476/1476/1476 125/125/125
f 3795/3795/3795 125/125/125 1743/1743/1743
f 3641/3641/3641 3795/3795/3795 1743/1743/1743
f 3641/3641/3641 1743/1743/1743 1163/1163/1163
f 1157/1157/1157 1745/1745/1745 3796/3796/3796
f 1157/1157/1157 3796/3796/3796 3643/3643/3643
f 1745/1745/1745 119/119/119 1481/1481/1481
f 1745/1745/1745 1481/1481/1481 3796/3796/3796
f 3796/3796/3796 1481/1481/1481 122/122/122
f 3796/3796/3796 122/122/122 1744/1744/1744
f 3643/3643/3643 3796/3796/3796 1744/1744/1744
f 3643/3643/3643 1744/1744/1744 1160/1160/1160
f 1154/1154/1154 1746/1746/1746 3797/3797/3797
f 1154/1154/1154 3797/3797/3797 3645/3645/3645
f 1746/1746/1746 116/116/116 1486/1486/1486
f 1746/1746/1746 1486/1486/1486 3797/3797/3797
f 3797/3797/3797 1486/1486/1486 119/119/119
f 3797/3797/3797 119/119/119 1745/1745/1745
f 3645/3645/3645 3797/3797/3797 1745/1745/1745
f 3645/3645/3645 1745/1745/1745 1157/1157/1157
f 1151/1151/1151 1747/1747/1747 3798/3798/3798
f 1151/1151/1151 3798/3798/3798 3647/3647/3647
f 1747/1747/1747 113/113/113 1491/1491/1491
f 1747/1747/1747 1491/1491/1491 3798/3798/3798
f 3798/3798/3798 1491/1491/1491 116/116/116
f 3798/3798/3798 116/116/116 1746/1746/1746
f 3647/3647/3647 3798/3798/3798 1746/1746/1746
f 3647/3647/3647 1746/1746/1746 1154/1154/1154
f 1148/1148/1148 1748/1748/1748 3799/3799/3799
f 1148/1148/1148 3799/3799/3799 3649/3649/3649
f 1748/1748/1748 110/110/110 1496/1496/1496
f 1748/1748/1748 1496/1496/1496 3799/3799/3799
f 3799/3799/3799 1496/1496/1496 113/113/113
f 3799/3799/3799 113/113/113 1747/1747/1747
f 3649/3649/3649 3799/3799/3799 1747/1747/1747
f 3649/3649/3649 1747/1747/1747 1151/1151/1151
f 77/77/77 1318/1318/1318 3800/3800/3800
f 77/77/77 3800/3800/3800 1382/1382/1382
f 1318/1318/1318 52/52/52 1291/1291/1291
f 1318/1318/1318 1291/1291/1291 3800/3800/3800
f 3800/3800/3800 1291/1291/1291 53/53/53
f 3800/3800/3800 53/53/53 1320/1320/1320
f 1382/1382/1382 3800/3800/3800 1320/1320/1320
f 1382/1382/1382 1320/1320/1320 78/78/78
f 51/51/51 1315/1315/1315 3801/3801/3801
f 51/51/51 3801/3801/3801 1290/1290/1290
f 1315/1315/1315 4/4/4 1261/1261/1261
f 1315/1315/1315 1261/1261/1261 3801/3801/3801
f 3801/3801/3801 1261/1261/1261 5/5/5
f 3801/3801/3801 5/5/5 1319/1319/1319
f 1290/1290/1290 3801/3801/3801 1319/1319/1319
f 1290/1290/1290 1319/1319/1319 52/52/52
f 78/78/78 1320/1320/1320 3802/3802/3802
f 78/78/78 3802/3802/3802 1381/1381/1381
f 1320/1320/1320 53/53/53 1292/1292/1292
f 1320/1320/1320 1292/1292/1292 3802/3802/3802
f 3802/3802/3802 1292/1292/1292 54/54/54
f 3802/3802/3802 54/54/54 1322/1322/1322
f 1381/1381/1381 3802/3802/3802 1322/1322/1322
f 1381/1381/1381 1322/1322/1322 79/79/79
f 79/79/79 1322/1322/1322 3803/3803/3803
f 79/79/79 3803/3803/3803 1380/1380/1380
f 1322/1322/1322 54/54/54 1293/1293/1293
f 1322/1322/1322 1293/1293/1293 3803/3803/3803
f 3803/3803/3803 1293/1293/1293 55/55/55
f 3803/3803/3803 55/55/55 1324/1324/1324
f 1380/1380/1380 3803/3803/3803 1324/1324/1324
f 1380/1380/1380 1324/1324/1324 80/80/80
f 80/80/80 1324/1324/1324 3804/3804/3804
f 80/80/80 3804/3804/3804 1379/1379/1379
f 1324/1324/1324 55/55/55 1294/1294/1294
f 1324/1324/1324 1294/1294/1294 3804/3804/3804
f 3804/3804/3804 1294/1294/1294 56/56/56
f 3804/3804/3804 56/56/56 1326/1326/1326
f 1379/1379/1379 3804/3804/3804 1326/1326/1326
f 1379/1379/1379 1326/1326/1326 81/81/81
f 81/81/81 1326/1326/1326 3805/3805/3805
f 81/81/81 3805/3805/3805 1378/1378/1378
f 1326/1326/1326 56/56/56 1295/1295/1295
f 1326/1326/1326 1295/1295/1295 3805/3805/3805
f 3805/3805/3805 1295/1295/1295 57/57/57
f 3805/3805/3805 57/57/57 1328/1328/1328
f 1378/1378/1378 3805/3805/3805 1328/1328/1328
f 1378/1378/1378 1328/1328/1328 82/82/82
f 82/82/82 1328/1328/1328 3806/3806/3806
f 82/82/82 3806/3806/3806 1377/1377/1377
f 1328/1328/1328 57/57/57 1296/1296/1296
f 1328/1328/1328 1296/1296/1296 3806/3806/3806
f 3806/3806/3806 1296/1296/1296 58/58/58
f 3806/3806/3806 58/58/58 1330/1330/1330
f 1377/1377/1377 3806/3806/3806 1330/1330/1330
f 1377/1377/1377 1330/1330/1330 83/83/83
f 83/83/83 1330/1330/1330 3807/3807/3807
f 83/83/83 3807/3807/3807 1376/1376/1376
f 1330/1330/1330 58/58/58 1297/1297/1297
f 1330/1330/1330 1297/1297/1297 3807/3807/3807
f 3807/3807/3807 1297/1297/1297 59/59/59
f 3807/3807/3807 59/59/59 1332/1332/1332
f 1376/1376/1376 3807/3807/3807 1332/1332/1332
f 1376/1376/1376 1332/1332/1332 84/84/84
f 84/84/84 1332/1332/1332 3808/3808/3808
f 84/84/84 3808/3808/3808 1375/1375/1375
f 1332/1332/1332 59/59/59 1298/1298/1298
f 1332/1332/1332 1298/1298/1298 3808/3808/3808
f 3808/3808/3808 1298/1298/1298 60/60/60
f 3808/3808/3808 60/60/60 1334/1334/1334
f 1375/1375/1375 3808/3808/3808 1334/1334/1334
f 1375/1375/1375 1334/1334/1334 85/85/85
f 85/85/85 1334/1334/1334 3809/3809/3809
f 85/85/85 3809/3809/3809 1374/1374/1374
f 1334/1334/1334 60/60/60 1299/1299/1299
f 1334/1334/1334 1299/1299/1299 3809/3809/3809
f 3809/3809/3809 1299/1299/1299 61/61/61
f 3809/3809/3809 61/61/61 1336/1336/1336
f 1374/1374/1374 3809/3809/3809 1336/1336/1336
f 1374/1374/1374 1336/1336/1336 86/86/86
f 86/86/86 1336/1336/1336 3810/3810/3810
f 86/86/86 3810/3810/3810 1373/1373/1373
f 1336/1336/1336 61/61/61 1300/1300/1300
f 1336/1336/1336 1300/1300/1300 3810/3810/3810
f 3810/3810/3810 1300/1300/1300 62/62/62
f 3810/3810/3810 62/62/62 1338/1338/1338
f 1373/1373/1373 3810/3810/3810 1338/1338/1338
f 1373/1373/1373 1338/1338/1338 87/87/87
f 87/87/87 1338/1338/1338 3811/3811/3811
f 87/87/87 3811/3811/3811 1372/1372/1372
f 1338/1338/1338 62/62/62 1301/1301/1301
f 1338/1338/1338 1301/1301/1301 3811/3811/3811
f 3811/3811/3811 1301/1301/1301 63/63/63
f 3811/3811/3811 63/63/63 1340/1340/1340
f 1372/1372/1372 3811/3811/3811 1340/1340/1340
f 1372/1372/1372 1340/1340/1340 88/88/88
f 88/88/88 1340/1340/1340 3812/3812/3812
f 88/88/88 3812/3812/3812 1371/1371/1371
f 1340/1340/1340 63/63/63 1302/1302/1302
f 1340/1340/1340 1302/1302/1302 3812/3812/3812
f 3812/3812/3812 1302/1302/1302 64/64/64
f 3812/3812/3812 64/64/64 1342/1342/1342
f 1371/1371/1371 3812/3812/3812 1342/1342/1342
f 1371/1371/1371 1342/1342/1342 89/89/89
f 89/89/89 1342/1342/1342 3813/3813/3813
f 89/89/89 3813/3813/3813 1370/1370/1370
f 1342/1342/1342 64/64/64 1303/1303/1303
f 1342/1342/1342 1303/1303/1303 3813/3813/3813
f 3813/3813/3813 1303/1303/1303 65/65/65
f 3813/3813/3813 65/65/65 1344/1344/1344
f 1370/1370/1370 3813/3813/3813 1344/1344/1344
f 1370/1370/1370 1344/1344/1344 90/90/90
f 90/90/90 1344/1344/1344 3814/3814/3814
f 90/90/90 3814/3814/3814 1369/1369/1369
f 1344/1344/1344 65/65/65 1304/1304/1304
f 1344/1344/1344 1304/1304/1304 3814/3814/3814
f 3814/3814/3814 1304/1304/1304 66/66/66
f 3814/3814/3814 66/66/66 1346/1346/1346
f 1369/1369/1369 3814/3814/3814 1346/1346/1346
f 1369/1369/1369 1346/1346/1346 91/91/91
f 91/91/91 1346/1346/1346 3815/3815/3815
f 91/91/91 3815/3815/3815 1368/1368/1368
f 1346/1346/1346 66/66/66 1305/1305/1305
f 1346/1346/1346 1305/1305/1305 3815/3815/3815
f 3815/3815/3815 1305/1305/1305 67/67/67
f 3815/3815/3815 67/67/67 1348/1348/1348
f 1368/1368/1368 3815/3815/3815 1348/1348/1348
f 1368/1368/1368 1348/1348/1348 92/92/92
f 92/92/92 1348/1348/1348 3816/3816/3816
f 92/92/92 3816/3816/3816 1367/1367/1367
f 1348/1348/1348 67/67/67 1306/1306/1306
f 1348/1348/1348 1306/1306/1306 3816/3816/3816
f 3816/3816/3816 1306/1306/1306 68/68/68
f 3816/3816/3816 68/68/68 1350/1350/1350
f 1367/1367/1367 3816/3816/3816 1350/1350/1350
f 1367/1367/1367 1350/1350/1350 93/93/93
f 93/93/93 1350/1350/1350 3817/3817/3817
f 93/93/93 3817/3817/3817 1366/1366/1366
f 1350/1350/1350 68/68/68 1307/1307/1307
f 1350/1350/1350 1307/1307/1307 3817/3817/3817
f 3817/3817/3817 1307/1307/1307 69/69/69
f 3817/3817/3817 69/69/69 1352/1352/1352
f 1366/1366/1366 3817/3817/3817 1352/1352/1352
f 1366/1366/1366 1352/1352/1352 94/94/94
f 94/94/94 1352/1352/1352 3818/3818/3818
f 94/94/94 3818/3818/3818 1365/1365/1365
f 1352/1352/1352 69/69/69 1308/1308/1308
f 1352/1352/1352 1308/1308/1308 3818/3818/3818
f 3818/3818/3818 1308/1308/1308 70/70/70
f 3818/3818/3818 70/70/70 1354/1354/1354
f 1365/1365/1365 3818/3818/3818 1354/1354/1354
f 1365/1365/1365 1354/1354/1354 95/95/95
f 95/95/95 1354/1354/1354 3819/3819/3819
f 95/95/95 3819/3819/3819 1364/1364/1364
f 1354/1354/1354 70/70/70 1309/1309/1309
f 1354/1354/1354 1309/1309/1309 3819/3819/3819
f 3819/3819/3819 1309/1309/1309 71/71/71
f 3819/3819/3819 71/71/71 1356/1356/1356
f 1364/1364/1364 3819/3819/3819 1356/1356/1356
f 1364/1364/1364 1356/1356/1356 96/96/96
f 96/96/96 1356/1356/1356 3820/3820/3820
f 96/96/96 3820/3820/3820 1363/1363/1363
f 1356/1356/1356 71/71/71 1310/1310/1310
f 1356/1356/1356 1310/1310/1310 3820/3820/3820
f 3820/3820/3820 1310/1310/1310 72/72/72
f 3820/3820/3820 72/72/72 1358/1358/1358
f 1363/1363/1363 3820/3820/3820 1358/1358/1358
f 1363/1363/1363 1358/1358/1358 97/97/97
f 97/97/97 1358/1358/1358 3821/3821/3821
f 97/97/97 3821/3821/3821 1362/1362/1362
f 1358/1358/1358 72/72/72 1311/1311/1311
f 1358/1358/1358 1311/1311/1311 3821/3821/3821
f 3821/3821/3821 1311/1311/1311 73/73/73
f 3821/3821/3821 73/73/73 1360/1360/1360
f 1362/1362/1362 3821/3821/3821 1360/1360/1360
f 1362/1362/1362 1360/1360/1360 98/98/98
f 99/99/99 1385/1385/1385 3822/3822/3822
f 99/99/99 3822/3822/3822 1511/1511/1511
f 1385/1385/1385 75/75/75 1512/1512/1512
f 1385/1385/1385 1512/1512/1512 3822/3822/3822
f 3822/3822/3822 1512/1512/1512 106/106/106
f 3822/3822/3822 106/106/106 1507/1507/1507
f 1511/1511/1511 3822/3822/3822 1507/1507/1507
f 1511/1511/1511 1507/1507/1507 103/103/103
f 46/46/46 1285/1285/1285 3823/3823/3823
f 46/46/46 3823/3823/3823 1651/1651/1651
f 1285/1285/1285 47/47/47 1652/1652/1652
f 1285/1285/1285 1652/1652/1652 3823/3823/3823
f 3823/3823/3823 1652/1652/1652 242/242/242
f 3823/3823/3823 242/242/242 1563/1563/1563
f 1651/1651/1651 3823/3823/3823 1563/1563/1563
f 1651/1651/1651 1563/1563/1563 239/239/239
f 45/45/45 1284/1284/1284 3824/3824/3824
f 45/45/45 3824/3824/3824 1650/1650/1650
f 1284/1284/1284 46/46/46 1651/1651/1651
f 1284/1284/1284 1651/1651/1651 3824/3824/3824
f 3824/3824/3824 1651/1651/1651 239/239/239
f 3824/3824/3824 239/239/239 1566/1566/1566
f 1650/1650/1650 3824/3824/3824 1566/1566/1566
f 1650/1650/1650 1566/1566/1566 236/236/236
f 49/49/49 1264/1264/1264 3825/3825/3825
f 49/49/49 3825/3825/3825 1630/1630/1630
f 1264/1264/1264 26/26/26 1631/1631/1631
f 1264/1264/1264 1631/1631/1631 3825/3825/3825
f 3825/3825/3825 1631/1631/1631 179/179/179
f 3825/3825/3825 179/179/179 1626/1626/1626
f 1630/1630/1630 3825/3825/3825 1626/1626/1626
f 1630/1630/1630 1626/1626/1626 178/178/178
f 43/43/43 1282/1282/1282 3826/3826/3826
f 43/43/43 3826/3826/3826 1648/1648/1648
f 1282/1282/1282 44/44/44 1649/1649/1649
f 1282/1282/1282 1649/1649/1649 3826/3826/3826
f 3826/3826/3826 1649/1649/1649 233/233/233
f 3826/3826/3826 233/233/233 1572/1572/1572
f 1648/1648/1648 3826/3826/3826 1572/1572/1572
f 1648/1648/1648 1572/1572/1572 230/230/230
f 42/42/42 1281/1281/1281 3827/3827/3827
f 42/42/42 3827/3827/3827 1647/1647/1647
f 1281/1281/1281 43/43/43 1648/1648/1648
f 1281/1281/1281 1648/1648/1648 3827/3827/3827
f 3827/3827/3827 1648/1648/1648 230/230/230
f 3827/3827/3827 230/230/230 1575/1575/1575
f 1647/1647/1647 3827/3827/3827 1575/1575/1575
f 1647/1647/1647 1575/1575/1575 227/227/227
f 271/271/271 1655/1655/1655 3828/3828/3828
f 271/271/271 3828/3828/3828 1725/1725/1725
f 1655/1655/1655 270/270/270 1723/1723/1723
f 1655/1655/1655 1723/1723/1723 3828/3828/3828
f 3828/3828/3828 1723/1723/1723 241/241/241
f 3828/3828/3828 241/241/241 1565/1565/1565
f 1725/1725/1725 3828/3828/3828 1565/1565/1565
f 1725/1725/1725 1565/1565/1565 244/244/244
f 40/40/40 1279/1279/1279 3829/3829/3829
f 40/40/40 3829/3829/3829 1645/1645/1645
f 1279/1279/1279 41/41/41 1646/1646/1646
f 1279/1279/1279 1646/1646/1646 3829/3829/3829
f 3829/3829/3829 1646/1646/1646 224/224/224
f 3829/3829/3829 224/224/224 1581/1581/1581
f 1645/1645/1645 3829/3829/3829 1581/1581/1581
f 1645/1645/1645 1581/1581/1581 221/221/221
f 39/39/39 1278/1278/1278 3830/3830/3830
f 39/39/39 3830/3830/3830 1644/1644/1644
f 1278/1278/1278 40/40/40 1645/1645/1645
f 1278/1278/1278 1645/1645/1645 3830/3830/3830
f 3830/3830/3830 1645/1645/1645 221/221/221
f 3830/3830/3830 221/221/221 1584/1584/1584
f 1644/1644/1644 3830/3830/3830 1584/1584/1584
f 1644/1644/1644 1584/1584/1584 218/218/218
f 44/44/44 1283/1283/1283 3831/3831/3831
f 44/44/44 3831/3831/3831 1649/1649/1649
f 1283/1283/1283 45/45/45 1650/1650/1650
f 1283/1283/1283 1650/1650/1650 3831/3831/3831
f 3831/3831/3831 1650/1650/1650 236/236/236
f 3831/3831/3831 236/236/236 1569/1569/1569
f 1649/1649/1649 3831/3831/3831 1569/1569/1569
f 1649/1649/1649 1569/1569/1569 233/233/233
f 37/37/37 1276/1276/1276 3832/3832/3832
f 37/37/37 3832/3832/3832 1642/1642/1642
f 1276/1276/1276 38/38/38 1643/1643/1643
f 1276/1276/1276 1643/1643/1643 3832/3832/3832
f 3832/3832/3832 1643/1643/1643 215/215/215
f 3832/3832/3832 215/215/215 1590/1590/1590
f 1642/1642/1642 3832/3832/3832 1590/1590/1590
f 1642/1642/1642 1590/1590/1590 212/212/212
f 36/36/36 1275/1275/1275 3833/3833/3833
f 36/36/36 3833/3833/3833 1641/1641/1641
f 1275/1275/1275 37/37/37 1642/1642/1642
f 1275/1275/1275 1642/1642/1642 3833/3833/3833
f 3833/3833/3833 1642/1642/1642 212/212/212
f 3833/3833/3833 212/212/212 1593/1593/1593
f 1641/1641/1641 3833/3833/3833 1593/1593/1593
f 1641/1641/1641 1593/1593/1593 209/209/209
f 41/41/41 1280/1280/1280 3834/3834/3834
f 41/41/41 3834/3834/3834 1646/1646/1646
f 1280/1280/1280 42/42/42 1647/1647/1647
f 1280/1280/1280 1647/1647/1647 3834/3834/3834
f 3834/3834/3834 1647/1647/1647 227/227/227
f 3834/3834/3834 227/227/227 1578/1578/1578
f 1646/1646/1646 3834/3834/3834 1578/1578/1578
f 1646/1646/1646 1578/1578/1578 224/224/224
f 34/34/34 1273/1273/1273 3835/3835/3835
f 34/34/34 3835/3835/3835 1639/1639/1639
f 1273/1273/1273 35/35/35 1640/1640/1640
f 1273/1273/1273 1640/1640/1640 3835/3835/3835
f 3835/3835/3835 1640/1640/1640 206/206/206
f 3835/3835/3835 206/206/206 1599/1599/1599
f 1639/1639/1639 3835/3835/3835 1599/1599/1599
f 1639/1639/1639 1599/1599/1599 203/203/203
f 33/33/33 1272/1272/1272 3836/3836/3836
f 33/33/33 3836/3836/3836 1638/1638/1638
f 1272/1272/1272 34/34/34 1639/1639/1639
f 1272/1272/1272 1639/1639/1639 3836/3836/3836
f 3836/3836/3836 1639/1639/1639 203/203/203
f 3836/3836/3836 203/203/203 1602/1602/1602
f 1638/1638/1638 3836/3836/3836 1602/1602/1602
f 1638/1638/1638 1602/1602/1602 200/200/200
f 38/38/38 1277/1277/1277 3837/3837/3837
f 38/38/38 3837/3837/3837 1643/1643/1643
f 1277/1277/1277 39/39/39 1644/1644/1644
f 1277/1277/1277 1644/1644/1644 3837/3837/3837
f 3837/3837/3837 1644/1644/1644 218/218/218
f 3837/3837/3837 218/218/218 1587/1587/1587
f 1643/1643/1643 3837/3837/3837 1587/1587/1587
f 1643/1643/1643 1587/1587/1587 215/215/215
f 31/31/31 1270/1270/1270 3838/3838/3838
f 31/31/31 3838/3838/3838 1636/1636/1636
f 1270/1270/1270 32/32/32 1637/1637/1637
f 1270/1270/1270 1637/1637/1637 3838/3838/3838
f 3838/3838/3838 1637/1637/1637 197/197/197
f 3838/3838/3838 197/197/197 1608/1608/1608
f 1636/1636/1636 3838/3838/3838 1608/1608/1608
f 1636/1636/1636 1608/1608/1608 194/194/194
f 30/30/30 1269/1269/1269 3839/3839/3839
f 30/30/30 3839/3839/3839 1635/1635/1635
f 1269/1269/1269 31/31/31 1636/1636/1636
f 1269/1269/1269 1636/1636/1636 3839/3839/3839
f 3839/3839/3839 1636/1636/1636 194/194/194
f 3839/3839/3839 194/194/194 1611/1611/1611
f 1635/1635/1635 3839/3839/3839 1611/1611/1611
f 1635/1635/1635 1611/1611/1611 191/191/191
f 35/35/35 1274/1274/1274 3840/3840/3840
f 35/35/35 3840/3840/3840 1640/1640/1640
f 1274/1274/1274 36/36/36 1641/1641/1641
f 1274/1274/1274 1641/1641/1641 3840/3840/3840
f 3840/3840/3840 1641/1641/1641 209/209/209
f 3840/3840/3840 209/209/209 1596/1596/1596
f 1640/1640/1640 3840/3840/3840 1596/1596/1596
f 1640/1640/1640 1596/1596/1596 206/206/206
f 28/28/28 1267/1267/1267 3841/3841/3841
f 28/28/28 3841/3841/3841 1633/1633/1633
f 1267/1267/1267 29/29/29 1634/1634/1634
f 1267/1267/1267 1634/1634/1634 3841/3841/3841
f 3841/3841/3841 1634/1634/1634 188/188/188
f 3841/3841/3841 188/188/188 1617/1617/1617
f 1633/1633/1633 3841/3841/3841 1617/1617/1617
f 1633/1633/1633 1617/1617/1617 185/185/185
f 180/180/180 1680/1680/1680 3842/3842/3842
f 180/180/180 3842/3842/3842 1628/1628/1628
f 1680/1680/1680 250/250/250 1676/1676/1676
f 1680/1680/1680 1676/1676/1676 3842/3842/3842
f 3842/3842/3842 1676/1676/1676 249/249/249
f 3842/3842/3842 249/249/249 1678/1678/1678
f 1628/1628/1628 3842/3842/3842 1678/1678/1678
f 1628/1628/1628 1678/1678/1678 177/177/177
f 32/32/32 1271/1271/1271 3843/3843/3843
f 32/32/32 3843/3843/3843 1637/1637/1637
f 1271/1271/1271 33/33/33 1638/1638/1638
f 1271/1271/1271 1638/1638/1638 3843/3843/3843
f 3843/3843/3843 1638/1638/1638 200/200/200
f 3843/3843/3843 200/200/200 1605/1605/1605
f 1637/1637/1637 3843/3843/3843 1605/1605/1605
f 1637/1637/1637 1605/1605/1605 197/197/197
f 50/50/50 1314/1314/1314 3844/3844/3844
f 50/50/50 3844/3844/3844 1289/1289/1289
f 1314/1314/1314 3/3/3 1262/1262/1262
f 1314/1314/1314 1262/1262/1262 3844/3844/3844
f 3844/3844/3844 1262/1262/1262 4/4/4
f 3844/3844/3844 4/4/4 1315/1315/1315
f 1289/1289/1289 3844/3844/3844 1315/1315/1315
f 1289/1289/1289 1315/1315/1315 51/51/51
f 27/27/27 1266/1266/1266 3845/3845/3845
f 27/27/27 3845/3845/3845 1632/1632/1632
f 1266/1266/1266 28/28/28 1633/1633/1633
f 1266/1266/1266 1633/1633/1633 3845/3845/3845
f 3845/3845/3845 1633/1633/1633 185/185/185
f 3845/3845/3845 185/185/185 1620/1620/1620
f 1632/1632/1632 3845/3845/3845 1620/1620/1620
f 1632/1632/1632 1620/1620/1620 182/182/182
f 29/29/29 1268/1268/1268 3846/3846/3846
f 29/29/29 3846/3846/3846 1634/1634/1634
f 1268/1268/1268 30/30/30 1635/1635/1635
f 1268/1268/1268 1635/1635/1635 3846/3846/3846
f 3846/3846/3846 1635/1635/1635 191/191/191
f 3846/3846/3846 191/191/191 1614/1614/1614
f 1634/1634/1634 3846/3846/3846 1614/1614/1614
f 1634/1634/1634 1614/1614/1614 188/188/188
f 52/52/52 1319/1319/1319 3847/3847/3847
f 52/52/52 3847/3847/3847 1291/1291/1291
f 1319/1319/1319 5/5/5 1260/1260/1260
f 1319/1319/1319 1260/1260/1260 3847/3847/3847
f 3847/3847/3847 1260/1260/1260 6/6/6
f 3847/3847/3847 6/6/6 1321/1321/1321
f 1291/1291/1291 3847/3847/3847 1321/1321/1321
f 1291/1291/1291 1321/1321/1321 53/53/53
f 75/75/75 1312/1312/1312 3848/3848/3848
f 75/75/75 3848/3848/3848 1384/1384/1384
f 1312/1312/1312 50/50/50 1289/1289/1289
f 1312/1312/1312 1289/1289/1289 3848/3848/3848
f 3848/3848/3848 1289/1289/1289 51/51/51
f 3848/3848/3848 51/51/51 1313/1313/1313
f 1384/1384/1384 3848/3848/3848 1313/1313/1313
f 1384/1384/1384 1313/1313/1313 76/76/76
f 53/53/53 1321/1321/1321 3849/3849/3849
f 53/53/53 3849/3849/3849 1292/1292/1292
f 1321/1321/1321 6/6/6 1259/1259/1259
f 1321/1321/1321 1259/1259/1259 3849/3849/3849
f 3849/3849/3849 1259/1259/1259 7/7/7
f 3849/3849/3849 7/7/7 1323/1323/1323
f 1292/1292/1292 3849/3849/3849 1323/1323/1323
f 1292/1292/1292 1323/1323/1323 54/54/54
f 54/54/54 1323/1323/1323 3850/3850/3850
f 54/54/54 3850/3850/3850 1293/1293/1293
f 1323/1323/1323 7/7/7 1258/1258/1258
f 1323/1323/1323 1258/1258/1258 3850/3850/3850
f 3850/3850/3850 1258/1258/1258 8/8/8
f 3850/3850/3850 8/8/8 1325/1325/1325
f 1293/1293/1293 3850/3850/3850 1325/1325/1325
f 1293/1293/1293 1325/1325/1325 55/55/55
f 55/55/55 1325/1325/1325 3851/3851/3851
f 55/55/55 3851/3851/3851 1294/1294/1294
f 1325/1325/1325 8/8/8 1257/1257/1257
f 1325/1325/1325 1257/1257/1257 3851/3851/3851
f 3851/3851/3851 1257/1257/1257 9/9/9
f 3851/3851/3851 9/9/9 1327/1327/1327
f 1294/1294/1294 3851/3851/3851 1327/1327/1327
f 1294/1294/1294 1327/1327/1327 56/56/56
f 56/56/56 1327/1327/1327 3852/3852/3852
f 56/56/56 3852/3852/3852 1295/1295/1295
f 1327/1327/1327 9/9/9 1256/1256/1256
f 1327/1327/1327 1256/1256/1256 3852/3852/3852
f 3852/3852/3852 1256/1256/1256 10/10/10
f 3852/3852/3852 10/10/10 1329/1329/1329
f 1295/1295/1295 3852/3852/3852 1329/1329/1329
f 1295/1295/1295 1329/1329/1329 57/57/57
f 57/57/57 1329/1329/1329 3853/3853/3853
f 57/57/57 3853/3853/3853 1296/1296/1296
f 1329/1329/1329 10/10/10 1255/1255/1255
f 1329/1329/1329 1255/1255/1255 3853/3853/3853
f 3853/3853/3853 1255/1255/1255 11/11/11
f 3853/3853/3853 11/11/11 1331/1331/1331
f 1296/1296/1296 3853/3853/3853 1331/1331/1331
f 1296/1296/1296 1331/1331/1331 58/58/58
f 58/58/58 1331/1331/1331 3854/3854/3854
f 58/58/58 3854/3854/3854 1297/1297/1297
f 1331/1331/1331 11/11/11 1254/1254/1254
f 1331/1331/1331 1254/1254/1254 3854/3854/3854
f 3854/3854/3854 1254/1254/1254 12/12/12
f 3854/3854/3854 12/12/12 1333/1333/1333
f 1297/1297/1297 3854/3854/3854 1333/1333/1333
f 1297/1297/1297 1333/1333/1333 59/59/59
f 59/59/59 1333/1333/1333 3855/3855/3855
f 59/59/59 3855/3855/3855 1298/1298/1298
f 1333/1333/1333 12/12/12 1253/1253/1253
f 1333/1333/1333 1253/1253/1253 3855/3855/3855
f 3855/3855/3855 1253/1253/1253 13/13/13
f 3855/3855/3855 13/13/13 1335/1335/1335
f 1298/1298/1298 3855/3855/3855 1335/1335/1335
f 1298/1298/1298 1335/1335/1335 60/60/60
f 60/60/60 1335/1335/1335 3856/3856/3856
f 60/60/60 3856/3856/3856 1299/1299/1299
f 1335/1335/1335 13/13/13 1252/1252/1252
f 1335/1335/1335 1252/1252/1252 3856/3856/3856
f 3856/3856/3856 1252/1252/1252 14/14/14
f 3856/3856/3856 14/14/14 1337/1337/1337
f 1299/1299/1299 3856/3856/3856 1337/1337/1337
f 1299/1299/1299 1337/1337/1337 61/61/61
f 61/61/61 1337/1337/1337 3857/3857/3857
f 61/61/61 3857/3857/3857 1300/1300/1300
f 1337/1337/1337 14/14/14 1251/1251/1251
f 1337/1337/1337 1251/1251/1251 3857/3857/3857
f 3857/3857/3857 1251/1251/1251 15/15/15
f 3857/3857/3857 15/15/15 1339/1339/1339
f 1300/1300/1300 3857/3857/3857 1339/1339/1339
f 1300/1300/1300 1339/1339/1339 62/62/62
f 62/62/62 1339/1339/1339 3858/3858/3858
f 62/62/62 3858/3858/3858 1301/1301/1301
f 1339/1339/1339 15/15/15 1250/1250/1250
f 1339/1339/1339 1250/1250/1250 3858/3858/3858
f 3858/3858/3858 1250/1250/1250 16/16/16
f 3858/3858/3858 16/16/16 1341/1341/1341
f 1301/1301/1301 3858/3858/3858 1341/1341/1341
f 1301/1301/1301 1341/1341/1341 63/63/63
f 63/63/63 1341/1341/1341 3859/3859/3859
f 63/63/63 3859/3859/3859 1302/1302/1302
f 1341/1341/1341 16/16/16 1249/1249/1249
f 1341/1341/1341 1249/1249/1249 3859/3859/3859
f 3859/3859/3859 1249/1249/1249 17/17/17
f 3859/3859/3859 17/17/17 1343/1343/1343
f 1302/1302/1302 3859/3859/3859 1343/1343/1343
f 1302/1302/1302 1343/1343/1343 64/64/64
f 64/64/64 1343/1343/1343 3860/3860/3860
f 64/64/64 3860/3860/3860 1303/1303/1303
f 1343/1343/1343 17/17/17 1248/1248/1248
f 1343/1343/1343 1248/1248/1248 3860/3860/3860
f 3860/3860/3860 1248/1248/1248 18/18/18
f 3860/3860/3860 18/18/18 1345/1345/1345
f 1303/1303/1303 3860/3860/3860 1345/1345/1345
f 1303/1303/1303 1345/1345/1345 65/65/65
f 65/65/65 1345/1345/1345 3861/3861/3861
f 65/65/65 3861/3861/3861 1304/1304/1304
f 1345/1345/1345 18/18/18 1247/1247/1247
f 1345/1345/1345 1247/1247/1247 3861/3861/3861
f 3861/3861/3861 1247/1247/1247 19/19/19
f 3861/3861/3861 19/19/19 1347/1347/1347
f 1304/1304/1304 3861/3861/3861 1347/1347/1347
f 1304/1304/1304 1347/1347/1347 66/66/66
f 66/66/66 1347/1347/1347 3862/3862/3862
f 66/66/66 3862/3862/3862 1305/1305/1305
f 1347/1347/1347 19/19/19 1246/1246/1246
f 1347/1347/1347 1246/1246/1246 3862/3862/3862
f 3862/3862/3862 1246/1246/1246 20/20/20
f 3862/3862/3862 20/20/20 1349/1349/1349
f 1305/1305/1305 3862/3862/3862 1349/1349/1349
f 1305/1305/1305 1349/1349/1349 67/67/67
f 67/67/67 1349/1349/1349 3863/3863/3863
f 67/67/67 3863/3863/3863 1306/1306/1306
f 1349/1349/1349 20/20/20 1245/1245/1245
f 1349/1349/1349 1245/1245/1245 3863/3863/3863
f 3863/3863/3863 1245/1245/1245 21/21/21
f 3863/3863/3863 21/21/21 1351/1351/1351
f 1306/1306/1306 3863/3863/3863 1351/1351/1351
f 1306/1306/1306 1351/1351/1351 68/68/68
f 68/68/68 1351/1351/1351 3864/3864/3864
f 68/68/68 3864/3864/3864 1307/1307/1307
f 1351/1351/1351 21/21/21 1244/1244/1244
f 1351/1351/1351 1244/1244/1244 3864/3864/3864
f 3864/3864/3864 1244/1244/1244 22/22/22
f 3864/3864/3864 22/22/22 1353/1353/1353
f 1307/1307/1307 3864/3864/3864 1353/1353/1353
f 1307/1307/1307 1353/1353/1353 69/69/69
f 69/69/69 1353/1353/1353 3865/3865/3865
f 69/69/69 3865/3865/3865 1308/1308/1308
f 1353/1353/1353 22/22/22 1243/1243/1243
f 1353/1353/1353 1243/1243/1243 3865/3865/3865
f 3865/3865/3865 1243/1243/1243 23/23/23
f 3865/3865/3865 23/23/23 1355/1355/1355
f 1308/1308/1308 3865/3865/3865 1355/1355/1355
f 1308/1308/1308 1355/1355/1355 70/70/70
f 70/70/70 1355/1355/1355 3866/3866/3866
f 70/70/70 3866/3866/3866 1309/1309/1309
f 1355/1355/1355 23/23/23 1242/1242/1242
f 1355/1355/1355 1242/1242/1242 3866/3866/3866
f 3866/3866/3866 1242/1242/1242 24/24/24
f 3866/3866/3866 24/24/24 1357/1357/1357
f 1309/1309/1309 3866/3866/3866 1357/1357/1357
f 1309/1309/1309 1357/1357/1357 71/71/71
f 71/71/71 1357/1357/1357 3867/3867/3867
f 71/71/71 3867/3867/3867 1310/1310/1310
f 1357/1357/1357 24/24/24 1241/1241/1241
f 1357/1357/1357 1241/1241/1241 3867/3867/3867
f 3867/3867/3867 1241/1241/1241 25/25/25
f 3867/3867/3867 25/25/25 1359/1359/1359
f 1310/1310/1310 3867/3867/3867 1359/1359/1359
f 1310/1310/1310 1359/1359/1359 72/72/72
f 72/72/72 1359/1359/1359 3868/3868/3868
f 72/72/72 3868/3868/3868 1311/1311/1311
f 1359/1359/1359 25/25/25 1240/1240/1240
f 1359/1359/1359 1240/1240/1240 3868/3868/3868
f 3868/3868/3868 1240/1240/1240 1/1/1
f 3868/3868/3868 1/1/1 1316/1316/1316
f 1311/1311/1311 3868/3868/3868 1316/1316/1316
f 1311/1311/1311 1316/1316/1316 73/73/73
f 248/248/248 1653/1653/1653 3869/3869/3869
f 248/248/248 3869/3869/3869 1677/1677/1677
f 1653/1653/1653 272/272/272 1679/1679/1679
f 1653/1653/1653 1679/1679/1679 3869/3869/3869
f 3869/3869/3869 1679/1679/1679 247/247/247
f 3869/3869/3869 247/247/247 1559/1559/1559
f 1677/1677/1677 3869/3869/3869 1559/1559/1559
f 1677/1677/1677 1559/1559/1559 176/176/176
f 76/76/76 1313/1313/1313 3870/3870/3870
f 76/76/76 3870/3870/3870 1383/1383/1383
f 1313/1313/1313 51/51/51 1290/1290/1290
f 1313/1313/1313 1290/1290/1290 3870/3870/3870
f 3870/3870/3870 1290/1290/1290 52/52/52
f 3870/3870/3870 52/52/52 1318/1318/1318
f 1383/1383/1383 3870/3870/3870 1318/1318/1318
f 1383/1383/1383 1318/1318/1318 77/77/77
f 245/245/245 246/246/246 1561/1561/1561
f 245/245/245 1561/1561/1561 1560/1560/1560
f 1557/1557/1557 1558/1558/1558 246/246/246
f 1557/1557/1557 246/246/246 245/245/245
f 270/270/270 1656/1656/1656 3871/3871/3871
f 270/270/270 3871/3871/3871 1723/1723/1723
f 1656/1656/1656 269/269/269 1721/1721/1721
f 1656/1656/1656 1721/1721/1721 3871/3871/3871
f 3871/3871/3871 1721/1721/1721 238/238/238
f 3871/3871/3871 238/238/238 1568/1568/1568
f 1723/1723/1723 3871/3871/3871 1568/1568/1568
f 1723/1723/1723 1568/1568/1568 241/241/241
f 269/269/269 1657/1657/1657 3872/3872/3872
f 269/269/269 3872/3872/3872 1721/1721/1721
f 1657/1657/1657 268/268/268 1719/1719/1719
f 1657/1657/1657 1719/1719/1719 3872/3872/3872
f 3872/3872/3872 1719/1719/1719 235/235/235
f 3872/3872/3872 235/235/235 1571/1571/1571
f 1721/1721/1721 3872/3872/3872 1571/1571/1571
f 1721/1721/1721 1571/1571/1571 238/238/238
f 268/268/268 1658/1658/1658 3873/3873/3873
f 268/268/268 3873/3873/3873 1719/1719/1719
f 1658/1658/1658 267/267/267 1717/1717/1717
f 1658/1658/1658 1717/1717/1717 3873/3873/3873
f 3873/3873/3873 1717/1717/1717 232/232/232
f 3873/3873/3873 232/232/232 1574/1574/1574
f 1719/1719/1719 3873/3873/3873 1574/1574/1574
f 1719/1719/1719 1574/1574/1574 235/235/235
f 267/267/267 1659/1659/1659 3874/3874/3874
f 267/267/267 3874/3874/3874 1717/1717/1717
f 1659/1659/1659 266/266/266 1715/1715/1715
f 1659/1659/1659 1715/1715/1715 3874/3874/3874
f 3874/3874/3874 1715/1715/1715 229/229/229
f 3874/3874/3874 229/229/229 1577/1577/1577
f 1717/1717/1717 3874/3874/3874 1577/1577/1577
f 1717/1717/1717 1577/1577/1577 232/232/232
f 266/266/266 1660/1660/1660 3875/3875/3875
f 266/266/266 3875/3875/3875 1715/1715/1715
f 1660/1660/1660 265/265/265 1713/1713/1713
f 1660/1660/1660 1713/1713/1713 3875/3875/3875
f 3875/3875/3875 1713/1713/1713 226/226/226
f 3875/3875/3875 226/226/226 1580/1580/1580
f 1715/1715/1715 3875/3875/3875 1580/1580/1580
f 1715/1715/1715 1580/1580/1580 229/229/229
f 265/265/265 1661/1661/1661 3876/3876/3876
f 265/265/265 3876/3876/3876 1713/1713/1713
f 1661/1661/1661 264/264/264 1711/1711/1711
f 1661/1661/1661 1711/1711/1711 3876/3876/3876
f 3876/3876/3876 1711/1711/1711 223/223/223
f 3876/3876/3876 223/223/223 1583/1583/1583
f 1713/1713/1713 3876/3876/3876 1583/1583/1583
f 1713/1713/1713 1583/1583/1583 226/226/226
f 264/264/264 1662/1662/1662 3877/3877/3877
f 264/264/264 3877/3877/3877 1711/1711/1711
f 1662/1662/1662 263/263/263 1709/1709/1709
f 1662/1662/1662 1709/1709/1709 3877/3877/3877
f 3877/3877/3877 1709/1709/1709 220/220/220
f 3877/3877/3877 220/220/220 1586/1586/1586
f 1711/1711/1711 3877/3877/3877 1586/1586/1586
f 1711/1711/1711 1586/1586/1586 223/223/223
f 263/263/263 1663/1663/1663 3878/3878/3878
f 263/263/263 3878/3878/3878 1709/1709/1709
f 1663/1663/1663 262/262/262 1707/1707/1707
f 1663/1663/1663 1707/1707/1707 3878/3878/3878
f 3878/3878/3878 1707/1707/1707 217/217/217
f 3878/3878/3878 217/217/217 1589/1589/1589
f 1709/1709/1709 3878/3878/3878 1589/1589/1589
f 1709/1709/1709 1589/1589/1589 220/220/220
f 262/262/262 1664/1664/1664 3879/3879/3879
f 262/262/262 3879/3879/3879 1707/1707/1707
f 1664/1664/1664 261/261/261 1705/1705/1705
f 1664/1664/1664 1705/1705/1705 3879/3879/3879
f 3879/3879/3879 1705/1705/1705 214/214/214
f 3879/3879/3879 214/214/214 1592/1592/1592
f 1707/1707/1707 3879/3879/3879 1592/1592/1592
f 1707/1707/1707 1592/1592/1592 217/217/217
f 261/261/261 1665/1665/1665 3880/3880/3880
f 261/261/261 3880/3880/3880 1705/1705/1705
f 1665/1665/1665 260/260/260 1703/1703/1703
f 1665/1665/1665 1703/1703/1703 3880/3880/3880
f 3880/3880/3880 1703/1703/1703 211/211/211
f 3880/3880/3880 211/211/211 1595/1595/1595
f 1705/1705/1705 3880/3880/3880 1595/1595/1595
f 1705/1705/1705 1595/1595/1595 214/214/214
f 260/260/260 1666/1666/1666 3881/3881/3881
f 260/260/260 3881/3881/3881 1703/1703/1703
f 1666/1666/1666 259/259/259 1701/1701/1701
f 1666/1666/1666 1701/1701/1701 3881/3881/3881
f 3881/3881/3881 1701/1701/1701 207/207/207
f 3881/3881/3881 207/207/207 1597/1597/1597
f 1703/1703/1703 3881/3881/3881 1597/1597/1597
f 1703/1703/1703 1597/1597/1597 211/211/211
f 259/259/259 1667/1667/1667 3882/3882/3882
f 259/259/259 3882/3882/3882 1701/1701/1701
f 1667/1667/1667 258/258/258 1699/1699/1699
f 1667/1667/1667 1699/1699/1699 3882/3882/3882
f 3882/3882/3882 1699/1699/1699 204/204/204
f 3882/3882/3882 204/204/204 1600/1600/1600
f 1701/1701/1701 3882/3882/3882 1600/1600/1600
f 1701/1701/1701 1600/1600/1600 207/207/207
f 258/258/258 1668/1668/1668 3883/3883/3883
f 258/258/258 3883/3883/3883 1699/1699/1699
f 1668/1668/1668 257/257/257 1697/1697/1697
f 1668/1668/1668 1697/1697/1697 3883/3883/3883
f 3883/3883/3883 1697/1697/1697 201/201/201
f 3883/3883/3883 201/201/201 1603/1603/1603
f 1699/1699/1699 3883/3883/3883 1603/1603/1603
f 1699/1699/1699 1603/1603/1603 204/204/204
f 257/257/257 1669/1669/1669 3884/3884/3884
f 257/257/257 3884/3884/3884 1697/1697/1697
f 1669/1669/1669 256/256/256 1695/1695/1695
f 1669/1669/1669 1695/1695/1695 3884/3884/3884
f 3884/3884/3884 1695/1695/1695 198/198/198
f 3884/3884/3884 198/198/198 1606/1606/1606
f 1697/1697/1697 3884/3884/3884 1606/1606/1606
f 1697/1697/1697 1606/1606/1606 201/201/201
f 256/256/256 1670/1670/1670 3885/3885/3885
f 256/256/256 3885/3885/3885 1695/1695/1695
f 1670/1670/1670 255/255/255 1693/1693/1693
f 1670/1670/1670 1693/1693/1693 3885/3885/3885
f 3885/3885/3885 1693/1693/1693 195/195/195
f 3885/3885/3885 195/195/195 1609/1609/1609
f 1695/1695/1695 3885/3885/3885 1609/1609/1609
f 1695/1695/1695 1609/1609/1609 198/198/198
f 255/255/255 1671/1671/1671 3886/3886/3886
f 255/255/255 3886/3886/3886 1693/1693/1693
f 1671/1671/1671 254/254/254 1691/1691/1691
f 1671/1671/1671 1691/1691/1691 3886/3886/3886
f 3886/3886/3886 1691/1691/1691 192/192/192
f 3886/3886/3886 192/192/192 1612/1612/1612
f 1693/1693/1693 3886/3886/3886 1612/1612/1612
f 1693/1693/1693 1612/1612/1612 195/195/195
f 254/254/254 1672/1672/1672 3887/3887/3887
f 254/254/254 3887/3887/3887 1691/1691/1691
f 1672/1672/1672 253/253/253 1689/1689/1689
f 1672/1672/1672 1689/1689/1689 3887/3887/3887
f 3887/3887/3887 1689/1689/1689 189/189/189
f 3887/3887/3887 189/189/189 1615/1615/1615
f 1691/1691/1691 3887/3887/3887 1615/1615/1615
f 1691/1691/1691 1615/1615/1615 192/192/192
f 253/253/253 1673/1673/1673 3888/3888/3888
f 253/253/253 3888/3888/3888 1689/1689/1689
f 1673/1673/1673 252/252/252 1687/1687/1687
f 1673/1673/1673 1687/1687/1687 3888/3888/3888
f 3888/3888/3888 1687/1687/1687 186/186/186
f 3888/3888/3888 186/186/186 1618/1618/1618
f 1689/1689/1689 3888/3888/3888 1618/1618/1618
f 1689/1689/1689 1618/1618/1618 189/189/189
f 252/252/252 1674/1674/1674 3889/3889/3889
f 252/252/252 3889/3889/3889 1687/1687/1687
f 1674/1674/1674 251/251/251 1685/1685/1685
f 1674/1674/1674 1685/1685/1685 3889/3889/3889
f 3889/3889/3889 1685/1685/1685 183/183/183
f 3889/3889/3889 183/183/183 1621/1621/1621
f 1687/1687/1687 3889/3889/3889 1621/1621/1621
f 1687/1687/1687 1621/1621/1621 186/186/186
f 183/183/183 1685/1685/1685 3890/3890/3890
f 183/183/183 3890/3890/3890 1624/1624/1624
f 1685/1685/1685 251/251/251 1675/1675/1675
f 1685/1685/1685 1675/1675/1675 3890/3890/3890
f 3890/3890/3890 1675/1675/1675 250/250/250
f 3890/3890/3890 250/250/250 1680/1680/1680
f 1624/1624/1624 3890/3890/3890 1680/1680/1680
f 1624/1624/1624 1680/1680/1680 180/180/180
f 26/26/26 1265/1265/1265 3891/3891/3891
f 26/26/26 3891/3891/3891 1631/1631/1631
f 1265/1265/1265 27/27/27 1632/1632/1632
f 1265/1265/1265 1632/1632/1632 3891/3891/3891
f 3891/3891/3891 1632/1632/1632 182/182/182
f 3891/3891/3891 182/182/182 1623/1623/1623
f 1631/1631/1631 3891/3891/3891 1623/1623/1623
f 1631/1631/1631 1623/1623/1623 179/179/179
f 47/47/47 1286/1286/1286 3892/3892/3892
f 47/47/47 3892/3892/3892 1652/1652/1652
f 1286/1286/1286 48/48/48 1629/1629/1629
f 1286/1286/1286 1629/1629/1629 3892/3892/3892
f 3892/3892/3892 1629/1629/1629 245/245/245
f 3892/3892/3892 245/245/245 1560/1560/1560
f 1652/1652/1652 3892/3892/3892 1560/1560/1560
f 1652/1652/1652 1560/1560/1560 242/242/242
f 272/272/272 1654/1654/1654 3893/3893/3893
f 272/272/272 3893/3893/3893 1679/1679/1679
f 1654/1654/1654 271/271/271 1725/1725/1725
f 1654/1654/1654 1725/1725/1725 3893/3893/3893
f 3893/3893/3893 1725/1725/1725 244/244/244
f 3893/3893/3893 244/244/244 1562/1562/1562
f 1679/1679/1679 3893/3893/3893 1562/1562/1562
f 1679/1679/1679 1562/1562/1562 247/247/247
f 271/271/271 1726/1726/1726 3894/3894/3894
f 271/271/271 3894/3894/3894 1655/1655/1655
f 1726/1726/1726 24/24/24 1242/1242/1242
f 1726/1726/1726 1242/1242/1242 3894/3894/3894
f 3894/3894/3894 1242/1242/1242 23/23/23
f 3894/3894/3894 23/23/23 1724/1724/1724
f 1655/1655/1655 3894/3894/3894 1724/1724/1724
f 1655/1655/1655 1724/1724/1724 270/270/270
f 270/270/270 1724/1724/1724 3895/3895/3895
f 270/270/270 3895/3895/3895 1656/1656/1656
f 1724/1724/1724 23/23/23 1243/1243/1243
f 1724/1724/1724 1243/1243/1243 3895/3895/3895
f 3895/3895/3895 1243/1243/1243 22/22/22
f 3895/3895/3895 22/22/22 1722/1722/1722
f 1656/1656/1656 3895/3895/3895 1722/1722/1722
f 1656/1656/1656 1722/1722/1722 269/269/269
f 269/269/269 1722/1722/1722 3896/3896/3896
f 269/269/269 3896/3896/3896 1657/1657/1657
f 1722/1722/1722 22/22/22 1244/1244/1244
f 1722/1722/1722 1244/1244/1244 3896/3896/3896
f 3896/3896/3896 1244/1244/1244 21/21/21
f 3896/3896/3896 21/21/21 1720/1720/1720
f 1657/1657/1657 3896/3896/3896 1720/1720/1720
f 1657/1657/1657 1720/1720/1720 268/268/268
f 268/268/268 1720/1720/1720 3897/3897/3897
f 268/268/268 3897/3897/3897 1658/1658/1658
f 1720/1720/1720 21/21/21 1245/1245/1245
f 1720/1720/1720 1245/1245/1245 3897/3897/3897
f 3897/3897/3897 1245/1245/1245 20/20/20
f 3897/3897/3897 20/20/20 1718/1718/1718
f 1658/1658/1658 3897/3897/3897 1718/1718/1718
f 1658/1658/1658 1718/1718/1718 267/267/267
f 267/267/267 1718/1718/1718 3898/3898/3898
f 267/267/267 3898/3898/3898 1659/1659/1659
f 1718/1718/1718 20/20/20 1246/1246/1246
f 1718/1718/1718 1246/1246/1246 3898/3898/3898
f 3898/3898/3898 1246/1246/1246 19/19/19
f 3898/3898/3898 19/19/19 1716/1716/1716
f 1659/1659/1659 3898/3898/3898 1716/1716/1716
f 1659/1659/1659 1716/1716/1716 266/266/266
f 266/266/266 1716/1716/1716 3899/3899/3899
f 266/266/266 3899/3899/3899 1660/1660/1660
f 1716/1716/1716 19/19/19 1247/1247/1247
f 1716/1716/1716 1247/1247/1247 3899/3899/3899
f 3899/3899/3899 1247/1247/1247 18/18/18
f 3899/3899/3899 18/18/18 1714/1714/1714
f 1660/1660/1660 3899/3899/3899 1714/1714/1714
f 1660/1660/1660 1714/1714/1714 265/265/265
f 265/265/265 1714/1714/1714 3900/3900/3900
f 265/265/265 3900/3900/3900 1661/1661/1661
f 1714/1714/1714 18/18/18 1248/1248/1248
f 1714/1714/1714 1248/1248/1248 3900/3900/3900
f 3900/3900/3900 1248/1248/1248 17/17/17
f 3900/3900/3900 17/17/17 1712/1712/1712
f 1661/1661/1661 3900/3900/3900 1712/1712/1712
f 1661/1661/1661 1712/1712/1712 264/264/264
f 264/264/264 1712/1712/1712 3901/3901/3901
f 264/264/264 3901/3901/3901 1662/1662/1662
f 1712/1712/1712 17/17/17 1249/1249/1249
f 1712/1712/1712 1249/1249/1249 3901/3901/3901
f 3901/3901/3901 1249/1249/1249 16/16/16
f 3901/3901/3901 16/16/16 1710/1710/1710
f 1662/1662/1662 3901/3901/3901 1710/1710/1710
f 1662/1662/1662 1710/1710/1710 263/263/263
f 263/263/263 1710/1710/1710 3902/3902/3902
f 263/263/263 3902/3902/3902 1663/1663/1663
f 1710/1710/1710 16/16/16 1250/1250/1250
f 1710/1710/1710 1250/1250/1250 3902/3902/3902
f 3902/3902/3902 1250/1250/1250 15/15/15
f 3902/3902/3902 15/15/15 1708/1708/1708
f 1663/1663/1663 3902/3902/3902 1708/1708/1708
f 1663/1663/1663 1708/1708/1708 262/262/262
f 262/262/262 1708/1708/1708 3903/3903/3903
f 262/262/262 3903/3903/3903 1664/1664/1664
f 1708/1708/1708 15/15/15 1251/1251/1251
f 1708/1708/1708 1251/1251/1251 3903/3903/3903
f 3903/3903/3903 1251/1251/1251 14/14/14
f 3903/3903/3903 14/14/14 1706/1706/1706
f 1664/1664/1664 3903/3903/3903 1706/1706/1706
f 1664/1664/1664 1706/1706/1706 261/261/261
f 261/261/261 1706/1706/1706 3904/3904/3904
f 261/261/261 3904/3904/3904 1665/1665/1665
f 1706/1706/1706 14/14/14 1252/1252/1252
f 1706/1706/1706 1252/1252/1252 3904/3904/3904
f 3904/3904/3904 1252/1252/1252 13/13/13
f 3904/3904/3904 13/13/13 1704/1704/1704
f 1665/1665/1665 3904/3904/3904 1704/1704/1704
f 1665/1665/1665 1704/1704/1704 260/260/260
f 260/260/260 1704/1704/1704 3905/3905/3905
f 260/260/260 3905/3905/3905 1666/1666/1666
f 1704/1704/1704 13/13/13 1253/1253/1253
f 1704/1704/1704 1253/1253/1253 3905/3905/3905
f 3905/3905/3905 1253/1253/1253 12/12/12
f 3905/3905/3905 12/12/12 1702/1702/1702
f 1666/1666/1666 3905/3905/3905 1702/1702/1702
f 1666/1666/1666 1702/1702/1702 259/259/259
f 259/259/259 1702/1702/1702 3906/3906/3906
f 259/259/259 3906/3906/3906 1667/1667/1667
f 1702/1702/1702 12/12/12 1254/1254/1254
f 1702/1702/1702 1254/1254/1254 3906/3906/3906
f 3906/3906/3906 1254/1254/1254 11/11/11
f 3906/3906/3906 11/11/11 1700/1700/1700
f 1667/1667/1667 3906/3906/3906 1700/1700/1700
f 1667/1667/1667 1700/1700/1700 258/258/258
f 258/258/258 1700/1700/1700 3907/3907/3907
f 258/258/258 3907/3907/3907 1668/1668/1668
f 1700/1700/1700 11/11/11 1255/1255/1255
f 1700/1700/1700 1255/1255/1255 3907/3907/3907
f 3907/3907/3907 1255/1255/1255 10/10/10
f 3907/3907/3907 10/10/10 1698/1698/1698
f 1668/1668/1668 3907/3907/3907 1698/1698/1698
f 1668/1668/1668 1698/1698/1698 257/257/257
f 257/257/257 1698/1698/1698 3908/3908/3908
f 257/257/257 3908/3908/3908 1669/1669/1669
f 1698/1698/1698 10/10/10 1256/1256/1256
f 1698/1698/1698 1256/1256/1256 3908/3908/3908
f 3908/3908/3908 1256/1256/1256 9/9/9
f 3908/3908/3908 9/9/9 1696/1696/1696
f 1669/1669/1669 3908/3908/3908 1696/1696/1696
f 1669/1669/1669 1696/1696/1696 256/256/256
f 256/256/256 1696/1696/1696 3909/3909/3909
f 256/256/256 3909/3909/3909 1670/1670/1670
f 1696/1696/1696 9/9/9 1257/1257/1257
f 1696/1696/1696 1257/1257/1257 3909/3909/3909
f 3909/3909/3909 1257/1257/1257 8/8/8
f 3909/3909/3909 8/8/8 1694/1694/1694
f 1670/1670/1670 3909/3909/3909 1694/1694/1694
f 1670/1670/1670 1694/1694/1694 255/255/255
f 255/255/255 1694/1694/1694 3910/3910/3910
f 255/255/255 3910/3910/3910 1671/1671/1671
f 1694/1694/1694 8/8/8 1258/1258/1258
f 1694/1694/1694 1258/1258/1258 3910/3910/3910
f 3910/3910/3910 1258/1258/1258 7/7/7
f 3910/3910/3910 7/7/7 1692/1692/1692
f 1671/1671/1671 3910/3910/3910 1692/1692/1692
f 1671/1671/1671 1692/1692/1692 254/254/254
f 254/254/254 1692/1692/1692 3911/3911/3911
f 254/254/254 3911/3911/3911 1672/1672/1672
f 1692/1692/1692 7/7/7 1259/1259/1259
f 1692/1692/1692 1259/1259/1259 3911/3911/3911
f 3911/3911/3911 1259/1259/1259 6/6/6
f 3911/3911/3911 6/6/6 1690/1690/1690
f 1672/1672/1672 3911/3911/3911 1690/1690/1690
f 1672/1672/1672 1690/1690/1690 253/253/253
f 253/253/253 1690/1690/1690 3912/3912/3912
f 253/253/253 3912/3912/3912 1673/1673/1673
f 1690/1690/1690 6/6/6 1260/1260/1260
f 1690/1690/1690 1260/1260/1260 3912/3912/3912
f 3912/3912/3912 1260/1260/1260 5/5/5
f 3912/3912/3912 5/5/5 1688/1688/1688
f 1673/1673/1673 3912/3912/3912 1688/1688/1688
f 1673/1673/1673 1688/1688/1688 252/252/252
f 252/252/252 1688/1688/1688 3913/3913/3913
f 252/252/252 3913/3913/3913 1674/1674/1674
f 1688/1688/1688 5/5/5 1261/1261/1261
f 1688/1688/1688 1261/1261/1261 3913/3913/3913
f 3913/3913/3913 1261/1261/1261 4/4/4
f 3913/3913/3913 4/4/4 1686/1686/1686
f 1674/1674/1674 3913/3913/3913 1686/1686/1686
f 1674/1674/1674 1686/1686/1686 251/251/251
f 251/251/251 1686/1686/1686 3914/3914/3914
f 251/251/251 3914/3914/3914 1675/1675/1675
f 1686/1686/1686 4/4/4 1262/1262/1262
f 1686/1686/1686 1262/1262/1262 3914/3914/3914
f 3914/3914/3914 1262/1262/1262 3/3/3
f 3914/3914/3914 3/3/3 1683/1683/1683
f 1675/1675/1675 3914/3914/3914 1683/1683/1683
f 1675/1675/1675 1683/1683/1683 250/250/250
f 250/250/250 1683/1683/1683 3915/3915/3915
f 250/250/250 3915/3915/3915 1676/1676/1676
f 1683/1683/1683 3/3/3 1263/1263/1263
f 1683/1683/1683 1263/1263/1263 3915/3915/3915
f 3915/3915/3915 1263/1263/1263 2/2/2
f 3915/3915/3915 2/2/2 1682/1682/1682
f 1676/1676/1676 3915/3915/3915 1682/1682/1682
f 1676/1676/1676 1682/1682/1682 249/249/249
f 272/272/272 1684/1684/1684 3916/3916/3916
f 272/272/272 3916/3916/3916 1654/1654/1654
f 1684/1684/1684 25/25/25 1241/1241/1241
f 1684/1684/1684 1241/1241/1241 3916/3916/3916
f 3916/3916/3916 1241/1241/1241 24/24/24
f 3916/3916/3916 24/24/24 1726/1726/1726
f 1654/1654/1654 3916/3916/3916 1726/1726/1726
f 1654/1654/1654 1726/1726/1726 271/271/271
f 173/173/173 1386/1386/1386 3917/3917/3917
f 173/173/173 3917/3917/3917 1387/1387/1387
f 1386/1386/1386 174/174/174 1390/1390/1390
f 1386/1386/1386 1390/1390/1390 3917/3917/3917
f 3917/3917/3917 1390/1390/1390 104/104/104
f 3917/3917/3917 104/104/104 1388/1388/1388
f 1387/1387/1387 3917/3917/3917 1388/1388/1388
f 1387/1387/1387 1388/1388/1388 100/100/100
f 174/174/174 1391/1391/1391 3918/3918/3918
f 174/174/174 3918/3918/3918 1390/1390/1390
f 1391/1391/1391 172/172/172 1394/1394/1394
f 1391/1391/1391 1394/1394/1394 3918/3918/3918
f 3918/3918/3918 1394/1394/1394 102/102/102
f 3918/3918/3918 102/102/102 1392/1392/1392
f 1390/1390/1390 3918/3918/3918 1392/1392/1392
f 1390/1390/1390 1392/1392/1392 104/104/104
f 170/170/170 1395/1395/1395 3919/3919/3919
f 170/170/170 3919/3919/3919 1396/1396/1396
f 1395/1395/1395 171/171/171 1397/1397/1397
f 1395/1395/1395 1397/1397/1397 3919/3919/3919
f 3919/3919/3919 1397/1397/1397 174/174/174
f 3919/3919/3919 174/174/174 1386/1386/1386
f 1396/1396/1396 3919/3919/3919 1386/1386/1386
f 1396/1396/1396 1386/1386/1386 173/173/173
f 171/171/171 1398/1398/1398 3920/3920/3920
f 171/171/171 3920/3920/3920 1397/1397/1397
f 1398/1398/1398 169/169/169 1399/1399/1399
f 1398/1398/1398 1399/1399/1399 3920/3920/3920
f 3920/3920/3920 1399/1399/1399 172/172/172
f 3920/3920/3920 172/172/172 1391/1391/1391
f 1397/1397/1397 3920/3920/3920 1391/1391/1391
f 1397/1397/1397 1391/1391/1391 174/174/174
f 167/167/167 1400/1400/1400 3921/3921/3921
f 167/167/167 3921/3921/3921 1401/1401/1401
f 1400/1400/1400 168/168/168 1402/1402/1402
f 1400/1400/1400 1402/1402/1402 3921/3921/3921
f 3921/3921/3921 1402/1402/1402 171/171/171
f 3921/3921/3921 171/171/171 1395/1395/1395
f 1401/1401/1401 3921/3921/3921 1395/1395/1395
f 1401/1401/1401 1395/1395/1395 170/170/170
f 168/168/168 1403/1403/1403 3922/3922/3922
f 168/168/168 3922/3922/3922 1402/1402/1402
f 1403/1403/1403 166/166/166 1404/1404/1404
f 1403/1403/1403 1404/1404/1404 3922/3922/3922
f 3922/3922/3922 1404/1404/1404 169/169/169
f 3922/3922/3922 169/169/169 1398/1398/1398
f 1402/1402/1402 3922/3922/3922 1398/1398/1398
f 1402/1402/1402 1398/1398/1398 171/171/171
f 164/164/164 1405/1405/1405 3923/3923/3923
f 164/164/164 3923/3923/3923 1406/1406/1406
f 1405/1405/1405 165/165/165 1407/1407/1407
f 1405/1405/1405 1407/1407/1407 3923/3923/3923
f 3923/3923/3923 1407/1407/1407 168/168/168
f 3923/3923/3923 168/168/168 1400/1400/1400
f 1406/1406/1406 3923/3923/3923 1400/1400/1400
f 1406/1406/1406 1400/1400/1400 167/167/167
f 165/165/165 1408/1408/1408 3924/3924/3924
f 165/165/165 3924/3924/3924 1407/1407/1407
f 1408/1408/1408 163/163/163 1409/1409/1409
f 1408/1408/1408 1409/1409/1409 3924/3924/3924
f 3924/3924/3924 1409/1409/1409 166/166/166
f 3924/3924/3924 166/166/166 1403/1403/1403
f 1407/1407/1407 3924/3924/3924 1403/1403/1403
f 1407/1407/1407 1403/1403/1403 168/168/168
f 161/161/161 1410/1410/1410 3925/3925/3925
f 161/161/161 3925/3925/3925 1411/1411/1411
f 1410/1410/1410 162/162/162 1412/1412/1412
f 1410/1410/1410 1412/1412/1412 3925/3925/3925
f 3925/3925/3925 1412/1412/1412 165/165/165
f 3925/3925/3925 165/165/165 1405/1405/1405
f 1411/1411/1411 3925/3925/3925 1405/1405/1405
f 1411/1411/1411 1405/1405/1405 164/164/164
f 162/162/162 1413/1413/1413 3926/3926/3926
f 162/162/162 3926/3926/3926 1412/1412/1412
f 1413/1413/1413 160/160/160 1414/1414/1414
f 1413/1413/1413 1414/1414/1414 3926/3926/3926
f 3926/3926/3926 1414/1414/1414 163/163/163
f 3926/3926/3926 163/163/163 1408/1408/1408
f 1412/1412/1412 3926/3926/3926 1408/1408/1408
f 1412/1412/1412 1408/1408/1408 165/165/165
f 158/158/158 1415/1415/1415 3927/3927/3927
f 158/158/158 3927/3927/3927 1416/1416/1416
f 1415/1415/1415 159/159/159 1417/1417/1417
f 1415/1415/1415 1417/1417/1417 3927/3927/3927
f 3927/3927/3927 1417/1417/1417 162/162/162
f 3927/3927/3927 162/162/162 1410/1410/1410
f 1416/1416/1416 3927/3927/3927 1410/1410/1410
f 1416/1416/1416 1410/1410/1410 161/161/161
f 159/159/159 1418/1418/1418 3928/3928/3928
f 159/159/159 3928/3928/3928 1417/1417/1417
f 1418/1418/1418 157/157/157 1419/1419/1419
f 1418/1418/1418 1419/1419/1419 3928/3928/3928
f 3928/3928/3928 1419/1419/1419 160/160/160
f 3928/3928/3928 160/160/160 1413/1413/1413
f 1417/1417/1417 3928/3928/3928 1413/1413/1413
f 1417/1417/1417 1413/1413/1413 162/162/162
f 155/155/155 1420/1420/1420 3929/3929/3929
f 155/155/155 3929/3929/3929 1421/1421/1421
f 1420/1420/1420 156/156/156 1422/1422/1422
f 1420/1420/1420 1422/1422/1422 3929/3929/3929
f 3929/3929/3929 1422/1422/1422 159/159/159
f 3929/3929/3929 159/159/159 1415/1415/1415
f 1421/1421/1421 3929/3929/3929 1415/1415/1415
f 1421/1421/1421 1415/1415/1415 158/158/158
f 156/156/156 1423/1423/1423 3930/3930/3930
f 156/156/156 3930/3930/3930 1422/1422/1422
f 1423/1423/1423 154/154/154 1424/1424/1424
f 1423/1423/1423 1424/1424/1424 3930/3930/3930
f 3930/3930/3930 1424/1424/1424 157/157/157
f 3930/3930/3930 157/157/157 1418/1418/1418
f 1422/1422/1422 3930/3930/3930 1418/1418/1418
f 1422/1422/1422 1418/1418/1418 159/159/159
f 152/152/152 1425/1425/1425 3931/3931/3931
f 152/152/152 3931/3931/3931 1426/1426/1426
f 1425/1425/1425 153/153/153 1427/1427/1427
f 1425/1425/1425 1427/1427/1427 3931/3931/3931
f 3931/3931/3931 1427/1427/1427 156/156/156
f 3931/3931/3931 156/156/156 1420/1420/1420
f 1426/1426/1426 3931/3931/3931 1420/1420/1420
f 1426/1426/1426 1420/1420/1420 155/155/155
f 153/153/153 1428/1428/1428 3932/3932/3932
f 153/153/153 3932/3932/3932 1427/1427/1427
f 1428/1428/1428 151/151/151 1429/1429/1429
f 1428/1428/1428 1429/1429/1429 3932/3932/3932
f 3932/3932/3932 1429/1429/1429 154/154/154
f 3932/3932/3932 154/154/154 1423/1423/1423
f 1427/1427/1427 3932/3932/3932 1423/1423/1423
f 1427/1427/1427 1423/1423/1423 156/156/156
f 149/149/149 1430/1430/1430 3933/3933/3933
f 149/149/149 3933/3933/3933 1431/1431/1431
f 1430/1430/1430 150/150/150 1432/1432/1432
f 1430/1430/1430 1432/1432/1432 3933/3933/3933
f 3933/3933/3933 1432/1432/1432 153/153/153
f 3933/3933/3933 153/153/153 1425/1425/1425
f 1431/1431/1431 3933/3933/3933 1425/1425/1425
f 1431/1431/1431 1425/1425/1425 152/152/152
f 150/150/150 1433/1433/1433 3934/3934/3934
f 150/150/150 3934/3934/3934 1432/1432/1432
f 1433/1433/1433 148/148/148 1434/1434/1434
f 1433/1433/1433 1434/1434/1434 3934/3934/3934
f 3934/3934/3934 1434/1434/1434 151/151/151
f 3934/3934/3934 151/151/151 1428/1428/1428
f 1432/1432/1432 3934/3934/3934 1428/1428/1428
f 1432/1432/1432 1428/1428/1428 153/153/153
f 146/146/146 1435/1435/1435 3935/3935/3935
f 146/146/146 3935/3935/3935 1436/1436/1436
f 1435/1435/1435 147/147/147 1437/1437/1437
f 1435/1435/1435 1437/1437/1437 3935/3935/3935
f 3935/3935/3935 1437/1437/1437 150/150/150
f 3935/3935/3935 150/150/150 1430/1430/1430
f 1436/1436/1436 3935/3935/3935 1430/1430/1430
f 1436/1436/1436 1430/1430/1430 149/149/149
f 147/147/147 1438/1438/1438 3936/3936/3936
f 147/147/147 3936/3936/3936 1437/1437/1437
f 1438/1438/1438 145/145/145 1439/1439/1439
f 1438/1438/1438 1439/1439/1439 3936/3936/3936
f 3936/3936/3936 1439/1439/1439 148/148/148
f 3936/3936/3936 148/148/148 1433/1433/1433
f 1437/1437/1437 3936/3936/3936 1433/1433/1433
f 1437/1437/1437 1433/1433/1433 150/150/150
f 143/143/143 1440/1440/1440 3937/3937/3937
f 143/143/143 3937/3937/3937 1441/1441/1441
f 1440/1440/1440 144/144/144 1442/1442/1442
f 1440/1440/1440 1442/1442/1442 3937/3937/3937
f 3937/3937/3937 1442/1442/1442 147/147/147
f 3937/3937/3937 147/147/147 1435/1435/1435
f 1441/1441/1441 3937/3937/3937 1435/1435/1435
f 1441/1441/1441 1435/1435/1435 146/146/146
f 144/144/144 1443/1443/1443 3938/3938/3938
f 144/144/144 3938/3938/3938 1442/1442/1442
f 1443/1443/1443 142/142/142 1444/1444/1444
f 1443/1443/1443 1444/1444/1444 3938/3938/3938
f 3938/3938/3938 1444/1444/1444 145/145/145
f 3938/3938/3938 145/145/145 1438/1438/1438
f 1442/1442/1442 3938/3938/3938 1438/1438/1438
f 1442/1442/1442 1438/1438/1438 147/147/147
f 140/140/140 1445/1445/1445 3939/3939/3939
f 140/140/140 3939/3939/3939 1446/1446/1446
f 1445/1445/1445 141/141/141 1447/1447/1447
f 1445/1445/1445 1447/1447/1447 3939/3939/3939
f 3939/3939/3939 1447/1447/1447 144/144/144
f 3939/3939/3939 144/144/144 1440/1440/1440
f 1446/1446/1446 3939/3939/3939 1440/1440/1440
f 1446/1446/1446 1440/1440/1440 143/143/143
f 141/141/141 1448/1448/1448 3940/3940/3940
f 141/141/141 3940/3940/3940 1447/1447/1447
f 1448/1448/1448 139/139/139 1449/1449/1449
f 1448/1448/1448 1449/1449/1449 3940/3940/3940
f 3940/3940/3940 1449/1449/1449 142/142/142
f 3940/3940/3940 142/142/142 1443/1443/1443
f 1447/1447/1447 3940/3940/3940 1443/1443/1443
f 1447/1447/1447 1443/1443/1443 144/144/144
f 137/137/137 1450/1450/1450 3941/3941/3941
f 137/137/137 3941/3941/3941 1451/1451/1451
f 1450/1450/1450 138/138/138 1452/1452/1452
f 1450/1450/1450 1452/1452/1452 3941/3941/3941
f 3941/3941/3941 1452/1452/1452 141/141/141
f 3941/3941/3941 141/141/141 1445/1445/1445
f 1451/1451/1451 3941/3941/3941 1445/1445/1445
f 1451/1451/1451 1445/1445/1445 140/140/140
f 138/138/138 1453/1453/1453 3942/3942/3942
f 138/138/138 3942/3942/3942 1452/1452/1452
f 1453/1453/1453 136/136/136 1454/1454/1454
f 1453/1453/1453 1454/1454/1454 3942/3942/3942
f 3942/3942/3942 1454/1454/1454 139/139/139
f 3942/3942/3942 139/139/139 1448/1448/1448
f 1452/1452/1452 3942/3942/3942 1448/1448/1448
f 1452/1452/1452 1448/1448/1448 141/141/141
f 134/134/134 1455/1455/1455 3943/3943/3943
f 134/134/134 3943/3943/3943 1456/1456/1456
f 1455/1455/1455 135/135/135 1457/1457/1457
f 1455/1455/1455 1457/1457/1457 3943/3943/3943
f 3943/3943/3943 1457/1457/1457 138/138/138
f 3943/3943/3943 138/138/138 1450/1450/1450
f 1456/1456/1456 3943/3943/3943 1450/1450/1450
f 1456/1456/1456 1450/1450/1450 137/137/137
f 135/135/135 1458/1458/1458 3944/3944/3944
f 135/135/135 3944/3944/3944 1457/1457/1457
f 1458/1458/1458 133/133/133 1459/1459/1459
f 1458/1458/1458 1459/1459/1459 3944/3944/3944
f 3944/3944/3944 1459/1459/1459 136/136/136
f 3944/3944/3944 136/136/136 1453/1453/1453
f 1457/1457/1457 3944/3944/3944 1453/1453/1453
f 1457/1457/1457 1453/1453/1453 138/138/138
f 131/131/131 1460/1460/1460 3945/3945/3945
f 131/131/131 3945/3945/3945 1461/1461/1461
f 1460/1460/1460 132/132/132 1462/1462/1462
f 1460/1460/1460 1462/1462/1462 3945/3945/3945
f 3945/3945/3945 1462/1462/1462 135/135/135
f 3945/3945/3945 135/135/135 1455/1455/1455
f 1461/1461/1461 3945/3945/3945 1455/1455/1455
f 1461/1461/1461 1455/1455/1455 134/134/134
f 132/132/132 1463/1463/1463 3946/3946/3946
f 132/132/132 3946/3946/3946 1462/1462/1462
f 1463/1463/1463 130/130/130 1464/1464/1464
f 1463/1463/1463 1464/1464/1464 3946/3946/3946
f 3946/3946/3946 1464/1464/1464 133/133/133
f 3946/3946/3946 133/133/133 1458/1458/1458
f 1462/1462/1462 3946/3946/3946 1458/1458/1458
f 1462/1462/1462 1458/1458/1458 135/135/135
f 128/128/128 1465/1465/1465 3947/3947/3947
f 128/128/128 3947/3947/3947 1466/1466/1466
f 1465/1465/1465 129/129/129 1467/1467/1467
f 1465/1465/1465 1467/1467/1467 3947/3947/3947
f 3947/3947/3947 1467/1467/1467 132/132/132
f 3947/3947/3947 132/132/132 1460/1460/1460
f 1466/1466/1466 3947/3947/3947 1460/1460/1460
f 1466/1466/1466 1460/1460/1460 131/131/131
f 129/129/129 1468/1468/1468 3948/3948/3948
f 129/129/129 3948/3948/3948 1467/1467/1467
f 1468/1468/1468 127/127/127 1469/1469/1469
f 1468/1468/1468 1469/1469/1469 3948/3948/3948
f 3948/3948/3948 1469/1469/1469 130/130/130
f 3948/3948/3948 130/130/130 1463/1463/1463
f 1467/1467/1467 3948/3948/3948 1463/1463/1463
f 1467/1467/1467 1463/1463/1463 132/132/132
f 125/125/125 1470/1470/1470 3949/3949/3949
f 125/125/125 3949/3949/3949 1471/1471/1471
f 1470/1470/1470 126/126/126 1472/1472/1472
f 1470/1470/1470 1472/1472/1472 3949/3949/3949
f 3949/3949/3949 1472/1472/1472 129/129/129
f 3949/3949/3949 129/129/129 1465/1465/1465
f 1471/1471/1471 3949/3949/3949 1465/1465/1465
f 1471/1471/1471 1465/1465/1465 128/128/128
f 126/126/126 1473/1473/1473 3950/3950/3950
f 126/126/126 3950/3950/3950 1472/1472/1472
f 1473/1473/1473 124/124/124 1474/1474/1474
f 1473/1473/1473 1474/1474/1474 3950/3950/3950
f 3950/3950/3950 1474/1474/1474 127/127/127
f 3950/3950/3950 127/127/127 1468/1468/1468
f 1472/1472/1472 3950/3950/3950 1468/1468/1468
f 1472/1472/1472 1468/1468/1468 129/129/129
f 122/122/122 1475/1475/1475 3951/3951/3951
f 122/122/122 3951/3951/3951 1476/1476/1476
f 1475/1475/1475 123/123/123 1477/1477/1477
f 1475/1475/1475 1477/1477/1477 3951/3951/3951
f 3951/3951/3951 1477/1477/1477 126/126/126
f 3951/3951/3951 126/126/126 1470/1470/1470
f 1476/1476/1476 3951/3951/3951 1470/1470/1470
f 1476/1476/1476 1470/1470/1470 125/125/125
f 123/123/123 1478/1478/1478 3952/3952/3952
f 123/123/123 3952/3952/3952 1477/1477/1477
f 1478/1478/1478 121/121/121 1479/1479/1479
f 1478/1478/1478 1479/1479/1479 3952/3952/3952
f 3952/3952/3952 1479/1479/1479 124/124/124
f 3952/3952/3952 124/124/124 1473/1473/1473
f 1477/1477/1477 3952/3952/3952 1473/1473/1473
f 1477/1477/1477 1473/1473/1473 126/126/126
f 119/119/119 1480/1480/1480 3953/3953/3953
f 119/119/119 3953/3953/3953 1481/1481/1481
f 1480/1480/1480 120/120/120 1482/1482/1482
f 1480/1480/1480 1482/1482/1482 3953/3953/3953
f 3953/3953/3953 1482/1482/1482 123/123/123
f 3953/3953/3953 123/123/123 1475/1475/1475
f 1481/1481/1481 3953/3953/3953 1475/1475/1475
f 1481/1481/1481 1475/1475/1475 122/122/122
f 120/120/120 1483/1483/1483 3954/3954/3954
f 120/120/120 3954/3954/3954 1482/1482/1482
f 1483/1483/1483 118/118/118 1484/1484/1484
f 1483/1483/1483 1484/1484/1484 3954/3954/3954
f 3954/3954/3954 1484/1484/1484 121/121/121
f 3954/3954/3954 121/121/121 1478/1478/1478
f 1482/1482/1482 3954/3954/3954 1478/1478/1478
f 1482/1482/1482 1478/1478/1478 123/123/123
f 116/116/116 1485/1485/1485 3955/3955/3955
f 116/116/116 3955/3955/3955 1486/1486/1486
f 1485/1485/1485 117/117/117 1487/1487/1487
f 1485/1485/1485 1487/1487/1487 3955/3955/3955
f 3955/3955/3955 1487/1487/1487 120/120/120
f 3955/3955/3955 120/120/120 1480/1480/1480
f 1486/1486/1486 3955/3955/3955 1480/1480/1480
f 1486/1486/1486 1480/1480/1480 119/119/119
f 117/117/117 1488/1488/1488 3956/3956/3956
f 117/117/117 3956/3956/3956 1487/1487/1487
f 1488/1488/1488 115/115/115 1489/1489/1489
f 1488/1488/1488 1489/1489/1489 3956/3956/3956
f 3956/3956/3956 1489/1489/1489 118/118/118
f 3956/3956/3956 118/118/118 1483/1483/1483
f 1487/1487/1487 3956/3956/3956 1483/1483/1483
f 1487/1487/1487 1483/1483/1483 120/120/120
f 113/113/113 1490/1490/1490 3957/3957/3957
f 113/113/113 3957/3957/3957 1491/1491/1491
f 1490/1490/1490 114/114/114 1492/1492/1492
f 1490/1490/1490 1492/1492/1492 3957/3957/3957
f 3957/3957/3957 1492/1492/1492 117/117/117
f 3957/3957/3957 117/117/117 1485/1485/1485
f 1491/1491/1491 3957/3957/3957 1485/1485/1485
f 1491/1491/1491 1485/1485/1485 116/116/116
f 114/114/114 1493/1493/1493 3958/3958/3958
f 114/114/114 3958/3958/3958 1492/1492/1492
f 1493/1493/1493 112/112/112 1494/1494/1494
f 1493/1493/1493 1494/1494/1494 3958/3958/3958
f 3958/3958/3958 1494/1494/1494 115/115/115
f 3958/3958/3958 115/115/115 1488/1488/1488
f 1492/1492/1492 3958/3958/3958 1488/1488/1488
f 1492/1492/1492 1488/1488/1488 117/117/117
f 110/110/110 1495/1495/1495 3959/3959/3959
f 110/110/110 3959/3959/3959 1496/1496/1496
f 1495/1495/1495 111/111/111 1497/1497/1497
f 1495/1495/1495 1497/1497/1497 3959/3959/3959
f 3959/3959/3959 1497/1497/1497 114/114/114
f 3959/3959/3959 114/114/114 1490/1490/1490
f 1496/1496/1496 3959/3959/3959 1490/1490/1490
f 1496/1496/1496 1490/1490/1490 113/113/113
f 111/111/111 1498/1498/1498 3960/3960/3960
f 111/111/111 3960/3960/3960 1497/1497/1497
f 1498/1498/1498 109/109/109 1499/1499/1499
f 1498/1498/1498 1499/1499/1499 3960/3960/3960
f 3960/3960/3960 1499/1499/1499 112/112/112
f 3960/3960/3960 112/112/112 1493/1493/1493
f 1497/1497/1497 3960/3960/3960 1493/1493/1493
f 1497/1497/1497 1493/1493/1493 114/114/114
f 107/107/107 1500/1500/1500 3961/3961/3961
f 107/107/107 3961/3961/3961 1501/1501/1501
f 1500/1500/1500 108/108/108 1502/1502/1502
f 1500/1500/1500 1502/1502/1502 3961/3961/3961
f 3961/3961/3961 1502/1502/1502 111/111/111
f 3961/3961/3961 111/111/111 1495/1495/1495
f 1501/1501/1501 3961/3961/3961 1495/1495/1495
f 1501/1501/1501 1495/1495/1495 110/110/110
f 108/108/108 1503/1503/1503 3962/3962/3962
f 108/108/108 3962/3962/3962 1502/1502/1502
f 1503/1503/1503 106/106/106 1504/1504/1504
f 1503/1503/1503 1504/1504/1504 3962/3962/3962
f 3962/3962/3962 1504/1504/1504 109/109/109
f 3962/3962/3962 109/109/109 1498/1498/1498
f 1502/1502/1502 3962/3962/3962 1498/1498/1498
f 1502/1502/1502 1498/1498/1498 111/111/111
f 101/101/101 1389/1389/1389 3963/3963/3963
f 101/101/101 3963/3963/3963 1505/1505/1505
f 1389/1389/1389 105/105/105 1506/1506/1506
f 1389/1389/1389 1506/1506/1506 3963/3963/3963
f 3963/3963/3963 1506/1506/1506 108/108/108
f 3963/3963/3963 108/108/108 1500/1500/1500
f 1505/1505/1505 3963/3963/3963 1500/1500/1500
f 1505/1505/1505 1500/1500/1500 107/107/107
f 105/105/105 1393/1393/1393 3964/3964/3964
f 105/105/105 3964/3964/3964 1506/1506/1506
f 1393/1393/1393 103/103/103 1507/1507/1507
f 1393/1393/1393 1507/1507/1507 3964/3964/3964
f 3964/3964/3964 1507/1507/1507 106/106/106
f 3964/3964/3964 106/106/106 1503/1503/1503
f 1506/1506/1506 3964/3964/3964 1503/1503/1503
f 1506/1506/1506 1503/1503/1503 108/108/108
f 1145/1145/1145 1749/1749/1749 3965/3965/3965
f 1145/1145/1145 3965/3965/3965 3601/3601/3601
f 1749/1749/1749 107/107/107 1501/1501/1501
f 1749/1749/1749 1501/1501/1501 3965/3965/3965
f 3965/3965/3965 1501/1501/1501 110/110/110
f 3965/3965/3965 110/110/110 1748/1748/1748
f 3601/3601/3601 3965/3965/3965 1748/1748/1748
f 3601/3601/3601 1748/1748/1748 1148/1148/1148
f 242/242/242 243/243/243 1564/1564/1564
f 242/242/242 1564/1564/1564 1563/1563/1563
f 1560/1560/1560 1561/1561/1561 243/243/243
f 1560/1560/1560 243/243/243 242/242/242
f 239/239/239 240/240/240 1567/1567/1567
f 239/239/239 1567/1567/1567 1566/1566/1566
f 1563/1563/1563 1564/1564/1564 240/240/240
f 1563/1563/1563 240/240/240 239/239/239
f 236/236/236 237/237/237 1570/1570/1570
f 236/236/236 1570/1570/1570 1569/1569/1569
f 1566/1566/1566 1567/1567/1567 237/237/237
f 1566/1566/1566 237/237/237 236/236/236
f 233/233/233 234/234/234 1573/1573/1573
f 233/233/233 1573/1573/1573 1572/1572/1572
f 1569/1569/1569 1570/1570/1570 234/234/234
f 1569/1569/1569 234/234/234 233/233/233
f 230/230/230 231/231/231 1576/1576/1576
f 230/230/230 1576/1576/1576 1575/1575/1575
f 1572/1572/1572 1573/1573/1573 231/231/231
f 1572/1572/1572 231/231/231 230/230/230
f 227/227/227 228/228/228 1579/1579/1579
f 227/227/227 1579/1579/1579 1578/1578/1578
f 1575/1575/1575 1576/1576/1576 228/228/228
f 1575/1575/1575 228/228/228 227/227/227
f 224/224/224 225/225/225 1582/1582/1582
f 224/224/224 1582/1582/1582 1581/1581/1581
f 1578/1578/1578 1579/1579/1579 225/225/225
f 1578/1578/1578 225/225/225 224/224/224
f 221/221/221 222/222/222 1585/1585/1585
f 221/221/221 1585/1585/1585 1584/1584/1584
f 1581/1581/1581 1582/1582/1582 222/222/222
f 1581/1581/1581 222/222/222 221/221/221
f 218/218/218 219/219/219 1588/1588/1588
f 218/218/218 1588/1588/1588 1587/1587/1587
f 1584/1584/1584 1585/1585/1585 219/219/219
f 1584/1584/1584 219/219/219 218/218/218
f 215/215/215 216/216/216 1591/1591/1591
f 215/215/215 1591/1591/1591 1590/1590/1590
f 1587/1587/1587 1588/1588/1588 216/216/216
f 1587/1587/1587 216/216/216 215/215/215
f 212/212/212 213/213/213 1594/1594/1594
f 212/212/212 1594/1594/1594 1593/1593/1593
f 1590/1590/1590 1591/1591/1591 213/213/213
f 1590/1590/1590 213/213/213 212/212/212
f 209/209/209 210/210/210 1598/1598/1598
f 209/209/209 1598/1598/1598 1596/1596/1596
f 1593/1593/1593 1594/1594/1594 210/210/210
f 1593/1593/1593 210/210/210 209/209/209
f 206/206/206 208/208/208 1601/1601/1601
f 206/206/206 1601/1601/1601 1599/1599/1599
f 1596/1596/1596 1598/1598/1598 208/208/208
f 1596/1596/1596 208/208/208 206/206/206
f 203/203/203 205/205/205 1604/1604/1604
f 203/203/203 1604/1604/1604 1602/1602/1602
f 1599/1599/1599 1601/1601/1601 205/205/205
f 1599/1599/1599 205/205/205 203/203/203
f 200/200/200 202/202/202 1607/1607/1607
f 200/200/200 1607/1607/1607 1605/1605/1605
f 1602/1602/1602 1604/1604/1604 202/202/202
f 1602/1602/1602 202/202/202 200/200/200
f 197/197/197 199/199/199 1610/1610/1610
f 197/197/197 1610/1610/1610 1608/1608/1608
f 1605/1605/1605 1607/1607/1607 199/199/199
f 1605/1605/1605 199/199/199 197/197/197
f 194/194/194 196/196/196 1613/1613/1613
f 194/194/194 1613/1613/1613 1611/1611/1611
f 1608/1608/1608 1610/1610/1610 196/196/196
f 1608/1608/1608 196/196/196 194/194/194
f 191/191/191 193/193/193 1616/1616/1616
f 191/191/191 1616/1616/1616 1614/1614/1614
f 1611/1611/1611 1613/1613/1613 193/193/193
f 1611/1611/1611 193/193/193 191/191/191
f 188/188/188 190/190/190 1619/1619/1619
f 188/188/188 1619/1619/1619 1617/1617/1617
f 1614/1614/1614 1616/1616/1616 190/190/190
f 1614/1614/1614 190/190/190 188/188/188
f 185/185/185 187/187/187 1622/1622/1622
f 185/185/185 1622/1622/1622 1620/1620/1620
f 1617/1617/1617 1619/1619/1619 187/187/187
f 1617/1617/1617 187/187/187 185/185/185
f 182/182/182 184/184/184 1625/1625/1625
f 182/182/182 1625/1625/1625 1623/1623/1623
f 1620/1620/1620 1622/1622/1622 184/184/184
f 1620/1620/1620 184/184/184 182/182/182
f 179/179/179 181/181/181 1627/1627/1627
f 179/179/179 1627/1627/1627 1626/1626/1626
f 1623/1623/1623 1625/1625/1625 181/181/181
f 1623/1623/1623 181/181/181 179/179/179
f 1626/1626/1626 1627/1627/1627 175/175/175
f 1626/1626/1626 175/175/175 178/178/178
f 248/248/248 1681/1681/1681 3966/3966/3966
f 248/248/248 3966/3966/3966 1653/1653/1653
f 1681/1681/1681 1/1/1 1240/1240/1240
f 1681/1681/1681 1240/1240/1240 3966/3966/3966
f 3966/3966/3966 1240/1240/1240 25/25/25
f 3966/3966/3966 25/25/25 1684/1684/1684
f 1653/1653/1653 3966/3966/3966 1684/1684/1684
f 1653/1653/1653 1684/1684/1684 272/272/272
f 48/48/48 1287/1287/1287 3967/3967/3967
f 48/48/48 3967/3967/3967 1629/1629/1629
f 1287/1287/1287 49/49/49 1630/1630/1630
f 1287/1287/1287 1630/1630/1630 3967/3967/3967
f 3967/3967/3967 1630/1630/1630 178/178/178
f 3967/3967/3967 178/178/178 1557/1557/1557
f 1629/1629/1629 3967/3967/3967 1557/1557/1557
f 1629/1629/1629 1557/1557/1557 245/245/245
f 290/290/290 1823/1823/1823 3968/3968/3968
f 290/290/290 3968/3968/3968 1541/1541/1541
f 1823/1823/1823 304/304/304 1831/1831/1831
f 1823/1823/1823 1831/1831/1831 3968/3968/3968
f 3968/3968/3968 1831/1831/1831 305/305/305
f 3968/3968/3968 305/305/305 1822/1822/1822
f 1541/1541/1541 3968/3968/3968 1822/1822/1822
f 1541/1541/1541 1822/1822/1822 289/289/289
f 30/30/30 1752/1752/1752 3969/3969/3969
f 30/30/30 3969/3969/3969 1269/1269/1269
f 1752/1752/1752 292/292/292 1545/1545/1545
f 1752/1752/1752 1545/1545/1545 3969/3969/3969
f 3969/3969/3969 1545/1545/1545 291/291/291
f 3969/3969/3969 291/291/291 1771/1771/1771
f 1269/1269/1269 3969/3969/3969 1771/1771/1771
f 1269/1269/1269 1771/1771/1771 31/31/31
f 37/37/37 1753/1753/1753 3970/3970/3970
f 37/37/37 3970/3970/3970 1276/1276/1276
f 1753/1753/1753 285/285/285 1531/1531/1531
f 1753/1753/1753 1531/1531/1531 3970/3970/3970
f 3970/3970/3970 1531/1531/1531 284/284/284
f 3970/3970/3970 284/284/284 1773/1773/1773
f 1276/1276/1276 3970/3970/3970 1773/1773/1773
f 1276/1276/1276 1773/1773/1773 38/38/38
f 44/44/44 1754/1754/1754 3971/3971/3971
f 44/44/44 3971/3971/3971 1283/1283/1283
f 1754/1754/1754 278/278/278 1517/1517/1517
f 1754/1754/1754 1517/1517/1517 3971/3971/3971
f 3971/3971/3971 1517/1517/1517 277/277/277
f 3971/3971/3971 277/277/277 1775/1775/1775
f 1283/1283/1283 3971/3971/3971 1775/1775/1775
f 1283/1283/1283 1775/1775/1775 45/45/45
f 29/29/29 1755/1755/1755 3972/3972/3972
f 29/29/29 3972/3972/3972 1268/1268/1268
f 1755/1755/1755 293/293/293 1547/1547/1547
f 1755/1755/1755 1547/1547/1547 3972/3972/3972
f 3972/3972/3972 1547/1547/1547 292/292/292
f 3972/3972/3972 292/292/292 1752/1752/1752
f 1268/1268/1268 3972/3972/3972 1752/1752/1752
f 1268/1268/1268 1752/1752/1752 30/30/30
f 36/36/36 1756/1756/1756 3973/3973/3973
f 36/36/36 3973/3973/3973 1275/1275/1275
f 1756/1756/1756 286/286/286 1533/1533/1533
f 1756/1756/1756 1533/1533/1533 3973/3973/3973
f 3973/3973/3973 1533/1533/1533 285/285/285
f 3973/3973/3973 285/285/285 1753/1753/1753
f 1275/1275/1275 3973/3973/3973 1753/1753/1753
f 1275/1275/1275 1753/1753/1753 37/37/37
f 43/43/43 1757/1757/1757 3974/3974/3974
f 43/43/43 3974/3974/3974 1282/1282/1282
f 1757/1757/1757 279/279/279 1519/1519/1519
f 1757/1757/1757 1519/1519/1519 3974/3974/3974
f 3974/3974/3974 1519/1519/1519 278/278/278
f 3974/3974/3974 278/278/278 1754/1754/1754
f 1282/1282/1282 3974/3974/3974 1754/1754/1754
f 1282/1282/1282 1754/1754/1754 44/44/44
f 28/28/28 1758/1758/1758 3975/3975/3975
f 28/28/28 3975/3975/3975 1267/1267/1267
f 1758/1758/1758 294/294/294 1549/1549/1549
f 1758/1758/1758 1549/1549/1549 3975/3975/3975
f 3975/3975/3975 1549/1549/1549 293/293/293
f 3975/3975/3975 293/293/293 1755/1755/1755
f 1267/1267/1267 3975/3975/3975 1755/1755/1755
f 1267/1267/1267 1755/1755/1755 29/29/29
f 35/35/35 1759/1759/1759 3976/3976/3976
f 35/35/35 3976/3976/3976 1274/1274/1274
f 1759/1759/1759 287/287/287 1535/1535/1535
f 1759/1759/1759 1535/1535/1535 3976/3976/3976
f 3976/3976/3976 1535/1535/1535 286/286/286
f 3976/3976/3976 286/286/286 1756/1756/1756
f 1274/1274/1274 3976/3976/3976 1756/1756/1756
f 1274/1274/1274 1756/1756/1756 36/36/36
f 42/42/42 1760/1760/1760 3977/3977/3977
f 42/42/42 3977/3977/3977 1281/1281/1281
f 1760/1760/1760 280/280/280 1521/1521/1521
f 1760/1760/1760 1521/1521/1521 3977/3977/3977
f 3977/3977/3977 1521/1521/1521 279/279/279
f 3977/3977/3977 279/279/279 1757/1757/1757
f 1281/1281/1281 3977/3977/3977 1757/1757/1757
f 1281/1281/1281 1757/1757/1757 43/43/43
f 27/27/27 1761/1761/1761 3978/3978/3978
f 27/27/27 3978/3978/3978 1266/1266/1266
f 1761/1761/1761 295/295/295 1551/1551/1551
f 1761/1761/1761 1551/1551/1551 3978/3978/3978
f 3978/3978/3978 1551/1551/1551 294/294/294
f 3978/3978/3978 294/294/294 1758/1758/1758
f 1266/1266/1266 3978/3978/3978 1758/1758/1758
f 1266/1266/1266 1758/1758/1758 28/28/28
f 34/34/34 1762/1762/1762 3979/3979/3979
f 34/34/34 3979/3979/3979 1273/1273/1273
f 1762/1762/1762 288/288/288 1537/1537/1537
f 1762/1762/1762 1537/1537/1537 3979/3979/3979
f 3979/3979/3979 1537/1537/1537 287/287/287
f 3979/3979/3979 287/287/287 1759/1759/1759
f 1273/1273/1273 3979/3979/3979 1759/1759/1759
f 1273/1273/1273 1759/1759/1759 35/35/35
f 41/41/41 1763/1763/1763 3980/3980/3980
f 41/41/41 3980/3980/3980 1280/1280/1280
f 1763/1763/1763 281/281/281 1523/1523/1523
f 1763/1763/1763 1523/1523/1523 3980/3980/3980
f 3980/3980/3980 1523/1523/1523 280/280/280
f 3980/3980/3980 280/280/280 1760/1760/1760
f 1280/1280/1280 3980/3980/3980 1760/1760/1760
f 1280/1280/1280 1760/1760/1760 42/42/42
f 26/26/26 1764/1764/1764 3981/3981/3981
f 26/26/26 3981/3981/3981 1265/1265/1265
f 1764/1764/1764 296/296/296 1553/1553/1553
f 1764/1764/1764 1553/1553/1553 3981/3981/3981
f 3981/3981/3981 1553/1553/1553 295/295/295
f 3981/3981/3981 295/295/295 1761/1761/1761
f 1265/1265/1265 3981/3981/3981 1761/1761/1761
f 1265/1265/1265 1761/1761/1761 27/27/27
f 48/48/48 1766/1766/1766 3982/3982/3982
f 48/48/48 3982/3982/3982 1287/1287/1287
f 1766/1766/1766 274/274/274 1508/1508/1508
f 1766/1766/1766 1508/1508/1508 3982/3982/3982
f 3982/3982/3982 1508/1508/1508 273/273/273
f 3982/3982/3982 273/273/273 1765/1765/1765
f 1287/1287/1287 3982/3982/3982 1765/1765/1765
f 1287/1287/1287 1765/1765/1765 49/49/49
f 33/33/33 1767/1767/1767 3983/3983/3983
f 33/33/33 3983/3983/3983 1272/1272/1272
f 1767/1767/1767 289/289/289 1539/1539/1539
f 1767/1767/1767 1539/1539/1539 3983/3983/3983
f 3983/3983/3983 1539/1539/1539 288/288/288
f 3983/3983/3983 288/288/288 1762/1762/1762
f 1272/1272/1272 3983/3983/3983 1762/1762/1762
f 1272/1272/1272 1762/1762/1762 34/34/34
f 40/40/40 1768/1768/1768 3984/3984/3984
f 40/40/40 3984/3984/3984 1279/1279/1279
f 1768/1768/1768 282/282/282 1525/1525/1525
f 1768/1768/1768 1525/1525/1525 3984/3984/3984
f 3984/3984/3984 1525/1525/1525 281/281/281
f 3984/3984/3984 281/281/281 1763/1763/1763
f 1279/1279/1279 3984/3984/3984 1763/1763/1763
f 1279/1279/1279 1763/1763/1763 41/41/41
f 49/49/49 1765/1765/1765 3985/3985/3985
f 49/49/49 3985/3985/3985 1264/1264/1264
f 1765/1765/1765 273/273/273 1555/1555/1555
f 1765/1765/1765 1555/1555/1555 3985/3985/3985
f 3985/3985/3985 1555/1555/1555 296/296/296
f 3985/3985/3985 296/296/296 1764/1764/1764
f 1264/1264/1264 3985/3985/3985 1764/1764/1764
f 1264/1264/1264 1764/1764/1764 26/26/26
f 47/47/47 1769/1769/1769 3986/3986/3986
f 47/47/47 3986/3986/3986 1286/1286/1286
f 1769/1769/1769 275/275/275 1509/1509/1509
f 1769/1769/1769 1509/1509/1509 3986/3986/3986
f 3986/3986/3986 1509/1509/1509 274/274/274
f 3986/3986/3986 274/274/274 1766/1766/1766
f 1286/1286/1286 3986/3986/3986 1766/1766/1766
f 1286/1286/1286 1766/1766/1766 48/48/48
f 32/32/32 1770/1770/1770 3987/3987/3987
f 32/32/32 3987/3987/3987 1271/1271/1271
f 1770/1770/1770 290/290/290 1541/1541/1541
f 1770/1770/1770 1541/1541/1541 3987/3987/3987
f 3987/3987/3987 1541/1541/1541 289/289/289
f 3987/3987/3987 289/289/289 1767/1767/1767
f 1271/1271/1271 3987/3987/3987 1767/1767/1767
f 1271/1271/1271 1767/1767/1767 33/33/33
f 39/39/39 1772/1772/1772 3988/3988/3988
f 39/39/39 3988/3988/3988 1278/1278/1278
f 1772/1772/1772 283/283/283 1527/1527/1527
f 1772/1772/1772 1527/1527/1527 3988/3988/3988
f 3988/3988/3988 1527/1527/1527 282/282/282
f 3988/3988/3988 282/282/282 1768/1768/1768
f 1278/1278/1278 3988/3988/3988 1768/1768/1768
f 1278/1278/1278 1768/1768/1768 40/40/40
f 46/46/46 1774/1774/1774 3989/3989/3989
f 46/46/46 3989/3989/3989 1285/1285/1285
f 1774/1774/1774 276/276/276 1513/1513/1513
f 1774/1774/1774 1513/1513/1513 3989/3989/3989
f 3989/3989/3989 1513/1513/1513 275/275/275
f 3989/3989/3989 275/275/275 1769/1769/1769
f 1285/1285/1285 3989/3989/3989 1769/1769/1769
f 1285/1285/1285 1769/1769/1769 47/47/47
f 31/31/31 1771/1771/1771 3990/3990/3990
f 31/31/31 3990/3990/3990 1270/1270/1270
f 1771/1771/1771 291/291/291 1543/1543/1543
f 1771/1771/1771 1543/1543/1543 3990/3990/3990
f 3990/3990/3990 1543/1543/1543 290/290/290
f 3990/3990/3990 290/290/290 1770/1770/1770
f 1270/1270/1270 3990/3990/3990 1770/1770/1770
f 1270/1270/1270 1770/1770/1770 32/32/32
f 38/38/38 1773/1773/1773 3991/3991/3991
f 38/38/38 3991/3991/3991 1277/1277/1277
f 1773/1773/1773 284/284/284 1529/1529/1529
f 1773/1773/1773 1529/1529/1529 3991/3991/3991
f 3991/3991/3991 1529/1529/1529 283/283/283
f 3991/3991/3991 283/283/283 1772/1772/1772
f 1277/1277/1277 3991/3991/3991 1772/1772/1772
f 1277/1277/1277 1772/1772/1772 39/39/39
f 297/297/297 1798/1798/1798 3992/3992/3992
f 297/297/297 3992/3992/3992 1781/1781/1781
f 297/297/297 1797/1797/1797 3993/3993/3993
f 297/297/297 3993/3993/3993 1779/1779/1779
f 297/297/297 1796/1796/1796 3994/3994/3994
f 297/297/297 3994/3994/3994 1777/1777/1777
f 297/297/297 1795/1795/1795 3995/3995/3995
f 297/297/297 3995/3995/3995 1798/1798/1798
f 297/297/297 1794/1794/1794 3996/3996/3996
f 297/297/297 3996/3996/3996 1797/1797/1797
f 297/297/297 1792/1792/1792 3997/3997/3997
f 297/297/297 3997/3997/3997 1796/1796/1796
f 297/297/297 1799/1799/1799 3998/3998/3998
f 297/297/297 3998/3998/3998 1793/1793/1793
f 311/311/311 1798/1798/1798 3995/3995/3995
f 311/311/311 3995/3995/3995 1838/1838/1838
f 297/297/297 1791/1791/1791 3999/3999/3999
f 297/297/297 3999/3999/3999 1795/1795/1795
f 297/297/297 1790/1790/1790 4000/4000/4000
f 297/297/297 4000/4000/4000 1794/1794/1794
f 297/297/297 1793/1793/1793 4001/4001/4001
f 297/297/297 4001/4001/4001 1792/1792/1792
f 297/297/297 1789/1789/1789 4002/4002/4002
f 297/297/297 4002/4002/4002 1799/1799/1799
f 297/297/297 1788/1788/1788 4003/4003/4003
f 297/297/297 4003/4003/4003 1791/1791/1791
f 297/297/297 1787/1787/1787 4004/4004/4004
f 297/297/297 4004/4004/4004 1790/1790/1790
f 297/297/297 1786/1786/1786 4005/4005/4005
f 297/297/297 4005/4005/4005 1789/1789/1789
f 297/297/297 1785/1785/1785 4006/4006/4006
f 297/297/297 4006/4006/4006 1788/1788/1788
f 297/297/297 1784/1784/1784 4007/4007/4007
f 297/297/297 4007/4007/4007 1787/1787/1787
f 297/297/297 1783/1783/1783 4008/4008/4008
f 297/297/297 4008/4008/4008 1786/1786/1786
f 297/297/297 1782/1782/1782 4009/4009/4009
f 297/297/297 4009/4009/4009 1785/1785/1785
f 297/297/297 1780/1780/1780 4010/4010/4010
f 297/297/297 4010/4010/4010 1784/1784/1784
f 297/297/297 1778/1778/1778 4011/4011/4011
f 297/297/297 4011/4011/4011 1783/1783/1783
f 297/297/297 1776/1776/1776 4012/4012/4012
f 297/297/297 4012/4012/4012 1782/1782/1782
f 297/297/297 1781/1781/1781 4013/4013/4013
f 297/297/297 4013/4013/4013 1780/1780/1780
f 297/297/297 1779/1779/1779 4014/4014/4014
f 297/297/297 4014/4014/4014 1778/1778/1778
f 297/297/297 1777/1777/1777 4015/4015/4015
f 297/297/297 4015/4015/4015 1776/1776/1776
f 3995/3995/3995 1795/1795/1795 312/312/312
f 3995/3995/3995 312/312/312 1838/1838/1838
f 318/318/318 1777/1777/1777 3994/3994/3994
f 318/318/318 3994/3994/3994 1845/1845/1845
f 3994/3994/3994 1796/1796/1796 319/319/319
f 3994/3994/3994 319/319/319 1845/1845/1845
f 303/303/303 1779/1779/1779 3993/3993/3993
f 303/303/303 3993/3993/3993 1830/1830/1830
f 3993/3993/3993 1797/1797/1797 304/304/304
f 3993/3993/3993 304/304/304 1830/1830/1830
f 310/310/310 1781/1781/1781 3992/3992/3992
f 310/310/310 3992/3992/3992 1837/1837/1837
f 3992/3992/3992 1798/1798/1798 311/311/311
f 3992/3992/3992 311/311/311 1837/1837/1837
f 317/317/317 1776/1776/1776 4015/4015/4015
f 317/317/317 4015/4015/4015 1844/1844/1844
f 4015/4015/4015 1777/1777/1777 318/318/318
f 4015/4015/4015 318/318/318 1844/1844/1844
f 302/302/302 1778/1778/1778 4014/4014/4014
f 302/302/302 4014/4014/4014 1829/1829/1829
f 4014/4014/4014 1779/1779/1779 303/303/303
f 4014/4014/4014 303/303/303 1829/1829/1829
f 309/309/309 1780/1780/1780 4013/4013/4013
f 309/309/309 4013/4013/4013 1836/1836/1836
f 4013/4013/4013 1781/1781/1781 310/310/310
f 4013/4013/4013 310/310/310 1836/1836/1836
f 316/316/316 1782/1782/1782 4012/4012/4012
f 316/316/316 4012/4012/4012 1843/1843/1843
f 4012/4012/4012 1776/1776/1776 317/317/317
f 4012/4012/4012 317/317/317 1843/1843/1843
f 301/301/301 1783/1783/1783 4011/4011/4011
f 301/301/301 4011/4011/4011 1828/1828/1828
f 4011/4011/4011 1778/1778/1778 302/302/302
f 4011/4011/4011 302/302/302 1828/1828/1828
f 308/308/308 1784/1784/1784 4010/4010/4010
f 308/308/308 4010/4010/4010 1835/1835/1835
f 4010/4010/4010 1780/1780/1780 309/309/309
f 4010/4010/4010 309/309/309 1835/1835/1835
f 315/315/315 1785/1785/1785 4009/4009/4009
f 315/315/315 4009/4009/4009 1842/1842/1842
f 4009/4009/4009 1782/1782/1782 316/316/316
f 4009/4009/4009 316/316/316 1842/1842/1842
f 300/300/300 1786/1786/1786 4008/4008/4008
f 300/300/300 4008/4008/4008 1827/1827/1827
f 4008/4008/4008 1783/1783/1783 301/301/301
f 4008/4008/4008 301/301/301 1827/1827/1827
f 307/307/307 1787/1787/1787 4007/4007/4007
f 307/307/307 4007/4007/4007 1834/1834/1834
f 4007/4007/4007 1784/1784/1784 308/308/308
f 4007/4007/4007 308/308/308 1834/1834/1834
f 314/314/314 1788/1788/1788 4006/4006/4006
f 314/314/314 4006/4006/4006 1841/1841/1841
f 4006/4006/4006 1785/1785/1785 315/315/315
f 4006/4006/4006 315/315/315 1841/1841/1841
f 299/299/299 1789/1789/1789 4005/4005/4005
f 299/299/299 4005/4005/4005 1826/1826/1826
f 4005/4005/4005 1786/1786/1786 300/300/300
f 4005/4005/4005 300/300/300 1826/1826/1826
f 306/306/306 1790/1790/1790 4004/4004/4004
f 306/306/306 4004/4004/4004 1833/1833/1833
f 4004/4004/4004 1787/1787/1787 307/307/307
f 4004/4004/4004 307/307/307 1833/1833/1833
f 313/313/313 1791/1791/1791 4003/4003/4003
f 313/313/313 4003/4003/4003 1840/1840/1840
f 4003/4003/4003 1788/1788/1788 314/314/314
f 4003/4003/4003 314/314/314 1840/1840/1840
f 298/298/298 1799/1799/1799 4002/4002/4002
f 298/298/298 4002/4002/4002 1825/1825/1825
f 4002/4002/4002 1789/1789/1789 299/299/299
f 4002/4002/4002 299/299/299 1825/1825/1825
f 320/320/320 1792/1792/1792 4001/4001/4001
f 320/320/320 4001/4001/4001 1847/1847/1847
f 4001/4001/4001 1793/1793/1793 321/321/321
f 4001/4001/4001 321/321/321 1847/1847/1847
f 305/305/305 1794/1794/1794 4000/4000/4000
f 305/305/305 4000/4000/4000 1832/1832/1832
f 4000/4000/4000 1790/1790/1790 306/306/306
f 4000/4000/4000 306/306/306 1832/1832/1832
f 1795/1795/1795 3999/3999/3999 1839/1839/1839
f 1795/1795/1795 1839/1839/1839 312/312/312
f 3999/3999/3999 1791/1791/1791 313/313/313
f 3999/3999/3999 313/313/313 1839/1839/1839
f 1793/1793/1793 3998/3998/3998 1824/1824/1824
f 1793/1793/1793 1824/1824/1824 321/321/321
f 3998/3998/3998 1799/1799/1799 298/298/298
f 3998/3998/3998 298/298/298 1824/1824/1824
f 1796/1796/1796 3997/3997/3997 1846/1846/1846
f 1796/1796/1796 1846/1846/1846 319/319/319
f 3997/3997/3997 1792/1792/1792 320/320/320
f 3997/3997/3997 320/320/320 1846/1846/1846
f 1797/1797/1797 3996/3996/3996 1831/1831/1831
f 1797/1797/1797 1831/1831/1831 304/304/304
f 3996/3996/3996 1794/1794/1794 305/305/305
f 3996/3996/3996 305/305/305 1831/1831/1831
f 175/175/175 1558/1558/1558 1557/1557/1557
f 175/175/175 1557/1557/1557 178/178/178
f 286/286/286 1814/1814/1814 4016/4016/4016
f 286/286/286 4016/4016/4016 1533/1533/1533
f 1814/1814/1814 308/308/308 1835/1835/1835
f 1814/1814/1814 1835/1835/1835 4016/4016/4016
f 4016/4016/4016 1835/1835/1835 309/309/309
f 4016/4016/4016 309/309/309 1802/1802/1802
f 1533/1533/1533 4016/4016/4016 1802/1802/1802
f 1533/1533/1533 1802/1802/1802 285/285/285
f 273/273/273 1800/1800/1800 4017/4017/4017
f 273/273/273 4017/4017/4017 1555/1555/1555
f 1800/1800/1800 321/321/321 1824/1824/1824
f 1800/1800/1800 1824/1824/1824 4017/4017/4017
f 4017/4017/4017 1824/1824/1824 298/298/298
f 4017/4017/4017 298/298/298 1803/1803/1803
f 1555/1555/1555 4017/4017/4017 1803/1803/1803
f 1555/1555/1555 1803/1803/1803 296/296/296
f 282/282/282 1816/1816/1816 4018/4018/4018
f 282/282/282 4018/4018/4018 1525/1525/1525
f 1816/1816/1816 312/312/312 1839/1839/1839
f 1816/1816/1816 1839/1839/1839 4018/4018/4018
f 4018/4018/4018 1839/1839/1839 313/313/313
f 4018/4018/4018 313/313/313 1804/1804/1804
f 1525/1525/1525 4018/4018/4018 1804/1804/1804
f 1525/1525/1525 1804/1804/1804 281/281/281
f 275/275/275 1812/1812/1812 4019/4019/4019
f 275/275/275 4019/4019/4019 1509/1509/1509
f 1812/1812/1812 319/319/319 1846/1846/1846
f 1812/1812/1812 1846/1846/1846 4019/4019/4019
f 4019/4019/4019 1846/1846/1846 320/320/320
f 4019/4019/4019 320/320/320 1801/1801/1801
f 1509/1509/1509 4019/4019/4019 1801/1801/1801
f 1509/1509/1509 1801/1801/1801 274/274/274
f 293/293/293 1818/1818/1818 4020/4020/4020
f 293/293/293 4020/4020/4020 1547/1547/1547
f 1818/1818/1818 301/301/301 1828/1828/1828
f 1818/1818/1818 1828/1828/1828 4020/4020/4020
f 4020/4020/4020 1828/1828/1828 302/302/302
f 4020/4020/4020 302/302/302 1805/1805/1805
f 1547/1547/1547 4020/4020/4020 1805/1805/1805
f 1547/1547/1547 1805/1805/1805 292/292/292
f 278/278/278 1820/1820/1820 4021/4021/4021
f 278/278/278 4021/4021/4021 1517/1517/1517
f 1820/1820/1820 316/316/316 1843/1843/1843
f 1820/1820/1820 1843/1843/1843 4021/4021/4021
f 4021/4021/4021 1843/1843/1843 317/317/317
f 4021/4021/4021 317/317/317 1806/1806/1806
f 1517/1517/1517 4021/4021/4021 1806/1806/1806
f 1517/1517/1517 1806/1806/1806 277/277/277
f 289/289/289 1822/1822/1822 4022/4022/4022
f 289/289/289 4022/4022/4022 1539/1539/1539
f 1822/1822/1822 305/305/305 1832/1832/1832
f 1822/1822/1822 1832/1832/1832 4022/4022/4022
f 4022/4022/4022 1832/1832/1832 306/306/306
f 4022/4022/4022 306/306/306 1807/1807/1807
f 1539/1539/1539 4022/4022/4022 1807/1807/1807
f 1539/1539/1539 1807/1807/1807 288/288/288
f 274/274/274 1801/1801/1801 4023/4023/4023
f 274/274/274 4023/4023/4023 1508/1508/1508
f 1801/1801/1801 320/320/320 1847/1847/1847
f 1801/1801/1801 1847/1847/1847 4023/4023/4023
f 4023/4023/4023 1847/1847/1847 321/321/321
f 4023/4023/4023 321/321/321 1800/1800/1800
f 1508/1508/1508 4023/4023/4023 1800/1800/1800
f 1508/1508/1508 1800/1800/1800 273/273/273
f 285/285/285 1802/1802/1802 4024/4024/4024
f 285/285/285 4024/4024/4024 1531/1531/1531
f 1802/1802/1802 309/309/309 1836/1836/1836
f 1802/1802/1802 1836/1836/1836 4024/4024/4024
f 4024/4024/4024 1836/1836/1836 310/310/310
f 4024/4024/4024 310/310/310 1808/1808/1808
f 1531/1531/1531 4024/4024/4024 1808/1808/1808
f 1531/1531/1531 1808/1808/1808 284/284/284
f 296/296/296 1803/1803/1803 4025/4025/4025
f 296/296/296 4025/4025/4025 1553/1553/1553
f 1803/1803/1803 298/298/298 1825/1825/1825
f 1803/1803/1803 1825/1825/1825 4025/4025/4025
f 4025/4025/4025 1825/1825/1825 299/299/299
f 4025/4025/4025 299/299/299 1809/1809/1809
f 1553/1553/1553 4025/4025/4025 1809/1809/1809
f 1553/1553/1553 1809/1809/1809 295/295/295
f 281/281/281 1804/1804/1804 4026/4026/4026
f 281/281/281 4026/4026/4026 1523/1523/1523
f 1804/1804/1804 313/313/313 1840/1840/1840
f 1804/1804/1804 1840/1840/1840 4026/4026/4026
f 4026/4026/4026 1840/1840/1840 314/314/314
f 4026/4026/4026 314/314/314 1810/1810/1810
f 1523/1523/1523 4026/4026/4026 1810/1810/1810
f 1523/1523/1523 1810/1810/1810 280/280/280
f 292/292/292 1805/1805/1805 4027/4027/4027
f 292/292/292 4027/4027/4027 1545/1545/1545
f 1805/1805/1805 302/302/302 1829/1829/1829
f 1805/1805/1805 1829/1829/1829 4027/4027/4027
f 4027/4027/4027 1829/1829/1829 303/303/303
f 4027/4027/4027 303/303/303 1811/1811/1811
f 1545/1545/1545 4027/4027/4027 1811/1811/1811
f 1545/1545/1545 1811/1811/1811 291/291/291
f 277/277/277 1806/1806/1806 4028/4028/4028
f 277/277/277 4028/4028/4028 1515/1515/1515
f 1806/1806/1806 317/317/317 1844/1844/1844
f 1806/1806/1806 1844/1844/1844 4028/4028/4028
f 4028/4028/4028 1844/1844/1844 318/318/318
f 4028/4028/4028 318/318/318 1813/1813/1813
f 1515/1515/1515 4028/4028/4028 1813/1813/1813
f 1515/1515/1515 1813/1813/1813 276/276/276
f 288/288/288 1807/1807/1807 4029/4029/4029
f 288/288/288 4029/4029/4029 1537/1537/1537
f 1807/1807/1807 306/306/306 1833/1833/1833
f 1807/1807/1807 1833/1833/1833 4029/4029/4029
f 4029/4029/4029 1833/1833/1833 307/307/307
f 4029/4029/4029 307/307/307 1815/1815/1815
f 1537/1537/1537 4029/4029/4029 1815/1815/1815
f 1537/1537/1537 1815/1815/1815 287/287/287
f 284/284/284 1808/1808/1808 4030/4030/4030
f 284/284/284 4030/4030/4030 1529/1529/1529
f 1808/1808/1808 310/310/310 1837/1837/1837
f 1808/1808/1808 1837/1837/1837 4030/4030/4030
f 4030/4030/4030 1837/1837/1837 311/311/311
f 4030/4030/4030 311/311/311 1817/1817/1817
f 1529/1529/1529 4030/4030/4030 1817/1817/1817
f 1529/1529/1529 1817/1817/1817 283/283/283
f 295/295/295 1809/1809/1809 4031/4031/4031
f 295/295/295 4031/4031/4031 1551/1551/1551
f 1809/1809/1809 299/299/299 1826/1826/1826
f 1809/1809/1809 1826/1826/1826 4031/4031/4031
f 4031/4031/4031 1826/1826/1826 300/300/300
f 4031/4031/4031 300/300/300 1819/1819/1819
f 1551/1551/1551 4031/4031/4031 1819/1819/1819
f 1551/1551/1551 1819/1819/1819 294/294/294
f 280/280/280 1810/1810/1810 4032/4032/4032
f 280/280/280 4032/4032/4032 1521/1521/1521
f 1810/1810/1810 314/314/314 1841/1841/1841
f 1810/1810/1810 1841/1841/1841 4032/4032/4032
f 4032/4032/4032 1841/1841/1841 315/315/315
f 4032/4032/4032 315/315/315 1821/1821/1821
f 1521/1521/1521 4032/4032/4032 1821/1821/1821
f 1521/1521/1521 1821/1821/1821 279/279/279
f 291/291/291 1811/1811/1811 4033/4033/4033
f 291/291/291 4033/4033/4033 1543/1543/1543
f 1811/1811/1811 303/303/303 1830/1830/1830
f 1811/1811/1811 1830/1830/1830 4033/4033/4033
f 4033/4033/4033 1830/1830/1830 304/304/304
f 4033/4033/4033 304/304/304 1823/1823/1823
f 1543/1543/1543 4033/4033/4033 1823/1823/1823
f 1543/1543/1543 1823/1823/1823 290/290/290
f 276/276/276 1813/1813/1813 4034/4034/4034
f 276/276/276 4034/4034/4034 1513/1513/1513
f 1813/1813/1813 318/318/318 1845/1845/1845
f 1813/1813/1813 1845/1845/1845 4034/4034/4034
f 4034/4034/4034 1845/1845/1845 319/319/319
f 4034/4034/4034 319/319/319 1812/1812/1812
f 1513/1513/1513 4034/4034/4034 1812/1812/1812
f 1513/1513/1513 1812/1812/1812 275/275/275
f 287/287/287 1815/1815/1815 4035/4035/4035
f 287/287/287 4035/4035/4035 1535/1535/1535
f 1815/1815/1815 307/307/307 1834/1834/1834
f 1815/1815/1815 1834/1834/1834 4035/4035/4035
f 4035/4035/4035 1834/1834/1834 308/308/308
f 4035/4035/4035 308/308/308 1814/1814/1814
f 1535/1535/1535 4035/4035/4035 1814/1814/1814
f 1535/1535/1535 1814/1814/1814 286/286/286
f 283/283/283 1817/1817/1817 4036/4036/4036
f 283/283/283 4036/4036/4036 1527/1527/1527
f 1817/1817/1817 311/311/311 1838/1838/1838
f 1817/1817/1817 1838/1838/1838 4036/4036/4036
f 4036/4036/4036 1838/1838/1838 312/312/312
f 4036/4036/4036 312/312/312 1816/1816/1816
f 1527/1527/1527 4036/4036/4036 1816/1816/1816
f 1527/1527/1527 1816/1816/1816 282/282/282
f 294/294/294 1819/1819/1819 4037/4037/4037
f 294/294/294 4037/4037/4037 1549/1549/1549
f 1819/1819/1819 300/300/300 1827/1827/1827
f 1819/1819/1819 1827/1827/1827 4037/4037/4037
f 4037/4037/4037 1827/1827/1827 301/301/301
f 4037/4037/4037 301/301/301 1818/1818/1818
f 1549/1549/1549 4037/4037/4037 1818/1818/1818
f 1549/1549/1549 1818/1818/1818 293/293/293
f 279/279/279 1821/1821/1821 4038/4038/4038
f 279/279/279 4038/4038/4038 1519/1519/1519
f 1821/1821/1821 315/315/315 1842/1842/1842
f 1821/1821/1821 1842/1842/1842 4038/4038/4038
f 4038/4038/4038 1842/1842/1842 316/316/316
f 4038/4038/4038 316/316/316 1820/1820/1820
f 1519/1519/1519 4038/4038/4038 1820/1820/1820
f 1519/1519/1519 1820/1820/1820 278/278/278
f 1142/1142/1142 3607/3607/3607 4039/4039/4039
f 1142/1142/1142 4039/4039/4039 3651/3651/3651
f 3607/3607/3607 101/101/101 1505/1505/1505
f 3607/3607/3607 1505/1505/1505 4039/4039/4039
f 4039/4039/4039 1505/1505/1505 107/107/107
f 4039/4039/4039 107/107/107 1749/1749/1749
f 3651/3651/3651 4039/4039/4039 1749/1749/1749
f 3651/3651/3651 1749/1749/1749 1145/1145/1145
f 549/549/549 2468/2468/2468 4040/4040/4040
f 549/549/549 4040/4040/4040 2310/2310/2310
f 2468/2468/2468 607/607/607 2450/2450/2450
f 2468/2468/2468 2450/2450/2450 4040/4040/4040
f 4040/4040/4040 2450/2450/2450 610/610/610
f 4040/4040/4040 610/610/610 2470/2470/2470
f 2310/2310/2310 4040/4040/4040 2470/2470/2470
f 2310/2310/2310 2470/2470/2470 550/550/550
f 550/550/550 2470/2470/2470 4041/4041/4041
f 550/550/550 4041/4041/4041 2309/2309/2309
f 2470/2470/2470 610/610/610 2445/2445/2445
f 2470/2470/2470 2445/2445/2445 4041/4041/4041
f 4041/4041/4041 2445/2445/2445 613/613/613
f 4041/4041/4041 613/613/613 2472/2472/2472
f 2309/2309/2309 4041/4041/4041 2472/2472/2472
f 2309/2309/2309 2472/2472/2472 551/551/551
f 551/551/551 2472/2472/2472 4042/4042/4042
f 551/551/551 4042/4042/4042 2308/2308/2308
f 2472/2472/2472 613/613/613 2440/2440/2440
f 2472/2472/2472 2440/2440/2440 4042/4042/4042
f 4042/4042/4042 2440/2440/2440 616/616/616
f 4042/4042/4042 616/616/616 2474/2474/2474
f 2308/2308/2308 4042/4042/4042 2474/2474/2474
f 2308/2308/2308 2474/2474/2474 552/552/552
f 552/552/552 2474/2474/2474 4043/4043/4043
f 552/552/552 4043/4043/4043 2307/2307/2307
f 2474/2474/2474 616/616/616 2435/2435/2435
f 2474/2474/2474 2435/2435/2435 4043/4043/4043
f 4043/4043/4043 2435/2435/2435 619/619/619
f 4043/4043/4043 619/619/619 2476/2476/2476
f 2307/2307/2307 4043/4043/4043 2476/2476/2476
f 2307/2307/2307 2476/2476/2476 553/553/553
f 553/553/553 2476/2476/2476 4044/4044/4044
f 553/553/553 4044/4044/4044 2306/2306/2306
f 2476/2476/2476 619/619/619 2430/2430/2430
f 2476/2476/2476 2430/2430/2430 4044/4044/4044
f 4044/4044/4044 2430/2430/2430 622/622/622
f 4044/4044/4044 622/622/622 2478/2478/2478
f 2306/2306/2306 4044/4044/4044 2478/2478/2478
f 2306/2306/2306 2478/2478/2478 554/554/554
f 554/554/554 2478/2478/2478 4045/4045/4045
f 554/554/554 4045/4045/4045 2305/2305/2305
f 2478/2478/2478 622/622/622 2425/2425/2425
f 2478/2478/2478 2425/2425/2425 4045/4045/4045
f 4045/4045/4045 2425/2425/2425 625/625/625
f 4045/4045/4045 625/625/625 2480/2480/2480
f 2305/2305/2305 4045/4045/4045 2480/2480/2480
f 2305/2305/2305 2480/2480/2480 555/555/555
f 555/555/555 2480/2480/2480 4046/4046/4046
f 555/555/555 4046/4046/4046 2304/2304/2304
f 2480/2480/2480 625/625/625 2420/2420/2420
f 2480/2480/2480 2420/2420/2420 4046/4046/4046
f 4046/4046/4046 2420/2420/2420 628/628/628
f 4046/4046/4046 628/628/628 2482/2482/2482
f 2304/2304/2304 4046/4046/4046 2482/2482/2482
f 2304/2304/2304 2482/2482/2482 556/556/556
f 556/556/556 2482/2482/2482 4047/4047/4047
f 556/556/556 4047/4047/4047 2303/2303/2303
f 2482/2482/2482 628/628/628 2415/2415/2415
f 2482/2482/2482 2415/2415/2415 4047/4047/4047
f 4047/4047/4047 2415/2415/2415 631/631/631
f 4047/4047/4047 631/631/631 2484/2484/2484
f 2303/2303/2303 4047/4047/4047 2484/2484/2484
f 2303/2303/2303 2484/2484/2484 557/557/557
f 557/557/557 2484/2484/2484 4048/4048/4048
f 557/557/557 4048/4048/4048 2302/2302/2302
f 2484/2484/2484 631/631/631 2410/2410/2410
f 2484/2484/2484 2410/2410/2410 4048/4048/4048
f 4048/4048/4048 2410/2410/2410 634/634/634
f 4048/4048/4048 634/634/634 2486/2486/2486
f 2302/2302/2302 4048/4048/4048 2486/2486/2486
f 2302/2302/2302 2486/2486/2486 558/558/558
f 558/558/558 2486/2486/2486 4049/4049/4049
f 558/558/558 4049/4049/4049 2301/2301/2301
f 2486/2486/2486 634/634/634 2405/2405/2405
f 2486/2486/2486 2405/2405/2405 4049/4049/4049
f 4049/4049/4049 2405/2405/2405 637/637/637
f 4049/4049/4049 637/637/637 2488/2488/2488
f 2301/2301/2301 4049/4049/4049 2488/2488/2488
f 2301/2301/2301 2488/2488/2488 559/559/559
f 559/559/559 2488/2488/2488 4050/4050/4050
f 559/559/559 4050/4050/4050 2300/2300/2300
f 2488/2488/2488 637/637/637 2400/2400/2400
f 2488/2488/2488 2400/2400/2400 4050/4050/4050
f 4050/4050/4050 2400/2400/2400 640/640/640
f 4050/4050/4050 640/640/640 2490/2490/2490
f 2300/2300/2300 4050/4050/4050 2490/2490/2490
f 2300/2300/2300 2490/2490/2490 560/560/560
f 560/560/560 2490/2490/2490 4051/4051/4051
f 560/560/560 4051/4051/4051 2299/2299/2299
f 2490/2490/2490 640/640/640 2395/2395/2395
f 2490/2490/2490 2395/2395/2395 4051/4051/4051
f 4051/4051/4051 2395/2395/2395 643/643/643
f 4051/4051/4051 643/643/643 2492/2492/2492
f 2299/2299/2299 4051/4051/4051 2492/2492/2492
f 2299/2299/2299 2492/2492/2492 561/561/561
f 561/561/561 2492/2492/2492 4052/4052/4052
f 561/561/561 4052/4052/4052 2298/2298/2298
f 2492/2492/2492 643/643/643 2390/2390/2390
f 2492/2492/2492 2390/2390/2390 4052/4052/4052
f 4052/4052/4052 2390/2390/2390 646/646/646
f 4052/4052/4052 646/646/646 2494/2494/2494
f 2298/2298/2298 4052/4052/4052 2494/2494/2494
f 2298/2298/2298 2494/2494/2494 562/562/562
f 562/562/562 2494/2494/2494 4053/4053/4053
f 562/562/562 4053/4053/4053 2297/2297/2297
f 2494/2494/2494 646/646/646 2385/2385/2385
f 2494/2494/2494 2385/2385/2385 4053/4053/4053
f 4053/4053/4053 2385/2385/2385 649/649/649
f 4053/4053/4053 649/649/649 2496/2496/2496
f 2297/2297/2297 4053/4053/4053 2496/2496/2496
f 2297/2297/2297 2496/2496/2496 563/563/563
f 563/563/563 2496/2496/2496 4054/4054/4054
f 563/563/563 4054/4054/4054 2296/2296/2296
f 2496/2496/2496 649/649/649 2380/2380/2380
f 2496/2496/2496 2380/2380/2380 4054/4054/4054
f 4054/4054/4054 2380/2380/2380 652/652/652
f 4054/4054/4054 652/652/652 2498/2498/2498
f 2296/2296/2296 4054/4054/4054 2498/2498/2498
f 2296/2296/2296 2498/2498/2498 564/564/564
f 564/564/564 2498/2498/2498 4055/4055/4055
f 564/564/564 4055/4055/4055 2295/2295/2295
f 2498/2498/2498 652/652/652 2375/2375/2375
f 2498/2498/2498 2375/2375/2375 4055/4055/4055
f 4055/4055/4055 2375/2375/2375 655/655/655
f 4055/4055/4055 655/655/655 2500/2500/2500
f 2295/2295/2295 4055/4055/4055 2500/2500/2500
f 2295/2295/2295 2500/2500/2500 565/565/565
f 565/565/565 2500/2500/2500 4056/4056/4056
f 565/565/565 4056/4056/4056 2294/2294/2294
f 2500/2500/2500 655/655/655 2370/2370/2370
f 2500/2500/2500 2370/2370/2370 4056/4056/4056
f 4056/4056/4056 2370/2370/2370 658/658/658
f 4056/4056/4056 658/658/658 2502/2502/2502
f 2294/2294/2294 4056/4056/4056 2502/2502/2502
f 2294/2294/2294 2502/2502/2502 566/566/566
f 566/566/566 2502/2502/2502 4057/4057/4057
f 566/566/566 4057/4057/4057 2293/2293/2293
f 2502/2502/2502 658/658/658 2365/2365/2365
f 2502/2502/2502 2365/2365/2365 4057/4057/4057
f 4057/4057/4057 2365/2365/2365 661/661/661
f 4057/4057/4057 661/661/661 2504/2504/2504
f 2293/2293/2293 4057/4057/4057 2504/2504/2504
f 2293/2293/2293 2504/2504/2504 567/567/567
f 567/567/567 2504/2504/2504 4058/4058/4058
f 567/567/567 4058/4058/4058 2292/2292/2292
f 2504/2504/2504 661/661/661 2360/2360/2360
f 2504/2504/2504 2360/2360/2360 4058/4058/4058
f 4058/4058/4058 2360/2360/2360 664/664/664
f 4058/4058/4058 664/664/664 2506/2506/2506
f 2292/2292/2292 4058/4058/4058 2506/2506/2506
f 2292/2292/2292 2506/2506/2506 568/568/568
f 568/568/568 2506/2506/2506 4059/4059/4059
f 568/568/568 4059/4059/4059 2291/2291/2291
f 2506/2506/2506 664/664/664 2355/2355/2355
f 2506/2506/2506 2355/2355/2355 4059/4059/4059
f 4059/4059/4059 2355/2355/2355 667/667/667
f 4059/4059/4059 667/667/667 2508/2508/2508
f 2291/2291/2291 4059/4059/4059 2508/2508/2508
f 2291/2291/2291 2508/2508/2508 569/569/569
f 569/569/569 2508/2508/2508 4060/4060/4060
f 569/569/569 4060/4060/4060 2290/2290/2290
f 2508/2508/2508 667/667/667 2350/2350/2350
f 2508/2508/2508 2350/2350/2350 4060/4060/4060
f 4060/4060/4060 2350/2350/2350 670/670/670
f 4060/4060/4060 670/670/670 2466/2466/2466
f 2290/2290/2290 4060/4060/4060 2466/2466/2466
f 2290/2290/2290 2466/2466/2466 570/570/570
f 2067/2067/2067 449/449/449 2114/2114/2114
f 2067/2067/2067 2114/2114/2114 4061/4061/4061
f 4061/4061/4061 2114/2114/2114 450/450/450
f 4061/4061/4061 450/450/450 3262/3262/3262
f 570/570/570 2466/2466/2466 4062/4062/4062
f 570/570/570 4062/4062/4062 2289/2289/2289
f 2466/2466/2466 670/670/670 2345/2345/2345
f 2466/2466/2466 2345/2345/2345 4062/4062/4062
f 4062/4062/4062 2345/2345/2345 600/600/600
f 4062/4062/4062 600/600/600 2462/2462/2462
f 2289/2289/2289 4062/4062/4062 2462/2462/2462
f 2289/2289/2289 2462/2462/2462 571/571/571
f 548/548/548 2464/2464/2464 4063/4063/4063
f 548/548/548 4063/4063/4063 2311/2311/2311
f 2464/2464/2464 604/604/604 2455/2455/2455
f 2464/2464/2464 2455/2455/2455 4063/4063/4063
f 4063/4063/4063 2455/2455/2455 607/607/607
f 4063/4063/4063 607/607/607 2468/2468/2468
f 2311/2311/2311 4063/4063/4063 2468/2468/2468
f 2311/2311/2311 2468/2468/2468 549/549/549
f 840/840/840 2930/2930/2930 4064/4064/4064
f 840/840/840 4064/4064/4064 2859/2859/2859
f 2930/2930/2930 362/362/362 1905/1905/1905
f 2930/2930/2930 1905/1905/1905 4064/4064/4064
f 4064/4064/4064 1905/1905/1905 363/363/363
f 4064/4064/4064 363/363/363 2932/2932/2932
f 2859/2859/2859 4064/4064/4064 2932/2932/2932
f 2859/2859/2859 2932/2932/2932 843/843/843
f 802/802/802 2905/2905/2905 4065/4065/4065
f 802/802/802 4065/4065/4065 2807/2807/2807
f 2905/2905/2905 349/349/349 1918/1918/1918
f 2905/2905/2905 1918/1918/1918 4065/4065/4065
f 4065/4065/4065 1918/1918/1918 350/350/350
f 4065/4065/4065 350/350/350 2906/2906/2906
f 2807/2807/2807 4065/4065/4065 2906/2906/2906
f 2807/2807/2807 2906/2906/2906 804/804/804
f 856/856/856 2881/2881/2881 4066/4066/4066
f 856/856/856 4066/4066/4066 2970/2970/2970
f 2881/2881/2881 859/859/859 2965/2965/2965
f 2881/2881/2881 2965/2965/2965 4066/4066/4066
f 4066/4066/4066 2965/2965/2965 889/889/889
f 4066/4066/4066 889/889/889 2913/2913/2913
f 2970/2970/2970 4066/4066/4066 2913/2913/2913
f 2970/2970/2970 2913/2913/2913 888/888/888
f 841/841/841 2861/2861/2861 4067/4067/4067
f 841/841/841 4067/4067/4067 2969/2969/2969
f 2861/2861/2861 844/844/844 2963/2963/2963
f 2861/2861/2861 2963/2963/2963 4067/4067/4067
f 4067/4067/4067 2963/2963/2963 884/884/884
f 4067/4067/4067 884/884/884 2923/2923/2923
f 2969/2969/2969 4067/4067/4067 2923/2923/2923
f 2969/2969/2969 2923/2923/2923 883/883/883
f 826/826/826 2841/2841/2841 4068/4068/4068
f 826/826/826 4068/4068/4068 2968/2968/2968
f 2841/2841/2841 829/829/829 2961/2961/2961
f 2841/2841/2841 2961/2961/2961 4068/4068/4068
f 4068/4068/4068 2961/2961/2961 879/879/879
f 4068/4068/4068 879/879/879 2933/2933/2933
f 2968/2968/2968 4068/4068/4068 2933/2933/2933
f 2968/2968/2968 2933/2933/2933 878/878/878
f 811/811/811 2821/2821/2821 4069/4069/4069
f 811/811/811 4069/4069/4069 2967/2967/2967
f 2821/2821/2821 814/814/814 2959/2959/2959
f 2821/2821/2821 2959/2959/2959 4069/4069/4069
f 4069/4069/4069 2959/2959/2959 874/874/874
f 4069/4069/4069 874/874/874 2943/2943/2943
f 2967/2967/2967 4069/4069/4069 2943/2943/2943
f 2967/2967/2967 2943/2943/2943 873/873/873
f 871/871/871 2900/2900/2900 4070/4070/4070
f 871/871/871 4070/4070/4070 2971/2971/2971
f 2900/2900/2900 799/799/799 2972/2972/2972
f 2900/2900/2900 2972/2972/2972 4070/4070/4070
f 4070/4070/4070 2972/2972/2972 798/798/798
f 4070/4070/4070 798/798/798 2901/2901/2901
f 2971/2971/2971 4070/4070/4070 2901/2901/2901
f 2971/2971/2971 2901/2901/2901 893/893/893
f 862/862/862 2889/2889/2889 4071/4071/4071
f 862/862/862 4071/4071/4071 2966/2966/2966
f 2889/2889/2889 865/865/865 2957/2957/2957
f 2889/2889/2889 2957/2957/2957 4071/4071/4071
f 4071/4071/4071 2957/2957/2957 891/891/891
f 4071/4071/4071 891/891/891 2909/2909/2909
f 2966/2966/2966 4071/4071/4071 2909/2909/2909
f 2966/2966/2966 2909/2909/2909 890/890/890
f 847/847/847 2869/2869/2869 4072/4072/4072
f 847/847/847 4072/4072/4072 2964/2964/2964
f 2869/2869/2869 850/850/850 2955/2955/2955
f 2869/2869/2869 2955/2955/2955 4072/4072/4072
f 4072/4072/4072 2955/2955/2955 886/886/886
f 4072/4072/4072 886/886/886 2919/2919/2919
f 2964/2964/2964 4072/4072/4072 2919/2919/2919
f 2964/2964/2964 2919/2919/2919 885/885/885
f 832/832/832 2849/2849/2849 4073/4073/4073
f 832/832/832 4073/4073/4073 2962/2962/2962
f 2849/2849/2849 835/835/835 2953/2953/2953
f 2849/2849/2849 2953/2953/2953 4073/4073/4073
f 4073/4073/4073 2953/2953/2953 881/881/881
f 4073/4073/4073 881/881/881 2929/2929/2929
f 2962/2962/2962 4073/4073/4073 2929/2929/2929
f 2962/2962/2962 2929/2929/2929 880/880/880
f 817/817/817 2829/2829/2829 4074/4074/4074
f 817/817/817 4074/4074/4074 2960/2960/2960
f 2829/2829/2829 820/820/820 2951/2951/2951
f 2829/2829/2829 2951/2951/2951 4074/4074/4074
f 4074/4074/4074 2951/2951/2951 876/876/876
f 4074/4074/4074 876/876/876 2939/2939/2939
f 2960/2960/2960 4074/4074/4074 2939/2939/2939
f 2960/2960/2960 2939/2939/2939 875/875/875
f 799/799/799 2809/2809/2809 4075/4075/4075
f 799/799/799 4075/4075/4075 2972/2972/2972
f 2809/2809/2809 805/805/805 2804/2804/2804
f 2809/2809/2809 2804/2804/2804 4075/4075/4075
f 4075/4075/4075 2804/2804/2804 346/346/346
f 4075/4075/4075 346/346/346 2949/2949/2949
f 2972/2972/2972 4075/4075/4075 2949/2949/2949
f 2972/2972/2972 2949/2949/2949 798/798/798
f 868/868/868 2897/2897/2897 4076/4076/4076
f 868/868/868 4076/4076/4076 2958/2958/2958
f 2897/2897/2897 871/871/871 2971/2971/2971
f 2897/2897/2897 2971/2971/2971 4076/4076/4076
f 4076/4076/4076 2971/2971/2971 893/893/893
f 4076/4076/4076 893/893/893 2902/2902/2902
f 2958/2958/2958 4076/4076/4076 2902/2902/2902
f 2958/2958/2958 2902/2902/2902 892/892/892
f 853/853/853 2877/2877/2877 4077/4077/4077
f 853/853/853 4077/4077/4077 2956/2956/2956
f 2877/2877/2877 856/856/856 2970/2970/2970
f 2877/2877/2877 2970/2970/2970 4077/4077/4077
f 4077/4077/4077 2970/2970/2970 888/888/888
f 4077/4077/4077 888/888/888 2915/2915/2915
f 2956/2956/2956 4077/4077/4077 2915/2915/2915
f 2956/2956/2956 2915/2915/2915 887/887/887
f 838/838/838 2857/2857/2857 4078/4078/4078
f 838/838/838 4078/4078/4078 2954/2954/2954
f 2857/2857/2857 841/841/841 2969/2969/2969
f 2857/2857/2857 2969/2969/2969 4078/4078/4078
f 4078/4078/4078 2969/2969/2969 883/883/883
f 4078/4078/4078 883/883/883 2925/2925/2925
f 2954/2954/2954 4078/4078/4078 2925/2925/2925
f 2954/2954/2954 2925/2925/2925 882/882/882
f 823/823/823 2837/2837/2837 4079/4079/4079
f 823/823/823 4079/4079/4079 2952/2952/2952
f 2837/2837/2837 826/826/826 2968/2968/2968
f 2837/2837/2837 2968/2968/2968 4079/4079/4079
f 4079/4079/4079 2968/2968/2968 878/878/878
f 4079/4079/4079 878/878/878 2935/2935/2935
f 2952/2952/2952 4079/4079/4079 2935/2935/2935
f 2952/2952/2952 2935/2935/2935 877/877/877
f 808/808/808 2817/2817/2817 4080/4080/4080
f 808/808/808 4080/4080/4080 2950/2950/2950
f 2817/2817/2817 811/811/811 2967/2967/2967
f 2817/2817/2817 2967/2967/2967 4080/4080/4080
f 4080/4080/4080 2967/2967/2967 873/873/873
f 4080/4080/4080 873/873/873 2945/2945/2945
f 2950/2950/2950 4080/4080/4080 2945/2945/2945
f 2950/2950/2950 2945/2945/2945 872/872/872
f 859/859/859 2885/2885/2885 4081/4081/4081
f 859/859/859 4081/4081/4081 2965/2965/2965
f 2885/2885/2885 862/862/862 2966/2966/2966
f 2885/2885/2885 2966/2966/2966 4081/4081/4081
f 4081/4081/4081 2966/2966/2966 890/890/890
f 4081/4081/4081 890/890/890 2911/2911/2911
f 2965/2965/2965 4081/4081/4081 2911/2911/2911
f 2965/2965/2965 2911/2911/2911 889/889/889
f 844/844/844 2865/2865/2865 4082/4082/4082
f 844/844/844 4082/4082/4082 2963/2963/2963
f 2865/2865/2865 847/847/847 2964/2964/2964
f 2865/2865/2865 2964/2964/2964 4082/4082/4082
f 4082/4082/4082 2964/2964/2964 885/885/885
f 4082/4082/4082 885/885/885 2921/2921/2921
f 2963/2963/2963 4082/4082/4082 2921/2921/2921
f 2963/2963/2963 2921/2921/2921 884/884/884
f 829/829/829 2845/2845/2845 4083/4083/4083
f 829/829/829 4083/4083/4083 2961/2961/2961
f 2845/2845/2845 832/832/832 2962/2962/2962
f 2845/2845/2845 2962/2962/2962 4083/4083/4083
f 4083/4083/4083 2962/2962/2962 880/880/880
f 4083/4083/4083 880/880/880 2931/2931/2931
f 2961/2961/2961 4083/4083/4083 2931/2931/2931
f 2961/2961/2961 2931/2931/2931 879/879/879
f 814/814/814 2825/2825/2825 4084/4084/4084
f 814/814/814 4084/4084/4084 2959/2959/2959
f 2825/2825/2825 817/817/817 2960/2960/2960
f 2825/2825/2825 2960/2960/2960 4084/4084/4084
f 4084/4084/4084 2960/2960/2960 875/875/875
f 4084/4084/4084 875/875/875 2941/2941/2941
f 2959/2959/2959 4084/4084/4084 2941/2941/2941
f 2959/2959/2959 2941/2941/2941 874/874/874
f 865/865/865 2893/2893/2893 4085/4085/4085
f 865/865/865 4085/4085/4085 2957/2957/2957
f 2893/2893/2893 868/868/868 2958/2958/2958
f 2893/2893/2893 2958/2958/2958 4085/4085/4085
f 4085/4085/4085 2958/2958/2958 892/892/892
f 4085/4085/4085 892/892/892 2907/2907/2907
f 2957/2957/2957 4085/4085/4085 2907/2907/2907
f 2957/2957/2957 2907/2907/2907 891/891/891
f 850/850/850 2873/2873/2873 4086/4086/4086
f 850/850/850 4086/4086/4086 2955/2955/2955
f 2873/2873/2873 853/853/853 2956/2956/2956
f 2873/2873/2873 2956/2956/2956 4086/4086/4086
f 4086/4086/4086 2956/2956/2956 887/887/887
f 4086/4086/4086 887/887/887 2917/2917/2917
f 2955/2955/2955 4086/4086/4086 2917/2917/2917
f 2955/2955/2955 2917/2917/2917 886/886/886
f 835/835/835 2853/2853/2853 4087/4087/4087
f 835/835/835 4087/4087/4087 2953/2953/2953
f 2853/2853/2853 838/838/838 2954/2954/2954
f 2853/2853/2853 2954/2954/2954 4087/4087/4087
f 4087/4087/4087 2954/2954/2954 882/882/882
f 4087/4087/4087 882/882/882 2927/2927/2927
f 2953/2953/2953 4087/4087/4087 2927/2927/2927
f 2953/2953/2953 2927/2927/2927 881/881/881
f 820/820/820 2833/2833/2833 4088/4088/4088
f 820/820/820 4088/4088/4088 2951/2951/2951
f 2833/2833/2833 823/823/823 2952/2952/2952
f 2833/2833/2833 2952/2952/2952 4088/4088/4088
f 4088/4088/4088 2952/2952/2952 877/877/877
f 4088/4088/4088 877/877/877 2937/2937/2937
f 2951/2951/2951 4088/4088/4088 2937/2937/2937
f 2951/2951/2951 2937/2937/2937 876/876/876
f 1117/1117/1117 3485/3485/3485 4089/4089/4089
f 1117/1117/1117 4089/4089/4089 3530/3530/3530
f 3485/3485/3485 324/324/324 1849/1849/1849
f 3485/3485/3485 1849/1849/1849 4089/4089/4089
f 4089/4089/4089 1849/1849/1849 325/325/325
f 4089/4089/4089 325/325/325 3486/3486/3486
f 3530/3530/3530 4089/4089/4089 3486/3486/3486
f 3530/3530/3530 3486/3486/3486 1118/1118/1118
f 1138/1138/1138 3506/3506/3506 4090/4090/4090
f 1138/1138/1138 4090/4090/4090 3529/3529/3529
f 3506/3506/3506 345/345/345 1870/1870/1870
f 3506/3506/3506 1870/1870/1870 4090/4090/4090
f 4090/4090/4090 1870/1870/1870 347/347/347
f 4090/4090/4090 347/347/347 2459/2459/2459
f 3529/3529/3529 4090/4090/4090 2459/2459/2459
f 3529/3529/3529 2459/2459/2459 1114/1114/1114
f 1137/1137/1137 3505/3505/3505 4091/4091/4091
f 1137/1137/1137 4091/4091/4091 3528/3528/3528
f 3505/3505/3505 344/344/344 1869/1869/1869
f 3505/3505/3505 1869/1869/1869 4091/4091/4091
f 4091/4091/4091 1869/1869/1869 345/345/345
f 4091/4091/4091 345/345/345 3506/3506/3506
f 3528/3528/3528 4091/4091/4091 3506/3506/3506
f 3528/3528/3528 3506/3506/3506 1138/1138/1138
f 1136/1136/1136 3504/3504/3504 4092/4092/4092
f 1136/1136/1136 4092/4092/4092 3527/3527/3527
f 3504/3504/3504 343/343/343 1868/1868/1868
f 3504/3504/3504 1868/1868/1868 4092/4092/4092
f 4092/4092/4092 1868/1868/1868 344/344/344
f 4092/4092/4092 344/344/344 3505/3505/3505
f 3527/3527/3527 4092/4092/4092 3505/3505/3505
f 3527/3527/3527 3505/3505/3505 1137/1137/1137
f 1135/1135/1135 3503/3503/3503 4093/4093/4093
f 1135/1135/1135 4093/4093/4093 3526/3526/3526
f 3503/3503/3503 342/342/342 1867/1867/1867
f 3503/3503/3503 1867/1867/1867 4093/4093/4093
f 4093/4093/4093 1867/1867/1867 343/343/343
f 4093/4093/4093 343/343/343 3504/3504/3504
f 3526/3526/3526 4093/4093/4093 3504/3504/3504
f 3526/3526/3526 3504/3504/3504 1136/1136/1136
f 1134/1134/1134 3502/3502/3502 4094/4094/4094
f 1134/1134/1134 4094/4094/4094 3525/3525/3525
f 3502/3502/3502 341/341/341 1866/1866/1866
f 3502/3502/3502 1866/1866/1866 4094/4094/4094
f 4094/4094/4094 1866/1866/1866 342/342/342
f 4094/4094/4094 342/342/342 3503/3503/3503
f 3525/3525/3525 4094/4094/4094 3503/3503/3503
f 3525/3525/3525 3503/3503/3503 1135/1135/1135
f 1133/1133/1133 3501/3501/3501 4095/4095/4095
f 1133/1133/1133 4095/4095/4095 3524/3524/3524
f 3501/3501/3501 340/340/340 1865/1865/1865
f 3501/3501/3501 1865/1865/1865 4095/4095/4095
f 4095/4095/4095 1865/1865/1865 341/341/341
f 4095/4095/4095 341/341/341 3502/3502/3502
f 3524/3524/3524 4095/4095/4095 3502/3502/3502
f 3524/3524/3524 3502/3502/3502 1134/1134/1134
f 1132/1132/1132 3500/3500/3500 4096/4096/4096
f 1132/1132/1132 4096/4096/4096 3523/3523/3523
f 3500/3500/3500 339/339/339 1864/1864/1864
f 3500/3500/3500 1864/1864/1864 4096/4096/4096
f 4096/4096/4096 1864/1864/1864 340/340/340
f 4096/4096/4096 340/340/340 3501/3501/3501
f 3523/3523/3523 4096/4096/4096 3501/3501/3501
f 3523/3523/3523 3501/3501/3501 1133/1133/1133
f 1131/1131/1131 3499/3499/3499 4097/4097/4097
f 1131/1131/1131 4097/4097/4097 3522/3522/3522
f 3499/3499/3499 338/338/338 1863/1863/1863
f 3499/3499/3499 1863/1863/1863 4097/4097/4097
f 4097/4097/4097 1863/1863/1863 339/339/339
f 4097/4097/4097 339/339/339 3500/3500/3500
f 3522/3522/3522 4097/4097/4097 3500/3500/3500
f 3522/3522/3522 3500/3500/3500 1132/1132/1132
f 1130/1130/1130 3498/3498/3498 4098/4098/4098
f 1130/1130/1130 4098/4098/4098 3521/3521/3521
f 3498/3498/3498 337/337/337 1862/1862/1862
f 3498/3498/3498 1862/1862/1862 4098/4098/4098
f 4098/4098/4098 1862/1862/1862 338/338/338
f 4098/4098/4098 338/338/338 3499/3499/3499
f 3521/3521/3521 4098/4098/4098 3499/3499/3499
f 3521/3521/3521 3499/3499/3499 1131/1131/1131
f 1129/1129/1129 3497/3497/3497 4099/4099/4099
f 1129/1129/1129 4099/4099/4099 3520/3520/3520
f 3497/3497/3497 336/336/336 1861/1861/1861
f 3497/3497/3497 1861/1861/1861 4099/4099/4099
f 4099/4099/4099 1861/1861/1861 337/337/337
f 4099/4099/4099 337/337/337 3498/3498/3498
f 3520/3520/3520 4099/4099/4099 3498/3498/3498
f 3520/3520/3520 3498/3498/3498 1130/1130/1130
f 1128/1128/1128 3496/3496/3496 4100/4100/4100
f 1128/1128/1128 4100/4100/4100 3519/3519/3519
f 3496/3496/3496 335/335/335 1860/1860/1860
f 3496/3496/3496 1860/1860/1860 4100/4100/4100
f 4100/4100/4100 1860/1860/1860 336/336/336
f 4100/4100/4100 336/336/336 3497/3497/3497
f 3519/3519/3519 4100/4100/4100 3497/3497/3497
f 3519/3519/3519 3497/3497/3497 1129/1129/1129
f 1127/1127/1127 3495/3495/3495 4101/4101/4101
f 1127/1127/1127 4101/4101/4101 3518/3518/3518
f 3495/3495/3495 334/334/334 1859/1859/1859
f 3495/3495/3495 1859/1859/1859 4101/4101/4101
f 4101/4101/4101 1859/1859/1859 335/335/335
f 4101/4101/4101 335/335/335 3496/3496/3496
f 3518/3518/3518 4101/4101/4101 3496/3496/3496
f 3518/3518/3518 3496/3496/3496 1128/1128/1128
f 1126/1126/1126 3494/3494/3494 4102/4102/4102
f 1126/1126/1126 4102/4102/4102 3517/3517/3517
f 3494/3494/3494 333/333/333 1858/1858/1858
f 3494/3494/3494 1858/1858/1858 4102/4102/4102
f 4102/4102/4102 1858/1858/1858 334/334/334
f 4102/4102/4102 334/334/334 3495/3495/3495
f 3517/3517/3517 4102/4102/4102 3495/3495/3495
f 3517/3517/3517 3495/3495/3495 1127/1127/1127
f 1125/1125/1125 3493/3493/3493 4103/4103/4103
f 1125/1125/1125 4103/4103/4103 3516/3516/3516
f 3493/3493/3493 332/332/332 1857/1857/1857
f 3493/3493/3493 1857/1857/1857 4103/4103/4103
f 4103/4103/4103 1857/1857/1857 333/333/333
f 4103/4103/4103 333/333/333 3494/3494/3494
f 3516/3516/3516 4103/4103/4103 3494/3494/3494
f 3516/3516/3516 3494/3494/3494 1126/1126/1126
f 1124/1124/1124 3492/3492/3492 4104/4104/4104
f 1124/1124/1124 4104/4104/4104 3515/3515/3515
f 3492/3492/3492 331/331/331 1856/1856/1856
f 3492/3492/3492 1856/1856/1856 4104/4104/4104
f 4104/4104/4104 1856/1856/1856 332/332/332
f 4104/4104/4104 332/332/332 3493/3493/3493
f 3515/3515/3515 4104/4104/4104 3493/3493/3493
f 3515/3515/3515 3493/3493/3493 1125/1125/1125
f 1123/1123/1123 3491/3491/3491 4105/4105/4105
f 1123/1123/1123 4105/4105/4105 3514/3514/3514
f 3491/3491/3491 330/330/330 1855/1855/1855
f 3491/3491/3491 1855/1855/1855 4105/4105/4105
f 4105/4105/4105 1855/1855/1855 331/331/331
f 4105/4105/4105 331/331/331 3492/3492/3492
f 3514/3514/3514 4105/4105/4105 3492/3492/3492
f 3514/3514/3514 3492/3492/3492 1124/1124/1124
f 1122/1122/1122 3490/3490/3490 4106/4106/4106
f 1122/1122/1122 4106/4106/4106 3513/3513/3513
f 3490/3490/3490 329/329/329 1854/1854/1854
f 3490/3490/3490 1854/1854/1854 4106/4106/4106
f 4106/4106/4106 1854/1854/1854 330/330/330
f 4106/4106/4106 330/330/330 3491/3491/3491
f 3513/3513/3513 4106/4106/4106 3491/3491/3491
f 3513/3513/3513 3491/3491/3491 1123/1123/1123
f 1121/1121/1121 3489/3489/3489 4107/4107/4107
f 1121/1121/1121 4107/4107/4107 3512/3512/3512
f 3489/3489/3489 328/328/328 1853/1853/1853
f 3489/3489/3489 1853/1853/1853 4107/4107/4107
f 4107/4107/4107 1853/1853/1853 329/329/329
f 4107/4107/4107 329/329/329 3490/3490/3490
f 3512/3512/3512 4107/4107/4107 3490/3490/3490
f 3512/3512/3512 3490/3490/3490 1122/1122/1122
f 1120/1120/1120 3488/3488/3488 4108/4108/4108
f 1120/1120/1120 4108/4108/4108 3511/3511/3511
f 3488/3488/3488 327/327/327 1852/1852/1852
f 3488/3488/3488 1852/1852/1852 4108/4108/4108
f 4108/4108/4108 1852/1852/1852 328/328/328
f 4108/4108/4108 328/328/328 3489/3489/3489
f 3511/3511/3511 4108/4108/4108 3489/3489/3489
f 3511/3511/3511 3489/3489/3489 1121/1121/1121
f 1119/1119/1119 3487/3487/3487 4109/4109/4109
f 1119/1119/1119 4109/4109/4109 3510/3510/3510
f 3487/3487/3487 326/326/326 1851/1851/1851
f 3487/3487/3487 1851/1851/1851 4109/4109/4109
f 4109/4109/4109 1851/1851/1851 327/327/327
f 4109/4109/4109 327/327/327 3488/3488/3488
f 3510/3510/3510 4109/4109/4109 3488/3488/3488
f 3510/3510/3510 3488/3488/3488 1120/1120/1120
f 1118/1118/1118 3486/3486/3486 4110/4110/4110
f 1118/1118/1118 4110/4110/4110 3509/3509/3509
f 3486/3486/3486 325/325/325 1850/1850/1850
f 3486/3486/3486 1850/1850/1850 4110/4110/4110
f 4110/4110/4110 1850/1850/1850 326/326/326
f 4110/4110/4110 326/326/326 3487/3487/3487
f 3509/3509/3509 4110/4110/4110 3487/3487/3487
f 3509/3509/3509 3487/3487/3487 1119/1119/1119
f 1116/1116/1116 3484/3484/3484 4111/4111/4111
f 1116/1116/1116 4111/4111/4111 3508/3508/3508
f 3484/3484/3484 323/323/323 1848/1848/1848
f 3484/3484/3484 1848/1848/1848 4111/4111/4111
f 4111/4111/4111 1848/1848/1848 324/324/324
f 4111/4111/4111 324/324/324 3485/3485/3485
f 3508/3508/3508 4111/4111/4111 3485/3485/3485
f 3508/3508/3508 3485/3485/3485 1117/1117/1117
f 500/500/500 2238/2238/2238 4112/4112/4112
f 500/500/500 4112/4112/4112 2172/2172/2172
f 2238/2238/2238 426/426/426 2044/2044/2044
f 2238/2238/2238 2044/2044/2044 4112/4112/4112
f 4112/4112/4112 2044/2044/2044 427/427/427
f 4112/4112/4112 427/427/427 2245/2245/2245
f 2172/2172/2172 4112/4112/4112 2245/2245/2245
f 2172/2172/2172 2245/2245/2245 502/502/502
f 499/499/499 2171/2171/2171 4113/4113/4113
f 499/499/499 4113/4113/4113 2241/2241/2241
f 2171/2171/2171 501/501/501 2242/2242/2242
f 2171/2171/2171 2242/2242/2242 4113/4113/4113
f 4113/4113/4113 2242/2242/2242 401/401/401
f 4113/4113/4113 401/401/401 2017/2017/2017
f 2241/2241/2241 4113/4113/4113 2017/2017/2017
f 2241/2241/2241 2017/2017/2017 400/400/400
f 502/502/502 2245/2245/2245 4114/4114/4114
f 502/502/502 4114/4114/4114 2175/2175/2175
f 2245/2245/2245 427/427/427 2045/2045/2045
f 2245/2245/2245 2045/2045/2045 4114/4114/4114
f 4114/4114/4114 2045/2045/2045 428/428/428
f 4114/4114/4114 428/428/428 2247/2247/2247
f 2175/2175/2175 4114/4114/4114 2247/2247/2247
f 2175/2175/2175 2247/2247/2247 504/504/504
f 504/504/504 2247/2247/2247 4115/4115/4115
f 504/504/504 4115/4115/4115 2178/2178/2178
f 2247/2247/2247 428/428/428 2046/2046/2046
f 2247/2247/2247 2046/2046/2046 4115/4115/4115
f 4115/4115/4115 2046/2046/2046 429/429/429
f 4115/4115/4115 429/429/429 2249/2249/2249
f 2178/2178/2178 4115/4115/4115 2249/2249/2249
f 2178/2178/2178 2249/2249/2249 506/506/506
f 506/506/506 2249/2249/2249 4116/4116/4116
f 506/506/506 4116/4116/4116 2181/2181/2181
f 2249/2249/2249 429/429/429 2047/2047/2047
f 2249/2249/2249 2047/2047/2047 4116/4116/4116
f 4116/4116/4116 2047/2047/2047 430/430/430
f 4116/4116/4116 430/430/430 2251/2251/2251
f 2181/2181/2181 4116/4116/4116 2251/2251/2251
f 2181/2181/2181 2251/2251/2251 508/508/508
f 508/508/508 2251/2251/2251 4117/4117/4117
f 508/508/508 4117/4117/4117 2184/2184/2184
f 2251/2251/2251 430/430/430 2048/2048/2048
f 2251/2251/2251 2048/2048/2048 4117/4117/4117
f 4117/4117/4117 2048/2048/2048 431/431/431
f 4117/4117/4117 431/431/431 2253/2253/2253
f 2184/2184/2184 4117/4117/4117 2253/2253/2253
f 2184/2184/2184 2253/2253/2253 510/510/510
f 510/510/510 2253/2253/2253 4118/4118/4118
f 510/510/510 4118/4118/4118 2187/2187/2187
f 2253/2253/2253 431/431/431 2049/2049/2049
f 2253/2253/2253 2049/2049/2049 4118/4118/4118
f 4118/4118/4118 2049/2049/2049 432/432/432
f 4118/4118/4118 432/432/432 2255/2255/2255
f 2187/2187/2187 4118/4118/4118 2255/2255/2255
f 2187/2187/2187 2255/2255/2255 512/512/512
f 512/512/512 2255/2255/2255 4119/4119/4119
f 512/512/512 4119/4119/4119 2190/2190/2190
f 2255/2255/2255 432/432/432 2050/2050/2050
f 2255/2255/2255 2050/2050/2050 4119/4119/4119
f 4119/4119/4119 2050/2050/2050 433/433/433
f 4119/4119/4119 433/433/433 2257/2257/2257
f 2190/2190/2190 4119/4119/4119 2257/2257/2257
f 2190/2190/2190 2257/2257/2257 514/514/514
f 514/514/514 2257/2257/2257 4120/4120/4120
f 514/514/514 4120/4120/4120 2193/2193/2193
f 2257/2257/2257 433/433/433 2051/2051/2051
f 2257/2257/2257 2051/2051/2051 4120/4120/4120
f 4120/4120/4120 2051/2051/2051 434/434/434
f 4120/4120/4120 434/434/434 2259/2259/2259
f 2193/2193/2193 4120/4120/4120 2259/2259/2259
f 2193/2193/2193 2259/2259/2259 516/516/516
f 516/516/516 2259/2259/2259 4121/4121/4121
f 516/516/516 4121/4121/4121 2196/2196/2196
f 2259/2259/2259 434/434/434 2052/2052/2052
f 2259/2259/2259 2052/2052/2052 4121/4121/4121
f 4121/4121/4121 2052/2052/2052 435/435/435
f 4121/4121/4121 435/435/435 2261/2261/2261
f 2196/2196/2196 4121/4121/4121 2261/2261/2261
f 2196/2196/2196 2261/2261/2261 518/518/518
f 518/518/518 2261/2261/2261 4122/4122/4122
f 518/518/518 4122/4122/4122 2199/2199/2199
f 2261/2261/2261 435/435/435 2053/2053/2053
f 2261/2261/2261 2053/2053/2053 4122/4122/4122
f 4122/4122/4122 2053/2053/2053 436/436/436
f 4122/4122/4122 436/436/436 2263/2263/2263
f 2199/2199/2199 4122/4122/4122 2263/2263/2263
f 2199/2199/2199 2263/2263/2263 520/520/520
f 520/520/520 2263/2263/2263 4123/4123/4123
f 520/520/520 4123/4123/4123 2202/2202/2202
f 2263/2263/2263 436/436/436 2054/2054/2054
f 2263/2263/2263 2054/2054/2054 4123/4123/4123
f 4123/4123/4123 2054/2054/2054 437/437/437
f 4123/4123/4123 437/437/437 2265/2265/2265
f 2202/2202/2202 4123/4123/4123 2265/2265/2265
f 2202/2202/2202 2265/2265/2265 522/522/522
f 522/522/522 2265/2265/2265 4124/4124/4124
f 522/522/522 4124/4124/4124 2205/2205/2205
f 2265/2265/2265 437/437/437 2055/2055/2055
f 2265/2265/2265 2055/2055/2055 4124/4124/4124
f 4124/4124/4124 2055/2055/2055 438/438/438
f 4124/4124/4124 438/438/438 2267/2267/2267
f 2205/2205/2205 4124/4124/4124 2267/2267/2267
f 2205/2205/2205 2267/2267/2267 524/524/524
f 524/524/524 2267/2267/2267 4125/4125/4125
f 524/524/524 4125/4125/4125 2208/2208/2208
f 2267/2267/2267 438/438/438 2056/2056/2056
f 2267/2267/2267 2056/2056/2056 4125/4125/4125
f 4125/4125/4125 2056/2056/2056 439/439/439
f 4125/4125/4125 439/439/439 2269/2269/2269
f 2208/2208/2208 4125/4125/4125 2269/2269/2269
f 2208/2208/2208 2269/2269/2269 526/526/526
f 526/526/526 2269/2269/2269 4126/4126/4126
f 526/526/526 4126/4126/4126 2211/2211/2211
f 2269/2269/2269 439/439/439 2057/2057/2057
f 2269/2269/2269 2057/2057/2057 4126/4126/4126
f 4126/4126/4126 2057/2057/2057 440/440/440
f 4126/4126/4126 440/440/440 2271/2271/2271
f 2211/2211/2211 4126/4126/4126 2271/2271/2271
f 2211/2211/2211 2271/2271/2271 528/528/528
f 528/528/528 2271/2271/2271 4127/4127/4127
f 528/528/528 4127/4127/4127 2214/2214/2214
f 2271/2271/2271 440/440/440 2058/2058/2058
f 2271/2271/2271 2058/2058/2058 4127/4127/4127
f 4127/4127/4127 2058/2058/2058 441/441/441
f 4127/4127/4127 441/441/441 2273/2273/2273
f 2214/2214/2214 4127/4127/4127 2273/2273/2273
f 2214/2214/2214 2273/2273/2273 530/530/530
f 530/530/530 2273/2273/2273 4128/4128/4128
f 530/530/530 4128/4128/4128 2217/2217/2217
f 2273/2273/2273 441/441/441 2059/2059/2059
f 2273/2273/2273 2059/2059/2059 4128/4128/4128
f 4128/4128/4128 2059/2059/2059 442/442/442
f 4128/4128/4128 442/442/442 2275/2275/2275
f 2217/2217/2217 4128/4128/4128 2275/2275/2275
f 2217/2217/2217 2275/2275/2275 532/532/532
f 532/532/532 2275/2275/2275 4129/4129/4129
f 532/532/532 4129/4129/4129 2220/2220/2220
f 2275/2275/2275 442/442/442 2060/2060/2060
f 2275/2275/2275 2060/2060/2060 4129/4129/4129
f 4129/4129/4129 2060/2060/2060 443/443/443
f 4129/4129/4129 443/443/443 2277/2277/2277
f 2220/2220/2220 4129/4129/4129 2277/2277/2277
f 2220/2220/2220 2277/2277/2277 534/534/534
f 534/534/534 2277/2277/2277 4130/4130/4130
f 534/534/534 4130/4130/4130 2223/2223/2223
f 2277/2277/2277 443/443/443 2061/2061/2061
f 2277/2277/2277 2061/2061/2061 4130/4130/4130
f 4130/4130/4130 2061/2061/2061 444/444/444
f 4130/4130/4130 444/444/444 2279/2279/2279
f 2223/2223/2223 4130/4130/4130 2279/2279/2279
f 2223/2223/2223 2279/2279/2279 536/536/536
f 536/536/536 2279/2279/2279 4131/4131/4131
f 536/536/536 4131/4131/4131 2226/2226/2226
f 2279/2279/2279 444/444/444 2062/2062/2062
f 2279/2279/2279 2062/2062/2062 4131/4131/4131
f 4131/4131/4131 2062/2062/2062 445/445/445
f 4131/4131/4131 445/445/445 2281/2281/2281
f 2226/2226/2226 4131/4131/4131 2281/2281/2281
f 2226/2226/2226 2281/2281/2281 538/538/538
f 538/538/538 2281/2281/2281 4132/4132/4132
f 538/538/538 4132/4132/4132 2229/2229/2229
f 2281/2281/2281 445/445/445 2063/2063/2063
f 2281/2281/2281 2063/2063/2063 4132/4132/4132
f 4132/4132/4132 2063/2063/2063 446/446/446
f 4132/4132/4132 446/446/446 2283/2283/2283
f 2229/2229/2229 4132/4132/4132 2283/2283/2283
f 2229/2229/2229 2283/2283/2283 540/540/540
f 540/540/540 2283/2283/2283 4133/4133/4133
f 540/540/540 4133/4133/4133 2232/2232/2232
f 2283/2283/2283 446/446/446 2064/2064/2064
f 2283/2283/2283 2064/2064/2064 4133/4133/4133
f 4133/4133/4133 2064/2064/2064 447/447/447
f 4133/4133/4133 447/447/447 2285/2285/2285
f 2232/2232/2232 4133/4133/4133 2285/2285/2285
f 2232/2232/2232 2285/2285/2285 542/542/542
f 542/542/542 2285/2285/2285 4134/4134/4134
f 542/542/542 4134/4134/4134 2235/2235/2235
f 2285/2285/2285 447/447/447 2065/2065/2065
f 2285/2285/2285 2065/2065/2065 4134/4134/4134
f 4134/4134/4134 2065/2065/2065 423/423/423
f 4134/4134/4134 423/423/423 2239/2239/2239
f 2235/2235/2235 4134/4134/4134 2239/2239/2239
f 2235/2235/2235 2239/2239/2239 544/544/544
f 1944/1944/1944 3362/3362/3362 4771/4771/4771
f 1944/1944/1944 4771/4771/4771 4136/4136/4136
f 4135/4135/4135 4977/4977/4977 3703/3703/3703
f 4135/4135/4135 3703/3703/3703 1942/1942/1942
f 1940/1940/1940 4978/4978/4978 4137/4137/4137
f 1940/1940/1940 4137/4137/4137 3352/3352/3352
f 4976/4976/4976 4276/4276/4276 2066/2066/2066
f 4976/4976/4976 2066/2066/2066 3678/3678/3678
f 3355/3355/3355 3367/3367/3367 4775/4775/4775
f 3355/3355/3355 4775/4775/4775 4138/4138/4138
f 4137/4137/4137 4978/4978/4978 1941/1941/1941
f 4137/4137/4137 1941/1941/1941 3354/3354/3354
f 1939/1939/1939 4979/4979/4979 4139/4139/4139
f 1939/1939/1939 4139/4139/4139 3350/3350/3350
f 4136/4136/4136 4771/4771/4771 3367/3367/3367
f 4136/4136/4136 3367/3367/3367 3355/3355/3355
f 3353/3353/3353 3373/3373/3373 4779/4779/4779
f 3353/3353/3353 4779/4779/4779 4140/4140/4140
f 4139/4139/4139 4979/4979/4979 1940/1940/1940
f 4139/4139/4139 1940/1940/1940 3352/3352/3352
f 1938/1938/1938 4980/4980/4980 4141/4141/4141
f 1938/1938/1938 4141/4141/4141 3348/3348/3348
f 4138/4138/4138 4775/4775/4775 3373/3373/3373
f 4138/4138/4138 3373/3373/3373 3353/3353/3353
f 3351/3351/3351 3378/3378/3378 4782/4782/4782
f 3351/3351/3351 4782/4782/4782 4142/4142/4142
f 4141/4141/4141 4980/4980/4980 1939/1939/1939
f 4141/4141/4141 1939/1939/1939 3350/3350/3350
f 1937/1937/1937 4981/4981/4981 4143/4143/4143
f 1937/1937/1937 4143/4143/4143 3346/3346/3346
f 4140/4140/4140 4779/4779/4779 3378/3378/3378
f 4140/4140/4140 3378/3378/3378 3351/3351/3351
f 3349/3349/3349 3377/3377/3377 4737/4737/4737
f 3349/3349/3349 4737/4737/4737 4144/4144/4144
f 4143/4143/4143 4981/4981/4981 1938/1938/1938
f 4143/4143/4143 1938/1938/1938 3348/3348/3348
f 1936/1936/1936 4982/4982/4982 4145/4145/4145
f 1936/1936/1936 4145/4145/4145 3344/3344/3344
f 4142/4142/4142 4782/4782/4782 3377/3377/3377
f 4142/4142/4142 3377/3377/3377 3349/3349/3349
f 3286/3286/3286 4740/4740/4740 4146/4146/4146
f 3286/3286/3286 4146/4146/4146 3347/3347/3347
f 4145/4145/4145 4982/4982/4982 1937/1937/1937
f 4145/4145/4145 1937/1937/1937 3346/3346/3346
f 1935/1935/1935 4983/4983/4983 4147/4147/4147
f 1935/1935/1935 4147/4147/4147 3342/3342/3342
f 4144/4144/4144 4737/4737/4737 3286/3286/3286
f 4144/4144/4144 3286/3286/3286 3347/3347/3347
f 3289/3289/3289 4744/4744/4744 4148/4148/4148
f 3289/3289/3289 4148/4148/4148 3345/3345/3345
f 4147/4147/4147 4983/4983/4983 1936/1936/1936
f 4147/4147/4147 1936/1936/1936 3344/3344/3344
f 1934/1934/1934 4984/4984/4984 4149/4149/4149
f 1934/1934/1934 4149/4149/4149 3340/3340/3340
f 4146/4146/4146 4740/4740/4740 3289/3289/3289
f 4146/4146/4146 3289/3289/3289 3345/3345/3345
f 3293/3293/3293 4748/4748/4748 4150/4150/4150
f 3293/3293/3293 4150/4150/4150 3343/3343/3343
f 4149/4149/4149 4984/4984/4984 1935/1935/1935
f 4149/4149/4149 1935/1935/1935 3342/3342/3342
f 1933/1933/1933 4985/4985/4985 4151/4151/4151
f 1933/1933/1933 4151/4151/4151 3338/3338/3338
f 4148/4148/4148 4744/4744/4744 3293/3293/3293
f 4148/4148/4148 3293/3293/3293 3343/3343/3343
f 3297/3297/3297 4752/4752/4752 4152/4152/4152
f 3297/3297/3297 4152/4152/4152 3341/3341/3341
f 4151/4151/4151 4985/4985/4985 1934/1934/1934
f 4151/4151/4151 1934/1934/1934 3340/3340/3340
f 1932/1932/1932 4986/4986/4986 4153/4153/4153
f 1932/1932/1932 4153/4153/4153 3336/3336/3336
f 4150/4150/4150 4748/4748/4748 3297/3297/3297
f 4150/4150/4150 3297/3297/3297 3341/3341/3341
f 3301/3301/3301 4756/4756/4756 4154/4154/4154
f 3301/3301/3301 4154/4154/4154 3339/3339/3339
f 4153/4153/4153 4986/4986/4986 1933/1933/1933
f 4153/4153/4153 1933/1933/1933 3338/3338/3338
f 1931/1931/1931 4987/4987/4987 4155/4155/4155
f 1931/1931/1931 4155/4155/4155 3334/3334/3334
f 4152/4152/4152 4752/4752/4752 3301/3301/3301
f 4152/4152/4152 3301/3301/3301 3339/3339/3339
f 3305/3305/3305 4760/4760/4760 4156/4156/4156
f 3305/3305/3305 4156/4156/4156 3337/3337/3337
f 4155/4155/4155 4987/4987/4987 1932/1932/1932
f 4155/4155/4155 1932/1932/1932 3336/3336/3336
f 1930/1930/1930 4988/4988/4988 4157/4157/4157
f 1930/1930/1930 4157/4157/4157 3332/3332/3332
f 4154/4154/4154 4756/4756/4756 3305/3305/3305
f 4154/4154/4154 3305/3305/3305 3337/3337/3337
f 3308/3308/3308 4763/4763/4763 4158/4158/4158
f 3308/3308/3308 4158/4158/4158 3335/3335/3335
f 4157/4157/4157 4988/4988/4988 1931/1931/1931
f 4157/4157/4157 1931/1931/1931 3334/3334/3334
f 1929/1929/1929 4989/4989/4989 4159/4159/4159
f 1929/1929/1929 4159/4159/4159 3330/3330/3330
f 4156/4156/4156 4760/4760/4760 3308/3308/3308
f 4156/4156/4156 3308/3308/3308 3335/3335/3335
f 3333/3333/3333 3357/3357/3357 4766/4766/4766
f 3333/3333/3333 4766/4766/4766 4160/4160/4160
f 4159/4159/4159 4989/4989/4989 1930/1930/1930
f 4159/4159/4159 1930/1930/1930 3332/3332/3332
f 1928/1928/1928 4990/4990/4990 4161/4161/4161
f 1928/1928/1928 4161/4161/4161 3328/3328/3328
f 4158/4158/4158 4763/4763/4763 3357/3357/3357
f 4158/4158/4158 3357/3357/3357 3333/3333/3333
f 3331/3331/3331 3360/3360/3360 4769/4769/4769
f 3331/3331/3331 4769/4769/4769 4162/4162/4162
f 4161/4161/4161 4990/4990/4990 1929/1929/1929
f 4161/4161/4161 1929/1929/1929 3330/3330/3330
f 1927/1927/1927 4991/4991/4991 4163/4163/4163
f 1927/1927/1927 4163/4163/4163 3326/3326/3326
f 4160/4160/4160 4766/4766/4766 3360/3360/3360
f 4160/4160/4160 3360/3360/3360 3331/3331/3331
f 3329/3329/3329 3365/3365/3365 4773/4773/4773
f 3329/3329/3329 4773/4773/4773 4164/4164/4164
f 4163/4163/4163 4991/4991/4991 1928/1928/1928
f 4163/4163/4163 1928/1928/1928 3328/3328/3328
f 1926/1926/1926 4992/4992/4992 4165/4165/4165
f 1926/1926/1926 4165/4165/4165 3324/3324/3324
f 4162/4162/4162 4769/4769/4769 3365/3365/3365
f 4162/4162/4162 3365/3365/3365 3329/3329/3329
f 3327/3327/3327 3369/3369/3369 4777/4777/4777
f 3327/3327/3327 4777/4777/4777 4166/4166/4166
f 4165/4165/4165 4992/4992/4992 1927/1927/1927
f 4165/4165/4165 1927/1927/1927 3326/3326/3326
f 1925/1925/1925 4993/4993/4993 4167/4167/4167
f 1925/1925/1925 4167/4167/4167 3322/3322/3322
f 4164/4164/4164 4773/4773/4773 3369/3369/3369
f 4164/4164/4164 3369/3369/3369 3327/3327/3327
f 3325/3325/3325 3376/3376/3376 4781/4781/4781
f 3325/3325/3325 4781/4781/4781 4168/4168/4168
f 4167/4167/4167 4993/4993/4993 1926/1926/1926
f 4167/4167/4167 1926/1926/1926 3324/3324/3324
f 1924/1924/1924 4994/4994/4994 4169/4169/4169
f 1924/1924/1924 4169/4169/4169 3320/3320/3320
f 4166/4166/4166 4777/4777/4777 3376/3376/3376
f 4166/4166/4166 3376/3376/3376 3325/3325/3325
f 3323/3323/3323 3375/3375/3375 4736/4736/4736
f 3323/3323/3323 4736/4736/4736 4170/4170/4170
f 4169/4169/4169 4994/4994/4994 1925/1925/1925
f 4169/4169/4169 1925/1925/1925 3322/3322/3322
f 1923/1923/1923 4995/4995/4995 4171/4171/4171
f 1923/1923/1923 4171/4171/4171 3318/3318/3318
f 4168/4168/4168 4781/4781/4781 3375/3375/3375
f 4168/4168/4168 3375/3375/3375 3323/3323/3323
f 3285/3285/3285 4739/4739/4739 4172/4172/4172
f 3285/3285/3285 4172/4172/4172 3321/3321/3321
f 4171/4171/4171 4995/4995/4995 1924/1924/1924
f 4171/4171/4171 1924/1924/1924 3320/3320/3320
f 1922/1922/1922 4996/4996/4996 4173/4173/4173
f 1922/1922/1922 4173/4173/4173 3316/3316/3316
f 4170/4170/4170 4736/4736/4736 3285/3285/3285
f 4170/4170/4170 3285/3285/3285 3321/3321/3321
f 3288/3288/3288 4742/4742/4742 4174/4174/4174
f 3288/3288/3288 4174/4174/4174 3319/3319/3319
f 4173/4173/4173 4996/4996/4996 1923/1923/1923
f 4173/4173/4173 1923/1923/1923 3318/3318/3318
f 1921/1921/1921 4997/4997/4997 4175/4175/4175
f 1921/1921/1921 4175/4175/4175 3314/3314/3314
f 4172/4172/4172 4739/4739/4739 3288/3288/3288
f 4172/4172/4172 3288/3288/3288 3319/3319/3319
f 3291/3291/3291 4746/4746/4746 4176/4176/4176
f 3291/3291/3291 4176/4176/4176 3317/3317/3317
f 4175/4175/4175 4997/4997/4997 1922/1922/1922
f 4175/4175/4175 1922/1922/1922 3316/3316/3316
f 1920/1920/1920 4998/4998/4998 4177/4177/4177
f 1920/1920/1920 4177/4177/4177 3312/3312/3312
f 4174/4174/4174 4742/4742/4742 3291/3291/3291
f 4174/4174/4174 3291/3291/3291 3317/3317/3317
f 3295/3295/3295 4750/4750/4750 4178/4178/4178
f 3295/3295/3295 4178/4178/4178 3315/3315/3315
f 4177/4177/4177 4998/4998/4998 1921/1921/1921
f 4177/4177/4177 1921/1921/1921 3314/3314/3314
f 1919/1919/1919 4999/4999/4999 4179/4179/4179
f 1919/1919/1919 4179/4179/4179 3310/3310/3310
f 4176/4176/4176 4746/4746/4746 3295/3295/3295
f 4176/4176/4176 3295/3295/3295 3315/3315/3315
f 3299/3299/3299 4754/4754/4754 4180/4180/4180
f 3299/3299/3299 4180/4180/4180 3313/3313/3313
f 4179/4179/4179 4999/4999/4999 1920/1920/1920
f 4179/4179/4179 1920/1920/1920 3312/3312/3312
f 1943/1943/1943 3704/3704/3704 5000/5000/5000
f 1943/1943/1943 5000/5000/5000 4181/4181/4181
f 4178/4178/4178 4750/4750/4750 3299/3299/3299
f 4178/4178/4178 3299/3299/3299 3313/3313/3313
f 3303/3303/3303 4758/4758/4758 4182/4182/4182
f 3303/3303/3303 4182/4182/4182 3311/3311/3311
f 4181/4181/4181 5000/5000/5000 1919/1919/1919
f 4181/4181/4181 1919/1919/1919 3310/3310/3310
f 2113/2113/2113 3372/3372/3372 4778/4778/4778
f 2113/2113/2113 4778/4778/4778 4785/4785/4785
f 4180/4180/4180 4754/4754/4754 3303/3303/3303
f 4180/4180/4180 3303/3303/3303 3311/3311/3311
f 349/349/349 1970/1970/1970 4183/4183/4183
f 349/349/349 4183/4183/4183 1918/1918/1918
f 1970/1970/1970 397/397/397 1971/1971/1971
f 1970/1970/1970 1971/1971/1971 4183/4183/4183
f 4183/4183/4183 1971/1971/1971 373/373/373
f 4183/4183/4183 373/373/373 1872/1872/1872
f 1918/1918/1918 4183/4183/4183 1872/1872/1872
f 1918/1918/1918 1872/1872/1872 350/350/350
f 350/350/350 1872/1872/1872 4184/4184/4184
f 350/350/350 4184/4184/4184 1917/1917/1917
f 1872/1872/1872 373/373/373 1972/1972/1972
f 1872/1872/1872 1972/1972/1972 4184/4184/4184
f 4184/4184/4184 1972/1972/1972 374/374/374
f 4184/4184/4184 374/374/374 1873/1873/1873
f 1917/1917/1917 4184/4184/4184 1873/1873/1873
f 1917/1917/1917 1873/1873/1873 351/351/351
f 351/351/351 1873/1873/1873 4185/4185/4185
f 351/351/351 4185/4185/4185 1916/1916/1916
f 1873/1873/1873 374/374/374 1973/1973/1973
f 1873/1873/1873 1973/1973/1973 4185/4185/4185
f 4185/4185/4185 1973/1973/1973 375/375/375
f 4185/4185/4185 375/375/375 1874/1874/1874
f 1916/1916/1916 4185/4185/4185 1874/1874/1874
f 1916/1916/1916 1874/1874/1874 352/352/352
f 352/352/352 1874/1874/1874 4186/4186/4186
f 352/352/352 4186/4186/4186 1915/1915/1915
f 1874/1874/1874 375/375/375 1974/1974/1974
f 1874/1874/1874 1974/1974/1974 4186/4186/4186
f 4186/4186/4186 1974/1974/1974 376/376/376
f 4186/4186/4186 376/376/376 1875/1875/1875
f 1915/1915/1915 4186/4186/4186 1875/1875/1875
f 1915/1915/1915 1875/1875/1875 353/353/353
f 353/353/353 1875/1875/1875 4187/4187/4187
f 353/353/353 4187/4187/4187 1914/1914/1914
f 1875/1875/1875 376/376/376 1975/1975/1975
f 1875/1875/1875 1975/1975/1975 4187/4187/4187
f 4187/4187/4187 1975/1975/1975 377/377/377
f 4187/4187/4187 377/377/377 1876/1876/1876
f 1914/1914/1914 4187/4187/4187 1876/1876/1876
f 1914/1914/1914 1876/1876/1876 354/354/354
f 354/354/354 1876/1876/1876 4188/4188/4188
f 354/354/354 4188/4188/4188 1913/1913/1913
f 1876/1876/1876 377/377/377 1976/1976/1976
f 1876/1876/1876 1976/1976/1976 4188/4188/4188
f 4188/4188/4188 1976/1976/1976 378/378/378
f 4188/4188/4188 378/378/378 1877/1877/1877
f 1913/1913/1913 4188/4188/4188 1877/1877/1877
f 1913/1913/1913 1877/1877/1877 355/355/355
f 355/355/355 1877/1877/1877 4189/4189/4189
f 355/355/355 4189/4189/4189 1912/1912/1912
f 1877/1877/1877 378/378/378 1977/1977/1977
f 1877/1877/1877 1977/1977/1977 4189/4189/4189
f 4189/4189/4189 1977/1977/1977 379/379/379
f 4189/4189/4189 379/379/379 1878/1878/1878
f 1912/1912/1912 4189/4189/4189 1878/1878/1878
f 1912/1912/1912 1878/1878/1878 356/356/356
f 356/356/356 1878/1878/1878 4190/4190/4190
f 356/356/356 4190/4190/4190 1911/1911/1911
f 1878/1878/1878 379/379/379 1978/1978/1978
f 1878/1878/1878 1978/1978/1978 4190/4190/4190
f 4190/4190/4190 1978/1978/1978 380/380/380
f 4190/4190/4190 380/380/380 1879/1879/1879
f 1911/1911/1911 4190/4190/4190 1879/1879/1879
f 1911/1911/1911 1879/1879/1879 357/357/357
f 357/357/357 1879/1879/1879 4191/4191/4191
f 357/357/357 4191/4191/4191 1910/1910/1910
f 1879/1879/1879 380/380/380 1979/1979/1979
f 1879/1879/1879 1979/1979/1979 4191/4191/4191
f 4191/4191/4191 1979/1979/1979 381/381/381
f 4191/4191/4191 381/381/381 1880/1880/1880
f 1910/1910/1910 4191/4191/4191 1880/1880/1880
f 1910/1910/1910 1880/1880/1880 358/358/358
f 358/358/358 1880/1880/1880 4192/4192/4192
f 358/358/358 4192/4192/4192 1909/1909/1909
f 1880/1880/1880 381/381/381 1980/1980/1980
f 1880/1880/1880 1980/1980/1980 4192/4192/4192
f 4192/4192/4192 1980/1980/1980 382/382/382
f 4192/4192/4192 382/382/382 1881/1881/1881
f 1909/1909/1909 4192/4192/4192 1881/1881/1881
f 1909/1909/1909 1881/1881/1881 359/359/359
f 359/359/359 1881/1881/1881 4193/4193/4193
f 359/359/359 4193/4193/4193 1908/1908/1908
f 1881/1881/1881 382/382/382 1981/1981/1981
f 1881/1881/1881 1981/1981/1981 4193/4193/4193
f 4193/4193/4193 1981/1981/1981 383/383/383
f 4193/4193/4193 383/383/383 1882/1882/1882
f 1908/1908/1908 4193/4193/4193 1882/1882/1882
f 1908/1908/1908 1882/1882/1882 360/360/360
f 360/360/360 1882/1882/1882 4194/4194/4194
f 360/360/360 4194/4194/4194 1907/1907/1907
f 1882/1882/1882 383/383/383 1982/1982/1982
f 1882/1882/1882 1982/1982/1982 4194/4194/4194
f 4194/4194/4194 1982/1982/1982 384/384/384
f 4194/4194/4194 384/384/384 1883/1883/1883
f 1907/1907/1907 4194/4194/4194 1883/1883/1883
f 1907/1907/1907 1883/1883/1883 361/361/361
f 361/361/361 1883/1883/1883 4195/4195/4195
f 361/361/361 4195/4195/4195 1906/1906/1906
f 1883/1883/1883 384/384/384 1983/1983/1983
f 1883/1883/1883 1983/1983/1983 4195/4195/4195
f 4195/4195/4195 1983/1983/1983 385/385/385
f 4195/4195/4195 385/385/385 1884/1884/1884
f 1906/1906/1906 4195/4195/4195 1884/1884/1884
f 1906/1906/1906 1884/1884/1884 362/362/362
f 362/362/362 1884/1884/1884 4196/4196/4196
f 362/362/362 4196/4196/4196 1905/1905/1905
f 1884/1884/1884 385/385/385 1984/1984/1984
f 1884/1884/1884 1984/1984/1984 4196/4196/4196
f 4196/4196/4196 1984/1984/1984 386/386/386
f 4196/4196/4196 386/386/386 1885/1885/1885
f 1905/1905/1905 4196/4196/4196 1885/1885/1885
f 1905/1905/1905 1885/1885/1885 363/363/363
f 363/363/363 1885/1885/1885 4197/4197/4197
f 363/363/363 4197/4197/4197 1904/1904/1904
f 1885/1885/1885 386/386/386 1985/1985/1985
f 1885/1885/1885 1985/1985/1985 4197/4197/4197
f 4197/4197/4197 1985/1985/1985 387/387/387
f 4197/4197/4197 387/387/387 1886/1886/1886
f 1904/1904/1904 4197/4197/4197 1886/1886/1886
f 1904/1904/1904 1886/1886/1886 364/364/364
f 364/364/364 1886/1886/1886 4198/4198/4198
f 364/364/364 4198/4198/4198 1903/1903/1903
f 1886/1886/1886 387/387/387 1986/1986/1986
f 1886/1886/1886 1986/1986/1986 4198/4198/4198
f 4198/4198/4198 1986/1986/1986 388/388/388
f 4198/4198/4198 388/388/388 1887/1887/1887
f 1903/1903/1903 4198/4198/4198 1887/1887/1887
f 1903/1903/1903 1887/1887/1887 365/365/365
f 365/365/365 1887/1887/1887 4199/4199/4199
f 365/365/365 4199/4199/4199 1902/1902/1902
f 1887/1887/1887 388/388/388 1987/1987/1987
f 1887/1887/1887 1987/1987/1987 4199/4199/4199
f 4199/4199/4199 1987/1987/1987 389/389/389
f 4199/4199/4199 389/389/389 1888/1888/1888
f 1902/1902/1902 4199/4199/4199 1888/1888/1888
f 1902/1902/1902 1888/1888/1888 366/366/366
f 366/366/366 1888/1888/1888 4200/4200/4200
f 366/366/366 4200/4200/4200 1901/1901/1901
f 1888/1888/1888 389/389/389 1988/1988/1988
f 1888/1888/1888 1988/1988/1988 4200/4200/4200
f 4200/4200/4200 1988/1988/1988 390/390/390
f 4200/4200/4200 390/390/390 1889/1889/1889
f 1901/1901/1901 4200/4200/4200 1889/1889/1889
f 1901/1901/1901 1889/1889/1889 367/367/367
f 367/367/367 1889/1889/1889 4201/4201/4201
f 367/367/367 4201/4201/4201 1900/1900/1900
f 1889/1889/1889 390/390/390 1989/1989/1989
f 1889/1889/1889 1989/1989/1989 4201/4201/4201
f 4201/4201/4201 1989/1989/1989 391/391/391
f 4201/4201/4201 391/391/391 1890/1890/1890
f 1900/1900/1900 4201/4201/4201 1890/1890/1890
f 1900/1900/1900 1890/1890/1890 368/368/368
f 368/368/368 1890/1890/1890 4202/4202/4202
f 368/368/368 4202/4202/4202 1899/1899/1899
f 1890/1890/1890 391/391/391 1990/1990/1990
f 1890/1890/1890 1990/1990/1990 4202/4202/4202
f 4202/4202/4202 1990/1990/1990 392/392/392
f 4202/4202/4202 392/392/392 1891/1891/1891
f 1899/1899/1899 4202/4202/4202 1891/1891/1891
f 1899/1899/1899 1891/1891/1891 369/369/369
f 369/369/369 1891/1891/1891 4203/4203/4203
f 369/369/369 4203/4203/4203 1898/1898/1898
f 1891/1891/1891 392/392/392 1991/1991/1991
f 1891/1891/1891 1991/1991/1991 4203/4203/4203
f 4203/4203/4203 1991/1991/1991 393/393/393
f 4203/4203/4203 393/393/393 1892/1892/1892
f 1898/1898/1898 4203/4203/4203 1892/1892/1892
f 1898/1898/1898 1892/1892/1892 370/370/370
f 370/370/370 1892/1892/1892 4204/4204/4204
f 370/370/370 4204/4204/4204 1897/1897/1897
f 1892/1892/1892 393/393/393 1992/1992/1992
f 1892/1892/1892 1992/1992/1992 4204/4204/4204
f 4204/4204/4204 1992/1992/1992 394/394/394
f 4204/4204/4204 394/394/394 1893/1893/1893
f 1897/1897/1897 4204/4204/4204 1893/1893/1893
f 1897/1897/1897 1893/1893/1893 371/371/371
f 371/371/371 1893/1893/1893 4205/4205/4205
f 371/371/371 4205/4205/4205 1896/1896/1896
f 1893/1893/1893 394/394/394 1993/1993/1993
f 1893/1893/1893 1993/1993/1993 4205/4205/4205
f 4205/4205/4205 1993/1993/1993 395/395/395
f 4205/4205/4205 395/395/395 1894/1894/1894
f 1896/1896/1896 4205/4205/4205 1894/1894/1894
f 1896/1896/1896 1894/1894/1894 372/372/372
f 372/372/372 1894/1894/1894 4206/4206/4206
f 372/372/372 4206/4206/4206 1895/1895/1895
f 1894/1894/1894 395/395/395 1994/1994/1994
f 1894/1894/1894 1994/1994/1994 4206/4206/4206
f 4206/4206/4206 1994/1994/1994 396/396/396
f 4206/4206/4206 396/396/396 1969/1969/1969
f 1895/1895/1895 4206/4206/4206 1969/1969/1969
f 1895/1895/1895 1969/1969/1969 348/348/348
f 493/493/493 2677/2677/2677 4207/4207/4207
f 493/493/493 4207/4207/4207 2161/2161/2161
f 2677/2677/2677 739/739/739 2523/2523/2523
f 2677/2677/2677 2523/2523/2523 4207/4207/4207
f 4207/4207/4207 2523/2523/2523 742/742/742
f 4207/4207/4207 742/742/742 2679/2679/2679
f 2161/2161/2161 4207/4207/4207 2679/2679/2679
f 2161/2161/2161 2679/2679/2679 494/494/494
f 492/492/492 2675/2675/2675 4208/4208/4208
f 492/492/492 4208/4208/4208 2160/2160/2160
f 2675/2675/2675 736/736/736 2528/2528/2528
f 2675/2675/2675 2528/2528/2528 4208/4208/4208
f 4208/4208/4208 2528/2528/2528 739/739/739
f 4208/4208/4208 739/739/739 2677/2677/2677
f 2160/2160/2160 4208/4208/4208 2677/2677/2677
f 2160/2160/2160 2677/2677/2677 493/493/493
f 497/497/497 2633/2633/2633 4209/4209/4209
f 497/497/497 4209/4209/4209 2140/2140/2140
f 2633/2633/2633 676/676/676 2628/2628/2628
f 2633/2633/2633 2628/2628/2628 4209/4209/4209
f 4209/4209/4209 2628/2628/2628 679/679/679
f 4209/4209/4209 679/679/679 2638/2638/2638
f 2140/2140/2140 4209/4209/4209 2638/2638/2638
f 2140/2140/2140 2638/2638/2638 473/473/473
f 490/490/490 2671/2671/2671 4210/4210/4210
f 490/490/490 4210/4210/4210 2158/2158/2158
f 2671/2671/2671 730/730/730 2538/2538/2538
f 2671/2671/2671 2538/2538/2538 4210/4210/4210
f 4210/4210/4210 2538/2538/2538 733/733/733
f 4210/4210/4210 733/733/733 2673/2673/2673
f 2158/2158/2158 4210/4210/4210 2673/2673/2673
f 2158/2158/2158 2673/2673/2673 491/491/491
f 489/489/489 2669/2669/2669 4211/4211/4211
f 489/489/489 4211/4211/4211 2157/2157/2157
f 2669/2669/2669 727/727/727 2543/2543/2543
f 2669/2669/2669 2543/2543/2543 4211/4211/4211
f 4211/4211/4211 2543/2543/2543 730/730/730
f 4211/4211/4211 730/730/730 2671/2671/2671
f 2157/2157/2157 4211/4211/4211 2671/2671/2671
f 2157/2157/2157 2671/2671/2671 490/490/490
f 597/597/597 2637/2637/2637 4212/4212/4212
f 597/597/597 4212/4212/4212 2314/2314/2314
f 2637/2637/2637 746/746/746 2522/2522/2522
f 2637/2637/2637 2522/2522/2522 4212/4212/4212
f 4212/4212/4212 2522/2522/2522 743/743/743
f 4212/4212/4212 743/743/743 2680/2680/2680
f 2314/2314/2314 4212/4212/4212 2680/2680/2680
f 2314/2314/2314 2680/2680/2680 596/596/596
f 487/487/487 2665/2665/2665 4213/4213/4213
f 487/487/487 4213/4213/4213 2155/2155/2155
f 2665/2665/2665 721/721/721 2553/2553/2553
f 2665/2665/2665 2553/2553/2553 4213/4213/4213
f 4213/4213/4213 2553/2553/2553 724/724/724
f 4213/4213/4213 724/724/724 2667/2667/2667
f 2155/2155/2155 4213/4213/4213 2667/2667/2667
f 2155/2155/2155 2667/2667/2667 488/488/488
f 486/486/486 2663/2663/2663 4214/4214/4214
f 486/486/486 4214/4214/4214 2154/2154/2154
f 2663/2663/2663 718/718/718 2558/2558/2558
f 2663/2663/2663 2558/2558/2558 4214/4214/4214
f 4214/4214/4214 2558/2558/2558 721/721/721
f 4214/4214/4214 721/721/721 2665/2665/2665
f 2154/2154/2154 4214/4214/4214 2665/2665/2665
f 2154/2154/2154 2665/2665/2665 487/487/487
f 491/491/491 2673/2673/2673 4215/4215/4215
f 491/491/491 4215/4215/4215 2159/2159/2159
f 2673/2673/2673 733/733/733 2533/2533/2533
f 2673/2673/2673 2533/2533/2533 4215/4215/4215
f 4215/4215/4215 2533/2533/2533 736/736/736
f 4215/4215/4215 736/736/736 2675/2675/2675
f 2159/2159/2159 4215/4215/4215 2675/2675/2675
f 2159/2159/2159 2675/2675/2675 492/492/492
f 484/484/484 2659/2659/2659 4216/4216/4216
f 484/484/484 4216/4216/4216 2152/2152/2152
f 2659/2659/2659 712/712/712 2568/2568/2568
f 2659/2659/2659 2568/2568/2568 4216/4216/4216
f 4216/4216/4216 2568/2568/2568 715/715/715
f 4216/4216/4216 715/715/715 2661/2661/2661
f 2152/2152/2152 4216/4216/4216 2661/2661/2661
f 2152/2152/2152 2661/2661/2661 485/485/485
f 483/483/483 2657/2657/2657 4217/4217/4217
f 483/483/483 4217/4217/4217 2151/2151/2151
f 2657/2657/2657 709/709/709 2573/2573/2573
f 2657/2657/2657 2573/2573/2573 4217/4217/4217
f 4217/4217/4217 2573/2573/2573 712/712/712
f 4217/4217/4217 712/712/712 2659/2659/2659
f 2151/2151/2151 4217/4217/4217 2659/2659/2659
f 2151/2151/2151 2659/2659/2659 484/484/484
f 488/488/488 2667/2667/2667 4218/4218/4218
f 488/488/488 4218/4218/4218 2156/2156/2156
f 2667/2667/2667 724/724/724 2548/2548/2548
f 2667/2667/2667 2548/2548/2548 4218/4218/4218
f 4218/4218/4218 2548/2548/2548 727/727/727
f 4218/4218/4218 727/727/727 2669/2669/2669
f 2156/2156/2156 4218/4218/4218 2669/2669/2669
f 2156/2156/2156 2669/2669/2669 489/489/489
f 481/481/481 2653/2653/2653 4219/4219/4219
f 481/481/481 4219/4219/4219 2149/2149/2149
f 2653/2653/2653 703/703/703 2583/2583/2583
f 2653/2653/2653 2583/2583/2583 4219/4219/4219
f 4219/4219/4219 2583/2583/2583 706/706/706
f 4219/4219/4219 706/706/706 2655/2655/2655
f 2149/2149/2149 4219/4219/4219 2655/2655/2655
f 2149/2149/2149 2655/2655/2655 482/482/482
f 480/480/480 2651/2651/2651 4220/4220/4220
f 480/480/480 4220/4220/4220 2148/2148/2148
f 2651/2651/2651 700/700/700 2588/2588/2588
f 2651/2651/2651 2588/2588/2588 4220/4220/4220
f 4220/4220/4220 2588/2588/2588 703/703/703
f 4220/4220/4220 703/703/703 2653/2653/2653
f 2148/2148/2148 4220/4220/4220 2653/2653/2653
f 2148/2148/2148 2653/2653/2653 481/481/481
f 485/485/485 2661/2661/2661 4221/4221/4221
f 485/485/485 4221/4221/4221 2153/2153/2153
f 2661/2661/2661 715/715/715 2563/2563/2563
f 2661/2661/2661 2563/2563/2563 4221/4221/4221
f 4221/4221/4221 2563/2563/2563 718/718/718
f 4221/4221/4221 718/718/718 2663/2663/2663
f 2153/2153/2153 4221/4221/4221 2663/2663/2663
f 2153/2153/2153 2663/2663/2663 486/486/486
f 478/478/478 2647/2647/2647 4222/4222/4222
f 478/478/478 4222/4222/4222 2146/2146/2146
f 2647/2647/2647 694/694/694 2598/2598/2598
f 2647/2647/2647 2598/2598/2598 4222/4222/4222
f 4222/4222/4222 2598/2598/2598 697/697/697
f 4222/4222/4222 697/697/697 2649/2649/2649
f 2146/2146/2146 4222/4222/4222 2649/2649/2649
f 2146/2146/2146 2649/2649/2649 479/479/479
f 477/477/477 2645/2645/2645 4223/4223/4223
f 477/477/477 4223/4223/4223 2145/2145/2145
f 2645/2645/2645 691/691/691 2603/2603/2603
f 2645/2645/2645 2603/2603/2603 4223/4223/4223
f 4223/4223/4223 2603/2603/2603 694/694/694
f 4223/4223/4223 694/694/694 2647/2647/2647
f 2145/2145/2145 4223/4223/4223 2647/2647/2647
f 2145/2145/2145 2647/2647/2647 478/478/478
f 482/482/482 2655/2655/2655 4224/4224/4224
f 482/482/482 4224/4224/4224 2150/2150/2150
f 2655/2655/2655 706/706/706 2578/2578/2578
f 2655/2655/2655 2578/2578/2578 4224/4224/4224
f 4224/4224/4224 2578/2578/2578 709/709/709
f 4224/4224/4224 709/709/709 2657/2657/2657
f 2150/2150/2150 4224/4224/4224 2657/2657/2657
f 2150/2150/2150 2657/2657/2657 483/483/483
f 475/475/475 2641/2641/2641 4225/4225/4225
f 475/475/475 4225/4225/4225 2143/2143/2143
f 2641/2641/2641 685/685/685 2613/2613/2613
f 2641/2641/2641 2613/2613/2613 4225/4225/4225
f 4225/4225/4225 2613/2613/2613 688/688/688
f 4225/4225/4225 688/688/688 2643/2643/2643
f 2143/2143/2143 4225/4225/4225 2643/2643/2643
f 2143/2143/2143 2643/2643/2643 476/476/476
f 754/754/754 2762/2762/2762 4226/4226/4226
f 754/754/754 4226/4226/4226 2751/2751/2751
f 2762/2762/2762 576/576/576 2335/2335/2335
f 2762/2762/2762 2335/2335/2335 4226/4226/4226
f 4226/4226/4226 2335/2335/2335 575/575/575
f 4226/4226/4226 575/575/575 2757/2757/2757
f 2751/2751/2751 4226/4226/4226 2757/2757/2757
f 2751/2751/2751 2757/2757/2757 752/752/752
f 479/479/479 2649/2649/2649 4227/4227/4227
f 479/479/479 4227/4227/4227 2147/2147/2147
f 2649/2649/2649 697/697/697 2593/2593/2593
f 2649/2649/2649 2593/2593/2593 4227/4227/4227
f 4227/4227/4227 2593/2593/2593 700/700/700
f 4227/4227/4227 700/700/700 2651/2651/2651
f 2147/2147/2147 4227/4227/4227 2651/2651/2651
f 2147/2147/2147 2651/2651/2651 480/480/480
f 547/547/547 2168/2168/2168 4228/4228/4228
f 547/547/547 4228/4228/4228 2244/2244/2244
f 2168/2168/2168 499/499/499 2241/2241/2241
f 2168/2168/2168 2241/2241/2241 4228/4228/4228
f 4228/4228/4228 2241/2241/2241 400/400/400
f 4228/4228/4228 400/400/400 2018/2018/2018
f 2244/2244/2244 4228/4228/4228 2018/2018/2018
f 2244/2244/2244 2018/2018/2018 399/399/399
f 474/474/474 2639/2639/2639 4229/4229/4229
f 474/474/474 4229/4229/4229 2142/2142/2142
f 2639/2639/2639 682/682/682 2618/2618/2618
f 2639/2639/2639 2618/2618/2618 4229/4229/4229
f 4229/4229/4229 2618/2618/2618 685/685/685
f 4229/4229/4229 685/685/685 2641/2641/2641
f 2142/2142/2142 4229/4229/4229 2641/2641/2641
f 2142/2142/2142 2641/2641/2641 475/475/475
f 476/476/476 2643/2643/2643 4230/4230/4230
f 476/476/476 4230/4230/4230 2144/2144/2144
f 2643/2643/2643 688/688/688 2608/2608/2608
f 2643/2643/2643 2608/2608/2608 4230/4230/4230
f 4230/4230/4230 2608/2608/2608 691/691/691
f 4230/4230/4230 691/691/691 2645/2645/2645
f 2144/2144/2144 4230/4230/4230 2645/2645/2645
f 2144/2144/2144 2645/2645/2645 477/477/477
f 501/501/501 2174/2174/2174 4231/4231/4231
f 501/501/501 4231/4231/4231 2242/2242/2242
f 2174/2174/2174 503/503/503 2246/2246/2246
f 2174/2174/2174 2246/2246/2246 4231/4231/4231
f 4231/4231/4231 2246/2246/2246 402/402/402
f 4231/4231/4231 402/402/402 2016/2016/2016
f 2242/2242/2242 4231/4231/4231 2016/2016/2016
f 2242/2242/2242 2016/2016/2016 401/401/401
f 545/545/545 2240/2240/2240 4232/4232/4232
f 545/545/545 4232/4232/4232 2166/2166/2166
f 2240/2240/2240 424/424/424 2042/2042/2042
f 2240/2240/2240 2042/2042/2042 4232/4232/4232
f 4232/4232/4232 2042/2042/2042 425/425/425
f 4232/4232/4232 425/425/425 2237/2237/2237
f 2166/2166/2166 4232/4232/4232 2237/2237/2237
f 2166/2166/2166 2237/2237/2237 498/498/498
f 503/503/503 2177/2177/2177 4233/4233/4233
f 503/503/503 4233/4233/4233 2246/2246/2246
f 2177/2177/2177 505/505/505 2248/2248/2248
f 2177/2177/2177 2248/2248/2248 4233/4233/4233
f 4233/4233/4233 2248/2248/2248 403/403/403
f 4233/4233/4233 403/403/403 2015/2015/2015
f 2246/2246/2246 4233/4233/4233 2015/2015/2015
f 2246/2246/2246 2015/2015/2015 402/402/402
f 505/505/505 2180/2180/2180 4234/4234/4234
f 505/505/505 4234/4234/4234 2248/2248/2248
f 2180/2180/2180 507/507/507 2250/2250/2250
f 2180/2180/2180 2250/2250/2250 4234/4234/4234
f 4234/4234/4234 2250/2250/2250 404/404/404
f 4234/4234/4234 404/404/404 2014/2014/2014
f 2248/2248/2248 4234/4234/4234 2014/2014/2014
f 2248/2248/2248 2014/2014/2014 403/403/403
f 507/507/507 2183/2183/2183 4235/4235/4235
f 507/507/507 4235/4235/4235 2250/2250/2250
f 2183/2183/2183 509/509/509 2252/2252/2252
f 2183/2183/2183 2252/2252/2252 4235/4235/4235
f 4235/4235/4235 2252/2252/2252 405/405/405
f 4235/4235/4235 405/405/405 2013/2013/2013
f 2250/2250/2250 4235/4235/4235 2013/2013/2013
f 2250/2250/2250 2013/2013/2013 404/404/404
f 509/509/509 2186/2186/2186 4236/4236/4236
f 509/509/509 4236/4236/4236 2252/2252/2252
f 2186/2186/2186 511/511/511 2254/2254/2254
f 2186/2186/2186 2254/2254/2254 4236/4236/4236
f 4236/4236/4236 2254/2254/2254 406/406/406
f 4236/4236/4236 406/406/406 2012/2012/2012
f 2252/2252/2252 4236/4236/4236 2012/2012/2012
f 2252/2252/2252 2012/2012/2012 405/405/405
f 511/511/511 2189/2189/2189 4237/4237/4237
f 511/511/511 4237/4237/4237 2254/2254/2254
f 2189/2189/2189 513/513/513 2256/2256/2256
f 2189/2189/2189 2256/2256/2256 4237/4237/4237
f 4237/4237/4237 2256/2256/2256 407/407/407
f 4237/4237/4237 407/407/407 2011/2011/2011
f 2254/2254/2254 4237/4237/4237 2011/2011/2011
f 2254/2254/2254 2011/2011/2011 406/406/406
f 513/513/513 2192/2192/2192 4238/4238/4238
f 513/513/513 4238/4238/4238 2256/2256/2256
f 2192/2192/2192 515/515/515 2258/2258/2258
f 2192/2192/2192 2258/2258/2258 4238/4238/4238
f 4238/4238/4238 2258/2258/2258 408/408/408
f 4238/4238/4238 408/408/408 2010/2010/2010
f 2256/2256/2256 4238/4238/4238 2010/2010/2010
f 2256/2256/2256 2010/2010/2010 407/407/407
f 515/515/515 2195/2195/2195 4239/4239/4239
f 515/515/515 4239/4239/4239 2258/2258/2258
f 2195/2195/2195 517/517/517 2260/2260/2260
f 2195/2195/2195 2260/2260/2260 4239/4239/4239
f 4239/4239/4239 2260/2260/2260 409/409/409
f 4239/4239/4239 409/409/409 2009/2009/2009
f 2258/2258/2258 4239/4239/4239 2009/2009/2009
f 2258/2258/2258 2009/2009/2009 408/408/408
f 517/517/517 2198/2198/2198 4240/4240/4240
f 517/517/517 4240/4240/4240 2260/2260/2260
f 2198/2198/2198 519/519/519 2262/2262/2262
f 2198/2198/2198 2262/2262/2262 4240/4240/4240
f 4240/4240/4240 2262/2262/2262 410/410/410
f 4240/4240/4240 410/410/410 2008/2008/2008
f 2260/2260/2260 4240/4240/4240 2008/2008/2008
f 2260/2260/2260 2008/2008/2008 409/409/409
f 519/519/519 2201/2201/2201 4241/4241/4241
f 519/519/519 4241/4241/4241 2262/2262/2262
f 2201/2201/2201 521/521/521 2264/2264/2264
f 2201/2201/2201 2264/2264/2264 4241/4241/4241
f 4241/4241/4241 2264/2264/2264 411/411/411
f 4241/4241/4241 411/411/411 2007/2007/2007
f 2262/2262/2262 4241/4241/4241 2007/2007/2007
f 2262/2262/2262 2007/2007/2007 410/410/410
f 521/521/521 2204/2204/2204 4242/4242/4242
f 521/521/521 4242/4242/4242 2264/2264/2264
f 2204/2204/2204 523/523/523 2266/2266/2266
f 2204/2204/2204 2266/2266/2266 4242/4242/4242
f 4242/4242/4242 2266/2266/2266 412/412/412
f 4242/4242/4242 412/412/412 2006/2006/2006
f 2264/2264/2264 4242/4242/4242 2006/2006/2006
f 2264/2264/2264 2006/2006/2006 411/411/411
f 523/523/523 2207/2207/2207 4243/4243/4243
f 523/523/523 4243/4243/4243 2266/2266/2266
f 2207/2207/2207 525/525/525 2268/2268/2268
f 2207/2207/2207 2268/2268/2268 4243/4243/4243
f 4243/4243/4243 2268/2268/2268 413/413/413
f 4243/4243/4243 413/413/413 2005/2005/2005
f 2266/2266/2266 4243/4243/4243 2005/2005/2005
f 2266/2266/2266 2005/2005/2005 412/412/412
f 525/525/525 2210/2210/2210 4244/4244/4244
f 525/525/525 4244/4244/4244 2268/2268/2268
f 2210/2210/2210 527/527/527 2270/2270/2270
f 2210/2210/2210 2270/2270/2270 4244/4244/4244
f 4244/4244/4244 2270/2270/2270 414/414/414
f 4244/4244/4244 414/414/414 2004/2004/2004
f 2268/2268/2268 4244/4244/4244 2004/2004/2004
f 2268/2268/2268 2004/2004/2004 413/413/413
f 527/527/527 2213/2213/2213 4245/4245/4245
f 527/527/527 4245/4245/4245 2270/2270/2270
f 2213/2213/2213 529/529/529 2272/2272/2272
f 2213/2213/2213 2272/2272/2272 4245/4245/4245
f 4245/4245/4245 2272/2272/2272 415/415/415
f 4245/4245/4245 415/415/415 2003/2003/2003
f 2270/2270/2270 4245/4245/4245 2003/2003/2003
f 2270/2270/2270 2003/2003/2003 414/414/414
f 529/529/529 2216/2216/2216 4246/4246/4246
f 529/529/529 4246/4246/4246 2272/2272/2272
f 2216/2216/2216 531/531/531 2274/2274/2274
f 2216/2216/2216 2274/2274/2274 4246/4246/4246
f 4246/4246/4246 2274/2274/2274 416/416/416
f 4246/4246/4246 416/416/416 2002/2002/2002
f 2272/2272/2272 4246/4246/4246 2002/2002/2002
f 2272/2272/2272 2002/2002/2002 415/415/415
f 531/531/531 2219/2219/2219 4247/4247/4247
f 531/531/531 4247/4247/4247 2274/2274/2274
f 2219/2219/2219 533/533/533 2276/2276/2276
f 2219/2219/2219 2276/2276/2276 4247/4247/4247
f 4247/4247/4247 2276/2276/2276 417/417/417
f 4247/4247/4247 417/417/417 2001/2001/2001
f 2274/2274/2274 4247/4247/4247 2001/2001/2001
f 2274/2274/2274 2001/2001/2001 416/416/416
f 533/533/533 2222/2222/2222 4248/4248/4248
f 533/533/533 4248/4248/4248 2276/2276/2276
f 2222/2222/2222 535/535/535 2278/2278/2278
f 2222/2222/2222 2278/2278/2278 4248/4248/4248
f 4248/4248/4248 2278/2278/2278 418/418/418
f 4248/4248/4248 418/418/418 2000/2000/2000
f 2276/2276/2276 4248/4248/4248 2000/2000/2000
f 2276/2276/2276 2000/2000/2000 417/417/417
f 535/535/535 2225/2225/2225 4249/4249/4249
f 535/535/535 4249/4249/4249 2278/2278/2278
f 2225/2225/2225 537/537/537 2280/2280/2280
f 2225/2225/2225 2280/2280/2280 4249/4249/4249
f 4249/4249/4249 2280/2280/2280 419/419/419
f 4249/4249/4249 419/419/419 1999/1999/1999
f 2278/2278/2278 4249/4249/4249 1999/1999/1999
f 2278/2278/2278 1999/1999/1999 418/418/418
f 537/537/537 2228/2228/2228 4250/4250/4250
f 537/537/537 4250/4250/4250 2280/2280/2280
f 2228/2228/2228 539/539/539 2282/2282/2282
f 2228/2228/2228 2282/2282/2282 4250/4250/4250
f 4250/4250/4250 2282/2282/2282 420/420/420
f 4250/4250/4250 420/420/420 1998/1998/1998
f 2280/2280/2280 4250/4250/4250 1998/1998/1998
f 2280/2280/2280 1998/1998/1998 419/419/419
f 539/539/539 2231/2231/2231 4251/4251/4251
f 539/539/539 4251/4251/4251 2282/2282/2282
f 2231/2231/2231 541/541/541 2284/2284/2284
f 2231/2231/2231 2284/2284/2284 4251/4251/4251
f 4251/4251/4251 2284/2284/2284 421/421/421
f 4251/4251/4251 421/421/421 1997/1997/1997
f 2282/2282/2282 4251/4251/4251 1997/1997/1997
f 2282/2282/2282 1997/1997/1997 420/420/420
f 541/541/541 2234/2234/2234 4252/4252/4252
f 541/541/541 4252/4252/4252 2284/2284/2284
f 2234/2234/2234 543/543/543 2286/2286/2286
f 2234/2234/2234 2286/2286/2286 4252/4252/4252
f 4252/4252/4252 2286/2286/2286 422/422/422
f 4252/4252/4252 422/422/422 1996/1996/1996
f 2284/2284/2284 4252/4252/4252 1996/1996/1996
f 2284/2284/2284 1996/1996/1996 421/421/421
f 543/543/543 2236/2236/2236 4253/4253/4253
f 543/543/543 4253/4253/4253 2286/2286/2286
f 2236/2236/2236 546/546/546 2243/2243/2243
f 2236/2236/2236 2243/2243/2243 4253/4253/4253
f 4253/4253/4253 2243/2243/2243 398/398/398
f 4253/4253/4253 398/398/398 1995/1995/1995
f 2286/2286/2286 4253/4253/4253 1995/1995/1995
f 2286/2286/2286 1995/1995/1995 422/422/422
f 3679/3679/3679 2067/2067/2067 4061/4061/4061
f 3679/3679/3679 4061/4061/4061 4953/4953/4953
f 3262/3262/3262 450/450/450 2115/2115/2115
f 3262/3262/3262 2115/2115/2115 4254/4254/4254
f 4254/4254/4254 2115/2115/2115 451/451/451
f 4254/4254/4254 451/451/451 3263/3263/3263
f 4953/4953/4953 4061/4061/4061 3262/3262/3262
f 4953/4953/4953 3262/3262/3262 3213/3213/3213
f 3213/3213/3213 3262/3262/3262 4254/4254/4254
f 3213/3213/3213 4254/4254/4254 4954/4954/4954
f 3263/3263/3263 451/451/451 2116/2116/2116
f 3263/3263/3263 2116/2116/2116 4255/4255/4255
f 4255/4255/4255 2116/2116/2116 452/452/452
f 4255/4255/4255 452/452/452 3264/3264/3264
f 4954/4954/4954 4254/4254/4254 3263/3263/3263
f 4954/4954/4954 3263/3263/3263 3214/3214/3214
f 3214/3214/3214 3263/3263/3263 4255/4255/4255
f 3214/3214/3214 4255/4255/4255 4955/4955/4955
f 3264/3264/3264 452/452/452 2117/2117/2117
f 3264/3264/3264 2117/2117/2117 4256/4256/4256
f 4256/4256/4256 2117/2117/2117 453/453/453
f 4256/4256/4256 453/453/453 3265/3265/3265
f 4955/4955/4955 4255/4255/4255 3264/3264/3264
f 4955/4955/4955 3264/3264/3264 3215/3215/3215
f 3215/3215/3215 3264/3264/3264 4256/4256/4256
f 3215/3215/3215 4256/4256/4256 4956/4956/4956
f 3265/3265/3265 453/453/453 2118/2118/2118
f 3265/3265/3265 2118/2118/2118 4257/4257/4257
f 4257/4257/4257 2118/2118/2118 454/454/454
f 4257/4257/4257 454/454/454 3266/3266/3266
f 4956/4956/4956 4256/4256/4256 3265/3265/3265
f 4956/4956/4956 3265/3265/3265 3216/3216/3216
f 3216/3216/3216 3265/3265/3265 4257/4257/4257
f 3216/3216/3216 4257/4257/4257 4957/4957/4957
f 3266/3266/3266 454/454/454 2119/2119/2119
f 3266/3266/3266 2119/2119/2119 4258/4258/4258
f 4258/4258/4258 2119/2119/2119 455/455/455
f 4258/4258/4258 455/455/455 3267/3267/3267
f 4957/4957/4957 4257/4257/4257 3266/3266/3266
f 4957/4957/4957 3266/3266/3266 3217/3217/3217
f 3217/3217/3217 3266/3266/3266 4258/4258/4258
f 3217/3217/3217 4258/4258/4258 4958/4958/4958
f 3267/3267/3267 455/455/455 2120/2120/2120
f 3267/3267/3267 2120/2120/2120 4259/4259/4259
f 4259/4259/4259 2120/2120/2120 456/456/456
f 4259/4259/4259 456/456/456 3268/3268/3268
f 4958/4958/4958 4258/4258/4258 3267/3267/3267
f 4958/4958/4958 3267/3267/3267 3218/3218/3218
f 3218/3218/3218 3267/3267/3267 4259/4259/4259
f 3218/3218/3218 4259/4259/4259 4959/4959/4959
f 3268/3268/3268 456/456/456 2121/2121/2121
f 3268/3268/3268 2121/2121/2121 4260/4260/4260
f 4260/4260/4260 2121/2121/2121 457/457/457
f 4260/4260/4260 457/457/457 3269/3269/3269
f 4959/4959/4959 4259/4259/4259 3268/3268/3268
f 4959/4959/4959 3268/3268/3268 3219/3219/3219
f 3219/3219/3219 3268/3268/3268 4260/4260/4260
f 3219/3219/3219 4260/4260/4260 4960/4960/4960
f 3269/3269/3269 457/457/457 2122/2122/2122
f 3269/3269/3269 2122/2122/2122 4261/4261/4261
f 4261/4261/4261 2122/2122/2122 458/458/458
f 4261/4261/4261 458/458/458 3270/3270/3270
f 4960/4960/4960 4260/4260/4260 3269/3269/3269
f 4960/4960/4960 3269/3269/3269 3220/3220/3220
f 3220/3220/3220 3269/3269/3269 4261/4261/4261
f 3220/3220/3220 4261/4261/4261 4961/4961/4961
f 3270/3270/3270 458/458/458 2123/2123/2123
f 3270/3270/3270 2123/2123/2123 4262/4262/4262
f 4262/4262/4262 2123/2123/2123 459/459/459
f 4262/4262/4262 459/459/459 3271/3271/3271
f 4961/4961/4961 4261/4261/4261 3270/3270/3270
f 4961/4961/4961 3270/3270/3270 3221/3221/3221
f 3221/3221/3221 3270/3270/3270 4262/4262/4262
f 3221/3221/3221 4262/4262/4262 4962/4962/4962
f 3271/3271/3271 459/459/459 2124/2124/2124
f 3271/3271/3271 2124/2124/2124 4263/4263/4263
f 4263/4263/4263 2124/2124/2124 460/460/460
f 4263/4263/4263 460/460/460 3272/3272/3272
f 4962/4962/4962 4262/4262/4262 3271/3271/3271
f 4962/4962/4962 3271/3271/3271 3222/3222/3222
f 3222/3222/3222 3271/3271/3271 4263/4263/4263
f 3222/3222/3222 4263/4263/4263 4963/4963/4963
f 3272/3272/3272 460/460/460 2125/2125/2125
f 3272/3272/3272 2125/2125/2125 4264/4264/4264
f 4264/4264/4264 2125/2125/2125 461/461/461
f 4264/4264/4264 461/461/461 3273/3273/3273
f 4963/4963/4963 4263/4263/4263 3272/3272/3272
f 4963/4963/4963 3272/3272/3272 3223/3223/3223
f 3223/3223/3223 3272/3272/3272 4264/4264/4264
f 3223/3223/3223 4264/4264/4264 4964/4964/4964
f 3273/3273/3273 461/461/461 2126/2126/2126
f 3273/3273/3273 2126/2126/2126 4265/4265/4265
f 4265/4265/4265 2126/2126/2126 462/462/462
f 4265/4265/4265 462/462/462 3274/3274/3274
f 4964/4964/4964 4264/4264/4264 3273/3273/3273
f 4964/4964/4964 3273/3273/3273 3224/3224/3224
f 3224/3224/3224 3273/3273/3273 4265/4265/4265
f 3224/3224/3224 4265/4265/4265 4965/4965/4965
f 3274/3274/3274 462/462/462 2127/2127/2127
f 3274/3274/3274 2127/2127/2127 4266/4266/4266
f 4266/4266/4266 2127/2127/2127 463/463/463
f 4266/4266/4266 463/463/463 3275/3275/3275
f 4965/4965/4965 4265/4265/4265 3274/3274/3274
f 4965/4965/4965 3274/3274/3274 3225/3225/3225
f 3225/3225/3225 3274/3274/3274 4266/4266/4266
f 3225/3225/3225 4266/4266/4266 4966/4966/4966
f 3275/3275/3275 463/463/463 2128/2128/2128
f 3275/3275/3275 2128/2128/2128 4267/4267/4267
f 4267/4267/4267 2128/2128/2128 464/464/464
f 4267/4267/4267 464/464/464 3276/3276/3276
f 4966/4966/4966 4266/4266/4266 3275/3275/3275
f 4966/4966/4966 3275/3275/3275 3226/3226/3226
f 3226/3226/3226 3275/3275/3275 4267/4267/4267
f 3226/3226/3226 4267/4267/4267 4967/4967/4967
f 3276/3276/3276 464/464/464 2129/2129/2129
f 3276/3276/3276 2129/2129/2129 4268/4268/4268
f 4268/4268/4268 2129/2129/2129 465/465/465
f 4268/4268/4268 465/465/465 3277/3277/3277
f 4967/4967/4967 4267/4267/4267 3276/3276/3276
f 4967/4967/4967 3276/3276/3276 3227/3227/3227
f 3227/3227/3227 3276/3276/3276 4268/4268/4268
f 3227/3227/3227 4268/4268/4268 4968/4968/4968
f 3277/3277/3277 465/465/465 2130/2130/2130
f 3277/3277/3277 2130/2130/2130 4269/4269/4269
f 4269/4269/4269 2130/2130/2130 466/466/466
f 4269/4269/4269 466/466/466 3278/3278/3278
f 4968/4968/4968 4268/4268/4268 3277/3277/3277
f 4968/4968/4968 3277/3277/3277 3228/3228/3228
f 3228/3228/3228 3277/3277/3277 4269/4269/4269
f 3228/3228/3228 4269/4269/4269 4969/4969/4969
f 3278/3278/3278 466/466/466 2131/2131/2131
f 3278/3278/3278 2131/2131/2131 4270/4270/4270
f 4270/4270/4270 2131/2131/2131 467/467/467
f 4270/4270/4270 467/467/467 3279/3279/3279
f 4969/4969/4969 4269/4269/4269 3278/3278/3278
f 4969/4969/4969 3278/3278/3278 3229/3229/3229
f 3229/3229/3229 3278/3278/3278 4270/4270/4270
f 3229/3229/3229 4270/4270/4270 4970/4970/4970
f 3279/3279/3279 467/467/467 2132/2132/2132
f 3279/3279/3279 2132/2132/2132 4271/4271/4271
f 4271/4271/4271 2132/2132/2132 468/468/468
f 4271/4271/4271 468/468/468 3280/3280/3280
f 4970/4970/4970 4270/4270/4270 3279/3279/3279
f 4970/4970/4970 3279/3279/3279 3230/3230/3230
f 3230/3230/3230 3279/3279/3279 4271/4271/4271
f 3230/3230/3230 4271/4271/4271 4971/4971/4971
f 3280/3280/3280 468/468/468 2133/2133/2133
f 3280/3280/3280 2133/2133/2133 4272/4272/4272
f 4272/4272/4272 2133/2133/2133 469/469/469
f 4272/4272/4272 469/469/469 3281/3281/3281
f 4971/4971/4971 4271/4271/4271 3280/3280/3280
f 4971/4971/4971 3280/3280/3280 3231/3231/3231
f 3231/3231/3231 3280/3280/3280 4272/4272/4272
f 3231/3231/3231 4272/4272/4272 4972/4972/4972
f 3281/3281/3281 469/469/469 2134/2134/2134
f 3281/3281/3281 2134/2134/2134 4273/4273/4273
f 4273/4273/4273 2134/2134/2134 470/470/470
f 4273/4273/4273 470/470/470 3282/3282/3282
f 4972/4972/4972 4272/4272/4272 3281/3281/3281
f 4972/4972/4972 3281/3281/3281 3232/3232/3232
f 3232/3232/3232 3281/3281/3281 4273/4273/4273
f 3232/3232/3232 4273/4273/4273 4973/4973/4973
f 3282/3282/3282 470/470/470 2135/2135/2135
f 3282/3282/3282 2135/2135/2135 4274/4274/4274
f 4274/4274/4274 2135/2135/2135 471/471/471
f 4274/4274/4274 471/471/471 3283/3283/3283
f 4973/4973/4973 4273/4273/4273 3282/3282/3282
f 4973/4973/4973 3282/3282/3282 3233/3233/3233
f 3233/3233/3233 3282/3282/3282 4274/4274/4274
f 3233/3233/3233 4274/4274/4274 4974/4974/4974
f 3283/3283/3283 471/471/471 2136/2136/2136
f 3283/3283/3283 2136/2136/2136 4275/4275/4275
f 4275/4275/4275 2136/2136/2136 472/472/472
f 4275/4275/4275 472/472/472 3284/3284/3284
f 4974/4974/4974 4274/4274/4274 3283/3283/3283
f 4974/4974/4974 3283/3283/3283 3234/3234/3234
f 3234/3234/3234 3283/3283/3283 4275/4275/4275
f 3234/3234/3234 4275/4275/4275 4975/4975/4975
f 3284/3284/3284 472/472/472 2137/2137/2137
f 3284/3284/3284 2137/2137/2137 4276/4276/4276
f 4276/4276/4276 2137/2137/2137 448/448/448
f 4276/4276/4276 448/448/448 2066/2066/2066
f 4975/4975/4975 4275/4275/4275 3284/3284/3284
f 4975/4975/4975 3284/3284/3284 3235/3235/3235
f 1238/1238/1238 2139/2139/2139 4277/4277/4277
f 1238/1238/1238 4277/4277/4277 3728/3728/3728
f 2139/2139/2139 497/497/497 2140/2140/2140
f 2139/2139/2139 2140/2140/2140 4277/4277/4277
f 4277/4277/4277 2140/2140/2140 473/473/473
f 4277/4277/4277 473/473/473 3680/3680/3680
f 3728/3728/3728 4277/4277/4277 3680/3680/3680
f 3728/3728/3728 3680/3680/3680 1214/1214/1214
f 1214/1214/1214 3680/3680/3680 4278/4278/4278
f 1214/1214/1214 4278/4278/4278 3727/3727/3727
f 3680/3680/3680 473/473/473 2141/2141/2141
f 3680/3680/3680 2141/2141/2141 4278/4278/4278
f 4278/4278/4278 2141/2141/2141 474/474/474
f 4278/4278/4278 474/474/474 3681/3681/3681
f 3727/3727/3727 4278/4278/4278 3681/3681/3681
f 3727/3727/3727 3681/3681/3681 1215/1215/1215
f 1215/1215/1215 3681/3681/3681 4279/4279/4279
f 1215/1215/1215 4279/4279/4279 3726/3726/3726
f 3681/3681/3681 474/474/474 2142/2142/2142
f 3681/3681/3681 2142/2142/2142 4279/4279/4279
f 4279/4279/4279 2142/2142/2142 475/475/475
f 4279/4279/4279 475/475/475 3682/3682/3682
f 3726/3726/3726 4279/4279/4279 3682/3682/3682
f 3726/3726/3726 3682/3682/3682 1216/1216/1216
f 1216/1216/1216 3682/3682/3682 4280/4280/4280
f 1216/1216/1216 4280/4280/4280 3725/3725/3725
f 3682/3682/3682 475/475/475 2143/2143/2143
f 3682/3682/3682 2143/2143/2143 4280/4280/4280
f 4280/4280/4280 2143/2143/2143 476/476/476
f 4280/4280/4280 476/476/476 3683/3683/3683
f 3725/3725/3725 4280/4280/4280 3683/3683/3683
f 3725/3725/3725 3683/3683/3683 1217/1217/1217
f 1217/1217/1217 3683/3683/3683 4281/4281/4281
f 1217/1217/1217 4281/4281/4281 3724/3724/3724
f 3683/3683/3683 476/476/476 2144/2144/2144
f 3683/3683/3683 2144/2144/2144 4281/4281/4281
f 4281/4281/4281 2144/2144/2144 477/477/477
f 4281/4281/4281 477/477/477 3684/3684/3684
f 3724/3724/3724 4281/4281/4281 3684/3684/3684
f 3724/3724/3724 3684/3684/3684 1218/1218/1218
f 1218/1218/1218 3684/3684/3684 4282/4282/4282
f 1218/1218/1218 4282/4282/4282 3723/3723/3723
f 3684/3684/3684 477/477/477 2145/2145/2145
f 3684/3684/3684 2145/2145/2145 4282/4282/4282
f 4282/4282/4282 2145/2145/2145 478/478/478
f 4282/4282/4282 478/478/478 3685/3685/3685
f 3723/3723/3723 4282/4282/4282 3685/3685/3685
f 3723/3723/3723 3685/3685/3685 1219/1219/1219
f 1219/1219/1219 3685/3685/3685 4283/4283/4283
f 1219/1219/1219 4283/4283/4283 3722/3722/3722
f 3685/3685/3685 478/478/478 2146/2146/2146
f 3685/3685/3685 2146/2146/2146 4283/4283/4283
f 4283/4283/4283 2146/2146/2146 479/479/479
f 4283/4283/4283 479/479/479 3686/3686/3686
f 3722/3722/3722 4283/4283/4283 3686/3686/3686
f 3722/3722/3722 3686/3686/3686 1220/1220/1220
f 1220/1220/1220 3686/3686/3686 4284/4284/4284
f 1220/1220/1220 4284/4284/4284 3721/3721/3721
f 3686/3686/3686 479/479/479 2147/2147/2147
f 3686/3686/3686 2147/2147/2147 4284/4284/4284
f 4284/4284/4284 2147/2147/2147 480/480/480
f 4284/4284/4284 480/480/480 3687/3687/3687
f 3721/3721/3721 4284/4284/4284 3687/3687/3687
f 3721/3721/3721 3687/3687/3687 1221/1221/1221
f 1221/1221/1221 3687/3687/3687 4285/4285/4285
f 1221/1221/1221 4285/4285/4285 3720/3720/3720
f 3687/3687/3687 480/480/480 2148/2148/2148
f 3687/3687/3687 2148/2148/2148 4285/4285/4285
f 4285/4285/4285 2148/2148/2148 481/481/481
f 4285/4285/4285 481/481/481 3688/3688/3688
f 3720/3720/3720 4285/4285/4285 3688/3688/3688
f 3720/3720/3720 3688/3688/3688 1222/1222/1222
f 1222/1222/1222 3688/3688/3688 4286/4286/4286
f 1222/1222/1222 4286/4286/4286 3719/3719/3719
f 3688/3688/3688 481/481/481 2149/2149/2149
f 3688/3688/3688 2149/2149/2149 4286/4286/4286
f 4286/4286/4286 2149/2149/2149 482/482/482
f 4286/4286/4286 482/482/482 3689/3689/3689
f 3719/3719/3719 4286/4286/4286 3689/3689/3689
f 3719/3719/3719 3689/3689/3689 1223/1223/1223
f 1223/1223/1223 3689/3689/3689 4287/4287/4287
f 1223/1223/1223 4287/4287/4287 3718/3718/3718
f 3689/3689/3689 482/482/482 2150/2150/2150
f 3689/3689/3689 2150/2150/2150 4287/4287/4287
f 4287/4287/4287 2150/2150/2150 483/483/483
f 4287/4287/4287 483/483/483 3690/3690/3690
f 3718/3718/3718 4287/4287/4287 3690/3690/3690
f 3718/3718/3718 3690/3690/3690 1224/1224/1224
f 1224/1224/1224 3690/3690/3690 4288/4288/4288
f 1224/1224/1224 4288/4288/4288 3717/3717/3717
f 3690/3690/3690 483/483/483 2151/2151/2151
f 3690/3690/3690 2151/2151/2151 4288/4288/4288
f 4288/4288/4288 2151/2151/2151 484/484/484
f 4288/4288/4288 484/484/484 3691/3691/3691
f 3717/3717/3717 4288/4288/4288 3691/3691/3691
f 3717/3717/3717 3691/3691/3691 1225/1225/1225
f 1225/1225/1225 3691/3691/3691 4289/4289/4289
f 1225/1225/1225 4289/4289/4289 3716/3716/3716
f 3691/3691/3691 484/484/484 2152/2152/2152
f 3691/3691/3691 2152/2152/2152 4289/4289/4289
f 4289/4289/4289 2152/2152/2152 485/485/485
f 4289/4289/4289 485/485/485 3692/3692/3692
f 3716/3716/3716 4289/4289/4289 3692/3692/3692
f 3716/3716/3716 3692/3692/3692 1226/1226/1226
f 1226/1226/1226 3692/3692/3692 4290/4290/4290
f 1226/1226/1226 4290/4290/4290 3715/3715/3715
f 3692/3692/3692 485/485/485 2153/2153/2153
f 3692/3692/3692 2153/2153/2153 4290/4290/4290
f 4290/4290/4290 2153/2153/2153 486/486/486
f 4290/4290/4290 486/486/486 3693/3693/3693
f 3715/3715/3715 4290/4290/4290 3693/3693/3693
f 3715/3715/3715 3693/3693/3693 1227/1227/1227
f 1227/1227/1227 3693/3693/3693 4291/4291/4291
f 1227/1227/1227 4291/4291/4291 3714/3714/3714
f 3693/3693/3693 486/486/486 2154/2154/2154
f 3693/3693/3693 2154/2154/2154 4291/4291/4291
f 4291/4291/4291 2154/2154/2154 487/487/487
f 4291/4291/4291 487/487/487 3694/3694/3694
f 3714/3714/3714 4291/4291/4291 3694/3694/3694
f 3714/3714/3714 3694/3694/3694 1228/1228/1228
f 1228/1228/1228 3694/3694/3694 4292/4292/4292
f 1228/1228/1228 4292/4292/4292 3713/3713/3713
f 3694/3694/3694 487/487/487 2155/2155/2155
f 3694/3694/3694 2155/2155/2155 4292/4292/4292
f 4292/4292/4292 2155/2155/2155 488/488/488
f 4292/4292/4292 488/488/488 3695/3695/3695
f 3713/3713/3713 4292/4292/4292 3695/3695/3695
f 3713/3713/3713 3695/3695/3695 1229/1229/1229
f 1229/1229/1229 3695/3695/3695 4293/4293/4293
f 1229/1229/1229 4293/4293/4293 3712/3712/3712
f 3695/3695/3695 488/488/488 2156/2156/2156
f 3695/3695/3695 2156/2156/2156 4293/4293/4293
f 4293/4293/4293 2156/2156/2156 489/489/489
f 4293/4293/4293 489/489/489 3696/3696/3696
f 3712/3712/3712 4293/4293/4293 3696/3696/3696
f 3712/3712/3712 3696/3696/3696 1230/1230/1230
f 1230/1230/1230 3696/3696/3696 4294/4294/4294
f 1230/1230/1230 4294/4294/4294 3711/3711/3711
f 3696/3696/3696 489/489/489 2157/2157/2157
f 3696/3696/3696 2157/2157/2157 4294/4294/4294
f 4294/4294/4294 2157/2157/2157 490/490/490
f 4294/4294/4294 490/490/490 3697/3697/3697
f 3711/3711/3711 4294/4294/4294 3697/3697/3697
f 3711/3711/3711 3697/3697/3697 1231/1231/1231
f 1231/1231/1231 3697/3697/3697 4295/4295/4295
f 1231/1231/1231 4295/4295/4295 3710/3710/3710
f 3697/3697/3697 490/490/490 2158/2158/2158
f 3697/3697/3697 2158/2158/2158 4295/4295/4295
f 4295/4295/4295 2158/2158/2158 491/491/491
f 4295/4295/4295 491/491/491 3698/3698/3698
f 3710/3710/3710 4295/4295/4295 3698/3698/3698
f 3710/3710/3710 3698/3698/3698 1232/1232/1232
f 1232/1232/1232 3698/3698/3698 4296/4296/4296
f 1232/1232/1232 4296/4296/4296 3709/3709/3709
f 3698/3698/3698 491/491/491 2159/2159/2159
f 3698/3698/3698 2159/2159/2159 4296/4296/4296
f 4296/4296/4296 2159/2159/2159 492/492/492
f 4296/4296/4296 492/492/492 3699/3699/3699
f 3709/3709/3709 4296/4296/4296 3699/3699/3699
f 3709/3709/3709 3699/3699/3699 1233/1233/1233
f 1233/1233/1233 3699/3699/3699 4297/4297/4297
f 1233/1233/1233 4297/4297/4297 3708/3708/3708
f 3699/3699/3699 492/492/492 2160/2160/2160
f 3699/3699/3699 2160/2160/2160 4297/4297/4297
f 4297/4297/4297 2160/2160/2160 493/493/493
f 4297/4297/4297 493/493/493 3700/3700/3700
f 3708/3708/3708 4297/4297/4297 3700/3700/3700
f 3708/3708/3708 3700/3700/3700 1234/1234/1234
f 1234/1234/1234 3700/3700/3700 4298/4298/4298
f 1234/1234/1234 4298/4298/4298 3707/3707/3707
f 3700/3700/3700 493/493/493 2161/2161/2161
f 3700/3700/3700 2161/2161/2161 4298/4298/4298
f 4298/4298/4298 2161/2161/2161 494/494/494
f 4298/4298/4298 494/494/494 3701/3701/3701
f 3707/3707/3707 4298/4298/4298 3701/3701/3701
f 3707/3707/3707 3701/3701/3701 1235/1235/1235
f 1235/1235/1235 3701/3701/3701 4299/4299/4299
f 1235/1235/1235 4299/4299/4299 3706/3706/3706
f 3701/3701/3701 494/494/494 2162/2162/2162
f 3701/3701/3701 2162/2162/2162 4299/4299/4299
f 4299/4299/4299 2162/2162/2162 495/495/495
f 4299/4299/4299 495/495/495 3702/3702/3702
f 3706/3706/3706 4299/4299/4299 3702/3702/3702
f 3706/3706/3706 3702/3702/3702 1236/1236/1236
f 1236/1236/1236 3702/3702/3702 4300/4300/4300
f 1236/1236/1236 4300/4300/4300 3705/3705/3705
f 3702/3702/3702 495/495/495 2163/2163/2163
f 3702/3702/3702 2163/2163/2163 4300/4300/4300
f 4300/4300/4300 2163/2163/2163 496/496/496
f 4300/4300/4300 496/496/496 2138/2138/2138
f 3705/3705/3705 4300/4300/4300 2138/2138/2138
f 3705/3705/3705 2138/2138/2138 1237/1237/1237
f 545/545/545 2166/2166/2166 4301/4301/4301
f 545/545/545 4301/4301/4301 2165/2165/2165
f 2166/2166/2166 498/498/498 2167/2167/2167
f 2166/2166/2166 2167/2167/2167 4301/4301/4301
f 4301/4301/4301 2167/2167/2167 499/499/499
f 4301/4301/4301 499/499/499 2168/2168/2168
f 2165/2165/2165 4301/4301/4301 2168/2168/2168
f 2165/2165/2165 2168/2168/2168 547/547/547
f 498/498/498 2169/2169/2169 4302/4302/4302
f 498/498/498 4302/4302/4302 2167/2167/2167
f 2169/2169/2169 500/500/500 2170/2170/2170
f 2169/2169/2169 2170/2170/2170 4302/4302/4302
f 4302/4302/4302 2170/2170/2170 501/501/501
f 4302/4302/4302 501/501/501 2171/2171/2171
f 2167/2167/2167 4302/4302/4302 2171/2171/2171
f 2167/2167/2167 2171/2171/2171 499/499/499
f 500/500/500 2172/2172/2172 4303/4303/4303
f 500/500/500 4303/4303/4303 2170/2170/2170
f 2172/2172/2172 502/502/502 2173/2173/2173
f 2172/2172/2172 2173/2173/2173 4303/4303/4303
f 4303/4303/4303 2173/2173/2173 503/503/503
f 4303/4303/4303 503/503/503 2174/2174/2174
f 2170/2170/2170 4303/4303/4303 2174/2174/2174
f 2170/2170/2170 2174/2174/2174 501/501/501
f 502/502/502 2175/2175/2175 4304/4304/4304
f 502/502/502 4304/4304/4304 2173/2173/2173
f 2175/2175/2175 504/504/504 2176/2176/2176
f 2175/2175/2175 2176/2176/2176 4304/4304/4304
f 4304/4304/4304 2176/2176/2176 505/505/505
f 4304/4304/4304 505/505/505 2177/2177/2177
f 2173/2173/2173 4304/4304/4304 2177/2177/2177
f 2173/2173/2173 2177/2177/2177 503/503/503
f 504/504/504 2178/2178/2178 4305/4305/4305
f 504/504/504 4305/4305/4305 2176/2176/2176
f 2178/2178/2178 506/506/506 2179/2179/2179
f 2178/2178/2178 2179/2179/2179 4305/4305/4305
f 4305/4305/4305 2179/2179/2179 507/507/507
f 4305/4305/4305 507/507/507 2180/2180/2180
f 2176/2176/2176 4305/4305/4305 2180/2180/2180
f 2176/2176/2176 2180/2180/2180 505/505/505
f 506/506/506 2181/2181/2181 4306/4306/4306
f 506/506/506 4306/4306/4306 2179/2179/2179
f 2181/2181/2181 508/508/508 2182/2182/2182
f 2181/2181/2181 2182/2182/2182 4306/4306/4306
f 4306/4306/4306 2182/2182/2182 509/509/509
f 4306/4306/4306 509/509/509 2183/2183/2183
f 2179/2179/2179 4306/4306/4306 2183/2183/2183
f 2179/2179/2179 2183/2183/2183 507/507/507
f 508/508/508 2184/2184/2184 4307/4307/4307
f 508/508/508 4307/4307/4307 2182/2182/2182
f 2184/2184/2184 510/510/510 2185/2185/2185
f 2184/2184/2184 2185/2185/2185 4307/4307/4307
f 4307/4307/4307 2185/2185/2185 511/511/511
f 4307/4307/4307 511/511/511 2186/2186/2186
f 2182/2182/2182 4307/4307/4307 2186/2186/2186
f 2182/2182/2182 2186/2186/2186 509/509/509
f 510/510/510 2187/2187/2187 4308/4308/4308
f 510/510/510 4308/4308/4308 2185/2185/2185
f 2187/2187/2187 512/512/512 2188/2188/2188
f 2187/2187/2187 2188/2188/2188 4308/4308/4308
f 4308/4308/4308 2188/2188/2188 513/513/513
f 4308/4308/4308 513/513/513 2189/2189/2189
f 2185/2185/2185 4308/4308/4308 2189/2189/2189
f 2185/2185/2185 2189/2189/2189 511/511/511
f 512/512/512 2190/2190/2190 4309/4309/4309
f 512/512/512 4309/4309/4309 2188/2188/2188
f 2190/2190/2190 514/514/514 2191/2191/2191
f 2190/2190/2190 2191/2191/2191 4309/4309/4309
f 4309/4309/4309 2191/2191/2191 515/515/515
f 4309/4309/4309 515/515/515 2192/2192/2192
f 2188/2188/2188 4309/4309/4309 2192/2192/2192
f 2188/2188/2188 2192/2192/2192 513/513/513
f 514/514/514 2193/2193/2193 4310/4310/4310
f 514/514/514 4310/4310/4310 2191/2191/2191
f 2193/2193/2193 516/516/516 2194/2194/2194
f 2193/2193/2193 2194/2194/2194 4310/4310/4310
f 4310/4310/4310 2194/2194/2194 517/517/517
f 4310/4310/4310 517/517/517 2195/2195/2195
f 2191/2191/2191 4310/4310/4310 2195/2195/2195
f 2191/2191/2191 2195/2195/2195 515/515/515
f 516/516/516 2196/2196/2196 4311/4311/4311
f 516/516/516 4311/4311/4311 2194/2194/2194
f 2196/2196/2196 518/518/518 2197/2197/2197
f 2196/2196/2196 2197/2197/2197 4311/4311/4311
f 4311/4311/4311 2197/2197/2197 519/519/519
f 4311/4311/4311 519/519/519 2198/2198/2198
f 2194/2194/2194 4311/4311/4311 2198/2198/2198
f 2194/2194/2194 2198/2198/2198 517/517/517
f 518/518/518 2199/2199/2199 4312/4312/4312
f 518/518/518 4312/4312/4312 2197/2197/2197
f 2199/2199/2199 520/520/520 2200/2200/2200
f 2199/2199/2199 2200/2200/2200 4312/4312/4312
f 4312/4312/4312 2200/2200/2200 521/521/521
f 4312/4312/4312 521/521/521 2201/2201/2201
f 2197/2197/2197 4312/4312/4312 2201/2201/2201
f 2197/2197/2197 2201/2201/2201 519/519/519
f 520/520/520 2202/2202/2202 4313/4313/4313
f 520/520/520 4313/4313/4313 2200/2200/2200
f 2202/2202/2202 522/522/522 2203/2203/2203
f 2202/2202/2202 2203/2203/2203 4313/4313/4313
f 4313/4313/4313 2203/2203/2203 523/523/523
f 4313/4313/4313 523/523/523 2204/2204/2204
f 2200/2200/2200 4313/4313/4313 2204/2204/2204
f 2200/2200/2200 2204/2204/2204 521/521/521
f 522/522/522 2205/2205/2205 4314/4314/4314
f 522/522/522 4314/4314/4314 2203/2203/2203
f 2205/2205/2205 524/524/524 2206/2206/2206
f 2205/2205/2205 2206/2206/2206 4314/4314/4314
f 4314/4314/4314 2206/2206/2206 525/525/525
f 4314/4314/4314 525/525/525 2207/2207/2207
f 2203/2203/2203 4314/4314/4314 2207/2207/2207
f 2203/2203/2203 2207/2207/2207 523/523/523
f 524/524/524 2208/2208/2208 4315/4315/4315
f 524/524/524 4315/4315/4315 2206/2206/2206
f 2208/2208/2208 526/526/526 2209/2209/2209
f 2208/2208/2208 2209/2209/2209 4315/4315/4315
f 4315/4315/4315 2209/2209/2209 527/527/527
f 4315/4315/4315 527/527/527 2210/2210/2210
f 2206/2206/2206 4315/4315/4315 2210/2210/2210
f 2206/2206/2206 2210/2210/2210 525/525/525
f 526/526/526 2211/2211/2211 4316/4316/4316
f 526/526/526 4316/4316/4316 2209/2209/2209
f 2211/2211/2211 528/528/528 2212/2212/2212
f 2211/2211/2211 2212/2212/2212 4316/4316/4316
f 4316/4316/4316 2212/2212/2212 529/529/529
f 4316/4316/4316 529/529/529 2213/2213/2213
f 2209/2209/2209 4316/4316/4316 2213/2213/2213
f 2209/2209/2209 2213/2213/2213 527/527/527
f 528/528/528 2214/2214/2214 4317/4317/4317
f 528/528/528 4317/4317/4317 2212/2212/2212
f 2214/2214/2214 530/530/530 2215/2215/2215
f 2214/2214/2214 2215/2215/2215 4317/4317/4317
f 4317/4317/4317 2215/2215/2215 531/531/531
f 4317/4317/4317 531/531/531 2216/2216/2216
f 2212/2212/2212 4317/4317/4317 2216/2216/2216
f 2212/2212/2212 2216/2216/2216 529/529/529
f 530/530/530 2217/2217/2217 4318/4318/4318
f 530/530/530 4318/4318/4318 2215/2215/2215
f 2217/2217/2217 532/532/532 2218/2218/2218
f 2217/2217/2217 2218/2218/2218 4318/4318/4318
f 4318/4318/4318 2218/2218/2218 533/533/533
f 4318/4318/4318 533/533/533 2219/2219/2219
f 2215/2215/2215 4318/4318/4318 2219/2219/2219
f 2215/2215/2215 2219/2219/2219 531/531/531
f 532/532/532 2220/2220/2220 4319/4319/4319
f 532/532/532 4319/4319/4319 2218/2218/2218
f 2220/2220/2220 534/534/534 2221/2221/2221
f 2220/2220/2220 2221/2221/2221 4319/4319/4319
f 4319/4319/4319 2221/2221/2221 535/535/535
f 4319/4319/4319 535/535/535 2222/2222/2222
f 2218/2218/2218 4319/4319/4319 2222/2222/2222
f 2218/2218/2218 2222/2222/2222 533/533/533
f 534/534/534 2223/2223/2223 4320/4320/4320
f 534/534/534 4320/4320/4320 2221/2221/2221
f 2223/2223/2223 536/536/536 2224/2224/2224
f 2223/2223/2223 2224/2224/2224 4320/4320/4320
f 4320/4320/4320 2224/2224/2224 537/537/537
f 4320/4320/4320 537/537/537 2225/2225/2225
f 2221/2221/2221 4320/4320/4320 2225/2225/2225
f 2221/2221/2221 2225/2225/2225 535/535/535
f 536/536/536 2226/2226/2226 4321/4321/4321
f 536/536/536 4321/4321/4321 2224/2224/2224
f 2226/2226/2226 538/538/538 2227/2227/2227
f 2226/2226/2226 2227/2227/2227 4321/4321/4321
f 4321/4321/4321 2227/2227/2227 539/539/539
f 4321/4321/4321 539/539/539 2228/2228/2228
f 2224/2224/2224 4321/4321/4321 2228/2228/2228
f 2224/2224/2224 2228/2228/2228 537/537/537
f 538/538/538 2229/2229/2229 4322/4322/4322
f 538/538/538 4322/4322/4322 2227/2227/2227
f 2229/2229/2229 540/540/540 2230/2230/2230
f 2229/2229/2229 2230/2230/2230 4322/4322/4322
f 4322/4322/4322 2230/2230/2230 541/541/541
f 4322/4322/4322 541/541/541 2231/2231/2231
f 2227/2227/2227 4322/4322/4322 2231/2231/2231
f 2227/2227/2227 2231/2231/2231 539/539/539
f 540/540/540 2232/2232/2232 4323/4323/4323
f 540/540/540 4323/4323/4323 2230/2230/2230
f 2232/2232/2232 542/542/542 2233/2233/2233
f 2232/2232/2232 2233/2233/2233 4323/4323/4323
f 4323/4323/4323 2233/2233/2233 543/543/543
f 4323/4323/4323 543/543/543 2234/2234/2234
f 2230/2230/2230 4323/4323/4323 2234/2234/2234
f 2230/2230/2230 2234/2234/2234 541/541/541
f 542/542/542 2235/2235/2235 4324/4324/4324
f 542/542/542 4324/4324/4324 2233/2233/2233
f 2235/2235/2235 544/544/544 2164/2164/2164
f 2235/2235/2235 2164/2164/2164 4324/4324/4324
f 4324/4324/4324 2164/2164/2164 546/546/546
f 4324/4324/4324 546/546/546 2236/2236/2236
f 2233/2233/2233 4324/4324/4324 2236/2236/2236
f 2233/2233/2233 2236/2236/2236 543/543/543
f 498/498/498 2237/2237/2237 4325/4325/4325
f 498/498/498 4325/4325/4325 2169/2169/2169
f 2237/2237/2237 425/425/425 2043/2043/2043
f 2237/2237/2237 2043/2043/2043 4325/4325/4325
f 4325/4325/4325 2043/2043/2043 426/426/426
f 4325/4325/4325 426/426/426 2238/2238/2238
f 2169/2169/2169 4325/4325/4325 2238/2238/2238
f 2169/2169/2169 2238/2238/2238 500/500/500
f 447/447/447 2041/2041/2041 4326/4326/4326
f 447/447/447 4326/4326/4326 2065/2065/2065
f 2041/2041/2041 570/570/570 2289/2289/2289
f 2041/2041/2041 2289/2289/2289 4326/4326/4326
f 4326/4326/4326 2289/2289/2289 571/571/571
f 4326/4326/4326 571/571/571 2287/2287/2287
f 2065/2065/2065 4326/4326/4326 2287/2287/2287
f 2065/2065/2065 2287/2287/2287 423/423/423
f 446/446/446 2040/2040/2040 4327/4327/4327
f 446/446/446 4327/4327/4327 2064/2064/2064
f 2040/2040/2040 569/569/569 2290/2290/2290
f 2040/2040/2040 2290/2290/2290 4327/4327/4327
f 4327/4327/4327 2290/2290/2290 570/570/570
f 4327/4327/4327 570/570/570 2041/2041/2041
f 2064/2064/2064 4327/4327/4327 2041/2041/2041
f 2064/2064/2064 2041/2041/2041 447/447/447
f 445/445/445 2039/2039/2039 4328/4328/4328
f 445/445/445 4328/4328/4328 2063/2063/2063
f 2039/2039/2039 568/568/568 2291/2291/2291
f 2039/2039/2039 2291/2291/2291 4328/4328/4328
f 4328/4328/4328 2291/2291/2291 569/569/569
f 4328/4328/4328 569/569/569 2040/2040/2040
f 2063/2063/2063 4328/4328/4328 2040/2040/2040
f 2063/2063/2063 2040/2040/2040 446/446/446
f 444/444/444 2038/2038/2038 4329/4329/4329
f 444/444/444 4329/4329/4329 2062/2062/2062
f 2038/2038/2038 567/567/567 2292/2292/2292
f 2038/2038/2038 2292/2292/2292 4329/4329/4329
f 4329/4329/4329 2292/2292/2292 568/568/568
f 4329/4329/4329 568/568/568 2039/2039/2039
f 2062/2062/2062 4329/4329/4329 2039/2039/2039
f 2062/2062/2062 2039/2039/2039 445/445/445
f 443/443/443 2037/2037/2037 4330/4330/4330
f 443/443/443 4330/4330/4330 2061/2061/2061
f 2037/2037/2037 566/566/566 2293/2293/2293
f 2037/2037/2037 2293/2293/2293 4330/4330/4330
f 4330/4330/4330 2293/2293/2293 567/567/567
f 4330/4330/4330 567/567/567 2038/2038/2038
f 2061/2061/2061 4330/4330/4330 2038/2038/2038
f 2061/2061/2061 2038/2038/2038 444/444/444
f 442/442/442 2036/2036/2036 4331/4331/4331
f 442/442/442 4331/4331/4331 2060/2060/2060
f 2036/2036/2036 565/565/565 2294/2294/2294
f 2036/2036/2036 2294/2294/2294 4331/4331/4331
f 4331/4331/4331 2294/2294/2294 566/566/566
f 4331/4331/4331 566/566/566 2037/2037/2037
f 2060/2060/2060 4331/4331/4331 2037/2037/2037
f 2060/2060/2060 2037/2037/2037 443/443/443
f 441/441/441 2035/2035/2035 4332/4332/4332
f 441/441/441 4332/4332/4332 2059/2059/2059
f 2035/2035/2035 564/564/564 2295/2295/2295
f 2035/2035/2035 2295/2295/2295 4332/4332/4332
f 4332/4332/4332 2295/2295/2295 565/565/565
f 4332/4332/4332 565/565/565 2036/2036/2036
f 2059/2059/2059 4332/4332/4332 2036/2036/2036
f 2059/2059/2059 2036/2036/2036 442/442/442
f 440/440/440 2034/2034/2034 4333/4333/4333
f 440/440/440 4333/4333/4333 2058/2058/2058
f 2034/2034/2034 563/563/563 2296/2296/2296
f 2034/2034/2034 2296/2296/2296 4333/4333/4333
f 4333/4333/4333 2296/2296/2296 564/564/564
f 4333/4333/4333 564/564/564 2035/2035/2035
f 2058/2058/2058 4333/4333/4333 2035/2035/2035
f 2058/2058/2058 2035/2035/2035 441/441/441
f 439/439/439 2033/2033/2033 4334/4334/4334
f 439/439/439 4334/4334/4334 2057/2057/2057
f 2033/2033/2033 562/562/562 2297/2297/2297
f 2033/2033/2033 2297/2297/2297 4334/4334/4334
f 4334/4334/4334 2297/2297/2297 563/563/563
f 4334/4334/4334 563/563/563 2034/2034/2034
f 2057/2057/2057 4334/4334/4334 2034/2034/2034
f 2057/2057/2057 2034/2034/2034 440/440/440
f 438/438/438 2032/2032/2032 4335/4335/4335
f 438/438/438 4335/4335/4335 2056/2056/2056
f 2032/2032/2032 561/561/561 2298/2298/2298
f 2032/2032/2032 2298/2298/2298 4335/4335/4335
f 4335/4335/4335 2298/2298/2298 562/562/562
f 4335/4335/4335 562/562/562 2033/2033/2033
f 2056/2056/2056 4335/4335/4335 2033/2033/2033
f 2056/2056/2056 2033/2033/2033 439/439/439
f 437/437/437 2031/2031/2031 4336/4336/4336
f 437/437/437 4336/4336/4336 2055/2055/2055
f 2031/2031/2031 560/560/560 2299/2299/2299
f 2031/2031/2031 2299/2299/2299 4336/4336/4336
f 4336/4336/4336 2299/2299/2299 561/561/561
f 4336/4336/4336 561/561/561 2032/2032/2032
f 2055/2055/2055 4336/4336/4336 2032/2032/2032
f 2055/2055/2055 2032/2032/2032 438/438/438
f 436/436/436 2030/2030/2030 4337/4337/4337
f 436/436/436 4337/4337/4337 2054/2054/2054
f 2030/2030/2030 559/559/559 2300/2300/2300
f 2030/2030/2030 2300/2300/2300 4337/4337/4337
f 4337/4337/4337 2300/2300/2300 560/560/560
f 4337/4337/4337 560/560/560 2031/2031/2031
f 2054/2054/2054 4337/4337/4337 2031/2031/2031
f 2054/2054/2054 2031/2031/2031 437/437/437
f 435/435/435 2029/2029/2029 4338/4338/4338
f 435/435/435 4338/4338/4338 2053/2053/2053
f 2029/2029/2029 558/558/558 2301/2301/2301
f 2029/2029/2029 2301/2301/2301 4338/4338/4338
f 4338/4338/4338 2301/2301/2301 559/559/559
f 4338/4338/4338 559/559/559 2030/2030/2030
f 2053/2053/2053 4338/4338/4338 2030/2030/2030
f 2053/2053/2053 2030/2030/2030 436/436/436
f 434/434/434 2028/2028/2028 4339/4339/4339
f 434/434/434 4339/4339/4339 2052/2052/2052
f 2028/2028/2028 557/557/557 2302/2302/2302
f 2028/2028/2028 2302/2302/2302 4339/4339/4339
f 4339/4339/4339 2302/2302/2302 558/558/558
f 4339/4339/4339 558/558/558 2029/2029/2029
f 2052/2052/2052 4339/4339/4339 2029/2029/2029
f 2052/2052/2052 2029/2029/2029 435/435/435
f 433/433/433 2027/2027/2027 4340/4340/4340
f 433/433/433 4340/4340/4340 2051/2051/2051
f 2027/2027/2027 556/556/556 2303/2303/2303
f 2027/2027/2027 2303/2303/2303 4340/4340/4340
f 4340/4340/4340 2303/2303/2303 557/557/557
f 4340/4340/4340 557/557/557 2028/2028/2028
f 2051/2051/2051 4340/4340/4340 2028/2028/2028
f 2051/2051/2051 2028/2028/2028 434/434/434
f 432/432/432 2026/2026/2026 4341/4341/4341
f 432/432/432 4341/4341/4341 2050/2050/2050
f 2026/2026/2026 555/555/555 2304/2304/2304
f 2026/2026/2026 2304/2304/2304 4341/4341/4341
f 4341/4341/4341 2304/2304/2304 556/556/556
f 4341/4341/4341 556/556/556 2027/2027/2027
f 2050/2050/2050 4341/4341/4341 2027/2027/2027
f 2050/2050/2050 2027/2027/2027 433/433/433
f 431/431/431 2025/2025/2025 4342/4342/4342
f 431/431/431 4342/4342/4342 2049/2049/2049
f 2025/2025/2025 554/554/554 2305/2305/2305
f 2025/2025/2025 2305/2305/2305 4342/4342/4342
f 4342/4342/4342 2305/2305/2305 555/555/555
f 4342/4342/4342 555/555/555 2026/2026/2026
f 2049/2049/2049 4342/4342/4342 2026/2026/2026
f 2049/2049/2049 2026/2026/2026 432/432/432
f 430/430/430 2024/2024/2024 4343/4343/4343
f 430/430/430 4343/4343/4343 2048/2048/2048
f 2024/2024/2024 553/553/553 2306/2306/2306
f 2024/2024/2024 2306/2306/2306 4343/4343/4343
f 4343/4343/4343 2306/2306/2306 554/554/554
f 4343/4343/4343 554/554/554 2025/2025/2025
f 2048/2048/2048 4343/4343/4343 2025/2025/2025
f 2048/2048/2048 2025/2025/2025 431/431/431
f 429/429/429 2023/2023/2023 4344/4344/4344
f 429/429/429 4344/4344/4344 2047/2047/2047
f 2023/2023/2023 552/552/552 2307/2307/2307
f 2023/2023/2023 2307/2307/2307 4344/4344/4344
f 4344/4344/4344 2307/2307/2307 553/553/553
f 4344/4344/4344 553/553/553 2024/2024/2024
f 2047/2047/2047 4344/4344/4344 2024/2024/2024
f 2047/2047/2047 2024/2024/2024 430/430/430
f 428/428/428 2022/2022/2022 4345/4345/4345
f 428/428/428 4345/4345/4345 2046/2046/2046
f 2022/2022/2022 551/551/551 2308/2308/2308
f 2022/2022/2022 2308/2308/2308 4345/4345/4345
f 4345/4345/4345 2308/2308/2308 552/552/552
f 4345/4345/4345 552/552/552 2023/2023/2023
f 2046/2046/2046 4345/4345/4345 2023/2023/2023
f 2046/2046/2046 2023/2023/2023 429/429/429
f 427/427/427 2021/2021/2021 4346/4346/4346
f 427/427/427 4346/4346/4346 2045/2045/2045
f 2021/2021/2021 550/550/550 2309/2309/2309
f 2021/2021/2021 2309/2309/2309 4346/4346/4346
f 4346/4346/4346 2309/2309/2309 551/551/551
f 4346/4346/4346 551/551/551 2022/2022/2022
f 2045/2045/2045 4346/4346/4346 2022/2022/2022
f 2045/2045/2045 2022/2022/2022 428/428/428
f 426/426/426 2020/2020/2020 4347/4347/4347
f 426/426/426 4347/4347/4347 2044/2044/2044
f 2020/2020/2020 549/549/549 2310/2310/2310
f 2020/2020/2020 2310/2310/2310 4347/4347/4347
f 4347/4347/4347 2310/2310/2310 550/550/550
f 4347/4347/4347 550/550/550 2021/2021/2021
f 2044/2044/2044 4347/4347/4347 2021/2021/2021
f 2044/2044/2044 2021/2021/2021 427/427/427
f 425/425/425 2019/2019/2019 4348/4348/4348
f 425/425/425 4348/4348/4348 2043/2043/2043
f 2019/2019/2019 548/548/548 2311/2311/2311
f 2019/2019/2019 2311/2311/2311 4348/4348/4348
f 4348/4348/4348 2311/2311/2311 549/549/549
f 4348/4348/4348 549/549/549 2020/2020/2020
f 2043/2043/2043 4348/4348/4348 2020/2020/2020
f 2043/2043/2043 2020/2020/2020 426/426/426
f 424/424/424 2288/2288/2288 4349/4349/4349
f 424/424/424 4349/4349/4349 2042/2042/2042
f 2288/2288/2288 572/572/572 2312/2312/2312
f 2288/2288/2288 2312/2312/2312 4349/4349/4349
f 4349/4349/4349 2312/2312/2312 548/548/548
f 4349/4349/4349 548/548/548 2019/2019/2019
f 2042/2042/2042 4349/4349/4349 2019/2019/2019
f 2042/2042/2042 2019/2019/2019 425/425/425
f 752/752/752 2757/2757/2757 4350/4350/4350
f 752/752/752 4350/4350/4350 2753/2753/2753
f 2757/2757/2757 575/575/575 2336/2336/2336
f 2757/2757/2757 2336/2336/2336 4350/4350/4350
f 4350/4350/4350 2336/2336/2336 574/574/574
f 4350/4350/4350 574/574/574 2755/2755/2755
f 2753/2753/2753 4350/4350/4350 2755/2755/2755
f 2753/2753/2753 2755/2755/2755 751/751/751
f 596/596/596 2680/2680/2680 4351/4351/4351
f 596/596/596 4351/4351/4351 2315/2315/2315
f 2680/2680/2680 743/743/743 2527/2527/2527
f 2680/2680/2680 2527/2527/2527 4351/4351/4351
f 4351/4351/4351 2527/2527/2527 740/740/740
f 4351/4351/4351 740/740/740 2678/2678/2678
f 2315/2315/2315 4351/4351/4351 2678/2678/2678
f 2315/2315/2315 2678/2678/2678 595/595/595
f 796/796/796 2756/2756/2756 4352/4352/4352
f 796/796/796 4352/4352/4352 2688/2688/2688
f 2756/2756/2756 597/597/597 2314/2314/2314
f 2756/2756/2756 2314/2314/2314 4352/4352/4352
f 4352/4352/4352 2314/2314/2314 596/596/596
f 4352/4352/4352 596/596/596 2802/2802/2802
f 2688/2688/2688 4352/4352/4352 2802/2802/2802
f 2688/2688/2688 2802/2802/2802 794/794/794
f 595/595/595 2678/2678/2678 4353/4353/4353
f 595/595/595 4353/4353/4353 2316/2316/2316
f 2678/2678/2678 740/740/740 2532/2532/2532
f 2678/2678/2678 2532/2532/2532 4353/4353/4353
f 4353/4353/4353 2532/2532/2532 737/737/737
f 4353/4353/4353 737/737/737 2676/2676/2676
f 2316/2316/2316 4353/4353/4353 2676/2676/2676
f 2316/2316/2316 2676/2676/2676 594/594/594
f 794/794/794 2802/2802/2802 4354/4354/4354
f 794/794/794 4354/4354/4354 2691/2691/2691
f 2802/2802/2802 596/596/596 2315/2315/2315
f 2802/2802/2802 2315/2315/2315 4354/4354/4354
f 4354/4354/4354 2315/2315/2315 595/595/595
f 4354/4354/4354 595/595/595 2800/2800/2800
f 2691/2691/2691 4354/4354/4354 2800/2800/2800
f 2691/2691/2691 2800/2800/2800 792/792/792
f 594/594/594 2676/2676/2676 4355/4355/4355
f 594/594/594 4355/4355/4355 2317/2317/2317
f 2676/2676/2676 737/737/737 2537/2537/2537
f 2676/2676/2676 2537/2537/2537 4355/4355/4355
f 4355/4355/4355 2537/2537/2537 734/734/734
f 4355/4355/4355 734/734/734 2674/2674/2674
f 2317/2317/2317 4355/4355/4355 2674/2674/2674
f 2317/2317/2317 2674/2674/2674 593/593/593
f 792/792/792 2800/2800/2800 4356/4356/4356
f 792/792/792 4356/4356/4356 2694/2694/2694
f 2800/2800/2800 595/595/595 2316/2316/2316
f 2800/2800/2800 2316/2316/2316 4356/4356/4356
f 4356/4356/4356 2316/2316/2316 594/594/594
f 4356/4356/4356 594/594/594 2798/2798/2798
f 2694/2694/2694 4356/4356/4356 2798/2798/2798
f 2694/2694/2694 2798/2798/2798 790/790/790
f 593/593/593 2674/2674/2674 4357/4357/4357
f 593/593/593 4357/4357/4357 2318/2318/2318
f 2674/2674/2674 734/734/734 2542/2542/2542
f 2674/2674/2674 2542/2542/2542 4357/4357/4357
f 4357/4357/4357 2542/2542/2542 731/731/731
f 4357/4357/4357 731/731/731 2672/2672/2672
f 2318/2318/2318 4357/4357/4357 2672/2672/2672
f 2318/2318/2318 2672/2672/2672 592/592/592
f 790/790/790 2798/2798/2798 4358/4358/4358
f 790/790/790 4358/4358/4358 2697/2697/2697
f 2798/2798/2798 594/594/594 2317/2317/2317
f 2798/2798/2798 2317/2317/2317 4358/4358/4358
f 4358/4358/4358 2317/2317/2317 593/593/593
f 4358/4358/4358 593/593/593 2796/2796/2796
f 2697/2697/2697 4358/4358/4358 2796/2796/2796
f 2697/2697/2697 2796/2796/2796 788/788/788
f 592/592/592 2672/2672/2672 4359/4359/4359
f 592/592/592 4359/4359/4359 2319/2319/2319
f 2672/2672/2672 731/731/731 2547/2547/2547
f 2672/2672/2672 2547/2547/2547 4359/4359/4359
f 4359/4359/4359 2547/2547/2547 728/728/728
f 4359/4359/4359 728/728/728 2670/2670/2670
f 2319/2319/2319 4359/4359/4359 2670/2670/2670
f 2319/2319/2319 2670/2670/2670 591/591/591
f 788/788/788 2796/2796/2796 4360/4360/4360
f 788/788/788 4360/4360/4360 2700/2700/2700
f 2796/2796/2796 593/593/593 2318/2318/2318
f 2796/2796/2796 2318/2318/2318 4360/4360/4360
f 4360/4360/4360 2318/2318/2318 592/592/592
f 4360/4360/4360 592/592/592 2794/2794/2794
f 2700/2700/2700 4360/4360/4360 2794/2794/2794
f 2700/2700/2700 2794/2794/2794 786/786/786
f 591/591/591 2670/2670/2670 4361/4361/4361
f 591/591/591 4361/4361/4361 2320/2320/2320
f 2670/2670/2670 728/728/728 2552/2552/2552
f 2670/2670/2670 2552/2552/2552 4361/4361/4361
f 4361/4361/4361 2552/2552/2552 725/725/725
f 4361/4361/4361 725/725/725 2668/2668/2668
f 2320/2320/2320 4361/4361/4361 2668/2668/2668
f 2320/2320/2320 2668/2668/2668 590/590/590
f 786/786/786 2794/2794/2794 4362/4362/4362
f 786/786/786 4362/4362/4362 2703/2703/2703
f 2794/2794/2794 592/592/592 2319/2319/2319
f 2794/2794/2794 2319/2319/2319 4362/4362/4362
f 4362/4362/4362 2319/2319/2319 591/591/591
f 4362/4362/4362 591/591/591 2792/2792/2792
f 2703/2703/2703 4362/4362/4362 2792/2792/2792
f 2703/2703/2703 2792/2792/2792 784/784/784
f 590/590/590 2668/2668/2668 4363/4363/4363
f 590/590/590 4363/4363/4363 2321/2321/2321
f 2668/2668/2668 725/725/725 2557/2557/2557
f 2668/2668/2668 2557/2557/2557 4363/4363/4363
f 4363/4363/4363 2557/2557/2557 722/722/722
f 4363/4363/4363 722/722/722 2666/2666/2666
f 2321/2321/2321 4363/4363/4363 2666/2666/2666
f 2321/2321/2321 2666/2666/2666 589/589/589
f 784/784/784 2792/2792/2792 4364/4364/4364
f 784/784/784 4364/4364/4364 2706/2706/2706
f 2792/2792/2792 591/591/591 2320/2320/2320
f 2792/2792/2792 2320/2320/2320 4364/4364/4364
f 4364/4364/4364 2320/2320/2320 590/590/590
f 4364/4364/4364 590/590/590 2790/2790/2790
f 2706/2706/2706 4364/4364/4364 2790/2790/2790
f 2706/2706/2706 2790/2790/2790 782/782/782
f 589/589/589 2666/2666/2666 4365/4365/4365
f 589/589/589 4365/4365/4365 2322/2322/2322
f 2666/2666/2666 722/722/722 2562/2562/2562
f 2666/2666/2666 2562/2562/2562 4365/4365/4365
f 4365/4365/4365 2562/2562/2562 719/719/719
f 4365/4365/4365 719/719/719 2664/2664/2664
f 2322/2322/2322 4365/4365/4365 2664/2664/2664
f 2322/2322/2322 2664/2664/2664 588/588/588
f 782/782/782 2790/2790/2790 4366/4366/4366
f 782/782/782 4366/4366/4366 2709/2709/2709
f 2790/2790/2790 590/590/590 2321/2321/2321
f 2790/2790/2790 2321/2321/2321 4366/4366/4366
f 4366/4366/4366 2321/2321/2321 589/589/589
f 4366/4366/4366 589/589/589 2788/2788/2788
f 2709/2709/2709 4366/4366/4366 2788/2788/2788
f 2709/2709/2709 2788/2788/2788 780/780/780
f 588/588/588 2664/2664/2664 4367/4367/4367
f 588/588/588 4367/4367/4367 2323/2323/2323
f 2664/2664/2664 719/719/719 2567/2567/2567
f 2664/2664/2664 2567/2567/2567 4367/4367/4367
f 4367/4367/4367 2567/2567/2567 716/716/716
f 4367/4367/4367 716/716/716 2662/2662/2662
f 2323/2323/2323 4367/4367/4367 2662/2662/2662
f 2323/2323/2323 2662/2662/2662 587/587/587
f 780/780/780 2788/2788/2788 4368/4368/4368
f 780/780/780 4368/4368/4368 2712/2712/2712
f 2788/2788/2788 589/589/589 2322/2322/2322
f 2788/2788/2788 2322/2322/2322 4368/4368/4368
f 4368/4368/4368 2322/2322/2322 588/588/588
f 4368/4368/4368 588/588/588 2786/2786/2786
f 2712/2712/2712 4368/4368/4368 2786/2786/2786
f 2712/2712/2712 2786/2786/2786 778/778/778
f 587/587/587 2662/2662/2662 4369/4369/4369
f 587/587/587 4369/4369/4369 2324/2324/2324
f 2662/2662/2662 716/716/716 2572/2572/2572
f 2662/2662/2662 2572/2572/2572 4369/4369/4369
f 4369/4369/4369 2572/2572/2572 713/713/713
f 4369/4369/4369 713/713/713 2660/2660/2660
f 2324/2324/2324 4369/4369/4369 2660/2660/2660
f 2324/2324/2324 2660/2660/2660 586/586/586
f 778/778/778 2786/2786/2786 4370/4370/4370
f 778/778/778 4370/4370/4370 2715/2715/2715
f 2786/2786/2786 588/588/588 2323/2323/2323
f 2786/2786/2786 2323/2323/2323 4370/4370/4370
f 4370/4370/4370 2323/2323/2323 587/587/587
f 4370/4370/4370 587/587/587 2784/2784/2784
f 2715/2715/2715 4370/4370/4370 2784/2784/2784
f 2715/2715/2715 2784/2784/2784 776/776/776
f 586/586/586 2660/2660/2660 4371/4371/4371
f 586/586/586 4371/4371/4371 2325/2325/2325
f 2660/2660/2660 713/713/713 2577/2577/2577
f 2660/2660/2660 2577/2577/2577 4371/4371/4371
f 4371/4371/4371 2577/2577/2577 710/710/710
f 4371/4371/4371 710/710/710 2658/2658/2658
f 2325/2325/2325 4371/4371/4371 2658/2658/2658
f 2325/2325/2325 2658/2658/2658 585/585/585
f 776/776/776 2784/2784/2784 4372/4372/4372
f 776/776/776 4372/4372/4372 2718/2718/2718
f 2784/2784/2784 587/587/587 2324/2324/2324
f 2784/2784/2784 2324/2324/2324 4372/4372/4372
f 4372/4372/4372 2324/2324/2324 586/586/586
f 4372/4372/4372 586/586/586 2782/2782/2782
f 2718/2718/2718 4372/4372/4372 2782/2782/2782
f 2718/2718/2718 2782/2782/2782 774/774/774
f 585/585/585 2658/2658/2658 4373/4373/4373
f 585/585/585 4373/4373/4373 2326/2326/2326
f 2658/2658/2658 710/710/710 2582/2582/2582
f 2658/2658/2658 2582/2582/2582 4373/4373/4373
f 4373/4373/4373 2582/2582/2582 707/707/707
f 4373/4373/4373 707/707/707 2656/2656/2656
f 2326/2326/2326 4373/4373/4373 2656/2656/2656
f 2326/2326/2326 2656/2656/2656 584/584/584
f 774/774/774 2782/2782/2782 4374/4374/4374
f 774/774/774 4374/4374/4374 2721/2721/2721
f 2782/2782/2782 586/586/586 2325/2325/2325
f 2782/2782/2782 2325/2325/2325 4374/4374/4374
f 4374/4374/4374 2325/2325/2325 585/585/585
f 4374/4374/4374 585/585/585 2780/2780/2780
f 2721/2721/2721 4374/4374/4374 2780/2780/2780
f 2721/2721/2721 2780/2780/2780 772/772/772
f 584/584/584 2656/2656/2656 4375/4375/4375
f 584/584/584 4375/4375/4375 2327/2327/2327
f 2656/2656/2656 707/707/707 2587/2587/2587
f 2656/2656/2656 2587/2587/2587 4375/4375/4375
f 4375/4375/4375 2587/2587/2587 704/704/704
f 4375/4375/4375 704/704/704 2654/2654/2654
f 2327/2327/2327 4375/4375/4375 2654/2654/2654
f 2327/2327/2327 2654/2654/2654 583/583/583
f 772/772/772 2780/2780/2780 4376/4376/4376
f 772/772/772 4376/4376/4376 2724/2724/2724
f 2780/2780/2780 585/585/585 2326/2326/2326
f 2780/2780/2780 2326/2326/2326 4376/4376/4376
f 4376/4376/4376 2326/2326/2326 584/584/584
f 4376/4376/4376 584/584/584 2778/2778/2778
f 2724/2724/2724 4376/4376/4376 2778/2778/2778
f 2724/2724/2724 2778/2778/2778 770/770/770
f 583/583/583 2654/2654/2654 4377/4377/4377
f 583/583/583 4377/4377/4377 2328/2328/2328
f 2654/2654/2654 704/704/704 2592/2592/2592
f 2654/2654/2654 2592/2592/2592 4377/4377/4377
f 4377/4377/4377 2592/2592/2592 701/701/701
f 4377/4377/4377 701/701/701 2652/2652/2652
f 2328/2328/2328 4377/4377/4377 2652/2652/2652
f 2328/2328/2328 2652/2652/2652 582/582/582
f 770/770/770 2778/2778/2778 4378/4378/4378
f 770/770/770 4378/4378/4378 2727/2727/2727
f 2778/2778/2778 584/584/584 2327/2327/2327
f 2778/2778/2778 2327/2327/2327 4378/4378/4378
f 4378/4378/4378 2327/2327/2327 583/583/583
f 4378/4378/4378 583/583/583 2776/2776/2776
f 2727/2727/2727 4378/4378/4378 2776/2776/2776
f 2727/2727/2727 2776/2776/2776 768/768/768
f 582/582/582 2652/2652/2652 4379/4379/4379
f 582/582/582 4379/4379/4379 2329/2329/2329
f 2652/2652/2652 701/701/701 2597/2597/2597
f 2652/2652/2652 2597/2597/2597 4379/4379/4379
f 4379/4379/4379 2597/2597/2597 698/698/698
f 4379/4379/4379 698/698/698 2650/2650/2650
f 2329/2329/2329 4379/4379/4379 2650/2650/2650
f 2329/2329/2329 2650/2650/2650 581/581/581
f 768/768/768 2776/2776/2776 4380/4380/4380
f 768/768/768 4380/4380/4380 2730/2730/2730
f 2776/2776/2776 583/583/583 2328/2328/2328
f 2776/2776/2776 2328/2328/2328 4380/4380/4380
f 4380/4380/4380 2328/2328/2328 582/582/582
f 4380/4380/4380 582/582/582 2774/2774/2774
f 2730/2730/2730 4380/4380/4380 2774/2774/2774
f 2730/2730/2730 2774/2774/2774 766/766/766
f 581/581/581 2650/2650/2650 4381/4381/4381
f 581/581/581 4381/4381/4381 2330/2330/2330
f 2650/2650/2650 698/698/698 2602/2602/2602
f 2650/2650/2650 2602/2602/2602 4381/4381/4381
f 4381/4381/4381 2602/2602/2602 695/695/695
f 4381/4381/4381 695/695/695 2648/2648/2648
f 2330/2330/2330 4381/4381/4381 2648/2648/2648
f 2330/2330/2330 2648/2648/2648 580/580/580
f 766/766/766 2774/2774/2774 4382/4382/4382
f 766/766/766 4382/4382/4382 2733/2733/2733
f 2774/2774/2774 582/582/582 2329/2329/2329
f 2774/2774/2774 2329/2329/2329 4382/4382/4382
f 4382/4382/4382 2329/2329/2329 581/581/581
f 4382/4382/4382 581/581/581 2772/2772/2772
f 2733/2733/2733 4382/4382/4382 2772/2772/2772
f 2733/2733/2733 2772/2772/2772 764/764/764
f 580/580/580 2648/2648/2648 4383/4383/4383
f 580/580/580 4383/4383/4383 2331/2331/2331
f 2648/2648/2648 695/695/695 2607/2607/2607
f 2648/2648/2648 2607/2607/2607 4383/4383/4383
f 4383/4383/4383 2607/2607/2607 692/692/692
f 4383/4383/4383 692/692/692 2646/2646/2646
f 2331/2331/2331 4383/4383/4383 2646/2646/2646
f 2331/2331/2331 2646/2646/2646 579/579/579
f 764/764/764 2772/2772/2772 4384/4384/4384
f 764/764/764 4384/4384/4384 2736/2736/2736
f 2772/2772/2772 581/581/581 2330/2330/2330
f 2772/2772/2772 2330/2330/2330 4384/4384/4384
f 4384/4384/4384 2330/2330/2330 580/580/580
f 4384/4384/4384 580/580/580 2770/2770/2770
f 2736/2736/2736 4384/4384/4384 2770/2770/2770
f 2736/2736/2736 2770/2770/2770 762/762/762
f 579/579/579 2646/2646/2646 4385/4385/4385
f 579/579/579 4385/4385/4385 2332/2332/2332
f 2646/2646/2646 692/692/692 2612/2612/2612
f 2646/2646/2646 2612/2612/2612 4385/4385/4385
f 4385/4385/4385 2612/2612/2612 689/689/689
f 4385/4385/4385 689/689/689 2644/2644/2644
f 2332/2332/2332 4385/4385/4385 2644/2644/2644
f 2332/2332/2332 2644/2644/2644 578/578/578
f 762/762/762 2770/2770/2770 4386/4386/4386
f 762/762/762 4386/4386/4386 2739/2739/2739
f 2770/2770/2770 580/580/580 2331/2331/2331
f 2770/2770/2770 2331/2331/2331 4386/4386/4386
f 4386/4386/4386 2331/2331/2331 579/579/579
f 4386/4386/4386 579/579/579 2768/2768/2768
f 2739/2739/2739 4386/4386/4386 2768/2768/2768
f 2739/2739/2739 2768/2768/2768 760/760/760
f 578/578/578 2644/2644/2644 4387/4387/4387
f 578/578/578 4387/4387/4387 2333/2333/2333
f 2644/2644/2644 689/689/689 2617/2617/2617
f 2644/2644/2644 2617/2617/2617 4387/4387/4387
f 4387/4387/4387 2617/2617/2617 686/686/686
f 4387/4387/4387 686/686/686 2642/2642/2642
f 2333/2333/2333 4387/4387/4387 2642/2642/2642
f 2333/2333/2333 2642/2642/2642 577/577/577
f 760/760/760 2768/2768/2768 4388/4388/4388
f 760/760/760 4388/4388/4388 2742/2742/2742
f 2768/2768/2768 579/579/579 2332/2332/2332
f 2768/2768/2768 2332/2332/2332 4388/4388/4388
f 4388/4388/4388 2332/2332/2332 578/578/578
f 4388/4388/4388 578/578/578 2766/2766/2766
f 2742/2742/2742 4388/4388/4388 2766/2766/2766
f 2742/2742/2742 2766/2766/2766 758/758/758
f 577/577/577 2642/2642/2642 4389/4389/4389
f 577/577/577 4389/4389/4389 2334/2334/2334
f 2642/2642/2642 686/686/686 2622/2622/2622
f 2642/2642/2642 2622/2622/2622 4389/4389/4389
f 4389/4389/4389 2622/2622/2622 683/683/683
f 4389/4389/4389 683/683/683 2640/2640/2640
f 2334/2334/2334 4389/4389/4389 2640/2640/2640
f 2334/2334/2334 2640/2640/2640 576/576/576
f 758/758/758 2766/2766/2766 4390/4390/4390
f 758/758/758 4390/4390/4390 2745/2745/2745
f 2766/2766/2766 578/578/578 2333/2333/2333
f 2766/2766/2766 2333/2333/2333 4390/4390/4390
f 4390/4390/4390 2333/2333/2333 577/577/577
f 4390/4390/4390 577/577/577 2764/2764/2764
f 2745/2745/2745 4390/4390/4390 2764/2764/2764
f 2745/2745/2745 2764/2764/2764 756/756/756
f 576/576/576 2640/2640/2640 4391/4391/4391
f 576/576/576 4391/4391/4391 2335/2335/2335
f 2640/2640/2640 683/683/683 2627/2627/2627
f 2640/2640/2640 2627/2627/2627 4391/4391/4391
f 4391/4391/4391 2627/2627/2627 680/680/680
f 4391/4391/4391 680/680/680 2634/2634/2634
f 2335/2335/2335 4391/4391/4391 2634/2634/2634
f 2335/2335/2335 2634/2634/2634 575/575/575
f 756/756/756 2764/2764/2764 4392/4392/4392
f 756/756/756 4392/4392/4392 2748/2748/2748
f 2764/2764/2764 577/577/577 2334/2334/2334
f 2764/2764/2764 2334/2334/2334 4392/4392/4392
f 4392/4392/4392 2334/2334/2334 576/576/576
f 4392/4392/4392 576/576/576 2762/2762/2762
f 2748/2748/2748 4392/4392/4392 2762/2762/2762
f 2748/2748/2748 2762/2762/2762 754/754/754
f 473/473/473 2638/2638/2638 4393/4393/4393
f 473/473/473 4393/4393/4393 2141/2141/2141
f 2638/2638/2638 679/679/679 2623/2623/2623
f 2638/2638/2638 2623/2623/2623 4393/4393/4393
f 4393/4393/4393 2623/2623/2623 682/682/682
f 4393/4393/4393 682/682/682 2639/2639/2639
f 2141/2141/2141 4393/4393/4393 2639/2639/2639
f 2141/2141/2141 2639/2639/2639 474/474/474
f 575/575/575 2634/2634/2634 4394/4394/4394
f 575/575/575 4394/4394/4394 2336/2336/2336
f 2634/2634/2634 680/680/680 2630/2630/2630
f 2634/2634/2634 2630/2630/2630 4394/4394/4394
f 4394/4394/4394 2630/2630/2630 674/674/674
f 4394/4394/4394 674/674/674 2636/2636/2636
f 2336/2336/2336 4394/4394/4394 2636/2636/2636
f 2336/2336/2336 2636/2636/2636 574/574/574
f 494/494/494 2679/2679/2679 4395/4395/4395
f 494/494/494 4395/4395/4395 2162/2162/2162
f 2679/2679/2679 742/742/742 2518/2518/2518
f 2679/2679/2679 2518/2518/2518 4395/4395/4395
f 4395/4395/4395 2518/2518/2518 745/745/745
f 4395/4395/4395 745/745/745 2631/2631/2631
f 2162/2162/2162 4395/4395/4395 2631/2631/2631
f 2162/2162/2162 2631/2631/2631 495/495/495
f 573/573/573 2635/2635/2635 4396/4396/4396
f 573/573/573 4396/4396/4396 2313/2313/2313
f 2635/2635/2635 673/673/673 2517/2517/2517
f 2635/2635/2635 2517/2517/2517 4396/4396/4396
f 4396/4396/4396 2517/2517/2517 746/746/746
f 4396/4396/4396 746/746/746 2637/2637/2637
f 2313/2313/2313 4396/4396/4396 2637/2637/2637
f 2313/2313/2313 2637/2637/2637 597/597/597
f 795/795/795 2803/2803/2803 4397/4397/4397
f 795/795/795 4397/4397/4397 2687/2687/2687
f 2803/2803/2803 421/421/421 1996/1996/1996
f 2803/2803/2803 1996/1996/1996 4397/4397/4397
f 4397/4397/4397 1996/1996/1996 422/422/422
f 4397/4397/4397 422/422/422 2761/2761/2761
f 2687/2687/2687 4397/4397/4397 2761/2761/2761
f 2687/2687/2687 2761/2761/2761 797/797/797
f 793/793/793 2801/2801/2801 4398/4398/4398
f 793/793/793 4398/4398/4398 2690/2690/2690
f 2801/2801/2801 420/420/420 1997/1997/1997
f 2801/2801/2801 1997/1997/1997 4398/4398/4398
f 4398/4398/4398 1997/1997/1997 421/421/421
f 4398/4398/4398 421/421/421 2803/2803/2803
f 2690/2690/2690 4398/4398/4398 2803/2803/2803
f 2690/2690/2690 2803/2803/2803 795/795/795
f 791/791/791 2799/2799/2799 4399/4399/4399
f 791/791/791 4399/4399/4399 2693/2693/2693
f 2799/2799/2799 419/419/419 1998/1998/1998
f 2799/2799/2799 1998/1998/1998 4399/4399/4399
f 4399/4399/4399 1998/1998/1998 420/420/420
f 4399/4399/4399 420/420/420 2801/2801/2801
f 2693/2693/2693 4399/4399/4399 2801/2801/2801
f 2693/2693/2693 2801/2801/2801 793/793/793
f 789/789/789 2797/2797/2797 4400/4400/4400
f 789/789/789 4400/4400/4400 2696/2696/2696
f 2797/2797/2797 418/418/418 1999/1999/1999
f 2797/2797/2797 1999/1999/1999 4400/4400/4400
f 4400/4400/4400 1999/1999/1999 419/419/419
f 4400/4400/4400 419/419/419 2799/2799/2799
f 2696/2696/2696 4400/4400/4400 2799/2799/2799
f 2696/2696/2696 2799/2799/2799 791/791/791
f 787/787/787 2795/2795/2795 4401/4401/4401
f 787/787/787 4401/4401/4401 2699/2699/2699
f 2795/2795/2795 417/417/417 2000/2000/2000
f 2795/2795/2795 2000/2000/2000 4401/4401/4401
f 4401/4401/4401 2000/2000/2000 418/418/418
f 4401/4401/4401 418/418/418 2797/2797/2797
f 2699/2699/2699 4401/4401/4401 2797/2797/2797
f 2699/2699/2699 2797/2797/2797 789/789/789
f 785/785/785 2793/2793/2793 4402/4402/4402
f 785/785/785 4402/4402/4402 2702/2702/2702
f 2793/2793/2793 416/416/416 2001/2001/2001
f 2793/2793/2793 2001/2001/2001 4402/4402/4402
f 4402/4402/4402 2001/2001/2001 417/417/417
f 4402/4402/4402 417/417/417 2795/2795/2795
f 2702/2702/2702 4402/4402/4402 2795/2795/2795
f 2702/2702/2702 2795/2795/2795 787/787/787
f 783/783/783 2791/2791/2791 4403/4403/4403
f 783/783/783 4403/4403/4403 2705/2705/2705
f 2791/2791/2791 415/415/415 2002/2002/2002
f 2791/2791/2791 2002/2002/2002 4403/4403/4403
f 4403/4403/4403 2002/2002/2002 416/416/416
f 4403/4403/4403 416/416/416 2793/2793/2793
f 2705/2705/2705 4403/4403/4403 2793/2793/2793
f 2705/2705/2705 2793/2793/2793 785/785/785
f 781/781/781 2789/2789/2789 4404/4404/4404
f 781/781/781 4404/4404/4404 2708/2708/2708
f 2789/2789/2789 414/414/414 2003/2003/2003
f 2789/2789/2789 2003/2003/2003 4404/4404/4404
f 4404/4404/4404 2003/2003/2003 415/415/415
f 4404/4404/4404 415/415/415 2791/2791/2791
f 2708/2708/2708 4404/4404/4404 2791/2791/2791
f 2708/2708/2708 2791/2791/2791 783/783/783
f 779/779/779 2787/2787/2787 4405/4405/4405
f 779/779/779 4405/4405/4405 2711/2711/2711
f 2787/2787/2787 413/413/413 2004/2004/2004
f 2787/2787/2787 2004/2004/2004 4405/4405/4405
f 4405/4405/4405 2004/2004/2004 414/414/414
f 4405/4405/4405 414/414/414 2789/2789/2789
f 2711/2711/2711 4405/4405/4405 2789/2789/2789
f 2711/2711/2711 2789/2789/2789 781/781/781
f 777/777/777 2785/2785/2785 4406/4406/4406
f 777/777/777 4406/4406/4406 2714/2714/2714
f 2785/2785/2785 412/412/412 2005/2005/2005
f 2785/2785/2785 2005/2005/2005 4406/4406/4406
f 4406/4406/4406 2005/2005/2005 413/413/413
f 4406/4406/4406 413/413/413 2787/2787/2787
f 2714/2714/2714 4406/4406/4406 2787/2787/2787
f 2714/2714/2714 2787/2787/2787 779/779/779
f 775/775/775 2783/2783/2783 4407/4407/4407
f 775/775/775 4407/4407/4407 2717/2717/2717
f 2783/2783/2783 411/411/411 2006/2006/2006
f 2783/2783/2783 2006/2006/2006 4407/4407/4407
f 4407/4407/4407 2006/2006/2006 412/412/412
f 4407/4407/4407 412/412/412 2785/2785/2785
f 2717/2717/2717 4407/4407/4407 2785/2785/2785
f 2717/2717/2717 2785/2785/2785 777/777/777
f 773/773/773 2781/2781/2781 4408/4408/4408
f 773/773/773 4408/4408/4408 2720/2720/2720
f 2781/2781/2781 410/410/410 2007/2007/2007
f 2781/2781/2781 2007/2007/2007 4408/4408/4408
f 4408/4408/4408 2007/2007/2007 411/411/411
f 4408/4408/4408 411/411/411 2783/2783/2783
f 2720/2720/2720 4408/4408/4408 2783/2783/2783
f 2720/2720/2720 2783/2783/2783 775/775/775
f 771/771/771 2779/2779/2779 4409/4409/4409
f 771/771/771 4409/4409/4409 2723/2723/2723
f 2779/2779/2779 409/409/409 2008/2008/2008
f 2779/2779/2779 2008/2008/2008 4409/4409/4409
f 4409/4409/4409 2008/2008/2008 410/410/410
f 4409/4409/4409 410/410/410 2781/2781/2781
f 2723/2723/2723 4409/4409/4409 2781/2781/2781
f 2723/2723/2723 2781/2781/2781 773/773/773
f 769/769/769 2777/2777/2777 4410/4410/4410
f 769/769/769 4410/4410/4410 2726/2726/2726
f 2777/2777/2777 408/408/408 2009/2009/2009
f 2777/2777/2777 2009/2009/2009 4410/4410/4410
f 4410/4410/4410 2009/2009/2009 409/409/409
f 4410/4410/4410 409/409/409 2779/2779/2779
f 2726/2726/2726 4410/4410/4410 2779/2779/2779
f 2726/2726/2726 2779/2779/2779 771/771/771
f 767/767/767 2775/2775/2775 4411/4411/4411
f 767/767/767 4411/4411/4411 2729/2729/2729
f 2775/2775/2775 407/407/407 2010/2010/2010
f 2775/2775/2775 2010/2010/2010 4411/4411/4411
f 4411/4411/4411 2010/2010/2010 408/408/408
f 4411/4411/4411 408/408/408 2777/2777/2777
f 2729/2729/2729 4411/4411/4411 2777/2777/2777
f 2729/2729/2729 2777/2777/2777 769/769/769
f 765/765/765 2773/2773/2773 4412/4412/4412
f 765/765/765 4412/4412/4412 2732/2732/2732
f 2773/2773/2773 406/406/406 2011/2011/2011
f 2773/2773/2773 2011/2011/2011 4412/4412/4412
f 4412/4412/4412 2011/2011/2011 407/407/407
f 4412/4412/4412 407/407/407 2775/2775/2775
f 2732/2732/2732 4412/4412/4412 2775/2775/2775
f 2732/2732/2732 2775/2775/2775 767/767/767
f 763/763/763 2771/2771/2771 4413/4413/4413
f 763/763/763 4413/4413/4413 2735/2735/2735
f 2771/2771/2771 405/405/405 2012/2012/2012
f 2771/2771/2771 2012/2012/2012 4413/4413/4413
f 4413/4413/4413 2012/2012/2012 406/406/406
f 4413/4413/4413 406/406/406 2773/2773/2773
f 2735/2735/2735 4413/4413/4413 2773/2773/2773
f 2735/2735/2735 2773/2773/2773 765/765/765
f 761/761/761 2769/2769/2769 4414/4414/4414
f 761/761/761 4414/4414/4414 2738/2738/2738
f 2769/2769/2769 404/404/404 2013/2013/2013
f 2769/2769/2769 2013/2013/2013 4414/4414/4414
f 4414/4414/4414 2013/2013/2013 405/405/405
f 4414/4414/4414 405/405/405 2771/2771/2771
f 2738/2738/2738 4414/4414/4414 2771/2771/2771
f 2738/2738/2738 2771/2771/2771 763/763/763
f 759/759/759 2767/2767/2767 4415/4415/4415
f 759/759/759 4415/4415/4415 2741/2741/2741
f 2767/2767/2767 403/403/403 2014/2014/2014
f 2767/2767/2767 2014/2014/2014 4415/4415/4415
f 4415/4415/4415 2014/2014/2014 404/404/404
f 4415/4415/4415 404/404/404 2769/2769/2769
f 2741/2741/2741 4415/4415/4415 2769/2769/2769
f 2741/2741/2741 2769/2769/2769 761/761/761
f 757/757/757 2765/2765/2765 4416/4416/4416
f 757/757/757 4416/4416/4416 2744/2744/2744
f 2765/2765/2765 402/402/402 2015/2015/2015
f 2765/2765/2765 2015/2015/2015 4416/4416/4416
f 4416/4416/4416 2015/2015/2015 403/403/403
f 4416/4416/4416 403/403/403 2767/2767/2767
f 2744/2744/2744 4416/4416/4416 2767/2767/2767
f 2744/2744/2744 2767/2767/2767 759/759/759
f 755/755/755 2763/2763/2763 4417/4417/4417
f 755/755/755 4417/4417/4417 2747/2747/2747
f 2763/2763/2763 401/401/401 2016/2016/2016
f 2763/2763/2763 2016/2016/2016 4417/4417/4417
f 4417/4417/4417 2016/2016/2016 402/402/402
f 4417/4417/4417 402/402/402 2765/2765/2765
f 2747/2747/2747 4417/4417/4417 2765/2765/2765
f 2747/2747/2747 2765/2765/2765 757/757/757
f 753/753/753 2760/2760/2760 4418/4418/4418
f 753/753/753 4418/4418/4418 2750/2750/2750
f 2760/2760/2760 400/400/400 2017/2017/2017
f 2760/2760/2760 2017/2017/2017 4418/4418/4418
f 4418/4418/4418 2017/2017/2017 401/401/401
f 4418/4418/4418 401/401/401 2763/2763/2763
f 2750/2750/2750 4418/4418/4418 2763/2763/2763
f 2750/2750/2750 2763/2763/2763 755/755/755
f 749/749/749 2759/2759/2759 4419/4419/4419
f 749/749/749 4419/4419/4419 2752/2752/2752
f 2759/2759/2759 399/399/399 2018/2018/2018
f 2759/2759/2759 2018/2018/2018 4419/4419/4419
f 4419/4419/4419 2018/2018/2018 400/400/400
f 4419/4419/4419 400/400/400 2760/2760/2760
f 2752/2752/2752 4419/4419/4419 2760/2760/2760
f 2752/2752/2752 2760/2760/2760 753/753/753
f 797/797/797 2761/2761/2761 4420/4420/4420
f 797/797/797 4420/4420/4420 2682/2682/2682
f 2761/2761/2761 422/422/422 1995/1995/1995
f 2761/2761/2761 1995/1995/1995 4420/4420/4420
f 4420/4420/4420 1995/1995/1995 398/398/398
f 4420/4420/4420 398/398/398 2758/2758/2758
f 2682/2682/2682 4420/4420/4420 2758/2758/2758
f 2682/2682/2682 2758/2758/2758 748/748/748
f 671/671/671 2338/2338/2338 4421/4421/4421
f 671/671/671 4421/4421/4421 2337/2337/2337
f 2338/2338/2338 598/598/598 2339/2339/2339
f 2338/2338/2338 2339/2339/2339 4421/4421/4421
f 4421/4421/4421 2339/2339/2339 602/602/602
f 4421/4421/4421 602/602/602 2341/2341/2341
f 2337/2337/2337 4421/4421/4421 2341/2341/2341
f 2337/2337/2337 2341/2341/2341 672/672/672
f 672/672/672 2341/2341/2341 4422/4422/4422
f 672/672/672 4422/4422/4422 2342/2342/2342
f 2341/2341/2341 602/602/602 2343/2343/2343
f 2341/2341/2341 2343/2343/2343 4422/4422/4422
f 4422/4422/4422 2343/2343/2343 600/600/600
f 4422/4422/4422 600/600/600 2345/2345/2345
f 2342/2342/2342 4422/4422/4422 2345/2345/2345
f 2342/2342/2342 2345/2345/2345 670/670/670
f 668/668/668 2347/2347/2347 4423/4423/4423
f 668/668/668 4423/4423/4423 2346/2346/2346
f 2347/2347/2347 671/671/671 2337/2337/2337
f 2347/2347/2347 2337/2337/2337 4423/4423/4423
f 4423/4423/4423 2337/2337/2337 672/672/672
f 4423/4423/4423 672/672/672 2348/2348/2348
f 2346/2346/2346 4423/4423/4423 2348/2348/2348
f 2346/2346/2346 2348/2348/2348 669/669/669
f 669/669/669 2348/2348/2348 4424/4424/4424
f 669/669/669 4424/4424/4424 2349/2349/2349
f 2348/2348/2348 672/672/672 2342/2342/2342
f 2348/2348/2348 2342/2342/2342 4424/4424/4424
f 4424/4424/4424 2342/2342/2342 670/670/670
f 4424/4424/4424 670/670/670 2350/2350/2350
f 2349/2349/2349 4424/4424/4424 2350/2350/2350
f 2349/2349/2349 2350/2350/2350 667/667/667
f 665/665/665 2352/2352/2352 4425/4425/4425
f 665/665/665 4425/4425/4425 2351/2351/2351
f 2352/2352/2352 668/668/668 2346/2346/2346
f 2352/2352/2352 2346/2346/2346 4425/4425/4425
f 4425/4425/4425 2346/2346/2346 669/669/669
f 4425/4425/4425 669/669/669 2353/2353/2353
f 2351/2351/2351 4425/4425/4425 2353/2353/2353
f 2351/2351/2351 2353/2353/2353 666/666/666
f 666/666/666 2353/2353/2353 4426/4426/4426
f 666/666/666 4426/4426/4426 2354/2354/2354
f 2353/2353/2353 669/669/669 2349/2349/2349
f 2353/2353/2353 2349/2349/2349 4426/4426/4426
f 4426/4426/4426 2349/2349/2349 667/667/667
f 4426/4426/4426 667/667/667 2355/2355/2355
f 2354/2354/2354 4426/4426/4426 2355/2355/2355
f 2354/2354/2354 2355/2355/2355 664/664/664
f 662/662/662 2357/2357/2357 4427/4427/4427
f 662/662/662 4427/4427/4427 2356/2356/2356
f 2357/2357/2357 665/665/665 2351/2351/2351
f 2357/2357/2357 2351/2351/2351 4427/4427/4427
f 4427/4427/4427 2351/2351/2351 666/666/666
f 4427/4427/4427 666/666/666 2358/2358/2358
f 2356/2356/2356 4427/4427/4427 2358/2358/2358
f 2356/2356/2356 2358/2358/2358 663/663/663
f 663/663/663 2358/2358/2358 4428/4428/4428
f 663/663/663 4428/4428/4428 2359/2359/2359
f 2358/2358/2358 666/666/666 2354/2354/2354
f 2358/2358/2358 2354/2354/2354 4428/4428/4428
f 4428/4428/4428 2354/2354/2354 664/664/664
f 4428/4428/4428 664/664/664 2360/2360/2360
f 2359/2359/2359 4428/4428/4428 2360/2360/2360
f 2359/2359/2359 2360/2360/2360 661/661/661
f 659/659/659 2362/2362/2362 4429/4429/4429
f 659/659/659 4429/4429/4429 2361/2361/2361
f 2362/2362/2362 662/662/662 2356/2356/2356
f 2362/2362/2362 2356/2356/2356 4429/4429/4429
f 4429/4429/4429 2356/2356/2356 663/663/663
f 4429/4429/4429 663/663/663 2363/2363/2363
f 2361/2361/2361 4429/4429/4429 2363/2363/2363
f 2361/2361/2361 2363/2363/2363 660/660/660
f 660/660/660 2363/2363/2363 4430/4430/4430
f 660/660/660 4430/4430/4430 2364/2364/2364
f 2363/2363/2363 663/663/663 2359/2359/2359
f 2363/2363/2363 2359/2359/2359 4430/4430/4430
f 4430/4430/4430 2359/2359/2359 661/661/661
f 4430/4430/4430 661/661/661 2365/2365/2365
f 2364/2364/2364 4430/4430/4430 2365/2365/2365
f 2364/2364/2364 2365/2365/2365 658/658/658
f 656/656/656 2367/2367/2367 4431/4431/4431
f 656/656/656 4431/4431/4431 2366/2366/2366
f 2367/2367/2367 659/659/659 2361/2361/2361
f 2367/2367/2367 2361/2361/2361 4431/4431/4431
f 4431/4431/4431 2361/2361/2361 660/660/660
f 4431/4431/4431 660/660/660 2368/2368/2368
f 2366/2366/2366 4431/4431/4431 2368/2368/2368
f 2366/2366/2366 2368/2368/2368 657/657/657
f 657/657/657 2368/2368/2368 4432/4432/4432
f 657/657/657 4432/4432/4432 2369/2369/2369
f 2368/2368/2368 660/660/660 2364/2364/2364
f 2368/2368/2368 2364/2364/2364 4432/4432/4432
f 4432/4432/4432 2364/2364/2364 658/658/658
f 4432/4432/4432 658/658/658 2370/2370/2370
f 2369/2369/2369 4432/4432/4432 2370/2370/2370
f 2369/2369/2369 2370/2370/2370 655/655/655
f 653/653/653 2372/2372/2372 4433/4433/4433
f 653/653/653 4433/4433/4433 2371/2371/2371
f 2372/2372/2372 656/656/656 2366/2366/2366
f 2372/2372/2372 2366/2366/2366 4433/4433/4433
f 4433/4433/4433 2366/2366/2366 657/657/657
f 4433/4433/4433 657/657/657 2373/2373/2373
f 2371/2371/2371 4433/4433/4433 2373/2373/2373
f 2371/2371/2371 2373/2373/2373 654/654/654
f 654/654/654 2373/2373/2373 4434/4434/4434
f 654/654/654 4434/4434/4434 2374/2374/2374
f 2373/2373/2373 657/657/657 2369/2369/2369
f 2373/2373/2373 2369/2369/2369 4434/4434/4434
f 4434/4434/4434 2369/2369/2369 655/655/655
f 4434/4434/4434 655/655/655 2375/2375/2375
f 2374/2374/2374 4434/4434/4434 2375/2375/2375
f 2374/2374/2374 2375/2375/2375 652/652/652
f 650/650/650 2377/2377/2377 4435/4435/4435
f 650/650/650 4435/4435/4435 2376/2376/2376
f 2377/2377/2377 653/653/653 2371/2371/2371
f 2377/2377/2377 2371/2371/2371 4435/4435/4435
f 4435/4435/4435 2371/2371/2371 654/654/654
f 4435/4435/4435 654/654/654 2378/2378/2378
f 2376/2376/2376 4435/4435/4435 2378/2378/2378
f 2376/2376/2376 2378/2378/2378 651/651/651
f 651/651/651 2378/2378/2378 4436/4436/4436
f 651/651/651 4436/4436/4436 2379/2379/2379
f 2378/2378/2378 654/654/654 2374/2374/2374
f 2378/2378/2378 2374/2374/2374 4436/4436/4436
f 4436/4436/4436 2374/2374/2374 652/652/652
f 4436/4436/4436 652/652/652 2380/2380/2380
f 2379/2379/2379 4436/4436/4436 2380/2380/2380
f 2379/2379/2379 2380/2380/2380 649/649/649
f 647/647/647 2382/2382/2382 4437/4437/4437
f 647/647/647 4437/4437/4437 2381/2381/2381
f 2382/2382/2382 650/650/650 2376/2376/2376
f 2382/2382/2382 2376/2376/2376 4437/4437/4437
f 4437/4437/4437 2376/2376/2376 651/651/651
f 4437/4437/4437 651/651/651 2383/2383/2383
f 2381/2381/2381 4437/4437/4437 2383/2383/2383
f 2381/2381/2381 2383/2383/2383 648/648/648
f 648/648/648 2383/2383/2383 4438/4438/4438
f 648/648/648 4438/4438/4438 2384/2384/2384
f 2383/2383/2383 651/651/651 2379/2379/2379
f 2383/2383/2383 2379/2379/2379 4438/4438/4438
f 4438/4438/4438 2379/2379/2379 649/649/649
f 4438/4438/4438 649/649/649 2385/2385/2385
f 2384/2384/2384 4438/4438/4438 2385/2385/2385
f 2384/2384/2384 2385/2385/2385 646/646/646
f 644/644/644 2387/2387/2387 4439/4439/4439
f 644/644/644 4439/4439/4439 2386/2386/2386
f 2387/2387/2387 647/647/647 2381/2381/2381
f 2387/2387/2387 2381/2381/2381 4439/4439/4439
f 4439/4439/4439 2381/2381/2381 648/648/648
f 4439/4439/4439 648/648/648 2388/2388/2388
f 2386/2386/2386 4439/4439/4439 2388/2388/2388
f 2386/2386/2386 2388/2388/2388 645/645/645
f 645/645/645 2388/2388/2388 4440/4440/4440
f 645/645/645 4440/4440/4440 2389/2389/2389
f 2388/2388/2388 648/648/648 2384/2384/2384
f 2388/2388/2388 2384/2384/2384 4440/4440/4440
f 4440/4440/4440 2384/2384/2384 646/646/646
f 4440/4440/4440 646/646/646 2390/2390/2390
f 2389/2389/2389 4440/4440/4440 2390/2390/2390
f 2389/2389/2389 2390/2390/2390 643/643/643
f 641/641/641 2392/2392/2392 4441/4441/4441
f 641/641/641 4441/4441/4441 2391/2391/2391
f 2392/2392/2392 644/644/644 2386/2386/2386
f 2392/2392/2392 2386/2386/2386 4441/4441/4441
f 4441/4441/4441 2386/2386/2386 645/645/645
f 4441/4441/4441 645/645/645 2393/2393/2393
f 2391/2391/2391 4441/4441/4441 2393/2393/2393
f 2391/2391/2391 2393/2393/2393 642/642/642
f 642/642/642 2393/2393/2393 4442/4442/4442
f 642/642/642 4442/4442/4442 2394/2394/2394
f 2393/2393/2393 645/645/645 2389/2389/2389
f 2393/2393/2393 2389/2389/2389 4442/4442/4442
f 4442/4442/4442 2389/2389/2389 643/643/643
f 4442/4442/4442 643/643/643 2395/2395/2395
f 2394/2394/2394 4442/4442/4442 2395/2395/2395
f 2394/2394/2394 2395/2395/2395 640/640/640
f 638/638/638 2397/2397/2397 4443/4443/4443
f 638/638/638 4443/4443/4443 2396/2396/2396
f 2397/2397/2397 641/641/641 2391/2391/2391
f 2397/2397/2397 2391/2391/2391 4443/4443/4443
f 4443/4443/4443 2391/2391/2391 642/642/642
f 4443/4443/4443 642/642/642 2398/2398/2398
f 2396/2396/2396 4443/4443/4443 2398/2398/2398
f 2396/2396/2396 2398/2398/2398 639/639/639
f 639/639/639 2398/2398/2398 4444/4444/4444
f 639/639/639 4444/4444/4444 2399/2399/2399
f 2398/2398/2398 642/642/642 2394/2394/2394
f 2398/2398/2398 2394/2394/2394 4444/4444/4444
f 4444/4444/4444 2394/2394/2394 640/640/640
f 4444/4444/4444 640/640/640 2400/2400/2400
f 2399/2399/2399 4444/4444/4444 2400/2400/2400
f 2399/2399/2399 2400/2400/2400 637/637/637
f 635/635/635 2402/2402/2402 4445/4445/4445
f 635/635/635 4445/4445/4445 2401/2401/2401
f 2402/2402/2402 638/638/638 2396/2396/2396
f 2402/2402/2402 2396/2396/2396 4445/4445/4445
f 4445/4445/4445 2396/2396/2396 639/639/639
f 4445/4445/4445 639/639/639 2403/2403/2403
f 2401/2401/2401 4445/4445/4445 2403/2403/2403
f 2401/2401/2401 2403/2403/2403 636/636/636
f 636/636/636 2403/2403/2403 4446/4446/4446
f 636/636/636 4446/4446/4446 2404/2404/2404
f 2403/2403/2403 639/639/639 2399/2399/2399
f 2403/2403/2403 2399/2399/2399 4446/4446/4446
f 4446/4446/4446 2399/2399/2399 637/637/637
f 4446/4446/4446 637/637/637 2405/2405/2405
f 2404/2404/2404 4446/4446/4446 2405/2405/2405
f 2404/2404/2404 2405/2405/2405 634/634/634
f 632/632/632 2407/2407/2407 4447/4447/4447
f 632/632/632 4447/4447/4447 2406/2406/2406
f 2407/2407/2407 635/635/635 2401/2401/2401
f 2407/2407/2407 2401/2401/2401 4447/4447/4447
f 4447/4447/4447 2401/2401/2401 636/636/636
f 4447/4447/4447 636/636/636 2408/2408/2408
f 2406/2406/2406 4447/4447/4447 2408/2408/2408
f 2406/2406/2406 2408/2408/2408 633/633/633
f 633/633/633 2408/2408/2408 4448/4448/4448
f 633/633/633 4448/4448/4448 2409/2409/2409
f 2408/2408/2408 636/636/636 2404/2404/2404
f 2408/2408/2408 2404/2404/2404 4448/4448/4448
f 4448/4448/4448 2404/2404/2404 634/634/634
f 4448/4448/4448 634/634/634 2410/2410/2410
f 2409/2409/2409 4448/4448/4448 2410/2410/2410
f 2409/2409/2409 2410/2410/2410 631/631/631
f 629/629/629 2412/2412/2412 4449/4449/4449
f 629/629/629 4449/4449/4449 2411/2411/2411
f 2412/2412/2412 632/632/632 2406/2406/2406
f 2412/2412/2412 2406/2406/2406 4449/4449/4449
f 4449/4449/4449 2406/2406/2406 633/633/633
f 4449/4449/4449 633/633/633 2413/2413/2413
f 2411/2411/2411 4449/4449/4449 2413/2413/2413
f 2411/2411/2411 2413/2413/2413 630/630/630
f 630/630/630 2413/2413/2413 4450/4450/4450
f 630/630/630 4450/4450/4450 2414/2414/2414
f 2413/2413/2413 633/633/633 2409/2409/2409
f 2413/2413/2413 2409/2409/2409 4450/4450/4450
f 4450/4450/4450 2409/2409/2409 631/631/631
f 4450/4450/4450 631/631/631 2415/2415/2415
f 2414/2414/2414 4450/4450/4450 2415/2415/2415
f 2414/2414/2414 2415/2415/2415 628/628/628
f 626/626/626 2417/2417/2417 4451/4451/4451
f 626/626/626 4451/4451/4451 2416/2416/2416
f 2417/2417/2417 629/629/629 2411/2411/2411
f 2417/2417/2417 2411/2411/2411 4451/4451/4451
f 4451/4451/4451 2411/2411/2411 630/630/630
f 4451/4451/4451 630/630/630 2418/2418/2418
f 2416/2416/2416 4451/4451/4451 2418/2418/2418
f 2416/2416/2416 2418/2418/2418 627/627/627
f 627/627/627 2418/2418/2418 4452/4452/4452
f 627/627/627 4452/4452/4452 2419/2419/2419
f 2418/2418/2418 630/630/630 2414/2414/2414
f 2418/2418/2418 2414/2414/2414 4452/4452/4452
f 4452/4452/4452 2414/2414/2414 628/628/628
f 4452/4452/4452 628/628/628 2420/2420/2420
f 2419/2419/2419 4452/4452/4452 2420/2420/2420
f 2419/2419/2419 2420/2420/2420 625/625/625
f 623/623/623 2422/2422/2422 4453/4453/4453
f 623/623/623 4453/4453/4453 2421/2421/2421
f 2422/2422/2422 626/626/626 2416/2416/2416
f 2422/2422/2422 2416/2416/2416 4453/4453/4453
f 4453/4453/4453 2416/2416/2416 627/627/627
f 4453/4453/4453 627/627/627 2423/2423/2423
f 2421/2421/2421 4453/4453/4453 2423/2423/2423
f 2421/2421/2421 2423/2423/2423 624/624/624
f 624/624/624 2423/2423/2423 4454/4454/4454
f 624/624/624 4454/4454/4454 2424/2424/2424
f 2423/2423/2423 627/627/627 2419/2419/2419
f 2423/2423/2423 2419/2419/2419 4454/4454/4454
f 4454/4454/4454 2419/2419/2419 625/625/625
f 4454/4454/4454 625/625/625 2425/2425/2425
f 2424/2424/2424 4454/4454/4454 2425/2425/2425
f 2424/2424/2424 2425/2425/2425 622/622/622
f 620/620/620 2427/2427/2427 4455/4455/4455
f 620/620/620 4455/4455/4455 2426/2426/2426
f 2427/2427/2427 623/623/623 2421/2421/2421
f 2427/2427/2427 2421/2421/2421 4455/4455/4455
f 4455/4455/4455 2421/2421/2421 624/624/624
f 4455/4455/4455 624/624/624 2428/2428/2428
f 2426/2426/2426 4455/4455/4455 2428/2428/2428
f 2426/2426/2426 2428/2428/2428 621/621/621
f 621/621/621 2428/2428/2428 4456/4456/4456
f 621/621/621 4456/4456/4456 2429/2429/2429
f 2428/2428/2428 624/624/624 2424/2424/2424
f 2428/2428/2428 2424/2424/2424 4456/4456/4456
f 4456/4456/4456 2424/2424/2424 622/622/622
f 4456/4456/4456 622/622/622 2430/2430/2430
f 2429/2429/2429 4456/4456/4456 2430/2430/2430
f 2429/2429/2429 2430/2430/2430 619/619/619
f 617/617/617 2432/2432/2432 4457/4457/4457
f 617/617/617 4457/4457/4457 2431/2431/2431
f 2432/2432/2432 620/620/620 2426/2426/2426
f 2432/2432/2432 2426/2426/2426 4457/4457/4457
f 4457/4457/4457 2426/2426/2426 621/621/621
f 4457/4457/4457 621/621/621 2433/2433/2433
f 2431/2431/2431 4457/4457/4457 2433/2433/2433
f 2431/2431/2431 2433/2433/2433 618/618/618
f 618/618/618 2433/2433/2433 4458/4458/4458
f 618/618/618 4458/4458/4458 2434/2434/2434
f 2433/2433/2433 621/621/621 2429/2429/2429
f 2433/2433/2433 2429/2429/2429 4458/4458/4458
f 4458/4458/4458 2429/2429/2429 619/619/619
f 4458/4458/4458 619/619/619 2435/2435/2435
f 2434/2434/2434 4458/4458/4458 2435/2435/2435
f 2434/2434/2434 2435/2435/2435 616/616/616
f 614/614/614 2437/2437/2437 4459/4459/4459
f 614/614/614 4459/4459/4459 2436/2436/2436
f 2437/2437/2437 617/617/617 2431/2431/2431
f 2437/2437/2437 2431/2431/2431 4459/4459/4459
f 4459/4459/4459 2431/2431/2431 618/618/618
f 4459/4459/4459 618/618/618 2438/2438/2438
f 2436/2436/2436 4459/4459/4459 2438/2438/2438
f 2436/2436/2436 2438/2438/2438 615/615/615
f 615/615/615 2438/2438/2438 4460/4460/4460
f 615/615/615 4460/4460/4460 2439/2439/2439
f 2438/2438/2438 618/618/618 2434/2434/2434
f 2438/2438/2438 2434/2434/2434 4460/4460/4460
f 4460/4460/4460 2434/2434/2434 616/616/616
f 4460/4460/4460 616/616/616 2440/2440/2440
f 2439/2439/2439 4460/4460/4460 2440/2440/2440
f 2439/2439/2439 2440/2440/2440 613/613/613
f 611/611/611 2442/2442/2442 4461/4461/4461
f 611/611/611 4461/4461/4461 2441/2441/2441
f 2442/2442/2442 614/614/614 2436/2436/2436
f 2442/2442/2442 2436/2436/2436 4461/4461/4461
f 4461/4461/4461 2436/2436/2436 615/615/615
f 4461/4461/4461 615/615/615 2443/2443/2443
f 2441/2441/2441 4461/4461/4461 2443/2443/2443
f 2441/2441/2441 2443/2443/2443 612/612/612
f 612/612/612 2443/2443/2443 4462/4462/4462
f 612/612/612 4462/4462/4462 2444/2444/2444
f 2443/2443/2443 615/615/615 2439/2439/2439
f 2443/2443/2443 2439/2439/2439 4462/4462/4462
f 4462/4462/4462 2439/2439/2439 613/613/613
f 4462/4462/4462 613/613/613 2445/2445/2445
f 2444/2444/2444 4462/4462/4462 2445/2445/2445
f 2444/2444/2444 2445/2445/2445 610/610/610
f 608/608/608 2447/2447/2447 4463/4463/4463
f 608/608/608 4463/4463/4463 2446/2446/2446
f 2447/2447/2447 611/611/611 2441/2441/2441
f 2447/2447/2447 2441/2441/2441 4463/4463/4463
f 4463/4463/4463 2441/2441/2441 612/612/612
f 4463/4463/4463 612/612/612 2448/2448/2448
f 2446/2446/2446 4463/4463/4463 2448/2448/2448
f 2446/2446/2446 2448/2448/2448 609/609/609
f 609/609/609 2448/2448/2448 4464/4464/4464
f 609/609/609 4464/4464/4464 2449/2449/2449
f 2448/2448/2448 612/612/612 2444/2444/2444
f 2448/2448/2448 2444/2444/2444 4464/4464/4464
f 4464/4464/4464 2444/2444/2444 610/610/610
f 4464/4464/4464 610/610/610 2450/2450/2450
f 2449/2449/2449 4464/4464/4464 2450/2450/2450
f 2449/2449/2449 2450/2450/2450 607/607/607
f 605/605/605 2452/2452/2452 4465/4465/4465
f 605/605/605 4465/4465/4465 2451/2451/2451
f 2452/2452/2452 608/608/608 2446/2446/2446
f 2452/2452/2452 2446/2446/2446 4465/4465/4465
f 4465/4465/4465 2446/2446/2446 609/609/609
f 4465/4465/4465 609/609/609 2453/2453/2453
f 2451/2451/2451 4465/4465/4465 2453/2453/2453
f 2451/2451/2451 2453/2453/2453 606/606/606
f 606/606/606 2453/2453/2453 4466/4466/4466
f 606/606/606 4466/4466/4466 2454/2454/2454
f 2453/2453/2453 609/609/609 2449/2449/2449
f 2453/2453/2453 2449/2449/2449 4466/4466/4466
f 4466/4466/4466 2449/2449/2449 607/607/607
f 4466/4466/4466 607/607/607 2455/2455/2455
f 2454/2454/2454 4466/4466/4466 2455/2455/2455
f 2454/2454/2454 2455/2455/2455 604/604/604
f 599/599/599 2456/2456/2456 4467/4467/4467
f 599/599/599 4467/4467/4467 2340/2340/2340
f 2456/2456/2456 605/605/605 2451/2451/2451
f 2456/2456/2456 2451/2451/2451 4467/4467/4467
f 4467/4467/4467 2451/2451/2451 606/606/606
f 4467/4467/4467 606/606/606 2457/2457/2457
f 2340/2340/2340 4467/4467/4467 2457/2457/2457
f 2340/2340/2340 2457/2457/2457 603/603/603
f 603/603/603 2457/2457/2457 4468/4468/4468
f 603/603/603 4468/4468/4468 2344/2344/2344
f 2457/2457/2457 606/606/606 2454/2454/2454
f 2457/2457/2457 2454/2454/2454 4468/4468/4468
f 4468/4468/4468 2454/2454/2454 604/604/604
f 4468/4468/4468 604/604/604 2458/2458/2458
f 2344/2344/2344 4468/4468/4468 2458/2458/2458
f 2344/2344/2344 2458/2458/2458 601/601/601
f 1114/1114/1114 2459/2459/2459 4469/4469/4469
f 1114/1114/1114 4469/4469/4469 3507/3507/3507
f 2459/2459/2459 347/347/347 1871/1871/1871
f 2459/2459/2459 1871/1871/1871 4469/4469/4469
f 4469/4469/4469 1871/1871/1871 322/322/322
f 4469/4469/4469 322/322/322 3483/3483/3483
f 3507/3507/3507 4469/4469/4469 3483/3483/3483
f 3507/3507/3507 3483/3483/3483 1115/1115/1115
f 675/675/675 2511/2511/2511 4470/4470/4470
f 675/675/675 4470/4470/4470 2509/2509/2509
f 2511/2511/2511 745/745/745 2512/2512/2512
f 2511/2511/2511 2512/2512/2512 4470/4470/4470
f 4470/4470/4470 2512/2512/2512 747/747/747
f 4470/4470/4470 747/747/747 2513/2513/2513
f 2509/2509/2509 4470/4470/4470 2513/2513/2513
f 2509/2509/2509 2513/2513/2513 677/677/677
f 677/677/677 2513/2513/2513 4471/4471/4471
f 677/677/677 4471/4471/4471 2514/2514/2514
f 2513/2513/2513 747/747/747 2516/2516/2516
f 2513/2513/2513 2516/2516/2516 4471/4471/4471
f 4471/4471/4471 2516/2516/2516 746/746/746
f 4471/4471/4471 746/746/746 2517/2517/2517
f 2514/2514/2514 4471/4471/4471 2517/2517/2517
f 2514/2514/2514 2517/2517/2517 673/673/673
f 745/745/745 2518/2518/2518 4472/4472/4472
f 745/745/745 4472/4472/4472 2512/2512/2512
f 2518/2518/2518 742/742/742 2519/2519/2519
f 2518/2518/2518 2519/2519/2519 4472/4472/4472
f 4472/4472/4472 2519/2519/2519 744/744/744
f 4472/4472/4472 744/744/744 2520/2520/2520
f 2512/2512/2512 4472/4472/4472 2520/2520/2520
f 2512/2512/2512 2520/2520/2520 747/747/747
f 747/747/747 2520/2520/2520 4473/4473/4473
f 747/747/747 4473/4473/4473 2516/2516/2516
f 2520/2520/2520 744/744/744 2521/2521/2521
f 2520/2520/2520 2521/2521/2521 4473/4473/4473
f 4473/4473/4473 2521/2521/2521 743/743/743
f 4473/4473/4473 743/743/743 2522/2522/2522
f 2516/2516/2516 4473/4473/4473 2522/2522/2522
f 2516/2516/2516 2522/2522/2522 746/746/746
f 742/742/742 2523/2523/2523 4474/4474/4474
f 742/742/742 4474/4474/4474 2519/2519/2519
f 2523/2523/2523 739/739/739 2524/2524/2524
f 2523/2523/2523 2524/2524/2524 4474/4474/4474
f 4474/4474/4474 2524/2524/2524 741/741/741
f 4474/4474/4474 741/741/741 2525/2525/2525
f 2519/2519/2519 4474/4474/4474 2525/2525/2525
f 2519/2519/2519 2525/2525/2525 744/744/744
f 744/744/744 2525/2525/2525 4475/4475/4475
f 744/744/744 4475/4475/4475 2521/2521/2521
f 2525/2525/2525 741/741/741 2526/2526/2526
f 2525/2525/2525 2526/2526/2526 4475/4475/4475
f 4475/4475/4475 2526/2526/2526 740/740/740
f 4475/4475/4475 740/740/740 2527/2527/2527
f 2521/2521/2521 4475/4475/4475 2527/2527/2527
f 2521/2521/2521 2527/2527/2527 743/743/743
f 739/739/739 2528/2528/2528 4476/4476/4476
f 739/739/739 4476/4476/4476 2524/2524/2524
f 2528/2528/2528 736/736/736 2529/2529/2529
f 2528/2528/2528 2529/2529/2529 4476/4476/4476
f 4476/4476/4476 2529/2529/2529 738/738/738
f 4476/4476/4476 738/738/738 2530/2530/2530
f 2524/2524/2524 4476/4476/4476 2530/2530/2530
f 2524/2524/2524 2530/2530/2530 741/741/741
f 741/741/741 2530/2530/2530 4477/4477/4477
f 741/741/741 4477/4477/4477 2526/2526/2526
f 2530/2530/2530 738/738/738 2531/2531/2531
f 2530/2530/2530 2531/2531/2531 4477/4477/4477
f 4477/4477/4477 2531/2531/2531 737/737/737
f 4477/4477/4477 737/737/737 2532/2532/2532
f 2526/2526/2526 4477/4477/4477 2532/2532/2532
f 2526/2526/2526 2532/2532/2532 740/740/740
f 736/736/736 2533/2533/2533 4478/4478/4478
f 736/736/736 4478/4478/4478 2529/2529/2529
f 2533/2533/2533 733/733/733 2534/2534/2534
f 2533/2533/2533 2534/2534/2534 4478/4478/4478
f 4478/4478/4478 2534/2534/2534 735/735/735
f 4478/4478/4478 735/735/735 2535/2535/2535
f 2529/2529/2529 4478/4478/4478 2535/2535/2535
f 2529/2529/2529 2535/2535/2535 738/738/738
f 738/738/738 2535/2535/2535 4479/4479/4479
f 738/738/738 4479/4479/4479 2531/2531/2531
f 2535/2535/2535 735/735/735 2536/2536/2536
f 2535/2535/2535 2536/2536/2536 4479/4479/4479
f 4479/4479/4479 2536/2536/2536 734/734/734
f 4479/4479/4479 734/734/734 2537/2537/2537
f 2531/2531/2531 4479/4479/4479 2537/2537/2537
f 2531/2531/2531 2537/2537/2537 737/737/737
f 733/733/733 2538/2538/2538 4480/4480/4480
f 733/733/733 4480/4480/4480 2534/2534/2534
f 2538/2538/2538 730/730/730 2539/2539/2539
f 2538/2538/2538 2539/2539/2539 4480/4480/4480
f 4480/4480/4480 2539/2539/2539 732/732/732
f 4480/4480/4480 732/732/732 2540/2540/2540
f 2534/2534/2534 4480/4480/4480 2540/2540/2540
f 2534/2534/2534 2540/2540/2540 735/735/735
f 735/735/735 2540/2540/2540 4481/4481/4481
f 735/735/735 4481/4481/4481 2536/2536/2536
f 2540/2540/2540 732/732/732 2541/2541/2541
f 2540/2540/2540 2541/2541/2541 4481/4481/4481
f 4481/4481/4481 2541/2541/2541 731/731/731
f 4481/4481/4481 731/731/731 2542/2542/2542
f 2536/2536/2536 4481/4481/4481 2542/2542/2542
f 2536/2536/2536 2542/2542/2542 734/734/734
f 730/730/730 2543/2543/2543 4482/4482/4482
f 730/730/730 4482/4482/4482 2539/2539/2539
f 2543/2543/2543 727/727/727 2544/2544/2544
f 2543/2543/2543 2544/2544/2544 4482/4482/4482
f 4482/4482/4482 2544/2544/2544 729/729/729
f 4482/4482/4482 729/729/729 2545/2545/2545
f 2539/2539/2539 4482/4482/4482 2545/2545/2545
f 2539/2539/2539 2545/2545/2545 732/732/732
f 732/732/732 2545/2545/2545 4483/4483/4483
f 732/732/732 4483/4483/4483 2541/2541/2541
f 2545/2545/2545 729/729/729 2546/2546/2546
f 2545/2545/2545 2546/2546/2546 4483/4483/4483
f 4483/4483/4483 2546/2546/2546 728/728/728
f 4483/4483/4483 728/728/728 2547/2547/2547
f 2541/2541/2541 4483/4483/4483 2547/2547/2547
f 2541/2541/2541 2547/2547/2547 731/731/731
f 727/727/727 2548/2548/2548 4484/4484/4484
f 727/727/727 4484/4484/4484 2544/2544/2544
f 2548/2548/2548 724/724/724 2549/2549/2549
f 2548/2548/2548 2549/2549/2549 4484/4484/4484
f 4484/4484/4484 2549/2549/2549 726/726/726
f 4484/4484/4484 726/726/726 2550/2550/2550
f 2544/2544/2544 4484/4484/4484 2550/2550/2550
f 2544/2544/2544 2550/2550/2550 729/729/729
f 729/729/729 2550/2550/2550 4485/4485/4485
f 729/729/729 4485/4485/4485 2546/2546/2546
f 2550/2550/2550 726/726/726 2551/2551/2551
f 2550/2550/2550 2551/2551/2551 4485/4485/4485
f 4485/4485/4485 2551/2551/2551 725/725/725
f 4485/4485/4485 725/725/725 2552/2552/2552
f 2546/2546/2546 4485/4485/4485 2552/2552/2552
f 2546/2546/2546 2552/2552/2552 728/728/728
f 724/724/724 2553/2553/2553 4486/4486/4486
f 724/724/724 4486/4486/4486 2549/2549/2549
f 2553/2553/2553 721/721/721 2554/2554/2554
f 2553/2553/2553 2554/2554/2554 4486/4486/4486
f 4486/4486/4486 2554/2554/2554 723/723/723
f 4486/4486/4486 723/723/723 2555/2555/2555
f 2549/2549/2549 4486/4486/4486 2555/2555/2555
f 2549/2549/2549 2555/2555/2555 726/726/726
f 726/726/726 2555/2555/2555 4487/4487/4487
f 726/726/726 4487/4487/4487 2551/2551/2551
f 2555/2555/2555 723/723/723 2556/2556/2556
f 2555/2555/2555 2556/2556/2556 4487/4487/4487
f 4487/4487/4487 2556/2556/2556 722/722/722
f 4487/4487/4487 722/722/722 2557/2557/2557
f 2551/2551/2551 4487/4487/4487 2557/2557/2557
f 2551/2551/2551 2557/2557/2557 725/725/725
f 721/721/721 2558/2558/2558 4488/4488/4488
f 721/721/721 4488/4488/4488 2554/2554/2554
f 2558/2558/2558 718/718/718 2559/2559/2559
f 2558/2558/2558 2559/2559/2559 4488/4488/4488
f 4488/4488/4488 2559/2559/2559 720/720/720
f 4488/4488/4488 720/720/720 2560/2560/2560
f 2554/2554/2554 4488/4488/4488 2560/2560/2560
f 2554/2554/2554 2560/2560/2560 723/723/723
f 723/723/723 2560/2560/2560 4489/4489/4489
f 723/723/723 4489/4489/4489 2556/2556/2556
f 2560/2560/2560 720/720/720 2561/2561/2561
f 2560/2560/2560 2561/2561/2561 4489/4489/4489
f 4489/4489/4489 2561/2561/2561 719/719/719
f 4489/4489/4489 719/719/719 2562/2562/2562
f 2556/2556/2556 4489/4489/4489 2562/2562/2562
f 2556/2556/2556 2562/2562/2562 722/722/722
f 718/718/718 2563/2563/2563 4490/4490/4490
f 718/718/718 4490/4490/4490 2559/2559/2559
f 2563/2563/2563 715/715/715 2564/2564/2564
f 2563/2563/2563 2564/2564/2564 4490/4490/4490
f 4490/4490/4490 2564/2564/2564 717/717/717
f 4490/4490/4490 717/717/717 2565/2565/2565
f 2559/2559/2559 4490/4490/4490 2565/2565/2565
f 2559/2559/2559 2565/2565/2565 720/720/720
f 720/720/720 2565/2565/2565 4491/4491/4491
f 720/720/720 4491/4491/4491 2561/2561/2561
f 2565/2565/2565 717/717/717 2566/2566/2566
f 2565/2565/2565 2566/2566/2566 4491/4491/4491
f 4491/4491/4491 2566/2566/2566 716/716/716
f 4491/4491/4491 716/716/716 2567/2567/2567
f 2561/2561/2561 4491/4491/4491 2567/2567/2567
f 2561/2561/2561 2567/2567/2567 719/719/719
f 715/715/715 2568/2568/2568 4492/4492/4492
f 715/715/715 4492/4492/4492 2564/2564/2564
f 2568/2568/2568 712/712/712 2569/2569/2569
f 2568/2568/2568 2569/2569/2569 4492/4492/4492
f 4492/4492/4492 2569/2569/2569 714/714/714
f 4492/4492/4492 714/714/714 2570/2570/2570
f 2564/2564/2564 4492/4492/4492 2570/2570/2570
f 2564/2564/2564 2570/2570/2570 717/717/717
f 717/717/717 2570/2570/2570 4493/4493/4493
f 717/717/717 4493/4493/4493 2566/2566/2566
f 2570/2570/2570 714/714/714 2571/2571/2571
f 2570/2570/2570 2571/2571/2571 4493/4493/4493
f 4493/4493/4493 2571/2571/2571 713/713/713
f 4493/4493/4493 713/713/713 2572/2572/2572
f 2566/2566/2566 4493/4493/4493 2572/2572/2572
f 2566/2566/2566 2572/2572/2572 716/716/716
f 712/712/712 2573/2573/2573 4494/4494/4494
f 712/712/712 4494/4494/4494 2569/2569/2569
f 2573/2573/2573 709/709/709 2574/2574/2574
f 2573/2573/2573 2574/2574/2574 4494/4494/4494
f 4494/4494/4494 2574/2574/2574 711/711/711
f 4494/4494/4494 711/711/711 2575/2575/2575
f 2569/2569/2569 4494/4494/4494 2575/2575/2575
f 2569/2569/2569 2575/2575/2575 714/714/714
f 714/714/714 2575/2575/2575 4495/4495/4495
f 714/714/714 4495/4495/4495 2571/2571/2571
f 2575/2575/2575 711/711/711 2576/2576/2576
f 2575/2575/2575 2576/2576/2576 4495/4495/4495
f 4495/4495/4495 2576/2576/2576 710/710/710
f 4495/4495/4495 710/710/710 2577/2577/2577
f 2571/2571/2571 4495/4495/4495 2577/2577/2577
f 2571/2571/2571 2577/2577/2577 713/713/713
f 709/709/709 2578/2578/2578 4496/4496/4496
f 709/709/709 4496/4496/4496 2574/2574/2574
f 2578/2578/2578 706/706/706 2579/2579/2579
f 2578/2578/2578 2579/2579/2579 4496/4496/4496
f 4496/4496/4496 2579/2579/2579 708/708/708
f 4496/4496/4496 708/708/708 2580/2580/2580
f 2574/2574/2574 4496/4496/4496 2580/2580/2580
f 2574/2574/2574 2580/2580/2580 711/711/711
f 711/711/711 2580/2580/2580 4497/4497/4497
f 711/711/711 4497/4497/4497 2576/2576/2576
f 2580/2580/2580 708/708/708 2581/2581/2581
f 2580/2580/2580 2581/2581/2581 4497/4497/4497
f 4497/4497/4497 2581/2581/2581 707/707/707
f 4497/4497/4497 707/707/707 2582/2582/2582
f 2576/2576/2576 4497/4497/4497 2582/2582/2582
f 2576/2576/2576 2582/2582/2582 710/710/710
f 706/706/706 2583/2583/2583 4498/4498/4498
f 706/706/706 4498/4498/4498 2579/2579/2579
f 2583/2583/2583 703/703/703 2584/2584/2584
f 2583/2583/2583 2584/2584/2584 4498/4498/4498
f 4498/4498/4498 2584/2584/2584 705/705/705
f 4498/4498/4498 705/705/705 2585/2585/2585
f 2579/2579/2579 4498/4498/4498 2585/2585/2585
f 2579/2579/2579 2585/2585/2585 708/708/708
f 708/708/708 2585/2585/2585 4499/4499/4499
f 708/708/708 4499/4499/4499 2581/2581/2581
f 2585/2585/2585 705/705/705 2586/2586/2586
f 2585/2585/2585 2586/2586/2586 4499/4499/4499
f 4499/4499/4499 2586/2586/2586 704/704/704
f 4499/4499/4499 704/704/704 2587/2587/2587
f 2581/2581/2581 4499/4499/4499 2587/2587/2587
f 2581/2581/2581 2587/2587/2587 707/707/707
f 703/703/703 2588/2588/2588 4500/4500/4500
f 703/703/703 4500/4500/4500 2584/2584/2584
f 2588/2588/2588 700/700/700 2589/2589/2589
f 2588/2588/2588 2589/2589/2589 4500/4500/4500
f 4500/4500/4500 2589/2589/2589 702/702/702
f 4500/4500/4500 702/702/702 2590/2590/2590
f 2584/2584/2584 4500/4500/4500 2590/2590/2590
f 2584/2584/2584 2590/2590/2590 705/705/705
f 705/705/705 2590/2590/2590 4501/4501/4501
f 705/705/705 4501/4501/4501 2586/2586/2586
f 2590/2590/2590 702/702/702 2591/2591/2591
f 2590/2590/2590 2591/2591/2591 4501/4501/4501
f 4501/4501/4501 2591/2591/2591 701/701/701
f 4501/4501/4501 701/701/701 2592/2592/2592
f 2586/2586/2586 4501/4501/4501 2592/2592/2592
f 2586/2586/2586 2592/2592/2592 704/704/704
f 700/700/700 2593/2593/2593 4502/4502/4502
f 700/700/700 4502/4502/4502 2589/2589/2589
f 2593/2593/2593 697/697/697 2594/2594/2594
f 2593/2593/2593 2594/2594/2594 4502/4502/4502
f 4502/4502/4502 2594/2594/2594 699/699/699
f 4502/4502/4502 699/699/699 2595/2595/2595
f 2589/2589/2589 4502/4502/4502 2595/2595/2595
f 2589/2589/2589 2595/2595/2595 702/702/702
f 702/702/702 2595/2595/2595 4503/4503/4503
f 702/702/702 4503/4503/4503 2591/2591/2591
f 2595/2595/2595 699/699/699 2596/2596/2596
f 2595/2595/2595 2596/2596/2596 4503/4503/4503
f 4503/4503/4503 2596/2596/2596 698/698/698
f 4503/4503/4503 698/698/698 2597/2597/2597
f 2591/2591/2591 4503/4503/4503 2597/2597/2597
f 2591/2591/2591 2597/2597/2597 701/701/701
f 697/697/697 2598/2598/2598 4504/4504/4504
f 697/697/697 4504/4504/4504 2594/2594/2594
f 2598/2598/2598 694/694/694 2599/2599/2599
f 2598/2598/2598 2599/2599/2599 4504/4504/4504
f 4504/4504/4504 2599/2599/2599 696/696/696
f 4504/4504/4504 696/696/696 2600/2600/2600
f 2594/2594/2594 4504/4504/4504 2600/2600/2600
f 2594/2594/2594 2600/2600/2600 699/699/699
f 699/699/699 2600/2600/2600 4505/4505/4505
f 699/699/699 4505/4505/4505 2596/2596/2596
f 2600/2600/2600 696/696/696 2601/2601/2601
f 2600/2600/2600 2601/2601/2601 4505/4505/4505
f 4505/4505/4505 2601/2601/2601 695/695/695
f 4505/4505/4505 695/695/695 2602/2602/2602
f 2596/2596/2596 4505/4505/4505 2602/2602/2602
f 2596/2596/2596 2602/2602/2602 698/698/698
f 694/694/694 2603/2603/2603 4506/4506/4506
f 694/694/694 4506/4506/4506 2599/2599/2599
f 2603/2603/2603 691/691/691 2604/2604/2604
f 2603/2603/2603 2604/2604/2604 4506/4506/4506
f 4506/4506/4506 2604/2604/2604 693/693/693
f 4506/4506/4506 693/693/693 2605/2605/2605
f 2599/2599/2599 4506/4506/4506 2605/2605/2605
f 2599/2599/2599 2605/2605/2605 696/696/696
f 696/696/696 2605/2605/2605 4507/4507/4507
f 696/696/696 4507/4507/4507 2601/2601/2601
f 2605/2605/2605 693/693/693 2606/2606/2606
f 2605/2605/2605 2606/2606/2606 4507/4507/4507
f 4507/4507/4507 2606/2606/2606 692/692/692
f 4507/4507/4507 692/692/692 2607/2607/2607
f 2601/2601/2601 4507/4507/4507 2607/2607/2607
f 2601/2601/2601 2607/2607/2607 695/695/695
f 691/691/691 2608/2608/2608 4508/4508/4508
f 691/691/691 4508/4508/4508 2604/2604/2604
f 2608/2608/2608 688/688/688 2609/2609/2609
f 2608/2608/2608 2609/2609/2609 4508/4508/4508
f 4508/4508/4508 2609/2609/2609 690/690/690
f 4508/4508/4508 690/690/690 2610/2610/2610
f 2604/2604/2604 4508/4508/4508 2610/2610/2610
f 2604/2604/2604 2610/2610/2610 693/693/693
f 693/693/693 2610/2610/2610 4509/4509/4509
f 693/693/693 4509/4509/4509 2606/2606/2606
f 2610/2610/2610 690/690/690 2611/2611/2611
f 2610/2610/2610 2611/2611/2611 4509/4509/4509
f 4509/4509/4509 2611/2611/2611 689/689/689
f 4509/4509/4509 689/689/689 2612/2612/2612
f 2606/2606/2606 4509/4509/4509 2612/2612/2612
f 2606/2606/2606 2612/2612/2612 692/692/692
f 688/688/688 2613/2613/2613 4510/4510/4510
f 688/688/688 4510/4510/4510 2609/2609/2609
f 2613/2613/2613 685/685/685 2614/2614/2614
f 2613/2613/2613 2614/2614/2614 4510/4510/4510
f 4510/4510/4510 2614/2614/2614 687/687/687
f 4510/4510/4510 687/687/687 2615/2615/2615
f 2609/2609/2609 4510/4510/4510 2615/2615/2615
f 2609/2609/2609 2615/2615/2615 690/690/690
f 690/690/690 2615/2615/2615 4511/4511/4511
f 690/690/690 4511/4511/4511 2611/2611/2611
f 2615/2615/2615 687/687/687 2616/2616/2616
f 2615/2615/2615 2616/2616/2616 4511/4511/4511
f 4511/4511/4511 2616/2616/2616 686/686/686
f 4511/4511/4511 686/686/686 2617/2617/2617
f 2611/2611/2611 4511/4511/4511 2617/2617/2617
f 2611/2611/2611 2617/2617/2617 689/689/689
f 685/685/685 2618/2618/2618 4512/4512/4512
f 685/685/685 4512/4512/4512 2614/2614/2614
f 2618/2618/2618 682/682/682 2619/2619/2619
f 2618/2618/2618 2619/2619/2619 4512/4512/4512
f 4512/4512/4512 2619/2619/2619 684/684/684
f 4512/4512/4512 684/684/684 2620/2620/2620
f 2614/2614/2614 4512/4512/4512 2620/2620/2620
f 2614/2614/2614 2620/2620/2620 687/687/687
f 687/687/687 2620/2620/2620 4513/4513/4513
f 687/687/687 4513/4513/4513 2616/2616/2616
f 2620/2620/2620 684/684/684 2621/2621/2621
f 2620/2620/2620 2621/2621/2621 4513/4513/4513
f 4513/4513/4513 2621/2621/2621 683/683/683
f 4513/4513/4513 683/683/683 2622/2622/2622
f 2616/2616/2616 4513/4513/4513 2622/2622/2622
f 2616/2616/2616 2622/2622/2622 686/686/686
f 682/682/682 2623/2623/2623 4514/4514/4514
f 682/682/682 4514/4514/4514 2619/2619/2619
f 2623/2623/2623 679/679/679 2624/2624/2624
f 2623/2623/2623 2624/2624/2624 4514/4514/4514
f 4514/4514/4514 2624/2624/2624 681/681/681
f 4514/4514/4514 681/681/681 2625/2625/2625
f 2619/2619/2619 4514/4514/4514 2625/2625/2625
f 2619/2619/2619 2625/2625/2625 684/684/684
f 684/684/684 2625/2625/2625 4515/4515/4515
f 684/684/684 4515/4515/4515 2621/2621/2621
f 2625/2625/2625 681/681/681 2626/2626/2626
f 2625/2625/2625 2626/2626/2626 4515/4515/4515
f 4515/4515/4515 2626/2626/2626 680/680/680
f 4515/4515/4515 680/680/680 2627/2627/2627
f 2621/2621/2621 4515/4515/4515 2627/2627/2627
f 2621/2621/2621 2627/2627/2627 683/683/683
f 679/679/679 2628/2628/2628 4516/4516/4516
f 679/679/679 4516/4516/4516 2624/2624/2624
f 2628/2628/2628 676/676/676 2510/2510/2510
f 2628/2628/2628 2510/2510/2510 4516/4516/4516
f 4516/4516/4516 2510/2510/2510 678/678/678
f 4516/4516/4516 678/678/678 2629/2629/2629
f 2624/2624/2624 4516/4516/4516 2629/2629/2629
f 2624/2624/2624 2629/2629/2629 681/681/681
f 681/681/681 2629/2629/2629 4517/4517/4517
f 681/681/681 4517/4517/4517 2626/2626/2626
f 2629/2629/2629 678/678/678 2515/2515/2515
f 2629/2629/2629 2515/2515/2515 4517/4517/4517
f 4517/4517/4517 2515/2515/2515 674/674/674
f 4517/4517/4517 674/674/674 2630/2630/2630
f 2626/2626/2626 4517/4517/4517 2630/2630/2630
f 2626/2626/2626 2630/2630/2630 680/680/680
f 495/495/495 2631/2631/2631 4518/4518/4518
f 495/495/495 4518/4518/4518 2163/2163/2163
f 2631/2631/2631 745/745/745 2511/2511/2511
f 2631/2631/2631 2511/2511/2511 4518/4518/4518
f 4518/4518/4518 2511/2511/2511 675/675/675
f 4518/4518/4518 675/675/675 2632/2632/2632
f 2163/2163/2163 4518/4518/4518 2632/2632/2632
f 2163/2163/2163 2632/2632/2632 496/496/496
f 797/797/797 2682/2682/2682 4519/4519/4519
f 797/797/797 4519/4519/4519 2681/2681/2681
f 2682/2682/2682 748/748/748 2683/2683/2683
f 2682/2682/2682 2683/2683/2683 4519/4519/4519
f 4519/4519/4519 2683/2683/2683 750/750/750
f 4519/4519/4519 750/750/750 2685/2685/2685
f 2681/2681/2681 4519/4519/4519 2685/2685/2685
f 2681/2681/2681 2685/2685/2685 796/796/796
f 795/795/795 2687/2687/2687 4520/4520/4520
f 795/795/795 4520/4520/4520 2686/2686/2686
f 2687/2687/2687 797/797/797 2681/2681/2681
f 2687/2687/2687 2681/2681/2681 4520/4520/4520
f 4520/4520/4520 2681/2681/2681 796/796/796
f 4520/4520/4520 796/796/796 2688/2688/2688
f 2686/2686/2686 4520/4520/4520 2688/2688/2688
f 2686/2686/2686 2688/2688/2688 794/794/794
f 793/793/793 2690/2690/2690 4521/4521/4521
f 793/793/793 4521/4521/4521 2689/2689/2689
f 2690/2690/2690 795/795/795 2686/2686/2686
f 2690/2690/2690 2686/2686/2686 4521/4521/4521
f 4521/4521/4521 2686/2686/2686 794/794/794
f 4521/4521/4521 794/794/794 2691/2691/2691
f 2689/2689/2689 4521/4521/4521 2691/2691/2691
f 2689/2689/2689 2691/2691/2691 792/792/792
f 791/791/791 2693/2693/2693 4522/4522/4522
f 791/791/791 4522/4522/4522 2692/2692/2692
f 2693/2693/2693 793/793/793 2689/2689/2689
f 2693/2693/2693 2689/2689/2689 4522/4522/4522
f 4522/4522/4522 2689/2689/2689 792/792/792
f 4522/4522/4522 792/792/792 2694/2694/2694
f 2692/2692/2692 4522/4522/4522 2694/2694/2694
f 2692/2692/2692 2694/2694/2694 790/790/790
f 789/789/789 2696/2696/2696 4523/4523/4523
f 789/789/789 4523/4523/4523 2695/2695/2695
f 2696/2696/2696 791/791/791 2692/2692/2692
f 2696/2696/2696 2692/2692/2692 4523/4523/4523
f 4523/4523/4523 2692/2692/2692 790/790/790
f 4523/4523/4523 790/790/790 2697/2697/2697
f 2695/2695/2695 4523/4523/4523 2697/2697/2697
f 2695/2695/2695 2697/2697/2697 788/788/788
f 787/787/787 2699/2699/2699 4524/4524/4524
f 787/787/787 4524/4524/4524 2698/2698/2698
f 2699/2699/2699 789/789/789 2695/2695/2695
f 2699/2699/2699 2695/2695/2695 4524/4524/4524
f 4524/4524/4524 2695/2695/2695 788/788/788
f 4524/4524/4524 788/788/788 2700/2700/2700
f 2698/2698/2698 4524/4524/4524 2700/2700/2700
f 2698/2698/2698 2700/2700/2700 786/786/786
f 785/785/785 2702/2702/2702 4525/4525/4525
f 785/785/785 4525/4525/4525 2701/2701/2701
f 2702/2702/2702 787/787/787 2698/2698/2698
f 2702/2702/2702 2698/2698/2698 4525/4525/4525
f 4525/4525/4525 2698/2698/2698 786/786/786
f 4525/4525/4525 786/786/786 2703/2703/2703
f 2701/2701/2701 4525/4525/4525 2703/2703/2703
f 2701/2701/2701 2703/2703/2703 784/784/784
f 783/783/783 2705/2705/2705 4526/4526/4526
f 783/783/783 4526/4526/4526 2704/2704/2704
f 2705/2705/2705 785/785/785 2701/2701/2701
f 2705/2705/2705 2701/2701/2701 4526/4526/4526
f 4526/4526/4526 2701/2701/2701 784/784/784
f 4526/4526/4526 784/784/784 2706/2706/2706
f 2704/2704/2704 4526/4526/4526 2706/2706/2706
f 2704/2704/2704 2706/2706/2706 782/782/782
f 781/781/781 2708/2708/2708 4527/4527/4527
f 781/781/781 4527/4527/4527 2707/2707/2707
f 2708/2708/2708 783/783/783 2704/2704/2704
f 2708/2708/2708 2704/2704/2704 4527/4527/4527
f 4527/4527/4527 2704/2704/2704 782/782/782
f 4527/4527/4527 782/782/782 2709/2709/2709
f 2707/2707/2707 4527/4527/4527 2709/2709/2709
f 2707/2707/2707 2709/2709/2709 780/780/780
f 779/779/779 2711/2711/2711 4528/4528/4528
f 779/779/779 4528/4528/4528 2710/2710/2710
f 2711/2711/2711 781/781/781 2707/2707/2707
f 2711/2711/2711 2707/2707/2707 4528/4528/4528
f 4528/4528/4528 2707/2707/2707 780/780/780
f 4528/4528/4528 780/780/780 2712/2712/2712
f 2710/2710/2710 4528/4528/4528 2712/2712/2712
f 2710/2710/2710 2712/2712/2712 778/778/778
f 777/777/777 2714/2714/2714 4529/4529/4529
f 777/777/777 4529/4529/4529 2713/2713/2713
f 2714/2714/2714 779/779/779 2710/2710/2710
f 2714/2714/2714 2710/2710/2710 4529/4529/4529
f 4529/4529/4529 2710/2710/2710 778/778/778
f 4529/4529/4529 778/778/778 2715/2715/2715
f 2713/2713/2713 4529/4529/4529 2715/2715/2715
f 2713/2713/2713 2715/2715/2715 776/776/776
f 775/775/775 2717/2717/2717 4530/4530/4530
f 775/775/775 4530/4530/4530 2716/2716/2716
f 2717/2717/2717 777/777/777 2713/2713/2713
f 2717/2717/2717 2713/2713/2713 4530/4530/4530
f 4530/4530/4530 2713/2713/2713 776/776/776
f 4530/4530/4530 776/776/776 2718/2718/2718
f 2716/2716/2716 4530/4530/4530 2718/2718/2718
f 2716/2716/2716 2718/2718/2718 774/774/774
f 773/773/773 2720/2720/2720 4531/4531/4531
f 773/773/773 4531/4531/4531 2719/2719/2719
f 2720/2720/2720 775/775/775 2716/2716/2716
f 2720/2720/2720 2716/2716/2716 4531/4531/4531
f 4531/4531/4531 2716/2716/2716 774/774/774
f 4531/4531/4531 774/774/774 2721/2721/2721
f 2719/2719/2719 4531/4531/4531 2721/2721/2721
f 2719/2719/2719 2721/2721/2721 772/772/772
f 771/771/771 2723/2723/2723 4532/4532/4532
f 771/771/771 4532/4532/4532 2722/2722/2722
f 2723/2723/2723 773/773/773 2719/2719/2719
f 2723/2723/2723 2719/2719/2719 4532/4532/4532
f 4532/4532/4532 2719/2719/2719 772/772/772
f 4532/4532/4532 772/772/772 2724/2724/2724
f 2722/2722/2722 4532/4532/4532 2724/2724/2724
f 2722/2722/2722 2724/2724/2724 770/770/770
f 769/769/769 2726/2726/2726 4533/4533/4533
f 769/769/769 4533/4533/4533 2725/2725/2725
f 2726/2726/2726 771/771/771 2722/2722/2722
f 2726/2726/2726 2722/2722/2722 4533/4533/4533
f 4533/4533/4533 2722/2722/2722 770/770/770
f 4533/4533/4533 770/770/770 2727/2727/2727
f 2725/2725/2725 4533/4533/4533 2727/2727/2727
f 2725/2725/2725 2727/2727/2727 768/768/768
f 767/767/767 2729/2729/2729 4534/4534/4534
f 767/767/767 4534/4534/4534 2728/2728/2728
f 2729/2729/2729 769/769/769 2725/2725/2725
f 2729/2729/2729 2725/2725/2725 4534/4534/4534
f 4534/4534/4534 2725/2725/2725 768/768/768
f 4534/4534/4534 768/768/768 2730/2730/2730
f 2728/2728/2728 4534/4534/4534 2730/2730/2730
f 2728/2728/2728 2730/2730/2730 766/766/766
f 765/765/765 2732/2732/2732 4535/4535/4535
f 765/765/765 4535/4535/4535 2731/2731/2731
f 2732/2732/2732 767/767/767 2728/2728/2728
f 2732/2732/2732 2728/2728/2728 4535/4535/4535
f 4535/4535/4535 2728/2728/2728 766/766/766
f 4535/4535/4535 766/766/766 2733/2733/2733
f 2731/2731/2731 4535/4535/4535 2733/2733/2733
f 2731/2731/2731 2733/2733/2733 764/764/764
f 763/763/763 2735/2735/2735 4536/4536/4536
f 763/763/763 4536/4536/4536 2734/2734/2734
f 2735/2735/2735 765/765/765 2731/2731/2731
f 2735/2735/2735 2731/2731/2731 4536/4536/4536
f 4536/4536/4536 2731/2731/2731 764/764/764
f 4536/4536/4536 764/764/764 2736/2736/2736
f 2734/2734/2734 4536/4536/4536 2736/2736/2736
f 2734/2734/2734 2736/2736/2736 762/762/762
f 761/761/761 2738/2738/2738 4537/4537/4537
f 761/761/761 4537/4537/4537 2737/2737/2737
f 2738/2738/2738 763/763/763 2734/2734/2734
f 2738/2738/2738 2734/2734/2734 4537/4537/4537
f 4537/4537/4537 2734/2734/2734 762/762/762
f 4537/4537/4537 762/762/762 2739/2739/2739
f 2737/2737/2737 4537/4537/4537 2739/2739/2739
f 2737/2737/2737 2739/2739/2739 760/760/760
f 759/759/759 2741/2741/2741 4538/4538/4538
f 759/759/759 4538/4538/4538 2740/2740/2740
f 2741/2741/2741 761/761/761 2737/2737/2737
f 2741/2741/2741 2737/2737/2737 4538/4538/4538
f 4538/4538/4538 2737/2737/2737 760/760/760
f 4538/4538/4538 760/760/760 2742/2742/2742
f 2740/2740/2740 4538/4538/4538 2742/2742/2742
f 2740/2740/2740 2742/2742/2742 758/758/758
f 757/757/757 2744/2744/2744 4539/4539/4539
f 757/757/757 4539/4539/4539 2743/2743/2743
f 2744/2744/2744 759/759/759 2740/2740/2740
f 2744/2744/2744 2740/2740/2740 4539/4539/4539
f 4539/4539/4539 2740/2740/2740 758/758/758
f 4539/4539/4539 758/758/758 2745/2745/2745
f 2743/2743/2743 4539/4539/4539 2745/2745/2745
f 2743/2743/2743 2745/2745/2745 756/756/756
f 755/755/755 2747/2747/2747 4540/4540/4540
f 755/755/755 4540/4540/4540 2746/2746/2746
f 2747/2747/2747 757/757/757 2743/2743/2743
f 2747/2747/2747 2743/2743/2743 4540/4540/4540
f 4540/4540/4540 2743/2743/2743 756/756/756
f 4540/4540/4540 756/756/756 2748/2748/2748
f 2746/2746/2746 4540/4540/4540 2748/2748/2748
f 2746/2746/2746 2748/2748/2748 754/754/754
f 753/753/753 2750/2750/2750 4541/4541/4541
f 753/753/753 4541/4541/4541 2749/2749/2749
f 2750/2750/2750 755/755/755 2746/2746/2746
f 2750/2750/2750 2746/2746/2746 4541/4541/4541
f 4541/4541/4541 2746/2746/2746 754/754/754
f 4541/4541/4541 754/754/754 2751/2751/2751
f 2749/2749/2749 4541/4541/4541 2751/2751/2751
f 2749/2749/2749 2751/2751/2751 752/752/752
f 749/749/749 2752/2752/2752 4542/4542/4542
f 749/749/749 4542/4542/4542 2684/2684/2684
f 2752/2752/2752 753/753/753 2749/2749/2749
f 2752/2752/2752 2749/2749/2749 4542/4542/4542
f 4542/4542/4542 2749/2749/2749 752/752/752
f 4542/4542/4542 752/752/752 2753/2753/2753
f 2684/2684/2684 4542/4542/4542 2753/2753/2753
f 2684/2684/2684 2753/2753/2753 751/751/751
f 750/750/750 2754/2754/2754 4543/4543/4543
f 750/750/750 4543/4543/4543 2685/2685/2685
f 2754/2754/2754 573/573/573 2313/2313/2313
f 2754/2754/2754 2313/2313/2313 4543/4543/4543
f 4543/4543/4543 2313/2313/2313 597/597/597
f 4543/4543/4543 597/597/597 2756/2756/2756
f 2685/2685/2685 4543/4543/4543 2756/2756/2756
f 2685/2685/2685 2756/2756/2756 796/796/796
f 855/855/855 2940/2940/2940 4544/4544/4544
f 855/855/855 4544/4544/4544 2879/2879/2879
f 2940/2940/2940 367/367/367 1900/1900/1900
f 2940/2940/2940 1900/1900/1900 4544/4544/4544
f 4544/4544/4544 1900/1900/1900 368/368/368
f 4544/4544/4544 368/368/368 2942/2942/2942
f 2879/2879/2879 4544/4544/4544 2942/2942/2942
f 2879/2879/2879 2942/2942/2942 858/858/858
f 870/870/870 2903/2903/2903 4545/4545/4545
f 870/870/870 4545/4545/4545 2899/2899/2899
f 2903/2903/2903 372/372/372 1895/1895/1895
f 2903/2903/2903 1895/1895/1895 4545/4545/4545
f 4545/4545/4545 1895/1895/1895 348/348/348
f 4545/4545/4545 348/348/348 2904/2904/2904
f 2899/2899/2899 4545/4545/4545 2904/2904/2904
f 2899/2899/2899 2904/2904/2904 801/801/801
f 819/819/819 2916/2916/2916 4546/4546/4546
f 819/819/819 4546/4546/4546 2831/2831/2831
f 2916/2916/2916 355/355/355 1912/1912/1912
f 2916/2916/2916 1912/1912/1912 4546/4546/4546
f 4546/4546/4546 1912/1912/1912 356/356/356
f 4546/4546/4546 356/356/356 2918/2918/2918
f 2831/2831/2831 4546/4546/4546 2918/2918/2918
f 2831/2831/2831 2918/2918/2918 822/822/822
f 834/834/834 2926/2926/2926 4547/4547/4547
f 834/834/834 4547/4547/4547 2851/2851/2851
f 2926/2926/2926 360/360/360 1907/1907/1907
f 2926/2926/2926 1907/1907/1907 4547/4547/4547
f 4547/4547/4547 1907/1907/1907 361/361/361
f 4547/4547/4547 361/361/361 2928/2928/2928
f 2851/2851/2851 4547/4547/4547 2928/2928/2928
f 2851/2851/2851 2928/2928/2928 837/837/837
f 849/849/849 2936/2936/2936 4548/4548/4548
f 849/849/849 4548/4548/4548 2871/2871/2871
f 2936/2936/2936 365/365/365 1902/1902/1902
f 2936/2936/2936 1902/1902/1902 4548/4548/4548
f 4548/4548/4548 1902/1902/1902 366/366/366
f 4548/4548/4548 366/366/366 2938/2938/2938
f 2871/2871/2871 4548/4548/4548 2938/2938/2938
f 2871/2871/2871 2938/2938/2938 852/852/852
f 864/864/864 2946/2946/2946 4549/4549/4549
f 864/864/864 4549/4549/4549 2891/2891/2891
f 2946/2946/2946 370/370/370 1897/1897/1897
f 2946/2946/2946 1897/1897/1897 4549/4549/4549
f 4549/4549/4549 1897/1897/1897 371/371/371
f 4549/4549/4549 371/371/371 2948/2948/2948
f 2891/2891/2891 4549/4549/4549 2948/2948/2948
f 2891/2891/2891 2948/2948/2948 867/867/867
f 813/813/813 2912/2912/2912 4550/4550/4550
f 813/813/813 4550/4550/4550 2823/2823/2823
f 2912/2912/2912 353/353/353 1914/1914/1914
f 2912/2912/2912 1914/1914/1914 4550/4550/4550
f 4550/4550/4550 1914/1914/1914 354/354/354
f 4550/4550/4550 354/354/354 2914/2914/2914
f 2823/2823/2823 4550/4550/4550 2914/2914/2914
f 2823/2823/2823 2914/2914/2914 816/816/816
f 828/828/828 2922/2922/2922 4551/4551/4551
f 828/828/828 4551/4551/4551 2843/2843/2843
f 2922/2922/2922 358/358/358 1909/1909/1909
f 2922/2922/2922 1909/1909/1909 4551/4551/4551
f 4551/4551/4551 1909/1909/1909 359/359/359
f 4551/4551/4551 359/359/359 2924/2924/2924
f 2843/2843/2843 4551/4551/4551 2924/2924/2924
f 2843/2843/2843 2924/2924/2924 831/831/831
f 843/843/843 2932/2932/2932 4552/4552/4552
f 843/843/843 4552/4552/4552 2863/2863/2863
f 2932/2932/2932 363/363/363 1904/1904/1904
f 2932/2932/2932 1904/1904/1904 4552/4552/4552
f 4552/4552/4552 1904/1904/1904 364/364/364
f 4552/4552/4552 364/364/364 2934/2934/2934
f 2863/2863/2863 4552/4552/4552 2934/2934/2934
f 2863/2863/2863 2934/2934/2934 846/846/846
f 858/858/858 2942/2942/2942 4553/4553/4553
f 858/858/858 4553/4553/4553 2883/2883/2883
f 2942/2942/2942 368/368/368 1899/1899/1899
f 2942/2942/2942 1899/1899/1899 4553/4553/4553
f 4553/4553/4553 1899/1899/1899 369/369/369
f 4553/4553/4553 369/369/369 2944/2944/2944
f 2883/2883/2883 4553/4553/4553 2944/2944/2944
f 2883/2883/2883 2944/2944/2944 861/861/861
f 804/804/804 2906/2906/2906 4554/4554/4554
f 804/804/804 4554/4554/4554 2811/2811/2811
f 2906/2906/2906 350/350/350 1917/1917/1917
f 2906/2906/2906 1917/1917/1917 4554/4554/4554
f 4554/4554/4554 1917/1917/1917 351/351/351
f 4554/4554/4554 351/351/351 2908/2908/2908
f 2811/2811/2811 4554/4554/4554 2908/2908/2908
f 2811/2811/2811 2908/2908/2908 807/807/807
f 807/807/807 2908/2908/2908 4555/4555/4555
f 807/807/807 4555/4555/4555 2815/2815/2815
f 2908/2908/2908 351/351/351 1916/1916/1916
f 2908/2908/2908 1916/1916/1916 4555/4555/4555
f 4555/4555/4555 1916/1916/1916 352/352/352
f 4555/4555/4555 352/352/352 2910/2910/2910
f 2815/2815/2815 4555/4555/4555 2910/2910/2910
f 2815/2815/2815 2910/2910/2910 810/810/810
f 822/822/822 2918/2918/2918 4556/4556/4556
f 822/822/822 4556/4556/4556 2835/2835/2835
f 2918/2918/2918 356/356/356 1911/1911/1911
f 2918/2918/2918 1911/1911/1911 4556/4556/4556
f 4556/4556/4556 1911/1911/1911 357/357/357
f 4556/4556/4556 357/357/357 2920/2920/2920
f 2835/2835/2835 4556/4556/4556 2920/2920/2920
f 2835/2835/2835 2920/2920/2920 825/825/825
f 837/837/837 2928/2928/2928 4557/4557/4557
f 837/837/837 4557/4557/4557 2855/2855/2855
f 2928/2928/2928 361/361/361 1906/1906/1906
f 2928/2928/2928 1906/1906/1906 4557/4557/4557
f 4557/4557/4557 1906/1906/1906 362/362/362
f 4557/4557/4557 362/362/362 2930/2930/2930
f 2855/2855/2855 4557/4557/4557 2930/2930/2930
f 2855/2855/2855 2930/2930/2930 840/840/840
f 852/852/852 2938/2938/2938 4558/4558/4558
f 852/852/852 4558/4558/4558 2875/2875/2875
f 2938/2938/2938 366/366/366 1901/1901/1901
f 2938/2938/2938 1901/1901/1901 4558/4558/4558
f 4558/4558/4558 1901/1901/1901 367/367/367
f 4558/4558/4558 367/367/367 2940/2940/2940
f 2875/2875/2875 4558/4558/4558 2940/2940/2940
f 2875/2875/2875 2940/2940/2940 855/855/855
f 867/867/867 2948/2948/2948 4559/4559/4559
f 867/867/867 4559/4559/4559 2895/2895/2895
f 2948/2948/2948 371/371/371 1896/1896/1896
f 2948/2948/2948 1896/1896/1896 4559/4559/4559
f 4559/4559/4559 1896/1896/1896 372/372/372
f 4559/4559/4559 372/372/372 2903/2903/2903
f 2895/2895/2895 4559/4559/4559 2903/2903/2903
f 2895/2895/2895 2903/2903/2903 870/870/870
f 816/816/816 2914/2914/2914 4560/4560/4560
f 816/816/816 4560/4560/4560 2827/2827/2827
f 2914/2914/2914 354/354/354 1913/1913/1913
f 2914/2914/2914 1913/1913/1913 4560/4560/4560
f 4560/4560/4560 1913/1913/1913 355/355/355
f 4560/4560/4560 355/355/355 2916/2916/2916
f 2827/2827/2827 4560/4560/4560 2916/2916/2916
f 2827/2827/2827 2916/2916/2916 819/819/819
f 831/831/831 2924/2924/2924 4561/4561/4561
f 831/831/831 4561/4561/4561 2847/2847/2847
f 2924/2924/2924 359/359/359 1908/1908/1908
f 2924/2924/2924 1908/1908/1908 4561/4561/4561
f 4561/4561/4561 1908/1908/1908 360/360/360
f 4561/4561/4561 360/360/360 2926/2926/2926
f 2847/2847/2847 4561/4561/4561 2926/2926/2926
f 2847/2847/2847 2926/2926/2926 834/834/834
f 846/846/846 2934/2934/2934 4562/4562/4562
f 846/846/846 4562/4562/4562 2867/2867/2867
f 2934/2934/2934 364/364/364 1903/1903/1903
f 2934/2934/2934 1903/1903/1903 4562/4562/4562
f 4562/4562/4562 1903/1903/1903 365/365/365
f 4562/4562/4562 365/365/365 2936/2936/2936
f 2867/2867/2867 4562/4562/4562 2936/2936/2936
f 2867/2867/2867 2936/2936/2936 849/849/849
f 861/861/861 2944/2944/2944 4563/4563/4563
f 861/861/861 4563/4563/4563 2887/2887/2887
f 2944/2944/2944 369/369/369 1898/1898/1898
f 2944/2944/2944 1898/1898/1898 4563/4563/4563
f 4563/4563/4563 1898/1898/1898 370/370/370
f 4563/4563/4563 370/370/370 2946/2946/2946
f 2887/2887/2887 4563/4563/4563 2946/2946/2946
f 2887/2887/2887 2946/2946/2946 864/864/864
f 810/810/810 2910/2910/2910 4564/4564/4564
f 810/810/810 4564/4564/4564 2819/2819/2819
f 2910/2910/2910 352/352/352 1915/1915/1915
f 2910/2910/2910 1915/1915/1915 4564/4564/4564
f 4564/4564/4564 1915/1915/1915 353/353/353
f 4564/4564/4564 353/353/353 2912/2912/2912
f 2819/2819/2819 4564/4564/4564 2912/2912/2912
f 2819/2819/2819 2912/2912/2912 813/813/813
f 825/825/825 2920/2920/2920 4565/4565/4565
f 825/825/825 4565/4565/4565 2839/2839/2839
f 2920/2920/2920 357/357/357 1910/1910/1910
f 2920/2920/2920 1910/1910/1910 4565/4565/4565
f 4565/4565/4565 1910/1910/1910 358/358/358
f 4565/4565/4565 358/358/358 2922/2922/2922
f 2839/2839/2839 4565/4565/4565 2922/2922/2922
f 2839/2839/2839 2922/2922/2922 828/828/828
f 800/800/800 2806/2806/2806 4566/4566/4566
f 800/800/800 4566/4566/4566 2805/2805/2805
f 2806/2806/2806 803/803/803 2808/2808/2808
f 2806/2806/2806 2808/2808/2808 4566/4566/4566
f 4566/4566/4566 2808/2808/2808 805/805/805
f 4566/4566/4566 805/805/805 2809/2809/2809
f 2805/2805/2805 4566/4566/4566 2809/2809/2809
f 2805/2805/2805 2809/2809/2809 799/799/799
f 803/803/803 2810/2810/2810 4567/4567/4567
f 803/803/803 4567/4567/4567 2808/2808/2808
f 2810/2810/2810 806/806/806 2812/2812/2812
f 2810/2810/2810 2812/2812/2812 4567/4567/4567
f 4567/4567/4567 2812/2812/2812 808/808/808
f 4567/4567/4567 808/808/808 2813/2813/2813
f 2808/2808/2808 4567/4567/4567 2813/2813/2813
f 2808/2808/2808 2813/2813/2813 805/805/805
f 806/806/806 2814/2814/2814 4568/4568/4568
f 806/806/806 4568/4568/4568 2812/2812/2812
f 2814/2814/2814 809/809/809 2816/2816/2816
f 2814/2814/2814 2816/2816/2816 4568/4568/4568
f 4568/4568/4568 2816/2816/2816 811/811/811
f 4568/4568/4568 811/811/811 2817/2817/2817
f 2812/2812/2812 4568/4568/4568 2817/2817/2817
f 2812/2812/2812 2817/2817/2817 808/808/808
f 809/809/809 2818/2818/2818 4569/4569/4569
f 809/809/809 4569/4569/4569 2816/2816/2816
f 2818/2818/2818 812/812/812 2820/2820/2820
f 2818/2818/2818 2820/2820/2820 4569/4569/4569
f 4569/4569/4569 2820/2820/2820 814/814/814
f 4569/4569/4569 814/814/814 2821/2821/2821
f 2816/2816/2816 4569/4569/4569 2821/2821/2821
f 2816/2816/2816 2821/2821/2821 811/811/811
f 812/812/812 2822/2822/2822 4570/4570/4570
f 812/812/812 4570/4570/4570 2820/2820/2820
f 2822/2822/2822 815/815/815 2824/2824/2824
f 2822/2822/2822 2824/2824/2824 4570/4570/4570
f 4570/4570/4570 2824/2824/2824 817/817/817
f 4570/4570/4570 817/817/817 2825/2825/2825
f 2820/2820/2820 4570/4570/4570 2825/2825/2825
f 2820/2820/2820 2825/2825/2825 814/814/814
f 815/815/815 2826/2826/2826 4571/4571/4571
f 815/815/815 4571/4571/4571 2824/2824/2824
f 2826/2826/2826 818/818/818 2828/2828/2828
f 2826/2826/2826 2828/2828/2828 4571/4571/4571
f 4571/4571/4571 2828/2828/2828 820/820/820
f 4571/4571/4571 820/820/820 2829/2829/2829
f 2824/2824/2824 4571/4571/4571 2829/2829/2829
f 2824/2824/2824 2829/2829/2829 817/817/817
f 818/818/818 2830/2830/2830 4572/4572/4572
f 818/818/818 4572/4572/4572 2828/2828/2828
f 2830/2830/2830 821/821/821 2832/2832/2832
f 2830/2830/2830 2832/2832/2832 4572/4572/4572
f 4572/4572/4572 2832/2832/2832 823/823/823
f 4572/4572/4572 823/823/823 2833/2833/2833
f 2828/2828/2828 4572/4572/4572 2833/2833/2833
f 2828/2828/2828 2833/2833/2833 820/820/820
f 821/821/821 2834/2834/2834 4573/4573/4573
f 821/821/821 4573/4573/4573 2832/2832/2832
f 2834/2834/2834 824/824/824 2836/2836/2836
f 2834/2834/2834 2836/2836/2836 4573/4573/4573
f 4573/4573/4573 2836/2836/2836 826/826/826
f 4573/4573/4573 826/826/826 2837/2837/2837
f 2832/2832/2832 4573/4573/4573 2837/2837/2837
f 2832/2832/2832 2837/2837/2837 823/823/823
f 824/824/824 2838/2838/2838 4574/4574/4574
f 824/824/824 4574/4574/4574 2836/2836/2836
f 2838/2838/2838 827/827/827 2840/2840/2840
f 2838/2838/2838 2840/2840/2840 4574/4574/4574
f 4574/4574/4574 2840/2840/2840 829/829/829
f 4574/4574/4574 829/829/829 2841/2841/2841
f 2836/2836/2836 4574/4574/4574 2841/2841/2841
f 2836/2836/2836 2841/2841/2841 826/826/826
f 827/827/827 2842/2842/2842 4575/4575/4575
f 827/827/827 4575/4575/4575 2840/2840/2840
f 2842/2842/2842 830/830/830 2844/2844/2844
f 2842/2842/2842 2844/2844/2844 4575/4575/4575
f 4575/4575/4575 2844/2844/2844 832/832/832
f 4575/4575/4575 832/832/832 2845/2845/2845
f 2840/2840/2840 4575/4575/4575 2845/2845/2845
f 2840/2840/2840 2845/2845/2845 829/829/829
f 830/830/830 2846/2846/2846 4576/4576/4576
f 830/830/830 4576/4576/4576 2844/2844/2844
f 2846/2846/2846 833/833/833 2848/2848/2848
f 2846/2846/2846 2848/2848/2848 4576/4576/4576
f 4576/4576/4576 2848/2848/2848 835/835/835
f 4576/4576/4576 835/835/835 2849/2849/2849
f 2844/2844/2844 4576/4576/4576 2849/2849/2849
f 2844/2844/2844 2849/2849/2849 832/832/832
f 833/833/833 2850/2850/2850 4577/4577/4577
f 833/833/833 4577/4577/4577 2848/2848/2848
f 2850/2850/2850 836/836/836 2852/2852/2852
f 2850/2850/2850 2852/2852/2852 4577/4577/4577
f 4577/4577/4577 2852/2852/2852 838/838/838
f 4577/4577/4577 838/838/838 2853/2853/2853
f 2848/2848/2848 4577/4577/4577 2853/2853/2853
f 2848/2848/2848 2853/2853/2853 835/835/835
f 836/836/836 2854/2854/2854 4578/4578/4578
f 836/836/836 4578/4578/4578 2852/2852/2852
f 2854/2854/2854 839/839/839 2856/2856/2856
f 2854/2854/2854 2856/2856/2856 4578/4578/4578
f 4578/4578/4578 2856/2856/2856 841/841/841
f 4578/4578/4578 841/841/841 2857/2857/2857
f 2852/2852/2852 4578/4578/4578 2857/2857/2857
f 2852/2852/2852 2857/2857/2857 838/838/838
f 839/839/839 2858/2858/2858 4579/4579/4579
f 839/839/839 4579/4579/4579 2856/2856/2856
f 2858/2858/2858 842/842/842 2860/2860/2860
f 2858/2858/2858 2860/2860/2860 4579/4579/4579
f 4579/4579/4579 2860/2860/2860 844/844/844
f 4579/4579/4579 844/844/844 2861/2861/2861
f 2856/2856/2856 4579/4579/4579 2861/2861/2861
f 2856/2856/2856 2861/2861/2861 841/841/841
f 842/842/842 2862/2862/2862 4580/4580/4580
f 842/842/842 4580/4580/4580 2860/2860/2860
f 2862/2862/2862 845/845/845 2864/2864/2864
f 2862/2862/2862 2864/2864/2864 4580/4580/4580
f 4580/4580/4580 2864/2864/2864 847/847/847
f 4580/4580/4580 847/847/847 2865/2865/2865
f 2860/2860/2860 4580/4580/4580 2865/2865/2865
f 2860/2860/2860 2865/2865/2865 844/844/844
f 845/845/845 2866/2866/2866 4581/4581/4581
f 845/845/845 4581/4581/4581 2864/2864/2864
f 2866/2866/2866 848/848/848 2868/2868/2868
f 2866/2866/2866 2868/2868/2868 4581/4581/4581
f 4581/4581/4581 2868/2868/2868 850/850/850
f 4581/4581/4581 850/850/850 2869/2869/2869
f 2864/2864/2864 4581/4581/4581 2869/2869/2869
f 2864/2864/2864 2869/2869/2869 847/847/847
f 848/848/848 2870/2870/2870 4582/4582/4582
f 848/848/848 4582/4582/4582 2868/2868/2868
f 2870/2870/2870 851/851/851 2872/2872/2872
f 2870/2870/2870 2872/2872/2872 4582/4582/4582
f 4582/4582/4582 2872/2872/2872 853/853/853
f 4582/4582/4582 853/853/853 2873/2873/2873
f 2868/2868/2868 4582/4582/4582 2873/2873/2873
f 2868/2868/2868 2873/2873/2873 850/850/850
f 851/851/851 2874/2874/2874 4583/4583/4583
f 851/851/851 4583/4583/4583 2872/2872/2872
f 2874/2874/2874 854/854/854 2876/2876/2876
f 2874/2874/2874 2876/2876/2876 4583/4583/4583
f 4583/4583/4583 2876/2876/2876 856/856/856
f 4583/4583/4583 856/856/856 2877/2877/2877
f 2872/2872/2872 4583/4583/4583 2877/2877/2877
f 2872/2872/2872 2877/2877/2877 853/853/853
f 854/854/854 2878/2878/2878 4584/4584/4584
f 854/854/854 4584/4584/4584 2876/2876/2876
f 2878/2878/2878 857/857/857 2880/2880/2880
f 2878/2878/2878 2880/2880/2880 4584/4584/4584
f 4584/4584/4584 2880/2880/2880 859/859/859
f 4584/4584/4584 859/859/859 2881/2881/2881
f 2876/2876/2876 4584/4584/4584 2881/2881/2881
f 2876/2876/2876 2881/2881/2881 856/856/856
f 857/857/857 2882/2882/2882 4585/4585/4585
f 857/857/857 4585/4585/4585 2880/2880/2880
f 2882/2882/2882 860/860/860 2884/2884/2884
f 2882/2882/2882 2884/2884/2884 4585/4585/4585
f 4585/4585/4585 2884/2884/2884 862/862/862
f 4585/4585/4585 862/862/862 2885/2885/2885
f 2880/2880/2880 4585/4585/4585 2885/2885/2885
f 2880/2880/2880 2885/2885/2885 859/859/859
f 860/860/860 2886/2886/2886 4586/4586/4586
f 860/860/860 4586/4586/4586 2884/2884/2884
f 2886/2886/2886 863/863/863 2888/2888/2888
f 2886/2886/2886 2888/2888/2888 4586/4586/4586
f 4586/4586/4586 2888/2888/2888 865/865/865
f 4586/4586/4586 865/865/865 2889/2889/2889
f 2884/2884/2884 4586/4586/4586 2889/2889/2889
f 2884/2884/2884 2889/2889/2889 862/862/862
f 863/863/863 2890/2890/2890 4587/4587/4587
f 863/863/863 4587/4587/4587 2888/2888/2888
f 2890/2890/2890 866/866/866 2892/2892/2892
f 2890/2890/2890 2892/2892/2892 4587/4587/4587
f 4587/4587/4587 2892/2892/2892 868/868/868
f 4587/4587/4587 868/868/868 2893/2893/2893
f 2888/2888/2888 4587/4587/4587 2893/2893/2893
f 2888/2888/2888 2893/2893/2893 865/865/865
f 866/866/866 2894/2894/2894 4588/4588/4588
f 866/866/866 4588/4588/4588 2892/2892/2892
f 2894/2894/2894 869/869/869 2896/2896/2896
f 2894/2894/2894 2896/2896/2896 4588/4588/4588
f 4588/4588/4588 2896/2896/2896 871/871/871
f 4588/4588/4588 871/871/871 2897/2897/2897
f 2892/2892/2892 4588/4588/4588 2897/2897/2897
f 2892/2892/2892 2897/2897/2897 868/868/868
f 869/869/869 2898/2898/2898 4589/4589/4589
f 869/869/869 4589/4589/4589 2896/2896/2896
f 2898/2898/2898 800/800/800 2805/2805/2805
f 2898/2898/2898 2805/2805/2805 4589/4589/4589
f 4589/4589/4589 2805/2805/2805 799/799/799
f 4589/4589/4589 799/799/799 2900/2900/2900
f 2896/2896/2896 4589/4589/4589 2900/2900/2900
f 2896/2896/2896 2900/2900/2900 871/871/871
f 805/805/805 2813/2813/2813 4590/4590/4590
f 805/805/805 4590/4590/4590 2804/2804/2804
f 2813/2813/2813 808/808/808 2950/2950/2950
f 2813/2813/2813 2950/2950/2950 4590/4590/4590
f 4590/4590/4590 2950/2950/2950 872/872/872
f 4590/4590/4590 872/872/872 2947/2947/2947
f 2804/2804/2804 4590/4590/4590 2947/2947/2947
f 2804/2804/2804 2947/2947/2947 346/346/346
f 886/886/886 2917/2917/2917 4591/4591/4591
f 886/886/886 4591/4591/4591 2997/2997/2997
f 2917/2917/2917 887/887/887 2998/2998/2998
f 2917/2917/2917 2998/2998/2998 4591/4591/4591
f 4591/4591/4591 2998/2998/2998 911/911/911
f 4591/4591/4591 911/911/911 2980/2980/2980
f 2997/2997/2997 4591/4591/4591 2980/2980/2980
f 2997/2997/2997 2980/2980/2980 910/910/910
f 346/346/346 2947/2947/2947 4592/4592/4592
f 346/346/346 4592/4592/4592 2999/2999/2999
f 2947/2947/2947 872/872/872 3000/3000/3000
f 2947/2947/2947 3000/3000/3000 4592/4592/4592
f 4592/4592/4592 3000/3000/3000 896/896/896
f 4592/4592/4592 896/896/896 2995/2995/2995
f 2999/2999/2999 4592/4592/4592 2995/2995/2995
f 2999/2999/2999 2995/2995/2995 894/894/894
f 882/882/882 2925/2925/2925 4593/4593/4593
f 882/882/882 4593/4593/4593 3001/3001/3001
f 2925/2925/2925 883/883/883 3002/3002/3002
f 2925/2925/2925 3002/3002/3002 4593/4593/4593
f 4593/4593/4593 3002/3002/3002 907/907/907
f 4593/4593/4593 907/907/907 2984/2984/2984
f 3001/3001/3001 4593/4593/4593 2984/2984/2984
f 3001/3001/3001 2984/2984/2984 906/906/906
f 892/892/892 2902/2902/2902 4594/4594/4594
f 892/892/892 4594/4594/4594 3003/3003/3003
f 2902/2902/2902 893/893/893 3004/3004/3004
f 2902/2902/2902 3004/3004/3004 4594/4594/4594
f 4594/4594/4594 3004/3004/3004 917/917/917
f 4594/4594/4594 917/917/917 2974/2974/2974
f 3003/3003/3003 4594/4594/4594 2974/2974/2974
f 3003/3003/3003 2974/2974/2974 916/916/916
f 878/878/878 2933/2933/2933 4595/4595/4595
f 878/878/878 4595/4595/4595 3005/3005/3005
f 2933/2933/2933 879/879/879 3006/3006/3006
f 2933/2933/2933 3006/3006/3006 4595/4595/4595
f 4595/4595/4595 3006/3006/3006 903/903/903
f 4595/4595/4595 903/903/903 2988/2988/2988
f 3005/3005/3005 4595/4595/4595 2988/2988/2988
f 3005/3005/3005 2988/2988/2988 902/902/902
f 889/889/889 2911/2911/2911 4596/4596/4596
f 889/889/889 4596/4596/4596 3007/3007/3007
f 2911/2911/2911 890/890/890 3008/3008/3008
f 2911/2911/2911 3008/3008/3008 4596/4596/4596
f 4596/4596/4596 3008/3008/3008 914/914/914
f 4596/4596/4596 914/914/914 2977/2977/2977
f 3007/3007/3007 4596/4596/4596 2977/2977/2977
f 3007/3007/3007 2977/2977/2977 913/913/913
f 874/874/874 2941/2941/2941 4597/4597/4597
f 874/874/874 4597/4597/4597 3009/3009/3009
f 2941/2941/2941 875/875/875 3010/3010/3010
f 2941/2941/2941 3010/3010/3010 4597/4597/4597
f 4597/4597/4597 3010/3010/3010 899/899/899
f 4597/4597/4597 899/899/899 2992/2992/2992
f 3009/3009/3009 4597/4597/4597 2992/2992/2992
f 3009/3009/3009 2992/2992/2992 898/898/898
f 885/885/885 2919/2919/2919 4598/4598/4598
f 885/885/885 4598/4598/4598 3011/3011/3011
f 2919/2919/2919 886/886/886 2997/2997/2997
f 2919/2919/2919 2997/2997/2997 4598/4598/4598
f 4598/4598/4598 2997/2997/2997 910/910/910
f 4598/4598/4598 910/910/910 2981/2981/2981
f 3011/3011/3011 4598/4598/4598 2981/2981/2981
f 3011/3011/3011 2981/2981/2981 909/909/909
f 798/798/798 2949/2949/2949 4599/4599/4599
f 798/798/798 4599/4599/4599 3012/3012/3012
f 2949/2949/2949 346/346/346 2999/2999/2999
f 2949/2949/2949 2999/2999/2999 4599/4599/4599
f 4599/4599/4599 2999/2999/2999 894/894/894
f 4599/4599/4599 894/894/894 2996/2996/2996
f 3012/3012/3012 4599/4599/4599 2996/2996/2996
f 3012/3012/3012 2996/2996/2996 895/895/895
f 881/881/881 2927/2927/2927 4600/4600/4600
f 881/881/881 4600/4600/4600 3013/3013/3013
f 2927/2927/2927 882/882/882 3001/3001/3001
f 2927/2927/2927 3001/3001/3001 4600/4600/4600
f 4600/4600/4600 3001/3001/3001 906/906/906
f 4600/4600/4600 906/906/906 2985/2985/2985
f 3013/3013/3013 4600/4600/4600 2985/2985/2985
f 3013/3013/3013 2985/2985/2985 905/905/905
f 877/877/877 2935/2935/2935 4601/4601/4601
f 877/877/877 4601/4601/4601 3014/3014/3014
f 2935/2935/2935 878/878/878 3005/3005/3005
f 2935/2935/2935 3005/3005/3005 4601/4601/4601
f 4601/4601/4601 3005/3005/3005 902/902/902
f 4601/4601/4601 902/902/902 2989/2989/2989
f 3014/3014/3014 4601/4601/4601 2989/2989/2989
f 3014/3014/3014 2989/2989/2989 901/901/901
f 888/888/888 2913/2913/2913 4602/4602/4602
f 888/888/888 4602/4602/4602 3015/3015/3015
f 2913/2913/2913 889/889/889 3007/3007/3007
f 2913/2913/2913 3007/3007/3007 4602/4602/4602
f 4602/4602/4602 3007/3007/3007 913/913/913
f 4602/4602/4602 913/913/913 2978/2978/2978
f 3015/3015/3015 4602/4602/4602 2978/2978/2978
f 3015/3015/3015 2978/2978/2978 912/912/912
f 873/873/873 2943/2943/2943 4603/4603/4603
f 873/873/873 4603/4603/4603 3016/3016/3016
f 2943/2943/2943 874/874/874 3009/3009/3009
f 2943/2943/2943 3009/3009/3009 4603/4603/4603
f 4603/4603/4603 3009/3009/3009 898/898/898
f 4603/4603/4603 898/898/898 2993/2993/2993
f 3016/3016/3016 4603/4603/4603 2993/2993/2993
f 3016/3016/3016 2993/2993/2993 897/897/897
f 884/884/884 2921/2921/2921 4604/4604/4604
f 884/884/884 4604/4604/4604 3017/3017/3017
f 2921/2921/2921 885/885/885 3011/3011/3011
f 2921/2921/2921 3011/3011/3011 4604/4604/4604
f 4604/4604/4604 3011/3011/3011 909/909/909
f 4604/4604/4604 909/909/909 2982/2982/2982
f 3017/3017/3017 4604/4604/4604 2982/2982/2982
f 3017/3017/3017 2982/2982/2982 908/908/908
f 880/880/880 2929/2929/2929 4605/4605/4605
f 880/880/880 4605/4605/4605 3018/3018/3018
f 2929/2929/2929 881/881/881 3013/3013/3013
f 2929/2929/2929 3013/3013/3013 4605/4605/4605
f 4605/4605/4605 3013/3013/3013 905/905/905
f 4605/4605/4605 905/905/905 2986/2986/2986
f 3018/3018/3018 4605/4605/4605 2986/2986/2986
f 3018/3018/3018 2986/2986/2986 904/904/904
f 891/891/891 2907/2907/2907 4606/4606/4606
f 891/891/891 4606/4606/4606 3019/3019/3019
f 2907/2907/2907 892/892/892 3003/3003/3003
f 2907/2907/2907 3003/3003/3003 4606/4606/4606
f 4606/4606/4606 3003/3003/3003 916/916/916
f 4606/4606/4606 916/916/916 2975/2975/2975
f 3019/3019/3019 4606/4606/4606 2975/2975/2975
f 3019/3019/3019 2975/2975/2975 915/915/915
f 876/876/876 2937/2937/2937 4607/4607/4607
f 876/876/876 4607/4607/4607 3020/3020/3020
f 2937/2937/2937 877/877/877 3014/3014/3014
f 2937/2937/2937 3014/3014/3014 4607/4607/4607
f 4607/4607/4607 3014/3014/3014 901/901/901
f 4607/4607/4607 901/901/901 2990/2990/2990
f 3020/3020/3020 4607/4607/4607 2990/2990/2990
f 3020/3020/3020 2990/2990/2990 900/900/900
f 887/887/887 2915/2915/2915 4608/4608/4608
f 887/887/887 4608/4608/4608 2998/2998/2998
f 2915/2915/2915 888/888/888 3015/3015/3015
f 2915/2915/2915 3015/3015/3015 4608/4608/4608
f 4608/4608/4608 3015/3015/3015 912/912/912
f 4608/4608/4608 912/912/912 2979/2979/2979
f 2998/2998/2998 4608/4608/4608 2979/2979/2979
f 2998/2998/2998 2979/2979/2979 911/911/911
f 872/872/872 2945/2945/2945 4609/4609/4609
f 872/872/872 4609/4609/4609 3000/3000/3000
f 2945/2945/2945 873/873/873 3016/3016/3016
f 2945/2945/2945 3016/3016/3016 4609/4609/4609
f 4609/4609/4609 3016/3016/3016 897/897/897
f 4609/4609/4609 897/897/897 2994/2994/2994
f 3000/3000/3000 4609/4609/4609 2994/2994/2994
f 3000/3000/3000 2994/2994/2994 896/896/896
f 883/883/883 2923/2923/2923 4610/4610/4610
f 883/883/883 4610/4610/4610 3002/3002/3002
f 2923/2923/2923 884/884/884 3017/3017/3017
f 2923/2923/2923 3017/3017/3017 4610/4610/4610
f 4610/4610/4610 3017/3017/3017 908/908/908
f 4610/4610/4610 908/908/908 2983/2983/2983
f 3002/3002/3002 4610/4610/4610 2983/2983/2983
f 3002/3002/3002 2983/2983/2983 907/907/907
f 879/879/879 2931/2931/2931 4611/4611/4611
f 879/879/879 4611/4611/4611 3006/3006/3006
f 2931/2931/2931 880/880/880 3018/3018/3018
f 2931/2931/2931 3018/3018/3018 4611/4611/4611
f 4611/4611/4611 3018/3018/3018 904/904/904
f 4611/4611/4611 904/904/904 2987/2987/2987
f 3006/3006/3006 4611/4611/4611 2987/2987/2987
f 3006/3006/3006 2987/2987/2987 903/903/903
f 890/890/890 2909/2909/2909 4612/4612/4612
f 890/890/890 4612/4612/4612 3008/3008/3008
f 2909/2909/2909 891/891/891 3019/3019/3019
f 2909/2909/2909 3019/3019/3019 4612/4612/4612
f 4612/4612/4612 3019/3019/3019 915/915/915
f 4612/4612/4612 915/915/915 2976/2976/2976
f 3008/3008/3008 4612/4612/4612 2976/2976/2976
f 3008/3008/3008 2976/2976/2976 914/914/914
f 875/875/875 2939/2939/2939 4613/4613/4613
f 875/875/875 4613/4613/4613 3010/3010/3010
f 2939/2939/2939 876/876/876 3020/3020/3020
f 2939/2939/2939 3020/3020/3020 4613/4613/4613
f 4613/4613/4613 3020/3020/3020 900/900/900
f 4613/4613/4613 900/900/900 2991/2991/2991
f 3010/3010/3010 4613/4613/4613 2991/2991/2991
f 3010/3010/3010 2991/2991/2991 899/899/899
f 893/893/893 2901/2901/2901 4614/4614/4614
f 893/893/893 4614/4614/4614 3004/3004/3004
f 2901/2901/2901 798/798/798 3012/3012/3012
f 2901/2901/2901 3012/3012/3012 4614/4614/4614
f 4614/4614/4614 3012/3012/3012 895/895/895
f 4614/4614/4614 895/895/895 2973/2973/2973
f 3004/3004/3004 4614/4614/4614 2973/2973/2973
f 3004/3004/3004 2973/2973/2973 917/917/917
f 899/899/899 2991/2991/2991 4615/4615/4615
f 899/899/899 4615/4615/4615 3045/3045/3045
f 2991/2991/2991 900/900/900 3046/3046/3046
f 2991/2991/2991 3046/3046/3046 4615/4615/4615
f 4615/4615/4615 3046/3046/3046 924/924/924
f 4615/4615/4615 924/924/924 3039/3039/3039
f 3045/3045/3045 4615/4615/4615 3039/3039/3039
f 3045/3045/3045 3039/3039/3039 923/923/923
f 906/906/906 2984/2984/2984 4616/4616/4616
f 906/906/906 4616/4616/4616 3047/3047/3047
f 2984/2984/2984 907/907/907 3048/3048/3048
f 2984/2984/2984 3048/3048/3048 4616/4616/4616
f 4616/4616/4616 3048/3048/3048 931/931/931
f 4616/4616/4616 931/931/931 3032/3032/3032
f 3047/3047/3047 4616/4616/4616 3032/3032/3032
f 3047/3047/3047 3032/3032/3032 930/930/930
f 913/913/913 2977/2977/2977 4617/4617/4617
f 913/913/913 4617/4617/4617 3049/3049/3049
f 2977/2977/2977 914/914/914 3050/3050/3050
f 2977/2977/2977 3050/3050/3050 4617/4617/4617
f 4617/4617/4617 3050/3050/3050 938/938/938
f 4617/4617/4617 938/938/938 3025/3025/3025
f 3049/3049/3049 4617/4617/4617 3025/3025/3025
f 3049/3049/3049 3025/3025/3025 937/937/937
f 898/898/898 2992/2992/2992 4618/4618/4618
f 898/898/898 4618/4618/4618 3051/3051/3051
f 2992/2992/2992 899/899/899 3045/3045/3045
f 2992/2992/2992 3045/3045/3045 4618/4618/4618
f 4618/4618/4618 3045/3045/3045 923/923/923
f 4618/4618/4618 923/923/923 3040/3040/3040
f 3051/3051/3051 4618/4618/4618 3040/3040/3040
f 3051/3051/3051 3040/3040/3040 922/922/922
f 905/905/905 2985/2985/2985 4619/4619/4619
f 905/905/905 4619/4619/4619 3052/3052/3052
f 2985/2985/2985 906/906/906 3047/3047/3047
f 2985/2985/2985 3047/3047/3047 4619/4619/4619
f 4619/4619/4619 3047/3047/3047 930/930/930
f 4619/4619/4619 930/930/930 3033/3033/3033
f 3052/3052/3052 4619/4619/4619 3033/3033/3033
f 3052/3052/3052 3033/3033/3033 929/929/929
f 912/912/912 2978/2978/2978 4620/4620/4620
f 912/912/912 4620/4620/4620 3053/3053/3053
f 2978/2978/2978 913/913/913 3049/3049/3049
f 2978/2978/2978 3049/3049/3049 4620/4620/4620
f 4620/4620/4620 3049/3049/3049 937/937/937
f 4620/4620/4620 937/937/937 3026/3026/3026
f 3053/3053/3053 4620/4620/4620 3026/3026/3026
f 3053/3053/3053 3026/3026/3026 936/936/936
f 897/897/897 2993/2993/2993 4621/4621/4621
f 897/897/897 4621/4621/4621 3054/3054/3054
f 2993/2993/2993 898/898/898 3051/3051/3051
f 2993/2993/2993 3051/3051/3051 4621/4621/4621
f 4621/4621/4621 3051/3051/3051 922/922/922
f 4621/4621/4621 922/922/922 3041/3041/3041
f 3054/3054/3054 4621/4621/4621 3041/3041/3041
f 3054/3054/3054 3041/3041/3041 921/921/921
f 904/904/904 2986/2986/2986 4622/4622/4622
f 904/904/904 4622/4622/4622 3055/3055/3055
f 2986/2986/2986 905/905/905 3052/3052/3052
f 2986/2986/2986 3052/3052/3052 4622/4622/4622
f 4622/4622/4622 3052/3052/3052 929/929/929
f 4622/4622/4622 929/929/929 3034/3034/3034
f 3055/3055/3055 4622/4622/4622 3034/3034/3034
f 3055/3055/3055 3034/3034/3034 928/928/928
f 911/911/911 2979/2979/2979 4623/4623/4623
f 911/911/911 4623/4623/4623 3056/3056/3056
f 2979/2979/2979 912/912/912 3053/3053/3053
f 2979/2979/2979 3053/3053/3053 4623/4623/4623
f 4623/4623/4623 3053/3053/3053 936/936/936
f 4623/4623/4623 936/936/936 3027/3027/3027
f 3056/3056/3056 4623/4623/4623 3027/3027/3027
f 3056/3056/3056 3027/3027/3027 935/935/935
f 896/896/896 2994/2994/2994 4624/4624/4624
f 896/896/896 4624/4624/4624 3057/3057/3057
f 2994/2994/2994 897/897/897 3054/3054/3054
f 2994/2994/2994 3054/3054/3054 4624/4624/4624
f 4624/4624/4624 3054/3054/3054 921/921/921
f 4624/4624/4624 921/921/921 3042/3042/3042
f 3057/3057/3057 4624/4624/4624 3042/3042/3042
f 3057/3057/3057 3042/3042/3042 920/920/920
f 903/903/903 2987/2987/2987 4625/4625/4625
f 903/903/903 4625/4625/4625 3058/3058/3058
f 2987/2987/2987 904/904/904 3055/3055/3055
f 2987/2987/2987 3055/3055/3055 4625/4625/4625
f 4625/4625/4625 3055/3055/3055 928/928/928
f 4625/4625/4625 928/928/928 3035/3035/3035
f 3058/3058/3058 4625/4625/4625 3035/3035/3035
f 3058/3058/3058 3035/3035/3035 927/927/927
f 910/910/910 2980/2980/2980 4626/4626/4626
f 910/910/910 4626/4626/4626 3059/3059/3059
f 2980/2980/2980 911/911/911 3056/3056/3056
f 2980/2980/2980 3056/3056/3056 4626/4626/4626
f 4626/4626/4626 3056/3056/3056 935/935/935
f 4626/4626/4626 935/935/935 3028/3028/3028
f 3059/3059/3059 4626/4626/4626 3028/3028/3028
f 3059/3059/3059 3028/3028/3028 934/934/934
f 894/894/894 2995/2995/2995 4627/4627/4627
f 894/894/894 4627/4627/4627 3060/3060/3060
f 2995/2995/2995 896/896/896 3057/3057/3057
f 2995/2995/2995 3057/3057/3057 4627/4627/4627
f 4627/4627/4627 3057/3057/3057 920/920/920
f 4627/4627/4627 920/920/920 3043/3043/3043
f 3060/3060/3060 4627/4627/4627 3043/3043/3043
f 3060/3060/3060 3043/3043/3043 918/918/918
f 917/917/917 2973/2973/2973 4628/4628/4628
f 917/917/917 4628/4628/4628 3061/3061/3061
f 2973/2973/2973 895/895/895 3062/3062/3062
f 2973/2973/2973 3062/3062/3062 4628/4628/4628
f 4628/4628/4628 3062/3062/3062 919/919/919
f 4628/4628/4628 919/919/919 3021/3021/3021
f 3061/3061/3061 4628/4628/4628 3021/3021/3021
f 3061/3061/3061 3021/3021/3021 941/941/941
f 902/902/902 2988/2988/2988 4629/4629/4629
f 902/902/902 4629/4629/4629 3063/3063/3063
f 2988/2988/2988 903/903/903 3058/3058/3058
f 2988/2988/2988 3058/3058/3058 4629/4629/4629
f 4629/4629/4629 3058/3058/3058 927/927/927
f 4629/4629/4629 927/927/927 3036/3036/3036
f 3063/3063/3063 4629/4629/4629 3036/3036/3036
f 3063/3063/3063 3036/3036/3036 926/926/926
f 909/909/909 2981/2981/2981 4630/4630/4630
f 909/909/909 4630/4630/4630 3064/3064/3064
f 2981/2981/2981 910/910/910 3059/3059/3059
f 2981/2981/2981 3059/3059/3059 4630/4630/4630
f 4630/4630/4630 3059/3059/3059 934/934/934
f 4630/4630/4630 934/934/934 3029/3029/3029
f 3064/3064/3064 4630/4630/4630 3029/3029/3029
f 3064/3064/3064 3029/3029/3029 933/933/933
f 895/895/895 2996/2996/2996 4631/4631/4631
f 895/895/895 4631/4631/4631 3062/3062/3062
f 2996/2996/2996 894/894/894 3060/3060/3060
f 2996/2996/2996 3060/3060/3060 4631/4631/4631
f 4631/4631/4631 3060/3060/3060 918/918/918
f 4631/4631/4631 918/918/918 3044/3044/3044
f 3062/3062/3062 4631/4631/4631 3044/3044/3044
f 3062/3062/3062 3044/3044/3044 919/919/919
f 916/916/916 2974/2974/2974 4632/4632/4632
f 916/916/916 4632/4632/4632 3065/3065/3065
f 2974/2974/2974 917/917/917 3061/3061/3061
f 2974/2974/2974 3061/3061/3061 4632/4632/4632
f 4632/4632/4632 3061/3061/3061 941/941/941
f 4632/4632/4632 941/941/941 3022/3022/3022
f 3065/3065/3065 4632/4632/4632 3022/3022/3022
f 3065/3065/3065 3022/3022/3022 940/940/940
f 901/901/901 2989/2989/2989 4633/4633/4633
f 901/901/901 4633/4633/4633 3066/3066/3066
f 2989/2989/2989 902/902/902 3063/3063/3063
f 2989/2989/2989 3063/3063/3063 4633/4633/4633
f 4633/4633/4633 3063/3063/3063 926/926/926
f 4633/4633/4633 926/926/926 3037/3037/3037
f 3066/3066/3066 4633/4633/4633 3037/3037/3037
f 3066/3066/3066 3037/3037/3037 925/925/925
f 908/908/908 2982/2982/2982 4634/4634/4634
f 908/908/908 4634/4634/4634 3067/3067/3067
f 2982/2982/2982 909/909/909 3064/3064/3064
f 2982/2982/2982 3064/3064/3064 4634/4634/4634
f 4634/4634/4634 3064/3064/3064 933/933/933
f 4634/4634/4634 933/933/933 3030/3030/3030
f 3067/3067/3067 4634/4634/4634 3030/3030/3030
f 3067/3067/3067 3030/3030/3030 932/932/932
f 915/915/915 2975/2975/2975 4635/4635/4635
f 915/915/915 4635/4635/4635 3068/3068/3068
f 2975/2975/2975 916/916/916 3065/3065/3065
f 2975/2975/2975 3065/3065/3065 4635/4635/4635
f 4635/4635/4635 3065/3065/3065 940/940/940
f 4635/4635/4635 940/940/940 3023/3023/3023
f 3068/3068/3068 4635/4635/4635 3023/3023/3023
f 3068/3068/3068 3023/3023/3023 939/939/939
f 900/900/900 2990/2990/2990 4636/4636/4636
f 900/900/900 4636/4636/4636 3046/3046/3046
f 2990/2990/2990 901/901/901 3066/3066/3066
f 2990/2990/2990 3066/3066/3066 4636/4636/4636
f 4636/4636/4636 3066/3066/3066 925/925/925
f 4636/4636/4636 925/925/925 3038/3038/3038
f 3046/3046/3046 4636/4636/4636 3038/3038/3038
f 3046/3046/3046 3038/3038/3038 924/924/924
f 907/907/907 2983/2983/2983 4637/4637/4637
f 907/907/907 4637/4637/4637 3048/3048/3048
f 2983/2983/2983 908/908/908 3067/3067/3067
f 2983/2983/2983 3067/3067/3067 4637/4637/4637
f 4637/4637/4637 3067/3067/3067 932/932/932
f 4637/4637/4637 932/932/932 3031/3031/3031
f 3048/3048/3048 4637/4637/4637 3031/3031/3031
f 3048/3048/3048 3031/3031/3031 931/931/931
f 914/914/914 2976/2976/2976 4638/4638/4638
f 914/914/914 4638/4638/4638 3050/3050/3050
f 2976/2976/2976 915/915/915 3068/3068/3068
f 2976/2976/2976 3068/3068/3068 4638/4638/4638
f 4638/4638/4638 3068/3068/3068 939/939/939
f 4638/4638/4638 939/939/939 3024/3024/3024
f 3050/3050/3050 4638/4638/4638 3024/3024/3024
f 3050/3050/3050 3024/3024/3024 938/938/938
f 1000/1000/1000 3112/3112/3112 4639/4639/4639
f 1000/1000/1000 4639/4639/4639 3201/3201/3201
f 3112/3112/3112 1002/1002/1002 3203/3203/3203
f 3112/3112/3112 3203/3203/3203 4639/4639/4639
f 4639/4639/4639 3203/3203/3203 960/960/960
f 4639/4639/4639 960/960/960 3075/3075/3075
f 3201/3201/3201 4639/4639/4639 3075/3075/3075
f 3201/3201/3201 3075/3075/3075 959/959/959
f 969/969/969 3163/3163/3163 4640/4640/4640
f 969/969/969 4640/4640/4640 3170/3170/3170
f 3163/3163/3163 966/966/966 3165/3165/3165
f 3163/3163/3163 3165/3165/3165 4640/4640/4640
f 4640/4640/4640 3165/3165/3165 942/942/942
f 4640/4640/4640 942/942/942 3092/3092/3092
f 3170/3170/3170 4640/4640/4640 3092/3092/3092
f 3170/3170/3170 3092/3092/3092 943/943/943
f 970/970/970 3157/3157/3157 4641/4641/4641
f 970/970/970 4641/4641/4641 3166/3166/3166
f 3157/3157/3157 972/972/972 3173/3173/3173
f 3157/3157/3157 3173/3173/3173 4641/4641/4641
f 4641/4641/4641 3173/3173/3173 945/945/945
f 4641/4641/4641 945/945/945 3090/3090/3090
f 3166/3166/3166 4641/4641/4641 3090/3090/3090
f 3166/3166/3166 3090/3090/3090 944/944/944
f 984/984/984 3136/3136/3136 4642/4642/4642
f 984/984/984 4642/4642/4642 3185/3185/3185
f 3136/3136/3136 986/986/986 3187/3187/3187
f 3136/3136/3136 3187/3187/3187 4642/4642/4642
f 4642/4642/4642 3187/3187/3187 952/952/952
f 4642/4642/4642 952/952/952 3083/3083/3083
f 3185/3185/3185 4642/4642/4642 3083/3083/3083
f 3185/3185/3185 3083/3083/3083 951/951/951
f 998/998/998 3115/3115/3115 4643/4643/4643
f 998/998/998 4643/4643/4643 3199/3199/3199
f 3115/3115/3115 1000/1000/1000 3201/3201/3201
f 3115/3115/3115 3201/3201/3201 4643/4643/4643
f 4643/4643/4643 3201/3201/3201 959/959/959
f 4643/4643/4643 959/959/959 3076/3076/3076
f 3199/3199/3199 4643/4643/4643 3076/3076/3076
f 3199/3199/3199 3076/3076/3076 958/958/958
f 918/918/918 3043/3043/3043 4644/4644/4644
f 918/918/918 4644/4644/4644 3168/3168/3168
f 3043/3043/3043 920/920/920 3169/3169/3169
f 3043/3043/3043 3169/3169/3169 4644/4644/4644
f 4644/4644/4644 3169/3169/3169 971/971/971
f 4644/4644/4644 971/971/971 3162/3162/3162
f 3168/3168/3168 4644/4644/4644 3162/3162/3162
f 3168/3168/3168 3162/3162/3162 967/967/967
f 982/982/982 3139/3139/3139 4645/4645/4645
f 982/982/982 4645/4645/4645 3183/3183/3183
f 3139/3139/3139 984/984/984 3185/3185/3185
f 3139/3139/3139 3185/3185/3185 4645/4645/4645
f 4645/4645/4645 3185/3185/3185 951/951/951
f 4645/4645/4645 951/951/951 3084/3084/3084
f 3183/3183/3183 4645/4645/4645 3084/3084/3084
f 3183/3183/3183 3084/3084/3084 950/950/950
f 996/996/996 3118/3118/3118 4646/4646/4646
f 996/996/996 4646/4646/4646 3197/3197/3197
f 3118/3118/3118 998/998/998 3199/3199/3199
f 3118/3118/3118 3199/3199/3199 4646/4646/4646
f 4646/4646/4646 3199/3199/3199 958/958/958
f 4646/4646/4646 958/958/958 3077/3077/3077
f 3197/3197/3197 4646/4646/4646 3077/3077/3077
f 3197/3197/3197 3077/3077/3077 957/957/957
f 1010/1010/1010 3097/3097/3097 4647/4647/4647
f 1010/1010/1010 4647/4647/4647 3211/3211/3211
f 3097/3097/3097 1012/1012/1012 3171/3171/3171
f 3097/3097/3097 3171/3171/3171 4647/4647/4647
f 4647/4647/4647 3171/3171/3171 965/965/965
f 4647/4647/4647 965/965/965 3070/3070/3070
f 3211/3211/3211 4647/4647/4647 3070/3070/3070
f 3211/3211/3211 3070/3070/3070 964/964/964
f 980/980/980 3142/3142/3142 4648/4648/4648
f 980/980/980 4648/4648/4648 3181/3181/3181
f 3142/3142/3142 982/982/982 3183/3183/3183
f 3142/3142/3142 3183/3183/3183 4648/4648/4648
f 4648/4648/4648 3183/3183/3183 950/950/950
f 4648/4648/4648 950/950/950 3085/3085/3085
f 3181/3181/3181 4648/4648/4648 3085/3085/3085
f 3181/3181/3181 3085/3085/3085 949/949/949
f 994/994/994 3121/3121/3121 4649/4649/4649
f 994/994/994 4649/4649/4649 3195/3195/3195
f 3121/3121/3121 996/996/996 3197/3197/3197
f 3121/3121/3121 3197/3197/3197 4649/4649/4649
f 4649/4649/4649 3197/3197/3197 957/957/957
f 4649/4649/4649 957/957/957 3078/3078/3078
f 3195/3195/3195 4649/4649/4649 3078/3078/3078
f 3195/3195/3195 3078/3078/3078 956/956/956
f 1008/1008/1008 3100/3100/3100 4650/4650/4650
f 1008/1008/1008 4650/4650/4650 3209/3209/3209
f 3100/3100/3100 1010/1010/1010 3211/3211/3211
f 3100/3100/3100 3211/3211/3211 4650/4650/4650
f 4650/4650/4650 3211/3211/3211 964/964/964
f 4650/4650/4650 964/964/964 3071/3071/3071
f 3209/3209/3209 4650/4650/4650 3071/3071/3071
f 3209/3209/3209 3071/3071/3071 963/963/963
f 978/978/978 3145/3145/3145 4651/4651/4651
f 978/978/978 4651/4651/4651 3179/3179/3179
f 3145/3145/3145 980/980/980 3181/3181/3181
f 3145/3145/3145 3181/3181/3181 4651/4651/4651
f 4651/4651/4651 3181/3181/3181 949/949/949
f 4651/4651/4651 949/949/949 3086/3086/3086
f 3179/3179/3179 4651/4651/4651 3086/3086/3086
f 3179/3179/3179 3086/3086/3086 948/948/948
f 992/992/992 3124/3124/3124 4652/4652/4652
f 992/992/992 4652/4652/4652 3193/3193/3193
f 3124/3124/3124 994/994/994 3195/3195/3195
f 3124/3124/3124 3195/3195/3195 4652/4652/4652
f 4652/4652/4652 3195/3195/3195 956/956/956
f 4652/4652/4652 956/956/956 3079/3079/3079
f 3193/3193/3193 4652/4652/4652 3079/3079/3079
f 3193/3193/3193 3079/3079/3079 955/955/955
f 1006/1006/1006 3103/3103/3103 4653/4653/4653
f 1006/1006/1006 4653/4653/4653 3207/3207/3207
f 3103/3103/3103 1008/1008/1008 3209/3209/3209
f 3103/3103/3103 3209/3209/3209 4653/4653/4653
f 4653/4653/4653 3209/3209/3209 963/963/963
f 4653/4653/4653 963/963/963 3072/3072/3072
f 3207/3207/3207 4653/4653/4653 3072/3072/3072
f 3207/3207/3207 3072/3072/3072 962/962/962
f 976/976/976 3148/3148/3148 4654/4654/4654
f 976/976/976 4654/4654/4654 3177/3177/3177
f 3148/3148/3148 978/978/978 3179/3179/3179
f 3148/3148/3148 3179/3179/3179 4654/4654/4654
f 4654/4654/4654 3179/3179/3179 948/948/948
f 4654/4654/4654 948/948/948 3087/3087/3087
f 3177/3177/3177 4654/4654/4654 3087/3087/3087
f 3177/3177/3177 3087/3087/3087 947/947/947
f 990/990/990 3127/3127/3127 4655/4655/4655
f 990/990/990 4655/4655/4655 3191/3191/3191
f 3127/3127/3127 992/992/992 3193/3193/3193
f 3127/3127/3127 3193/3193/3193 4655/4655/4655
f 4655/4655/4655 3193/3193/3193 955/955/955
f 4655/4655/4655 955/955/955 3080/3080/3080
f 3191/3191/3191 4655/4655/4655 3080/3080/3080
f 3191/3191/3191 3080/3080/3080 954/954/954
f 1004/1004/1004 3106/3106/3106 4656/4656/4656
f 1004/1004/1004 4656/4656/4656 3205/3205/3205
f 3106/3106/3106 1006/1006/1006 3207/3207/3207
f 3106/3106/3106 3207/3207/3207 4656/4656/4656
f 4656/4656/4656 3207/3207/3207 962/962/962
f 4656/4656/4656 962/962/962 3073/3073/3073
f 3205/3205/3205 4656/4656/4656 3073/3073/3073
f 3205/3205/3205 3073/3073/3073 961/961/961
f 974/974/974 3151/3151/3151 4657/4657/4657
f 974/974/974 4657/4657/4657 3175/3175/3175
f 3151/3151/3151 976/976/976 3177/3177/3177
f 3151/3151/3151 3177/3177/3177 4657/4657/4657
f 4657/4657/4657 3177/3177/3177 947/947/947
f 4657/4657/4657 947/947/947 3088/3088/3088
f 3175/3175/3175 4657/4657/4657 3088/3088/3088
f 3175/3175/3175 3088/3088/3088 946/946/946
f 988/988/988 3130/3130/3130 4658/4658/4658
f 988/988/988 4658/4658/4658 3189/3189/3189
f 3130/3130/3130 990/990/990 3191/3191/3191
f 3130/3130/3130 3191/3191/3191 4658/4658/4658
f 4658/4658/4658 3191/3191/3191 954/954/954
f 4658/4658/4658 954/954/954 3081/3081/3081
f 3189/3189/3189 4658/4658/4658 3081/3081/3081
f 3189/3189/3189 3081/3081/3081 953/953/953
f 1002/1002/1002 3109/3109/3109 4659/4659/4659
f 1002/1002/1002 4659/4659/4659 3203/3203/3203
f 3109/3109/3109 1004/1004/1004 3205/3205/3205
f 3109/3109/3109 3205/3205/3205 4659/4659/4659
f 4659/4659/4659 3205/3205/3205 961/961/961
f 4659/4659/4659 961/961/961 3074/3074/3074
f 3203/3203/3203 4659/4659/4659 3074/3074/3074
f 3203/3203/3203 3074/3074/3074 960/960/960
f 972/972/972 3154/3154/3154 4660/4660/4660
f 972/972/972 4660/4660/4660 3173/3173/3173
f 3154/3154/3154 974/974/974 3175/3175/3175
f 3154/3154/3154 3175/3175/3175 4660/4660/4660
f 4660/4660/4660 3175/3175/3175 946/946/946
f 4660/4660/4660 946/946/946 3089/3089/3089
f 3173/3173/3173 4660/4660/4660 3089/3089/3089
f 3173/3173/3173 3089/3089/3089 945/945/945
f 986/986/986 3133/3133/3133 4661/4661/4661
f 986/986/986 4661/4661/4661 3187/3187/3187
f 3133/3133/3133 988/988/988 3189/3189/3189
f 3133/3133/3133 3189/3189/3189 4661/4661/4661
f 4661/4661/4661 3189/3189/3189 953/953/953
f 4661/4661/4661 953/953/953 3082/3082/3082
f 3187/3187/3187 4661/4661/4661 3082/3082/3082
f 3187/3187/3187 3082/3082/3082 952/952/952
f 930/930/930 3032/3032/3032 4662/4662/4662
f 930/930/930 4662/4662/4662 3192/3192/3192
f 3032/3032/3032 931/931/931 3194/3194/3194
f 3032/3032/3032 3194/3194/3194 4662/4662/4662
f 4662/4662/4662 3194/3194/3194 993/993/993
f 4662/4662/4662 993/993/993 3129/3129/3129
f 3192/3192/3192 4662/4662/4662 3129/3129/3129
f 3192/3192/3192 3129/3129/3129 991/991/991
f 937/937/937 3025/3025/3025 4663/4663/4663
f 937/937/937 4663/4663/4663 3206/3206/3206
f 3025/3025/3025 938/938/938 3208/3208/3208
f 3025/3025/3025 3208/3208/3208 4663/4663/4663
f 4663/4663/4663 3208/3208/3208 1007/1007/1007
f 4663/4663/4663 1007/1007/1007 3108/3108/3108
f 3206/3206/3206 4663/4663/4663 3108/3108/3108
f 3206/3206/3206 3108/3108/3108 1005/1005/1005
f 922/922/922 3040/3040/3040 4664/4664/4664
f 922/922/922 4664/4664/4664 3176/3176/3176
f 3040/3040/3040 923/923/923 3178/3178/3178
f 3040/3040/3040 3178/3178/3178 4664/4664/4664
f 4664/4664/4664 3178/3178/3178 977/977/977
f 4664/4664/4664 977/977/977 3153/3153/3153
f 3176/3176/3176 4664/4664/4664 3153/3153/3153
f 3176/3176/3176 3153/3153/3153 975/975/975
f 929/929/929 3033/3033/3033 4665/4665/4665
f 929/929/929 4665/4665/4665 3190/3190/3190
f 3033/3033/3033 930/930/930 3192/3192/3192
f 3033/3033/3033 3192/3192/3192 4665/4665/4665
f 4665/4665/4665 3192/3192/3192 991/991/991
f 4665/4665/4665 991/991/991 3132/3132/3132
f 3190/3190/3190 4665/4665/4665 3132/3132/3132
f 3190/3190/3190 3132/3132/3132 989/989/989
f 936/936/936 3026/3026/3026 4666/4666/4666
f 936/936/936 4666/4666/4666 3204/3204/3204
f 3026/3026/3026 937/937/937 3206/3206/3206
f 3026/3026/3026 3206/3206/3206 4666/4666/4666
f 4666/4666/4666 3206/3206/3206 1005/1005/1005
f 4666/4666/4666 1005/1005/1005 3111/3111/3111
f 3204/3204/3204 4666/4666/4666 3111/3111/3111
f 3204/3204/3204 3111/3111/3111 1003/1003/1003
f 921/921/921 3041/3041/3041 4667/4667/4667
f 921/921/921 4667/4667/4667 3174/3174/3174
f 3041/3041/3041 922/922/922 3176/3176/3176
f 3041/3041/3041 3176/3176/3176 4667/4667/4667
f 4667/4667/4667 3176/3176/3176 975/975/975
f 4667/4667/4667 975/975/975 3156/3156/3156
f 3174/3174/3174 4667/4667/4667 3156/3156/3156
f 3174/3174/3174 3156/3156/3156 973/973/973
f 928/928/928 3034/3034/3034 4668/4668/4668
f 928/928/928 4668/4668/4668 3188/3188/3188
f 3034/3034/3034 929/929/929 3190/3190/3190
f 3034/3034/3034 3190/3190/3190 4668/4668/4668
f 4668/4668/4668 3190/3190/3190 989/989/989
f 4668/4668/4668 989/989/989 3135/3135/3135
f 3188/3188/3188 4668/4668/4668 3135/3135/3135
f 3188/3188/3188 3135/3135/3135 987/987/987
f 935/935/935 3027/3027/3027 4669/4669/4669
f 935/935/935 4669/4669/4669 3202/3202/3202
f 3027/3027/3027 936/936/936 3204/3204/3204
f 3027/3027/3027 3204/3204/3204 4669/4669/4669
f 4669/4669/4669 3204/3204/3204 1003/1003/1003
f 4669/4669/4669 1003/1003/1003 3114/3114/3114
f 3202/3202/3202 4669/4669/4669 3114/3114/3114
f 3202/3202/3202 3114/3114/3114 1001/1001/1001
f 920/920/920 3042/3042/3042 4670/4670/4670
f 920/920/920 4670/4670/4670 3169/3169/3169
f 3042/3042/3042 921/921/921 3174/3174/3174
f 3042/3042/3042 3174/3174/3174 4670/4670/4670
f 4670/4670/4670 3174/3174/3174 973/973/973
f 4670/4670/4670 973/973/973 3159/3159/3159
f 3169/3169/3169 4670/4670/4670 3159/3159/3159
f 3169/3169/3169 3159/3159/3159 971/971/971
f 927/927/927 3035/3035/3035 4671/4671/4671
f 927/927/927 4671/4671/4671 3186/3186/3186
f 3035/3035/3035 928/928/928 3188/3188/3188
f 3035/3035/3035 3188/3188/3188 4671/4671/4671
f 4671/4671/4671 3188/3188/3188 987/987/987
f 4671/4671/4671 987/987/987 3138/3138/3138
f 3186/3186/3186 4671/4671/4671 3138/3138/3138
f 3186/3186/3186 3138/3138/3138 985/985/985
f 934/934/934 3028/3028/3028 4672/4672/4672
f 934/934/934 4672/4672/4672 3200/3200/3200
f 3028/3028/3028 935/935/935 3202/3202/3202
f 3028/3028/3028 3202/3202/3202 4672/4672/4672
f 4672/4672/4672 3202/3202/3202 1001/1001/1001
f 4672/4672/4672 1001/1001/1001 3117/3117/3117
f 3200/3200/3200 4672/4672/4672 3117/3117/3117
f 3200/3200/3200 3117/3117/3117 999/999/999
f 919/919/919 3044/3044/3044 4673/4673/4673
f 919/919/919 4673/4673/4673 3167/3167/3167
f 3044/3044/3044 918/918/918 3168/3168/3168
f 3044/3044/3044 3168/3168/3168 4673/4673/4673
f 4673/4673/4673 3168/3168/3168 967/967/967
f 4673/4673/4673 967/967/967 3164/3164/3164
f 3167/3167/3167 4673/4673/4673 3164/3164/3164
f 3167/3167/3167 3164/3164/3164 968/968/968
f 941/941/941 3021/3021/3021 4674/4674/4674
f 941/941/941 4674/4674/4674 3172/3172/3172
f 3021/3021/3021 919/919/919 3167/3167/3167
f 3021/3021/3021 3167/3167/3167 4674/4674/4674
f 4674/4674/4674 3167/3167/3167 968/968/968
f 4674/4674/4674 968/968/968 3096/3096/3096
f 3172/3172/3172 4674/4674/4674 3096/3096/3096
f 3172/3172/3172 3096/3096/3096 1013/1013/1013
f 926/926/926 3036/3036/3036 4675/4675/4675
f 926/926/926 4675/4675/4675 3184/3184/3184
f 3036/3036/3036 927/927/927 3186/3186/3186
f 3036/3036/3036 3186/3186/3186 4675/4675/4675
f 4675/4675/4675 3186/3186/3186 985/985/985
f 4675/4675/4675 985/985/985 3141/3141/3141
f 3184/3184/3184 4675/4675/4675 3141/3141/3141
f 3184/3184/3184 3141/3141/3141 983/983/983
f 933/933/933 3029/3029/3029 4676/4676/4676
f 933/933/933 4676/4676/4676 3198/3198/3198
f 3029/3029/3029 934/934/934 3200/3200/3200
f 3029/3029/3029 3200/3200/3200 4676/4676/4676
f 4676/4676/4676 3200/3200/3200 999/999/999
f 4676/4676/4676 999/999/999 3120/3120/3120
f 3198/3198/3198 4676/4676/4676 3120/3120/3120
f 3198/3198/3198 3120/3120/3120 997/997/997
f 1012/1012/1012 3094/3094/3094 4677/4677/4677
f 1012/1012/1012 4677/4677/4677 3171/3171/3171
f 3094/3094/3094 969/969/969 3170/3170/3170
f 3094/3094/3094 3170/3170/3170 4677/4677/4677
f 4677/4677/4677 3170/3170/3170 943/943/943
f 4677/4677/4677 943/943/943 3069/3069/3069
f 3171/3171/3171 4677/4677/4677 3069/3069/3069
f 3171/3171/3171 3069/3069/3069 965/965/965
f 940/940/940 3022/3022/3022 4678/4678/4678
f 940/940/940 4678/4678/4678 3212/3212/3212
f 3022/3022/3022 941/941/941 3172/3172/3172
f 3022/3022/3022 3172/3172/3172 4678/4678/4678
f 4678/4678/4678 3172/3172/3172 1013/1013/1013
f 4678/4678/4678 1013/1013/1013 3099/3099/3099
f 3212/3212/3212 4678/4678/4678 3099/3099/3099
f 3212/3212/3212 3099/3099/3099 1011/1011/1011
f 925/925/925 3037/3037/3037 4679/4679/4679
f 925/925/925 4679/4679/4679 3182/3182/3182
f 3037/3037/3037 926/926/926 3184/3184/3184
f 3037/3037/3037 3184/3184/3184 4679/4679/4679
f 4679/4679/4679 3184/3184/3184 983/983/983
f 4679/4679/4679 983/983/983 3144/3144/3144
f 3182/3182/3182 4679/4679/4679 3144/3144/3144
f 3182/3182/3182 3144/3144/3144 981/981/981
f 932/932/932 3030/3030/3030 4680/4680/4680
f 932/932/932 4680/4680/4680 3196/3196/3196
f 3030/3030/3030 933/933/933 3198/3198/3198
f 3030/3030/3030 3198/3198/3198 4680/4680/4680
f 4680/4680/4680 3198/3198/3198 997/997/997
f 4680/4680/4680 997/997/997 3123/3123/3123
f 3196/3196/3196 4680/4680/4680 3123/3123/3123
f 3196/3196/3196 3123/3123/3123 995/995/995
f 939/939/939 3023/3023/3023 4681/4681/4681
f 939/939/939 4681/4681/4681 3210/3210/3210
f 3023/3023/3023 940/940/940 3212/3212/3212
f 3023/3023/3023 3212/3212/3212 4681/4681/4681
f 4681/4681/4681 3212/3212/3212 1011/1011/1011
f 4681/4681/4681 1011/1011/1011 3102/3102/3102
f 3210/3210/3210 4681/4681/4681 3102/3102/3102
f 3210/3210/3210 3102/3102/3102 1009/1009/1009
f 924/924/924 3038/3038/3038 4682/4682/4682
f 924/924/924 4682/4682/4682 3180/3180/3180
f 3038/3038/3038 925/925/925 3182/3182/3182
f 3038/3038/3038 3182/3182/3182 4682/4682/4682
f 4682/4682/4682 3182/3182/3182 981/981/981
f 4682/4682/4682 981/981/981 3147/3147/3147
f 3180/3180/3180 4682/4682/4682 3147/3147/3147
f 3180/3180/3180 3147/3147/3147 979/979/979
f 931/931/931 3031/3031/3031 4683/4683/4683
f 931/931/931 4683/4683/4683 3194/3194/3194
f 3031/3031/3031 932/932/932 3196/3196/3196
f 3031/3031/3031 3196/3196/3196 4683/4683/4683
f 4683/4683/4683 3196/3196/3196 995/995/995
f 4683/4683/4683 995/995/995 3126/3126/3126
f 3194/3194/3194 4683/4683/4683 3126/3126/3126
f 3194/3194/3194 3126/3126/3126 993/993/993
f 938/938/938 3024/3024/3024 4684/4684/4684
f 938/938/938 4684/4684/4684 3208/3208/3208
f 3024/3024/3024 939/939/939 3210/3210/3210
f 3024/3024/3024 3210/3210/3210 4684/4684/4684
f 4684/4684/4684 3210/3210/3210 1009/1009/1009
f 4684/4684/4684 1009/1009/1009 3105/3105/3105
f 3208/3208/3208 4684/4684/4684 3105/3105/3105
f 3208/3208/3208 3105/3105/3105 1007/1007/1007
f 923/923/923 3039/3039/3039 4685/4685/4685
f 923/923/923 4685/4685/4685 3178/3178/3178
f 3039/3039/3039 924/924/924 3180/3180/3180
f 3039/3039/3039 3180/3180/3180 4685/4685/4685
f 4685/4685/4685 3180/3180/3180 979/979/979
f 4685/4685/4685 979/979/979 3150/3150/3150
f 3178/3178/3178 4685/4685/4685 3150/3150/3150
f 3178/3178/3178 3150/3150/3150 977/977/977
f 952/952/952 3082/3082/3082 4686/4686/4686
f 952/952/952 4686/4686/4686 3730/3730/3730
f 953/953/953 3731/3731/3731 4686/4686/4686
f 953/953/953 4686/4686/4686 3082/3082/3082
f 1239/1239/1239 3730/3730/3730 4686/4686/4686
f 1239/1239/1239 4686/4686/4686 3731/3731/3731
f 969/969/969 3094/3094/3094 4687/4687/4687
f 969/969/969 4687/4687/4687 3093/3093/3093
f 3094/3094/3094 1012/1012/1012 3095/3095/3095
f 3094/3094/3094 3095/3095/3095 4687/4687/4687
f 4687/4687/4687 3095/3095/3095 1013/1013/1013
f 4687/4687/4687 1013/1013/1013 3096/3096/3096
f 3093/3093/3093 4687/4687/4687 3096/3096/3096
f 3093/3093/3093 3096/3096/3096 968/968/968
f 1012/1012/1012 3097/3097/3097 4688/4688/4688
f 1012/1012/1012 4688/4688/4688 3095/3095/3095
f 3097/3097/3097 1010/1010/1010 3098/3098/3098
f 3097/3097/3097 3098/3098/3098 4688/4688/4688
f 4688/4688/4688 3098/3098/3098 1011/1011/1011
f 4688/4688/4688 1011/1011/1011 3099/3099/3099
f 3095/3095/3095 4688/4688/4688 3099/3099/3099
f 3095/3095/3095 3099/3099/3099 1013/1013/1013
f 1010/1010/1010 3100/3100/3100 4689/4689/4689
f 1010/1010/1010 4689/4689/4689 3098/3098/3098
f 3100/3100/3100 1008/1008/1008 3101/3101/3101
f 3100/3100/3100 3101/3101/3101 4689/4689/4689
f 4689/4689/4689 3101/3101/3101 1009/1009/1009
f 4689/4689/4689 1009/1009/1009 3102/3102/3102
f 3098/3098/3098 4689/4689/4689 3102/3102/3102
f 3098/3098/3098 3102/3102/3102 1011/1011/1011
f 1008/1008/1008 3103/3103/3103 4690/4690/4690
f 1008/1008/1008 4690/4690/4690 3101/3101/3101
f 3103/3103/3103 1006/1006/1006 3104/3104/3104
f 3103/3103/3103 3104/3104/3104 4690/4690/4690
f 4690/4690/4690 3104/3104/3104 1007/1007/1007
f 4690/4690/4690 1007/1007/1007 3105/3105/3105
f 3101/3101/3101 4690/4690/4690 3105/3105/3105
f 3101/3101/3101 3105/3105/3105 1009/1009/1009
f 1006/1006/1006 3106/3106/3106 4691/4691/4691
f 1006/1006/1006 4691/4691/4691 3104/3104/3104
f 3106/3106/3106 1004/1004/1004 3107/3107/3107
f 3106/3106/3106 3107/3107/3107 4691/4691/4691
f 4691/4691/4691 3107/3107/3107 1005/1005/1005
f 4691/4691/4691 1005/1005/1005 3108/3108/3108
f 3104/3104/3104 4691/4691/4691 3108/3108/3108
f 3104/3104/3104 3108/3108/3108 1007/1007/1007
f 1004/1004/1004 3109/3109/3109 4692/4692/4692
f 1004/1004/1004 4692/4692/4692 3107/3107/3107
f 3109/3109/3109 1002/1002/1002 3110/3110/3110
f 3109/3109/3109 3110/3110/3110 4692/4692/4692
f 4692/4692/4692 3110/3110/3110 1003/1003/1003
f 4692/4692/4692 1003/1003/1003 3111/3111/3111
f 3107/3107/3107 4692/4692/4692 3111/3111/3111
f 3107/3107/3107 3111/3111/3111 1005/1005/1005
f 1002/1002/1002 3112/3112/3112 4693/4693/4693
f 1002/1002/1002 4693/4693/4693 3110/3110/3110
f 3112/3112/3112 1000/1000/1000 3113/3113/3113
f 3112/3112/3112 3113/3113/3113 4693/4693/4693
f 4693/4693/4693 3113/3113/3113 1001/1001/1001
f 4693/4693/4693 1001/1001/1001 3114/3114/3114
f 3110/3110/3110 4693/4693/4693 3114/3114/3114
f 3110/3110/3110 3114/3114/3114 1003/1003/1003
f 1000/1000/1000 3115/3115/3115 4694/4694/4694
f 1000/1000/1000 4694/4694/4694 3113/3113/3113
f 3115/3115/3115 998/998/998 3116/3116/3116
f 3115/3115/3115 3116/3116/3116 4694/4694/4694
f 4694/4694/4694 3116/3116/3116 999/999/999
f 4694/4694/4694 999/999/999 3117/3117/3117
f 3113/3113/3113 4694/4694/4694 3117/3117/3117
f 3113/3113/3113 3117/3117/3117 1001/1001/1001
f 998/998/998 3118/3118/3118 4695/4695/4695
f 998/998/998 4695/4695/4695 3116/3116/3116
f 3118/3118/3118 996/996/996 3119/3119/3119
f 3118/3118/3118 3119/3119/3119 4695/4695/4695
f 4695/4695/4695 3119/3119/3119 997/997/997
f 4695/4695/4695 997/997/997 3120/3120/3120
f 3116/3116/3116 4695/4695/4695 3120/3120/3120
f 3116/3116/3116 3120/3120/3120 999/999/999
f 996/996/996 3121/3121/3121 4696/4696/4696
f 996/996/996 4696/4696/4696 3119/3119/3119
f 3121/3121/3121 994/994/994 3122/3122/3122
f 3121/3121/3121 3122/3122/3122 4696/4696/4696
f 4696/4696/4696 3122/3122/3122 995/995/995
f 4696/4696/4696 995/995/995 3123/3123/3123
f 3119/3119/3119 4696/4696/4696 3123/3123/3123
f 3119/3119/3119 3123/3123/3123 997/997/997
f 994/994/994 3124/3124/3124 4697/4697/4697
f 994/994/994 4697/4697/4697 3122/3122/3122
f 3124/3124/3124 992/992/992 3125/3125/3125
f 3124/3124/3124 3125/3125/3125 4697/4697/4697
f 4697/4697/4697 3125/3125/3125 993/993/993
f 4697/4697/4697 993/993/993 3126/3126/3126
f 3122/3122/3122 4697/4697/4697 3126/3126/3126
f 3122/3122/3122 3126/3126/3126 995/995/995
f 992/992/992 3127/3127/3127 4698/4698/4698
f 992/992/992 4698/4698/4698 3125/3125/3125
f 3127/3127/3127 990/990/990 3128/3128/3128
f 3127/3127/3127 3128/3128/3128 4698/4698/4698
f 4698/4698/4698 3128/3128/3128 991/991/991
f 4698/4698/4698 991/991/991 3129/3129/3129
f 3125/3125/3125 4698/4698/4698 3129/3129/3129
f 3125/3125/3125 3129/3129/3129 993/993/993
f 990/990/990 3130/3130/3130 4699/4699/4699
f 990/990/990 4699/4699/4699 3128/3128/3128
f 3130/3130/3130 988/988/988 3131/3131/3131
f 3130/3130/3130 3131/3131/3131 4699/4699/4699
f 4699/4699/4699 3131/3131/3131 989/989/989
f 4699/4699/4699 989/989/989 3132/3132/3132
f 3128/3128/3128 4699/4699/4699 3132/3132/3132
f 3128/3128/3128 3132/3132/3132 991/991/991
f 988/988/988 3133/3133/3133 4700/4700/4700
f 988/988/988 4700/4700/4700 3131/3131/3131
f 3133/3133/3133 986/986/986 3134/3134/3134
f 3133/3133/3133 3134/3134/3134 4700/4700/4700
f 4700/4700/4700 3134/3134/3134 987/987/987
f 4700/4700/4700 987/987/987 3135/3135/3135
f 3131/3131/3131 4700/4700/4700 3135/3135/3135
f 3131/3131/3131 3135/3135/3135 989/989/989
f 986/986/986 3136/3136/3136 4701/4701/4701
f 986/986/986 4701/4701/4701 3134/3134/3134
f 3136/3136/3136 984/984/984 3137/3137/3137
f 3136/3136/3136 3137/3137/3137 4701/4701/4701
f 4701/4701/4701 3137/3137/3137 985/985/985
f 4701/4701/4701 985/985/985 3138/3138/3138
f 3134/3134/3134 4701/4701/4701 3138/3138/3138
f 3134/3134/3134 3138/3138/3138 987/987/987
f 984/984/984 3139/3139/3139 4702/4702/4702
f 984/984/984 4702/4702/4702 3137/3137/3137
f 3139/3139/3139 982/982/982 3140/3140/3140
f 3139/3139/3139 3140/3140/3140 4702/4702/4702
f 4702/4702/4702 3140/3140/3140 983/983/983
f 4702/4702/4702 983/983/983 3141/3141/3141
f 3137/3137/3137 4702/4702/4702 3141/3141/3141
f 3137/3137/3137 3141/3141/3141 985/985/985
f 982/982/982 3142/3142/3142 4703/4703/4703
f 982/982/982 4703/4703/4703 3140/3140/3140
f 3142/3142/3142 980/980/980 3143/3143/3143
f 3142/3142/3142 3143/3143/3143 4703/4703/4703
f 4703/4703/4703 3143/3143/3143 981/981/981
f 4703/4703/4703 981/981/981 3144/3144/3144
f 3140/3140/3140 4703/4703/4703 3144/3144/3144
f 3140/3140/3140 3144/3144/3144 983/983/983
f 980/980/980 3145/3145/3145 4704/4704/4704
f 980/980/980 4704/4704/4704 3143/3143/3143
f 3145/3145/3145 978/978/978 3146/3146/3146
f 3145/3145/3145 3146/3146/3146 4704/4704/4704
f 4704/4704/4704 3146/3146/3146 979/979/979
f 4704/4704/4704 979/979/979 3147/3147/3147
f 3143/3143/3143 4704/4704/4704 3147/3147/3147
f 3143/3143/3143 3147/3147/3147 981/981/981
f 978/978/978 3148/3148/3148 4705/4705/4705
f 978/978/978 4705/4705/4705 3146/3146/3146
f 3148/3148/3148 976/976/976 3149/3149/3149
f 3148/3148/3148 3149/3149/3149 4705/4705/4705
f 4705/4705/4705 3149/3149/3149 977/977/977
f 4705/4705/4705 977/977/977 3150/3150/3150
f 3146/3146/3146 4705/4705/4705 3150/3150/3150
f 3146/3146/3146 3150/3150/3150 979/979/979
f 976/976/976 3151/3151/3151 4706/4706/4706
f 976/976/976 4706/4706/4706 3149/3149/3149
f 3151/3151/3151 974/974/974 3152/3152/3152
f 3151/3151/3151 3152/3152/3152 4706/4706/4706
f 4706/4706/4706 3152/3152/3152 975/975/975
f 4706/4706/4706 975/975/975 3153/3153/3153
f 3149/3149/3149 4706/4706/4706 3153/3153/3153
f 3149/3149/3149 3153/3153/3153 977/977/977
f 974/974/974 3154/3154/3154 4707/4707/4707
f 974/974/974 4707/4707/4707 3152/3152/3152
f 3154/3154/3154 972/972/972 3155/3155/3155
f 3154/3154/3154 3155/3155/3155 4707/4707/4707
f 4707/4707/4707 3155/3155/3155 973/973/973
f 4707/4707/4707 973/973/973 3156/3156/3156
f 3152/3152/3152 4707/4707/4707 3156/3156/3156
f 3152/3152/3152 3156/3156/3156 975/975/975
f 972/972/972 3157/3157/3157 4708/4708/4708
f 972/972/972 4708/4708/4708 3155/3155/3155
f 3157/3157/3157 970/970/970 3158/3158/3158
f 3157/3157/3157 3158/3158/3158 4708/4708/4708
f 4708/4708/4708 3158/3158/3158 971/971/971
f 4708/4708/4708 971/971/971 3159/3159/3159
f 3155/3155/3155 4708/4708/4708 3159/3159/3159
f 3155/3155/3155 3159/3159/3159 973/973/973
f 970/970/970 3160/3160/3160 4709/4709/4709
f 970/970/970 4709/4709/4709 3158/3158/3158
f 3160/3160/3160 966/966/966 3161/3161/3161
f 3160/3160/3160 3161/3161/3161 4709/4709/4709
f 4709/4709/4709 3161/3161/3161 967/967/967
f 4709/4709/4709 967/967/967 3162/3162/3162
f 3158/3158/3158 4709/4709/4709 3162/3162/3162
f 3158/3158/3158 3162/3162/3162 971/971/971
f 966/966/966 3163/3163/3163 4710/4710/4710
f 966/966/966 4710/4710/4710 3161/3161/3161
f 3163/3163/3163 969/969/969 3093/3093/3093
f 3163/3163/3163 3093/3093/3093 4710/4710/4710
f 4710/4710/4710 3093/3093/3093 968/968/968
f 4710/4710/4710 968/968/968 3164/3164/3164
f 3161/3161/3161 4710/4710/4710 3164/3164/3164
f 3161/3161/3161 3164/3164/3164 967/967/967
f 966/966/966 3160/3160/3160 4711/4711/4711
f 966/966/966 4711/4711/4711 3165/3165/3165
f 3160/3160/3160 970/970/970 3166/3166/3166
f 3160/3160/3160 3166/3166/3166 4711/4711/4711
f 4711/4711/4711 3166/3166/3166 944/944/944
f 4711/4711/4711 944/944/944 3091/3091/3091
f 3165/3165/3165 4711/4711/4711 3091/3091/3091
f 3165/3165/3165 3091/3091/3091 942/942/942
f 395/395/395 1968/1968/1968 4712/4712/4712
f 395/395/395 4712/4712/4712 1994/1994/1994
f 1968/1968/1968 1036/1036/1036 3238/3238/3238
f 1968/1968/1968 3238/3238/3238 4712/4712/4712
f 4712/4712/4712 3238/3238/3238 1037/1037/1037
f 4712/4712/4712 1037/1037/1037 3236/3236/3236
f 1994/1994/1994 4712/4712/4712 3236/3236/3236
f 1994/1994/1994 3236/3236/3236 396/396/396
f 394/394/394 1967/1967/1967 4713/4713/4713
f 394/394/394 4713/4713/4713 1993/1993/1993
f 1967/1967/1967 1035/1035/1035 3239/3239/3239
f 1967/1967/1967 3239/3239/3239 4713/4713/4713
f 4713/4713/4713 3239/3239/3239 1036/1036/1036
f 4713/4713/4713 1036/1036/1036 1968/1968/1968
f 1993/1993/1993 4713/4713/4713 1968/1968/1968
f 1993/1993/1993 1968/1968/1968 395/395/395
f 393/393/393 1966/1966/1966 4714/4714/4714
f 393/393/393 4714/4714/4714 1992/1992/1992
f 1966/1966/1966 1034/1034/1034 3240/3240/3240
f 1966/1966/1966 3240/3240/3240 4714/4714/4714
f 4714/4714/4714 3240/3240/3240 1035/1035/1035
f 4714/4714/4714 1035/1035/1035 1967/1967/1967
f 1992/1992/1992 4714/4714/4714 1967/1967/1967
f 1992/1992/1992 1967/1967/1967 394/394/394
f 392/392/392 1965/1965/1965 4715/4715/4715
f 392/392/392 4715/4715/4715 1991/1991/1991
f 1965/1965/1965 1033/1033/1033 3241/3241/3241
f 1965/1965/1965 3241/3241/3241 4715/4715/4715
f 4715/4715/4715 3241/3241/3241 1034/1034/1034
f 4715/4715/4715 1034/1034/1034 1966/1966/1966
f 1991/1991/1991 4715/4715/4715 1966/1966/1966
f 1991/1991/1991 1966/1966/1966 393/393/393
f 391/391/391 1964/1964/1964 4716/4716/4716
f 391/391/391 4716/4716/4716 1990/1990/1990
f 1964/1964/1964 1032/1032/1032 3242/3242/3242
f 1964/1964/1964 3242/3242/3242 4716/4716/4716
f 4716/4716/4716 3242/3242/3242 1033/1033/1033
f 4716/4716/4716 1033/1033/1033 1965/1965/1965
f 1990/1990/1990 4716/4716/4716 1965/1965/1965
f 1990/1990/1990 1965/1965/1965 392/392/392
f 390/390/390 1963/1963/1963 4717/4717/4717
f 390/390/390 4717/4717/4717 1989/1989/1989
f 1963/1963/1963 1031/1031/1031 3243/3243/3243
f 1963/1963/1963 3243/3243/3243 4717/4717/4717
f 4717/4717/4717 3243/3243/3243 1032/1032/1032
f 4717/4717/4717 1032/1032/1032 1964/1964/1964
f 1989/1989/1989 4717/4717/4717 1964/1964/1964
f 1989/1989/1989 1964/1964/1964 391/391/391
f 389/389/389 1962/1962/1962 4718/4718/4718
f 389/389/389 4718/4718/4718 1988/1988/1988
f 1962/1962/1962 1030/1030/1030 3244/3244/3244
f 1962/1962/1962 3244/3244/3244 4718/4718/4718
f 4718/4718/4718 3244/3244/3244 1031/1031/1031
f 4718/4718/4718 1031/1031/1031 1963/1963/1963
f 1988/1988/1988 4718/4718/4718 1963/1963/1963
f 1988/1988/1988 1963/1963/1963 390/390/390
f 388/388/388 1961/1961/1961 4719/4719/4719
f 388/388/388 4719/4719/4719 1987/1987/1987
f 1961/1961/1961 1029/1029/1029 3245/3245/3245
f 1961/1961/1961 3245/3245/3245 4719/4719/4719
f 4719/4719/4719 3245/3245/3245 1030/1030/1030
f 4719/4719/4719 1030/1030/1030 1962/1962/1962
f 1987/1987/1987 4719/4719/4719 1962/1962/1962
f 1987/1987/1987 1962/1962/1962 389/389/389
f 387/387/387 1960/1960/1960 4720/4720/4720
f 387/387/387 4720/4720/4720 1986/1986/1986
f 1960/1960/1960 1028/1028/1028 3246/3246/3246
f 1960/1960/1960 3246/3246/3246 4720/4720/4720
f 4720/4720/4720 3246/3246/3246 1029/1029/1029
f 4720/4720/4720 1029/1029/1029 1961/1961/1961
f 1986/1986/1986 4720/4720/4720 1961/1961/1961
f 1986/1986/1986 1961/1961/1961 388/388/388
f 386/386/386 1959/1959/1959 4721/4721/4721
f 386/386/386 4721/4721/4721 1985/1985/1985
f 1959/1959/1959 1027/1027/1027 3247/3247/3247
f 1959/1959/1959 3247/3247/3247 4721/4721/4721
f 4721/4721/4721 3247/3247/3247 1028/1028/1028
f 4721/4721/4721 1028/1028/1028 1960/1960/1960
f 1985/1985/1985 4721/4721/4721 1960/1960/1960
f 1985/1985/1985 1960/1960/1960 387/387/387
f 385/385/385 1958/1958/1958 4722/4722/4722
f 385/385/385 4722/4722/4722 1984/1984/1984
f 1958/1958/1958 1026/1026/1026 3248/3248/3248
f 1958/1958/1958 3248/3248/3248 4722/4722/4722
f 4722/4722/4722 3248/3248/3248 1027/1027/1027
f 4722/4722/4722 1027/1027/1027 1959/1959/1959
f 1984/1984/1984 4722/4722/4722 1959/1959/1959
f 1984/1984/1984 1959/1959/1959 386/386/386
f 384/384/384 1957/1957/1957 4723/4723/4723
f 384/384/384 4723/4723/4723 1983/1983/1983
f 1957/1957/1957 1025/1025/1025 3249/3249/3249
f 1957/1957/1957 3249/3249/3249 4723/4723/4723
f 4723/4723/4723 3249/3249/3249 1026/1026/1026
f 4723/4723/4723 1026/1026/1026 1958/1958/1958
f 1983/1983/1983 4723/4723/4723 1958/1958/1958
f 1983/1983/1983 1958/1958/1958 385/385/385
f 383/383/383 1956/1956/1956 4724/4724/4724
f 383/383/383 4724/4724/4724 1982/1982/1982
f 1956/1956/1956 1024/1024/1024 3250/3250/3250
f 1956/1956/1956 3250/3250/3250 4724/4724/4724
f 4724/4724/4724 3250/3250/3250 1025/1025/1025
f 4724/4724/4724 1025/1025/1025 1957/1957/1957
f 1982/1982/1982 4724/4724/4724 1957/1957/1957
f 1982/1982/1982 1957/1957/1957 384/384/384
f 382/382/382 1955/1955/1955 4725/4725/4725
f 382/382/382 4725/4725/4725 1981/1981/1981
f 1955/1955/1955 1023/1023/1023 3251/3251/3251
f 1955/1955/1955 3251/3251/3251 4725/4725/4725
f 4725/4725/4725 3251/3251/3251 1024/1024/1024
f 4725/4725/4725 1024/1024/1024 1956/1956/1956
f 1981/1981/1981 4725/4725/4725 1956/1956/1956
f 1981/1981/1981 1956/1956/1956 383/383/383
f 381/381/381 1954/1954/1954 4726/4726/4726
f 381/381/381 4726/4726/4726 1980/1980/1980
f 1954/1954/1954 1022/1022/1022 3252/3252/3252
f 1954/1954/1954 3252/3252/3252 4726/4726/4726
f 4726/4726/4726 3252/3252/3252 1023/1023/1023
f 4726/4726/4726 1023/1023/1023 1955/1955/1955
f 1980/1980/1980 4726/4726/4726 1955/1955/1955
f 1980/1980/1980 1955/1955/1955 382/382/382
f 380/380/380 1953/1953/1953 4727/4727/4727
f 380/380/380 4727/4727/4727 1979/1979/1979
f 1953/1953/1953 1021/1021/1021 3253/3253/3253
f 1953/1953/1953 3253/3253/3253 4727/4727/4727
f 4727/4727/4727 3253/3253/3253 1022/1022/1022
f 4727/4727/4727 1022/1022/1022 1954/1954/1954
f 1979/1979/1979 4727/4727/4727 1954/1954/1954
f 1979/1979/1979 1954/1954/1954 381/381/381
f 379/379/379 1952/1952/1952 4728/4728/4728
f 379/379/379 4728/4728/4728 1978/1978/1978
f 1952/1952/1952 1020/1020/1020 3254/3254/3254
f 1952/1952/1952 3254/3254/3254 4728/4728/4728
f 4728/4728/4728 3254/3254/3254 1021/1021/1021
f 4728/4728/4728 1021/1021/1021 1953/1953/1953
f 1978/1978/1978 4728/4728/4728 1953/1953/1953
f 1978/1978/1978 1953/1953/1953 380/380/380
f 378/378/378 1951/1951/1951 4729/4729/4729
f 378/378/378 4729/4729/4729 1977/1977/1977
f 1951/1951/1951 1019/1019/1019 3255/3255/3255
f 1951/1951/1951 3255/3255/3255 4729/4729/4729
f 4729/4729/4729 3255/3255/3255 1020/1020/1020
f 4729/4729/4729 1020/1020/1020 1952/1952/1952
f 1977/1977/1977 4729/4729/4729 1952/1952/1952
f 1977/1977/1977 1952/1952/1952 379/379/379
f 377/377/377 1950/1950/1950 4730/4730/4730
f 377/377/377 4730/4730/4730 1976/1976/1976
f 1950/1950/1950 1018/1018/1018 3256/3256/3256
f 1950/1950/1950 3256/3256/3256 4730/4730/4730
f 4730/4730/4730 3256/3256/3256 1019/1019/1019
f 4730/4730/4730 1019/1019/1019 1951/1951/1951
f 1976/1976/1976 4730/4730/4730 1951/1951/1951
f 1976/1976/1976 1951/1951/1951 378/378/378
f 376/376/376 1949/1949/1949 4731/4731/4731
f 376/376/376 4731/4731/4731 1975/1975/1975
f 1949/1949/1949 1017/1017/1017 3257/3257/3257
f 1949/1949/1949 3257/3257/3257 4731/4731/4731
f 4731/4731/4731 3257/3257/3257 1018/1018/1018
f 4731/4731/4731 1018/1018/1018 1950/1950/1950
f 1975/1975/1975 4731/4731/4731 1950/1950/1950
f 1975/1975/1975 1950/1950/1950 377/377/377
f 375/375/375 1948/1948/1948 4732/4732/4732
f 375/375/375 4732/4732/4732 1974/1974/1974
f 1948/1948/1948 1016/1016/1016 3258/3258/3258
f 1948/1948/1948 3258/3258/3258 4732/4732/4732
f 4732/4732/4732 3258/3258/3258 1017/1017/1017
f 4732/4732/4732 1017/1017/1017 1949/1949/1949
f 1974/1974/1974 4732/4732/4732 1949/1949/1949
f 1974/1974/1974 1949/1949/1949 376/376/376
f 374/374/374 1947/1947/1947 4733/4733/4733
f 374/374/374 4733/4733/4733 1973/1973/1973
f 1947/1947/1947 1015/1015/1015 3259/3259/3259
f 1947/1947/1947 3259/3259/3259 4733/4733/4733
f 4733/4733/4733 3259/3259/3259 1016/1016/1016
f 4733/4733/4733 1016/1016/1016 1948/1948/1948
f 1973/1973/1973 4733/4733/4733 1948/1948/1948
f 1973/1973/1973 1948/1948/1948 375/375/375
f 373/373/373 1946/1946/1946 4734/4734/4734
f 373/373/373 4734/4734/4734 1972/1972/1972
f 1946/1946/1946 1014/1014/1014 3260/3260/3260
f 1946/1946/1946 3260/3260/3260 4734/4734/4734
f 4734/4734/4734 3260/3260/3260 1015/1015/1015
f 4734/4734/4734 1015/1015/1015 1947/1947/1947
f 1972/1972/1972 4734/4734/4734 1947/1947/1947
f 1972/1972/1972 1947/1947/1947 374/374/374
f 397/397/397 3237/3237/3237 4735/4735/4735
f 397/397/397 4735/4735/4735 1971/1971/1971
f 3237/3237/3237 1038/1038/1038 3261/3261/3261
f 3237/3237/3237 3261/3261/3261 4735/4735/4735
f 4735/4735/4735 3261/3261/3261 1014/1014/1014
f 4735/4735/4735 1014/1014/1014 1946/1946/1946
f 1971/1971/1971 4735/4735/4735 1946/1946/1946
f 1971/1971/1971 1946/1946/1946 373/373/373
f 3235/3235/3235 3284/3284/3284 4276/4276/4276
f 3235/3235/3235 4276/4276/4276 4976/4976/4976
f 4736/4736/4736 3375/3375/3375 1047/1047/1047
f 4736/4736/4736 1047/1047/1047 3393/3393/3393
f 3285/3285/3285 4736/4736/4736 3393/3393/3393
f 3285/3285/3285 3393/3393/3393 1046/1046/1046
f 4737/4737/4737 3377/3377/3377 1060/1060/1060
f 4737/4737/4737 1060/1060/1060 3406/3406/3406
f 3286/3286/3286 4737/4737/4737 3406/3406/3406
f 3286/3286/3286 3406/3406/3406 1059/1059/1059
f 2089/2089/2089 3380/3380/3380 4783/4783/4783
f 2089/2089/2089 4783/4783/4783 4809/4809/4809
f 4807/4807/4807 4738/4738/4738 3287/3287/3287
f 4807/4807/4807 3287/3287/3287 2093/2093/2093
f 4738/4738/4738 3379/3379/3379 1077/1077/1077
f 4738/4738/4738 1077/1077/1077 3445/3445/3445
f 3287/3287/3287 4738/4738/4738 3445/3445/3445
f 3287/3287/3287 3445/3445/3445 1078/1078/1078
f 4739/4739/4739 3285/3285/3285 1046/1046/1046
f 4739/4739/4739 1046/1046/1046 3392/3392/3392
f 3288/3288/3288 4739/4739/4739 3392/3392/3392
f 3288/3288/3288 3392/3392/3392 1045/1045/1045
f 4740/4740/4740 3286/3286/3286 1059/1059/1059
f 4740/4740/4740 1059/1059/1059 3405/3405/3405
f 3289/3289/3289 4740/4740/4740 3405/3405/3405
f 3289/3289/3289 3405/3405/3405 1058/1058/1058
f 2091/2091/2091 3379/3379/3379 4738/4738/4738
f 2091/2091/2091 4738/4738/4738 4807/4807/4807
f 4805/4805/4805 4741/4741/4741 3290/3290/3290
f 4805/4805/4805 3290/3290/3290 2095/2095/2095
f 4741/4741/4741 3287/3287/3287 1078/1078/1078
f 4741/4741/4741 1078/1078/1078 3444/3444/3444
f 3290/3290/3290 4741/4741/4741 3444/3444/3444
f 3290/3290/3290 3444/3444/3444 1079/1079/1079
f 4742/4742/4742 3288/3288/3288 1045/1045/1045
f 4742/4742/4742 1045/1045/1045 3391/3391/3391
f 3291/3291/3291 4742/4742/4742 3391/3391/3391
f 3291/3291/3291 3391/3391/3391 1044/1044/1044
f 4182/4182/4182 4758/4758/4758 3363/3363/3363
f 4182/4182/4182 3363/3363/3363 1945/1945/1945
f 4831/4831/4831 4743/4743/4743 3292/3292/3292
f 4831/4831/4831 3292/3292/3292 2069/2069/2069
f 4743/4743/4743 3371/3371/3371 1040/1040/1040
f 4743/4743/4743 1040/1040/1040 3457/3457/3457
f 3292/3292/3292 4743/4743/4743 3457/3457/3457
f 3292/3292/3292 3457/3457/3457 1066/1066/1066
f 4744/4744/4744 3289/3289/3289 1058/1058/1058
f 4744/4744/4744 1058/1058/1058 3404/3404/3404
f 3293/3293/3293 4744/4744/4744 3404/3404/3404
f 3293/3293/3293 3404/3404/3404 1057/1057/1057
f 2093/2093/2093 3287/3287/3287 4741/4741/4741
f 2093/2093/2093 4741/4741/4741 4805/4805/4805
f 4803/4803/4803 4745/4745/4745 3294/3294/3294
f 4803/4803/4803 3294/3294/3294 2097/2097/2097
f 4745/4745/4745 3290/3290/3290 1079/1079/1079
f 4745/4745/4745 1079/1079/1079 3443/3443/3443
f 3294/3294/3294 4745/4745/4745 3443/3443/3443
f 3294/3294/3294 3443/3443/3443 1080/1080/1080
f 4746/4746/4746 3291/3291/3291 1044/1044/1044
f 4746/4746/4746 1044/1044/1044 3390/3390/3390
f 3295/3295/3295 4746/4746/4746 3390/3390/3390
f 3295/3295/3295 3390/3390/3390 1043/1043/1043
f 3384/3384/3384 3371/3371/3371 4743/4743/4743
f 3384/3384/3384 4743/4743/4743 4831/4831/4831
f 4829/4829/4829 4747/4747/4747 3296/3296/3296
f 4829/4829/4829 3296/3296/3296 2071/2071/2071
f 4747/4747/4747 3292/3292/3292 1066/1066/1066
f 4747/4747/4747 1066/1066/1066 3456/3456/3456
f 3296/3296/3296 4747/4747/4747 3456/3456/3456
f 3296/3296/3296 3456/3456/3456 1067/1067/1067
f 4748/4748/4748 3293/3293/3293 1057/1057/1057
f 4748/4748/4748 1057/1057/1057 3403/3403/3403
f 3297/3297/3297 4748/4748/4748 3403/3403/3403
f 3297/3297/3297 3403/3403/3403 1056/1056/1056
f 2095/2095/2095 3290/3290/3290 4745/4745/4745
f 2095/2095/2095 4745/4745/4745 4803/4803/4803
f 4801/4801/4801 4749/4749/4749 3298/3298/3298
f 4801/4801/4801 3298/3298/3298 2099/2099/2099
f 4749/4749/4749 3294/3294/3294 1080/1080/1080
f 4749/4749/4749 1080/1080/1080 3442/3442/3442
f 3298/3298/3298 4749/4749/4749 3442/3442/3442
f 3298/3298/3298 3442/3442/3442 1081/1081/1081
f 4750/4750/4750 3295/3295/3295 1043/1043/1043
f 4750/4750/4750 1043/1043/1043 3389/3389/3389
f 3299/3299/3299 4750/4750/4750 3389/3389/3389
f 3299/3299/3299 3389/3389/3389 1042/1042/1042
f 2069/2069/2069 3292/3292/3292 4747/4747/4747
f 2069/2069/2069 4747/4747/4747 4829/4829/4829
f 4827/4827/4827 4751/4751/4751 3300/3300/3300
f 4827/4827/4827 3300/3300/3300 2073/2073/2073
f 4751/4751/4751 3296/3296/3296 1067/1067/1067
f 4751/4751/4751 1067/1067/1067 3455/3455/3455
f 3300/3300/3300 4751/4751/4751 3455/3455/3455
f 3300/3300/3300 3455/3455/3455 1068/1068/1068
f 4752/4752/4752 3297/3297/3297 1056/1056/1056
f 4752/4752/4752 1056/1056/1056 3402/3402/3402
f 3301/3301/3301 4752/4752/4752 3402/3402/3402
f 3301/3301/3301 3402/3402/3402 1055/1055/1055
f 2097/2097/2097 3294/3294/3294 4749/4749/4749
f 2097/2097/2097 4749/4749/4749 4801/4801/4801
f 4799/4799/4799 4753/4753/4753 3302/3302/3302
f 4799/4799/4799 3302/3302/3302 2101/2101/2101
f 4753/4753/4753 3298/3298/3298 1081/1081/1081
f 4753/4753/4753 1081/1081/1081 3441/3441/3441
f 3302/3302/3302 4753/4753/4753 3441/3441/3441
f 3302/3302/3302 3441/3441/3441 1082/1082/1082
f 4754/4754/4754 3299/3299/3299 1042/1042/1042
f 4754/4754/4754 1042/1042/1042 3388/3388/3388
f 3303/3303/3303 4754/4754/4754 3388/3388/3388
f 3303/3303/3303 3388/3388/3388 1041/1041/1041
f 2071/2071/2071 3296/3296/3296 4751/4751/4751
f 2071/2071/2071 4751/4751/4751 4827/4827/4827
f 4825/4825/4825 4755/4755/4755 3304/3304/3304
f 4825/4825/4825 3304/3304/3304 2075/2075/2075
f 4755/4755/4755 3300/3300/3300 1068/1068/1068
f 4755/4755/4755 1068/1068/1068 3454/3454/3454
f 3304/3304/3304 4755/4755/4755 3454/3454/3454
f 3304/3304/3304 3454/3454/3454 1069/1069/1069
f 4756/4756/4756 3301/3301/3301 1055/1055/1055
f 4756/4756/4756 1055/1055/1055 3401/3401/3401
f 3305/3305/3305 4756/4756/4756 3401/3401/3401
f 3305/3305/3305 3401/3401/3401 1054/1054/1054
f 2099/2099/2099 3298/3298/3298 4753/4753/4753
f 2099/2099/2099 4753/4753/4753 4799/4799/4799
f 4797/4797/4797 4757/4757/4757 3306/3306/3306
f 4797/4797/4797 3306/3306/3306 2103/2103/2103
f 4757/4757/4757 3302/3302/3302 1082/1082/1082
f 4757/4757/4757 1082/1082/1082 3440/3440/3440
f 3306/3306/3306 4757/4757/4757 3440/3440/3440
f 3306/3306/3306 3440/3440/3440 1083/1083/1083
f 4758/4758/4758 3303/3303/3303 1041/1041/1041
f 4758/4758/4758 1041/1041/1041 3387/3387/3387
f 3363/3363/3363 4758/4758/4758 3387/3387/3387
f 3363/3363/3363 3387/3387/3387 1065/1065/1065
f 2073/2073/2073 3300/3300/3300 4755/4755/4755
f 2073/2073/2073 4755/4755/4755 4825/4825/4825
f 4823/4823/4823 4759/4759/4759 3307/3307/3307
f 4823/4823/4823 3307/3307/3307 2077/2077/2077
f 4759/4759/4759 3304/3304/3304 1069/1069/1069
f 4759/4759/4759 1069/1069/1069 3453/3453/3453
f 3307/3307/3307 4759/4759/4759 3453/3453/3453
f 3307/3307/3307 3453/3453/3453 1070/1070/1070
f 4760/4760/4760 3305/3305/3305 1054/1054/1054
f 4760/4760/4760 1054/1054/1054 3400/3400/3400
f 3308/3308/3308 4760/4760/4760 3400/3400/3400
f 3308/3308/3308 3400/3400/3400 1053/1053/1053
f 2101/2101/2101 3302/3302/3302 4757/4757/4757
f 2101/2101/2101 4757/4757/4757 4797/4797/4797
f 4795/4795/4795 4761/4761/4761 3309/3309/3309
f 4795/4795/4795 3309/3309/3309 2105/2105/2105
f 4761/4761/4761 3306/3306/3306 1083/1083/1083
f 4761/4761/4761 1083/1083/1083 3439/3439/3439
f 3309/3309/3309 4761/4761/4761 3439/3439/3439
f 3309/3309/3309 3439/3439/3439 1084/1084/1084
f 2075/2075/2075 3304/3304/3304 4759/4759/4759
f 2075/2075/2075 4759/4759/4759 4823/4823/4823
f 4821/4821/4821 4762/4762/4762 3356/3356/3356
f 4821/4821/4821 3356/3356/3356 2079/2079/2079
f 4762/4762/4762 3307/3307/3307 1070/1070/1070
f 4762/4762/4762 1070/1070/1070 3452/3452/3452
f 3356/3356/3356 4762/4762/4762 3452/3452/3452
f 3356/3356/3356 3452/3452/3452 1071/1071/1071
f 4763/4763/4763 3308/3308/3308 1053/1053/1053
f 4763/4763/4763 1053/1053/1053 3399/3399/3399
f 3357/3357/3357 4763/4763/4763 3399/3399/3399
f 3357/3357/3357 3399/3399/3399 1052/1052/1052
f 2103/2103/2103 3306/3306/3306 4761/4761/4761
f 2103/2103/2103 4761/4761/4761 4795/4795/4795
f 4793/4793/4793 4764/4764/4764 3358/3358/3358
f 4793/4793/4793 3358/3358/3358 2107/2107/2107
f 4764/4764/4764 3309/3309/3309 1084/1084/1084
f 4764/4764/4764 1084/1084/1084 3438/3438/3438
f 3358/3358/3358 4764/4764/4764 3438/3438/3438
f 3358/3358/3358 3438/3438/3438 1085/1085/1085
f 2077/2077/2077 3307/3307/3307 4762/4762/4762
f 2077/2077/2077 4762/4762/4762 4821/4821/4821
f 4819/4819/4819 4765/4765/4765 3359/3359/3359
f 4819/4819/4819 3359/3359/3359 2081/2081/2081
f 4765/4765/4765 3356/3356/3356 1071/1071/1071
f 4765/4765/4765 1071/1071/1071 3451/3451/3451
f 3359/3359/3359 4765/4765/4765 3451/3451/3451
f 3359/3359/3359 3451/3451/3451 1072/1072/1072
f 4766/4766/4766 3357/3357/3357 1052/1052/1052
f 4766/4766/4766 1052/1052/1052 3398/3398/3398
f 3360/3360/3360 4766/4766/4766 3398/3398/3398
f 3360/3360/3360 3398/3398/3398 1051/1051/1051
f 2105/2105/2105 3309/3309/3309 4764/4764/4764
f 2105/2105/2105 4764/4764/4764 4793/4793/4793
f 4791/4791/4791 4767/4767/4767 3361/3361/3361
f 4791/4791/4791 3361/3361/3361 2109/2109/2109
f 4767/4767/4767 3358/3358/3358 1085/1085/1085
f 4767/4767/4767 1085/1085/1085 3437/3437/3437
f 3361/3361/3361 4767/4767/4767 3437/3437/3437
f 3361/3361/3361 3437/3437/3437 1086/1086/1086
f 2079/2079/2079 3356/3356/3356 4765/4765/4765
f 2079/2079/2079 4765/4765/4765 4819/4819/4819
f 4817/4817/4817 4768/4768/4768 3364/3364/3364
f 4817/4817/4817 3364/3364/3364 2083/2083/2083
f 4768/4768/4768 3359/3359/3359 1072/1072/1072
f 4768/4768/4768 1072/1072/1072 3450/3450/3450
f 3364/3364/3364 4768/4768/4768 3450/3450/3450
f 3364/3364/3364 3450/3450/3450 1073/1073/1073
f 4769/4769/4769 3360/3360/3360 1051/1051/1051
f 4769/4769/4769 1051/1051/1051 3397/3397/3397
f 3365/3365/3365 4769/4769/4769 3397/3397/3397
f 3365/3365/3365 3397/3397/3397 1050/1050/1050
f 2107/2107/2107 3358/3358/3358 4767/4767/4767
f 2107/2107/2107 4767/4767/4767 4791/4791/4791
f 4789/4789/4789 4770/4770/4770 3366/3366/3366
f 4789/4789/4789 3366/3366/3366 2111/2111/2111
f 4770/4770/4770 3361/3361/3361 1086/1086/1086
f 4770/4770/4770 1086/1086/1086 3436/3436/3436
f 3366/3366/3366 4770/4770/4770 3436/3436/3436
f 3366/3366/3366 3436/3436/3436 1087/1087/1087
f 4771/4771/4771 3362/3362/3362 1064/1064/1064
f 4771/4771/4771 1064/1064/1064 3410/3410/3410
f 3367/3367/3367 4771/4771/4771 3410/3410/3410
f 3367/3367/3367 3410/3410/3410 1063/1063/1063
f 2081/2081/2081 3359/3359/3359 4768/4768/4768
f 2081/2081/2081 4768/4768/4768 4817/4817/4817
f 4815/4815/4815 4772/4772/4772 3368/3368/3368
f 4815/4815/4815 3368/3368/3368 2085/2085/2085
f 4772/4772/4772 3364/3364/3364 1073/1073/1073
f 4772/4772/4772 1073/1073/1073 3449/3449/3449
f 3368/3368/3368 4772/4772/4772 3449/3449/3449
f 3368/3368/3368 3449/3449/3449 1074/1074/1074
f 4773/4773/4773 3365/3365/3365 1050/1050/1050
f 4773/4773/4773 1050/1050/1050 3396/3396/3396
f 3369/3369/3369 4773/4773/4773 3396/3396/3396
f 3369/3369/3369 3396/3396/3396 1049/1049/1049
f 2109/2109/2109 3361/3361/3361 4770/4770/4770
f 2109/2109/2109 4770/4770/4770 4789/4789/4789
f 4787/4787/4787 4774/4774/4774 3372/3372/3372
f 4787/4787/4787 3372/3372/3372 2113/2113/2113
f 4774/4774/4774 3366/3366/3366 1087/1087/1087
f 4774/4774/4774 1087/1087/1087 3435/3435/3435
f 3372/3372/3372 4774/4774/4774 3435/3435/3435
f 3372/3372/3372 3435/3435/3435 1088/1088/1088
f 4775/4775/4775 3367/3367/3367 1063/1063/1063
f 4775/4775/4775 1063/1063/1063 3409/3409/3409
f 3373/3373/3373 4775/4775/4775 3409/3409/3409
f 3373/3373/3373 3409/3409/3409 1062/1062/1062
f 2083/2083/2083 3364/3364/3364 4772/4772/4772
f 2083/2083/2083 4772/4772/4772 4815/4815/4815
f 4813/4813/4813 4776/4776/4776 3374/3374/3374
f 4813/4813/4813 3374/3374/3374 2087/2087/2087
f 4776/4776/4776 3368/3368/3368 1074/1074/1074
f 4776/4776/4776 1074/1074/1074 3448/3448/3448
f 3374/3374/3374 4776/4776/4776 3448/3448/3448
f 3374/3374/3374 3448/3448/3448 1075/1075/1075
f 4777/4777/4777 3369/3369/3369 1049/1049/1049
f 4777/4777/4777 1049/1049/1049 3395/3395/3395
f 3376/3376/3376 4777/4777/4777 3395/3395/3395
f 3376/3376/3376 3395/3395/3395 1048/1048/1048
f 2111/2111/2111 3366/3366/3366 4774/4774/4774
f 2111/2111/2111 4774/4774/4774 4787/4787/4787
f 4785/4785/4785 4778/4778/4778 3370/3370/3370
f 4785/4785/4785 3370/3370/3370 3383/3383/3383
f 4778/4778/4778 3372/3372/3372 1088/1088/1088
f 4778/4778/4778 1088/1088/1088 3434/3434/3434
f 3370/3370/3370 4778/4778/4778 3434/3434/3434
f 3370/3370/3370 3434/3434/3434 1039/1039/1039
f 4779/4779/4779 3373/3373/3373 1062/1062/1062
f 4779/4779/4779 1062/1062/1062 3408/3408/3408
f 3378/3378/3378 4779/4779/4779 3408/3408/3408
f 3378/3378/3378 3408/3408/3408 1061/1061/1061
f 2085/2085/2085 3368/3368/3368 4776/4776/4776
f 2085/2085/2085 4776/4776/4776 4813/4813/4813
f 4811/4811/4811 4780/4780/4780 3380/3380/3380
f 4811/4811/4811 3380/3380/3380 2089/2089/2089
f 4780/4780/4780 3374/3374/3374 1075/1075/1075
f 4780/4780/4780 1075/1075/1075 3447/3447/3447
f 3380/3380/3380 4780/4780/4780 3447/3447/3447
f 3380/3380/3380 3447/3447/3447 1076/1076/1076
f 4781/4781/4781 3376/3376/3376 1048/1048/1048
f 4781/4781/4781 1048/1048/1048 3394/3394/3394
f 3375/3375/3375 4781/4781/4781 3394/3394/3394
f 3375/3375/3375 3394/3394/3394 1047/1047/1047
f 4782/4782/4782 3378/3378/3378 1061/1061/1061
f 4782/4782/4782 1061/1061/1061 3407/3407/3407
f 3377/3377/3377 4782/4782/4782 3407/3407/3407
f 3377/3377/3377 3407/3407/3407 1060/1060/1060
f 2087/2087/2087 3374/3374/3374 4780/4780/4780
f 2087/2087/2087 4780/4780/4780 4811/4811/4811
f 4809/4809/4809 4783/4783/4783 3379/3379/3379
f 4809/4809/4809 3379/3379/3379 2091/2091/2091
f 4783/4783/4783 3380/3380/3380 1076/1076/1076
f 4783/4783/4783 1076/1076/1076 3446/3446/3446
f 3379/3379/3379 4783/4783/4783 3446/3446/3446
f 3379/3379/3379 3446/3446/3446 1077/1077/1077
f 472/472/472 2112/2112/2112 4784/4784/4784
f 472/472/472 4784/4784/4784 2137/2137/2137
f 2137/2137/2137 4784/4784/4784 3381/3381/3381
f 2137/2137/2137 3381/3381/3381 448/448/448
f 471/471/471 2110/2110/2110 4786/4786/4786
f 471/471/471 4786/4786/4786 2136/2136/2136
f 2136/2136/2136 4786/4786/4786 2112/2112/2112
f 2136/2136/2136 2112/2112/2112 472/472/472
f 470/470/470 2108/2108/2108 4788/4788/4788
f 470/470/470 4788/4788/4788 2135/2135/2135
f 2135/2135/2135 4788/4788/4788 2110/2110/2110
f 2135/2135/2135 2110/2110/2110 471/471/471
f 469/469/469 2106/2106/2106 4790/4790/4790
f 469/469/469 4790/4790/4790 2134/2134/2134
f 2134/2134/2134 4790/4790/4790 2108/2108/2108
f 2134/2134/2134 2108/2108/2108 470/470/470
f 468/468/468 2104/2104/2104 4792/4792/4792
f 468/468/468 4792/4792/4792 2133/2133/2133
f 2133/2133/2133 4792/4792/4792 2106/2106/2106
f 2133/2133/2133 2106/2106/2106 469/469/469
f 467/467/467 2102/2102/2102 4794/4794/4794
f 467/467/467 4794/4794/4794 2132/2132/2132
f 2132/2132/2132 4794/4794/4794 2104/2104/2104
f 2132/2132/2132 2104/2104/2104 468/468/468
f 466/466/466 2100/2100/2100 4796/4796/4796
f 466/466/466 4796/4796/4796 2131/2131/2131
f 2131/2131/2131 4796/4796/4796 2102/2102/2102
f 2131/2131/2131 2102/2102/2102 467/467/467
f 465/465/465 2098/2098/2098 4798/4798/4798
f 465/465/465 4798/4798/4798 2130/2130/2130
f 2130/2130/2130 4798/4798/4798 2100/2100/2100
f 2130/2130/2130 2100/2100/2100 466/466/466
f 464/464/464 2096/2096/2096 4800/4800/4800
f 464/464/464 4800/4800/4800 2129/2129/2129
f 2129/2129/2129 4800/4800/4800 2098/2098/2098
f 2129/2129/2129 2098/2098/2098 465/465/465
f 463/463/463 2094/2094/2094 4802/4802/4802
f 463/463/463 4802/4802/4802 2128/2128/2128
f 2128/2128/2128 4802/4802/4802 2096/2096/2096
f 2128/2128/2128 2096/2096/2096 464/464/464
f 462/462/462 2092/2092/2092 4804/4804/4804
f 462/462/462 4804/4804/4804 2127/2127/2127
f 2127/2127/2127 4804/4804/4804 2094/2094/2094
f 2127/2127/2127 2094/2094/2094 463/463/463
f 461/461/461 2090/2090/2090 4806/4806/4806
f 461/461/461 4806/4806/4806 2126/2126/2126
f 2126/2126/2126 4806/4806/4806 2092/2092/2092
f 2126/2126/2126 2092/2092/2092 462/462/462
f 460/460/460 2088/2088/2088 4808/4808/4808
f 460/460/460 4808/4808/4808 2125/2125/2125
f 2125/2125/2125 4808/4808/4808 2090/2090/2090
f 2125/2125/2125 2090/2090/2090 461/461/461
f 459/459/459 2086/2086/2086 4810/4810/4810
f 459/459/459 4810/4810/4810 2124/2124/2124
f 2124/2124/2124 4810/4810/4810 2088/2088/2088
f 2124/2124/2124 2088/2088/2088 460/460/460
f 458/458/458 2084/2084/2084 4812/4812/4812
f 458/458/458 4812/4812/4812 2123/2123/2123
f 2123/2123/2123 4812/4812/4812 2086/2086/2086
f 2123/2123/2123 2086/2086/2086 459/459/459
f 457/457/457 2082/2082/2082 4814/4814/4814
f 457/457/457 4814/4814/4814 2122/2122/2122
f 2122/2122/2122 4814/4814/4814 2084/2084/2084
f 2122/2122/2122 2084/2084/2084 458/458/458
f 456/456/456 2080/2080/2080 4816/4816/4816
f 456/456/456 4816/4816/4816 2121/2121/2121
f 2121/2121/2121 4816/4816/4816 2082/2082/2082
f 2121/2121/2121 2082/2082/2082 457/457/457
f 455/455/455 2078/2078/2078 4818/4818/4818
f 455/455/455 4818/4818/4818 2120/2120/2120
f 2120/2120/2120 4818/4818/4818 2080/2080/2080
f 2120/2120/2120 2080/2080/2080 456/456/456
f 454/454/454 2076/2076/2076 4820/4820/4820
f 454/454/454 4820/4820/4820 2119/2119/2119
f 2119/2119/2119 4820/4820/4820 2078/2078/2078
f 2119/2119/2119 2078/2078/2078 455/455/455
f 453/453/453 2074/2074/2074 4822/4822/4822
f 453/453/453 4822/4822/4822 2118/2118/2118
f 2118/2118/2118 4822/4822/4822 2076/2076/2076
f 2118/2118/2118 2076/2076/2076 454/454/454
f 452/452/452 2072/2072/2072 4824/4824/4824
f 452/452/452 4824/4824/4824 2117/2117/2117
f 2117/2117/2117 4824/4824/4824 2074/2074/2074
f 2117/2117/2117 2074/2074/2074 453/453/453
f 451/451/451 2070/2070/2070 4826/4826/4826
f 451/451/451 4826/4826/4826 2116/2116/2116
f 2116/2116/2116 4826/4826/4826 2072/2072/2072
f 2116/2116/2116 2072/2072/2072 452/452/452
f 450/450/450 2068/2068/2068 4828/4828/4828
f 450/450/450 4828/4828/4828 2115/2115/2115
f 2115/2115/2115 4828/4828/4828 2070/2070/2070
f 2115/2115/2115 2070/2070/2070 451/451/451
f 449/449/449 3382/3382/3382 4830/4830/4830
f 449/449/449 4830/4830/4830 2114/2114/2114
f 2114/2114/2114 4830/4830/4830 2068/2068/2068
f 2114/2114/2114 2068/2068/2068 450/450/450
f 1041/1041/1041 3388/3388/3388 4832/4832/4832
f 1041/1041/1041 4832/4832/4832 3411/3411/3411
f 3388/3388/3388 1042/1042/1042 3412/3412/3412
f 3388/3388/3388 3412/3412/3412 4832/4832/4832
f 4832/4832/4832 3412/3412/3412 1067/1067/1067
f 4832/4832/4832 1067/1067/1067 3456/3456/3456
f 3411/3411/3411 4832/4832/4832 3456/3456/3456
f 3411/3411/3411 3456/3456/3456 1066/1066/1066
f 1042/1042/1042 3389/3389/3389 4833/4833/4833
f 1042/1042/1042 4833/4833/4833 3412/3412/3412
f 3389/3389/3389 1043/1043/1043 3413/3413/3413
f 3389/3389/3389 3413/3413/3413 4833/4833/4833
f 4833/4833/4833 3413/3413/3413 1068/1068/1068
f 4833/4833/4833 1068/1068/1068 3455/3455/3455
f 3412/3412/3412 4833/4833/4833 3455/3455/3455
f 3412/3412/3412 3455/3455/3455 1067/1067/1067
f 1043/1043/1043 3390/3390/3390 4834/4834/4834
f 1043/1043/1043 4834/4834/4834 3413/3413/3413
f 3390/3390/3390 1044/1044/1044 3414/3414/3414
f 3390/3390/3390 3414/3414/3414 4834/4834/4834
f 4834/4834/4834 3414/3414/3414 1069/1069/1069
f 4834/4834/4834 1069/1069/1069 3454/3454/3454
f 3413/3413/3413 4834/4834/4834 3454/3454/3454
f 3413/3413/3413 3454/3454/3454 1068/1068/1068
f 1044/1044/1044 3391/3391/3391 4835/4835/4835
f 1044/1044/1044 4835/4835/4835 3414/3414/3414
f 3391/3391/3391 1045/1045/1045 3415/3415/3415
f 3391/3391/3391 3415/3415/3415 4835/4835/4835
f 4835/4835/4835 3415/3415/3415 1070/1070/1070
f 4835/4835/4835 1070/1070/1070 3453/3453/3453
f 3414/3414/3414 4835/4835/4835 3453/3453/3453
f 3414/3414/3414 3453/3453/3453 1069/1069/1069
f 1045/1045/1045 3392/3392/3392 4836/4836/4836
f 1045/1045/1045 4836/4836/4836 3415/3415/3415
f 3392/3392/3392 1046/1046/1046 3416/3416/3416
f 3392/3392/3392 3416/3416/3416 4836/4836/4836
f 4836/4836/4836 3416/3416/3416 1071/1071/1071
f 4836/4836/4836 1071/1071/1071 3452/3452/3452
f 3415/3415/3415 4836/4836/4836 3452/3452/3452
f 3415/3415/3415 3452/3452/3452 1070/1070/1070
f 1046/1046/1046 3393/3393/3393 4837/4837/4837
f 1046/1046/1046 4837/4837/4837 3416/3416/3416
f 3393/3393/3393 1047/1047/1047 3417/3417/3417
f 3393/3393/3393 3417/3417/3417 4837/4837/4837
f 4837/4837/4837 3417/3417/3417 1072/1072/1072
f 4837/4837/4837 1072/1072/1072 3451/3451/3451
f 3416/3416/3416 4837/4837/4837 3451/3451/3451
f 3416/3416/3416 3451/3451/3451 1071/1071/1071
f 1047/1047/1047 3394/3394/3394 4838/4838/4838
f 1047/1047/1047 4838/4838/4838 3417/3417/3417
f 3394/3394/3394 1048/1048/1048 3418/3418/3418
f 3394/3394/3394 3418/3418/3418 4838/4838/4838
f 4838/4838/4838 3418/3418/3418 1073/1073/1073
f 4838/4838/4838 1073/1073/1073 3450/3450/3450
f 3417/3417/3417 4838/4838/4838 3450/3450/3450
f 3417/3417/3417 3450/3450/3450 1072/1072/1072
f 1048/1048/1048 3395/3395/3395 4839/4839/4839
f 1048/1048/1048 4839/4839/4839 3418/3418/3418
f 3395/3395/3395 1049/1049/1049 3419/3419/3419
f 3395/3395/3395 3419/3419/3419 4839/4839/4839
f 4839/4839/4839 3419/3419/3419 1074/1074/1074
f 4839/4839/4839 1074/1074/1074 3449/3449/3449
f 3418/3418/3418 4839/4839/4839 3449/3449/3449
f 3418/3418/3418 3449/3449/3449 1073/1073/1073
f 1049/1049/1049 3396/3396/3396 4840/4840/4840
f 1049/1049/1049 4840/4840/4840 3419/3419/3419
f 3396/3396/3396 1050/1050/1050 3420/3420/3420
f 3396/3396/3396 3420/3420/3420 4840/4840/4840
f 4840/4840/4840 3420/3420/3420 1075/1075/1075
f 4840/4840/4840 1075/1075/1075 3448/3448/3448
f 3419/3419/3419 4840/4840/4840 3448/3448/3448
f 3419/3419/3419 3448/3448/3448 1074/1074/1074
f 1050/1050/1050 3397/3397/3397 4841/4841/4841
f 1050/1050/1050 4841/4841/4841 3420/3420/3420
f 3397/3397/3397 1051/1051/1051 3421/3421/3421
f 3397/3397/3397 3421/3421/3421 4841/4841/4841
f 4841/4841/4841 3421/3421/3421 1076/1076/1076
f 4841/4841/4841 1076/1076/1076 3447/3447/3447
f 3420/3420/3420 4841/4841/4841 3447/3447/3447
f 3420/3420/3420 3447/3447/3447 1075/1075/1075
f 1051/1051/1051 3398/3398/3398 4842/4842/4842
f 1051/1051/1051 4842/4842/4842 3421/3421/3421
f 3398/3398/3398 1052/1052/1052 3422/3422/3422
f 3398/3398/3398 3422/3422/3422 4842/4842/4842
f 4842/4842/4842 3422/3422/3422 1077/1077/1077
f 4842/4842/4842 1077/1077/1077 3446/3446/3446
f 3421/3421/3421 4842/4842/4842 3446/3446/3446
f 3421/3421/3421 3446/3446/3446 1076/1076/1076
f 1052/1052/1052 3399/3399/3399 4843/4843/4843
f 1052/1052/1052 4843/4843/4843 3422/3422/3422
f 3399/3399/3399 1053/1053/1053 3423/3423/3423
f 3399/3399/3399 3423/3423/3423 4843/4843/4843
f 4843/4843/4843 3423/3423/3423 1078/1078/1078
f 4843/4843/4843 1078/1078/1078 3445/3445/3445
f 3422/3422/3422 4843/4843/4843 3445/3445/3445
f 3422/3422/3422 3445/3445/3445 1077/1077/1077
f 1053/1053/1053 3400/3400/3400 4844/4844/4844
f 1053/1053/1053 4844/4844/4844 3423/3423/3423
f 3400/3400/3400 1054/1054/1054 3424/3424/3424
f 3400/3400/3400 3424/3424/3424 4844/4844/4844
f 4844/4844/4844 3424/3424/3424 1079/1079/1079
f 4844/4844/4844 1079/1079/1079 3444/3444/3444
f 3423/3423/3423 4844/4844/4844 3444/3444/3444
f 3423/3423/3423 3444/3444/3444 1078/1078/1078
f 1054/1054/1054 3401/3401/3401 4845/4845/4845
f 1054/1054/1054 4845/4845/4845 3424/3424/3424
f 3401/3401/3401 1055/1055/1055 3425/3425/3425
f 3401/3401/3401 3425/3425/3425 4845/4845/4845
f 4845/4845/4845 3425/3425/3425 1080/1080/1080
f 4845/4845/4845 1080/1080/1080 3443/3443/3443
f 3424/3424/3424 4845/4845/4845 3443/3443/3443
f 3424/3424/3424 3443/3443/3443 1079/1079/1079
f 1055/1055/1055 3402/3402/3402 4846/4846/4846
f 1055/1055/1055 4846/4846/4846 3425/3425/3425
f 3402/3402/3402 1056/1056/1056 3426/3426/3426
f 3402/3402/3402 3426/3426/3426 4846/4846/4846
f 4846/4846/4846 3426/3426/3426 1081/1081/1081
f 4846/4846/4846 1081/1081/1081 3442/3442/3442
f 3425/3425/3425 4846/4846/4846 3442/3442/3442
f 3425/3425/3425 3442/3442/3442 1080/1080/1080
f 1056/1056/1056 3403/3403/3403 4847/4847/4847
f 1056/1056/1056 4847/4847/4847 3426/3426/3426
f 3403/3403/3403 1057/1057/1057 3427/3427/3427
f 3403/3403/3403 3427/3427/3427 4847/4847/4847
f 4847/4847/4847 3427/3427/3427 1082/1082/1082
f 4847/4847/4847 1082/1082/1082 3441/3441/3441
f 3426/3426/3426 4847/4847/4847 3441/3441/3441
f 3426/3426/3426 3441/3441/3441 1081/1081/1081
f 1057/1057/1057 3404/3404/3404 4848/4848/4848
f 1057/1057/1057 4848/4848/4848 3427/3427/3427
f 3404/3404/3404 1058/1058/1058 3428/3428/3428
f 3404/3404/3404 3428/3428/3428 4848/4848/4848
f 4848/4848/4848 3428/3428/3428 1083/1083/1083
f 4848/4848/4848 1083/1083/1083 3440/3440/3440
f 3427/3427/3427 4848/4848/4848 3440/3440/3440
f 3427/3427/3427 3440/3440/3440 1082/1082/1082
f 1058/1058/1058 3405/3405/3405 4849/4849/4849
f 1058/1058/1058 4849/4849/4849 3428/3428/3428
f 3405/3405/3405 1059/1059/1059 3429/3429/3429
f 3405/3405/3405 3429/3429/3429 4849/4849/4849
f 4849/4849/4849 3429/3429/3429 1084/1084/1084
f 4849/4849/4849 1084/1084/1084 3439/3439/3439
f 3428/3428/3428 4849/4849/4849 3439/3439/3439
f 3428/3428/3428 3439/3439/3439 1083/1083/1083
f 1059/1059/1059 3406/3406/3406 4850/4850/4850
f 1059/1059/1059 4850/4850/4850 3429/3429/3429
f 3406/3406/3406 1060/1060/1060 3430/3430/3430
f 3406/3406/3406 3430/3430/3430 4850/4850/4850
f 4850/4850/4850 3430/3430/3430 1085/1085/1085
f 4850/4850/4850 1085/1085/1085 3438/3438/3438
f 3429/3429/3429 4850/4850/4850 3438/3438/3438
f 3429/3429/3429 3438/3438/3438 1084/1084/1084
f 1060/1060/1060 3407/3407/3407 4851/4851/4851
f 1060/1060/1060 4851/4851/4851 3430/3430/3430
f 3407/3407/3407 1061/1061/1061 3431/3431/3431
f 3407/3407/3407 3431/3431/3431 4851/4851/4851
f 4851/4851/4851 3431/3431/3431 1086/1086/1086
f 4851/4851/4851 1086/1086/1086 3437/3437/3437
f 3430/3430/3430 4851/4851/4851 3437/3437/3437
f 3430/3430/3430 3437/3437/3437 1085/1085/1085
f 1061/1061/1061 3408/3408/3408 4852/4852/4852
f 1061/1061/1061 4852/4852/4852 3431/3431/3431
f 3408/3408/3408 1062/1062/1062 3432/3432/3432
f 3408/3408/3408 3432/3432/3432 4852/4852/4852
f 4852/4852/4852 3432/3432/3432 1087/1087/1087
f 4852/4852/4852 1087/1087/1087 3436/3436/3436
f 3431/3431/3431 4852/4852/4852 3436/3436/3436
f 3431/3431/3431 3436/3436/3436 1086/1086/1086
f 1062/1062/1062 3409/3409/3409 4853/4853/4853
f 1062/1062/1062 4853/4853/4853 3432/3432/3432
f 3409/3409/3409 1063/1063/1063 3433/3433/3433
f 3409/3409/3409 3433/3433/3433 4853/4853/4853
f 4853/4853/4853 3433/3433/3433 1088/1088/1088
f 4853/4853/4853 1088/1088/1088 3435/3435/3435
f 3432/3432/3432 4853/4853/4853 3435/3435/3435
f 3432/3432/3432 3435/3435/3435 1087/1087/1087
f 1063/1063/1063 3410/3410/3410 4854/4854/4854
f 1063/1063/1063 4854/4854/4854 3433/3433/3433
f 3410/3410/3410 1064/1064/1064 3385/3385/3385
f 3410/3410/3410 3385/3385/3385 4854/4854/4854
f 4854/4854/4854 3385/3385/3385 1039/1039/1039
f 4854/4854/4854 1039/1039/1039 3434/3434/3434
f 3433/3433/3433 4854/4854/4854 3434/3434/3434
f 3433/3433/3433 3434/3434/3434 1088/1088/1088
f 1040/1040/1040 3386/3386/3386 4855/4855/4855
f 1040/1040/1040 4855/4855/4855 3457/3457/3457
f 3386/3386/3386 1065/1065/1065 3387/3387/3387
f 3386/3386/3386 3387/3387/3387 4855/4855/4855
f 4855/4855/4855 3387/3387/3387 1041/1041/1041
f 4855/4855/4855 1041/1041/1041 3411/3411/3411
f 3457/3457/3457 4855/4855/4855 3411/3411/3411
f 3457/3457/3457 3411/3411/3411 1066/1066/1066
f 1105/1105/1105 3587/3587/3587 4856/4856/4856
f 1105/1105/1105 4856/4856/4856 3473/3473/3473
f 3587/3587/3587 1187/1187/1187 3623/3623/3623
f 3587/3587/3587 3623/3623/3623 4856/4856/4856
f 4856/4856/4856 3623/3623/3623 1190/1190/1190
f 4856/4856/4856 1190/1190/1190 3586/3586/3586
f 3473/3473/3473 4856/4856/4856 3586/3586/3586
f 3473/3473/3473 3586/3586/3586 1106/1106/1106
f 1103/1103/1103 3589/3589/3589 4857/4857/4857
f 1103/1103/1103 4857/4857/4857 3471/3471/3471
f 3589/3589/3589 1181/1181/1181 3627/3627/3627
f 3589/3589/3589 3627/3627/3627 4857/4857/4857
f 4857/4857/4857 3627/3627/3627 1184/1184/1184
f 4857/4857/4857 1184/1184/1184 3588/3588/3588
f 3471/3471/3471 4857/4857/4857 3588/3588/3588
f 3471/3471/3471 3588/3588/3588 1104/1104/1104
f 1089/1089/1089 3608/3608/3608 4858/4858/4858
f 1089/1089/1089 4858/4858/4858 3481/3481/3481
f 3608/3608/3608 1205/1205/1205 3544/3544/3544
f 3608/3608/3608 3544/3544/3544 4858/4858/4858
f 4858/4858/4858 3544/3544/3544 1210/1210/1210
f 4858/4858/4858 1210/1210/1210 3603/3603/3603
f 3481/3481/3481 4858/4858/4858 3603/3603/3603
f 3481/3481/3481 3603/3603/3603 1113/1113/1113
f 1101/1101/1101 3591/3591/3591 4859/4859/4859
f 1101/1101/1101 4859/4859/4859 3469/3469/3469
f 3591/3591/3591 1175/1175/1175 3631/3631/3631
f 3591/3591/3591 3631/3631/3631 4859/4859/4859
f 4859/4859/4859 3631/3631/3631 1178/1178/1178
f 4859/4859/4859 1178/1178/1178 3590/3590/3590
f 3469/3469/3469 4859/4859/4859 3590/3590/3590
f 3469/3469/3469 3590/3590/3590 1102/1102/1102
f 1100/1100/1100 3592/3592/3592 4860/4860/4860
f 1100/1100/1100 4860/4860/4860 3468/3468/3468
f 3592/3592/3592 1172/1172/1172 3633/3633/3633
f 3592/3592/3592 3633/3633/3633 4860/4860/4860
f 4860/4860/4860 3633/3633/3633 1175/1175/1175
f 4860/4860/4860 1175/1175/1175 3591/3591/3591
f 3468/3468/3468 4860/4860/4860 3591/3591/3591
f 3468/3468/3468 3591/3591/3591 1101/1101/1101
f 1113/1113/1113 3580/3580/3580 4861/4861/4861
f 1113/1113/1113 4861/4861/4861 3481/3481/3481
f 3580/3580/3580 1213/1213/1213 3579/3579/3579
f 3580/3580/3580 3579/3579/3579 4861/4861/4861
f 4861/4861/4861 3579/3579/3579 1141/1141/1141
f 4861/4861/4861 1141/1141/1141 1750/1750/1750
f 3481/3481/3481 4861/4861/4861 1750/1750/1750
f 3481/3481/3481 1750/1750/1750 1089/1089/1089
f 1099/1099/1099 3593/3593/3593 4862/4862/4862
f 1099/1099/1099 4862/4862/4862 3467/3467/3467
f 3593/3593/3593 1169/1169/1169 3635/3635/3635
f 3593/3593/3593 3635/3635/3635 4862/4862/4862
f 4862/4862/4862 3635/3635/3635 1172/1172/1172
f 4862/4862/4862 1172/1172/1172 3592/3592/3592
f 3467/3467/3467 4862/4862/4862 3592/3592/3592
f 3467/3467/3467 3592/3592/3592 1100/1100/1100
f 1112/1112/1112 3610/3610/3610 4863/4863/4863
f 1112/1112/1112 4863/4863/4863 3480/3480/3480
f 3610/3610/3610 1208/1208/1208 3604/3604/3604
f 3610/3610/3610 3604/3604/3604 4863/4863/4863
f 4863/4863/4863 3604/3604/3604 1213/1213/1213
f 4863/4863/4863 1213/1213/1213 3580/3580/3580
f 3480/3480/3480 4863/4863/4863 3580/3580/3580
f 3480/3480/3480 3580/3580/3580 1113/1113/1113
f 1098/1098/1098 3594/3594/3594 4864/4864/4864
f 1098/1098/1098 4864/4864/4864 3466/3466/3466
f 3594/3594/3594 1166/1166/1166 3637/3637/3637
f 3594/3594/3594 3637/3637/3637 4864/4864/4864
f 4864/4864/4864 3637/3637/3637 1169/1169/1169
f 4864/4864/4864 1169/1169/1169 3593/3593/3593
f 3466/3466/3466 4864/4864/4864 3593/3593/3593
f 3466/3466/3466 3593/3593/3593 1099/1099/1099
f 1111/1111/1111 3581/3581/3581 4865/4865/4865
f 1111/1111/1111 4865/4865/4865 3479/3479/3479
f 3581/3581/3581 1207/1207/1207 3611/3611/3611
f 3581/3581/3581 3611/3611/3611 4865/4865/4865
f 4865/4865/4865 3611/3611/3611 1208/1208/1208
f 4865/4865/4865 1208/1208/1208 3610/3610/3610
f 3479/3479/3479 4865/4865/4865 3610/3610/3610
f 3479/3479/3479 3610/3610/3610 1112/1112/1112
f 1097/1097/1097 3595/3595/3595 4866/4866/4866
f 1097/1097/1097 4866/4866/4866 3465/3465/3465
f 3595/3595/3595 1163/1163/1163 3639/3639/3639
f 3595/3595/3595 3639/3639/3639 4866/4866/4866
f 4866/4866/4866 3639/3639/3639 1166/1166/1166
f 4866/4866/4866 1166/1166/1166 3594/3594/3594
f 3465/3465/3465 4866/4866/4866 3594/3594/3594
f 3465/3465/3465 3594/3594/3594 1098/1098/1098
f 1103/1103/1103 3471/3471/3471 4867/4867/4867
f 1103/1103/1103 4867/4867/4867 3628/3628/3628
f 3471/3471/3471 1104/1104/1104 3626/3626/3626
f 3471/3471/3471 3626/3626/3626 4867/4867/4867
f 4867/4867/4867 3626/3626/3626 1180/1180/1180
f 4867/4867/4867 1180/1180/1180 3536/3536/3536
f 3628/3628/3628 4867/4867/4867 3536/3536/3536
f 3628/3628/3628 3536/3536/3536 1177/1177/1177
f 1109/1109/1109 3583/3583/3583 4868/4868/4868
f 1109/1109/1109 4868/4868/4868 3477/3477/3477
f 3583/3583/3583 1199/1199/1199 3615/3615/3615
f 3583/3583/3583 3615/3615/3615 4868/4868/4868
f 4868/4868/4868 3615/3615/3615 1202/1202/1202
f 4868/4868/4868 1202/1202/1202 3582/3582/3582
f 3477/3477/3477 4868/4868/4868 3582/3582/3582
f 3477/3477/3477 3582/3582/3582 1110/1110/1110
f 1095/1095/1095 3597/3597/3597 4869/4869/4869
f 1095/1095/1095 4869/4869/4869 3463/3463/3463
f 3597/3597/3597 1157/1157/1157 3643/3643/3643
f 3597/3597/3597 3643/3643/3643 4869/4869/4869
f 4869/4869/4869 3643/3643/3643 1160/1160/1160
f 4869/4869/4869 1160/1160/1160 3596/3596/3596
f 3463/3463/3463 4869/4869/4869 3596/3596/3596
f 3463/3463/3463 3596/3596/3596 1096/1096/1096
f 322/322/322 1871/1871/1871 4870/4870/4870
f 322/322/322 4870/4870/4870 3654/3654/3654
f 1871/1871/1871 347/347/347 3657/3657/3657
f 1871/1871/1871 3657/3657/3657 4870/4870/4870
f 4870/4870/4870 3657/3657/3657 1209/1209/1209
f 4870/4870/4870 1209/1209/1209 3543/3543/3543
f 3654/3654/3654 4870/4870/4870 3543/3543/3543
f 3654/3654/3654 3543/3543/3543 1203/1203/1203
f 1102/1102/1102 3470/3470/3470 4871/4871/4871
f 1102/1102/1102 4871/4871/4871 3630/3630/3630
f 3470/3470/3470 1103/1103/1103 3628/3628/3628
f 3470/3470/3470 3628/3628/3628 4871/4871/4871
f 4871/4871/4871 3628/3628/3628 1177/1177/1177
f 4871/4871/4871 1177/1177/1177 3538/3538/3538
f 3630/3630/3630 4871/4871/4871 3538/3538/3538
f 3630/3630/3630 3538/3538/3538 1174/1174/1174
f 1096/1096/1096 3596/3596/3596 4872/4872/4872
f 1096/1096/1096 4872/4872/4872 3464/3464/3464
f 3596/3596/3596 1160/1160/1160 3641/3641/3641
f 3596/3596/3596 3641/3641/3641 4872/4872/4872
f 4872/4872/4872 3641/3641/3641 1163/1163/1163
f 4872/4872/4872 1163/1163/1163 3595/3595/3595
f 3464/3464/3464 4872/4872/4872 3595/3595/3595
f 3464/3464/3464 3595/3595/3595 1097/1097/1097
f 1101/1101/1101 3469/3469/3469 4873/4873/4873
f 1101/1101/1101 4873/4873/4873 3632/3632/3632
f 3469/3469/3469 1102/1102/1102 3630/3630/3630
f 3469/3469/3469 3630/3630/3630 4873/4873/4873
f 4873/4873/4873 3630/3630/3630 1174/1174/1174
f 4873/4873/4873 1174/1174/1174 3540/3540/3540
f 3632/3632/3632 4873/4873/4873 3540/3540/3540
f 3632/3632/3632 3540/3540/3540 1171/1171/1171
f 1108/1108/1108 3584/3584/3584 4874/4874/4874
f 1108/1108/1108 4874/4874/4874 3476/3476/3476
f 3584/3584/3584 1196/1196/1196 3617/3617/3617
f 3584/3584/3584 3617/3617/3617 4874/4874/4874
f 4874/4874/4874 3617/3617/3617 1199/1199/1199
f 4874/4874/4874 1199/1199/1199 3583/3583/3583
f 3476/3476/3476 4874/4874/4874 3583/3583/3583
f 3476/3476/3476 3583/3583/3583 1109/1109/1109
f 1100/1100/1100 3468/3468/3468 4875/4875/4875
f 1100/1100/1100 4875/4875/4875 3634/3634/3634
f 3468/3468/3468 1101/1101/1101 3632/3632/3632
f 3468/3468/3468 3632/3632/3632 4875/4875/4875
f 4875/4875/4875 3632/3632/3632 1171/1171/1171
f 4875/4875/4875 1171/1171/1171 3542/3542/3542
f 3634/3634/3634 4875/4875/4875 3542/3542/3542
f 3634/3634/3634 3542/3542/3542 1168/1168/1168
f 1107/1107/1107 3585/3585/3585 4876/4876/4876
f 1107/1107/1107 4876/4876/4876 3475/3475/3475
f 3585/3585/3585 1193/1193/1193 3619/3619/3619
f 3585/3585/3585 3619/3619/3619 4876/4876/4876
f 4876/4876/4876 3619/3619/3619 1196/1196/1196
f 4876/4876/4876 1196/1196/1196 3584/3584/3584
f 3475/3475/3475 4876/4876/4876 3584/3584/3584
f 3475/3475/3475 3584/3584/3584 1108/1108/1108
f 1099/1099/1099 3467/3467/3467 4877/4877/4877
f 1099/1099/1099 4877/4877/4877 3636/3636/3636
f 3467/3467/3467 1100/1100/1100 3634/3634/3634
f 3467/3467/3467 3634/3634/3634 4877/4877/4877
f 4877/4877/4877 3634/3634/3634 1168/1168/1168
f 4877/4877/4877 1168/1168/1168 3546/3546/3546
f 3636/3636/3636 4877/4877/4877 3546/3546/3546
f 3636/3636/3636 3546/3546/3546 1165/1165/1165
f 1093/1093/1093 3599/3599/3599 4878/4878/4878
f 1093/1093/1093 4878/4878/4878 3461/3461/3461
f 3599/3599/3599 1151/1151/1151 3647/3647/3647
f 3599/3599/3599 3647/3647/3647 4878/4878/4878
f 4878/4878/4878 3647/3647/3647 1154/1154/1154
f 4878/4878/4878 1154/1154/1154 3598/3598/3598
f 3461/3461/3461 4878/4878/4878 3598/3598/3598
f 3461/3461/3461 3598/3598/3598 1094/1094/1094
f 1112/1112/1112 3480/3480/3480 4879/4879/4879
f 1112/1112/1112 4879/4879/4879 3605/3605/3605
f 3480/3480/3480 1113/1113/1113 3603/3603/3603
f 3480/3480/3480 3603/3603/3603 4879/4879/4879
f 4879/4879/4879 3603/3603/3603 1210/1210/1210
f 4879/4879/4879 1210/1210/1210 3548/3548/3548
f 3605/3605/3605 4879/4879/4879 3548/3548/3548
f 3605/3605/3605 3548/3548/3548 1212/1212/1212
f 1106/1106/1106 3586/3586/3586 4880/4880/4880
f 1106/1106/1106 4880/4880/4880 3474/3474/3474
f 3586/3586/3586 1190/1190/1190 3621/3621/3621
f 3586/3586/3586 3621/3621/3621 4880/4880/4880
f 4880/4880/4880 3621/3621/3621 1193/1193/1193
f 4880/4880/4880 1193/1193/1193 3585/3585/3585
f 3474/3474/3474 4880/4880/4880 3585/3585/3585
f 3474/3474/3474 3585/3585/3585 1107/1107/1107
f 1098/1098/1098 3466/3466/3466 4881/4881/4881
f 1098/1098/1098 4881/4881/4881 3638/3638/3638
f 3466/3466/3466 1099/1099/1099 3636/3636/3636
f 3466/3466/3466 3636/3636/3636 4881/4881/4881
f 4881/4881/4881 3636/3636/3636 1165/1165/1165
f 4881/4881/4881 1165/1165/1165 3550/3550/3550
f 3638/3638/3638 4881/4881/4881 3550/3550/3550
f 3638/3638/3638 3550/3550/3550 1162/1162/1162
f 1112/1112/1112 3605/3605/3605 4882/4882/4882
f 1112/1112/1112 4882/4882/4882 3479/3479/3479
f 3605/3605/3605 1212/1212/1212 3552/3552/3552
f 3605/3605/3605 3552/3552/3552 4882/4882/4882
f 4882/4882/4882 3552/3552/3552 1201/1201/1201
f 4882/4882/4882 1201/1201/1201 3612/3612/3612
f 3479/3479/3479 4882/4882/4882 3612/3612/3612
f 3479/3479/3479 3612/3612/3612 1111/1111/1111
f 1104/1104/1104 3588/3588/3588 4883/4883/4883
f 1104/1104/1104 4883/4883/4883 3472/3472/3472
f 3588/3588/3588 1184/1184/1184 3625/3625/3625
f 3588/3588/3588 3625/3625/3625 4883/4883/4883
f 4883/4883/4883 3625/3625/3625 1187/1187/1187
f 4883/4883/4883 1187/1187/1187 3587/3587/3587
f 3472/3472/3472 4883/4883/4883 3587/3587/3587
f 3472/3472/3472 3587/3587/3587 1105/1105/1105
f 1097/1097/1097 3465/3465/3465 4884/4884/4884
f 1097/1097/1097 4884/4884/4884 3640/3640/3640
f 3465/3465/3465 1098/1098/1098 3638/3638/3638
f 3465/3465/3465 3638/3638/3638 4884/4884/4884
f 4884/4884/4884 3638/3638/3638 1162/1162/1162
f 4884/4884/4884 1162/1162/1162 3554/3554/3554
f 3640/3640/3640 4884/4884/4884 3554/3554/3554
f 3640/3640/3640 3554/3554/3554 1159/1159/1159
f 1110/1110/1110 3478/3478/3478 4885/4885/4885
f 1110/1110/1110 4885/4885/4885 3614/3614/3614
f 3478/3478/3478 1111/1111/1111 3612/3612/3612
f 3478/3478/3478 3612/3612/3612 4885/4885/4885
f 4885/4885/4885 3612/3612/3612 1201/1201/1201
f 4885/4885/4885 1201/1201/1201 3556/3556/3556
f 3614/3614/3614 4885/4885/4885 3556/3556/3556
f 3614/3614/3614 3556/3556/3556 1198/1198/1198
f 1091/1091/1091 3602/3602/3602 4886/4886/4886
f 1091/1091/1091 4886/4886/4886 3459/3459/3459
f 3602/3602/3602 1145/1145/1145 3601/3601/3601
f 3602/3602/3602 3601/3601/3601 4886/4886/4886
f 4886/4886/4886 3601/3601/3601 1148/1148/1148
f 4886/4886/4886 1148/1148/1148 3600/3600/3600
f 3459/3459/3459 4886/4886/4886 3600/3600/3600
f 3459/3459/3459 3600/3600/3600 1092/1092/1092
f 1096/1096/1096 3464/3464/3464 4887/4887/4887
f 1096/1096/1096 4887/4887/4887 3642/3642/3642
f 3464/3464/3464 1097/1097/1097 3640/3640/3640
f 3464/3464/3464 3640/3640/3640 4887/4887/4887
f 4887/4887/4887 3640/3640/3640 1159/1159/1159
f 4887/4887/4887 1159/1159/1159 3558/3558/3558
f 3642/3642/3642 4887/4887/4887 3558/3558/3558
f 3642/3642/3642 3558/3558/3558 1156/1156/1156
f 1110/1110/1110 3582/3582/3582 4888/4888/4888
f 1110/1110/1110 4888/4888/4888 3478/3478/3478
f 3582/3582/3582 1202/1202/1202 3613/3613/3613
f 3582/3582/3582 3613/3613/3613 4888/4888/4888
f 4888/4888/4888 3613/3613/3613 1207/1207/1207
f 4888/4888/4888 1207/1207/1207 3581/3581/3581
f 3478/3478/3478 4888/4888/4888 3581/3581/3581
f 3478/3478/3478 3581/3581/3581 1111/1111/1111
f 324/324/324 1848/1848/1848 4889/4889/4889
f 324/324/324 4889/4889/4889 3653/3653/3653
f 1848/1848/1848 323/323/323 3655/3655/3655
f 1848/1848/1848 3655/3655/3655 4889/4889/4889
f 4889/4889/4889 3655/3655/3655 1204/1204/1204
f 4889/4889/4889 1204/1204/1204 3533/3533/3533
f 3653/3653/3653 4889/4889/4889 3533/3533/3533
f 3653/3653/3653 3533/3533/3533 1139/1139/1139
f 1092/1092/1092 3600/3600/3600 4890/4890/4890
f 1092/1092/1092 4890/4890/4890 3460/3460/3460
f 3600/3600/3600 1148/1148/1148 3649/3649/3649
f 3600/3600/3600 3649/3649/3649 4890/4890/4890
f 4890/4890/4890 3649/3649/3649 1151/1151/1151
f 4890/4890/4890 1151/1151/1151 3599/3599/3599
f 3460/3460/3460 4890/4890/4890 3599/3599/3599
f 3460/3460/3460 3599/3599/3599 1093/1093/1093
f 1094/1094/1094 3598/3598/3598 4891/4891/4891
f 1094/1094/1094 4891/4891/4891 3462/3462/3462
f 3598/3598/3598 1154/1154/1154 3645/3645/3645
f 3598/3598/3598 3645/3645/3645 4891/4891/4891
f 4891/4891/4891 3645/3645/3645 1157/1157/1157
f 4891/4891/4891 1157/1157/1157 3597/3597/3597
f 3462/3462/3462 4891/4891/4891 3597/3597/3597
f 3462/3462/3462 3597/3597/3597 1095/1095/1095
f 1109/1109/1109 3477/3477/3477 4892/4892/4892
f 1109/1109/1109 4892/4892/4892 3616/3616/3616
f 3477/3477/3477 1110/1110/1110 3614/3614/3614
f 3477/3477/3477 3614/3614/3614 4892/4892/4892
f 4892/4892/4892 3614/3614/3614 1198/1198/1198
f 4892/4892/4892 1198/1198/1198 3560/3560/3560
f 3616/3616/3616 4892/4892/4892 3560/3560/3560
f 3616/3616/3616 3560/3560/3560 1195/1195/1195
f 1095/1095/1095 3463/3463/3463 4893/4893/4893
f 1095/1095/1095 4893/4893/4893 3644/3644/3644
f 3463/3463/3463 1096/1096/1096 3642/3642/3642
f 3463/3463/3463 3642/3642/3642 4893/4893/4893
f 4893/4893/4893 3642/3642/3642 1156/1156/1156
f 4893/4893/4893 1156/1156/1156 3562/3562/3562
f 3644/3644/3644 4893/4893/4893 3562/3562/3562
f 3644/3644/3644 3562/3562/3562 1153/1153/1153
f 1108/1108/1108 3476/3476/3476 4894/4894/4894
f 1108/1108/1108 4894/4894/4894 3618/3618/3618
f 3476/3476/3476 1109/1109/1109 3616/3616/3616
f 3476/3476/3476 3616/3616/3616 4894/4894/4894
f 4894/4894/4894 3616/3616/3616 1195/1195/1195
f 4894/4894/4894 1195/1195/1195 3564/3564/3564
f 3618/3618/3618 4894/4894/4894 3564/3564/3564
f 3618/3618/3618 3564/3564/3564 1192/1192/1192
f 1102/1102/1102 3590/3590/3590 4895/4895/4895
f 1102/1102/1102 4895/4895/4895 3470/3470/3470
f 3590/3590/3590 1178/1178/1178 3629/3629/3629
f 3590/3590/3590 3629/3629/3629 4895/4895/4895
f 4895/4895/4895 3629/3629/3629 1181/1181/1181
f 4895/4895/4895 1181/1181/1181 3589/3589/3589
f 3470/3470/3470 4895/4895/4895 3589/3589/3589
f 3470/3470/3470 3589/3589/3589 1103/1103/1103
f 1094/1094/1094 3462/3462/3462 4896/4896/4896
f 1094/1094/1094 4896/4896/4896 3646/3646/3646
f 3462/3462/3462 1095/1095/1095 3644/3644/3644
f 3462/3462/3462 3644/3644/3644 4896/4896/4896
f 4896/4896/4896 3644/3644/3644 1153/1153/1153
f 4896/4896/4896 1153/1153/1153 3566/3566/3566
f 3646/3646/3646 4896/4896/4896 3566/3566/3566
f 3646/3646/3646 3566/3566/3566 1150/1150/1150
f 1107/1107/1107 3475/3475/3475 4897/4897/4897
f 1107/1107/1107 4897/4897/4897 3620/3620/3620
f 3475/3475/3475 1108/1108/1108 3618/3618/3618
f 3475/3475/3475 3618/3618/3618 4897/4897/4897
f 4897/4897/4897 3618/3618/3618 1192/1192/1192
f 4897/4897/4897 1192/1192/1192 3568/3568/3568
f 3620/3620/3620 4897/4897/4897 3568/3568/3568
f 3620/3620/3620 3568/3568/3568 1189/1189/1189
f 1093/1093/1093 3461/3461/3461 4898/4898/4898
f 1093/1093/1093 4898/4898/4898 3648/3648/3648
f 3461/3461/3461 1094/1094/1094 3646/3646/3646
f 3461/3461/3461 3646/3646/3646 4898/4898/4898
f 4898/4898/4898 3646/3646/3646 1150/1150/1150
f 4898/4898/4898 1150/1150/1150 3570/3570/3570
f 3648/3648/3648 4898/4898/4898 3570/3570/3570
f 3648/3648/3648 3570/3570/3570 1147/1147/1147
f 1106/1106/1106 3474/3474/3474 4899/4899/4899
f 1106/1106/1106 4899/4899/4899 3622/3622/3622
f 3474/3474/3474 1107/1107/1107 3620/3620/3620
f 3474/3474/3474 3620/3620/3620 4899/4899/4899
f 4899/4899/4899 3620/3620/3620 1189/1189/1189
f 4899/4899/4899 1189/1189/1189 3572/3572/3572
f 3622/3622/3622 4899/4899/4899 3572/3572/3572
f 3622/3622/3622 3572/3572/3572 1186/1186/1186
f 1092/1092/1092 3460/3460/3460 4900/4900/4900
f 1092/1092/1092 4900/4900/4900 3650/3650/3650
f 3460/3460/3460 1093/1093/1093 3648/3648/3648
f 3460/3460/3460 3648/3648/3648 4900/4900/4900
f 4900/4900/4900 3648/3648/3648 1147/1147/1147
f 4900/4900/4900 1147/1147/1147 3574/3574/3574
f 3650/3650/3650 4900/4900/4900 3574/3574/3574
f 3650/3650/3650 3574/3574/3574 1144/1144/1144
f 1105/1105/1105 3473/3473/3473 4901/4901/4901
f 1105/1105/1105 4901/4901/4901 3624/3624/3624
f 3473/3473/3473 1106/1106/1106 3622/3622/3622
f 3473/3473/3473 3622/3622/3622 4901/4901/4901
f 4901/4901/4901 3622/3622/3622 1186/1186/1186
f 4901/4901/4901 1186/1186/1186 3576/3576/3576
f 3624/3624/3624 4901/4901/4901 3576/3576/3576
f 3624/3624/3624 3576/3576/3576 1183/1183/1183
f 1091/1091/1091 3459/3459/3459 4902/4902/4902
f 1091/1091/1091 4902/4902/4902 3652/3652/3652
f 3459/3459/3459 1092/1092/1092 3650/3650/3650
f 3459/3459/3459 3650/3650/3650 4902/4902/4902
f 4902/4902/4902 3650/3650/3650 1144/1144/1144
f 4902/4902/4902 1144/1144/1144 3578/3578/3578
f 3652/3652/3652 4902/4902/4902 3578/3578/3578
f 3652/3652/3652 3578/3578/3578 1140/1140/1140
f 1104/1104/1104 3472/3472/3472 4903/4903/4903
f 1104/1104/1104 4903/4903/4903 3626/3626/3626
f 3472/3472/3472 1105/1105/1105 3624/3624/3624
f 3472/3472/3472 3624/3624/3624 4903/4903/4903
f 4903/4903/4903 3624/3624/3624 1183/1183/1183
f 4903/4903/4903 1183/1183/1183 3532/3532/3532
f 3626/3626/3626 4903/4903/4903 3532/3532/3532
f 3626/3626/3626 3532/3532/3532 1180/1180/1180
f 1206/1206/1206 3609/3609/3609 4904/4904/4904
f 1206/1206/1206 4904/4904/4904 3534/3534/3534
f 3609/3609/3609 1090/1090/1090 3458/3458/3458
f 3609/3609/3609 3458/3458/3458 4904/4904/4904
f 4904/4904/4904 3458/3458/3458 1091/1091/1091
f 4904/4904/4904 1091/1091/1091 3652/3652/3652
f 3534/3534/3534 4904/4904/4904 3652/3652/3652
f 3534/3534/3534 3652/3652/3652 1140/1140/1140
f 671/671/671 3482/3482/3482 4905/4905/4905
f 671/671/671 4905/4905/4905 2338/2338/2338
f 3482/3482/3482 1114/1114/1114 3507/3507/3507
f 3482/3482/3482 3507/3507/3507 4905/4905/4905
f 4905/4905/4905 3507/3507/3507 1115/1115/1115
f 4905/4905/4905 1115/1115/1115 2460/2460/2460
f 2338/2338/2338 4905/4905/4905 2460/2460/2460
f 2338/2338/2338 2460/2460/2460 598/598/598
f 599/599/599 2461/2461/2461 4906/4906/4906
f 599/599/599 4906/4906/4906 2456/2456/2456
f 2461/2461/2461 1116/1116/1116 3508/3508/3508
f 2461/2461/2461 3508/3508/3508 4906/4906/4906
f 4906/4906/4906 3508/3508/3508 1117/1117/1117
f 4906/4906/4906 1117/1117/1117 2465/2465/2465
f 2456/2456/2456 4906/4906/4906 2465/2465/2465
f 2456/2456/2456 2465/2465/2465 605/605/605
f 608/608/608 2467/2467/2467 4907/4907/4907
f 608/608/608 4907/4907/4907 2447/2447/2447
f 2467/2467/2467 1118/1118/1118 3509/3509/3509
f 2467/2467/2467 3509/3509/3509 4907/4907/4907
f 4907/4907/4907 3509/3509/3509 1119/1119/1119
f 4907/4907/4907 1119/1119/1119 2469/2469/2469
f 2447/2447/2447 4907/4907/4907 2469/2469/2469
f 2447/2447/2447 2469/2469/2469 611/611/611
f 611/611/611 2469/2469/2469 4908/4908/4908
f 611/611/611 4908/4908/4908 2442/2442/2442
f 2469/2469/2469 1119/1119/1119 3510/3510/3510
f 2469/2469/2469 3510/3510/3510 4908/4908/4908
f 4908/4908/4908 3510/3510/3510 1120/1120/1120
f 4908/4908/4908 1120/1120/1120 2471/2471/2471
f 2442/2442/2442 4908/4908/4908 2471/2471/2471
f 2442/2442/2442 2471/2471/2471 614/614/614
f 614/614/614 2471/2471/2471 4909/4909/4909
f 614/614/614 4909/4909/4909 2437/2437/2437
f 2471/2471/2471 1120/1120/1120 3511/3511/3511
f 2471/2471/2471 3511/3511/3511 4909/4909/4909
f 4909/4909/4909 3511/3511/3511 1121/1121/1121
f 4909/4909/4909 1121/1121/1121 2473/2473/2473
f 2437/2437/2437 4909/4909/4909 2473/2473/2473
f 2437/2437/2437 2473/2473/2473 617/617/617
f 617/617/617 2473/2473/2473 4910/4910/4910
f 617/617/617 4910/4910/4910 2432/2432/2432
f 2473/2473/2473 1121/1121/1121 3512/3512/3512
f 2473/2473/2473 3512/3512/3512 4910/4910/4910
f 4910/4910/4910 3512/3512/3512 1122/1122/1122
f 4910/4910/4910 1122/1122/1122 2475/2475/2475
f 2432/2432/2432 4910/4910/4910 2475/2475/2475
f 2432/2432/2432 2475/2475/2475 620/620/620
f 620/620/620 2475/2475/2475 4911/4911/4911
f 620/620/620 4911/4911/4911 2427/2427/2427
f 2475/2475/2475 1122/1122/1122 3513/3513/3513
f 2475/2475/2475 3513/3513/3513 4911/4911/4911
f 4911/4911/4911 3513/3513/3513 1123/1123/1123
f 4911/4911/4911 1123/1123/1123 2477/2477/2477
f 2427/2427/2427 4911/4911/4911 2477/2477/2477
f 2427/2427/2427 2477/2477/2477 623/623/623
f 623/623/623 2477/2477/2477 4912/4912/4912
f 623/623/623 4912/4912/4912 2422/2422/2422
f 2477/2477/2477 1123/1123/1123 3514/3514/3514
f 2477/2477/2477 3514/3514/3514 4912/4912/4912
f 4912/4912/4912 3514/3514/3514 1124/1124/1124
f 4912/4912/4912 1124/1124/1124 2479/2479/2479
f 2422/2422/2422 4912/4912/4912 2479/2479/2479
f 2422/2422/2422 2479/2479/2479 626/626/626
f 626/626/626 2479/2479/2479 4913/4913/4913
f 626/626/626 4913/4913/4913 2417/2417/2417
f 2479/2479/2479 1124/1124/1124 3515/3515/3515
f 2479/2479/2479 3515/3515/3515 4913/4913/4913
f 4913/4913/4913 3515/3515/3515 1125/1125/1125
f 4913/4913/4913 1125/1125/1125 2481/2481/2481
f 2417/2417/2417 4913/4913/4913 2481/2481/2481
f 2417/2417/2417 2481/2481/2481 629/629/629
f 629/629/629 2481/2481/2481 4914/4914/4914
f 629/629/629 4914/4914/4914 2412/2412/2412
f 2481/2481/2481 1125/1125/1125 3516/3516/3516
f 2481/2481/2481 3516/3516/3516 4914/4914/4914
f 4914/4914/4914 3516/3516/3516 1126/1126/1126
f 4914/4914/4914 1126/1126/1126 2483/2483/2483
f 2412/2412/2412 4914/4914/4914 2483/2483/2483
f 2412/2412/2412 2483/2483/2483 632/632/632
f 632/632/632 2483/2483/2483 4915/4915/4915
f 632/632/632 4915/4915/4915 2407/2407/2407
f 2483/2483/2483 1126/1126/1126 3517/3517/3517
f 2483/2483/2483 3517/3517/3517 4915/4915/4915
f 4915/4915/4915 3517/3517/3517 1127/1127/1127
f 4915/4915/4915 1127/1127/1127 2485/2485/2485
f 2407/2407/2407 4915/4915/4915 2485/2485/2485
f 2407/2407/2407 2485/2485/2485 635/635/635
f 635/635/635 2485/2485/2485 4916/4916/4916
f 635/635/635 4916/4916/4916 2402/2402/2402
f 2485/2485/2485 1127/1127/1127 3518/3518/3518
f 2485/2485/2485 3518/3518/3518 4916/4916/4916
f 4916/4916/4916 3518/3518/3518 1128/1128/1128
f 4916/4916/4916 1128/1128/1128 2487/2487/2487
f 2402/2402/2402 4916/4916/4916 2487/2487/2487
f 2402/2402/2402 2487/2487/2487 638/638/638
f 638/638/638 2487/2487/2487 4917/4917/4917
f 638/638/638 4917/4917/4917 2397/2397/2397
f 2487/2487/2487 1128/1128/1128 3519/3519/3519
f 2487/2487/2487 3519/3519/3519 4917/4917/4917
f 4917/4917/4917 3519/3519/3519 1129/1129/1129
f 4917/4917/4917 1129/1129/1129 2489/2489/2489
f 2397/2397/2397 4917/4917/4917 2489/2489/2489
f 2397/2397/2397 2489/2489/2489 641/641/641
f 641/641/641 2489/2489/2489 4918/4918/4918
f 641/641/641 4918/4918/4918 2392/2392/2392
f 2489/2489/2489 1129/1129/1129 3520/3520/3520
f 2489/2489/2489 3520/3520/3520 4918/4918/4918
f 4918/4918/4918 3520/3520/3520 1130/1130/1130
f 4918/4918/4918 1130/1130/1130 2491/2491/2491
f 2392/2392/2392 4918/4918/4918 2491/2491/2491
f 2392/2392/2392 2491/2491/2491 644/644/644
f 644/644/644 2491/2491/2491 4919/4919/4919
f 644/644/644 4919/4919/4919 2387/2387/2387
f 2491/2491/2491 1130/1130/1130 3521/3521/3521
f 2491/2491/2491 3521/3521/3521 4919/4919/4919
f 4919/4919/4919 3521/3521/3521 1131/1131/1131
f 4919/4919/4919 1131/1131/1131 2493/2493/2493
f 2387/2387/2387 4919/4919/4919 2493/2493/2493
f 2387/2387/2387 2493/2493/2493 647/647/647
f 647/647/647 2493/2493/2493 4920/4920/4920
f 647/647/647 4920/4920/4920 2382/2382/2382
f 2493/2493/2493 1131/1131/1131 3522/3522/3522
f 2493/2493/2493 3522/3522/3522 4920/4920/4920
f 4920/4920/4920 3522/3522/3522 1132/1132/1132
f 4920/4920/4920 1132/1132/1132 2495/2495/2495
f 2382/2382/2382 4920/4920/4920 2495/2495/2495
f 2382/2382/2382 2495/2495/2495 650/650/650
f 650/650/650 2495/2495/2495 4921/4921/4921
f 650/650/650 4921/4921/4921 2377/2377/2377
f 2495/2495/2495 1132/1132/1132 3523/3523/3523
f 2495/2495/2495 3523/3523/3523 4921/4921/4921
f 4921/4921/4921 3523/3523/3523 1133/1133/1133
f 4921/4921/4921 1133/1133/1133 2497/2497/2497
f 2377/2377/2377 4921/4921/4921 2497/2497/2497
f 2377/2377/2377 2497/2497/2497 653/653/653
f 653/653/653 2497/2497/2497 4922/4922/4922
f 653/653/653 4922/4922/4922 2372/2372/2372
f 2497/2497/2497 1133/1133/1133 3524/3524/3524
f 2497/2497/2497 3524/3524/3524 4922/4922/4922
f 4922/4922/4922 3524/3524/3524 1134/1134/1134
f 4922/4922/4922 1134/1134/1134 2499/2499/2499
f 2372/2372/2372 4922/4922/4922 2499/2499/2499
f 2372/2372/2372 2499/2499/2499 656/656/656
f 656/656/656 2499/2499/2499 4923/4923/4923
f 656/656/656 4923/4923/4923 2367/2367/2367
f 2499/2499/2499 1134/1134/1134 3525/3525/3525
f 2499/2499/2499 3525/3525/3525 4923/4923/4923
f 4923/4923/4923 3525/3525/3525 1135/1135/1135
f 4923/4923/4923 1135/1135/1135 2501/2501/2501
f 2367/2367/2367 4923/4923/4923 2501/2501/2501
f 2367/2367/2367 2501/2501/2501 659/659/659
f 659/659/659 2501/2501/2501 4924/4924/4924
f 659/659/659 4924/4924/4924 2362/2362/2362
f 2501/2501/2501 1135/1135/1135 3526/3526/3526
f 2501/2501/2501 3526/3526/3526 4924/4924/4924
f 4924/4924/4924 3526/3526/3526 1136/1136/1136
f 4924/4924/4924 1136/1136/1136 2503/2503/2503
f 2362/2362/2362 4924/4924/4924 2503/2503/2503
f 2362/2362/2362 2503/2503/2503 662/662/662
f 662/662/662 2503/2503/2503 4925/4925/4925
f 662/662/662 4925/4925/4925 2357/2357/2357
f 2503/2503/2503 1136/1136/1136 3527/3527/3527
f 2503/2503/2503 3527/3527/3527 4925/4925/4925
f 4925/4925/4925 3527/3527/3527 1137/1137/1137
f 4925/4925/4925 1137/1137/1137 2505/2505/2505
f 2357/2357/2357 4925/4925/4925 2505/2505/2505
f 2357/2357/2357 2505/2505/2505 665/665/665
f 665/665/665 2505/2505/2505 4926/4926/4926
f 665/665/665 4926/4926/4926 2352/2352/2352
f 2505/2505/2505 1137/1137/1137 3528/3528/3528
f 2505/2505/2505 3528/3528/3528 4926/4926/4926
f 4926/4926/4926 3528/3528/3528 1138/1138/1138
f 4926/4926/4926 1138/1138/1138 2507/2507/2507
f 2352/2352/2352 4926/4926/4926 2507/2507/2507
f 2352/2352/2352 2507/2507/2507 668/668/668
f 668/668/668 2507/2507/2507 4927/4927/4927
f 668/668/668 4927/4927/4927 2347/2347/2347
f 2507/2507/2507 1138/1138/1138 3529/3529/3529
f 2507/2507/2507 3529/3529/3529 4927/4927/4927
f 4927/4927/4927 3529/3529/3529 1114/1114/1114
f 4927/4927/4927 1114/1114/1114 3482/3482/3482
f 2347/2347/2347 4927/4927/4927 3482/3482/3482
f 2347/2347/2347 3482/3482/3482 671/671/671
f 605/605/605 2465/2465/2465 4928/4928/4928
f 605/605/605 4928/4928/4928 2452/2452/2452
f 2465/2465/2465 1117/1117/1117 3530/3530/3530
f 2465/2465/2465 3530/3530/3530 4928/4928/4928
f 4928/4928/4928 3530/3530/3530 1118/1118/1118
f 4928/4928/4928 1118/1118/1118 2467/2467/2467
f 2452/2452/2452 4928/4928/4928 2467/2467/2467
f 2452/2452/2452 2467/2467/2467 608/608/608
f 336/336/336 3668/3668/3668 4929/4929/4929
f 336/336/336 4929/4929/4929 1861/1861/1861
f 3668/3668/3668 1176/1176/1176 3535/3535/3535
f 3668/3668/3668 3535/3535/3535 4929/4929/4929
f 4929/4929/4929 3535/3535/3535 1179/1179/1179
f 4929/4929/4929 1179/1179/1179 3669/3669/3669
f 1861/1861/1861 4929/4929/4929 3669/3669/3669
f 1861/1861/1861 3669/3669/3669 337/337/337
f 1090/1090/1090 1751/1751/1751 4930/4930/4930
f 1090/1090/1090 4930/4930/4930 3458/3458/3458
f 1751/1751/1751 1142/1142/1142 3651/3651/3651
f 1751/1751/1751 3651/3651/3651 4930/4930/4930
f 4930/4930/4930 3651/3651/3651 1145/1145/1145
f 4930/4930/4930 1145/1145/1145 3602/3602/3602
f 3458/3458/3458 4930/4930/4930 3602/3602/3602
f 3458/3458/3458 3602/3602/3602 1091/1091/1091
f 335/335/335 3667/3667/3667 4931/4931/4931
f 335/335/335 4931/4931/4931 1860/1860/1860
f 3667/3667/3667 1173/1173/1173 3537/3537/3537
f 3667/3667/3667 3537/3537/3537 4931/4931/4931
f 4931/4931/4931 3537/3537/3537 1176/1176/1176
f 4931/4931/4931 1176/1176/1176 3668/3668/3668
f 1860/1860/1860 4931/4931/4931 3668/3668/3668
f 1860/1860/1860 3668/3668/3668 336/336/336
f 335/335/335 1859/1859/1859 4932/4932/4932
f 335/335/335 4932/4932/4932 3667/3667/3667
f 1859/1859/1859 334/334/334 3666/3666/3666
f 1859/1859/1859 3666/3666/3666 4932/4932/4932
f 4932/4932/4932 3666/3666/3666 1170/1170/1170
f 4932/4932/4932 1170/1170/1170 3539/3539/3539
f 3667/3667/3667 4932/4932/4932 3539/3539/3539
f 3667/3667/3667 3539/3539/3539 1173/1173/1173
f 333/333/333 3665/3665/3665 4933/4933/4933
f 333/333/333 4933/4933/4933 1858/1858/1858
f 3665/3665/3665 1167/1167/1167 3541/3541/3541
f 3665/3665/3665 3541/3541/3541 4933/4933/4933
f 4933/4933/4933 3541/3541/3541 1170/1170/1170
f 4933/4933/4933 1170/1170/1170 3666/3666/3666
f 1858/1858/1858 4933/4933/4933 3666/3666/3666
f 1858/1858/1858 3666/3666/3666 334/334/334
f 333/333/333 1857/1857/1857 4934/4934/4934
f 333/333/333 4934/4934/4934 3665/3665/3665
f 1857/1857/1857 332/332/332 3664/3664/3664
f 1857/1857/1857 3664/3664/3664 4934/4934/4934
f 4934/4934/4934 3664/3664/3664 1164/1164/1164
f 4934/4934/4934 1164/1164/1164 3545/3545/3545
f 3665/3665/3665 4934/4934/4934 3545/3545/3545
f 3665/3665/3665 3545/3545/3545 1167/1167/1167
f 347/347/347 1870/1870/1870 4935/4935/4935
f 347/347/347 4935/4935/4935 3657/3657/3657
f 1870/1870/1870 345/345/345 3677/3677/3677
f 1870/1870/1870 3677/3677/3677 4935/4935/4935
f 4935/4935/4935 3677/3677/3677 1211/1211/1211
f 4935/4935/4935 1211/1211/1211 3547/3547/3547
f 3657/3657/3657 4935/4935/4935 3547/3547/3547
f 3657/3657/3657 3547/3547/3547 1209/1209/1209
f 332/332/332 1856/1856/1856 4936/4936/4936
f 332/332/332 4936/4936/4936 3664/3664/3664
f 1856/1856/1856 331/331/331 3663/3663/3663
f 1856/1856/1856 3663/3663/3663 4936/4936/4936
f 4936/4936/4936 3663/3663/3663 1161/1161/1161
f 4936/4936/4936 1161/1161/1161 3549/3549/3549
f 3664/3664/3664 4936/4936/4936 3549/3549/3549
f 3664/3664/3664 3549/3549/3549 1164/1164/1164
f 345/345/345 1869/1869/1869 4937/4937/4937
f 345/345/345 4937/4937/4937 3677/3677/3677
f 1869/1869/1869 344/344/344 3676/3676/3676
f 1869/1869/1869 3676/3676/3676 4937/4937/4937
f 4937/4937/4937 3676/3676/3676 1200/1200/1200
f 4937/4937/4937 1200/1200/1200 3551/3551/3551
f 3677/3677/3677 4937/4937/4937 3551/3551/3551
f 3677/3677/3677 3551/3551/3551 1211/1211/1211
f 331/331/331 1855/1855/1855 4938/4938/4938
f 331/331/331 4938/4938/4938 3663/3663/3663
f 1855/1855/1855 330/330/330 3662/3662/3662
f 1855/1855/1855 3662/3662/3662 4938/4938/4938
f 4938/4938/4938 3662/3662/3662 1158/1158/1158
f 4938/4938/4938 1158/1158/1158 3553/3553/3553
f 3663/3663/3663 4938/4938/4938 3553/3553/3553
f 3663/3663/3663 3553/3553/3553 1161/1161/1161
f 344/344/344 1868/1868/1868 4939/4939/4939
f 344/344/344 4939/4939/4939 3676/3676/3676
f 1868/1868/1868 343/343/343 3675/3675/3675
f 1868/1868/1868 3675/3675/3675 4939/4939/4939
f 4939/4939/4939 3675/3675/3675 1197/1197/1197
f 4939/4939/4939 1197/1197/1197 3555/3555/3555
f 3676/3676/3676 4939/4939/4939 3555/3555/3555
f 3676/3676/3676 3555/3555/3555 1200/1200/1200
f 330/330/330 1854/1854/1854 4940/4940/4940
f 330/330/330 4940/4940/4940 3662/3662/3662
f 1854/1854/1854 329/329/329 3661/3661/3661
f 1854/1854/1854 3661/3661/3661 4940/4940/4940
f 4940/4940/4940 3661/3661/3661 1155/1155/1155
f 4940/4940/4940 1155/1155/1155 3557/3557/3557
f 3662/3662/3662 4940/4940/4940 3557/3557/3557
f 3662/3662/3662 3557/3557/3557 1158/1158/1158
f 343/343/343 1867/1867/1867 4941/4941/4941
f 343/343/343 4941/4941/4941 3675/3675/3675
f 1867/1867/1867 342/342/342 3674/3674/3674
f 1867/1867/1867 3674/3674/3674 4941/4941/4941
f 4941/4941/4941 3674/3674/3674 1194/1194/1194
f 4941/4941/4941 1194/1194/1194 3559/3559/3559
f 3675/3675/3675 4941/4941/4941 3559/3559/3559
f 3675/3675/3675 3559/3559/3559 1197/1197/1197
f 329/329/329 1853/1853/1853 4942/4942/4942
f 329/329/329 4942/4942/4942 3661/3661/3661
f 1853/1853/1853 328/328/328 3660/3660/3660
f 1853/1853/1853 3660/3660/3660 4942/4942/4942
f 4942/4942/4942 3660/3660/3660 1152/1152/1152
f 4942/4942/4942 1152/1152/1152 3561/3561/3561
f 3661/3661/3661 4942/4942/4942 3561/3561/3561
f 3661/3661/3661 3561/3561/3561 1155/1155/1155
f 342/342/342 1866/1866/1866 4943/4943/4943
f 342/342/342 4943/4943/4943 3674/3674/3674
f 1866/1866/1866 341/341/341 3673/3673/3673
f 1866/1866/1866 3673/3673/3673 4943/4943/4943
f 4943/4943/4943 3673/3673/3673 1191/1191/1191
f 4943/4943/4943 1191/1191/1191 3563/3563/3563
f 3674/3674/3674 4943/4943/4943 3563/3563/3563
f 3674/3674/3674 3563/3563/3563 1194/1194/1194
f 327/327/327 3659/3659/3659 4944/4944/4944
f 327/327/327 4944/4944/4944 1852/1852/1852
f 3659/3659/3659 1149/1149/1149 3565/3565/3565
f 3659/3659/3659 3565/3565/3565 4944/4944/4944
f 4944/4944/4944 3565/3565/3565 1152/1152/1152
f 4944/4944/4944 1152/1152/1152 3660/3660/3660
f 1852/1852/1852 4944/4944/4944 3660/3660/3660
f 1852/1852/1852 3660/3660/3660 328/328/328
f 341/341/341 1865/1865/1865 4945/4945/4945
f 341/341/341 4945/4945/4945 3673/3673/3673
f 1865/1865/1865 340/340/340 3672/3672/3672
f 1865/1865/1865 3672/3672/3672 4945/4945/4945
f 4945/4945/4945 3672/3672/3672 1188/1188/1188
f 4945/4945/4945 1188/1188/1188 3567/3567/3567
f 3673/3673/3673 4945/4945/4945 3567/3567/3567
f 3673/3673/3673 3567/3567/3567 1191/1191/1191
f 327/327/327 1851/1851/1851 4946/4946/4946
f 327/327/327 4946/4946/4946 3659/3659/3659
f 1851/1851/1851 326/326/326 3658/3658/3658
f 1851/1851/1851 3658/3658/3658 4946/4946/4946
f 4946/4946/4946 3658/3658/3658 1146/1146/1146
f 4946/4946/4946 1146/1146/1146 3569/3569/3569
f 3659/3659/3659 4946/4946/4946 3569/3569/3569
f 3659/3659/3659 3569/3569/3569 1149/1149/1149
f 339/339/339 3671/3671/3671 4947/4947/4947
f 339/339/339 4947/4947/4947 1864/1864/1864
f 3671/3671/3671 1185/1185/1185 3571/3571/3571
f 3671/3671/3671 3571/3571/3571 4947/4947/4947
f 4947/4947/4947 3571/3571/3571 1188/1188/1188
f 4947/4947/4947 1188/1188/1188 3672/3672/3672
f 1864/1864/1864 4947/4947/4947 3672/3672/3672
f 1864/1864/1864 3672/3672/3672 340/340/340
f 326/326/326 1850/1850/1850 4948/4948/4948
f 326/326/326 4948/4948/4948 3658/3658/3658
f 1850/1850/1850 325/325/325 3656/3656/3656
f 1850/1850/1850 3656/3656/3656 4948/4948/4948
f 4948/4948/4948 3656/3656/3656 1143/1143/1143
f 4948/4948/4948 1143/1143/1143 3573/3573/3573
f 3658/3658/3658 4948/4948/4948 3573/3573/3573
f 3658/3658/3658 3573/3573/3573 1146/1146/1146
f 338/338/338 3670/3670/3670 4949/4949/4949
f 338/338/338 4949/4949/4949 1863/1863/1863
f 3670/3670/3670 1182/1182/1182 3575/3575/3575
f 3670/3670/3670 3575/3575/3575 4949/4949/4949
f 4949/4949/4949 3575/3575/3575 1185/1185/1185
f 4949/4949/4949 1185/1185/1185 3671/3671/3671
f 1863/1863/1863 4949/4949/4949 3671/3671/3671
f 1863/1863/1863 3671/3671/3671 339/339/339
f 324/324/324 3653/3653/3653 4950/4950/4950
f 324/324/324 4950/4950/4950 1849/1849/1849
f 3653/3653/3653 1139/1139/1139 3577/3577/3577
f 3653/3653/3653 3577/3577/3577 4950/4950/4950
f 4950/4950/4950 3577/3577/3577 1143/1143/1143
f 4950/4950/4950 1143/1143/1143 3656/3656/3656
f 1849/1849/1849 4950/4950/4950 3656/3656/3656
f 1849/1849/1849 3656/3656/3656 325/325/325
f 337/337/337 3669/3669/3669 4951/4951/4951
f 337/337/337 4951/4951/4951 1862/1862/1862
f 3669/3669/3669 1179/1179/1179 3531/3531/3531
f 3669/3669/3669 3531/3531/3531 4951/4951/4951
f 4951/4951/4951 3531/3531/3531 1182/1182/1182
f 4951/4951/4951 1182/1182/1182 3670/3670/3670
f 1862/1862/1862 4951/4951/4951 3670/3670/3670
f 1862/1862/1862 3670/3670/3670 338/338/338
f 74/74/74 1288/1288/1288 4952/4952/4952
f 74/74/74 4952/4952/4952 1361/1361/1361
f 1288/1288/1288 50/50/50 1312/1312/1312
f 1288/1288/1288 1312/1312/1312 4952/4952/4952
f 4952/4952/4952 1312/1312/1312 75/75/75
f 4952/4952/4952 75/75/75 1385/1385/1385
f 1361/1361/1361 4952/4952/4952 1385/1385/1385
f 1361/1361/1361 1385/1385/1385 99/99/99
f 1038/1038/1038 3679/3679/3679 4953/4953/4953
f 1038/1038/1038 4953/4953/4953 3261/3261/3261
f 3261/3261/3261 4953/4953/4953 3213/3213/3213
f 3261/3261/3261 3213/3213/3213 1014/1014/1014
f 1014/1014/1014 3213/3213/3213 4954/4954/4954
f 1014/1014/1014 4954/4954/4954 3260/3260/3260
f 3260/3260/3260 4954/4954/4954 3214/3214/3214
f 3260/3260/3260 3214/3214/3214 1015/1015/1015
f 1015/1015/1015 3214/3214/3214 4955/4955/4955
f 1015/1015/1015 4955/4955/4955 3259/3259/3259
f 3259/3259/3259 4955/4955/4955 3215/3215/3215
f 3259/3259/3259 3215/3215/3215 1016/1016/1016
f 1016/1016/1016 3215/3215/3215 4956/4956/4956
f 1016/1016/1016 4956/4956/4956 3258/3258/3258
f 3258/3258/3258 4956/4956/4956 3216/3216/3216
f 3258/3258/3258 3216/3216/3216 1017/1017/1017
f 1017/1017/1017 3216/3216/3216 4957/4957/4957
f 1017/1017/1017 4957/4957/4957 3257/3257/3257
f 3257/3257/3257 4957/4957/4957 3217/3217/3217
f 3257/3257/3257 3217/3217/3217 1018/1018/1018
f 1018/1018/1018 3217/3217/3217 4958/4958/4958
f 1018/1018/1018 4958/4958/4958 3256/3256/3256
f 3256/3256/3256 4958/4958/4958 3218/3218/3218
f 3256/3256/3256 3218/3218/3218 1019/1019/1019
f 1019/1019/1019 3218/3218/3218 4959/4959/4959
f 1019/1019/1019 4959/4959/4959 3255/3255/3255
f 3255/3255/3255 4959/4959/4959 3219/3219/3219
f 3255/3255/3255 3219/3219/3219 1020/1020/1020
f 1020/1020/1020 3219/3219/3219 4960/4960/4960
f 1020/1020/1020 4960/4960/4960 3254/3254/3254
f 3254/3254/3254 4960/4960/4960 3220/3220/3220
f 3254/3254/3254 3220/3220/3220 1021/1021/1021
f 1021/1021/1021 3220/3220/3220 4961/4961/4961
f 1021/1021/1021 4961/4961/4961 3253/3253/3253
f 3253/3253/3253 4961/4961/4961 3221/3221/3221
f 3253/3253/3253 3221/3221/3221 1022/1022/1022
f 1022/1022/1022 3221/3221/3221 4962/4962/4962
f 1022/1022/1022 4962/4962/4962 3252/3252/3252
f 3252/3252/3252 4962/4962/4962 3222/3222/3222
f 3252/3252/3252 3222/3222/3222 1023/1023/1023
f 1023/1023/1023 3222/3222/3222 4963/4963/4963
f 1023/1023/1023 4963/4963/4963 3251/3251/3251
f 3251/3251/3251 4963/4963/4963 3223/3223/3223
f 3251/3251/3251 3223/3223/3223 1024/1024/1024
f 1024/1024/1024 3223/3223/3223 4964/4964/4964
f 1024/1024/1024 4964/4964/4964 3250/3250/3250
f 3250/3250/3250 4964/4964/4964 3224/3224/3224
f 3250/3250/3250 3224/3224/3224 1025/1025/1025
f 1025/1025/1025 3224/3224/3224 4965/4965/4965
f 1025/1025/1025 4965/4965/4965 3249/3249/3249
f 3249/3249/3249 4965/4965/4965 3225/3225/3225
f 3249/3249/3249 3225/3225/3225 1026/1026/1026
f 1026/1026/1026 3225/3225/3225 4966/4966/4966
f 1026/1026/1026 4966/4966/4966 3248/3248/3248
f 3248/3248/3248 4966/4966/4966 3226/3226/3226
f 3248/3248/3248 3226/3226/3226 1027/1027/1027
f 1027/1027/1027 3226/3226/3226 4967/4967/4967
f 1027/1027/1027 4967/4967/4967 3247/3247/3247
f 3247/3247/3247 4967/4967/4967 3227/3227/3227
f 3247/3247/3247 3227/3227/3227 1028/1028/1028
f 1028/1028/1028 3227/3227/3227 4968/4968/4968
f 1028/1028/1028 4968/4968/4968 3246/3246/3246
f 3246/3246/3246 4968/4968/4968 3228/3228/3228
f 3246/3246/3246 3228/3228/3228 1029/1029/1029
f 1029/1029/1029 3228/3228/3228 4969/4969/4969
f 1029/1029/1029 4969/4969/4969 3245/3245/3245
f 3245/3245/3245 4969/4969/4969 3229/3229/3229
f 3245/3245/3245 3229/3229/3229 1030/1030/1030
f 1030/1030/1030 3229/3229/3229 4970/4970/4970
f 1030/1030/1030 4970/4970/4970 3244/3244/3244
f 3244/3244/3244 4970/4970/4970 3230/3230/3230
f 3244/3244/3244 3230/3230/3230 1031/1031/1031
f 1031/1031/1031 3230/3230/3230 4971/4971/4971
f 1031/1031/1031 4971/4971/4971 3243/3243/3243
f 3243/3243/3243 4971/4971/4971 3231/3231/3231
f 3243/3243/3243 3231/3231/3231 1032/1032/1032
f 1032/1032/1032 3231/3231/3231 4972/4972/4972
f 1032/1032/1032 4972/4972/4972 3242/3242/3242
f 3242/3242/3242 4972/4972/4972 3232/3232/3232
f 3242/3242/3242 3232/3232/3232 1033/1033/1033
f 1033/1033/1033 3232/3232/3232 4973/4973/4973
f 1033/1033/1033 4973/4973/4973 3241/3241/3241
f 3241/3241/3241 4973/4973/4973 3233/3233/3233
f 3241/3241/3241 3233/3233/3233 1034/1034/1034
f 1034/1034/1034 3233/3233/3233 4974/4974/4974
f 1034/1034/1034 4974/4974/4974 3240/3240/3240
f 3240/3240/3240 4974/4974/4974 3234/3234/3234
f 3240/3240/3240 3234/3234/3234 1035/1035/1035
f 1035/1035/1035 3234/3234/3234 4975/4975/4975
f 1035/1035/1035 4975/4975/4975 3239/3239/3239
f 3239/3239/3239 4975/4975/4975 3235/3235/3235
f 3239/3239/3239 3235/3235/3235 1036/1036/1036
f 1036/1036/1036 3235/3235/3235 4976/4976/4976
f 1036/1036/1036 4976/4976/4976 3238/3238/3238
f 3238/3238/3238 4976/4976/4976 3678/3678/3678
f 3238/3238/3238 3678/3678/3678 1037/1037/1037
f 1941/1941/1941 1236/1236/1236 3705/3705/3705
f 1941/1941/1941 3705/3705/3705 4977/4977/4977
f 4977/4977/4977 3705/3705/3705 1237/1237/1237
f 4977/4977/4977 1237/1237/1237 3703/3703/3703
f 1940/1940/1940 1235/1235/1235 3706/3706/3706
f 1940/1940/1940 3706/3706/3706 4978/4978/4978
f 4978/4978/4978 3706/3706/3706 1236/1236/1236
f 4978/4978/4978 1236/1236/1236 1941/1941/1941
f 1939/1939/1939 1234/1234/1234 3707/3707/3707
f 1939/1939/1939 3707/3707/3707 4979/4979/4979
f 4979/4979/4979 3707/3707/3707 1235/1235/1235
f 4979/4979/4979 1235/1235/1235 1940/1940/1940
f 1938/1938/1938 1233/1233/1233 3708/3708/3708
f 1938/1938/1938 3708/3708/3708 4980/4980/4980
f 4980/4980/4980 3708/3708/3708 1234/1234/1234
f 4980/4980/4980 1234/1234/1234 1939/1939/1939
f 1937/1937/1937 1232/1232/1232 3709/3709/3709
f 1937/1937/1937 3709/3709/3709 4981/4981/4981
f 4981/4981/4981 3709/3709/3709 1233/1233/1233
f 4981/4981/4981 1233/1233/1233 1938/1938/1938
f 1936/1936/1936 1231/1231/1231 3710/3710/3710
f 1936/1936/1936 3710/3710/3710 4982/4982/4982
f 4982/4982/4982 3710/3710/3710 1232/1232/1232
f 4982/4982/4982 1232/1232/1232 1937/1937/1937
f 1935/1935/1935 1230/1230/1230 3711/3711/3711
f 1935/1935/1935 3711/3711/3711 4983/4983/4983
f 4983/4983/4983 3711/3711/3711 1231/1231/1231
f 4983/4983/4983 1231/1231/1231 1936/1936/1936
f 1934/1934/1934 1229/1229/1229 3712/3712/3712
f 1934/1934/1934 3712/3712/3712 4984/4984/4984
f 4984/4984/4984 3712/3712/3712 1230/1230/1230
f 4984/4984/4984 1230/1230/1230 1935/1935/1935
f 1933/1933/1933 1228/1228/1228 3713/3713/3713
f 1933/1933/1933 3713/3713/3713 4985/4985/4985
f 4985/4985/4985 3713/3713/3713 1229/1229/1229
f 4985/4985/4985 1229/1229/1229 1934/1934/1934
f 1932/1932/1932 1227/1227/1227 3714/3714/3714
f 1932/1932/1932 3714/3714/3714 4986/4986/4986
f 4986/4986/4986 3714/3714/3714 1228/1228/1228
f 4986/4986/4986 1228/1228/1228 1933/1933/1933
f 1931/1931/1931 1226/1226/1226 3715/3715/3715
f 1931/1931/1931 3715/3715/3715 4987/4987/4987
f 4987/4987/4987 3715/3715/3715 1227/1227/1227
f 4987/4987/4987 1227/1227/1227 1932/1932/1932
f 1930/1930/1930 1225/1225/1225 3716/3716/3716
f 1930/1930/1930 3716/3716/3716 4988/4988/4988
f 4988/4988/4988 3716/3716/3716 1226/1226/1226
f 4988/4988/4988 1226/1226/1226 1931/1931/1931
f 1929/1929/1929 1224/1224/1224 3717/3717/3717
f 1929/1929/1929 3717/3717/3717 4989/4989/4989
f 4989/4989/4989 3717/3717/3717 1225/1225/1225
f 4989/4989/4989 1225/1225/1225 1930/1930/1930
f 1928/1928/1928 1223/1223/1223 3718/3718/3718
f 1928/1928/1928 3718/3718/3718 4990/4990/4990
f 4990/4990/4990 3718/3718/3718 1224/1224/1224
f 4990/4990/4990 1224/1224/1224 1929/1929/1929
f 1927/1927/1927 1222/1222/1222 3719/3719/3719
f 1927/1927/1927 3719/3719/3719 4991/4991/4991
f 4991/4991/4991 3719/3719/3719 1223/1223/1223
f 4991/4991/4991 1223/1223/1223 1928/1928/1928
f 1926/1926/1926 1221/1221/1221 3720/3720/3720
f 1926/1926/1926 3720/3720/3720 4992/4992/4992
f 4992/4992/4992 3720/3720/3720 1222/1222/1222
f 4992/4992/4992 1222/1222/1222 1927/1927/1927
f 1925/1925/1925 1220/1220/1220 3721/3721/3721
f 1925/1925/1925 3721/3721/3721 4993/4993/4993
f 4993/4993/4993 3721/3721/3721 1221/1221/1221
f 4993/4993/4993 1221/1221/1221 1926/1926/1926
f 1924/1924/1924 1219/1219/1219 3722/3722/3722
f 1924/1924/1924 3722/3722/3722 4994/4994/4994
f 4994/4994/4994 3722/3722/3722 1220/1220/1220
f 4994/4994/4994 1220/1220/1220 1925/1925/1925
f 1923/1923/1923 1218/1218/1218 3723/3723/3723
f 1923/1923/1923 3723/3723/3723 4995/4995/4995
f 4995/4995/4995 3723/3723/3723 1219/1219/1219
f 4995/4995/4995 1219/1219/1219 1924/1924/1924
f 1922/1922/1922 1217/1217/1217 3724/3724/3724
f 1922/1922/1922 3724/3724/3724 4996/4996/4996
f 4996/4996/4996 3724/3724/3724 1218/1218/1218
f 4996/4996/4996 1218/1218/1218 1923/1923/1923
f 1921/1921/1921 1216/1216/1216 3725/3725/3725
f 1921/1921/1921 3725/3725/3725 4997/4997/4997
f 4997/4997/4997 3725/3725/3725 1217/1217/1217
f 4997/4997/4997 1217/1217/1217 1922/1922/1922
f 1920/1920/1920 1215/1215/1215 3726/3726/3726
f 1920/1920/1920 3726/3726/3726 4998/4998/4998
f 4998/4998/4998 3726/3726/3726 1216/1216/1216
f 4998/4998/4998 1216/1216/1216 1921/1921/1921
f 1919/1919/1919 1214/1214/1214 3727/3727/3727
f 1919/1919/1919 3727/3727/3727 4999/4999/4999
f 4999/4999/4999 3727/3727/3727 1215/1215/1215
f 4999/4999/4999 1215/1215/1215 1920/1920/1920
f 3704/3704/3704 1238/1238/1238 3728/3728/3728
f 3704/3704/3704 3728/3728/3728 5000/5000/5000
f 5000/5000/5000 3728/3728/3728 1214/1214/1214
f 5000/5000/5000 1214/1214/1214 1919/1919/1919
f 572/572/572 2463/2463/2463 5001/5001/5001
f 572/572/572 5001/5001/5001 2312/2312/2312
f 2463/2463/2463 601/601/601 2458/2458/2458
f 2463/2463/2463 2458/2458/2458 5001/5001/5001
f 5001/5001/5001 2458/2458/2458 604/604/604
f 5001/5001/5001 604/604/604 2464/2464/2464
f 2312/2312/2312 5001/5001/5001 2464/2464/2464
f 2312/2312/2312 2464/2464/2464 548/548/548
f 959/959/959 3075/3075/3075 5002/5002/5002
f 959/959/959 5002/5002/5002 3732/3732/3732
f 960/960/960 3733/3733/3733 5002/5002/5002
f 960/960/960 5002/5002/5002 3075/3075/3075
f 1239/1239/1239 3732/3732/3732 5002/5002/5002
f 1239/1239/1239 5002/5002/5002 3733/3733/3733
f 944/944/944 3090/3090/3090 5003/5003/5003
f 944/944/944 5003/5003/5003 3734/3734/3734
f 945/945/945 3735/3735/3735 5003/5003/5003
f 945/945/945 5003/5003/5003 3090/3090/3090
f 1239/1239/1239 3734/3734/3734 5003/5003/5003
f 1239/1239/1239 5003/5003/5003 3735/3735/3735
f 951/951/951 3083/3083/3083 5004/5004/5004
f 951/951/951 5004/5004/5004 3736/3736/3736
f 952/952/952 3730/3730/3730 5004/5004/5004
f 952/952/952 5004/5004/5004 3083/3083/3083
f 1239/1239/1239 3736/3736/3736 5004/5004/5004
f 1239/1239/1239 5004/5004/5004 3730/3730/3730
f 958/958/958 3076/3076/3076 5005/5005/5005
f 958/958/958 5005/5005/5005 3737/3737/3737
f 959/959/959 3732/3732/3732 5005/5005/5005
f 959/959/959 5005/5005/5005 3076/3076/3076
f 1239/1239/1239 3737/3737/3737 5005/5005/5005
f 1239/1239/1239 5005/5005/5005 3732/3732/3732
f 942/942/942 3091/3091/3091 5006/5006/5006
f 942/942/942 5006/5006/5006 3729/3729/3729
f 944/944/944 3734/3734/3734 5006/5006/5006
f 944/944/944 5006/5006/5006 3091/3091/3091
f 1239/1239/1239 3729/3729/3729 5006/5006/5006
f 1239/1239/1239 5006/5006/5006 3734/3734/3734
f 965/965/965 3069/3069/3069 5007/5007/5007
f 965/965/965 5007/5007/5007 3738/3738/3738
f 943/943/943 3739/3739/3739 5007/5007/5007
f 943/943/943 5007/5007/5007 3069/3069/3069
f 1239/1239/1239 3738/3738/3738 5007/5007/5007
f 1239/1239/1239 5007/5007/5007 3739/3739/3739
f 950/950/950 3084/3084/3084 5008/5008/5008
f 950/950/950 5008/5008/5008 3740/3740/3740
f 951/951/951 3736/3736/3736 5008/5008/5008
f 951/951/951 5008/5008/5008 3084/3084/3084
f 1239/1239/1239 3740/3740/3740 5008/5008/5008
f 1239/1239/1239 5008/5008/5008 3736/3736/3736
f 957/957/957 3077/3077/3077 5009/5009/5009
f 957/957/957 5009/5009/5009 3741/3741/3741
f 958/958/958 3737/3737/3737 5009/5009/5009
f 958/958/958 5009/5009/5009 3077/3077/3077
f 1239/1239/1239 3741/3741/3741 5009/5009/5009
f 1239/1239/1239 5009/5009/5009 3737/3737/3737
f 943/943/943 3092/3092/3092 5010/5010/5010
f 943/943/943 5010/5010/5010 3739/3739/3739
f 942/942/942 3729/3729/3729 5010/5010/5010
f 942/942/942 5010/5010/5010 3092/3092/3092
f 1239/1239/1239 3739/3739/3739 5010/5010/5010
f 1239/1239/1239 5010/5010/5010 3729/3729/3729
f 964/964/964 3070/3070/3070 5011/5011/5011
f 964/964/964 5011/5011/5011 3742/3742/3742
f 965/965/965 3738/3738/3738 5011/5011/5011
f 965/965/965 5011/5011/5011 3070/3070/3070
f 1239/1239/1239 3742/3742/3742 5011/5011/5011
f 1239/1239/1239 5011/5011/5011 3738/3738/3738
f 949/949/949 3085/3085/3085 5012/5012/5012
f 949/949/949 5012/5012/5012 3743/3743/3743
f 950/950/950 3740/3740/3740 5012/5012/5012
f 950/950/950 5012/5012/5012 3085/3085/3085
f 1239/1239/1239 3743/3743/3743 5012/5012/5012
f 1239/1239/1239 5012/5012/5012 3740/3740/3740
f 956/956/956 3078/3078/3078 5013/5013/5013
f 956/956/956 5013/5013/5013 3744/3744/3744
f 957/957/957 3741/3741/3741 5013/5013/5013
f 957/957/957 5013/5013/5013 3078/3078/3078
f 1239/1239/1239 3744/3744/3744 5013/5013/5013
f 1239/1239/1239 5013/5013/5013 3741/3741/3741
f 963/963/963 3071/3071/3071 5014/5014/5014
f 963/963/963 5014/5014/5014 3745/3745/3745
f 964/964/964 3742/3742/3742 5014/5014/5014
f 964/964/964 5014/5014/5014 3071/3071/3071
f 1239/1239/1239 3745/3745/3745 5014/5014/5014
f 1239/1239/1239 5014/5014/5014 3742/3742/3742
f 948/948/948 3086/3086/3086 5015/5015/5015
f 948/948/948 5015/5015/5015 3746/3746/3746
f 949/949/949 3743/3743/3743 5015/5015/5015
f 949/949/949 5015/5015/5015 3086/3086/3086
f 1239/1239/1239 3746/3746/3746 5015/5015/5015
f 1239/1239/1239 5015/5015/5015 3743/3743/3743
f 955/955/955 3079/3079/3079 5016/5016/5016
f 955/955/955 5016/5016/5016 3747/3747/3747
f 956/956/956 3744/3744/3744 5016/5016/5016
f 956/956/956 5016/5016/5016 3079/3079/3079
f 1239/1239/1239 3747/3747/3747 5016/5016/5016
f 1239/1239/1239 5016/5016/5016 3744/3744/3744
f 962/962/962 3072/3072/3072 5017/5017/5017
f 962/962/962 5017/5017/5017 3748/3748/3748
f 963/963/963 3745/3745/3745 5017/5017/5017
f 963/963/963 5017/5017/5017 3072/3072/3072
f 1239/1239/1239 3748/3748/3748 5017/5017/5017
f 1239/1239/1239 5017/5017/5017 3745/3745/3745
f 947/947/947 3087/3087/3087 5018/5018/5018
f 947/947/947 5018/5018/5018 3749/3749/3749
f 948/948/948 3746/3746/3746 5018/5018/5018
f 948/948/948 5018/5018/5018 3087/3087/3087
f 1239/1239/1239 3749/3749/3749 5018/5018/5018
f 1239/1239/1239 5018/5018/5018 3746/3746/3746
f 954/954/954 3080/3080/3080 5019/5019/5019
f 954/954/954 5019/5019/5019 3750/3750/3750
f 955/955/955 3747/3747/3747 5019/5019/5019
f 955/955/955 5019/5019/5019 3080/3080/3080
f 1239/1239/1239 3750/3750/3750 5019/5019/5019
f 1239/1239/1239 5019/5019/5019 3747/3747/3747
f 961/961/961 3073/3073/3073 5020/5020/5020
f 961/961/961 5020/5020/5020 3751/3751/3751
f 962/962/962 3748/3748/3748 5020/5020/5020
f 962/962/962 5020/5020/5020 3073/3073/3073
f 1239/1239/1239 3751/3751/3751 5020/5020/5020
f 1239/1239/1239 5020/5020/5020 3748/3748/3748
f 946/946/946 3088/3088/3088 5021/5021/5021
f 946/946/946 5021/5021/5021 3752/3752/3752
f 947/947/947 3749/3749/3749 5021/5021/5021
f 947/947/947 5021/5021/5021 3088/3088/3088
f 1239/1239/1239 3752/3752/3752 5021/5021/5021
f 1239/1239/1239 5021/5021/5021 3749/3749/3749
f 953/953/953 3081/3081/3081 5022/5022/5022
f 953/953/953 5022/5022/5022 3731/3731/3731
f 954/954/954 3750/3750/3750 5022/5022/5022
f 954/954/954 5022/5022/5022 3081/3081/3081
f 1239/1239/1239 3731/3731/3731 5022/5022/5022
f 1239/1239/1239 5022/5022/5022 3750/3750/3750
f 960/960/960 3074/3074/3074 5023/5023/5023
f 960/960/960 5023/5023/5023 3733/3733/3733
f 961/961/961 3751/3751/3751 5023/5023/5023
f 961/961/961 5023/5023/5023 3074/3074/3074
f 1239/1239/1239 3733/3733/3733 5023/5023/5023
f 1239/1239/1239 5023/5023/5023 3751/3751/3751
f 945/945/945 3089/3089/3089 5024/5024/5024
f 945/945/945 5024/5024/5024 3735/3735/3735
f 946/946/946 3752/3752/3752 5024/5024/5024
f 946/946/946 5024/5024/5024 3089/3089/3089
f 1239/1239/1239 3735/3735/3735 5024/5024/5024
f 1239/1239/1239 5024/5024/5024 3752/3752/3752
f 1941/1941/1941 4977/4977/4977 4135/4135/4135
f 1941/1941/1941 4135/4135/4135 3354/3354/3354
